method,time,outlet_concentration,mass,budget_mass,raw_mass,mass_rate,transport_rate,dirichlet_source_rate,mass_balance_residual_rate,mass_balance_relative_residual,limiter_mass_change_abs,limiter_mass_residual,min_c,max_c,raw_min_c_before_limiter,raw_max_c_before_limiter,raw_below_zero_before_limiter,raw_above_one_before_limiter
FEM,0.0,0.0,0.03518741987989842,0.03518741987989842,0.03518741987989842,0.0,0.0,0.0,0.0,0.0,0.0,0.0,0.0,1.0,0.0,1.0,0,0
FEM,0.1,4.793695071341128e-07,0.07985165339426001,0.07985165339426001,0.07985165339425998,0.44664233514361557,-0.007004089236951805,0.43963824590666395,-1.1565110906281985e-16,1.2946724925396156e-16,1.820787505690831e-05,0.0,0.0,1.0,-0.020319438738509017,1.0,6,0
FEM,0.2,4.9094060155290545e-06,0.10994018494048993,0.10994018494048996,0.10994018494048993,0.30088531546229924,-0.006966140121793086,0.2939191753405065,-2.3257290204839096e-16,3.8648097812791414e-16,0.0,0.0,1.609565706684415e-06,1.0,1.609565706684415e-06,1.0,0,0
FEM,0.30000000000000004,2.572508812560977e-05,0.13397552682576247,0.13397552682576253,0.13397552682576247,0.24035341885272538,-0.0069294880004476585,0.23342393085227786,-2.53453440001119e-16,5.272515806326443e-16,0.0,2.7755575615628914e-17,1.1629057874497022e-05,1.0,1.1629057874497022e-05,1.0,0,0
FEM,0.4,9.236834569887715e-05,0.1545470257660243,0.1545470257660244,0.1545470257660243,0.20571498940261834,-0.006895049413744828,0.19881993998887376,-2.4367275011973387e-16,5.922581305993842e-16,0.0,-2.7755575615628914e-17,5.067113894328131e-05,1.0,5.067113894328131e-05,1.0,0,0
FEM,0.5,0.0002569569572864453,0.17280893810505463,0.17280893810505474,0.17280893810505463,0.18261912339030323,-0.006863472672081312,0.17575565071822222,-1.5210954268568652e-16,4.1646663246923443e-16,0.0,0.0,0.00016027598328042557,1.0,0.00016027598328042557,1.0,0,0
FEM,0.6000000000000001,0.0005936649861202024,0.1893916528523161,0.18939165285231618,0.1893916528523161,0.16582714747261473,-0.006834395875697995,0.15899275159691653,-1.9346800488516072e-16,5.833423773906225e-16,0.0,2.7755575615628914e-17,0.0004052532974974876,1.0,0.0004052532974974876,1.0,0,0
FEM,0.7000000000000001,0.001191542811101975,0.20468361797848128,0.2046836179784814,0.20468361797848128,0.1529196512616518,-0.006806963637410112,0.146112687624242,-2.0292618436108994e-16,6.63505908779097e-16,0.0,0.0,0.0008688279273541051,1.0,0.0008688279273541051,1.0,0,0
FEM,0.8,0.0021437263259035944,0.21894397450425993,0.21894397450426004,0.21894397450425993,0.14260356525778645,-0.006780163298301953,0.1358234019594844,-2.147862273987765e-16,7.530885606208531e-16,0.0,2.7755575615628914e-17,0.0016427838496608116,1.0,0.0016427838496608116,1.0,0,0
FEM,0.9,0.003536747866632825,0.23235561679593575,0.23235561679593594,0.23235561679593575,0.13411642291675824,-0.006753016861843706,0.12736340605491525,-3.537543264121256e-16,1.3188329912127488e-15,0.0,0.0,0.002816422321374317,1.0,0.002816422321374317,1.0,0,0
FEM,1.0,0.005442506134702473,0.2450531934824384,0.24505319348243867,0.2450531934824384,0.12697576686502648,-0.006724681279691849,0.12025108558533545,-4.2885143454481503e-16,1.6887137015706192e-15,0.0,-5.551115123125783e-17,0.00446744591881243,1.0,0.00446744591881243,1.0,0,0
FEM,1.1,0.007913801268203681,0.2571391537954477,0.257139153795448,0.2571391537954477,0.1208596031300932,-0.006694490928885936,0.11416511220120748,-3.445170524464163e-16,1.4252779403701088e-15,0.0,0.0,0.006656218835714363,1.0,0.006656218835714363,1.0,0,0
FEM,1.2000000000000002,0.010983121252171097,0.26869353729286694,0.26869353729286727,0.26869353729286694,0.11554383497419218,-0.006661964360811146,0.10888187061338138,-3.9612538356791417e-16,1.7141779293390771e-15,0.0,0.0,0.009423430440046936,1.0,0.009423430440046936,1.0,0,0
FEM,1.3,0.014663796787062732,0.27978024876936625,0.27978024876936647,0.27978024876936625,0.11086711476499311,-0.0066267904504117014,0.10424032431458055,-3.3788102906943413e-16,1.5238108693711726e-15,0.0,1.1102230246251565e-16,0.012790418515409727,1.0,0.012790418515409727,1.0,0,0
FEM,1.4000000000000001,0.01895256155924796,0.2904512448701626,0.29045124487016294,0.2904512448701626,0.1067099610079636,-0.0065888043047471236,0.10012115670321761,-4.960164720372589e-16,2.3241338828726558e-15,0.0,0.0,0.01676119853036461,1.0,0.01676119853036461,1.0,0,0
FEM,1.5,0.023832725060129904,0.30074942202709376,0.3007494220270942,0.30074942202709376,0.10298177156931154,-0.006547959701561782,0.09643381186775077,-3.933268032537982e-16,1.909691381591105e-15,0.0,-1.1102230246251565e-16,0.021325354513649246,1.0,0.021325354513649246,1.0,0,0
FEM,1.6,0.029277408592948355,0.3107106654396937,0.31071066543969417,0.3107106654396937,0.09961243412599963,-0.006504302140356712,0.09310813198564319,-3.7444502272629117e-16,1.8795094508616047e-15,0.0,0.0,0.026461174091238163,1.0,0.026461174091238163,1.0,0,0
FEM,1.7000000000000002,0.035252517813360716,0.32036533830168545,0.32036533830168584,0.32036533830168545,0.09654672861991731,-0.006457944680521594,0.09008878393939523,-3.5739157605032233e-16,1.850873567437449e-15,0.0,0.0,0.032138638538983924,1.0,0.032138638538983924,1.0,0,0
FEM,1.8,0.04171929297041646,0.32973938705819034,0.32973938705819084,0.32973938705819034,0.09374048756504882,-0.006409047480795758,0.0873314400842542,-3.111994680698665e-16,1.6598989196312622e-15,0.0,0.0,0.03832206001535253,1.0,0.03832206001535253,1.0,0,0
FEM,1.9000000000000001,0.04863638908371325,0.3388551768742457,0.3388551768742462,0.3388551768742457,0.09115789816055375,-0.0063578011881194035,0.08480009697243422,-2.738835639274763e-16,1.5022481290929577e-15,0.0,0.0,0.044972283350054064,1.0,0.044972283350054064,1.0,0,0
FEM,2.0,0.05596150363824876,0.3477321335289014,0.3477321335289019,0.3477321335289014,0.0887695665465571,-0.0063044139048043304,0.08246515264175254,-2.430362518799202e-16,1.3689165179851078e-15,0.0,0.0,0.05204844698467732,1.0,0.05204844698467732,1.0,0,0
FEM,2.1,0.06365260253086262,0.3563872438396344,0.3563872438396349,0.3563872438396344,0.08655110310732961,-0.006249101269826515,0.0803020018375031,-1.9963412484393225e-16,1.153273139663925e-15,0.0,1.1102230246251565e-16,0.059509339732576404,1.0,0.059509339732576404,1.0,0,0
FEM,2.2,0.07166880761212933,0.3648354509982531,0.3648354509982537,0.3648354509982531,0.08448207158618715,-0.006192079133339964,0.07828999245284807,-2.822283075306991e-16,1.6703443833214551e-15,0.0,0.0,0.0673144088678541,1.0,0.0673144088678541,1.0,0,0
FEM,2.3000000000000003,0.07997100983063628,0.3730899706978228,0.3730899706978235,0.3730899706978228,0.08254519699569696,-0.0061335583221274175,0.07641163867357073,-4.736527243520466e-16,2.869050784243295e-15,0.0,-1.1102230246251565e-16,0.07542447983279499,1.0,0.07542447983279499,1.0,0,0
FEM,2.4000000000000004,0.08852226646027338,0.38116254676509653,0.38116254676509725,0.38116254676509653,0.0807257606727374,-0.006073741048707594,0.07465201962402976,-4.2430580245487277e-16,2.6280693976673105e-15,0.0,0.0,0.08380224490387107,1.0,0.08380224490387107,1.0,0,0
FEM,2.5,0.09728803274960326,0.3890636600304455,0.3890636600304463,0.3890636600304455,0.0790111326534898,-0.006012818584962318,0.07299831406852807,-3.29479458158129e-16,2.0850192061104135e-15,0.0,-5.551115123125783e-17,0.09241257153092754,1.0,0.09241257153092754,1.0,0,0
FEM,2.6,0.10623626963456316,0.3968027006432966,0.3968027006432973,0.3968027006432966,0.07739040612851078,-0.005950969889552793,0.07143943623895727,-5.028014309378925e-16,3.248473913568608e-15,0.0,5.551115123125783e-17,0.10122267318157292,1.0,0.10122267318157292,1.0,0,0
FEM,2.7,0.1153374609818037,0.40438811151087584,0.4043881115108767,0.40438811151087584,0.07585410867579245,-0.00588836094068133,0.06996574773511266,-5.359498271006731e-16,3.5327672848373133e-15,0.0,-1.1102230246251565e-16,0.11020217771923982,1.0,0.11020217771923982,1.0,0,0
FEM,2.8000000000000003,0.12456456666452125,0.4118275086970016,0.4118275086970024,0.4118275086970016,0.0743939718612574,-0.005825144579345111,0.06856882728191191,-3.932779268057637e-16,2.643210981793099e-15,0.0,1.1102230246251565e-16,0.11932312127812941,1.0,0.11932312127812941,1.0,0,0
FEM,2.9000000000000004,0.13389293175961176,0.4191277832620945,0.4191277832620955,0.4191277832620945,0.07300274565092912,-0.005761460712674528,0.06724128493825605,-4.483139984327303e-16,3.070528337224396e-15,0.0,-5.551115123125783e-17,0.12855988953050634,1.0,0.12855988953050634,1.0,0,0
FEM,3.0,0.14330016725799413,0.42629518801689825,0.4262951880168993,0.42629518801689825,0.07167404754803763,-0.00569743676287938,0.06597661078515879,-5.152005903873765e-16,3.594052575599801e-15,0.0,0.0,0.13788912320909322,1.0,0.13788912320909322,1.0,0,0
FEM,3.1,0.15276601377847107,0.43333541190466734,0.43333541190466845,0.43333541190466734,0.07040223887769093,-0.00563318827582503,0.06476905060186636,-3.8335504170779796e-16,2.722605472631314e-15,0.0,-5.551115123125783e-17,0.14728960067487168,1.0,0.14728960067487168,1.0,0,0
FEM,3.2,0.16227219671960227,0.44025364415243995,0.440253644152441,0.44025364415243995,0.06918232247772604,-0.005568819625528255,0.06361350285219744,-6.066209622636516e-16,4.3842194113890935e-15,0.0,0.0,0.15674210708581177,1.0,0.15674210708581177,1.0,0,0
FEM,3.3000000000000003,0.17180227892360997,0.447054629893464,0.4470546298934652,0.447054629893464,0.06800985741024057,-0.005504424768061872,0.06250543264218009,-7.170751173767964e-16,5.2718469401526466e-15,0.0,-1.1102230246251565e-16,0.1662292971901266,1.0,0.1662292971901266,1.0,0,0
FEM,3.4000000000000004,0.18134151512500865,0.4537427186253422,0.4537427186253435,0.4537427186253422,0.06688088731878206,-0.005440088011494556,0.06144079930728809,-5.246111264313718e-16,3.921980908617848e-15,0.0,-1.1102230246251565e-16,0.17573555681008293,1.0,0.17573555681008293,1.0,0,0
FEM,3.5,0.19087671109732696,0.4603219066068146,0.4603219066068159,0.4603219066068146,0.0657918798147239,-0.005375884778438563,0.06041599503628514,-7.055715629201357e-16,5.362147767377163e-15,0.0,-5.551115123125783e-17,0.18524686658533548,1.0,0.18524686658533548,1.0,0,0
FEM,3.6,0.20039608939684436,0.4667958740918259,0.46679587409182716,0.4667958740918259,0.06473967485011278,-0.005311882345238083,0.059427792504874795,-5.694067814842707e-16,4.397664823020643e-15,0.0,1.1102230246251565e-16,0.19475067041158034,1.0,0.19475067041158034,1.0,0,0
FEM,3.7,0.209889162854068,0.47316801813890097,0.4731680181389023,0.47316801813890097,0.0637214404707509,-0.005248140547369317,0.05847329992338225,-9.582600199318147e-16,7.519133378440068e-15,0.0,5.551115123125783e-17,0.20423575016148887,1.0,0.20423575016148887,1.0,0,0
FEM,3.8000000000000003,0.21934661641915978,0.4794414816066601,0.47944148160666156,0.4794414816066601,0.06273463467759144,-0.0051847124446970025,0.05754992223289553,-4.2075239336202257e-16,3.3534298519818266e-15,0.0,1.1102230246251565e-16,0.21369210764609833,1.0,0.21369210764609833,1.0,0,0
FEM,3.9000000000000004,0.22876019757757338,0.4856191788448576,0.48561917884485917,0.4856191788448576,0.06177697238197499,-0.005121644943189941,0.05665532743878617,-5.548601552854806e-16,4.4908331850151515e-15,0.0,-1.1102230246251565e-16,0.22311085431503333,1.0,0.22311085431503333,1.0,0,0
FEM,4.0,0.23812261527856826,0.4917038185088223,0.4917038185088239,0.4917038185088223,0.06084639663964664,-0.005058979371811165,0.055787417267836245,-6.9446050235540905e-16,5.706669093884388e-15,0.0,-1.6653345369377348e-16,0.23248410886287135,1.0,0.23248410886287135,1.0,0,0
FEM,4.1000000000000005,0.24742744713261167,0.49769792385920997,0.4976979238592116,0.49769792385920997,0.05994105350387691,-0.004996752014782948,0.054944301489094176,-8.21449058236313e-16,6.852140646670327e-15,0.0,5.551115123125783e-17,0.24180490267534302,1.0,0.24180490267534302,1.0,0,0
FEM,4.2,0.2566690545113978,0.5036038508551869,0.5036038508551886,0.5036038508551869,0.05905926995976918,-0.004934994600437682,0.0541242753593318,-6.372059455604651e-16,5.394631071417953e-15,0.0,1.1102230246251565e-16,0.2510670928886208,1.0,0.2510670928886208,1.0,0,0
FEM,4.3,0.2658425051091694,0.5094238043049722,0.509423804304974,0.5094238043049722,0.058199534497853644,-0.004873734748532713,0.05332579974932171,-5.828718524885355e-16,5.007530193476268e-15,0.0,0.0,0.2602652827290323,1.0,0.2602652827290323,1.0,0,0
FEM,4.4,0.27494350248322846,0.5151598523010954,0.5151598523010972,0.5151598523010954,0.0573604799612315,-0.004812996378317152,0.05254748358291471,-5.599777165945542e-16,4.8812154027740634e-15,0.0,0.0,0.2693947487349021,1.0,0.2693947487349021,1.0,0,0
FEM,4.5,0.28396832207521516,0.5208139391372324,0.5208139391372342,0.5208139391372324,0.056540868361369956,-0.004752800079861282,0.05178806828150917,-1.0362723896486462e-15,9.16392354487296e-15,0.0,1.1102230246251565e-16,0.27845137442600804,1.0,0.27845137442600804,1.0,0,0
FEM,4.6000000000000005,0.2929137532155988,0.5263878968778894,0.5263878968778914,0.5263878968778894,0.05573957740657054,-0.004693163451256612,0.05104641395531635,-6.204130938646749e-16,5.565283437110591e-15,0.0,-2.220446049250313e-16,0.28743158997112445,1.0,0.28743158997112445,1.0,0,0
FEM,4.7,0.30177704662644317,0.5318834557305616,0.5318834557305635,0.5318834557305616,0.054955588526721666,-0.004634101404296495,0.050321487122424305,-8.696413154077017e-16,7.912219109298167e-15,0.0,1.1102230246251565e-16,0.2963323174041363,1.0,0.2963323174041363,1.0,0,0
FEM,4.800000000000001,0.3105558669578631,0.5373022533515801,0.5373022533515821,0.5373022533515801,0.054187976210184896,-0.004575626441177389,0.04961234976900858,-6.345574852926377e-16,5.855150253547975e-15,0.0,0.0,0.3051509209495933,1.0,0.3051509209495933,1.0,0,0
FEM,4.9,0.3192482499187397,0.5426458432011131,0.5426458432011151,0.5426458432011131,0.053435898495329814,-0.004517748904668216,0.04891814959066143,-4.0650413451890277e-16,3.8036614519959e-15,0.0,0.0,0.3138851620359063,1.0,0.3138851620359063,1.0,0,0
FEM,5.0,0.32785256359009995,0.5479157020492055,0.5479157020492075,0.5479157020492055,0.0526985884809239,-0.004460477204054878,0.048238111276869444,-3.8301453446300173e-16,3.6340113227287454e-15,0.0,-1.1102230246251565e-16,0.3225331585961254,1.0,0.3225331585961254,1.0,0,0
FEM,5.1000000000000005,0.3363674735385509,0.5531132367230173,0.5531132367230194,0.5531132367230173,0.05197534673811788,-0.004403818019027398,0.04757152871909173,-6.039438087547359e-16,5.809906490838339e-15,0.0,0.0,0.33109334828048986,1.0,0.33109334828048986,1.0,0,0
FEM,5.2,0.3447919113762369,0.5582397901752065,0.5582397901752087,0.5582397901752065,0.05126553452189264,-0.004347776483524406,0.046917758038368985,-7.452619386416962e-16,7.26864496383463e-15,0.0,0.0,0.3395644552304061,1.0,0.3395644552304061,1.0,0,0
FEM,5.300000000000001,0.35312504644222187,0.5632966469444958,0.5632966469444982,0.5632966469444958,0.05056856769289242,-0.004292356351397263,0.046276211341497495,-9.86917050361559e-16,9.75820648466034e-15,0.0,-2.220446049250313e-16,0.34794546008919097,1.0,0.34794546008919097,1.0,0,0
FEM,5.4,0.3613662603075024,0.5682850380716522,0.5682850380716544,0.5682850380716522,0.04988391127156433,-0.004237560145606447,0.04564635112595612,-6.060089809592603e-16,6.074192715765639e-15,0.0,1.1102230246251565e-16,0.3562355729501904,1.0,0.3562355729501904,1.0,0,0
FEM,5.5,0.3695151238317271,0.5732061455272377,0.5732061455272399,0.5732061455272377,0.04921107455585494,-0.004183389292520724,0.045027685263334394,-7.608479801458857e-16,7.730454852010152e-15,0.0,0.0,0.3644342089672497,1.0,0.3644342089672497,1.0,0,0
FEM,5.6000000000000005,0.3775713765239654,0.5780611062014369,0.5780611062014392,0.5780611062014369,0.04854960674199216,-0.004129844242750999,0.044419762499241816,-6.938125221507595e-16,7.145397962108037e-15,0.0,0.0,0.37254096637572964,1.0,0.37254096637572964,1.0,0,0
FEM,5.7,0.3855349079824449,0.5828510155009008,0.5828510155009032,0.5828510155009008,0.04789909299463879,-0.004076924579828127,0.04382216841481122,-6.519075787886027e-16,6.805009636211327e-15,0.0,0.0,0.38055560669411703,1.0,0.38055560669411703,1.0,0,0
FEM,5.800000000000001,0.3934057412090591,0.5875769305928021,0.5875769305928047,0.5875769305928021,0.04725915091901345,-0.004024629117908626,0.04323452180110589,-5.180584795514125e-16,5.481038798593605e-15,0.0,0.0,0.3884780368967242,1.0,0.3884780368967242,1.0,0,0
FEM,5.9,0.4011840176136582,0.5922398733320772,0.5922398733320797,0.5922398733320772,0.04662942739275033,-0.003972955989585691,0.04265647140316503,-5.131850754893849e-16,5.502802674016642e-15,0.0,1.1102230246251565e-16,0.3963082933669066,1.0,0.3963082933669066,1.0,0,0
FEM,6.0,0.40886998354074755,0.5968408329040724,0.5968408329040751,0.5968408329040724,0.046009595719952445,-0.003921902724786307,0.04208769299516727,-5.557234936169695e-16,6.0392129611341974e-15,0.0,-1.1102230246251565e-16,0.4040465274577836,1.0,0.4040465274577836,1.0,0,0
FEM,6.1000000000000005,0.416463978167303,0.6013807682114726,0.6013807682114752,0.6013807682114726,0.04539935307400156,-0.0038714663216286183,0.0415278867523733,-7.833661392904045e-16,8.627503326022114e-15,0.0,1.1102230246251565e-16,0.4116929925035364,1.0,0.4116929925035364,1.0,0,0
FEM,6.2,0.4239664226350671,0.6058606100313975,0.6058606100314001,0.6058606100313975,0.0447984181992489,-0.003821643310048535,0.04097677488920078,-8.389414532674168e-16,9.363516469890434e-15,0.0,0.0,0.41924803213911604,1.0,0.41924803213911604,1.0,0,0
FEM,6.300000000000001,0.4313778102940174,0.6102812629658922,0.6102812629658949,0.6102812629658922,0.04420652934494784,-0.003772429808907393,0.04043409953604054,-6.731300951611776e-16,7.613469154168127e-15,0.0,0.0,0.4267120697997365,1.0,0.4267120697997365,1.0,0,0
FEM,6.4,0.438698697945786,0.6146436072066481,0.6146436072066509,0.6146436072066481,0.04362344240755878,-0.003723821577237413,0.03989962083032295,-9.693362462665856e-16,1.1110267699765573e-14,0.0,0.0,0.43408559928378454,1.0,0.43408559928378454,1.0,0,0
FEM,6.5,0.44592969798676335,0.6189485001326599,0.6189485001326629,0.6189485001326599,0.04304892926011772,-0.003675814060210447,0.03937311519990964,-8.398820833553427e-16,9.754970655372614e-15,0.0,-1.1102230246251565e-16,0.441369176274023,1.0,0.441369176274023,1.0,0,0
FEM,6.6000000000000005,0.4530714713605396,0.6231967777576133,0.6231967777576163,0.6231967777576133,0.04248277624953389,-0.003628402430357773,0.03885437381917585,-7.626710068066138e-16,8.976237832561426e-15,0.0,0.0,0.4485634107221258,1.0,0.4485634107221258,1.0,0,0
FEM,6.7,0.4601247212382924,0.6273892560420837,0.6273892560420868,0.6273892560420837,0.04192478284470447,-0.0035815816245196638,0.03834320122018607,-8.020652386339904e-16,9.565526452515511e-15,0.0,-1.1102230246251565e-16,0.4556689600108222,1.0,0.4556689600108222,1.0,0,0
FEM,6.800000000000001,0.4670901873538297,0.6315267320840976,0.6315267320841007,0.6315267320840976,0.041374760420138657,-0.0035353463769551875,0.037839414043184014,-5.125896113274651e-16,6.194472259444977e-15,0.0,-2.220446049250313e-16,0.4626865228163065,1.0,0.4626865228163065,1.0,0,0
FEM,6.9,0.4739686409273033,0.635609985200222,0.6356099852002252,0.635609985200222,0.04083253116124452,-0.0034896912489951713,0.03734283991224914,-7.053802393531747e-16,8.637478736839558e-15,0.0,1.1102230246251565e-16,0.46961683360114154,1.0,0.46961683360114154,1.0,0,0
FEM,7.0,0.4807608801181979,0.639639777908123,0.6396397779081261,0.639639777908123,0.040297927079009366,-0.0034446106555926902,0.03685331642341641,-6.197964538790738e-16,7.690177867758355e-15,0.0,1.1102230246251565e-16,0.47646065767475193,1.0,0.47646065767475193,1.0,0,0
FEM,7.1000000000000005,0.4874677259541442,0.643616856820417,0.6436168568204205,0.643616856820417,0.03977078912294041,-0.0034000988890783464,0.036370690233865355,-1.0598599278890735e-15,1.332460269536978e-14,0.0,-2.220446049250313e-16,0.48321878676478963,1.0,0.48321878676478963,1.0,0,0
FEM,7.2,0.49409001868746,0.6475419534586524,0.6475419534586558,0.6475419534586524,0.0392509663823537,-0.00335615014040911,0.035894816241944585,-8.707051887894531e-16,1.1091512758026021e-14,0.0,0.0,0.48989203504827467,1.0,0.48989203504827467,1.0,0,0
FEM,7.300000000000001,0.500628614536147,0.6514157849953526,0.651415784995356,0.6514157849953526,0.038738315367001785,-0.0033127585181577414,0.03542555684884366,-9.103821178629758e-16,1.1750409242608229e-14,0.0,0.0,0.4964812355964536,1.0,0.4964812355964536,1.0,0,0
FEM,7.4,0.5070843827704185,0.6552390549312661,0.6552390549312695,0.6552390549312661,0.038232699359135314,-0.003269918065477606,0.03496278129365772,-6.47206440052223e-16,8.464043226097498e-15,0.0,0.0,0.5029872371918893,1.0,0.5029872371918893,1.0,0,0
FEM,7.5,0.513458203109738,0.6590124537142337,0.6590124537142373,0.6590124537142337,0.03773398782967563,-0.003227622775243518,0.03450636505443442,-5.269029858284051e-16,6.981808922591663e-15,0.0,0.0,0.5094109014804264,1.0,0.5094109014804264,1.0,0,0
FEM,7.6000000000000005,0.5197509633988836,0.6627366593054436,0.6627366593054472,0.6627366593054436,0.03724205591209895,-0.003185866603557814,0.034056189308540624,-9.452963924323245e-16,1.2691248768106133e-14,0.0,2.220446049250313e-16,0.5157531004243667,1.0,0.5157531004243667,1.0,0,0
FEM,7.7,0.5259635575347043,0.6664123376982583,0.6664123376982621,0.6664123376982583,0.03675678392814685,-0.0031446434817845106,0.033612140446364014,-9.363485481357669e-16,1.2737084805435438e-14,0.0,0.0,0.5220147140265705,1.0,0.5220147140265705,1.0,0,0
FEM,7.800000000000001,0.5320968836181044,0.6700401433942818,0.6700401433942857,0.6700401433942818,0.036278056960235006,-0.003103947327261408,0.033174109632974444,-9.81102380936895e-16,1.352198082179934e-14,0.0,0.0,0.5281966282981836,1.0,0.5281966282981836,1.0,0,0
FEM,7.9,0.5381518423083462,0.6736207198408555,0.6736207198408596,0.6736207198408555,0.035805764465737244,-0.003063772052828529,0.032741992412909454,-1.0470083204968577e-15,1.4620667036710467e-14,0.0,0.0,0.5342997334454445,1.0,0.5342997334454445,1.0,0,0
FEM,8.0,0.5441293353590737,0.6771546998337583,0.6771546998337625,0.6771546998337583,0.03533979992902836,-0.0030241115752875376,0.03231568835374206,-7.302143983337235e-16,1.0331331810029682e-14,0.0,0.0,0.5403249222534547,1.0,0.5403249222534547,1.0,0,0
FEM,8.1,0.5500302643175375,0.6806427058885014,0.6806427058885058,0.6806427058885014,0.03488006054743087,-0.002984959822906858,0.03189510072452607,-1.2629227362243728e-15,1.81037922010912e-14,0.0,-2.220446049250313e-16,0.5462730886470046,1.0,0.5462730886470046,1.0,0,0
FEM,8.200000000000001,0.5558555293703701,0.6840853505832691,0.6840853505832736,0.6840853505832691,0.03442644694767738,-0.0029463107420669536,0.03148013620561006,-8.698729789187757e-16,1.263378965945638e-14,0.0,-1.1102230246251565e-16,0.5521451264105678,1.0,0.5521451264105678,1.0,0,0
FEM,8.3,0.5616060283209355,0.6874832368762491,0.6874832368762536,0.6874832368762491,0.0339788629297999,-0.0029081583031332885,0.031070704626666085,-1.013592235452965e-15,1.4915040528976023e-14,0.0,2.220446049250313e-16,0.5579419280513135,1.0,0.5579419280513135,1.0,0,0
FEM,8.4,0.5672826556847957,0.6908369583998224,0.6908369583998271,0.6908369583998224,0.03353721523573272,-0.0028704965056391522,0.030666718730096347,-9.387877912656224e-16,1.3996209653467864e-14,0.0,0.0,0.5636643837906523,1.0,0.5636643837906523,1.0,0,0
FEM,8.5,0.5728863018911905,0.6941470997338339,0.6941470997338387,0.6941470997338339,0.03310141334011529,-0.0028333193828468713,0.030268093957269537,-9.01659372572151e-16,1.3619650667293765e-14,0.0,-1.1102230246251565e-16,0.5693133806712557,1.0,0.5693133806712557,1.0,0,0
FEM,8.6,0.5784178525796501,0.6974142366599384,0.6974142366599433,0.6974142366599384,0.03267136926104475,-0.0027966210057501616,0.029874748255295902,-1.216617986096822e-15,1.8619023530602602e-14,0.0,0.0,0.5748898017678064,1.0,0.5748898017678064,1.0,0,0
FEM,8.700000000000001,0.5838781879819631,0.7006389363988244,0.7006389363988291,0.7006389363988244,0.0322469973888595,-0.0027603954865794544,0.029486601902278857,-7.907933476884038e-16,1.2261503577409304e-14,0.0,0.0,0.5803945254909008,1.0,0.5803945254909008,1.0,0,0
FEM,8.8,0.5892681823807022,0.7038217578319292,0.7038217578319341,0.7038217578319292,0.031828214331048876,-0.0027246369818571155,0.029103577349192947,-8.253986669902414e-16,1.2966462057926983e-14,0.0,-1.1102230246251565e-16,0.5858284249746147,1.0,0.5858284249746147,1.0,0,0
FEM,8.9,0.5945887036364094,0.7069632517091065,0.7069632517091115,0.7069632517091065,0.03141493877177215,-0.0026893396950520374,0.028725599076721068,-8.090905298985176e-16,1.2877480611636787e-14,0.0,0.0,0.591192367539161,1.0,0.591192367539161,1.0,0,0
FEM,9.0,0.5998406127763336,0.7100639608435492,0.7100639608435544,0.7100639608435492,0.03100709134442714,-0.0026544978788745066,0.028352593465554944,-8.584848327011785e-16,1.3843362848276976e-14,0.0,-2.220446049250313e-16,0.5964872142209539,1.0,0.5964872142209539,1.0,0,0
FEM,9.1,0.6050247636383349,0.713124420295155,0.7131244202951603,0.713124420295155,0.030604594516058237,-0.0026201058372470575,0.027984488678811925,-9.765730840096895e-16,1.595468097930965e-14,0.0,0.0,0.6017138193631537,1.0,0.6017138193631537,1.0,0,0
FEM,9.200000000000001,0.6101420025642176,0.7161451575433895,0.7161451575433949,0.7161451575433895,0.03020737248234484,-0.0025861579269886685,0.027621214555357196,-1.1741858706041178e-15,1.9435418808609863e-14,0.0,-1.1102230246251565e-16,0.6068730302604683,1.0,0.6068730302604683,1.0,0,0
FEM,9.3,0.6151931681373316,0.7191266926506078,0.7191266926506132,0.7191266926506078,0.02981535107218325,-0.0025526485592385828,0.027262702512944742,-1.1470426998093537e-15,1.9235773830607443e-14,0.0,0.0,0.6119656868525996,1.0,0.6119656868525996,1.0,0,0
FEM,9.4,0.6201790909598068,0.7220695384166924,0.722069538416698,0.7220695384166924,0.02942845766084612,-0.0025195722006507238,0.026908885460196062,-6.689512581158985e-16,1.1365720654227746e-14,0.0,0.0,0.6169926214613218,1.0,0.6169926214613218,1.0,0,0
FEM,9.5,0.6251005934652555,0.7249742005257841,0.7249742005257898,0.7249742005257841,0.029046621090916824,-0.002486923374379729,0.026559697716538398,-1.0760259752038955e-15,1.8522394942872644e-14,0.0,-1.1102230246251565e-16,0.621954658566629,1.0,0.621954658566629,1.0,0,0
FEM,9.600000000000001,0.6299584897631948,0.7278411776858034,0.727841177685809,0.7278411776858034,0.028669771600192684,-0.002454696660882557,0.02621507493931028,-9.937386302022715e-16,1.7330773402387172e-14,0.0,0.0,0.6268526146179031,1.0,0.6268526146179031,1.0,0,0
FEM,9.700000000000001,0.6347535855118296,0.7306709617613911,0.7306709617613969,0.7306709617613911,0.0282978407558776,-0.002422886698555839,0.025874954057322763,-1.1761799979201912e-15,2.0782150978708015e-14,0.0,0.0,0.6316872978764166,1.0,0.6316872978764166,1.0,0,0
FEM,9.8,0.6394866778161692,0.7334640379008373,0.7334640379008431,0.7334640379008373,0.027930761394461268,-0.002391488184225074,0.02553927321023723,-1.11752169577341e-15,2.0005213606439606e-14,0.0,0.0,0.6364595082858997,1.0,0.6364595082858997,1.0,0,0
FEM,9.9,0.6441585551487637,0.7362208846575057,0.7362208846575117,0.7362208846575057,0.027568467566684296,-0.002360495873502357,0.02520797169318338,-8.708402905445401e-16,1.5794136696899737e-14,0.0,1.1102230246251565e-16,0.641170037368182,1.0,0.641170037368182,1.0,0,0
FEM,10.0,0.6487699972906188,0.7389419741062184,0.7389419741062244,0.7389419741062184,0.027210894487127435,-0.002329904581027816,0.024880989906099542,-7.777592046960546e-16,1.4291320064174804e-14,0.0,2.220446049250313e-16,0.6458196681412661,1.0,0.6458196681412661,1.0,0,0
FEM,10.100000000000001,0.6533217752900974,0.7416277719550118,0.7416277719550182,0.7416277719550118,0.026857978487934142,-0.002299709180605735,0.02455826930733187,-7.853537021011367e-16,1.4620491680971143e-14,0.0,-2.220446049250313e-16,0.6504091750574189,1.0,0.6504091750574189,1.0,0,0
FEM,10.200000000000001,0.6578146514378403,0.7442787376526441,0.7442787376526503,0.7442787376526441,0.02650965697632235,-0.0022699046052494353,0.02423975237107171,-1.5748428308090057e-15,2.9703191410881795e-14,0.0,0.0,0.6549393239591448,1.0,0.6549393239591448,1.0,0,0
FEM,10.3,0.662249379255936,0.7468953244921835,0.7468953244921899,0.7468953244921835,0.026165868395394698,-0.0022404858471413956,0.023925382548254825,-9.337593801742473e-16,1.78430802689997e-14,0.0,-1.1102230246251565e-16,0.6594108720510946,1.0,0.6594108720510946,1.0,0,0
FEM,10.4,0.6666267034997501,0.7494779797109943,0.7494779797110008,0.7494779797109943,0.025826552188107366,-0.0022114479575238667,0.02361510423058538,-9.951743510478676e-16,1.9266496429711013e-14,0.0,-1.1102230246251565e-16,0.6638245678861687,1.0,0.6638245678861687,1.0,0,0
FEM,10.5,0.6709473601709937,0.7520271445873844,0.752027144587391,0.7520271445873844,0.025491648763901198,-0.0021827860465218497,0.023308862717378975,-7.908018180178764e-16,1.5510997843688696e-14,0.0,-1.1102230246251565e-16,0.6681811513642587,1.0,0.6681811513642587,1.0,0,0
FEM,10.600000000000001,0.6752120765407459,0.7545432545341701,0.7545432545341769,0.7545432545341701,0.025161099467857495,-0.0021544952829094816,0.023006604184949736,-1.0406189392174817e-15,2.0679122956188852e-14,0.0,0.0,0.6724813537422131,1.0,0.6724813537422131,1.0,0,0
FEM,10.700000000000001,0.6794215711812794,0.7570267391893827,0.7570267391893896,0.7570267391893827,0.02483484655212531,-0.0021265708938281516,0.022708275658298194,-1.0809906470659898e-15,2.1763586193236586e-14,0.0,-1.1102230246251565e-16,0.6767258976537733,1.0,0.6767258976537733,1.0,0,0
FEM,10.8,0.6835765540056649,0.7594780225043157,0.7594780225043226,0.7594780225043157,0.024512833149330504,-0.0020990081644564696,0.022413824984873706,-1.0245437361862527e-15,2.0898109368770418e-14,0.0,1.1102230246251565e-16,0.6809154971383334,1.0,0.6809154971383334,1.0,0,0
FEM,10.9,0.6876777263142212,0.7618975228291018,0.7618975228291088,0.7618975228291018,0.024195003247861058,-0.002071802437645871,0.022123200810216372,-1.1265796543531107e-15,2.328124618980321e-14,0.0,1.1102230246251565e-16,0.685050857677516,1.0,0.685050857677516,1.0,0,0
FEM,11.0,0.6917257808469849,0.7642856529959828,0.7642856529959902,0.7642856529959828,0.023881301668809973,-0.0020449491135174315,0.021836352555295473,-8.068897265433141e-16,1.689375515902255e-14,0.0,-3.3306690738754696e-16,0.6891326762386433,1.0,0.6891326762386433,1.0,0,0
FEM,11.100000000000001,0.6957214018414526,0.7666428204004245,0.7666428204004321,0.7666428204004245,0.023571674044416957,-0.0020184436490331414,0.021553230395385845,-1.074063611623344e-15,2.278293025771952e-14,0.0,-2.220446049250313e-16,0.6931616413242784,1.0,0.6931616413242784,1.0,0,0
FEM,11.200000000000001,0.6996652650949293,0.7689694270802119,0.7689694270802192,0.7689694270802119,0.023266066797873464,-0.001992281557537681,0.021273785240333867,-8.054402414123252e-16,1.7309333984332412e-14,0.0,-1.1102230246251565e-16,0.6971384330271032,1.0,0.6971384330271032,1.0,0,0
FEM,11.3,0.7035580380308821,0.7712658697926483,0.7712658697926558,0.7712658697926483,0.022964427124364528,-0.0019664584082807243,0.020997968716084916,-9.679259364094072e-16,2.1074462932768853e-14,0.0,0.0,0.7010637230894665,1.0,0.7010637230894665,1.0,0,0
FEM,11.4,0.7074003797687632,0.7735325400899754,0.773532540089983,0.7735325400899754,0.02266670297327078,-0.0019409698259190266,0.020725733147353036,-1.3945533502935856e-15,3.076215698282284e-14,0.0,-2.220446049250313e-16,0.7049381749670116,1.0,0.7049381749670116,1.0,0,0
FEM,11.5,0.7111929411968229,0.7757698243931082,0.7757698243931158,0.7757698243931082,0.022372843031327472,-0.0019158114900012487,0.020457031541327317,-1.3681123698120953e-15,3.057529094305021e-14,0.0,-1.1102230246251565e-16,0.7087624438958449,1.0,0.7087624438958449,1.0,0,0
FEM,11.600000000000001,0.7149363650474774,0.777978104063784,0.7779781040637919,0.777978104063784,0.02208279670675828,-0.0018909791344402889,0.020191817572319914,-1.4258491001122638e-15,3.228416035899635e-14,0.0,-1.1102230246251565e-16,0.7125371769627676,1.0,0.7125371769627676,1.0,0,0
FEM,11.700000000000001,0.7186312859748516,0.7801577554752082,0.780157755475216,0.7801577554752082,0.021796514114241772,-0.001866468546973402,0.01993004556726885,-8.25769455662902e-16,1.8942695408421702e-14,0.0,1.1102230246251565e-16,0.7162630131781457,1.0,0.7162630131781457,1.0,0,0
FEM,11.8,0.7222783306341459,0.7823091500812714,0.7823091500812793,0.7823091500812714,0.021513946060632838,-0.0018422755686132025,0.019671670492019684,-9.649509449404133e-16,2.242617282345338e-14,0.0,1.1102230246251565e-16,0.7199405835510267,1.0,0.7199405835510267,1.0,0,0
FEM,11.9,0.7258781177625226,0.7844326544844115,0.7844326544844197,0.7844326544844115,0.021235044031400196,-0.0018183960930887042,0.01941664793831506,-1.1089793685003504e-15,2.6112010101330912e-14,0.0,-3.3306690738754696e-16,0.7235705111661606,1.0,0.7235705111661606,1.0,0,0
FEM,12.0,0.7294312582612328,0.7865286305021828,0.7865286305021911,0.7865286305021828,0.020959760177713394,-0.0017948260662840028,0.019164934111430082,-1.4073835701038833e-15,3.357346549223252e-14,0.0,-2.220446049250313e-16,0.7271534112626178,1.0,0.7271534112626178,1.0,0,0
FEM,12.100000000000001,0.7329383552787406,0.7885974352325896,0.7885974352325978,0.7885974352325896,0.020688047304068258,-0.0017715614856692631,0.018916485818397378,-1.1323896650965648e-15,2.736821045633261e-14,0.0,0.0,0.7306898913137279,1.0,0.7306898913137279,1.0,0,0
FEM,12.200000000000001,0.7364000042946203,0.7906394211182393,0.7906394211182476,0.7906394211182393,0.02041985885649633,-0.0017485983997279908,0.018671260456769853,-1.0188444750006522e-15,2.4947392686714907e-14,0.0,0.0,0.7341805511080851,1.0,0.7341805511080851,1.0,0,0
FEM,12.3,0.7398167932040327,0.7926549360093651,0.7926549360093736,0.7926549360093651,0.020155148911258358,-0.0017259329073842176,0.018429216003875943,-1.004243956330593e-15,2.4912838916550814e-14,0.0,0.0,0.7376259828314067,1.0,0.7376259828314067,1.0,0,0
FEM,12.4,0.7431893024026056,0.7946443232257604,0.7946443232257691,0.7946443232257604,0.019893872163952997,-0.001703561157427186,0.018190311006526426,-1.017925656011118e-15,2.5583899595362544e-14,0.0,1.1102230246251565e-16,0.7410267711490446,1.0,0.7410267711490446,1.0,0,0
FEM,12.5,0.746518104871562,0.7966079216176671,0.7966079216176759,0.7966079216176671,0.0196359839190674,-0.0016814793479344257,0.017954504571134226,-1.3023394144248517e-15,3.3162061544575354e-14,0.0,0.0,0.744383493288968,1.0,0.744383493288968,1.0,0,0
FEM,12.600000000000001,0.7498037662629548,0.7985460656256582,0.7985460656256671,0.7985460656256582,0.019381440079910828,-0.0016596837256970844,0.017721756354215065,-1.4832004304214316e-15,3.82634217144355e-14,0.0,0.0,0.7476967191250632,1.0,0.7476967191250632,1.0,0,0
FEM,12.700000000000001,0.7530468449848896,0.8004590853395464,0.8004590853395553,0.8004590853395464,0.01913019713888131,-0.0016381705856459367,0.017492026553236895,-1.0781827328458417e-15,2.818012603368416e-14,0.0,0.0,0.7509670112606164,1.0,0.7509670112606164,1.0,0,0
FEM,12.8,0.7562478922866225,0.8023473065563533,0.8023473065563623,0.8023473065563533,0.018882212168069845,-0.0016169362702776746,0.017265275897792635,-4.49586453677743e-16,1.1905026002143863e-14,0.0,0.0,0.754194925111844,1.0,0.754194925111844,1.0,0,0
FEM,12.9,0.7594074523434365,0.8042110508373683,0.8042110508373778,0.8042110508373683,0.018637442810149896,-0.0015959771690844827,0.017041465641069845,-1.283187999487432e-15,3.442500166354526e-14,0.0,-4.440892098500626e-16,0.7573810089913585,1.0,0.7573810089913585,1.0,0,0
FEM,13.0,0.762526062341211,0.8060506355643271,0.8060506355643362,0.8060506355643271,0.01839584726958776,-0.001575289717988088,0.016820557551596074,-9.276637075693317e-16,2.5213943505147694e-14,0.0,2.220446049250313e-16,0.7605258041914803,1.0,0.7605258041914803,1.0,0,0
FEM,13.100000000000001,0.765604252560609,0.807866373994728,0.8078663739947374,0.807866373994728,0.018157384304009483,-0.0015548703987727508,0.01660251390523884,-8.975290281631023e-16,2.4715262207807633e-14,0.0,0.0,0.7636298450673027,1.0,0.7636298450673027,1.0,0,0
FEM,13.200000000000001,0.7686425464608163,0.8096585753163249,0.8096585753163343,0.8096585753163249,0.017922013215968535,-0.0015347157385265254,0.016387297477442647,-1.1088669248766024e-15,3.0935891841899236e-14,0.0,0.0,0.7666936591194292,1.0,0.7666936591194292,1.0,0,0
FEM,13.3,0.7716414607627705,0.8114275447008017,0.8114275447008114,0.8114275447008017,0.01768969384476793,-0.0015148223090832103,0.016174871535686836,-1.072346252322786e-15,3.0309915528580196e-14,0.0,-2.220446049250313e-16,0.7697177670763219,1.0,0.7697177670763219,1.0,0,0
FEM,13.4,0.7746015055318316,0.8131735833566635,0.8131735833566731,0.8131735833566635,0.01746038655861759,-0.0014951867264694592,0.01596519983214765,-8.451554987267112e-16,2.4202084412317767e-14,0.0,1.1102230246251565e-16,0.7727026829761822,1.0,0.7727026829761822,1.0,0,0
FEM,13.5,0.7775231842598489,0.8148969885813543,0.8148969885813642,0.8148969885813543,0.017234052246908327,-0.0014758056503567278,0.015758246596553303,-1.1052181186980677e-15,3.2064952074642854e-14,0.0,1.1102230246251565e-16,0.7756489142483446,1.0,0.7756489142483446,1.0,0,0
FEM,13.600000000000001,0.7804069939465831,0.8165980538126278,0.8165980538126377,0.8165980538126278,0.017010652312735575,-0.0014566757835174525,0.01555397652921827,-1.0754269111519499e-15,3.1610395985425904e-14,0.0,0.0,0.7785569617940942,1.0,0.7785569617940942,1.0,0,0
FEM,13.700000000000001,0.7832534251804538,0.8182770686791809,0.8182770686791909,0.8182770686791809,0.016790148665530857,-0.0014377938712857906,0.01535235479424565,-4.120014842257016e-16,1.226914342549891e-14,0.0,2.220446049250313e-16,0.781427320066907,1.0,0.781427320066907,1.0,0,0
FEM,13.8,0.7860629622185765,0.8199343190505719,0.8199343190505822,0.8199343190505719,0.016572503713909725,-0.0014191567010244628,0.01515334701288887,-7.176816988461489e-16,2.1652784372095275e-14,0.0,-2.220446049250313e-16,0.7842604771520403,1.0,0.7842604771520403,1.0,0,0
FEM,13.9,0.7888360830660721,0.8215700870864378,0.8215700870864479,0.8215700870864378,0.016357680358658477,-0.001400761101594812,0.014956919257061857,-7.480008196766429e-16,2.2863902560632658e-14,0.0,0.0,0.7870569148454781,1.0,0.7870569148454781,1.0,0,0
FEM,14.0,0.7915732595546222,0.8231846512850202,0.8231846512850304,0.8231846512850202,0.016145641985824133,-0.0013826039428347882,0.01476303804299049,-4.1069980634400854e-16,1.2718596346450276e-14,0.0,-1.1102230246251565e-16,0.7898171087321711,1.0,0.7898171087321711,1.0,0,0
FEM,14.100000000000001,0.7942749574202537,0.8247782865310239,0.8247782865310341,0.8247782865310239,0.01593635246003755,-0.0013646821350392479,0.014571670324997838,-1.2686486789478119e-15,3.980360882859267e-14,0.0,1.1102230246251565e-16,0.792541528263573,1.0,0.792541528263573,1.0,0,0
FEM,14.200000000000001,0.7969416363803382,0.8263512641428101,0.8263512641428205,0.8263512641428101,0.015729776117862082,-0.0013469926284487444,0.01438278348941491,-7.661379126597256e-16,2.4353109253401674e-14,0.0,-1.1102230246251565e-16,0.7952306368344523,1.0,0.7952306368344523,1.0,0,0
FEM,14.3,0.7995737502097947,0.8279038519189452,0.8279038519189558,0.8279038519189452,0.015525877761350948,-0.00132953241274005,0.014196345348612919,-1.0095192775260928e-15,3.2510860031342474e-14,0.0,-1.1102230246251565e-16,0.7978848918589289,1.0,0.7978848918589289,1.0,0,0
FEM,14.4,0.8021717468164846,0.8294363141841129,0.8294363141841234,0.8294363141841129,0.015324622651676778,-0.0013122985165273022,0.014012324135149249,-1.2140319945088546e-15,3.961050206923129e-14,0.0,1.1102230246251565e-16,0.8005047448457823,1.0,0.8005047448457823,1.0,0,0
FEM,14.5,0.8047360683157913,0.8309489118344013,0.830948911834412,0.8309489118344013,0.015125976502884386,-0.0012952880068628349,0.01383068849602298,-1.2565170495607621e-15,4.153507210992614e-14,0.0,0.0,0.8030906414729619,1.0,0.8030906414729619,1.0,0,0
FEM,14.600000000000001,0.8072671511043802,0.8324419023819796,0.8324419023819903,0.8324419023819796,0.014929905475782324,-0.0012784979887488467,0.013651407487034552,-8.265207738871166e-16,2.7680040413778217e-14,0.0,-1.1102230246251565e-16,0.8056430216613191,1.0,0.8056430216613191,1.0,0,0
FEM,14.700000000000001,0.8097654259331336,0.8339155399991691,0.8339155399991801,0.8339155399991691,0.014736376171895493,-0.0012619256046512489,0.013474450567246284,-1.1047266278304234e-15,3.7482981397327126e-14,0.0,-2.220446049250313e-16,0.8081623196475651,1.0,0.8081623196475651,1.0,0,0
FEM,14.8,0.8122313179792596,0.8353700755619249,0.835370075561936,0.8353700755619249,0.014545355627557655,-0.0012455680340201529,0.013299787593538078,-8.836844863984675e-16,3.037686080099066e-14,0.0,0.0,0.8106489640564042,1.0,0.8106489640564042,1.0,0,0
FEM,14.9,0.8146652469175708,0.836805756692732,0.8368057566927433,0.836805756692732,0.014356811308071649,-0.0012294224928162773,0.013127388815256713,-1.5799811444252871e-15,5.5025489662071424e-14,0.0,0.0,0.813103377971902,1.0,0.813103377971902,1.0,0,0
FEM,15.0,0.8170676269909378,0.8382228278029314,0.8382228278029429,0.8382228278029314,0.014170711101993971,-0.0012134862330432914,0.012957224868952448,-1.1488494210858471e-15,4.053605400663768e-14,0.0,0.0,0.8155259790080223,1.0,0.8155259790080223,1.0,0,0
FEM,15.100000000000001,0.8194388670799126,0.8396215301344803,0.8396215301344916,0.8396215301344803,0.013987023315488178,-0.0011977565422839516,0.012789266773203294,-6.28722063560766e-16,2.2475191803841043e-14,0.0,0.0,0.8179171793783858,1.0,0.8179171793783858,1.0,0,0
FEM,15.200000000000001,0.8217793707715308,0.8410021018011566,0.8410021018011682,0.8410021018011566,0.013805716666763779,-0.0011822307432444393,0.012623485923521072,-1.1104525705538625e-15,4.021712879372367e-14,0.0,0.0,0.8202773859652037,1.0,0.8202773859652037,1.0,0,0
FEM,15.3,0.8240895364272889,0.8423647778292205,0.842364777829232,0.8423647778292205,0.013626760280638361,-0.0011669061933006495,0.012459854087338133,-1.2763363499770919e-15,4.683198073831826e-14,0.0,0.0,0.8226070003874345,1.0,0.8226070003874345,1.0,0,0
FEM,15.4,0.8263697572503051,0.8437097901975328,0.8437097901975447,0.8437097901975328,0.013450123683123039,-0.0011517802840544456,0.012298343399071938,-1.2629163834772684e-15,4.694813271724018e-14,0.0,-1.1102230246251565e-16,0.8249064190681199,1.0,0.8249064190681199,1.0,0,0
FEM,15.5,0.828620421351666,0.8450373678771483,0.8450373678771603,0.8450373678771483,0.013275776796155547,-0.0011368504408910043,0.01213892635526514,-9.3150500198513e-16,3.5082881261413565e-14,0.0,-3.3306690738754696e-16,0.8271760333009291,1.0,0.8271760333009291,1.0,0,0
FEM,15.600000000000001,0.830841911815964,0.8463477368703827,0.8463477368703947,0.8463477368703827,0.013103689932343343,-0.0011221141225450843,0.011981575809798809,-1.35727966544966e-15,5.178997948125701e-14,0.0,0.0,0.8294162293159256,1.0,0.8294162293159256,1.0,0,0
FEM,15.700000000000001,0.8330346067660317,0.8476411202493674,0.8476411202493794,0.8476411202493674,0.012933833789847693,-0.0011075688206701587,0.011826264969177526,-1.4948949908076981e-15,5.779009592581529e-14,0.0,0.0,0.8316273883445208,1.0,0.8316273883445208,1.0,0,0
FEM,15.8,0.8351988794268775,0.848917738194097,0.8489177381941092,0.848917738194097,0.012766179447295523,-0.0010932120594139946,0.011672967387883338,-1.269678671011673e-15,4.9728216505704874e-14,0.0,1.1102230246251565e-16,0.8338098866836583,1.0,0.8338098866836583,1.0,0,0
FEM,15.9,0.8373350981888322,0.8501778080299767,0.850177808029989,0.8501778080299767,0.012600698358796736,-0.0010790413949997215,0.01152165696379805,-7.346939320752779e-16,2.915290530553598e-14,0.0,0.0,0.8359640957592127,1.0,0.8359640957592127,1.0,0,0
FEM,16.0,0.8394436266699072,0.8514215442648769,0.8514215442648894,0.8514215442648769,0.012437362349002612,-0.0010650544153118567,0.011372307933691487,-9.114459912447272e-16,3.664145040036531e-14,0.0,0.0,0.8380903821886148,1.0,0.8380903821886148,1.0,0,0
FEM,16.1,0.8415248237773777,0.8526491586257028,0.8526491586257154,0.8526491586257028,0.012276143608258572,-0.0010512487394866155,0.01122489486877397,-1.3370978349319055e-15,5.445919653596613e-14,0.0,-1.1102230246251565e-16,0.8401891078427081,1.0,0.8401891078427081,1.0,0,0
FEM,16.2,0.8435790437685933,0.853860860094485,0.8538608600944977,0.853860860094485,0.012117014687822447,-0.0010376220175099325,0.011079392670312247,-1.1696584795010435e-15,4.8265125925635735e-14,0.0,0.0,0.8422606299068434,1.0,0.8422606299068434,1.0,0,0
FEM,16.3,0.8456066363110248,0.8550568549439974,0.8550568549440102,0.8550568549439974,0.011959948495123829,-0.0010241719298172223,0.010935776565307517,-8.536605565500916e-16,3.568830404654768e-14,0.0,-1.1102230246251565e-16,0.8443053009412199,1.0,0.8443053009412199,1.0,0,0
FEM,16.400000000000002,0.8476079465415574,0.8562373467729104,0.8562373467729235,0.8562373467729104,0.011804918289129995,-0.0010108961869001363,0.010794022102232834,-5.853061192998259e-16,2.479077385223004e-14,0.0,-2.220446049250313e-16,0.846323468940464,1.0,0.846323468940464,1.0,0,0
FEM,16.5,0.8495833151250295,0.8574025365404856,0.8574025365404985,0.8574025365404856,0.01165189767575181,-0.0009977925289187286,0.010654105146831398,-1.2051093494424778e-15,5.1713007742526715e-14,0.0,1.1102230246251565e-16,0.8483154773924878,1.0,0.8483154773924878,1.0,0,0
FEM,16.6,0.851533078312038,0.8585526226008142,0.8585526226008273,0.8585526226008142,0.011500860603286256,-0.0009848587253177277,0.010516001877971092,-1.2225624633206526e-15,5.315091215744243e-14,0.0,0.0,0.8502816653365923,1.0,0.8502816653365923,1.0,0,0
FEM,16.7,0.853457567996004,0.8596878007366145,0.8596878007366276,0.8596878007366145,0.011351781358003299,-0.0009720925744464508,0.010379688783557346,-1.7515375034962786e-15,7.714813421161257e-14,0.0,-1.1102230246251565e-16,0.8522223674208436,1.0,0.8522223674208436,1.0,0,0
FEM,16.8,0.8553571117695181,0.8608082641925828,0.8608082641925965,0.8608082641925828,0.011204634559682791,-0.0009594919031867713,0.010245142656501106,-1.4257567735210131e-15,6.362352854643451e-14,0.0,-3.3306690738754696e-16,0.85413791395875,1.0,0.85413791395875,1.0,0,0
FEM,16.900000000000002,0.8572320329799664,0.8619142037083154,0.8619142037083289,0.8619142037083154,0.01105939515732568,-0.0009470545665822964,0.01011234059074196,-1.1579575663676726e-15,5.235175838710866e-14,0.0,0.0,0.8560286309851883,1.0,0.8560286309851883,1.0,0,0
FEM,17.0,0.8590826507844453,0.8630058075507956,0.863005807550809,0.8630058075507956,0.010916038424801933,-0.000934778447475778,0.009981259977325428,-1.1482831795606076e-15,5.2596149577106364e-14,0.0,0.0,0.8578948403116624,1.0,0.8578948403116624,1.0,0,0
FEM,17.1,0.8609092802039809,0.8640832615464635,0.864083261546477,0.8640832615464635,0.01077453995667943,-0.0009226614561471326,0.009851878500532476,-1.4484187165083283e-15,6.721487517480512e-14,0.0,2.220446049250313e-16,0.8597368595808331,1.0,0.8597368595808331,1.0,0,0
FEM,17.2,0.8627122321770495,0.8651467491128655,0.8651467491128791,0.8651467491128655,0.01063487566401955,-0.0009107015299602856,0.009724174134062034,-1.0532249070549938e-15,4.951749979636248e-14,0.0,-1.1102230246251565e-16,0.8615550023203744,1.0,0.8615550023203744,1.0,0,0
FEM,17.3,0.8644918136124148,0.8661964512898928,0.8661964512899066,0.8661964512898928,0.010497021770272674,-0.0008988966330110192,0.009598125137263571,-8.987612493431205e-16,4.281029748305895e-14,0.0,-2.220446049250313e-16,0.8633495779961398,1.0,0.8633495779961398,1.0,0,0
FEM,17.400000000000002,0.8662483274412903,0.867232546770613,0.8672325467706269,0.867232546770613,0.01036095480720256,-0.000887244755781765,0.00947371005142127,-1.0286961034519301e-15,4.9642920106976735e-14,0.0,-1.1102230246251565e-16,0.8651208920646537,1.0,0.8651208920646537,1.0,0,0
FEM,17.5,0.8679820726688301,0.8682552119317016,0.8682552119317156,0.8682552119317016,0.010226651610886206,-0.0008757439147999489,0.009350907696086978,-7.362982124773775e-16,3.5998987767098994e-14,0.0,-1.1102230246251565e-16,0.8668692460249319,1.0,0.8668692460249319,1.0,0,0
FEM,17.6,0.8696933444249587,0.8692646208634778,0.8692646208634919,0.8692646208634778,0.010094089317761457,-0.0008643921523002491,0.009229697165461778,-1.4592950430675471e-15,7.228463099190857e-14,0.0,0.0,0.8685949374696501,1.0,0.8685949374696501,1.0,0,0
FEM,17.7,0.8713824340145496,0.8702609453995495,0.8702609453995637,0.8702609453995495,0.0099632453607168,-0.0008531875358920062,0.009110057824826275,-1.4051162746623203e-15,7.05149890317027e-14,0.0,0.0,0.8702982601356447,1.0,0.8702982601356447,1.0,0,0
FEM,17.8,0.8730496289669571,0.871244355146074,0.8712443551460884,0.871244355146074,0.00983409746524555,-0.0008421281582299991,0.008991969307017626,-1.7555820858194179e-15,8.925994947800718e-14,0.0,0.0,0.871979503953787,1.0,0.871979503953787,1.0,0,0
FEM,17.900000000000002,0.8746952130849103,0.8722150175106383,0.8722150175106529,0.8722150175106383,0.009706623645643342,-0.0008312121366913865,0.008875411508953232,-1.1757126474915437e-15,6.056238968424235e-14,0.0,0.0,0.8736389550982036,1.0,0.8736389550982036,1.0,0,0
FEM,18.0,0.8763194664927793,0.8731730977307637,0.8731730977307782,0.8731730977307637,0.009580802201253347,-0.0008204376130533067,0.00876036458820049,-1.3059892793945704e-15,6.815657248532342e-14,0.0,0.0,0.8752768960348749,1.0,0.8752768960348749,1.0,0,0
FEM,18.1,0.8779226656842184,0.8741187589020406,0.8741187589020554,0.8741187589020406,0.009456611712769236,-0.000809802753179688,0.008646808959591551,-1.516416827448009e-15,8.017759814544544e-14,0.0,-1.1102230246251565e-16,0.8768936055696045,1.0,0.8768936055696045,1.0,0,0
FEM,18.2,0.8795050835691959,0.8750521620058995,0.8750521620059143,0.8750521620058995,0.009334031038589208,-0.0007993057467061727,0.008534725291882792,-1.0419530161094072e-15,5.5814739194766315e-14,0.0,0.0,0.8784893588953913,1.0,0.8784893588953913,1.0,0,0
FEM,18.3,0.8810669895204158,0.8759734659370184,0.8759734659370335,0.8759734659370184,0.009213039311188886,-0.0007889448067342174,0.008424094504457753,-1.598352018501812e-15,8.674401381096934e-14,0.0,0.0,0.8800644276391638,1.0,0.8800644276391638,1.0,0,0
FEM,18.400000000000002,0.8826086494191431,0.8768828275303786,0.8768828275303936,0.8768828275303786,0.009093615933601917,-0.0007787181695264721,0.008314897764073986,-1.3916603092622385e-15,7.651853340979638e-14,0.0,2.220446049250313e-16,0.8816190799079439,1.0,0.8816190799079439,1.0,0,0
FEM,18.5,0.8841303257004354,0.877780401587964,0.8777804015879794,0.877780401587964,0.00897574057585393,-0.0007686240942061805,0.008207116481651951,-1.3358302501263394e-15,7.441337229150805e-14,0.0,-1.1102230246251565e-16,0.8831535803343961,1.0,0.8831535803343961,1.0,0,0
FEM,18.6,0.885632277397792,0.878666340905121,0.8786663409051363,0.878666340905121,0.008859393171569696,-0.0007586608624617921,0.008100732309106561,-1.2683107128018574e-15,7.15799992301976e-14,0.0,0.0,0.8846681901218069,1.0,0.8846681901218069,1.0,0,0
FEM,18.7,0.8871147601872256,0.879540796296568,0.8795407962965837,0.879540796296568,0.008744553914470377,-0.0007488267782540968,0.00799572713621935,-1.708146123190809e-15,9.766914012411145e-14,0.0,0.0,0.8861631670884726,1.0,0.8861631670884726,1.0,0,0
FEM,18.8,0.8885780264307646,0.8804039166220758,0.8804039166220916,0.8804039166220758,0.008631203255078379,-0.0007391201675272106,0.007892083087552572,-1.5172248968796896e-15,8.789185308472896e-14,0.0,0.0,0.8876387657115278,1.0,0.8876387657115278,1.0,0,0
FEM,18.900000000000002,0.890022325219393,0.8812558488118086,0.8812558488118244,0.8812558488118086,0.008519321897327847,-0.0007295393779253459,0.007789782519402634,-6.993895988337186e-16,4.1047257473219924e-14,0.0,-1.1102230246251565e-16,0.8890952371702018,1.0,0.8890952371702018,1.0,0,0
FEM,19.0,0.8914479024154365,0.8820967378913387,0.8820967378913547,0.8820967378913387,0.008408890795300605,-0.0007200827785092392,0.0076888080167939726,-1.4183676816056402e-15,8.433738266633748e-14,0.0,-1.1102230246251565e-16,0.8905328293885152,1.0,0.8905328293885152,1.0,0,0
FEM,19.1,0.8928550006943996,0.882926727006338,0.8829267270063539,0.882926727006338,0.008299891149993188,-0.0007107487594806756,0.007589142390511762,-1.0313507047086251e-15,6.213037533085708e-14,0.0,1.1102230246251565e-16,0.8919517870774354,1.0,0.8919517870774354,1.0,0,0
FEM,19.200000000000003,0.8942438595862608,0.883745957446946,0.883745957446962,0.883745957446946,0.008192304406079431,-0.0007015357319071439,0.007490768674173965,-1.3609989871210537e-15,8.306569920124854e-14,0.0,0.0,0.8933523517764846,1.0,0.8933523517764846,1.0,0,0
FEM,19.3,0.8956147155162357,0.884554568671825,0.8845545686718413,0.884554568671825,0.008086112248790744,-0.0006924421274522867,0.007393670121340226,-6.356787451565656e-16,3.930682172088076e-14,0.0,-2.220446049250313e-16,0.8947347618948113,1.0,0.8947347618948113,1.0,0,0
FEM,19.400000000000002,0.8969678018450106,0.885352698331902,0.8853526983319182,0.885352698331902,0.007981296600769738,-0.0006834663981086222,0.007297830202659811,-1.2469532005533138e-15,7.811720719871231e-14,0.0,0.0,0.8960992527517272,1.0,0.8960992527517272,1.0,0,0
FEM,19.5,0.898303348908458,0.8861404822938007,0.8861404822938171,0.8861404822938007,0.007877839618987137,-0.0006746070159337489,0.007203232603055841,-1.3659210955775485e-15,8.669388827650149e-14,0.0,0.0,0.8974460566167297,1.0,0.8974460566167297,1.0,0,0
FEM,19.6,0.8996215840568355,0.8869180546629744,0.886918054662991,0.8869180546629744,0.0077757236917364025,-0.0006658624727912876,0.007109861218946925,-1.2826691918072387e-15,8.247908764879579e-14,0.0,-1.1102230246251565e-16,0.8987754027490023,1.0,0.8987754027490023,1.0,0,0
FEM,19.700000000000003,0.9009227316934789,0.887685547806534,0.8876855478065506,0.887685547806534,0.007674931435596166,-0.0006572312800930196,0.0070177001555036846,-1.3184808977842032e-15,8.589528837150721e-14,0.0,-1.1102230246251565e-16,0.9000875174364075,1.0,0.9000875174364075,1.0,0,0
FEM,19.8,0.9022070133129952,0.8884430923757827,0.8884430923757994,0.8884430923757827,0.007575445692487026,-0.0006487119685461961,0.006926733723942406,-1.2835018251943896e-15,8.471460804393155e-14,0.0,-2.220446049250313e-16,0.9013826240339715,1.0,0.9013826240339715,1.0,0,0
FEM,19.900000000000002,0.903474647538958,0.8891908173284582,0.889190817328475,0.8891908173284582,0.007477249526754992,-0.0006403030879036401,0.006836946438852867,-1.0743422854629908e-15,7.184074047674114e-14,0.0,0.0,0.902660943001882,1.0,0.902660943001882,1.0,0,0
FEM,20.0,0.9047258501611191,0.8899288499506859,0.8899288499507028,0.8899288499506859,0.007380326222277134,-0.0006320032067161775,0.006748323015561363,-1.1942300582679435e-15,8.09063191992238e-14,0.0,0.0,0.9039226919429812,1.0,0.9039226919429812,1.0,0,0
FEM,20.1,0.9059608341721345,0.8906573158786475,0.8906573158786645,0.8906573158786475,0.007284659279616079,-0.0006238109120894496,0.006660848367527904,-1.2561964475902264e-15,8.622204549121489e-14,0.0,0.0,0.9051680856397885,1.0,0.9051680856397885,1.0,0,0
FEM,20.200000000000003,0.9071798098038181,0.8913763391199694,0.8913763391199866,0.8913763391199694,0.007190232413218922,-0.000615724809443867,0.006574507603777058,-1.0649872300770406e-15,7.405791418640104e-14,0.0,0.0,0.906397336091032,1.0,0.906397336091032,1.0,0,0
FEM,20.3,0.9083829845629223,0.8920860420748333,0.8920860420748504,0.8920860420748333,0.007097029548639444,-0.0006077435222761923,0.00648928602636233,-9.20173395216762e-16,6.482806566538998e-14,0.0,0.0,0.9076106525477179,1.0,0.9076106525477179,1.0,0,0
FEM,20.400000000000002,0.9095705632664592,0.892786545556812,0.8927865455568295,0.892786545556812,0.007005034819786982,-0.0005998656919257452,0.0064051691278640644,-1.999138362989393e-15,1.4269296401939812e-13,0.0,0.0,0.9088082415487276,1.0,0.9088082415487276,1.0,0,0
FEM,20.5,0.9107427480765607,0.8934779688134382,0.8934779688134556,0.8934779688134382,0.006914232566261891,-0.0005920899773435048,0.006322142588918186,-1.5176462957709486e-15,1.0974799308721188e-13,0.0,2.220446049250313e-16,0.9099903069559578,1.0,0.9099903069559578,1.0,0,0
FEM,20.6,0.9118997385348898,0.8941604295465022,0.8941604295465199,0.8941604295465022,0.006824607330639942,-0.0005844150548636466,0.006240192275778769,-1.2399461204971526e-15,9.08437702290967e-14,0.0,0.0,0.9111570499890047,1.0,0.9111570499890047,1.0,0,0
FEM,20.700000000000003,0.9130417315966037,0.894834043932091,0.8948340439321087,0.894834043932091,0.006736143855887722,-0.0005768396179776376,0.006159304237911389,-1.5211915521716815e-15,1.1291263850028514e-13,0.0,0.0,0.9123086692593979,1.0,0.9123086692593979,1.0,0,0
FEM,20.8,0.9141689216638792,0.8954989266403638,0.8954989266403819,0.8954989266403638,0.0066488270827280704,-0.0005693623771128821,0.006079464705618128,-1.3824297677195348e-15,1.0396042418597586e-13,0.0,-2.220446049250313e-16,0.9134453608043925,1.0,0.9134453608043925,1.0,0,0
FEM,20.900000000000002,0.9152815006190027,0.8961551908550743,0.8961551908550923,0.8961551908550743,0.006562642147105446,-0.0005619820594121908,0.006000660087692691,-1.2663862539456956e-15,9.648448182599055e-14,0.0,1.1102230246251565e-16,0.9145673181203313,1.0,0.9145673181203313,1.0,0,0
FEM,21.0,0.916379657857031,0.8968029482928366,0.8968029482928547,0.8968029482928366,0.006477574377622419,-0.0005546974085175486,0.005922876969106525,-1.3837659621938284e-15,1.0681204734399053e-13,0.0,-2.220446049250313e-16,0.9156747321955624,1.0,0.9156747321955624,1.0,0,0
FEM,21.1,0.9174635803180299,0.8974423092221446,0.8974423092221628,0.8974423092221446,0.006393609293080527,-0.0005475071843564494,0.005846102108725246,-1.6101257764686468e-15,1.2591681026013395e-13,0.0,0.0,0.9167677915429394,1.0,0.9167677915429394,1.0,0,0
FEM,21.200000000000003,0.918533452518895,0.898073382482143,0.8980733824821613,0.898073382482143,0.006310732599983382,-0.000540410162930762,0.005770322437053843,-1.0578725768365781e-15,8.381535424581777e-14,0.0,0.0,0.9178466822318975,1.0,0.9178466822318975,1.0,0,0
FEM,21.3,0.9195894565847592,0.8986962755011549,0.8986962755011733,0.8986962755011549,0.006228930190119719,-0.0005334051361076556,0.0056955250540118635,-9.006408154530778e-16,7.229498388677415e-14,0.0,1.1102230246251565e-16,0.9189115879201232,1.0,0.9189115879201232,1.0,0,0
FEM,21.400000000000002,0.9206317722799945,0.8993110943149702,0.8993110943149886,0.8993110943149702,0.006148188138153099,-0.0005264909114156549,0.005621697226737072,-1.3280422056928098e-15,1.080027298979005e-13,0.0,1.1102230246251565e-16,0.9199626898847955,1.0,0.9199626898847955,1.0,0,0
FEM,21.5,0.9216605770388115,0.8999179435848956,0.8999179435849143,0.8999179435848956,0.006068492699253802,-0.0005196663118393623,0.0055488263874174625,-8.468779402249528e-16,6.977663006242689e-14,0.0,2.220446049250313e-16,0.9210001670534429,1.0,0.9210001670534429,1.0,0,0
FEM,21.6,0.9226760459954619,0.9005169266155729,0.9005169266155916,0.9005169266155729,0.005989830306772914,-0.000512930175620831,0.005476900131152261,-1.498628712039195e-15,1.2509776031089063e-13,0.0,1.1102230246251565e-16,0.9220241960343916,1.0,0.9220241960343916,1.0,0,0
FEM,21.700000000000003,0.9236783520140516,0.9011081453725628,0.9011081453725817,0.9011081453725628,0.0059121875698986415,-0.0005062813560610883,0.0054059062138395045,-9.72123196421289e-16,8.221349415321364e-14,0.0,0.0,0.9230349511468169,1.0,0.9230349511468169,1.0,0,0
FEM,21.8,0.9246676657179635,0.9016917004997045,0.9016917004997234,0.9016917004997045,0.005835551271416994,-0.0004997187213255879,0.005335832550091945,-1.070139307978715e-15,9.169136369517437e-14,0.0,0.0,0.9240326044504071,1.0,0.9240326044504071,1.0,0,0
FEM,21.900000000000002,0.9256441555189037,0.9022676913362473,0.9022676913362663,0.9022676913362473,0.005759908365428057,-0.0004932411542500281,0.005266667211179131,-9.42776469414243e-16,8.183953715938056e-14,0.0,0.0,0.9250173257746545,1.0,0.9250173257746545,1.0,0,0
FEM,22.0,0.9266079876455685,0.9028362159337621,0.9028362159337813,0.9028362159337621,0.005685245975147746,-0.000486847552152286,0.005198398422997189,-1.3581491447700166e-15,1.1944506453254338e-13,0.0,-1.1102230246251565e-16,0.9259892827477428,1.0,0.9259892827477428,1.0,0,0
FEM,22.1,0.92755932617194,0.9033973710728327,0.903397371072852,0.9033973710728327,0.0056115513907062375,-0.0004805368266431211,0.005131014564063849,-8.845662476965593e-16,7.881655054977365e-14,0.0,1.1102230246251565e-16,0.926948640825089,1.0,0.926948640825089,1.0,0,0
FEM,22.200000000000003,0.9284983330452162,0.9039512522795308,0.9039512522795502,0.9039512522795308,0.005538812066980814,-0.0004743079034410019,0.00506450416354069,-1.04336967871369e-15,9.418713490331008e-14,0.0,1.1102230246251565e-16,0.9278955633175002,1.0,0.9278955633175002,1.0,0,0
FEM,22.3,0.9294251681133775,0.9044979538416777,0.9044979538416972,0.9044979538416777,0.005467015621469784,-0.0004681597221906262,0.004998855899279574,-1.067976409347901e-15,9.767453427000995e-14,0.0,2.220446049250313e-16,0.9288302114189569,1.0,0.9288302114189569,1.0,0,0
FEM,22.400000000000002,0.9303399891523982,0.9050375688248951,0.9050375688249148,0.9050375688248951,0.005396149832173069,-0.00046209123628072587,0.004934058595895782,-1.1581057971334421e-15,1.0730852859460866e-13,0.0,-1.1102230246251565e-16,0.9297527442340585,1.0,0.9297527442340585,1.0,0,0
FEM,22.5,0.9312429518931022,0.9055701890884484,0.905570189088468,0.9055701890884484,0.00532620263553385,-0.00045610141266683884,0.004870101222865179,-1.5924477753429759e-15,1.4949185041507883e-13,0.0,1.1102230246251565e-16,0.9306633188050986,1.0,0.9306633188050986,1.0,0,0
FEM,22.6,0.932134210047674,0.9060959053008824,0.9060959053009021,0.9060959053008824,0.005257162124339132,-0.00045018923169481214,0.004806972892646637,-1.094631265648573e-15,1.0410857034259104e-13,0.0,0.0,0.9315620901387884,1.0,0.9315620901387884,1.0,0,0
FEM,22.700000000000003,0.9330139153358242,0.906614806955458,0.9066148069554778,0.906614806955458,0.005189016545756875,-0.0004443536869285377,0.0047446628588284296,-1.3716072277524666e-15,1.3216446851321326e-13,0.0,2.220446049250313e-16,0.9324492112326512,1.0,0.9324492112326512,1.0,0,0
FEM,22.8,0.9338822175106155,0.9071269823853854,0.9071269823854055,0.9071269823853854,0.005121754299273196,-0.00043859378497727647,0.004683160514298996,-1.6260851477443387e-15,1.5874298655585648e-13,0.0,-1.1102230246251565e-16,0.9333248331010443,1.0,0.9333248331010443,1.0,0,0
FEM,22.900000000000002,0.934739264383955,0.9076325187788623,0.9076325187788822,0.9076325187788623,0.0050553639347694634,-0.0004329085453262235,0.004622455389440766,-1.3292809913781692e-15,1.314723339932116e-13,0.0,3.3306690738754696e-16,0.9341891048008744,1.0,0.9341891048008744,1.0,0,0
FEM,23.0,0.9355852018517561,0.908131502193914,0.9081315021939342,0.908131502193914,0.004989834150517236,-0.00042729700017221195,0.004562537150348817,-1.2373618229750798e-15,1.2398827151863825e-13,0.0,0.0,0.9350421734569688,1.0,0.9350421734569688,1.0,0,0
FEM,23.1,0.936420173918774,0.9086240175730462,0.9086240175730668,0.9086240175730462,0.004925153791321968,-0.00042175819425487515,0.004503395597070369,-1.0552086582174634e-15,1.0712443742126093e-13,0.0,-2.220446049250313e-16,0.9358841842871114,1.0,0.9358841842871114,1.0,0,0
FEM,23.200000000000003,0.9372443227231189,0.909110148757703,0.9091101487577236,0.909110148757703,0.004861311846567906,-0.00041629118469863795,0.004445020661869534,-1.2646832942052409e-15,1.3007633886911356e-13,0.0,0.0,0.9367152806267551,1.0,0.9367152806267551,1.0,0,0
FEM,23.3,0.9380577885604512,0.9095899785025391,0.9095899785025596,0.9095899785025391,0.004798297448360689,-0.00041089504084784864,0.004387402407512693,-1.6298040458992587e-15,1.6983149371618225e-13,0.0,1.1102230246251565e-16,0.9375356039534284,1.0,0.9375356039534284,1.0,0,0
FEM,23.400000000000002,0.9388607099078656,0.9100635884895077,0.9100635884895285,0.9100635884895077,0.004736099869686594,-0.000405568844111457,0.004330531025577461,-1.3478822584163472e-15,1.4229875799739112e-13,0.0,-1.1102230246251565e-16,0.9383452939108122,1.0,0.9383452939108122,1.0,0,0
FEM,23.5,0.939653223447462,0.9105310593417664,0.9105310593417874,0.9105310593417664,0.004674708522586224,-0.00040031168780562364,0.004274396834782348,-1.0340535868433136e-15,1.1060086226200077e-13,0.0,-1.1102230246251565e-16,0.939144488332505,1.0,0.939144488332505,1.0,0,0
FEM,23.6,0.9404354640896138,0.9109924706374001,0.9109924706374212,0.9109924706374001,0.004614112956337069,-0.000395122676999227,0.004218990279339261,-9.945987921602083e-16,1.0777789811084528e-13,0.0,-1.1102230246251565e-16,0.939933323265486,1.0,0.939933323265486,1.0,0,0
FEM,23.700000000000003,0.9412075649959323,0.9114479009229689,0.9114479009229899,0.9114479009229689,0.0045543028556882525,-0.0003900009283607875,0.004164301927326294,-1.4524133238875796e-15,1.5945506589155846e-13,0.0,0.0,0.940711932993274,1.0,0.940711932993274,1.0,0,0
FEM,23.8,0.9419696576019363,0.9118974277268781,0.9118974277268991,0.9118974277268781,0.004495268039091949,-0.0003849455700101524,0.004110322469082244,-1.0773505229751644e-15,1.1983162223100019e-13,0.0,0.0,0.9414804500587828,1.0,0.9414804500587828,1.0,0,0
FEM,23.900000000000002,0.942721871639424,0.9123411275725768,0.9123411275725981,0.9123411275725768,0.004436998456986974,-0.0003799557413681528,0.004057042715622157,-1.3804841330396916e-15,1.5556509050226443e-13,0.0,0.0,0.9422390052868771,1.0,0.9422390052868771,1.0,0,0
FEM,24.0,0.9434643351585597,0.912779075991585,0.9127790759916065,0.912779075991585,0.004379484190082383,-0.00037503059301093587,0.004004453597072428,-9.9828169141487e-16,1.1397251914682438e-13,0.0,0.0,0.9429877278066462,1.0,0.9429877278066462,1.0,0,0
FEM,24.1,0.9441971745496691,0.9132113475363501,0.9132113475363717,0.9132113475363501,0.00432271544765106,-0.0003701692865250236,0.003952546161127467,-1.4640494390004855e-15,1.6934372117829314e-13,0.0,-2.220446049250313e-16,0.9437267450733834,1.0,0.9437267450733834,1.0,0,0
FEM,24.200000000000003,0.944920514564756,0.9136380157929391,0.9136380157929607,0.9136380157929391,0.004266682565889912,-0.0003653709943652521,0.003901311571525148,-9.558796455917933e-16,1.1201672855083474e-13,0.0,0.0,0.9444561828902748,1.0,0.9444561828902748,1.0,0,0
FEM,24.3,0.9456344783387386,0.9140591533935647,0.9140591533935862,0.9140591533935647,0.0042113760062556516,-0.0003606348997130641,0.003850741106543056,-1.3530775349983315e-15,1.6064553877264476e-13,0.0,-2.220446049250313e-16,0.9451761654298222,1.0,0.9451761654298222,1.0,0,0
FEM,24.400000000000002,0.9463391874104108,0.9144748320289497,0.9144748320289714,0.9144748320289497,0.004156786353850528,-0.0003559601963378377,0.0038008261575134235,-1.2359506660849541e-15,1.4866660935556088e-13,0.0,0.0,0.945886815254972,1.0,0.945886815254972,1.0,0,0
FEM,24.5,0.947034761743131,0.9148851224605312,0.9148851224605532,0.9148851224605312,0.004102904315814726,-0.00035134608846010794,0.0037515582273578464,-1.214526661750051e-15,1.4800816303077752e-13,0.0,0.0,0.9465882533399812,1.0,0.9465882533399812,1.0,0,0
FEM,24.6,0.9477213197452441,0.9152900945325071,0.9152900945325287,0.9152900945325071,0.0040497207197587315,-0.00034679179061512734,0.0037029289291407464,-9.521802291946602e-16,1.1756122151205083e-13,0.0,3.3306690738754696e-16,0.9472805990910061,1.0,0.9472805990910061,1.0,0,0
FEM,24.700000000000003,0.9483989782902378,0.9156898171837229,0.9156898171837449,0.9156898171837229,0.0039972265121579476,-0.0003422965275199758,0.003654929984641647,-1.2005929697677178e-15,1.5017825060894687e-13,0.0,0.0,0.9479639703664318,1.0,0.9479639703664318,1.0,0,0
FEM,24.8,0.9490678527366376,0.9160843584594115,0.9160843584594335,0.9160843584594115,0.003945412756886091,-0.00033785953394051054,0.0036075532229460946,-9.95413637855467e-16,1.2614822569806742e-13,0.0,0.0,0.9486384834969307,1.0,0.9486384834969307,1.0,0,0
FEM,24.900000000000002,0.9497280569476452,0.916473785522773,0.9164737855227952,0.916473785522773,0.00389427063361536,-0.0003334800545634299,0.003560790579054282,-1.2751962436300876e-15,1.6372722437703782e-13,0.0,-2.220446049250313e-16,0.9493042533052648,1.0,0.9493042533052648,1.0,0,0
FEM,25.0,0.9503797033105202,0.9168581646664102,0.9168581646664326,0.9168581646664102,0.003843791436372035,-0.0003291573438645775,0.0035146340925088183,-1.6168711233441064e-15,2.1032243165486431e-13,0.0,0.0,0.9499613931258312,1.0,0.9499613931258312,1.0,0,0
FEM,25.1,0.9510229027557131,0.9172375613236126,0.9172375613236349,0.9172375613236126,0.003793966572023244,-0.00032489066598434557,0.0034690759060388545,-1.4669767848661964e-15,1.9333022010311183e-13,0.0,0.0,0.9506100148239572,1.0,0.9506100148239572,1.0,0,0
FEM,25.200000000000003,0.9516577647757473,0.9176120400794948,0.9176120400795174,0.9176120400794948,0.003744787558822571,-0.0003206792946018588,0.003424108264223098,-1.7556676361470906e-15,2.344148511188903e-13,0.0,2.220446049250313e-16,0.9512502288149314,1.0,0.9512502288149314,1.0,0,0
FEM,25.3,0.9522843974438596,0.9179816646819927,0.9179816646820154,0.9179816646819927,0.0036962460249789775,-0.0003165225128106203,0.0033797235121692804,-1.2106582622799407e-15,1.6376862553226218e-13,0.0,0.0,0.9518821440828162,1.0,0.9518821440828162,1.0,0,0
FEM,25.400000000000002,0.9529029074323971,0.9183464980527134,0.9183464980527362,0.9183464980527134,0.0036483337072068522,-0.0003124196129967395,0.003335914094211161,-1.1804839840834271e-15,1.617839922032558e-13,0.0,-1.1102230246251565e-16,0.9525058681989804,1.0,0.9525058681989804,1.0,0,0
FEM,25.5,0.9535134000309751,0.9187066022976473,0.9187066022976703,0.9187066022976473,0.0036010424493393423,-0.00030836989671924515,0.0032926725526223714,-1.3009651034679316e-15,1.8063729069705908e-13,0.0,-2.220446049250313e-16,0.9531215073404237,1.0,0.9531215073404237,1.0,0,0
FEM,25.6,0.9541159791644018,0.9190620387177411,0.919062038717764,0.9190620387177411,0.0035543642009372434,-0.00030437267459100265,0.0032499915263467516,-1.72568986959434e-15,2.4275647795731963e-13,0.0,0.0,0.9537291663078461,1.0,0.9537291663078461,1.0,0,0
FEM,25.700000000000003,0.9547107474103688,0.9194128678193315,0.9194128678193546,0.9194128678193315,0.003508291015904552,-0.000300427266160021,0.0032078637497454177,-1.185550088140955e-15,1.6896404585112956e-13,0.0,1.1102230246251565e-16,0.9543289485434868,1.0,0.9543289485434868,1.0,0,0
FEM,25.8,0.9552978060169127,0.9197591493244469,0.9197591493244701,0.9197591493244469,0.003462815051153978,-0.00029653299979530336,0.003166282051359559,-1.0689017928427764e-15,1.5434000618751354e-13,0.0,1.1102230246251565e-16,0.9549209561487331,1.0,0.9549209561487331,1.0,0,0
FEM,25.900000000000002,0.9558772549196514,0.9201009421809727,0.9201009421809964,0.9201009421809727,0.0034179285652580216,-0.0002926892125716987,0.0031252393526902886,-1.0668697608023133e-15,1.5606963990500423e-13,0.0,-3.3306690738754696e-16,0.9555052899014973,1.0,0.9555052899014973,1.0,0,0
FEM,26.0,0.9564491927587958,0.9204383045726878,0.9204383045727114,0.9204383045726878,0.003373623917151125,-0.000288895250156918,0.0030847286669928187,-8.97798596398566e-16,1.330614523798049e-13,0.0,0.0,0.9560820492733805,1.0,0.9560820492733805,1.0,0,0
FEM,26.1,0.9570137168959408,0.9207712939291667,0.9207712939291902,0.9207712939291667,0.003329893564788522,-0.0002851504667004481,0.003044743098088027,-1.3165200165113095e-15,1.9768199657080174e-13,0.0,1.1102230246251565e-16,0.9566513324465933,1.0,0.9566513324465933,1.0,0,0
FEM,26.200000000000003,0.9575709234306405,0.9210999669355575,0.9210999669355814,0.9210999669355575,0.0032867300639083386,-0.00028145422472394734,0.0030052758391876776,-1.0064479360593487e-15,1.531077874497018e-13,0.0,-1.1102230246251565e-16,0.9572132363306796,1.0,0.9572132363306796,1.0,0,0
FEM,26.3,0.9581209072167652,0.9214243795422323,0.9214243795422562,0.9214243795422323,0.0032441260667481764,-0.0002778058950120984,0.002966320171736172,-1.3203824867507891e-15,2.0350357223852978e-13,0.0,0.0,0.957767856579005,1.0,0.957767856579005,1.0,0,0
FEM,26.400000000000002,0.9586637618786502,0.9217445869743095,0.9217445869743335,0.9217445869743095,0.003202074320771686,-0.0002742048565057689,0.002927869464266742,-1.1814479075774025e-15,1.8448164989695283e-13,0.0,0.0,0.9583152876050458,1.0,0.9583152876050458,1.0,0,0
FEM,26.5,0.9591995798270334,0.9220606437410561,0.9220606437410803,0.9220606437410561,0.0031605676674661964,-0.0002706504961959374,0.002889917171272495,-1.2980665567224273e-15,2.0535338795049727e-13,0.0,-1.1102230246251565e-16,0.958855622598452,1.0,0.958855622598452,1.0,0,0
FEM,26.6,0.9597284522747858,0.9223726036451672,0.9223726036451916,0.9223726036451672,0.003119599041110366,-0.00026714220902015063,0.002852456832092219,-1.709417096128164e-15,2.7398025733447756e-13,0.0,-2.220446049250313e-16,0.959388953540921,1.0,0.959388953540921,1.0,0,0
FEM,26.700000000000003,0.9602504692524381,0.922680519791924,0.9226805197919485,0.922680519791924,0.003079161467568481,-0.0002636793977587704,0.0028154820698103643,-1.2437230404089596e-15,2.0195807422060222e-13,0.0,-1.1102230246251565e-16,0.9599153712218504,1.0,0.9599153712218504,1.0,0,0
FEM,26.8,0.9607657196235087,0.9229844445982346,0.9229844445982591,0.9229844445982346,0.0030392480631058483,-0.00026026147293363715,0.0027789865901720993,-1.148237439781456e-15,1.8890156643023042e-13,0.0,1.1102230246251565e-16,0.9604349652537891,1.0,0.9604349652537891,1.0,0,0
FEM,26.900000000000002,0.9612742910996291,0.9232844298015564,0.923284429801581,0.9232844298015564,0.0029998520332186196,-0.00025688785270757786,0.002742964180511149,-1.1327617243186462e-15,1.8880293290720346e-13,0.0,1.1102230246251565e-16,0.9609478240876973,1.0,0.9609478240876973,1.0,0,0
FEM,27.0,0.9617762702554757,0.9235805264687038,0.9235805264687288,0.9235805264687038,0.0029609666714736083,-0.00025355796278576513,0.002707408708692477,-1.8253466839705974e-15,3.082349257009256e-13,0.0,-3.3306690738754696e-16,0.9614540350280034,1.0,0.9614540350280034,1.0,0,0
FEM,27.1,0.9622717425435079,0.9238727850045423,0.9238727850045674,0.9238727850045423,0.002922585358384744,-0.0002502712363169769,0.002672314122068416,-1.2837902399129297e-15,2.1963263386468088e-13,0.0,-2.220446049250313e-16,0.9619536842474583,1.0,0.9619536842474583,1.0,0,0
FEM,27.200000000000003,0.9627607923085142,0.9241612551605669,0.9241612551605921,0.9241612551605669,0.002884701560246228,-0.00024702711379831694,0.002637674446448482,-1.057612537721771e-15,1.8331403017499537e-13,0.0,-2.220446049250313e-16,0.9624468568018139,1.0,0.9624468568018139,1.0,0,0
FEM,27.3,0.9632435028019699,0.9244459860433729,0.9244459860433982,0.9244459860433729,0.002847308828060058,-0.0002438250429794486,0.0026034837850819528,-1.5105371482446433e-15,2.6525699168246767e-13,0.0,0.0,0.9629336366442942,1.0,0.9629336366442942,1.0,0,0
FEM,27.400000000000002,0.9637199561962104,0.9247270261230152,0.9247270261230405,0.9247270261230152,0.002810400796422474,-0.0002406644787680928,0.002569736317654476,-1.186430578889626e-15,2.1107853733885284e-13,0.0,-2.220446049250313e-16,0.9634141066398936,1.0,0.9634141066398936,1.0,0,0
FEM,27.5,0.9641902335984182,0.9250044232412586,0.925004423241284,0.9250044232412586,0.002773971182434831,-0.0002375448831377717,0.002536426299297024,-1.6578997052432102e-15,2.9883145790072927e-13,0.0,2.220446049250313e-16,0.9638883485794749,1.0,0.9638883485794749,1.0,0,0
FEM,27.6,0.9646544150644307,0.9252782246197229,0.9252782246197484,0.9252782246197229,0.0027380137846422237,-0.00023446572503648907,0.0025035480596081244,-8.668365775611059e-16,1.5829660581383765e-13,0.0,-1.1102230246251565e-16,0.9643564431936988,1.0,0.9643564431936988,1.0,0,0
FEM,27.700000000000003,0.9651125796123668,0.9255484768679212,0.9255484768679468,0.9255484768679212,0.002702522481983216,-0.0002314264802958304,0.002471096001688346,-1.0223662262370987e-15,1.8915036471531314e-13,0.0,0.0,0.9648184701667667,1.0,0.9648184701667667,1.0,0,0
FEM,27.8,0.9655648052360809,0.925815225991194,0.9258152259912198,0.925815225991194,0.0026674912327284694,-0.0002284266315416896,0.00243906460118781,-8.54049768189355e-16,1.6008483134087321e-13,0.0,0.0,0.9652745081499767,1.0,0.9652745081499767,1.0,0,0
FEM,27.900000000000002,0.9660111689184357,0.9260785173985411,0.9260785173985671,0.9260785173985411,0.002632914073470438,-0.00022546566810672684,0.0024074484053654057,-1.072170069469757e-15,2.0360901259040845e-13,0.0,-2.220446049250313e-16,0.9657246347751197,1.0,0.9657246347751197,1.0,0,0
FEM,28.0,0.9664517466444115,0.9263383959103513,0.9263383959103774,0.9263383959103513,0.002598785118101965,-0.000222543085942273,0.0023762420321610405,-1.1851159837554873e-15,2.2801346204043507e-13,0.0,0.0,0.9661689266676954,1.0,0.9661689266676954,1.0,0,0
FEM,28.1,0.9668866134140385,0.9265949057660328,0.9265949057660587,0.9265949057660328,0.00256509855681486,-0.0002196583875345734,0.002345440169278951,-9.151513368724912e-16,1.7838521924262693e-13,0.0,2.220446049250313e-16,0.9666074594599516,1.0,0.9666074594599516,1.0,0,0
FEM,28.200000000000003,0.9673158432551646,0.9268480906315425,0.9268480906315689,0.9268480906315425,0.0025318486550973685,-0.00021681108181785904,0.002315037573283877,-1.1371417316888982e-15,2.2456747748300657e-13,0.0,-1.1102230246251565e-16,0.9670403078037647,1.0,0.9670403078037647,1.0,0,0
FEM,28.3,0.9677395092360573,0.9270979936068224,0.927097993606849,0.9270979936068224,0.0024990297527993643,-0.00021400068409232814,0.0022850290687077236,-8.582569808383671e-16,1.7171803974659493e-13,0.0,-2.220446049250313e-16,0.967467545383339,1.0,0.967467545383339,1.0,0,0
FEM,28.400000000000002,0.968157683477843,0.9273446572331334,0.92734465723316,0.9273446572331334,0.0024666362631098337,-0.00021122671594058927,0.002255409547169748,-1.2432211733877114e-15,2.5200739808717933e-13,0.0,-2.220446049250313e-16,0.9678892449277585,1.0,0.9678892449277585,1.0,0,0
FEM,28.5,0.9685704371667827,0.9275881235002986,0.9275881235003253,0.9275881235002986,0.0024346626716520436,-0.00020848870514735723,0.0022261739665055706,-1.4023104780245405e-15,2.8798865944594e-13,0.0,-1.1102230246251565e-16,0.9683054782233628,1.0,0.9683054782233628,1.0,0,0
FEM,28.6,0.9689778405663914,0.9278284338538512,0.927828433853878,0.9278284338538512,0.0024031035355254193,-0.0002057861856175526,0.0021973173499097855,-1.0479898199244886e-15,2.1804924432748913e-13,0.0,-1.1102230246251565e-16,0.9687163161259683,1.0,0.9687163161259683,1.0,0,0
FEM,28.700000000000003,0.9693799630293984,0.9280656292020899,0.9280656292021168,0.9280656292020899,0.00237195348238739,-0.00020311869729890868,0.002168834785088612,-9.185860554736074e-16,1.936349220788719e-13,0.0,0.0,0.9691218285729304,1.0,0.9691218285729304,1.0,0,0
FEM,28.8,0.9697768730095538,0.9282997499230424,0.9282997499230693,0.9282997499230424,0.0023412072095252423,-0.00020048578610152809,0.002140721423423209,-1.047491764551503e-15,2.2370761551772895e-13,0.0,1.1102230246251565e-16,0.9695220845950469,1.0,0.9695220845950469,1.0,0,0
FEM,28.900000000000002,0.9701686380732808,0.9285308358713388,0.928530835871366,0.9285308358713388,0.002310859482963501,-0.0001978870038219574,0.0021129724791447238,-1.9027731186461658e-15,4.1170247102275024e-13,0.0,-1.1102230246251565e-16,0.9699171523283107,1.0,0.9699171523283107,1.0,0,0
FEM,29.0,0.9705553249111784,0.9287589263849974,0.9287589263850247,0.9287589263849974,0.0022809051365857425,-0.0001953219080668147,0.0020855832285195572,-1.5011278827500689e-15,3.2906407607044996e-13,0.0,0.0,0.9703070990255142,1.0,0.9703070990255142,1.0,0,0
FEM,29.1,0.9709369993493733,0.9289840602921193,0.9289840602921469,0.9289840602921193,0.002251339071219771,-0.00019279006217690845,0.0020585490090451013,-9.18558103386348e-16,2.040026122960275e-13,0.0,-2.220446049250313e-16,0.9706919910676821,1.0,0.9706919910676821,1.0,0,0
FEM,29.200000000000003,0.9713137263607265,0.9292062759175004,0.9292062759175278,0.9292062759175004,0.0022221562538105033,-0.00019029103515351084,0.0020318652186560406,-1.3893733203046519e-15,3.1261827738766875e-13,0.0,0.0,0.9710718939753876,1.0,0.9710718939753876,1.0,0,0
FEM,29.3,0.9716855700758926,0.9294256110891528,0.9294256110891803,0.9294256110891528,0.002193351716524017,-0.00018782440158391462,0.00200552731494124,-1.5475088658428726e-15,3.5277262059341185e-13,0.0,2.220446049250313e-16,0.9714468724198992,1.0,0.9714468724198992,1.0,0,0
FEM,29.400000000000002,0.972052593794238,0.9296421031447464,0.9296421031447744,0.9296421031447464,0.0021649205559359785,-0.00018538974157105098,0.0019795308143697923,-9.034555059368038e-16,2.0865788896008479e-13,0.0,-2.220446049250313e-16,0.9718169902341892,1.0,0.9718169902341892,1.0,0,0
FEM,29.5,0.9724148599946154,0.9298557889379655,0.9298557889379931,0.9298557889379655,0.002136857932191205,-0.0001829866406595972,0.0019538712915286045,-1.4034971711836437e-15,3.2840207812632577e-13,0.0,0.0,0.9721823104238011,1.0,0.9721823104238011,1.0,0,0
FEM,29.6,0.9727724303460007,0.9300667048447788,0.9300667048448067,0.9300667048447788,0.0021091590681332484,-0.00018061468976729954,0.001928544378368651,-1.1544254389776222e-15,2.736696004627638e-13,0.0,-1.1102230246251565e-16,0.9725428951775736,1.0,0.9725428951775736,1.0,0,0
FEM,29.700000000000003,0.9731253657179894,0.9302748867696362,0.9302748867696642,0.9302748867696362,0.0020818192485738685,-0.0001782734851139609,0.0019035457634612092,-1.3866446036650722e-15,3.3303674289075463e-13,0.0,0.0,0.9728988058782296,1.0,0.9728988058782296,1.0,0,0
FEM,29.8,0.9734737261911601,0.930480370151578,0.930480370151606,0.930480370151578,0.002054833819418178,-0.00017596262815436088,0.0018788711912643397,-8.676954689696217e-16,2.1113519272697138e-13,0.0,0.0,0.9732501031128252,1.0,0.9732501031128252,1.0,0,0
FEM,29.900000000000002,0.9738175710673013,0.9306831899702686,0.9306831899702966,0.9306831899702686,0.00202819818690525,-0.0001736817255083066,0.0018545164613981177,-1.2259963348888216e-15,3.022378046691698e-13,0.0,-2.220446049250313e-16,0.9735968466830572,1.0,0.9735968466830572,1.0,0,0
FEM,30.0,0.9741569588795065,0.930883380751951,0.9308833807519792,0.930883380751951,0.0020019078168243,-0.00017143038889506305,0.0018304774279299088,-9.887441004287865e-16,2.4695045698884923e-13,0.0,0.0,0.9739390956154514,1.0,0.9739390956154514,1.0,0,0
Classic-DDPNM-1,0.0,0.0,0.03518741987989842,0.03518741987989842,0.03518741987989842,0.0,0.0,0.0,0.0,0.0,0.0,0.0,0.0,1.0,0.0,1.0,0,0
Classic-DDPNM-1,0.1,5.061707183748978e-07,0.08005372900879575,0.08005372900879576,0.08005372900879573,0.4486630912889731,-0.011044684727827039,0.43761840656114626,-1.0117303121960999e-16,1.1274944739598254e-16,1.7633685103046836e-05,0.0,0.0,1.0,-0.019961539031345756,1.0,6,0
Classic-DDPNM-1,0.2,5.1369858771473715e-06,0.11032123247018268,0.11032123247018273,0.11032123247018268,0.3026750346138693,-0.010765144910493761,0.29190988970337595,-2.5738209194480075e-16,4.2517892543260115e-16,0.0,1.3877787807814457e-17,1.7672812712263394e-06,1.0,1.7672812712263394e-06,1.0,0,0
Classic-DDPNM-1,0.30000000000000004,2.6742281723687848e-05,0.13452112859766102,0.13452112859766108,0.13452112859766102,0.24199896127478346,-0.010552555085985484,0.23144640618879783,-1.848150119355316e-16,3.81850837214295e-16,0.0,0.0,1.2454228658380609e-05,1.0,1.2454228658380609e-05,1.0,0,0
Classic-DDPNM-1,0.4,9.554348743715495e-05,0.15524592896709222,0.1552459289670923,0.15524592896709222,0.20724800369431196,-0.010375142202260075,0.19687286149205213,-1.47893323009156e-16,3.568027685981878e-16,0.0,0.0,5.3591300634701516e-05,1.0,5.3591300634701516e-05,1.0,0,0
Classic-DDPNM-1,0.5,0.0002647800787155497,0.17365215309199739,0.1736521530919975,0.17365215309199739,0.18406224124905168,-0.0102254102575232,0.17383683099152886,-2.0791247241714417e-16,5.647884949304212e-16,0.0,0.0,0.0001682268126387238,1.0,0.0001682268126387238,1.0,0,0
Classic-DDPNM-1,0.6000000000000001,0.0006099736960766028,0.19037201108603552,0.19037201108603563,0.19037201108603552,0.16719857994038134,-0.010098062097770644,0.15710051784261062,-1.5348858506401164e-16,4.590008632810809e-16,0.0,2.7755575615628914e-17,0.0004231744765387435,1.0,0.0004231744765387435,1.0,0,0
Classic-DDPNM-1,0.7000000000000001,0.001221602199932437,0.20579540065774507,0.20579540065774524,0.20579540065774507,0.1542338957170955,-0.009988076221300476,0.14424581949579557,-2.7775104853582923e-16,9.004215553411662e-16,0.0,-2.7755575615628914e-17,0.0009038843542161319,1.0,0.0009038843542161319,1.0,0,0
Classic-DDPNM-1,0.8,0.002194177893131851,0.22018258546859487,0.22018258546859504,0.22018258546859487,0.143871848108498,-0.009890914431921116,0.13398093367657693,-2.7098194958267045e-16,9.417476495412604e-16,0.0,0.0,0.0017042666718815125,1.0,0.0017042666718815125,1.0,0,0
Classic-DDPNM-1,0.9,0.003615457873566016,0.23371730721680692,0.2337173072168071,0.23371730721680692,0.13534721748212047,-0.009802732143146618,0.12554448533897422,-2.882368300406373e-16,1.0648051559638207e-15,0.0,2.7755575615628914e-17,0.002915389472258762,1.0,0.002915389472258762,1.0,0,0
Classic-DDPNM-1,1.0,0.005558344567827447,0.24653483935089532,0.24653483935089548,0.24653483935089532,0.128175321340884,-0.009720426313459771,0.11845489502742403,-2.3048353958460547e-16,8.990948381226664e-16,0.0,5.551115123125783e-17,0.004616210509867819,1.0,0.004616210509867819,1.0,0,0
Classic-DDPNM-1,1.1,0.008076379867234909,0.25873808117140074,0.2587380811714009,0.25873808117140074,0.12203241820505417,-0.00964158534291712,0.11239083286213719,-3.043947296264256e-16,1.2471879771936634e-15,0.0,1.1102230246251565e-16,0.006867791977566574,1.0,0.006867791977566574,1.0,0,0
Classic-DDPNM-1,1.2000000000000002,0.01120251576695597,0.2704073879038238,0.270407387903824,0.2704073879038238,0.11669306732423057,-0.009564397067626622,0.10712867025660473,-4.750587328700398e-16,2.0355053807527917e-15,0.0,5.551115123125783e-17,0.009710997164660716,1.0,0.009710997164660716,1.0,0,0
Classic-DDPNM-1,1.3,0.014950274539905821,0.2816068783656898,0.28160687836569015,0.2816068783656898,0.11199490461866024,-0.00948754604574956,0.10250735857291166,-4.666425804188965e-16,2.0833205850203652e-15,0.0,0.0,0.013166892324814515,1.0,0.013166892324814515,1.0,0,0
Classic-DDPNM-1,1.4000000000000001,0.019316330388869235,0.2923886475221039,0.29238864752210425,0.2923886475221039,0.107817691564141,-0.009410115419353843,0.09840757614478708,-2.8643964284788415e-16,1.3283517699758978e-15,0.0,0.0,0.01723887276477614,1.0,0.01723887276477614,1.0,0,0
Classic-DDPNM-1,1.5,0.02428371435415,0.30279567462629847,0.30279567462629886,0.30279567462629847,0.10407027104194555,-0.009331500038652013,0.09473877100329431,-3.523804497250271e-16,1.692992850873804e-15,0.0,0.0,0.021915650429023395,1.0,0.021915650429023395,1.0,0,0
Classic-DDPNM-1,1.6,0.029825088106942146,0.3128638877440635,0.3128638877440639,0.3128638877440635,0.10068213117765012,-0.009251333034122997,0.09143079814352725,-6.056440024032223e-16,3.0077035285168138e-15,0.0,0.0,0.02717447535737211,1.0,0.02717447535737211,1.0,0,0
Classic-DDPNM-1,1.7000000000000002,0.03590575584919725,0.3226236648187708,0.32262366481877125,0.3226236648187708,0.09759777074707321,-0.009169425711320026,0.08842834503575372,-4.648491403543183e-16,2.3814536786858782e-15,0.0,0.0,0.03298419754280582,1.0,0.03298419754280582,1.0,0,0
Classic-DDPNM-1,1.8,0.04248625245654991,0.3321009478649405,0.33210094786494093,0.3321009478649405,0.09477283046169682,-0.009085719530508927,0.08568711093118803,-3.5284793250257265e-16,1.8615458184778953e-15,0.0,5.551115123125783e-17,0.03930796065350341,1.0,0.03930796065350341,1.0,0,0
Classic-DDPNM-1,1.9000000000000001,0.049524458131207434,0.3413180851231428,0.3413180851231433,0.3413180851231428,0.09217137258202335,-0.009000248489344543,0.08317112409267945,-3.210030406362776e-16,1.7413380730042602e-15,0.0,5.551115123125783e-17,0.046105446234776144,1.0,0.046105446234776144,1.0,0,0
Classic-DDPNM-1,2.0,0.056977256067935814,0.3502944779098399,0.35029447790984053,0.3502944779098399,0.08976392786697096,-0.008913110151451463,0.08085081771552048,-4.305415001938813e-16,2.398187726543875e-15,0.0,-5.551115123125783e-17,0.05333466506375859,1.0,0.05333466506375859,1.0,0,0
Classic-DDPNM-1,2.1,0.06480178346189766,0.35904708467483676,0.3590470846748374,0.35904708467483676,0.0875260676499684,-0.008824443679641292,0.07870162397032768,-5.767698800760747e-16,3.2948462987202485e-15,0.0,-5.551115123125783e-17,0.06095333459233402,1.0,0.06095333459233402,1.0,0,0
Classic-DDPNM-1,2.2,0.07295633926165233,0.367590818964876,0.36759081896487666,0.367590818964876,0.0854373429003924,-0.008734413434279761,0.07670292946611257,-3.4572036200966453e-16,2.0232391965462027e-15,0.0,-5.551115123125783e-17,0.06891990011322044,1.0,0.06891990011322044,1.0,0,0
Classic-DDPNM-1,2.3000000000000003,0.08140101302413831,0.37593886741804705,0.3759388674180477,0.37593886741804705,0.08348048453171053,-0.008643196924381192,0.07483728760732924,-3.7492859912983457e-16,2.2456062709327958e-15,0.0,0.0,0.07719426177616175,1.0,0.07719426177616175,1.0,0,0
Classic-DDPNM-1,2.4000000000000004,0.09009809386003509,0.3841029466918129,0.38410294669181366,0.3841029466918129,0.08164079273765834,-0.008550976118602102,0.07308981661905758,-5.673633674385789e-16,3.474754154223611e-15,0.0,-1.1102230246251565e-16,0.0857382663067713,1.0,0.0857382663067713,1.0,0,0
Classic-DDPNM-1,2.5,0.09901231038045455,0.39209351320068175,0.3920935132006826,0.39209351320068175,0.07990566508868868,-0.00845793131974933,0.07144773376893987,-5.057148801693124e-16,3.1644494768175017e-15,0.0,-5.551115123125783e-17,0.09451601534617397,1.0,0.09451601534617397,1.0,0,0
Classic-DDPNM-1,2.6,0.1081109438603397,0.3999199359812884,0.3999199359812892,0.3999199359812884,0.07826422780606634,-0.008364236973978376,0.06989999083208781,-3.6976942732722703e-16,2.362314416769638e-15,0.0,0.0,0.10349403417757873,1.0,0.10349403417757873,1.0,0,0
Classic-DDPNM-1,2.7,0.1173638486246306,0.4075906404460639,0.4075906404460648,0.4075906404460639,0.07670704464775524,-0.008270058924350733,0.068436985723405,-3.1884649475256814e-16,2.0783390640112338e-15,0.0,5.551115123125783e-17,0.11264133657880501,1.0,0.11264133657880501,1.0,0,0
Classic-DDPNM-1,2.8000000000000003,0.12674340644217397,0.4151132289253799,0.41511322892538083,0.4151132289253799,0.07522588479315973,-0.008175552730324833,0.06705033206283555,-5.614823118066739e-16,3.731975458650417e-15,0.0,-5.551115123125783e-17,0.12192941429497706,1.0,0.12192941429497706,1.0,0,0
Classic-DDPNM-1,2.9000000000000004,0.13622443563520664,0.4224945825270261,0.4224945825270271,0.4224945825270261,0.07381353601646212,-0.008080862763707657,0.06573267325275503,-4.773559523974424e-16,3.2335258420012504e-15,0.0,-1.1102230246251565e-16,0.13133217341690165,1.0,0.13133217341690165,1.0,0,0
Classic-DDPNM-1,3.0,0.1457840706502057,0.42974094782141375,0.4297409478214147,0.42974094782141375,0.07246365294387658,-0.00798612186140715,0.06447753108246901,-5.625026159312009e-16,3.8812742187235805e-15,0.0,0.0,0.14082583480913044,1.0,0.14082583480913044,1.0,0,0
Classic-DDPNM-1,3.1,0.15540162387294398,0.4368580110942052,0.43685801109420613,0.4368580110942052,0.07117063272791435,-0.007891451369578976,0.06327918135833557,-5.875367805664201e-16,4.127663040544933e-15,0.0,5.551115123125783e-17,0.15038881157643133,1.0,0.15038881157643133,1.0,0,0
Classic-DDPNM-1,3.2,0.16505843835920989,0.44385096232711896,0.44385096232712007,0.44385096232711896,0.06992951232913769,-0.007796961455576339,0.06213255087356326,-8.779967660367733e-16,6.2777269338322296e-15,0.0,-1.1102230246251565e-16,0.16000157326028694,1.0,0.16000157326028694,1.0,0,0
Classic-DDPNM-1,3.3000000000000003,0.1747377377437358,0.4507245506239544,0.45072455062395556,0.4507245506239544,0.06873588296835431,-0.007702751596125622,0.06103313137222903,-6.572007935551133e-16,4.780623781742092e-15,0.0,-5.551115123125783e-17,0.16964650387872668,1.0,0.16964650387872668,1.0,0,0
Classic-DDPNM-1,3.4000000000000004,0.18442447774726206,0.4574831324574661,0.4574831324574672,0.4574831324574661,0.0675858183351169,-0.007608911174507455,0.059976907160608654,-6.264050578731111e-16,4.6341456928667605e-15,0.0,1.1102230246251565e-16,0.17930775893112105,1.0,0.17930775893112105,1.0,0,0
Classic-DDPNM-1,3.5,0.19410520230786668,0.46413071384812743,0.46413071384812876,0.46413071384812743,0.0664758139066135,-0.00751552013795437,0.05896029376866109,-5.993438375159939e-16,4.5079841997719265e-15,0.0,0.0,0.18897112496772223,1.0,0.18897112496772223,1.0,0,0
Classic-DDPNM-1,3.6,0.20376790631994474,0.47067098737931534,0.4706709873793167,0.47067098737931534,0.06540273531187912,-0.0074226496803434985,0.05798008563153585,-6.103452602536103e-16,4.666053012485795e-15,0.0,5.551115123125783e-17,0.19862388417282342,1.0,0.19862388417282342,1.0,0,0
Classic-DDPNM-1,3.7,0.21340190619314164,0.47710736479114507,0.4771073647911465,0.47710736479114507,0.0643637741182973,-0.007330362925642762,0.057033411192655384,-5.434951965948144e-16,4.222058168900216e-15,0.0,0.0,0.2082546855491488,1.0,0.2082546855491488,1.0,0,0
Classic-DDPNM-1,3.8000000000000003,0.22299771888078768,0.48344300576673827,0.4834430057667397,0.48344300576673827,0.06335640975593193,-0.007238715595280207,0.05611769416065178,-3.4576149604716557e-16,2.7287017791818014e-15,0.0,1.1102230246251565e-16,0.21785342365379085,1.0,0.21785342365379085,1.0,0,0
Classic-DDPNM-1,3.9000000000000004,0.23254694962308206,0.4896808434223037,0.4896808434223052,0.4896808434223037,0.06237837655565459,-0.0071477566483109465,0.05523061990734421,-6.458602929407991e-16,5.17695657215889e-15,0.0,5.551115123125783e-17,0.2274111253706193,1.0,0.2274111253706193,1.0,0,0
Classic-DDPNM-1,4.0,0.2420421883655694,0.4958236069302052,0.49582360693020683,0.4958236069302052,0.06142763507901494,-0.0070575288874274045,0.054370106191588524,-4.384793106403974e-16,3.56907204775484e-15,0.0,0.0,0.2369198448695583,1.0,0.2369198448695583,1.0,0,0
Classic-DDPNM-1,4.1000000000000005,0.25147691461830207,0.5018738416376927,0.5018738416376943,0.5018738416376927,0.06050234707487445,-0.006968069526880196,0.053534277547995335,-7.688992400677747e-16,6.3542926617063255e-15,0.0,0.0,0.24637256666758733,1.0,0.24637256666758733,1.0,0,0
Classic-DDPNM-1,4.2,0.2608454103924438,0.5078339269897961,0.5078339269897978,0.5078339269897961,0.059600853521034614,-0.006879410720552436,0.052721442800481674,-5.853038958383394e-16,4.910197264471839e-15,0.0,1.1102230246251565e-16,0.25576311654504014,1.0,0.25576311654504014,1.0,0,0
Classic-DDPNM-1,4.3,0.27014268077135134,0.5137060925204051,0.513706092520407,0.5137060925204051,0.05872165530608986,-0.006791580049943907,0.05193007525614815,-5.663884854558484e-16,4.8226542874473364e-15,0.0,-1.1102230246251565e-16,0.2650860799648275,1.0,0.2650860799648275,1.0,0,0
Classic-DDPNM-1,4.4,0.2793643816290441,0.5194924321387813,0.5194924321387832,0.5194924321387813,0.05786339618376157,-0.0067046009728767425,0.05115879521088486,-8.715291400888947e-16,7.530919351165522e-15,0.0,0.0,0.2743367275770272,1.0,0.2743367275770272,1.0,0,0
Classic-DDPNM-1,4.5,0.28850675399037107,0.5251949169081082,0.5251949169081099,0.5251949169081082,0.057024847693268876,-0.006618493234427092,0.050406354458840785,-6.385495515730472e-16,5.598871171105523e-15,0.0,1.1102230246251565e-16,0.28351094735589355,1.0,0.28351094735589355,1.0,0,0
Classic-DDPNM-1,4.6000000000000005,0.2975665645265679,0.5308154064869914,0.5308154064869934,0.5308154064869914,0.05620489578883281,-0.0065332732420279975,0.04967162254680723,-9.175499224208785e-16,8.16254446826289e-15,0.0,-1.1102230246251565e-16,0.29260518290236087,1.0,0.29260518290236087,1.0,0,0
Classic-DDPNM-1,4.7,0.30654105169164336,0.5363556593831106,0.5363556593831126,0.5363556593831106,0.055402528961191466,-0.006448954406942811,0.04895357455424891,-7.727168175610498e-16,6.973660156401192e-15,0.0,-1.1102230246251565e-16,0.301616377446265,1.0,0.301616377446265,1.0,0,0
Classic-DDPNM-1,4.800000000000001,0.3154278770249733,0.5418173421497666,0.5418173421497687,0.5418173421497666,0.0546168276665604,-0.006365547454426435,0.04825128021213489,-6.820962565452196e-16,6.244378204364595e-15,0.0,-1.1102230246251565e-16,0.310541923094114,1.0,0.310541923094114,1.0,0,0
Classic-DDPNM-1,4.9,0.32422508117056875,0.5472020376402984,0.5472020376403005,0.5472020376402984,0.05384695490531777,-0.006283060704918235,0.04756389420039954,-7.822533497559491e-16,7.263673044570772e-15,0.0,1.1102230246251565e-16,0.31937961488678207,1.0,0.31937961488678207,1.0,0,0
Classic-DDPNM-1,5.0,0.3329310441914858,0.5525112524217529,0.5525112524217553,0.5525112524217529,0.05309214781454519,-0.006201500328570295,0.0468906474859767,-6.703901553350468e-16,6.3134586085757725e-15,0.0,-1.1102230246251565e-16,0.3281276092543957,1.0,0.3281276092543957,1.0,0,0
Classic-DDPNM-1,5.1000000000000005,0.3415444497871836,0.5577464234374677,0.5577464234374699,0.5577464234374677,0.05235171015714801,-0.00612087057533486,0.046230839581811775,-6.523483535585302e-16,6.230439765963101e-15,0.0,1.1102230246251565e-16,0.3367843864811065,1.0,0.3367843864811065,1.0,0,0
Classic-DDPNM-1,5.2,0.35006425305116456,0.5629089239980156,0.562908923998018,0.5629089239980156,0.051625005605479,-0.0060411739827163635,0.04558383162276421,-5.493297712937388e-16,5.320384616437016e-15,0.0,0.0,0.3453487168189427,1.0,0.3453487168189427,1.0,0,0
Classic-DDPNM-1,5.300000000000001,0.3584896514352038,0.5680000691710787,0.5680000691710811,0.5680000691710787,0.05091145173063083,-0.005962411563180519,0.04494904016745194,-8.796466803389063e-16,8.638986420904332e-15,0.0,0.0,0.35381962991664173,1.0,0.35381962991664173,1.0,0,0
Classic-DDPNM-1,5.4,0.36682005861434125,0.5730211206330108,0.5730211206330132,0.5730211206330108,0.05021051461932102,-0.005884582973060968,0.0443259316462596,-7.696392292263197e-16,7.66412408896289e-15,0.0,0.0,0.3621963872555518,1.0,0.3621963872555518,1.0,0,0
Classic-DDPNM-1,5.5,0.3750550809732687,0.5779732910380104,0.5779732910380131,0.5779732910380104,0.04952170404999623,-0.005807686664684416,0.04371401738531454,-1.0093388595083276e-15,1.0190873667122697e-14,0.0,-2.220446049250313e-16,0.37047845730991785,1.0,0.37047845730991785,1.0,0,0
Classic-DDPNM-1,5.6000000000000005,0.3831944964595919,0.582857747954787,0.5828577479547896,0.582857747954787,0.04884456916776525,-0.005731720023286157,0.0431128491444788,-1.039565653747571e-15,1.0641568463599333e-14,0.0,0.0,0.3786654931728636,1.0,0.3786654931728636,1.0,0,0
Classic-DDPNM-1,5.7,0.3912382355725912,0.5876756174152583,0.587675617415261,0.5876756174152583,0.04817869460471358,-0.005656679490165489,0.0425220151145486,-8.447054065943639e-16,8.76637913838078e-15,0.0,0.0,0.3867573124119562,1.0,0.3867573124119562,1.0,0,0
Classic-DDPNM-1,5.800000000000001,0.3991863642775325,0.592427987115105,0.5924279871151078,0.592427987115105,0.047523696998467146,-0.005582560673406171,0.04194113632506248,-8.612474306586484e-16,9.061241917757513e-15,0.0,0.0,0.39475387893931124,1.0,0.39475387893931124,1.0,0,0
Classic-DDPNM-1,5.9,0.4070390686553067,0.5971159093017957,0.5971159093017984,0.5971159093017957,0.04687922186690674,-0.005509358447362937,0.04136986341954302,-8.805866751521218e-16,9.392078623362966e-15,0.0,1.1102230246251565e-16,0.40265528670075307,1.0,0.40265528670075307,1.0,0,0
Classic-DDPNM-1,6.0,0.41479664111527076,0.6017404033819724,0.6017404033819753,0.6017404033819724,0.04624494080176733,-0.005437067042016174,0.040807873759752956,-6.938127339089963e-16,7.501498778894182e-15,0.0,0.0,0.41046174500659593,1.0,0.41046174500659593,1.0,0,0
Classic-DDPNM-1,6.1000000000000005,0.42245946801569856,0.6063024582767635,0.6063024582767667,0.6063024582767635,0.04562054894791112,-0.005365680123187401,0.040254868824725995,-9.535803746564715e-16,1.0451215479073168e-14,0.0,-2.220446049250313e-16,0.41817356534318195,1.0,0.41817356534318195,1.0,0,0
Classic-DDPNM-1,6.2,0.43002801855132206,0.6108030345506181,0.6108030345506212,0.6108030345506181,0.04500576273854584,-0.0052951908645188055,0.03971057187402688,-8.700847371555893e-16,9.666370306956202e-15,0.0,-1.1102230246251565e-16,0.42579114951953884,1.0,0.42579114951953884,1.0,0,0
Classic-DDPNM-1,6.300000000000001,0.4375028347811527,0.6152430663366166,0.6152430663366198,0.6152430663366166,0.044400317859984995,-0.00522559201203468,0.03917472584795155,-6.599839320615541e-16,7.432198280007628e-15,0.0,-2.220446049250313e-16,0.4333149790173711,1.0,0.4333149790173711,1.0,0,0
Classic-DDPNM-1,6.4,0.44488452268220896,0.6196234630788465,0.6196234630788496,0.6196234630788465,0.04380396742229897,-0.0051568759420220715,0.038647091480276306,-5.189101711798767e-16,5.9230955746227955e-15,0.0,-1.1102230246251565e-16,0.44074560542528285,1.0,0.44074560542528285,1.0,0,0
Classic-DDPNM-1,6.5,0.4521737441260585,0.6239451111103093,0.6239451111103124,0.6239451111103093,0.043216480314627326,-0.005089034712897943,0.038127445601729815,-4.629496689701005e-16,5.356170442383357e-15,0.0,1.1102230246251565e-16,0.44808364184961946,1.0,0.44808364184961946,1.0,0,0
Classic-DDPNM-1,6.6000000000000005,0.4593712096852812,0.6282088750829407,0.6282088750829439,0.6282088750829407,0.04263763972631396,-0.005022060111667569,0.037615579614647315,-8.835930068401641e-16,1.036165477863966e-14,0.0,0.0,0.4553297552047929,1.0,0.4553297552047929,1.0,0,0
Classic-DDPNM-1,6.7,0.4664776721861922,0.6324155992646223,0.6324155992646255,0.6324155992646223,0.04206724181681665,-0.004955943695512574,0.03711129812130406,-7.169335569954865e-16,8.521280764227426e-15,0.0,0.0,0.46248465929541394,1.0,0.46248465929541394,1.0,0,0
Classic-DDPNM-1,6.800000000000001,0.47349392093249265,0.6365661087165466,0.63656610871655,0.6365661087165466,0.041505094519243,-0.0048906768290046376,0.03661441769023983,-8.29041967454619e-16,9.987231411679302e-15,0.0,0.0,0.4695491086111738,1.0,0.4695491086111738,1.0,0,0
Classic-DDPNM-1,6.9,0.48042077653204385,0.6406612103629353,0.6406612103629388,0.6406612103629353,0.0409510164638871,-0.004826250717380217,0.036124765746507706,-1.002632052631968e-15,1.2241845736797951e-14,0.0,0.0,0.47652389276318013,1.0,0.47652389276318013,1.0,0,0
Classic-DDPNM-1,7.0,0.4872590862657413,0.6447016939638861,0.6447016939638897,0.6447016939638861,0.04040483600950773,-0.004762656436277633,0.03564217957323168,-9.222397320915888e-16,1.1412491958568487e-14,0.0,-2.220446049250313e-16,0.4834098314974752,1.0,0.4834098314974752,1.0,0,0
Classic-DDPNM-1,7.1000000000000005,0.4940097199435846,0.6486883330010309,0.6486883330010345,0.6486883330010309,0.03986639037144801,-0.004699884958294145,0.03516650541315423,-9.26205963867107e-16,1.1616376040536191e-14,0.0,0.0,0.490207770227846,1.0,0.490207770227846,1.0,0,0
Classic-DDPNM-1,7.2,0.5006735661985504,0.6526218854847006,0.6526218854847043,0.6526218854847006,0.03933552483669667,-0.004637927176684204,0.034697597660014255,-1.0394555394644279e-15,1.3212681714299659e-14,0.0,-1.1102230246251565e-16,0.49691857603574985,1.0,0.49691857603574985,1.0,0,0
Classic-DDPNM-1,7.300000000000001,0.5072515291738422,0.6565030946904133,0.6565030946904171,0.6565030946904133,0.03881209205712777,-0.004576773926488871,0.034235318130638376,-1.1822170134935094e-15,1.523000888168312e-14,0.0,-1.1102230246251565e-16,0.5035431340903781,1.0,0.5035431340903781,1.0,0,0
Classic-DDPNM-1,7.4,0.5137445255635602,0.660332689831705,0.6603326898317089,0.660332689831705,0.03829595141291664,-0.004516416003358807,0.033779535409559074,-7.504364629164727e-16,9.79785636900706e-15,0.0,-2.220446049250313e-16,0.5100823444465384,1.0,0.5100823444465384,1.0,0,0
Classic-DDPNM-1,7.5,0.5201534819708603,0.6641113866756162,0.6641113866756202,0.6641113866756162,0.03778696843911189,-0.004456844180304573,0.03333012425880837,-6.59312658450855e-16,8.724074537935355e-15,0.0,-1.1102230246251565e-16,0.5165371191822736,1.0,0.5165371191822736,1.0,0,0
Classic-DDPNM-1,7.6000000000000005,0.5264793325512931,0.6678398881065035,0.6678398881065074,0.6678398881065035,0.03728501430887321,-0.004398049222585987,0.03288696508628654,-8.386920020644504e-16,1.1247038758207792e-14,0.0,0.0,0.5229083798419089,1.0,0.5229083798419089,1.0,0,0
Classic-DDPNM-1,7.7,0.5327230169122761,0.6715188846432739,0.671518884643278,0.6715188846432739,0.03678996536770396,-0.00434002190093024,0.03244994346677607,-9.92669251106363e-16,1.3491032693085178e-14,0.0,-1.1102230246251565e-16,0.5291970551536799,1.0,0.5291970551536799,1.0,0,0
Classic-DDPNM-1,7.800000000000001,0.5388854782425789,0.6751490549146264,0.6751490549146305,0.6751490549146264,0.03630170271352484,-0.004282753003249751,0.0320189497102749,-9.179859326304777e-16,1.2643841252775014e-14,0.0,0.0,0.5354040789941366,1.0,0.5354040789941366,1.0,0,0
Classic-DDPNM-1,7.9,0.5449676616483488,0.6787310660964141,0.6787310660964184,0.6787310660964141,0.03582011181787692,-0.004226233345012294,0.03159387847286672,-9.834420976954483e-16,1.3727512949926197e-14,0.0,0.0,0.5415303885743469,1.0,0.5415303885743469,1.0,0,0
Classic-DDPNM-1,8.0,0.5509705126745658,0.6822655743148373,0.6822655743148416,0.6822655743148373,0.0353450821842316,-0.004170453778405173,0.03117462840582611,-1.212009703347285e-15,1.7145379617875112e-14,0.0,-1.1102230246251565e-16,0.5475769228253933,1.0,0.5475769228253933,1.0,0,0
Classic-DDPNM-1,8.1,0.5568949759929597,0.6857532250187884,0.6857532250187929,0.6857532250187884,0.03487650703951184,-0.004115405200411405,0.03076110183910168,-9.862574234538847e-16,1.4139280380580102e-14,0.0,1.1102230246251565e-16,0.5535446209629209,1.0,0.5535446209629209,1.0,0,0
Classic-DDPNM-1,8.200000000000001,0.5627419942393352,0.6891946533243505,0.6891946533243549,0.6891946533243505,0.03441428305562044,-0.004061078559917329,0.030353204495703272,-6.527333300330573e-16,9.483465469527676e-15,0.0,0.0,0.5594344212125407,1.0,0.5594344212125407,1.0,0,0
Classic-DDPNM-1,8.3,0.5685125069849797,0.6925904843341326,0.6925904843341372,0.6925904843341326,0.033958310097821354,-0.004007464863943778,0.0299508452338787,-7.336929508898601e-16,1.0802848386394221e-14,0.0,0.0,0.5652472596796991,1.0,0.5652472596796991,1.0,0,0
Classic-DDPNM-1,8.4,0.5742074498283757,0.6959413334338699,0.6959413334338747,0.6959413334338699,0.03350849099737263,-0.003954555183098306,0.029553935814276042,-1.3733089169435005e-15,2.049195406995715e-14,0.0,0.0,0.5709840693492861,1.0,0.5709840693492861,1.0,0,0
Classic-DDPNM-1,8.5,0.5798277535948432,0.6992478065684598,0.6992478065684646,0.6992478065684598,0.03306473134589871,-0.003902340656324283,0.02916239068957597,-8.807793751476221e-16,1.3319016052686782e-14,0.0,-1.1102230246251565e-16,0.5766457792017271,1.0,0.5766457792017271,1.0,0,0
Classic-DDPNM-1,8.6,0.5853743436329789,0.702510500499395,0.7025105004994,0.702510500499395,0.032626939309352565,-0.0038508124950227427,0.028776126814330852,-7.364292908259651e-16,1.1285601812715158e-14,0.0,-2.220446049250313e-16,0.5822333134336357,1.0,0.5822333134336357,1.0,0,0
Classic-DDPNM-1,8.700000000000001,0.5908481391979014,0.7057300030453538,0.7057300030453588,0.7057300030453538,0.03219502545958819,-0.003799961986610893,0.0283950634729773,-1.1971718036937577e-15,1.8592496614057203e-14,0.0,0.0,0.5877475907723264,1.0,0.5877475907723264,1.0,0,0
Classic-DDPNM-1,8.8,0.5962500529123114,0.7089068933075312,0.7089068933075361,0.7089068933075312,0.03176890262177379,-0.003749780497577148,0.02801912212419577,-1.0916662268167093e-15,1.7181365057106467e-14,0.0,1.1102230246251565e-16,0.5931895238745175,1.0,0.5931895238745175,1.0,0,0
Classic-DDPNM-1,8.9,0.6015809902972968,0.712041741881137,0.7120417418811421,0.712041741881137,0.031348485736057974,-0.003700259476085101,0.027648226259974727,-8.77652341264596e-16,1.399832114147491e-14,0.0,0.0,0.5985600188005922,1.0,0.5985600188005922,1.0,0,0
Classic-DDPNM-1,9.0,0.606841849365628,0.7151351110543446,0.7151351110543498,0.7151351110543446,0.03093369173207572,-0.003651390454172689,0.027282301277903685,-9.759090101790421e-16,1.5774208565722108e-14,0.0,-1.1102230246251565e-16,0.6038599745565871,1.0,0.6038599745565871,1.0,0,0
Classic-DDPNM-1,9.1,0.6120335202710221,0.7181875549958404,0.718187554995846,0.7181875549958404,0.030524439414958415,-0.0036031650495929437,0.026921274365368446,-8.590858025772554e-16,1.407209794909814e-14,0.0,-1.1102230246251565e-16,0.6090902826969359,1.0,0.6090902826969359,1.0,0,0
Classic-DDPNM-1,9.200000000000001,0.6171568850075234,0.721199619932019,0.7211996199320245,0.721199619932019,0.0301206493617856,-0.0035555749673290707,0.0265650743944563,-9.602380536218903e-16,1.5939863083432702e-14,0.0,0.0,0.614251826981638,1.0,0.614251826981638,1.0,0,0
Classic-DDPNM-1,9.3,0.6222128171537372,0.7241718443147512,0.724171844314757,0.7241718443147512,0.02972224382732258,-0.0035086120008243687,0.026213631826500893,-9.795957210819665e-16,1.647916837593223e-14,0.0,-1.1102230246251565e-16,0.6193454830822024,1.0,0.6193454830822024,1.0,0,0
Classic-DDPNM-1,9.4,0.6272021816571886,0.7271047589805766,0.7271047589805824,0.7271047589805766,0.02932914665825348,-0.003462268032952403,0.025866878625301203,-9.555556554894686e-16,1.6290205552580656e-14,0.0,0.0,0.6243721183312746,1.0,0.6243721183312746,1.0,0,0
Classic-DDPNM-1,9.5,0.6321258346545613,0.7299988873020676,0.7299988873020735,0.7299988873020676,0.028941283214910518,-0.0034165350367597568,0.0255247481781517,-5.342522671952571e-16,9.229933987861363e-15,0.0,-1.1102230246251565e-16,0.6293325915113678,1.0,0.6293325915113678,1.0,0,0
Classic-DDPNM-1,9.600000000000001,0.636984623324003,0.7328547453320582,0.7328547453320641,0.7328547453320582,0.028558580299905545,-0.0033714050760025264,0.025187175223902743,-1.0047911396145193e-15,1.7591755771169188e-14,0.0,-1.1102230246251565e-16,0.6342277526785755,1.0,0.6342277526785755,1.0,0,0
Classic-DDPNM-1,9.700000000000001,0.6417793857660694,0.7356728419413439,0.7356728419413497,0.7356728419413439,0.028180966092856696,-0.0033268703055024784,0.02485409578735461,-7.676498664705746e-16,1.3620006211659877e-14,0.0,0.0,0.639058443017584,1.0,0.639058443017584,1.0,0,0
Classic-DDPNM-1,9.8,0.6465109509102304,0.738453678950413,0.738453678950419,0.738453678950413,0.027808370090691703,-0.0032829229713396526,0.024525447119353422,-7.945679382596058e-16,1.4286488846132554e-14,0.0,0.0,0.6438254947246413,1.0,0.6438254947246413,1.0,0,0
Classic-DDPNM-1,9.9,0.6511801384441755,0.7411977512557055,0.7411977512557119,0.7411977512557055,0.027440723052924998,-0.0032395554109022886,0.02420116764202603,-1.0881764510740216e-15,1.9827765634585995e-14,0.0,-4.440892098500626e-16,0.6485297309155146,1.0,0.6485297309155146,1.0,0,0
Classic-DDPNM-1,10.0,0.6557877587634379,0.7439055469508509,0.7439055469508571,0.7439055469508509,0.02707795695145343,-0.0031967600528080373,0.023881196898644326,-9.54522698810292e-16,1.7625456390997697e-14,0.0,-2.220446049250313e-16,0.6531719655557362,1.0,0.6531719655557362,1.0,0,0
Classic-DDPNM-1,10.100000000000001,0.6603346129391027,0.7465775474432884,0.7465775474432946,0.7465775474432884,0.02672000492437543,-0.0031545294167129104,0.023565475507662827,-1.1796831144317982e-15,2.207490451013392e-14,0.0,1.1102230246251565e-16,0.6577530034107403,1.0,0.6577530034107403,1.0,0,0
Classic-DDPNM-1,10.200000000000001,0.6648214927016118,0.7492142275666422,0.7492142275666483,0.7492142275666422,0.026366801233538295,-0.003112856113019408,0.02325394512051821,-8.451495694960804e-16,1.6026774768967233e-14,0.0,0.0,0.6622736400137109,1.0,0.6622736400137109,1.0,0,0
Classic-DDPNM-1,10.3,0.669249180438852,0.7518160556891738,0.7518160556891802,0.7518160556891738,0.026018281225315132,-0.0030717328424963598,0.022946548382822507,-1.0172238892143179e-15,1.9548253022657617e-14,0.0,-1.1102230246251565e-16,0.6667346616492037,1.0,0.6667346616492037,1.0,0,0
Classic-DDPNM-1,10.4,0.67361844920693,0.7543834938186175,0.754383493818624,0.7543834938186175,0.02567438129443711,-0.0030311523958215054,0.022643228898616165,-8.272009413437618e-16,1.6109462032547267e-14,0.0,-1.1102230246251565e-16,0.6711368453507871,1.0,0.6711368453507871,1.0,0,0
Classic-DDPNM-1,10.5,0.6779300627521786,0.7569169977036614,0.7569169977036679,0.7569169977036614,0.025335038850439195,-0.0029911076530544888,0.022343931197384627,-8.19077895379593e-16,1.6164922821213578e-14,0.0,0.0,0.6754809589111391,1.0,0.6754809589111391,1.0,0,0
Classic-DDPNM-1,10.600000000000001,0.6821847755430964,0.7594170169323233,0.7594170169323299,0.7594170169323233,0.025000192286619427,-0.0029515915830512817,0.02204860070356849,-7.745989247698488e-16,1.549185934030642e-14,0.0,0.0,0.6797677609031805,1.0,0.6797677609031805,1.0,0,0
Classic-DDPNM-1,10.700000000000001,0.6863833328110617,0.7618839950274381,0.7618839950274449,0.7618839950274381,0.02466978095114758,-0.0029125972428243893,0.021757183708325696,-1.3972206570444894e-15,2.831846500403205e-14,0.0,1.1102230246251565e-16,0.6839980007109868,1.0,0.6839980007109868,1.0,0,0
Classic-DDPNM-1,10.8,0.6905264705987678,0.764318369539457,0.7643183695394637,0.764318369539457,0.024343745120188887,-0.0028741177768587646,0.021469627343329956,-9.630332623478295e-16,1.977989125323952e-14,0.0,-1.1102230246251565e-16,0.6881724185693354,1.0,0.6881724185693354,1.0,0,0
Classic-DDPNM-1,10.9,0.6946149158154485,0.7667205721367365,0.7667205721367435,0.7667205721367365,0.024022025972795236,-0.0028361464163883,0.021185879556408726,-1.3551129551705836e-15,2.820563421056135e-14,0.0,0.0,0.6922917456108728,1.0,0.6922917456108728,1.0,0,0
Classic-DDPNM-1,11.0,0.6986493862980515,0.7690910286934847,0.7690910286934918,0.7690910286934847,0.023704565567481684,-0.0027986764786361844,0.020905889088846167,-7.400603093126075e-16,1.5610079568971814e-14,0.0,0.0,0.6963567039199796,1.0,0.6963567039199796,1.0,0,0
Classic-DDPNM-1,11.100000000000001,0.7026305908776046,0.7714301593755065,0.7714301593755138,0.7714301593755065,0.023391306820218505,-0.0027617013660284923,0.020629605454192408,-1.3268474657207076e-15,2.836197814680807e-14,0.0,-1.1102230246251565e-16,0.7003680065925167,1.0,0.7003680065925167,1.0,0,0
Classic-DDPNM-1,11.200000000000001,0.7065592294501036,0.7737383787238885,0.7737383787238957,0.7737383787238885,0.0230821934838199,-0.0027252145653819167,0.020356978918436804,-1.0249598411215914e-15,2.2202392546446926e-14,0.0,0.0,0.7043263578007182,1.0,0.7043263578007182,1.0,0,0
Classic-DDPNM-1,11.3,0.710435993051313,0.7760160957367371,0.7760160957367446,0.7760160957367371,0.022777170128486235,-0.0026892096470694394,0.020087960481418855,-1.0847874722520572e-15,2.3813043194846236e-14,0.0,-1.1102230246251565e-16,0.7082324528625538,1.0,0.7082324528625538,1.0,0,0
Classic-DDPNM-1,11.4,0.7142615639349398,0.77826371394909,0.7782637139490975,0.77826371394909,0.022476182123528643,-0.0026536802641697636,0.019822501859359465,-1.3458315916510446e-15,2.993906136403335e-14,0.0,0.0,0.7120869783149959,1.0,0.7120869783149959,1.0,0,0
Classic-DDPNM-1,11.5,0.7180366156536945,0.7804816315110912,0.780481631511099,0.7804816315110912,0.022179175620011815,-0.002618620151602357,0.019560555468411123,-1.1319286674150216e-15,2.551782552264168e-14,0.0,-2.220446049250313e-16,0.715890611990622,1.0,0.715890611990622,1.0,0,0
Classic-DDPNM-1,11.600000000000001,0.7217618131428076,0.7826702412645293,0.7826702412645372,0.7826702412645293,0.021886097534381532,-0.0025840231252505265,0.01930207440913222,-9.439750210346078e-16,2.1565631322616163e-14,0.0,-1.1102230246251565e-16,0.7196440230971257,1.0,0.7196440230971257,1.0,0,0
Classic-DDPNM-1,11.700000000000001,0.7254378128056086,0.7848299308178169,0.7848299308178249,0.7848299308178169,0.021596895532876026,-0.00254988308107476,0.01904701245180237,-1.7285774049115299e-15,4.001911761531065e-14,0.0,-1.1102230246251565e-16,0.7233478722992474,1.0,0.7233478722992474,1.0,0,0
Classic-DDPNM-1,11.8,0.7290652626008246,0.7869610826194893,0.7869610826194974,0.7869610826194893,0.021311518016723374,-0.002516193994220586,0.018795324022503425,-1.2402620637864785e-15,2.9098397937050126e-14,0.0,0.0,0.7270028118028119,1.0,0.7270028118028119,1.0,0,0
Classic-DDPNM-1,11.9,0.7326448021312862,0.789064074030291,0.7890640740302992,0.789064074030291,0.021029914108017245,-0.0024829499181203297,0.01854696418989811,-1.1883961188437295e-15,2.8254897113218426e-14,0.0,1.1102230246251565e-16,0.7306094854404688,1.0,0.7306094854404688,1.0,0,0
Classic-DDPNM-1,12.0,0.7361770627337642,0.7911392773939143,0.7911392773939229,0.7911392773939143,0.020752033636233236,-0.002450144983591966,0.018301888652644305,-1.0554644621675342e-15,2.5430386261628993e-14,0.0,-1.1102230246251565e-16,0.7341685287588687,1.0,0.7341685287588687,1.0,0,0
Classic-DDPNM-1,12.100000000000001,0.739662667569688,0.793187060106447,0.7931870601064556,0.793187060106447,0.020477827125326975,-0.0024177733979368083,0.018060053727390425,-1.4349174348455684e-15,3.503588115242104e-14,0.0,-1.1102230246251565e-16,0.7376805691069975,1.0,0.7376805691069975,1.0,0,0
Classic-DDPNM-1,12.200000000000001,0.7431022317165294,0.7952077846845809,0.7952077846845895,0.7952077846845809,0.02020724578133848,-0.0023858294440364212,0.017821416337302748,-1.1630008005356247e-15,2.877682622165272e-14,0.0,0.0,0.7411462257254002,1.0,0.7411462257254002,1.0,0,0
Classic-DDPNM-1,12.3,0.7464963622596499,0.7972018088326338,0.7972018088326425,0.7972018088326338,0.01994024148052942,-0.002354307479451025,0.01758593400107885,-1.2313351835553654e-15,3.087563369675549e-14,0.0,0.0,0.7445661098361064,1.0,0.7445661098361064,1.0,0,0
Classic-DDPNM-1,12.4,0.7498456583844401,0.7991694855084265,0.7991694855084353,0.7991694855084265,0.019676766757926734,-0.0023232019355201323,0.017353564822407526,-1.365847827227611e-15,3.4707120433730574e-14,0.0,1.1102230246251565e-16,0.7479408247330519,1.0,0.7479408247330519,1.0,0,0
Classic-DDPNM-1,12.5,0.7531507114685944,0.8011111629880566,0.8011111629880656,0.8011111629880566,0.01941677479630144,-0.00229250731646495,0.017124267479838192,-1.1615206104602979e-15,2.991023541874463e-14,0.0,-1.1102230246251565e-16,0.7512709658728047,1.0,0.7512709658728047,1.0,0,0
Classic-DDPNM-1,12.600000000000001,0.7564121051743838,0.803027184929609,0.803027184929618,0.803027184929609,0.019160219415523816,-0.0022622181984962757,0.016898001217027964,-8.688978322382492e-16,2.2674527190806834e-14,0.0,0.0,0.7545571209654787,1.0,0.7545571209654787,1.0,0,0
Classic-DDPNM-1,12.700000000000001,0.7596304155408015,0.804917890435835,0.8049178904358442,0.804917890435835,0.018907055062259426,-0.0022323292289265434,0.016674725833335548,-1.0138920851162931e-15,2.681253325220548e-14,0.0,-2.220446049250313e-16,0.757799870065662,1.0,0.757799870065662,1.0,0,0
Classic-DDPNM-1,12.8,0.7628062110754766,0.8067836141158372,0.8067836141158464,0.8067836141158372,0.018657236800022625,-0.0022028351252874993,0.016454401674735677,-1.0125080332804796e-15,2.7134458444544068e-14,0.0,-1.1102230246251565e-16,0.7609997856632568,1.0,0.7609997856632568,1.0,0,0
Classic-DDPNM-1,12.9,0.7659400528462559,0.8086246861457855,0.8086246861457947,0.8086246861457855,0.018410720299483208,-0.002173730674452019,0.01623698962503136,-1.5646102492897001e-15,4.249182606216693e-14,0.0,0.0,0.7641574327741177,1.0,0.7641574327741177,1.0,0,0
Classic-DDPNM-1,13.0,0.7690324945723724,0.8104414323286959,0.8104414323287052,0.8104414323286959,0.018167461829103893,-0.0021450107317659917,0.01602245109733913,-1.3186337872311826e-15,3.6291084567430176e-14,0.0,1.1102230246251565e-16,0.767273369030391,1.0,0.767273369030391,1.0,0,0
Classic-DDPNM-1,13.100000000000001,0.7720840827151239,0.8122341741532971,0.8122341741533066,0.8122341741532971,0.017927418246012072,-0.0021166702201822866,0.01581074802583075,-5.804890429287907e-16,1.618997880684532e-14,0.0,1.1102230246251565e-16,0.7703481447704754,1.0,0.7703481447704754,1.0,0,0
Classic-DDPNM-1,13.200000000000001,0.7750953565679957,0.8140032288520089,0.8140032288520184,0.8140032288520089,0.017690546987118028,-0.002088704129406052,0.015601842857711665,-1.1013713185681123e-15,3.112880905746224e-14,0.0,0.0,0.773382303128527,1.0,0.773382303128527,1.0,0,0
Classic-DDPNM-1,13.3,0.7780668483461738,0.8157489094580554,0.8157489094580651,0.8157489094580554,0.01745680606046518,-0.0020611075150467183,0.01539569854542023,-1.145343128200688e-15,3.280505964932824e-14,0.0,0.0,0.7763763801234315,1.0,0.7763763801234315,1.0,0,0
Classic-DDPNM-1,13.4,0.7809990832753907,0.8174715248617361,0.817471524861746,0.8174715248617361,0.01722615403680683,-0.002033875497774622,0.015192278539034324,-1.3317337870351808e-15,3.865441421775302e-14,0.0,0.0,0.7793309047472098,1.0,0.7793309047472098,1.0,0,0
Classic-DDPNM-1,13.5,0.7838925796800712,0.8191713798658722,0.8191713798658822,0.8191713798658722,0.016998550041360527,-0.002007003262490986,0.01499154677887073,-1.0101753045437412e-15,2.9713572689604925e-14,0.0,0.0,0.7822463990527827,1.0,0.7822463990527827,1.0,0,0
Classic-DDPNM-1,13.600000000000001,0.7867478490707283,0.8208487752404487,0.8208487752404588,0.8208487752404487,0.016773953745765624,-0.001980486057501379,0.014793467688265892,-1.3989676624982014e-15,4.170059378073833e-14,0.0,-2.220446049250313e-16,0.7851233782410614,1.0,0.7851233782410614,1.0,0,0
Classic-DDPNM-1,13.700000000000001,0.7895653962305879,0.8225040077764716,0.8225040077764817,0.8225040077764716,0.016552325360228437,-0.0019543191937010825,0.014598006166527334,-1.265188549358278e-15,3.8217849209218846e-14,0.0,-1.1102230246251565e-16,0.7879623507473251,1.0,0.7879623507473251,1.0,0,0
Classic-DDPNM-1,13.8,0.7923457193014056,0.8241373703390527,0.824137370339063,0.8241373703390527,0.016333625625810644,-0.0019284980437666334,0.014405127582045847,-9.159937111385356e-16,2.8040122019541602e-14,0.0,-2.220446049250313e-16,0.7907638183268598,1.0,0.7907638183268598,1.0,0,0
Classic-DDPNM-1,13.9,0.7950893098684583,0.8257491519197443,0.8257491519197546,0.8257491519197443,0.016117815806916402,-0.001903018041357612,0.014214797765559116,-1.2090480526472103e-15,3.7506572451596604e-14,0.0,-1.1102230246251565e-16,0.7935282761397996,1.0,0.7935282761397996,1.0,0,0
Classic-DDPNM-1,14.0,0.7977966530446866,0.8273396376881328,0.8273396376881432,0.8273396376881328,0.015904857683884943,-0.0018778746803267262,0.014026983003559148,-1.0032412810792807e-15,3.153883238124638e-14,0.0,-1.1102230246251565e-16,0.7962562128351938,1.0,0.7962562128351938,1.0,0,0
Classic-DDPNM-1,14.100000000000001,0.8004682275539748,0.82890910904271,0.8289091090427205,0.82890910904271,0.0156947135457719,-0.0018530635139379845,0.013841650031835533,-1.1290745898992482e-15,3.596990115832216e-14,0.0,-1.1102230246251565e-16,0.7989481106342384,1.0,0.7989481106342384,1.0,0,0
Classic-DDPNM-1,14.200000000000001,0.8031045058135519,0.8304578436610344,0.8304578436610448,0.8304578436610344,0.015487346183243877,-0.0018285801540952,0.013658766029148069,-1.3027781774915294e-15,4.205943878561523e-14,0.0,1.1102230246251565e-16,0.8016044454126705,1.0,0.8016044454126705,1.0,0,0
Classic-DDPNM-1,14.3,0.8057059540155055,0.8319861155491942,0.831986115549205,0.8319861155491942,0.01528271888159849,-0.0018044202705782449,0.01347829861102321,-1.4042857588575375e-15,4.5943584048655896e-14,0.0,-2.220446049250313e-16,0.804225686782314,1.0,0.804225686782314,1.0,0,0
Classic-DDPNM-1,14.4,0.8082730322073981,0.8334941950905899,0.8334941950906005,0.8334941950905899,0.01508079541395646,-0.0017805795902886218,0.013300215823666894,-1.1352414132717332e-15,3.76386451148712e-14,0.0,0.0,0.8068122981717644,1.0,0.8068122981717644,1.0,0,0
Classic-DDPNM-1,14.5,0.8108061943719826,0.8349823490940391,0.8349823490940501,0.8349823490940391,0.014881540034492602,-0.0017570538965044984,0.013124486137991097,-1.4762365490455804e-15,4.959958934437546e-14,0.0,-2.220446049250313e-16,0.8093647369061931,1.0,0.8093647369061931,1.0,0,0
Classic-DDPNM-1,14.600000000000001,0.813305888506007,0.836450840841228,0.8364508408412391,0.836450840841228,0.014684917471888825,-0.0017338390281433345,0.012951078443746664,-1.223597961098671e-15,4.1661724127525476e-14,0.0,0.0,0.8118834542862754,1.0,0.8118834542862754,1.0,0,0
Classic-DDPNM-1,14.700000000000001,0.8157725566981143,0.8378999301335075,0.8378999301335186,0.8378999301335075,0.014490892922794929,-0.0017109308790344293,0.012779962043761004,-1.1121356250200568e-15,3.8373605786244897e-14,0.0,-1.1102230246251565e-16,0.8143688956662373,1.0,0.8143688956662373,1.0,0,0
Classic-DDPNM-1,14.8,0.8182066352058255,0.839329873338055,0.839329873338066,0.839329873338055,0.014299432045474791,-0.00168832539720053,0.012611106648273517,-8.545435883976042e-16,2.9880333207641485e-14,0.0,0.0,0.8168215005310052,1.0,0.8168215005310052,1.0,0,0
Classic-DDPNM-1,14.9,0.8206085545316175,0.8407409234334065,0.8407409234334176,0.8407409234334065,0.014110500953514737,-0.0016660185841477163,0.012444482369368577,-1.4892596806096153e-15,5.2771325607634735e-14,0.0,0.0,0.8192417025724796,1.0,0.8192417025724796,1.0,0,0
Classic-DDPNM-1,15.0,0.8229787394980886,0.8421333300543723,0.8421333300543837,0.8421333300543723,0.01392406620965847,-0.0016440064941633322,0.012280059715498635,-1.129030544185991e-15,4.0542415095767566e-14,0.0,-2.220446049250313e-16,0.8216299297649011,1.0,0.8216299297649011,1.0,0,0
Classic-DDPNM-1,15.100000000000001,0.8253176093222171,0.8435073395363446,0.843507339536356,0.8435073395363446,0.013740094819723048,-0.0016222852336250466,0.012117809586098479,-8.636123466473824e-16,3.14267244141469e-14,0.0,-2.220446049250313e-16,0.8239866044393375,1.0,0.8239866044393375,1.0,0,0
Classic-DDPNM-1,15.200000000000001,0.8276255776887165,0.8448631949590046,0.844863194959016,0.8448631949590046,0.01355855422660035,-0.0016008509603147652,0.011957703266284684,-1.2647341161820761e-15,4.6639711544644373e-14,0.0,0.0,0.8263121433572802,1.0,0.8263121433572802,1.0,0,0
Classic-DDPNM-1,15.3,0.8299030528224937,0.8462011361894431,0.8462011361894545,0.8462011361894431,0.013379412304385108,-0.0015796998827460529,0.011799712421639167,-1.159475872925626e-15,4.3330598031783594e-14,0.0,2.220446049250313e-16,0.8286069577833511,1.0,0.8286069577833511,1.0,0,0
Classic-DDPNM-1,15.4,0.8321504375602083,0.8475213999246998,0.8475213999247113,0.8475213999246998,0.013202637352566216,-0.0015588282594949194,0.011643809093073568,-1.3483781962069646e-15,5.106472897041145e-14,0.0,1.1102230246251565e-16,0.8308714535571319,1.0,0.8308714535571319,1.0,0,0
Classic-DDPNM-1,15.5,0.8343681294209481,0.8488242197337312,0.8488242197337429,0.8488242197337312,0.013028198090314635,-0.0015382323985432336,0.011489965691772887,-1.066933711789831e-15,4.094709431010821e-14,0.0,0.0,0.8331060311641209,1.0,0.8331060311641209,1.0,0,0
Classic-DDPNM-1,15.600000000000001,0.836556520676017,0.8501098260988156,0.8501098260988272,0.8501098260988156,0.012856063650843463,-0.0015179086566281977,0.011338154994215569,-1.2105489950297449e-15,4.7080857247867957e-14,0.0,2.220446049250313e-16,0.8353110858057954,1.0,0.8353110858057954,1.0,0,0
Classic-DDPNM-1,15.700000000000001,0.8387159984178508,0.8513784464564021,0.851378446456414,0.8513784464564021,0.012686203575865695,-0.0014978534385998886,0.011188350137268044,-1.3665254535854144e-15,5.3858723195368686e-14,0.0,0.0,0.8374870074688363,1.0,0.8374870074688363,1.0,0,0
Classic-DDPNM-1,15.8,0.8408469446280608,0.8526303052374162,0.8526303052374282,0.8526303052374162,0.012518587810140813,-0.0014780631967894293,0.01104052461335231,-9.83919400761226e-16,3.9298338426166387e-14,0.0,0.0,0.8396341809934701,1.0,0.8396341809934701,1.0,0,0
Classic-DDPNM-1,15.9,0.8429497362446172,0.8538656239070231,0.853865623907035,0.8538656239070231,0.012353186696069107,-0.0014585344303832612,0.010894652265684947,-9.630904370717692e-16,3.898145720481453e-14,0.0,2.220446049250313e-16,0.8417529861409606,1.0,0.8417529861409606,1.0,0,0
Classic-DDPNM-1,16.0,0.8450247452281784,0.8550846210038618,0.855084621003874,0.8550846210038618,0.012189970968387032,-0.0014392636848044107,0.010750707283584793,-8.793929939712036e-16,3.607034816783842e-14,0.0,0.0,0.8438437976602574,1.0,0.8438437976602574,1.0,0,0
Classic-DDPNM-1,16.1,0.847072338627573,0.8562875121787572,0.8562875121787694,0.8562875121787572,0.012028911748953597,-0.0014202475511059668,0.010608664197848392,-8.898940849347888e-16,3.698980022079608e-14,0.0,0.0,0.8459069853538042,1.0,0.8459069853538042,1.0,0,0
Classic-DDPNM-1,16.2,0.8490928786444453,0.8574745102329129,0.8574745102329253,0.8574745102329129,0.011869980541556746,-0.0014014826653666085,0.010468497876192511,-1.1779716843618709e-15,4.961978160948452e-14,0.0,-2.220446049250313e-16,0.8479429141425022,1.0,0.8479429141425022,1.0,0,0
Classic-DDPNM-1,16.3,0.85108672269707,0.858645825155599,0.8586458251556114,0.858645825155599,0.01171314922686073,-0.0013829657081000915,0.010330183518760557,-8.672973634844122e-16,3.702238171334481e-14,0.0,-1.1102230246251565e-16,0.849951944129864,1.0,0.849951944129864,1.0,0,0
Classic-DDPNM-1,16.400000000000002,0.8530542234833468,0.8598016641613351,0.8598016641613475,0.8598016641613351,0.011558390057361256,-0.0013646934036674052,0.010193696653693886,-7.384225711090913e-16,3.194314119200394e-14,0.0,-1.1102230246251565e-16,0.8519344306653357,1.0,0.8519344306653357,1.0,0,0
Classic-DDPNM-1,16.5,0.8549957290429817,0.8609422317265809,0.8609422317265937,0.8609422317265809,0.011405675652458314,-0.0013466625196983588,0.010059013132763545,-1.2872596868648833e-15,5.643066338587457e-14,0.0,-2.220446049250313e-16,0.8538907244068205,1.0,0.8538907244068205,1.0,0,0
Classic-DDPNM-1,16.6,0.8569115828188655,0.8620677296259398,0.8620677296259525,0.8620677296259398,0.01125497899358896,-0.0013288698665223806,0.009926109127065177,-1.4005283207035174e-15,6.221816679983902e-14,0.0,1.1102230246251565e-16,0.8558211713823931,1.0,0.8558211713823931,1.0,0,0
Classic-DDPNM-1,16.7,0.8588021237176571,0.8631783569678773,0.8631783569678901,0.8631783569678773,0.011106273419374535,-0.001311312296604358,0.00979496112277202,-8.571549909739892e-16,3.858877584801032e-14,0.0,-1.1102230246251565e-16,0.8577261130512246,1.0,0.8577261130512246,1.0,0,0
Classic-DDPNM-1,16.8,0.8606676861695804,0.864274310229971,0.8642743102299839,0.864274310229971,0.01095953262093774,-0.001293986703988712,0.009665545916948485,-1.0167487037309082e-15,4.6386499264963015e-14,0.0,1.1102230246251565e-16,0.8596058863637214,1.0,0.8596058863637214,1.0,0,0
Classic-DDPNM-1,16.900000000000002,0.8625086001874467,0.8653557832936878,0.8653557832937009,0.8653557832936878,0.010814730637167536,-0.0012768900237499089,0.00953784061341979,-1.2588404609350807e-15,5.820026883557477e-14,0.0,-1.1102230246251565e-16,0.8614608238208951,1.0,0.8614608238208951,1.0,0,0
Classic-DDPNM-1,17.0,0.8643251914249046,0.8664229674787031,0.8664229674787163,0.8664229674787031,0.010671841850152797,-0.0012600192314535358,0.009411822618699873,-1.0749754425910633e-15,5.036503809207224e-14,0.0,0.0,0.8632912535329484,1.0,0.8632912535329484,1.0,0,0
Classic-DDPNM-1,17.1,0.8661177812339367,0.8674760515767621,0.8674760515767755,0.8674760515767621,0.010530840980590428,-0.0012433713426186132,0.009287469637974074,-1.1104517235209152e-15,5.272379127020759e-14,0.0,-1.1102230246251565e-16,0.8650974992771259,1.0,0.8650974992771259,1.0,0,0
Classic-DDPNM-1,17.2,0.867886686721601,0.8685152218850953,0.8685152218851085,0.8685152218850953,0.01039170308333226,-0.0012269434121929441,0.009164759671137293,-6.515097909407484e-16,3.1347594601013905e-14,0.0,2.220446049250313e-16,0.8668798805547909,1.0,0.8668798805547909,1.0,0,0
Classic-DDPNM-1,17.3,0.869632220806035,0.8695406622393866,0.8695406622394002,0.8695406622393866,0.010254403542913071,-0.0012107325340309054,0.009043671008885826,-1.3305434939860517e-15,6.487668875218819e-14,0.0,-2.220446049250313e-16,0.8686387126477814,1.0,0.8686387126477814,1.0,0,0
Classic-DDPNM-1,17.400000000000002,0.8713546922717258,0.8705525540463107,0.8705525540463245,0.8705525540463107,0.010118918069240701,-0.0011947358403803527,0.008924182228862078,-1.0696010185407348e-15,5.285155049293248e-14,0.0,-2.220446049250313e-16,0.8703743066740147,1.0,0.8703743066740147,1.0,0,0
Classic-DDPNM-1,17.5,0.8730544058240576,0.8715510763156337,0.8715510763156473,0.8715510763156337,0.009985222693229545,-0.0011789505013765408,0.008806272191852267,-1.2821283612704168e-15,6.420129027967538e-14,0.0,0.0,0.8720869696423847,1.0,0.8720869696423847,1.0,0,0
Classic-DDPNM-1,17.6,0.8747316621431456,0.8725364056918911,0.8725364056919048,0.8725364056918911,0.009853293762573934,-0.0011633737245404377,0.00868992003803454,-1.138243721553276e-15,5.775955477328007e-14,0.0,1.1102230246251565e-16,0.8737770045069392,1.0,0.8737770045069392,1.0,0,0
Classic-DDPNM-1,17.7,0.8763867579369625,0.8735087164856472,0.8735087164856613,0.8735087164856472,0.009723107937561482,-0.0011480027542856578,0.008575105183278631,-1.282052128305164e-15,6.592810326378587e-14,0.0,-2.220446049250313e-16,0.8754447102203339,1.0,0.8754447102203339,1.0,0,0
Classic-DDPNM-1,17.8,0.8780199859937708,0.8744681807043397,0.874468180704354,0.8744681807043397,0.009594642186925295,-0.0011328348714320256,0.008461807315494662,-1.4484123637612239e-15,7.548026990182516e-14,0.0,0.0,0.8770903817866206,1.0,0.8770903817866206,1.0,0,0
Classic-DDPNM-1,17.900000000000002,0.8796316352338651,0.8754149680827152,0.8754149680827294,0.8754149680827152,0.00946787378375502,-0.0011178673927236815,0.008350006391031261,-9.934658855932556e-16,5.246509978290208e-14,0.0,0.0,0.878714310313313,1.0,0.878714310313313,1.0,0,0
Classic-DDPNM-1,18.0,0.8812219907606355,0.8763492461128628,0.8763492461128772,0.8763492461128628,0.009342780301475617,-0.0011030976703551645,0.00823968263112236,-8.207884784165731e-16,4.392635018329888e-14,0.0,-1.1102230246251565e-16,0.8803167830627933,1.0,0.8803167830627933,1.0,0,0
Classic-DDPNM-1,18.1,0.8827913339109611,0.8772711800738514,0.8772711800738657,0.8772711800738514,0.00921933960988608,-0.001088523091503553,0.008130816518381158,-1.0096810608190183e-15,5.475886037088775e-14,0.0,1.1102230246251565e-16,0.8818980835030347,1.0,0.8818980835030347,1.0,0,0
Classic-DDPNM-1,18.2,0.88433994230494,0.8781809330609719,0.8781809330609864,0.8781809330609719,0.009097529871204824,-0.0010741410778658325,0.008023388793341097,-7.964413633806955e-16,4.3772396169946694e-14,0.0,1.1102230246251565e-16,0.8834584913576671,1.0,0.8834584913576671,1.0,0,0
Classic-DDPNM-1,18.3,0.8858680898949659,0.8790786660145965,0.879078666014611,0.8790786660145965,0.008977329536246081,-0.0010599490852027417,0.007917380451043335,-1.266034735272585e-15,7.05128808161132e-14,0.0,1.1102230246251565e-16,0.8849982826553799,1.0,0.8849982826553799,1.0,0,0
Classic-DDPNM-1,18.400000000000002,0.8873760470141595,0.8799645377486521,0.879964537748667,0.8799645377486521,0.008858717340556321,-0.0010459446028901194,0.007812772737669702,-1.3603958996626087e-15,7.678289346891544e-14,0.0,-1.1102230246251565e-16,0.8865177297786807,1.0,0.8865177297786807,1.0,0,0
Classic-DDPNM-1,18.5,0.8888640804241614,0.8808387049787214,0.8808387049787364,0.8808387049787214,0.008741672300692782,-0.001032125153473687,0.007709547147220382,-8.861586696373974e-16,5.0685877893586993e-14,0.0,-1.1102230246251565e-16,0.8880171015120153,1.0,0.8880171015120153,1.0,0,0
Classic-DDPNM-1,18.6,0.8903324533622974,0.8817013223497683,0.8817013223497832,0.8817013223497683,0.008626173710468699,-0.0010184882922315776,0.007607685418236434,-1.8486299256247236e-15,1.0715237066124147e-13,0.0,1.1102230246251565e-16,0.8894966630892511,1.0,0.8894966630892511,1.0,0,0
Classic-DDPNM-1,18.7,0.8917814255881218,0.8825525424634986,0.8825525424635138,0.8825525424634986,0.008512201137302888,-0.0010050316067412675,0.007507169530565068,-9.917193036560173e-16,5.825281191428972e-14,0.0,0.0,0.8909566762405484,1.0,0.8909566762405484,1.0,0,0
Classic-DDPNM-1,18.8,0.8932112534293477,0.8833925159053608,0.883392515905376,0.8833925159053608,0.008399734418622629,-0.0009917527164534814,0.0074079817021689654,-1.19280280775182e-15,7.100241199932046e-14,0.0,-1.1102230246251565e-16,0.8923973992385935,1.0,0.8923973992385935,1.0,0,0
Classic-DDPNM-1,18.900000000000002,0.8946221898271721,0.8842213912711856,0.8842213912712009,0.8842213912711856,0.00828875365824766,-0.000978649272271295,0.007310104385977385,-1.0238366754335322e-15,6.176059258406772e-14,0.0,0.0,0.8938190869442532,1.0,0.8938190869442532,1.0,0,0
Classic-DDPNM-1,19.0,0.896014484381005,0.8850393151934769,0.8850393151934922,0.8850393151934769,0.00817923922291297,-0.000965718956134017,0.007213520266779468,-1.1270696629130973e-15,6.889819653127013e-14,0.0,-1.1102230246251565e-16,0.8952219908516061,1.0,0.8952219908516061,1.0,0,0
Classic-DDPNM-1,19.1,0.8973883833926065,0.8858464323673534,0.8858464323673689,0.8858464323673534,0.008071171738764926,-0.0009529594806079351,0.007118212258158729,-1.2329229468149936e-15,7.63781881194072e-14,0.0,0.0,0.8966063591323947,1.0,0.8966063591323947,1.0,0,0
Classic-DDPNM-1,19.200000000000003,0.8987441299096447,0.8866428855761482,0.8866428855761639,0.8866428855761482,0.00796453208794845,-0.0009403685884809953,0.007024163499468088,-1.4432547801453924e-15,9.060512056503605e-14,0.0,2.220446049250313e-16,0.8979724366798829,1.0,0.8979724366798829,1.0,0,0
Classic-DDPNM-1,19.3,0.9000819637686769,0.887428815716669,0.8874288157166849,0.887428815716669,0.00785930140520752,-0.000927944052364084,0.006931357352845365,-1.2766514462334705e-15,8.121914279731105e-14,0.0,0.0,0.8993204651521453,1.0,0.8993204651521453,1.0,0,0
Classic-DDPNM-1,19.400000000000002,0.9014021216375662,0.8882043618241253,0.8882043618241413,0.8882043618241253,0.0077554610745633745,-0.0009156836742966593,0.006839777400268265,-1.2159831349028549e-15,7.839528322119728e-14,0.0,-1.1102230246251565e-16,0.900650683014785,1.0,0.900650683014785,1.0,0,0
Classic-DDPNM-1,19.5,0.9027048370573365,0.8889696610967258,0.8889696610967419,0.8889696610967258,0.007652992726004948,-0.0009035852853581661,0.0067494074406481,-1.1764372841779197e-15,7.68612571772264e-14,0.0,-1.1102230246251565e-16,0.9019633255830789,1.0,0.9019633255830789,1.0,0,0
Classic-DDPNM-1,19.6,0.9039903404834773,0.8897248489199505,0.8897248489199667,0.8897248489199505,0.007551878232247011,-0.0008916467452848825,0.006660231486962856,-1.0097352709276426e-15,6.685325424183607e-14,0.0,0.0,0.9032586250635882,1.0,0.9032586250635882,1.0,0,0
Classic-DDPNM-1,19.700000000000003,0.9052588593267019,0.8904700588905023,0.8904700588905184,0.8904700588905023,0.0074520997055183,-0.0008798659420900048,0.00657223376342744,-1.1761204938556466e-15,7.891202079494411e-14,0.0,0.0,0.904536810595195,1.0,0.904536810595195,1.0,0,0
Classic-DDPNM-1,19.8,0.9065106179931685,0.8912054228399413,0.8912054228399577,0.8912054228399413,0.007353639494389608,-0.000868240791691783,0.006485398702701598,-1.512163027986898e-15,1.0281732121490325e-13,0.0,-2.220446049250313e-16,0.905798108289626,1.0,0.905798108289626,1.0,0,0
Classic-DDPNM-1,19.900000000000002,0.9077458379241714,0.891931070858009,0.8919310708580256,0.891931070858009,0.0072564801806773715,-0.000856769237542963,0.006399710943135134,-1.1422196942076877e-15,7.870342547404351e-14,0.0,0.0,0.9070427412714168,1.0,0.9070427412714168,1.0,0,0
Classic-DDPNM-1,20.0,0.908964737635307,0.8926471313156409,0.8926471313156574,0.8926471313156409,0.007160604576318397,-0.0008454492502691861,0.006315155326049544,-8.432873675615418e-16,5.888381061778277e-14,0.0,-1.1102230246251565e-16,0.9082709297173667,1.0,0.9082709297173667,1.0,0,0
Classic-DDPNM-1,20.1,0.9101675327551237,0.8933537308876771,0.8933537308876938,0.8933537308876771,0.007065995720362261,-0.0008342788273078077,0.0062317168930553935,-1.1415818783984052e-15,8.077997239006269e-14,0.0,-1.1102230246251565e-16,0.9094828908954707,1.0,0.9094828908954707,1.0,0,0
Classic-DDPNM-1,20.200000000000003,0.911354436063261,0.894050994575273,0.8940509945752898,0.894050994575273,0.006972636875959282,-0.0008232559925552289,0.006149380883405558,-1.205579452728204e-15,8.645075558751312e-14,0.0,-1.1102230246251565e-16,0.9106788392033265,1.0,0.9106788392033265,1.0,0,0
Classic-DDPNM-1,20.3,0.9125256575280858,0.8947390457280129,0.8947390457280298,0.8947390457280129,0.006880511527398436,-0.0008123787960166754,0.00606813273138289,-9.583246061940429e-16,6.964050582415873e-14,0.0,-2.220446049250313e-16,0.9118589862060527,1.0,0.9118589862060527,1.0,0,0
Classic-DDPNM-1,20.400000000000002,0.913681404343831,0.8954180060657314,0.8954180060657483,0.8954180060657314,0.00678960337718526,-0.0008016453134614353,0.005987958063723407,-1.0604530627103884e-15,7.809388883257927e-14,0.0,1.1102230246251565e-16,0.9130235406736934,1.0,0.9130235406736934,1.0,0,0
Classic-DDPNM-1,20.5,0.9148218809672459,0.8960879957000467,0.8960879957000638,0.8960879957000467,0.0066998963431530445,-0.0007910536460819172,0.005908842697072807,-1.1888501285034579e-15,8.872153146953189e-14,0.0,-1.1102230246251565e-16,0.9141727086181376,1.0,0.9141727086181376,1.0,0,0
Classic-DDPNM-1,20.6,0.9159472891537591,0.8967491331556102,0.8967491331556274,0.8967491331556102,0.006611374555635097,-0.0007806019201592079,0.005830772635476647,-8.608658423159103e-16,6.510490633011527e-14,0.0,-1.1102230246251565e-16,0.9153066933295484,1.0,0.9153066933295484,1.0,0,0
Classic-DDPNM-1,20.700000000000003,0.9170578279931674,0.8974015353910736,0.8974015353910908,0.8974015353910736,0.006524022354633674,-0.0007702882867295423,0.005753734067904255,-8.409944493733244e-16,6.445367624897866e-14,0.0,0.0,0.9164256954123092,1.0,0.9164256954123092,1.0,0,0
Classic-DDPNM-1,20.8,0.9181536939448512,0.8980453178197798,0.8980453178197972,0.8980453178197798,0.006437824287062188,-0.0007601109212595162,0.005677713365805293,-1.170482642558722e-15,9.090669381197239e-14,0.0,-2.220446049250313e-16,0.917529912820497,1.0,0.917529912820497,1.0,0,0
Classic-DDPNM-1,20.900000000000002,0.9192350808725266,0.8986805943301818,0.8986805943301991,0.8986805943301818,0.006352765104019609,-0.0007500680233208752,0.005602697080697919,-9.522272395232328e-16,7.494588765140928e-14,0.0,1.1102230246251565e-16,0.9186195408929005,1.0,0.9186195408929005,1.0,0,0
Classic-DDPNM-1,21.0,0.9203021800785363,0.8993074773059881,0.8993074773060055,0.8993074773059881,0.006268829758063754,-0.0007401578162740717,0.005528671941789758,-9.79212438673334e-16,7.810169333548597e-14,0.0,0.0,0.9196947723875486,1.0,0.9196947723875486,1.0,0,0
Classic-DDPNM-1,21.1,0.9213551803376901,0.8999260776460462,0.8999260776460637,0.8999260776460462,0.006186003400580065,-0.0007303785469530088,0.005455624853629638,-1.4017412718839856e-15,1.1329942622988624e-13,0.0,-3.3306690738754696e-16,0.9207557975158097,1.0,0.9207557975158097,1.0,0,0
Classic-DDPNM-1,21.200000000000003,0.9223942679306576,0.9005365047839607,0.9005365047839783,0.9005365047839607,0.006104271379145931,-0.0007207284853553435,0.005383542893791086,-1.4415179390870475e-15,1.180745292559942e-13,0.0,1.1102230246251565e-16,0.9218028039760331,1.0,0.9218028039760331,1.0,0,0
Classic-DDPNM-1,21.3,0.9234196266769181,0.9011388667074527,0.9011388667074705,0.9011388667074527,0.006023619234919453,-0.000711205924335423,0.005312413310585814,-1.3361389936356136e-15,1.1090832118750967e-13,0.0,0.0,0.9228359769867367,1.0,0.9228359769867367,1.0,0,0
Classic-DDPNM-1,21.400000000000002,0.9244314379672786,0.9017332699774637,0.9017332699774816,0.9017332699774637,0.005944032700110347,-0.000701809179304096,0.005242223520807532,-1.3161922147607221e-15,1.1071542513016003e-13,0.0,-1.1102230246251565e-16,0.9238554993193663,1.0,0.9238554993193663,1.0,0,0
Classic-DDPNM-1,21.5,0.9254298807959597,0.902319819747007,0.9023198197470251,0.902319819747007,0.005865497695433097,-0.000692536587928641,0.005172961107506228,-1.588766146637735e-15,1.3543319161769644e-13,0.0,0.0,0.9248615513306242,1.0,0.9248615513306242,1.0,0,0
Classic-DDPNM-1,21.6,0.9264151317922594,0.9028986197797699,0.9028986197797882,0.9028986197797699,0.005788000327628939,-0.0006833865098403854,0.005104613817790609,-1.8209099253928794e-15,1.5730043385627228e-13,0.0,0.0,0.9258543109943628,1.0,0.9258543109943628,1.0,0,0
Classic-DDPNM-1,21.700000000000003,0.9273873652517962,0.9034697724684705,0.9034697724684888,0.9034697724684705,0.005711526887005602,-0.0006743573263441574,0.005037169560661005,-1.6058914587653225e-15,1.4058337556100602e-13,0.0,0.0,0.9268339539330639,1.0,0.9268339539330639,1.0,0,0
Classic-DDPNM-1,21.8,0.9283467531673435,0.9040333788529703,0.9040333788529888,0.9040333788529703,0.0056360638449981515,-0.0006654474401301754,0.0049706164048702525,-1.4169675361438289e-15,1.2570541916421527e-13,0.0,-1.1102230246251565e-16,0.927800653448903,1.0,0.927800653448903,1.0,0,0
Classic-DDPNM-1,21.900000000000002,0.9292934652592522,0.9045895386381508,0.9045895386381696,0.9045895386381508,0.005561597851805322,-0.0006566552749948677,0.004904942576812375,-1.2495256396141251e-15,1.1233513038058902e-13,0.0,0.0,0.9287545805543962,1.0,0.9287545805543962,1.0,0,0
Classic-DDPNM-1,22.0,0.9302276690054753,0.9051383502115508,0.9051383502115694,0.9051383502115508,0.00548811573399921,-0.0006479792755582961,0.004840136458440213,-1.4085446405163321e-15,1.2832679819326716e-13,0.0,1.1102230246251565e-16,0.9296959040026499,1.0,0.9296959040026499,1.0,0,0
Classic-DDPNM-1,22.1,0.931149529671194,0.9056799106607707,0.9056799106607896,0.9056799106607707,0.005415604492199355,-0.0006394179069921515,0.00477618658520956,-1.2438162140331575e-15,1.1483632305723965e-13,0.0,0.0,0.9306247903172076,1.0,0.9306247903172076,1.0,0,0
Classic-DDPNM-1,22.200000000000003,0.9320592103380513,0.9062143157906504,0.9062143157906694,0.9062143157906504,0.005344051298796781,-0.0006309696547465247,0.0047130816440515404,-9.003663767781674e-16,8.424005744300935e-14,0.0,0.0,0.9315414038215026,1.0,0.9315414038215026,1.0,0,0
Classic-DDPNM-1,22.3,0.9329568719330026,0.9067416601402154,0.9067416601402345,0.9067416601402154,0.005273443495650287,-0.0006226330242814415,0.004650810471370311,-1.407078426484635e-15,1.3341172875418548e-13,0.0,0.0,0.9324459066679227,1.0,0.9324459066679227,1.0,0,0
Classic-DDPNM-1,22.400000000000002,0.9338426732567826,0.9072620369994027,0.9072620369994219,0.9072620369994027,0.0052037685918726595,-0.000614406540804874,0.004589362051069088,-1.5115048833868813e-15,1.4523175432391326e-13,0.0,1.1102230246251565e-16,0.9333384588664946,1.0,0.9333384588664946,1.0,0,0
Classic-DDPNM-1,22.5,0.9347167710119968,0.9077755384255636,0.9077755384255829,0.9077755384255636,0.0051350142616091166,-0.0006062887490093228,0.004528725512600507,-8.859337823899013e-16,8.626400407622451e-14,0.0,1.1102230246251565e-16,0.9342192183131817,1.0,0.9342192183131817,1.0,0,0
Classic-DDPNM-1,22.6,0.9355793198308431,0.9082822552597494,0.9082822552597689,0.9082822552597494,0.005067168341857942,-0.0005982782128157915,0.004468890129043894,-1.501381145601298e-15,1.4814794420768531e-13,0.0,-1.1102230246251565e-16,0.9350883408178172,1.0,0.9350883408178172,1.0,0,0
Classic-DDPNM-1,22.700000000000003,0.9364304723024643,0.9087822771427818,0.9087822771428016,0.9087822771427818,0.005000218830324421,-0.0005903735151191396,0.004409845315207432,-1.065787676212196e-15,1.06574103292077e-13,0.0,-2.220446049250313e-16,0.9359459801316564,1.0,0.9359459801316564,1.0,0,0
Classic-DDPNM-1,22.8,0.9372703789999428,0.9092756925311112,0.9092756925311309,0.9092756925311112,0.004934153883293657,-0.000582573257538037,0.004351580625755611,-1.2522480035066005e-15,1.268959210764114e-13,0.0,0.0,0.9367922879745795,1.0,0.9367922879745795,1.0,0,0
Classic-DDPNM-1,22.900000000000002,0.9380991885069367,0.9097625887124638,0.9097625887124837,0.9097625887124638,0.0048689618135266954,-0.0005748760601663927,0.004294085753361422,-7.950547704460402e-16,8.164520496311647e-14,0.0,0.0,0.9376274140619267,1.0,0.9376274140619267,1.0,0,0
Classic-DDPNM-1,23.0,0.9389170474439632,0.9102430518212852,0.910243051821305,0.9102430518212852,0.004804631088213274,-0.0005672805613304529,0.004237350526882615,-1.3661684291981467e-15,1.4217204236030338e-13,0.0,1.1102230246251565e-16,0.9384515061309757,1.0,0.9384515061309757,1.0,0,0
Classic-DDPNM-1,23.1,0.9397241004943372,0.9107171668539759,0.9107171668539961,0.9107171668539759,0.004741150326906807,-0.0005597854173474259,0.004181364909562526,-1.409360333244538e-15,1.486306313940015e-13,0.0,-1.1102230246251565e-16,0.9392647099670822,1.0,0.9392647099670822,1.0,0,0
Classic-DDPNM-1,23.200000000000003,0.9405204904297652,0.91118501768393,0.9111850176839503,0.91118501768393,0.004678508299541528,-0.0005523893022881595,0.004126118997254707,-1.183765813237564e-15,1.2651103059423856e-13,0.0,1.1102230246251565e-16,0.9400671694294591,1.0,0.9400671694294591,1.0,0,0
Classic-DDPNM-1,23.3,0.9413063581356024,0.9116466870763711,0.9116466870763915,0.9116466870763711,0.004616693924410775,-0.0005450909077413175,0.004071603016670377,-1.0575324931082555e-15,1.1453352880038743e-13,0.0,-2.220446049250313e-16,0.9408590264766299,1.0,0.9408590264766299,1.0,0,0
Classic-DDPNM-1,23.400000000000002,0.9420818426357748,0.9121022567029944,0.9121022567030148,0.9121022567029944,0.004555696266232978,-0.0005378889425833224,0.004017807323649707,-1.2717695718419703e-15,1.3958015389089648e-13,0.0,0.0,0.9416404211915348,1.0,0.9416404211915348,1.0,0,0
Classic-DDPNM-1,23.5,0.9428470811173727,0.9125518071564147,0.9125518071564354,0.9125518071564147,0.004495504534203221,-0.000530782132749708,0.003964722401455612,-1.3994322600697703e-15,1.5564796447452342e-13,0.0,-2.220446049250313e-16,0.9424114918063116,1.0,0.9424114918063116,1.0,0,0
Classic-DDPNM-1,23.6,0.9436022089549205,0.9129954179644247,0.9129954179644454,0.9129954179644247,0.0044361080801003094,-0.0005237692210094522,0.003912338859090392,-8.763224995374068e-16,9.877154520518776e-14,0.0,1.1102230246251565e-16,0.9431723747267463,1.0,0.9431723747267463,1.0,0,0
Classic-DDPNM-1,23.700000000000003,0.9443473597343234,0.9134331676040621,0.913433167604083,0.9134331676040621,0.004377496396373859,-0.000516848966741831,0.003860647429633909,-1.0848018718121605e-15,1.2390665503580237e-13,0.0,0.0,0.943923204556406,1.0,0.943923204556406,1.0,0,0
Classic-DDPNM-1,23.8,0.9450826652764998,0.9138651335154943,0.9138651335155153,0.9138651335154943,0.004319659114321306,-0.0005100201457187022,0.0038096389686049204,-1.5320725374121102e-15,1.7733720380067707e-13,0.0,-3.3306690738754696e-16,0.9446641141204418,1.0,0.9446641141204418,1.0,0,0
Classic-DDPNM-1,23.900000000000002,0.9458082556607006,0.9142913921157171,0.9142913921157383,0.9142913921157171,0.004262586002228286,-0.0005032815498863383,0.003759304452342582,-1.1424970974979135e-15,1.34014550897106e-13,0.0,-1.1102230246251565e-16,0.9453952344890941,1.0,0.9453952344890941,1.0,0,0
Classic-DDPNM-1,24.0,0.9465242592475198,0.9147120188120733,0.9147120188120946,0.9147120188120733,0.0042062669635622996,-0.0004966319871521992,0.0037096349764106713,-1.1940204176134981e-15,1.4193350397833496e-13,0.0,-2.220446049250313e-16,0.9461166950008633,1.0,0.9461166950008633,1.0,0,0
Classic-DDPNM-1,24.1,0.9472308027016036,0.9151270880155931,0.9151270880156143,0.9151270880155931,0.004150692035197467,-0.0004900702811744955,0.003660621754021911,-1.4077103130632866e-15,1.6957537455516083e-13,0.0,2.220446049250313e-16,0.9468286232854063,1.0,0.9468286232854063,1.0,0,0
Classic-DDPNM-1,24.200000000000003,0.9479280110140554,0.9155366731541565,0.9155366731541781,0.9155366731541565,0.004095851385634841,-0.00048359527115400926,0.003612256114483977,-1.279224732327229e-15,1.5616102879285292e-13,0.0,-1.1102230246251565e-16,0.9475311452861012,1.0,0.9475311452861012,1.0,0,0
Classic-DDPNM-1,24.3,0.9486160075245492,0.9159408466854858,0.9159408466855073,0.9159408466854858,0.00404173531329266,-0.00047720581162757946,0.0035645295016652687,-1.1825875904079332e-15,1.462970109050131e-13,0.0,0.0,0.948224385282328,1.0,0.948224385282328,1.0,0,0
Classic-DDPNM-1,24.400000000000002,0.9492949139431471,0.9163396801099605,0.9163396801099822,0.9163396801099605,0.00398833424474665,-0.00047090077226725276,0.003517433472481556,-1.1347115941632256e-15,1.422538238435679e-13,0.0,0.0,0.9489084659114555,1.0,0.9489084659114555,1.0,0,0
Classic-DDPNM-1,24.5,0.9499648503718315,0.9167332439832684,0.9167332439832903,0.9167332439832684,0.0039356387330791165,-0.0004646790376787427,0.003470959695401859,-1.2264494975156026e-15,1.5581327208809088e-13,0.0,-1.1102230246251565e-16,0.9495835081905366,1.0,0.9495835081905366,1.0,0,0
Classic-DDPNM-1,24.6,0.9506259353257511,0.9171216079288864,0.9171216079289083,0.9171216079288864,0.00388363945618031,-0.0004585395072056415,0.0034250999489751854,-1.2608068479221315e-15,1.6232284975831583e-13,0.0,0.0,0.9502496315377095,1.0,0.9502496315377095,1.0,0,0
Classic-DDPNM-1,24.700000000000003,0.9512782857541855,0.9175048406503972,0.9175048406504192,0.9175048406503972,0.0038323272151075116,-0.00045248109473326466,0.0033798461203756653,-1.1261879016150056e-15,1.4693263889044024e-13,0.0,-1.1102230246251565e-16,0.9509069537933255,1.0,0.9509069537933255,1.0,0,0
Classic-DDPNM-1,24.8,0.951922017061236,0.9178830099436437,0.9178830099436656,0.9178830099436437,0.0037816929324652193,-0.0004465027284967382,0.0033351902039673157,-8.613088405473243e-16,1.1387873842866255e-13,0.0,0.0,0.9515555912407976,1.0,0.9515555912407976,1.0,0,0
Classic-DDPNM-1,24.900000000000002,0.9525572431262392,0.9182561827087219,0.9182561827087437,0.9182561827087219,0.003731727650782002,-0.00044060335089297605,0.0032911242998880886,-1.0623012886012972e-15,1.4233371081874373e-13,0.0,2.220446049250313e-16,0.9521956586271658,1.0,0.9521956586271658,1.0,0,0
Classic-DDPNM-1,25.0,0.9531840763239137,0.9186244249618157,0.918624424961838,0.9186244249618157,0.003682422530938423,-0.0004347819182913741,0.003247640612652322,-1.1324254522385863e-15,1.537609335598419e-13,0.0,-2.220446049250313e-16,0.9528272691834009,1.0,0.9528272691834009,1.0,0,0
Classic-DDPNM-1,25.1,0.953802627544239,0.9189878018468779,0.9189878018469002,0.9189878018468779,0.0036337688506216104,-0.00042903740085061405,0.003204731449771266,-1.307226794530509e-15,1.7987203483056438e-13,0.0,-1.1102230246251565e-16,0.9534505346444243,1.0,0.9534505346444243,1.0,0,0
Classic-DDPNM-1,25.200000000000003,0.9544130062120726,0.9193463776471505,0.9193463776471731,0.9193463776471505,0.0035857580027265357,-0.0004233687823357185,0.0031623892203926553,-1.3414867361481037e-15,1.8705762284121257e-13,0.0,-1.1102230246251565e-16,0.9540655652688873,1.0,0.9540655652688873,1.0,0,0
Classic-DDPNM-1,25.3,0.955015320306508,0.9197002157965402,0.9197002157965628,0.9197002157965402,0.00353838149389607,-0.00041777505993902033,0.0031206064339578034,-1.2631959043498623e-15,1.7849911132092736e-13,0.0,0.0,0.9546724698586645,1.0,0.9546724698586645,1.0,0,0
Classic-DDPNM-1,25.400000000000002,0.9556096763799762,0.9200493788908379,0.9200493788908607,0.9200493788908379,0.0034916309429777748,-0.00041225524410235296,0.0030793756988763874,-1.7101070044637026e-15,2.44886563384192e-13,0.0,0.0,0.9552713557781115,1.0,0.9552713557781115,1.0,0,0
Classic-DDPNM-1,25.5,0.956196179577095,0.9203939286987939,0.9203939286988168,0.9203939286987939,0.003445498079559517,-0.00040680835834170314,0.0030386897212185122,-1.0495051618671265e-15,1.5230093554444704e-13,0.0,1.1102230246251565e-16,0.9558623289730425,1.0,0.9558623289730425,1.0,0,0
Classic-DDPNM-1,25.6,0.9567749336532705,0.9207339261730438,0.9207339261730668,0.9207339261730438,0.003399974742499534,-0.0004014334390749529,0.0029985413034251673,-1.0459315298626606e-15,1.5381460291285e-13,0.0,0.0,0.9564454939894871,1.0,0.9564454939894871,1.0,0,0
Classic-DDPNM-1,25.700000000000003,0.9573460409930502,0.9210694314608923,0.9210694314609154,0.9210694314608923,0.003355052878484255,-0.00039612953545139183,0.0029589233430342087,-1.0781674862527912e-15,1.606781659339553e-13,0.0,1.1102230246251565e-16,0.9570209539921757,1.0,0.9570209539921757,1.0,0,0
Classic-DDPNM-1,25.8,0.9579096026282371,0.9214005039149529,0.9214005039149761,0.9214005039149529,0.0033107245406061026,-0.0003908957091825965,0.0029198288314241125,-1.4610060496210008e-15,2.2064747938126514e-13,0.0,1.1102230246251565e-16,0.9575888107827932,1.0,0.9575888107827932,1.0,0,0
Classic-DDPNM-1,25.900000000000002,0.9584657182557615,0.921727202103648,0.9217272021036713,0.921727202103648,0.0032669818869512923,-0.00038573103437845456,0.002881250852574444,-1.0949463619049516e-15,1.6757766032894553e-13,0.0,1.1102230246251565e-16,0.9581491648179845,1.0,0.9581491648179845,1.0,0,0
Classic-DDPNM-1,26.0,0.959014486255318,0.92204958382157,0.9220495838215936,0.92204958382157,0.0032238171792198234,-0.0003806345973808862,0.0028431825818418365,-1.4178814846939163e-15,2.1990724130274839e-13,0.0,-1.1102230246251565e-16,0.9587021152271242,1.0,0.9587021152271242,1.0,0,0
Classic-DDPNM-1,26.1,0.9595560037067696,0.9223677060997058,0.9223677060997293,0.9223677060997058,0.0031812227813576843,-0.0003756054966038069,0.002805617284752807,-5.561423514093868e-16,8.741015477893213e-14,0.0,0.0,0.9592477598298615,1.0,0.9592477598298615,1.0,0,0
Classic-DDPNM-1,26.200000000000003,0.9600903664073213,0.9226816252155243,0.922681625215548,0.9226816252155243,0.003139191158185728,-0.00037064284237408164,0.0027685483158128624,-1.199723913963835e-15,1.910880627379465e-13,0.0,0.0,0.9597861951534132,1.0,0.9597861951534132,1.0,0,0
Classic-DDPNM-1,26.3,0.9606176688884663,0.9229913967029345,0.9229913967029583,0.9229913967029345,0.00309771487410182,-0.00036574575677205334,0.002731969117330339,-1.3482384357706677e-15,2.1761822675198015e-13,0.0,2.220446049250313e-16,0.9603175164496478,1.0,0.9603175164496478,1.0,0,0
Classic-DDPNM-1,26.400000000000002,0.9611380044327111,0.9232970753621077,0.9232970753621317,0.9232970753621077,0.0030567865917319192,-0.0003609133734782771,0.0026958732182563996,-1.6106077382156345e-15,2.6344785445135824e-13,0.0,0.0,0.9608418177119288,1.0,0.9608418177119288,1.0,0,0
Classic-DDPNM-1,26.5,0.9616514650900758,0.9235987152691737,0.9235987152691977,0.9235987152691737,0.003016399070659981,-0.00035614483761910154,0.0026602542330407364,-1.1562948406922124e-15,1.91668080649429e-13,0.0,1.1102230246251565e-16,0.9613591916917513,1.0,0.9613591916917513,1.0,0,0
Classic-DDPNM-1,26.6,0.9621581416943775,0.9238963697857852,0.9238963697858094,0.9238963697857852,0.0029765451661145637,-0.0003514393056160038,0.0026251058605011824,-1.2568842383433969e-15,2.1113139028619517e-13,0.0,-1.1102230246251565e-16,0.9618697299151369,1.0,0.9618697299151369,1.0,0,0
Classic-DDPNM-1,26.700000000000003,0.9626581238793022,0.9241900915685598,0.9241900915685839,0.9241900915685598,0.0029372178277464744,-0.00034679594503618863,0.002590421882709562,-7.454533680877756e-16,1.2689786931121186e-13,0.0,-1.1102230246251565e-16,0.9623735226988395,1.0,0.9623735226988395,1.0,0,0
Classic-DDPNM-1,26.8,0.9631515000942584,0.9244799325783932,0.9244799325784175,0.9244799325783932,0.0028984100983342476,-0.00034221393444546237,0.0025561961638914054,-1.2498547119141334e-15,2.1561039837528092e-13,0.0,-3.3306690738754696e-16,0.9628706591663095,1.0,0.9628706591663095,1.0,0,0
Classic-DDPNM-1,26.900000000000002,0.9636383576200251,0.9247659440896534,0.9247659440896778,0.9247659440896534,0.0028601151126017577,-0.00033769246326210165,0.002522422649340726,-9.546548359500636e-16,1.6689098137058287e-13,0.0,1.1102230246251565e-16,0.9633612272634686,1.0,0.9633612272634686,1.0,0,0
Classic-DDPNM-1,27.0,0.9641187825841936,0.9250481766992498,0.9250481766992742,0.9250481766992498,0.0028223260959636676,-0.0003332307316149636,0.002489095364348955,-1.3221129750620297e-15,2.3422399292427313e-13,0.0,0.0,0.963845313774266,1.0,0.963845313774266,1.0,0,0
Classic-DDPNM-1,27.1,0.9645928599764021,0.9253266803355844,0.9253266803356089,0.9253266803355844,0.0027850363633463715,-0.0003288279502003189,0.0024562084131474833,-1.6617833513063712e-15,2.983414100398355e-13,0.0,0.0,0.9643230043360256,1.0,0.9643230043360256,1.0,0,0
Classic-DDPNM-1,27.200000000000003,0.9650606736633706,0.9256015042673853,0.9256015042674098,0.9256015042673853,0.002748239318008938,-0.00032448334014377337,0.002423755977865226,-1.064825446784115e-15,1.937286610751852e-13,0.0,1.1102230246251565e-16,0.9647943834545994,1.0,0.9647943834545994,1.0,0,0
Classic-DDPNM-1,27.3,0.9655223064037393,0.9258726971124212,0.9258726971124459,0.9258726971124212,0.002711928450358503,-0.0003201961328615897,0.002391732317499254,-1.6648508811248526e-15,3.069496322633529e-13,0.0,0.0,0.9652595345193223,1.0,0.9652595345193223,1.0,0,0
Classic-DDPNM-1,27.400000000000002,0.9659778398627069,0.9261403068461033,0.9261403068461282,0.9261403068461033,0.0026760973368211705,-0.0003159655699243324,0.0023601317668990865,-1.1102306479216818e-15,2.0743465356159545e-13,0.0,-1.1102230246251565e-16,0.9657185398177495,1.0,0.9657185398177495,1.0,0,0
Classic-DDPNM-1,27.5,0.9664273546264788,0.926404380809972,0.9264043808099971,0.926404380809972,0.002640739638687384,-0.0003117909029239336,0.0023289487357644914,-7.542426054649599e-16,1.4280896806618125e-13,0.0,0.0,0.9661714805502273,1.0,0.9661714805502273,1.0,0,0
Classic-DDPNM-1,27.6,0.9668709302165229,0.9266649657200715,0.9266649657200967,0.9266649657200715,0.002605849100995039,-0.000307671393339876,0.002298177707656602,-1.1423615722263528e-15,2.191918119490934e-13,0.0,0.0,0.9666184368442523,1.0,0.9666184368442523,1.0,0,0
Classic-DDPNM-1,27.700000000000003,0.9673086451036366,0.9269221076752148,0.92692210767524,0.9269221076752148,0.0025714195514325855,-0.0003036063124099679,0.0022678132390221,-1.4858609609087574e-15,2.889184225267919e-13,0.0,0.0,0.9670594877686421,1.0,0.9670594877686421,1.0,0,0
Classic-DDPNM-1,27.8,0.9677405767218299,0.9271758521651378,0.9271758521651631,0.9271758521651378,0.0025374448992299126,-0.0002995949410004936,0.002237849958230195,-1.875470705657318e-15,3.695589027817346e-13,0.0,1.1102230246251565e-16,0.9674947113475327,1.0,0.9674947113475327,1.0,0,0
Classic-DDPNM-1,27.900000000000002,0.9681668014820227,0.9274262440785476,0.9274262440785732,0.9274262440785476,0.002503919134098087,-0.0002956365694792198,0.00220828256462173,-1.0382345414709608e-15,2.0732189936404236e-13,0.0,0.0,0.9679241845741732,1.0,0.9679241845741732,1.0,0,0
Classic-DDPNM-1,28.0,0.9685873947855632,0.9276733277110638,0.9276733277110895,0.9276733277110638,0.002470836325162429,-0.00029173049758978874,0.0021791058275728685,-1.0633024815449518e-15,2.1517056203125936e-13,0.0,1.1102230246251565e-16,0.9683479834245445,1.0,0.9683479834245445,1.0,0,0
Classic-DDPNM-1,28.1,0.9690024310375668,0.9279171467730533,0.9279171467730791,0.9279171467730533,0.002438190619894476,-0.0002878760343277653,0.0021503145855684084,-9.441380748769542e-16,1.9361449165887763e-13,0.0,1.1102230246251565e-16,0.9687661828708075,1.0,0.9687661828708075,1.0,0,0
Classic-DDPNM-1,28.200000000000003,0.9694119836600767,0.9281577443973641,0.92815774439739,0.9281577443973641,0.002405976243108343,-0.0002840724978191456,0.002121903745289207,-1.0986809301693958e-15,2.283233122763463e-13,0.0,0.0,0.9691788568945601,1.0,0.9691788568945601,1.0,0,0
Classic-DDPNM-1,28.3,0.9698161251050555,0.9283951631469549,0.9283951631469809,0.9283951631469549,0.002374187495908231,-0.0002803192151982607,0.0020938682807114172,-1.149921764797071e-15,2.4217164119905053e-13,0.0,0.0,0.969586078499931,1.0,0.969586078499931,1.0,0,0
Classic-DDPNM-1,28.400000000000002,0.9702149268672008,0.9286294450224255,0.9286294450224516,0.9286294450224255,0.0023428187547058776,-0.0002766155224905479,0.002066203232216991,-1.17446285037787e-15,2.506516665060798e-13,0.0,0.0,0.9699879197264826,1.0,0.9699879197264826,1.0,0,0
Classic-DDPNM-1,28.5,0.9706084594965924,0.9288606314694465,0.9288606314694725,0.9288606314694465,0.0023118644702102564,-0.00027296076449335115,0.0020389037057162505,-1.601217954478847e-15,3.4630446012552115e-13,0.0,3.3306690738754696e-16,0.9703844516619705,1.0,0.9703844516619705,1.0,0,0
Classic-DDPNM-1,28.6,0.9709967926111747,0.9290887633860907,0.9290887633861168,0.9290887633860907,0.0022813191664416976,-0.00026935429466093646,0.002011964871782304,-1.3196671674268329e-15,2.892333494669985e-13,0.0,2.220446049250313e-16,0.9707757444549026,1.0,0.9707757444549026,1.0,0,0
Classic-DDPNM-1,28.700000000000003,0.9713799949090707,0.9293138811300692,0.9293138811300956,0.9293138811300692,0.0022511774397848683,-0.00026579547499106383,0.0019853819647967104,-1.146177879170207e-15,2.5457297566001747e-13,0.0,-2.220446049250313e-16,0.9711618673269644,1.0,0.9711618673269644,1.0,0,0
Classic-DDPNM-1,28.8,0.9717581341807363,0.9295360245258706,0.9295360245258971,0.9295360245258706,0.0022214339580139963,-0.00026228367590925834,0.0019591502821063086,-1.373624013199879e-15,3.091750732097926e-13,0.0,-2.220446049250313e-16,0.9715428885852545,1.0,0.9715428885852545,1.0,0,0
Classic-DDPNM-1,28.900000000000002,0.9721312773209515,0.9297552328718057,0.9297552328718324,0.9297552328718057,0.0021920834593514016,-0.0002588182761610806,0.0019332651831913154,-1.1177849112617693e-15,2.549594785027593e-13,0.0,-2.220446049250313e-16,0.9719188756343707,1.0,0.9719188756343707,1.0,0,0
Classic-DDPNM-1,29.0,0.9724994903406563,0.9299715449469601,0.9299715449469868,0.9299715449469601,0.00216312075154379,-0.0002553986626988047,0.001907722088844432,-1.1099837378175572e-15,2.5656998968400605e-13,0.0,1.1102230246251565e-16,0.9722898949883361,1.0,0.9722898949883361,1.0,0,0
Classic-DDPNM-1,29.1,0.972862838378626,0.9301849990180533,0.9301849990180804,0.9301849990180533,0.002134540710931887,-0.00025202423057533964,0.001882516480360722,-1.6933251641962268e-15,3.9664859881152314e-13,0.0,-4.440892098500626e-16,0.972656012282364,1.0,0.972656012282364,1.0,0,0
Classic-DDPNM-1,29.200000000000003,0.9732213857129963,0.9303956328462109,0.9303956328462378,0.9303956328462109,0.0021063382815755816,-0.0002486943828359935,0.001857643898738166,-8.5657477340512e-16,2.0333266999369986e-13,0.0,0.0,0.9730172922844659,1.0,0.9730172922844659,1.0,0,0
Classic-DDPNM-1,29.3,0.9735751957726347,0.930603483693641,0.9306034836936681,0.930603483693641,0.002078508474301355,-0.00024540853041416866,0.001833099943888846,-1.1505705920346679e-15,2.7677794107164934e-13,0.0,0.0,0.97337379890692,1.0,0.97337379890692,1.0,0,0
Classic-DDPNM-1,29.400000000000002,0.9739243311483593,0.9308085883302295,0.9308085883302567,0.9308085883302295,0.0020510463658851563,-0.00024216609202532842,0.0018088802738608863,-9.743835038410371e-16,2.375332708337575e-13,0.0,-2.220446049250313e-16,0.9737255952175622,1.0,0.9737255952175622,1.0,0,0
Classic-DDPNM-1,29.5,0.974268853604013,0.9310109830400428,0.9310109830400702,0.9310109830400428,0.0020239470981331387,-0.00023896649406525227,0.0017849806040699486,-9.804076021619097e-16,2.422018843935508e-13,0.0,0.0,0.974072743450957,1.0,0.974072743450957,1.0,0,0
Classic-DDPNM-1,29.6,0.9746088240873904,0.9312107036277477,0.9312107036277752,0.9312107036277477,0.001997205877048991,-0.00023580917050891793,0.0017613967065412204,-5.723041635594724e-16,1.4327620655836613e-13,0.0,0.0,0.9744153050193958,1.0,0.9744153050193958,1.0,0,0
Classic-DDPNM-1,29.700000000000003,0.9749443027410178,0.931407785424945,0.9314077854249724,0.931407785424945,0.001970817971972405,-0.0002326935628094081,0.001738124409161831,-1.3017748669655067e-15,3.302625827140871e-13,0.0,0.0,0.9747533405237723,1.0,0.9747533405237723,1.0,0,0
Classic-DDPNM-1,29.8,0.9752753489127947,0.9316022632964189,0.9316022632964466,0.9316022632964189,0.0019447787147397477,-0.00022961911979960196,0.001715159594942467,-1.3985009473442642e-15,3.5955271845171816e-13,0.0,0.0,0.9750869097642916,1.0,0.9750869097642916,1.0,0,0
Classic-DDPNM-1,29.900000000000002,0.9756020211664918,0.9317941716463074,0.9317941716463349,0.9317941716463074,0.0019190834988846994,-0.0002265852975945651,0.0016924982012891795,-1.256100309350713e-15,3.2726567397432805e-13,0.0,2.220446049250313e-16,0.9754160717510585,1.0,0.9754160717510585,1.0,0,0
Classic-DDPNM-1,30.0,0.9759243772921108,0.9319835444241853,0.9319835444242129,0.9319835444241853,0.001893727778778942,-0.00022359155949576459,0.0016701362192847815,-7.630055848207792e-16,2.0145598363467927e-13,0.0,0.0,0.9757408847145105,1.0,0.9757408847145105,1.0,0,0
NormalLinear-DDPNM-3,0.0,0.0,0.03518741987989842,0.03518741987989842,0.03518741987989842,0.0,0.0,0.0,0.0,0.0,0.0,0.0,0.0,1.0,0.0,1.0,0,0
NormalLinear-DDPNM-3,0.1,4.840030127193855e-07,0.07991703720288998,0.07991703720289,0.07991703720289,0.4472961732299158,-0.008157042931090102,0.4391391302988257,-7.962364499164324e-17,8.900550659385554e-17,1.7944369641476e-05,0.0,0.0,1.0,-0.020157733214270484,1.0,6,0
NormalLinear-DDPNM-3,0.2,4.9617432457492704e-06,0.1100705601595637,0.11007056015956372,0.1100705601595637,0.3015352295667371,-0.008150395258535293,0.29338483430820184,-1.2409664688944217e-16,2.0577470676934044e-16,0.0,-1.3877787807814457e-17,1.6777821636700012e-06,1.0,1.6777821636700012e-06,1.0,0,0
NormalLinear-DDPNM-3,0.30000000000000004,2.6014368291972493e-05,0.13417003381676645,0.13417003381676648,0.13417003381676645,0.2409947365720276,-0.008121544194699171,0.23287319237732834,-4.486534944944641e-17,9.308367080464686e-17,0.0,2.7755575615628914e-17,1.1993284612259638e-05,1.0,1.1993284612259638e-05,1.0,0,0
NormalLinear-DDPNM-3,0.4,9.34329031509688e-05,0.15480436190828145,0.15480436190828148,0.15480436190828145,0.20634328091514997,-0.008084541054889264,0.19825873986026077,-5.93903018521329e-17,1.4391140236971097e-16,0.0,0.0,5.197861831057711e-05,1.0,5.197861831057711e-05,1.0,0,0
NormalLinear-DDPNM-3,0.5,0.0002599417844827014,0.17312767895927378,0.17312767895927383,0.17312767895927378,0.18323317050992327,-0.00804595023813343,0.17518722027179007,-1.8197229535773073e-16,4.965593698218402e-16,0.0,0.0,0.000163872090943764,1.0,0.000163872090943764,1.0,0,0
NormalLinear-DDPNM-3,0.6000000000000001,0.000600549087644949,0.1897704139009913,0.1897704139009914,0.1897704139009913,0.1664273494171753,-0.008008137521818484,0.15841921189535718,-3.1008939706449434e-16,9.316058873448982e-16,0.0,2.7755575615628914e-17,0.0004134173767978929,1.0,0.0004134173767978929,1.0,0,0
NormalLinear-DDPNM-3,0.7000000000000001,0.001205260634785324,0.2051211177049455,0.20512111770494562,0.2051211177049455,0.15350703803954202,-0.007971463365970159,0.14553557467357217,-5.425595180100352e-17,1.7672138194415432e-16,0.0,0.0,0.0008848796434384218,1.0,0.0008848796434384218,1.0,0,0
NormalLinear-DDPNM-3,0.8,0.002168153693976503,0.2194390460462158,0.2194390460462159,0.2194390460462158,0.14317928341270297,-0.007935402062339603,0.13524388135036308,-2.5720492354040323e-16,8.981918242984587e-16,0.0,2.7755575615628914e-17,0.0016710369391065736,1.0,0.0016710369391065736,1.0,0,0
NormalLinear-DDPNM-3,0.9,0.0035765694589014628,0.23290719593123943,0.23290719593123954,0.23290719593123943,0.13468149885023623,-0.007899117513342418,0.12678238133689423,-2.6935423143150443e-16,9.99967455556096e-16,0.0,0.0,0.002862013809030726,1.0,0.002862013809030726,1.0,0,0
NormalLinear-DDPNM-3,1.0,0.005503007104986759,0.24566029777196252,0.24566029777196272,0.24566029777196252,0.1275310184072309,-0.007861754949869034,0.1196692634573626,-4.126054369150674e-16,1.6176669882676629e-15,0.0,-2.7755575615628914e-17,0.004536092831214504,1.0,0.004536092831214504,1.0,0,0
NormalLinear-DDPNM-3,1.1,0.00800062903617878,0.257800860335639,0.2578008603356392,0.257800860335639,0.1214056256367646,-0.007822578809459378,0.1135830468273055,-3.2051840709591135e-16,1.3200311164116688e-15,0.0,0.0,0.006753953753428869,1.0,0.006753953753428869,1.0,0,0
NormalLinear-DDPNM-3,1.2000000000000002,0.011102053872463899,0.26940896252430296,0.26940896252430313,0.26940896252430296,0.11608102188663982,-0.007781025802410975,0.10829999608422855,-8.816137290704472e-17,3.7974068230179683e-16,0.0,5.551115123125783e-17,0.009556353719413864,1.0,0.009556353719413864,1.0,0,0
NormalLinear-DDPNM-3,1.3,0.014820540662679252,0.28054853166800625,0.28054853166800653,0.28054853166800625,0.11139569143703287,-0.007736711984531165,0.1036589794525028,-5.64808679673713e-16,2.5351459844969494e-15,0.0,-5.551115123125783e-17,0.012964488907731582,1.0,0.012964488907731582,1.0,0,0
NormalLinear-DDPNM-3,1.4000000000000001,0.01915258910063895,0.29127153376679743,0.29127153376679765,0.29127153376679743,0.10723002098791179,-0.0076894165235079515,0.09954060446440353,-3.412160922590724e-16,1.591047400324293e-15,0.0,0.0,0.01698207067029303,1.0,0.01698207067029303,1.0,0,0
NormalLinear-DDPNM-3,1.5,0.024081154217625637,0.30162086478677685,0.3016208647867771,0.30162086478677685,0.10349331019979424,-0.007639055480560401,0.09585425471923385,-4.648547320952591e-16,2.2458201945510062e-15,0.0,1.1102230246251565e-16,0.021598262913794335,1.0,0.021598262913794335,1.0,0,0
NormalLinear-DDPNM-3,1.6,0.02957892100807547,0.311632402524928,0.3116324025249283,0.311632402524928,0.10011537738151166,-0.007585653193722688,0.09252972418778954,-4.3999346144295325e-16,2.19743196774987e-15,0.0,5.551115123125783e-17,0.026790858415425747,1.0,0.026790858415425747,1.0,0,0
NormalLinear-DDPNM-3,1.7000000000000002,0.035611309836195315,0.32133649819456545,0.3213364981945658,0.32133649819456545,0.09704095669637425,-0.0075293152898315546,0.08951164140654336,-3.5557916377121454e-16,1.8321087089225848e-15,0.0,0.0,0.032529302911398605,1.0,0.032529302911398605,1.0,0,0
NormalLinear-DDPNM-3,1.8,0.04213905305427779,0.33075908354602856,0.3307590835460289,0.33075908354602856,0.0942258535146312,-0.007470205184775838,0.08675564832985545,-3.556674140164066e-16,1.8873133049475594e-15,0.0,0.0,0.03877735886193673,1.0,0.03877735886193673,1.0,0,0
NormalLinear-DDPNM-3,1.9000000000000001,0.04912029534412187,0.33992250776565774,0.33992250776565813,0.33992250776565774,0.09163424219629179,-0.007408524667482166,0.08422571752881039,-4.1477733030786213e-16,2.263222352073128e-15,0.0,5.551115123125783e-17,0.04549532693570037,1.0,0.04549532693570037,1.0,0,0
NormalLinear-DDPNM-3,2.0,0.05651223612976769,0.34884618043909,0.34884618043909044,0.34884618043909,0.08923672673432248,-0.007344498475382684,0.08189222825894019,-3.224397011590495e-16,1.806653566076125e-15,0.0,-5.551115123125783e-17,0.05264182086634045,1.0,0.05264182086634045,1.0,0,0
NormalLinear-DDPNM-3,2.1,0.06427236573120701,0.3575470727527884,0.3575470727527889,0.3575470727527884,0.08700892313698416,-0.00727836243641475,0.07973056070057011,-4.605564832567519e-16,2.6466048920733343e-15,0.0,-5.551115123125783e-17,0.06017513348172125,1.0,0.06017513348172125,1.0,0,0
NormalLinear-DDPNM-3,2.2,0.07235935952847301,0.36604011337630654,0.36604011337630704,0.36604011337630654,0.08493040623518133,-0.0072103546283916985,0.07772005160678938,-3.359394078699231e-16,1.977733433534226e-15,0.0,5.551115123125783e-17,0.06805425046552945,1.0,0.06805425046552945,1.0,0,0
NormalLinear-DDPNM-3,2.3000000000000003,0.08073369497123127,0.3743385049565918,0.3743385049565924,0.3743385049565918,0.0829839158028528,-0.007140708997125045,0.07584320680572831,-4.0868159152849756e-16,2.4624144786045793e-15,0.0,0.0,0.07623957304002345,1.0,0.07623957304002345,1.0,0,0
NormalLinear-DDPNM-3,2.4000000000000004,0.08935805061291109,0.3824539799811656,0.3824539799811661,0.3824539799811656,0.0811547502457377,-0.0070696509223733515,0.07408509932336395,-3.2564290183287943e-16,2.006308323584442e-15,0.0,1.1102230246251565e-16,0.0846934076436739,1.0,0.0846934076436739,1.0,0,0
NormalLinear-DDPNM-3,2.5,0.0981975380744923,0.3903970097760503,0.39039700977605085,0.3903970097760503,0.07943029794884704,-0.006997394291761171,0.0724329036570866,-3.830030465786546e-16,2.4109379951294285e-15,0.0,0.0,0.09338027389668017,1.0,0.09338027389668017,1.0,0,0
NormalLinear-DDPNM-3,2.6,0.10721980902479493,0.3981769768731155,0.3981769768731161,0.3981769768731155,0.07779967097065188,-0.006924139718574149,0.07087553125207838,-6.109200779874408e-16,3.9262381856209495e-15,0.0,5.551115123125783e-17,0.102267074130785,1.0,0.102267074130785,1.0,0,0
NormalLinear-DDPNM-3,2.7,0.11639507098729732,0.4058023184453564,0.405802318445357,0.4058023184453564,0.07625341572240929,-0.006850073610281367,0.06940334211212774,-5.039219231782119e-16,3.3042580348969224e-15,0.0,1.1102230246251565e-16,0.11132315984613582,1.0,0.11132315984613582,1.0,0,0
NormalLinear-DDPNM-3,2.8000000000000003,0.12569603853367076,0.41328064666277053,0.4132806466627713,0.41328064666277053,0.07478328217414121,-0.006775367856663127,0.06800791431747973,-5.595048604517495e-16,3.7408418311252635e-15,0.0,-1.1102230246251565e-16,0.12052032330507627,1.0,0.12052032330507627,1.0,0,0
NormalLinear-DDPNM-3,2.9000000000000004,0.13509784034388028,0.42061885046213554,0.4206188504621364,0.42061885046213554,0.07338203799365006,-0.006700179958376842,0.06668185803527354,-1.9723929800424833e-16,1.343920824475572e-15,0.0,-5.551115123125783e-17,0.12983273633688994,1.0,0.12983273633688994,1.0,0,0
NormalLinear-DDPNM-3,3.0,0.14457789766314091,0.42782318221233245,0.42782318221233345,0.42782318221233245,0.07204331750196913,-0.00662465345907242,0.06541866404289826,-3.805463863338211e-16,2.6410942716749246e-15,0.0,-2.7755575615628914e-16,0.13923685334275876,1.0,0.13923685334275876,1.0,0,0
NormalLinear-DDPNM-3,3.1,0.1541157857441566,0.43489933199683695,0.4348993319968377,0.43489933199683695,0.07076149784504493,-0.006548918577875429,0.06421257926716743,-2.7518978137637106e-16,1.944488102689627e-15,0.0,0.0,0.148711291378589,1.0,0.148711291378589,1.0,0,0
NormalLinear-DDPNM-3,3.2,0.16369308677659478,0.44185249165907126,0.44185249165907214,0.44185249165907126,0.0695315966223431,-0.0064730929654820794,0.06305850365686194,-4.45402163857866e-16,3.2028759980663138e-15,0.0,-5.551115123125783e-17,0.1582366969294407,1.0,0.1582366969294407,1.0,0,0
NormalLinear-DDPNM-3,3.3000000000000003,0.17329324042245056,0.4486874103164237,0.44868741031642456,0.4486874103164237,0.06834918657352418,-0.0063972825275969356,0.06195190404592739,-6.568588040026593e-16,4.805169139036251e-15,0.0,1.1102230246251565e-16,0.16779560643599772,1.0,0.16779560643599772,1.0,0,0
NormalLinear-DDPNM-3,3.4000000000000004,0.18290139625778343,0.4554084427101889,0.4554084427101899,0.4554084427101889,0.06721032393765203,-0.006321582275119761,0.060888741662533566,-4.3882818233554775e-16,3.2645891034733335e-15,0.0,-5.551115123125783e-17,0.1773723056604652,1.0,0.1773723056604652,1.0,0,0
NormalLinear-DDPNM-3,3.5,0.19250427104974616,0.4620195914962749,0.4620195914962758,0.4620195914962749,0.06611148786086041,-0.006246077172404099,0.05986541068845547,-3.3322096150482884e-16,2.5201441707539136e-15,0.0,1.1102230246251565e-16,0.18695269147116794,1.0,0.18695269147116794,1.0,0,0
NormalLinear-DDPNM-3,3.6,0.20209001277463723,0.4685245443766457,0.4685245443766467,0.4685245443766457,0.06504952880370785,-0.006170842963851708,0.05887868583985746,-5.690157698999944e-16,4.373711696029645e-15,0.0,1.1102230246251565e-16,0.19652413848420955,1.0,0.19652413848420955,1.0,0,0
NormalLinear-DDPNM-3,3.7,0.2116480725283897,0.4749267068104175,0.4749267068104186,0.4749267068104175,0.06402162433771785,-0.0060959469657817685,0.05792567737193719,-4.982841777604057e-16,3.8915302674290395e-15,0.0,-5.551115123125783e-17,0.20607537214643712,1.0,0.20607537214643712,1.0,0,0
NormalLinear-DDPNM-3,3.8000000000000003,0.22116908493223497,0.48122923091599634,0.4812292309159974,0.48122923091599634,0.06302524105578855,-0.006021448815424501,0.05700379224036369,-6.715946361860424e-16,5.327981495473881e-15,0.0,0.0,0.21559634921169046,1.0,0.21559634921169046,1.0,0,0
NormalLinear-DDPNM-3,3.9000000000000004,0.23064475724360017,0.4874350410739601,0.48743504107396124,0.4874350410739601,0.062058101579637315,-0.005947401172472935,0.056110700407165655,-6.471947933491982e-16,5.214426294676979e-15,0.0,-1.1102230246251565e-16,0.22507814610032,1.0,0.22507814610032,1.0,0,0
NormalLinear-DDPNM-3,4.0,0.24006776710704222,0.49354685665870235,0.49354685665870346,0.49354685665870235,0.06111815584742275,-0.005873850371203658,0.055244305476218725,-3.806956758907747e-16,3.114423779745222e-15,0.0,0.0,0.23451285529968863,1.0,0.23451285529968863,1.0,0,0
NormalLinear-DDPNM-3,4.1000000000000005,0.24943166869244612,0.4995672122607542,0.49956721226075534,0.4995672122607542,0.0602035560205183,-0.005800837022986978,0.05440271899753167,-6.804474010342707e-16,5.65122266866065e-15,0.0,0.0,0.24389348972915603,1.0,0.24389348972915603,1.0,0,0
NormalLinear-DDPNM-3,4.2,0.25873080684505867,0.5054984757078218,0.505498475707823,0.5054984757078218,0.05931263447067625,-0.005728396570266005,0.053584237900411155,-2.9822971281639847e-16,2.514048781325325e-15,0.0,0.0,0.25321389483251205,1.0,0.25321389483251205,1.0,0,0
NormalLinear-DDPNM-3,4.3,0.26796023879687886,0.5113428641483169,0.5113428641483181,0.5113428641483169,0.05844388440495063,-0.005656559793907449,0.052787324611043504,-4.981318177090183e-16,4.26162482850662e-15,0.0,0.0,0.2624686680551282,1.0,0.2624686680551282,1.0,0,0
NormalLinear-DDPNM-3,4.4,0.2771156629483763,0.5171024584245413,0.5171024584245426,0.5171024584245413,0.05759594276224411,-0.005585353276359131,0.05201058948588615,-4.4376818436305324e-16,3.852425735914442e-15,0.0,-1.1102230246251565e-16,0.2716530852978653,1.0,0.2716530852978653,1.0,0,0
NormalLinear-DDPNM-3,4.5,0.2861933542136064,0.5227792159321709,0.5227792159321722,0.5227792159321709,0.05676757507629637,-0.005514799823340912,0.05125277525295517,-6.944055510929559e-16,6.1162164330576695e-15,0.0,0.0,0.28076303390411533,1.0,0.28076303390411533,1.0,0,0
NormalLinear-DDPNM-3,4.6000000000000005,0.29519010542317137,0.5283749821370628,0.5283749821370641,0.5283749821370628,0.05595766204891883,-0.005444918846942818,0.050512743201976136,-6.158477980372111e-16,5.5028013634560824e-15,0.0,1.1102230246251565e-16,0.2897949517219506,1.0,0.2897949517219506,1.0,0,0
NormalLinear-DDPNM-3,4.7,0.30410317429264727,0.5338915008987679,0.5338915008987694,0.5338915008987679,0.05516518761705114,-0.0053757267130253045,0.04978946090402666,-2.0592239156522977e-16,1.8664161263686086e-15,0.0,1.1102230246251565e-16,0.29874577178400397,1.0,0.29874577178400397,1.0,0,0
NormalLinear-DDPNM-3,4.800000000000001,0.3129302354850361,0.5393304237317144,0.5393304237317158,0.5393304237317144,0.05438922832946447,-0.005307237055766431,0.049081991273698056,-7.223963901096847e-16,6.64098767621546e-15,0.0,1.1102230246251565e-16,0.307612872158761,1.0,0.307612872158761,1.0,0,0
NormalLinear-DDPNM-3,4.9,0.32166933732153247,0.5446933181192708,0.5446933181192724,0.5446933181192708,0.05362894387556438,-0.005239461062096554,0.0483894828134689,-4.958471580920366e-16,4.6229435288018105e-15,0.0,0.0,0.3163940305448855,1.0,0.3163940305448855,1.0,0,0
NormalLinear-DDPNM-3,5.0,0.33031886272328986,0.5499816749823416,0.5499816749823433,0.5499816749823416,0.05288356863070831,-0.005172407728621556,0.047711160902087844,-8.054661817963348e-16,7.615467362092981e-15,0.0,0.0,0.3250873832025627,1.0,0.3250873832025627,1.0,0,0
NormalLinear-DDPNM-3,5.1000000000000005,0.33887749399639205,0.555196915392411,0.5551969153924128,0.555196915392411,0.05215240410069377,-0.005106084093480836,0.04704632000721386,-5.406563656720916e-16,5.183427063383399e-15,0.0,0.0,0.33369138784065255,1.0,0.33369138784065255,1.0,0,0
NormalLinear-DDPNM-3,5.2,0.3473441811018146,0.5603403966087606,0.5603403966087623,0.5603403966087606,0.05143481216349555,-0.005040495445418415,0.046394316718077366,-6.128526895357199e-16,5.95756710054318e-15,0.0,0.0,0.3422047901044606,1.0,0.3422047901044606,1.0,0,0
NormalLinear-DDPNM-3,5.300000000000001,0.3557181130810608,0.565413417510683,0.5654134175106849,0.565413417510683,0.05073020901922409,-0.004975645512176243,0.04575456350704928,-6.496515065335909e-16,6.403004433585102e-15,0.0,-1.1102230246251565e-16,0.35062659333508767,1.0,0.35062659333508767,1.0,0,0
NormalLinear-DDPNM-3,5.4,0.36399869233588633,0.570417223487717,0.5704172234877188,0.570417223487717,0.050038059770339816,-0.004911536630152804,0.04512652314018722,-6.872092650522018e-16,6.866865623949966e-15,0.0,0.0,0.358956031297055,1.0,0.358956031297055,1.0,0,0
NormalLinear-DDPNM-3,5.5,0.3721855114867957,0.5753530108440688,0.5753530108440705,0.5753530108440688,0.04935787356351806,-0.004848169897110101,0.04450970366640661,-4.596645575632931e-16,4.656446118690289e-15,0.0,1.1102230246251565e-16,0.3671925435956829,1.0,0.3671925435956829,1.0,0,0
NormalLinear-DDPNM-3,5.6000000000000005,0.3802783325596087,0.5802219307673415,0.5802219307673434,0.5802219307673415,0.04868919923272763,-0.004785545309555574,0.04390365392317292,-4.512250389142065e-16,4.633728280859675e-15,0.0,0.0,0.37533575352927434,1.0,0.37533575352927434,1.0,0,0
NormalLinear-DDPNM-3,5.7,0.3882770682723061,0.585025092906346,0.585025092906348,0.585025092906346,0.048031621390044466,-0.004723661886286253,0.043307959503759,-8.951563829987246e-16,9.318406885846421e-15,0.0,0.0,0.3833854481433714,1.0,0.3833854481433714,1.0,0,0
NormalLinear-DDPNM-3,5.800000000000001,0.3961817652155286,0.5897635685980227,0.5897635685980248,0.5897635685980227,0.04738475691676736,-0.004662517779443692,0.042722239137325126,-5.258492768420208e-16,5.548717679038446e-15,0.0,0.0,0.3913415602750694,1.0,0.3913415602750694,1.0,0,0
NormalLinear-DDPNM-3,5.9,0.4039925887395868,0.5944383937793041,0.5944383937793063,0.5944383937793041,0.046748251812813724,-0.004602110374306308,0.04214614143850817,-6.813571144196218e-16,7.287514377520059e-15,0.0,-1.1102230246251565e-16,0.39920415239463386,1.0,0.39920415239463386,1.0,0,0
NormalLinear-DDPNM-3,6.0,0.41170980937868085,0.5990505716159937,0.599050571615996,0.5990505716159937,0.04612177836689657,-0.004542436378929853,0.04157934198796716,-5.591410598009038e-16,6.061573074578351e-15,0.0,0.0,0.40697340206940014,1.0,0.40697340206940014,1.0,0,0
NormalLinear-DDPNM-3,6.1000000000000005,0.4193337906593312,0.60360107487741,0.6036010748774122,0.60360107487741,0.04550503261416261,-0.004483491904641413,0.04102154070952092,-2.547169950412346e-16,2.798778293392096e-15,0.0,1.1102230246251565e-16,0.41464958889130266,1.0,0.41464958889130266,1.0,0,0
NormalLinear-DDPNM-3,6.2,0.42686497815486335,0.6080908480825604,0.6080908480825626,0.6080908480825604,0.04489773205150427,-0.00442527253829679,0.040472459513207895,-3.6222940472856527e-16,4.0339387779435434e-15,0.0,0.0,0.42223308272431287,1.0,0.42223308272431287,1.0,0,0
NormalLinear-DDPNM-3,6.300000000000001,0.4343038896612885,0.6125208094409591,0.6125208094409613,0.6125208094409591,0.04429961358398682,-0.004367773407120889,0.039931840176866434,-2.3620890162725453e-16,2.666037946125976e-15,0.0,0.0,0.429724333141767,1.0,0.429724333141767,1.0,0,0
NormalLinear-DDPNM-3,6.4,0.44165110638215876,0.61689185260882,0.6168918526088223,0.61689185260882,0.04371043167860855,-0.00431098923687522,0.03939944244173392,-6.991968988382183e-16,7.998055292375362e-15,0.0,-1.1102230246251565e-16,0.4371238599360216,1.0,0.4371238599360216,1.0,0,0
NormalLinear-DDPNM-3,6.5,0.4489072650210706,0.6212048482792352,0.6212048482792375,0.6212048482792352,0.043129956704152095,-0.004254914404017641,0.0388750423001347,-5.030748902309576e-16,5.832082022267894e-15,0.0,0.0,0.4444322445942023,1.0,0.4444322445942023,1.0,0,0
NormalLinear-DDPNM-3,6.6000000000000005,0.4560730506905231,0.6254606456230435,0.6254606456230458,0.6254606456230435,0.04255797343808321,-0.004199542982461642,0.038358430455621643,-8.532374635929381e-16,1.002441369575899e-14,0.0,0.0,0.4516501226441531,1.0,0.4516501226441531,1.0,0,0
NormalLinear-DDPNM-3,6.7,0.4631491905549073,0.629660073595388,0.6296600735953904,0.629660073595388,0.04199427972344516,-0.004144868785474093,0.03784941093797264,-4.993204166922529e-16,5.945100380105768e-15,0.0,-2.220446049250313e-16,0.45877817678400573,1.0,0.45877817678400573,1.0,0,0
NormalLinear-DDPNM-3,6.800000000000001,0.4701364481335942,0.6338039421214354,0.6338039421214379,0.6338039421214354,0.04143868526047423,-0.004090885403203929,0.0373477998572707,-3.7569384045811963e-16,4.533129346365493e-15,0.0,0.0,0.46581713071727726,1.0,0.46581713071727726,1.0,0,0
NormalLinear-DDPNM-3,6.9,0.47703561819748236,0.6378930431733556,0.6378930431733579,0.6378930431733556,0.04089101051920174,-0.004037586236281686,0.0368534242829187,-5.785813129733372e-16,7.0746761406355394e-15,0.0,2.220446049250313e-16,0.47276774362307616,1.0,0.47276774362307616,1.0,0,0
NormalLinear-DDPNM-3,7.0,0.4838475221990299,0.6419281517494339,0.6419281517494364,0.6419281517494339,0.0403510857607825,-0.003984964525886474,0.03636612123489787,-6.249493788136953e-16,7.743897927786044e-15,0.0,1.1102230246251565e-16,0.4796308051979063,1.0,0.4796308051979063,1.0,0,0
NormalLinear-DDPNM-3,7.1000000000000005,0.4905730041818072,0.6459100267650855,0.6459100267650882,0.6459100267650855,0.03981875015651615,-0.0039330133806379335,0.03588573677588015,-6.989563414811981e-16,8.776723763726675e-15,0.0,-1.1102230246251565e-16,0.4864071312118735,1.0,0.4864071312118735,1.0,0,0
NormalLinear-DDPNM-3,7.2,0.49721292712102044,0.6498394118645459,0.6498394118645486,0.6498394118645459,0.03929385099460392,-0.003881725800633914,0.035412125193969454,-1.017046647570105e-15,1.2941549655056455e-14,0.0,0.0,0.4930975595277059,1.0,0.4930975595277059,1.0,0,0
NormalLinear-DDPNM-3,7.300000000000001,0.5037681696513335,0.6537170361611273,0.6537170361611303,0.6537170361611273,0.0387762429658145,-0.003831094698924396,0.03494514826689213,-3.94184569696681e-16,5.082810240850145e-15,0.0,-2.220446049250313e-16,0.4997029465361592,1.0,0.4997029465361592,1.0,0,0
NormalLinear-DDPNM-3,7.4,0.5102396231427082,0.6575436149131351,0.6575436149131378,0.6575436149131351,0.03826578752007759,-0.0037811129206808264,0.03448467459939407,-5.926871644021999e-16,7.744348186892079e-15,0.0,1.1102230246251565e-16,0.50622416396596,1.0,0.50622416396596,1.0,0,0
NormalLinear-DDPNM-3,7.5,0.516628189088934,0.661319850141808,0.661319850141811,0.661319850141808,0.03776235228672986,-0.0037317732602942036,0.03403057902643841,-4.494992092841758e-16,5.9516844431605875e-15,0.0,-1.1102230246251565e-16,0.5126620960306167,1.0,0.5126620960306167,1.0,0,0
NormalLinear-DDPNM-3,7.6000000000000005,0.52293477677708,0.665046431197025,0.6650464311970281,0.665046431197025,0.03726581055216949,-0.0036830684766154375,0.033582742075554915,-5.823427745338568e-16,7.813365198626387e-15,0.0,0.0,0.5190176368781833,1.0,0.5190176368781833,1.0,0,0
NormalLinear-DDPNM-3,7.7,0.5291603012092991,0.6687240352759136,0.6687240352759167,0.6687240352759136,0.03677604078888619,-0.003634991306522291,0.033141049482364134,-1.0794266007288847e-15,1.467567711985852e-14,0.0,-1.1102230246251565e-16,0.525291688313414,1.0,0.525291688313414,1.0,0,0
NormalLinear-DDPNM-3,7.800000000000001,0.5353056812513024,0.6723533278990035,0.6723533278990066,0.6723533278990035,0.03629292623089864,-0.0035875344769891737,0.03270539175390971,-6.042491641322211e-16,8.324613456186134e-15,0.0,-2.220446049250313e-16,0.531485157764848,1.0,0.531485157764848,1.0,0,0
NormalLinear-DDPNM-3,7.9,0.5413718379844029,0.6759349633480816,0.6759349633480847,0.6759349633480816,0.0358163544907808,-0.0035406907158073656,0.032275663774973845,-4.140339397826383e-16,5.7799564705728085e-15,0.0,0.0,0.5375989564720515,1.0,0.5375989564720515,1.0,0,0
NormalLinear-DDPNM-3,8.0,0.547359693240371,0.6794695850694954,0.6794695850694985,0.6794695850694954,0.03534621721413833,-0.0034944527610963443,0.03185176445304154,-5.89403217665695e-16,8.337571374256423e-15,0.0,0.0,0.543633997870772,1.0,0.543633997870772,1.0,0,0
NormalLinear-DDPNM-3,8.1,0.5532701683004297,0.6829578260462701,0.6829578260462732,0.6829578260462701,0.034882409767746925,-0.0034488133697294764,0.031433596398017946,-4.691711259676833e-16,6.725038910607121e-15,0.0,0.0,0.5495911961559382,1.0,0.5495911961559382,1.0,0,0
NormalLinear-DDPNM-3,8.200000000000001,0.559104182741612,0.6864003091420685,0.6864003091420716,0.6864003091420685,0.03442483095798421,-0.003403765324785323,0.031021065633199073,-4.2697893255728894e-16,6.201612624887237e-15,0.0,0.0,0.5554714650045012,1.0,0.5554714650045012,1.0,0,0
NormalLinear-DDPNM-3,8.3,0.5648626534153932,0.6897976474197156,0.6897976474197186,0.6897976474197156,0.033973382776470995,-0.003359301442123031,0.03061408133434671,-7.157265350456491e-16,1.0533636578888962e-14,0.0,0.0,0.5612757164418621,1.0,0.5612757164418621,1.0,0,0
NormalLinear-DDPNM-3,8.4,0.5705464935450366,0.6931504444367371,0.6931504444367405,0.6931504444367371,0.03352797017021514,-0.0033154145761749854,0.030212555594043095,-5.305742383800421e-16,7.912412169397582e-15,0.0,0.0,0.567004859837308,1.0,0.567004859837308,1.0,0,0
NormalLinear-DDPNM-3,8.5,0.5761566119294659,0.6964592945201185,0.6964592945201219,0.6964592945201185,0.03308850083381332,-0.003272097625033936,0.029816403208780044,-9.126746125347196e-16,1.3791416799428449e-14,0.0,0.0,0.5726598010153071,1.0,0.5726598010153071,1.0,0,0
NormalLinear-DDPNM-3,8.6,0.5816939122427062,0.6997247830222592,0.6997247830222627,0.6997247830222592,0.03265488502140701,-0.0032293435349086026,0.029425541486499687,-7.117403979958704e-16,1.0897916154493775e-14,0.0,-1.1102230246251565e-16,0.5782414414708595,1.0,0.5782414414708595,1.0,0,0
NormalLinear-DDPNM-3,8.700000000000001,0.5871592924190455,0.702947486559914,0.7029474865599175,0.702947486559914,0.032227035376548585,-0.0031871453040154124,0.0290398900725325,-1.0099499937797716e-15,1.5669297252745693e-14,0.0,-1.1102230246251565e-16,0.583750677678262,1.0,0.583750677678262,1.0,0,0
NormalLinear-DDPNM-3,8.8,0.5925536441150674,0.7061279732377184,0.706127973237722,0.7061279732377184,0.031804866778043506,-0.0031454959859604746,0.02865937079208577,-4.533856082044154e-16,7.127613697746891e-15,0.0,-1.1102230246251565e-16,0.5891884004837407,1.0,0.5891884004837407,1.0,0,0
NormalLinear-DDPNM-3,8.9,0.5978778522405968,0.7092668028577477,0.7092668028577511,0.7092668028577477,0.03138829620029315,-0.003104388692668312,0.028283907507623107,-5.123327485862103e-16,8.161206733187376e-15,0.0,1.1102230246251565e-16,0.5945554945733323,1.0,0.5945554945733323,1.0,0,0
NormalLinear-DDPNM-3,9.0,0.6031327945514147,0.7123645271164022,0.7123645271164057,0.7123645271164022,0.030977242586545106,-0.0030638165969024828,0.0279134259896439,-8.908757961206566e-16,1.4379520605032613e-14,0.0,0.0,0.5998528380083056,1.0,0.5998528380083056,1.0,0,0
NormalLinear-DDPNM-3,9.1,0.6083193412973106,0.7154216897897966,0.7154216897898001,0.7154216897897966,0.03057162673394398,-0.0030237729344233747,0.027547853799520308,-6.651999609507461e-16,1.0879368094144811e-14,0.0,-1.1102230246251565e-16,0.6050813018211323,1.0,0.6050813018211323,1.0,0,0
NormalLinear-DDPNM-3,9.200000000000001,0.613438354919705,0.7184388269086968,0.7184388269087004,0.7184388269086968,0.030171371189001706,-0.0029842510058169956,0.027187120183186336,-9.231733741576998e-16,1.5298830278124667e-14,0.0,0.0,0.6102417496657893,1.0,0.6102417496657893,1.0,0,0
NormalLinear-DDPNM-3,9.3,0.6184906897936491,0.7214164669239598,0.7214164669239633,0.7214164669239598,0.029776400152630167,-0.0029452441780331642,0.026831155974595414,-5.997077969855172e-16,1.0070186354151353e-14,0.0,2.220446049250313e-16,0.6153350375167385,1.0,0.6153350375167385,1.0,0,0
NormalLinear-DDPNM-3,9.4,0.6234771920095422,0.7243551308633229,0.7243551308633268,0.7243551308633229,0.02938663939363151,-0.002906745885663858,0.02647989350797069,-1.1277877350941322e-15,1.918878371880932e-14,0.0,0.0,0.6203620134115323,1.0,0.6203620134115323,1.0,0,0
NormalLinear-DDPNM-3,9.5,0.628398699190377,0.7272553324803188,0.7272553324803228,0.7272553324803188,0.0290020161699589,-0.00286874963198584,0.026133266537973862,-5.232429564633193e-16,9.020803129633825e-15,0.0,0.0,0.6253235172324986,1.0,0.6253235172324986,1.0,0,0
NormalLinear-DDPNM-3,9.600000000000001,0.6332560403407502,0.7301175783959988,0.7301175783960026,0.7301175783959988,0.028622459156799618,-0.0028312489897957304,0.025791210167002032,-8.114198705034669e-16,1.4174531022271201e-14,0.0,0.0,0.6302203805234233,1.0,0.6302203805234233,1.0,0,0
NormalLinear-DDPNM-3,9.700000000000001,0.6380500357242561,0.7329423682340952,0.7329423682340993,0.7329423682340952,0.028247898380964198,-0.0027942376020602504,0.025453660778906977,-9.760911222627018e-16,1.7277234382158878e-14,0.0,0.0,0.6350534263375327,1.0,0.6350534263375327,1.0,0,0
NormalLinear-DDPNM-3,9.8,0.6427814967662258,0.7357301947501848,0.735730194750189,0.7357301947501848,0.027878265160895532,-0.0027577091823987035,0.025120555978497668,-7.468463137695353e-16,1.3394777427131932e-14,0.0,-1.1102230246251565e-16,0.6398234691134818,1.0,0.6398234691134818,1.0,0,0
NormalLinear-DDPNM-3,9.9,0.6474512259790847,0.738481543955352,0.7384815439553564,0.738481543955352,0.02751349205167286,-0.0027216575154192756,0.024791834536255136,-1.1420075124544005e-15,2.0753590825722404e-14,0.0,-2.220446049250313e-16,0.6445313145763842,1.0,0.6445313145763842,1.0,0,0
NormalLinear-DDPNM-3,10.0,0.6520600169078763,0.7411968952348187,0.7411968952348229,0.7411968952348187,0.02715351279466649,-0.0026860764569223263,0.02446743633774328,-7.813404599970458e-16,1.438746555382201e-14,0.0,0.0,0.6491777596611955,1.0,0.6491777596611955,1.0,0,0
NormalLinear-DDPNM-3,10.100000000000001,0.6566086540937526,0.7438767214619426,0.743876721461947,0.7438767214619426,0.02679826227123927,-0.0026509599339878493,0.02414730233725402,-1.1636733446957447e-15,2.1711731397311136e-14,0.0,-2.220446049250313e-16,0.6537635924560529,1.0,0.6537635924560529,1.0,0,0
NormalLinear-DDPNM-3,10.200000000000001,0.6610979130534519,0.7465214891079652,0.7465214891079698,0.7465214891079652,0.026447676460226166,-0.002616301944958192,0.023831374515268774,-5.415990074632672e-16,1.0239065958738432e-14,0.0,-1.1102230246251565e-16,0.6582895921634314,1.0,0.6582895921634314,1.0,0,0
NormalLinear-DDPNM-3,10.3,0.6655285602729916,0.7491316583478345,0.749131658347839,0.7491316583478345,0.02610169239869231,-0.0025820965593290907,0.023519595839363663,-7.891293514635227e-16,1.5116440332869972e-14,0.0,0.0,0.6627565290771446,1.0,0.6627565290771446,1.0,0,0
NormalLinear-DDPNM-3,10.4,0.6699013532139828,0.7517076831624124,0.7517076831624169,0.7517076831624124,0.025760248145779707,-0.0025483379175584827,0.023211910228220212,-6.797521987428118e-16,1.3193820861042224e-14,0.0,1.1102230246251565e-16,0.6671651645734772,1.0,0.6671651645734772,1.0,0,0
NormalLinear-DDPNM-3,10.5,0.6742170403311327,0.7542500114373365,0.7542500114373412,0.7542500114373365,0.02542328274924066,-0.0025150202308034733,0.022908262518439124,-7.785477923699484e-16,1.531170856354442e-14,0.0,-1.1102230246251565e-16,0.6715162511148597,1.0,0.6715162511148597,1.0,0,0
NormalLinear-DDPNM-3,10.600000000000001,0.6784763610996537,0.7567590850587844,0.7567590850587891,0.7567590850587844,0.025090736214479215,-0.002482137780594175,0.02260859843388479,-6.355915007629984e-16,1.2665859927940619e-14,0.0,-1.1102230246251565e-16,0.6758105322646962,1.0,0.6758105322646962,1.0,0,0
NormalLinear-DDPNM-3,10.700000000000001,0.6826800460514271,0.759235340006361,0.7592353400063657,0.759235340006361,0.024762549475765283,-0.0024496849184495384,0.02231286455731649,-3.7737138921015677e-16,7.619800812098901e-15,0.0,0.0,0.6800487427120779,1.0,0.6800487427120779,1.0,0,0
NormalLinear-DDPNM-3,10.8,0.6868288168188833,0.7616792064433137,0.7616792064433188,0.7616792064433137,0.02443866436952713,-0.0024176560654467537,0.02202100830408337,-9.346597761971786e-16,1.9122562552202322e-14,0.0,-2.220446049250313e-16,0.6842316083052286,1.0,0.6842316083052286,1.0,0,0
NormalLinear-DDPNM-3,10.9,0.6909233861856774,0.764091108804257,0.7640911088042621,0.764091108804257,0.02411902360943352,-0.0023860457117451106,0.021732977897688098,-7.093265658544325e-16,1.4704711462221105e-14,0.0,-1.1102230246251565e-16,0.6883598460926887,1.0,0.6883598460926887,1.0,0,0
NormalLinear-DDPNM-3,11.0,0.694964458143321,0.7664714658805682,0.7664714658805732,0.7664714658805682,0.023803570763112347,-0.00235484841607301,0.021448722347038256,-6.119122712060308e-16,1.2853371397418788e-14,0.0,1.1102230246251565e-16,0.6924341643713102,1.0,0.6924341643713102,1.0,0,0
NormalLinear-DDPNM-3,11.100000000000001,0.6989527279530301,0.7688206909036089,0.7688206909036142,0.7688206909036089,0.023492250230406908,-0.0023240588051825035,0.02116819142522635,-3.2474607923019434e-16,6.911770393324216e-15,0.0,-1.1102230246251565e-16,0.6964552627402336,1.0,0.6964552627402336,1.0,0,0
NormalLinear-DDPNM-3,11.200000000000001,0.7028888822121147,0.771139191625906,0.7711391916259112,0.771139191625906,0.02318500722297112,-0.002293671573275758,0.020891335649694608,-4.498424693860506e-16,9.701150080737637e-15,0.0,0.0,0.7004238321601302,1.0,0.7004238321601302,1.0,0,0
NormalLinear-DDPNM-3,11.3,0.7067735989243171,0.7734273704004117,0.773427370400417,0.7734273704004117,0.022881787745056004,-0.0022636814814060366,0.02061810626365199,-7.089686944342175e-16,1.5491986516380713e-14,0.0,-1.1102230246251565e-16,0.7043405550170208,1.0,0.7043405550170208,1.0,0,0
NormalLinear-DDPNM-3,11.4,0.7106075475735534,0.7756856242579606,0.7756856242579659,0.7756856242579606,0.02258253857548964,-0.0022340833568591043,0.020348455218630213,-6.883502184321533e-16,1.524076259476141e-14,0.0,1.1102230246251565e-16,0.7082061051900943,1.0,0.7082061051900943,1.0,0,0
NormalLinear-DDPNM-3,11.5,0.7143913892005861,0.7779143449830193,0.7779143449830247,0.7779143449830193,0.022287207250586416,-0.0022048720925165986,0.020082335158070633,-4.98026573865322e-16,1.117292463487566e-14,0.0,1.1102230246251565e-16,0.7120211481230003,1.0,0.7120211481230003,1.0,0,0
NormalLinear-DDPNM-3,11.600000000000001,0.7181257764821898,0.7801139191878242,0.7801139191878298,0.7801139191878242,0.021995742048049882,-0.0021760426462033135,0.01981969940184813,-7.603975703761832e-16,1.7285108379500482e-14,0.0,1.1102230246251565e-16,0.7157863408981109,1.0,0.7157863408981109,1.0,0,0
NormalLinear-DDPNM-3,11.700000000000001,0.7218113538124287,0.7822847283849914,0.7822847283849971,0.7822847283849914,0.021708091971671672,-0.0021475900400250818,0.019560501931648138,-1.1093825561832435e-15,2.55522815554428e-14,0.0,-1.1102230246251565e-16,0.7195023323133511,1.0,0.7195023323133511,1.0,0,0
NormalLinear-DDPNM-3,11.8,0.7254487573856988,0.7844271490586725,0.784427149058678,0.7844271490586725,0.02142420673681089,-0.002119509359692892,0.019304697377117108,-7.826889364490747e-16,1.8266462466129058e-14,0.0,0.0,0.723169762961204,1.0,0.723169762961204,1.0,0,0
NormalLinear-DDPNM-3,11.9,0.7290386152812278,0.7865415527343287,0.7865415527343343,0.7865415527343287,0.021144036756561846,-0.0020917957538426676,0.01905224100272015,-8.027288889481642e-16,1.8982394378855463e-14,0.0,0.0,0.7267892653095389,1.0,0.7267892653095389,1.0,0,0
NormalLinear-DDPNM-3,12.0,0.7325815475487572,0.7886283060471875,0.7886283060471931,0.7886283060471875,0.020867533128587912,-0.002064444433345804,0.018803088695242266,-5.3894122983302005e-16,1.2913391020203637e-14,0.0,0.0,0.730361463783966,1.0,0.730361463783966,1.0,0,0
NormalLinear-DDPNM-3,12.100000000000001,0.7360781662951591,0.7906877708094366,0.7906877708094425,0.7906877708094366,0.020594647622491635,-0.002037450670617941,0.018557196951876437,-7.350185574523131e-16,1.7844892782956445e-14,0.0,-1.1102230246251565e-16,0.7338869748514458,1.0,0.7338869748514458,1.0,0,0
NormalLinear-DDPNM-3,12.200000000000001,0.7395290757717707,0.7927203040762136,0.7927203040762195,0.7927203040762136,0.020325332667769924,-0.0020108097989207513,0.018314522868849666,-7.380642761724027e-16,1.8156265588281107e-14,0.0,0.0,0.7373664071048875,1.0,0.7373664071048875,1.0,0,0
NormalLinear-DDPNM-3,12.3,0.7429348724622475,0.7947262582104345,0.7947262582104402,0.7947262582104345,0.020059541342208886,-0.0019845172116665774,0.018075024130540043,-9.20959230033577e-16,2.295564026919611e-14,0.0,3.3306690738754696e-16,0.740800361348541,1.0,0.740800361348541,1.0,0,0
NormalLinear-DDPNM-3,12.4,0.7462961451707645,0.7967059809465106,0.7967059809465165,0.7967059809465106,0.019797227360760505,-0.00195856836171874,0.017838658999044243,-6.88893590067817e-16,1.739873916468751e-14,0.0,-1.1102230246251565e-16,0.7441894306839639,1.0,0.7441894306839639,1.0,0,0
NormalLinear-DDPNM-3,12.5,0.7496134751104069,0.7986598154529956,0.7986598154530016,0.7986598154529956,0.019538345064850082,-0.0019329587606926714,0.01760538630415886,-7.659812115644836e-16,1.9601998250672534e-14,0.0,0.0,0.7475342005964014,1.0,0.7475342005964014,1.0,0,0
NormalLinear-DDPNM-3,12.600000000000001,0.752887435991615,0.8005881003941957,0.8005881003942017,0.8005881003941957,0.0192828494120012,-0.0019076839782602257,0.017375165433741374,-1.0148773961921867e-15,2.6315545345713785e-14,0.0,0.0,0.7508352490414271,1.0,0.7508352490414271,1.0,0,0
NormalLinear-DDPNM-3,12.700000000000001,0.7561185941105585,0.802491169990783,0.8024911699907892,0.802491169990783,0.01903069596587259,-0.0018827396414538298,0.01714795632442065,-1.1617268629829543e-15,3.0522448182299817e-14,0.0,-2.220446049250313e-16,0.7540931465316854,1.0,0.7540931465316854,1.0,0,0
NormalLinear-DDPNM-3,12.8,0.7593075084373333,0.8043693540794434,0.8043693540794495,0.8043693540794434,0.018781840886604728,-0.0018581214339724378,0.01692371945263129,-5.988885043672855e-16,1.5943285537958918e-14,0.0,0.0,0.7573084562236329,1.0,0.7573084562236329,1.0,0,0
NormalLinear-DDPNM-3,12.9,0.7624547307038847,0.8062229781715873,0.8062229781715936,0.8062229781715873,0.018536240921438463,-0.0018338250954954916,0.016702415825944974,-5.096910645819609e-16,1.3748501293820583e-14,0.0,-1.1102230246251565e-16,0.7604817340041583,1.0,0.7604817340041583,1.0,0,0
NormalLinear-DDPNM-3,13.0,0.7655608054915697,0.8080523635111546,0.8080523635111608,0.8080523635111546,0.018293853395673354,-0.0018098464209939415,0.016484006974678507,-5.246367491780262e-16,1.4339153644418078e-14,0.0,1.1102230246251565e-16,0.7636135285769777,1.0,0.7636135285769777,1.0,0,0
NormalLinear-DDPNM-3,13.100000000000001,0.7686262703182871,0.8098578271315353,0.8098578271315416,0.8098578271315353,0.018054636203806984,-0.0017861812600515146,0.016268454943757102,-6.755379980719848e-16,1.8708158681411452e-14,0.0,0.0,0.7667043815487372,1.0,0.7667043815487372,1.0,0,0
NormalLinear-DDPNM-3,13.200000000000001,0.7716516557251071,0.8116396819116356,0.8116396819116419,0.8116396819116356,0.017818547801002893,-0.0017628255161870852,0.016055722284816304,-9.563541958004925e-16,2.6835918574314233e-14,0.0,-1.1102230246251565e-16,0.7697548275147238,1.0,0.7697548275147238,1.0,0,0
NormalLinear-DDPNM-3,13.3,0.7746374853623428,0.8133982366311063,0.8133982366311127,0.8133982366311063,0.017585547194707285,-0.0017397751461828495,0.015845772048524547,-5.883736491183074e-16,1.6728897958187735e-14,0.0,1.1102230246251565e-16,0.7727653941441336,1.0,0.7727653941441336,1.0,0,0
NormalLinear-DDPNM-3,13.4,0.7775842760750128,0.8151337960247595,0.8151337960247659,0.8151337960247595,0.017355593936532188,-0.0017170261594194845,0.015638567777112956,-7.273793790592634e-16,2.095518544969471e-14,0.0,0.0,0.7757366022648294,1.0,0.7757366022648294,1.0,0,0
NormalLinear-DDPNM-3,13.5,0.7804925379876536,0.8168466608361908,0.8168466608361971,0.8168466608361908,0.017128648114312917,-0.0016945746172143533,0.015434073497097911,-5.536685916869306e-16,1.616206334533455e-14,0.0,2.220446049250313e-16,0.7786689659475431,1.0,0.7786689659475431,1.0,0,0
NormalLinear-DDPNM-3,13.600000000000001,0.7833627745884387,0.8185371278706257,0.8185371278706323,0.8185371278706257,0.016904670344348727,-0.0016724166321677308,0.015232253712184497,-1.0493435903324378e-15,3.10370911989753e-14,0.0,-2.220446049250313e-16,0.781562992589457,1.0,0.781562992589457,1.0,0,0
NormalLinear-DDPNM-3,13.700000000000001,0.7861954828125757,0.820205490047011,0.8202054900470177,0.820205490047011,0.016683621763853296,-0.0016505483675140894,0.015033073396340304,-7.013392569200612e-16,2.101879516471533e-14,0.0,-1.1102230246251565e-16,0.7844191829971585,1.0,0.7844191829971585,1.0,0,0
NormalLinear-DDPNM-3,13.8,0.7889911531249503,0.8218520364493619,0.8218520364493686,0.8218520364493619,0.016465464023508458,-0.0016289660364796205,0.014836497987029074,-8.333120722999647e-16,2.5304846286451536e-14,0.0,-2.220446049250313e-16,0.7872380314688994,1.0,0.7872380314688994,1.0,0,0
NormalLinear-DDPNM-3,13.9,0.7917502696019959,0.823477052377386,0.8234770523773927,0.823477052377386,0.016250159280241094,-0.0016076659016465277,0.01464249337859487,-8.915013299522039e-16,2.7430541282022706e-14,0.0,-1.1102230246251565e-16,0.790020025876152,1.0,0.790020025876152,1.0,0,0
NormalLinear-DDPNM-3,14.0,0.7944733100127638,0.8250808193963973,0.825080819396404,0.8250808193963973,0.016037670190113262,-0.0015866442743246731,0.014451025915788682,-5.870230550839104e-16,1.8301381937813844e-14,0.0,1.1102230246251565e-16,0.7927656477444247,1.0,0.7927656477444247,1.0,0,0
NormalLinear-DDPNM-3,14.100000000000001,0.7971607458991812,0.8266636153865329,0.8266636153865398,0.8266636153865329,0.01582795990135555,-0.0015658975139264978,0.014262062387431074,-7.46320729825764e-16,2.3576024152101857e-14,0.0,-1.1102230246251565e-16,0.7954753723333107,1.0,0.7954753723333107,1.0,0,0
NormalLinear-DDPNM-3,14.200000000000001,0.7998130426554813,0.8282257145912885,0.8282257145912953,0.8282257145912885,0.015620992047555848,-0.0015454220273539176,0.014075570020201858,-9.713091977589777e-16,3.108986915818053e-14,0.0,-1.1102230246251565e-16,0.7981496687157837,1.0,0.7981496687157837,1.0,0,0
NormalLinear-DDPNM-3,14.3,0.8024306596067948,0.8297673876653824,0.8297673876653893,0.8297673876653824,0.015416730740939188,-0.001525214268386563,0.013891516472552101,-8.890119001202235e-16,2.8832698548709295e-14,0.0,0.0,0.8007889998566747,1.0,0.8007889998566747,1.0,0,0
NormalLinear-DDPNM-3,14.4,0.805014050086891,0.8312889017219636,0.8312889017219707,0.8312889017219636,0.015215140565811858,-0.0015052707370809197,0.013709869828732613,-1.0709401776303439e-15,3.519323968773144e-14,0.0,1.1102230246251565e-16,0.8033938226903533,1.0,0.8033938226903533,1.0,0,0
NormalLinear-DDPNM-3,14.5,0.8075636615150646,0.8327905203791741,0.8327905203791813,0.8327905203791741,0.015016186572105461,-0.0014855879791733058,0.013530598592933088,-8.07624739383294e-16,2.6891805569449237e-14,0.0,-2.220446049250313e-16,0.8059645881975934,1.0,0.8059645881975934,1.0,0,0
NormalLinear-DDPNM-3,14.600000000000001,0.8100799354721637,0.834272503806076,0.8342725038060834,0.834272503806076,0.014819834269018672,-0.0014661625854928183,0.013353671683527656,-9.50553925935932e-16,3.2070329150813683e-14,0.0,-1.1102230246251565e-16,0.8085017414816141,1.0,0.8085017414816141,1.0,0,0
NormalLinear-DDPNM-3,14.700000000000001,0.8125633077757523,0.8357351087679559,0.8357351087679633,0.8357351087679559,0.014626049618798875,-0.0014469911913772824,0.013179058427422058,-7.373845322322312e-16,2.5207918455454246e-14,0.0,0.0,0.8110057218432926,1.0,0.8110057218432926,1.0,0,0
NormalLinear-DDPNM-3,14.8,0.8150142085544079,0.8371785886710157,0.8371785886710232,0.8371785886710157,0.014434799030598189,-0.0014280704760999273,0.013006728554498987,-7.532867287839834e-16,2.609273351112072e-14,0.0,0.0,0.8134769628555284,1.0,0.8134769628555284,1.0,0,0
NormalLinear-DDPNM-3,14.9,0.8174330623211545,0.8386031936064611,0.838603193606469,0.8386031936064611,0.014246049354453838,-0.0014093971622996491,0.01283665219215733,-8.164033888486376e-16,2.865367683824954e-14,0.0,-3.3306690738754696e-16,0.8159158924367871,1.0,0.8159158924367871,1.0,0,0
NormalLinear-DDPNM-3,15.0,0.8198202880460289,0.8400091703939975,0.8400091703940051,0.8400091703939975,0.014059767875364004,-0.0013909680154202096,0.012668799859941808,-4.0422953341816975e-16,1.4375398548595627e-14,0.0,-1.1102230246251565e-16,0.8183229329237947,1.0,0.8183229329237947,1.0,0,0
NormalLinear-DDPNM-3,15.100000000000001,0.8221762992277843,0.8413967626247393,0.8413967626247469,0.8413967626247393,0.013875922307418076,-0.0013727798431561753,0.012503142464261405,-8.689431485009273e-16,3.1311185276542135e-14,0.0,0.0,0.8206985011433895,1.0,0.8206985011433895,1.0,0,0
NormalLinear-DDPNM-3,15.200000000000001,0.8245015039647349,0.8427662107035485,0.8427662107035564,0.8427662107035485,0.013694480788092322,-0.0013548294949034,0.01233965129319085,-7.554411570853247e-16,2.7581956876457325e-14,0.0,0.0,0.8230430084835398,1.0,0.8230430084835398,1.0,0,0
NormalLinear-DDPNM-3,15.3,0.8267963050247398,0.8441177518908061,0.8441177518908138,0.8441177518908061,0.013515411872575545,-0.0013371138612188619,0.012178298011355372,-8.8280950136395385e-16,3.2659363609751593e-14,0.0,1.1102230246251565e-16,0.8253568609635189,1.0,0.8253568609635189,1.0,0,0
NormalLinear-DDPNM-3,15.4,0.8290610999143384,0.8454516203436238,0.8454516203436319,0.8454516203436238,0.01333868452817688,-0.0013196298732855148,0.01201905465489423,-7.639415562274952e-16,2.8636315470751596e-14,0.0,-2.220446049250313e-16,0.8276404593032526,1.0,0.8276404593032526,1.0,0,0
NormalLinear-DDPNM-3,15.5,0.8312962809470354,0.8467680471565127,0.8467680471565205,0.8467680471565127,0.013164268128889045,-0.0013023745023852838,0.011861893626502043,-1.0073839074660647e-15,3.826205519376432e-14,0.0,2.220446049250313e-16,0.8298941989918232,1.0,0.8298941989918232,1.0,0,0
NormalLinear-DDPNM-3,15.600000000000001,0.8335022353107437,0.8480672604015045,0.8480672604015126,0.8480672604015045,0.012992132449918259,-0.001285344759376231,0.01170678769054442,-9.192602936996218e-16,3.53775755151465e-14,0.0,0.0,0.8321184703551532,1.0,0.8321184703551532,1.0,0,0
NormalLinear-DDPNM-3,15.700000000000001,0.8356793451343919,0.8493494851677471,0.8493494851677552,0.8493494851677471,0.012822247662426234,-0.001268537694178817,0.011553709968247665,-1.1653419996018356e-15,4.544218885339006e-14,0.0,1.1102230246251565e-16,0.8343136586228692,1.0,0.8343136586228692,1.0,0,0
NormalLinear-DDPNM-3,15.8,0.8378279875537005,0.8506149436005694,0.8506149436005778,0.8506149436005694,0.012654584328223306,-0.001251950395267183,0.011402633932958536,-1.250788989254955e-15,4.942039014530181e-14,0.0,-1.1102230246251565e-16,0.8364801439943337,1.0,0.8364801439943337,1.0,0,0
NormalLinear-DDPNM-3,15.9,0.8399485347761363,0.8518638549400336,0.8518638549400419,0.8518638549400336,0.012489113394641427,-0.0012355799891670782,0.011253533405474015,-8.292054448134391e-16,3.31971301169076e-14,0.0,1.1102230246251565e-16,0.8386183017038781,1.0,0.8386183017038781,1.0,0,0
NormalLinear-DDPNM-3,16.0,0.8420413541450498,0.8530964355589732,0.8530964355589818,0.8530964355589732,0.012325806189396049,-0.001219423639960544,0.011106382549438722,-1.1063042266946845e-15,4.487756053012983e-14,0.0,-2.220446049250313e-16,0.8407285020852255,1.0,0.8407285020852255,1.0,0,0
NormalLinear-DDPNM-3,16.1,0.8441068082030042,0.8543128990005336,0.8543128990005422,0.8543128990005336,0.012164634415604558,-0.0012034785487953824,0.010961155866808367,-5.785840658304158e-16,2.378139967314754e-14,0.0,-1.1102230246251565e-16,0.842811110635103,1.0,0.842811110635103,1.0,0,0
NormalLinear-DDPNM-3,16.2,0.8461452547543019,0.8555134560152118,0.8555134560152204,0.8555134560152118,0.012005570146781386,-0.0011877419534042123,0.010817828193378199,-8.860642254637785e-16,3.6902213498843645e-14,0.0,0.0,0.8448664880760797,1.0,0.8448664880760797,1.0,0,0
NormalLinear-DDPNM-3,16.3,0.8481570469267207,0.8566983145974116,0.8566983145974204,0.8566983145974116,0.011848585821998547,-0.0011722111276253827,0.01067637469437434,-8.785374906944768e-16,3.7073516784733343e-14,0.0,-1.1102230246251565e-16,0.8468949904186056,1.0,0.8468949904186056,1.0,0,0
NormalLinear-DDPNM-3,16.400000000000002,0.8501425332324613,0.8578676800215155,0.8578676800215245,0.8578676800215155,0.01169365424103841,-0.0011568833809330716,0.01053677086010749,-1.2474825961453478e-15,5.3340152292481976e-14,0.0,-2.220446049250313e-16,0.8488969690222653,1.0,0.8488969690222653,1.0,0,0
NormalLinear-DDPNM-3,16.5,0.8521020576283194,0.8590217548774814,0.8590217548774904,0.8590217548774814,0.011540748559659697,-0.0011417560579726404,0.010398992501687352,-1.0619590872906065e-15,4.6009107719521566e-14,0.0,0.0,0.8508727706562734,1.0,0.8508727706562734,1.0,0,0
NormalLinear-DDPNM-3,16.6,0.8540359595750887,0.8601607391059711,0.8601607391059802,0.8601607391059711,0.011389842284896812,-0.0011268265381012645,0.010263015746796183,-7.286431522165668e-16,3.1986533877766846e-14,0.0,-2.220446049250313e-16,0.8528227375592031,1.0,0.8528227375592031,1.0,0,0
NormalLinear-DDPNM-3,16.7,0.8559445740962015,0.8612848300330167,0.8612848300330259,0.8612848300330167,0.011240909270455735,-0.0011120922349350465,0.010128817035521404,-4.1229921630666147e-16,1.8339228899849164e-14,0.0,-2.220446049250313e-16,0.8547472074979474,1.0,0.8547472074979474,1.0,0,0
NormalLinear-DDPNM-3,16.8,0.8578282318356193,0.8623942224042316,0.8623942224042407,0.8623942224042316,0.01109392371214879,-0.0010975505959022638,0.009996373116244996,-6.638137915325644e-16,2.9917899597852727e-14,0.0,0.0,0.8566465138259424,1.0,0.8566465138259424,1.0,0,0
NormalLinear-DDPNM-3,16.900000000000002,0.8596872591149773,0.8634891084185705,0.8634891084185797,0.8634891084185705,0.01094886014338936,-0.0010831991018012905,0.009865661041589712,-6.811966016761171e-16,3.1108105901204474e-14,0.0,0.0,0.8585209855406412,1.0,0.8585209855406412,1.0,0,0
NormalLinear-DDPNM-3,17.0,0.861521977989995,0.8645696777616491,0.8645696777616584,0.8645696777616491,0.010805693430785412,-0.0010690352663660654,0.009736658164420021,-8.631248791862375e-16,3.993843082421571e-14,0.0,-1.1102230246251565e-16,0.8603709473402651,1.0,0.8603709473402651,1.0,0,0
NormalLinear-DDPNM-3,17.1,0.8633327063061575,0.8656361176386222,0.8656361176386316,0.8656361176386222,0.010664398769731909,-0.001055056635834252,0.009609342133898004,-8.179280481536953e-16,3.8348530743015523e-14,0.0,2.220446049250313e-16,0.8621967196798214,1.0,0.8621967196798214,1.0,0,0
NormalLinear-DDPNM-3,17.2,0.8651197577536823,0.8666886128066339,0.8666886128066432,0.8666886128066339,0.010524951680116468,-0.0010412607885247165,0.009483690891592282,-9.885090487859235e-16,4.696026541639001e-14,0.0,-1.1102230246251565e-16,0.8639986188264043,1.0,0.8639986188264043,1.0,0,0
NormalLinear-DDPNM-3,17.3,0.8668834419217699,0.8677273456068394,0.8677273456068489,0.8677273456068394,0.010387328002054996,-0.001027645334417317,0.009359682667639476,-1.27182674656591e-15,6.122011100035475e-14,0.0,-1.1102230246251565e-16,0.865776956913787,1.0,0.865776956913787,1.0,0,0
NormalLinear-DDPNM-3,17.400000000000002,0.8686240643521584,0.8687524959960091,0.8687524959960187,0.8687524959960091,0.010251503891697267,-0.0010142079147397289,0.009237295976957764,-7.654581687195541e-16,3.733394518532511e-14,0.0,-1.1102230246251565e-16,0.8675320419963214,1.0,0.8675320419963214,1.0,0,0
NormalLinear-DDPNM-3,17.5,0.8703419265919817,0.8697642415777159,0.8697642415777256,0.8697642415777159,0.010117455817068022,-0.0010009462015587401,0.009116509615510804,-9.45844422749198e-16,4.674319511993811e-14,0.0,0.0,0.8692641781021306,1.0,0.8692641781021306,1.0,0,0
NormalLinear-DDPNM-3,17.6,0.8720373262459438,0.8707627576331161,0.8707627576331256,0.8707627576331161,0.009985160554001338,-0.0009878578973787121,0.00899730265662202,-6.834708851394949e-16,3.422433126854578e-14,0.0,0.0,0.8709736652856296,1.0,0.8709736652856296,1.0,0,0
NormalLinear-DDPNM-3,17.7,0.8737105570278161,0.8717482171513238,0.8717482171513335,0.8717482171513238,0.009854595182077208,-0.0009749407347416179,0.008879654447338273,-1.632262982545138e-15,8.2817353345653e-14,0.0,-2.220446049250313e-16,0.8726607996793596,1.0,0.8726607996793596,1.0,0,0
NormalLinear-DDPNM-3,17.8,0.8753619088112663,0.8727207908593917,0.8727207908594015,0.8727207908593917,0.009725737080679142,-0.000962192475837201,0.008763544604841626,-1.172562531960705e-15,6.02814224893094e-14,0.0,2.220446049250313e-16,0.8743258735451619,1.0,0.8743258735451619,1.0,0,0
NormalLinear-DDPNM-3,17.900000000000002,0.8769916676800282,0.8736806472518939,0.8736806472519038,0.8736806472518939,0.009598563925021786,-0.000949610912113655,0.008648953012909183,-9.44983413758314e-16,4.922524979465182e-14,0.0,0.0,0.8759691753246834,1.0,0.8759691753246834,1.0,0,0
NormalLinear-DDPNM-3,18.0,0.878600115977419,0.8746279526201253,0.8746279526201354,0.8746279526201253,0.009473053682313992,-0.0009371938638958461,0.008535859818420467,-1.0331464145568042e-15,5.453080121806667e-14,0.0,-1.1102230246251565e-16,0.8775909896892345,1.0,0.8775909896892345,1.0,0,0
NormalLinear-DDPNM-3,18.1,0.8801875323552122,0.875562871080917,0.8755628710809272,0.875562871080917,0.009349184607917449,-0.0009249391800085359,0.00842424542791011,-9.297203035652651e-16,4.97219994339326e-14,0.0,-1.1102230246251565e-16,0.8791915975890024,1.0,0.8791915975890024,1.0,0,0
NormalLinear-DDPNM-3,18.2,0.881754191821876,0.8764855646050739,0.8764855646050842,0.8764855646050739,0.00922693524156859,-0.0009128447374025439,0.00831409050416731,-6.456868629448487e-16,3.4989237815168466e-14,0.0,-1.1102230246251565e-16,0.8807712763016238,1.0,0.8807712763016238,1.0,0,0
NormalLinear-DDPNM-3,18.3,0.8833003657901841,0.8773961930454408,0.877396193045451,0.8773961930454408,0.00910628440366934,-0.0009009084407885048,0.00820537596287981,-6.514420283049681e-16,3.576881631560447e-14,0.0,0.0,0.8823302994801282,1.0,0.8823302994801282,1.0,0,0
NormalLinear-DDPNM-3,18.400000000000002,0.8848263221242049,0.8782949141646001,0.8782949141646106,0.8782949141646001,0.008987211191593403,-0.0008891282222735003,0.008098082969322205,-9.925447372631166e-16,5.521984051022476e-14,0.0,-2.220446049250313e-16,0.8838689372002677,1.0,0.8838689372002677,1.0,0,0
NormalLinear-DDPNM-3,18.5,0.8863323251856808,0.8791818836622092,0.8791818836622197,0.8791818836622092,0.008869694976090248,-0.0008775020410026501,0.007992192935088254,-1.035202587036264e-15,5.835615485238151e-14,0.0,-2.220446049250313e-16,0.8853874560072232,1.0,0.8853874560072232,1.0,0,0
NormalLinear-DDPNM-3,18.6,0.8878186358798027,0.8800572552019768,0.8800572552019871,0.8800572552019768,0.008753715397675776,-0.0008660278828065784,0.007887687514866473,-5.813420051066758e-16,3.320544355720773e-14,0.0,2.220446049250313e-16,0.8868861189617074,1.0,0.8868861189617074,1.0,0,0
NormalLinear-DDPNM-3,18.7,0.8892855117003866,0.8809211804382873,0.8809211804382979,0.8809211804382873,0.008639252363105143,-0.0008547037598512896,0.007784548603257727,-8.798927434100837e-16,5.0924125516205725e-14,0.0,-3.3306690738754696e-16,0.8883651856854755,1.0,0.8883651856854755,1.0,0,0
NormalLinear-DDPNM-3,18.8,0.8907332067744642,0.8817738090424803,0.8817738090424909,0.8817738090424803,0.008526286041929954,-0.0008435277102947433,0.00768275833163542,-7.325166338843607e-16,4.295637222830869e-14,0.0,-2.220446049250313e-16,0.8898249124062374,1.0,0.8898249124062374,1.0,0,0
NormalLinear-DDPNM-3,18.900000000000002,0.8921619719062889,0.8826152887287796,0.8826152887287904,0.8826152887287796,0.00841479686299329,-0.0008324977979475893,0.007582299065046498,-9.950138383043629e-16,5.912286740278908e-14,0.0,-2.220446049250313e-16,0.8912655520019886,1.0,0.8912655520019886,1.0,0,0
NormalLinear-DDPNM-3,19.0,0.8935720546207703,0.8834457652798886,0.8834457652798994,0.8834457652798886,0.008304765511090162,-0.0008216121119365427,0.007483153399153692,-6.972936158057379e-16,4.198153547349234e-14,0.0,-2.220446049250313e-16,0.8926873540447653,1.0,0.8926873540447653,1.0,0,0
NormalLinear-DDPNM-3,19.1,0.8949636992063408,0.8842653825722477,0.8842653825722585,0.8842653825722477,0.008196172923591316,-0.0008108687663741462,0.007385304157217598,-8.749824934148505e-16,5.337750323058318e-14,0.0,2.220446049250313e-16,0.8940905648438299,1.0,0.8940905648438299,1.0,0,0
NormalLinear-DDPNM-3,19.200000000000003,0.8963371467572633,0.885074282600963,0.8850742826009736,0.885074282600963,0.008089000287152537,-0.0008002659000324688,0.007288734387118859,-1.1044144961893602e-15,6.826643942290024e-14,0.0,3.3306690738754696e-16,0.8954754274882941,1.0,0.8954754274882941,1.0,0,0
NormalLinear-DDPNM-3,19.3,0.8976926352153872,0.8858726055044066,0.8858726055044175,0.8858726055044066,0.007983229034436157,-0.0007898016760198967,0.007193427358418869,-8.189546520857675e-16,5.129219320609629e-14,0.0,0.0,0.8968421818891965,1.0,0.8968421818891965,1.0,0,0
NormalLinear-DDPNM-3,19.400000000000002,0.8990303994113585,0.8866604895884987,0.8866604895885098,0.8866604895884987,0.007878840840921386,-0.0007794742814637191,0.007099366559460085,-1.0042719084178524e-15,6.373221192651064e-14,0.0,-1.1102230246251565e-16,0.8981910648210131,1.0,0.8981910648210131,1.0,0,0
NormalLinear-DDPNM-3,19.5,0.9003506711052931,0.8874380713506689,0.8874380713506796,0.8874380713506689,0.00777581762170132,-0.0007692819271950485,0.007006535694503133,-1.273151082578942e-15,8.186605862681218e-14,0.0,3.3306690738754696e-16,0.899522309962645,1.0,0.899522309962645,1.0,0,0
NormalLinear-DDPNM-3,19.6,0.9016536790269177,0.8882054855035029,0.888205485503514,0.8882054855035029,0.007674141528339895,-0.0007592228474406141,0.0069149186809024776,-6.555979954606713e-16,4.2714744902701624e-14,0.0,1.1102230246251565e-16,0.9008361479378644,1.0,0.9008361479378644,1.0,0,0
NormalLinear-DDPNM-3,19.700000000000003,0.9029396489151881,0.8889628649980863,0.8889628649980974,0.8889628649980863,0.007573794945834322,-0.0007492952995152122,0.006824499646319106,-6.735046954821008e-16,4.446282876014069e-14,0.0,1.1102230246251565e-16,0.9021328063552383,1.0,0.9021328063552383,1.0,0,0
NormalLinear-DDPNM-3,19.8,0.9042088035573884,0.889710341047035,0.8897103410470464,0.889710341047035,0.007474760489486476,-0.0007394975635207969,0.006735262925969251,-1.374382954720619e-15,9.193491595171581e-14,0.0,-3.3306690738754696e-16,0.9034125098475234,1.0,0.9034125098475234,1.0,0,0
NormalLinear-DDPNM-3,19.900000000000002,0.9054613628277219,0.8904480431472308,0.8904480431472421,0.8904480431472308,0.007377021001958584,-0.000729827942048163,0.006647193059909205,-1.1189584754101901e-15,7.584080858067242e-14,0.0,0.0,0.9046754801105605,1.0,0.9046754801105605,1.0,0,0
NormalLinear-DDPNM-3,20.0,0.9066975437253955,0.8911760991022546,0.8911760991022661,0.8911760991022546,0.007280559550237875,-0.0007202847598832311,0.00656027479035648,-8.736560398194503e-16,5.999923726953071e-14,0.0,0.0,0.9059219359416465,1.0,0.9059219359416465,1.0,0,0
NormalLinear-DDPNM-3,20.1,0.9079175604122076,0.8918946350445307,0.8918946350445422,0.8918946350445307,0.007185359422761106,-0.0007108663637159637,0.006474493059045314,-1.0931337113978274e-15,7.606673842473962e-14,0.0,0.0,0.9071520932774225,1.0,0.9071520932774225,1.0,0,0
NormalLinear-DDPNM-3,20.200000000000003,0.9091216242496465,0.8926037754571778,0.8926037754571896,0.8926037754571778,0.007091404126471357,-0.0007015711218561491,0.0063898330046172035,-1.0768245155149195e-15,7.592463328208245e-14,0.0,-1.1102230246251565e-16,0.9083661652312526,1.0,0.9083661652312526,1.0,0,0
NormalLinear-DDPNM-3,20.3,0.9103099438355006,0.893303643195577,0.8933036431955889,0.893303643195577,0.006998677383991403,-0.0006923974239472913,0.006306279960045347,-8.201917437052324e-16,5.859619601706787e-14,0.0,-1.1102230246251565e-16,0.9095643621301321,1.0,0.9095643621301321,1.0,0,0
NormalLinear-DDPNM-3,20.400000000000002,0.9114827250399936,0.8939943595086554,0.8939943595086673,0.8939943595086554,0.006907163130783767,-0.0006833436806913974,0.0062238194500933205,-1.0192067933438402e-15,7.377897220939959e-14,0.0,-1.1102230246251565e-16,0.9107468915510883,1.0,0.9107468915510883,1.0,0,0
NormalLinear-DDPNM-3,20.5,0.9126401710414469,0.8946760440598929,0.8946760440599051,0.8946760440598929,0.006816845512375158,-0.0006744083235704927,0.00614243718880658,-1.0462894012828756e-15,7.674293039084697e-14,0.0,-1.1102230246251565e-16,0.9119139583571405,1.0,0.9119139583571405,1.0,0,0
NormalLinear-DDPNM-3,20.6,0.9137824823614734,0.8953488149480544,0.8953488149480665,0.8953488149480544,0.006727708881615335,-0.0006655898045773096,0.006062119077036901,-9.24931602797963e-16,6.874045972214856e-14,0.0,-1.1102230246251565e-16,0.9130657647327616,1.0,0.9130657647327616,1.0,0,0
NormalLinear-DDPNM-3,20.700000000000003,0.9149098568997156,0.8960127887276488,0.896012788727661,0.8960127887276488,0.006639737795943734,-0.0006568865959455015,0.005982851199999275,-1.0260787716449143e-15,7.726801894735008e-14,0.0,0.0,0.9142025102188923,1.0,0.9142025102188923,1.0,0,0
NormalLinear-DDPNM-3,20.8,0.9160224899681256,0.8966680804291232,0.8966680804291357,0.8966680804291232,0.006552917014743809,-0.0006482971898856748,0.00590461982486105,-4.512004749587361e-16,3.442745222802701e-14,0.0,-2.220446049250313e-16,0.915324391747494,1.0,0.915324391747494,1.0,0,0
NormalLinear-DDPNM-3,20.900000000000002,0.9171205743248003,0.8973148035787921,0.8973148035788043,0.8973148035787921,0.006467231496689596,-0.0006398200983240244,0.005827411398362228,-1.0126871807488239e-15,7.82937166597062e-14,0.0,2.220446049250313e-16,0.9164316036756518,1.0,0.9164316036756518,1.0,0,0
NormalLinear-DDPNM-3,21.0,0.9182043002073723,0.897953070218503,0.8979530702185156,0.897953070218503,0.006382666397108938,-0.0006314538526449678,0.005751212544467097,-5.207092691598449e-16,4.079088869469782e-14,0.0,-1.1102230246251565e-16,0.9175243378192308,1.0,0.9175243378192308,1.0,0,0
NormalLinear-DDPNM-3,21.1,0.919273855365966,0.8985829909250511,0.8985829909250638,0.8985829909250511,0.006299207065481038,-0.0006231970034355902,0.005676010062046589,-6.267366183324019e-16,4.9747262775881174e-14,0.0,-2.220446049250313e-16,0.9186027834860945,1.0,0.9186027834860945,1.0,0,0
NormalLinear-DDPNM-3,21.200000000000003,0.9203294250957211,0.8992046748293339,0.8992046748293465,0.8992046748293339,0.006216839042827438,-0.0006150481202361793,0.005601790922590949,-1.0453830760293135e-15,8.407673649162838e-14,0.0,0.0,0.9196671275088859,1.0,0.9196671275088859,1.0,0,0
NormalLinear-DDPNM-3,21.3,0.9213711922688926,0.8998182296352581,0.8998182296352708,0.8998182296352581,0.006135548059242879,-0.0006070057912908803,0.00552854226795249,-3.796884478373709e-16,3.0941689656018184e-14,0.0,-2.220446049250313e-16,0.9207175542773908,1.0,0.9207175542773908,1.0,0,0
NormalLinear-DDPNM-3,21.400000000000002,0.922399337366531,0.9004237616384002,0.900423761638413,0.9004237616384002,0.006055320031420619,-0.0005990686233039912,0.005456251408117591,-8.493563586286189e-16,7.013306928628895e-14,0.0,-3.3306690738754696e-16,0.9217542457704644,1.0,0.9217542457704644,1.0,0,0
NormalLinear-DDPNM-3,21.5,0.9234140385097467,0.901021375744421,0.9010213757444336,0.901021375744421,0.005976141060207718,-0.0005912352411988741,0.005384905819008078,-8.939458670379798e-16,7.479290214469649e-14,0.0,-2.220446049250313e-16,0.9227773815875511,1.0,0.9227773815875511,1.0,0,0
NormalLinear-DDPNM-3,21.6,0.9244154714905686,0.9016111754872399,0.9016111754872526,0.9016111754872399,0.0058979974281891945,-0.0005835042878783289,0.005314493140311208,-3.7617156704037105e-16,3.188977035175246e-14,0.0,1.1102230246251565e-16,0.9237871389797926,1.0,0.9237871389797926,1.0,0,0
NormalLinear-DDPNM-3,21.700000000000003,0.9254038098023961,0.9021932630469727,0.9021932630469855,0.9021932630469727,0.0058208755973276904,-0.0005758744239908792,0.005245001173338555,-1.1518775638722813e-15,9.894366789086893e-14,0.0,0.0,0.9247836928807183,1.0,0.9247836928807183,1.0,0,0
NormalLinear-DDPNM-3,21.8,0.9263792246700562,0.9027677392676334,0.9027677392676465,0.9027677392676334,0.005744762206607579,-0.0005683443276987259,0.005176417878911611,-7.817466122952543e-16,6.803994527361881e-14,0.0,-2.220446049250313e-16,0.9257672159365521,1.0,0.9257672159365521,1.0,0,0
NormalLinear-DDPNM-3,21.900000000000002,0.9273418850794651,0.903334703674606,0.903334703674619,0.903334703674606,0.005669644069725699,-0.0005609126944477094,0.00510873137527698,-8.97497476185817e-16,7.914936679872732e-14,0.0,0.0,0.9267378785361069,1.0,0.9267378785361069,1.0,0,0
NormalLinear-DDPNM-3,22.0,0.9282919578069031,0.9038942544918847,0.9038942544918979,0.9038942544918847,0.005595508172786534,-0.0005535782367414735,0.005041929936047147,-6.893090597284452e-16,6.159485773613341e-14,0.0,-1.1102230246251565e-16,0.9276958488403044,1.0,0.9276958488403044,1.0,0,0
NormalLinear-DDPNM-3,22.1,0.9292296074479072,0.9044464886590935,0.9044464886591067,0.9044464886590935,0.005522341672088427,-0.0005463396839199422,0.004976001988168879,-7.343572364787443e-16,6.648965964840423e-14,0.0,-2.220446049250313e-16,0.9286412928112966,1.0,0.9286412928112966,1.0,0,0
NormalLinear-DDPNM-3,22.200000000000003,0.9301549964457853,0.904991501848279,0.9049915018482922,0.904991501848279,0.005450131891855392,-0.0005391957819375678,0.004910936109918284,-1.117845474117498e-15,1.0255214885606208e-13,0.0,0.0,0.9295743742412037,1.0,0.9295743742412037,1.0,0,0
NormalLinear-DDPNM-3,22.3,0.9310682851197568,0.9055293884804858,0.905529388480499,0.9055293884804858,0.0053788663220677435,-0.0005321452931461442,0.0048467210289218875,-1.0794553998490913e-15,1.0034227802059396e-13,0.0,2.220446049250313e-16,0.9304952547805031,1.0,0.9304952547805031,1.0,0,0
NormalLinear-DDPNM-3,22.400000000000002,0.9319696316927284,0.9060602417421142,0.9060602417421275,0.9060602417421142,0.005308532616283834,-0.0005251869960814913,0.00478334562020382,-9.698950762535366e-16,9.135246464138364e-14,0.0,0.0,0.9314040939660119,1.0,0.9314040939660119,1.0,0,0
NormalLinear-DDPNM-3,22.5,0.9328591923187033,0.9065841536010649,0.9065841536010784,0.9065841536010649,0.005239118589507319,-0.0005183196852507851,0.004720798904258114,-7.989667921129342e-16,7.625011521145466e-14,0.0,-1.1102230246251565e-16,0.9323010492485244,1.0,0.9323010492485244,1.0,0,0
NormalLinear-DDPNM-3,22.6,0.9337371211098326,0.907101214822672,0.9071012148226855,0.907101214822672,0.005170612216071069,-0.0005115421709246794,0.004659070045146775,-4.060900412868138e-16,3.926904825937319e-14,0.0,-1.1102230246251565e-16,0.9331862760200871,1.0,0.9331862760200871,1.0,0,0
NormalLinear-DDPNM-3,22.700000000000003,0.934603570163116,0.9076115149854271,0.9076115149854407,0.9076115149854271,0.005103001627551063,-0.0005048532789297048,0.004598148348622337,-1.0357230887823518e-15,1.0148175175865046e-13,0.0,0.0,0.9340599276409156,1.0,0.9340599276409156,1.0,0,0
NormalLinear-DDPNM-3,22.8,0.9354586895867496,0.9081151424964994,0.9081151424965128,0.9081151424964994,0.005036275110722466,-0.000498251850446374,0.004538023260274903,-9.384358490760383e-16,9.316765153259551e-14,0.0,-1.1102230246251565e-16,0.9349221554659595,1.0,0.9349221554659595,1.0,0,0
NormalLinear-DDPNM-3,22.900000000000002,0.9363026275261309,0.9086121846070504,0.908612184607064,0.9086121846070504,0.004970421105510159,-0.0004917367418084261,0.004478684363703931,-6.844212561063143e-16,6.884942357775485e-14,0.0,-1.1102230246251565e-16,0.9357731088711103,1.0,0.9357731088711103,1.0,0,0
NormalLinear-DDPNM-3,23.0,0.9371355301895253,0.9091027274273518,0.9091027274273656,0.9091027274273518,0.004905428203013651,-0.000485306824302575,0.004420121378713209,-1.0861317135393497e-15,1.1070712571757225e-13,0.0,-1.1102230246251565e-16,0.9366129352790881,1.0,0.9366129352790881,1.0,0,0
NormalLinear-DDPNM-3,23.1,0.9379575418733938,0.9095868559417024,0.9095868559417163,0.9095868559417024,0.0048412851435064574,-0.0004789609839757089,0.004362324159530351,-7.715928048400433e-16,7.968884107921229e-14,0.0,-2.220446049250313e-16,0.9374417801849733,1.0,0.9374417801849733,1.0,0,0
NormalLinear-DDPNM-3,23.200000000000003,0.9387688049873915,0.9100646540231512,0.9100646540231652,0.9100646540231512,0.004777980814487659,-0.00047269812144025143,0.004305282693048441,-1.0958133001264664e-15,1.146732628983831e-13,0.0,0.0,0.9382597871814053,1.0,0.9382597871814053,1.0,0,0
NormalLinear-DDPNM-3,23.3,0.9395694600790399,0.9105362044480287,0.9105362044480427,0.9105362044480287,0.004715504248775648,-0.00046651715168415683,0.004248987097091525,-1.0418437488592114e-15,1.1047002546225209e-13,0.0,1.1102230246251565e-16,0.939067097983463,1.0,0.939067097983463,1.0,0,0
NormalLinear-DDPNM-3,23.400000000000002,0.9403596458580749,0.911001588910287,0.9110015889103014,0.911001588910287,0.004653844622583003,-0.0004604170038830359,0.0041934276187028585,-1.1089723804785356e-15,1.1914583214669972e-13,0.0,-1.1102230246251565e-16,0.9398638524532112,1.0,0.9398638524532112,1.0,0,0
NormalLinear-DDPNM-3,23.5,0.9411394992204771,0.9114608880356541,0.9114608880356683,0.9114608880356541,0.004592991253670187,-0.00045439662121426376,0.004138594632454801,-9.994319621572413e-16,1.0879968053049667e-13,0.0,0.0,0.940650188623921,1.0,0.940650188623921,1.0,0,0
NormalLinear-DDPNM-3,23.6,0.9419091552721891,0.9119141813955995,0.9119141813956139,0.9119141813955995,0.004532933599454836,-0.00044845496067450244,0.004084478638781454,-1.0834466190965536e-15,1.1950832670775532e-13,0.0,0.0,0.9414262427239918,1.0,0.9414262427239918,1.0,0,0
NormalLinear-DDPNM-3,23.700000000000003,0.9426687473525208,0.9123615475211226,0.912361547521137,0.9123615475211226,0.004473661255230965,-0.0004425909928986195,0.004031070262332603,-2.0574599695396406e-16,2.299525882892713e-14,0.0,0.0,0.9421921492005436,1.0,0.9421921492005436,1.0,0,0
NormalLinear-DDPNM-3,23.8,0.9434184070572488,0.9128030639163557,0.91280306391637,0.9128030639163557,0.0044151639523304365,-0.0004368037019809297,0.003978360250349863,-1.2138719052818235e-15,1.3746623210232792e-13,0.0,1.1102230246251565e-16,0.9429480407427032,1.0,0.9429480407427032,1.0,0,0
NormalLinear-DDPNM-3,23.900000000000002,0.9441582642614166,0.9132388070719919,0.9132388070720063,0.9132388070719919,0.004357431556362146,-0.00043109208529993,0.003926339471063508,-7.538707580011152e-16,8.650402745859555e-14,0.0,-1.1102230246251565e-16,0.9436940483045982,1.0,0.9436940483045982,1.0,0,0
NormalLinear-DDPNM-3,24.0,0.9448884471418325,0.9136688524785372,0.9136688524785518,0.9136688524785372,0.0043004540654534296,-0.0004254551533444692,0.0038749989121101714,-7.847489205767971e-16,9.124023982499446e-14,0.0,-2.220446049250313e-16,0.9444303011280369,1.0,0.9444303011280369,1.0,0,0
NormalLinear-DDPNM-3,24.1,0.9456090821992764,0.9140932746393886,0.9140932746394032,0.9140932746393886,0.004244221608513676,-0.0004198919295420238,0.003824329678971781,-7.431621439654527e-16,8.754987516140756e-14,0.0,1.1102230246251565e-16,0.9451569267648942,1.0,0.9451569267648942,1.0,0,0
NormalLinear-DDPNM-3,24.200000000000003,0.9463202942804154,0.9145121470837408,0.9145121470837556,0.9145121470837408,0.0041887244435223625,-0.0004144014500898252,0.003774322993434647,-6.407384964669891e-16,7.648372495088516e-14,0.0,-2.220446049250313e-16,0.9458740510992172,1.0,0.9458740510992172,1.0,0,0
NormalLinear-DDPNM-3,24.3,0.9470222065994317,0.9149255423793262,0.9149255423793412,0.9149255423793262,0.004133952955853726,-0.00040898276378721165,0.0037249701920683874,-9.950494136881476e-16,1.203508390533231e-13,0.0,-2.220446049250313e-16,0.9465817983690185,1.0,0.9465817983690185,1.0,0,0
NormalLinear-DDPNM-3,24.400000000000002,0.9477149407593704,0.915333532144986,0.9153335321450009,0.915333532144986,0.004079897656598108,-0.000403634931872123,0.0036762627247251705,-1.1880602702801432e-15,1.4559927359438814e-13,0.0,0.0,0.9472802911878098,1.0,0.9472802911878098,1.0,0,0
NormalLinear-DDPNM-3,24.5,0.9483986167732044,0.9157361870630776,0.9157361870630925,0.9157361870630776,0.004026549180915495,-0.0003983570278570253,0.003628192153058462,-1.022153620967338e-15,1.2692675229350326e-13,0.0,0.0,0.9479696505658372,1.0,0.9479696505658372,1.0,0,0
NormalLinear-DDPNM-3,24.6,0.9490733530846276,0.9161335768917204,0.9161335768917355,0.9161335768917204,0.003973898286427913,-0.00039314813736945073,0.003580750149060915,-1.284793973955426e-15,1.6165410905747096e-13,0.0,1.1102230246251565e-16,0.9486499959310453,1.0,0.9486499959310453,1.0,0,0
NormalLinear-DDPNM-3,24.700000000000003,0.9497392665885738,0.9165257704768819,0.916525770476897,0.9165257704768819,0.003921935851615155,-0.00038800735799317764,0.003533928493622134,-9.02745268810531e-16,1.1508924456767176e-13,0.0,0.0,0.9493214451497635,1.0,0.9493214451497635,1.0,0,0
NormalLinear-DDPNM-3,24.8,0.950396472651468,0.9169128357643034,0.9169128357643186,0.9169128357643034,0.0038706528742149526,-0.00038293379911146235,0.0034877190751040517,-1.08252843538173e-15,1.3983796410588876e-13,0.0,1.1102230246251565e-16,0.9499841145471302,1.0,0.9499841145471302,1.0,0,0
NormalLinear-DDPNM-3,24.900000000000002,0.9510450851312129,0.9172948398112724,0.9172948398112876,0.9172948398112724,0.003820040469689756,-0.00037792658175394287,0.003442113887935814,-9.018334378428118e-16,1.1803977536343404e-13,0.0,-1.1102230246251565e-16,0.9506381189272393,1.0,0.9506381189272393,1.0,0,0
NormalLinear-DDPNM-3,25.0,0.9516852163969152,0.9176718487982392,0.9176718487982546,0.9176718487982392,0.0037700898696679808,-0.00037298483844310426,0.0033971050312272834,-9.041932716338623e-16,1.1991667346025399e-13,0.0,-2.220446049250313e-16,0.9512835715930296,1.0,0.9512835715930296,1.0,0,0
NormalLinear-DDPNM-3,25.1,0.9523169773483516,0.9180439280402832,0.918043928040299,0.9180439280402832,0.003720792420440766,-0.00036810771304453065,0.0033526847073995485,-9.683746521132151e-16,1.3013016350937284e-13,0.0,-4.440892098500626e-16,0.9519205843659126,1.0,0.9519205843659126,1.0,0,0
NormalLinear-DDPNM-3,25.200000000000003,0.952940477435182,0.9184111419984287,0.9184111419984443,0.9184111419984287,0.0036721395814542923,-0.0003632943606187187,0.0033088452208345116,-1.0456092338262304e-15,1.4237057315401457e-13,0.0,-1.1102230246251565e-16,0.9525492676051464,1.0,0.9525492676051464,1.0,0,0
NormalLinear-DDPNM-3,25.3,0.953555824675911,0.9187735542908103,0.918773554290826,0.9187735542908103,0.0036241229238165307,-0.00035854394727450234,0.003265578976541625,-4.2152594620110256e-16,5.815558068284574e-14,0.0,-1.1102230246251565e-16,0.9531697302269511,1.0,0.9531697302269511,1.0,0,0
NormalLinear-DDPNM-3,25.400000000000002,0.9541631256766018,0.9191312277036969,0.9191312277037126,0.9191312277036969,0.003576734128866166,-0.00035385565002479954,0.0032228784788418743,-9.650593651576618e-16,1.3490789787379578e-13,0.0,0.0,0.9537820797233737,1.0,0.9537820797233737,1.0,0,0
NormalLinear-DDPNM-3,25.5,0.9547624856493447,0.9194842242023682,0.9194842242023838,0.9194842242023682,0.0035299649867126526,-0.0003492286566432498,0.0031807363300692046,-8.052682937240326e-16,1.1406179618710279e-13,0.0,0.0,0.9543864221809228,1.0,0.9543864221809228,1.0,0,0
NormalLinear-DDPNM-3,25.6,0.9553540084304849,0.9198326049418494,0.9198326049418653,0.9198326049418494,0.0034838073948118,-0.00034466216552487064,0.003139145229289238,-7.93381880375213e-16,1.138670699127168e-13,0.0,-2.220446049250313e-16,0.9549828622989315,1.0,0.9549828622989315,1.0,0,0
NormalLinear-DDPNM-3,25.700000000000003,0.9559377964986113,0.9201764302775073,0.9201764302775232,0.9201764302775073,0.003438253356579102,-0.00034015538554572346,0.0030980979710339153,-1.9723500989995285e-16,2.868244271797598e-14,0.0,-2.220446049250313e-16,0.955571503407703,1.0,0.955571503407703,1.0,0,0
NormalLinear-DDPNM-3,25.8,0.9565139509923106,0.9205157597755053,0.9205157597755212,0.9205157597755053,0.003393294979979755,-0.0003357075359270023,0.0030575874440535687,-9.421500885497484e-16,1.3882525599870722e-13,0.0,-1.1102230246251565e-16,0.956152447486412,1.0,0.956152447486412,1.0,0,0
NormalLinear-DDPNM-3,25.900000000000002,0.9570825717276886,0.9208506522231235,0.9208506522231397,0.9208506522231235,0.003348924476181958,-0.00033131784609928474,0.003017606630084853,-1.106831928220824e-15,1.6525184967478585e-13,0.0,-4.440892098500626e-16,0.9567257951807681,1.0,0.9567257951807681,1.0,0,0
NormalLinear-DDPNM-3,26.0,0.9576437572156632,0.9211811656389439,0.92118116563896,0.9211811656389439,0.003305134158204659,-0.00032698555556895706,0.0029781486026345897,-6.785699525066816e-16,1.0265391963323409e-13,0.0,-2.220446049250313e-16,0.9572916458204505,1.0,0.9572916458204505,1.0,0,0
NormalLinear-DDPNM-3,26.1,0.9581976046790313,0.9215073572829007,0.9215073572829167,0.9215073572829007,0.003261916439567525,-0.0003227099137867314,0.0029392065257801744,-8.159366736947005e-16,1.2507013726614e-13,0.0,0.0,0.9578500974363249,1.0,0.9578500974363249,1.0,0,0
NormalLinear-DDPNM-3,26.200000000000003,0.9587442100693108,0.9218292836662009,0.9218292836662169,0.9218292836662009,0.003219263833001973,-0.0003184901800168228,0.0029007736529850035,-1.2332037382370084e-15,1.915350530756391e-13,0.0,1.1102230246251565e-16,0.9584012467774122,1.0,0.9584012467774122,1.0,0,0
NormalLinear-DDPNM-3,26.3,0.9592836680833653,0.9221470005611144,0.9221470005611309,0.9221470005611144,0.003177168949135556,-0.00031432562320992926,0.002862843325929818,-9.790548905451446e-16,1.5407661761438278e-13,0.0,-1.1102230246251565e-16,0.9589451893276608,1.0,0.9589451893276608,1.0,0,0
NormalLinear-DDPNM-3,26.400000000000002,0.9598160721798087,0.9224605630106381,0.9224605630106544,0.9224605630106381,0.0031356244952363,-0.0003102155218759217,0.002825408973359144,-8.98072188040529e-16,1.4320467731469027e-13,0.0,0.0,0.9594820193224848,1.0,0.9594820193224848,1.0,0,0
NormalLinear-DDPNM-3,26.5,0.9603415145951968,0.9227700253380281,0.9227700253380445,0.9227700253380281,0.003094623273900421,-0.00030615916395842786,0.002788464109942719,-9.142361177729829e-16,1.477136369850578e-13,0.0,0.0,0.9600118297650861,1.0,0.9600118297650861,1.0,0,0
NormalLinear-DDPNM-3,26.6,0.9608600863600072,0.9230754411562145,0.923075441156231,0.9230754411562145,0.003054158181864386,-0.0003021558467120305,0.0027520023351521373,-1.3557147720796078e-15,2.2194573616551702e-13,0.0,0.0,0.9605347124425718,1.0,0.9605347124425718,1.0,0,0
NormalLinear-DDPNM-3,26.700000000000003,0.9613718773144087,0.9233768633770876,0.9233768633771042,0.9233768633770876,0.003014222208730377,-0.0002982048765807002,0.0027160173321519212,-7.318627244490804e-16,1.2140158783400982e-13,0.0,0.0,0.9610507579418502,1.0,0.9610507579418502,1.0,0,0
NormalLinear-DDPNM-3,26.8,0.9618769761238275,0.9236743442206657,0.9236743442206824,0.9236743442206657,0.002974808435781684,-0.00029430556907655554,0.0026805028667051005,-1.1423577605780902e-15,1.9200526441258405e-13,0.0,0.0,0.961560055665328,1.0,0.961560055665328,1.0,0,0
NormalLinear-DDPNM-3,26.900000000000002,0.9623754702943061,0.9239679352241411,0.923967935224158,0.9239679352241411,0.002935910034753686,-0.0002904572486626711,0.0026454527860931207,-1.1986812164057649e-15,2.0414133985987428e-13,0.0,-1.1102230246251565e-16,0.9620626938463943,1.0,0.9620626938463943,1.0,0,0
NormalLinear-DDPNM-3,27.0,0.962867446187665,0.9242576872508096,0.9242576872508266,0.9242576872508096,0.002897520266684772,-0.00028665924863526416,0.002610861018050088,-5.537571066299186e-16,9.555707219667703e-14,0.0,1.1102230246251565e-16,0.9625587595647146,1.0,0.9625587595647146,1.0,0,0
NormalLinear-DDPNM-3,27.1,0.9633529890364626,0.9245436504988813,0.9245436504988984,0.9245436504988813,0.0028596324807173,-0.00028291091100800573,0.002576721569710668,-6.70427424784726e-16,1.1722265523722079e-13,0.0,-1.1102230246251565e-16,0.9630483387613055,1.0,0.9630483387613055,1.0,0,0
NormalLinear-DDPNM-3,27.200000000000003,0.9638321829587634,0.9248258745101783,0.9248258745101955,0.9248258745101783,0.0028222401129696095,-0.000279211586398957,0.0025430285265716857,-7.4439457690370775e-16,1.3188009295926044e-13,0.0,-1.1102230246251565e-16,0.9635315162534318,1.0,0.9635315162534318,1.0,0,0
NormalLinear-DDPNM-3,27.3,0.9643051109727095,0.9251044081787168,0.925104408178734,0.9251044081787168,0.0027853366853847206,-0.0002755606339168101,0.0025097760514679775,-8.96369651816548e-16,1.609086715656293e-13,0.0,0.0,0.9640083757492964,1.0,0.9640083757492964,1.0,0,0
NormalLinear-DDPNM-3,27.400000000000002,0.9647718550109033,0.9253792997591778,0.9253792997591951,0.9253792997591778,0.002748915804610119,-0.0002719574210512248,0.0024769583835604105,-1.478505326794801e-15,2.6892517484799626e-13,0.0,1.1102230246251565e-16,0.9644789998625425,1.0,0.9644789998625425,1.0,0,0
NormalLinear-DDPNM-3,27.5,0.9652324959346025,0.9256505968752675,0.9256505968752851,0.9256505968752675,0.002712971160897526,-0.00026840132356131645,0.0024445698373384062,-7.97628903572746e-16,1.4700283494877723e-13,0.0,-2.220446049250313e-16,0.9649434701265684,1.0,0.9649434701265684,1.0,0,0
NormalLinear-DDPNM-3,27.6,0.9656871135477286,0.925918346527968,0.9259183465279855,0.925918346527968,0.0026774965270048856,-0.00026489172537039153,0.0024126048016346194,-9.354415876074943e-16,1.7468586386064912e-13,0.0,-1.1102230246251565e-16,0.9654018670086465,1.0,0.9654018670086465,1.0,0,0
NormalLinear-DDPNM-3,27.700000000000003,0.9661357866106929,0.9261825951036788,0.9261825951036965,0.9261825951036788,0.002642485757108348,-0.000261428018456006,0.0023810577386532378,-1.0661345362040966e-15,2.0172947637200869e-13,0.0,-2.220446049250313e-16,0.9658542699238741,1.0,0.9658542699238741,1.0,0,0
NormalLinear-DDPNM-3,27.8,0.9665785928540404,0.9264433883822545,0.9264433883822722,0.9264433883822545,0.0026079327857564394,-0.0002580096027471042,0.002349923183010031,-9.33873306105653e-16,1.7904474210493416e-13,0.0,-1.1102230246251565e-16,0.9663007572489164,1.0,0.9663007572489164,1.0,0,0
NormalLinear-DDPNM-3,27.900000000000002,0.9670156089919169,0.9267007715449348,0.9267007715449528,0.9267007715449348,0.002573831626803136,-0.00025463588601901935,0.002319195740785921,-7.208580723983525e-16,1.4003598077109883e-13,0.0,-3.3306690738754696e-16,0.9667414063356009,1.0,0.9667414063356009,1.0,0,0
NormalLinear-DDPNM-3,28.0,0.9674469107353595,0.9269547891821732,0.9269547891821911,0.9269547891821732,0.0025401763723842397,-0.000251306283790445,0.002288870088592343,-7.546572280926409e-16,1.4854425785098662e-13,0.0,2.220446049250313e-16,0.9671762935243052,1.0,0.9671762935243052,1.0,0,0
NormalLinear-DDPNM-3,28.1,0.9678725728054131,0.9272054853013605,0.9272054853013784,0.9272054853013605,0.0025069611918726586,-0.00024802021922335925,0.0022589409726490027,-8.689677124563977e-16,1.7331096214683414e-13,0.0,2.220446049250313e-16,0.967605494157191,1.0,0.967605494157191,1.0,0,0
NormalLinear-DDPNM-3,28.200000000000003,0.9682926689460748,0.9274529033344501,0.927452903334468,0.9274529033344501,0.0024741803308958588,-0.00024477712302184364,0.002229403207873718,-8.686441458705466e-16,1.7554180166731774e-13,0.0,3.3306690738754696e-16,0.9680290825912508,1.0,0.9680290825912508,1.0,0,0
NormalLinear-DDPNM-3,28.3,0.968707271937071,0.9276970861454816,0.9276970861454998,0.9276970861454816,0.0024418281103155692,-0.00024157643333480052,0.0022002516769841166,-9.440385485056518e-16,1.9330569267281513e-13,0.0,0.0,0.9684471322111947,1.0,0.9684471322111947,1.0,0,0
NormalLinear-DDPNM-3,28.400000000000002,0.969116453606465,0.9279380760380083,0.9279380760380267,0.9279380760380083,0.0024098989252663294,-0.0002384175956569928,0.002171481329611033,-1.027914715558088e-15,2.1326925888481535e-13,0.0,-1.1102230246251565e-16,0.9688597154421594,1.0,0.9688597154421594,1.0,0,0
NormalLinear-DDPNM-3,28.5,0.9695202848431008,0.9281759147624243,0.9281759147624425,0.9281759147624243,0.002378387244160729,-0.00023530006273439388,0.0021430871814236184,-7.079450551174607e-16,1.4882880339523524e-13,0.0,1.1102230246251565e-16,0.969266903762256,1.0,0.969266903762256,1.0,0,0
NormalLinear-DDPNM-3,28.6,0.9699188356088851,0.9284106435231976,0.928410643523216,0.9284106435231976,0.0023472876077323956,-0.0002322232944689187,0.0021150643132658467,-5.751883107448733e-16,1.2252190759449488e-13,0.0,-2.220446049250313e-16,0.9696687677149577,1.0,0.9696687677149577,1.0,0,0
NormalLinear-DDPNM-3,28.700000000000003,0.9703121749509075,0.9286423029860104,0.9286423029860289,0.9286423029860104,0.0023165946281278327,-0.00022918675782421618,0.0020874078703042266,-9.428543964453903e-16,2.035000826206781e-13,0.0,0.0,0.9700653769213152,1.0,0.9700653769213152,1.0,0,0
NormalLinear-DDPNM-3,28.8,0.9707003710134023,0.9288709332848025,0.9288709332848211,0.9288709332848025,0.002286302987921651,-0.00022618992673471036,0.002060113061186723,-8.354811119196462e-16,1.827144338115865e-13,0.0,2.220446049250313e-16,0.9704568000920203,1.0,0.9704568000920203,1.0,0,0
NormalLinear-DDPNM-3,28.900000000000002,0.9710834910495548,0.9290965740287249,0.9290965740287437,0.9290965740287249,0.002256407439223951,-0.00022323228201289065,0.0020331751572128434,-4.786532362957216e-16,1.0606533819533859e-13,0.0,-1.1102230246251565e-16,0.9708431050393141,1.0,0.9708431050393141,1.0,0,0
NormalLinear-DDPNM-3,29.0,0.9714616014331515,0.9293192643090021,0.9293192643090211,0.9293192643090021,0.002226902802772157,-0.0002203133112604396,0.002006589491514189,-5.799016255798699e-16,1.302036229101823e-13,0.0,-1.1102230246251565e-16,0.9712243586887239,1.0,0.9712243586887239,1.0,0,0
NormalLinear-DDPNM-3,29.1,0.9718347676700807,0.9295390427057046,0.9295390427057236,0.9295390427057046,0.00219778396702508,-0.00021743250877895087,0.001980351458245957,-1.2042881510001147e-15,2.73977826999595e-13,0.0,-1.1102230246251565e-16,0.9716006270906714,1.0,0.9716006270906714,1.0,0,0
NormalLinear-DDPNM-3,29.200000000000003,0.9722030544096789,0.9297559472944319,0.9297559472944508,0.9297559472944319,0.002169045887272514,-0.00021458937548249856,0.0019544565117891217,-8.394121918278534e-16,1.9349802527311965e-13,0.0,0.0,0.9719719754319027,1.0,0.9719719754319027,1.0,0,0
NormalLinear-DDPNM-3,29.3,0.9725665254559329,0.9299700156529092,0.9299700156529283,0.9299700156529092,0.002140683584772596,-0.00021178341881169453,0.0019289001659629746,-1.1695022019222751e-15,2.7316092164222035e-13,0.0,-2.220446049250313e-16,0.9723384680467906,1.0,0.9723384680467906,1.0,0,0
NormalLinear-DDPNM-3,29.400000000000002,0.9729252437785333,0.9301812848674986,0.9301812848675177,0.9301812848674986,0.0021126921458947123,-0.00020901415264693718,0.0019036779932476331,-9.835556001103803e-16,2.3277305262425813e-13,0.0,0.0,0.9727001684284785,1.0,0.9727001684284785,1.0,0,0
NormalLinear-DDPNM-3,29.5,0.9732792715237824,0.9303897915396229,0.9303897915396421,0.9303897915396229,0.0020850667212424234,-0.00020628109722617958,0.0018787856240174068,-9.183073816339607e-16,2.2021055064523674e-13,0.0,0.0,0.9730571392398736,1.0,0.9730571392398736,1.0,0,0
NormalLinear-DDPNM-3,29.6,0.973628670025362,0.9305955717921071,0.9305955717921264,0.9305955717921071,0.0020578025248418896,-0.00020358377905954606,0.0018542187457833447,-8.950686092095653e-16,2.1748165783743507e-13,0.0,0.0,0.973409442324516,1.0,0.973409442324516,1.0,0,0
NormalLinear-DDPNM-3,29.700000000000003,0.9739734998149586,0.9307986612754364,0.930798661275456,0.9307986612754364,0.0020308948332936616,-0.00020092173084906547,0.0018299731024463658,-1.067809543857292e-15,2.6289139308239714e-13,0.0,0.0,0.9737571387172756,1.0,0.9737571387172756,1.0,0,0
NormalLinear-DDPNM-3,29.8,0.9743138206327502,0.9309990951739333,0.9309990951739527,0.9309990951739333,0.0020043389849688786,-0.00019829449140749457,0.0018060444935599379,-9.530048157688122e-16,2.3773543869475586e-13,0.0,1.1102230246251565e-16,0.9741002886549409,1.0,0.9741002886549409,1.0,0,0
NormalLinear-DDPNM-3,29.900000000000002,0.9746496914377571,0.931196908211851,0.9311969082118707,0.931196908211851,0.0019781303791766014,-0.00019570160557721224,0.0017824287736022612,-1.083164557125118e-15,2.7378492553539365e-13,0.0,-2.220446049250313e-16,0.9744389515866484,1.0,0.9744389515866484,1.0,0,0
NormalLinear-DDPNM-3,30.0,0.974981170418055,0.931392134659392,0.9313921346594118,0.931392134659392,0.0019522644754099705,-0.0001931426241526548,0.001759121851258111,-8.497180416970965e-16,2.1762370119409277e-13,0.0,1.1102230246251565e-16,0.9747731861841817,1.0,0.9747731861841817,1.0,0,0
Affine-DDPNM-9,0.0,0.0,0.03518741987989842,0.03518741987989842,0.03518741987989842,0.0,0.0,0.0,0.0,0.0,0.0,0.0,0.0,1.0,0.0,1.0,0,0
Affine-DDPNM-9,0.1,4.80049178506747e-07,0.0798636020840388,0.07986360208403881,0.0798636020840388,0.4467618220414037,-0.007215094928054095,0.43954672711334963,-5.005842576260619e-17,5.602361626814099e-17,1.8164890535729547e-05,0.0,0.0,1.0,-0.020293589212753663,1.0,6,0
Affine-DDPNM-9,0.2,4.917432273360345e-06,0.10996467373282538,0.10996467373282541,0.10996467373282538,0.30101071648786587,-0.00718917627495737,0.2938215402129086,-9.749600541046606e-17,1.6194773154263467e-16,0.0,-1.3877787807814457e-17,1.617494267962659e-06,1.0,1.617494267962659e-06,1.0,0,0
Affine-DDPNM-9,0.30000000000000004,2.577097684575392e-05,0.13401269282885042,0.13401269282885045,0.13401269282885042,0.2404801909602504,-0.007157216362289321,0.23332297459796114,-1.628250875416858e-16,3.385415798522041e-16,0.0,0.0,1.1671573841279797e-05,1.0,1.1671573841279797e-05,1.0,0,0
Affine-DDPNM-9,0.4,9.254208933881808e-05,0.15459668624911366,0.1545966862491137,0.15459668624911366,0.20583993420263236,-0.007123484190387897,0.1987164500122447,-2.157181848986454e-16,5.239949811835069e-16,0.0,-2.7755575615628914e-17,5.082470545131764e-05,1.0,5.082470545131764e-05,1.0,0,0
Affine-DDPNM-9,0.5,0.00025745547508772076,0.17287075162915566,0.17287075162915574,0.17287075162915566,0.18274065380042004,-0.0070905666257214985,0.17565008717469888,-2.8477702088019326e-16,7.791835449795748e-16,0.0,0.0,0.00016070159852450873,1.0,0.00016070159852450873,1.0,0,0
Affine-DDPNM-9,0.6000000000000001,0.0005948357154296561,0.18946521749549727,0.18946521749549736,0.18946521749549727,0.16594465866341612,-0.007059178161122134,0.158885480502294,-3.395354224511865e-16,1.0230381176048058e-15,0.0,2.7755575615628914e-17,0.0004062280322305442,1.0,0.0004062280322305442,1.0,0,0
Affine-DDPNM-9,0.7000000000000001,0.0011939081568967016,0.20476852405535245,0.20476852405535262,0.20476852405535245,0.1530330655985518,-0.0070290317710153755,0.1460040338275373,-3.1076520631328715e-16,1.0153531365845786e-15,0.0,0.0,0.0008707626201759276,1.0,0.0008707626201759276,1.0,0,0
Affine-DDPNM-9,0.8,0.002147982277561317,0.219039829743047,0.21903982974304717,0.219039829743047,0.14271305687694552,-0.006999399094710484,0.135713657782235,-1.9741673569026646e-16,6.916561806271492e-16,0.0,2.7755575615628914e-17,0.0016462230202116865,1.0,0.0016462230202116865,1.0,0,0
Affine-DDPNM-9,0.9,0.003543739522815906,0.2324620562456125,0.23246205624561264,0.2324620562456125,0.13422226502565499,-0.006969434063702731,0.127252830961952,-1.7599627251556578e-16,6.556150445007255e-16,0.0,2.7755575615628914e-17,0.002822028293317445,1.0,0.002822028293317445,1.0,0,0
Affine-DDPNM-9,1.0,0.005453188286295401,0.2451698814858279,0.2451698814858281,0.2451698814858279,0.1270782524021541,-0.006938346671310842,0.12013990573084385,-2.4193563017227553e-16,9.519159478470052e-16,0.0,0.0,0.004475972419760256,1.0,0.004475972419760256,1.0,0,0
Affine-DDPNM-9,1.1,0.00792919308620016,0.25726578216067203,0.2572657821606723,0.25726578216067203,0.12095900674844118,-0.006905485280838699,0.11405352146760336,-4.3711045411243646e-16,1.806853684825202e-15,0.0,0.0,0.0066684798871037634,1.0,0.0066684798871037634,1.0,0,0
Affine-DDPNM-9,1.2000000000000002,0.011004262282367132,0.2688298219038834,0.26882982190388366,0.2688298219038834,0.11564039743211352,-0.006870364517685197,0.10877003291442824,-6.030881863640009e-17,2.607601667566228e-16,0.0,-5.551115123125783e-17,0.0094402692607651,1.0,0.0094402692607651,1.0,0,0
Affine-DDPNM-9,1.3,0.014691708748456971,0.27992592580225417,0.27992592580225445,0.27992592580225417,0.1109610389837079,-0.006832662364192948,0.10412837661951505,-2.65821196624322e-16,1.1978132101996256e-15,0.0,0.0,0.012812679534968058,1.0,0.012812679534968058,1.0,0,0
Affine-DDPNM-9,1.4000000000000001,0.01898821801577741,0.2906060671853647,0.29060606718536497,0.2906060671853647,0.1068014138311052,-0.006792201506328173,0.10000921232477719,-2.8896067097926406e-16,1.352794221601896e-15,0.0,0.0,0.016789704106835796,1.0,0.016789704106835796,1.0,0,0
Affine-DDPNM-9,1.5,0.02387702930712029,0.3009131559836037,0.30091315598360396,0.3009131559836037,0.10307088798238995,-0.006748924272832996,0.0963219637095567,-2.7075302279865304e-16,1.3134311157041382e-15,0.0,5.551115123125783e-17,0.02136088684083546,1.0,0.02136088684083546,1.0,0,0
Affine-DDPNM-9,1.6,0.02933117907249813,0.31088308820633503,0.31088308820633537,0.31088308820633503,0.09969932222731348,-0.006702866653897261,0.09299645557341665,-3.247671888794267e-16,1.6287331830549457e-15,0.0,0.0,0.026504462078964768,1.0,0.026504462078964768,1.0,0,0
Affine-DDPNM-9,1.7000000000000002,0.0353164798837367,0.3205462356552361,0.3205462356552365,0.3205462356552361,0.09663147448901066,-0.006654134338193167,0.08997734015081818,-3.696647525837921e-16,1.912755417107035e-15,0.0,0.0,0.03219034907798126,1.0,0.03219034907798126,1.0,0,0
Affine-DDPNM-9,1.8,0.041794075717741457,0.3299285516195929,0.32992855161959334,0.3299285516195929,0.09382315964356791,-0.006602882094048294,0.08722027754952012,-3.8688793672145684e-16,2.0617933684563303e-15,0.0,0.0,0.0383827928910769,1.0,0.0383827928910769,1.0,0,0
Affine-DDPNM-9,1.9000000000000001,0.0487225259288638,0.3390524067206615,0.33905240672066195,0.3390524067206615,0.09123855101068612,-0.006549296859713692,0.08468925415097221,-7.443132352709917e-16,4.078940464452447e-15,0.0,5.551115123125783e-17,0.045042569059952575,1.0,0.045042569059952575,1.0,0,0
Affine-DDPNM-9,2.0,0.05605943565355285,0.3479372311186544,0.3479372311186549,0.3479372311186544,0.08884824397992874,-0.00649358438161257,0.08235465959831698,-6.157238665291159e-16,3.4650311528284576e-15,0.0,1.1102230246251565e-16,0.0521287467770639,1.0,0.0521287467770639,1.0,0,0
Affine-DDPNM-9,2.1,0.06376268357530034,0.3566000151923471,0.35660001519234763,0.3566000151923471,0.08662784073692698,-0.006435958988184696,0.08019188174874287,-3.795483168241595e-16,2.1906832352937065e-15,0.0,0.0,0.059600047281023597,1.0,0.059600047281023597,1.0,0,0
Affine-DDPNM-9,2.2,0.07179131058430077,0.36505570508003693,0.36505570508003754,0.36505570508003693,0.08455689887689855,-0.006376635999296403,0.07818026287760284,-5.815111469983307e-16,3.438578961161504e-15,0.0,0.0,0.06741585309823582,1.0,0.06741585309823582,1.0,0,0
Affine-DDPNM-9,2.3000000000000003,0.0801061335082945,0.37331751896934073,0.3733175189693413,0.37331751896934073,0.08261813889303804,-0.006315826273947408,0.07630231261909032,-3.1542538161816723e-16,1.908935409611047e-15,0.0,5.551115123125783e-17,0.07553692851765623,1.0,0.07553692851765623,1.0,0,0
Affine-DDPNM-9,2.4000000000000004,0.08867014253729183,0.38139720285774825,0.38139720285774886,0.38139720285774825,0.08079683888407518,-0.006253732446417136,0.07454310643765866,-5.457230520647708e-16,3.377131207124052e-15,0.0,0.0,0.08392590872458862,1.0,0.08392590872458862,1.0,0,0
Affine-DDPNM-9,2.5,0.09744873279548487,0.3893052395224578,0.38930523952245843,0.3893052395224578,0.07908036664709572,-0.006190546465990918,0.07288982018110504,-3.976899890791133e-16,2.514467281454607e-15,0.0,-5.551115123125783e-17,0.09254760838024817,1.0,0.09254760838024817,1.0,0,0
Affine-DDPNM-9,2.6,0.10640981179060295,0.39705102091303274,0.39705102091303346,0.39705102091303274,0.07745781390574913,-0.006126448122971365,0.07133136578277913,-5.605645516083238e-16,3.618515184861887e-15,0.0,-5.551115123125783e-17,0.10136919253788024,1.0,0.10136919253788024,1.0,0,0
Affine-DDPNM-9,2.7,0.11552381627555317,0.40464299164926476,0.4046429916492655,0.40464299164926476,0.07591970736232023,-0.00606160430622691,0.06985810305609355,-7.406408974583911e-16,4.877790781804159e-15,0.0,-1.1102230246251565e-16,0.11036024497068452,1.0,0.11036024497068452,1.0,0,0
Affine-DDPNM-9,2.8000000000000003,0.12476366487422035,0.41208876946471873,0.41208876946471956,0.41208876946471873,0.07445777815453969,-0.005996168791880297,0.06846160936266035,-4.740200190137998e-16,3.1831464137296163e-15,0.0,-1.1102230246251565e-16,0.11949276191130918,1.0,0.11949276191130918,1.0,0,0
Affine-DDPNM-9,2.9000000000000004,0.13410466679640545,0.41939524708014914,0.41939524708014997,0.41939524708014914,0.07306477615430407,-0.005930282408063904,0.06713449374624018,-4.0621709622890197e-16,2.7798422003717635e-15,0.0,5.551115123125783e-17,0.12874109312648999,1.0,0.12874109312648999,1.0,0,0
Affine-DDPNM-9,3.0,0.14352440205917147,0.4265686789816898,0.42656867898169065,0.4265686789816898,0.07173431901540683,-0.005864073457475244,0.06587024555793175,-4.276430593274955e-16,2.9807424479463406e-15,0.0,0.0,0.13808184721087305,1.0,0.13808184721087305,1.0,0,0
Affine-DDPNM-9,3.1,0.15300258472225808,0.43361475582050824,0.43361475582050907,0.43361475582050824,0.07046076838818416,-0.005797658308734473,0.06466311007944957,-2.588956203282769e-16,1.8371614889434863e-15,0.0,0.0,0.14749377390621704,1.0,0.14749377390621704,1.0,0,0
Affine-DDPNM-9,3.2,0.16252091758327547,0.4405386685760684,0.44053866857606927,0.4405386685760684,0.06923912755560147,-0.005731142090465581,0.06350798546513634,-8.017315076527722e-16,5.789584126467732e-15,0.0,0.0,0.15695763301315815,1.0,0.15695763301315815,1.0,0,0
Affine-DDPNM-9,3.3000000000000003,0.17206294441350775,0.4473451641862895,0.4473451641862905,0.4473451641862895,0.0680649561022112,-0.005664619439761976,0.06240033666245054,-4.733259284530841e-16,3.4770163352658265e-15,0.0,-5.551115123125783e-17,0.1664560569275182,1.0,0.1664560569275182,1.0,0,0
Affine-DDPNM-9,3.4000000000000004,0.1816139040106482,0.4540385940101267,0.4540385940101277,0.4540385940101267,0.06693429823837194,-0.005598175270260521,0.06133612296811151,-4.979697167787375e-16,3.719839677748816e-15,0.0,0.0,0.17597341187308646,1.0,0.17597341187308646,1.0,0,0
Affine-DDPNM-9,3.5,0.1911605889832328,0.4606229562262568,0.4606229562262579,0.4606229562262568,0.06584362216130124,-0.005531885535336579,0.060311736625965284,-5.730789340084141e-16,4.351818104755113e-15,0.0,0.0,0.18549566140382454,1.0,0.18549566140382454,1.0,0,0
Affine-DDPNM-9,3.6,0.20069121116556862,0.4671019330671198,0.46710193306712083,0.4671019330671198,0.0647897684086296,-0.005465817969653248,0.059323950438976286,-4.631479805588764e-16,3.574237043400113e-15,0.0,5.551115123125783e-17,0.19501023461386702,1.0,0.19501023461386702,1.0,0,0
Affine-DDPNM-9,3.7,0.21019527481274958,0.4734789236268148,0.473478923626816,0.4734789236268148,0.0637699055969504,-0.005400032798046066,0.05836987279890557,-6.626741087020337e-16,5.19582162227411e-15,0.0,-5.551115123125783e-17,0.20450590064378324,1.0,0.20450590064378324,1.0,0,0
Affine-DDPNM-9,3.8000000000000003,0.2196634581802115,0.47975707285406344,0.4797570728540646,0.47975707285406344,0.0627814922724862,-0.005334583404950171,0.05744690886753622,-4.845984546733811e-16,3.859405352855512e-15,0.0,5.551115123125783e-17,0.21397265044202626,1.0,0.21397265044202626,1.0,0,0
Affine-DDPNM-9,3.9000000000000004,0.2290875037019662,0.485939297239918,0.4859392972399193,0.485939297239918,0.061822243858545844,-0.00526951696065444,0.05655272689789226,-9.282104673367843e-16,7.50709137523863e-15,0.0,0.0,0.2234015862801127,1.0,0.2234015862801127,1.0,0,0
Affine-DDPNM-9,4.0,0.23846011670789968,0.4920283076283328,0.4920283076283341,0.4920283076283328,0.060890103884147506,-0.0052048750028727015,0.05568522888127523,-8.444596611605418e-16,6.93429315515087e-15,0.0,1.1102230246251565e-16,0.23278481918864108,1.0,0.23278481918864108,1.0,0,0
Affine-DDPNM-9,4.1000000000000005,0.24777487243382026,0.49802662951168974,0.4980266295116911,0.49802662951168974,0.05998321883356972,-0.0051406939736725905,0.05484252485989739,-6.112223628704921e-16,5.09494467583006e-15,0.0,0.0,0.24211537424735535,1.0,0.24211537424735535,1.0,0,0
Affine-DDPNM-9,4.2,0.2570261309557145,0.5039366211195455,0.5039366211195471,0.5039366211195455,0.05909991607855769,-0.005077005712863458,0.05402291036569616,-6.494426070329743e-16,5.4944461018328835e-15,0.0,-1.1102230246251565e-16,0.2513871035018398,1.0,0.2513871035018398,1.0,0,0
Affine-DDPNM-9,4.3,0.2662089596047254,0.5097604895646404,0.5097604895646418,0.5097604895646404,0.0582386844509486,-0.00501383790964997,0.053224846541297645,-7.536795403132726e-16,6.470609247261275e-15,0.0,1.1102230246251565e-16,0.2605946061734148,1.0,0.2605946061734148,1.0,0,0
Affine-DDPNM-9,4.4,0.2753190623787091,0.5155003052736101,0.5155003052736118,0.5155003052736101,0.05739815708969753,-0.004951214514794416,0.052446942574904905,-6.238420949933971e-16,5.43433906787716e-15,0.0,-1.1102230246251565e-16,0.2697331557631076,1.0,0.2697331557631076,1.0,0,0
Affine-DDPNM-9,4.5,0.28435271585007016,0.5211580148993393,0.521158014899341,0.5211580148993393,0.056577096257292014,-0.004889156115775594,0.051687940141516855,-6.845303115982733e-16,6.049535561928419e-15,0.0,0.0,0.27879863361432755,1.0,0.27879863361432755,1.0,0,0
Affine-DDPNM-9,4.6000000000000005,0.29330671107060313,0.5267354528862668,0.5267354528862686,0.5267354528862668,0.05577437986927447,-0.0048276802775409355,0.05094669959173419,-7.875346001820797e-16,7.060003195265644e-15,0.0,0.0,0.28778746848387277,1.0,0.28778746848387277,1.0,0,0
Affine-DDPNM-9,4.7,0.30217830098684384,0.5322343518383147,0.5322343518383165,0.5322343518383147,0.05498898952047915,-0.004766801851459682,0.050222187669019966,-2.1304276227808623e-16,1.937140181478906e-15,0.0,-1.1102230246251565e-16,0.29669658167092133,1.0,0.29669658167092133,1.0,0,0
Affine-DDPNM-9,4.800000000000001,0.3109651528999417,0.5376563518206833,0.537656351820685,0.5376563518206833,0.05421999982368586,-0.004706533255029011,0.04951346656865712,-5.527961477512586e-16,5.097714400118549e-15,0.0,-1.1102230246251565e-16,0.30552333726408104,1.0,0.30552333726408104,1.0,0,0
Affine-DDPNM-9,4.9,0.3196653055293613,0.5430030087109892,0.5430030087109909,0.5430030087109892,0.0534665689030589,-0.004646884724785116,0.048819684178274064,-6.462888916121097e-16,6.043859788196854e-15,0.0,-1.1102230246251565e-16,0.3142654970839554,1.0,0.3142654970839554,1.0,0,0
Affine-DDPNM-9,5.0,0.3282771302676917,0.5482758017016529,0.5482758017016547,0.5482758017016529,0.05272792990663744,-0.00458786454474484,0.04814006536189215,-6.334025558690564e-16,6.006328685675614e-15,0.0,0.0,0.3229211799204476,1.0,0.3229211799204476,1.0,0,0
Affine-DDPNM-9,5.1000000000000005,0.3367992962429507,0.5534761400436963,0.5534761400436983,0.5534761400436963,0.052003383420433646,-0.0045294792525603575,0.04747390416787546,-6.004999845494368e-16,5.773662645125801e-15,0.0,0.0,0.3314888246883433,1.0,0.3314888246883433,1.0,0,0
Affine-DDPNM-9,5.2,0.3452307388339624,0.5586053691119035,0.5586053691119055,0.5586053691119035,0.051292290682072306,-0.004471733825414903,0.046820556856657716,-8.387000488774493e-16,8.175693049819176e-15,0.0,0.0,0.3399671571502111,1.0,0.3399671571502111,1.0,0,0
Affine-DDPNM-9,5.300000000000001,0.35357063131291816,0.5636647758623804,0.5636647758623825,0.5636647758623804,0.050594067504768914,-0.0044146318475430674,0.04617943565722733,-6.990306686223196e-16,6.908227615386131e-15,0.0,0.0,0.34835515988140214,1.0,0.34835515988140214,1.0,0,0
Affine-DDPNM-9,5.4,0.36181835931662965,0.5686555937457424,0.5686555937457445,0.5686555937457424,0.049908178833619754,-0.004358175661098184,0.045550003172521225,-6.080931055259795e-16,6.092118764273067e-15,0.0,1.1102230246251565e-16,0.3566520451772396,1.0,0.3566520451772396,1.0,0,0
Affine-DDPNM-9,5.5,0.36997349787393197,0.5735790071322818,0.5735790071322839,0.5735790071322818,0.04923413386539455,-0.0043023665019587005,0.04493176736343579,-5.746019521871365e-16,5.835402261346678e-15,0.0,0.0,0.364857230626903,1.0,0.364857230626903,1.0,0,0
Affine-DDPNM-9,5.6000000000000005,0.3780357907410334,0.5784361552994144,0.5784361552994167,0.5784361552994144,0.048571481671325634,-0.004247204621917846,0.044324277049410034,-6.955120937594253e-16,7.159675490916798e-15,0.0,0.0,0.372970317101766,1.0,0.372970317101766,1.0,0,0
Affine-DDPNM-9,5.7,0.38600513181925267,0.5832281360263385,0.5832281360263408,0.5832281360263385,0.047919807269241055,-0.004192689398576454,0.043727117870664536,-9.390252781282088e-16,9.797882458627441e-15,0.0,0.0,0.3809910689278574,1.0,0.3809910689278574,1.0,0,0
Affine-DDPNM-9,5.800000000000001,0.3938815484505194,0.5879560088360914,0.5879560088360939,0.5879560088360914,0.04727872809752953,-0.0041388194341399655,0.04313990866339036,-7.915410660225925e-16,8.371006347608857e-15,0.0,-1.1102230246251565e-16,0.3889193960325688,1.0,0.3889193960325688,1.0,0,0
Affine-DDPNM-9,5.9,0.40166518640528215,0.5926207979209722,0.5926207979209748,0.5926207979209722,0.046647890848807716,-0.004085592644208866,0.042562298204600224,-7.159605278973281e-16,7.674093242691775e-15,0.0,-1.1102230246251565e-16,0.3967553378747259,1.0,0.3967553378747259,1.0,0,0
Affine-DDPNM-9,6.0,0.40935629639511656,0.5972234947835382,0.5972234947835408,0.5972234947835382,0.0460269686256598,-0.004033006337548198,0.04199396228811107,-8.463375332046046e-16,9.19393084615158e-15,0.0,0.0,0.4044990489847116,1.0,0.4044990489847116,1.0,0,0
Affine-DDPNM-9,6.1000000000000005,0.41695522195845786,0.6017650606220419,0.6017650606220446,0.6017650606220419,0.04541565838503736,-0.00398105728773053,0.041434601097308184,-1.0426784998287305e-15,1.1479284204016249e-14,0.0,0.0,0.4121507859574538,1.0,0.4121507859574538,1.0,0,0
Affine-DDPNM-9,6.2,0.4244623885825676,0.6062464284861906,0.6062464284861935,0.6062464284861906,0.044813678641486554,-0.00392974179745776,0.04088393684403048,-7.459543880760765e-16,8.32284260843396e-15,0.0,-1.1102230246251565e-16,0.41971089575588005,1.0,0.41971089575588005,1.0,0,0
Affine-DDPNM-9,6.300000000000001,0.4318782939382033,0.6106685052264385,0.6106685052264414,0.6106685052264385,0.0442207674024786,-0.00387905575629513,0.04034171164618439,-6.157539891383026e-16,6.962271635111684e-15,0.0,-2.220446049250313e-16,0.42717980519597665,1.0,0.42717980519597665,1.0,0,0
Affine-DDPNM-9,6.4,0.43920349911557427,0.615032173257644,0.6150321732576469,0.615032173257644,0.04363668031205581,-0.003828994692470165,0.03980768561958495,-8.646489032165848e-16,9.907363450121447e-15,0.0,0.0,0.43455801149692547,1.0,0.43455801149692547,1.0,0,0
Affine-DDPNM-9,6.5,0.44643862076114865,0.6193382921557873,0.6193382921557903,0.6193382921557873,0.04306118898143252,-0.0037795538193362583,0.03928163516209708,-6.757440388364044e-16,7.846323508714203e-15,0.0,0.0,0.4418460737909893,1.0,0.4418460737909893,1.0,0,0
Affine-DDPNM-9,6.6000000000000005,0.4535843240248091,0.6235877001045342,0.6235877001045375,0.6235877001045342,0.04249407948746953,-0.0037307280770326225,0.03876335141043875,-9.32472737127368e-16,1.0971795934564384e-14,0.0,-1.1102230246251565e-16,0.4490446054980489,1.0,0.4490446054980489,1.0,0,0
Affine-DDPNM-9,6.7,0.46064131623584037,0.627781215206721,0.6277812152067244,0.627781215206721,0.041935151021867956,-0.003682512169823165,0.03825263885204534,-9.28711699083322e-16,1.1073188917324036e-14,0.0,0.0,0.45615426747892535,1.0,0.45615426747892535,1.0,0,0
Affine-DDPNM-9,6.800000000000001,0.4676103412343378,0.6319196366742977,0.6319196366743012,0.6319196366742977,0.04138421467576703,-0.003634900599551556,0.03774931407621666,-7.224619292839785e-16,8.72871377340662e-15,0.0,-2.220446049250313e-16,0.46317576189000675,1.0,0.46317576189000675,1.0,0,0
Affine-DDPNM-9,6.9,0.47449217429195206,0.6360037459088975,0.6360037459089009,0.6360037459088975,0.040841092345997865,-0.0035878876956021537,0.037253204650395104,-9.642108499027498e-16,1.1804420431928565e-14,0.0,1.1102230246251565e-16,0.47010982666931284,1.0,0.47010982666931284,1.0,0,0
Affine-DDPNM-9,7.0,0.4812876175624879,0.6400343074839566,0.6400343074839602,0.6400343074839566,0.040305615750590995,-0.0035414676417187974,0.03676414810887419,-1.0482087779413538e-15,1.3003259699933478e-14,0.0,-1.1102230246251565e-16,0.4769572305909751,1.0,0.4769572305909751,1.0,0,0
Affine-DDPNM-9,7.1000000000000005,0.48799749600882636,0.6440120700382106,0.6440120700382143,0.6440120700382106,0.03977762554253972,-0.0034956344999997387,0.03628199104254123,-9.392473066395079e-16,1.1806226412823788e-14,0.0,-2.220446049250313e-16,0.4837187688313474,1.0,0.4837187688313474,1.0,0,0
Affine-DDPNM-9,7.2,0.49462265375800685,0.6479377670893882,0.647937767089392,0.6479377670893882,0.039256970511776235,-0.003450382232354462,0.03580658827942297,-8.974913351969495e-16,1.1430980581241082e-14,0.0,-1.1102230246251565e-16,0.49039525899553776,1.0,0.49039525899553776,1.0,0,0
Affine-DDPNM-9,7.300000000000001,0.501163950841139,0.6518121177760405,0.6518121177760442,0.6518121177760405,0.03874350686652317,-0.003405704719678611,0.03533780214684316,-7.951043218734546e-16,1.0261130008348433e-14,0.0,2.220446049250313e-16,0.4969875375582615,1.0,0.4969875375582615,1.0,0,0
Affine-DDPNM-9,7.4,0.5076222602791638,0.6556358275346325,0.6556358275346366,0.6556358275346325,0.0382370975859192,-0.0033615957789795044,0.034875501806943654,-7.521032119984323e-16,9.834731968194093e-15,0.0,-3.3306690738754696e-16,0.503496456677447,1.0,0.503496456677447,1.0,0,0
Affine-DDPNM-9,7.5,0.5139984654794059,0.6594095887183136,0.6594095887183177,0.6594095887183136,0.037737611836811125,-0.0033180491786564716,0.034419562658154323,-1.018201788751923e-15,1.3490543508091354e-14,0.0,0.0,0.5099228813431834,1.0,0.5099228813431834,1.0,0,0
Affine-DDPNM-9,7.6000000000000005,0.5202934579113825,0.6631340811631218,0.6631340811631259,0.6631340811631218,0.03724492444808214,-0.00327505865212876,0.033969865795953014,-7.219689561086765e-16,9.692179092953651e-15,0.0,-1.1102230246251565e-16,0.5162676868283036,1.0,0.5162676868283036,1.0,0,0
Affine-DDPNM-9,7.7,0.5265081350335119,0.6668099727068127,0.6668099727068167,0.6668099727068127,0.03675891543690968,-0.003232617909975033,0.03352629752693367,-6.039395735899997e-16,8.214872044124445e-15,0.0,1.1102230246251565e-16,0.5225317564102498,1.0,0.5225317564102498,1.0,0,0
Affine-DDPNM-9,7.800000000000001,0.5326433984452178,0.6704379196649666,0.6704379196649708,0.6704379196649666,0.03627946958153827,-0.0031907206507366895,0.03308874893080403,-7.926303503927616e-16,1.092395174922961e-14,0.0,-1.1102230246251565e-16,0.5287159793369125,1.0,0.5287159793369125,1.0,0,0
Affine-DDPNM-9,7.9,0.5387001522414995,0.674018567268567,0.6740185672685713,0.674018567268567,0.0358064760360044,-0.003149360570522097,0.03265711546548346,-9.38624737423276e-16,1.3106913069013657e-14,0.0,-2.220446049250313e-16,0.5348212490118217,1.0,0.5348212490118217,1.0,0,0
Affine-DDPNM-9,8.0,0.5446793015493474,0.6775525500668158,0.6775525500668205,0.6775525500668158,0.035339827982487915,-0.003108531371533276,0.03223129661095748,-1.1515048693754894e-15,1.6291885602075554e-14,0.0,-2.220446049250313e-16,0.5408484613765763,1.0,0.5408484613765763,1.0,0,0
Affine-DDPNM-9,8.1,0.5505817512274616,0.6810404922985771,0.6810404922985817,0.6810404922985771,0.034879422317612985,-0.00306822676962446,0.03181119554798695,-9.41985764157981e-16,1.3503459942373098e-14,0.0,2.220446049250313e-16,0.5467985134705601,1.0,0.5467985134705601,1.0,0,0
Affine-DDPNM-9,8.200000000000001,0.5564084047126077,0.6844830082354927,0.6844830082354973,0.6844830082354927,0.0344251593691558,-0.003028440500993459,0.03139671886816399,-1.3629806207011552e-15,1.979628628709158e-14,0.0,0.0,0.5526723021500165,1.0,0.5526723021500165,1.0,0,0
Affine-DDPNM-9,8.3,0.56216016299762,0.6878807024995179,0.6878807024995227,0.6878807024995179,0.03397694264025253,-0.00298916632809231,0.030987776312161073,-6.587366760467221e-16,9.693878036958918e-15,0.0,-2.220446049250313e-16,0.5584707229503353,1.0,0.5584707229503353,1.0,0,0
Affine-DDPNM-9,8.4,0.5678379237275785,0.6912341703573359,0.6912341703573407,0.6912341703573359,0.03353467857817982,-0.0029503980448390543,0.030584280533340467,-1.1668808467087599e-15,1.7398121827653738e-14,0.0,1.1102230246251565e-16,0.5641946690770303,1.0,0.5641946690770303,1.0,0,0
Affine-DDPNM-9,8.5,0.5734425804020489,0.6945439979938735,0.6945439979938783,0.6945439979938735,0.03309827636537532,-0.0029121294812023985,0.030186146884174068,-8.588723502745473e-16,1.2974578204516621e-14,0.0,0.0,0.569845030512334,1.0,0.569845030512334,1.0,0,0
Affine-DDPNM-9,8.6,0.5789750216724926,0.6978107627669139,0.6978107627669189,0.6978107627669139,0.032667647730404425,-0.002874354507221002,0.02979329322318478,-7.441228910858759e-16,1.1389294038353588e-14,0.0,1.1102230246251565e-16,0.5754226932256402,1.0,0.5754226932256402,1.0,0,0
Affine-DDPNM-9,8.700000000000001,0.5844361307250613,0.7010350334446009,0.701035033444606,0.7010350334446009,0.03224270677687047,-0.0028370670365210782,0.029405639740350303,-5.742188815367408e-16,8.904632069362313e-15,0.0,1.1102230246251565e-16,0.5809285384772241,1.0,0.5809285384772241,1.0,0,0
Affine-DDPNM-9,8.8,0.5898267847399743,0.7042173704274504,0.7042173704274556,0.7042173704274504,0.03182336982849421,-0.002800261029378335,0.029023108799116435,-1.0903969479452488e-15,1.7132015776797353e-14,0.0,-1.1102230246251565e-16,0.5863634422057111,1.0,0.5863634422057111,1.0,0,0
Affine-DDPNM-9,8.9,0.5951478544195717,0.7073583259563236,0.707358325956329,0.7073583259563236,0.03140955528873279,-0.002763930495376349,0.02864562479335799,-7.882831655492157e-16,1.2548461102089666e-14,0.0,-1.1102230246251565e-16,0.5917282744907307,1.0,0.5917282744907307,1.0,0,0
Affine-DDPNM-9,9.0,0.6004002035779308,0.7104584443076725,0.7104584443076779,0.7104584443076725,0.03100118351348824,-0.0027280694956997465,0.028273114017789164,-7.598395874221795e-16,1.2255009346523405e-14,0.0,0.0,0.5970238990830492,1.0,0.5970238990830492,1.0,0,0
Affine-DDPNM-9,9.1,0.605584688785657,0.7135182619772307,0.713518261977236,0.7135182619772307,0.03059817669558207,-0.0026926721451022125,0.027905504550479035,-7.958772394378241e-16,1.3005304978723583e-14,0.0,0.0,0.6022511729952535,1.0,0.6022511729952535,1.0,0,0
Affine-DDPNM-9,9.200000000000001,0.610702159064107,0.716538307853215,0.7165383078532206,0.716538307853215,0.030200458759843674,-0.0026577326135837093,0.027542726146261704,-9.78411569021705e-16,1.6198620968013756e-14,0.0,0.0,0.6074109461467442,1.0,0.6074109461467442,1.0,0,0
Affine-DDPNM-9,9.3,0.6157534556238825,0.7195191033799908,0.7195191033799966,0.7195191033799908,0.029807955267757702,-0.0026232451278052123,0.027184710139954705,-9.925337258348023e-16,1.664880594658495e-14,0.0,-2.220446049250313e-16,0.6125040610574379,1.0,0.6125040610574379,1.0,0,0
Affine-DDPNM-9,9.4,0.6207394116429515,0.7224611627130586,0.7224611627130643,0.7224611627130586,0.029420593330677924,-0.002589203972270796,0.026831389358406555,-9.06317630265576e-16,1.5402776213227053e-14,0.0,0.0,0.6175313525851258,1.0,0.6175313525851258,1.0,0,0
Affine-DDPNM-9,9.5,0.6256608520802357,0.7253649928661382,0.725364992866144,0.7253649928661382,0.029038301530796007,-0.002555603490301828,0.026482698040495016,-8.807321530608127e-16,1.5165008051981907e-14,0.0,-1.1102230246251565e-16,0.6224936477019598,1.0,0.6224936477019598,1.0,0,0
Affine-DDPNM-9,9.600000000000001,0.6305185935209108,0.7282310938510487,0.7282310938510547,0.7282310938510487,0.02866100984910469,-0.002522438084821857,0.02613857176428492,-1.0382506350969586e-15,1.811259687922953e-14,0.0,-1.1102230246251565e-16,0.6273917653059825,1.0,0.6273917653059825,1.0,0,0
Affine-DDPNM-9,9.700000000000001,0.635313444050059,0.7310599588110099,0.731059958811016,0.7310599588110099,0.028288649599612636,-0.002489702218978697,0.02579894738063475,-9.73587504628855e-16,1.720809438429632e-14,0.0,-1.1102230246251565e-16,0.6322265160640249,1.0,0.6322265160640249,1.0,0,0
Affine-DDPNM-9,9.8,0.6400462031516474,0.7338520741479326,0.7338520741479388,0.7338520741479326,0.02792115336922696,-0.0024573904166152686,0.025463762952612667,-7.864878792175102e-16,1.4084086513494762e-14,0.0,-2.220446049250313e-16,0.6369987022826951,1.0,0.6369987022826951,1.0,0,0
Affine-DDPNM-9,9.9,0.6447176616301136,0.7366079196442081,0.7366079196442143,0.7366079196442081,0.027558454962754997,-0.0024254972626079367,0.025132957700147337,-8.459870733226781e-16,1.534895687124002e-14,0.0,-2.220446049250313e-16,0.6417091178044624,1.0,0.6417091178044624,1.0,0,0
Affine-DDPNM-9,10.0,0.6493286015521216,0.7393279685794563,0.7393279685794628,0.7393279685794563,0.027200489352481316,-0.0023940174030887672,0.02480647194939533,-1.0034418161295432e-15,1.844528977266276e-14,0.0,-2.220446049250313e-16,0.6463585479261806,1.0,0.6463585479261806,1.0,0,0
Affine-DDPNM-9,10.100000000000001,0.6538797962062911,0.7420126878426485,0.7420126878426551,0.7420126878426485,0.02684719263192248,-0.0023629455455603738,0.02448424708636235,-1.0868703262693555e-15,2.0241787310324107e-14,0.0,0.0,0.6509477693376717,1.0,0.6509477693376717,1.0,0,0
Affine-DDPNM-9,10.200000000000001,0.6583720100789333,0.7446625380399763,0.7446625380399827,0.7446625380399763,0.026498501973277744,-0.0023322764589189682,0.02416622551435744,-6.792312734802504e-16,1.2816408908043824e-14,0.0,2.220446049250313e-16,0.6554775500781748,1.0,0.6554775500781748,1.0,0,0
Affine-DDPNM-9,10.3,0.6628059988440241,0.7472779735988061,0.7472779735988128,0.7472779735988061,0.02615435558829815,-0.00230200497339388,0.023852350614906363,-1.2151454193180204e-15,2.3230268763755087e-14,0.0,-1.1102230246251565e-16,0.659948649508761,1.0,0.659948649508761,1.0,0,0
Affine-DDPNM-9,10.4,0.6671825093658265,0.7498594428680259,0.7498594428680326,0.7498594428680259,0.025814692692197605,-0.002272125980413795,0.023542566711784445,-1.182517286673311e-15,2.2903958237525482e-14,0.0,0.0,0.6643618182989462,1.0,0.6643618182989462,1.0,0,0
Affine-DDPNM-9,10.5,0.671502279712733,0.752407388215053,0.75240738821506,0.752407388215053,0.025479453470271807,-0.002242634432408206,0.02323681903786566,-8.502080502570831e-16,1.668418930667077e-14,0.0,-1.1102230246251565e-16,0.6687177984259477,1.0,0.6687177984259477,1.0,0,0
Affine-DDPNM-9,10.600000000000001,0.6757660391810547,0.7549222461197594,0.7549222461197663,0.7549222461197594,0.025148579047064024,-0.0022135253425501246,0.02293505370451309,-4.698292705676999e-16,9.34106992065935e-15,0.0,-1.1102230246251565e-16,0.6730173231851717,1.0,0.6730173231851717,1.0,0,0
Affine-DDPNM-9,10.700000000000001,0.6799745083275993,0.7574044472655308,0.7574044472655379,0.7574044472655308,0.024822011457713566,-0.0021847937844495704,0.02263721767326593,-1.207672894657343e-15,2.4326652509903772e-14,0.0,-1.1102230246251565e-16,0.6772611172106737,1.0,0.6772611172106737,1.0,0,0
Affine-DDPNM-9,10.8,0.6841283990100109,0.7598544166276711,0.7598544166276782,0.7598544166276711,0.024499693621402585,-0.0021564348918025463,0.022343258729600038,-1.1359156514977476e-15,2.3182241971087912e-14,0.0,2.220446049250313e-16,0.6814498965044508,1.0,0.6814498965044508,1.0,0,0
Affine-DDPNM-9,10.9,0.6882284144339486,0.7622725735593272,0.7622725735593346,0.7622725735593272,0.024181569316561458,-0.0021284438579995176,0.022053125458564762,-1.1414256008196368e-15,2.3601148169441412e-14,0.0,0.0,0.6855843684735489,1.0,0.6855843684735489,1.0,0,0
Affine-DDPNM-9,11.0,0.6922752492062673,0.7646593318751088,0.7646593318751163,0.7646593318751088,0.02386758315781612,-0.0021008159357010477,0.021766767222114906,-1.327949879101559e-15,2.781911076460812e-14,0.0,0.0,0.6896652319740652,1.0,0.6896652319740652,1.0,0,0
Affine-DDPNM-9,11.100000000000001,0.6962695893934598,0.7670150999325447,0.7670150999325522,0.7670150999325447,0.023557680574358697,-0.002073546436382745,0.021484134137977354,-7.308335794181664e-16,1.551157757469593e-14,0.0,-1.1102230246251565e-16,0.6936931773612146,1.0,0.6936931773612146,1.0,0,0
Affine-DDPNM-9,11.200000000000001,0.7002121125846921,0.7693402807115209,0.7693402807115286,0.7693402807115209,0.023251807789762546,-0.002046630729855557,0.02120517705990763,-7.522340785887831e-16,1.617581921780661e-14,0.0,0.0,0.6976688865447513,1.0,0.6976688865447513,1.0,0,0
Affine-DDPNM-9,11.3,0.7041034879588319,0.7716352718918176,0.7716352718918253,0.7716352718918176,0.02294991180296635,-0.0020200642437625043,0.020929847559204916,-9.483825569756455e-16,2.0662008750139117e-14,0.0,0.0,0.701593033049042,1.0,0.701593033049042,1.0,0,0
Affine-DDPNM-9,11.4,0.7079443763549351,0.7739004659288601,0.7739004659288679,0.7739004659288601,0.02265194037042506,-0.0019938424630570016,0.02065809790736836,-6.174353495386024e-16,1.3628751873829257e-14,0.0,0.0,0.7054662820772164,1.0,0.7054662820772164,1.0,0,0
Affine-DDPNM-9,11.5,0.7117354303457073,0.7761362501277853,0.7761362501277932,0.7761362501277853,0.02235784198925228,-0.0019679609294641007,0.02038988105978961,-9.395270392703386e-16,2.1011129779921337e-14,0.0,0.0,0.7092892905788692,1.0,0.7092892905788692,1.0,0,0
Affine-DDPNM-9,11.600000000000001,0.715477294313512,0.7783430067159167,0.7783430067159247,0.7783430067159167,0.02206756588131409,-0.0019424152409302387,0.020125150640384618,-8.408775588266033e-16,1.905234051070874e-14,0.0,0.0,0.7130627073208091,1.0,0.7130627073208091,1.0,0,0
Affine-DDPNM-9,11.700000000000001,0.7191706045285392,0.7805211129137305,0.7805211129137386,0.7805211129137305,0.021781061978137783,-0.0019172010510574702,0.01986386092708089,-1.1591933874377167e-15,2.661012095280785e-14,0.0,2.220446049250313e-16,0.7167871729604536,1.0,0.7167871729604536,1.0,0,0
Affine-DDPNM-9,11.8,0.7228159892287875,0.7826709410043917,0.7826709410044,0.7826709410043917,0.02149828090661221,-0.0018923140685328053,0.019605966838081208,-1.224886086453208e-15,2.8488000779551154e-14,0.0,-2.220446049250313e-16,0.7204633201214528,1.0,0.7204633201214528,1.0,0,0
Affine-DDPNM-9,11.9,0.7264140687015561,0.7847928584019299,0.7847928584019384,0.7847928584019299,0.021219173975381977,-0.0018677500565465553,0.019351423918836028,-1.0005415753181444e-15,2.3576355433980056e-14,0.0,0.0,0.7240917734712312,1.0,0.7240917734712312,1.0,0,0
Affine-DDPNM-9,12.0,0.7299654553661648,0.7868872277181164,0.786887227718125,0.7868872277181164,0.020943693161864507,-0.0018435048322060664,0.019100188329660137,-8.603199295814049e-16,2.0538878289811145e-14,0.0,-1.1102230246251565e-16,0.7276731498001092,1.0,0.7276731498001092,1.0,0,0
Affine-DDPNM-9,12.100000000000001,0.7334707538576595,0.7889544068281046,0.7889544068281134,0.7889544068281046,0.020671791099882153,-0.0018195742659448408,0.018852216833938843,-1.2427980804305579e-15,3.006024186355088e-14,0.0,-1.1102230246251565e-16,0.7312080581017427,1.0,0.7312080581017427,1.0,0,0
Affine-DDPNM-9,12.200000000000001,0.7369305611112829,0.7909947489348844,0.7909947489348933,0.7909947489348844,0.020403421067798355,-0.0017959542809277765,0.018607466786871214,-1.0226118657918025e-15,2.5059813802640208e-14,0.0,-1.1102230246251565e-16,0.7346970996546279,1.0,0.7346970996546279,1.0,0,0
Affine-DDPNM-9,12.3,0.7403454664475125,0.7930086026326005,0.7930086026326094,0.7930086026326005,0.02013853697716117,-0.0017726408524553318,0.018365896124706196,-8.605579458395834e-16,2.136594994004585e-14,0.0,0.0,0.7381408681044542,1.0,0.7381408681044542,1.0,0,0
Affine-DDPNM-9,12.4,0.7437160516574921,0.7949963119687798,0.7949963119687888,0.7949963119687798,0.019877093361793108,-0.001749630007365167,0.018127463354428847,-8.923932556456626e-16,2.244778045267328e-14,0.0,-1.1102230246251565e-16,0.7415399495471022,1.0,0.7415399495471022,1.0,0,0
Affine-DDPNM-9,12.5,0.7470428910887018,0.7969582165055091,0.7969582165055183,0.7969582165055091,0.019619045367292864,-0.0017269178234342554,0.017892127543860617,-1.2062227742516436e-15,3.0741117920612223e-14,0.0,-1.1102230246251565e-16,0.7448949226121051,1.0,0.7448949226121051,1.0,0,0
Affine-DDPNM-9,12.600000000000001,0.7503265517307267,0.7988946513796013,0.7988946513796105,0.7988946513796013,0.01936434874092119,-0.001704500428782888,0.017659848312138578,-7.301074604241327e-16,1.8851846509075916e-14,0.0,0.0,0.7482063585464362,1.0,0.7482063585464362,1.0,0,0
Affine-DDPNM-9,12.700000000000001,0.7535675933009996,0.8008059473617833,0.8008059473617928,0.8008059473617833,0.01911295982182093,-0.0016823740012770387,0.017430585820545935,-9.139604085486516e-16,2.3909441998228615e-14,0.0,-1.1102230246251565e-16,0.7514748212984538,1.0,0.7514748212984538,1.0,0,0
Affine-DDPNM-9,12.8,0.7567665683304138,0.8026924309149434,0.8026924309149527,0.8026924309149434,0.01886483553160012,-0.0016605347679357167,0.017204300763662875,-9.115438235501351e-16,2.4159866700752905e-14,0.0,1.1102230246251565e-16,0.7547008676018981,1.0,0.7547008676018981,1.0,0,0
Affine-DDPNM-9,12.9,0.7599240222487027,0.8045544242514586,0.8045544242514682,0.8045544242514586,0.018619933365152663,-0.0016389790043387677,0.01698095436081648,-1.157843640436267e-15,3.109150870010897e-14,0.0,0.0,0.7578850470598244,1.0,0.7578850470598244,1.0,0,0
Affine-DDPNM-9,13.0,0.7630404934695065,0.8063922453896429,0.8063922453896525,0.8063922453896429,0.018378211381843146,-0.0016177030340381584,0.01676050834780511,-1.3645874422020966e-15,3.712514275328892e-14,0.0,-1.1102230246251565e-16,0.7610279022283666,1.0,0.7610279022283666,1.0,0,0
Affine-DDPNM-9,13.100000000000001,0.7661165134750444,0.808206208209328,0.8082062082093376,0.808206208209328,0.018139628196850444,-0.001596703227974297,0.01654292496887781,-1.0885288167800794e-15,3.0004165602716956e-14,0.0,0.0,0.7641299687002494,1.0,0.7641299687002494,1.0,0,0
Affine-DDPNM-9,13.200000000000001,0.7691526069003313,0.8099966225066123,0.8099966225066221,0.8099966225066123,0.017904142972843262,-0.0015759760038927383,0.016328166968951528,-8.397880626981975e-16,2.345233904722365e-14,0.0,1.1102230246251565e-16,0.7671917751879692,1.0,0.7671917751879692,1.0,0,0
Affine-DDPNM-9,13.3,0.7721492916168776,0.8117637940477938,0.8117637940478036,0.8117637940477938,0.017671715411814448,-0.0015555178257683714,0.01611619758604757,-8.034768190405897e-16,2.273341326285139e-14,0.0,-2.220446049250313e-16,0.7702138436065809,1.0,0.7702138436065809,1.0,0,0
Affine-DDPNM-9,13.4,0.7751070788158219,0.8135080246225104,0.8135080246225204,0.8135080246225104,0.01744230574716621,-0.001535325203232885,0.015906980543934347,-9.000461983241052e-16,2.5800665673754346e-14,0.0,-1.1102230246251565e-16,0.7731966891560188,1.0,0.7731966891560188,1.0,0,0
Affine-DDPNM-9,13.5,0.7780264730904486,0.8152296120961073,0.8152296120961171,0.8152296120961073,0.01721587473596964,-0.0015153946910056561,0.015700480044961683,-7.94267876838041e-16,2.3067891960743843e-14,0.0,0.0,0.7761408204029022,1.0,0.7761408204029022,1.0,0,0
Affine-DDPNM-9,13.600000000000001,0.7809079725180584,0.8169288504612477,0.8169288504612578,0.8169288504612477,0.016992383651404097,-0.001495722888331755,0.015496660763075524,-9.48438884666638e-16,2.790776456451355e-14,0.0,-1.1102230246251565e-16,0.7790467393617838,1.0,0.7790467393617838,1.0,0,0
Affine-DDPNM-9,13.700000000000001,0.783752068741151,0.81860602988879,0.8186060298888002,0.81860602988879,0.01677179427542308,-0.0014763064384233039,0.015295487837000256,-1.3888744178987191e-15,4.140506361725165e-14,0.0,0.0,0.7819149415757991,1.0,0.7819149415757991,1.0,0,0
Affine-DDPNM-9,13.8,0.7865592470478943,0.8202614367779386,0.8202614367779488,0.8202614367779386,0.016554068891485585,-0.001457142027906323,0.015096926863580891,-9.398849106905536e-16,2.8388335123273753e-14,0.0,0.0,0.7847459161966719,1.0,0.7847459161966719,1.0,0,0
Affine-DDPNM-9,13.9,0.7893299864518547,0.8218953538056933,0.8218953538057037,0.8218953538056933,0.016339170277547277,-0.0014382263862743943,0.01490094389127375,-1.0516081329169221e-15,3.218058552097892e-14,0.0,1.1102230246251565e-16,0.7875401460640559,1.0,0.7875401460640559,1.0,0,0
Affine-DDPNM-9,14.0,0.7920647597709684,0.8235080599756059,0.8235080599756162,0.8235080599756059,0.016127061699126033,-0.0014195562853454302,0.014707505413779035,-1.245176548946448e-15,3.8605189593030074e-14,0.0,2.220446049250313e-16,0.7902981077841773,1.0,0.7902981077841773,1.0,0,0
Affine-DDPNM-9,14.100000000000001,0.7947640337057349,0.825099830665859,0.8250998306658694,0.825099830665859,0.015917706902530693,-0.001401128538726545,0.014516578363806175,-6.81412595077667e-16,2.1404232382532705e-14,0.0,1.1102230246251565e-16,0.7930202718077658,1.0,0.7930202718077658,1.0,0,0
Affine-DDPNM-9,14.200000000000001,0.7974282689166161,0.8266709376766839,0.8266709376766944,0.8266709376766839,0.01571107010824857,-0.0013829400012822365,0.014328130106967391,-1.0279447852277156e-15,3.271402832987147e-14,0.0,1.1102230246251565e-16,0.7957071025072388,1.0,0.7957071025072388,1.0,0,0
Affine-DDPNM-9,14.3,0.8000579201006341,0.8282216492771237,0.8282216492771344,0.8282216492771237,0.015507116004398469,-0.0013649875686103877,0.014142128435789741,-9.30804082221277e-16,3.001215964197379e-14,0.0,0.0,0.7983590582531389,1.0,0.7983590582531389,1.0,0,0
Affine-DDPNM-9,14.4,0.8026534360671529,0.8297522302511603,0.829752230251171,0.8297522302511603,0.015305809740365772,-0.00134726817652192,0.013958541563843787,-1.1308618294179548e-15,3.6942241168579044e-14,0.0,1.1102230246251565e-16,0.8009765914897994,1.0,0.8009765914897994,1.0,0,0
Affine-DDPNM-9,14.5,0.8052152598128391,0.8312629419432109,0.8312629419432218,0.8312629419432109,0.01510711692050637,-0.0013297788005283387,0.013777338119980432,-1.09008651037008e-15,3.6078575286933545e-14,0.0,-1.1102230246251565e-16,0.8035601488102341,1.0,0.8035601488102341,1.0,0,0
Affine-DDPNM-9,14.600000000000001,0.8077438285957963,0.8327540423030118,0.8327540423030225,0.8327540423030118,0.014911003598008232,-0.0013125164553335128,0.013598487142673678,-1.253906917533798e-15,4.2046362248257215e-14,0.0,0.0,0.8061101710302357,1.0,0.8061101710302357,1.0,0,0
Affine-DDPNM-9,14.700000000000001,0.8102395740088673,0.8342257859298909,0.8342257859299019,0.8342257859298909,0.01471743626879185,-0.001295478194331734,0.013421958074462604,-7.978923308193421e-16,2.7107042158938916e-14,0.0,0.0,0.8086270932616766,1.0,0.8086270932616766,1.0,0,0
Affine-DDPNM-9,14.8,0.8127029220521036,0.835678424116451,0.8356784241164622,0.835678424116451,0.014526381865600513,-0.00127866110911212,0.013247720756490687,-1.0335250382842269e-15,3.5574069573773385e-14,0.0,-2.220446049250313e-16,0.8111113449850201,1.0,0.8111113449850201,1.0,0,0
Affine-DDPNM-9,14.9,0.8151342932044018,0.8371122048916615,0.8371122048916727,0.8371122048916615,0.014337807752105025,-0.0012620623289684597,0.013075745423136999,-1.0852978096027779e-15,3.7847411137292655e-14,0.0,-1.1102230246251565e-16,0.8135633501210122,1.0,0.8135633501210122,1.0,0,0
Affine-DDPNM-9,15.0,0.8175341024943027,0.8385273730633767,0.8385273730633879,0.8385273730633767,0.014151681717151643,-0.0012456790204140914,0.012906002696737213,-7.517218354139311e-16,2.6559452453727234e-14,0.0,0.0,0.8159835271015807,1.0,0.8159835271015807,1.0,0,0
Affine-DDPNM-9,15.100000000000001,0.8199027595699613,0.8399241702602861,0.8399241702602973,0.8399241702602861,0.013967971969094384,-0.0012295083867042526,0.01273846358239034,-1.148954029654833e-15,4.1128162062359764e-14,0.0,1.1102230246251565e-16,0.8183722889399141,1.0,0.8183722889399141,1.0,0,0
Affine-DDPNM-9,15.200000000000001,0.8222406687682837,0.8413028349733068,0.8413028349733185,0.8413028349733068,0.013786647130207275,-0.0012135476673621796,0.012573099462849083,-1.2576889196432885e-15,4.5612573810184906e-14,0.0,-3.3306690738754696e-16,0.8207300432997456,1.0,0.8207300432997456,1.0,0,0
Affine-DDPNM-9,15.3,0.8245482291832367,0.8426636025964271,0.8426636025964388,0.8426636025964271,0.01360767623120318,-0.0011977941377128054,0.012409882093490275,-1.2634534023658276e-15,4.6424289529635535e-14,0.0,-2.220446049250313e-16,0.8230571925638209,1.0,0.8230571925638209,1.0,0,0
Affine-DDPNM-9,15.4,0.8268258347333356,0.8440067054670057,0.8440067054670173,0.8440067054670057,0.013431028705785941,-0.0011822451084211286,0.012248783597363987,-7.603454778499271e-16,2.8305556279631876e-14,0.0,1.1102230246251565e-16,0.8253541339015628,1.0,0.8253541339015628,1.0,0,0
Affine-DDPNM-9,15.5,0.8290738742283081,0.8453323729055411,0.8453323729055526,0.8453323729055411,0.013256674385353495,-0.0011668979250356358,0.012089776460317819,-8.945417547163732e-16,3.373929722920177e-14,0.0,2.220446049250313e-16,0.8276212593359402,1.0,0.8276212593359402,1.0,0,0
Affine-DDPNM-9,15.600000000000001,0.8312927314349502,0.8466408312549144,0.8466408312549262,0.8466408312549144,0.013084583493733204,-0.0011517499675401414,0.011932833526195123,-1.502313728876225e-15,5.740777800056197e-14,0.0,0.0,0.8298589558095332,1.0,0.8298589558095332,1.0,0,0
Affine-DDPNM-9,15.700000000000001,0.8334827851421668,0.8479323039191154,0.8479323039191273,0.8479323039191154,0.012914726642010432,-0.001136798649906734,0.01177792799210496,-9.007263657807504e-16,3.487206468818029e-14,0.0,1.1102230246251565e-16,0.8320676052498,1.0,0.8320676052498,1.0,0,0
Affine-DDPNM-9,15.8,0.8356444092252127,0.8492070114014574,0.8492070114014694,0.8492070114014574,0.012747074823419302,-0.0011220414196585864,0.011625033403761413,-6.526456621230164e-16,2.559982078884242e-14,0.0,-1.1102230246251565e-16,0.8342475846335698,1.0,0.8342475846335698,1.0,0,0
Affine-DDPNM-9,15.9,0.837777972709138,0.8504651713422899,0.850465171342302,0.8504651713422899,0.012581599408325594,-0.0011074757574350753,0.011474123650891427,-9.867925365183126e-16,3.921570320643371e-14,0.0,1.1102230246251565e-16,0.8363992660507237,1.0,0.8363992660507237,1.0,0,0
Affine-DDPNM-9,16.0,0.8398838398314394,0.8517069985562172,0.8517069985562293,0.8517069985562172,0.012418272139272934,-0.0010930991765647283,0.011325172962708505,-1.0896354653256671e-15,4.3872265525558455e-14,0.0,1.1102230246251565e-16,0.838523016767132,1.0,0.838523016767132,1.0,0,0
Affine-DDPNM-9,16.1,0.8419623701039333,0.8529327050688265,0.8529327050688387,0.8529327050688265,0.01225706512609226,-0.0010789092226417213,0.011178155903451916,-1.1567717202415166e-15,4.718795683719469e-14,0.0,0.0,0.8406191992867852,1.0,0.8406191992867852,1.0,0,0
Affine-DDPNM-9,16.2,0.8440139183738481,0.8541425001529361,0.8541425001529483,0.8541425001529361,0.012097950841096772,-0.0010649034731089824,0.011033047367988253,-8.651797811162765e-16,3.5757286191692966e-14,0.0,0.0,0.8426881714131783,1.0,0.8426881714131783,1.0,0,0
Affine-DDPNM-9,16.3,0.8460388348841519,0.8553365903643682,0.8553365903643805,0.8553365903643682,0.011940902114320195,-0.0010510795368457852,0.010889822577475967,-1.152081275296096e-15,4.8240964722187146e-14,0.0,0.0,0.8447302863099223,1.0,0.8447302863099223,1.0,0,0
Affine-DDPNM-9,16.400000000000002,0.8480374653331176,0.856515179577253,0.8565151795772656,0.856515179577253,0.011785892128848285,-0.001037435053760733,0.010748457075090336,-8.26055752799074e-16,3.504426070458607e-14,0.0,-2.220446049250313e-16,0.8467458925606118,1.0,0.8467458925606118,1.0,0,0
Affine-DDPNM-9,16.5,0.8500101509331335,0.8576784690188727,0.8576784690188853,0.8576784690188727,0.01163289441619697,-0.0010239676943898644,0.010608926721807434,-1.2186991460482258e-15,5.238159577685852e-14,0.0,-1.1102230246251565e-16,0.8487353342279412,1.0,0.8487353342279412,1.0,0,0
Affine-DDPNM-9,16.6,0.8519572284687708,0.8588266573040474,0.8588266573040602,0.8588266573040474,0.011481882851747116,-0.001010675159500589,0.010471207692247185,-9.77740295411006e-16,4.2577524437213804e-14,0.0,-1.1102230246251565e-16,0.8506989509120788,1.0,0.8506989509120788,1.0,0,0
Affine-DDPNM-9,16.7,0.8538790303541114,0.8599599404690745,0.8599599404690873,0.8599599404690745,0.011332831650271435,-0.0009975551796992796,0.010335276470572597,-1.6406223507015906e-15,7.238360196863348e-14,0.0,0.0,0.852637077808306,1.0,0.852637077808306,1.0,0,0
Affine-DDPNM-9,16.8,0.8557758846893478,0.8610785120052237,0.8610785120052366,0.8610785120052237,0.011185715361491377,-0.0009846055150459754,0.010201109846446394,-1.3728968354146612e-15,6.136830730294722e-14,0.0,1.1102230246251565e-16,0.8545500457639438,1.0,0.8545500457639438,1.0,0,0
Affine-DDPNM-9,16.900000000000002,0.85764811531666,0.8621825628917946,0.8621825628918077,0.8621825628917946,0.011040508865709509,-0.0009718239546707987,0.01006868491104125,-9.919280972775155e-16,4.4922209172722584e-14,0.0,-1.1102230246251565e-16,0.8564381813345426,1.0,0.8564381813345426,1.0,0,0
Affine-DDPNM-9,17.0,0.8594960418753791,0.863272281628745,0.8632722816287582,0.863272281628745,0.010897187369504069,-0.000959208316399454,0.009937979053105542,-1.2652995106743684e-15,5.805624276110333e-14,0.0,0.0,0.858301806839381,1.0,0.858301806839381,1.0,0,0
Affine-DDPNM-9,17.1,0.8613199798564467,0.8643478542688909,0.8643478542689043,0.8643478542688909,0.010755726401459054,-0.0009467564463790071,0.009808969955081202,-1.1772669529497553e-15,5.472744977921675e-14,0.0,-1.1102230246251565e-16,0.8601412404162462,1.0,0.8601412404162462,1.0,0,0
Affine-DDPNM-9,17.2,0.863120240656176,0.8654094644496897,0.865409464449703,0.8654094644496897,0.010616101807987555,-0.0009344662187127113,0.009681635589274873,-1.247004022530149e-15,5.873172870252157e-14,0.0,0.0,0.8619567960755269,1.0,0.8619567960755269,1.0,0,0
Affine-DDPNM-9,17.3,0.8648971316293221,0.866457293424607,0.8664572934246206,0.866457293424607,0.010478289749172864,-0.0009223355350964167,0.009555954214079395,-1.718515500531096e-15,8.200362567118887e-14,0.0,-1.1102230246251565e-16,0.8637487837536112,1.0,0.8637487837536112,1.0,0,0
Affine-DDPNM-9,17.400000000000002,0.8666509561414759,0.8674915200940777,0.8674915200940914,0.8674915200940777,0.01034226669470728,-0.0009103623244611165,0.009431904370246292,-1.2108026813974476e-15,5.85366205078175e-14,0.0,-1.1102230246251565e-16,0.8655175093656259,1.0,0.8655175093656259,1.0,0,0
Affine-DDPNM-9,17.5,0.8683820136207797,0.8685123210360604,0.8685123210360741,0.8685123210360604,0.01020800941982647,-0.0008985445426189882,0.009309464877208466,-9.223574696712571e-16,4.517812590767046e-14,0.0,0.0,0.8672632748574723,1.0,0.8672632748574723,1.0,0,0
Affine-DDPNM-9,17.6,0.8700905996089803,0.8695198705361971,0.8695198705362109,0.8695198705361971,0.010075495001367063,-0.0008868801719167721,0.009188614829451394,-1.2319577527715973e-15,6.11363388401451e-14,0.0,1.1102230246251565e-16,0.8689863782572205,1.0,0.8689863782572205,1.0,0,0
Affine-DDPNM-9,17.7,0.8717770058118264,0.8705143406175793,0.8705143406175931,0.8705143406175793,0.009944700813822038,-0.0008753672208892962,0.009069333592932697,-9.992477324912135e-16,5.024021090219082e-14,0.0,1.1102230246251565e-16,0.8706871137258425,1.0,0.8706871137258425,1.0,0,0
Affine-DDPNM-9,17.8,0.8734415201488135,0.871495901070126,0.8714959010701402,0.871495901070126,0.009815604525467148,-0.0008640037239215992,0.00895160080154869,-1.4911964214435122e-15,7.596049828486259e-14,0.0,0.0,0.87236577160729,1.0,0.87236577160729,1.0,0,0
Affine-DDPNM-9,17.900000000000002,0.8750844268022914,0.8724647194795819,0.8724647194795963,0.8724647194795819,0.009688184094559515,-0.000852787740912343,0.008835396353648536,-9.006738497380207e-16,4.648310978337718e-14,0.0,-2.220446049250313e-16,0.8740226384779354,1.0,0.8740226384779354,1.0,0,0
Affine-DDPNM-9,18.0,0.8767060062659359,0.8734209612561358,0.87342096125615,0.8734209612561358,0.009562417765538456,-0.0008417173569433222,0.008720700408594278,-4.244126344853452e-16,2.2191701141466793e-14,0.0,1.1102230246251565e-16,0.8756579971953811,1.0,0.8756579971953811,1.0,0,0
Affine-DDPNM-9,18.1,0.878306535392596,0.8743647896626674,0.8743647896626818,0.8743647896626674,0.009438284065316216,-0.0008307906819532388,0.008607493383365326,-1.1611424102493488e-15,6.151236825537852e-14,0.0,-2.220446049250313e-16,0.8772721269466373,1.0,0.8772721269466373,1.0,0,0
Affine-DDPNM-9,18.2,0.8798862874415239,0.8752963658426296,0.8752963658426441,0.8752963658426296,0.009315761799622013,-0.0008200058504142255,0.008495755949208919,-1.1272136585141306e-15,6.050034783842362e-14,0.0,-2.220446049250313e-16,0.8788653032956861,1.0,0.8788653032956861,1.0,0,0
Affine-DDPNM-9,18.3,0.8814455321249942,0.8762158488475644,0.876215848847579,0.8762158488475644,0.00919483004934829,-0.0008093610210141858,0.00838546902833422,-1.4258169128602682e-15,7.753361971933989e-14,0.0,-2.220446049250313e-16,0.8804377982304292,1.0,0.8804377982304292,1.0,0,0
Affine-DDPNM-9,18.400000000000002,0.8829845356543212,0.8771233956642634,0.8771233956642782,0.8771233956642634,0.00907546816699023,-0.0007988543763427776,0.008276613790649173,-1.128269485082883e-15,6.216040122241722e-14,0.0,-1.1102230246251565e-16,0.8819898802090443,1.0,0.8819898802090443,1.0,0,0
Affine-DDPNM-9,18.5,0.8845035607852813,0.8780191612415755,0.8780191612415903,0.8780191612415755,0.008957655773120798,-0.0007884841225800515,0.008169171650541224,-1.3030958148467497e-15,7.273643059364422e-14,0.0,0.0,0.8835218142057204,1.0,0.8835218142057204,1.0,0,0
Affine-DDPNM-9,18.6,0.8860028668629478,0.8789032985168646,0.8789032985168795,0.8789032985168646,0.008841372752890209,-0.0007782484891921378,0.008063124263699883,-1.3597771420946394e-15,7.689853035830858e-14,0.0,0.0,0.8850338617558363,1.0,0.8850338617558363,1.0,0,0
Affine-DDPNM-9,18.7,0.8874827098659467,0.8797759584421254,0.8797759584421404,0.8797759584421254,0.008726599252608658,-0.0007681457286278135,0.007958453523980318,-1.3875644814457903e-15,7.950201683840616e-14,0.0,2.220446049250313e-16,0.886526281000527,1.0,0.886526281000527,1.0,0,0
Affine-DDPNM-9,18.8,0.8889433424501377,0.8806372900097582,0.8806372900097733,0.8806372900097582,0.008613315676327948,-0.0007581741160201014,0.007855141560309163,-1.3486191770804585e-15,7.828687742089712e-14,0.0,2.220446049250313e-16,0.8879993267306999,1.0,0.8879993267306999,1.0,0,0
Affine-DDPNM-9,18.900000000000002,0.8903850139917336,0.8814874402780104,0.8814874402780256,0.8814874402780104,0.008501502682521922,-0.0007483319488934448,0.007753170733629707,-1.0699025622699573e-15,6.292432068918077e-14,0.0,0.0,0.8894532504304719,1.0,0.8894532504304719,1.0,0,0
Affine-DDPNM-9,19.0,0.8918079706298572,0.8823265543960861,0.8823265543961014,0.8823265543960861,0.0083911411807569,-0.0007386175468707921,0.007652523633887675,-9.630794256434549e-16,5.738667750293368e-14,0.0,0.0,0.8908883003200381,1.0,0.8908883003200381,1.0,0,0
Affine-DDPNM-9,19.1,0.8932124553085504,0.8831547756289304,0.883154775628946,0.8831547756289304,0.008282212328443173,-0.0007290292513889548,0.007553183077056292,-1.1436952256018047e-15,6.904527318588104e-14,0.0,0.0,0.8923047213980084,1.0,0.8923047213980084,1.0,0,0
Affine-DDPNM-9,19.200000000000003,0.8945987078182376,0.8839722453816918,0.8839722453817074,0.8839722453816918,0.008174697527614239,-0.0007195654254138514,0.007455132102199969,-1.3377623322790265e-15,8.182335357119216e-14,0.0,2.220446049250313e-16,0.8937027554831793,1.0,0.8937027554831793,1.0,0,0
Affine-DDPNM-9,19.3,0.8959669648366523,0.8847791032238657,0.8847791032238813,0.8847791032238657,0.008068578421738248,-0.0007102244531625463,0.0073583539685763664,-6.245241682741737e-16,3.870100379712266e-14,0.0,1.1102230246251565e-16,0.8950826412557764,1.0,0.8950826412557764,1.0,0,0
Affine-DDPNM-9,19.400000000000002,0.8973174599692345,0.8855754869131256,0.8855754869131416,0.8855754869131256,0.007963836892599385,-0.0007010047398262513,0.0072628321527764125,-1.377647419699337e-15,8.649394998152651e-14,0.0,-2.220446049250313e-16,0.8964446142981612,1.0,0.8964446142981612,1.0,0,0
Affine-DDPNM-9,19.5,0.8986504237890027,0.8863615324188456,0.8863615324188616,0.8863615324188456,0.007860455057200344,-0.0006919047112987418,0.007168550345901851,-1.5769640130671673e-15,1.0030996943507803e-13,0.0,0.0,0.8977889071350057,1.0,0.8977889071350057,1.0,0,0
Affine-DDPNM-9,19.6,0.8999660838759104,0.8871373739453139,0.8871373739453302,0.8871373739453139,0.007758415264682572,-0.0006829228139069816,0.00707549245077859,-9.672061701624778e-16,6.233271468241415e-14,0.0,-4.440892098500626e-16,0.8991157492729601,1.0,0.8991157492729601,1.0,0,0
Affine-DDPNM-9,19.700000000000003,0.9012646648556926,0.8879031439546494,0.8879031439546657,0.8879031439546494,0.007657700093355313,-0.0006740575141474094,0.006983642579207545,-1.558300489107366e-15,1.0174729162216475e-13,0.0,0.0,0.9004253672397954,1.0,0.9004253672397954,1.0,0,0
Affine-DDPNM-9,19.8,0.9025463884382082,0.8886589731894166,0.888658973189433,0.8886589731894166,0.007558292347671358,-0.0006653072984221294,0.006892985049250526,-1.390239835009693e-15,9.196785272786479e-14,0.0,0.0,0.9017179846230566,1.0,0.9017179846230566,1.0,0,0
Affine-DDPNM-9,19.900000000000002,0.9038114734552862,0.8894049906949498,0.8894049906949664,0.8894049906949498,0.007460175055332696,-0.0006566706727820907,0.006803504382552063,-1.7438320447751062e-15,1.1687608077831945e-13,0.0,-1.1102230246251565e-16,0.9029938221081893,1.0,0.9029938221081893,1.0,0,0
Affine-DDPNM-9,20.0,0.9050601358980789,0.8901413238413866,0.890141323841403,0.8901413238413866,0.007363331464367295,-0.0006481461626714651,0.006715185301695259,-8.646355624476656e-16,5.871225318538571e-14,0.0,0.0,0.9042530975162022,1.0,0.9042530975162022,1.0,0,0
Affine-DDPNM-9,20.1,0.9062925889539334,0.890868098345413,0.8908680983454298,0.890868098345413,0.007267745040264728,-0.0006397323126751695,0.006628012727592815,-1.3757178786454917e-15,9.464544167574932e-14,0.0,-2.220446049250313e-16,0.9054960258408238,1.0,0.9054960258408238,1.0,0,0
Affine-DDPNM-9,20.200000000000003,0.907509043042784,0.8915854382917315,0.8915854382917482,0.8915854382917315,0.007173399463185071,-0.0006314276862725834,0.00654197177691169,-9.600457771428636e-16,6.691707202909942e-14,0.0,0.0,0.9067228192851762,1.0,0.9067228192851762,1.0,0,0
Affine-DDPNM-9,20.3,0.9087097058530721,0.8922934661542434,0.8922934661542603,0.8922934661542434,0.007080278625118952,-0.0006232308655900647,0.00645704775953127,-9.40032082665139e-16,6.638383405774428e-14,0.0,0.0,0.9079336872979966,1.0,0.9079336872979966,1.0,0,0
Affine-DDPNM-9,20.400000000000002,0.9098947823772002,0.8929923028169628,0.8929923028169797,0.8929923028169628,0.006988366627194154,-0.0006151404511596432,0.00637322617603471,-1.087508142078638e-15,7.780846370071311e-14,0.0,1.1102230246251565e-16,0.9091288366093616,1.0,0.9091288366093616,1.0,0,0
Affine-DDPNM-9,20.5,0.9110644749465271,0.8936820675946541,0.8936820675946711,0.8936820675946541,0.0068976477769122635,-0.0006071550616806071,0.006290492715232786,-1.2304140352252264e-15,8.919084266259253e-14,0.0,1.1102230246251565e-16,0.9103084712659661,1.0,0.9103084712659661,1.0,0,0
Affine-DDPNM-9,20.6,0.9122189832659078,0.8943628782532043,0.8943628782532214,0.8943628782532043,0.006808106585501905,-0.0005992733337833304,0.006208833251719592,-1.3608160280044468e-15,9.994085807221712e-14,0.0,-1.1102230246251565e-16,0.9114727926659416,1.0,0.9114727926659416,1.0,0,0
Affine-DDPNM-9,20.700000000000003,0.9133585044477864,0.8950348510297299,0.8950348510297471,0.8950348510297299,0.0067197277652564225,-0.0005914939217961223,0.006128233843461157,-1.1799533179419723e-15,8.779770246368533e-14,0.0,0.0,0.9126219995932263,1.0,0.9126219995932263,1.0,0,0
Affine-DDPNM-9,20.8,0.9144832330458462,0.8956981006524228,0.8956981006524402,0.8956981006524228,0.006632496226929296,-0.0005838154975159799,0.006048680729414007,-1.206329076886524e-15,9.094080385515467e-14,0.0,0.0,0.9137562882514749,1.0,0.9137562882514749,1.0,0,0
Affine-DDPNM-9,20.900000000000002,0.9155933610882228,0.8963527403601381,0.8963527403601559,0.8963527403601381,0.006546397077152877,-0.0005762367499817409,0.0059701603271754295,-1.1398632485484263e-15,8.706035053435802e-14,0.0,-4.440892098500626e-16,0.9148758522975584,1.0,0.9148758522975584,1.0,0,0
Affine-DDPNM-9,21.0,0.9166890781102871,0.8969988819217297,0.8969988819217474,0.8969988819217297,0.006461415615915955,-0.0005687563852506505,0.005892659230664544,-7.011226282438009e-16,5.4254568187566795e-14,0.0,0.0,0.9159808828745978,1.0,0.9159808828745978,1.0,0,0
Affine-DDPNM-9,21.1,0.917770571187003,0.8976366356551305,0.8976366356551483,0.8976366356551305,0.006377537334008032,-0.0005613731261764697,0.005816164207832655,-1.1903896108850925e-15,9.332674577514996e-14,0.0,-1.1102230246251565e-16,0.9170715686445892,1.0,0.9170715686445892,1.0,0,0
Affine-DDPNM-9,21.200000000000003,0.9188380249648637,0.89826611044619,0.8982661104462079,0.89826611044619,0.006294747910594589,-0.0005540857121920355,0.0057406621984038425,-5.876519770472467e-16,4.667795957786641e-14,0.0,-2.220446049250313e-16,0.9181480958206065,1.0,0.9181480958206065,1.0,0,0
Affine-DDPNM-9,21.3,0.9198916216934152,0.898887413767264,0.8988874137672818,0.898887413767264,0.006213033210740182,-0.0005468928990942251,0.005666140311645361,-1.071645332558933e-15,8.624171931887318e-14,0.0,0.0,0.919210648198572,1.0,0.919210648198572,1.0,0,0
Affine-DDPNM-9,21.400000000000002,0.9209315412563713,0.8995006516955637,0.8995006516955815,0.8995006516955637,0.006132379282997036,-0.0005397934588315964,0.0055925858241659306,-9.458893154954025e-16,7.71225385649244e-14,0.0,0.0,0.9202594071886331,1.0,0.9202594071886331,1.0,0,0
Affine-DDPNM-9,21.5,0.9219579612023223,0.9001059289312672,0.9001059289312853,0.9001059289312672,0.006052772357034719,-0.0005327861792940149,0.005519986177743586,-1.1049443152978677e-15,9.127588567025855e-14,0.0,-2.220446049250313e-16,0.9212945518461181,1.0,0.9212945518461181,1.0,0,0
Affine-DDPNM-9,21.6,0.922971056775047,0.9007033488153959,0.900703348815414,0.9007033488153959,0.005974198841287581,-0.0005258698641062191,0.005448328977181409,-9.386120319290672e-16,7.855547303199322e-14,0.0,0.0,0.9223162589020988,1.0,0.9223162589020988,1.0,0,0
Affine-DDPNM-9,21.700000000000003,0.9239710009434314,0.9012930133474573,0.9012930133474755,0.9012930133474573,0.005896645320613292,-0.0005190433324236184,0.005377601988190827,-1.3148081629249086e-15,1.1148781141105083e-13,0.0,1.1102230246251565e-16,0.9233247027935584,1.0,0.9233247027935584,1.0,0,0
Affine-DDPNM-9,21.8,0.9249579644309989,0.9018750232028605,0.9018750232028788,0.9018750232028605,0.005820098554032427,-0.0005123054187309243,0.0053077931353029415,-1.1374788508019054e-15,9.771989599846794e-14,0.0,0.0,0.9243200556931572,1.0,0.9243200556931572,1.0,0,0
Affine-DDPNM-9,21.900000000000002,0.9259321157450562,0.9024494777501053,0.9024494777501236,0.9024494777501053,0.0057445454724480705,-0.0005056549726421861,0.005238890499806399,-7.100406146289678e-16,6.180128767666873e-14,0.0,2.220446049250313e-16,0.925302487538622,1.0,0.925302487538622,1.0,0,0
Affine-DDPNM-9,22.0,0.9268936212054623,0.9030164750677472,0.9030164750677655,0.9030164750677472,0.005669973176418708,-0.0004990908587055938,0.0051708823177127,-1.1036386140096752e-15,9.732308951651871e-14,0.0,2.220446049250313e-16,0.9262721660617568,1.0,0.9262721660617568,1.0,0,0
Affine-DDPNM-9,22.1,0.9278426449730237,0.9035761119611425,0.903576111961161,0.9035761119611425,0.005596368933953322,-0.0004926119562085644,0.005103756977747403,-8.290822015196136e-16,7.407322598849349e-14,0.0,0.0,0.9272292568170699,1.0,0.9272292568170699,1.0,0,0
Affine-DDPNM-9,22.200000000000003,0.9287793490775215,0.9041284839789782,0.9041284839789965,0.9041284839789782,0.0055237201783564505,-0.0004862171589870396,0.005037503019367499,-1.151863164312178e-15,1.0426516252811951e-13,0.0,3.3306690738754696e-16,0.9281739232100268,1.0,0.9281739232100268,1.0,0,0
Affine-DDPNM-9,22.3,0.9297038934453725,0.904673685429582,0.9046736854296006,0.904673685429582,0.005452014506038827,-0.0004799053752368326,0.0049721091308047236,-1.2996547434985291e-15,1.191903233253199e-13,0.0,0.0,0.929106326524951,1.0,0.929106326524951,1.0,0,0
Affine-DDPNM-9,22.400000000000002,0.9306164359269352,0.9052118093970279,0.9052118093970467,0.9052118093970279,0.005381239674459026,-0.0004736755273268003,0.004907564147134225,-8.558713125424253e-16,7.952361949278043e-14,0.0,-1.1102230246251565e-16,0.9300266259525485,1.0,0.9300266259525485,1.0,0,0
Affine-DDPNM-9,22.5,0.9315171323234577,0.905742947757026,0.905742947757045,0.905742947757026,0.005311383599980735,-0.00046752655161424865,0.004843857048368292,-1.8396585761638797e-15,1.7318072979799838e-13,0.0,-2.220446049250313e-16,0.9309349786170832,1.0,0.9309349786170832,1.0,0,0
Affine-DDPNM-9,22.6,0.9324061364136776,0.90626719119261,0.906267191192629,0.90626719119261,0.005242434355839931,-0.0004614573982650058,0.004780976957574621,-1.438921783103713e-15,1.3723793999450223e-13,0.0,1.1102230246251565e-16,0.9318315396031989,1.0,0.9318315396031989,1.0,0,0
Affine-DDPNM-9,22.700000000000003,0.9332835999800776,0.9067846292096191,0.9067846292096382,0.9067846292096191,0.005174380170090975,-0.000455467031072371,0.004718913139019249,-1.3783089524311426e-15,1.3318589928876674e-13,0.0,2.220446049250313e-16,0.9327164619823907,1.0,0.9327164619823907,1.0,0,0
Affine-DDPNM-9,22.8,0.9341496728347969,0.9072953501519803,0.9072953501519998,0.9072953501519803,0.005107209423611536,-0.00044955442728153504,0.004657654996333925,-1.3522825945773333e-15,1.3238957740062226e-13,0.0,0.0,0.9335898968391294,1.0,0.9335898968391294,1.0,0,0
Affine-DDPNM-9,22.900000000000002,0.9350045028452109,0.9077994412167925,0.9077994412168119,0.9077994412167925,0.0050409106481219546,-0.0004437185774142905,0.004597192070706293,-8.627979244685974e-16,8.5579569317516e-14,0.0,0.0,0.9344519932966656,1.0,0.9344519932966656,1.0,0,0
Affine-DDPNM-9,23.0,0.9358482359591742,0.9082969884692114,0.908296988469231,0.9082969884692114,0.004975472524189062,-0.0004379584850968644,0.0045375140390945656,-6.702681825906422e-16,6.735723886845579e-14,0.0,-1.1102230246251565e-16,0.9353028985424697,1.0,0.9353028985424697,1.0,0,0
Affine-DDPNM-9,23.1,0.9366810162299399,0.9087880768571467,0.9087880768571666,0.9087880768571467,0.004910883879353234,-0.00043227316689007766,0.004478610712465076,-1.2686635020243888e-15,1.2916855022351137e-13,0.0,-2.220446049250313e-16,0.9361427578533695,1.0,0.9361427578533695,1.0,0,0
Affine-DDPNM-9,23.200000000000003,0.9375029858407531,0.9092727902257639,0.9092727902257839,0.9092727902257639,0.004847133686172178,-0.0004266616521204597,0.004420472034052277,-1.555857222571011e-15,1.6049250168294769e-13,0.0,-1.1102230246251565e-16,0.9369717146203401,1.0,0.9369717146203401,1.0,0,0
Affine-DDPNM-9,23.3,0.9383142851291256,0.9097512113317994,0.9097512113318197,0.9097512113317994,0.004784211060354648,-0.0004211229827159777,0.004363088077642056,-1.484367641822748e-15,1.5513191444695462e-13,0.0,-2.220446049250313e-16,0.9377899103729975,1.0,0.9377899103729975,1.0,0,0
Affine-DDPNM-9,23.400000000000002,0.9391150526107965,0.9102234218576912,0.9102234218577115,0.9102234218576912,0.004722105258918585,-0.0004156562130415314,0.004306449045876738,-1.4620796638816456e-15,1.5481226949783486e-13,0.0,0.0,0.9385974848037371,1.0,0.9385974848037371,1.0,0,0
Affine-DDPNM-9,23.5,0.9399054250033801,0.910689502425523,0.9106895024255435,0.910689502425523,0.0046608056783181695,-0.0004102604097368215,0.004250545268582099,-1.1865720333918174e-15,1.2729258794371052e-13,0.0,-1.1102230246251565e-16,0.9393945757916008,1.0,0.9393945757916008,1.0,0,0
Affine-DDPNM-9,23.6,0.9406855372497079,0.9111495326107906,0.9111495326108111,0.9111495326107906,0.004600301852675237,-0.00040493465155953573,0.004195367201117133,-1.0783000469090365e-15,1.171988362330832e-13,0.0,0.0,0.9401813194258005,1.0,0.9401813194258005,1.0,0,0
Affine-DDPNM-9,23.700000000000003,0.9414555225408686,0.9116035909559874,0.911603590956008,0.9116035909559874,0.004540583451968505,-0.0003996780292248364,0.004140905422743533,-1.1056748812148746e-15,1.2175471422461595e-13,0.0,0.0,0.9409578500289586,1.0,0.9409578500289586,1.0,0,0
Affine-DDPNM-9,23.8,0.9422155123389465,0.9120517549840144,0.912051754984035,0.9120517549840144,0.004481640280269428,-0.00039448964525245654,0.0040871506350177965,-6.851662215834244e-16,7.644145655775059e-14,0.0,0.0,0.9417243001800373,1.0,0.9417243001800373,1.0,0,0
Affine-DDPNM-9,23.900000000000002,0.9429656363994667,0.912494101211416,0.9124941012114366,0.912494101211416,0.004423462274016909,-0.0003893686138124813,0.0040340936602034924,-8.454333255334106e-16,9.556239809023725e-14,0.0,1.1102230246251565e-16,0.9424808007369662,1.0,0.9424808007369662,1.0,0,0
Affine-DDPNM-9,24.0,0.9437060227935488,0.9129307051614435,0.9129307051614645,0.9129307051614435,0.004366039500274255,-0.0003843140605740696,0.003981725439704081,-1.4706956830211164e-15,1.6842445916122354e-13,0.0,0.0,0.9432274808589877,1.0,0.9432274808589877,1.0,0,0
Affine-DDPNM-9,24.1,0.9444367979297716,0.9133616413769508,0.9133616413769718,0.9133616413769508,0.004309362155072716,-0.0003793251225570459,0.003930037032516605,-8.878328302576455e-16,1.0301209300922261e-13,0.0,-2.220446049250313e-16,0.9439644680287079,1.0,0.9439644680287079,1.0,0,0
Affine-DDPNM-9,24.200000000000003,0.9451580865757562,0.9137869834331195,0.9137869834331407,0.9137869834331195,0.0042534205616873155,-0.0003744009479830059,0.0038790196137052715,-1.0260525136235495e-15,1.2061498489775515e-13,0.0,1.1102230246251565e-16,0.9446918880738525,1.0,0.9446918880738525,1.0,0,0
Affine-DDPNM-9,24.3,0.9458700118794668,0.9142068039500221,0.9142068039500433,0.9142068039500221,0.004198205169025915,-0.00036954069613198345,0.003828664472894021,-1.1061072915344479e-15,1.3173573551088257e-13,0.0,1.1102230246251565e-16,0.9454098651887523,1.0,0.9454098651887523,1.0,0,0
Affine-DDPNM-9,24.400000000000002,0.9465726953902369,0.9146211746050195,0.914621174605041,0.9146211746050195,0.004143706549973869,-0.0003647435371964057,0.003778963012780278,-1.2264655911416004e-15,1.4799136670874028e-13,0.0,-2.220446049250313e-16,0.9461185219555487,1.0,0.9461185219555487,1.0,0,0
Affine-DDPNM-9,24.5,0.9472662570795204,0.9150301661450002,0.9150301661450219,0.9150301661450002,0.00408991539980752,-0.00036000865214195436,0.0037299067476664212,-1.2436074204116594e-15,1.5203339175060394e-13,0.0,-1.1102230246251565e-16,0.9468179793651137,1.0,0.9468179793651137,1.0,0,0
Affine-DDPNM-9,24.6,0.9479508153613749,0.9154338483984578,0.9154338483984796,0.9154338483984578,0.0040368225345754905,-0.00035533523256578697,0.0036814873020114044,-8.131592526606536e-16,1.0071773600347205e-13,0.0,-1.1102230246251565e-16,0.9475083568377115,1.0,0.9475083568377115,1.0,0,0
Affine-DDPNM-9,24.700000000000003,0.9486264871126803,0.9158322902874136,0.9158322902874356,0.9158322902874136,0.003984418889558805,-0.000350722480559532,0.0036336964090003523,-1.5641767801789427e-15,1.9628668866590133e-13,0.0,0.0,0.9481897722433815,1.0,0.9481897722433815,1.0,0,0
Affine-DDPNM-9,24.8,0.9492933876930902,0.916225559839184,0.9162255598392063,0.916225559839184,0.003932695517703255,-0.00034616960857285716,0.003586525909133441,-1.5079244751188374e-15,1.9171640269762117e-13,0.0,-2.220446049250313e-16,0.9488623419220682,1.0,0.9488623419220682,1.0,0,0
Affine-DDPNM-9,24.900000000000002,0.9499516309647312,0.9166137241979951,0.9166137241980173,0.9166137241979951,0.003881643588111716,-0.00034167583927821425,0.0035399677488328965,-1.303436322091546e-15,1.6789747596658196e-13,0.0,-1.1102230246251565e-16,0.9495261807034695,1.0,0.9495261807034695,1.0,0,0
Affine-DDPNM-9,25.0,0.9506013293116399,0.9169968496364458,0.9169968496364681,0.9169968496364458,0.0038312543845064884,-0.0003372404054404317,0.0034940139790675035,-1.5018317671292372e-15,1.959973962055782e-13,0.0,0.0,0.9501814019266558,1.0,0.9501814019266558,1.0,0,0
Affine-DDPNM-9,25.1,0.9512425936589519,0.9173750015668236,0.9173750015668459,0.9173750015668236,0.0037815193037782358,-0.00033286254978253976,0.0034486567539959434,-6.675246428744855e-16,8.82614353188041e-14,0.0,-1.1102230246251565e-16,0.9508281174594111,1.0,0.9508281174594111,1.0,0,0
Affine-DDPNM-9,25.200000000000003,0.95187553349184,0.917748244552272,0.9177482445522945,0.917748244552272,0.003732429854483854,-0.000328541524858827,0.0034038883296270287,-1.1195831622087902e-15,1.4998046927305396e-13,0.0,-1.1102230246251565e-16,0.9514664377173367,1.0,0.9514664377173367,1.0,0,0
Affine-DDPNM-9,25.3,0.9525002568742066,0.9181166423178142,0.918116642317837,0.9181166423178142,0.003683977655422055,-0.0003242765929265248,0.003359701062497251,-1.4414688111761068e-15,1.9564027608232443e-13,0.0,-2.220446049250313e-16,0.9520964716826885,1.0,0.9520964716826885,1.0,0,0
Affine-DDPNM-9,25.400000000000002,0.9531168704671333,0.9184802577612328,0.9184802577612555,0.9184802577612328,0.0036361544341856344,-0.0003200670258192372,0.0033160874083663625,-7.106195616484162e-16,9.771581137581307e-14,0.0,0.0,0.9527183269230031,1.0,0.9527183269230031,1.0,0,0
Affine-DDPNM-9,25.5,0.9537254795470934,0.918839152963808,0.9188391529638308,0.918839152963808,0.003588952025752601,-0.00031591210482407217,0.003273039920928902,-5.795060611935021e-16,8.073471824577398e-14,0.0,1.1102230246251565e-16,0.9533321096094463,1.0,0.9533321096094463,1.0,0,0
Affine-DDPNM-9,25.6,0.9543261880239231,0.919193389200918,0.9191933892009408,0.919193389200918,0.0035423623710995056,-0.000311811120557309,0.0032305512505431183,-1.3958277113627297e-15,1.9701932850665706e-13,0.0,-1.1102230246251565e-16,0.953937924534945,1.0,0.953937924534945,1.0,0,0
Affine-DDPNM-9,25.700000000000003,0.9549190984585648,0.9195430269524998,0.9195430269525229,0.9195430269524998,0.0034963775158181054,-0.00030776337284428123,0.003188614142975558,-1.1359101457835905e-15,1.6244100367370099e-13,0.0,-2.220446049250313e-16,0.954535875132079,1.0,0.954535875132079,1.0,0,0
Affine-DDPNM-9,25.8,0.9555043120805756,0.919888125913376,0.9198881259133992,0.919888125913376,0.0034509896087620007,-0.0003037681705992684,0.003147221438163591,-1.35344048861623e-15,1.9609454708001735e-13,0.0,0.0,0.9551260634907391,1.0,0.9551260634907391,1.0,0,0
Affine-DDPNM-9,25.900000000000002,0.956081928805412,0.9202287450034461,0.9202287450034693,0.9202287450034461,0.003406190900701045,-0.000299824831708635,0.0031063660689919148,-8.649328710121518e-16,1.2696482613969149e-13,0.0,1.1102230246251565e-16,0.9557085903755508,1.0,0.9557085903755508,1.0,0,0
Affine-DDPNM-9,26.0,0.9566520472514878,0.9205649423777457,0.9205649423777692,0.9205649423777457,0.0033619737429957386,-0.0002959326829126911,0.0030660410600864877,-1.6701910003408173e-15,2.4839441471242924e-13,0.0,-1.1102230246251565e-16,0.9562835552430863,1.0,0.9562835552430863,1.0,0,0
Affine-DDPNM-9,26.1,0.9572147647570123,0.9208967754363773,0.9208967754364007,0.9208967754363773,0.0033183305863160317,-0.00029209105969207763,0.003026239526623349,-1.429981350345444e-15,2.1546698153620695e-13,0.0,1.1102230246251565e-16,0.9568510562588421,1.0,0.9568510562588421,1.0,0,0
Affine-DDPNM-9,26.200000000000003,0.9577701773966076,0.9212243008343077,0.9212243008343314,0.9212243008343077,0.0032752539793046154,-0.00028829930615333304,0.0029869546731534176,-1.1028195331496803e-15,1.683563381828889e-13,0.0,-1.1102230246251565e-16,0.9574111903139894,1.0,0.9574111903139894,1.0,0,0
Affine-DDPNM-9,26.3,0.9583183799977141,0.9215475744910437,0.9215475744910674,0.9215475744910437,0.003232736567360117,-0.0002845567749180586,0.0029481797924421063,-6.06450602762135e-16,9.379833310348634e-14,0.0,0.0,0.9579640530419342,1.0,0.9579640530419342,1.0,0,0
Affine-DDPNM-9,26.400000000000002,0.9588594661567781,0.9218666516001772,0.921866651600201,0.9218666516001772,0.0031907710913348097,-0.0002808628270114117,0.002909908264324186,-1.0445966059377879e-15,1.6369030808485044e-13,0.0,2.220446049250313e-16,0.9585097388346202,1.0,0.9585097388346202,1.0,0,0
Affine-DDPNM-9,26.5,0.9593935282552328,0.9221815866388097,0.9221815866388337,0.9221815866388097,0.0031493503863244676,-0.00027721683175311587,0.0028721335545734156,-1.1781796309504218e-15,1.8705121476258812e-13,0.0,0.0,0.9590483408586693,1.0,0.9590483408586693,1.0,0,0
Affine-DDPNM-9,26.6,0.959920657475272,0.9224924333768534,0.9224924333768775,0.9224924333768534,0.00310846738043713,-0.0002736181666506088,0.0028348492137872726,-9.334578364450247e-16,1.5014760044122515e-13,0.0,0.0,0.9595799510712697,1.0,0.9595799510712697,1.0,0,0
Affine-DDPNM-9,26.700000000000003,0.9604409438154156,0.922799244886211,0.9227992448862352,0.922799244886211,0.0030681150935762957,-0.0002700662172917121,0.002798048876285264,-6.675653004559537e-16,1.0879078523709221e-13,0.0,0.0,0.9601046602358837,1.0,0.9601046602358837,1.0,0,0
Affine-DDPNM-9,26.8,0.9609544761058769,0.9231020735498372,0.9231020735498615,0.9231020735498372,0.0030282866362618677,-0.0002665603772400221,0.002761726259022767,-9.078278900105305e-16,1.498913410539994e-13,0.0,1.1102230246251565e-16,0.9606225579377434,1.0,0.9606225579377434,1.0,0,0
Affine-DDPNM-9,26.900000000000002,0.9614613420237289,0.9234009710706823,0.9234009710707065,0.9234009710706823,0.0029889752084510945,-0.0002631000479320875,0.0027258751605176872,-8.022181280809698e-16,1.3419618299491707e-13,0.0,2.220446049250313e-16,0.9611337325991424,1.0,0.9611337325991424,1.0,0,0
Affine-DDPNM-9,27.0,0.961961628107873,0.9236959884805187,0.9236959884805431,0.9236959884805187,0.0029501740983639557,-0.00025968463857400134,0.0026904894597919943,-1.5227771978489416e-15,2.580825990393049e-13,0.0,1.1102230246251565e-16,0.961638271494533,1.0,0.961638271494533,1.0,0,0
Affine-DDPNM-9,27.1,0.9624554197738137,0.9239871761486554,0.92398717614868,0.9239871761486554,0.002911876681367387,-0.00025631356604208537,0.002655563115326517,-1.3063429156500491e-15,2.2431288454089536e-13,0.0,0.0,0.9621362607654268,1.0,0.9621362607654268,1.0,0,0
Affine-DDPNM-9,27.200000000000003,0.9629428013282435,0.9242745837905363,0.924274583790561,0.9242745837905363,0.0028740764188084356,-0.00025298625478130626,0.0026210901640296804,-1.4378612978537507e-15,2.5014319181694475e-13,0.0,1.1102230246251565e-16,0.9626277854351036,1.0,0.9626277854351036,1.0,0,0
Affine-DDPNM-9,27.3,0.9634238559834344,0.9245582604762288,0.9245582604762539,0.9245582604762288,0.0028367668569251325,-0.0002497021367090182,0.002587064720219143,-1.291145874026886e-15,2.2757349108091905e-13,0.0,-3.3306690738754696e-16,0.9631129294231261,1.0,0.9631129294231261,1.0,0,0
Affine-DDPNM-9,27.400000000000002,0.9638986658714471,0.9248382546388023,0.9248382546388273,0.9248382546388023,0.0027999416257351584,-0.0002464606511169145,0.002553480974617008,-1.269298353218356e-15,2.2666514572163026e-13,0.0,-1.1102230246251565e-16,0.9635917755596644,1.0,0.9635917755596644,1.0,0,0
Affine-DDPNM-9,27.5,0.9643673120581526,0.9251146140825955,0.9251146140826206,0.9251146140825955,0.002763594437932282,-0.00024326124457510674,0.0025203331933579647,-9.379106886487406e-16,1.696903633498319e-13,0.0,1.1102230246251565e-16,0.9640644055996413,1.0,0.9640644055996413,1.0,0,0
Affine-DDPNM-9,27.6,0.9648298745570731,0.9253873859913802,0.9253873859914055,0.9253873859913802,0.002727719087846081,-0.00024010337083817037,0.002487615717010439,-9.748976528400205e-16,1.7870198899575613e-13,0.0,0.0,0.9645309002366887,1.0,0.9645309002366887,1.0,0,0
Affine-DDPNM-9,27.700000000000003,0.9652864323430429,0.9256566169364164,0.9256566169364417,0.9256566169364164,0.0026923094503628064,-0.00023698649075209717,0.0024553229596103333,-8.96419626760436e-16,1.664778219754234e-13,0.0,-1.1102230246251565e-16,0.9649913391169259,1.0,0.9649913391169259,1.0,0,0
Affine-DDPNM-9,27.8,0.9657370633656917,0.9259223528844032,0.9259223528844286,0.9259223528844032,0.0026573594798673383,-0.00023391007216125802,0.0024234494077071084,-1.0587285036297786e-15,1.9920686524550075e-13,0.0,-1.1102230246251565e-16,0.9654458008525574,1.0,0.9654458008525574,1.0,0,0
Affine-DDPNM-9,27.900000000000002,0.9661818445627541,0.9261846392053272,0.9261846392053528,0.9261846392053272,0.0026228632092406556,-0.0002308735898186885,0.0023919896194226726,-1.761476164582887e-15,3.357926098427021e-13,0.0,2.220446049250313e-16,0.9658943630352916,1.0,0.9658943630352916,1.0,0,0
Affine-DDPNM-9,28.0,0.9666208518732042,0.9264435206802091,0.9264435206802345,0.9264435206802091,0.0025888147488184465,-0.0002278765252954236,0.002360938223522089,-1.3201245652183502e-15,2.5496698167010647e-13,0.0,3.3306690738754696e-16,0.96633710224959,1.0,0.96633710224959,1.0,0,0
Affine-DDPNM-9,28.1,0.9670541602502222,0.9266990415087475,0.9266990415087735,0.9266990415087475,0.0025552082853841362,-0.0002249183668927364,0.0023302899184967467,-1.1620699113265923e-15,2.273924043633643e-13,0.0,-2.220446049250313e-16,0.9667740940857459,1.0,0.9667740940857459,1.0,0,0
Affine-DDPNM-9,28.200000000000003,0.9674818436739898,0.9269512453168689,0.9269512453168948,0.9269512453168689,0.0025220380812140952,-0.00022199860955424578,0.0023000394716587813,-7.925077423736465e-16,1.571165297377876e-13,0.0,0.0,0.9672054131527814,1.0,0.9672054131527814,1.0,0,0
Affine-DDPNM-9,28.3,0.9679039751643225,0.9272001751641715,0.9272001751641976,0.9272001751641715,0.002489298473026258,-0.0002191167547804094,0.00227018171824848,-1.3078578340762134e-15,2.626960664314292e-13,0.0,-1.1102230246251565e-16,0.9676311330911932,1.0,0.9676311330911932,1.0,0,0
Affine-DDPNM-9,28.400000000000002,0.9683206267931357,0.9274458735512809,0.927445873551307,0.9274458735512809,0.002456983871094165,-0.00021627231054195445,0.0022407115605517203,-1.9092783316810788e-15,3.885410796024097e-13,0.0,0.0,0.9680513265855265,1.0,0.9680513265855265,1.0,0,0
Affine-DDPNM-9,28.5,0.96873186969675,0.9276883824271034,0.9276883824271298,0.9276883824271034,0.0024250887582244474,-0.00021346479119801576,0.002211623967029849,-1.2680574499506284e-15,2.6144557506384955e-13,0.0,0.0,0.9684660653767744,1.0,0.9684660653767744,1.0,0,0
Affine-DDPNM-9,28.6,0.9691377740880369,0.9279277431959906,0.927927743196017,0.9279277431959906,0.0023936076888719793,-0.00021069371741100492,0.002182913971460739,-1.341707811747337e-15,2.8026894674199964e-13,0.0,1.1102230246251565e-16,0.9688754202746386,1.0,0.9688754202746386,1.0,0,0
Affine-DDPNM-9,28.700000000000003,0.9695384092684058,0.9281639967248062,0.9281639967248327,0.9281639967248062,0.00236253528815622,-0.00020795861606651535,0.002154576672090803,-8.323204084769668e-16,1.7614983629013569e-13,0.0,0.0,0.969279461169607,1.0,0.969279461169607,1.0,0,0
Affine-DDPNM-9,28.8,0.9699338436396362,0.928397183349905,0.9283971833499317,0.928397183349905,0.002331866250987469,-0.00020525902019140753,0.0021266072307982633,-1.060885049513488e-15,2.2747553575676503e-13,0.0,0.0,0.9696782570449001,1.0,0.9696782570449001,1.0,0,0
Affine-DDPNM-9,28.900000000000002,0.9703241447155566,0.9286273428840189,0.9286273428840458,0.9286273428840189,0.0023015953411398282,-0.0002025944688744864,0.0020990008722668783,-1.5916663874491338e-15,3.457745936043551e-13,0.0,-1.1102230246251565e-16,0.9700718759882343,1.0,0.9700718759882343,1.0,0,0
Affine-DDPNM-9,29.0,0.970709379133571,0.9288545146230549,0.9288545146230818,0.9288545146230549,0.0022717173903596954,-0.0001999645071883862,0.00207175288317076,-8.775142748941936e-16,1.9313896143466976e-13,0.0,0.0,0.9704603852034552,1.0,0.9704603852034552,1.0,0,0
Affine-DDPNM-9,29.1,0.9710896126660359,0.9290787373528028,0.9290787373528299,0.9290787373528028,0.002242227297478694,-0.00019736868611113282,0.0020448586113694534,-1.0811909703580154e-15,2.4109753983758035e-13,0.0,-3.3306690738754696e-16,0.9708438510220077,1.0,0.9708438510220077,1.0,0,0
Affine-DDPNM-9,29.200000000000003,0.97146491023149,0.9293000493555591,0.9293000493555862,0.9293000493555591,0.0022131200275632423,-0.00019480656244884212,0.0020183134651141996,-1.0525324576206134e-15,2.377938034340489e-13,0.0,0.0,0.9712223389142656,1.0,0.9712223389142656,1.0,0,0
Affine-DDPNM-9,29.3,0.9718353359057385,0.9295184884166614,0.9295184884166887,0.9295184884166614,0.002184390611023046,-0.00019227769876204175,0.001992112912263316,-1.2336251371282674e-15,2.823728345338964e-13,0.0,0.0,0.9715959135007042,1.0,0.9715959135007042,1.0,0,0
Affine-DDPNM-9,29.400000000000002,0.9722009529327922,0.9297340918309411,0.9297340918309686,0.9297340918309411,0.002156034142797303,-0.00018978166328949514,0.0019662524795088583,-1.1163432611855425e-15,2.5888812218365277e-13,0.0,0.0,0.9719646385629365,1.0,0.9719646385629365,1.0,0,0
Affine-DDPNM-9,29.5,0.9725618237356657,0.9299468964090898,0.9299468964091172,0.9299468964090898,0.0021280457814865095,-0.00018731802987406677,0.0019407277516126586,-6.420657970953366e-16,1.508580789664215e-13,0.0,0.0,0.9723285770546006,1.0,0.9723285770546006,1.0,0,0
Affine-DDPNM-9,29.6,0.972918009927035,0.9301569384839443,0.9301569384839717,0.9301569384839443,0.0021004207485453286,-0.00018488637789233927,0.0019155343706525137,-9.5540403659191e-16,2.274315841846674e-13,0.0,1.1102230246251565e-16,0.9726877911121083,1.0,0.9726877911121083,1.0,0,0
Affine-DDPNM-9,29.700000000000003,0.9732695723197567,0.9303642539166899,0.9303642539167175,0.9303642539166899,0.002073154327455473,-0.00018248629217960022,0.0018906680352783385,-1.201609409304423e-15,2.8980220946178364e-13,0.0,-2.220446049250313e-16,0.9730423420652559,1.0,0.9730423420652559,1.0,0,0
Affine-DDPNM-9,29.8,0.9736165709372516,0.9305688781029836,0.9305688781030114,0.9305688781029836,0.002046241862937448,-0.00018011736296137345,0.0018661244999775984,-1.069620076782048e-15,2.6136208435452854e-13,0.0,0.0,0.9733922904476913,1.0,0.9733922904476913,1.0,0,0
Affine-DDPNM-9,29.900000000000002,0.973959065023751,0.9307708459789968,0.9307708459790246,0.9307708459789968,0.002019678760132315,-0.00017777918578238913,0.0018418995743503625,-9.635287766219733e-16,2.385351560955034e-13,0.0,0.0,0.9737376960072526,1.0,0.9737376960072526,1.0,0,0
Affine-DDPNM-9,30.0,0.9742971130544131,0.93097019202738,0.9309701920274078,0.93097019202738,0.0019934604838311998,-0.00017547136143800665,0.0018179891223941145,-1.2031294099282708e-15,3.0176906431967936e-13,0.0,1.1102230246251565e-16,0.9740786177161682,1.0,0.9740786177161682,1.0,0,0
