$MeshFormat
4.1 0 8
$EndMeshFormat
$PhysicalNames
157
2 1 "sphere_walls"
2 2 "inlet"
2 3 "outlet"
2 4 "outer_walls"
2 2000 "interface_000"
2 2001 "interface_001"
2 2002 "interface_002"
2 2003 "interface_003"
2 2004 "interface_004"
2 2005 "interface_005"
2 2006 "interface_006"
2 2007 "interface_007"
2 2008 "interface_008"
2 2009 "interface_009"
2 2010 "interface_010"
2 2011 "interface_011"
2 2012 "interface_012"
2 2013 "interface_013"
2 2014 "interface_014"
2 2015 "interface_015"
2 2016 "interface_016"
2 2017 "interface_017"
2 2018 "interface_018"
2 2019 "interface_019"
2 2020 "interface_020"
2 2021 "interface_021"
2 2022 "interface_022"
2 2023 "interface_023"
2 2024 "interface_024"
2 2025 "interface_025"
2 2026 "interface_026"
2 2027 "interface_027"
2 2028 "interface_028"
2 2029 "interface_029"
2 2030 "interface_030"
2 2031 "interface_031"
2 2032 "interface_032"
2 2033 "interface_033"
2 2034 "interface_034"
2 2035 "interface_035"
2 2036 "interface_036"
2 2037 "interface_037"
2 2038 "interface_038"
2 2039 "interface_039"
2 2040 "interface_040"
2 2041 "interface_041"
2 2042 "interface_042"
2 2043 "interface_043"
2 2044 "interface_044"
2 2045 "interface_045"
2 2046 "interface_046"
2 2047 "interface_047"
2 2048 "interface_048"
2 2049 "interface_049"
2 2050 "interface_050"
2 2051 "interface_051"
2 2052 "interface_052"
2 2053 "interface_053"
2 2054 "interface_054"
2 2055 "interface_055"
2 2056 "interface_056"
2 2057 "interface_057"
2 2058 "interface_058"
2 2059 "interface_059"
2 2060 "interface_060"
2 2061 "interface_061"
2 2062 "interface_062"
2 2063 "interface_063"
2 2064 "interface_064"
2 2065 "interface_065"
2 2066 "interface_066"
2 2067 "interface_067"
2 2068 "interface_068"
2 2069 "interface_069"
2 2070 "interface_070"
2 2071 "interface_071"
2 2072 "interface_072"
2 2073 "interface_073"
2 2074 "interface_074"
2 2075 "interface_075"
2 2076 "interface_076"
2 2077 "interface_077"
2 2078 "interface_078"
2 2079 "interface_079"
2 2080 "interface_080"
2 2081 "interface_081"
2 2082 "interface_082"
2 2083 "interface_083"
2 2084 "interface_084"
2 2085 "interface_085"
2 2086 "interface_086"
2 2087 "interface_087"
2 2088 "interface_088"
2 2089 "interface_089"
2 2090 "interface_090"
2 2091 "interface_091"
2 2092 "interface_092"
2 2093 "interface_093"
2 2094 "interface_094"
2 2095 "interface_095"
2 2096 "interface_096"
2 2097 "interface_097"
2 2098 "interface_098"
2 2099 "interface_099"
2 2100 "interface_100"
2 2101 "interface_101"
2 2102 "interface_102"
2 2103 "interface_103"
2 2104 "interface_104"
2 2105 "interface_105"
2 2106 "interface_106"
2 2107 "interface_107"
2 2108 "interface_108"
2 2109 "interface_109"
2 2110 "interface_110"
2 2111 "interface_111"
2 2112 "interface_112"
2 2113 "interface_113"
2 2114 "interface_114"
2 2115 "interface_115"
2 2116 "interface_116"
2 2117 "interface_117"
2 2118 "interface_118"
2 2119 "interface_119"
2 2120 "interface_120"
2 2121 "interface_121"
2 2122 "interface_122"
2 2123 "interface_123"
2 2124 "interface_124"
2 2125 "interface_125"
3 1000 "pore_000"
3 1001 "pore_001"
3 1002 "pore_002"
3 1003 "pore_003"
3 1004 "pore_004"
3 1005 "pore_005"
3 1006 "pore_006"
3 1007 "pore_007"
3 1008 "pore_008"
3 1009 "pore_009"
3 1010 "pore_010"
3 1011 "pore_011"
3 1012 "pore_012"
3 1013 "pore_013"
3 1014 "pore_014"
3 1015 "pore_015"
3 1016 "pore_016"
3 1017 "pore_017"
3 1018 "pore_018"
3 1019 "pore_019"
3 1020 "pore_020"
3 1021 "pore_021"
3 1022 "pore_022"
3 1023 "pore_023"
3 1024 "pore_024"
3 1025 "pore_025"
3 1026 "pore_026"
$EndPhysicalNames
$Entities
274 535 325 27
1 0 0 0 0 
2 0 0 0.4233489981825996 0 
3 0 0.08616716273681464 0.3436323737633597 0 
4 0 0.04872131155949851 0.01368557158556006 0 
5 0 0.03713933116711032 0 0 
6 0.4851614842063994 0 0 0 
7 0.4486492304250589 0 0.4414047757238954 0 
8 0.2700383667283224 0 0.5726772209739737 0 
9 0.186336692425654 0 0.6008048185465671 0 
10 0.255561032155 0 0.3832094442487317 0 
11 0.2453443449114056 0.2434006684243218 0.4318206334888606 0 
12 0.2256716575050948 0.2670046450604858 0.3912485879861148 0 
13 0.2389877494333885 0.2523998102629378 0.4174415362362229 0 
14 0.2281002760989229 0.2683978224299243 0.3868888303611009 0 
15 0.2416672874663841 0.2646463880412854 0.2609029528050661 0 
16 0.443693502313619 0.04945345302618936 0 0 
17 0.3842893104410285 0.07194026398125464 0.4901989767083927 0 
18 0 0 1 0 
19 0 0.523424952213121 1 0 
20 0 0.6805217559498473 0.8402992782216069 0 
21 0 0.6711151268138952 0.6413717636000718 0 
22 0 0.5136300129898331 0.4566866943230692 0 
23 -1.387778780781446e-17 0.255098198896 0.6868739602892897 0 
24 -6.938893903907228e-17 0.255098198896 0.4725210251427103 0 
25 0.06723800638909304 0 1 0 
26 0.08256854297602301 0.4343088090223359 1 0 
27 0.1287887904523619 0.5261316489918826 0.855942844738988 0 
28 0.03114621245302409 0.669114632155316 0.8177222082598367 0 
29 0.004120924038977396 0.6696787726041152 0.6399265030917004 0 
30 0.08007650102701115 0.5084303939405829 0.4552365572754216 0 
31 0.2454761044238996 0.2456187963652771 0.4316414378608978 0 
32 0 0.5097321039155998 0 0 
33 0 0.16420577553641 0 0 
34 -1.179611963664229e-16 0.349694676678 0.3239588500186371 0 
35 6.938893903907228e-18 0.349694676678 0.120090099695363 0 
36 0.1958386756475264 0.4985946227272479 0.1814451875016553 0 
37 0.03602811164708771 0.5073982540832044 0 0 
38 0.2097386138540738 0.4984815805086701 0.2736957095540829 0 
39 0.2654646539035746 0.3614844643351821 0.276290705244431 0 
40 0.2506670331610301 0.439437372023982 0.2503485672546382 0 
41 0.1658543259202255 0.604531533276664 0 0 
42 0.4684549269065204 0.472686107115609 0 0 
43 0.5055145309662916 0.1951163879002971 -4.625929269271485e-18 0 
44 0.3665086428605733 0.3193032506199999 7.632783294297951e-17 0 
45 0.3240759387711166 0.4112420600642137 0.2429449802794643 0 
46 0.4765471230948553 0.4137358667214016 0.1082827789281238 0 
47 0.245717562709 0.31930325062 0.09117158068799999 0 
48 0.6958618974650157 0 0 0 
49 0.7145045099485965 0 0.01095268485016066 0 
50 0.508415021117499 0 0.4375886891432861 0 
51 0.8106958119592711 0.1643603687963042 0.1616687008958343 0 
52 0.6230506694116379 0.4863094057444268 0.2359501856759111 0 
53 0.6630223979671889 0.1927222415153453 0.5277438755272542 0 
54 0.6431382582153887 0.1793126617570181 0.5403642879469758 0 
55 0.6106493458715311 0.1859370068009404 0.5465533545176043 0 
56 0.53308481637 0.197341275614 0.367440283022 0 
57 0.53308481637 0.197341275614 0.209923565714 0 
58 0.8418290326121814 0 0.6658235095512695 0 
59 0.8694516244938442 0 1 0 
60 0.3735684992888219 0 1 0 
61 0.5578836200540001 0 0.7972373259802884 0 
62 0.7510762592326631 0.1528993455282044 0.6126976458513286 0 
63 0.8564775358515383 0.02297008048291003 1 0 
64 0.7841776033887428 0.1332333700971646 0.8787736960744159 0 
65 0.4670612699964238 0.05010594752101593 1 0 
66 0.6445316213555593 0.1641240976986429 0.8543963184730032 0 
67 0.1880363058940475 0.4227941178359929 1 0 
68 0.4151946251718765 0.5057484702151437 0.8397541344451495 0 
69 0.3778109354333117 0.5229470316601982 0.8202472481691662 0 
70 0.4068198162190214 0.516853084308519 0.8245998404756911 0 
71 0.406145288086 0.239228181591 0.80172251906 0 
72 0.406145288086 0.239228181591 0.6259413845480001 0 
73 0 0.94054153654275 1 0 
74 0.07304725315799032 1 1 0 
75 0.7064231516442735 1 1 0 
76 0.5769153710644133 0.5672295534690107 1 0 
77 0.5702328030853454 0.720323126604 1 0 
78 0.1468326637051347 0.7105427790574234 0.7853315579430643 0 
79 0.3960371371481864 0.9733128853949217 0.8221363898963202 0 
80 0.3971569464103979 1 0.8379674362664207 0 
81 0.5714309266207829 1 0.8648648154875781 0 
82 0.7046505938222998 1 0.967943138312755 0 
83 0.6394909125750268 0.8024093315626902 0.8588879924628189 0 
84 0.5767715436090463 0.5944855620805644 0.8498889861033715 0 
85 0.5687367036870977 0.5630834498963135 0.8745268601323346 0 
86 0.458669960743 0.720323126604 0.9196920685900001 0 
87 0.5583326430302972 0.9720204471156506 0.8464266995739783 0 
88 0 1 1 0 
89 0 1 0.3550016804930615 0 
90 0 0.9402607260727655 0.3541545819592851 0 
91 0.3672290161949105 1 0.4215299359232296 0 
92 0.211711346721 1 0.658111399002854 0 
93 0.3671662385970497 0.8218603631969537 0.4189925559374302 0 
94 0.3486929941202673 0.8021089502841942 0.4153658167164183 0 
95 0.2893575386260464 0.7804301999471309 0.4043090333582938 0 
96 0.2191393024101613 0.7570920302741758 0.3912571639764124 0 
97 0 0.9750457064290992 0 0 
98 1.491862189340054e-16 0.677830945616 0.335470708381837 0 
99 -1.040834085586084e-17 0.677830945616 0.102976828564163 0 
100 0.2206244316770437 0.7561219920913241 0.3887462897861336 0 
101 0.1598608711413892 0.84408361581389 0 0 
102 0.381479890328 0.5282454348 0.598139571425 0 
103 0.381479890328 0.5282454348 0.433809437971 0 
104 0.882375971457924 0 0 0 
105 0.5406940510138341 0.5476226839248445 0 0 
106 1 0.4779238091837562 0 0 
107 1 0.008034510942804605 0 0 
108 0.8288467042522371 0.383092875425 1.179611963664229e-16 0 
109 1 0.1193776203212239 0.1063515119419116 0 
110 0.6588504128056831 0.5277728099444126 0.2289930398580613 0 
111 1 0.4768220296805099 0.1314162506659779 0 
112 0.723490293832 0.383092875425 0.07573915306699999 0 
113 1 0 0 0 
114 1 0 0.4887246978055956 0 
115 0.751519743114 0 0.5247352308254563 0 
116 1 0.1138103028168356 0.3735452391074388 0 
117 0.7555804552562296 0.1688359196649893 0.5915261525893677 0 
118 1 0 1 0 
119 1 0.3334811725078318 1 0 
120 1 0.3959084865470957 0.9331094388954119 0 
121 1 0.488229091630083 0.5834017018200803 0 
122 1 0.219943441316 0.763304823926087 0 
123 0.9562839102756714 0.3054763177881606 1 0 
124 0.9144944840792355 0.4729672851780941 0.6403149740885911 0 
125 0.9210288445115823 0.4155578595889215 0.8578488155121758 0 
126 0.894206221959566 0.3419358619893211 0.918323168084342 0 
127 0 1 0 0 
128 0.5313123364125566 1 0 0 
129 0.5742796629639955 1 0.06179088786843109 0 
130 0.5478104976311647 1 0.2354754893306813 0 
131 0.26420348121 1 0.3614794036805369 0 
132 0.3782144012096303 0.8167860603112281 0.4075354320145957 0 
133 0.5162601686415867 0.9158222970012955 0.2667524568262582 0 
134 0.592023757934981 0.6518367975579638 0.3683080687153036 0 
135 0.6377140855261362 0.5825658957135562 0.3407553008649077 0 
136 0.521060572104982 0.7953731730599268 0.3756043213896019 0 
137 0.5962951409007826 1 0.01555741728336698 0 
138 0.6795759151720066 0.576625219882316 0.2587095152513394 0 
139 0.5881263893999233 1 0 0 
140 0.406608917449 0.688567638892 0.24929365645 0 
141 0.406608917449 0.688567638892 0.05985971687800001 0 
142 1 0.5360697608822882 0.5381454626587249 0 
143 1 0.4897606062117771 0.1402941779245004 0 
144 0.8212848193806918 0.5924434305108895 0.2435533176183831 0 
145 0.8816537384327444 0.5963169880709841 0.5399428716959236 0 
146 0.8470626678980323 0.5728355993168153 0.5793393043845806 0 
147 0.814156076020513 0.6217936113996166 0.4646368253905483 0 
148 0.844048515165 0.352413257282 0.493635312228 0 
149 0.844048515165 0.352413257282 0.310583248872 0 
150 0.653367023935 0.404527200765 0.782439849525 0 
151 0.653367023935 0.404527200765 0.6142291440909999 0 
152 0.6903092780778989 0.374669048605 1 0 
153 0.58705099692 0.374669048605 0.929513654692 0 
154 0.9149218178504881 1 1 0 
155 1 0.6594192419303675 1 0 
156 0.874019051223449 0.629324556256 1 0 
157 0.8881678453442809 1 0.9728132886959983 0 
158 0.7772063510582509 0.6204616997645748 0.7637135906362184 0 
159 0.76275587548 0.629324556256 0.90738267374 0 
160 0.7161180330931344 0.6384823907591557 0.7718807947751493 0 
161 0.5187875055359999 0.719575248996 0.7156623149769999 0 
162 0.5187875055359999 0.719575248996 0.5555821979909999 0 
163 0.7479186709268085 1 0.4922858735449792 0 
164 0.6206635003870484 0.8272044883676405 0.4762921126050591 0 
165 0.538536537859 1 0.63261441447424 0 
166 0.9673783340175262 1 0 0 
167 1 1 0 0 
168 1 1 0.3770212352527429 0 
169 0.9886136579257195 1 0.497422291475359 0 
170 1 0.9317832557851219 0.03837308781548204 0 
171 1 0.9976523816017481 0 0 
172 0.7240255024206483 0.6100269479930871 0.4618092569771398 0 
173 0.77947105876 0.863882348867 0.417283747935 0 
174 0.77947105876 0.863882348867 0.246969000007 0 
175 0.8828832556261988 0.651078306967 2.775557561562891e-17 0 
176 0.764156614542 0.651078306967 0.090109483612 0 
177 1 1 1 0 
178 1 1 0.7617296336867413 0 
179 1 0.8274528015230563 0.57145133868347 0 
180 1 0.694507435115 0.8823258572520449 0 
181 1 1 0.5085593692636716 0 
182 0.7730937117509999 0.840918133612 0.7126242238379999 0 
183 0.7730937117509999 0.840918133612 0.549319551674 0 
184 1 0.741012904832 0.4788160744965543 0 
185 1.63545522882876 -1.337093308301458 1.130405202857623 0 
186 0.5138692094853 -1.25565473148932 0.3674286334309488 0 
187 0.4811337523792192 -0.03631056541504451 0.4167767728688591 0 
188 1.445606796320663 0.0134918570682413 -0.02386069100163279 0 
189 2.292550413048696 -0.4404714937361257 -0.5127309037806177 0 
190 2.454565103069604 -1.454565103069603 0.3321599103957587 0 
191 0.9516377414173361 -1.372177045139767 -1.315180237890603 0 
192 1.895924436697712 -1.475067970023895 -1.475067970023895 0 
193 2.533754476133214 -1.492940846910472 -1.533754476133214 0 
194 0.624647017064986 -0.1535379016683085 -0.1298392896442417 0 
195 2.42494550484824 2.424945504848239 0.815323260721195 0 
196 1.751471840525984 2.295112640085773 0.7715229367696316 0 
197 2.248672812577054 0.4908286567064417 0.5866685209131512 0 
198 1.069579847042313 0.5006483390562118 0.5370887039219083 0 
199 2.392216565316722 0.04950121318600298 2.259911433144709 0 
200 1.265342965289291 2.290108833123786 1.683575199425712 0 
201 2.453463768136242 0.5668055334190418 2.453463768136242 0 
202 2.023069485721489 2.509163388458522 2.509163388458522 0 
203 0.05171368554755296 0.3730114168483121 1.096167009694289 0 
204 -0.7326603879954422 0.09181114269917363 2.242634548875148 0 
205 0.659407017793405 0.6090479690423577 2.265546751130782 0 
206 -0.07632366948189506 -0.2989988193271876 1.445814453335137 0 
207 -0.5689514316067809 -1.010081317715071 2.304576192047243 0 
208 1.68941239530653 -1.247323466266315 2.396593481943623 0 
209 1.989171363901807 -0.3011604109918332 2.358990278568849 0 
210 1.798585214794693 -1.434990243885286 2.434990243885285 0 
211 0.1712577642512001 -0.06219907151315067 0.6439873598232102 0 
212 -0.5147150310145604 -1.285869430090219 1.122773747722504 0 
213 1.596585993147496 0.1643895947402534 -0.05488185748672485 0 
214 2.415679662715803 -0.08084280489402873 2.415679662715803 0 
215 0.4562201935286963 0.5618140097264537 -0.1637146330566243 0 
216 0.1179361838896239 1.093295470271771 -0.9141091148395524 0 
217 0.591407096060096 1.024849371631577 0.001285955852139795 0 
218 1.030428600751009 0.4722775101829102 0.1227129566496787 0 
219 0.4527205689045628 0.5714282467376461 -1.2471227118454 0 
220 2.441726373629816 0.2712316291676087 -1.441726373629818 0 
221 2.305827651576987 0.2859725345847321 -0.7402038759346165 0 
222 1.116940178035152 2.307951403339853 -0.7682377954937313 0 
223 1.763182673810636 2.380895045202091 -0.8378255420458529 0 
224 2.57151700964982 2.57151700964982 -1.455912759897077 0 
225 0.6734025487085676 -1.082948560723459 -1.345609083043996 0 
226 0.5381458082939127 -0.05115462379301301 -0.121978652860176 0 
227 -1.575238998041492 -1.358724456939538 -1.597730122997536 0 
228 -1.213430997154934 0.5762283558792592 -1.418606734105584 0 
229 -1.468715693289043 0.592337645784993 -1.468715693289043 0 
230 -1.248112811709007 0.5946739031216765 0.4792892631752237 0 
231 -1.396402214063729 -1.032811903993281 0.04899463457589961 0 
232 -1.604998109893083 -1.382683556420818 -1.604998109893084 0 
233 0.05514734908954599 0.995667416107887 -0.6699244222893551 0 
234 -0.1752706752021344 1.24265368123054 -1.262696758857565 0 
235 -1.397784235722876 2.108605758886541 0.1174950522548106 0 
236 -1.620017008057064 2.461322525875477 -1.620017008057063 0 
237 -1.217302044095506 1.095407566827934 1.068295083333887 0 
238 -1.44873345294632 -1.44873345294632 0.3839428712671933 0 
239 -1.235214736378774 1.132912152758236 1.735673942575863 0 
240 -1.301938859678183 0.6478954546245425 2.301938859678184 0 
241 1.392093293324242 1.874703031598767 0.5732474161721911 0 
242 1.590143641141881 2.278423265321471 0.4832173833107803 0 
243 1.02149751773548 2.263818367974988 -0.2341073646475875 0 
244 0.3676727124597967 2.259046127456553 0.4394634991792188 0 
245 0.4504290805916176 2.269572951507614 1.591090003579024 0 
246 1.022154751949793 1.96280180680998 1.499337117070194 0 
247 1.186879153696419 2.281723523244655 1.676938264488727 0 
248 1.65672930607504 2.28107012679174 0.683972835284251 0 
249 1.128615458496261 2.281021619954097 1.702478342431671 0 
250 -1.466855410528781 2.466855410528781 0.1100618751772478 0 
251 -1.053590255449831 2.45988090531949 2.45988090531949 0 
252 -1.434870973638807 2.108808445226434 2.434870973638807 0 
253 1.209232264834002 2.418173338161079 2.418173338161079 0 
254 2.543926973000001 -1.543926973000001 -1.543926973000001 0 
255 0.9173997332641617 -1.381916294533257 -1.381916294533257 0 
256 -1.664930333076916 -1.664930333076916 -1.664930333076916 0 
257 2.597461283684354 -1.597461283684354 2.597461283684354 0 
258 -0.7585359935233401 -1.370043563974562 2.370043563974562 0 
259 -1.525920222170293 -1.525920222170293 2.525920222170293 0 
260 2.635306210000885 2.635306210000886 2.635306210000886 0 
261 -1.514495728065658 2.514495728065658 2.514495728065658 0 
262 2.253820773327071 -0.04192746747645215 -0.3989100850245425 0 
263 0.8237183856943113 2.398763016252538 -1.398763016252538 0 
264 0.03191545580270705 1.228969305125909 -1.242331857776303 0 
265 2.601559707738549 2.60155970773855 -1.60155970773855 0 
266 0.733268423940361 0.5922222467956991 0.5026788125157849 0 
267 0.6545429827267095 0.5499847650041952 0.4594335987853819 0 
268 0.5921565327156663 0.3941097449287362 0.4466977507651318 0 
269 0.4080741678316023 0.5128297314162937 0.8016958666335282 0 
270 0.5186224672985693 0.3197605026502527 0.5058917065626208 0 
271 0.5948186057137638 0.4964031470357906 0.2995493978098515 0 
272 0.654102448538432 0.5917946046878452 0.3930806582501777 0 
273 0.345207367319996 0.7988991183598256 0.416385557756849 0 
274 -1.662109965642806 2.662109965642806 -1.662109965642805 0 
1 -0.0002117746490912999 -0.0002117746490912999 -0.0002117746490913064 0.0002117746490912999 0.0002117746490912999 0.4235607728316909 0 2 1 -2 
2 -0.0001724849254736291 -0.0001724849254736288 0.3434598888378861 0.0001724849254736291 0.08633964766228827 0.4235214831080732 0 2 3 -2 
3 -0.0002118246490912999 0.04850948691040721 0.01347374693646877 0.0002118246490912999 0.08637898738590594 0.343844198412451 0 2 3 -4 
4 -2.752174317112e-05 0.03711180942393921 -2.75217431711201e-05 2.752174317112e-05 0.04874883330266963 0.01371309332873118 0 2 4 -5 
5 -7.437906233422066e-05 -7.437906233422054e-05 -7.437906233422066e-05 7.437906233422066e-05 0.03721371022944454 7.437906233422066e-05 0 2 1 -5 
6 -0.0003005025592732746 -0.0003005025592732837 -0.0003005025592732837 0.4854619867656726 0.0003005025592732837 0.0003005025592732837 0 2 1 -6 
7 0.4483486778657856 -0.0003005525592732837 -0.0003005525592732761 0.4854620367656727 0.0003005525592732837 0.4417053282831687 0 2 6 -7 
8 0.2697378141690491 -0.0003005525592732837 0.4411042231646221 0.4489497829843322 0.0003005525592732837 0.572977773533247 0 2 7 -8 
9 0.1861691384770486 -0.0001675539486053368 0.5725096670253683 0.2702059206769278 0.0001675539486053368 0.6009723724951724 0 2 8 -9 
10 -0.0003005525592732899 -0.0003005525592732837 0.4230484456233263 0.1866372449849272 0.0003005525592732837 0.6011053711058404 0 2 2 -9 
11 0.1379594985595706 -0.0001177173696977145 0.1481240944275706 0.3731625657504294 0.0001177173696977145 0.3833271616184294 0 2 10 -10 
12 0.1860524129945844 -0.000284279431069609 0.431536354057791 0.2456286243424752 0.2436849478553914 0.6010890979776367 0 2 9 -11 
13 -0.0002138315751266384 0.085953331161688 0.343418542188233 0.2258854890802215 0.2672184766356125 0.3914624195612414 0 2 12 -3 
14 0.2256191712085946 0.2523473239664376 0.3911961016896146 0.2390402357298888 0.2670571313569861 0.4174940225327231 0 2 13 -12 
15 0.2389804597847622 0.2433933787756955 0.4174342465875965 0.245351634560032 0.2524070999115642 0.431827923137487 0 2 11 -13 
16 0.2256628375898448 0.2669958251452358 0.3868800104458509 0.228109096014173 0.2684066423451744 0.3912574079013648 0 2 12 -14 
17 0.2279113944407226 0.2644575063830851 0.2607140711468658 0.2418561691245844 0.2685867040881247 0.3870777120193012 0 2 15 -14 
18 -0.0002294386212624011 0.04849187293823612 0.01345613296429767 0.2418967260876465 0.2648758266625478 0.2611323914263285 0 2 4 -15 
19 -0.0002427308921031934 0.03689660027500712 -0.0002427308921031997 0.4439362332057222 0.04969618391829256 0.0002427308921031997 0 2 5 -16 
20 0.2414850461095364 0.04927121166934167 -0.0001822413568476899 0.4438757436704667 0.2648286293981331 0.2610851941619138 0 2 16 -15 
21 0.4435944448075666 -9.905750605238017e-05 -9.905750605237894e-05 0.4852605417124518 0.04955251053224174 9.905750605237894e-05 0 2 16 -6 
22 0.2451615923109255 0.07175751138077452 0.4316378808883805 0.3844720630415086 0.243583421024802 0.4903817293088728 0 2 11 -17 
23 0.3841597858171412 -0.0001295246238872394 0.4412752511000081 0.4487787550489462 0.07206978860514188 0.49032850133228 0 2 17 -7 
24 0.2280390702871727 0.2523386044511876 0.3868276245493506 0.2390489552451388 0.2684590282416746 0.4175027420479732 0 2 13 -14 
25 0.2698097644408969 -0.0002286022874255431 0.4899703744209671 0.384517912728454 0.07216886626868017 0.5729058232613992 0 2 17 -8 
26 -0.0003403610279749236 -0.0003403610279749236 0.4230086371546247 0.0003403610279749236 0.0003403610279749236 1.000340361027975 0 2 2 -18 
27 -0.0003403610279749236 -0.0003403610279749114 0.999659638972025 0.0003403610279749236 0.523765313241096 1.000340361027975 0 2 18 -19 
28 -0.0003195520435567866 0.5231054001695642 0.8399797261780501 0.0003195520435567866 0.6808413079934041 1.000319552043557 0 2 19 -20 
29 -0.0003404110279749236 0.6707747157859203 0.6410313525720969 0.0003404110279749236 0.6808621669778222 0.8406396892495818 0 2 20 -21 
30 -0.0003404110279749236 0.5132896019618582 0.4563462832950942 0.0003404110279749236 0.6714555378418701 0.6417121746280466 0 2 21 -22 
31 -0.0003404110279749236 0.08582675170883972 0.3432919627353848 0.0003404110279749236 0.513970424017808 0.4570271053510441 0 2 3 -22 
32 -0.0001072765675733591 0.147814454755137 0.472413748575137 0.0001072765675732897 0.2552054754635733 0.686981236856863 0 2 23 -24 
33 -0.0001072765675733591 0.2549909223284267 0.472413748575137 0.0001072765675732897 0.362381943036863 0.686981236856863 0 2 24 -23 
34 0.06694953073818434 -0.0002884756509087002 0.6005163428956584 0.1866251680765627 0.0002884756509087002 1.000288475650909 0 2 25 -9 
35 -0.000134576412778184 -0.0001345764127781861 0.9998654235872219 0.06737258280187122 0.0001345764127781861 1.000134576412778 0 2 18 -25 
36 -0.0001783828863815701 0.4341304261359543 0.9998216171136184 0.08274692586240458 0.5236033350995026 1.000178382886382 0 2 19 -26 
37 0.06697614376298648 -0.0002618626261065571 0.9997381373738934 0.08283040560212956 0.4345706716484424 1.000261862626107 0 2 25 -26 
38 0.08228426354495345 0.4340245295912663 0.8556585653079184 0.1290730698834315 0.5264159284229522 1.00028427943107 0 2 27 -26 
39 0.03091376522464754 0.525899201763506 0.8174897610314601 0.1290212376807385 0.6693470793836925 0.8561752919673645 0 2 28 -27 
40 -6.239282490639805e-05 0.6690522393304096 0.8176598154349303 0.03120860527793049 0.6805841487747537 0.8403616710465133 0 2 28 -20 
41 0.003907591416835571 0.6689012995331741 0.6397131704695586 0.03135954507516591 0.6698921052262571 0.8179355408819785 0 2 29 -28 
42 -8.342248078465481e-06 0.6696704303560368 0.639918160843622 0.004129266287055861 0.6711234690619736 0.6413801058481502 0 2 21 -29 
43 0.003937708542208561 0.5082471784438141 0.4550533417786528 0.08025971652377999 0.669861988100884 0.6401097185884692 0 2 29 -30 
44 -0.000160253402054257 0.5082701405385286 0.4550763038733673 0.08023675442906542 0.5137902663918874 0.4568469477251235 0 2 30 -22 
45 0.07995568805257104 0.2668838320860457 0.3911277750116747 0.2257924704795349 0.508551206915023 0.4553573702498617 0 2 30 -12 
46 -0.0001072765675733597 0.2549909223284266 0.472413748575137 0.07225484764831322 0.2552054754635733 0.686981236856863 0 2 24 -23 
47 0.1285765396489228 0.245406545561838 0.4314291870574586 0.2456883552273387 0.5263438997953217 0.8561550955424271 0 2 31 -27 
48 0.2453398082555237 0.2433961317684399 0.4316369012050159 0.2454806410797815 0.245623333021159 0.4318251701447425 0 2 11 -31 
49 -0.0002326045007151676 0.5094994994148846 -0.0002326045007151611 0.0002326045007151676 0.5138626174905483 0.4569192988237843 0 2 22 -32 
50 -0.0002325545007151675 0.1639732210356948 -0.0002325545007151675 0.0002325545007151675 0.5099646584163149 0.0002325545007151675 0 2 33 -32 
51 -0.0002311195279538264 0.04849019203154468 -0.0002311195279538266 0.0002311195279538264 0.1644368950643638 0.01391669111351389 0 2 33 -4 
52 -0.000102034475161755 0.2476582670412014 0.1199880652202014 0.000102034475161644 0.3497967111531617 0.3240608844937987 0 2 34 -35 
53 -0.000102034475161755 0.3495926422028384 0.1199880652202014 0.000102034475161644 0.4517310863147987 0.3240608844937987 0 2 35 -34 
54 0.03579867302582515 0.4983651841059853 -0.0002294386212625676 0.1960681142687889 0.5076276927044669 0.1816746261229178 0 2 36 -37 
55 -7.220682329417416e-05 0.5073260472599102 -7.220682329417538e-05 0.03610031847038189 0.509804310738894 7.220682329417538e-05 0 2 32 -37 
56 0.07995568805257099 0.4983607675342299 0.2735748965796427 0.209859426828514 0.508551206915023 0.4553573702498618 0 2 38 -30 
57 0.1957924502865001 0.4984353551476439 0.181398962140629 0.2097848392151 0.4986408480882741 0.2737419349151091 0 2 36 -38 
58 -0.0001729133141895947 0.1640328622222204 -0.000172913314189595 0.03620102496127731 0.5075711673973939 0.000172913314189595 0 2 37 -33 
59 0.25054622018659 0.3613636513607419 0.2502277542801981 0.2655854668780147 0.4395581849984221 0.2764115182188711 0 2 39 -40 
60 0.2414735109137963 0.2644526114886976 0.2607091762524784 0.2656584304561624 0.3616782408877698 0.2764844817970188 0 2 15 -39 
61 0.1957007684880203 0.439299464864476 0.1813072803421492 0.2508049403205361 0.4987325298867539 0.2504864744141442 0 2 40 -36 
62 -0.000102034475161758 0.3495926422028384 0.1199880652202014 0.06720984649924021 0.3497967111531617 0.3240608844937987 0 2 35 -34 
63 -6.363337218465073e-05 0.03707569779492567 -6.363337218465073e-05 6.363337218465073e-05 0.1642694089085946 6.363337218465073e-05 0 2 5 -33 
64 0.03576830861854144 0.5071384510546582 -0.0002598030285462754 0.1661141289487718 0.6047913363052102 0.0002598030285462754 0 2 41 -37 
65 0.1655704796691707 0.4724022608645542 -0.0002838462510547769 0.4687387731575752 0.6048153795277188 0.0002838462510547769 0 2 42 -41 
66 0.4681710806554656 0.1948325416492424 -0.0002838462510547815 0.5057983772173464 0.4729699533666638 0.0002838462510547769 0 2 43 -42 
67 0.4434096560625642 0.04916960677513459 -0.0002838462510547815 0.5057983772173464 0.1954002341513519 0.0002838462510547769 0 2 43 -16 
68 0.1248055913772751 0.1983912792882751 -0.0001208911801515733 0.3666295340407248 0.4402152219517249 0.0001208911801516496 0 2 44 -44 
69 0.323893697414269 0.411059818707366 0.1081005375712761 0.4767293644517029 0.4139181080782492 0.243127221636312 0 2 45 -46 
70 0.2653473309338394 0.3613671413654469 0.2428276573097292 0.3241932617408518 0.4113593830339488 0.2764080282141662 0 2 39 -45 
71 0.4764082380852475 0.1949775028906894 -0.0001388850096077227 0.5056534159758993 0.4138747517310093 0.1084216639377315 0 2 46 -43 
72 0.165698879371638 0.4984391761786604 -0.0001554465485874429 0.1959941221961138 0.6046869798252514 0.1816006340502427 0 2 41 -36 
73 0.4683160418969127 0.4135969817117939 -0.0001388850096077157 0.476686008104463 0.4728249921252167 0.1084216639377315 0 2 42 -46 
74 0.2505201149498099 0.4110951418529935 0.2427980620682441 0.3242228569823368 0.4395842902352022 0.2504954854658584 0 2 45 -40 
75 0.2455966715288484 0.3191823594398484 -0.0001208911801514959 0.3666295340407248 0.3194241418001516 0.09129247186815156 0 2 44 -47 
76 0.245717462309 0.31930315022 0.091171480288 0.245717663109 0.31930335102 0.09117168108799999 0 2 47 -47 
77 0.4849406816685374 -0.0002208025378619478 -0.0002208025378619478 0.6960827000028776 0.0002208025378619478 0.0002208025378619478 0 2 6 -48 
78 0.6958244616400485 -3.743582496716126e-05 -3.743582496716115e-05 0.7145419457735637 3.743582496716126e-05 0.01099012067512782 0 2 49 -48 
79 0.5081941685796371 -0.0002208525378619477 0.01073183231229871 0.7147253624864585 0.0002208525378619477 0.4378095416811481 0 2 49 -50 
80 0.448529548243674 -0.0001196821813848802 0.4374690069619013 0.5085347032988839 0.0001196821813848802 0.4415244579052803 0 2 7 -50 
81 0.5053882966187159 -0.0001262343475756933 -0.0001262343475757031 0.6959881318125914 0.1952426222478728 0.0001262343475756984 0 2 48 -43 
82 0.7143616620535708 -0.0001428478950257356 0.01080983695513492 0.8108386598542968 0.16450321669133 0.1618115487908601 0 2 49 -51 
83 0.6228463716668262 0.1641560710514925 0.1614644031510226 0.8109001097040828 0.4865137034892386 0.2361544834207228 0 2 51 -52 
84 0.476303868241983 0.4134926118685293 0.1080395240752515 0.6232939242645101 0.4865526605972991 0.2361934405287834 0 2 46 -52 
85 0.6627575920156404 0.1640955628447558 0.1614038949442859 0.8109606179108195 0.1929870474668938 0.5280086814788026 0 2 53 -51 
86 0.6430983895358851 0.1792727930775145 0.5277040068477505 0.6630622666466925 0.192762110194849 0.5404041566264794 0 2 54 -53 
87 0.5082482139617516 -0.0001668071557475032 0.4374218819875386 0.6433050653711362 0.1794794689127656 0.5405310951027232 0 2 54 -50 
88 0.3841597858171412 0.07181073935736733 0.4900694520845054 0.6107788704954183 0.1860665314248277 0.5466828791414916 0 2 55 -17 
89 0.6105842676468434 0.1792475835323303 0.5402992097222881 0.6432033364400764 0.1860020850256282 0.546618432742292 0 2 54 -55 
90 0.5330847159700001 0.197341175214 0.367440182622 0.53308491677 0.197341376014 0.367440383422 0 2 56 -56 
91 0.5330059579113461 0.197262417155346 0.209844707255346 0.6119220334826541 0.197420134072654 0.367519141480654 0 2 57 -56 
92 0.5330847159700001 0.197341175214 0.209923465314 0.53308491677 0.197341376014 0.209923666114 0 2 57 -57 
93 0.5081151643386163 -0.0002998567788827608 0.4372888323644034 0.8421288893910642 0.0002998567788827608 0.6661233663301522 0 2 50 -58 
94 0.8415291758332987 -0.0002998567788827608 0.6655236527723867 0.8697514812727269 0.0002998567788827608 1.000299856778883 0 2 59 -58 
95 0.3732686925099391 -0.0002998067788827609 0.9997001932211173 0.8697514312727269 0.0002998067788827609 1.000299806778883 0 2 60 -59 
96 0.2697385099494397 -0.0002998567788827608 0.5723773641950909 0.3738683560677046 0.0002998567788827608 1.000299856778883 0 2 8 -60 
97 0.4375950937081311 -0.0001205680195806066 0.5567808413081311 0.678172146399869 0.0001205680195806066 0.797357893999869 0 2 61 -61 
98 0.6429714510596414 0.152732538372457 0.5401974807912284 0.7512430663884104 0.1794794689127654 0.6128644530070759 0 2 62 -54 
99 0.7509094520769155 -0.0001668071557475864 0.612530838695581 0.841995839767929 0.153066152683952 0.665990316707017 0 2 58 -62 
100 0.8564314450905725 -4.609076096582024e-05 0.9999539092390342 0.86949771525481 0.02301617124387585 1.000046090760966 0 2 59 -63 
101 0.7839827951058149 0.02277527219998218 0.8785788877914881 0.8566723441344661 0.1334281783800925 1.000194808282928 0 2 63 -64 
102 0.7509069544285992 0.1330640652931008 0.6125283410472647 0.7843469081928066 0.1530686503322682 0.8789430008784798 0 2 64 -62 
103 0.3733813631474067 -0.0001871361414152034 0.9998128638585848 0.467248406137839 0.05029308366243113 1.000187136141415 0 2 65 -60 
104 0.4668131782838213 0.02272198877030752 0.9997519082873975 0.8567256275641408 0.05035403923361844 1.000248091712602 0 2 63 -65 
105 0.6104800410674672 0.1639547928945791 0.5463840497135405 0.6447009261596232 0.1861063116050043 0.8545656232770671 0 2 55 -66 
106 0.4668329221886928 0.04987759971328488 0.8541679706652722 0.6447599691632904 0.164352445506374 1.000228347807731 0 2 65 -66 
107 0.6443368130726317 0.133038561814237 0.8542015101900756 0.7843724116716704 0.1643189059815706 0.8789685043573435 0 2 64 -66 
108 0.06702424484958003 -0.0002137615395130133 0.999786238460487 0.3737822608283349 0.0002137615395130133 1.000213761539513 0 2 25 -60 
109 0.08235745685018696 0.4225830317101569 0.9997889138741639 0.1882473920198836 0.4345198951481719 1.000211086125836 0 2 67 -26 
110 0.1878190013395364 0.04988864296650478 0.9997826954454888 0.467278574550935 0.4230114223905041 1.000217304554511 0 2 65 -67 
111 0.1878417662114622 0.4225995781534076 0.8395595947625641 0.4153891648544618 0.505943009897729 1.000194539682585 0 2 67 -68 
112 0.4149662773641457 0.1638957498909121 0.8395257866374186 0.6447599691632901 0.5059768180228745 0.8546246662807341 0 2 66 -68 
113 0.1285765396489229 0.5227347808567592 0.8200349973657272 0.3780231862367508 0.5263438997953216 0.856155095542427 0 2 27 -69 
114 0.3777528172717403 0.5167949661469475 0.8201891300075947 0.4068779343805928 0.5230051498217696 0.8246579586372625 0 2 70 -69 
115 0.4067894072310824 0.5057180612272048 0.8245694314877522 0.4152250341598155 0.5168834932964579 0.8397845434330884 0 2 68 -70 
116 0.406145187686 0.239228081191 0.80172241866 0.406145388486 0.239228281991 0.80172261946 0 2 71 -71 
117 0.406057297418744 0.239140190923744 0.6258533938807441 0.494123846009256 0.239316172258256 0.801810509727256 0 2 72 -71 
118 0.406145187686 0.239228081191 0.6259412841480001 0.406145388486 0.239228281991 0.6259414849480001 0 2 72 -72 
119 -0.0002086584421648145 0.5232162937709562 0.9997913415578352 0.0002086584421648145 0.9407501949849147 1.000208658442165 0 2 19 -73 
120 -0.0002087084421648146 0.6803130475076825 0.8400905697794421 0.0002087084421648146 0.9407502449849148 1.000208708442165 0 2 20 -73 
121 -0.00014624510631598 0.940395291436434 0.999853754893684 0.07319349826430631 1.000146245106316 1.000146245106316 0 2 74 -73 
122 0.07269394143216817 0.9996466882741779 0.9996466882741779 0.7067764633700956 1.000353311725822 1.000353311725822 0 2 74 -75 
123 0.5765620093385911 0.5668761917431886 0.9996466382741779 0.7067765133700956 1.000353361725822 1.000353361725822 0 2 75 -76 
124 0.1876829441682254 0.4224407561101708 0.9996466382741779 0.5772687327902354 0.5675829151948328 1.000353361725822 0 2 67 -76 
125 0.3469954554583122 0.6086486213193122 0.9998883370576577 0.5703444660276877 0.8319976318886878 1.000111662942342 0 2 77 -77 
126 0.03093287983088226 0.6689012995331741 0.7851182253209225 0.1470459963272766 0.7107561116795652 0.8179355408819785 0 2 28 -78 
127 0.1466291783185447 0.7103392936708334 0.7851280725564743 0.3962406225347764 0.9735163707815117 0.8223398752829102 0 2 79 -78 
128 0.395983662518976 0.9732594107657112 0.8220829152671097 0.3972104210396083 1.00005347462921 0.8380209108956311 0 2 80 -79 
129 0.07273041505874717 0.9996831619007569 0.8376505981671776 0.397473784509641 1.000316838099243 1.000316838099243 0 2 80 -74 
130 0.3968401083111547 0.9996831619007569 0.8376505981671776 0.571747764720026 1.000316838099243 0.8651816535868212 0 2 80 -81 
131 0.5711643366863799 0.999733410065597 0.8645982255531751 0.7049171837567028 1.000266589934403 0.968209728247158 0 2 81 -82 
132 0.7045863294989253 0.9999357356766255 0.9678788739893806 0.706487415967648 1.000064264323375 1.000064264323375 0 2 82 -75 
133 0.5765251143846113 0.5942391328561294 0.8496425568789365 0.6397373417994617 0.8026557607871252 0.8591344216872538 0 2 83 -84 
134 0.6393010432749088 0.8022194622625722 0.8586981231627009 0.7048404631224178 1.000189869300118 0.968133007612873 0 2 82 -83 
135 0.5685421640045121 0.5628889102137279 0.874332320449749 0.5771099107469989 0.5674240931515964 1.000194539682586 0 2 85 -76 
136 0.5686737990627292 0.563020545271945 0.849826081479003 0.5768344482334148 0.5945484667049329 0.8745897647567031 0 2 84 -85 
137 0.4150000854892912 0.5055539305325584 0.8395595947625641 0.568931243369683 0.5632779895788989 0.8747213998149199 0 2 68 -85 
138 0.4585582978006577 0.7202114636616577 0.9195804056476578 0.5703444660276877 0.7204347895463423 1.000111662942342 0 2 86 -77 
139 0.458669860343 0.720323026204 0.9196919681900001 0.458670061143 0.720323227004 0.9196921689900001 0 2 86 -86 
140 0.558276583524528 0.9719643876098815 0.8463706400682092 0.571486986126552 1.000056059505769 0.8649208749933472 0 2 81 -87 
141 0.3958016258590941 0.9717849358265583 0.8219008786072279 0.5585681543193894 0.9735483966840139 0.8466622108630706 0 2 79 -87 
142 0.5581340035625544 0.8022106920949474 0.8462280601062355 0.6396895520427696 0.9722190865833934 0.8590866319305617 0 2 83 -87 
143 -0.0001190173269145001 0.9404225192158354 0.9998809826730854 0.0001190173269145001 1.000119017326915 1.000119017326915 0 2 73 -88 
144 -0.0003230228590203574 0.9996769771409797 0.3546786576340412 0.0003230228590203574 1.00032302285902 1.00032302285902 0 2 89 -88 
145 -0.000119629147854469 0.940141096924911 0.3540349528114307 0.000119629147854469 1.000119629147854 0.355121309640916 0 2 89 -90 
146 -0.0003230728590203573 0.6707920539548748 0.3538315091002648 0.0003230728590203573 0.9405837989317858 0.6416948364590921 0 2 90 -21 
147 -3.662377657899507e-05 0.999963376223421 0.999963376223421 0.07308387693456932 1.000036623776579 1.000036623776579 0 2 88 -74 
148 -0.0003226493097534811 0.9996773506902465 0.3546790311833081 0.3675516655046639 1.000322649309753 0.421852585232983 0 2 89 -91 
149 0.366906366885157 0.9996773506902465 0.4212072866134761 0.3974795957201513 1.000322649309753 0.8382900855761741 0 2 80 -91 
150 0.09683680179858384 0.9998850716884379 0.4284772374695838 0.3265858916434162 1.000114928311562 0.6582263273144161 0 2 92 -92 
151 0.3670731112237535 0.8217672358236574 0.418899428564134 0.3673221435682067 1.000093127373296 0.4216230632965258 0 2 93 -91 
152 0.3486533908944417 0.8020693470583686 0.4153262134905927 0.3672058418228753 0.8218999664227792 0.4190321591632558 0 2 94 -93 
153 0.2892387673150579 0.7803114286361424 0.4041902620473053 0.3488117654312557 0.8022277215951826 0.4154845880274068 0 2 94 -95 
154 0.2189987655377295 0.7569514934017441 0.3911166271039805 0.2894980754984782 0.7805707368195627 0.4044495702307256 0 2 95 -96 
155 -0.0001957287319885315 0.7568963015421873 0.3539588532272966 0.2193350311421498 0.9404564548047539 0.3914528927084009 0 2 90 -96 
156 0.003907591416835568 0.6694654399819734 0.3910438313542705 0.2193526350323031 0.7573053628963177 0.6401398357138423 0 2 96 -29 
157 0.3669307273079574 0.8216248519078614 0.418757044648338 0.3962726484372787 0.9735483966840139 0.8223719011854125 0 2 93 -79 
158 -0.0003208360318000358 0.9399398900409655 -0.0003208360318000258 0.0003208360318000358 0.9753665424608992 0.3544754179910852 0 2 97 -90 
159 -0.0003207860318000358 0.5094113178837997 -0.0003207860318000358 0.0003207860318000358 0.9753664924608992 0.0003207860318000358 0 2 32 -97 
160 -0.0001163470399088475 0.5614676586672541 0.1028604815242541 0.0001163470399089862 0.6779472926559088 0.3355870554217458 0 2 98 -99 
161 -0.0001163470399088475 0.6777145985760912 0.1028604815242541 0.0001163470399089862 0.7941942325647459 0.3355870554217458 0 2 99 -98 
162 0.1596651424094009 0.7559262633593359 -0.0001957287319882817 0.2208201604090319 0.8442793445458783 0.3889420185181219 0 2 100 -101 
163 0.2191341802617807 0.7561168699429436 0.388741167637753 0.2206295538254242 0.7570971524225564 0.391262286124793 0 2 100 -96 
164 -0.0002339738761729521 0.8438496419377171 -0.0002339738761729474 0.1600948450175622 0.9752796803052721 0.0002339738761729474 0 2 101 -97 
165 0.1596268972652163 0.604297559400491 -0.0002339738761729474 0.1660882997963984 0.844317589690063 0.0002339738761729474 0 2 101 -41 
166 -0.0001163470399088498 0.6777145985760912 0.1028604815242541 0.09594453234373872 0.6779472926559088 0.3355870554217458 0 2 99 -98 
167 0.2095245260182378 0.498267492672834 0.2734816217182469 0.2208385195128797 0.7563360799271602 0.3889603776219697 0 2 38 -100 
168 0.381479789928 0.5282453344 0.598139471025 0.381479990728 0.5282455351999999 0.5981396718249999 0 2 102 -102 
169 0.381397625161273 0.5281631696332729 0.433727172804273 0.463727222221727 0.528327699966727 0.598221836591727 0 2 103 -102 
170 0.381479789928 0.5282453344 0.433809337571 0.381479990728 0.5282455351999999 0.433809538371 0 2 103 -103 
171 0.6957685402780193 -9.335718699645526e-05 -9.335718699645526e-05 0.8824693286449204 9.335718699645526e-05 9.335718699645526e-05 0 2 48 -104 
172 0.7144111027616 -9.340718699645525e-05 -9.340718699645499e-05 0.8824693786449205 9.340718699645525e-05 0.01104609203715712 0 2 104 -49 
173 0.468304903152902 0.4725360833619905 -0.0001500237536184711 0.5408440747674526 0.547772707678463 0.0001500237536184711 0 2 105 -42 
174 0.5404200895218716 0.4776498476917937 -0.0002739614919624223 1.000273961491962 0.5478966454168069 0.0002739614919624223 0 2 106 -105 
175 0.9997649552008795 0.007799466143684125 -0.0002350447991204758 1.00023504479912 0.4781588539828766 0.0002350447991204758 0 2 107 -106 
176 0.8821405728008399 -0.000235398657084154 -0.0002353986570841537 1.000235398657084 0.008269909599888759 0.0002353986570841537 0 2 107 -104 
177 0.6180284269013427 0.2776310084943427 -0.000105456510420237 0.8289521607626573 0.4885547423556572 0.000105456510420355 0 2 108 -108 
178 0.9997771631812432 0.007811674124047763 -0.0002228368187568372 1.000222836818757 0.1196004571399808 0.1065743487606684 0 2 107 -109 
179 0.8105529640642453 0.1192347724261981 0.1062086640468857 1.000142847895026 0.1645032166913301 0.1618115487908602 0 2 51 -109 
180 0.5404578372688061 0.5275365961993846 -0.000236213745027955 0.659086626550711 0.5478588976698724 0.2292292536030892 0 2 110 -105 
181 0.622967642203238 0.4862263785360268 0.2289100126496613 0.658933440014083 0.5278558371528125 0.2360332128843111 0 2 52 -110 
182 0.6586797378620859 0.4766513547369127 0.1312455757223807 1.000170674943597 0.5279434848880098 0.2291637148016585 0 2 111 -110 
183 0.9997649052008796 0.4765869348813894 -0.0002350947991204694 1.000235094799121 0.4781589039828766 0.1316513454650984 0 2 106 -111 
184 0.9997649052008796 0.1191425255221035 0.1061164171427911 1.000235094799121 0.4770571244796304 0.1316513454650984 0 2 109 -111 
185 0.7233848373215798 0.3829874189145798 -0.0001054565104201197 0.8289521607626573 0.3831983319354202 0.07584460957742023 0 2 108 -112 
186 0.7234901934320001 0.383092775025 0.075739052667 0.723490394232 0.383092975825 0.07573925346699999 0 2 112 -112 
187 0.8821406230008398 -0.000235348457084152 -0.000235348457084152 1.000235348457084 0.000235348457084152 0.000235348457084152 0 2 104 -113 
188 0.9997555375010972 -0.0002444624989027978 -0.0002444624989028088 1.000244462498903 0.0002444624989027978 0.4889691603044984 0 2 113 -114 
189 0.8414959707074058 -0.0003330619047756347 0.48839163590082 1.000333061904776 0.0003330619047756347 0.6661565714560451 0 2 114 -58 
190 0.6208522426024727 -0.0001307044810709923 0.2635309342834727 0.8821872436255274 0.0001307044810709923 0.5248659353065273 0 2 115 -115 
191 0.9999838305781144 -1.616942188560882e-05 -1.616942188560921e-05 1.000016169421886 0.008050680364690215 1.616942188560921e-05 0 2 113 -107 
192 0.9997694904826037 -0.0002305095173963101 0.3733147295900425 1.000230509517396 0.1140408123342319 0.4889552073229919 0 2 114 -116 
193 0.9997554875010972 0.1135657903179328 0.1061069994430088 1.000244512498903 0.1196221328201267 0.3737897516063416 0 2 116 -109 
194 0.7554342159710075 0.1136640635316135 0.3733989998222166 1.000146239285222 0.1689821589502115 0.5916723918745899 0 2 117 -116 
195 0.751033815846139 0.1528569021416804 0.5914837092028437 0.7556228986427537 0.1688783630515134 0.6127400892378526 0 2 62 -117 
196 0.6628371814526107 0.1686507031504112 0.5275586590126761 0.7557656717708078 0.1929074580299235 0.5917113691039458 0 2 117 -53 
197 0.9996866724695537 -0.0003133275304462807 0.4884113702751493 1.000313327530446 0.0003133275304462807 1.000313327530446 0 2 114 -118 
198 0.8691958866927469 -0.0002557378010972022 0.9997442621989028 1.000255737801097 0.0002557378010972022 1.000255737801097 0 2 59 -118 
199 0.9996866724695537 -0.0003133275304462724 0.9996866724695537 1.000313327530446 0.333794500038278 1.000313327530446 0 2 118 -119 
200 0.9998660682777908 0.3333472407856226 0.9329755071732027 1.000133931722209 0.3960424182693049 1.000133931722209 0 2 119 -120 
201 0.9996866224695538 0.3955951090166494 0.5830883242896341 1.000313377530446 0.4885424691605293 0.9334228164258581 0 2 120 -121 
202 0.9996866224695538 0.1134969252863894 0.3732318615769925 1.000313377530446 0.4885424691605293 0.5837150793505266 0 2 116 -121 
203 0.9998749914896251 0.09497104572253814 0.5134850412495382 1.000125008510375 0.3449158369094618 0.7634298324364619 0 2 122 -122 
204 0.8563106451152844 0.02280318974665613 0.9998331092637461 0.9564508010119253 0.3056432085244145 1.000166890736254 0 2 123 -63 
205 0.9561963274962227 0.3053887350087119 0.9999124172205514 1.000087582779449 0.3335687552872804 1.000087582779449 0 2 123 -119 
206 0.9143233726473939 0.4727961737462526 0.5832305903882388 1.000171111431841 0.4884002030619246 0.6404860855204326 0 2 124 -121 
207 0.7553931457118229 0.1686486101205826 0.591338843044961 0.9146817936236422 0.4731545947225009 0.6405022836329978 0 2 117 -124 
208 0.9208708018006053 0.3957504438361187 0.8576907728011989 1.000158042710977 0.4157159022998985 0.9332674816063888 0 2 120 -125 
209 0.8941350462173221 0.3418646862470772 0.8577776397699319 0.9211000202538262 0.4156290353311654 0.9183943438265859 0 2 126 -125 
210 0.8940427678957343 0.305312863724329 0.9181597140205103 0.9564473643395031 0.3420993160531527 1.000163454063832 0 2 126 -123 
211 0.9143195300606978 0.4153829055703838 0.6401400200700533 0.92120379853012 0.4731422391966318 0.8580237695307136 0 2 125 -124 
212 0.7840180203479895 0.1330737870564114 0.8786141130336627 0.8943658050003193 0.3420954450300743 0.9184827511250953 0 2 126 -64 
213 -0.0001776009902465308 0.9998223990097534 -0.0001776009902465236 0.0001776009902465308 1.000177600990247 0.3551792814833081 0 2 127 -89 
214 -5.00089871418017e-05 0.9749956974419574 -5.00089871418017e-05 5.00089871418017e-05 1.000050008987142 5.00089871418017e-05 0 2 97 -127 
215 -0.0002872399814820015 0.9997127600185181 -0.0002872399814819977 0.5315995763940385 1.000287239981482 0.0002872399814819977 0 2 127 -128 
216 0.5311886040368198 0.9998762676242632 -0.0001237323757368632 0.5744033953397323 1.000123732375737 0.06191462024416795 0 2 129 -128 
217 0.5475232076496828 0.999712710018518 0.06150359788694909 0.5745669529454774 1.000287289981482 0.2357627793121633 0 2 130 -129 
218 0.3669417262134285 0.999712710018518 0.2351881993491993 0.5480977876126467 1.000287289981482 0.4218172259047115 0 2 130 -91 
219 0.1562167114747411 0.9998919472602781 0.1456139169497412 0.3721902509452588 1.000108052739722 0.3615874564202589 0 2 131 -131 
220 0.1595950648231829 0.8438178094956837 -0.0002658063182062783 0.5315781427307629 1.000265806318206 0.0002658063182062783 0 2 101 -128 
221 0.2204868650631456 0.7559844254774261 0.3886087231722356 0.2894951052399444 0.780567766561029 0.4044465999721918 0 2 100 -95 
222 0.3486338509060885 0.8020498070700154 0.4074762888004169 0.3782735444238091 0.8168452035254069 0.4154249599305971 0 2 132 -94 
223 0.3781428780241826 0.8167145371257803 0.2666809336408105 0.5163316918270345 0.9158938201867433 0.4076069552000434 0 2 133 -132 
224 0.5161575877071077 0.9157197160668165 0.06168830693395209 0.5743822438984745 1.000102580934479 0.2668550377607372 0 2 133 -129 
225 0.5161316632994791 0.9156937916591879 0.2353469839885737 0.5479390029732724 1.000128505342108 0.2668809621683658 0 2 133 -130 
226 0.3671432239492041 0.8167630456633824 0.40751241736675 0.3782374158574759 0.8218833778447994 0.4190155705852759 0 2 132 -93 
227 0.5918851157312921 0.5824272535098673 0.3406166586612189 0.637852727729825 0.6519754397616526 0.3684467109189924 0 2 134 -135 
228 0.520942767063142 0.6517189925161238 0.3681902636734636 0.592141562976821 0.7954909781017668 0.3757221264314419 0 2 136 -134 
229 0.5161316632994796 0.7952446677178197 0.266623951484151 0.5211890774470892 0.9159508023434026 0.375732826731709 0 2 136 -133 
230 0.5742470214117513 0.9999673584477559 0.01552477573112287 0.5963277824530268 1.000032641552244 0.06182352942067521 0 2 129 -137 
231 0.5960589271557547 0.5763890061372881 0.01532120353833903 0.6798121289170345 1.000236213745028 0.2589457289963674 0 2 137 -138 
232 0.6376034436722501 0.5765145780284299 0.2585988733974533 0.6796865570258926 0.5826765375674423 0.3408659427187938 0 2 135 -138 
233 0.5311986079065819 0.9998862714940253 -0.0001137285059747333 0.588240117905898 1.000113728505975 0.0001137285059747333 0 2 128 -139 
234 0.5404302439173918 0.5473588768284022 -0.0002638070964421954 0.5883901964963656 1.000263807096442 0.0002638070964421954 0 2 105 -139 
235 0.5880951239653566 0.9999687345654332 -3.12654345667341e-05 0.5963264063353494 1.000031265434567 0.01558868271793371 0 2 137 -139 
236 0.6587526075858072 0.5276750047245367 0.2288952346381854 0.6796737203918825 0.5767230251021919 0.2588073204712152 0 2 138 -110 
237 0.406608817049 0.688567538492 0.24929355605 0.406609017849 0.688567739292 0.24929375685 0 2 140 -140 
238 0.406514100379214 0.688472821822214 0.05976489980821401 0.501420704304786 0.688662455961786 0.249388473519786 0 2 141 -140 
239 0.406608817049 0.688567538492 0.05985961647800001 0.406609017849 0.688567739292 0.05985981727800001 0 2 141 -141 
240 0.9999041680614956 0.4881332596915786 0.5380496307202205 1.000095831938504 0.5361655928207926 0.5834975337585847 0 2 142 -121 
241 0.999761324755061 0.489521930966838 0.1400555026795613 1.000238675244939 0.5363084361272272 0.5383841379036639 0 2 143 -142 
242 0.9999739722469375 0.4767960019274474 0.1313902229129153 1.000026027753063 0.4897866339648397 0.1403202056775629 0 2 111 -143 
243 0.6794052402284093 0.5764545449387187 0.2433826426747859 0.821455494324289 0.5926141054544868 0.2588801901949366 0 2 138 -144 
244 0.8211141444370945 0.4895899312681798 0.1401235029809031 1.000170674943597 0.5926141054544868 0.2437239925619804 0 2 144 -143 
245 0.8815079467624239 0.5359239692119677 0.5379996709884044 1.00014579167032 0.5964627797413046 0.5400886633662441 0 2 145 -142 
246 0.8469860990819813 0.4728907163620431 0.5792627355685296 0.9145710528952865 0.5729121681328663 0.6403915429046421 0 2 146 -124 
247 0.8469860990819812 0.5727590305007642 0.5398663028798725 0.8817303072487955 0.5963935568870352 0.5794158732006317 0 2 145 -146 
248 0.8139561515236273 0.5922435060140039 0.2433533931214974 0.8214847438775774 0.6219935358965023 0.4648367498874341 0 2 144 -147 
249 0.8140053635279021 0.5961662755783732 0.4644861128979375 0.8818044509253553 0.6219443238922275 0.5400935841885345 0 2 147 -145 
250 0.844048414765 0.352413156882 0.493635211828 0.844048615565 0.352413357682 0.493635412628 0 2 148 -148 
251 0.843956889033322 0.352321631150322 0.310491622740322 0.935666172974678 0.352504883413678 0.493726938359678 0 2 149 -148 
252 0.844048414765 0.352413156882 0.310583148472 0.844048615565 0.352413357682 0.310583349272 0 2 149 -149 
253 0.653366923535 0.404527100365 0.782439749125 0.653367124335 0.404527301165 0.782439949925 0 2 150 -150 
254 0.653282818482283 0.404442995312283 0.6141449386382829 0.7375565821047171 0.404611406217717 0.782524054977717 0 2 151 -150 
255 0.653366923535 0.404527100365 0.614229043691 0.653367124335 0.404527301165 0.6142292444909999 0 2 151 -151 
256 0.5765310971122225 0.3050920438359698 0.9996157260478092 0.9566681842278622 0.5676138274212015 1.000384273952191 0 2 76 -123 
257 0.4836893573809431 0.2713074090659431 0.9998966416188421 0.6904126364590568 0.4780306881440569 1.000103358381158 0 2 152 -152 
258 0.5685428299338033 0.3417419882360266 0.8743329863790402 0.8944000957128604 0.5632773236496079 0.9185170418376364 0 2 85 -126 
259 0.586947638538842 0.3745656902238421 0.929410296310842 0.6904126364590568 0.3747724069861579 1.000103358381158 0 2 153 -152 
260 0.58705089652 0.374668948205 0.929513554292 0.5870510973199999 0.374669149005 0.929513755092 0 2 153 -153 
261 0.7060757896531675 0.999652638008894 0.999652638008894 0.9152691798415941 1.000347361991106 1.000347361991106 0 2 75 -154 
262 0.9145744058593822 0.6590718299392616 0.9996525880088941 1.000347411991106 1.000347411991106 1.000347411991106 0 2 154 -155 
263 0.9998369308152887 0.3333181033231205 0.9998369308152887 1.000163069184711 0.6595823111150788 1.000163069184711 0 2 119 -155 
264 0.6513813364608075 0.5179500172368076 0.9998886367242565 0.8741304144991925 0.7406990952751925 1.000111363275743 0 2 156 -156 
265 0.7045453080602857 0.9998947142379859 0.967837852550741 0.888273131106295 1.000105285762014 0.9729185744580123 0 2 82 -157 
266 0.888113321321673 0.999945475977392 0.9727587646733903 0.9149763418730961 1.000054524022608 1.000054524022608 0 2 157 -154 
267 0.7769042051515243 0.4152557136821949 0.7634114447294917 0.9213309904183089 0.6207638456713014 0.8581509614189025 0 2 158 -125 
268 0.7769898156997506 0.6202451644060745 0.7634970552777181 0.8883843807027813 1.0002165353585 0.9730298240544986 0 2 157 -158 
269 0.9998368808152888 0.3957453673623844 0.9329463197107006 1.000163119184711 0.6595823611150787 1.000163119184711 0 2 155 -120 
270 0.7626445122042566 0.6292131929802566 0.9072713104642566 0.8741304144991925 0.6294359195317435 1.000111363275743 0 2 159 -156 
271 0.76275577508 0.6293244558560001 0.9073825733400001 0.76275597588 0.629324656656 0.90738277414 0 2 159 -159 
272 0.7159957560572041 0.6203394227286445 0.7635913136002881 0.7773286280941811 0.638604667795086 0.7720030718110795 0 2 158 -160 
273 0.6392922731072839 0.6382837512914128 0.7716821553074064 0.7163166725608773 0.8026079710304331 0.8590866319305618 0 2 160 -83 
274 0.518787405136 0.719575148596 0.715662214577 0.5187876059359999 0.719575349396 0.7156624153769999 0 2 161 -161 
275 0.5187073653775069 0.719495108837507 0.5555020578325069 0.598907704187493 0.719655389154493 0.7157424551354929 0 2 162 -161 
276 0.518787405136 0.719575148596 0.555582097591 0.5187876059359999 0.719575349396 0.5555822983909999 0 2 162 -162 
277 0.6205349950449409 0.827075983025533 0.4761636072629515 0.748047176268916 1.000128505342108 0.4924143788870867 0 2 163 -164 
278 0.558097131741205 0.8269689770785483 0.4760566013159669 0.6208990116761406 0.9722559584047428 0.8466622108630705 0 2 87 -164 
279 0.5711160818077045 0.9996851551869216 0.4919710287319007 0.7482335157398869 1.000314844813079 0.8651796603006565 0 2 81 -163 
280 0.5474956528180863 0.9996851551869216 0.2351606445176029 0.7482335157398869 1.000314844813079 0.4926007183580576 0 2 163 -130 
281 0.4256731859469265 0.9998870820731667 0.4070006285769265 0.6513998897710734 1.000112917926833 0.6327273324010734 0 2 165 -165 
282 0.5209320667628748 0.7952446677178197 0.3754758160474947 0.6207920057291556 0.8273329937097477 0.4764206179471663 0 2 164 -136 
283 0.596046279605045 0.9997511387042624 -0.0002488612957376795 0.9676271953132638 1.000248861295738 0.01580627857910466 0 2 166 -137 
284 0.9673129902855612 0.999934656268035 -6.534373196494771e-05 1.000065343731965 1.000065343731965 6.534373196494771e-05 0 2 166 -167 
285 0.9998113892323737 0.9998113892323737 -0.0001886107676263848 1.000188610767626 1.000188610767626 0.3772098460203693 0 2 167 -168 
286 0.9883727052132742 0.9997590472875547 0.3767802825402977 1.000240952712445 1.000240952712445 0.4976632441878042 0 2 168 -169 
287 0.7476698096310709 0.9997511387042624 0.4920370122492415 0.9888625192214572 1.000248861295738 0.4976711527710967 0 2 163 -169 
288 0.9998681111483667 0.9316513669334886 -0.0001318888516332536 1.000131888851633 0.9977842704533814 0.03850497666711529 0 2 170 -171 
289 0.9673618730345349 0.9976359206187568 -1.64609829912369e-05 1.000016460982991 1.000016460982991 1.64609829912369e-05 0 2 166 -171 
290 0.8210730318406324 0.5922316429708302 0.03816130027542265 1.000211787540059 0.9319950433251812 0.2437651051584425 0 2 170 -144 
291 0.9998113392323736 0.9315945950174955 0.03818442704785566 1.000188660767626 1.000188660767626 0.3772098960203693 0 2 170 -168 
292 0.8139264512686826 0.6215639866477862 0.4644072006387179 0.98884328267755 1.000229624751831 0.4976519162271894 0 2 147 -169 
293 0.7239465882026421 0.6099480337750809 0.4617303427591336 0.8142349902385192 0.6218725256176229 0.4647157396085545 0 2 147 -172 
294 0.6205456953452084 0.6099091429512471 0.4616914519352998 0.7241433074624883 0.8273222934094805 0.4764099176468991 0 2 172 -164 
295 0.9999952043632035 0.9976475859649516 -4.795636796503866e-06 1.000004795636797 1.000004795636797 4.795636796503866e-06 0 2 171 -167 
296 0.77947095836 0.863882248467 0.417283647535 0.77947115916 0.863882449267 0.417283848335 0 2 173 -173 
297 0.779385801286036 0.863797091393036 0.246883742533036 0.8647136901979641 0.863967606340964 0.417369005408964 0 2 174 -173 
298 0.77947095836 0.863882248467 0.246968899607 0.77947115916 0.863882449267 0.246969100407 0 2 174 -174 
299 0.5878652511545153 0.9997388617545919 -0.0002611382454081219 0.9676394722629342 1.000261138245408 0.0002611382454081219 0 2 139 -166 
300 0.9997394846740394 0.4776632938577955 -0.0002605153259606192 1.000260515325961 0.9979128969277087 0.0002605153259606192 0 2 106 -171 
301 0.645311146716717 0.5322328391417169 -0.0001188267410841988 0.8830020823672831 0.769923774792283 0.0001188267410842265 0 2 175 -175 
302 0.9997394346740394 0.4895000408858165 0.03811252248952142 1.000260565325961 0.9320438211110825 0.140554743250461 0 2 143 -170 
303 0.7640377878009158 0.6509594802259158 -0.0001188267410841687 0.8830020823672831 0.6511971337080842 0.09022831035308419 0 2 175 -176 
304 0.764156514142 0.651078206567 0.090109383212 0.764156714942 0.651078407367 0.09010958401199999 0 2 176 -176 
305 0.9996978540932735 0.659117096023641 0.9996978540932735 1.000302145906727 1.000302145906727 1.000302145906727 0 2 155 -177 
306 0.9996978540932735 0.9996978540932735 0.7614274877800148 1.000302145906727 1.000302145906727 1.000302145906727 0 2 178 -177 
307 0.9996978040932736 0.8271506056163299 0.5711491427767436 1.000302195906726 1.000302195906726 0.7620318295934677 0 2 178 -179 
308 0.9996978040932736 0.5357675649755618 0.5378432667519985 1.000302195906726 0.8277549974297828 0.5717535345901964 0 2 179 -142 
309 0.9998812603569852 0.5758021330639403 0.6450339927929404 1.000118739643015 0.8132127371660597 0.8824445968950597 0 2 180 -180 
310 0.914751561086189 0.999829743235701 0.999829743235701 1.000170256764299 1.000170256764299 1.000170256764299 0 2 154 -177 
311 0.8880485600111243 0.9998807146668434 0.7616103483535847 1.000119285333157 1.000119285333157 0.9729325740291549 0 2 157 -178 
312 0.8815079467624238 0.5961711964006635 0.539797080025603 1.00014579167032 0.8275985931933769 0.5715971303537906 0 2 179 -145 
313 0.7769898156997507 0.5726190639583151 0.5791227690260804 0.8472792032565325 0.620678235123075 0.7639301259947185 0 2 158 -146 
314 0.988590734641571 0.9999770767158515 0.4973993681912104 1.000022923284149 1.000022923284149 0.5085822925478202 0 2 169 -181 
315 0.9998733147177885 0.9998733147177885 0.5084326839814601 1.000126685282211 1.000126685282211 0.7618563189689528 0 2 181 -178 
316 0.9998732647177885 0.8273260662408448 0.5084326339814601 1.000126735282212 1.000126735282212 0.5715780739656815 0 2 181 -179 
317 0.773093611351 0.840918033212 0.712624123438 0.7730938121509999 0.8409182340119999 0.7126243242379999 0 2 182 -182 
318 0.773011959314918 0.840836381175918 0.549237799237918 0.8548278002690819 0.840999886048082 0.7127059762740819 0 2 183 -182 
319 0.773093611351 0.840918033212 0.5493194512740001 0.7730938121509999 0.8409182340119999 0.549319652074 0 2 183 -183 
320 0.9997368233319781 0.9997368233319781 0.3767580585847211 1.000263176668022 1.000263176668022 0.5088225459316935 0 2 168 -181 
321 0.9998778296080807 0.6189516593025264 0.2348157538295265 1.000122170391919 0.8630741503614736 0.4789382448884735 0 2 184 -184 
322 0.8418289326121815 -1.337093408301458 0.6658234095512695 1.63545532882876 9.999999994736442e-08 1.130405302857623 0 2 185 -58 
323 0.5138691094852998 -1.337093408301458 0.3674285334309486 1.635455328828761 -1.25565463148932 1.130405302857624 0 2 185 -186 
324 0.4811336523792192 -1.255654831489321 0.3674285334309487 0.5138693094853003 -0.03631046541504435 0.4167768728688591 0 2 187 -186 
325 0.4811336523792192 -0.03631066541504457 0.4167766728688589 0.5084151211174992 1.000000000861423e-07 0.4375887891432862 0 2 50 -187 
326 1.445606696320663 -0.4404715937361258 -0.5127310037806178 2.292550513048696 0.01349195706824147 -0.02386059100163263 0 2 188 -189 
327 0.9999998999999999 0.01349175706824118 -0.02386079100163291 1.445606896320663 0.1138104028168357 0.373545339107439 0 2 116 -188 
328 1.63545512882876 -1.454565203069603 0.3321598103957585 2.454565203069604 -1.337093208301458 1.130405302857623 0 2 190 -185 
329 2.292550313048696 -1.454565203069604 -0.5127310037806179 2.454565203069604 -0.4404713937361253 0.3321600103957592 0 2 189 -190 
330 0.9516376414173358 -1.475068070023895 -1.475068070023895 1.895924536697713 -1.372176945139767 -1.315180137890602 0 2 191 -192 
331 1.895924336697712 -1.492940946910472 -1.533754576133215 2.533754576133215 -1.475067870023895 -1.475067870023894 0 2 193 -192 
332 2.292550313048696 -1.492940946910473 -1.533754576133215 2.533754576133215 -0.4404713937361252 -0.5127308037806172 0 2 189 -193 
333 0.9999998999999997 0.01349175706824107 -0.02386079100163302 1.445606896320663 0.1193777203212242 0.1063516119419118 0 2 109 -188 
334 0.6246469170649858 -0.1535380016683086 -0.1298393896442419 0.7145046099485967 1.000000001000201e-07 0.01095278485016082 0 2 194 -49 
335 0.6246469170649855 -1.372177145139768 -1.315180337890603 0.9516378414173363 -0.153537801668308 -0.1298391896442412 0 2 194 -191 
336 0.4811336523792192 -0.1535380016683085 -0.1298393896442418 0.624647117064986 -0.03631046541504444 0.416776872868859 0 2 187 -194 
337 1.751471740525984 2.295112540085773 0.7715228367696313 2.424945604848241 2.42494560484824 0.8153233607211949 0 2 195 -196 
338 2.248672712577053 0.490828556706441 0.5866684209131507 2.424945604848241 2.42494560484824 0.8153233607211954 0 2 197 -195 
339 1.069579747042312 0.4908285567064413 0.5370886039219082 2.248672912577054 0.5006484390562121 0.5866686209131515 0 2 198 -197 
340 0.9999998999999999 0.5006482390562118 0.5370886039219084 1.069579947042312 0.5360698608822883 0.5381455626587249 0 2 142 -198 
341 0.9999998999999997 0.8274527015230559 0.5714512386834697 1.751471940525984 2.295112740085774 0.7715230367696316 0 2 196 -179 
342 0.9999998999999999 0.4882289916300829 0.5370886039219084 1.069579947042312 0.5006484390562119 0.5834018018200804 0 2 121 -198 
343 0.9999999000000001 0.04950111318600275 0.9331093388954118 2.392216665316722 0.395908586547096 2.259911533144709 0 2 199 -120 
344 2.248672712577053 0.04950111318600248 0.5866684209131507 2.392216665316722 0.4908287567064419 2.259911533144709 0 2 197 -199 
345 0.8881677453442806 0.9999998999999996 0.9728131886959979 1.265343065289292 2.290108933123786 1.683575299425713 0 2 200 -157 
346 1.265342865289291 2.290108733123785 0.7715228367696308 1.751471940525984 2.295112740085774 1.683575299425713 0 2 196 -200 
347 2.392216465316721 0.04950111318600287 2.259911333144709 2.453463868136242 0.5668056334190419 2.453463868136242 0 2 201 -199 
348 1.265342865289291 2.290108733123785 1.683575099425712 2.02306958572149 2.509163488458522 2.509163488458522 0 2 202 -200 
349 2.023069385721489 0.5668054334190413 2.453463668136242 2.453463868136242 2.509163488458522 2.509163488458522 0 2 202 -201 
350 0.05171358554755284 0.373011316848312 0.9999998999999998 0.1880364058940476 0.4227942178359931 1.096167109694289 0 2 203 -67 
351 -0.7326604879954425 0.09181104269917351 1.096166909694289 0.05171378554755307 0.3730115168483122 2.242634648875148 0 2 204 -203 
352 -0.7326604879954425 0.09181104269917345 2.242634448875148 0.6594071177934054 0.6090480690423579 2.265546851130782 0 2 205 -204 
353 0.576915271064413 0.5672294534690103 0.9999998999999997 0.6594071177934054 0.6090480690423579 2.265546851130782 0 2 76 -205 
354 -0.07632376948189529 -0.2989989193271879 0.9999998999999997 0.4670613699964239 0.05010604752101612 1.445814553335137 0 2 206 -65 
355 -0.07632376948189529 -0.298998919327188 1.096166909694288 0.05171378554755318 0.3730115168483123 1.445814553335137 0 2 203 -206 
356 -0.5689515316067812 -1.010081417715071 1.445814353335136 -0.07632356948189481 -0.2989987193271875 2.304576292047244 0 2 206 -207 
357 0.8564774358515378 -1.247323566266316 0.9999998999999993 1.68941249530653 0.02297018048291055 2.396593581943623 0 2 208 -63 
358 -0.5689515316067812 -1.247323566266316 2.304576092047243 1.68941249530653 -1.01008121771507 2.396593581943623 0 2 207 -208 
359 0.6594069177934048 -0.3011605109918336 2.265546651130782 1.989171463901809 0.6090480690423579 2.358990378568849 0 2 209 -205 
360 0.9562838102756711 -0.3011605109918335 0.9999998999999996 1.989171463901808 0.3054764177881609 2.358990378568849 0 2 123 -209 
361 1.689412295306529 -1.247323566266316 2.358990178568849 1.989171463901809 -0.3011603109918327 2.396593581943623 0 2 208 -209 
362 0.4486491304250588 -0.03631066541504459 0.4167766728688589 0.4811338523792194 1.000000001104284e-07 0.4414048757238954 0 2 7 -187 
363 1.63545512882876 -1.434990343885286 1.130405102857623 1.798585314794693 -1.337093208301458 2.434990343885286 0 2 185 -210 
364 1.68941229530653 -1.434990343885286 2.396593381943623 1.798585314794693 -1.247323366266315 2.434990343885285 0 2 208 -210 
365 -0.07632376948189529 -0.2989989193271879 0.6439872598232098 0.1712578642512003 -0.06219897151315043 1.445814553335137 0 2 211 -206 
366 0.1712576642512 -0.06219917151315081 0.5726771209739735 0.2700384667283226 1.000000001416534e-07 0.6439874598232103 0 2 8 -211 
367 -0.5147151310145606 -1.285869530090219 0.3674285334309488 0.5138693094853004 -1.25565463148932 1.122773847722504 0 2 212 -186 
368 -0.5147151310145605 -1.285869530090219 0.6439872598232099 0.1712578642512003 -0.06219897151315046 1.122773847722504 0 2 211 -212 
369 1.069579747042312 0.1643894947402533 -0.05488195748672489 1.596586093147496 0.5006484390562119 0.5370888039219085 0 2 198 -213 
370 1.445606696320663 0.01349175706824124 -0.05488195748672492 1.596586093147496 0.1643896947402535 -0.02386059100163274 0 2 213 -188 
371 1.989171263901808 -0.3011605109918336 2.358990178568849 2.415679762715804 -0.08084270489402828 2.415679762715803 0 2 214 -209 
372 2.392216465316721 -0.08084290489402886 2.259911333144709 2.415679762715804 0.04950131318600311 2.415679762715803 0 2 199 -214 
373 0.1179360838896238 0.5618139097264537 -0.9141092148395524 0.4562202935286964 1.093295570271771 -0.1637145330566243 0 2 215 -216 
374 0.4562200935286962 0.5476225839248443 -0.1637147330566244 0.5406941510138342 0.561814109726454 1.000000000722645e-07 0 2 105 -215 
375 0.5914069960600957 0.9999998999999998 0.001285855852139681 0.5962952409007828 1.024849471631577 0.01555751728336708 0 2 217 -137 
376 0.1179360838896236 1.024849271631577 -0.9141092148395525 0.5914071960600962 1.093295570271771 0.001286055852140033 0 2 216 -217 
377 0.9999998999999999 0.4722774101829102 0.1227128566496787 1.030428700751009 0.4768221296805099 0.1314163506659779 0 2 218 -111 
378 0.9999998999999999 0.4722774101829101 0.1227128566496786 1.030428700751009 0.4897607062117771 0.1402942779245004 0 2 143 -218 
379 0.4527204689045627 0.5618139097264536 -1.2471228118454 0.4562202935286965 0.5714283467376462 -0.1637145330566242 0 2 219 -215 
380 0.4527204689045623 0.2712315291676083 -1.441726473629818 2.441726473629817 0.5714283467376465 -1.2471226118454 0 2 220 -219 
381 2.305827551576987 0.2712315291676086 -1.441726473629818 2.441726473629817 0.2859726345847322 -0.7402037759346164 0 2 221 -220 
382 1.030428500751008 0.2859724345847318 -0.7402039759346166 2.305827751576988 0.4722776101829105 0.122713056649679 0 2 218 -221 
383 0.5914069960600954 1.024849271631577 -0.7682378954937319 1.116940278035153 2.307951503339853 0.001286055852140311 0 2 217 -222 
384 0.9999998999999995 0.9317831557851215 -0.8378256420458534 1.763182773810636 2.380895145202091 0.0383731878154826 0 2 223 -170 
385 1.116940078035152 2.307951303339852 -0.8378256420458531 1.763182773810636 2.380895145202091 -0.7682376954937312 0 2 222 -223 
386 1.763182573810635 2.38089494520209 -1.455912859897077 2.57151710964982 2.57151710964982 -0.8378254420458527 0 2 223 -224 
387 2.305827551576987 0.2859724345847316 -1.455912859897078 2.57151710964982 2.57151710964982 -0.7402037759346158 0 2 224 -221 
388 0.5381457082939122 -1.08294866072346 -1.345609183043997 0.673402648708568 -0.05115452379301255 -0.1219785528601757 0 2 225 -226 
389 0.5055144309662916 -0.05115472379301307 -0.1219787528601761 0.5381459082939126 0.1951164879002972 1.000000000653256e-07 0 2 43 -226 
390 0.4562200935286963 0.4726860071156089 -0.1637147330566244 0.4684550269065205 0.5618141097264538 1.000000000583867e-07 0 2 215 -42 
391 0.4527204689045626 -1.08294866072346 -1.345609183043996 0.6734026487085679 0.5714283467376464 -1.2471226118454 0 2 225 -219 
392 1.030428500751009 0.1643894947402534 -0.05488195748672491 1.596586093147496 0.4722776101829103 0.1227130566496788 0 2 218 -213 
393 0.5381457082939125 -0.1535380016683085 -0.1298393896442417 0.624647117064986 -0.05115452379301295 -0.121978552860176 0 2 226 -194 
394 0.05171358554755284 0.373011316848312 0.9999998999999998 0.08256864297602312 0.4343089090223359 1.096167109694289 0 2 26 -203 
395 0.1712576642512 -0.06219917151315071 0.600804718546567 0.186336792425654 1.000000000479784e-07 0.6439874598232102 0 2 211 -9 
396 -1.575239098041493 -1.358724556939539 -1.597730222997537 1.000000006134982e-07 0.04872141155949916 0.01368567158556055 0 2 227 -4 
397 -1.575239098041493 -1.358724556939539 -1.597730222997537 -1.213430897154933 0.5762284558792599 -1.418606634105584 0 2 228 -227 
398 -1.213431097154934 0.5073981540832039 -1.418606834105585 0.03602821164708825 0.5762284558792599 1.000000006134982e-07 0 2 37 -228 
399 -1.468715793289043 0.5762282558792592 -1.468715793289044 -1.213430897154933 0.5923377457849932 -1.418606634105584 0 2 229 -228 
400 -1.468715793289043 0.592337545784993 -1.468715793289043 -1.248112711709007 0.5946740031216766 0.4792893631752237 0 2 230 -229 
401 -1.248112911709007 0.513629912989833 0.456686594323069 1.00000000169409e-07 0.5946740031216767 0.479289363175224 0 2 22 -230 
402 -1.396402314063729 -1.032812003993281 0.04899453457589939 -1.248112711709006 0.5946740031216766 0.4792893631752239 0 2 231 -230 
403 -1.39640231406373 -1.032812003993282 0.04899453457589864 1.000000008355428e-07 0.08616726273681552 0.3436324737633606 0 2 3 -231 
404 -1.604998209893083 -1.382683656420818 -1.604998209893084 -1.575238898041492 -1.358724356939538 -1.597730022997536 0 2 232 -227 
405 -1.604998209893083 -1.382683656420818 -1.604998209893084 -1.396402114063728 -1.032811803993281 0.04899473457589998 0 2 231 -232 
406 0.4436934023136188 -0.05115472379301314 -0.1219787528601761 0.5381459082939127 0.04945355302618951 1.000000001416534e-07 0 2 226 -16 
407 -1.575239098041493 -1.358724556939539 -1.597730222997537 0.6734026487085685 -1.082948460723459 -1.345608983043995 0 2 227 -225 
408 0.05514724908954571 0.6045314332766638 -0.6699245222893553 0.1658544259202257 0.9956675161078876 1.000000001138979e-07 0 2 233 -41 
409 0.05514724908954574 0.9956673161078872 -0.9141092148395524 0.1179362838896241 1.093295570271771 -0.6699243222893548 0 2 216 -233 
410 -0.1752707752021347 0.9956673161078871 -1.262696858857565 0.0551474490895462 1.24265378123054 -0.6699243222893547 0 2 233 -234 
411 -1.213431097154934 0.5762282558792591 -1.418606834105585 -0.1752705752021342 1.24265378123054 -1.262696658857565 0 2 234 -228 
412 0.05514724908954581 0.8440835158138899 -0.6699245222893551 0.1598609711413894 0.9956675161078875 1.00000000169409e-07 0 2 101 -233 
413 -1.397784335722876 0.9402606260727652 0.1174949522548102 1.000000003914536e-07 2.108605858886541 0.3541546819592855 0 2 235 -90 
414 -1.620017108057064 2.108605658886541 -1.620017108057064 -1.397784135722875 2.461322625875477 0.1174951522548109 0 2 236 -235 
415 -1.620017108057064 1.24265358123054 -1.620017108057064 -0.1752705752021341 2.461322625875477 -1.262696658857565 0 2 234 -236 
416 -1.397784335722876 1.095407466827934 0.1174949522548102 -1.217301944095505 2.108605858886541 1.068295183333887 0 2 237 -235 
417 -1.217302144095506 0.6711150268138946 0.6413716636000713 1.000000007245205e-07 1.095407666827935 1.068295183333887 0 2 237 -21 
418 -1.248112911709007 0.5946738031216765 0.4792891631752236 -1.217301944095506 1.095407666827934 1.068295183333887 0 2 230 -237 
419 -1.44873355294632 -1.44873355294632 0.3839427712671932 -0.51471493101456 -1.285869330090218 1.122773847722504 0 2 238 -212 
420 -1.44873355294632 -1.44873355294632 0.04899453457589953 -1.396402114063729 -1.032811803993281 0.3839429712671935 0 2 231 -238 
421 -1.235214836378774 1.095407466827934 1.068294983333886 -1.217301944095505 1.132912252758236 1.735674042575864 0 2 237 -239 
422 -1.235214836378774 0.6805216559498469 0.8402991782216065 1.00000000169409e-07 1.132912252758236 1.735674042575864 0 2 20 -239 
423 -1.301938959678183 0.6478953546245421 1.735673842575863 -1.235214636378774 1.132912252758236 2.301938959678184 0 2 239 -240 
424 -1.301938959678183 0.09181104269917356 2.242634448875148 -0.7326602879954422 0.6478955546245424 2.301938959678184 0 2 240 -204 
425 0.7479185709268081 0.9999998999999995 0.4922857735449788 1.392093393324242 1.874703131598768 0.5732475161721915 0 2 241 -163 
426 1.392093193324242 1.874702931598767 0.4832172833107801 1.590143741141881 2.278423365321471 0.5732475161721913 0 2 242 -241 
427 1.02149741773548 2.263818267974988 -0.2341074646475876 1.590143741141881 2.278423365321471 0.4832174833107806 0 2 243 -242 
428 0.5478103976311643 0.9999998999999997 -0.2341074646475876 1.021497617735481 2.263818467974989 0.2354755893306816 0 2 130 -243 
429 0.3676726124597963 2.259046027456553 -0.2341074646475879 1.021497617735481 2.263818467974989 0.4394635991792193 0 2 244 -243 
430 0.3672289161949103 0.9999998999999998 0.4215298359232293 0.3676728124597969 2.259046227456554 0.4394635991792191 0 2 91 -244 
431 0.3971568464103979 0.9999998999999998 0.8379673362664206 0.4504291805916177 2.269573051507614 1.591090103579024 0 2 245 -80 
432 0.3676726124597965 2.259046027456553 0.4394633991792187 0.4504291805916179 2.269573051507614 1.591090103579024 0 2 244 -245 
433 0.5714308266207828 0.9999999000000002 0.8648647154875779 1.022154851949793 1.96280190680998 1.499337217070195 0 2 246 -81 
434 1.022154651949793 1.962801706809979 1.499337017070194 1.18687925369642 2.281723623244655 1.676938364488727 0 2 247 -246 
435 1.186879053696419 2.28107002679174 0.6839727352842508 1.65672940607504 2.281723623244655 1.676938364488727 0 2 247 -248 
436 1.392093193324242 1.874702931598767 0.5732473161721907 1.65672940607504 2.281070226791741 0.6839729352842513 0 2 241 -248 
437 0.4504289805916175 2.269572851507614 1.591089903579024 1.128615558496262 2.281021719954098 1.702478442431671 0 2 245 -249 
438 1.022154651949793 1.962801706809979 1.499337017070194 1.128615558496262 2.281021719954098 1.702478442431671 0 2 246 -249 
439 0.5742795629639954 0.9999998999999999 0.001285855852139767 0.591407196060096 1.024849471631577 0.06179098786843114 0 2 129 -217 
440 1.02149741773548 2.263818267974988 -0.7682378954937314 1.116940278035153 2.307951503339853 -0.2341072646475873 0 2 222 -243 
441 1.590143541141881 2.27842316532147 -0.8378256420458532 1.763182773810636 2.380895145202091 0.4832174833107805 0 2 242 -223 
442 0.988613557925719 0.9999998999999994 0.4974221914753585 1.392093393324242 1.874703131598767 0.5732475161721915 0 2 169 -241 
443 -1.466855510528781 2.108605658886541 0.1100617751772478 -1.397784135722876 2.466855510528781 0.1174951522548106 0 2 235 -250 
444 -1.466855510528782 2.259046027456553 0.1100617751772472 0.3676728124597972 2.466855510528782 0.4394635991792195 0 2 244 -250 
445 -1.053590355449831 2.269572851507614 1.591089903579024 0.4504291805916181 2.45988100531949 2.45988100531949 0 2 245 -251 
446 -1.434871073638807 2.108808345226434 2.434870873638807 -1.053590155449831 2.45988100531949 2.45988100531949 0 2 252 -251 
447 -1.434871073638807 1.132912052758235 1.735673842575863 -1.235214636378774 2.108808545226434 2.434871073638807 0 2 252 -239 
448 1.65672920607504 2.281070026791741 0.6839727352842511 1.751471940525984 2.295112740085774 0.7715230367696313 0 2 196 -248 
449 0.7046504938222995 0.9999998999999996 0.9679430383127546 1.022154851949793 1.96280190680998 1.499337217070195 0 2 246 -82 
450 1.186879053696419 2.281723423244655 1.676938164488727 1.265343065289291 2.290108933123785 1.683575299425712 0 2 200 -247 
451 1.128615358496261 2.281021519954098 1.70247824243167 1.209232364834003 2.418173438161078 2.418173438161078 0 2 249 -253 
452 0.6594069177934047 0.6090478690423571 2.265546651130782 1.209232364834003 2.418173438161078 2.418173438161078 0 2 205 -253 
453 0.5138691094852998 -1.372177145139768 -1.315180337890603 0.9516378414173362 -1.25565463148932 0.3674287334309491 0 2 186 -191 
454 1.895924336697713 -1.543927073000001 -1.543927073000001 2.543927073000001 -1.475067870023895 -1.475067870023895 0 2 192 -254 
455 2.454565003069603 -1.543927073000001 -1.543927073000001 2.543927073000001 -1.454565003069603 0.3321600103957592 0 2 254 -190 
456 0.9173996332641615 -1.475068070023895 -1.475068070023895 1.895924536697713 -1.381916194533257 -1.381916194533257 0 2 255 -192 
457 0.9173996332641616 -1.381916394533257 -1.381916394533257 0.951637841417336 -1.372176945139767 -1.315180137890602 0 2 191 -255 
458 -1.664930433076916 -1.664930433076916 -1.664930433076916 0.917399833264162 -1.381916194533257 -1.381916194533257 0 2 255 -256 
459 -1.664930433076916 -1.664930433076916 -1.664930433076916 -1.448733352946319 -1.448733352946319 0.3839429712671938 0 2 256 -238 
460 2.454565003069603 -1.597461383684355 0.3321598103957584 2.597461383684355 -1.454565003069603 2.597461383684355 0 2 257 -190 
461 1.798585114794693 -1.597461383684355 2.434990143885285 2.597461383684354 -1.434990143885285 2.597461383684354 0 2 210 -257 
462 -0.7585360935233401 -1.434990343885286 2.370043463974561 1.798585314794693 -1.370043463974561 2.434990343885286 0 2 210 -258 
463 -0.7585360935233405 -1.370043663974562 1.122773647722503 -0.5147149310145598 -1.285869330090218 2.370043663974561 0 2 258 -212 
464 -1.525920322170293 -1.525920322170293 0.3839427712671928 -1.448733352946319 -1.448733352946319 2.525920322170293 0 2 259 -238 
465 -1.525920322170293 -1.525920322170293 2.370043463974561 -0.7585358935233398 -1.370043463974561 2.525920322170293 0 2 258 -259 
466 2.533754376133214 -1.543927073000001 -1.543927073000001 2.543927073000001 -1.492940746910472 -1.533754376133214 0 2 193 -254 
467 2.42494540484824 2.42494540484824 0.8153231607211945 2.635306310000886 2.635306310000886 2.635306310000886 0 2 195 -260 
468 2.453463668136242 0.5668054334190413 2.453463668136242 2.635306310000886 2.635306310000886 2.635306310000886 0 2 260 -201 
469 2.023069385721489 2.509163288458521 2.509163288458521 2.635306310000886 2.635306310000887 2.635306310000887 0 2 260 -202 
470 -0.7326604879954428 -1.010081417715071 2.242634448875148 -0.5689513316067805 0.09181124269917418 2.304576292047244 0 2 207 -204 
471 -0.7585360935233401 -1.370043663974562 2.304576092047243 -0.5689513316067809 -1.010081217715071 2.370043663974561 0 2 207 -258 
472 -1.525920322170293 -1.525920322170293 2.301938759678183 -1.301938759678183 0.6478955546245428 2.525920322170293 0 2 259 -240 
473 2.415679562715803 -1.597461383684355 2.415679562715803 2.597461383684355 -0.08084270489402812 2.597461383684355 0 2 257 -214 
474 2.415679562715804 -0.08084290489402879 2.415679562715803 2.453463868136242 0.5668056334190419 2.453463868136242 0 2 201 -214 
475 1.209232164834002 2.418173238161078 2.418173238161078 2.02306958572149 2.509163488458522 2.509163488458522 0 2 253 -202 
476 -1.514495828065658 2.108808345226434 2.434870873638807 -1.434870873638806 2.514495828065658 2.514495828065658 0 2 261 -252 
477 -1.514495828065658 2.45988080531949 2.45988080531949 -1.053590155449831 2.514495828065658 2.514495828065658 0 2 251 -261 
478 -1.434871073638807 0.647895354624542 2.301938759678183 -1.301938759678182 2.108808545226434 2.434871073638807 0 2 240 -252 
479 -1.053590355449832 2.418173238161077 2.418173238161077 1.209232364834003 2.459881005319491 2.459881005319491 0 2 251 -253 
480 2.253820673327071 -0.4404715937361257 -0.5127310037806176 2.292550513048696 -0.04192736747645207 -0.3989099850245425 0 2 189 -262 
481 2.248672712577053 -0.04192756747645227 -0.3989101850245427 2.253820873327071 0.4908287567064416 0.5866686209131514 0 2 262 -197 
482 1.596585893147496 -0.04192756747645263 -0.398910185024543 2.253820873327071 0.1643896947402539 -0.05488175748672439 0 2 213 -262 
483 0.8237182856943108 2.307951303339852 -1.398763116252538 1.116940278035153 2.398763116252538 -0.768237695493731 0 2 222 -263 
484 0.03191535580270677 1.228969205125909 -1.398763116252538 0.8237184856943115 2.398763116252538 -1.242331757776302 0 2 263 -264 
485 0.03191535580270682 1.093295370271771 -1.242331957776303 0.1179362838896241 1.228969405125909 -0.9141090148395521 0 2 264 -216 
486 2.441726273629817 0.2712315291676086 -1.60155980773855 2.60155980773855 2.601559807738551 -1.441726273629817 0 2 265 -220 
487 0.03191535580270685 0.5714281467376457 -1.2471228118454 0.452720668904563 1.228969405125909 -1.242331757776302 0 2 219 -264 
488 0.8237182856943108 2.398762916252538 -1.601559807738551 2.60155980773855 2.601559807738551 -1.398762916252537 0 2 263 -265 
489 2.57151690964982 2.57151690964982 -1.60155980773855 2.601559807738549 2.60155980773855 -1.455912659897077 0 2 265 -224 
490 0.6734024487085675 -1.381916394533257 -1.381916394533257 0.9173998332641619 -1.082948460723459 -1.345608983043996 0 2 255 -225 
491 2.441726273629816 -1.492940946910473 -1.533754576133215 2.533754576133215 0.2712317291676092 -1.441726273629817 0 2 220 -193 
492 2.253820673327071 -0.04192756747645227 -0.7402039759346166 2.305827751576988 0.2859726345847322 -0.3989099850245424 0 2 221 -262 
493 2.42494540484824 2.424945404848239 -1.455912859897078 2.571517109649821 2.571517109649821 0.8153233607211956 0 2 195 -224 
494 0.5765952974386339 0.594309315910152 0.7717045486047369 0.7162942792635467 0.638658636929568 0.8500652322737838 0 2 160 -84 
495 0.7330566306767956 0.5726238060532499 0.5024670192522196 0.8472744611615977 0.5924340400592645 0.5795510976481459 0 2 146 -266 
496 0.6543854314442821 0.5498272137217678 0.4592760475029545 0.7334259752227884 0.5923797980781266 0.5028363637982124 0 2 266 -267 
497 0.5919447394521008 0.3938979516651708 0.4464859575015663 0.654754775990275 0.5501965582677607 0.4596453920489474 0 2 267 -268 
498 0.5919447394521008 0.1925104482517799 0.4464859575015664 0.6632341912307543 0.3943215381923016 0.5279556687908197 0 2 268 -53 
499 0.406773907871337 0.5127838230686094 0.8016499582858438 0.4081200761792867 0.5168989926562033 0.8246457488233755 0 2 70 -269 
500 0.4078977032382973 0.3195840380569477 0.5057152419693157 0.5187989318918744 0.5130061960095988 0.8018723312268333 0 2 269 -270 
501 0.5184460027052643 0.1857605422076354 0.5057152419693158 0.6108258104648361 0.3199369672435578 0.5467298191109093 0 2 270 -55 
502 0.5185149686569834 0.3196530040086668 0.4465902521235459 0.5922640313572521 0.3942172435703222 0.5059992052042067 0 2 268 -270 
503 0.407896568673668 0.5126521322583594 0.4592559996274476 0.6547205818846439 0.5501623641621296 0.8018734657914626 0 2 267 -269 
504 0.7159833320020046 0.5920875457045693 0.5025441114246552 0.7334031250314907 0.6386170918502855 0.772015495866279 0 2 266 -160 
505 0.4067347402553263 0.5167680083448238 0.824514764511996 0.5768566195727414 0.5945706380442595 0.8499740620670666 0 2 84 -70 
506 0.5946913068894959 0.486182106920159 0.2358228868516433 0.6231779682359058 0.4965304458600585 0.2996766966341194 0 2 52 -271 
507 0.5919733950283506 0.3939266072414205 0.2993662601225358 0.5950017434010795 0.4965862847231063 0.4468808884524475 0 2 271 -268 
508 0.7239465882026421 0.5921433325776929 0.4617303427591336 0.7333473381583672 0.6101058622110933 0.5027577267337912 0 2 172 -266 
509 0.6539918066845459 0.5916839628339591 0.3929700163962916 0.7241361442745344 0.6101375898469732 0.4619198988310259 0 2 172 -272 
510 0.6376093344113655 0.5824611445987855 0.340650549750137 0.6542071996532027 0.5918993558026159 0.3931854093649484 0 2 272 -135 
511 0.5947196631838841 0.496304204505911 0.2994504552799718 0.6378130280560158 0.5826648382434358 0.3408542433947874 0 2 135 -271 
512 0.6540035060085524 0.5498858224743156 0.3929817157202981 0.6546419252565892 0.5918935472177248 0.4595325413152616 0 2 267 -272 
513 0.2452638536204605 0.245406545561838 0.4314291870574586 0.5188347181020084 0.3199727534536919 0.50610395736606 0 2 270 -31 
514 0.3777503085685151 0.512769104551497 0.8016352397687315 0.408134794696399 0.5230076585249949 0.8203078750339629 0 2 69 -269 
515 0.2096204250371044 0.4393191832070125 0.2502303784376688 0.2507852219779996 0.4985997693256395 0.2738138983710524 0 2 40 -38 
516 0.2279794631244829 0.2682770094554843 0.2761698922699909 0.2655854668780147 0.3616052773096221 0.3870096433355409 0 2 14 -39 
517 -1.604998209893084 -1.382683656420819 -1.604998209893084 -1.468715593289042 0.5923377457849934 -1.468715593289043 0 2 232 -229 
518 0.5918995001537739 0.5916703469066381 0.3681838109340966 0.6542267063196391 0.6519610553391708 0.3932049160313847 0 2 272 -134 
519 0.3449534120604852 0.6515828422984529 0.3680541134557928 0.5922777131944919 0.7991530736193365 0.4166395130163598 0 2 134 -273 
520 0.1465787084456239 0.7102888237979125 0.4161316024973382 0.3454613225795068 0.7991530736193365 0.7855855132025752 0 2 273 -78 
521 0.1465787084456239 0.5226930764006873 0.7850776026835534 0.3780648906928226 0.7107967343169342 0.8205012034286771 0 2 78 -69 
522 0.2892457385686584 0.7803183998897431 0.4041972333009058 0.3453191673773839 0.7990109184172135 0.4164973578142369 0 2 273 -95 
523 0.3238618509352805 0.4110279722283776 0.2427308924436282 0.5950326935495999 0.4966172348716267 0.2997634856456876 0 2 271 -45 
524 0.2389592492301391 0.2455902961620277 0.4174130360329735 0.245504604627149 0.2524283104661872 0.4316699380641472 0 2 31 -13 
525 -0.1752707752021347 1.228969205125909 -1.262696858857565 0.03191555580270727 1.24265378123054 -1.242331757776302 0 2 234 -264 
526 -1.620017108057064 0.5923375457849932 -1.620017108057063 -1.468715593289043 2.461322625875477 -1.468715593289043 0 2 236 -229 
527 -1.664930433076916 -1.664930433076916 -1.664930433076916 -1.604998009893083 -1.382683456420818 -1.604998009893084 0 2 256 -232 
528 -1.662110065642806 2.461322425875477 -1.662110065642806 -1.620016908057063 2.662110065642806 -1.620016908057063 0 2 274 -236 
529 -1.662110065642806 2.466855310528781 -1.662110065642806 -1.466855310528781 2.662110065642806 0.1100619751772481 0 2 250 -274 
530 -1.514495828065658 2.466855310528781 0.1100617751772472 -1.466855310528781 2.514495828065658 2.514495828065659 0 2 250 -261 
531 -1.662110065642807 2.398762916252538 -1.662110065642806 0.8237184856943116 2.662110065642806 -1.398762916252537 0 2 263 -274 
532 0.3781428780241825 0.795301649874479 0.3755327982041541 0.5211320952904298 0.8168575834966759 0.4076069552000435 0 2 132 -136 
533 1.128615358496261 2.281021519954098 1.676938164488726 1.18687925369642 2.281723623244655 1.702478442431671 0 2 249 -247 
534 1.590143541141881 2.278423165321471 0.4832172833107803 1.65672940607504 2.28107022679174 0.683972935284251 0 2 248 -242 
535 0.3452002956663955 0.798892046706225 0.4153587450628178 0.3487000657738678 0.8021160219377947 0.4163926294104495 0 2 273 -94 
61 0.5138691094852996 -1.543927073000001 -1.543927073000001 2.543927073000001 -1.25565463148932 1.130405302857624 0 6 453 330 454 455 328 323 
62 0.9173996332641615 -1.475068070023895 -1.475068070023895 1.895924536697713 -1.372176945139767 -1.315180137890602 0 3 456 -330 457 
63 -1.664930433076916 -1.664930433076916 -1.664930433076916 0.9516378414173362 -1.25565463148932 1.122773847722504 0 6 457 458 459 419 367 453 
64 1.63545512882876 -1.597461383684355 0.3321598103957584 2.597461383684355 -1.337093208301458 2.597461383684355 0 4 460 328 363 461 
65 -0.7585360935233406 -1.434990343885286 0.3674285334309484 1.798585314794694 -1.25565463148932 2.434990343885286 0 5 462 463 367 -323 363 
66 -1.525920322170293 -1.525920322170293 0.3839427712671928 -0.5147149310145598 -1.285869330090218 2.525920322170293 0 4 464 419 -463 465 
68 0.4811336523792188 -1.372177145139768 -1.315180337890603 0.9516378414173363 -0.03631046541504401 0.4167768728688594 0 4 -453 -324 336 335 
71 2.292550313048696 -1.543927073000001 -1.543927073000001 2.543927073000001 -0.4404713937361252 0.3321600103957593 0 4 455 -329 332 466 
73 1.895924336697712 -1.543927073000001 -1.543927073000001 2.543927073000001 -1.475067870023895 -1.475067870023894 0 3 454 -466 331 
75 0.6431381582153886 0.1528992455282042 0.527743775527254 0.7555805552562298 0.1927223415153455 0.6126977458513287 1 2006 4 195 196 -86 -98 
78 2.248672712577053 0.04950111318600237 0.5866684209131507 2.635306310000886 2.635306310000886 2.635306310000886 0 5 -344 338 467 468 347 
81 1.265342865289291 2.290108733123785 0.7715228367696307 2.635306310000886 2.635306310000887 2.635306310000887 0 5 -346 -337 467 469 348 
82 2.023069385721489 0.5668054334190411 2.453463668136241 2.635306310000886 2.635306310000887 2.635306310000887 0 3 -468 469 349 
84 0.7772062510582506 0.4155577595889212 0.5793392043845803 0.9210289445115826 0.6204617997645751 0.8578489155121761 1 2012 4 -211 -267 313 246 
86 -0.7326604879954428 -1.010081417715071 1.096166909694288 0.0517137855475534 0.3730115168483126 2.304576292047244 0 4 356 470 351 355 
87 -0.7326604879954429 -1.247323566266316 2.242634448875148 1.989171463901809 0.6090480690423581 2.396593581943623 0 5 -470 358 361 359 352 
92 0.4151945251718762 0.1332332700971643 0.8397540344451491 0.8942063219595664 0.5630835498963139 0.9183232680843424 1 2019 5 212 107 112 137 258 
93 -1.525920322170293 -1.525920322170293 2.242634448875148 -0.5689513316067805 0.6478955546245431 2.525920322170293 0 5 471 465 472 424 -470 
94 -0.7585360935233405 -1.434990343885286 2.304576092047243 1.798585314794693 -1.01008121771507 2.434990343885286 0 4 462 -471 358 364 
95 1.689412295306529 -1.597461383684355 2.358990178568849 2.597461383684355 -0.08084270489402812 2.597461383684355 0 5 473 371 -361 364 461 
96 0.6594069177934047 -0.3011605109918336 2.265546651130782 2.453463868136242 2.509163488458522 2.509163488458522 0 6 474 371 359 452 475 349 
97 -1.514495828065658 2.108808345226434 2.434870873638807 -1.053590155449831 2.514495828065658 2.514495828065658 0 3 476 446 477 
98 -1.434871073638808 0.09181104269917251 2.242634448875147 1.209232364834004 2.459881005319491 2.459881005319491 0 6 478 446 479 -452 352 -424 
99 0.6106492458715309 0.1332332700971644 0.5403641879469756 0.7841777033887429 0.1859371068009407 0.8787737960744161 1 2020 5 102 98 89 105 -107 
103 -0.7585360935233405 -1.370043663974562 0.6439872598232096 0.1712578642512005 -0.06219897151315024 2.370043663974561 0 5 -365 368 -463 -471 -356 
105 2.248672712577053 -1.597461383684355 -0.5127310037806181 2.597461383684355 0.490828756706442 2.597461383684355 0 7 460 -329 480 481 344 372 -473 
107 1.069579747042312 -0.04192756747645263 -0.398910185024543 2.253820873327071 0.5006484390562124 0.5866686209131518 0 4 481 -339 369 482 
109 1.445606696320662 -0.4404715937361261 -0.5127310037806181 2.292550513048696 0.1643896947402539 -0.02386059100163232 0 4 480 -482 370 326 
110 0.7510761592326628 0.1332332700971644 0.5915260525893674 0.9210289445115826 0.4729673851780943 0.9183232680843423 1 2030 6 209 211 -207 -195 -102 -212 
116 0.03191535580270655 1.024849271631577 -1.398763116252538 1.116940278035153 2.398763116252539 0.001286055852140255 0 5 483 484 485 376 383 
117 0.03191535580270655 0.2712315291676084 -1.601559807738551 2.60155980773855 2.601559807738551 -1.242331757776302 0 5 486 380 487 -484 488 
118 2.305827551576987 0.2712315291676082 -1.601559807738551 2.60155980773855 2.601559807738551 -0.7402037759346158 0 4 -486 489 387 381 
119 0.8237182856943108 2.307951303339852 -1.601559807738551 2.60155980773855 2.601559807738551 -0.768237695493731 0 5 -489 -488 -483 385 386 
120 0.0319153558027068 0.5618139097264535 -1.2471228118454 0.4562202935286966 1.228969405125909 -0.1637145330566241 0 4 -485 -487 379 373 
121 0.5381457082939122 -1.381916394533257 -1.381916394533258 0.9516378414173363 -0.05115452379301255 -0.1219785528601756 0 5 457 490 388 393 335 
122 0.4527204689045623 -1.492940946910473 -1.533754576133215 2.533754576133215 0.5714283467376466 -1.2471226118454 0 6 -456 490 391 -380 491 331 
123 2.25382067332707 -1.492940946910473 -1.533754576133215 2.533754576133215 0.2859726345847325 -0.398909985024542 0 5 -491 -381 492 -480 332 
127 1.030428500751008 -0.0419275674764526 -0.740203975934617 2.305827751576988 0.4722776101829106 0.1227130566496792 0 4 -492 -382 392 482 
129 2.392216465316721 -0.08084290489402887 2.259911333144709 2.453463868136242 0.566805633419042 2.453463868136242 0 3 372 -474 347 
130 2.248672712577053 -0.04192756747645277 -1.455912859897078 2.571517109649821 2.571517109649821 0.8153233607211956 0 5 481 338 493 387 492 
131 0.5687366036870974 0.3419357619893207 0.7637134906362181 0.9210289445115826 0.638482490759156 0.9183232680843423 1 2044 6 209 -267 272 494 136 258 
132 0.592156432715666 0.1688358196649891 0.4466976507651316 0.9144945840792358 0.5922223467956994 0.6403150740885913 1 2045 7 495 496 497 498 -196 207 -246 
133 0.4068197162190211 0.1641239976986427 0.5058916065626206 0.6445317213555596 0.5168531843085192 0.8543964184730035 1 2046 6 115 499 500 501 105 112 
134 0.518622367298569 0.1793125617570178 0.4466976507651315 0.6630224979671892 0.3941098449287365 0.5465534545176046 1 2047 5 501 -89 86 -498 502 
135 0.4080740678316022 0.3197604026502526 0.4466976507651316 0.6545430827267097 0.5499848650041954 0.8016959666335284 1 2048 4 500 -502 -497 503 
136 0.7161179330931341 0.572835499316815 0.5026787125157847 0.8470627678980326 0.638482490759156 0.7718808947751495 1 2049 4 -272 313 495 504 
137 0.4068197162190211 0.5057483702151434 0.8245997404756908 0.5767716436090465 0.5944856620805646 0.8745269601323349 1 2050 4 -136 505 -115 137 
138 0.4068197162190212 0.5128296314162935 0.4594334987853817 0.7332685239403612 0.638482490759156 0.8498890861033718 1 2051 6 504 494 505 499 -503 -496 
140 0.5921564327156661 0.1643602687963041 0.1616686008958342 0.8106959119592713 0.4964032470357908 0.5277439755272544 1 2053 5 83 506 507 498 85 
141 0.7240254024206481 0.572835499316815 0.4618091569771395 0.8816538384327447 0.6217937113996169 0.5793394043845809 1 2054 5 -249 293 508 -495 -247 
142 0.637713985526136 0.5766251198823158 0.2435532176183829 0.8212849193806919 0.6217937113996168 0.4646369253905485 1 2055 6 232 243 248 293 509 510 
143 0.5921564327156661 0.3941096449287361 0.2995492978098513 0.6545430827267097 0.5917947046878453 0.4594336987853821 1 2056 5 511 507 -497 512 510 
144 0.5948185057137636 0.4863093057444267 0.2289929398580612 0.6795760151720067 0.5825659957135564 0.3407554008649079 1 2057 5 506 -511 232 236 -181 
145 0.6541023485384319 0.5499846650041951 0.3930805582501776 0.7332685239403611 0.6100270479930873 0.5026789125157851 1 2058 4 -508 509 -512 -496 
146 0.1287886904523618 0.245618696365277 0.4316413378608976 0.5186225672985695 0.5261317489918828 0.8559429447389881 1 2059 5 500 513 47 113 514 
148 0.2453442449114054 0.07194016398125447 0.4316413378608976 0.6106494458715312 0.3197606026502529 0.5465534545176045 1 2061 5 22 -88 -501 513 -48 
151 0.3778108354333116 0.5128296314162936 0.801695766633528 0.4080742678316024 0.5229471316601983 0.8245999404756913 1 2064 3 -114 499 -514 
152 0.08007640102701102 0.2670045450604857 0.2503484672546381 0.2654647539035747 0.508430493940583 0.4552366572754217 1 2065 6 515 56 45 16 516 59 
154 0.1958385756475263 0.4394372720239819 0.1814450875016552 0.2506671331610302 0.4985947227272479 0.273695809554083 1 2067 3 -515 61 57 
158 -1.604998209893084 -1.382683656420819 -1.604998209893084 -1.248112711709006 0.5946740031216771 0.4792893631752242 0 4 -402 405 517 -400 
159 0.2281001760989229 0.2646462880412854 0.2609028528050661 0.2654647539035747 0.3614845643351821 0.3868889303611009 1 2071 3 17 516 -60 
160 -1.604998209893084 -1.382683656420819 -1.604998209893084 -1.213430897154933 0.5923377457849934 -1.418606634105584 0 4 -517 404 -397 -399 
161 0.1468325637051344 0.5128296314162933 0.3683079687153032 0.6545430827267099 0.798899218359826 0.8202473481691666 1 2072 7 512 518 519 520 521 514 -503 
162 0.004120824038976928 0.6691145321553155 0.3912570639764119 0.3452074673199965 0.7988992183598261 0.8177223082598372 1 2073 6 154 156 41 126 -520 522 
163 0.2097385138540735 0.4112419600642133 0.242944880279464 0.6377141855261366 0.798899218359826 0.4163856577568494 1 2074 9 221 -522 -519 227 511 523 74 515 167 
164 0.5920236579349808 0.582565795713556 0.3407552008649076 0.6541025485384322 0.6518368975579639 0.3930807582501779 1 2075 3 227 -510 518 
165 0.004120824038977233 0.4984814805086699 0.2736956095540827 0.2206245316770438 0.757092130274176 0.6399266030917006 1 2076 5 163 156 43 -56 167 
166 0.2191392024101612 0.756121892091324 0.3887461897861335 0.2893576386260465 0.7804302999471311 0.4043091333582939 1 2077 3 -221 163 -154 
167 0.004120824038977192 0.2456186963652769 0.3912484879861146 0.2454762044238998 0.6696788726041154 0.8559429447389881 1 2078 7 39 -47 524 14 -45 -43 41 
168 0.2281001760989227 0.2456186963652769 0.2429448802794641 0.5948187057137639 0.4964032470357909 0.505891806562621 1 2079 8 513 524 24 516 70 -523 507 502 
169 0.2256715575050948 0.2523997102629378 0.3868887303611008 0.2389878494333886 0.2683979224299244 0.4174416362362229 1 2080 3 24 -16 -14 
170 0.2506669331610301 0.361484364335182 0.2429448802794642 0.3240760387711167 0.439437472023982 0.2762908052444311 1 2081 3 -70 59 -74 
171 0.03114611245302384 0.5229469316601979 0.785331457943064 0.377811035433312 0.7105428790574236 0.8559429447389882 1 2082 4 39 113 -521 -126 
176 -0.1752707752021347 0.9956673161078871 -1.262696858857565 0.1179362838896242 1.24265378123054 -0.6699243222893547 0 4 525 485 409 410 
177 -1.575239098041493 -1.358724556939539 -1.597730222997537 0.6734026487085685 1.242653781230541 -1.242331757776302 0 6 525 -487 -391 -407 -397 -411 
179 -1.620017108057064 0.5762282558792591 -1.620017108057064 -0.1752705752021341 2.461322625875477 -1.262696658857565 0 4 415 526 399 -411 
180 -1.620017108057064 0.5923375457849925 -1.620017108057064 -1.217301944095505 2.461322625875477 1.068295183333887 0 5 526 -400 418 416 -414 
184 0.2389876494333884 0.2434005684243217 0.4174414362362228 0.2454762044238997 0.252399910262938 0.4318207334888607 1 2092 3 15 -524 -48 
186 -1.525920322170293 -1.525920322170294 0.04899453457589908 -1.217301944095505 1.132912252758236 2.525920322170293 0 7 464 -420 402 418 421 423 -472 
189 -1.664930433076917 -1.664930433076917 -1.664930433076917 0.9173998332641627 -1.082948460723459 -1.345608983043995 0 5 527 404 407 -490 458 
190 -1.664930433076916 -1.664930433076916 -1.664930433076916 -1.396402114063728 -1.032811803993281 0.3839429712671938 0 4 459 -420 405 -527 
192 -1.662110065642806 2.108605658886541 -1.662110065642806 -1.397784135722875 2.662110065642806 0.117495152254811 0 4 528 414 443 529 
193 -1.514495828065658 1.095407466827934 0.1100617751772472 -1.217301944095505 2.514495828065658 2.514495828065659 0 6 476 447 -421 416 443 530 
194 -1.434871073638807 0.647895354624542 1.735673842575863 -1.235214636378773 2.108808545226434 2.434871073638807 0 3 478 447 423 
195 0.3240758387711165 0.4112419600642135 0.1082826789281236 0.6230507694116381 0.4964032470357908 0.2995494978098517 1 2097 4 84 506 523 69 
196 -1.662110065642807 1.228969205125909 -1.662110065642806 0.8237184856943116 2.662110065642806 -1.242331757776302 0 5 525 -484 531 528 -415 
198 0.3782143012096302 0.7953730730599268 0.2667523568262581 0.5210606721049821 0.9158223970012955 0.4075355320145957 1 2099 3 223 532 229 
200 0.3671661385970495 0.7953730730599265 0.3756042213896016 0.6206636003870487 0.9733129853949219 0.8464267995739786 1 2101 6 226 157 141 278 282 -532 
202 0.3676726124597962 2.259046027456553 -0.2341074646475878 1.65672940607504 2.281723623244655 1.702478442431671 0 7 -429 432 437 533 435 534 -427 
205 1.392093193324242 1.874702931598767 0.4832172833107801 1.65672940607504 2.281070226791741 0.6839729352842513 0 3 -436 -426 -534 
206 1.022154651949793 1.962801706809979 1.499337017070194 1.18687925369642 2.281723623244655 1.702478442431671 0 3 434 438 533 
208 1.02149741773548 2.263818267974988 -0.8378256420458532 1.763182773810636 2.380895145202091 0.4832174833107805 0 4 440 427 441 -385 
209 0.5210604721049819 0.591794504687845 0.3683079687153034 0.7240256024206485 0.8272045883676407 0.4762922126050593 1 2108 5 294 282 228 -518 -509 
214 0.2893574386260462 0.7804300999471308 0.4043089333582937 0.3486930941202674 0.8021090502841943 0.4163856577568491 1 2113 3 153 -522 535 
215 0.3452072673199958 0.6518366975579636 0.3683079687153034 0.5920238579349811 0.8167861603112283 0.4163856577568492 1 2114 5 -222 532 228 519 535 
217 0.3486928941202672 0.8021088502841941 0.4075353320145956 0.3782145012096303 0.8218604631969537 0.4189926559374303 1 2116 3 -222 226 -152 
218 -1.662110065642807 2.259046027456553 -1.662110065642806 1.116940278035153 2.662110065642807 0.4394635991792195 0 6 -529 -444 429 -440 483 531 
219 0.5583325430302969 0.5922221467956988 0.4618091569771395 0.7332685239403612 0.9720205471156509 0.8588880924628192 1 2117 6 273 142 278 -294 508 504 
220 0.1468325637051346 0.7105426790574232 0.4153657167164182 0.3960372371481865 0.9733129853949218 0.8221364898963204 1 2118 5 152 157 127 -520 535 
221 0.1468325637051343 0.5168529843085184 0.7853314579430638 0.6394910125750273 0.9733129853949222 0.8588880924628194 1 2119 7 114 -521 -127 141 -142 133 505 
222 0.5767714436090462 0.5944854620805643 0.7718806947751492 0.7161181330931344 0.8024094315626903 0.8588880924628189 1 2120 3 -133 -273 494 
223 -1.514495828065658 2.259046027456553 0.1100617751772472 0.4504291805916183 2.514495828065658 2.514495828065659 0 5 -530 -444 432 445 477 
225 1.128615358496261 2.281021519954098 1.676938164488726 2.02306958572149 2.509163488458522 2.509163488458522 0 5 475 348 450 -533 451 
226 1.186879053696419 2.28107002679174 0.6839727352842505 1.751471940525984 2.295112740085774 1.683575299425713 0 4 448 -435 -450 -346 
227 1.59014354114188 2.27842316532147 -1.455912859897078 2.571517109649821 2.571517109649821 0.8153233607211956 0 6 -493 337 448 534 441 386 
228 -1.053590355449832 2.269572851507613 1.591089903579023 1.209232364834003 2.459881005319491 2.459881005319491 0 4 -479 -445 437 451 
229 -1.000000001979885e-07 -1.000000001971646e-07 -1.000000001971646e-07 1.000000001979885e-07 0.08616726273681484 0.4233490981825998 1 2 5 -1 5 -4 -3 2 
230 -1.000000002249202e-07 -1.000000002288783e-07 -1.000000002249202e-07 0.4851615842063996 1.000000002288783e-07 0.6008049185465674 1 4 7 -6 1 10 -9 -8 -7 -11 
231 -1.00000000433087e-07 -1.000000004192092e-07 0.3436322737633593 0.245344444911406 0.2670047450604863 0.6008049185465675 1 2093 6 12 15 14 13 2 10 
232 -1.00000000433087e-07 0.04872121155949807 0.01368547158555963 0.2416673874663845 0.2683979224299248 0.3912486879861152 1 2070 5 -16 13 3 18 17 
233 -1.000000004747204e-07 0.03713923116710983 -1.000000004747204e-07 0.4436936023136195 0.2646464880412859 0.2609030528050666 1 2084 4 19 20 -18 4 
234 -1.000000001138979e-07 -1.000000001104284e-07 -1.000000001118863e-07 0.4851615842063995 0.04945355302618948 1.000000001118863e-07 1 4 4 -5 6 -21 -19 
235 0.2281001760989227 -1.000000002249202e-07 -1.000000002249202e-07 0.4851615842063996 0.2683979224299246 0.4901990767083929 1 2096 8 -22 15 24 -17 -20 21 7 -23 
236 0.270038266728322 -1.000000003706369e-07 0.441404675723895 0.4486493304250593 0.071940363981255 0.5726773209739741 1 2025 3 8 -25 23 
237 0.1863365924256536 -1.000000003359425e-07 0.4318205334888603 0.3842894104410288 0.2434007684243222 0.6008049185465675 1 2063 4 12 22 25 9 
238 0.1379338480417281 -0.0001433678875401856 0.1480984439097281 0.3731882162682719 0.08740953900674486 0.3833528121362719 1 1 1 11 
239 -1.000000003176424e-07 -1.000000002249202e-07 0.3436322737633595 1.000000002482534e-07 0.6805218559498476 1.0000001 1 2 9 -26 -2 31 -30 -29 -28 -27 -32 -33 
240 -1.000000000306311e-07 -1.000000000277556e-07 0.4233488981825996 0.186336792425654 1.000000000277556e-07 1.0000001 1 4 4 -10 26 35 34 
241 -1.000000001347146e-07 -1.000000001138979e-07 0.9999998999999998 0.08256864297602313 0.5234250522131212 1.0000001 1 4 4 -27 35 37 -36 
242 -1.000000003775758e-07 0.4343087090223355 0.8177221082598363 0.1287888904523623 0.6805218559498477 1.0000001 1 2095 5 28 -40 39 38 -36 
243 -1.000000002786966e-07 0.6691145321553157 0.6399264030917001 0.03114631245302437 0.6805218559498476 0.8402993782216072 1 2094 4 29 42 41 40 
244 -1.000000001763479e-07 0.5084302939405827 0.4552364572754214 0.08007660102701132 0.6711152268138953 0.6413718636000719 1 2091 4 30 -44 -43 -42 
245 -1.000000001832868e-07 0.08616706273681446 0.3436322737633595 0.225671757505095 0.5136301129898333 0.4566867943230694 1 2069 4 -44 45 13 31 
246 -0.0001103967173469028 0.1478113346053635 0.4724106284253635 0.07225796779808677 0.2552085956133468 0.6869843570066365 1 1 2 46 32 
247 -0.0001103967173452375 0.2549878021786547 0.4724106284253651 0.0722579677980851 0.3623850631866349 0.6869843570066348 1 1 2 33 -46 
248 0.0672379063890929 -1.000000001138979e-07 0.4316413378608976 0.2454762044238998 0.5261317489918828 1.0000001 1 2060 6 34 12 48 47 38 -37 
249 -1.000000002844946e-07 0.04872121155949835 -1.00000000169409e-07 1.000000001734723e-07 0.5136301129898333 0.4566867943230694 1 2 7 -31 3 -51 50 -49 -52 -53 
250 -1.000000003914536e-07 0.4984814805086697 -1.000000003914536e-07 0.2097387138540742 0.5136301129898335 0.4566867943230696 1 2068 6 -54 57 56 44 49 55 
251 -1.000000001104284e-07 0.1642056755364099 -1.000000001111442e-07 0.03602821164708783 0.5097322039155998 1.000000001111442e-07 1 4 3 -50 -58 -55 
252 -1.00000000891054e-07 0.04872121155949763 -1.00000000891054e-07 0.2654647539035755 0.5073983540832053 0.2762908052444319 1 2066 7 59 61 54 58 51 18 60 
253 -0.0001144082209362657 0.2476458932954269 0.1199756914744269 0.06722222024501473 0.3498090848989362 0.3240732582395732 1 1 2 62 52 
254 -0.0001144107031561814 0.349580265974844 0.119975688992207 0.06722222272723463 0.4517434625427931 0.3240732607217931 1 1 2 53 -62 
255 -1.000000005613218e-07 0.03713923116710977 -1.000000005614565e-07 1.000000005613218e-07 0.1642058755364106 0.01368567158556062 1 2 3 4 63 51 
256 -1.000000002804313e-07 0.03713923116711004 -1.000000002779866e-07 0.5055146309662919 0.6045316332766643 1.000000003496885e-07 1 4 8 -63 19 -67 66 65 64 58 -68 
257 0.2416671874663839 0.0494533530261892 -1.00000000169409e-07 0.5055146309662918 0.4137359667214018 0.2762908052444312 1 2083 6 69 71 67 20 60 70 
258 0.03602801164708752 0.4985945227272477 -1.000000001971646e-07 0.1958387756475266 0.6045316332766641 0.1814452875016555 1 2086 3 64 -54 -72 
259 0.1658542259202253 0.4112419600642135 -1.00000000169409e-07 0.4765472230948554 0.6045316332766641 0.2503486672546384 1 2085 6 65 72 -61 -74 69 -73 
260 0.4684548269065202 0.1951162879002969 -1.000000002457369e-07 0.5055146309662919 0.4726862071156092 0.108282878928124 1 2039 3 71 66 73 
261 0.124808515081443 0.198394202992443 -0.0001179674759837004 0.366626610336557 0.440212298247557 0.0912895481639837 1 1 4 75 -76 -75 68 
262 0.4486491304250587 -1.000000001688306e-07 -1.00000000169409e-07 0.7145046099485967 1.000000001688306e-07 0.4414048757238956 1 4 5 -77 7 80 -79 78 
263 0.4436934023136189 -1.000000000583867e-07 -1.000000000667323e-07 0.6958619974650158 0.1951164879002972 1.000000000621064e-07 1 4 4 21 77 81 67 
264 0.4765470230948551 -1.000000001138979e-07 -1.000000001138979e-07 0.8106959119592713 0.4863095057444269 0.2359502856759113 1 2041 6 81 -71 84 -83 -82 78 
265 0.5084149211174988 -1.00000000238798e-07 0.01095258485016043 0.8106959119592714 0.1927223415153456 0.5403643879469761 1 2004 5 79 -87 86 85 -82 
266 0.3842892104410283 -1.00000000169409e-07 0.437588589143286 0.6431383582153889 0.1859371068009406 0.5465534545176045 1 2021 5 88 23 80 -87 89 
267 0.4542012121425973 0.1184671916483138 0.20976096660368 0.6120057741343201 0.2762153595796861 0.36760288213232 1 1 4 -90 -91 92 91 
268 0.2700382667283222 -1.000000002220446e-07 0.4375885891432859 0.8694517244938443 1.000000002220446e-07 1.0000001 1 4 7 -80 8 96 95 94 -93 -97 
269 0.5084149211174989 -1.000000001555312e-07 0.437588589143286 0.8418291326121816 0.1793127617570182 0.6658236095512696 1 2000 4 98 87 93 99 
270 0.7510761592326628 -1.000000002665535e-07 0.6126975458513283 0.8694517244938444 0.1528994455282047 1.0000001 1 2022 5 94 99 -102 -101 -100 
271 0.3735683992888216 -1.000000002492063e-07 0.9999998999999997 0.8694517244938444 0.05010604752101618 1.0000001 1 4 4 103 95 100 104 
272 0.2700382667283223 -1.000000001277757e-07 0.4901988767083926 0.6445317213555595 0.1859371068009406 1.0000001 1 2023 6 -105 88 25 96 -103 106 
273 0.4375706449127861 -0.0001450168149255832 0.5567563925127861 0.678196595195214 0.08412364188464677 0.797382342795214 1 1 1 97 
274 0.4670611699964235 0.02296998048290971 0.854396218473003 0.8564776358515386 0.1641241976986432 1.0000001 1 2016 4 -104 101 107 -106 
275 0.06723790638909283 -1.000000002220446e-07 0.5726771209739735 0.3735685992888221 1.000000002220446e-07 1.0000001 1 4 4 9 -34 108 -96 
276 0.06723790638909291 -1.000000001138979e-07 0.9999998999999998 0.4670613699964239 0.434308909022336 1.0000001 1 4 5 -37 108 -103 110 109 
277 0.1880362058940472 0.05010584752101557 0.8397540344451491 0.6445317213555597 0.5057485702151441 1.0000001 1 2015 4 -111 -110 106 112 
278 0.08256844297602287 0.4227940178359928 0.820247148169166 0.4151947251718766 0.5261317489918828 1.0000001 1 2062 6 111 115 114 -113 38 -109 
279 0.3181149643462449 0.151208482008693 0.6257599433008143 0.4942172965891857 0.327247881173307 0.8019039603071858 1 1 4 -116 -117 118 117 
280 -1.000000001110223e-07 0.523424852213121 0.8402991782216068 1.000000001110223e-07 0.94054163654275 1.0000001 1 2 3 -119 28 120 
281 -1.000000002249202e-07 0.4227940178359927 0.9999998999999997 0.7064232516442738 1.0000001 1.0000001 1 4 8 -119 36 -109 124 -123 -122 121 -125 
282 -1.000000002249202e-07 0.6691145321553157 0.785331457943064 0.3971570464103981 1.0000001 1.0000001 1 2121 7 -126 40 120 -121 -129 128 127 
283 0.07304715315799021 0.9999998999999999 0.8379673362664206 0.7064232516442736 1.0000001 1.0000001 1 4 5 129 122 -132 -131 -130 
284 0.5687366036870971 0.5630833498963129 0.8498888861033709 0.7064232516442741 1.000000100000001 1.000000100000001 1 2125 6 133 136 135 -123 -132 134 
285 0.1880362058940473 0.4227940178359927 0.8397540344451492 0.5769154710644135 0.567229653469011 1.0000001 1 2013 4 137 135 -124 111 
286 0.3469999404373955 0.6086531062983955 0.9195848906267411 0.5703399810486044 0.8319931469096045 1.000107177963259 1 1 4 -125 -138 139 138 
287 0.396037037148186 0.9720203471156502 0.8221362898963198 0.5714310266207833 1.0000001 0.8648649154875785 1 2104 4 -140 -130 128 141 
288 0.558332543030297 0.8024092315626901 0.8464265995739781 0.7046506938222999 1.0000001 0.9679432383127552 1 2124 4 -134 -131 140 -142 
289 -1.000000002220446e-07 0.671115026813895 0.3541544819592849 1.000000002220446e-07 1.0000001 1.0000001 1 2 6 -143 -120 29 -146 -145 144 
290 -1.000000000098145e-07 0.9405414365427499 0.9999998999999999 0.07304735315799032 1.0000001 1.0000001 1 4 3 -143 -121 -147 
291 -1.000000001138979e-07 0.9999998999999999 0.3550015804930614 0.397157046410398 1.0000001 1.0000001 1 4 6 -148 144 147 -129 149 -150 
292 -1.000000003359425e-07 0.7570919302741755 0.3541544819592848 0.3672291161949108 1.0000001 0.4215300359232299 1 2115 7 145 155 -154 -153 152 151 -148 
293 -1.000000002665535e-07 0.669678672604115 0.3541544819592848 0.2191394024101616 0.9402608260727657 0.641371863600072 1 2090 4 146 42 -156 -155 
294 0.3671661385970496 0.8218602631969535 0.4189924559374301 0.3971570464103981 1.0000001 0.8379675362664208 1 2102 4 -157 151 -149 128 
295 0.09680415911053726 0.9064429646030482 0.4284445947815372 0.3266185343314628 1.000147570999609 0.6582589700024627 1 1 1 -150 
296 -1.000000002586618e-07 0.5097320039155995 -1.000000002249202e-07 1.000000003974396e-07 0.9750458064290994 0.641371863600072 1 2 7 30 49 159 158 146 -160 -161 
297 -1.000000005857427e-07 0.7561218920913235 -1.000000005857427e-07 0.2206245316770442 0.9750458064290998 0.391257263976413 1 2088 5 162 164 158 155 -163 
298 -1.000000002249202e-07 0.5073981540832042 -1.000000002230183e-07 0.1658544259202257 0.9750458064290993 1.000000002230183e-07 1 4 5 -159 55 -64 -165 164 
299 -0.0001365523837470253 0.5614474533234159 0.1028402761804159 0.09596473768757689 0.677967497999747 0.335607260765584 1 1 2 166 160 
300 -0.0001365650698817306 0.6776943805461183 0.1028402634942812 0.09596475037371159 0.7942144505947187 0.3356072734517188 1 1 2 161 -166 
301 0.159860771141389 0.4984814805086698 -1.000000002526757e-07 0.2206245316770439 0.8440837158138903 0.3887463897861339 1 2089 5 167 162 165 72 57 
302 0.299184164831557 0.4459596413660398 0.4336398099301584 0.4638145850958416 0.6105312282339601 0.5983091994658416 1 1 4 -168 -169 170 169 
303 0.695861797465015 -1.000000007780299e-07 -1.00000000778297e-07 0.8823760714579247 1.000000007780299e-07 0.01095278485016144 1 4 3 -171 -78 -172 
304 0.46845482690652 -1.000000004469648e-07 -1.000000004487151e-07 1.000000100000001 0.5476227839248449 1.000000005620504e-07 1 4 8 -81 171 -176 175 174 173 -66 -177 
305 0.714504409948596 -1.000000004885981e-07 -1.000000004885981e-07 1.000000100000001 0.1643604687963047 0.1616688008958348 1 2003 5 172 82 179 -178 176 
306 0.4684548269065203 0.4137357667214015 -1.000000001277757e-07 0.6588505128056833 0.5476227839248446 0.2359502856759113 1 2043 5 73 84 181 180 173 
307 0.5406939510138338 0.4768219296805096 -1.000000002804313e-07 1.0000001 0.5476227839248448 0.2289931398580616 1 2033 4 -182 -183 174 -180 
308 0.9999998999999999 0.008034410942804604 -1.000000000167534e-07 1.0000001 0.4779239091837562 0.1314163506659779 1 3 4 -178 175 183 -184 
309 0.6180307014374504 0.2776332830304504 -0.0001031819743125828 0.8289498862265496 0.4885524678195496 0.07584233504131258 1 1 4 185 -186 -185 177 
310 0.6230505694116377 0.1193775203212238 0.1063514119419114 1.0000001 0.5277729099444127 0.2359502856759113 1 2040 5 -184 -179 83 181 -182 
311 0.508414921117498 -1.00000001110223e-07 -1.000000011130986e-07 1.000000100000001 1.00000001110223e-07 0.6658236095512705 1 4 7 -187 172 79 93 -189 -188 -190 
312 0.8823758714579241 -1.000000000002735e-07 -1e-07 1.0000001 0.008034610942804605 1e-07 1 4 3 176 187 191 
313 0.9999998999999999 -1.000000001138979e-07 -1.000000001138979e-07 1.0000001 0.1193777203212241 0.4887247978055957 1 3 5 -188 191 178 -193 -192 
314 0.7510761592326628 -1.000000002665535e-07 0.3735451391074385 1.0000001 0.1688360196649896 0.6658236095512697 1 2002 5 194 -192 189 99 195 
315 0.6208208328878586 -0.0001621141956850772 0.2634995245688587 0.8822186533401415 0.10619829388259 0.5248973450211414 1 1 1 190 
316 0.6630222979671887 0.1138102028168355 0.1063514119419114 1.0000001 0.1927223415153455 0.5915262525893679 1 2005 5 -193 -194 196 85 179 
317 0.8418289326121815 -1e-07 0.4887245978055956 1.0000001 1e-07 1.0000001 1 4 4 189 -94 198 -197 
318 0.9999998999999998 -1.000000002249202e-07 0.3735451391074386 1.0000001 0.4882291916300833 1.0000001 1 3 7 -197 192 202 -201 -200 -199 -203 
319 0.8564774358515381 -1.000000002249202e-07 0.9999998999999998 1.0000001 0.333481272507832 1.0000001 1 4 5 -100 198 199 -205 204 
320 0.7555803552562294 0.1138102028168354 0.3735451391074385 1.0000001 0.4882291916300833 0.6403150740885913 1 2026 4 -202 -194 207 206 
321 0.8942061219595658 0.3054762177881604 0.8578487155121757 1.0000001 0.4155579595889217 1.0000001 1 2028 5 -208 -200 -205 -210 209 
322 0.9144943840792352 0.3959083865470954 0.5834016018200801 1.0000001 0.4882291916300834 0.9331095388954121 1 2008 4 206 -201 208 211 
323 0.8975879253611578 0.09494373191824793 0.513457727445248 1.000152322314665 0.344943150713752 0.7634571462407521 1 1 1 -203 
324 0.7841775033887423 0.02296998048290955 0.8787735960744154 0.9562840102756719 0.3419359619893215 1.000000100000001 1 2018 4 -101 -204 -210 212 
325 -1.000000000832667e-07 0.9402606260727654 -1.000000000861423e-07 1.000000000832667e-07 1.0000001 0.3550017804930616 1 2 4 -158 214 213 145 
326 -1.000000003359425e-07 0.9999998999999996 -1.000000003359425e-07 0.5742797629639959 1.0000001 0.4215300359232299 1 4 7 -215 213 148 -218 217 216 -219 
327 -1.000000001138979e-07 0.8440835158138899 -1.000000001241267e-07 0.5313124364125568 1.0000001 1.000000001241267e-07 1 4 4 -214 -164 220 -215 
328 0.1598607711413889 0.7561218920913239 -1.000000002804313e-07 0.5742797629639957 1.0000001 0.4153659167164186 1 2112 8 -221 162 220 -216 -224 223 222 153 
329 0.3671661385970494 0.8167859603112279 0.235475389330681 0.547810597631165 1.0000001 0.4215300359232299 1 2100 5 -225 223 226 151 -218 
330 0.5162600686415867 0.9158221970012954 0.06179078786843098 0.5742797629639955 1.0000001 0.2667525568262583 1 2107 3 -217 -225 224 
331 0.1561666684458571 0.9163143480954441 0.1455638739208571 0.3722402939741429 1.000158095768606 0.361637499449143 1 1 1 -219 
332 0.5162600686415865 0.5766251198823157 0.01555731728336671 0.6795760151720068 1.0000001 0.3756044213896021 1 2109 7 227 232 -231 -230 -224 -229 228 
333 0.1598607711413889 0.4726860071156087 -1.000000003330669e-07 0.5881264893999236 1.0000001 1.000000003330669e-07 1 4 6 165 -65 -173 234 -233 -220 
334 0.5313122364125564 0.9999998999999998 -1.000000001138979e-07 0.5962952409007828 1.0000001 0.06179098786843121 1 4 4 -233 -216 230 235 
335 0.5406939510138339 0.5277727099444124 -1.000000001416534e-07 0.6795760151720067 1.0000001 0.2587096152513395 1 2031 5 -235 231 236 180 234 
336 0.3117413441520406 0.5937115149238074 0.0596641909754613 0.5015214131375387 0.7834237628601927 0.2494891823525387 1 1 4 -237 -238 239 238 
337 0.9999998999999999 0.1138102028168355 0.1063514119419114 1.0000001 0.5360698608822883 0.5834018018200804 1 3 6 -202 193 184 242 241 240 
338 0.6588503128056828 0.4768219296805097 0.1314161506659776 1.0000001 0.5924435305108898 0.2587096152513396 1 2032 5 243 244 -242 182 -236 
339 0.847062567898032 0.4729671851780939 0.5381453626587246 1.0000001 0.5963170880709844 0.6403150740885913 1 2009 5 -245 247 246 206 -240 
340 0.8141559760205128 0.4897605062117769 0.1402940779245002 1.0000001 0.6217937113996168 0.5399429716959238 1 2052 5 248 249 245 -241 -244 
341 0.7523769503176022 0.2607527560447427 0.3103943067100635 0.9357634890049366 0.4440737585192573 0.4938242543899365 1 1 4 -250 -251 252 251 
342 0.5691279293700503 0.3202982728031044 0.6140555127322561 0.7376460080107439 0.4887561287268956 0.7826134808837438 1 1 4 -253 -254 255 254 
343 0.1880362058940473 0.02296998048290977 0.9999998999999997 0.9562840102756717 0.567229653469011 1.0000001 1 4 6 -124 -110 -104 -204 -256 -257 
344 0.5687366036870973 0.3054762177881602 0.8745267601323342 0.9562840102756718 0.5672296534690111 1.0000001 1 2017 4 258 210 -256 -135 
345 0.4836884595744996 0.2713065112594997 0.9294093985043986 0.6904135342655002 0.4780315859505003 1.000104256187601 1 1 4 -257 -259 260 259 
346 0.5769152710644131 0.3054762177881604 0.9999998999999998 1.0000001 1.0000001 1.0000001 1 4 7 -261 123 256 205 263 -262 -264 
347 0.7046504938222998 0.9999999000000001 0.9679430383127551 0.914921917850488 1.0000001 1.0000001 1 4 4 132 261 -266 -265 
348 0.7772062510582505 0.3959083865470954 0.763713490636218 1.0000001 1.0000001 1.0000001 1 2011 6 -208 -269 -262 -266 268 267 
349 0.9999998999999996 0.3334810725078314 0.9331093388954115 1.0000001 0.6594193419303679 1.0000001 1 3 3 -263 200 -269 
350 0.6513868741333306 0.5179555549093307 0.9072768481367797 0.8741248768266694 0.7406935576026694 1.00010582560322 1 1 4 -264 -270 271 270 
351 0.6394908125750265 0.6204615997645745 0.7637134906362181 0.8881679453442812 1.0000001 0.9728133886959985 1 2123 5 -268 -265 134 -273 -272 
352 0.4386201648722884 0.6394175835250894 0.5554169543984041 0.5989928076215958 0.7997329144669106 0.7158275585695958 1 1 4 -274 -275 276 275 
353 0.5583325430302969 0.8272043883676402 0.4762920126050588 0.7479187709268088 1.0000001 0.8648649154875784 1 2103 4 -277 -279 140 278 
354 0.3672289161949103 0.9999998999999998 0.2354753893306811 0.7479187709268087 1.0000001 0.8648649154875783 1 4 6 218 -149 130 279 280 -281 
355 0.5162600686415864 0.7953730730599264 0.235475389330681 0.7479187709268089 1.0000001 0.4922859735449795 1 2098 5 229 225 -280 277 282 
356 0.4256700866161176 0.9085613346913579 0.4069975292461175 0.6514029891018824 1.000116017257642 0.6327304317318824 1 1 1 -281 
357 0.5478103976311645 0.9999998999999997 -1.000000002526757e-07 1.0000001 1.0000001 0.4974223914753592 1 4 8 -230 -217 -280 287 -286 -285 -284 283 
358 0.5962950409007812 0.5766251198823146 -1.000000013628988e-07 1.000000100000001 1.000000100000001 0.2587096152513407 1 2034 6 -288 290 -243 -231 -283 289 
359 0.8141559760205119 0.5924433305108885 0.03837298781548096 1.000000100000001 1.000000100000001 0.49742239147536 1 2110 5 248 292 -286 -291 290 
360 0.6206634003870483 0.6100268479930869 0.4618091569771396 0.9886137579257197 1.0000001 0.4974223914753592 1 2111 5 -293 292 -287 277 -294 
361 0.9673782340175262 0.9976522816017481 -1e-07 1.0000001 1.0000001 1e-07 1 4 3 289 295 -284 
362 0.9999998999999993 0.9317831557851212 -1.00000000696765e-07 1.000000100000001 1.000000100000001 0.3770213352527436 1 3 4 288 295 285 -291 
363 0.6941782713057708 0.7785998551835032 0.2467931980530382 0.8648042346779619 0.9491648425504968 0.4174595498889618 1 1 4 -296 -297 298 297 
364 0.5406939510138339 0.4779237091837559 -1.000000002220446e-07 1.0000001 1.0000001 1.000000002498002e-07 1 4 6 -234 -174 300 -289 -299 -301 
365 0.5881262893999231 0.9999998999999997 -1.000000002257875e-07 0.9673784340175264 1.0000001 0.0155575172833672 1 4 3 -299 -235 -283 
366 0.9999998999999998 0.4768219296805097 -1.000000001416534e-07 1.0000001 0.9976524816017482 0.1402942779245005 1 3 5 -183 300 -288 -302 -242 
367 0.6453136371024762 0.5322353295274762 -0.0001163363553249586 0.8829995919815238 0.7699212844065237 0.09022581996732496 1 1 4 303 -304 -303 301 
368 0.8212847193806915 0.4897605062117769 0.03837298781548176 1.0000001 0.9317833557851222 0.2435534176183834 1 2035 3 -290 -302 -244 
369 0.9999998999999995 0.3959083865470953 0.5381453626587244 1.000000100000001 1.000000100000001 1.000000100000001 1 3 8 201 -240 -308 -307 306 -305 269 -309 
370 0.9149217178504881 0.6594191419303675 0.9999999000000001 1.0000001 1.0000001 1.0000001 1 4 3 -310 262 305 
371 0.8881677453442808 0.9999998999999998 0.7617295336867411 1.0000001 1.0000001 1.0000001 1 4 4 266 310 -306 -311 
372 0.7772062510582504 0.5728354993168148 0.5399427716959231 1.000000100000001 1.000000100000001 0.9728133886959988 1 2010 6 -312 -307 -311 268 313 -247 
373 0.8816536384327444 0.5360696608822881 0.5381453626587248 1.0000001 0.8274529015230564 0.57145143868347 1 2007 3 -308 312 245 
374 0.9026740518233053 0.5757760717307125 0.6450079314597126 1.000144800976243 0.8132387984992875 0.8824706582282875 1 1 1 -309 
375 0.5714308266207826 0.9999998999999997 0.4922857735449789 1.0000001 1.0000001 0.9728133886959985 1 4 7 -287 -279 131 265 311 -315 -314 
376 0.8141559760205127 0.5963168880709838 0.464636725390548 1.0000001 1.0000001 0.5714514386834703 1 2122 5 -292 249 -312 -316 -314 
377 0.9999998999999998 0.8274527015230562 0.5085592692636715 1.0000001 1.0000001 0.7617297336867415 1 3 3 307 -316 315 
378 0.6913115316190567 0.7591458235639761 0.5491509815306954 0.8549146179763045 0.9226904436600238 0.7127927939813046 1 1 4 -317 -318 319 318 
379 0.9999998999999997 0.4897605062117768 0.03837298781548171 1.0000001 1.0000001 0.5714514386834703 1 3 7 308 -241 302 291 320 316 -321 
380 0.988613557925718 0.9999998999999985 0.3770211352527413 1.000000100000002 1.000000100000002 0.5085594692636731 1 4 3 -320 286 314 
381 0.9123969243700912 0.6189306246148472 0.2347947191418472 1.000143205079599 0.8630951850491528 0.4789592795761529 1 1 1 -321 
382 0.4811336023792193 -1.337093458301458 0.3674284834309489 1.63545537882876 1.500000000875801e-07 1.130405352857623 0 5 -93 325 324 -323 322 
383 0.8418288826121815 -1.454565253069603 -0.5127310537806176 2.454565253069604 0.1138104528168357 1.130405352857623 0 7 326 329 328 322 -189 192 327 
384 0.624646867064986 -1.492940996910472 -1.533754626133214 2.533754626133214 0.119377770321224 0.1063516619419117 0 10 -330 -335 334 -172 -176 178 333 326 332 331 
385 0.4811336023792193 -0.1535380516683084 -0.1298394396442418 0.7145046599485967 1.500000000320689e-07 0.4375888391432862 0 4 -336 -325 -79 -334 
386 0.99999985 0.01349170706824129 -0.0238608410016328 1.445606946320663 0.1193777703212239 0.3735453891074388 0 3 -327 193 333 
387 0.99999985 0.4908285067064415 0.5370885539219085 2.42494565484824 2.42494565484824 0.8153234107211949 0 6 337 341 308 340 339 338 
388 0.99999985 0.04950106318600292 0.5370885539219085 2.392216715316721 0.5006484890562118 2.259911583144709 0 5 342 339 344 343 201 
389 0.99999985 0.488228941630083 0.5370885539219085 1.069579997042312 0.5360699108822882 0.5834018518200803 0 3 -340 240 342 
390 0.888167695344281 0.8274526515230559 0.57145118868347 1.751471990525984 2.295112790085774 1.683575349425712 0 5 307 -341 346 345 311 
391 0.888167695344281 0.04950106318600289 0.9331092888954112 2.453463918136242 2.509163538458522 2.509163538458522 0 8 -347 -349 348 345 266 262 269 -343 
392 -0.7326605379954423 0.09181099269917364 0.99999985 0.659407167793405 0.6090481190423576 2.265546901130782 0 5 124 353 352 351 350 
393 -0.07632381948189509 -0.2989989693271877 0.99999985 0.467061419996424 0.4227942678359929 1.445814603335136 0 4 110 -350 355 354 
394 -0.5689515816067808 -1.247323616266315 0.9999998499999998 1.68941254530653 0.05010609752101591 2.396593631943623 0 5 356 358 357 104 -354 
395 0.5769152210644133 -0.3011605609918331 0.99999985 1.989171513901808 0.6090481190423576 2.358990428568849 0 4 256 360 359 -353 
396 0.8564773858515381 -1.247323616266315 0.9999998499999998 1.989171513901808 0.3054764677881607 2.396593631943623 0 4 -357 361 -360 204 
397 0.4486490804250589 -0.03631071541504451 0.416776622868859 0.5084151711174991 1.500000000285995e-07 0.4414049257238953 0 3 -80 362 -325 
398 0.8418288826121815 -1.434990393885285 0.6658233595512695 1.798585364794693 0.02297023048291003 2.434990393885285 0 6 -363 322 -94 100 -357 364 
399 -0.07632381948189509 -0.2989989693271877 0.5726770709739737 0.4670614199964238 0.05010609752101602 1.445814603335136 0 5 -96 366 365 354 103 
400 -0.5147151810145603 -1.285869580090219 0.3674284834309489 0.5138693594853001 1.499999999765578e-07 1.122773897722504 0 6 -367 -368 -366 -8 362 324 
401 0.99999985 0.01349170706824129 -0.05488200748672484 1.596586143147496 0.5006484890562118 0.5834018518200803 0 5 369 370 -327 202 342 
402 0.9562837602756714 -0.3011605609918331 0.933109288895412 2.415679812715803 0.3959086365470958 2.415679812715803 0 6 -343 372 371 -360 205 200 
403 0.1179360338896239 0.5476225339248445 -0.9141092648395523 0.5962952909007826 1.093295620271771 0.01555756728336699 0 6 373 376 375 235 -234 374 
404 0.99999985 0.4722773601829102 0.1227128066496787 1.030428750751009 0.4897607562117771 0.1402943279245004 0 3 242 378 377 
405 0.4527204189045628 0.2712314791676088 -1.441726523629818 2.441726523629817 0.571428396737646 0.1314164006659779 0 8 183 -377 382 381 380 379 -374 -174 
406 0.5914069460600959 0.931783105785122 -0.8378256920458529 1.763182823810635 2.380895195202091 0.03837323781548235 0 7 383 385 384 288 -289 283 -375 
407 0.9999998499999999 0.285972384584732 -1.455912909897077 2.57151715964982 2.57151715964982 0.1402943279245004 0 6 386 387 -382 -378 302 -384 
408 0.4527204189045628 -1.082948710723459 -1.345609233043996 0.6734026987085676 0.5714283967376461 1.499999999765578e-07 0 6 -388 391 379 390 -66 389 
409 0.99999985 0.01349170706824129 -0.05488200748672487 1.596586143147496 0.4768221796805099 0.1314164006659779 0 5 392 370 -333 184 -377 
410 0.5055143809662916 -0.1535380516683084 -0.1298394396442417 0.7145046599485965 0.1951165379002972 0.01095283485016066 0 5 -393 -389 -81 -78 -334 
411 0.4562200435286964 0.472685957115609 -0.1637147830566243 0.540694201013834 0.5618141597264538 1.500000000043133e-07 0 3 390 -173 374 
412 0.99999985 0.1643894447402534 -0.05488200748672487 1.596586143147496 0.5360699108822882 0.5381456126587248 0 5 241 340 369 -392 -378 
413 -0.07632381948189505 -0.2989989693271877 0.6008046685465671 0.186336842425654 0.4343089590223359 1.445814603335136 0 6 -365 395 -34 37 394 355 
414 0.05171353554755295 0.3730112668483121 0.99999985 0.1880364558940476 0.434308959022336 1.096167159694289 0 3 350 109 394 
415 0.1712576142512001 -0.06219922151315068 0.5726770709739737 0.2700385167283225 1.500000000216606e-07 0.6439875098232101 0 3 395 -9 366 
416 -1.575239148041492 -1.358724606939538 -1.597730272997536 0.03602826164708817 0.5762285058792593 0.01368572158555992 0 5 -58 398 397 396 -51 
417 -1.468715843289043 0.5073981040832043 -1.468715843289043 0.03602826164708772 0.5946740531216765 0.4792894131752237 0 6 -398 -55 -49 401 400 399 
418 -1.396402364063729 -1.032812053993281 0.04899448457589958 1.499999999765578e-07 0.5946740531216765 0.4792894131752237 0 4 -401 -31 403 402 
419 -1.604998259893083 -1.382683706420818 -1.604998259893084 1.500000001986024e-07 0.08616731273681455 0.3436325237633597 0 5 -3 403 405 404 396 
420 0.4436933523136189 -0.051154773793013 -0.121978802860176 0.5381459582939125 0.1951165379002972 1.499999999973745e-07 0 3 -67 389 406 
421 -1.575239148041492 -1.358724606939538 -1.597730272997536 0.6734026987085675 0.04945360302618951 0.01368572158555992 0 6 388 406 -19 -4 -396 407 
422 0.05514719908954596 0.472685957115609 -0.9141092648395523 0.4684550769065204 1.093295620271771 1.500000000320689e-07 0 5 373 409 408 -65 -390 
423 -1.213431147154934 0.5073981040832044 -1.418606884105584 0.1658544759202255 1.24265383123054 1.500000000875801e-07 0 5 410 411 -398 -64 -408 
424 -1.620017158057063 0.8440834658138899 -1.620017158057063 0.1598610211413892 2.461322675875477 0.3541547319592852 0 7 410 415 414 413 -158 -164 412 
425 0.05514719908954597 0.604531383276664 -0.669924572289355 0.1658544759202255 0.9956675661078873 1.500000000320689e-07 0 3 -165 412 408 
426 -1.397784385722876 0.6711149768138951 0.1174949022548105 1.500000001986024e-07 2.108605908886541 1.068295233333887 0 4 -416 417 -146 -413 
427 -1.248112961709007 0.5136298629898332 0.4566865443230691 1.500000001986024e-07 1.095407716827934 1.068295233333887 0 4 -418 -401 -30 -417 
428 -1.44873360294632 -1.44873360294632 0.04899448457589961 0.1863368424256542 0.08616731273681455 1.122773897722504 0 7 395 -10 -2 403 420 419 -368 
429 -1.235214886378774 0.6711149768138951 0.6413716136000718 1.500000001986024e-07 1.132912302758236 1.735674092575863 0 4 -421 417 -29 422 
430 -1.301939009678183 0.09181099269917359 0.8402991282216067 0.08256869297602321 1.132912302758236 2.301939009678184 0 7 -423 -422 -28 36 394 -351 -424 
431 0.443693352313619 -0.1535380516683084 -0.1298394396442417 0.6246471670649859 0.04945360302618942 0.4414049257238954 0 6 -362 -7 -21 -406 393 -336 
432 0.5478103476311647 0.99999985 -0.2341075146475874 1.590143791141881 2.278423415321471 0.573247566172191 0 5 280 428 427 426 425 
433 0.3672288661949105 0.99999985 -0.2341075146475874 1.02149766773548 2.263818517974988 0.4394636491792189 0 4 -428 218 430 429 
434 0.3672288661949105 0.9999998499999998 0.4215297859232296 0.4504292305916177 2.269573101507614 1.591090153579024 0 4 149 430 432 431 
435 0.5714307766207827 0.99999985 0.4922857235449791 1.65672945607504 2.281723673244655 1.676938414488727 0 6 279 -425 436 -435 434 433 
436 0.3971567964103979 0.9999998499999998 0.8379672862664206 1.128615608496261 2.281021769954098 1.702478492431671 0 5 130 -433 438 -437 431 
437 0.5478103476311645 0.99999985 -0.7682379454937314 1.116940328035152 2.307951553339852 0.2354756393306814 0 5 383 440 -428 217 439 
438 0.5742795129639955 0.99999985 0.001285805852139794 0.5962952909007828 1.024849521631577 0.06179103786843123 0 3 230 -375 -439 
439 0.9886135079257191 0.931783105785122 -0.8378256920458529 1.763182823810635 2.380895195202091 0.573247566172191 0 6 286 442 -426 441 384 291 
440 0.7479185209268085 0.9999998499999999 0.4922857235449792 1.392093443324242 1.874703181598767 0.573247566172191 0 3 287 442 425 
441 0.05514719908954596 0.84408346581389 -0.9141092648395522 0.5914072460600959 1.093295620271771 0.06179103786843132 0 6 -220 412 -409 376 -439 216 
442 -1.466855560528781 0.9402605760727655 0.1100617251772478 0.3676728624597967 2.466855560528781 0.4394636491792189 0 6 -443 413 -145 148 430 444 
443 -1.434871123638807 0.6805216059498472 0.8379672862664206 0.4504292305916176 2.45988105531949 2.45988105531949 0 8 -120 422 -447 446 -445 431 129 121 
444 0.9886135079257194 0.8274526515230562 0.497422141475359 1.751471990525984 2.295112790085774 0.7715230867696313 0 6 -442 314 316 -341 448 -436 
445 0.7046504438222998 0.9999998499999999 0.9679429883127549 1.265343115289291 2.290108983123786 1.683575349425712 0 5 -345 450 434 449 265 
446 0.5714307766207829 0.9999998499999999 0.864864665487578 1.022154901949793 1.96280195680998 1.499337267070195 0 3 131 -449 433 
447 0.5769152210644131 0.5672294034690106 0.9679429883127549 1.209232414834002 2.418173488161078 2.418173488161078 0 7 123 353 452 -451 -438 449 132 
1 -0.0001433678875401856 -0.0001433678875401856 -0.0001433678875402133 0.4853048520939396 0.2685411903174645 0.6009481864341073 1 1007 11 -229 -230 231 -232 -233 -234 -235 -236 -237 -238 169 
2 -0.0001103967173469028 -0.0001103967173468057 0.3435219770460129 0.2455865011412464 0.6806321526671941 1.000110396717347 1 1000 13 -239 -240 241 -242 -243 -244 245 -231 -246 -247 248 167 184 
3 -0.0001144107031561814 0.04860690085634245 -0.0001144107031560704 0.2655790646067306 0.5137444236929892 0.4568011050262252 1 1002 11 -249 -245 -250 -251 -252 232 -253 -254 152 154 -159 
4 -0.0001179674759836935 0.03702136369112663 -0.0001179674759837213 0.5056324984422753 0.6046495007526477 0.2764086727204147 1 1013 10 -255 233 252 -256 -257 -170 258 259 260 -261 
5 0.2279376769886029 -0.0001625991103200164 -0.0001625991103200164 0.8108584110695911 0.4965657461461107 0.5467159536279244 1 1019 15 -262 -263 264 -265 266 235 257 140 -195 134 148 159 -168 -184 -267 
6 0.2698933499133969 -0.0001450168149255832 0.4374436723283606 0.8695966413087698 0.186082023615866 1.000145016814926 1 1006 10 -268 -266 -269 270 271 272 236 -273 99 274 
7 0.06705656514190728 -0.0001814412471857207 0.431459996613712 0.6447130626027451 0.5263130902390684 1.000181441247186 1 1021 12 -275 237 -272 276 -248 -148 -133 277 278 146 151 -279 
8 -0.0001071779632589864 0.4226869398727339 0.7852243799798053 0.7065303296075325 1.000107177963259 1.000107177963259 1 1015 14 -280 281 282 242 283 -284 285 -278 -286 -171 221 -287 -288 -137 
9 -0.0001475709996086871 0.6689670611557073 0.3540070109596764 0.3973045174100066 1.000147570999609 1.000147570999609 1 1009 12 -289 290 291 -292 -293 243 -282 294 -295 220 -214 -162 
10 -0.0001365650698817306 0.4983450154387883 -0.0001365650698817444 0.2207609967469254 0.9751822714989808 0.6415083286699534 1 1001 11 -296 244 293 297 -298 250 -299 -300 165 -301 -258 
11 0.003951295998135762 0.2454491683244355 0.2427753522386227 0.6547126107675512 0.7990687464006673 0.8561124727798296 1 1024 16 -169 168 -152 -167 -146 170 163 -143 135 -165 171 162 161 166 -164 -302 
12 0.4683517449322078 -0.0001031819743125828 -0.0001031819743125828 1.000103181974313 0.5477258658991571 0.2360533676502237 1 1014 10 -303 -304 -305 -264 -260 306 307 308 -309 -310 
13 0.5082529069218139 -0.0001621141956850702 -0.0001621141956850702 1.000162114195685 0.1928843557110304 0.6659856237469546 1 1008 10 -311 -312 313 -314 269 265 305 -315 -316 75 
14 0.750923936917998 -0.0001523223146651098 0.3733929167927737 1.000152322314665 0.4883814139447482 1.000152322314665 1 1003 11 -317 314 318 319 -270 320 110 -321 -322 -323 324 
15 -0.0001580957686060369 0.7559638963227181 -0.0001580957686060092 0.5744377587326015 1.000158095768606 0.4216880316918356 1 1011 11 -325 -297 292 326 -327 328 -166 -329 217 330 -331 
16 0.1596653452388505 0.411046534161675 -0.0001955259025387124 0.6797714410745452 1.000195525902539 0.4165810836593877 1 1025 16 -154 -163 -259 301 -328 214 -215 332 -144 195 -333 -306 198 334 335 -336 
17 0.5919675905537297 0.1136213606548991 0.106162569779975 1.000188942161937 0.6219825535615532 0.6405039162505276 1 1023 15 -140 310 144 143 132 316 337 338 -142 145 141 -320 339 340 -341 
18 0.4066461848602776 0.1330597387384208 0.446524119406388 0.9212024758703261 0.6386560221178995 0.9184967994430858 1 1018 14 -75 -110 -132 -134 -99 131 -84 -92 136 -138 -135 133 137 -342 
19 0.1879320497064462 0.0228658242953087 0.8396498782575481 0.9563881664632727 0.5673338096566121 1.000104256187601 1 1017 8 -274 343 -277 92 -324 -285 -344 -345 
20 0.5686308780838774 0.3053704921849402 0.763607765032998 1.00010582560322 1.00010582560322 1.00010582560322 1 1016 11 346 347 -348 349 321 344 284 -350 -351 -131 222 
21 0.1466674201125389 0.5126644878236979 0.3681428251227078 0.7334336675329568 0.9734781289875175 0.8590532360554147 1 1026 13 -221 -151 -161 -220 200 -219 -222 138 -145 -209 215 -217 -352 
22 0.3670502213394074 0.7952571558022845 0.235359472073039 0.7480346881844508 1.000116017257642 0.8649808327452204 1 1010 9 287 353 -200 -294 354 355 329 -198 -356 
23 0.5160843666876249 0.5764494179283541 -0.0001758019539618016 1.000175801953962 1.000175801953962 0.4975980934293208 1 1022 13 164 -332 142 209 -355 -330 357 358 -359 360 -361 362 -363 
24 0.5405777146585091 0.476705693325185 -0.0001163363553249586 1.000116336355325 1.000116336355325 0.2588258516066643 1 1012 9 -364 -335 365 -358 366 -307 -367 -338 -368 
25 0.7770615500820083 0.3957636855708531 0.5380006616824823 1.000144800976243 1.000144800976243 1.000144800976243 1 1005 10 369 322 348 370 371 -372 -373 -339 -374 84 
26 0.5581640728869925 0.5726670291735106 0.4616406868338351 1.000168570143305 1.000168570143305 0.9729818588393029 1 1020 12 375 -360 -376 377 372 351 288 -353 -141 219 -136 -378 
27 0.8140128709409145 0.4896174011321786 0.03822988273588346 1.000143205079599 1.000143205079599 0.5715945437630685 1 1004 8 379 373 376 380 359 368 -340 -381 
$EndEntities
$Nodes
688 3483 1 3483
0 1 0 1
1
0 0 0
0 2 0 1
2
0 0 0.4233489981825996
0 3 0 1
3
0 0.08616716273681464 0.3436323737633597
0 4 0 1
4
0 0.04872131155949851 0.01368557158556006
0 5 0 1
5
0 0.03713933116711032 0
0 6 0 1
6
0.4851614842063994 0 0
0 7 0 1
7
0.4486492304250589 0 0.4414047757238954
0 8 0 1
8
0.2700383667283224 0 0.5726772209739737
0 9 0 1
9
0.186336692425654 0 0.6008048185465671
0 10 0 1
10
0.255561032155 0 0.3832094442487317
0 11 0 1
11
0.2453443449114056 0.2434006684243218 0.4318206334888606
0 12 0 1
12
0.2256716575050948 0.2670046450604858 0.3912485879861148
0 13 0 1
13
0.2389877494333885 0.2523998102629378 0.4174415362362229
0 14 0 1
14
0.2281002760989229 0.2683978224299243 0.3868888303611009
0 15 0 1
15
0.2416672874663841 0.2646463880412854 0.2609029528050661
0 16 0 1
16
0.443693502313619 0.04945345302618936 0
0 17 0 1
17
0.3842893104410285 0.07194026398125464 0.4901989767083927
0 18 0 1
18
0 0 1
0 19 0 1
19
0 0.523424952213121 1
0 20 0 1
20
0 0.6805217559498473 0.8402992782216069
0 21 0 1
21
0 0.6711151268138952 0.6413717636000718
0 22 0 1
22
0 0.5136300129898331 0.4566866943230692
0 23 0 1
23
-1.387778780781446e-17 0.255098198896 0.6868739602892897
0 24 0 1
24
-6.938893903907228e-17 0.255098198896 0.4725210251427103
0 25 0 1
25
0.06723800638909304 0 1
0 26 0 1
26
0.08256854297602301 0.4343088090223359 1
0 27 0 1
27
0.1287887904523619 0.5261316489918826 0.855942844738988
0 28 0 1
28
0.03114621245302409 0.669114632155316 0.8177222082598367
0 29 0 1
29
0.004120924038977396 0.6696787726041152 0.6399265030917004
0 30 0 1
30
0.08007650102701115 0.5084303939405829 0.4552365572754216
0 31 0 1
31
0.2454761044238996 0.2456187963652771 0.4316414378608978
0 32 0 1
32
0 0.5097321039155998 0
0 33 0 1
33
0 0.16420577553641 0
0 34 0 1
34
-1.179611963664229e-16 0.349694676678 0.3239588500186371
0 35 0 1
35
6.938893903907228e-18 0.349694676678 0.120090099695363
0 36 0 1
36
0.1958386756475264 0.4985946227272479 0.1814451875016553
0 37 0 1
37
0.03602811164708771 0.5073982540832044 0
0 38 0 1
38
0.2097386138540738 0.4984815805086701 0.2736957095540829
0 39 0 1
39
0.2654646539035746 0.3614844643351821 0.276290705244431
0 40 0 1
40
0.2506670331610301 0.439437372023982 0.2503485672546382
0 41 0 1
41
0.1658543259202255 0.604531533276664 0
0 42 0 1
42
0.4684549269065204 0.472686107115609 0
0 43 0 1
43
0.5055145309662916 0.1951163879002971 -4.625929269271485e-18
0 44 0 1
44
0.3665086428605733 0.3193032506199999 7.632783294297951e-17
0 45 0 1
45
0.3240759387711166 0.4112420600642137 0.2429449802794643
0 46 0 1
46
0.4765471230948553 0.4137358667214016 0.1082827789281238
0 47 0 1
47
0.245717562709 0.31930325062 0.09117158068799999
0 48 0 1
48
0.6958618974650157 0 0
0 49 0 1
49
0.7145045099485965 0 0.01095268485016066
0 50 0 1
50
0.508415021117499 0 0.4375886891432861
0 51 0 1
51
0.8106958119592711 0.1643603687963042 0.1616687008958343
0 52 0 1
52
0.6230506694116379 0.4863094057444268 0.2359501856759111
0 53 0 1
53
0.6630223979671889 0.1927222415153453 0.5277438755272542
0 54 0 1
54
0.6431382582153887 0.1793126617570181 0.5403642879469758
0 55 0 1
55
0.6106493458715311 0.1859370068009404 0.5465533545176043
0 56 0 1
56
0.53308481637 0.197341275614 0.367440283022
0 57 0 1
57
0.53308481637 0.197341275614 0.209923565714
0 58 0 1
58
0.8418290326121814 0 0.6658235095512695
0 59 0 1
59
0.8694516244938442 0 1
0 60 0 1
60
0.3735684992888219 0 1
0 61 0 1
61
0.5578836200540001 0 0.7972373259802884
0 62 0 1
62
0.7510762592326631 0.1528993455282044 0.6126976458513286
0 63 0 1
63
0.8564775358515383 0.02297008048291003 1
0 64 0 1
64
0.7841776033887428 0.1332333700971646 0.8787736960744159
0 65 0 1
65
0.4670612699964238 0.05010594752101593 1
0 66 0 1
66
0.6445316213555593 0.1641240976986429 0.8543963184730032
0 67 0 1
67
0.1880363058940475 0.4227941178359929 1
0 68 0 1
68
0.4151946251718765 0.5057484702151437 0.8397541344451495
0 69 0 1
69
0.3778109354333117 0.5229470316601982 0.8202472481691662
0 70 0 1
70
0.4068198162190214 0.516853084308519 0.8245998404756911
0 71 0 1
71
0.406145288086 0.239228181591 0.80172251906
0 72 0 1
72
0.406145288086 0.239228181591 0.6259413845480001
0 73 0 1
73
0 0.94054153654275 1
0 74 0 1
74
0.07304725315799032 1 1
0 75 0 1
75
0.7064231516442735 1 1
0 76 0 1
76
0.5769153710644133 0.5672295534690107 1
0 77 0 1
77
0.5702328030853454 0.720323126604 1
0 78 0 1
78
0.1468326637051347 0.7105427790574234 0.7853315579430643
0 79 0 1
79
0.3960371371481864 0.9733128853949217 0.8221363898963202
0 80 0 1
80
0.3971569464103979 1 0.8379674362664207
0 81 0 1
81
0.5714309266207829 1 0.8648648154875781
0 82 0 1
82
0.7046505938222998 1 0.967943138312755
0 83 0 1
83
0.6394909125750268 0.8024093315626902 0.8588879924628189
0 84 0 1
84
0.5767715436090463 0.5944855620805644 0.8498889861033715
0 85 0 1
85
0.5687367036870977 0.5630834498963135 0.8745268601323346
0 86 0 1
86
0.458669960743 0.720323126604 0.9196920685900001
0 87 0 1
87
0.5583326430302972 0.9720204471156506 0.8464266995739783
0 88 0 1
88
0 1 1
0 89 0 1
89
0 1 0.3550016804930615
0 90 0 1
90
0 0.9402607260727655 0.3541545819592851
0 91 0 1
91
0.3672290161949105 1 0.4215299359232296
0 92 0 1
92
0.211711346721 1 0.658111399002854
0 93 0 1
93
0.3671662385970497 0.8218603631969537 0.4189925559374302
0 94 0 1
94
0.3486929941202673 0.8021089502841942 0.4153658167164183
0 95 0 1
95
0.2893575386260464 0.7804301999471309 0.4043090333582938
0 96 0 1
96
0.2191393024101613 0.7570920302741758 0.3912571639764124
0 97 0 1
97
0 0.9750457064290992 0
0 98 0 1
98
1.491862189340054e-16 0.677830945616 0.335470708381837
0 99 0 1
99
-1.040834085586084e-17 0.677830945616 0.102976828564163
0 100 0 1
100
0.2206244316770437 0.7561219920913241 0.3887462897861336
0 101 0 1
101
0.1598608711413892 0.84408361581389 0
0 102 0 1
102
0.381479890328 0.5282454348 0.598139571425
0 103 0 1
103
0.381479890328 0.5282454348 0.433809437971
0 104 0 1
104
0.882375971457924 0 0
0 105 0 1
105
0.5406940510138341 0.5476226839248445 0
0 106 0 1
106
1 0.4779238091837562 0
0 107 0 1
107
1 0.008034510942804605 0
0 108 0 1
108
0.8288467042522371 0.383092875425 1.179611963664229e-16
0 109 0 1
109
1 0.1193776203212239 0.1063515119419116
0 110 0 1
110
0.6588504128056831 0.5277728099444126 0.2289930398580613
0 111 0 1
111
1 0.4768220296805099 0.1314162506659779
0 112 0 1
112
0.723490293832 0.383092875425 0.07573915306699999
0 113 0 1
113
1 0 0
0 114 0 1
114
1 0 0.4887246978055956
0 115 0 1
115
0.751519743114 0 0.5247352308254563
0 116 0 1
116
1 0.1138103028168356 0.3735452391074388
0 117 0 1
117
0.7555804552562296 0.1688359196649893 0.5915261525893677
0 118 0 1
118
1 0 1
0 119 0 1
119
1 0.3334811725078318 1
0 120 0 1
120
1 0.3959084865470957 0.9331094388954119
0 121 0 1
121
1 0.488229091630083 0.5834017018200803
0 122 0 1
122
1 0.219943441316 0.763304823926087
0 123 0 1
123
0.9562839102756714 0.3054763177881606 1
0 124 0 1
124
0.9144944840792355 0.4729672851780941 0.6403149740885911
0 125 0 1
125
0.9210288445115823 0.4155578595889215 0.8578488155121758
0 126 0 1
126
0.894206221959566 0.3419358619893211 0.918323168084342
0 127 0 1
127
0 1 0
0 128 0 1
128
0.5313123364125566 1 0
0 129 0 1
129
0.5742796629639955 1 0.06179088786843109
0 130 0 1
130
0.5478104976311647 1 0.2354754893306813
0 131 0 1
131
0.26420348121 1 0.3614794036805369
0 132 0 1
132
0.3782144012096303 0.8167860603112281 0.4075354320145957
0 133 0 1
133
0.5162601686415867 0.9158222970012955 0.2667524568262582
0 134 0 1
134
0.592023757934981 0.6518367975579638 0.3683080687153036
0 135 0 1
135
0.6377140855261362 0.5825658957135562 0.3407553008649077
0 136 0 1
136
0.521060572104982 0.7953731730599268 0.3756043213896019
0 137 0 1
137
0.5962951409007826 1 0.01555741728336698
0 138 0 1
138
0.6795759151720066 0.576625219882316 0.2587095152513394
0 139 0 1
139
0.5881263893999233 1 0
0 140 0 1
140
0.406608917449 0.688567638892 0.24929365645
0 141 0 1
141
0.406608917449 0.688567638892 0.05985971687800001
0 142 0 1
142
1 0.5360697608822882 0.5381454626587249
0 143 0 1
143
1 0.4897606062117771 0.1402941779245004
0 144 0 1
144
0.8212848193806918 0.5924434305108895 0.2435533176183831
0 145 0 1
145
0.8816537384327444 0.5963169880709841 0.5399428716959236
0 146 0 1
146
0.8470626678980323 0.5728355993168153 0.5793393043845806
0 147 0 1
147
0.814156076020513 0.6217936113996166 0.4646368253905483
0 148 0 1
148
0.844048515165 0.352413257282 0.493635312228
0 149 0 1
149
0.844048515165 0.352413257282 0.310583248872
0 150 0 1
150
0.653367023935 0.404527200765 0.782439849525
0 151 0 1
151
0.653367023935 0.404527200765 0.6142291440909999
0 152 0 1
152
0.6903092780778989 0.374669048605 1
0 153 0 1
153
0.58705099692 0.374669048605 0.929513654692
0 154 0 1
154
0.9149218178504881 1 1
0 155 0 1
155
1 0.6594192419303675 1
0 156 0 1
156
0.874019051223449 0.629324556256 1
0 157 0 1
157
0.8881678453442809 1 0.9728132886959983
0 158 0 1
158
0.7772063510582509 0.6204616997645748 0.7637135906362184
0 159 0 1
159
0.76275587548 0.629324556256 0.90738267374
0 160 0 1
160
0.7161180330931344 0.6384823907591557 0.7718807947751493
0 161 0 1
161
0.5187875055359999 0.719575248996 0.7156623149769999
0 162 0 1
162
0.5187875055359999 0.719575248996 0.5555821979909999
0 163 0 1
163
0.7479186709268085 1 0.4922858735449792
0 164 0 1
164
0.6206635003870484 0.8272044883676405 0.4762921126050591
0 165 0 1
165
0.538536537859 1 0.63261441447424
0 166 0 1
166
0.9673783340175262 1 0
0 167 0 1
167
1 1 0
0 168 0 1
168
1 1 0.3770212352527429
0 169 0 1
169
0.9886136579257195 1 0.497422291475359
0 170 0 1
170
1 0.9317832557851219 0.03837308781548204
0 171 0 1
171
1 0.9976523816017481 0
0 172 0 1
172
0.7240255024206483 0.6100269479930871 0.4618092569771398
0 173 0 1
173
0.77947105876 0.863882348867 0.417283747935
0 174 0 1
174
0.77947105876 0.863882348867 0.246969000007
0 175 0 1
175
0.8828832556261988 0.651078306967 2.775557561562891e-17
0 176 0 1
176
0.764156614542 0.651078306967 0.090109483612
0 177 0 1
177
1 1 1
0 178 0 1
178
1 1 0.7617296336867413
0 179 0 1
179
1 0.8274528015230563 0.57145133868347
0 180 0 1
180
1 0.694507435115 0.8823258572520449
0 181 0 1
181
1 1 0.5085593692636716
0 182 0 1
182
0.7730937117509999 0.840918133612 0.7126242238379999
0 183 0 1
183
0.7730937117509999 0.840918133612 0.549319551674
0 184 0 1
184
1 0.741012904832 0.4788160744965543
0 266 0 1
185
0.733268423940361 0.5922222467956991 0.5026788125157849
0 267 0 1
186
0.6545429827267095 0.5499847650041952 0.4594335987853819
0 268 0 1
187
0.5921565327156663 0.3941097449287362 0.4466977507651318
0 269 0 1
188
0.4080741678316023 0.5128297314162937 0.8016958666335282
0 270 0 1
189
0.5186224672985693 0.3197605026502527 0.5058917065626208
0 271 0 1
190
0.5948186057137638 0.4964031470357906 0.2995493978098515
0 272 0 1
191
0.654102448538432 0.5917946046878452 0.3930806582501777
0 273 0 1
192
0.345207367319996 0.7988991183598256 0.416385557756849
1 1 0 4
193
194
195
196
0 0 0.08506542987719025
0 0 0.1701339419786496
0 0 0.2551979357002525
0 0 0.3402657806382023
1 2 0 1
197
1.110223024625157e-16 0.04308358136840711 0.3834906859729799
1 3 0 4
198
199
200
201
1.665334536937735e-16 0.07867811284739389 0.2776440737334434
1.665334536937735e-16 0.07118864293379815 0.2116520727425648
1.665334536937735e-16 0.06369983136251449 0.1456658726063546
1.665334536937735e-16 0.05621036144891879 0.07967387161547643
1 6 0 5
202
203
204
205
206
0.08111809182950425 0 0
0.1622493542629429 0 0
0.243415880750262 0 0
0.3245741673094638 0 0
0.405709319145504 0 0
1 7 0 5
207
208
209
210
211
0.4790743392944644 -3.469446951953614e-18 0.07358885186169198
0.4729888246132767 -3.469446951953614e-18 0.1471579955004467
0.4669041405619386 -3.469446951953614e-18 0.2207170974697774
0.4608194382752567 -3.469446951953614e-18 0.2942764198902428
0.4547339235940692 -3.469446951953614e-18 0.3678455635289976
1 8 0 2
212
213
0.3891122678213684 0 0.4851622633816392
0.3295753134066618 0 0.5289197450207798
1 9 0 1
214
0.2281875295769883 -6.938893903907228e-18 0.5867410197602707
1 10 0 3
215
216
217
0.04658339044341814 1.110223024625157e-16 0.4677122079125886
0.09316834621282716 1.110223024625157e-16 0.5120769083645833
0.1397533019822365 1.110223024625157e-16 0.5564416088165782
1 11 0 11
218
219
220
221
222
223
224
225
226
227
228
0.3143283947381781 0 0.3674548970166321
0.3573562811893805 0 0.3243786275114316
0.3730448442401129 0 0.2657568195501032
0.357396295960619 0 0.2071421310242592
0.314440069926733 0 0.1640609537942576
0.2555505619174532 0 0.1482418122638257
0.1966991962468551 0 0.1640509932880568
0.1536945199775794 0 0.2071964833874518
0.1380772530499585 0 0.2658190205243844
0.1537884393129944 0 0.3244179309355356
0.1968106133413744 0 0.3674646832780253
1 12 0 4
229
230
231
232
0.1981377806755519 0.04867830945915294 0.5670092480282414
0.209940233897031 0.0973622492896429 0.5332097685489496
0.2217408032179651 0.1460384182186892 0.4994156841224164
0.2335432566496906 0.1947223589164244 0.4656162040410281
1 13 0 3
233
234
235
0.1692537588061022 0.2217952870422446 0.3793445377382972
0.1128355493752217 0.1765856800252018 0.3674404219267473
0.05641760725815562 0.1313762872147532 0.3555363625178135
1 17 0 1
236
0.2348839016079378 0.2665220721025382 0.3238947788624417
1 18 0 5
237
238
239
240
241
0.0402692160258058 0.08470108210019767 0.0548796042328088
0.08053923817184172 0.1206815728938289 0.09607446151352073
0.1208336441112745 0.1566838501382013 0.1372942625820783
0.1611280494096672 0.1926861268098166 0.178514062994874
0.2013980714494115 0.2286666175084782 0.2197089201668532
1 19 0 5
242
243
244
245
246
0.0739516953006483 0.03919176191687143 0
0.1478950558561605 0.04124396134688878 0
0.2218467511568094 0.04329639209664993 0
0.2957984464574583 0.04534882284641108 0
0.3697418070129705 0.04740102227642842 0
1 20 0 5
247
248
249
250
251
0.4100272170769888 0.08531388201360601 0.0434776904316912
0.3763562165470939 0.121179333605628 0.086961470340122
0.3426803948986046 0.1570499205245737 0.1304514763914228
0.3090045732406363 0.1929205074536161 0.173941482454965
0.2753335727129845 0.2287859590432488 0.2174252623604991
1 22 0 3
252
253
254
0.2801021137393952 0.2005090020867232 0.4464242641454384
0.3148189843831788 0.1576678047904332 0.4610107112486175
0.3495315415954884 0.1148319303405109 0.475595346044441
1 23 0 1
255
0.4164692704330437 0.03597013199062733 0.4658018762161439
1 25 0 2
256
257
0.3462058308496685 0.04796028196888313 0.5176916032911359
0.3081218463199603 0.02397998201254644 0.5451845943910297
1 26 0 6
258
259
260
261
262
263
0 0 0.5039716135757566
0 0 0.5866425594212099
0 0 0.6693115389144509
0 0 0.7519909216992225
0 0 0.8346557023063
0 0 0.9173314032988555
1 27 0 6
264
265
266
267
268
269
0 0.0750839257859952 1
0 0.150167995734477 1
0 0.2252509603652507 1
0 0.3003348520035029 1
0 0.3754177149224202 1
0 0.4505002596247402 1
1 28 0 2
270
271
1.665334536937735e-16 0.5757912420567082 0.9467657260621763
1.665334536937735e-16 0.6281554661062597 0.8935335521594308
1 29 0 2
272
273
5.551115123125783e-17 0.6773862120004172 0.7739900875612936
5.551115123125783e-17 0.6742506688336248 0.7076809134518789
1 30 0 3
274
275
276
0 0.6317416564014816 0.5951979257418702
0 0.5923681859754613 0.5490240878677121
0 0.5529947155494408 0.5028502499935538
1 31 0 5
277
278
279
280
281
0 0.1574130884157568 0.3624753205025038
0 0.2286526621843823 0.3813165873040704
0 0.2998985878633245 0.4001595340432145
0 0.3711445135422668 0.4190024807823587
0 0.4423840873108919 0.4378437475839252
1 32 0 5
282
283
284
285
286
0 0.2014285339558688 0.6724679743720876
0 0.162236903753017 0.633209875076125
0 0.1479217351307202 0.579668922485054
0 0.1622326782336924 0.5261924436682052
0 0.2014285339558686 0.4869270110599126
1 33 0 5
287
288
289
290
291
0 0.3087537327990814 0.4869188373955886
0 0.3479646251806767 0.5261940155336605
0 0.3622746662233546 0.57970475335772
0 0.347959832161468 0.6332092883199427
0 0.3087537327990815 0.6724761480364114
1 34 0 5
292
293
294
295
296
0.08708778647939008 0 0.9334674728273293
0.1069375693170765 0 0.866934936445954
0.1267873494073735 0 0.8004024092732835
0.1466371294976704 0 0.7338698821006131
0.1664869123353571 0 0.667337345719237
1 36 0 1
297
0.04128427148801159 0.4788668806177287 0.9999999999999998
1 37 0 5
298
299
300
301
302
0.06979309569761297 0.07238479802951302 1
0.07234818537403814 0.1447696064816549 1
0.07490327468255809 0.2171544045111682 1
0.077458363991078 0.2895392025406813 1
0.08001345366750318 0.3619240109928231 1
1 38 0 2
303
304
0.1133859785168392 0.4955318575009227 0.9039496251351263
0.0979713549115567 0.4649086005133173 0.9519932196038275
1 39 0 2
305
306
0.06369399247250204 0.6214532657935664 0.8304625198515307
0.09624100840632017 0.5737930183212324 0.8432025323540276
1 41 0 2
307
308
0.01312967324923724 0.6694907191134463 0.6991938416666525
0.0221381266939716 0.6693026717967465 0.7584592344403478
1 43 0 3
309
310
311
0.02311007339662079 0.629366136356193 0.5937533963228201
0.04209871292616488 0.5890545824376753 0.5475815292275462
0.06108735203198213 0.5487430294187 0.5014096631625862
1 44 0 1
312
0.04003825051350558 0.5110302034652079 0.4559616257992454
1 45 0 3
313
314
315
0.1164752904185871 0.4480739562694371 0.4392395648335289
0.1528740792739303 0.387717519487472 0.4232425726273062
0.1892728679916794 0.3273610829336656 0.4072455804815551
1 46 0 4
316
317
318
319
0.04413653211157725 0.255098198896 0.5041754595130613
0.06896273671611466 0.255098198896 0.5525219070840846
0.06896273671611453 0.255098198896 0.6068730783479159
0.04413653211157702 0.255098198896 0.6552195259189389
1 47 0 6
320
321
322
323
324
325
0.2288106812651003 0.2856819808828722 0.4922406774168107
0.2121389913724425 0.3257602304433712 0.5528627042312714
0.1954682220520055 0.3658362669754707 0.6134813836373882
0.1787796713284511 0.405955049474911 0.6741647202380376
0.1621117700010929 0.4460241914364486 0.7347729709740889
0.1454459152683528 0.4860884134450369 0.7953737798302456
1 49 0 6
326
327
328
329
330
331
0 0.5130731588052224 0.3914445627220843
0 0.5125163423225156 0.3262068483503119
0 0.5119594599492756 0.2609614141140575
0 0.5114026569562304 0.1957252802175886
0 0.5108457745829987 0.1304798459823076
0 0.5102889580877791 0.06524213014450445
1 50 0 4
332
333
334
335
0 0.2292049217386931 0
0 0.2968176671669593 0
0 0.3672186409204116 0
0 0.4394361649478304 0
1 51 0 1
336
5.551115123125783e-17 0.1064635435479551 0.006842785792779898
1 52 0 4
337
338
339
340
0 0.2897186090500695 0.3044470940308849
0 0.2527381384440046 0.2534894797556671
0 0.2527329436794126 0.1905754816536558
0 0.2897284418854993 0.1395947015684362
1 53 0 4
341
342
343
344
0 0.4096378067046055 0.1395778982015268
0 0.4466500800636014 0.1905559732414372
0 0.4466554583682389 0.2534764009285649
0 0.4096916815770896 0.3044318546401965
1 54 0 3
345
346
347
0.1558998708313078 0.5007947683596637 0.1360995999067645
0.1159317123128501 0.5029965310264419 0.09072068480289484
0.0759669163907873 0.5051981084547834 0.04534558751255449
1 56 0 2
348
349
0.1665245502308562 0.5017973421235962 0.3342000278363729
0.1232905647272502 0.5051146323197468 0.3947322388852935
1 57 0 1
350
0.2027886447508001 0.4985381016179589 0.2275704485278689
1 58 0 4
351
352
353
354
0.02882249044005187 0.4387597690652972 1.110223024625157e-16
0.0216168643863475 0.3701212378795524 1.110223024625157e-16
0.01441124726074066 0.3014827917400612 1.110223024625157e-16
0.007205621207036356 0.232844260554317 1.110223024625157e-16
1 59 0 1
355
0.2580658435323024 0.400460918179582 0.2633196362495346
1 60 0 1
356
0.2535661155198846 0.3130660155615848 0.2685969226772825
1 61 0 1
357
0.2232528271644882 0.4690160267660828 0.215896843145613
1 62 0 3
358
359
360
0.04885004100226807 0.349694676678 0.1609767674433416
0.06715731472828741 0.349694676678 0.2220226077004216
0.04885253289037743 0.349694676678 0.2830684009986776
1 63 0 1
361
0 0.101683302316256 0
1 64 0 2
362
363
0.1225791446463758 0.5721539407514991 1.110223024625157e-16
0.07930329292093749 0.5397758466083695 1.110223024625157e-16
1 65 0 4
364
365
366
367
0.4079330996023379 0.4990559361475321 5.551115123125783e-17
0.3474135426200656 0.5254247759826101 5.551115123125783e-17
0.2868957102066799 0.5517928644096635 5.551115123125783e-17
0.2263761532244079 0.5781617042447413 5.551115123125783e-17
1 66 0 3
368
369
370
0.4962500809417426 0.2645054398677969 0
0.4869846951634093 0.333901500461581 0
0.4777194843833093 0.4032962503503064 0
1 67 0 2
371
372
0.4849171055351374 0.1465846584137354 -6.938893903907228e-18
0.4642909701561692 0.09798528244263881 -6.938893903907228e-18
1 68 0 11
373
374
375
376
377
378
379
380
381
382
383
0.3501440252013585 0.3800123848216657 0
0.3061154971837778 0.4239100121383849 0
0.2460813071685837 0.4400937830890306 0
0.1852793051141136 0.4238867199785844 0
0.1409314320887735 0.3793894543095711 0
0.1249264825574267 0.3193032506200004 0
0.1409314320887731 0.2592170469304295 0
0.1852793051141137 0.2147197812614155 0
0.2460813071685835 0.1985127181509694 0
0.3061154971837768 0.2146964891016145 0
0.3501440252013581 0.2585941164183336 0
1 69 0 2
384
385
0.3748992294505337 0.412073321795397 0.1980579661648648
0.4257238324971941 0.4129046049915554 0.1531697929705167
1 70 0 1
386
0.2947702963373458 0.386363262199698 0.2596178427619476
1 71 0 3
387
388
389
0.4837878661874697 0.3590893657914446 0.08121622927160337
0.4910308341901016 0.3044260732772842 0.05414136270110086
0.4982737878734904 0.2497628888316639 0.02706654965721871
1 72 0 2
390
391
0.1758492071942933 0.569218883407226 0.06048232238896245
0.1858437943734584 0.5339072725966865 0.1209628651126915
1 73 0 1
392
0.4725010250006507 0.4432109869187759 0.05414138946356487
1 74 0 1
393
0.2873714859663695 0.425339716043984 0.2466467737670214
1 75 0 2
394
395
0.3410438957478574 0.31930325062 0.04735459984159502
0.2980318394477824 0.31930325062 0.07975840859637504
1 77 0 2
396
397
0.5551768560066191 0 0
0.6265460705671206 0 0
1 79 0 6
398
399
400
401
402
403
0.6850622846702619 -5.204170427930421e-18 0.07190248593652956
0.6556232560911565 -5.204170427930421e-18 0.132845669378331
0.6261786989127757 -5.204170427930421e-18 0.1938002978458713
0.5967408321533204 -5.204170427930421e-18 0.2547410761475754
0.5672962749749395 -5.204170427930421e-18 0.3156957046151158
0.5378572463958342 -5.204170427930421e-18 0.376638888056917
1 81 0 3
404
405
406
0.6482767981126205 0.04877731105136338 0
0.6006882142156541 0.0975581939501482 0
0.5530996303186877 0.146339076848933 0
1 82 0 3
407
408
409
0.7385534005690628 0.0410919121469337 0.04863335772672298
0.7626004035310331 0.08218059888533188 0.08631107295158272
0.7866474068450044 0.1232692862251881 0.1239887887279705
1 83 0 5
410
411
412
413
414
0.7794625371691859 0.2179483413005829 0.1740327514353399
0.748221616458232 0.2715494321666098 0.1863998287004347
0.7168716850672616 0.3253375562964446 0.1988100590952006
0.6855248650189485 0.3791203421917877 0.2112190578292419
0.6542839432604077 0.4327214348551942 0.223586135509036
1 84 0 2
415
416
0.5253854272603308 0.4379289232192121 0.1508418827827427
0.5742123652484383 0.4621163492477438 0.1933910818232756
1 85 0 5
417
418
419
420
421
0.6876313086698821 0.18799590131479 0.4667395888419039
0.712239851403057 0.1832696317857547 0.4057362143350019
0.7368591049602007 0.1785413051564066 0.344706288219054
0.7614783585221681 0.1738129785261321 0.2836763620911483
0.7860869012611602 0.1690867089959796 0.2226729875698257
1 87 0 3
422
423
424
0.6094635588657246 0.1344926284477816 0.514675049291871
0.5757756978867294 0.08965507739743912 0.4889757700946529
0.5420899346599014 0.04482031839346454 0.463278091198465
1 88 0 3
425
426
427
0.5540563373768109 0.1574363104545413 0.5324640132785209
0.4974693281900435 0.1289386354081012 0.5183761656214043
0.4408823189357484 0.1004409603276536 0.504288317947476
1 91 0 3
428
429
430
0.5887521996564824 0.197341275614 0.2329681783450663
0.6118431749412995 0.197341275614 0.2886783151131589
0.5887507569555605 0.197341275614 0.3443971118539715
1 93 0 5
431
432
433
434
435
0.5639601318817349 1.110223024625157e-16 0.4756114714582372
0.6195065797251076 1.110223024625157e-16 0.5136351690557084
0.6751323287408881 1.110223024625157e-16 0.5517131513809315
0.7307374739991663 1.110223024625157e-16 0.5897770296351461
0.7862839218475196 1.110223024625157e-16 0.6278007272360268
1 94 0 4
436
437
438
439
0.8639171478444287 -1.110223024625157e-16 0.933044227308739
0.8583856593122542 -1.110223024625157e-16 0.8661246046839484
0.8528938678512261 -1.110223024625157e-16 0.7996852348889288
0.8473624389842629 -1.110223024625157e-16 0.732766334090352
1 95 0 5
440
441
442
443
444
0.4544298289592542 0 1
0.5378005715358936 0 1
0.6211702234545768 0 1
0.7045379858410113 0 1
0.7879092741480552 0 1
1 96 0 5
445
446
447
448
449
0.28729146765611 1.387778780781446e-17 0.6438897544938191
0.3045468810768164 1.387778780781446e-17 0.7151118328763653
0.3218000074865779 1.387778780781446e-17 0.78632447157359
0.3390530829323913 1.387778780781446e-17 0.857536899916057
0.3563084963530977 1.387778780781446e-17 0.9287589782986028
1 97 0 11
450
451
452
453
454
455
456
457
458
459
460
0.6180811964586223 0 0.7810722041697329
0.6620014247918863 0 0.7370678755093789
0.6780515442461966 0 0.6769787936672385
0.6619534518663246 0 0.6169876872941511
0.6180211020460198 0 0.5730317712382424
0.5576928085529117 0 0.5569015608200579
0.4974187079135621 0 0.5732217263319281
0.4536859208693053 0 0.6172097176974188
0.4377157819062987 0 0.6772393182833409
0.4538674621746167 0 0.7372439229769916
0.4977317729025051 0 0.7810986591663994
1 98 0 1
461
0.6971072579836232 0.1661060038237939 0.5765309664029802
1 99 0 2
462
463
0.8115778329762602 0.05096691212325299 0.6481147272323331
0.7813274634966976 0.1019324256075531 0.6304064308795212
1 101 0 2
464
465
0.8323777660494228 0.05972419361703962 0.9595915802539479
0.8082774146716478 0.09647919370144997 0.9191821853718856
1 102 0 3
466
467
468
0.7759022673497227 0.1381498639549246 0.8122546835186442
0.7676269313107028 0.1430663578126845 0.7457356709628722
0.7593515952716828 0.1479828516704445 0.6792166584071002
1 103 0 1
469
0.4203598518087831 0.02507707319034352 1
1 104 0 5
470
471
472
473
474
0.7915731229862841 0.02749284358277782 1
0.726673815781913 0.03201525090260515 1
0.66176940292398 0.03653801400196289 1
0.5968649900587266 0.04106077710183073 1
0.5319656828543564 0.04558318442165801 1
1 105 0 4
475
476
477
478
0.6174237947565029 0.1815757165500626 0.6081037195424425
0.6241997265969053 0.177213471594356 0.6696675582017593
0.6309812406512444 0.1728476328916696 0.7312821149801865
0.6377571725130882 0.1684853879221595 0.7928459538343123
1 106 0 3
479
480
481
0.5114222498176474 0.07860623965740482 0.9636045010975155
0.5558044163027649 0.1071201434433292 0.9271916198196729
0.6001706415342918 0.1356238055622258 0.8907918173755238
1 107 0 1
482
0.7143562784899267 0.1486783653402868 0.8665852981204747
1 108 0 3
483
484
485
0.1427389387377468 0 1
0.2201804185726343 0 1
0.2976219049128101 0 1
1 109 0 1
486
0.1353024244350352 0.4285514634291646 1
1 110 0 6
487
488
489
490
491
492
0.4272017471941533 0.1033455301174891 1
0.3873378812014597 0.1565909138282002 1
0.3474815192174328 0.2098262745817575 1
0.3076160566730382 0.2630737907752526 1
0.2677596946890119 0.3163091515288091 1
0.2278958286963181 0.3695545352395204 1
1 111 0 3
493
494
495
0.2448353768116626 0.4435361719183067 0.9599318382402167
0.3016154640703808 0.4642712934914586 0.9198770682543336
0.3583955520989464 0.4850064153457456 0.8798222977253718
1 112 0 5
496
497
498
499
500
0.6063155037828626 0.2210514901518549 0.8519563832002777
0.5680893324611457 0.2779938588442156 0.849515806038778
0.529863123254525 0.3349362839705871 0.8470752264584895
0.4916369096635287 0.3918787156280004 0.8446346465982777
0.4534107433454161 0.4488210768669052 0.8421940697562367
1 113 0 3
501
502
503
0.1910234353471376 0.525335761827798 0.8470219402266603
0.2533015377658322 0.5245393189075824 0.8380948063798218
0.3155762905385358 0.5237429188242827 0.8291681526814936
1 117 0 4
504
505
506
507
0.4577518414934958 0.239228181591 0.6426876234426983
0.4897434814677376 0.239228181591 0.6867009017710385
0.4897320996203968 0.239228181591 0.7409980474030127
0.4577453046860178 0.239228181591 0.7849810213654451
1 119 0 4
508
509
510
511
0 0.6057532134330571 1
0 0.6901485333061559 1
0 0.7745416210782062 1
0 0.8589339616269858 1
1 120 0 4
512
513
514
515
0 0.7325276804329874 0.8722406315208519
0 0.7845309826387841 0.9041803742519182
0 0.8365323098538129 0.9361189039696883
0 0.8885356120596097 0.9680586467007548
1 121 0 1
516
0.03651156064525876 0.9702609469317744 0.9999999999999999
1 122 0 7
517
518
519
520
521
522
523
0.1496066252310111 1 1
0.2294401072313552 1 1
0.3092664371167791 1 1
0.3890951172546251 1 1
0.4689235411259461 1 1
0.5487452677294647 1 1
0.6285812602668505 1 1
1 123 0 5
524
525
526
527
528
0.684837973898647 0.9278697621903482 1
0.6632544405123518 0.8557450192638525 1
0.6416692613543437 0.7836147767345067 1
0.620084083608717 0.7114845389248547 1
0.5985005502224213 0.639359795998357 1
1 124 0 5
529
530
531
532
533
0.2528494833347994 0.4468666904089442 1
0.3176626474471852 0.4709392580315432 1
0.3824758382931094 0.4950118355833737 1
0.4472890291539098 0.5190844131407295 1
0.512102193257891 0.5431569807602069 1
1 125 0 10
534
535
536
537
538
539
540
541
542
543
0.5526434541685383 0.78045007833867 1
0.5048559548145574 0.8218766678673409 1
0.442844776926843 0.8307578645657839 1
0.3857037918381339 0.8047162897562932 1
0.3515943913179583 0.7516454864098339 1
0.3515943913179576 0.6890007667981688 1
0.3857037918381316 0.6359299634517088 1
0.4428447769268406 0.6098883886422164 1
0.5048559548145553 0.6187695853406581 1
0.5526434541685381 0.6601961748693297 1
1 126 0 1
544
0.0889894411823752 0.6898287067176821 0.8015268822325694
1 127 0 4
545
546
547
548
0.3461796279353731 0.9207413451791012 0.8147729697183722
0.2963467872667441 0.8681958163582165 0.8074131928202203
0.2465230137286545 0.81565984824394 0.8000547550401477
0.1966901729179479 0.7631143192732437 0.7926949781210124
1 129 0 4
549
550
551
552
0.3323324563385934 1 0.8703752245483852
0.2675113688907803 1 0.9027813117522879
0.2026928207218592 1 0.9351861294913227
0.1378717309018927 1 0.9675922178811391
1 130 0 2
553
554
0.4552479889788873 1 0.8469331854817127
0.5133398893286532 1 0.8558990670866377
1 131 0 2
555
556
0.6158374868201221 1 0.8992242598844713
0.6602440333964693 1 0.9335836937406148
1 133 0 2
557
558
0.6185848142069716 0.7331025950710024 0.8558883750357463
0.5976776419774047 0.6637922985732576 0.852888603530488
1 134 0 3
559
560
561
0.6883609053200764 0.9506030358316926 0.9406797398206953
0.6720707531755498 0.9012046657112551 0.9134155653491027
0.6557806007237835 0.8518062946591427 0.8861513903632958
1 135 0 1
562
0.5728260163261397 0.5651564910117443 0.9372631071331925
1 137 0 2
563
564
0.4663732049521375 0.5248593410603726 0.8513445644625622
0.5175558660768901 0.5439717359425675 0.8629359187834218
1 138 0 2
565
566
0.5060719744352458 0.720323126604 0.9296644516076475
0.5455577910619103 0.720323126604 0.9580222485031997
1 141 0 2
567
568
0.4501475860938962 0.9728819774954954 0.8302349478603537
0.5042397119145724 0.9724512155120517 0.838330763454049
1 142 0 2
569
570
0.6124426613028073 0.8589369546597976 0.8547349199155007
0.5853808943025635 0.9154928240184452 0.850579772121304
1 144 0 7
571
572
573
574
575
576
577
0 1 0.4341793830096737
0 1 0.5150223624142951
0 1 0.5958363259266163
0 1 0.6766854347090868
0 1 0.7574938911680769
0 1 0.8383387250276462
0 1 0.9191523313653541
1 146 0 5
578
579
580
581
582
5.551115123125783e-17 0.895406960851714 0.4020200201022178
5.551115123125783e-17 0.8505494340225719 0.4498894724236366
5.551115123125783e-17 0.8056877001497509 0.4977634142675733
5.551115123125783e-17 0.7608263462756932 0.5456369505980105
5.551115123125783e-17 0.7159688920349461 0.5935063254571401
1 148 0 4
583
584
585
586
0.07345606548579425 1 0.3683091907169822
0.1468994771180419 1 0.381614408532722
0.2203446931222558 1 0.394919953233631
0.293788055322463 1 0.4082251620941216
1 149 0 5
587
588
589
590
591
0.3921693843196892 0.9999999999999999 0.7685671177376623
0.3871816885357892 0.9999999999999999 0.6991649389112512
0.3821927503928016 0.9999999999999999 0.6297454730586676
0.3772040900619824 0.9999999999999999 0.5603298728728416
0.3722163942873231 0.9999999999999999 0.4909276941750117
1 150 0 10
592
593
594
595
596
597
598
599
600
601
0.2737633037090504 1 0.6398884295195202
0.3160283859927176 1 0.5911819498833765
0.3253432784396698 1 0.5273033027582849
0.298642240654646 1 0.4684332313878101
0.244293515718285 1 0.433314643806418
0.1794265398798806 1 0.4332270310783111
0.1249243576258388 1 0.4682665766024
0.09810532884449702 1 0.5271208764741563
0.1073264044895683 1 0.5910335759825402
0.1496450796186021 1 0.6398792297458175
1 151 0 2
602
603
0.3671871634897039 0.8812374802670977 0.4198383099266719
0.3672080922306654 0.9406255174120001 0.4206842194589451
1 155 0 3
604
605
606
0.05473209881952723 0.894512624071746 0.3634213002662557
0.1095572314779554 0.8486867592652907 0.3727037701778004
0.1643906769068453 0.8028539461875432 0.3819876475285605
1 156 0 4
607
608
609
610
0.1761361431588908 0.7396095886860025 0.4409904345549055
0.1331305537882392 0.7221261591606434 0.4907265155730692
0.09012967265943006 0.7046446437170502 0.5404571514967428
0.04712408329024809 0.6871612141922886 0.5901932325132069
1 157 0 5
611
612
613
614
615
0.3719777369673815 0.8471007817605621 0.4861787537160285
0.3767903321087899 0.8723469538252443 0.5533802664490952
0.3816016877784664 0.897586623802032 0.6205644716021725
0.3864130431162562 0.9228262920377902 0.6877486721208914
0.3912256385695324 0.9480724657384854 0.7549501892087784
1 158 0 4
616
617
618
619
2.220446049250313e-16 0.968107981790254 0.07063470912012365
2.220446049250313e-16 0.9611600478373056 0.1413733618196676
2.220446049250313e-16 0.9541501702947517 0.2127426776921407
2.220446049250313e-16 0.9471984507116108 0.2835198728391588
1 159 0 5
620
621
622
623
624
0 0.5859204663161173 0
0 0.6640931234480661 0
0 0.7423890137752439 0
0 0.8206849754715969 0
0 0.8988571131296428 0
1 160 0 5
625
626
627
628
629
0 0.6196329669818107 0.3198535171612643
0 0.5770951945687071 0.2772380727358851
0 0.5615840064795408 0.2192371689626174
0 0.5770788387310406 0.1612378736673623
0 0.6195967167106404 0.1186149933986212
1 161 0 5
630
631
632
633
634
0 0.7360437316970183 0.118602584943614
0 0.7785401193799562 0.1611633399700165
0 0.7940778705671637 0.2192827393749988
0 0.7785211355883422 0.277317113027281
0 0.7360020280198414 0.3198690674696957
1 162 0 5
635
636
637
638
639
0.2104971703122893 0.7707822645581408 0.3239552333283305
0.20036990867559 0.7854425374186261 0.2591641751307092
0.1902426513559135 0.8001028040297686 0.1943731445520515
0.1801153940561514 0.814763070612083 0.1295821141007995
0.1699881323578454 0.8294233435617506 0.06479105550903747
1 164 0 2
640
641
0.1065739140904389 0.8877376460220896 5.551115123125783e-17
0.05328695705094988 0.9313916762208999 5.551115123125783e-17
1 165 0 3
642
643
644
0.1613592348360983 0.784195595179584 1.387778780781446e-17
0.1628575985308074 0.7243075745452776 1.387778780781446e-17
0.1643559622255165 0.6644195539109711 1.387778780781446e-17
1 166 0 4
645
646
647
648
0.0575713987310528 0.677830945616 0.1320157101376936
0.09140284176750332 0.677830945616 0.1869577319583376
0.09140323366292992 0.677830945616 0.251488421210694
0.05757228183364292 0.677830945616 0.3064310157086606
1 167 0 3
649
650
651
0.2124598455708303 0.5628864117228706 0.3024560005170707
0.2151815227349806 0.6273017855762885 0.3312209993469327
0.2179031999846576 0.6917171614539097 0.3599859990807125
1 169 0 3
652
653
654
0.4395541482126674 0.5282454348 0.457849821805123
0.4636449569611996 0.5282454348 0.5159705786020268
0.4395525729840146 0.5282454348 0.5741007614103171
1 171 0 2
655
656
0.7590265088835068 0 0
0.8214217307987096 0 0
1 172 0 2
657
658
0.8264193830933719 1.110223024625157e-16 0.003650858056138843
0.7704610983131503 1.110223024625157e-16 0.007301826794021986
1 173 0 1
659
0.5045744889601771 0.5101543955202267 -3.469446951953614e-18
1 174 0 6
660
661
662
663
664
665
0.934098689280353 0.4879242178683398 0
0.8681904061792638 0.4979256845996173 0
0.8022905769368514 0.5079258684726208 0
0.7377661463473457 0.5177173380046939 0
0.6725036448345699 0.5276208085089831 0
0.6065953617334801 0.5376222752402607 0
1 175 0 5
666
667
668
669
670
1 0.08497873622110989 0
1 0.1639569171163721 0
1 0.2429407411907234 0
1 0.3219257052006499 0
1 0.4009037464785919 0
1 176 0 1
671
0.9411860734889836 0.004017124852571989 1.110223024625157e-16
1 177 0 10
672
673
674
675
676
677
678
679
680
681
0.8120703978263163 0.4401326719971613 0
0.7673918104342686 0.4788667239258207 0
0.7082939671627944 0.4873475869367596 0
0.6544726068218149 0.4626952126796406 0
0.6224618639541781 0.412979821957884 0
0.6224618639541776 0.353205928892118 0
0.6544726068218135 0.3034905381703605 0
0.7082939671627922 0.2788381639132407 0
0.767391810434268 0.2873190269241789 0
0.8120703978263156 0.3260530788528376 0
1 178 0 2
682
683
1 0.04515278233373221 0.03545423066710662
1 0.08227166573217576 0.07090904590496039
1 179 0 2
684
685
0.8737676440473922 0.1493731443294476 0.1432382768814537
0.9369281679118793 0.1343648447880805 0.1247819359562921
1 180 0 3
686
687
688
0.6292971616125429 0.5327376573973945 0.171717335649023
0.5997544128470029 0.5377007404776319 0.1144619856789407
0.5702240854621408 0.5426617368074195 0.05723070897649715
1 182 0 4
689
690
691
692
0.9317568364677867 0.4870141640408041 0.1509353971979968
0.8635228210267656 0.497204932131281 0.1704519271612164
0.795325334871599 0.507390244563341 0.1899580088912886
0.7270935796396796 0.5175806750909961 0.2094738923816548
1 183 0 1
693
1 0.4773729194321329 0.06570812533298898
1 184 0 4
694
695
696
697
1 0.1908645368449819 0.1113643218724653
1 0.2623583153176535 0.1163776129770202
1 0.3338413346840799 0.1213901496308692
1 0.4053351131567522 0.1264034407354242
1 185 0 2
698
699
0.8054921705852842 0.383092875425 0.03962123852988271
0.7682192036595333 0.383092875425 0.06634176907576227
1 187 0 1
700
0.9404986864572867 0 0
1 188 0 5
701
702
703
704
705
1 0 0.08090005978657347
1 0 0.1628838374022689
1 0 0.2448639502354637
1 0 0.3268498710193096
1 0 0.4088286213290425
1 189 0 3
706
707
708
0.9604579247167652 0 0.5329986544126171
0.9209145163060908 0 0.5772741036784327
0.8813711078954163 0 0.6215495529442484
1 190 0 12
709
710
711
712
713
714
715
716
717
718
719
720
0.8122204076110364 0 0.5097635006562505
0.8589572765691664 0 0.4683404034967208
0.8810848095750886 0 0.4100965060877909
0.873644237743291 0 0.3480956916072327
0.8381366209621167 0 0.2965389673085275
0.7827397332556375 0 0.2674499936469803
0.7199768476560959 0 0.2675299664848926
0.6646535907514211 0 0.296760625441453
0.6293011909678494 0 0.3483456199501552
0.6219813133317716 0 0.4103121037580772
0.6441902067825298 0 0.4684966565016369
0.6908190781627659 0 0.5097635004176827
1 192 0 2
721
722
1 0.03793702276390255 0.4503312866783247
1 0.07587328005303562 0.4119386502346056
1 193 0 3
723
724
725
1 0.1152077555841754 0.3064769224272805
1 0.1165939355502621 0.2399496242502052
1 0.1179802118416056 0.1734177031098531
1 194 0 4
726
727
728
729
0.8045868146633657 0.1578032293018398 0.5478207647850093
0.8534549995127491 0.1468016458629792 0.5042386053270191
0.902114980154854 0.1358469349643153 0.460842128823888
0.9509927345477668 0.1248431971558595 0.4172514349508523
1 196 0 1
730
0.7093014266117094 0.1807790805901673 0.5596350140583108
1 197 0 6
731
732
733
734
735
736
1 0 0.5598816985781591
1 0 0.633230069755874
1 0 0.7065877958857599
1 0 0.7799392081288457
1 0 0.8532950990105771
1 0 0.9266458240826474
1 198 0 1
737
0.9339418303782254 0 1
1 199 0 3
738
739
740
1 0.08385796992760998 1
1 0.1677135064271409 1
1 0.251571434178591 1
1 200 0 1
741
1 0.3646948295274638 0.966554719447706
1 201 0 4
742
743
744
745
1 0.4143722774487961 0.863169141945868
1 0.4328365079251215 0.7932271799005709
1 0.4513010660840666 0.7232839766031475
1 0.469765303067065 0.6533419899107645
1 202 0 5
746
747
748
749
750
1 0.1762113399212681 0.408520142364412
1 0.2386186601190272 0.4434985672067861
1 0.3010196972234599 0.4784734704637597
1 0.3634207343278925 0.5134483737207332
1 0.425828054525651 0.5484267985631069
1 203 0 11
751
752
753
754
755
756
757
758
759
760
761
1 0.157483706852252 0.74655762940616
1 0.111894513694106 0.7010058125312053
1 0.09509636678280446 0.6387367967844154
1 0.1116705078521563 0.5762976271537144
1 0.1572167554628595 0.5305119277036404
1 0.2196767738965913 0.5136103345539939
1 0.2822597184510726 0.5302744822452494
1 0.3280538973520502 0.5760154689275714
1 0.3447908283912176 0.6384560350790922
1 0.3281215822214887 0.700782069948269
1 0.2824292789551811 0.746542542921516
1 204 0 3
762
763
764
0.9313684107005802 0.2349519241694945 1
0.9063808784075345 0.1642236388432127 1
0.8813930354266291 0.09349447410157613 1
1 206 0 1
765
0.9572472419985996 0.4805981883967672 0.6118583379816379
1 207 0 4
766
767
768
769
0.7873610688705549 0.2296579974070005 0.6012832438685274
0.8191503602301511 0.290496682710587 0.6110429993364198
0.8509245797020846 0.3513065232746015 0.6207981275247556
0.8827138704258977 0.4121452073614195 0.6305578827974537
1 208 0 1
770
0.9605144222559261 0.4057331730679751 0.8954791272039224
1 209 0 1
771
0.9076176027406252 0.3787470515646753 0.8880858350919961
1 210 0 1
772
0.9252415897723549 0.323708131620114 0.959157010146533
1 211 0 2
773
774
0.9188498948216376 0.4347016229889644 0.7853099188244349
0.9166734324916703 0.4538235330019711 0.7128538282470369
1 212 0 3
775
776
777
0.8667006615436512 0.2897632629486752 0.9084363731221172
0.8391919127202906 0.2375846161307539 0.8985484320959624
0.8116831638046575 0.18540596913781 0.8886604910366405
1 213 0 4
778
779
780
781
0 1 0.07129448719023747
0 1 0.1425860652228322
0 1 0.2138795450552604
0 1 0.2851747342618906
1 215 0 6
782
783
784
785
786
787
0.07643741687506318 1 0
0.1528754549946111 1 0
0.2293149593590714 1 0
0.305746879316057 1 0
0.3821850471143494 1 0
0.4586255928256499 1 0
1 217 0 2
788
789
0.5566335944643296 1 0.1775803484049349
0.5654565661308303 1 0.1196860287941773
1 218 0 3
790
791
792
0.5027126370501149 1 0.2819401513003366
0.4575199841178773 1 0.3285024785361155
0.4123268768002619 1 0.3750652739285364
1 219 0 10
793
794
795
796
797
798
799
800
801
802
0.3225219208258961 1 0.3443573788975869
0.3622836123865112 1 0.2985240152460215
0.3710137667533551 1 0.2384553744482027
0.346002517446982 1 0.1832676556732197
0.2948420622777362 1 0.1501642572669323
0.2338113954696674 1 0.150091562908613
0.1825687132188111 1 0.1830770577679632
0.1574266211013819 1 0.2382214888532616
0.1660301127114132 1 0.2983198917119661
0.2057854586149879 1 0.3442933116149898
1 220 0 5
803
804
805
806
807
0.2217668352469161 0.8700685828561998 0
0.283675465604636 0.8960546690552232 0
0.3455866037794503 0.9220418079079851 0
0.4074977419493097 0.948028946758667 0
0.4694063723070294 0.9740150329576904 0
1 223 0 2
808
809
0.4702417235247803 0.8828079300454718 0.3136833677669256
0.4242328464835491 0.8498004273797668 0.3606045209137007
1 224 0 3
810
811
812
0.5307554276859691 0.9368527734812678 0.215546029212854
0.5452700303137175 0.9579113146390614 0.1642712678222898
0.5597844070765873 0.9789695281003302 0.1129973043294049
1 225 0 1
813
0.5320353108133803 0.9579110889418878 0.2511139952080521
1 227 0 1
814
0.6148689897947341 0.617201243443967 0.3545316437451728
1 228 0 2
815
816
0.5447110234059888 0.7475356919910157 0.3731726426742928
0.5683733066339743 0.6996742786268747 0.3707397474306127
1 229 0 2
817
818
0.5194603816495983 0.8355242853487235 0.3393190974384908
0.5178603590970796 0.8756711847097579 0.3030376807798464
1 231 0 6
819
820
821
822
823
824
0.6081912341198663 0.9395237869128541 0.05029004374073457
0.6200914374773506 0.8790266790999233 0.08503467043205494
0.6319858684403776 0.8185589164300393 0.1197624436558752
0.6438851857687713 0.7580663129264724 0.1545044834376224
0.6557796172228167 0.6975985477603965 0.1892322580950526
0.6676798206677658 0.6371014395028203 0.2239768850417412
1 232 0 1
825
0.6586450003536876 0.579595557797281 0.2997324080490762
1 234 0 6
826
827
828
829
830
831
0.5474676771701465 0.6122249136472522 0
0.5542437118238046 0.6768501139758343 0
0.5610197463904422 0.7414753134744726 0
0.5677957793193463 0.8061004973535271 0
0.5745718139362194 0.8707256973312776 0
0.5813478485048204 0.9353508968486424 0
1 238 0 4
832
833
834
835
0.4622192265795853 0.688567638892 0.07790336742032322
0.4967009013707871 0.688567638892 0.1253407704225258
0.4966876912198978 0.688567638892 0.1838532793853782
0.462211666528256 0.688567638892 0.2312554885604259
1 241 0 5
836
837
838
839
840
1 0.4974785833735605 0.2066008758379542
1 0.5051972063852489 0.2729131223781584
1 0.5129151835470325 0.3392198202916124
1 0.520633160708816 0.4055265182050662
1 0.5283517837205045 0.4718387647452709
1 243 0 1
841
0.7504303672763495 0.5845343251966029 0.2511314164348613
1 244 0 3
842
843
844
0.8659645570698251 0.566772182892387 0.2177379881117313
0.9106424037733697 0.5411020217609989 0.1919237511901882
0.9553202522867579 0.5154318595897448 0.1661095132229427
1 245 0 1
845
0.9408268691788877 0.5661933744957187 0.5390441671778936
1 246 0 1
846
0.8807785759824996 0.5229014422565399 0.6098271392310387
1 248 0 2
847
848
0.8189085777387403 0.6022267988414411 0.3172476296413864
0.8165323176624492 0.612010243069128 0.390942513368018
1 249 0 1
849
0.8479062193643382 0.6090548044761021 0.5022913124739791
1 251 0 4
850
851
852
853
0.897787385858608 0.352413257282 0.3280204942777311
0.9311050235633751 0.352413257282 0.373857221860306
0.9310926847103189 0.352413257282 0.4303993322093384
0.8977803125128505 0.352413257282 0.4762031968217951
1 254 0 4
854
855
856
857
0.7027532327834197 0.404527200765 0.6302557722956293
0.7333644822481293 0.404527200765 0.6723707332308505
0.7333540560909464 0.404527200765 0.7243303626819149
0.702747233742163 0.404527200765 0.7664175727891243
1 256 0 6
858
859
860
861
862
863
0.6311090028531113 0.5298375269623297 1
0.6853073146478486 0.4924422713878763 1
0.7395034432026664 0.4550485221853386 1
0.7936958430729287 0.4176573456664748 1
0.8478919661751309 0.380263600226083 1
0.9020902802993734 0.3428683430443387 1
1 257 0 9
864
865
866
867
868
869
870
871
872
0.6705765183127502 0.4353795081960205 1
0.6190186759737992 0.4728542823400021 1
0.5550833178662024 0.4728542823400027 1
0.5035254755272504 0.4353795081960215 1
0.483792715762101 0.3746690486050016 1
0.5035254755272485 0.3139585890139811 1
0.5550833178661985 0.2764838148699986 1
0.6190186759737965 0.276483814869997 1
0.6705765183127496 0.3139585890139786 1
1 258 0 5
873
874
875
876
877
0.6230066512842204 0.5262085128188103 0.8818296126300758
0.6772493905147445 0.4893520630782352 0.8891287038755782
0.7314714630659741 0.4525096557779487 0.8964250141409891
0.7856935356174636 0.4156672484774854 0.9037213244064349
0.8399362748493961 0.3788107987359534 0.9110204156521269
1 259 0 2
878
879
0.6300284255466602 0.374669048605 0.9381818200344637
0.6663869212276392 0.374669048605 0.9629341811037023
1 261 0 2
880
881
0.7753141494737555 1 1
0.8461177045778289 1 1
1 262 0 4
882
883
884
885
0.931937484284036 0.9318837282769681 1
0.9489555968339265 0.8637576643823452 1
0.9659698471715593 0.7956470615042286 1
0.9829879787547595 0.7275209214164045 1
1 263 0 3
886
887
888
1 0.4147240624742604 1
1 0.4979416209774208 1
1 0.5811409895940141 1
1 264 0 10
889
890
891
892
893
894
895
896
897
898
0.8565505295333828 0.689174845708298 1
0.8095186339642312 0.7302836504251886 1
0.746724942241432 0.7394267971778732 1
0.6894848120341612 0.7130553483102585 1
0.6559488548342867 0.6604975352170132 1
0.6559488548342869 0.5981515772949858 1
0.6894848120341621 0.5455937642017408 1
0.7467249422414333 0.5192223153341268 1
0.8095186339642302 0.528365462086811 1
0.8565505295333833 0.5694742668037028 1
1 265 0 2
899
900
0.7658230101821299 1 0.9695665217522298
0.8269954289844507 1 0.9711899052565233
1 267 0 3
901
902
903
0.8131587948304567 0.5692402696826758 0.7872453157375844
0.8491175977849167 0.5180097796767483 0.8107812030741972
0.8850764007393769 0.4667792896708205 0.8343170904108101
1 268 0 5
904
905
906
907
908
0.8696841802333972 0.9367775381591192 0.9379820274680168
0.8511976815134399 0.8735453840986245 0.9031454264885701
0.8327147488453888 0.8103254275422074 0.8683155455013302
0.8142203232393375 0.747066159960093 0.8334640068221032
0.7957126382577557 0.6837615393401215 0.7985874817145867
1 269 0 3
909
910
911
1 0.5933362034402773 0.9832252329979132
1 0.5276916179245366 0.9665617645476807
1 0.4619957580307489 0.9498852804165027
1 270 0 2
912
913
0.8131120044204362 0.629324556256 0.9192067235180963
0.8530755483555641 0.629324556256 0.9523829387144404
1 273 0 2
914
915
0.6905752817232089 0.6931255127173627 0.8008836230545302
0.6650336629512694 0.7477662117302502 0.8298851653117275
1 275 0 3
916
917
918
0.5753604326872021 0.719575248996 0.5790014575042289
0.5988275639422058 0.719575248996 0.6356185290165532
0.5753589409162961 0.719575248996 0.6922445459341434
1 277 0 2
919
920
0.7054994472819202 0.9424003643885276 0.4869545151462933
0.6630827240505105 0.8848041240043337 0.4816234710060793
1 278 0 5
921
922
923
924
925
0.5687216485910986 0.9478832241649875 0.7847344584379977
0.5791130626352542 0.9237404054814751 0.723027915188598
0.5894980717083543 0.8996124677423853 0.6613594060914092
0.5998830807814599 0.875484530003283 0.599690896994188
0.6102744948262591 0.8513417113182752 0.5379843537409664
1 279 0 5
926
927
928
929
930
0.60084636825699 1 0.8027665991797717
0.6302593570980811 1 0.7406735609074873
0.6596747987758835 1 0.6785753445118705
0.6890902404126701 1 0.6164771282028414
0.71850322925376 1 0.5543840899305597
1 280 0 4
931
932
933
934
0.7078960948692486 1 0.4409225885511042
0.6678747796323077 1 0.3895609216411995
0.6278543889256654 1 0.3382004412344611
0.5878330736887245 1 0.2868387743245565
1 281 0 10
935
936
937
938
939
940
941
942
943
944
0.5995149742040167 1 0.6147022146816331
0.6410903151409497 1 0.5667188962296588
0.6501426797498745 1 0.5038412012015612
0.6238943488224289 1 0.4461978113786714
0.570392658812825 1 0.4117073906683364
0.5067054704898383 1 0.4117000146131138
0.4532056100207234 1 0.4461666730882624
0.4269360548014732 1 0.5038018341446709
0.4359688710103753 1 0.5666884834878519
0.4775595560280457 1 0.6147031498793286
1 282 0 1
945
0.5708620362459912 0.811288830713776 0.4259482169973062
1 283 0 4
946
947
948
949
0.8931649214849535 1 0.003111348204952721
0.8189472045986557 1 0.006222876867086675
0.7447262191629593 1 0.009334542560990982
0.6705085059736083 1 0.01244607106813288
1 285 0 4
950
951
952
953
1 1 0.075005137637372
1 1 0.1516835644648349
1 1 0.2283583911958686
1 1 0.3048628176199019
1 286 0 1
954
0.9943089839795146 1 0.4371989758630456
1 287 0 3
955
956
957
0.8080914777508764 1 0.4935699579696117
0.8682661644262644 1 0.4948540825101692
0.928440851101652 1 0.4961382070507265
1 288 0 1
958
1 0.9647178186934351 0.01918654390774115
1 290 0 5
959
960
961
962
963
0.9702138852076619 0.8752261409714619 0.07257008136045706
0.9404273049523129 0.818668142348512 0.1067676092965635
0.9106424096991258 0.7621133431646769 0.1409632027068527
0.8808575144373395 0.7055585439645136 0.1751587961270145
0.851070934179527 0.6490005453368863 0.2093563240659491
1 291 0 4
964
965
966
967
0.9999999999999999 0.945415036732406 0.1060452908383482
0.9999999999999999 0.9590660934224272 0.1738131843642376
0.9999999999999999 0.9727171546356246 0.2415811003445152
0.9999999999999999 0.9863683630596372 0.3093497471229337
1 292 0 5
968
969
970
971
972
0.8432315849860379 0.684826373418205 0.4701009279115025
0.8723096997103694 0.7478647844582748 0.4755655201275222
0.9013847781902599 0.8108966132275575 0.4810295417481681
0.9304599332485047 0.8739286080109655 0.4864935777600318
0.9595380390917977 0.9369669997978419 0.4919581683070556
1 293 0 1
973
0.76909061722295 0.6159102572418379 0.4632230357879495
1 294 0 3
974
975
976
0.6981841872069923 0.6643230448926132 0.4654300850388223
0.6723445012750575 0.7186157184509707 0.4690506848091454
0.6465048156007044 0.7729083914681145 0.4726712845433766
1 297 0 4
977
978
979
980
0.8294743859172041 0.863882348867 0.2631956434246453
0.860469263018289 0.863882348867 0.3058381780006212
0.8604585751840315 0.863882348867 0.3584474781254949
0.8294682397230597 0.863882348867 0.401061562635365
1 299 0 4
981
982
983
984
0.6662635994387122 1 0
0.7435797376416312 1 0
0.8194939363972004 1 0
0.8940493272939282 1 0
1 300 0 6
985
986
987
988
989
990
1 0.550902880000397 0
1 0.6258404914822092 0
1 0.7007722058962599 0
1 0.7757067440378218 0
1 0.8506392909002589 0
1 0.9255722998217385 0
1 301 0 11
991
992
993
994
995
996
997
998
999
1000
1001
0.8668007946329784 0.710745614569966 0
0.8235222465072233 0.7538972597165093 0
0.7645091589450754 0.7698044246310591 0
0.704751889035432 0.7538746779662988 0
0.6611637805551365 0.710141759714791 0
0.6454299734578012 0.6510783069670021 0
0.6611637805551345 0.5920148542192125 0
0.7047518890354276 0.5482819359677037 0
0.7645091589450718 0.5323521893029408 0
0.8235222465072209 0.5482593542174893 0
0.8668007946329774 0.5914109993640324 0
1 302 0 6
1002
1003
1004
1005
1006
1007
0.9999999999999999 0.5529088436626507 0.1257335276825532
0.9999999999999999 0.6160553581405477 0.1111732747217957
0.9999999999999999 0.6792001663530497 0.09661341518981215
0.9999999999999999 0.7423436956438492 0.08205385055016998
0.9999999999999999 0.8054885038563512 0.06749399101818637
0.9999999999999999 0.8686350183342486 0.05293373805742876
1 303 0 2
1008
1009
0.8579975806021533 0.651078306967 0.04677342134092612
0.8157000832703525 0.651078306967 0.07881618457912237
1 305 0 4
1010
1011
1012
1013
1 0.723345153761442 1
1 0.7921246505354412 1
1 0.8614151023068728 1
1 0.9307078800688492 1
1 306 0 2
1014
1015
1 1 0.8391054599350914
1 1 0.9195530357742182
1 307 0 3
1016
1017
1018
1 0.9568641482431748 0.71416110520148
1 0.9137264007615279 0.6665904861851057
1 0.8705886532798812 0.6190198671687317
1 308 0 3
1019
1020
1021
1 0.7546060547595127 0.5631247569058305
1 0.6817612812026724 0.5547984006710974
1 0.6089165076458317 0.5464720444363642
1 309 0 11
1022
1023
1024
1025
1026
1027
1028
1029
1030
1031
1032
1 0.6351805256791292 0.8664188478258137
1 0.5918744631664188 0.823146751049083
1 0.5759211528169715 0.7639970437322967
1 0.5916667862877785 0.704692078715268
1 0.6349311535164569 0.6612042303311798
1 0.6942550779148868 0.6451530009496352
1 0.753692855212495 0.6609781210883439
1 0.7971901007128697 0.7044177728686394
1 0.8130939961166435 0.763721031202488
1 0.7972683124399567 0.8229252296187616
1 0.753875728675234 0.8663949254908525
1 310 0 1
1033
0.9565168864011216 1 1
1 311 0 3
1034
1035
1036
0.9161258840082109 0.9999999999999999 0.9200423749436841
0.9440839226721405 0.9999999999999999 0.8672714611913701
0.9720419613360702 0.9999999999999999 0.8145005474390556
1 312 0 3
1037
1038
1039
0.9704101034379082 0.7696623422278546 0.5635733350469821
0.9408268693606499 0.711884895078801 0.5556971052281092
0.911243635282622 0.6541074479282445 0.5478208754090315
1 313 0 2
1040
1041
0.800491695715662 0.604586397232406 0.7022557440798326
0.8237773232877343 0.5887109018168636 0.6407971508166194
1 315 0 3
1042
1043
1044
1 1 0.570936642345412
1 1 0.6352456334959949
1 1 0.6995553948116148
1 316 0 2
1045
1046
1 0.9424817086279458 0.5295242916384251
1 0.884958434015209 0.5504910303615362
1 318 0 3
1047
1048
1049
0.8308057253609789 0.840918133612 0.5732100710192535
0.8547460477409162 0.840918133612 0.6309680099090874
0.8308041705756442 0.840918133612 0.6887352578957081
1 320 0 1
1050
1 1 0.4419535267462875
1 321 0 11
1051
1052
1053
1054
1055
1056
1057
1058
1059
1060
1061
1 0.679995842315446 0.4624518833383492
1 0.6355215136935323 0.4180382979151369
1 0.6190743579215942 0.3572359182646957
1 0.6352357553017287 0.2962112538129941
1 0.6796613583745648 0.2514961387026016
1 0.7408848961135531 0.2349379914117065
1 0.8021630955578644 0.2513791689566997
1 0.8466975433189586 0.2960502352392231
1 0.8629518610334608 0.3570473105457769
1 0.8465922260755359 0.4178863836466353
1 0.8020756897384762 0.4624254448466884
1 494 0 2
1062
1063
0.6696912054216086 0.6238237280923231 0.7978712080907021
0.6231983710233661 0.6091442246661878 0.8238985729318065
1 495 0 1
1064
0.7901655459191969 0.5825289230562573 0.5410090584501829
1 496 0 1
1065
0.693905560349364 0.5711034291866098 0.4810561271069647
1 497 0 2
1066
1067
0.6337456734202385 0.4980218627219229 0.4551879433504203
0.6129538420183359 0.4460726472015107 0.4509434061993174
1 498 0 3
1068
1069
1070
0.6098729990218472 0.3437628690944277 0.4669592819480003
0.6275894653414467 0.2934159932219865 0.4872208131462148
0.6453059316476281 0.2430691173876769 0.5074823443290837
1 500 0 4
1071
1072
1073
1074
0.4301858445378091 0.4742123633611026 0.7425296380494932
0.452297410295653 0.4355951890738385 0.6833637063401043
0.4743992248359686 0.3969950449901758 0.6242238668521651
0.4965107905937127 0.3583778707030862 0.5650579351430434
1 501 0 2
1075
1076
0.5492990812467735 0.2751512343253069 0.5194460256502107
0.5799727318139889 0.2305462752848832 0.532999035381704
1 502 0 1
1077
0.5553895000071177 0.3569351237894944 0.4762947286638763
1 503 0 5
1078
1079
1080
1081
1082
0.6134618650605911 0.5437918098939807 0.5164814508802855
0.5723842022893005 0.5375993756071954 0.5735245052885549
0.5313085752806053 0.5314072482104629 0.6305647327074425
0.4902329482719094 0.5252151208137303 0.6876049601263309
0.4491552855006187 0.5190226865269451 0.7446480145346006
1 504 0 3
1083
1084
1085
0.7289807530985737 0.6037874800417434 0.5699804559690874
0.7246932285166139 0.6153523187777886 0.6372798036475682
0.7204057039349218 0.6269171575131117 0.7045791513218472
1 505 0 2
1086
1087
0.5201240122397589 0.5686094601579572 0.8414597239108264
0.4634682990976068 0.5427296208723363 0.8330292442546599
1 507 0 2
1088
1089
0.5939312263886422 0.4623045140565198 0.3486000460195494
0.5930439120410658 0.4282083779186843 0.3976471025400746
1 509 0 1
1090
0.6890639754795401 0.6009107763404662 0.4274449576136589
1 511 0 1
1091
0.6162663456199501 0.5394845213746734 0.3201523493373796
1 512 0 1
1092
0.6543227156325707 0.5708896848460202 0.4262571285177798
1 513 0 3
1093
1094
1095
0.450347018689941 0.3012281004467552 0.4873321681833842
0.382051328763493 0.2826902040246094 0.4687671275405583
0.3137515462454269 0.2641511967265123 0.4502009743951747
1 516 0 1
1096
0.2467824744412041 0.3149411669005077 0.3315897398606077
1 518 0 1
1097
0.6230631032367064 0.6218157011229045 0.3806943634827407
1 519 0 3
1098
1099
1100
0.5303213382815055 0.688601377943897 0.3803271141171721
0.4686143673174842 0.7253686701687397 0.3923470460711141
0.406909806777485 0.7621345261739298 0.4043665084973468
1 520 0 5
1101
1102
1103
1104
1105
0.3121542398367839 0.7841772143383219 0.477859218240557
0.2791037987768621 0.7694565068530873 0.5393278823960551
0.2460200151860827 0.7547209485632088 0.6008585584571634
0.2129362290426646 0.7399853891363818 0.6623892392657816
0.1798857890018968 0.7252646821050796 0.7238579015258123
1 521 0 3
1106
1107
1108
0.2045671929838395 0.6636519953935314 0.7940589630126519
0.262322221964938 0.6167445622977981 0.802789466907307
0.3200752522132252 0.5698387525312757 0.8115196686647301
1 523 0 3
1109
1110
1111
0.527125816791839 0.475110635036011 0.2853968043852447
0.4594501635285032 0.4538235129931522 0.2712477935284851
0.3917687277133919 0.4325345720703944 0.2570975737083257
1 532 0 1
1112
0.4496364896937928 0.8060797661321266 0.3915700995582806
2 75 0 0
2 84 0 4
1113
1114
1115
1116
0.8428166313715718 0.5470887170039289 0.717532583251804
0.8814325154790448 0.4890880034383309 0.7560405453716206
0.8789820643524837 0.5098422907072913 0.6778984492955253
0.8546834525784643 0.5482757902202877 0.6450789253959136
2 92 0 19
1117
1118
1119
1120
1121
1122
1123
1124
1125
1126
1127
1128
1129
1130
1131
1132
1133
1134
1135
0.7255756484596103 0.3746483897816675 0.888485433927274
0.773804050638756 0.244032001398519 0.8864341671410289
0.6176402248229281 0.4597278260530364 0.874986081182761
0.6395686750042795 0.2790916981437858 0.8634696802005984
0.5339703112434402 0.4507109012932626 0.8579775034127206
0.6912958634333307 0.2158907439167794 0.867981450827593
0.713840246444015 0.2934892525251993 0.8791258328060783
0.7790958561405728 0.3153598905656843 0.8936863450325575
0.5601926889482008 0.5082692525228033 0.8680856452992782
0.5753794425607126 0.3972539994639499 0.8613394236335501
0.6432432613680853 0.3891896453718474 0.8737925685794136
0.6039718164050313 0.3351785617536262 0.8614641832633247
0.7565513846318932 0.1831307517916806 0.8777732238707968
0.6676870637814397 0.3326058847273715 0.8735923946691191
0.6799595277077115 0.4339803924423093 0.8848207235483847
0.5063005629132169 0.4953264615371822 0.8565075403428439
0.8319936152640875 0.3287908529563724 0.9051142799094356
0.8191450349132877 0.2824932732321152 0.8985819360515085
0.7918486675407423 0.3650204173163662 0.9004936742313698
2 99 0 8
1136
1137
1138
1139
1140
1141
1142
1143
0.6797188195433802 0.1612645825253867 0.7567008249854379
0.7092913101315176 0.1598984579762473 0.6527243202318196
0.681424913063208 0.1583239854426537 0.8110499864012829
0.6475132060742087 0.1764147514750085 0.5818297634014926
0.6707022472084377 0.1661668156812916 0.6938107892192965
0.7271993197504925 0.1498175974201556 0.7848947216502947
0.7203164489477547 0.1544261818108636 0.7186163778425745
0.65636907468386 0.1720337223813213 0.6344505050745737
2 110 0 17
1144
1145
1146
1147
1148
1149
1150
1151
1152
1153
1154
1155
1156
1157
1158
1159
1160
0.8535786774441617 0.2811139951321424 0.8536548092499118
0.8404708145724612 0.3112528079899089 0.6793883921949581
0.8940999326269129 0.3756270786884587 0.8138031237572204
0.8005688252178712 0.1972260243053496 0.7832388276331684
0.8756876701774248 0.3769146271091208 0.6955538198090873
0.8621031295548379 0.3306386604123662 0.7538935808053182
0.8807186046853045 0.3318044891605501 0.8658411170391082
0.8190596371806202 0.2535212941946575 0.7244643960543482
0.7687916346777439 0.18209719429549 0.6326438378923118
0.7894971444214985 0.2107053093552712 0.672967001478634
0.8227539673923073 0.2224884194080665 0.8430595805830066
0.8387688320476208 0.2711979495820488 0.7923022373177908
0.8669581764269393 0.3208012917599694 0.8143533830845759
0.7990171654306603 0.1753007293806631 0.841197455769175
0.8122678097541356 0.2608478389965637 0.6597236445884306
0.7873728266578596 0.1898408069400541 0.7241011710120494
0.8936807636228513 0.3942941069721808 0.7536563690243088
2 131 0 11
1161
1162
1163
1164
1165
1166
1167
1168
1169
1170
1171
0.710121075490604 0.5900091820951986 0.8077376243680923
0.7842372556071282 0.5218038663694228 0.8301620629591054
0.8752521366477486 0.4193816418139038 0.8707229202620471
0.6788244801396526 0.5431912266310048 0.8510292431704024
0.8260078418676203 0.4563393049880197 0.861656146309516
0.6198191123040573 0.5686972517747141 0.8532665761758185
0.7300175971030071 0.5046570763847085 0.8605343034393232
0.6603308488758577 0.5869731226518856 0.8267606449473642
0.7613603947563797 0.5818869441740285 0.7960079830727373
0.7714855386522387 0.4701954303995169 0.8704997702510737
0.7329121606193543 0.5483096591308727 0.8290942434019322
2 132 0 18
1172
1173
1174
1175
1176
1177
1178
1179
1180
1181
1182
1183
1184
1185
1186
1187
1188
1189
0.6695206366852144 0.4526428289589719 0.4861998330907542
0.6752834366271747 0.2904001003357868 0.5184522111876559
0.8234157952569477 0.406179809514126 0.5934369208046728
0.742296705595361 0.5401900054685741 0.5176442214334862
0.8084364974829128 0.5168536230392012 0.5643241943151293
0.737329233037467 0.4690329981155802 0.5269650592051945
0.748568495202618 0.2787664555037207 0.5676727993182225
0.6405757023223689 0.3970954115290298 0.4773401272613711
0.7005144177749428 0.4039740545288904 0.5147128079947049
0.6987663467549304 0.2347218783840354 0.5433635544109854
0.7875567066214607 0.3449226667944894 0.5811310365602764
0.7215648752859298 0.3435062403197492 0.5389009880963743
0.6885567986357257 0.5134959815759756 0.4877477971620336
0.7615195780769652 0.4044399531937664 0.5539001373823366
0.8514292772854228 0.465011886206524 0.6011191871449471
0.6625668160622851 0.3453591115049784 0.5005977049390535
0.7409629079510704 0.2181677680472599 0.573437979865707
0.7964260762279431 0.4523036540138395 0.567949099770456
2 133 0 17
1190
1191
1192
1193
1194
1195
1196
1197
1198
1199
1200
1201
1202
1203
1204
1205
1206
0.5616910415759435 0.2618223635825426 0.5749591846105333
0.5981928165539705 0.2195972109768833 0.7068683182055054
0.4935169928375477 0.3747726642496496 0.6921698651506236
0.5489703042471168 0.3007410075343266 0.7871469864108301
0.4650191343632942 0.4268024678144915 0.7925208877863765
0.5961311207828407 0.2295966428362134 0.7806352864985794
0.5140959516723485 0.3382544817739056 0.6309434366565285
0.5314437254709589 0.319985325139631 0.7128196595043429
0.4335829441390515 0.4754881575499104 0.8103294405732052
0.5046273760635505 0.3656572717221675 0.7721806013148038
0.5553965076131744 0.2776190172543925 0.6430365396229638
0.5913665384221581 0.2230642516754458 0.6349529035446053
0.5922206904880249 0.2165891227787749 0.5795136395193778
0.5326026400000869 0.3051642450482478 0.5732224713743168
0.5673256745694876 0.2685947242629677 0.7370805347387512
0.4196107863783691 0.4970053950261111 0.816947117799854
0.4699328061876596 0.4140012616654604 0.7343655104615392
2 134 0 3
1207
1208
1209
0.6264384204197673 0.2149944134179413 0.5272212888910367
0.5765443980961259 0.3108598334247383 0.4933862698597756
0.6008583380942883 0.2613394778437555 0.5112926295430041
2 135 0 9
1210
1211
1212
1213
1214
1215
1216
1217
1218
0.5753511073278981 0.427772031406811 0.4945910275377365
0.539176570787806 0.4798875197114553 0.5838815952766714
0.4962249945906044 0.4718748305126891 0.6424836222616852
0.5752771435892914 0.4848589377893365 0.5334306927027563
0.5362131860542348 0.3904591971403599 0.5276290815452874
0.4636192966393188 0.4851840380576611 0.7001259882624429
0.5151312966953261 0.4233814745511111 0.5813962504129399
0.602157926283271 0.4801034578027124 0.4901269041341031
0.5482298608909113 0.4412718321198148 0.5441857294950783
2 136 0 2
1219
1220
0.7809474082744292 0.5943113151039974 0.6009543608318817
0.7700630719458722 0.6059756180888336 0.6571732421395499
2 137 0 1
1221
0.4906334069308727 0.5436755055615211 0.8477496699240528
2 138 0 15
1222
1223
1224
1225
1226
1227
1228
1229
1230
1231
1232
1233
1234
1235
1236
0.6196668777752592 0.5961448394108824 0.7661719748446726
0.6055406164618452 0.5638428681276793 0.6342110128427745
0.5116886552078775 0.5468657030288548 0.75032756329383
0.6683636276197146 0.5977327290882365 0.66964658256507
0.5584381970095631 0.5759010376171667 0.7958688269447792
0.6896463838057507 0.5803639804093744 0.5367185703278788
0.5551052605689905 0.553355038339257 0.6897567178490759
0.6741787170007647 0.5870233470599598 0.6033666695426217
0.6677771535400461 0.610300659391212 0.7340427720583266
0.6149641389180304 0.5814714024153654 0.7025489032544669
0.6330647167770594 0.5617507174560081 0.5646343539965966
0.4505449674254492 0.5287140743304709 0.7903524906172724
0.6569243017438949 0.5613989403900337 0.5116648202194215
0.5756317290306983 0.5723877221421978 0.7413218928132969
0.5008528261960511 0.5525639792013572 0.8022075698042735
2 140 0 15
1237
1238
1239
1240
1241
1242
1243
1244
1245
1246
1247
1248
1249
1250
1251
0.7087085530745443 0.2290641416058779 0.3528094777909039
0.6240327831157912 0.4088511354173343 0.3391546167774687
0.6892834325605866 0.3362631519467324 0.2595069800683549
0.6413765764958036 0.3075495101203889 0.4301005224886934
0.6264969775888258 0.4443052330799161 0.2839279728572742
0.7530774814225433 0.2231361038212162 0.2392755479042666
0.6648373971800708 0.2470016208890594 0.4485600693092256
0.7290525122594241 0.229081567065225 0.2970122238496053
0.6919146596141829 0.2871322926464436 0.3194625661342046
0.721403564563705 0.2787500173237786 0.2500778676253445
0.6588027731762945 0.3542996866683921 0.3184117948065017
0.6224633292143007 0.3698537776653589 0.3967724697954309
0.6564041291201425 0.3925934973598928 0.2726344263079796
0.6578877176046379 0.3171089677208686 0.3717656571878573
0.6781761612174471 0.2632415638544543 0.3897891364000692
2 141 0 2
1252
1253
0.7926672068593875 0.6022763450434082 0.4996339854705828
0.8361736180873636 0.5909029081513876 0.5373988625897783
2 142 0 6
1254
1255
1256
1257
1258
1259
0.7076031415587603 0.5977188591346873 0.3870096667512289
0.7176807065915668 0.5870595301912742 0.2998069324481206
0.7448775768608332 0.6061110638405798 0.4139486035393064
0.7514407671912937 0.5980913248691833 0.3492802014233805
0.6857033316086208 0.5887156443108225 0.3414180753049363
0.7712698183556558 0.5933983653762183 0.2966843091439416
2 143 0 4
1260
1261
1262
1263
0.633907932048782 0.5482613818344987 0.3782665798886165
0.6172776966760518 0.489145536963373 0.4019950065671172
0.6387594001008705 0.5312606462740019 0.4242280514218632
0.6124953008644536 0.5069782422486735 0.3550293970461852
2 144 0 1
1264
0.639634324756207 0.5363761740972065 0.2746352569302477
2 145 0 1
1265
0.6831721473217666 0.5805831206740757 0.451200213800185
2 146 0 19
1266
1267
1268
1269
1270
1271
1272
1273
1274
1275
1276
1277
1278
1279
1280
1281
1282
1283
1284
0.2827022457097148 0.3583989933738296 0.591742690744247
0.235597364040835 0.4355143395585051 0.7102599693215838
0.3742831136165987 0.4775783328589698 0.754415399171889
0.3920091137151485 0.3208791463151721 0.5233096814600612
0.4015986292660547 0.4025145581925552 0.6413619136689579
0.2798302577569094 0.4947951581065202 0.7913393406663465
0.3020303656957598 0.3083507573583079 0.5162260008896205
0.3830715761950179 0.4422914669473904 0.7017750556435655
0.3285183367463611 0.4080051771551206 0.6584926213770751
0.3558277206137269 0.3734788403827233 0.6046543454428123
0.3115461227076306 0.4558431810427558 0.730487055253873
0.2499081844897125 0.397721724222472 0.6532709597111511
0.4161181735647744 0.3602553099641769 0.5778223180412996
0.2154103857041754 0.4940035141467097 0.798213699073425
0.3445201479807648 0.4979560589848367 0.7878921770960494
0.4513065777951939 0.3345303428692487 0.535858290723023
0.3472911336523366 0.341626539998109 0.5591907746537299
0.2826462746638875 0.4250015385631714 0.6890383220031845
0.2408991800421287 0.4652360768581879 0.7530146070578634
2 148 0 7
1285
1286
1287
1288
1289
1290
1291
0.4467790558195136 0.1649143770285355 0.4996968494799842
0.5109676038604735 0.2089366019254365 0.5145248132753022
0.3786802842470814 0.1670185212059735 0.4791568954263263
0.4281562095092265 0.2290830803839747 0.4878144469301948
0.4914784761209968 0.2668319039463453 0.5030018321203426
0.3495934111479669 0.2168533015363711 0.4655624032810517
0.3973852767385866 0.1202777014296459 0.4893467836237074
2 151 0 0
2 152 0 5
1292
1293
1294
1295
1296
0.2358890193025065 0.3809863422386433 0.3072323721875703
0.202331874880655 0.3731827285063808 0.3605200110336572
0.1626641559986756 0.4431130687726422 0.3754308403675249
0.2144885764607751 0.4427922339292204 0.3006506269889907
0.2184318301835112 0.3101774891661928 0.3754985499446071
2 154 0 0
2 159 0 1
1297
0.2442249447588526 0.289793910651479 0.2962460985513495
2 161 0 32
1298
1299
1300
1301
1302
1303
1304
1305
1306
1307
1308
1309
1310
1311
1312
1313
1314
1315
1316
1317
1318
1319
1320
1321
1322
1323
1324
1325
1326
1327
1328
1329
0.4722478074117037 0.5710769988280964 0.6349065374284193
0.2728693435276915 0.7083781201825275 0.6441535424543152
0.3383400180837886 0.7362915694940337 0.5243828234413276
0.5805795518677566 0.6356712491266399 0.4072919021025266
0.4899636843919212 0.6785926980118733 0.4426464805190286
0.3841236426928253 0.5437391771197274 0.7797538829826351
0.3498562958976859 0.5900523565873359 0.7450192198370154
0.5465993259501996 0.5849773983589017 0.5273525686742886
0.6239493176686572 0.5738329748567815 0.4564069613015724
0.2587077828036718 0.6556800028729823 0.7446753737835358
0.4311217937052224 0.7128661184808252 0.4553664229468358
0.4540135732899807 0.6580770620601415 0.5167095256189247
0.3049159377091241 0.7228631567941354 0.5842137552116817
0.3408374181414108 0.6700680891131175 0.627415383322684
0.4290327162820677 0.5689875167433962 0.6878414336424856
0.4092886938638381 0.6154550954009916 0.6361929198543774
0.4560755569409839 0.6174866348009408 0.5792517191513701
0.3944622676476725 0.6585906695470846 0.5842292175030713
0.5124872949153824 0.5759359549490907 0.580957749074388
0.3592619745106705 0.6162540756186853 0.6923258658914928
0.3715291876877616 0.7481949979525707 0.4672600912353191
0.5161029515137547 0.6316613508593021 0.4876974356638145
0.3942575535467224 0.6966437131180091 0.5236131771449688
0.2937871699085378 0.6616636355744964 0.6948498297984897
0.575827658205724 0.603680465904463 0.4639019235633047
0.2345142303734722 0.6962357420865936 0.7075868117798115
0.6186407991916412 0.5996141134241091 0.4212721562030171
0.2992524306893567 0.6194090774524881 0.7561475534968972
0.3558858407001089 0.6972518661188498 0.5666760053623895
0.5385590368521325 0.6476414283692351 0.4363729711931693
0.4970557405220603 0.6136276802056754 0.5383937996365572
0.3951018130685446 0.5656940423077219 0.7320471222157166
2 162 0 9
1330
1331
1332
1333
1334
1335
1336
1337
1338
0.1454548489299417 0.7168876954053733 0.6619566600033524
0.06345004558817337 0.6852285298614248 0.7264096689684586
0.1484353119788014 0.7239353880241123 0.5528888492314156
0.2467498384089454 0.7629894389292884 0.4557402355816297
0.2024792848789908 0.7439018446395985 0.5266645225621808
0.07229958387508501 0.6916718545010359 0.6646743475326182
0.1112224635933012 0.7083329398601472 0.6045039505487679
0.1229961400759194 0.7054379635426582 0.729906984604179
0.1806212562454828 0.7322028479827208 0.6028509306198959
2 163 0 22
1339
1340
1341
1342
1343
1344
1345
1346
1347
1348
1349
1350
1351
1352
1353
1354
1355
1356
1357
1358
1359
1360
0.2740776192672852 0.5901788898390105 0.3188478674776752
0.5675964099326082 0.6139660914232639 0.3498094773158054
0.4629291511684865 0.6606145797367399 0.3632257234519563
0.2722203482283366 0.4707225150779501 0.2657258513756416
0.4038321602839638 0.497424594072447 0.2867226935649666
0.5536774848231639 0.5320686939728358 0.3125105794183272
0.3434066671556125 0.7375438126485916 0.3890420952495534
0.2794327185539172 0.7153507111721703 0.3747485666890108
0.3360718328223806 0.6721299682928938 0.3595133919104526
0.4021323514917044 0.6974607527718228 0.3753439350925695
0.4001750742343367 0.6316166583251986 0.3459982824843112
0.460528855923127 0.588990527320849 0.3312851791054776
0.4758728064850282 0.5272969052304474 0.3049837504641886
0.2720674836842389 0.5269538308051791 0.2906603880259438
0.338840457241425 0.5515731055322501 0.3062248324419576
0.3375896321571843 0.4660771548147895 0.2682104045957516
0.2747825917256758 0.6528676936920857 0.3467067032958133
0.4039206552833524 0.5616638814886963 0.3152264847531667
0.5906998141340063 0.5769255744263724 0.334984121468249
0.3354327467498755 0.6119382940780087 0.3327669064392613
0.5260793290292796 0.5813332710952284 0.3324462027756613
0.5219604971757504 0.6329480159565758 0.355056985173065
2 164 0 0
2 165 0 9
1361
1362
1363
1364
1365
1366
1367
1368
1369
0.1796810154554363 0.6481004134806736 0.3900365796964489
0.1095340877863251 0.6619792342255589 0.4925327083394578
0.1072863269590995 0.5581322336496711 0.4432458910335959
0.1631167958404815 0.5741100219807762 0.3752906757429968
0.06529424261469068 0.6472722601212624 0.5453486920717019
0.1551762299325393 0.6832944307904139 0.4411386550666644
0.1951818342014273 0.7125138541970184 0.4014026993508418
0.08711574458719662 0.6034364458075757 0.4935435794533586
0.1336517000935131 0.6215087966557783 0.4392980148887538
2 166 0 0
2 167 0 20
1370
1371
1372
1373
1374
1375
1376
1377
1378
1379
1380
1381
1382
1383
1384
1385
1386
1387
1388
1389
0.05338502314816967 0.6142627395098749 0.7308967425124963
0.07963177714117466 0.5350325160462247 0.5663004179499456
0.1212895166758521 0.5080393307781916 0.7283827800674203
0.1569140661132218 0.4247939699761037 0.6091100070927088
0.1479351371549375 0.4113822177572174 0.4917462415944759
0.07803702183808373 0.5893786612481667 0.7886196414261636
0.1057132720763971 0.4824269431127962 0.5147280888858814
0.03827601235694589 0.6213464699926382 0.6605089430384362
0.07796190455633384 0.5659830966329209 0.6878341424013124
0.1394304382239717 0.4655910823491914 0.6673991433908273
0.1887027418705303 0.3451666413097397 0.4797669323327136
0.2194869670816155 0.2872054928024963 0.4365974587190524
0.1207580728868892 0.4774021916405362 0.5935134840478424
0.0606430502487646 0.5767951421135239 0.6186916924529424
0.1742523237498587 0.3839884629629575 0.5498155087040292
0.1105696676639595 0.5396326947914545 0.7923234389596272
0.04968007532115024 0.6327023941007341 0.785232069298075
0.09995245995549767 0.5214738932600981 0.6436869433850484
0.1411145743962609 0.4359987570899222 0.5517826660649875
0.08824862677647975 0.5634593045921217 0.745611349073404
2 168 0 16
1390
1391
1392
1393
1394
1395
1396
1397
1398
1399
1400
1401
1402
1403
1404
1405
0.3040975360163919 0.3578272380178688 0.3073833463888356
0.4150347256400163 0.4011624463863147 0.318289218178787
0.2624870269111467 0.2736446744068342 0.4021862750329459
0.5382340092574069 0.3860962707154104 0.422397669230798
0.3531906824208804 0.3098448387284497 0.4099838724973233
0.5360351461110108 0.4224962017312179 0.3679381394303601
0.4674660678516904 0.3813884574033307 0.3820490863425892
0.4200937901679897 0.3289686810152427 0.4267670061311847
0.3870303497412699 0.3536145133321404 0.36883291588622
0.3496760941788037 0.3923533301535542 0.2875195499451996
0.4893379183394838 0.3444936623965774 0.4503510140742973
0.3234741812075959 0.3322883703890617 0.3574884240112236
0.4898837275699615 0.4307376411389076 0.325156677060514
0.5460806279771573 0.4536888318959877 0.3292266843123582
0.2999371822452508 0.2989740494302732 0.390289857159455
0.3479200338017909 0.3611432115995576 0.3317855379506836
2 169 0 0
2 170 0 0
2 171 0 5
1406
1407
1408
1409
1410
0.1239375998306677 0.6187310919598211 0.8225460701963455
0.2007649823726835 0.5937826785537369 0.8203627954875898
0.1481511632818342 0.5675548399308942 0.8378152366007222
0.2696665734302743 0.5690365829704488 0.8192784332237143
0.1526967195104653 0.6595608867932772 0.8032458470749844
2 184 0 0
2 195 0 4
1411
1412
1413
1414
0.5099237426440693 0.452555665156572 0.2190015748698266
0.4394990355935021 0.4328576960384758 0.2132662761108488
0.5690475490567326 0.475642149395644 0.2478069608196864
0.4749202452328172 0.4303026644940863 0.1705011441756513
2 198 0 1
1415
0.4716713709730814 0.8460870379575641 0.3468808646620326
2 200 0 17
1416
1417
1418
1419
1420
1421
1422
1423
1424
1425
1426
1427
1428
1429
1430
1431
1432
0.4333014214863383 0.8557759005320694 0.5194506583823564
0.543959376699121 0.8836177728068151 0.6115349486827867
0.4836024896487276 0.9556200269174104 0.7905552256815122
0.4161026833748904 0.8307299401405807 0.4506624199928939
0.4451467306429211 0.9053170418680808 0.6517314252618529
0.5508583918677883 0.8398359355357069 0.4975951690298311
0.4996973166283459 0.8209551033898738 0.439222900866469
0.4548688225628456 0.9338942841666719 0.7285290013677858
0.4374309484032827 0.8804119304096391 0.5849313720488502
0.499783624167345 0.8649810382143451 0.554996229455997
0.5168713317610576 0.9101983194144648 0.6768025352273725
0.5231790414282042 0.9385513780219781 0.7524281455872239
0.4311380456094835 0.9574552929027295 0.7864300031145386
0.5600703539653722 0.8633027081251339 0.5608686151554484
0.4827244129271384 0.8424462667609754 0.4928345334556211
0.52761510692258 0.9573052583464157 0.8024950585469524
0.4872293053649991 0.8890341300915718 0.6160978474616181
2 209 0 5
1433
1434
1435
1436
1437
0.6106044351877421 0.6818941450783303 0.3985594366812058
0.5886661363606676 0.7439441323343856 0.4092195484139689
0.6589151263430509 0.6534311337473874 0.4265215557717206
0.630900123342243 0.72676944257369 0.4373295710343176
0.6106182946441607 0.7802516505976442 0.4453386522238578
2 214 0 0
2 215 0 1
1438
0.4815119293066583 0.7709345464169572 0.3864022470793429
2 217 0 0
2 219 0 20
1439
1440
1441
1442
1443
1444
1445
1446
1447
1448
1449
1450
1451
1452
1453
1454
1455
1456
1457
1458
0.6615506563733455 0.7433018235989411 0.5229262967907509
0.6179710887072225 0.8396772266830108 0.6545104636342901
0.6972885666954887 0.673668010205475 0.6602927392094814
0.6722334403005777 0.7301968322287924 0.7651653239553444
0.6267076173104505 0.8270409659912331 0.8025488583814872
0.7121940450720986 0.6369623513865139 0.5176341880598399
0.5991258091360313 0.8839371335243513 0.7788346301615474
0.6215901370597001 0.8349709710352496 0.72961758761019
0.6443766754021862 0.7855340229695826 0.6857363863152354
0.6463385248818793 0.7782212070144664 0.6022058735678827
0.6945011973108843 0.6823755683420425 0.7350728070007146
0.7037073721349862 0.6571782379143905 0.5810356956784694
0.6346938622057982 0.7999747324516576 0.5330340552657106
0.6748695527809525 0.717893882626364 0.5882985681964893
0.6666518955756964 0.7374361258888491 0.6488337553954048
0.6871417191405721 0.6897125098116322 0.5240625864289196
0.6218322102805238 0.8289398814941386 0.5854851286406075
0.646058465851905 0.7847216631571309 0.7565083369233572
0.6003165848521502 0.8787186171518721 0.7077847426023245
0.6701850401894563 0.7323220371319787 0.7086015581332563
2 220 0 10
1459
1460
1461
1462
1463
1464
1465
1466
1467
1468
0.2579947245412403 0.7835463218087375 0.6560225145979487
0.3481010901738834 0.878392063810599 0.6687842964536728
0.2823994493345826 0.8377225816878858 0.7533823729485188
0.2390721983245461 0.7852990758114984 0.7247742109704849
0.335391663728744 0.8868215647481855 0.7388670583663752
0.3304107959868762 0.8187965161748685 0.5312154550977959
0.3376242607228614 0.8496571904300855 0.6089337063172539
0.2913716008197931 0.8013296453758679 0.6035626386933983
0.3459348954713925 0.8121571573524543 0.4576662262441799
0.2988507125208072 0.8318240633818371 0.6791895426210932
2 221 0 24
1469
1470
1471
1472
1473
1474
1475
1476
1477
1478
1479
1480
1481
1482
1483
1484
1485
1486
1487
1488
1489
1490
1491
1492
0.463879822494865 0.6023036990412021 0.8329799198363657
0.5498333583830834 0.8571189019503643 0.8453686754189496
0.3194140978446178 0.7957096733080337 0.8110002184361106
0.5365087826955289 0.720467876761975 0.8436290264287558
0.333985134906116 0.652695824050026 0.8134470591481782
0.4057026912523366 0.564211780926509 0.8243444917802336
0.4162121471192295 0.920960123397483 0.8252530933494799
0.2639672875896579 0.733113093220955 0.802819009984717
0.3885137624613723 0.8590472414470876 0.8212232290924871
0.3939184233118166 0.7783686429033674 0.8221822497088098
0.4475005342344965 0.8196916631271056 0.8301240067987221
0.4592303637804261 0.7480512153180107 0.8320127773153949
0.4020271133183069 0.7033909284116764 0.8235353212250834
0.5284155496008367 0.6401368191188631 0.8425674085013365
0.5774816653485095 0.7936421727440044 0.8496244849538154
0.5278617018669187 0.9185156009789537 0.8419662623727919
0.3326560013592085 0.7217737883802119 0.8131195478186641
0.3988446467299365 0.6281686315344052 0.8231990999874115
0.4664575771672718 0.6755439787301736 0.8332293344639424
0.4717693205133134 0.9213328190752716 0.833566660944581
0.5098091929474087 0.798005237516597 0.8394890177865827
0.4910595131234382 0.8648569596629427 0.8365586254279118
0.2814853274879487 0.6710931705305406 0.8055560891106958
0.4404753293686491 0.8751804263155715 0.8289693642200191
2 222 0 1
1493
0.6441268295506383 0.6784590951417306 0.8268859246591668
2 229 0 3
1494
1495
1496
0 0.02841420083510543 0.03568497461564534
0 0.04413714878854586 0.3149832657794666
0 0.02997754820285832 0.1201347790194177
2 230 0 28
1497
1498
1499
1500
1501
1502
1503
1504
1505
1506
1507
1508
1509
1510
1511
1512
1513
1514
1515
1516
1517
1518
1519
1520
1521
1522
1523
1524
0.2368827012613831 0 0.5385729326185847
0.1379085362212362 0 0.1484571142513895
0.1380663545397046 0 0.3810803946171762
0.413781169696099 0 0.1041641776786443
0.1590249672743316 0 0.4969083828103089
0.2124360110989341 0 0.105188128968952
0.2941287805131269 0 0.4201380219314571
0.299594910852687 0 0.1100665790588838
0.09225451747241199 0 0.2200914907684932
0.09212112886399479 0 0.30987696976526
0.3740564187549283 0 0.3907511274674019
0.2125504597710417 0 0.4262164189389535
0.06417780652153385 0 0.3953060096442186
0.1313029383934237 0 0.06945551387707447
0.4174283896812299 0 0.1811477968258439
0.06828608031998526 0 0.1260931898368269
0.1189285541271428 0 0.4465500537146381
0.3493114076002835 0 0.06890718101856348
0.4075494931235182 0 0.3162190661944189
0.2702598465012975 0 0.4921543282399565
0.3613887493667922 0 0.1432913947087013
0.4252860526873616 0 0.2543058392183364
0.1942382689122124 0 0.5443807782066434
0.05684493746584211 0 0.05715632127002486
0.2720274991863721 0 0.05489424989801967
0.3314265253994766 0 0.4634250972082469
0.2028326175066025 0 0.04520361034171878
0.2149111698258301 0 0.4933621625423159
2 231 0 10
1525
1526
1527
1528
1529
1530
1531
1532
1533
1534
0.1773665377942063 0.1191938381439704 0.4819912864507191
0.2204147746861326 0.2270668506168784 0.4231902712938749
0.09125995194352876 0.04628402938149478 0.4674402965467385
0.09601876625237071 0.1117998965913406 0.4113610037604578
0.149266846243164 0.0564631675909989 0.5132654416340385
0.1588616866031235 0.1638889907276286 0.4230191429552465
0.04258472448801054 0.04175812017383795 0.4252720437454509
0.04073075240895074 0.08396156175349578 0.3844623722809586
0.1987277015596195 0.1661923864105757 0.4588541679105651
0.1292871168548375 0.09506853310136165 0.4585226142065076
2 232 0 11
1535
1536
1537
1538
1539
1540
1541
1542
1543
1544
1545
0.1019019222077457 0.1495716498922001 0.2043043550059623
0.1550174798572086 0.2042393989877911 0.3221694321995406
0.04588964503175952 0.1030176602668552 0.1777739337291256
0.05383284825642043 0.1171404959121682 0.2478054615993399
0.0961488184207302 0.1559094524024878 0.2995560754693424
0.1522824503976965 0.1941736236981105 0.25221113011541
0.03938883407348981 0.09081247321907637 0.114759343066127
0.1981003610414165 0.2339684965878912 0.2890139348558871
0.2027462610914965 0.2448385372526433 0.3529698487347478
0.04127985478706142 0.1138543022227236 0.3048348694166599
0.0807234217715308 0.1265783783436154 0.1467713962608194
2 233 0 11
1546
1547
1548
1549
1550
1551
1552
1553
1554
1555
1556
0.1883466001620467 0.152909806969638 0.1306207032746188
0.3057833017448288 0.1212936905234185 0.08941099815345266
0.1857866531289169 0.08210775104317325 0.0470430904122946
0.2353749987030762 0.1918870018998352 0.175134907394992
0.1022739429791636 0.07752532348042462 0.04436712819486177
0.2595918230432347 0.08498137193422672 0.04801823542697081
0.269118140630949 0.156647439005725 0.1323883281377854
0.1502093375684727 0.1186365533458165 0.09137321947963772
0.3362164686470961 0.08425302053328665 0.04464473239203948
0.229923907524549 0.1215817315648313 0.0922391229209677
0.041450999876844 0.05691153634687585 0.02200399266610664
2 234 0 1
1557
0.03876744678253814 0.01908277327099544 0
2 235 0 22
1558
1559
1560
1561
1562
1563
1564
1565
1566
1567
1568
1569
1570
1571
1572
1573
1574
1575
1576
1577
1578
1579
0.3142049073144201 0.1802609027729014 0.2394054393326065
0.3461557324821912 0.124520725136803 0.4181897618708867
0.2588115207021384 0.2346939660538266 0.3572738456501691
0.3850239730968539 0.1041394896537766 0.1549100029893595
0.4190052132867145 0.04607097216747063 0.3327508503761031
0.3823904350682431 0.07931808232363446 0.4383650611217359
0.4331727581315889 0.05146580544135505 0.1067881602568236
0.2592055411200176 0.2294217557588687 0.405955482989479
0.4274083160856261 0.05057898022499749 0.1854656404805105
0.3827858270252646 0.09968982868579912 0.227074205085778
0.2777708448997551 0.2182927534881542 0.2943314385228651
0.3243974092258993 0.1616459381629433 0.3048881753785294
0.4226795499936694 0.04899648002228051 0.2586747452931509
0.3807499287817698 0.0873492046848573 0.3767850416285282
0.3475228582271184 0.1448009304075884 0.1960793626367516
0.3059243621997552 0.1735431519027278 0.407609454139873
0.4181372672962367 0.03986685014202428 0.4061355836948652
0.3739521088243849 0.1027232533000259 0.3031167988968489
0.3389601343369287 0.1386783363604043 0.3616615223525517
0.3488244149382894 0.1372402567151127 0.2569880236443228
0.4436199623063065 0.04423282130197224 0.05381122129897556
0.2941783020807491 0.1927126502878208 0.3552866531722445
2 236 0 1
1580
0.3754146187584116 0.03463468564623973 0.4959478453468131
2 237 0 6
1581
1582
1583
1584
1585
1586
0.298390755886412 0.06934450587287375 0.5206554963989878
0.2521975093850024 0.04982977241681275 0.54813709061867
0.2672141107249948 0.1564777559432154 0.4777373868867447
0.3048413877137514 0.1149024087231676 0.4905700964850071
0.2590541334708594 0.1056591850774003 0.5116209205101293
0.3366517652972698 0.08379587817733804 0.4989423037855929
2 238 0 17
1587
1588
1589
1590
1591
1592
1593
1594
1595
1596
1597
1598
1599
1600
1601
1602
1603
0.1669315645420948 0.04602987120839665 0.2896506928182647
0.3196486824187728 0.04738445045661394 0.3297412953532671
0.3197117751615924 0.04737498911922097 0.2017609456717999
0.1914180699363157 0.04740502299460432 0.2017920090326651
0.2320494476149479 0.04711561543713973 0.3534573783664949
0.1870260477654179 0.03812768158824072 0.3361143277744276
0.2094588076233923 0.07147771772359157 0.3046062916257767
0.2634029806922992 0.07981769534633563 0.3072450568104393
0.2457450045725193 0.08692925056695663 0.2653934362225905
0.3107672896713531 0.07406462489000386 0.2711928485886584
0.3487051994724178 0.04168437059363836 0.2867092879163693
0.1598589032680848 0.03733711257025037 0.241061892506906
0.2822274015241334 0.03815405361883943 0.171191821120494
0.2588532479206708 0.07376799823926151 0.2097647769597611
0.2345350161049599 0.03963302561292315 0.1709312365782325
0.1947323591926184 0.0705475007585291 0.2541105286059644
0.3514452185160244 0.03781526905306794 0.2432832301563209
2 239 0 49
1604
1605
1606
1607
1608
1609
1610
1611
1612
1613
1614
1615
1616
1617
1618
1619
1620
1621
1622
1623
1624
1625
1626
1627
1628
1629
1630
1631
1632
1633
1634
1635
1636
1637
1638
1639
1640
1641
1642
1643
1644
1645
1646
1647
1648
1649
1650
1651
1652
0 0.3702100091726663 0.6852244469006343
0 0.225252255935749 0.7343901577574768
0 0.610940548680251 0.7389897890168231
0 0.4215043227086892 0.9186735415881642
0 0.5244138248343579 0.5616913359650562
0 0.2568427174669173 0.9353251477996714
0 0.5601802183756224 0.8688630467274239
0 0.1501591380460427 0.7149486149825623
0 0.3073008021286843 0.7370416259669087
0 0.4045340830634258 0.6190230522351557
0 0.3942911414356051 0.7586643117023414
0 0.06717748191241522 0.876565242593687
0 0.4012194471439862 0.5419857796580962
0 0.1449540549370984 0.4723638317264356
0 0.101087887589411 0.6073734179131791
0 0.1098148389116037 0.5286061700533669
0 0.3392875662498849 0.8185106351653887
0 0.1769844073850713 0.7914431205263437
0 0.06222841991291762 0.4586606688000225
0 0.6168566476152606 0.665508645654828
0 0.5406549528003128 0.7008625764657652
0 0.4161376045222682 0.8335073808625564
0 0.4757354058507272 0.7708267868801105
0 0.0868555615756552 0.7877632805022695
0 0.2542597803451394 0.8007408457374919
0 0.4471845694859008 0.6931748663028953
0 0.2163206669378443 0.8646919328438021
0 0.6184146111786718 0.8150651827038319
0 0.4657091598860627 0.5069857131575759
0 0.504046584840726 0.9285642305595287
0 0.3345325905157076 0.9330449539441472
0 0.1119026315384644 0.9358854735368932
0 0.07817671840502492 0.6846535283222343
0 0.5024704307834627 0.6338114628680949
0 0.1830733006487011 0.9317660409240572
0 0.3618712367147666 0.4730992213994593
0 0.216095856909534 0.4343938225385566
0 0.5680842830683894 0.6176826724272211
0 0.1183236940467547 0.4091694505506429
0 0.5506429781639782 0.7859472098044722
0 0.2919263284108761 0.8701552525377705
0 0.4615215061301301 0.5737003639946289
0 0.138587600266173 0.857294731848116
0 0.4915469613887116 0.8480323584762183
0 0.04907628518127662 0.5478209932004063
0 0.3689231494618959 0.8780427688843901
0 0.0460194238454014 0.6216794480153058
0 0.2912772456983092 0.4448710317101338
0 0.05332207589878162 0.9443333810210253
2 240 0 9
1653
1654
1655
1656
1657
1658
1659
1660
1661
0.07014351089886495 0 0.621877912258597
0.0689129115300951 0 0.7128737366384814
0.05685417025868669 0 0.7933233120027613
0.04334070787652646 0 0.5453070864984833
0.134466592716515 0 0.6233695778217238
0.04741642154161663 0 0.8840630880884378
0.03361900319454654 0 0.9586657016494277
0.09979789017345642 0 0.7601173350037849
0.1151245926942039 0 0.6714429802962759
2 241 0 3
1662
1663
1664
0.03688013137742538 0.4148448024970364 1
0.0342577755216765 0.03686718095387705 1
0.03629151224177785 0.1098048602899068 1
2 242 0 5
1665
1666
1667
1668
1669
0.06911816064793375 0.5149494290144598 0.9327803482846118
0.04558245109025527 0.579570765456636 0.8929110098629094
0.02467806183366361 0.6417094252825278 0.8526784443606027
0.09062327782274193 0.5379953438570266 0.8857572720751328
0.0272413270909464 0.5346656793587804 0.9586840811684308
2 243 0 0
2 244 0 1
1670
0.02177525079111631 0.5326883971889753 0.4803005429267017
2 245 0 8
1671
1672
1673
1674
1675
1676
1677
1678
0.1108282926759794 0.3177549983334542 0.4047784139932136
0.05286496438040011 0.4684928997059032 0.4446994583055417
0.1071723833409649 0.2418705939191006 0.3847121159050284
0.07271868996899866 0.393085837880773 0.4247374007038761
0.05301915046691319 0.1976319819187674 0.3730626863577057
0.04808835308523174 0.3300039332687287 0.4080767090486304
0.1551906527564547 0.2781228080248255 0.3942550651877761
0.04522898726753077 0.2642860899499957 0.3906984923746659
2 246 0 5
1679
1680
1681
1682
1683
0.06239400219300781 0.2084919622080571 0.5796974927160002
0.04129599634190038 0.2048808085132832 0.6402886625951574
0.04129599903303166 0.2048808038478835 0.5191063304672993
0.03494287609764817 0.1722485333577766 0.5605818029474781
0.03263862984684386 0.1709919413547222 0.6023152492193877
2 247 0 5
1684
1685
1686
1687
1688
0.06239400219566593 0.3017044355779064 0.5796974927160004
0.04129463658354604 0.3053186777196156 0.6402880045851634
0.04129463390901551 0.3053186730796357 0.5191069732604079
0.03494278002531169 0.3379488478787699 0.5988093136760666
0.03264255903716054 0.3391998995047473 0.5570760096153761
2 248 0 38
1689
1690
1691
1692
1693
1694
1695
1696
1697
1698
1699
1700
1701
1702
1703
1704
1705
1706
1707
1708
1709
1710
1711
1712
1713
1714
1715
1716
1717
1718
1719
1720
1721
1722
1723
1724
1725
1726
0.1419611261795624 0.06639721651878035 0.7573986546613097
0.1586682216145299 0.3714319713394468 0.7374897401694651
0.1920241480902192 0.2920289598178591 0.6162927808388092
0.09453447930088005 0.2540051860760828 0.9385600668837323
0.1899960111987752 0.1022133272225059 0.6006328002428634
0.1118451033610109 0.4365917766501379 0.9021408819545339
0.08937544207892197 0.1130856359188952 0.9391793465155529
0.2165862427083699 0.2013300766248742 0.5232345397761617
0.1753461984217208 0.3310700076399369 0.6768130734397617
0.1551346070833857 0.296245712526337 0.7404381099813098
0.1384365686529384 0.3367744563132792 0.8012017517546628
0.1348088839907875 0.2618085346315671 0.8044914950154342
0.1516002729489724 0.2206672264112507 0.7433424856833879
0.1311369179144304 0.1869705640688878 0.807944799236876
0.1177712409031252 0.3016142145509154 0.8663078755092405
0.1475311017102858 0.1454391335701205 0.7480809858306311
0.1681924263852512 0.1825401695572872 0.683217903193363
0.1663023293396951 0.1067825126392502 0.6805899237242745
0.1719142416365543 0.256379914310739 0.6794794100879575
0.1922035626972966 0.2139286430286832 0.6064510386050845
0.1423006432962152 0.4139685826105417 0.7973833044946983
0.1139318368214659 0.225162190775975 0.8701314332381023
0.1101322024545515 0.1493680828603589 0.8738995315868415
0.09836942248775782 0.3282902194894987 0.9344950753603537
0.09190187176071683 0.1816396738335131 0.9388221744096999
0.1038408049603333 0.06908289082871449 0.8854881666590477
0.1188859673674602 0.3831442304738397 0.8722176957306255
0.1775616787120409 0.05090700100719037 0.6362399480680426
0.1271349666313712 0.1148096949475201 0.8128208876805898
0.0967564453993076 0.3986146134708602 0.9482218323547995
0.2024041816627714 0.1525147161833207 0.5649944439377508
0.1267753997103734 0.4569094182787269 0.8545013553140363
0.2122446026523682 0.2599097189162839 0.5447176625824013
0.2317039897807808 0.2407284227000437 0.4772242346262701
0.1839582362571905 0.154215582715529 0.627022832331029
0.1597898352128652 0.04481734603304418 0.6950871508546954
0.1220735733794907 0.05304694328404197 0.8224782609645686
0.08414409438153148 0.05326987879018535 0.9496367305924978
2 249 0 21
1727
1728
1729
1730
1731
1732
1733
1734
1735
1736
1737
1738
1739
1740
1741
1742
1743
1744
1745
1746
1747
0 0.2123801649625608 0.1495213212407201
0 0.1387240061816424 0.05009528202333109
0 0.1956609432018309 0.2244845531607969
0 0.4001289932467602 0.06689357431566037
0 0.3233815550908412 0.06554096366961426
0 0.1369232244362802 0.1689175870489028
0 0.456297232633081 0.359307922755468
0 0.2189440163181419 0.3122092820475527
0 0.4569417429067878 0.09831869310883902
0 0.1234048743809711 0.2374835770238034
0 0.1345734484855524 0.3047195984333091
0 0.3957171705103587 0.3651793970201517
0 0.2413357528701709 0.0689614557488642
0 0.4644433488805477 0.3035596829303467
0 0.1082254821033822 0.09896919506466872
0 0.2792240756223869 0.3527062502318685
0 0.3446574163564273 0.3750379386251804
0 0.09166894096827932 0.04985334121636325
0 0.4633055926209514 0.04609087951380078
0 0.1723823298652646 0.09564569493093159
0 0.1928610673114723 0.040231347888451
2 250 0 12
1748
1749
1750
1751
1752
1753
1754
1755
1756
1757
1758
1759
0.1469154247281348 0.5019075040523852 0.1982816797246257
0.09942889041422864 0.5045846240002968 0.1515352020974162
0.0607731199562449 0.5082337302132929 0.2856903853069451
0.05928113430465809 0.5094020203109546 0.4112459983712409
0.08883216603307476 0.5058275707132549 0.2167365371831838
0.1455831040635687 0.5026351440844181 0.2734216554262836
0.04911539196754799 0.507385972859885 0.09788814187071215
0.05821533009854352 0.5090027273779263 0.3563750406824988
0.1094687131832397 0.5054480766729473 0.3288971098650897
0.04446202028755319 0.5082597774333587 0.164947641817868
0.03444001585393919 0.5078573494982997 0.04173553292354298
0.03623136658112858 0.5093342130213666 0.2283633779445096
2 251 0 1
1760
0.01614985968129544 0.4748408147343141 0
2 252 0 22
1761
1762
1763
1764
1765
1766
1767
1768
1769
1770
1771
1772
1773
1774
1775
1776
1777
1778
1779
1780
1781
1782
0.1299222253093806 0.4461438767217317 0.1132512193776677
0.1233512332244343 0.2300785676031106 0.131438544008213
0.2190235113704894 0.4153042121296298 0.2174877447995605
0.06401966237288981 0.3247860471300159 0.05323881279207154
0.2180830831965135 0.3010309649366589 0.2299681793648667
0.04033667557861342 0.2038871948467564 0.04083151764073567
0.1725685873249856 0.2829587648590746 0.1807308708734767
0.120933445146219 0.3179126756728267 0.11830038193194
0.1635495186056762 0.3513122996143717 0.1624494231197797
0.2366073504685976 0.359986971175134 0.2438926446650558
0.07949032232528042 0.2576373154030284 0.07866035320578146
0.1045522272750367 0.3765903745937138 0.09285482561844294
0.1765051810205017 0.4469531067877259 0.1657404180920643
0.0606132869969368 0.405513551524779 0.03982685879232317
0.07938210159685288 0.1847484288741312 0.08717593966612447
0.09000715373495238 0.4512259331765741 0.06759090004814317
0.04008787189551899 0.1441145996332135 0.04763405147432809
0.04155233958204185 0.2639360519932072 0.03508768395219986
0.2007269381362436 0.3484937328788472 0.2047511116777583
0.05828759184196342 0.4616191232609276 0.03055266927060418
0.1417827857640906 0.3951928431086359 0.132677984424453
0.1818039741316335 0.3939557285224077 0.1780024458586884
2 253 0 3
1783
1784
1785
0.04310908305700356 0.2807300129498103 0.2231768925612895
0.04059703037506474 0.3034594687609147 0.2772512445568645
0.04095175034516388 0.299170119720697 0.1712802901974788
2 254 0 3
1786
1787
1788
0.04310927342557241 0.4186590857742151 0.2208711730040822
0.03808664200677711 0.402825418784137 0.2747706509768633
0.03862593012449433 0.3961697210855157 0.164089052988755
2 255 0 0
2 256 0 27
1789
1790
1791
1792
1793
1794
1795
1796
1797
1798
1799
1800
1801
1802
1803
1804
1805
1806
1807
1808
1809
1810
1811
1812
1813
1814
1815
0.4223965120275411 0.1467869015470795 0
0.1194974988552907 0.1909303884873371 0
0.1289810364238306 0.5184874873434038 0
0.2018643815558153 0.1526129043427956 0
0.289752060745945 0.1595521624395301 0
0.05909902104293202 0.1256878566323314 0
0.4366986736169595 0.2144689821181825 0
0.2343648773437006 0.5155189292570825 0
0.4148891764975388 0.3713402422269275 0
0.3606667566811549 0.1862304527312038 0
0.3652927859628961 0.4420859828796972 0
0.07744183450698468 0.2657120779789995 0
0.4252458823802635 0.2936855886188035 0
0.1247664525217197 0.4398482862803534 0
0.2976939534142839 0.4831377246260781 0
0.08061886382188295 0.3619148337225588 0
0.1311258967030184 0.1158054109748536 0
0.348215393958682 0.1143078568951664 0
0.256835642292409 0.1009095080699701 0
0.05292234192332632 0.1933474873829896 0
0.1762997162528027 0.5455730436850373 0
0.08258039587650276 0.487509789247455 0
0.4096676370937964 0.09118690323750055 0
0.4268578946705205 0.4376929037440144 0
0.1811662408320085 0.4825353684453788 0
0.1878106594884679 0.09056070855792266 0
0.03326267908589509 0.07592556300814229 0
2 257 0 16
1816
1817
1818
1819
1820
1821
1822
1823
1824
1825
1826
1827
1828
1829
1830
1831
0.4322752295810401 0.3132416588812884 0.1097244440131916
0.3232780951574306 0.2580583000886695 0.185833897385662
0.3248828783229706 0.3728356424860162 0.2277304449518613
0.4680237927734374 0.1843755433910864 0.02928895714964122
0.3992466800400584 0.3550845500225924 0.1548930875957888
0.3897646674656814 0.190171225963864 0.1010780211575416
0.4425551087334422 0.2356206515525268 0.0712830284215365
0.3976213653388171 0.2572767211280257 0.1194201039119506
0.2874189996520901 0.2865093718509268 0.2284650784635899
0.3566409821010528 0.2265161869595966 0.144256029974856
0.4435161462801235 0.3708112092816565 0.1214572665558448
0.4230725476593533 0.158110471513961 0.05935330909492243
0.3412539638832684 0.3231494740793364 0.1944159542622235
0.2917249600786901 0.3375435626878553 0.2438988194360232
0.3766060978335474 0.2982514118300335 0.153576767416527
0.4500663266402172 0.1344739675550055 0.02642399133525095
2 258 0 2
1832
1833
0.1203941534732308 0.5372826736842309 0.04697808017702498
0.1527346473741406 0.5343527318570654 0.08531988635773757
2 259 0 12
1834
1835
1836
1837
1838
1839
1840
1841
1842
1843
1844
1845
0.2431289100209272 0.4859314437525183 0.1659297796577423
0.3737491292730964 0.4420359485484636 0.1404989358520441
0.3089710474226144 0.5134133652922896 0.05619062706776512
0.3122392613052067 0.4329295294798595 0.2106500171429199
0.4118675087970187 0.4501270353191699 0.09224335488078594
0.2438207371705884 0.5407620468133327 0.05821820520877746
0.3737939827046541 0.4895077546078448 0.04771499008073182
0.2708533618598663 0.5025460068137453 0.109869625023504
0.3081069683390432 0.4623537728753942 0.1566813985816466
0.2667426839989704 0.4536387766203088 0.208918966921602
0.4269101086022363 0.4709175640217863 0.03881994688501655
0.3412236663993822 0.4766639805761513 0.1005331552477463
2 260 0 1
1846
0.4789250703412847 0.3950060035388895 0.04826341968984593
2 261 0 15
1847
1848
1849
1850
1851
1852
1853
1854
1855
1856
1857
1858
1859
1860
1861
0.2706297206895443 0.2733014252708384 0.07975840859637309
0.1548524160357521 0.343506678318265 0.04883792457128622
0.2706297206895437 0.3653050759691568 0.07975840859637512
0.1737083531280096 0.2505689120275929 0.04216049343711117
0.3121137680291826 0.2527090548765927 0.04883214672203921
0.3121137680291832 0.3858974463634069 0.04883214672203898
0.2215549657860488 0.4099510291680882 0.0490863265022518
0.2599022517275989 0.22504283049541 0.04735996471616063
0.1739029857582798 0.39223368112134 0.03836879431146197
0.2091195326209608 0.3584090609641938 0.07917940528989273
0.1903228462545169 0.296327247139638 0.07592991700311297
0.1504349187260789 0.2927926309453646 0.04299249451018385
0.2753032222679725 0.4158401587129041 0.04027713843677808
0.2097625029665777 0.2522104342302373 0.06547789669127352
0.210061481197277 0.2222271148603843 0.03684914052672749
2 262 0 8
1862
1863
1864
1865
1866
1867
1868
1869
0.5881236739100828 0 0.1378285400825257
0.526725848757856 0 0.2682940503052027
0.6041780727378643 0 0.06780493362812919
0.5437094203107322 0 0.1910337657679482
0.5094865463995911 0 0.3245501252792952
0.5344509857238394 0 0.1126543276433358
0.6652305670777717 0 0.03013202088296385
0.5333845333757288 0 0.0536087381051065
2 263 0 3
1870
1871
1872
0.5350076289926872 0.08419801021404744 0
0.5931391135789402 0.0461067030431118 0
0.4966660883350988 0.04632734913657513 0
2 264 0 22
1873
1874
1875
1876
1877
1878
1879
1880
1881
1882
1883
1884
1885
1886
1887
1888
1889
1890
1891
1892
1893
1894
0.6922791412166938 0.2825352484091612 0.1598296753048902
0.7315765080706801 0.1368801972167541 0.09943526189125929
0.5503136823186667 0.2617872047835167 0.0645321216358351
0.6097268708389402 0.1546329208909652 0.03802256139389285
0.5740643737479366 0.401094403982359 0.1583295165929344
0.5305866217524906 0.3787353868617831 0.1199709566704207
0.5940762273584366 0.3408221764907686 0.1355417219946004
0.5592246717798129 0.2017211109519755 0.03534062516112862
0.6084385449951466 0.2157561438724716 0.07229832576875668
0.6549677858668542 0.1001230362842444 0.03335971993647873
0.6933745797655468 0.04517314648031626 0.02442958912828387
0.6604158795088219 0.3357235363404022 0.1715945249609423
0.7245758468745582 0.2286520560256937 0.1479211942106472
0.6677932315389453 0.1630257931947368 0.07694737534540605
0.5413912074463535 0.3199308965329926 0.092615049016321
0.7564532902182308 0.1762689725461208 0.136626177874303
0.7081443182236871 0.09474578070138621 0.06151939616328893
0.5985520128709561 0.2747251719931581 0.1002879018243658
0.6624727268345831 0.2351503248705484 0.1151595826388639
0.6266405812369732 0.3918583488751263 0.1839248330679103
0.6405101805392084 0.2944668903144012 0.1362535935904732
0.7085743207073995 0.1879954687707708 0.1152179183920959
2 265 0 18
1895
1896
1897
1898
1899
1900
1901
1902
1903
1904
1905
1906
1907
1908
1909
1910
1911
1912
0.6887407511496554 0.1381700544232135 0.3583869480936071
0.7336459235547557 0.1302461248695586 0.248560197593317
0.5840489688459527 0.06939362114598985 0.4287216982816663
0.617874110111244 0.04300927262057466 0.3025386663219393
0.7333685110673523 0.08407170055896269 0.1508507248901762
0.6785910363697448 0.04235826108366657 0.1754598667720307
0.6481874384392755 0.1599282731269637 0.4886514320519682
0.5809885874534366 0.03900103420131634 0.3703655387025528
0.6473146145413233 0.04300842391722888 0.2415906211557605
0.6749207296979518 0.09433604464935788 0.2936943455735957
0.6649565510200584 0.1469913042903333 0.4264001086698087
0.6337997250933832 0.09531106677149644 0.380896329297337
0.7089664820497685 0.04161707877914916 0.1110005296092288
0.7576229058578282 0.125656025851379 0.1891540907916058
0.7191289735769464 0.1430213015249338 0.3058048283141445
0.6193719900251873 0.1159619951966673 0.4547200646145507
0.6998597544672827 0.08479522985925944 0.2217589083668495
0.5506799516945249 0.03064299474815416 0.4153185810765775
2 266 0 2
1913
1914
0.4795585290351279 0.04475740277862854 0.4672316849520087
0.5208453986395161 0.08731300596002567 0.4910283594827861
2 267 0 18
1915
1916
1917
1918
1919
1920
1921
1922
1923
1924
1925
1926
1927
1928
1929
1930
1931
1932
0.5294534230178297 0.1388078571410288 0.341251221130102
0.5855459612918159 0.2477526148808344 0.258525594938037
0.487920067669331 0.1763338354658874 0.2276760886545129
0.588722743130606 0.1442332206340951 0.2717457305835353
0.5561483735181065 0.2480045687654692 0.3443971118539667
0.5775484793473205 0.1493734096449311 0.3325561259776568
0.5340170614903971 0.1186748610586762 0.2923704468252352
0.5371387669309349 0.138999539746412 0.2359307499860188
0.4872645436144087 0.1365602517052218 0.2684569696072139
0.4570311897929027 0.1813946385051841 0.2758589096186024
0.4706179832672381 0.235207254234747 0.2592380543255462
0.4621077970807445 0.2259988480939038 0.3072260698118804
0.5211208088977728 0.2751557932935661 0.2908365522646635
0.4767456513389707 0.150870511700749 0.3181648964501601
0.5254910500578932 0.2603454411543081 0.242037643950797
0.5916946920407691 0.2461575469344938 0.3082965410120497
0.4986164495730948 0.2537603053069747 0.331480333646025
0.4841184075818617 0.2134830849332033 0.3482185673718469
2 268 0 26
1933
1934
1935
1936
1937
1938
1939
1940
1941
1942
1943
1944
1945
1946
1947
1948
1949
1950
1951
1952
1953
1954
1955
1956
1957
1958
0.6781501771216004 0 0.7971060733161757
0.5138595321833067 0 0.8411554247688858
0.6019583223531728 0 0.841199913050381
0.7397901669052006 0 0.9315256772543536
0.7213783309060592 0 0.7225880089588089
0.4420083467001069 0 0.7964263288319539
0.3975380145933946 0 0.6252887540846932
0.8069614580776023 0 0.8394313573436647
0.4721595837836813 0 0.4985131541673367
0.3874449465646216 0 0.7253483963785228
0.4374575964074681 0 0.5573420174560523
0.4199161005794706 0 0.8745333553571625
0.5794853974952353 0 0.9278005817252186
0.6625604278205774 0 0.9031423983427627
0.4865817658128664 0 0.9326637699912026
0.7740840064618584 0 0.7788375183312665
0.783617952431536 0 0.6961882758984623
0.7297896098286664 0 0.650807690715672
0.3345156295620157 0 0.5962067876260813
0.7995894752745649 0 0.9043179462342535
0.7382294302872405 0 0.8582478651239889
0.4181609381987023 0 0.9471912207293937
0.3800972566876439 0 0.8091869639757128
0.3434119004930254 0 0.6679944371956269
0.5242148378749799 0 0.5110174501001395
0.3776397643581817 0 0.5585839135138491
2 269 0 7
1959
1960
1961
1962
1963
1964
1965
0.7260370808932547 0.1068892243486161 0.5928497210725647
0.6419800278149324 0.04996658499749418 0.5319595847671414
0.6607081746923362 0.1153548091851464 0.5486277401066952
0.7562559971007935 0.0515777633792035 0.6102807330446181
0.5897537786665328 0.04442640225718419 0.4958826593325077
0.6984751805402285 0.05396473031840987 0.5708679933345162
0.6146383606691372 0.08771305804521701 0.5154644845029047
2 270 0 8
1966
1967
1968
1969
1970
1971
1972
1973
0.8054550125802759 0.09183442198276082 0.8532981542445531
0.8237276893729093 0.04550706773860869 0.7577946218119763
0.7935334410549668 0.09125854025415414 0.7051365535141479
0.8362827847643395 0.04464975611032829 0.9038272222813111
0.8229504435160996 0.03858391739034739 0.7010840933872055
0.7999889860604874 0.09149090776058411 0.7848231767364278
0.8306650689533244 0.04373716918585435 0.8296285140388618
0.8518779181980005 0.02538128865067424 0.9608304277397304
2 271 0 0
2 272 0 30
1974
1975
1976
1977
1978
1979
1980
1981
1982
1983
1984
1985
1986
1987
1988
1989
1990
1991
1992
1993
1994
1995
1996
1997
1998
1999
2000
2001
2002
2003
0.5804731349947978 0.1493417554747083 0.7038404993437193
0.4609665900601904 0.1030060626617916 0.5674313067394658
0.3838599310149882 0.03020534592597066 0.809850177984106
0.5434267873565641 0.1093351241783197 0.8590439180733107
0.3495511497998154 0.04326296007687851 0.5676761268762154
0.4477742309632238 0.04614807715023379 0.950874073131474
0.3423960574895811 0.02646591613615155 0.6675065741157342
0.4812957609753558 0.0711771708637145 0.8964721205182236
0.486324044304191 0.08407856505382999 0.8178657583630478
0.5391128235511874 0.1158086604330598 0.7913816925325396
0.4862967835857095 0.0932968846140512 0.746757908800847
0.4053716431677952 0.03128469172915959 0.8903275845673003
0.3961751568086915 0.06988601758507293 0.5550789323941394
0.4246533708575256 0.0757956067208263 0.6271103699130074
0.4748269899699582 0.1025531771305299 0.6281283157740112
0.3620803308561031 0.02774670364998783 0.7388897760372903
0.4450504681636281 0.07862617137604719 0.6895000844845933
0.5940373606041094 0.1406215683990957 0.8269860622834434
0.5238418353826979 0.1334923652118465 0.5921584699206264
0.5753020876210535 0.1550711785394621 0.6383714669530451
0.427362135916629 0.05984217293465279 0.7611569898610946
0.5859936183579513 0.1446013266558251 0.7631350494250932
0.3215228694724803 0.02368146203222212 0.6027966625928156
0.3989544972993148 0.01946075398383536 0.9549033051505544
0.576324269381475 0.1628704059377017 0.582524419458065
0.5170558967930179 0.1189834981658432 0.6758901026933144
0.4346606201787683 0.05460453025564276 0.831619592094387
0.5394474589927463 0.1232911478531432 0.7351361714211757
0.3932627733130143 0.05033700966703974 0.6936156312633912
0.371260229623518 0.04823816203636518 0.6189640495258839
2 273 0 18
2004
2005
2006
2007
2008
2009
2010
2011
2012
2013
2014
2015
2016
2017
2018
2019
2020
2021
0.5345732128697617 0.04707024281419174 0.763951640282537
0.5343895242209972 0.04713101811957059 0.5903003029874083
0.6448020116144955 0.04705978606483933 0.7002857411540542
0.6215234568898551 0.04704929008251034 0.6134636502615157
0.4709639115668326 0.04701235527344867 0.7004658944316972
0.4844475921801644 0.03407156590276984 0.6071044449936321
0.5089772033771409 0.07154166746461603 0.6515969760343656
0.5682842074160559 0.07369272540983143 0.6277618130361959
0.5600166966239031 0.08401333935317533 0.6781042335532663
0.6128600517790281 0.07102854580173291 0.6653868649624703
0.5869193453823089 0.07190391835641619 0.7230458574049998
0.5856956916510362 0.04007679421291599 0.7694916858130963
0.4622701147686706 0.03701180671425955 0.6510148257556923
0.520585965174861 0.07351902834006342 0.7115528879233473
0.626383731273211 0.03805880010004332 0.7474823675514795
0.4881910603423313 0.03765534560899315 0.7467771429193751
0.5850720867221803 0.03387447267047594 0.5791948326147397
0.6526419912626631 0.03813438689898588 0.6514040006569927
2 274 0 7
2022
2023
2024
2025
2026
2027
2028
0.6888201436073145 0.07406168227590515 0.9545986446894769
0.6170434302867462 0.09581524221467219 0.9352993451986978
0.7385021489170173 0.1069663529525491 0.9127018417323798
0.6672373773651425 0.1208782576740469 0.902395544264926
0.5712075962205879 0.07191934661553523 0.9665086787194827
0.7643707353355998 0.06612325283872122 0.9576790420079482
0.6309989977461985 0.06293427075792291 0.9720600274348821
2 275 0 9
2029
2030
2031
2032
2033
2034
2035
2036
2037
0.1744813180717361 0 0.8508590866773504
0.2577200824977812 0 0.7665914656388984
0.2364072200904842 0 0.9219530637754021
0.2194072503276802 0 0.6396407577170923
0.161305541878178 0 0.9288690932876726
0.256888961449652 0 0.8511972483942304
0.2244510912638895 0 0.7070281918947946
0.1890679154558112 0 0.7827563047175378
0.2998170542607443 0 0.9094045802474147
2 276 0 16
2038
2039
2040
2041
2042
2043
2044
2045
2046
2047
2048
2049
2050
2051
2052
2053
0.2727267411051033 0.2035457409830051 1
0.1513992845023051 0.2538473252773603 1
0.1817960976613235 0.06081147260330652 1
0.3611648112939889 0.095450231317801 1
0.1593390151173245 0.3722844394220703 1
0.1962349390445678 0.3151846493166457 1
0.2768086303439334 0.06987140954018861 1
0.2186963456506512 0.1399438896374613 1
0.1405685359126612 0.1777093758419619 1
0.2323531158059279 0.2593204662272023 1
0.3107026548020949 0.1458714099814023 1
0.1276821464448731 0.106578889661986 1
0.1328890112645557 0.3185559255099162 1
0.3429591574071385 0.03965594157035625 1
0.2008140327877601 0.2054474558654356 1
0.1212784680212397 0.05132120934199826 1
2 277 0 21
2054
2055
2056
2057
2058
2059
2060
2061
2062
2063
2064
2065
2066
2067
2068
2069
2070
2071
2072
2073
2074
0.3712400957425938 0.2715179605157726 0.9612515418880037
0.4304409795759379 0.3977369685382133 0.8761060273991483
0.4461482683904606 0.1650124776263691 0.963927567559556
0.4985915889012411 0.2791446906650962 0.88753860957077
0.5475423048228008 0.1675577013758333 0.9067020213671559
0.3089691557932873 0.3921538291090962 0.9457141774492962
0.3652856196812558 0.4138155082099844 0.9055319520671784
0.355841378088632 0.3496145283354599 0.9373913409835331
0.4229741555078171 0.3070509119795469 0.9178547189502955
0.4384543920816292 0.2398566831836439 0.937147990553534
0.5052303013435755 0.1410365719674998 0.941141573406207
0.498327783487167 0.2074553488024446 0.9174180680458272
0.4621882202501831 0.3455151732519078 0.880177911110803
0.5508388039607881 0.222698761123537 0.882005959363343
0.3183832480042377 0.3186117209380683 0.9710007475150509
0.4001833146607949 0.2077456128821859 0.9716674053119236
0.4033546825390316 0.4479512548971001 0.8702847095155697
0.4710601045039935 0.109896333104742 0.9729865423441864
0.2735686607989035 0.3680330817467602 0.9753293526409128
0.5861663103095111 0.1829894769017772 0.8789048679572491
0.403563128895353 0.3625491571652168 0.9055899481033242
2 278 0 6
2075
2076
2077
2078
2079
2080
0.1558140875822397 0.4723329018917772 0.9315608775478456
0.2245556105900562 0.4846905595420147 0.902022437233703
0.1647698273154501 0.5008965614742575 0.887628850853269
0.3005167370162296 0.4984113105544624 0.8692847119382616
0.1952886373988622 0.4498306000032368 0.958615656767442
0.3496559670336261 0.5082173572156906 0.8467235093548456
2 279 0 25
2081
2082
2083
2084
2085
2086
2087
2088
2089
2090
2091
2092
2093
2094
2095
2096
2097
2098
2099
2100
2101
2102
2103
2104
2105
0.4181692557058573 0.1965200194744346 0.7897015036933005
0.4181271098299964 0.2954327970637821 0.6473321100009306
0.4816224026993512 0.284261021194893 0.7138503755532706
0.4292294276370763 0.2853766833468376 0.7849810213654451
0.4534149521553817 0.1875028901036825 0.7668868751561386
0.4764028677518896 0.1864588274080405 0.7118270649777659
0.4209472856389085 0.153684827623256 0.7275427968900773
0.4292315017560674 0.1930734083494567 0.6426876234426812
0.4593915179240326 0.2876751284723732 0.6634088999478275
0.4363047838099551 0.3214615258468572 0.7211006327542047
0.4713843382360319 0.2016946135232022 0.6684463878414022
0.4723878753121649 0.2781896889168273 0.7564778472344502
0.3775068364536353 0.3130343123229611 0.7520058429739978
0.3641975895272475 0.315550947909799 0.7020007329466086
0.3267190925106623 0.2753158365526763 0.7245049283511805
0.3307218531111352 0.2673836669730901 0.6785711249266747
0.3218135472944992 0.2153386237323518 0.7203279762016513
0.347340298032269 0.198838372059247 0.6624959192016381
0.3476261711639868 0.229457386377161 0.7786763527044512
0.3611373182944498 0.1696955793753886 0.7432301098576933
0.3797165461565759 0.15712921271805 0.6969194498422043
0.3922906157246936 0.3148460128236622 0.6712321458653466
0.3566069360509524 0.25546095105107 0.6430703754656413
0.4423737512700773 0.1635806076282435 0.6875699103477328
0.3995611887616826 0.1673774969062019 0.7640204022582101
2 280 0 4
2106
2107
2108
2109
0 0.7267271773489836 0.9392190372272763
0 0.6421361709215814 0.9478251210799089
0 0.6827938995088879 0.8949077405894642
0 0.7962532105093546 0.9559036630897766
2 281 0 39
2110
2111
2112
2113
2114
2115
2116
2117
2118
2119
2120
2121
2122
2123
2124
2125
2126
2127
2128
2129
2130
2131
2132
2133
2134
2135
2136
2137
2138
2139
2140
2141
2142
2143
2144
2145
2146
2147
2148
0.2973424727213028 0.720323126604002 1
0.2020215390281186 0.4844282019771079 1
0.1895233662311832 0.9322830046576626 1
0.07534730345110957 0.6425331199153789 1
0.3229557256881136 0.6330975542011105 1
0.3229557256881161 0.8075486990068931 1
0.06872430048293289 0.8169240024581922 1
0.2392944623976739 0.7820475460181686 1
0.2354721517593484 0.6555773825139526 1
0.1156734937809244 0.4831986165333915 1
0.391748809864239 0.8671629591585556 1
0.08749100980026213 0.9578448327134308 1
0.4815417078275583 0.8800205215859188 1
0.5729607157445479 0.8413715745881631 1
0.0791414784273695 0.5412001704544723 1
0.3104035957276707 0.8855809619703681 1
0.1592503042971627 0.6050543072738442 1
0.2383502434461859 0.5657664973735556 1
0.3966609547926726 0.5713924231763561 1
0.1502251779963196 0.6863619304592927 1
0.6044255667571834 0.9231568532389816 1
0.0733949141853359 0.7313984747149413 1
0.158651016292557 0.7798447675663926 1
0.1445842265391453 0.8603758106398649 1
0.3207805435325493 0.5408999846030031 1
0.4312211104549527 0.9353276843995617 1
0.2260820455479076 0.85916028414428 1
0.0575384563494406 0.9016285883610659 1
0.5330091859940844 0.9300032284563469 1
0.5536214734379352 0.6088346042101491 1
0.2664028799778425 0.5038979015569021 1
0.5853652227712555 0.6828409090991354 1
0.594594661002432 0.7642078568042245 1
0.3607182865133309 0.9378261378826536 1
0.211536147510634 0.7203140418925313 1
0.2608083429823467 0.9374153804594902 1
0.1556048876228847 0.5333279320898222 1
0.4646628329034591 0.5680709819284258 1
0.1292023837705563 0.9221411744757227 1
2 282 0 18
2149
2150
2151
2152
2153
2154
2155
2156
2157
2158
2159
2160
2161
2162
2163
2164
2165
2166
0.1828672377186459 0.8207185470463351 0.8349852527645505
0.04842138573358629 0.8702792112262275 0.9326384421123601
0.05194776411827245 0.7682271274955422 0.8681964507388361
0.156769812390597 0.9449940229284404 0.924360530346636
0.09178587842223174 0.9564913225113356 0.9639095194666121
0.2924781125198911 0.9384137628006244 0.8524742013421531
0.03973418610070872 0.7153834194842914 0.8418464911519628
0.09903277015332457 0.745251801154138 0.8305460422778459
0.1121062393016879 0.808102213739963 0.862612101463669
0.1529177281551733 0.8726700335425944 0.8818658666903298
0.2224618814723213 0.942454522051442 0.8899592842425949
0.2323895866547503 0.8754676187834449 0.8438536411953728
0.05131087817254892 0.8198690013931454 0.9002326081534554
0.1003095034829253 0.9024256102669783 0.9264418451537197
0.04071917493853622 0.9227292085771284 0.968703114975605
0.3528368560704883 0.9664935986749293 0.8395452443543303
0.09477119680371682 0.8523561603405172 0.898458621576484
0.149351233114544 0.7716566962401541 0.8216078087506774
2 283 0 8
2167
2168
2169
2170
2171
2172
2173
2174
0.4065761387426064 1 0.8917540945657465
0.5404956728535568 1 0.9250810138829523
0.3433063028153909 1 0.9396804477058721
0.6035516261208442 1 0.9551021508566772
0.4711027336504985 1 0.9091777067794469
0.6606901330501475 1 0.9713257965820095
0.2693532721740671 1 0.9595663891466274
0.4222702667043304 1 0.9506515914189537
2 284 0 8
2175
2176
2177
2178
2179
2180
2181
2182
0.5874553998085704 0.6209805609376627 0.8997161635549605
0.629131483045556 0.755636242628616 0.9246733932217748
0.6056989544240023 0.6769769238217231 0.9265993660638807
0.6595978287932334 0.854046726186764 0.9430610452226597
0.6922701340511167 0.9576187131138185 0.9734095409360692
0.6770780455702869 0.9096207675470518 0.9584248265468956
0.5882792583691093 0.6139406650476996 0.9527157273504069
0.644521395131763 0.8097429446131573 0.9101750934834539
2 285 0 7
2183
2184
2185
2186
2187
2188
2189
0.4312376353960479 0.512176207230841 0.8928589035396507
0.5126552447812003 0.5427178967455936 0.9270434745340114
0.2947396354556716 0.4621123895615894 0.9645773149998829
0.3449856491524294 0.4806676871041726 0.9524859188018263
0.4046630270807159 0.5027759028426312 0.9460511033827296
0.4782832819192258 0.5296868079260598 0.897064472309835
0.4638777225571194 0.5247905554889052 0.9484779934504388
2 286 0 12
2190
2191
2192
2193
2194
2195
2196
2197
2198
2199
2200
2201
0.4813219781548733 0.6786837581019192 0.9296644516076477
0.4813219781548732 0.7619624951060806 0.9296644516076475
0.3740329821347666 0.7212928785114878 0.9556304114692556
0.4249896929687861 0.6464211566675052 0.9522225827438631
0.4249896929687879 0.7942250965404959 0.9522225827438634
0.5213710814825869 0.7722329031102424 0.9524001401540629
0.5213710814826421 0.6684133500976681 0.9524001401541584
0.3865167415701243 0.7656273445953381 0.9562089167280245
0.4112558918251673 0.7338346311577756 0.9305209254584141
0.4740944169096858 0.6354108446658195 0.9573850427127739
0.4740944169097752 0.8052354085423755 0.9573850427129984
0.3796236523188952 0.6701711224500695 0.9660854638092152
2 287 0 1
2202
0.4239573729696642 0.9858540642838012 0.833803914063856
2 288 0 3
2203
2204
2205
0.5986253684552676 0.9584064372247418 0.8735629120449051
0.6443042085099872 0.9532361970977876 0.907372431831667
0.6281007477449931 0.9065138955618618 0.880969498604296
2 289 0 23
2206
2207
2208
2209
2210
2211
2212
2213
2214
2215
2216
2217
2218
2219
2220
2221
2222
2223
2224
2225
2226
2227
2228
0 0.7898938049071677 0.8433649944798332
0 0.7916840991006395 0.6226480269832056
0 0.9288857483127649 0.7178484922122511
0 0.7358910210984364 0.7434747767403977
0 0.8673468272100213 0.5213609823188582
0 0.8901940643019894 0.9070534497404109
0 0.9300060885509538 0.6362608803178517
0 0.8614874085420958 0.6758331794631276
0 0.8615367447547706 0.757364242571642
0 0.9318828109900836 0.7953136236026407
0 0.8671704855402954 0.5943698416747816
0 0.9340401611595271 0.5554293441704555
0 0.9303368138827757 0.4709745563286365
0 0.7297682130668427 0.6718269613652927
0 0.7358394100106894 0.8092974442314272
0 0.9430553373547073 0.9428857752042374
0 0.8347439787544766 0.8827024853933401
0 0.7965305787063444 0.7089270139980408
0 0.9524501081817056 0.4048376442669662
0 0.8185430916552801 0.5563558431684859
0 0.9392055459426766 0.8650995981998872
0 0.8637532764752064 0.8333304701217621
0 0.7988159856752812 0.7824148968645802
2 290 0 0
2 291 0 20
2229
2230
2231
2232
2233
2234
2235
2236
2237
2238
2239
2240
2241
2242
2243
2244
2245
2246
2247
2248
0.1615565420124836 1 0.7019115239838402
0.2604218372239833 1 0.7070082102813262
0.1384073380743947 1 0.8958439794595983
0.2117385990662548 1 0.7764506101724483
0.06601562156556982 1 0.7927339593580872
0.2875850759981596 1 0.7733764647365524
0.07944279750072536 1 0.6450212812318101
0.06147362989529861 1 0.4793760422374619
0.07739450729463677 1 0.9276584204161238
0.2068277495683041 1 0.8613343598216081
0.3299712189099969 1 0.6680683954963494
0.1347732788359446 1 0.8241627638475102
0.07191098872686599 1 0.7214931736690131
0.05514129438504102 1 0.5625397567510717
0.09769667833414236 1 0.4274954386962584
0.2763694940265947 1 0.8394669530662255
0.3408117183966623 1 0.7373777027891515
0.061199393458727 1 0.8635007227101431
0.1261813046494021 1 0.7581149394068365
0.3430499462285173 1 0.8055293418381289
2 292 0 11
2249
2250
2251
2252
2253
2254
2255
2256
2257
2258
2259
0.2557078306571504 0.9391226670186336 0.4004632039109119
0.2972088221461736 0.8269562786977991 0.4063911306552274
0.192021818433432 0.8789731082572472 0.3880727480446395
0.2406501884023485 0.8239219654321344 0.3961017809949139
0.1163891857471285 0.9304633596531535 0.3751010526997338
0.3213380973253708 0.9099543547804284 0.4119393655785192
0.1862726010156016 0.9497118269858067 0.3880342732843276
0.05316236512256461 0.9492871183701979 0.3639136211567514
0.2725340005563445 0.8731684323213674 0.4025762545932438
0.3394752052060518 0.8516301496200308 0.4143981027832774
0.3237764725307942 0.9615061302185238 0.4131121089859829
2 293 0 6
2260
2261
2262
2263
2264
2265
0.05334981996612242 0.811803497630191 0.4526827978182351
0.114903134628393 0.7758966941098895 0.4465179602821544
0.06104135120293819 0.7580689619627905 0.504466879923837
0.04621269354075053 0.8563151907793186 0.4103401688662878
0.03965902143052336 0.7253340116365536 0.5548521079977873
0.09768271130401329 0.8191112175944466 0.4128464689346076
2 294 0 5
2266
2267
2268
2269
2270
0.3722063294800122 0.915686788481191 0.4900001480464209
0.3779181514577578 0.9373178512926795 0.569680346658332
0.3829825451105525 0.947434347869618 0.6402442411433937
0.3699969452268623 0.9682694942093347 0.4597484085277927
0.3743131912236718 0.9637012403066882 0.5197649118870658
2 295 0 17
2271
2272
2273
2274
2275
2276
2277
2278
2279
2280
2281
2282
2283
2284
2285
2286
2287
0.2369178074595898 0.9480251762299892 0.6291835793994743
0.130332781607037 0.9479931923811328 0.5062687810695651
0.2931128651311184 0.9482910137377087 0.5057162747095901
0.1371375309129999 0.9479086701763518 0.5925814189678641
0.214593721273255 0.9533486466140492 0.449694116576982
0.2683501283668908 0.9644175679167719 0.4596408834187284
0.2345217622595867 0.9233968893975678 0.4872535227168437
0.2504690551342449 0.9131976285080223 0.5395236066279882
0.1831570626777991 0.9127770325955457 0.5186876706780563
0.1957645188119612 0.9133147164547064 0.5792458219224779
0.1751859869236576 0.950394594374619 0.6271459542998218
0.2966663396555627 0.9470625962127726 0.5686194808807115
0.1506144225680053 0.9242714427948203 0.5538021728409162
0.1655124574556057 0.9453317837601083 0.4695066254352625
0.115469758798077 0.9577327181888712 0.5540965181754958
0.2573478260923533 0.9253356303972254 0.5877352566348548
0.2840848961847753 0.9611984004048275 0.6110669859062197
2 296 0 24
2288
2289
2290
2291
2292
2293
2294
2295
2296
2297
2298
2299
2300
2301
2302
2303
2304
2305
2306
2307
2308
2309
2310
2311
0 0.612664715026902 0.4918425399040693
0 0.7206358678080289 0.3811426663750953
0 0.8366028714407868 0.1767773787264493
0 0.7954230484954639 0.3381014617349831
0 0.8331040874037599 0.2637296688263725
0 0.8023382108836273 0.1019606852718686
0 0.6352154357821116 0.3780318726813032
0 0.7400537050503279 0.4780925141872926
0 0.9034175534366592 0.09999136892551011
0 0.6727573081594411 0.5396828004731121
0 0.8779511020348556 0.329619238012767
0 0.5747892414823415 0.42789461786677
0 0.5720537233237848 0.3534449152529364
0 0.625426326602921 0.05881996960026866
0 0.565177149971873 0.0944488521842843
0 0.787873821643761 0.4096274567765996
0 0.7204551613069313 0.06042989701917331
0 0.670392156209394 0.4460920532443089
0 0.9106100511574984 0.1747629728764136
0 0.896097835346947 0.2419322240637508
0 0.8503812102232573 0.05059848407554204
0 0.8414408734096734 0.3858515298100408
0 0.7872497143321313 0.04259781327331679
0 0.5593090009788581 0.04370219038581149
2 297 0 13
2312
2313
2314
2315
2316
2317
2318
2319
2320
2321
2322
2323
2324
0.04923142955831949 0.9106315144657969 0.2451904932394235
0.1336330402483139 0.8537328166195338 0.1205185636940219
0.1510640948908388 0.8275645495048021 0.2415563581294607
0.0600177698503882 0.9184080835602128 0.07604925084406977
0.05493715131118848 0.9142313276053942 0.1609499602185743
0.09287680298303513 0.869800932252601 0.2968621949653921
0.1020923248296128 0.8724155696065288 0.193377656732821
0.1605613122110887 0.8120879667417449 0.319913506682955
0.151429501076166 0.8337157620745431 0.175881567441831
0.1197688686625019 0.8708006426566463 0.06238419487482638
0.04315805066899814 0.9097030993836133 0.3052993869166565
0.1951733002310674 0.779484778005211 0.3631651675204306
0.08998428507114442 0.8899864828195182 0.1154737945347716
2 298 0 9
2325
2326
2327
2328
2329
2330
2331
2332
2333
0.1120890291435978 0.6865040186811837 0
0.1065292305294894 0.8208628792396745 0
0.06476374416039436 0.6174177421677494 0
0.05269736598186745 0.8568452141178874 0
0.1070176660279871 0.7501080218134658 0
0.03468172176456777 0.5543069354824145 0
0.1259284412192219 0.6290053577576133 0
0.04979409422032656 0.7815369946234207 0
0.04947680890760323 0.7032410686116549 0
2 299 0 6
2334
2335
2336
2337
2338
2339
0.05214459096657022 0.590375387384134 0.1909985920371388
0.06671618840915192 0.622720939056098 0.274174367657364
0.04704941137382498 0.6275684614969763 0.1376531162885465
0.08436934121523076 0.6268971067802449 0.2192231193002147
0.04714779540259817 0.5840069557164261 0.2382880739542095
0.0773030485858878 0.635113481685042 0.1719983407702909
2 300 0 6
2340
2341
2342
2343
2344
2345
0.05214241756228422 0.7652750620654759 0.2474901145468183
0.06671582885930465 0.7329403884723077 0.1642720200449192
0.04552773721538882 0.725724231390086 0.3034600239283438
0.08437643228471214 0.7287498997679965 0.2192231192571505
0.04714867113357578 0.7716565004805107 0.2001703685723697
0.07585733371322188 0.7222477155797244 0.2678933708829279
2 301 0 17
2346
2347
2348
2349
2350
2351
2352
2353
2354
2355
2356
2357
2358
2359
2360
2361
2362
0.1944226870972332 0.7315507979493917 0.2107354453373847
0.1963419203486624 0.5438586348859091 0.1923033016772564
0.1718443820299921 0.6971712622570363 0.05514839964476453
0.1899792204341284 0.5996861129096082 0.1593389290833876
0.2064939483260402 0.6169043074858485 0.2718251086634072
0.2067542085577302 0.7061263073966071 0.2883708802305622
0.176150678336343 0.7592971911919804 0.09405203731796688
0.182434603457676 0.7021674807427333 0.1262772174019196
0.1793827640591219 0.6349544738791745 0.09485593040266871
0.1846732028606634 0.7615762689051914 0.1510039917420245
0.1918848183197379 0.6610584718072593 0.1821813163056192
0.2046214638829167 0.54851742670207 0.2480375487725541
0.1714573282858299 0.6340591413462144 0.04209733048727912
0.1684400052182172 0.7588789933471257 0.04279829849435382
0.200459583877142 0.668731074108376 0.2403758177704251
0.1983029418953372 0.6027657170568328 0.2151041599701335
0.1828886030753071 0.5848186706984476 0.109801433411092
2 302 0 23
2363
2364
2365
2366
2367
2368
2369
2370
2371
2372
2373
2374
2375
2376
2377
2378
2379
2380
2381
2382
2383
2384
2385
0.3988044106554792 0.4826569544345445 0.5821005180637217
0.4362097872426942 0.580837363949586 0.4845130113722812
0.4055408769755232 0.5810990571206549 0.5741007614103124
0.4306019501036532 0.470724104528976 0.5480590492249416
0.4055411480672957 0.4753902051168447 0.4578498218051321
0.367044114609937 0.4547344552823513 0.5497212446890865
0.3503863046734189 0.5028500884115944 0.5876638588812153
0.4432099731286738 0.4774396570149726 0.4970201381474466
0.4444344529724393 0.5768326351907545 0.5366410281281369
0.396854844620617 0.6088516186879586 0.5201400886634119
0.3097381127178306 0.4909360711404394 0.5305425148196332
0.3722009693859649 0.5991065003099605 0.4754318208796227
0.3314042251567593 0.5933248267745317 0.5131111695560002
0.3237610736635134 0.5523826724236255 0.4627107257013462
0.3147893067362966 0.5496345878946559 0.5589392388452487
0.3459125963675034 0.4596393704958328 0.4880590299344846
0.3102419810877223 0.5043464580140981 0.482731499630569
0.3615060585804766 0.50059678378588 0.4412236095015316
0.3970694264697778 0.4483262473152439 0.5049750490336056
0.3664600531148391 0.5704398474866358 0.5848594393235941
0.3011656841887503 0.5440884143664416 0.5089228041277977
0.356943213976944 0.5980430130544973 0.5517145071280953
0.37659758170097 0.5620879674544804 0.4412620945089744
2 303 0 0
2 304 0 32
2386
2387
2388
2389
2390
2391
2392
2393
2394
2395
2396
2397
2398
2399
2400
2401
2402
2403
2404
2405
2406
2407
2408
2409
2410
2411
2412
2413
2414
2415
2416
2417
0.7902241198411081 0.0534118840663016 0
0.8232757770920159 0.2679932612017919 0
0.6671134022111481 0.1178353159254491 0
0.7451213064597902 0.2323598436059867 0
0.9391670967483342 0.1259368535822696 0
0.5667139666558121 0.2313802746780175 0
0.8716889414019753 0.3428067580035783 0
0.809557245232591 0.1827597181207106 0
0.5617388108516794 0.3790880468749043 0
0.5266557488064491 0.4519708005705612 0
0.8807283277792879 0.4287789711239687 0
0.66004615596156 0.2445808696346653 0
0.5967355177975183 0.3012041505357303 0
0.8873920001037094 0.2021135213342974 0
0.9058805641797477 0.05595831623542959 0
0.5954124440638862 0.4655596338361473 0
0.734574005931299 0.1491857459132184 0
0.8535652462158897 0.1119216119883233 0
0.9275744018951524 0.2789241394767482 0
0.7265590826745885 0.06924821154757024 0
0.6216180245447482 0.1700388507673766 0
0.9400730689200114 0.3687921830191184 0
0.8510379049642874 0.04525419224217784 0
0.5548443779033293 0.499547868690486 0
0.9509800171959304 0.432864585534755 0
0.5386170873966172 0.3044706257572121 0
0.957246746883413 0.05578510836683714 0
0.682046777905628 0.1825393735670464 0
0.952572437801381 0.2034488291535477 0
0.6330507046485252 0.4997110165848282 0
0.8313853698490755 0.4775210574272578 0
0.7908368462774222 0.1155272238766592 0
2 305 0 9
2418
2419
2420
2421
2422
2423
2424
2425
2426
0.8539859054514009 0.04399032965455507 0.04387050412384896
0.9556036794762152 0.06226543890025693 0.05469632813233316
0.8876780994502455 0.0986556169652012 0.09388687505464677
0.8228398521902114 0.08922003492350483 0.08910463463071105
0.7958100071913717 0.04274714593505435 0.046478709047171
0.956041989367668 0.09938703734138765 0.0901251393980288
0.9095989315386646 0.03395404463700213 0.03065571098458808
0.9612777369007727 0.0306847803332736 0.02416125395680568
0.836325762898425 0.1249756902479293 0.1223774552381234
2 306 0 5
2427
2428
2429
2430
2431
0.549045324324459 0.49677751417155 0.09568283191004708
0.498065383649908 0.4802853592246214 0.0371694172127399
0.5043088566660408 0.4543877300511122 0.08922366005944368
0.534197749240273 0.517741304974735 0.03721061826533495
0.5872254283634175 0.5000353728292362 0.1541263129850664
2 307 0 12
2432
2433
2434
2435
2436
2437
2438
2439
2440
2441
2442
2443
0.7053980291228792 0.5221069409909934 0.0622863800274811
0.8155771189177796 0.5048903948821255 0.1215741104871675
0.9024535805444733 0.4922566863052448 0.05601474248475158
0.6377674200294086 0.5324006833363091 0.05859887307044076
0.7445787994601717 0.5155098492087138 0.1399923515228201
0.8405629972895623 0.5016297181836485 0.05825188103773749
0.6692494037171638 0.5271131612162652 0.1194520192513171
0.7743622780124317 0.5116300182904661 0.06368412051253425
0.9478050130965358 0.485042610356446 0.09562348186704683
0.8842476894819002 0.4945514622736235 0.1118284664612992
0.6847568236810054 0.5242881075668413 0.17573015903926
0.9568714565842724 0.484104048629184 0.04346926993695777
2 308 0 5
2444
2445
2446
2447
2448
1 0.1452839042250807 0.05842506378316399
1 0.3737721434681986 0.06423055776380562
1 0.2964163074229961 0.06139157874135316
1 0.2169701203529679 0.05792642956233375
1 0.4270615463438864 0.05126842476644376
2 309 0 12
2449
2450
2451
2452
2453
2454
2455
2456
2457
2458
2459
2460
0.7448675703613696 0.3438030876609176 0.06634176907576143
0.7448675703613697 0.4223826631890798 0.06634176907576238
0.6468078313065727 0.3830928754250008 0.04505002412698725
0.691553751114382 0.4528171200645866 0.04504248573543305
0.6915537511143806 0.3133686307854139 0.04504248573543301
0.7826359945948818 0.4320822871064713 0.04493823416552134
0.7826359945949815 0.3341034637434793 0.04493823416541776
0.7380052553978198 0.3018904508513368 0.03908479583079007
0.6769745730236242 0.3734910740034323 0.06507973146936985
0.7379718164292662 0.4632737671787023 0.04018964844814388
0.6515736243483508 0.4253517279786088 0.03804863118637476
0.6462392081210002 0.3434206896102888 0.03396117619027683
2 310 0 18
2461
2462
2463
2464
2465
2466
2467
2468
2469
2470
2471
2472
2473
2474
2475
2476
2477
2478
0.8155342806858635 0.275929976779598 0.1681589482105197
0.8315087907312808 0.4412248299914173 0.1753479762166463
0.9438839972102777 0.358108710773795 0.1385546332111679
0.9347468275766067 0.2376668055427308 0.1326267522701782
0.7401096041620259 0.382790523755187 0.1964355541797602
0.8575873885811978 0.2137705487238129 0.1522124367040172
0.8901770235451484 0.3002128948257268 0.1492938546992239
0.8348351385730808 0.3327020654257624 0.1668215587323019
0.8920936542277635 0.4459207703250248 0.1589830622816079
0.7530984681051969 0.4507639778519418 0.1976229020304064
0.777427003164491 0.3278780635302305 0.1823021430047034
0.6863643904397065 0.4778973657594902 0.2179141744773884
0.949334938548531 0.2971256554205303 0.1327763648479602
0.9424898863605415 0.4247726729726908 0.1436133958965581
0.7038762541972571 0.4246587288827202 0.2093555648051666
0.8032876335273577 0.3845925313326687 0.179153162984602
0.9206060056234151 0.1852079760458107 0.1328447447368813
0.8798418009077785 0.3815054260462255 0.1578421326149178
2 311 0 27
2479
2480
2481
2482
2483
2484
2485
2486
2487
2488
2489
2490
2491
2492
2493
2494
2495
2496
2497
2498
2499
2500
2501
2502
2503
2504
2505
0.8120532895185512 0 0.0612663036307266
0.8372465842393397 0 0.2316182331650251
0.7479560779089409 0 0.2090939798884265
0.9342247225906966 0 0.115102057399757
0.9041409292607867 0 0.2911394754315249
0.9334059970378916 0 0.4575057201715174
0.8574308724589988 0 0.5692827310883966
0.7230964188612067 0 0.1339827888156981
0.8002814568962094 0 0.1368059091362956
0.932045995602843 0 0.3737526476077363
0.9235164668188651 0 0.2046782557229912
0.908738725345121 0 0.05021440524885666
0.7952692239705672 0 0.5733133504498644
0.6747684443068096 0 0.2338176656033578
0.8905644991166579 0 0.519194185583989
0.7509098430346626 0 0.07036866652723875
0.8645626371436606 0 0.09570595785733134
0.858830001311726 0 0.04216750495861069
0.7148981012975392 0 0.5426754611186171
0.8324368317569366 0 0.6115539742539611
0.586239188815599 0 0.374867143597661
0.6144979722118826 0 0.3038857565385749
0.6911314720500039 0 0.1809092524387526
0.5701128862002278 0 0.4210337285940609
0.956692426878621 0 0.04924330448703743
0.8727536863323251 0 0.1587542676505452
0.6022244156589287 0 0.4511840755501869
2 312 0 0
2 313 0 5
2506
2507
2508
2509
2510
1 0.06004824202907744 0.1250056806018395
1 0.06073954641160276 0.3499463920150312
1 0.05902805490608585 0.2030266405953568
1 0.05859488207535436 0.2785189000904411
1 0.04686817252374635 0.07806725424012001
2 314 0 9
2511
2512
2513
2514
2515
2516
2517
2518
2519
0.8787668685832012 0.04464136083085746 0.5792870303112346
0.9423570165413142 0.08372273647377404 0.4685357096858668
0.7904027876441637 0.1328761086094314 0.5889291495773629
0.8421205072028745 0.1085014744833108 0.5556903907491817
0.8896778584662418 0.0936903898710354 0.5174312584663172
0.9259685136203186 0.04356313769050968 0.5275281005898385
0.9651510355849993 0.03483879640899568 0.4924860204487669
0.8252368650718329 0.07791781317834146 0.6055460351690654
0.8476047383134994 0.03295761156624788 0.6260025456768096
2 315 0 21
2520
2521
2522
2523
2524
2525
2526
2527
2528
2529
2530
2531
2532
2533
2534
2535
2536
2537
2538
2539
2540
0.6501424354236316 0.0497180073627807 0.4339549904688444
0.8232691548766273 0.05072799807375036 0.4751518903632571
0.8582365449253183 0.05128713192343089 0.3791835472336219
0.749984272971681 0.0638667874212273 0.2968471349008625
0.6623300461685997 0.05079543068515953 0.3330746554281648
0.7246638715152608 0.05408977981287978 0.4963971798519989
0.6768266093932376 0.04239510840508671 0.4799455638278929
0.6968342513116961 0.08035573180912393 0.4508753490646194
0.7607549096634871 0.08856131187082483 0.4596518889824356
0.7334837329984639 0.1046262601739391 0.402256202487393
0.8122616161035145 0.09084648197892348 0.4062537362010557
0.7693015842791384 0.09668844324856346 0.3483213626670565
0.813045795833696 0.04505377151511872 0.3005567587472021
0.7102855276735343 0.08895693677672736 0.3434304620880823
0.6738324601662609 0.08107419067357308 0.3906885732484953
0.8248448374257346 0.0748389134615545 0.3496664467820204
0.6382488061819641 0.04183503996690802 0.3808181468213261
0.8580327587917246 0.04453533069828794 0.4300300130917568
0.6967113203322346 0.04601825457683546 0.297194074523779
0.772890632727815 0.05288283758602348 0.4986206750897468
0.8490285550265182 0.0401585672460181 0.3331229880310242
2 316 0 16
2541
2542
2543
2544
2545
2546
2547
2548
2549
2550
2551
2552
2553
2554
2555
2556
0.8276817062228492 0.1577095701519248 0.2821876446506982
0.8271858531327718 0.1545674851527589 0.4387862713644669
0.9440111986217204 0.1295399632268388 0.2734974615167227
0.7512809981801107 0.1725792254456744 0.4621610609179064
0.9292451333660993 0.1346218703264284 0.2023106327533754
0.9432668129800585 0.1281758338368621 0.3476731463143536
0.8533331065888035 0.1529457536989261 0.2107885425849031
0.8898106441198058 0.1402305509110047 0.3943750898932494
0.8312196683897742 0.1552623609426198 0.3582556174030701
0.88594689250284 0.1428798321820152 0.3124195981319344
0.7743449957483086 0.1684620066627123 0.3899930419617942
0.7551933891147047 0.1700687480499564 0.5368859948350735
0.7983404109207404 0.1603640667626417 0.4979785394458951
0.7096678325197572 0.1817074093661318 0.5107958414272761
0.7872844984239369 0.1665520314930595 0.3303127995312657
0.8908895785304269 0.142893318166269 0.2539605066245925
2 317 0 8
2557
2558
2559
2560
2561
2562
2563
2564
0.9110364371982045 0 0.6950151218576625
0.9281877715932689 0 0.8140832693542378
0.9394858295887012 0 0.6336568472860933
0.9239100369721116 0 0.8929255591395427
0.8997764805570361 0 0.7569626924396968
0.9641716541223113 0 0.5874082747422351
0.9461457478088857 0 0.9445690725768211
0.9511149233807066 0 0.7484450130972584
2 318 0 29
2565
2566
2567
2568
2569
2570
2571
2572
2573
2574
2575
2576
2577
2578
2579
2580
2581
2582
2583
2584
2585
2586
2587
2588
2589
2590
2591
2592
2593
1 0.3450787693251305 0.9065199707688176
1 0.1753058481978632 0.8069310274606498
1 0.2645940361544682 0.8093142715860313
1 0.06352359129842103 0.8899704615466121
1 0.04721476068621745 0.5131825015998486
1 0.2189212399606773 0.9378334499231771
1 0.1069564321960742 0.7746154685105424
1 0.3326633995006228 0.7776635950063495
1 0.4006745223800812 0.6801896207960372
1 0.3369762499915114 0.8444873004669426
1 0.05552272057074227 0.5916560666905166
1 0.4177131355856312 0.6110357688227661
1 0.1587921611194548 0.4723493727387524
1 0.1310010514457717 0.9304191273331094
1 0.2966236524320666 0.9488074942688175
1 0.05086197502943797 0.6690800072758456
1 0.124704311796339 0.4250731431334675
1 0.05550212677226129 0.8166171535697115
1 0.2744406367813083 0.8843325257736252
1 0.09072824621097775 0.4649429899865093
1 0.124028794310265 0.851034233167099
1 0.2592236564123889 0.4922194518074154
1 0.1031547356730851 0.5222795173346161
1 0.2047206752766437 0.8647823483489768
1 0.3915182340965535 0.7483125904727185
1 0.3762555253174032 0.5731684826640431
1 0.05493820613929885 0.9484508633205346
1 0.0509041482858833 0.741866410799933
1 0.3824413835119932 0.8089337697989931
2 319 0 3
2594
2595
2596
0.9016967274360341 0.03336194712801727 1
0.9426099182768947 0.1079572942624589 1
0.9588843294956255 0.04414788303509944 1
2 320 0 11
2597
2598
2599
2600
2601
2602
2603
2604
2605
2606
2607
0.8764876571922152 0.3021956474074824 0.5736998018262718
0.8987952168694174 0.1992763874354202 0.4989352212514397
0.9588464650033679 0.3931661943836761 0.5616294904592261
0.8458449796300475 0.2236158645796858 0.5531185059518713
0.9487386926453794 0.2489018862381304 0.4885103917907432
0.9312087533400127 0.4294984754107409 0.6031540372541917
0.9400611436266848 0.3193592319065308 0.5346447082241801
0.9501069373695695 0.1872830676390035 0.4529263143980201
0.899251896107186 0.257966843038299 0.5314807393202272
0.9017095428137138 0.3691513975828805 0.5919164204215885
0.969460492068396 0.4434640008693837 0.5816940732156486
2 321 0 2
2608
2609
0.9505853871814863 0.3640502404498526 0.9333268182219921
0.9665178735419331 0.3376241488323241 0.9725784286840327
2 322 0 3
2610
2611
2612
0.9605058096474827 0.4241955665354999 0.825544033242027
0.9544420281012722 0.4644673071423164 0.6729321806889051
0.9617473114291341 0.4412950790579397 0.7607846212552797
2 323 0 20
2613
2614
2615
2616
2617
2618
2619
2620
2621
2622
2623
2624
2625
2626
2627
2628
2629
2630
2631
2632
0.9476007650805857 0.1937616739142321 0.7361040150657111
0.9479682048306062 0.1218671682969122 0.6128033106876054
0.9475058848995426 0.2913359479899275 0.5669819077836631
0.9423936431983367 0.3161016653779911 0.6503182182528238
0.9484374937252498 0.1933708842795029 0.5402582678276395
0.9600611576065641 0.1404500429477049 0.5631252485733598
0.9175657819227246 0.1736383687055964 0.5882160193059178
0.9108446513708894 0.1641012965153043 0.6462399925159991
0.8986012865816777 0.2258778383945889 0.6243756289259637
0.906947175636767 0.2236882257035953 0.6859947698742138
0.954499203960395 0.2584178516844237 0.7372524535843217
0.90891296478779 0.2698621417866702 0.6540217467866936
0.9498803425059195 0.1231203723060473 0.6730023323143993
0.9563730125843934 0.2400773044589 0.533119439028571
0.9229241633993087 0.2450285621442135 0.5666116141636759
0.9171795478844582 0.2812278080032763 0.6096574203552387
0.9554154566824417 0.3207781266876819 0.603795196059583
0.9259993698681835 0.1657440563566472 0.6973804038140446
0.938422670951528 0.2924079292275105 0.6973139493647382
0.9612759118163289 0.1410262031867429 0.7154153666025818
2 324 0 6
2633
2634
2635
2636
2637
2638
0.8508242666035284 0.1813808105465747 0.9328592367441315
0.8823047519698555 0.2417747141003883 0.9439123997911636
0.8493959920068284 0.11949927747415 0.9551244758651259
0.8208716880950808 0.14319972419143 0.9149200170184399
0.9199364757467874 0.2805121347937851 0.9700048690825608
0.8973177125909401 0.2977321623736954 0.9387299149994822
2 325 0 4
2639
2640
2641
2642
0 0.9826006425999869 0.106605904514878
0 0.9792219475280968 0.1780187407470743
0 0.9757485529740952 0.2491710518032373
0 0.9724790642288328 0.3200882073774761
2 326 0 26
2643
2644
2645
2646
2647
2648
2649
2650
2651
2652
2653
2654
2655
2656
2657
2658
2659
2660
2661
2662
2663
2664
2665
2666
2667
2668
0.5109071287798481 1 0.1409922709994962
0.05811719148222458 1 0.1089236852608824
0.3490094151857511 1 0.1225352857856055
0.1839695675930134 1 0.1184286925641141
0.107252828079814 1 0.2725285708426021
0.4061940048824986 1 0.1903673681181273
0.2663177900365395 1 0.09908313881842676
0.09663394774838224 1 0.2154974887795431
0.4275997974629311 1 0.2690761446745402
0.4137395351645016 1 0.06191255751674385
0.5027744428730965 1 0.06852958064621772
0.4849105219128238 1 0.203659843323281
0.1175853390249436 1 0.06493705399014482
0.2029323383909571 1 0.05394590585859833
0.3307549310257938 1 0.05412625531661339
0.04997260295254955 1 0.2495271396585754
0.4425159931188803 1 0.1301871304348506
0.4045636704131681 1 0.3287121518802521
0.1248615172036908 1 0.1563093719702879
0.0555126083602806 1 0.3101442594970707
0.1199839759432225 1 0.3315884322843687
0.3630880812982589 1 0.372392847016047
0.0450664463324241 1 0.1782328051390463
0.05042798947644627 1 0.04903104528825294
0.1596747560969164 1 0.3389540110360117
0.2675309193375642 1 0.04122654977890428
2 327 0 6
2669
2670
2671
2672
2673
2674
0.1903924592899905 0.9449663096808396 0
0.1115240524146398 0.9476523953353755 0
0.2700159636133022 0.9499936715971842 0
0.04292827936223981 0.973096981568382 0
0.3439659632152033 0.9703725311475174 0
0.1581738852391855 0.8963741538554181 0
2 328 0 26
2675
2676
2677
2678
2679
2680
2681
2682
2683
2684
2685
2686
2687
2688
2689
2690
2691
2692
2693
2694
2695
2696
2697
2698
2699
2700
0.3822088308502262 0.9196764686047703 0.06076988459894622
0.3501299262098743 0.8150781918595185 0.3729987054021306
0.248016845909073 0.8164834503587486 0.2213363772094988
0.4737706526910146 0.9074883647378444 0.2342013516151003
0.4153442483081746 0.876769240217507 0.2554248341723804
0.4961670866367093 0.9518916610442346 0.114280573298433
0.2251108588212588 0.8449755590866004 0.09077950128049062
0.4183831639628138 0.8977602927830638 0.1878782214499294
0.3015028687364881 0.8058117644195691 0.3348160575195478
0.3562797492755501 0.8642398263374619 0.21341142959055
0.3548873878122671 0.8888387121064679 0.1271315464421063
0.3632082613907363 0.8395120502890929 0.3080943836185426
0.3002899997641799 0.8506271211694058 0.1795312253482943
0.5134306133347474 0.9754866901858739 0.05826882322400795
0.4477586766160346 0.9475945421153829 0.05938715380883552
0.2862592541607196 0.866385981002293 0.1053627678828988
0.3043159189351815 0.8295203171380385 0.257634280044829
0.2531095314084946 0.7980421455107347 0.2918413471944865
0.2383391673445494 0.8322229977098166 0.1534941883956722
0.4321966660101203 0.9233044041942305 0.1202273297578983
0.4859050794927088 0.930590977060383 0.1725005488850525
0.2577521417510923 0.8710759125279003 0.04829893031271476
0.3187346893284425 0.8949368437393693 0.05424807278641003
0.2543421698581936 0.7809505618149056 0.3521709804527188
0.4148370540693145 0.8610186176260672 0.3086582025827198
0.2109910093228964 0.8521282649778306 0.04596820327417017
2 329 0 5
2701
2702
2703
2704
2705
0.4325822227325961 0.9374545865917393 0.3532824480931521
0.4852253411467226 0.9489993170967326 0.2992124829551401
0.3862514592593603 0.8562012362437118 0.399830523029334
0.3944906305024792 0.9075148129694691 0.3920911735538548
0.3947673676921826 0.9571189833946416 0.3925306101915437
2 330 0 2
2706
2707
0.556210140668844 0.982887591988833 0.1446310887994457
0.5439942809941448 0.9735407099591012 0.2052740249031735
2 331 0 16
2708
2709
2710
2711
2712
2713
2714
2715
2716
2717
2718
2719
2720
2721
2722
2723
0.1914585069225854 0.9515645029048342 0.2174900563965904
0.2878072716981119 0.9489960133923893 0.3287025756592059
0.3407102374300389 0.9538342026663154 0.220682948764353
0.2643054047547635 0.9564857946295092 0.1680306088389257
0.2023839245518276 0.9521147731460178 0.3070589211112255
0.3512516449273917 0.9595013998663487 0.266487484068146
0.3054267736073709 0.9257372852206127 0.2706272511582376
0.2873621693172494 0.9264296392874772 0.2136778928731624
0.2297058489361445 0.921904810391406 0.2549958484830316
0.2527680717128132 0.928643232772056 0.303031529817545
0.3321582714186417 0.958903663067462 0.3087691141122436
0.1792800862372907 0.9563587907311669 0.2631989804342579
0.2407608317987504 0.9620161112659865 0.3403833401358888
0.3168267535129874 0.9640979880147613 0.1788927185939585
0.218541422263399 0.9616485424077359 0.1764823033331223
0.2320427999336136 0.9330511581845159 0.204663362585782
2 332 0 17
2724
2725
2726
2727
2728
2729
2730
2731
2732
2733
2734
2735
2736
2737
2738
2739
2740
0.544697662941847 0.8300330805439721 0.2917417803850887
0.6002244155249252 0.6780705822076172 0.3251827711567336
0.5645827904997209 0.9047940750171587 0.1761622284510006
0.6176686863121013 0.7485501982205756 0.218956610548717
0.6328244830808346 0.6267524171978291 0.3073933746866734
0.6084855671186952 0.8076357814409744 0.1798997442438501
0.6315204950550319 0.6775298671921307 0.2599935381726016
0.5532501213219103 0.7827815121462275 0.3204380126439556
0.5925440665451847 0.7363516954398062 0.2837643648037893
0.5476523028264647 0.8738480717138724 0.2422734543243228
0.5867342660289894 0.9262668639739755 0.1084406652664399
0.5774699112599783 0.8049508628321272 0.2476851048795612
0.5983118168864632 0.8652896693802556 0.144336919876071
0.5715077810726847 0.7308359944655503 0.3333877581014746
0.6562459144829638 0.6148095442480076 0.2699998773598068
0.5784681969594101 0.8539425777820775 0.1972136488208189
0.5822473925473597 0.96119004474679 0.08337972530125268
2 333 0 27
2741
2742
2743
2744
2745
2746
2747
2748
2749
2750
2751
2752
2753
2754
2755
2756
2757
2758
2759
2760
2761
2762
2763
2764
2765
2766
2767
0.4927558919931526 0.7116437771345807 0
0.284392529505749 0.6123389965157712 0
0.2053558432478139 0.7567371009482046 0
0.3353160827121351 0.8625377455061737 0
0.5087311859846569 0.8468324540177594 0
0.4071460865764122 0.5673911776406889 0
0.4867885213425652 0.5779567365622703 0
0.4442776562567984 0.6436032333627333 0
0.4591519022704076 0.906123668026692 0
0.359263340622378 0.6440420272985774 0
0.4083591583307363 0.7145258890545589 0
0.3391584463617856 0.7173261914061009 0
0.4578939350782224 0.7804130123035646 0
0.5204072304285783 0.9333253148319016 0
0.2221363660558363 0.6392108025500938 0
0.3679720287525061 0.7995731470164797 0
0.3942574579739134 0.8808386039672139 0
0.2790067228598694 0.8320899402474233 0
0.4549794246776026 0.5254488705972654 0
0.2176842270559678 0.8085603872811583 0
0.2154713276298372 0.6956611852518509 0
0.3372629987185808 0.5818960596070417 0
0.5176393077531641 0.7772930108567809 0
0.5044068522218799 0.6494077341478527 0
0.2715737848195802 0.7557285420359687 0
0.2763678978292816 0.6801518421005641 0
0.450020388379672 0.8467263085872863 0
2 334 0 0
2 335 0 13
2768
2769
2770
2771
2772
2773
2774
2775
2776
2777
2778
2779
2780
0.5758524858771578 0.6368203288054497 0.04914752302605119
0.6202967523793036 0.5881754853952842 0.1435056632945712
0.6110992935320589 0.7616911470499741 0.09133978924737746
0.59825163965189 0.8283410168048172 0.05356209673917056
0.6242481370155251 0.7010832610248874 0.1284845769131363
0.5873218542578986 0.7049129243701383 0.05739359147141138
0.6502374271498287 0.5823516500149613 0.2016907481210595
0.5913052761135482 0.5935656629859301 0.08721492747966081
0.6391140198276966 0.6416686265498417 0.1686611923255262
0.5979883754626378 0.8905745474423332 0.0406333178549686
0.5850976626303273 0.7685041798105858 0.04045909549159182
0.6063564209118549 0.6443710481885886 0.1057345790850595
0.5674056426921563 0.5913678631036381 0.04213686557533597
2 336 0 30
2781
2782
2783
2784
2785
2786
2787
2788
2789
2790
2791
2792
2793
2794
2795
2796
2797
2798
2799
2800
2801
2802
2803
2804
2805
2806
2807
2808
2809
2810
0.4139793819543111 0.7168507885481423 0.2446713261490784
0.4642141773895947 0.6380552604263733 0.09888613078273911
0.4721211627942243 0.6339263457047265 0.1957322349423498
0.471788898454509 0.7383225441091831 0.201982634058738
0.4787334573187979 0.7361993530523869 0.1158394317256958
0.487754617286247 0.6402871833513919 0.1471149592395475
0.4463242308709175 0.6027360679154014 0.149386342847835
0.411096926008057 0.6051869826166145 0.1992849443319286
0.4314867971080431 0.7383029139517538 0.07790336742032283
0.403851773655941 0.6136448194585182 0.09669513820782692
0.4314843979797836 0.6388396168769206 0.231255488560433
0.3686644323986468 0.6396992261262863 0.2262941786270168
0.3520030298429274 0.6148726105514749 0.1782102264345082
0.4905630518376972 0.7323377017512148 0.1572579702720878
0.4446906377596715 0.7752776342828231 0.1530070870509604
0.384918598938208 0.7740853380379763 0.1201157293191914
0.3226461339696857 0.6707998436438913 0.1946498797969299
0.3655215561623421 0.7257272257809961 0.07775027056783666
0.3221362184891435 0.6509668544762124 0.134037735687941
0.3315883999213722 0.7430415251990817 0.1351905569333893
0.3620172204822629 0.7678212598528716 0.1810672225524868
0.3579808447153688 0.7102820193622318 0.2329035695870982
0.4152657706939716 0.7640672348476716 0.2111114040318917
0.3242021024485177 0.7228997377240653 0.1862267766591899
0.3586792256878544 0.6120672002717658 0.1259108201319139
0.3513777955196826 0.6532729644487005 0.08620188507882234
0.3250699636473275 0.7005248911846893 0.1078891348329206
0.3125250764172423 0.6988717276838228 0.1509214197348673
0.3930444653476295 0.594827228672446 0.1547899857530606
0.4126120077012092 0.6373537706108121 0.07512602921836899
2 337 0 21
2811
2812
2813
2814
2815
2816
2817
2818
2819
2820
2821
2822
2823
2824
2825
2826
2827
2828
2829
2830
2831
1 0.4456737341651522 0.3148519088918984
1 0.1786574255047992 0.2714790039462781
1 0.3012042959050806 0.4049879148383394
1 0.2895458706308249 0.1887935409022139
1 0.465598406259026 0.4463923395729479
1 0.4543615453025479 0.1780170913281915
1 0.1932185565983369 0.1879587720552924
1 0.3762421145678785 0.2022034071893244
1 0.309192557915638 0.2619757681521412
1 0.4779663898984737 0.5113060596187026
1 0.2361518643705161 0.3734336706712917
1 0.3825667969040046 0.4383013835385617
1 0.3757028694374018 0.3603057310543473
1 0.174095711973754 0.3405048498375398
1 0.4439913935962745 0.2444183423426038
1 0.4505150251702388 0.384099616925739
1 0.2399017623393362 0.2436154640702909
1 0.306023527743163 0.3334161614069573
1 0.4230760763830096 0.4915749910028104
1 0.3804760562463508 0.2890009807818558
1 0.2406704749745344 0.3040708196807498
2 338 0 2
2832
2833
0.8165954513507102 0.5488197179363417 0.2144812044124289
0.9202021818623729 0.5137106478587571 0.1713742466499553
2 339 0 3
2834
2835
2836
0.9524580859530679 0.5216478060557419 0.5754053599506428
0.9017875294859472 0.5495915172626651 0.5741424450049331
0.9213531834998699 0.5095412478299616 0.6023096512513687
2 340 0 11
2837
2838
2839
2840
2841
2842
2843
2844
2845
2846
2847
0.9492424096658101 0.5500198065602193 0.4367719563222433
0.9362307043934709 0.5407986820859909 0.3008413851735514
0.8581244745938139 0.5980673271393526 0.4524307779349614
0.8814605475185557 0.5738865620640941 0.3463965588571082
0.8712635118255132 0.5716455088948896 0.2827006035787332
0.9520749073511646 0.5253256813042583 0.2369648650761307
0.9063171856852529 0.5774332253616539 0.4852014773707118
0.9441169762977454 0.5453008429981152 0.3738917728569459
0.9072352168826686 0.549128815387705 0.246033718626067
0.8977681962086355 0.5735516630225386 0.414594398292094
0.9559128978385076 0.5527816417105276 0.4895719999351807
2 341 0 27
2848
2849
2850
2851
2852
2853
2854
2855
2856
2857
2858
2859
2860
2861
2862
2863
2864
2865
2866
2867
2868
2869
2870
2871
2872
2873
2874
0.8512140753989837 0.3064193068627437 0.4809142660908045
0.9029496476779287 0.401722855295665 0.3523475019729893
0.9070327411621657 0.4004932717737141 0.4479166375654051
0.8907000278475048 0.3012524775060413 0.4619693294296344
0.9094931955202953 0.301304710731339 0.3636135047116772
0.9200220352739121 0.3022425443424049 0.4114868218117455
0.8749192565603926 0.2662573781699217 0.4031938518229027
0.8471435225961739 0.2886239187203967 0.3365474342550978
0.8336902911366331 0.2770836486896406 0.4530521086911855
0.8058472294994533 0.2693422972229198 0.3979993118050759
0.7771482349593567 0.3067649063414472 0.3594760184236179
0.7612297624870366 0.3146712226214876 0.4117843774111828
0.7599093427532428 0.368213652532071 0.3697370447525085
0.7603676694639967 0.373441644638155 0.4326434820736462
0.7936138099431627 0.4283476870696407 0.3939045650318058
0.8075567656588387 0.4228304780822066 0.4477905864362899
0.7984518024149062 0.4137441851739256 0.3517458856582425
0.8550175719330457 0.4430340468757408 0.4087851147112578
0.7834929955239712 0.3260573924612828 0.4654765584249357
0.9103862942813427 0.4154616119545326 0.4032131418275737
0.8576238229401579 0.3963556804143223 0.4812407467489271
0.8677266017227186 0.4287575288040163 0.4466953198163455
0.8052621057067708 0.359550190087991 0.4847028221024944
0.8421185564293753 0.4097268567089277 0.3307759709763463
0.8625347803004839 0.4344260750866915 0.3659268235881333
0.7999471371764266 0.3402849445627643 0.3228313708600009
0.788374160458668 0.2875191882130963 0.4347610875817118
2 342 0 28
2875
2876
2877
2878
2879
2880
2881
2882
2883
2884
2885
2886
2887
2888
2889
2890
2891
2892
2893
2894
2895
2896
2897
2898
2899
2900
2901
2902
0.6509019473607144 0.3204732934353754 0.699938995407802
0.5981839245241378 0.3415041919043542 0.7058602027026548
0.6299248349620702 0.3431316070570911 0.7508202587350388
0.5839175906505808 0.3731511314829273 0.7339157959485675
0.6569648885305724 0.4885360648320667 0.6965243906884577
0.5912458845569908 0.4609262689072165 0.6925190423357731
0.6330528505090195 0.470598395927693 0.6504216396249484
0.5917846888748278 0.4250875317181164 0.6448686277391633
0.7088060247209058 0.3662867608211913 0.6479569591506742
0.6797057613409746 0.3747190592194395 0.6242301381972548
0.6673349842164684 0.3376599531685421 0.6492694620062157
0.6972920226383604 0.4608244421562896 0.6538943634115797
0.7163659278029154 0.4596703525136063 0.7063395753411755
0.6122812488775985 0.3940049338394743 0.7709633570656935
0.6619736225023485 0.3699372619538698 0.7745130564543582
0.6969498033494466 0.349076431787909 0.7441544042065529
0.7140001582217745 0.3478955338651742 0.6845436416365422
0.6413201053119928 0.3676595506250036 0.6237063621636418
0.6042160730096128 0.3548678240280507 0.651517398639928
0.5698935929810435 0.3947946325069873 0.6949917740361947
0.6192517007058517 0.3992496332180983 0.621640283483854
0.5864485116846171 0.4294889602764445 0.742747711462415
0.6519224596808961 0.4397008273485967 0.6219509934664771
0.6326135824840524 0.4413697162595098 0.7710368631768457
0.628281105514694 0.4731484829766968 0.73999414971442
0.6795987625006571 0.4395059868955904 0.7701821882692043
0.7102189283764079 0.4433778947427466 0.7466273005626329
0.674143133730201 0.4732452745357086 0.7421510456756616
2 343 0 33
2903
2904
2905
2906
2907
2908
2909
2910
2911
2912
2913
2914
2915
2916
2917
2918
2919
2920
2921
2922
2923
2924
2925
2926
2927
2928
2929
2930
2931
2932
2933
2934
2935
0.6772517035530453 0.2505708007121414 1
0.7674551699106118 0.1043746642451001 1
0.5870509969199961 0.2212848352341115 1
0.8424401535849412 0.3066091111658661 1
0.3284683413424302 0.3217352956424669 1
0.4968502902869504 0.2505708007121462 1
0.624546109336703 0.09954400688124344 1
0.5223228578094431 0.1657557332190845 1
0.3647859873887296 0.4282865078600443 1
0.7254249682373268 0.3241854817972796 1
0.4419242430754335 0.3215919644185508 1
0.7668530073209816 0.2530791786461199 1
0.834778505071925 0.1417566324345454 1
0.7167142070545159 0.1737002685324096 1
0.4167075080694589 0.2289585945019998 1
0.3036098322038606 0.3887119210204575 1
0.8518513293304011 0.2241582207453195 1
0.4392121803244444 0.4283558393599086 1
0.3720667934913603 0.2807997895666005 1
0.4529991518980327 0.1642049588122437 1
0.6898055986206919 0.1026416246476833 1
0.5623288332644927 0.1016615358726596 1
0.4966623823508662 0.104554463980391 1
0.6438701569829349 0.1687976156568232 1
0.7881047372280177 0.3505588909154128 1
0.7408245904819011 0.3989962072794283 1
0.8263354738493977 0.07801773896938188 1
0.8983257335878408 0.2834226692831636 1
0.4914424392259396 0.4797662047593739 1
0.5818274354962724 0.516380368419348 1
0.3750112296377098 0.3615802196446714 1
0.7833597732203965 0.1814346335751393 1
0.5858733029441493 0.1538564680026884 1
2 344 0 6
2936
2937
2938
2939
2940
2941
0.6487698086749965 0.5131109285693762 0.9417933642625624
0.7040118633672128 0.4752164022152958 0.9446245288725442
0.8699650281779238 0.3616392251281247 0.9564893772878881
0.7594224358806854 0.4372920964202725 0.9485643235552309
0.816100847295588 0.398555052442399 0.9532992401502799
0.6105253700405763 0.5403086025662543 0.952177216805166
2 345 0 12
2942
2943
2944
2945
2946
2947
2948
2949
2950
2951
2952
2953
0.6076655652827075 0.3369583214497338 0.9381818200344637
0.5971239398996934 0.4296445631994137 0.9446308980883148
0.5217599963810079 0.3534474726666652 0.9533249987413552
0.5466614092077864 0.4302370951901728 0.9533586383364644
0.6471200660946171 0.344669434764936 0.9521555760463547
0.6459031616818161 0.4387261162728034 0.9716388905022366
0.5907361915091831 0.2938468133541502 0.9645758864580869
0.5927316266305062 0.4603916948446567 0.9702975076513839
0.5022586687724527 0.3950584896551737 0.9719200628308173
0.5449776705880243 0.3051913016621273 0.9649163465378388
0.6386702347404245 0.3073281377948036 0.9690159568966656
0.6702639014095857 0.3397523102079865 0.975969212108314
2 346 0 22
2954
2955
2956
2957
2958
2959
2960
2961
2962
2963
2964
2965
2966
2967
2968
2969
2970
2971
2972
2973
2974
2975
0.807470985816507 0.9537842390367244 1
0.7876450415757698 0.7931049274569544 1
0.8713333002459605 0.5125288969175188 1
0.8682355660623664 0.7518906252622207 1
0.9093020014881623 0.4069761561777599 1
0.8530499166703323 0.8247540550742359 1
0.9197172214260023 0.6799452493110985 1
0.7331708297004016 0.8689089565274988 1
0.9075773884168716 0.5770987995692174 1
0.7103248879030766 0.7923093042451572 1
0.9535352384126414 0.3607052103984703 1
0.854014521031117 0.4449903708098465 1
0.792764889949596 0.4742751832355458 1
0.7408686505590141 0.9503972553307416 1
0.9321441870599378 0.4755307794576092 1
0.8661200767709311 0.9409705253022056 1
0.8860516986083297 0.8756903098290789 1
0.9300014242062972 0.7547246791292831 1
0.8106253142430407 0.8868014669367769 1
0.9087106749254685 0.8110773991968987 1
0.9569281342768536 0.5395413052857175 1
0.9538049749158494 0.6169267051313158 1
2 347 0 1
2976
0.7343104903103457 1 0.9823805556192341
2 348 0 20
2977
2978
2979
2980
2981
2982
2983
2984
2985
2986
2987
2988
2989
2990
2991
2992
2993
2994
2995
2996
0.8616684684028865 0.5767519778579483 0.8384464213699079
0.953632187786464 0.6814155037251225 0.9584658138618771
0.9582126143459231 0.5706404317794722 0.9350007668293447
0.9394267150452488 0.457421182117248 0.8871710102109208
0.8675825990332493 0.7462755273611339 0.8874887068963451
0.9256513192468767 0.8193942430588932 0.9650574038638472
0.9090290852179203 0.5267275726392876 0.8738747011457388
0.8445910053652232 0.6863007057213734 0.8489009956987155
0.9246489132573624 0.750848636313845 0.9466389096201105
0.9007903747155898 0.6740046401515624 0.9028880962337672
0.9063495758873179 0.601271900736626 0.8900744639989963
0.8271559258391877 0.6278010733246324 0.816334141451291
0.901438655745944 0.8850547989939982 0.9571206290426897
0.9012299966916291 0.9507432130860171 0.9735831890413407
0.9645068191657172 0.496364183859057 0.922542216738828
0.8794869176856209 0.8068081732361876 0.9149514093862742
0.9377986155210364 0.6292165344103843 0.9291257548644851
0.8688217063501867 0.6323872561363347 0.859838029407735
0.9728895912933785 0.4434845567244247 0.9176374146931169
0.9718748391347748 0.6306936156530283 0.9641281007092621
2 349 0 0
2 350 0 13
2997
2998
2999
3000
3001
3002
3003
3004
3005
3006
3007
3008
3009
0.7865457459399096 0.673706780010188 0.9192067235180975
0.7865457459399084 0.5849423325018146 0.9192067235180962
0.6747708122165449 0.6293245562559996 0.949393952662324
0.7260304009794216 0.5496106598792815 0.9491251911248454
0.7260304009794208 0.7090384526327184 0.9491251911248455
0.8283446684503766 0.5742902834666254 0.9465631921160775
0.8283446684502597 0.6843588290450821 0.9465631921157561
0.7851450417350684 0.5400295783068632 0.9547518646825358
0.7160217533743206 0.6016083438867416 0.9212835925958369
0.7835936844217265 0.7188079274386672 0.9544985937661731
0.7159015432500775 0.6560477537687757 0.9210681411386934
0.6831278866424019 0.5758453504861957 0.9605224567111236
0.6826932767707207 0.6795651554612264 0.9583412437939295
2 351 0 9
3010
3011
3012
3013
3014
3015
3016
3017
3018
0.699517189310455 0.7962745546927095 0.8571487136611016
0.7310556630752756 0.9132371863634139 0.9215166394479688
0.7979207828387949 0.9424486974848183 0.9391580038988171
0.7825324711418793 0.8657596249394536 0.8970941850686363
0.7444395809594885 0.7309033158615862 0.8228329538492811
0.7184147404540998 0.8532869593134629 0.8886178220838781
0.767376022284451 0.796114554108399 0.8588626320916795
0.7375621910477153 0.9612577839359849 0.9477728086464932
0.7448103770183677 0.6733468916885603 0.7915796888059532
2 352 0 20
3019
3020
3021
3022
3023
3024
3025
3026
3027
3028
3029
3030
3031
3032
3033
3034
3035
3036
3037
3038
0.4984873787973178 0.6638738891736817 0.6893965471060149
0.5802170497773711 0.7691490228478229 0.6223835630458772
0.4725585646634464 0.6980972294650034 0.5739133376278821
0.5754589182806158 0.6657065662738892 0.6185071472854929
0.5422263256420777 0.7710626165051521 0.6922445459341388
0.5639746450302534 0.6708265852866405 0.6802103846622664
0.5153543569808255 0.6398128642215657 0.6413307089587134
0.4611902922429992 0.6681556869985624 0.6567172944890641
0.5192259631289837 0.6637337220987318 0.5782816723198698
0.4697257233524365 0.6598659489547439 0.6147859424837095
0.4396705880193579 0.7111088445901689 0.6269479079398936
0.4631127485055683 0.7639968230715501 0.5991057376217689
0.4453680660668294 0.7180826871726155 0.6674619978585627
0.4940027151326602 0.7608767237438292 0.5716979785304728
0.5284843906629447 0.7846403575712022 0.5900271577507495
0.4897468137714077 0.7938633271955603 0.642280381055741
0.5798539585518794 0.7655875566809622 0.6592901000935607
0.5453631815878514 0.7948910178761255 0.6408833746109224
0.4500387834991686 0.7596650883672326 0.6441562450622751
0.4822895678763728 0.7616035786967962 0.693136872128356
2 353 0 6
3039
3040
3041
3042
3043
3044
0.6733704416288269 0.9519419066468107 0.5704986646901634
0.6444192928934245 0.9546186319274444 0.6360259844600458
0.648283653186767 0.9016478871841506 0.5406114727285445
0.6194277698780749 0.9599254504093309 0.6975266813032964
0.6338642283543424 0.9163883508531204 0.595333333211487
0.598008874692016 0.9627510975129622 0.7473981584880143
2 354 0 14
3045
3046
3047
3048
3049
3050
3051
3052
3053
3054
3055
3056
3057
3058
0.4935161772062528 1 0.7992565906481391
0.5077890148027953 1 0.6762043093833949
0.5417367402059573 1 0.3534778442600108
0.5556640137877522 1 0.7471603489600946
0.5889875569693447 1 0.6752115768313059
0.4511902725755743 1 0.7311444902148516
0.5491871359228047 1 0.8163120639925652
0.4353167539293935 1 0.7986163672177202
0.4367216062464553 1 0.6563944474175365
0.4695067575485352 1 0.3817689545424083
0.4063827904209385 1 0.4474982822519422
0.6092106463165237 1 0.3880002338264326
0.6958771858237827 1 0.4892529140986155
0.6417990409374128 1 0.6323904955918382
2 355 0 8
3059
3060
3061
3062
3063
3064
3065
3066
0.5543662012963362 0.8908171703074982 0.3369747351099137
0.6272191277402406 0.9500538337533728 0.3799677435224213
0.5499850642037764 0.9321621142072483 0.2961027373908935
0.6111297903854782 0.8769083686673305 0.4216809474367612
0.6637836606599509 0.9423611151355942 0.4334516978839765
0.5616912947916318 0.8523033023616543 0.3792111936891023
0.5915552716855514 0.9527509442830501 0.3318987820967338
0.5903570371477211 0.9043785130740353 0.3716018699114302
2 356 0 16
3067
3068
3069
3070
3071
3072
3073
3074
3075
3076
3077
3078
3079
3080
3081
3082
0.4584559693872069 0.9488632268884357 0.4847044391155221
0.5632176579025538 0.9489947889098058 0.6038858273264439
0.6182904989026703 0.9493605646514756 0.4829474822231741
0.4654131677301464 0.9487372683723834 0.5676461333495633
0.5412582853626522 0.9541640642480348 0.4281604293292207
0.5939837093526267 0.9652010713657202 0.43763857793756
0.5605428586640356 0.9249872723257082 0.4650040478977551
0.5749547970956839 0.9146106717243269 0.5173527486933048
0.5101960061544943 0.9148744288146453 0.4956356037280923
0.5228687280375548 0.9152950591052774 0.5550249923946656
0.5022629726755681 0.9513973130179227 0.6017627483711868
0.6198709016401702 0.9489332314955993 0.5521799028579651
0.4931084632559588 0.9465135220383334 0.447565741685586
0.4444030978737253 0.9581506469697428 0.5296772507992323
0.4781775735755959 0.925946586054577 0.5261585925581101
0.5756521303703287 0.9228060753708081 0.5608504105379589
2 357 0 30
3083
3084
3085
3086
3087
3088
3089
3090
3091
3092
3093
3094
3095
3096
3097
3098
3099
3100
3101
3102
3103
3104
3105
3106
3107
3108
3109
3110
3111
3112
0.7744086091594953 1 0.08020744056493116
0.9336852532892728 1 0.2645441875537011
0.6988174127650845 1 0.3263747488913471
0.6220765321436728 1 0.1507164619444101
0.8368963054650417 1 0.4338515752064021
0.9267989262961682 1 0.1113679046311725
0.9459893404535396 1 0.4051296504042002
0.6328206300061869 1 0.07671120702082639
0.6972791334941542 1 0.1229675846362081
0.6834944377481916 1 0.2035331225213141
0.7627503847490265 1 0.1685436771892919
0.744497095425509 1 0.2591669282221953
0.8458992574039065 1 0.2322658856692563
0.8199870061875185 1 0.307129351651184
0.6083619483800078 1 0.2220008103991945
0.9237604211422692 1 0.1872345903479713
0.8451307067773794 1 0.1393596665167569
0.7716481724571149 1 0.4342553316380449
0.9322925076903712 1 0.0497586995185331
0.8651238126678371 1 0.06500465605057218
0.7345354622510949 1 0.3800811766098334
0.6584763928221971 1 0.2726858042655114
0.9007169953187465 1 0.4435457262727058
0.8775293247400221 1 0.3724477161357818
0.9406537251996607 1 0.3384109737326422
0.7999032305750171 1 0.3745105287714031
0.7096453658520925 1 0.05926324176253553
0.7595480414408448 1 0.3294525468291926
0.8835509133640761 1 0.3029596229485131
0.9516139657558343 1 0.4558869702132074
2 358 0 22
3113
3114
3115
3116
3117
3118
3119
3120
3121
3122
3123
3124
3125
3126
3127
3128
3129
3130
3131
3132
3133
3134
0.7853591154961201 0.9384997520273681 0.0434589650794468
0.7035098926132644 0.7975555602924576 0.1289996793712286
0.9651290347804018 0.9402247232063387 0.03491732129132397
0.8681002175682795 0.8124563162666134 0.1134186708520553
0.8069770852271952 0.6987155060375111 0.1822427028275168
0.9047503963041771 0.91112599700601 0.05440057308549318
0.6756601175469887 0.914955452562662 0.06177412227432783
0.7258282251269536 0.6815665806304178 0.1956351893645466
0.8379577071961433 0.757053932417752 0.1469578994907468
0.7904509990370467 0.8085133865906389 0.1189710782026961
0.8356078244091425 0.8772913185626454 0.07701024992099625
0.7445201259805803 0.8738292008616532 0.0828459521234739
0.7606885222089845 0.7462749914983181 0.1564767992833105
0.7796815330352123 0.6388534517602208 0.2182606252761632
0.6751534884117123 0.8567851618493468 0.09568337357139234
0.8614506202430965 0.950366605711416 0.03335565818235742
0.6988718977176093 0.7349619712137266 0.1656589969778307
0.7216534364051734 0.9508110038984365 0.03895767149173635
0.8994816078497703 0.8586053317484537 0.08521819723008417
0.7224977670205566 0.6268603228490154 0.2276448013457217
0.9308742591655299 0.9752825666724724 0.0159299359361687
0.9726763255926917 0.9755754980347989 0.01400676022704678
2 359 0 24
3135
3136
3137
3138
3139
3140
3141
3142
3143
3144
3145
3146
3147
3148
3149
3150
3151
3152
3153
3154
3155
3156
3157
3158
0.9729583473257206 0.9245845246296395 0.2885793402907036
0.8932527075388884 0.781419513535217 0.4206863319423775
0.9032854479941348 0.7608180765412561 0.2123268397168246
0.9559846331345684 0.9157426409865568 0.4241684570211534
0.8485721710107867 0.6726577285110159 0.3532199299477188
0.9675415087508803 0.8836975164585031 0.1428826501469954
0.9699725206616547 0.9033263277824202 0.2146199700438362
0.9441187526363657 0.8587347334003557 0.2666360729922258
0.9431381931418237 0.8738150446154976 0.3518678073914249
0.9177518242066456 0.8127530108371994 0.3171774100426726
0.8747855482524747 0.7065907040043979 0.244488715028387
0.9368220594581491 0.8278402395265708 0.1904230791792903
0.9755081260111411 0.9434828412871269 0.3554344086068786
0.8644304355709365 0.718465794433983 0.4129368521867524
0.8862108955818366 0.7522904995415846 0.3505425477870702
0.9228031264099115 0.8450448426249778 0.4240703375758726
0.8955424542990215 0.7580522533322416 0.2804721635897783
0.8473460981347813 0.655209483213895 0.2795663626523008
0.9798907627196363 0.9638212898352159 0.4100577761128228
0.8386469445440612 0.6636670293425113 0.413538412320502
0.8704914334557802 0.7089601337206269 0.301657943801051
0.9195041077188633 0.8036396627275246 0.2534071131041583
0.9126219676128506 0.8134651688432316 0.3749567219890825
0.975667215370247 0.9633061861239227 0.4521611337558873
2 360 0 14
3159
3160
3161
3162
3163
3164
3165
3166
3167
3168
3169
3170
3171
3172
0.6996339190439971 0.7648375770332559 0.4731848703323208
0.8665658214185169 0.8783392888343282 0.4854690112699918
0.732065398514778 0.8800995813530126 0.4827340458925574
0.8050949214149582 0.7368929796404827 0.4732880529362826
0.784333033801779 0.6737186840106032 0.4679904867615478
0.771768871159863 0.9428230513406688 0.488401181622343
0.8985891356910726 0.9395440756660323 0.4908555525184983
0.835063305987471 0.8095098937715701 0.4795076853190376
0.6880334575271108 0.8210851756242868 0.4772595568740087
0.73388648897681 0.7141028397267363 0.4700172038948642
0.8353426163452815 0.9411858701317406 0.4896320358097027
0.741903965925836 0.6556163547729754 0.4656940136920648
0.761060810753005 0.7993054783607056 0.4771443371973164
0.8003111373631526 0.875210527298671 0.4838147161851581
2 361 0 0
2 362 0 1
3173
1 0.9637244580050424 0.05791384652018516
2 363 0 23
3174
3175
3176
3177
3178
3179
3180
3181
3182
3183
3184
3185
3186
3187
3188
3189
3190
3191
3192
3193
3194
3195
3196
0.7860984444694985 0.8893145549980986 0.4131267381084986
0.8254429533288776 0.9226026414569028 0.2910132314451755
0.8342419237982198 0.9203984436397493 0.3646511601355126
0.7770264765251941 0.9420180636856662 0.3658993280602986
0.7278046994239321 0.9035937399046237 0.3869476387799936
0.7265759764756028 0.9305207172139101 0.3284909270063301
0.798453739011154 0.9467079440241007 0.3265266438168735
0.746444450721238 0.9262027427367198 0.2844064618815847
0.7037801082995719 0.8843608027574024 0.2989105451374418
0.852038991757659 0.8193536310281105 0.3338195155824443
0.7352036776664126 0.8076906701845206 0.3783288907682983
0.801839857973072 0.8191613297711602 0.2631956434276542
0.7033389077330513 0.8353064051910832 0.3574065908111548
0.7328818520698537 0.7927175012907123 0.3362237670289224
0.8203736736810747 0.8175359305570418 0.3906990975110675
0.7035120280012056 0.8304833325565903 0.3129819310142028
0.7344753090046565 0.8472168799241512 0.2617742383295428
0.7577897994695785 0.7909666476335129 0.2938510313904966
0.8043257912279955 0.7825357006663005 0.3362182489569396
0.8490131659449069 0.9129478894952975 0.329254720861667
0.8434854159179788 0.8265058117756433 0.290210566771881
0.6966531682214119 0.8816095276373522 0.3409989429353389
0.771774914621435 0.9114013459002055 0.2618804301251011
2 364 0 24
3197
3198
3199
3200
3201
3202
3203
3204
3205
3206
3207
3208
3209
3210
3211
3212
3213
3214
3215
3216
3217
3218
3219
3220
0.7180414258485537 0.8135581348961922 0
0.8624796342891545 0.9422957344216925 0
0.9351065108468615 0.8131730174690404 0
0.7992132408503727 0.8109097612435386 0
0.6339268957271956 0.8971700790166303 0
0.6416802288459165 0.7676619579945267 0
0.9295623171859879 0.9517457722228426 0
0.7563449042826227 0.874908397600924 0
0.9295862430741574 0.5586151993544273 0
0.9372583254355611 0.7386304965692825 0
0.7002375620783881 0.9364459328507524 0
0.6055059329241478 0.608815636833325 0
0.933903755823097 0.6728481351627799 0
0.638138684949509 0.8377296335407057 0
0.6104923482307215 0.6926756636036292 0
0.867240234281733 0.7830215813078294 0
0.9281147916232342 0.8923665755190355 0
0.7830316586210875 0.9457284157415717 0
0.8844396759347944 0.5368270910807813 0
0.8473615678278664 0.8660576404719473 0
0.6339804590298078 0.953793381743205 0
0.9226348098312862 0.6199586264660898 0
0.6919105954860423 0.8713699417660329 0
0.6448793446636332 0.5575133277316846 0
2 365 0 0
2 366 0 6
3221
3222
3223
3224
3225
3226
1 0.5086984916404298 0.09882712747788545
1 0.571872722311712 0.06376765433846267
1 0.8953502468448911 0.02458084076878942
1 0.6492779468729208 0.0537545270508229
1 0.7019267370537462 0.05097281805486684
1 0.5154850719687561 0.03771706490078471
2 367 0 14
3227
3228
3229
3230
3231
3232
3233
3234
3235
3236
3237
3238
3239
3240
0.7906572391612285 0.7066625638022521 0.07362724604922875
0.6746048134278262 0.6272227635065494 0.04812261313764783
0.7917007817307292 0.5952811516394821 0.07325149338486425
0.6893151170036381 0.7205228992083915 0.03591753587254241
0.833086979006878 0.5851420317760461 0.04492006190404514
0.836903946414609 0.7114442324092946 0.04595549560751921
0.7403402246248322 0.5617358666567787 0.04836412241243551
0.7181136331295245 0.6114878861136518 0.0741155787492261
0.7923325277968698 0.7452515501868533 0.04122421488026007
0.6926567319972913 0.5814123685742398 0.03915820288700446
0.7034025636263289 0.6791653452101143 0.07035560633830376
0.7399672260368763 0.7418199771435634 0.04669174856549012
0.6685645609825839 0.6839257660361532 0.03739995298587832
0.7913317722516392 0.5525698939495615 0.03578280838239328
2 368 0 7
3241
3242
3243
3244
3245
3246
3247
0.9131216635404763 0.6438580570729904 0.1664694407619607
0.9479687486522911 0.5862181972132325 0.1550092143677785
0.945286428562889 0.7057261393073612 0.1293583716961674
0.8977536614430975 0.5973902008552989 0.1880993436995216
0.9597367580816054 0.7742483998956557 0.1032949820146631
0.9599009614605954 0.6450408743241414 0.1329708809528751
0.9740755896483158 0.8284532410812455 0.08061208034945999
2 369 0 26
3248
3249
3250
3251
3252
3253
3254
3255
3256
3257
3258
3259
3260
3261
3262
3263
3264
3265
3266
3267
3268
3269
3270
3271
3272
3273
1 0.945119032532761 0.8832978510353408
1 0.810147311345486 0.8838805409702557
1 0.5063891468675304 0.9069794449817179
1 0.5756373884455713 0.6454801134245294
1 0.5344057853632554 0.8022706673976349
1 0.926707230684729 0.798812834859739
1 0.8698744062705395 0.7286881015085447
1 0.7572889584442032 0.9402698556611008
1 0.6426178540617641 0.9338745147291113
1 0.5309333622951106 0.7213957997598606
1 0.8558012378906885 0.7960410381467731
1 0.5762319797987296 0.9201663002620101
1 0.800163014324423 0.6286299711911841
1 0.9002380125509394 0.9424234874059467
1 0.6540703412039364 0.6091686697775929
1 0.8322127131874193 0.9387719795969393
1 0.4768178750397809 0.8422461797931224
1 0.540374911230813 0.5945263647825205
1 0.7230914374363211 0.6103088200972806
1 0.4870416647266702 0.7701281302243962
1 0.5521765308191405 0.8639379964898241
1 0.6954357286625554 0.9512940455284515
1 0.95521298503051 0.9490548748431012
1 0.8503085150698482 0.6694692397844411
1 0.8682926667008556 0.8664403411793762
1 0.4510967087867904 0.8990778972065248
2 370 0 2
3274
3275
0.976014059265206 0.8960614911878612 1
0.9664288831689133 0.9579304970340945 1
2 371 0 1
3276
0.9459554056006836 1 0.9687347832356501
2 372 0 22
3277
3278
3279
3280
3281
3282
3283
3284
3285
3286
3287
3288
3289
3290
3291
3292
3293
3294
3295
3296
3297
3298
0.9639706498176239 0.8548868347623142 0.6697100641235498
0.8459175230816578 0.6497488818655965 0.6663177266939662
0.9317567034219046 0.7404745883761036 0.6043446754366593
0.8784893369070426 0.8577655082462368 0.8342308846338712
0.8412933794380011 0.7322027025337317 0.7659726622141603
0.9363251888842861 0.9557832359396186 0.833155587090523
0.8724080254256079 0.6340065633982368 0.5989567813518395
0.9667845017520633 0.9512728952120165 0.770689680752765
0.8601047715774544 0.795519576181614 0.8002894509629999
0.8873475058343532 0.783209194205378 0.7352932699672328
0.8672257996010292 0.7173434607614247 0.7006389217050906
0.9059551518363744 0.8443830318547788 0.7676313741980797
0.8206769082879193 0.6680230985581838 0.7341115823445221
0.890193594611546 0.6981740889687237 0.6361478808093407
0.9644605845044136 0.8073712509536835 0.6163869848543883
0.9557898554947886 0.8930896795872199 0.7272799488597759
0.8960989411181364 0.9150852460701936 0.8642026464841697
0.9201638628123632 0.779750850223997 0.6695385339354081
0.923240495998782 0.9028965994850109 0.7995316870031974
0.9266454051591007 0.8310639181267376 0.7138906382168093
0.9124636233832344 0.9615292040337864 0.8845308194355528
0.9097078593812635 0.6866115229363852 0.5865638801190292
2 373 0 2
3299
3300
0.9609170127388396 0.6475609689782589 0.5492086023144146
0.9352358583749099 0.6133394507250598 0.5441926729133714
2 374 0 20
3301
3302
3303
3304
3305
3306
3307
3308
3309
3310
3311
3312
3313
3314
3315
3316
3317
3318
3319
3320
0.9502175477480709 0.6696327935421975 0.8565119567751092
0.9502328685037471 0.6016628408949103 0.7390887963591374
0.9501328393485898 0.7623338776258772 0.69582292580324
0.9502184974977907 0.7894771201212843 0.7781063784087138
0.951021377798055 0.6692621945125874 0.670435117991374
0.9620358357471189 0.619021928852361 0.6921538002866653
0.9212908116786849 0.6510594620846777 0.7163026313093219
0.913604683476489 0.6450983528996761 0.7717067724875056
0.9039768895264246 0.7008067439878763 0.7478474069442721
0.9124279769509648 0.704479933253957 0.810051497051429
0.9449599052632827 0.7228293448343041 0.8510498246233633
0.94865494094141 0.6049407592082948 0.7949043031629979
0.9174219512783058 0.7497075053706211 0.7805794261141425
0.9585513202581711 0.7136273999706223 0.6636636190287719
0.9267634905591836 0.7183453777716533 0.6954707702452909
0.9601963567711593 0.792840109247764 0.7333581652624568
0.9223480098739502 0.7540739645058422 0.7353633791972334
0.9591969675452439 0.6248175188031513 0.8386240690973252
0.9252697392771873 0.6516358004138034 0.8194084444484628
0.947671524647526 0.7674950524181792 0.8230495047242303
2 375 0 26
3321
3322
3323
3324
3325
3326
3327
3328
3329
3330
3331
3332
3333
3334
3335
3336
3337
3338
3339
3340
3341
3342
3343
3344
3345
3346
0.910088511252348 1 0.7979741005393205
0.9359808534632572 1 0.6652215022930105
0.7370713231224639 1 0.6751885177640644
0.673600546955475 1 0.8041232565659594
0.8339039288790656 1 0.5516070964524229
0.7910643519195981 1 0.9112405493301978
0.9711634921239092 1 0.5241117684842278
0.7248319527652219 1 0.9168572553661147
0.753601774047403 1 0.845362618711313
0.9455272503781794 1 0.5936214769257397
0.8695425437618899 1 0.6210325425244597
0.8700966018231951 1 0.7160955353409185
0.7786617807962406 1 0.6069021044909212
0.8549733444078325 1 0.9157915605478446
0.7769144098923548 1 0.5440369704186667
0.6987427212743897 1 0.7350975563202597
0.7824608218225844 1 0.7284226517661986
0.9471462348738116 1 0.7391212795605583
0.833493795372153 1 0.7916892186010575
0.8803080104088974 1 0.8571312357565608
0.6725905007457453 1 0.8756634427004
0.6268611658798231 1 0.8493284747636362
0.8075666142652749 1 0.6695282703773124
0.8228009265196122 1 0.8601789400541642
0.9020394403374581 1 0.5402877459803452
0.7483799318944011 1 0.7809390603929577
2 376 0 5
3347
3348
3349
3350
3351
0.955953925450476 0.831886037918111 0.5267536229384172
0.922902073528247 0.7629913045070488 0.5195368637768794
0.8950905822499041 0.7040106684537519 0.5138321426262245
0.8732983424679914 0.6553729794488196 0.5102449872148656
0.966520589748411 0.8933121619150854 0.5146996731918532
2 377 0 2
3352
3353
1 0.9395467089816086 0.605601209335573
1 0.9620274515972622 0.6642307658059536
2 378 0 20
3354
3355
3356
3357
3358
3359
3360
3361
3362
3363
3364
3365
3366
3367
3368
3369
3370
3371
3372
3373
0.780673943163654 0.8712139258877657 0.7064159667136103
0.8274821498394329 0.8931818702115926 0.5997068333566073
0.8225883810050869 0.8971536925556337 0.663451783281902
0.7656398595557943 0.9190464544724554 0.6534998604705082
0.7192566124462508 0.8686622013082824 0.6857344427891845
0.7285297555443474 0.7960738708081072 0.6826453808490243
0.8112218750528327 0.7835404366406803 0.6748027791585721
0.8250600018246836 0.7828564937463358 0.6065699480844176
0.7115761826865151 0.7894821471162329 0.6463678904403141
0.7160759753893079 0.89867690201975 0.6220272580903098
0.7634732860647984 0.759864971990977 0.6287500892726808
0.761037149443278 0.9182858659548083 0.6078207045227511
0.770176500540195 0.7859537551284611 0.5706601064498761
0.7310718958101754 0.8717050466582771 0.5680955252835707
0.6951742426835049 0.8337455774053947 0.6076434766367094
0.7211434665078621 0.7841379425931598 0.6036902837949103
0.7212324238874939 0.8230625068123877 0.5704848031810313
0.749918474163108 0.767091738621038 0.6570424794836746
0.7970048476453749 0.8934436902026657 0.5732100710192545
0.8014523381015236 0.9173839358145565 0.6269877451030861
2 379 0 27
3374
3375
3376
3377
3378
3379
3380
3381
3382
3383
3384
3385
3386
3387
3388
3389
3390
3391
3392
3393
3394
3395
3396
3397
3398
3399
3400
1 0.9010848854093659 0.1608652719732613
1 0.6267939601296114 0.2275527394850765
1 0.7802818476376281 0.1937813304715474
1 0.9113489856619017 0.417006889533171
1 0.6997371292302491 0.1965204364864631
1 0.8964721821715315 0.483609232325701
1 0.9142333531146295 0.2869211220613743
1 0.8578305763363734 0.2243213248096228
1 0.5684057490937173 0.2993068590354132
1 0.6363320423230503 0.4890133713164058
1 0.8401280827043023 0.4999951815655376
1 0.5802928002056778 0.4306763939774118
1 0.5897600116963357 0.1693315695280375
1 0.9515646718327939 0.4650234484177951
1 0.8213585579099606 0.1272563273632554
1 0.5602642502953675 0.3663931019548399
1 0.5528875501234832 0.224159031506976
1 0.7301500579325366 0.1408351473010568
1 0.9204659097806425 0.2173887859724312
1 0.6579789508204833 0.1487855237450929
1 0.9389979529008358 0.3594722809192519
1 0.7776152018364293 0.514010739462456
1 0.7118872212115184 0.5103692043651156
1 0.5365591190135616 0.1732238364960043
1 0.9603823220791065 0.4120954761738492
1 0.8933591350191371 0.09924543239280177
1 0.5762562173761187 0.4966981705772521
2 380 0 0
2 381 0 18
3401
3402
3403
3404
3405
3406
3407
3408
3409
3410
3411
3412
3413
3414
3415
3416
3417
3418
0.9485228135619123 0.7100562860361902 0.4406649153893911
0.9502754594280973 0.7168576247221092 0.2690305584801225
0.9487323943532108 0.8266126267450664 0.3306051019348079
0.9516914924434796 0.8064356406188103 0.4222666487241266
0.9467940940169178 0.655191501005902 0.3398464327186015
0.9607388632187508 0.7610916833619719 0.2584374291092889
0.925329859644213 0.7590164214885886 0.3037891748264834
0.9586060309113584 0.8042162140860939 0.281040801065347
0.9214998722622502 0.7873270219807551 0.366639434866152
0.9148071841980721 0.7168394179368541 0.3538638398912801
0.9227265315895559 0.745382576317679 0.4070101979031332
0.9346913760786945 0.6804627391180698 0.3963447529504989
0.9602617060209877 0.6707378579811318 0.2856174565335562
0.9619278410726624 0.7666073365537212 0.4550010168445061
0.9581191225606845 0.8365140333947133 0.3802150518475947
0.9647466580731625 0.6416743706282628 0.3861028235289515
0.9298958344998249 0.6994629529175971 0.3073471087111179
0.9669772301745315 0.6655390657770565 0.4301029120986045
3 1 0 1
3419
0.2199971923096756 0.154248208846661 0.2986198702208227
3 2 0 3
3420
3421
3422
0.08976351158879506 0.3612917429518391 0.6822701939381058
0.09464023104678751 0.1211808506171826 0.6215105233396387
0.1176721642476087 0.210069443732551 0.4846426693657394
3 3 0 2
3423
3424
0.1397840205937557 0.293361339047973 0.267441977690545
0.1367632721724902 0.4037138330176447 0.2544807722563221
3 4 0 0
3 5 0 8
3425
3426
3427
3428
3429
3430
3431
3432
0.4805017998252417 0.1370993055667452 0.133982468304142
0.4729680465070982 0.255596432845372 0.1710466641876362
0.5863830237065679 0.1633096379015437 0.1408789331080142
0.407953253347078 0.196979752526779 0.2188580891389391
0.5988272287857679 0.3294796623621434 0.2507037593940559
0.4185520358152034 0.2916506360473753 0.3140906621252487
0.4908878129038592 0.2696422391457752 0.408262936803128
0.442809364101145 0.1513299613538468 0.3977531858362616
3 6 0 0
3 7 0 8
3433
3434
3435
3436
3437
3438
3439
3440
0.1997894442190805 0.255786303476403 0.9109570676971659
0.2657580162636651 0.3216804752537147 0.8261129170508215
0.2493099398485558 0.1656766535501626 0.7707244867518867
0.2557777657869891 0.3311416579858306 0.7184211629055057
0.3512614006374447 0.4079378308922236 0.8068736683313625
0.3699141616444429 0.2944671322793783 0.8345058487099793
0.3754413878874835 0.1269948621981522 0.8831029063798013
0.2900448472208504 0.1462720563084953 0.5860546917317149
3 8 0 4
3441
3442
3443
3444
0.331802713429041 0.8558729102452188 0.9030036477637208
0.3126762267854831 0.7430451554926898 0.8991972314306828
0.09513891161639688 0.666089907935473 0.9019667677921637
0.343077649313465 0.5953311965995366 0.9060821604571978
3 9 0 4
3445
3446
3447
3448
0.08604511882413421 0.8794292023605542 0.6223620861034558
0.1036805283375387 0.895845615776505 0.7973616857431097
0.1815604707763773 0.8299288774841524 0.6332481445574605
0.1218025172181331 0.8528177586480925 0.4905924204556868
3 10 0 0
3 11 0 8
3449
3450
3451
3452
3453
3454
3455
3456
0.2351021310387749 0.434391467283413 0.4953549190662146
0.3251800197210108 0.6730344698962109 0.4648608058467222
0.2455832802201226 0.4976552919694937 0.386106362389761
0.167348383414891 0.6088024993885954 0.6956309455786129
0.3140587266577629 0.3883079226018319 0.4410434706328951
0.2082477236719422 0.6284170420686528 0.5277832131007428
0.3464314565914783 0.5265165288397384 0.6669051037938177
0.2367484769129426 0.5098629599589782 0.6499913268828352
3 12 0 1
3457
0.7822265949644807 0.2534537634570527 0.08927895979733999
3 13 0 0
3 14 0 2
3458
3459
0.8808362519911929 0.09366670155246107 0.7074023295241273
0.9027919466351322 0.1307610723667237 0.8045398012613112
3 15 0 0
3 16 0 5
3460
3461
3462
3463
3464
0.5517955208716798 0.5890860611935043 0.245582234744965
0.4810651915096057 0.7438220137320983 0.3027938248937132
0.5061635917530658 0.5714384711802802 0.1008006842782
0.2768290547196995 0.5868109890509343 0.1441207062134706
0.486334281476872 0.8265918746155174 0.2096715358155312
3 17 0 5
3465
3466
3467
3468
3469
0.8129590037082602 0.4699537693927843 0.2719488232413682
0.916845835301946 0.4575526084161541 0.2789419384102284
0.7067708129721216 0.4999552059522522 0.3719605397838258
0.8859409312022433 0.3525068518551585 0.2395490617991824
0.9150939206422497 0.2341351159394288 0.325744478126791
3 18 0 5
3470
3471
3472
3473
3474
0.6901928240696509 0.2801506846042329 0.7909135632541575
0.7309798289007696 0.2716014848144636 0.6956977798268503
0.7502009386445571 0.5198533102191927 0.6720947249596047
0.6126709184853667 0.3737439248401191 0.5573168377831531
0.7948670160944896 0.3933624679923665 0.7998810919436836
3 19 0 0
3 20 0 0
3 21 0 4
3475
3476
3477
3478
0.5690507983840611 0.7006392869636286 0.4910005449709146
0.4219836699617826 0.6750925864842698 0.7243048513465717
0.5066384220562571 0.8372651643942002 0.7349127002462565
0.3860140767960244 0.7792343164525075 0.7130076666515489
3 22 0 0
3 23 0 4
3479
3480
3481
3482
0.7313476341182722 0.6789099401235318 0.3065654150635004
0.6444907110520668 0.7728315393645941 0.3589931464324907
0.8725684093165802 0.8961166973458098 0.1702618801157763
0.7100876854315425 0.9046140084696593 0.1946485145042472
3 24 0 0
3 25 0 0
3 26 0 1
3483
0.7589743021808656 0.9039205343700003 0.802880316789521
3 27 0 0
$EndNodes
$Elements
228 22799 1 22799
2 75 2 4
1 54 461 53 
2 53 461 730 
3 117 461 62 
4 730 461 117 
2 84 2 18
5 158 1040 901 
6 1040 1113 901 
7 1041 1113 1040 
8 901 1113 902 
9 1113 1114 902 
10 1041 1116 1113 
11 1114 1115 774 
12 1113 1115 1114 
13 125 903 773 
14 774 1115 124 
15 902 1114 903 
16 903 1114 773 
17 773 1114 774 
18 124 1115 846 
19 146 1116 1041 
20 846 1116 146 
21 1113 1116 1115 
22 1115 1116 846 
2 92 2 57
23 1117 1124 1123 
24 1119 1126 1121 
25 1122 1123 1118 
26 1121 1125 1119 
27 563 500 68 
28 1123 1130 1117 
29 1120 1122 496 
30 499 1126 498 
31 1123 1124 1118 
32 496 1122 66 
33 1120 1123 1122 
34 1118 1129 1122 
35 1117 1135 1124 
36 1121 1126 499 
37 563 1132 500 
38 1119 1127 1126 
39 1117 1130 1127 
40 66 1122 482 
41 1127 1128 1126 
42 1127 1130 1128 
43 1119 1125 873 
44 500 1121 499 
45 497 1120 496 
46 873 1125 85 
47 1126 1128 498 
48 874 1119 873 
49 876 1117 875 
50 498 1128 497 
51 1128 1130 1120 
52 777 1118 776 
53 1127 1131 1117 
54 1122 1129 482 
55 497 1128 1120 
56 482 1129 64 
57 1120 1130 1123 
58 1124 1134 1118 
59 1119 1131 1127 
60 85 1125 564 
61 500 1132 1121 
62 64 1129 777 
63 874 1131 1119 
64 1117 1131 875 
65 876 1135 1117 
66 875 1131 874 
67 126 1133 877 
68 877 1135 876 
69 1124 1135 1133 
70 777 1129 1118 
71 776 1134 775 
72 564 1132 563 
73 1118 1134 776 
74 775 1133 126 
75 1133 1134 1124 
76 1121 1132 1125 
77 1133 1135 877 
78 1125 1132 564 
79 775 1134 1133 
2 99 2 28
80 482 64 466 
81 466 1141 482 
82 55 1139 54 
83 461 1137 62 
84 54 1139 461 
85 475 1139 55 
86 482 1141 1138 
87 62 1137 468 
88 461 1143 1137 
89 478 1136 477 
90 482 1138 66 
91 1137 1142 468 
92 66 1138 478 
93 1139 1143 461 
94 467 1141 466 
95 478 1138 1136 
96 468 1142 467 
97 477 1140 476 
98 1136 1140 477 
99 1140 1142 1137 
100 476 1143 475 
101 467 1142 1141 
102 1136 1142 1140 
103 1141 1142 1136 
104 1140 1143 476 
105 1138 1141 1136 
106 1137 1143 1140 
107 475 1143 1139 
2 110 2 51
108 124 769 774 
109 769 1148 774 
110 125 1146 771 
111 1145 1148 768 
112 768 1148 769 
113 1147 1155 1151 
114 1145 1149 1148 
115 1154 1155 1147 
116 1146 1150 771 
117 1146 1160 1149 
118 773 1146 125 
119 468 1152 62 
120 1149 1156 1146 
121 1145 1151 1149 
122 117 1152 766 
123 1151 1159 1147 
124 1149 1160 1148 
125 767 1145 768 
126 1153 1158 766 
127 1148 1160 774 
128 1152 1153 766 
129 466 1147 467 
130 775 1150 1144 
131 468 1153 1152 
132 126 1150 775 
133 774 1160 773 
134 1153 1159 1151 
135 766 1158 767 
136 1151 1155 1149 
137 1145 1158 1151 
138 776 1154 777 
139 775 1144 776 
140 1147 1157 1154 
141 1151 1158 1153 
142 467 1159 468 
143 1144 1155 1154 
144 1150 1156 1144 
145 468 1159 1153 
146 466 1157 1147 
147 1146 1156 1150 
148 64 1157 466 
149 1144 1154 776 
150 1144 1156 1155 
151 771 1150 126 
152 767 1158 1145 
153 1155 1156 1149 
154 777 1157 64 
155 1147 1159 467 
156 1154 1157 777 
157 773 1160 1146 
158 62 1152 117 
2 131 2 37
159 877 1165 876 
160 771 877 126 
161 1163 1165 877 
162 1162 1165 902 
163 902 1165 903 
164 160 1169 158 
165 771 1163 877 
166 903 1163 125 
167 1161 1169 160 
168 1162 1170 1165 
169 901 1162 902 
170 874 1164 873 
171 903 1165 1163 
172 873 1166 85 
173 875 1167 874 
174 84 1166 1063 
175 876 1170 875 
176 874 1167 1164 
177 1161 1168 1164 
178 1164 1171 1161 
179 1062 1161 160 
180 1165 1170 876 
181 901 1169 1162 
182 1164 1166 873 
183 85 1166 84 
184 125 1163 771 
185 158 1169 901 
186 1166 1168 1063 
187 1164 1168 1166 
188 1063 1168 1062 
189 1167 1170 1162 
190 1169 1171 1162 
191 1167 1171 1164 
192 875 1170 1167 
193 1062 1168 1161 
194 1162 1171 1167 
195 1161 1171 1169 
2 132 2 54
196 1172 1180 1177 
197 1177 1184 1172 
198 1175 1176 1064 
199 1175 1177 1176 
200 1173 1181 1178 
201 1178 1183 1173 
202 185 1175 1064 
203 1176 1186 846 
204 146 1176 846 
205 1175 1184 1177 
206 1180 1187 1183 
207 186 1184 1065 
208 1181 1188 1178 
209 1182 1185 1183 
210 1182 1183 1178 
211 1180 1185 1177 
212 1176 1189 1186 
213 1064 1176 146 
214 769 1174 768 
215 768 1182 767 
216 767 1178 766 
217 187 1179 1067 
218 124 1186 769 
219 846 1186 124 
220 1183 1185 1180 
221 1174 1185 1182 
222 1177 1189 1176 
223 53 1181 1070 
224 1179 1187 1180 
225 1179 1180 1172 
226 1174 1182 768 
227 767 1182 1178 
228 1183 1187 1173 
229 1174 1189 1185 
230 1066 1184 186 
231 1067 1179 1172 
232 730 1181 53 
233 1070 1181 1173 
234 1069 1187 1068 
235 1068 1179 187 
236 1070 1173 1069 
237 769 1186 1174 
238 1065 1184 1175 
239 1178 1188 766 
240 1067 1172 1066 
241 766 1188 117 
242 1185 1189 1177 
243 1186 1189 1174 
244 117 1188 730 
245 1065 1175 185 
246 1173 1187 1069 
247 1068 1187 1179 
248 1172 1184 1066 
249 730 1188 1181 
2 133 2 53
250 1197 1199 1192 
251 1193 1199 1197 
252 1191 1204 1200 
253 1193 1195 497 
254 66 496 478 
255 1199 1206 1192 
256 1200 1201 1191 
257 497 1195 496 
258 496 1195 478 
259 1196 1203 1200 
260 1200 1204 1197 
261 478 1195 477 
262 1200 1203 1190 
263 1193 1204 1195 
264 1071 1198 188 
265 477 1195 1191 
266 1190 1201 1200 
267 1190 1202 1201 
268 1197 1204 1193 
269 68 1198 500 
270 1194 1198 1071 
271 1073 1192 1072 
272 1074 1196 1073 
273 1196 1197 1192 
274 1073 1196 1192 
275 1071 1206 1194 
276 1194 1206 1199 
277 499 1199 498 
278 500 1194 499 
279 498 1193 497 
280 1074 1203 1196 
281 1196 1200 1197 
282 189 1203 1074 
283 1072 1206 1071 
284 1194 1199 499 
285 498 1199 1193 
286 476 1201 475 
287 477 1191 476 
288 1195 1204 1191 
289 500 1198 1194 
290 1075 1203 189 
291 1076 1190 1075 
292 1191 1201 476 
293 475 1202 55 
294 1192 1206 1072 
295 55 1202 1076 
296 1201 1202 475 
297 68 1205 1198 
298 1190 1203 1075 
299 1198 1205 188 
300 1076 1202 1190 
301 188 1205 70 
302 70 1205 68 
2 134 2 15
303 187 1077 1068 
304 189 1208 1077 
305 1070 1207 53 
306 55 1207 1076 
307 1075 1208 189 
308 1068 1208 1069 
309 1077 1208 1068 
310 1207 1209 1076 
311 1069 1209 1070 
312 1070 1209 1207 
313 54 1207 55 
314 53 1207 54 
315 1076 1209 1075 
316 1208 1209 1069 
317 1075 1209 1208 
2 135 2 32
318 1071 1082 188 
319 186 1078 1066 
320 1077 1214 189 
321 189 1214 1074 
322 1078 1217 1066 
323 1073 1216 1212 
324 187 1210 1077 
325 1073 1212 1072 
326 1212 1216 1211 
327 1080 1211 1079 
328 1210 1214 1077 
329 1072 1215 1071 
330 1081 1212 1080 
331 1079 1213 1078 
332 1080 1212 1211 
333 1211 1213 1079 
334 1082 1215 1081 
335 1212 1215 1072 
336 1081 1215 1212 
337 1074 1216 1073 
338 1067 1210 187 
339 1213 1217 1078 
340 1071 1215 1082 
341 1213 1218 1210 
342 1214 1216 1074 
343 1066 1217 1067 
344 1211 1218 1213 
345 1210 1218 1214 
346 1210 1217 1213 
347 1216 1218 1211 
348 1067 1217 1210 
349 1214 1218 1216 
2 136 2 12
350 1040 1085 158 
351 158 1085 160 
352 1040 1220 1085 
353 1083 1064 185 
354 1085 1220 1084 
355 1064 1219 146 
356 146 1219 1041 
357 1084 1219 1083 
358 1083 1219 1064 
359 1084 1220 1219 
360 1041 1220 1040 
361 1219 1220 1041 
2 137 2 8
362 1086 1221 564 
363 563 1221 1087 
364 564 1221 563 
365 1087 1221 1086 
366 1087 70 68 
367 68 563 1087 
368 84 1086 85 
369 85 1086 564 
2 138 2 47
370 1223 1229 1225 
371 84 1226 1063 
372 188 1233 70 
373 1063 1226 1222 
374 1222 1231 1230 
375 1230 1231 1225 
376 1225 1231 1223 
377 1082 1233 188 
378 1223 1232 1229 
379 70 1233 1087 
380 1081 1224 1082 
381 1080 1228 1081 
382 1079 1223 1080 
383 1084 1229 1083 
384 1085 1225 1084 
385 1081 1228 1224 
386 1223 1228 1080 
387 1083 1227 185 
388 186 1234 1078 
389 1086 1226 84 
390 160 1230 1085 
391 1085 1230 1225 
392 185 1227 1065 
393 1225 1229 1084 
394 1222 1235 1231 
395 1079 1232 1223 
396 1224 1233 1082 
397 1226 1235 1222 
398 1229 1232 1227 
399 1232 1234 1227 
400 1083 1229 1227 
401 1228 1235 1224 
402 1078 1232 1079 
403 1224 1235 1226 
404 1063 1222 1062 
405 1062 1230 160 
406 1224 1236 1233 
407 1223 1231 1228 
408 1078 1234 1232 
409 1226 1236 1224 
410 1087 1236 1086 
411 1086 1236 1226 
412 1065 1234 186 
413 1222 1230 1062 
414 1231 1235 1228 
415 1227 1234 1065 
416 1233 1236 1087 
2 140 2 48
417 417 1070 53 
418 418 1251 1243 
419 1237 1251 418 
420 418 1243 417 
421 417 1243 1070 
422 1248 1250 1247 
423 1238 1249 1241 
424 1247 1249 1238 
425 1070 1243 1069 
426 1068 1248 187 
427 1238 1248 1247 
428 1240 1248 1068 
429 1088 1241 190 
430 411 1242 410 
431 410 421 51 
432 1244 1246 1245 
433 410 1242 421 
434 1238 1241 1088 
435 190 1241 52 
436 1240 1250 1248 
437 1245 1246 1239 
438 1239 1247 1245 
439 1069 1243 1240 
440 52 1241 414 
441 419 1237 418 
442 1245 1251 1237 
443 420 1244 419 
444 421 1242 420 
445 411 1246 1242 
446 413 1239 412 
447 412 1246 411 
448 1244 1245 1237 
449 1242 1246 1244 
450 1250 1251 1245 
451 414 1249 413 
452 187 1248 1089 
453 1089 1238 1088 
454 419 1244 1237 
455 1241 1249 414 
456 1242 1244 420 
457 1247 1250 1245 
458 1069 1240 1068 
459 1239 1246 412 
460 1239 1249 1247 
461 413 1249 1239 
462 1243 1251 1240 
463 1089 1248 1238 
464 1240 1251 1250 
2 141 2 10
465 973 172 185 
466 185 1252 973 
467 1064 1252 185 
468 146 1253 1064 
469 147 1252 849 
470 1252 1253 849 
471 973 1252 147 
472 145 1253 146 
473 849 1253 145 
474 1064 1253 1252 
2 142 2 22
475 973 1256 848 
476 138 1255 825 
477 841 1255 138 
478 135 1258 191 
479 1256 1257 848 
480 1254 1258 1257 
481 1257 1258 1255 
482 1090 1256 172 
483 848 1257 847 
484 847 1259 144 
485 144 1259 841 
486 1254 1257 1256 
487 1254 1256 1090 
488 191 1254 1090 
489 825 1258 135 
490 1255 1258 825 
491 191 1258 1254 
492 172 1256 973 
493 1257 1259 847 
494 1255 1259 1257 
495 841 1259 1255 
496 147 973 848 
2 143 2 17
497 187 1067 1089 
498 191 1260 1092 
499 1066 1261 1067 
500 1067 1261 1089 
501 135 1260 191 
502 1089 1261 1088 
503 190 1263 1091 
504 1088 1263 190 
505 1091 1260 135 
506 186 1262 1066 
507 1261 1262 1260 
508 1260 1263 1261 
509 1066 1262 1261 
510 1091 1263 1260 
511 1260 1262 1092 
512 1092 1262 186 
513 1261 1263 1088 
2 144 2 7
514 135 825 1091 
515 190 1264 52 
516 1091 1264 190 
517 52 1264 110 
518 110 1264 138 
519 825 1264 1091 
520 138 1264 825 
2 145 2 7
521 1092 1090 191 
522 172 1065 185 
523 1090 1265 172 
524 172 1265 1065 
525 1065 1265 186 
526 1092 1265 1090 
527 186 1265 1092 
2 146 2 57
528 1266 1272 321 
529 1274 1275 1266 
530 188 1280 69 
531 1094 1272 1269 
532 1266 1277 1274 
533 320 1272 1095 
534 321 1272 320 
535 1095 1272 1094 
536 31 320 1095 
537 1266 1282 1272 
538 1272 1282 1269 
539 325 1279 324 
540 1279 1284 324 
541 27 501 325 
542 1278 1282 1275 
543 1269 1282 1278 
544 1071 1268 188 
545 1274 1276 1273 
546 1275 1282 1266 
547 1274 1283 1276 
548 1270 1274 1273 
549 1271 1280 1276 
550 1270 1273 1072 
551 501 1279 325 
552 1270 1275 1274 
553 1270 1278 1275 
554 323 1277 322 
555 322 1266 321 
556 324 1267 323 
557 1073 1270 1072 
558 322 1277 1266 
559 1267 1277 323 
560 324 1284 1267 
561 1072 1273 1071 
562 1094 1269 1093 
563 1074 1278 1073 
564 1073 1278 1270 
565 1276 1280 1268 
566 1273 1276 1268 
567 1267 1284 1276 
568 1268 1280 188 
569 189 1281 1074 
570 1093 1281 189 
571 69 1280 503 
572 1276 1284 1271 
573 1276 1283 1267 
574 503 1271 502 
575 502 1279 501 
576 1071 1273 1268 
577 1277 1283 1274 
578 1271 1279 502 
579 1074 1281 1278 
580 1269 1281 1093 
581 1267 1283 1277 
582 1278 1281 1269 
583 503 1280 1271 
584 1271 1284 1279 
2 148 2 28
585 1094 1290 1288 
586 1288 1290 1287 
587 1286 1288 1285 
588 55 1076 425 
589 426 1286 1285 
590 1286 1289 1288 
591 425 1286 426 
592 1285 1288 1287 
593 1076 1286 425 
594 1075 1286 1076 
595 1095 1290 1094 
596 1094 1288 1093 
597 426 1285 427 
598 1093 1289 189 
599 1287 1291 1285 
600 1075 1289 1286 
601 252 1290 1095 
602 1288 1289 1093 
603 189 1289 1075 
604 253 1290 252 
605 254 1287 253 
606 427 1291 17 
607 1285 1291 427 
608 17 1291 254 
609 1287 1290 253 
610 254 1291 1287 
611 11 1095 31 
612 252 1095 11 
2 151 2 1
613 69 70 188 
2 152 2 21
614 1293 1295 1294 
615 1294 1295 348 
616 40 1295 355 
617 1292 1293 1096 
618 39 1292 1096 
619 1293 1296 1096 
620 38 1295 40 
621 1096 1296 14 
622 1292 1295 1293 
623 12 1296 315 
624 30 313 349 
625 348 1295 38 
626 349 1294 348 
627 315 1293 314 
628 14 1296 12 
629 313 1294 349 
630 314 1294 313 
631 355 1295 1292 
632 1293 1294 314 
633 315 1296 1293 
634 355 1292 39 
2 154 2 3
635 36 350 357 
636 38 40 357 
637 357 350 38 
2 159 2 6
638 14 1096 236 
639 356 1297 1096 
640 236 1297 15 
641 15 1297 356 
642 1096 1297 236 
643 356 1096 39 
2 161 2 87
644 1106 1323 1105 
645 1309 1315 1314 
646 1098 1301 134 
647 78 1106 1105 
648 1317 1329 1312 
649 1307 1323 1106 
650 1309 1320 1315 
651 1313 1317 1312 
652 1082 1303 188 
653 1313 1315 1311 
654 1306 1322 1078 
655 1321 1325 1317 
656 1311 1317 1313 
657 1078 1322 1305 
658 1304 1329 1317 
659 69 1303 1108 
660 1318 1320 1308 
661 1317 1325 1304 
662 186 1306 1078 
663 1300 1320 1318 
664 1314 1328 1309 
665 1098 1327 1301 
666 1303 1304 1108 
667 1308 1320 1309 
668 1107 1307 1106 
669 1298 1314 1313 
670 1307 1325 1321 
671 1099 1302 1098 
672 1100 1308 1099 
673 1299 1323 1321 
674 1314 1315 1313 
675 1104 1299 1103 
676 1103 1310 1102 
677 1102 1300 1101 
678 1308 1309 1302 
679 1099 1308 1302 
680 1321 1323 1307 
681 1078 1305 1079 
682 1081 1312 1082 
683 1080 1298 1081 
684 1079 1316 1080 
685 1299 1311 1310 
686 192 1318 1100 
687 1101 1318 192 
688 1298 1313 1312 
689 1299 1310 1103 
690 1102 1310 1300 
691 1309 1319 1302 
692 1108 1325 1107 
693 1304 1325 1108 
694 1298 1316 1314 
695 1305 1316 1079 
696 1298 1312 1081 
697 1080 1316 1298 
698 1100 1318 1308 
699 1082 1329 1303 
700 1300 1318 1101 
701 1104 1323 1299 
702 1299 1321 1311 
703 1309 1328 1319 
704 1311 1326 1310 
705 1302 1327 1098 
706 1315 1326 1311 
707 1322 1324 1301 
708 1105 1323 1104 
709 1306 1324 1322 
710 1311 1321 1317 
711 1312 1329 1082 
712 1107 1325 1307 
713 1305 1322 1319 
714 1303 1329 1304 
715 1319 1328 1305 
716 1305 1328 1316 
717 1319 1327 1302 
718 1310 1326 1300 
719 1300 1326 1320 
720 1316 1328 1314 
721 1320 1326 1315 
722 134 1301 1097 
723 1322 1327 1319 
724 1301 1327 1322 
725 1097 1324 191 
726 1092 1306 186 
727 188 1303 69 
728 1301 1324 1097 
729 191 1324 1092 
730 1092 1324 1306 
2 162 2 34
731 544 308 28 
732 1335 1337 1330 
733 544 1331 308 
734 1334 1338 1103 
735 608 1334 607 
736 1331 1337 1335 
737 1101 1333 1102 
738 1333 1334 1102 
739 1102 1334 1103 
740 1101 192 95 
741 1332 1338 1334 
742 607 1334 1333 
743 544 1337 1331 
744 1332 1334 608 
745 95 1333 1101 
746 78 1337 544 
747 96 1333 95 
748 307 1335 29 
749 1330 1336 1335 
750 607 1333 96 
751 1330 1338 1336 
752 1104 1330 1105 
753 29 1335 610 
754 609 1332 608 
755 1336 1338 1332 
756 610 1336 609 
757 1331 1335 307 
758 609 1336 1332 
759 1104 1338 1330 
760 1105 1337 78 
761 1330 1337 1105 
762 1335 1336 610 
763 308 1331 307 
764 1103 1338 1104 
2 163 2 63
765 1353 1354 1352 
766 1343 1354 1353 
767 393 1354 45 
768 38 1342 40 
769 1352 1354 1342 
770 190 1344 1091 
771 134 1360 1098 
772 1356 1358 1349 
773 1350 1359 1351 
774 95 1346 100 
775 1353 1358 1356 
776 45 1354 1111 
777 1351 1359 1344 
778 192 1345 95 
779 1341 1350 1349 
780 1353 1356 1343 
781 38 1352 1342 
782 1109 1344 190 
783 1340 1360 134 
784 1341 1349 1348 
785 1348 1349 1347 
786 1100 1345 192 
787 1345 1346 95 
788 1098 1341 1099 
789 1351 1356 1350 
790 1110 1351 1109 
791 1345 1348 1347 
792 1099 1348 1100 
793 1111 1343 1110 
794 1344 1357 1091 
795 100 1346 651 
796 650 1339 649 
797 649 1352 38 
798 1350 1356 1349 
799 1341 1348 1099 
800 1343 1351 1110 
801 1339 1353 1352 
802 1341 1360 1350 
803 1343 1356 1351 
804 1345 1347 1346 
805 1100 1348 1345 
806 1339 1352 649 
807 1355 1358 1339 
808 1342 1354 393 
809 1109 1351 1344 
810 650 1355 1339 
811 1111 1354 1343 
812 651 1355 650 
813 1347 1358 1355 
814 1350 1360 1359 
815 1347 1355 1346 
816 1346 1355 651 
817 1349 1358 1347 
818 1339 1358 1353 
819 1344 1359 1357 
820 135 1357 814 
821 1091 1357 135 
822 1098 1360 1341 
823 1357 1359 1340 
824 814 1340 134 
825 1359 1360 1340 
826 40 1342 393 
827 814 1357 1340 
2 164 2 3
828 814 1097 134 
829 191 1097 135 
830 135 1097 814 
2 165 2 33
831 349 1364 1363 
832 1364 1369 1363 
833 650 1364 649 
834 349 1363 30 
835 1361 1364 650 
836 649 1364 348 
837 1368 1369 1362 
838 1363 1369 1368 
839 38 649 348 
840 29 309 610 
841 100 1367 651 
842 607 1367 96 
843 1361 1369 1364 
844 348 1364 349 
845 651 1361 650 
846 609 1362 608 
847 608 1366 607 
848 309 1365 610 
849 310 1365 309 
850 1362 1369 1366 
851 30 1363 311 
852 1361 1367 1366 
853 610 1365 609 
854 96 1367 100 
855 1362 1366 608 
856 609 1365 1362 
857 311 1368 310 
858 651 1367 1361 
859 1366 1367 607 
860 1363 1368 311 
861 1366 1369 1361 
862 310 1368 1365 
863 1365 1368 1362 
2 166 2 1
864 95 100 96 
2 167 2 61
865 1371 1376 311 
866 1371 1382 1376 
867 12 1381 13 
868 311 1376 30 
869 13 1381 31 
870 1383 1387 1371 
871 1382 1388 1376 
872 1371 1387 1382 
873 314 1380 315 
874 1378 1387 1383 
875 31 1381 320 
876 1375 1389 1370 
877 315 1381 12 
878 1374 1380 314 
879 1370 1389 1378 
880 307 1377 29 
881 1378 1383 1377 
882 30 1376 313 
883 1372 1387 1378 
884 324 1372 325 
885 322 1373 323 
886 323 1379 324 
887 320 1380 321 
888 324 1379 1372 
889 1373 1379 323 
890 313 1374 314 
891 1370 1377 307 
892 1370 1378 1377 
893 1380 1381 315 
894 1373 1382 1379 
895 322 1384 1373 
896 1380 1384 321 
897 1374 1384 1380 
898 1373 1388 1382 
899 313 1376 1374 
900 1372 1385 325 
901 1378 1389 1372 
902 1370 1386 1375 
903 1379 1387 1372 
904 325 1385 27 
905 29 1377 309 
906 321 1384 322 
907 310 1371 311 
908 309 1383 310 
909 308 1370 307 
910 320 1381 1380 
911 306 1375 305 
912 27 1385 306 
913 1372 1389 1385 
914 310 1383 1371 
915 1384 1388 1373 
916 1382 1387 1379 
917 1377 1383 309 
918 1376 1388 1374 
919 1374 1388 1384 
920 306 1385 1375 
921 28 1386 308 
922 305 1386 28 
923 308 1386 1370 
924 1375 1386 305 
925 1385 1389 1375 
2 168 2 49
926 45 1399 386 
927 1396 1398 1391 
928 1096 1392 14 
929 39 1390 1096 
930 31 1392 1095 
931 1397 1398 1396 
932 1089 1395 1088 
933 1391 1402 1396 
934 1398 1405 1391 
935 1391 1405 1399 
936 187 1393 1089 
937 189 1400 1077 
938 1111 1399 45 
939 1393 1395 1089 
940 1394 1401 1398 
941 1096 1404 1392 
942 1396 1400 1397 
943 1390 1401 1096 
944 1093 1400 189 
945 1401 1405 1398 
946 1401 1404 1096 
947 1095 1394 1094 
948 1094 1397 1093 
949 1396 1402 1395 
950 1394 1398 1397 
951 1110 1391 1111 
952 1394 1397 1094 
953 13 1392 31 
954 1088 1403 190 
955 1395 1403 1088 
956 190 1403 1109 
957 1393 1396 1395 
958 1077 1400 1393 
959 386 1399 1390 
960 1397 1400 1093 
961 1109 1402 1110 
962 1393 1400 1396 
963 1391 1399 1111 
964 1077 1393 187 
965 1392 1404 1095 
966 1110 1402 1391 
967 1109 1403 1402 
968 1095 1404 1394 
969 1390 1405 1401 
970 1402 1403 1395 
971 1394 1404 1401 
972 386 1390 39 
973 1399 1405 1390 
974 14 1392 13 
2 169 2 1
975 12 13 14 
2 170 2 4
976 40 393 355 
977 355 393 386 
978 386 393 45 
979 39 355 386 
2 171 2 21
980 502 1407 501 
981 69 1108 503 
982 502 1409 1407 
983 305 544 28 
984 305 1406 544 
985 1106 1407 1107 
986 1108 1409 503 
987 1107 1409 1108 
988 1406 1410 544 
989 503 1409 502 
990 1407 1410 1406 
991 1407 1409 1107 
992 1106 1410 1407 
993 544 1410 78 
994 1407 1408 501 
995 306 1406 305 
996 501 1408 27 
997 78 1410 1106 
998 1406 1408 1407 
999 27 1408 306 
1000 306 1408 1406 
2 184 2 1
1001 11 13 31 
2 195 2 17
1002 45 384 1111 
1003 1110 1411 1109 
1004 384 1412 1111 
1005 385 1412 384 
1006 416 1411 415 
1007 1111 1412 1110 
1008 1110 1412 1411 
1009 1411 1413 1109 
1010 416 1413 1411 
1011 415 1414 46 
1012 46 1414 385 
1013 1109 1413 190 
1014 190 1413 52 
1015 52 1413 416 
1016 1412 1414 1411 
1017 1411 1414 415 
1018 385 1414 1412 
2 198 2 8
1019 136 1415 1112 
1020 132 1112 809 
1021 817 1415 136 
1022 808 1415 818 
1023 809 1415 808 
1024 818 1415 817 
1025 1112 1415 809 
1026 133 808 818 
2 200 2 52
1027 132 1419 1112 
1028 1423 1426 1420 
1029 611 1419 93 
1030 1419 1430 1422 
1031 93 1419 132 
1032 1419 1422 1112 
1033 1423 1427 1426 
1034 164 1421 925 
1035 1426 1432 1420 
1036 1416 1430 1419 
1037 1418 1427 1423 
1038 1421 1429 925 
1039 945 1421 164 
1040 615 1423 614 
1041 613 1424 612 
1042 1425 1432 1417 
1043 1423 1428 1418 
1044 612 1416 611 
1045 614 1420 613 
1046 1112 1422 136 
1047 136 1422 945 
1048 1424 1425 1416 
1049 1425 1429 1421 
1050 1417 1429 1425 
1051 614 1423 1420 
1052 612 1424 1416 
1053 1420 1424 613 
1054 923 1426 922 
1055 945 1422 1421 
1056 924 1417 923 
1057 1417 1432 1426 
1058 1421 1430 1425 
1059 1424 1432 1425 
1060 1416 1419 611 
1061 615 1428 1423 
1062 79 1428 615 
1063 1417 1426 923 
1064 922 1427 921 
1065 1426 1427 922 
1066 921 1431 87 
1067 568 1418 567 
1068 924 1429 1417 
1069 925 1429 924 
1070 1425 1430 1416 
1071 1422 1430 1421 
1072 1427 1431 921 
1073 1418 1431 1427 
1074 567 1428 79 
1075 1420 1432 1424 
1076 87 1431 568 
1077 1418 1428 567 
1078 568 1431 1418 
2 209 2 21
1079 974 1090 172 
1080 975 1436 1435 
1081 815 1434 945 
1082 191 1435 1097 
1083 975 1435 974 
1084 1435 1436 1433 
1085 134 1433 816 
1086 1433 1434 816 
1087 974 1435 1090 
1088 1090 1435 191 
1089 1433 1436 1434 
1090 1434 1437 945 
1091 945 1437 164 
1092 1097 1435 1433 
1093 816 1434 815 
1094 976 1436 975 
1095 1436 1437 1434 
1096 164 1437 976 
1097 1097 1433 134 
1098 976 1437 1436 
1099 136 815 945 
2 214 2 1
1100 94 95 192 
2 215 2 11
1101 815 816 1098 
1102 1099 1438 815 
1103 136 1438 1112 
1104 1112 1438 1100 
1105 815 1438 136 
1106 1100 1438 1099 
1107 94 1100 192 
1108 1098 816 134 
1109 132 1100 94 
1110 1112 1100 132 
1111 1098 1099 815 
2 217 2 1
1112 93 94 132 
2 219 2 59
1113 83 1443 915 
1114 185 1444 172 
1115 570 1445 569 
1116 1448 1451 1439 
1117 1443 1456 915 
1118 1439 1452 1448 
1119 172 1444 974 
1120 921 1445 570 
1121 87 921 570 
1122 1452 1454 1450 
1123 1441 1452 1450 
1124 569 1445 1443 
1125 1441 1453 1452 
1126 915 1456 1442 
1127 1083 1444 185 
1128 1440 1447 1446 
1129 1440 1448 1447 
1130 914 1449 160 
1131 1447 1458 1456 
1132 1448 1455 1451 
1133 1456 1458 1442 
1134 1450 1454 1444 
1135 1442 1449 914 
1136 1445 1446 1443 
1137 1439 1454 1452 
1138 1084 1450 1083 
1139 160 1449 1085 
1140 1085 1441 1084 
1141 924 1440 923 
1142 915 1442 914 
1143 922 1445 921 
1144 569 1443 83 
1145 1441 1450 1084 
1146 1447 1456 1446 
1147 1448 1453 1447 
1148 1085 1449 1441 
1149 164 1451 925 
1150 1449 1458 1441 
1151 976 1451 164 
1152 975 1439 976 
1153 1441 1458 1453 
1154 1083 1450 1444 
1155 1440 1455 1448 
1156 1452 1453 1448 
1157 1446 1457 1440 
1158 1445 1457 1446 
1159 924 1455 1440 
1160 1440 1457 923 
1161 922 1457 1445 
1162 974 1454 975 
1163 1446 1456 1443 
1164 925 1455 924 
1165 1439 1451 976 
1166 1451 1455 925 
1167 1444 1454 974 
1168 1442 1458 1449 
1169 923 1457 922 
1170 975 1454 1439 
1171 1453 1458 1447 
2 220 2 37
1172 1465 1468 1466 
1173 1461 1468 1463 
1174 1463 1468 1460 
1175 1466 1468 1459 
1176 1462 1468 1461 
1177 1459 1468 1462 
1178 547 1462 1461 
1179 548 78 1105 
1180 93 1467 94 
1181 1105 1462 548 
1182 1461 1463 546 
1183 79 545 615 
1184 548 1462 547 
1185 545 1463 615 
1186 546 1463 545 
1187 1104 1462 1105 
1188 615 1463 614 
1189 611 1467 93 
1190 1460 1468 1465 
1191 614 1463 1460 
1192 1459 1462 1104 
1193 192 1467 1101 
1194 94 1467 192 
1195 1101 1464 1102 
1196 547 1461 546 
1197 612 1464 611 
1198 613 1465 612 
1199 614 1460 613 
1200 1103 1459 1104 
1201 612 1465 1464 
1202 1460 1465 613 
1203 1464 1466 1102 
1204 1103 1466 1459 
1205 1101 1467 1464 
1206 1464 1467 611 
1207 1465 1466 1464 
1208 1102 1466 1103 
2 221 2 68
1209 1471 1476 547 
1210 1108 1486 1474 
1211 548 1476 1106 
1212 546 1477 1471 
1213 1473 1486 1108 
1214 78 548 1106 
1215 547 1476 548 
1216 1472 1487 1480 
1217 1477 1478 1471 
1218 1108 1474 69 
1219 83 1483 569 
1220 545 1477 546 
1221 1473 1485 1481 
1222 1087 1474 1469 
1223 1471 1485 1476 
1224 1474 1486 1469 
1225 1480 1489 1472 
1226 1481 1486 1473 
1227 569 1483 1470 
1228 1482 1487 1472 
1229 1086 1482 84 
1230 1477 1479 1478 
1231 79 1475 545 
1232 557 1483 83 
1233 1483 1489 1470 
1234 1469 1482 1086 
1235 70 1474 1087 
1236 1478 1485 1471 
1237 1489 1490 1470 
1238 1475 1477 545 
1239 1479 1480 1478 
1240 1480 1481 1478 
1241 1481 1487 1486 
1242 1481 1485 1478 
1243 1486 1487 1469 
1244 84 1482 558 
1245 1473 1491 1485 
1246 1107 1473 1108 
1247 1472 1489 1483 
1248 546 1471 547 
1249 558 1472 557 
1250 1476 1491 1106 
1251 1472 1483 557 
1252 1480 1487 1481 
1253 1469 1487 1482 
1254 558 1482 1472 
1255 1106 1491 1107 
1256 1485 1491 1476 
1257 1087 1469 1086 
1258 569 1470 570 
1259 1479 1490 1489 
1260 570 1484 87 
1261 1479 1489 1480 
1262 87 1484 568 
1263 568 1488 567 
1264 567 1475 79 
1265 1477 1492 1479 
1266 1475 1492 1477 
1267 1107 1491 1473 
1268 1470 1484 570 
1269 1470 1490 1484 
1270 1484 1490 1488 
1271 1484 1488 568 
1272 567 1488 1475 
1273 1490 1492 1488 
1274 1488 1492 1475 
1275 1479 1492 1490 
1276 69 1474 70 
2 222 2 9
1277 915 1493 557 
1278 558 1063 84 
1279 1062 914 160 
1280 915 557 83 
1281 914 1493 915 
1282 557 1493 558 
1283 1062 1493 914 
1284 558 1493 1063 
1285 1063 1493 1062 
2 229 2 18
1286 196 2 197 
1287 194 195 199 
1288 194 199 200 
1289 195 198 199 
1290 193 194 1496 
1291 5 1 1494 
1292 4 5 1494 
1293 201 4 1494 
1294 195 196 1495 
1295 198 195 1495 
1296 197 3 1495 
1297 196 197 1495 
1298 200 201 1496 
1299 3 198 1495 
1300 194 200 1496 
1301 201 193 1496 
1302 193 201 1494 
1303 1 193 1494 
2 230 2 94
1304 206 207 1500 
1305 7 212 1507 
1306 206 6 207 
1307 196 195 1506 
1308 195 1505 1506 
1309 195 194 1505 
1310 196 1506 1509 
1311 1505 194 1512 
1312 213 8 1516 
1313 206 1500 1514 
1314 1507 212 1522 
1315 211 7 1507 
1316 1499 1508 1513 
1317 1508 1501 1513 
1318 1506 1499 1509 
1319 1504 1514 1517 
1320 1498 1505 1512 
1321 220 221 1518 
1322 2 196 1509 
1323 1502 1498 1510 
1324 8 1497 1516 
1325 211 1507 1515 
1326 1514 1500 1517 
1327 1502 1510 1523 
1328 1503 1507 1522 
1329 221 1511 1518 
1330 202 203 1510 
1331 1504 1502 1521 
1332 223 1502 1504 
1333 224 1498 1502 
1334 1498 225 1505 
1335 1505 226 1506 
1336 227 1499 1506 
1337 10 1503 1508 
1338 1503 218 1507 
1339 1499 228 1508 
1340 1508 1503 1516 
1341 222 1504 1517 
1342 1507 219 1515 
1343 1521 1502 1523 
1344 207 208 1500 
1345 193 1 1520 
1346 1 202 1520 
1347 194 193 1512 
1348 1510 1498 1512 
1349 1510 203 1523 
1350 210 211 1515 
1351 1508 1516 1524 
1352 1514 1504 1521 
1353 1501 1508 1524 
1354 217 216 1501 
1355 216 215 1513 
1356 215 2 1509 
1357 205 206 1514 
1358 222 223 1504 
1359 208 209 1511 
1360 223 224 1502 
1361 226 227 1506 
1362 225 226 1505 
1363 224 225 1498 
1364 218 219 1507 
1365 228 10 1508 
1366 10 218 1503 
1367 227 228 1499 
1368 1500 208 1511 
1369 9 217 1519 
1370 205 1514 1521 
1371 204 205 1521 
1372 203 204 1523 
1373 1510 1512 1520 
1374 1509 1499 1513 
1375 202 1510 1520 
1376 217 1501 1519 
1377 204 1521 1523 
1378 221 222 1517 
1379 212 213 1522 
1380 219 220 1515 
1381 1512 193 1520 
1382 209 210 1518 
1383 1519 1501 1524 
1384 1501 216 1513 
1385 1511 209 1518 
1386 215 1509 1513 
1387 1500 1511 1517 
1388 1511 221 1517 
1389 8 214 1497 
1390 214 9 1519 
1391 213 1516 1522 
1392 1497 1519 1524 
1393 1516 1497 1524 
1394 1516 1503 1522 
1395 1515 220 1518 
1396 210 1515 1518 
1397 1497 214 1519 
2 231 2 35
1398 1528 1531 1527 
1399 233 1530 1526 
1400 1528 1532 1531 
1401 1530 1533 1526 
1402 229 217 9 
1403 1526 1533 232 
1404 1527 1534 1528 
1405 233 1526 12 
1406 216 1529 1527 
1407 229 1529 217 
1408 217 1529 216 
1409 1530 1534 1525 
1410 230 1529 229 
1411 1528 1534 1530 
1412 235 1528 234 
1413 234 1530 233 
1414 1528 1530 234 
1415 1529 1534 1527 
1416 1525 1529 230 
1417 1525 1533 1530 
1418 12 1526 13 
1419 11 1526 232 
1420 216 1527 215 
1421 235 1532 1528 
1422 3 1532 235 
1423 215 1531 2 
1424 2 1531 197 
1425 1525 1534 1529 
1426 231 1525 230 
1427 197 1532 3 
1428 1527 1531 215 
1429 1531 1532 197 
1430 232 1533 231 
1431 231 1533 1525 
1432 13 1526 11 
2 232 2 38
1433 1535 1539 1540 
1434 1535 1538 1539 
1435 199 198 1538 
1436 1535 1537 1538 
1437 4 201 237 
1438 1537 199 1538 
1439 233 12 1543 
1440 1537 1535 1545 
1441 1539 1536 1540 
1442 234 233 1536 
1443 235 234 1539 
1444 241 1540 1542 
1445 234 1536 1539 
1446 14 236 1543 
1447 240 239 1535 
1448 15 241 1542 
1449 200 199 1537 
1450 241 240 1540 
1451 1539 1538 1544 
1452 1538 198 1544 
1453 235 1539 1544 
1454 1536 233 1543 
1455 238 237 1541 
1456 240 1535 1540 
1457 1542 1536 1543 
1458 12 14 1543 
1459 1540 1536 1542 
1460 236 15 1542 
1461 201 200 1541 
1462 3 235 1544 
1463 237 201 1541 
1464 1535 239 1545 
1465 200 1537 1541 
1466 198 3 1544 
1467 1541 1537 1545 
1468 238 1541 1545 
1469 239 238 1545 
1470 236 1542 1543 
2 233 2 39
1471 245 1551 1554 
1472 242 5 1556 
1473 1546 1549 1552 
1474 15 251 241 
1475 1551 1547 1554 
1476 16 246 247 
1477 1548 1553 1555 
1478 4 237 1556 
1479 1546 1552 1555 
1480 241 251 1549 
1481 1553 1546 1555 
1482 240 241 1549 
1483 1546 240 1549 
1484 251 250 1549 
1485 1548 243 1550 
1486 244 243 1548 
1487 245 244 1551 
1488 246 245 1554 
1489 243 242 1550 
1490 244 1548 1551 
1491 1551 1548 1555 
1492 237 238 1550 
1493 239 240 1546 
1494 1547 1551 1555 
1495 1549 250 1552 
1496 249 248 1547 
1497 250 249 1552 
1498 238 239 1553 
1499 5 4 1556 
1500 1548 1550 1553 
1501 247 246 1554 
1502 1552 1547 1555 
1503 248 247 1554 
1504 1550 238 1553 
1505 239 1546 1553 
1506 249 1547 1552 
1507 237 1550 1556 
1508 1547 248 1554 
1509 1550 242 1556 
2 234 2 14
1510 205 245 246 
1511 16 6 206 
1512 16 206 246 
1513 242 202 1557 
1514 1 5 1557 
1515 202 1 1557 
1516 5 242 1557 
1517 203 202 243 
1518 202 242 243 
1519 204 203 244 
1520 203 243 244 
1521 205 204 245 
1522 204 244 245 
1523 206 205 246 
2 235 2 65
1524 247 248 1564 
1525 248 1561 1564 
1526 1564 1561 1566 
1527 1562 1571 1574 
1528 1565 252 1573 
1529 15 236 1568 
1530 1565 1573 1579 
1531 236 1560 1568 
1532 209 208 1566 
1533 6 16 1578 
1534 208 1564 1566 
1535 1575 1569 1576 
1536 207 6 1578 
1537 14 13 1565 
1538 211 1562 1574 
1539 1560 1565 1579 
1540 1566 1561 1567 
1541 254 17 1563 
1542 209 1566 1570 
1543 1562 1570 1575 
1544 211 210 1562 
1545 1570 1567 1575 
1546 208 207 1564 
1547 1559 254 1563 
1548 236 14 1560 
1549 210 209 1570 
1550 1568 1560 1579 
1551 1571 1575 1576 
1552 7 211 1574 
1553 1566 1567 1570 
1554 1571 1563 1574 
1555 1559 1563 1571 
1556 1562 210 1570 
1557 251 15 1568 
1558 1569 1575 1577 
1559 250 251 1558 
1560 248 249 1561 
1561 249 250 1572 
1562 1571 1562 1575 
1563 1558 1568 1569 
1564 11 252 1565 
1565 1569 1568 1579 
1566 247 1564 1578 
1567 1567 1561 1572 
1568 250 1558 1572 
1569 1558 251 1568 
1570 1561 249 1572 
1571 253 254 1559 
1572 252 253 1573 
1573 17 255 1563 
1574 255 7 1574 
1575 1558 1569 1577 
1576 1559 1571 1576 
1577 1564 207 1578 
1578 16 247 1578 
1579 1575 1567 1577 
1580 1572 1558 1577 
1581 1567 1572 1577 
1582 1573 1576 1579 
1583 1560 14 1565 
1584 1576 1569 1579 
1585 253 1559 1573 
1586 1573 1559 1576 
1587 1563 255 1574 
1588 13 11 1565 
2 236 2 8
1589 213 212 1580 
1590 213 256 257 
1591 256 213 1580 
1592 255 17 1580 
1593 212 255 1580 
1594 17 256 1580 
1595 212 7 255 
1596 8 213 257 
2 237 2 24
1597 229 9 214 
1598 230 1582 1585 
1599 11 232 252 
1600 1582 1581 1585 
1601 230 229 1582 
1602 8 257 1582 
1603 257 1581 1582 
1604 232 231 1583 
1605 229 214 1582 
1606 254 253 1584 
1607 257 256 1581 
1608 253 252 1583 
1609 1583 231 1585 
1610 252 232 1583 
1611 231 230 1585 
1612 214 8 1582 
1613 17 254 1586 
1614 1584 1583 1585 
1615 253 1583 1584 
1616 254 1584 1586 
1617 256 17 1586 
1618 1584 1581 1586 
1619 1581 256 1586 
1620 1581 1584 1585 
2 238 2 44
1621 1588 1591 1594 
1622 1589 1596 1600 
1623 1590 1600 1602 
1624 1596 1595 1600 
1625 1600 1595 1602 
1626 1594 1595 1596 
1627 1596 1589 1603 
1628 1588 1594 1596 
1629 1600 1590 1601 
1630 225 224 1590 
1631 219 218 1588 
1632 222 221 1589 
1633 227 226 1587 
1634 10 228 1591 
1635 1594 1593 1595 
1636 1599 1589 1600 
1637 227 1587 1592 
1638 220 219 1597 
1639 224 223 1601 
1640 219 1588 1597 
1641 1590 224 1601 
1642 1595 1593 1602 
1643 1588 1596 1597 
1644 226 225 1598 
1645 228 227 1592 
1646 221 220 1603 
1647 1599 1600 1601 
1648 1597 1596 1603 
1649 225 1590 1598 
1650 1591 1593 1594 
1651 1587 226 1598 
1652 1589 221 1603 
1653 222 1589 1599 
1654 223 222 1599 
1655 1592 1587 1593 
1656 1591 228 1592 
1657 1598 1590 1602 
1658 1593 1587 1602 
1659 220 1597 1603 
1660 1587 1598 1602 
1661 1591 1592 1593 
1662 223 1599 1601 
1663 218 10 1591 
1664 1588 218 1591 
2 239 2 142
1665 23 1605 1612 
1666 283 1618 1636 
1667 1611 283 1636 
1668 1640 277 1642 
1669 1607 1633 1647 
1670 1625 1607 1647 
1671 262 1615 1627 
1672 1619 1617 1622 
1673 1619 1622 1648 
1674 261 262 1627 
1675 1617 1640 1642 
1676 1632 281 1639 
1677 276 22 1632 
1678 1626 1624 1629 
1679 1612 1605 1628 
1680 291 23 1612 
1681 282 283 1611 
1682 1627 1615 1646 
1683 1622 258 1648 
1684 1616 1632 1639 
1685 261 1627 1636 
1686 1608 276 1632 
1687 1613 1629 1637 
1688 1610 1643 1647 
1689 260 261 1636 
1690 1607 269 1633 
1691 1637 1624 1641 
1692 1614 1626 1629 
1693 278 277 1640 
1694 20 272 1631 
1695 1613 1637 1645 
1696 1624 1623 1641 
1697 1606 273 1623 
1698 1606 1623 1624 
1699 269 19 1633 
1700 273 21 1623 
1701 1635 1638 1646 
1702 279 278 1651 
1703 2 258 1622 
1704 1620 1612 1628 
1705 1629 1624 1637 
1706 1610 1631 1643 
1707 1614 1625 1626 
1708 1621 1627 1646 
1709 1638 1630 1646 
1710 1614 1620 1625 
1711 1622 1617 1642 
1712 281 280 1639 
1713 1628 1621 1630 
1714 262 263 1615 
1715 1618 1648 1650 
1716 1618 1619 1648 
1717 271 20 1631 
1718 278 1640 1651 
1719 1624 1626 1643 
1720 1614 1612 1620 
1721 1643 1626 1647 
1722 1621 1611 1627 
1723 272 1606 1631 
1724 1605 1621 1628 
1725 1604 1614 1629 
1726 280 279 1651 
1727 22 281 1632 
1728 1627 1611 1636 
1729 1607 1625 1649 
1730 1613 1604 1629 
1731 268 269 1607 
1732 267 268 1634 
1733 266 267 1609 
1734 19 270 1633 
1735 270 271 1610 
1736 3 197 1642 
1737 1644 1634 1649 
1738 264 265 1635 
1739 1639 280 1651 
1740 277 3 1642 
1741 1630 1609 1644 
1742 1608 1632 1645 
1743 1628 1630 1644 
1744 263 18 1652 
1745 1609 1634 1644 
1746 265 266 1638 
1747 1606 1624 1643 
1748 1620 1628 1644 
1749 1609 267 1634 
1750 1640 24 1651 
1751 18 264 1652 
1752 287 1639 1651 
1753 272 273 1606 
1754 1609 1630 1638 
1755 268 1607 1634 
1756 1618 284 1619 
1757 289 1613 1616 
1758 290 1604 1613 
1759 1617 286 1640 
1760 285 1617 1619 
1761 288 1616 1639 
1762 1610 271 1631 
1763 1615 1635 1646 
1764 270 1610 1633 
1765 1604 1612 1614 
1766 1605 1611 1621 
1767 266 1609 1638 
1768 1635 265 1638 
1769 1630 1621 1646 
1770 1626 1625 1647 
1771 1616 1613 1645 
1772 1620 1644 1649 
1773 21 274 1623 
1774 1633 1610 1647 
1775 274 275 1641 
1776 275 276 1608 
1777 258 259 1648 
1778 1625 1620 1649 
1779 1631 1606 1643 
1780 1637 1608 1645 
1781 197 2 1622 
1782 1615 263 1652 
1783 259 260 1650 
1784 23 282 1605 
1785 1648 259 1650 
1786 283 284 1618 
1787 1608 1637 1641 
1788 288 289 1616 
1789 289 290 1613 
1790 284 285 1619 
1791 290 291 1604 
1792 285 286 1617 
1793 287 288 1639 
1794 286 24 1640 
1795 1605 282 1611 
1796 1604 291 1612 
1797 1632 1616 1645 
1798 260 1636 1650 
1799 197 1622 1642 
1800 1636 1618 1650 
1801 1634 1607 1649 
1802 1635 1615 1652 
1803 264 1635 1652 
1804 1623 274 1641 
1805 24 287 1651 
1806 275 1608 1641 
2 240 2 34
1807 217 1653 1656 
1808 216 217 1656 
1809 1653 217 1657 
1810 2 215 258 
1811 294 293 1655 
1812 1655 293 1658 
1813 258 215 1656 
1814 215 216 1656 
1815 260 259 1653 
1816 261 260 1654 
1817 260 1653 1654 
1818 262 1655 1658 
1819 259 258 1656 
1820 1653 259 1656 
1821 18 263 1659 
1822 261 1654 1655 
1823 296 295 1661 
1824 295 1654 1661 
1825 262 261 1655 
1826 9 296 1657 
1827 1654 295 1660 
1828 263 262 1658 
1829 1655 1654 1660 
1830 217 9 1657 
1831 293 292 1658 
1832 1654 1653 1661 
1833 292 25 1659 
1834 1658 292 1659 
1835 295 294 1660 
1836 25 18 1659 
1837 294 1655 1660 
1838 263 1658 1659 
1839 1657 296 1661 
1840 1653 1657 1661 
2 241 2 20
1841 299 300 265 
1842 301 302 267 
1843 267 302 268 
1844 265 300 266 
1845 300 301 266 
1846 269 297 19 
1847 266 301 267 
1848 269 1662 297 
1849 268 1662 269 
1850 297 1662 26 
1851 302 1662 268 
1852 26 1662 302 
1853 18 1663 264 
1854 264 1664 265 
1855 298 1663 25 
1856 299 1664 298 
1857 265 1664 299 
1858 298 1664 264 
1859 264 1663 298 
1860 25 1663 18 
2 242 2 20
1861 26 304 297 
1862 1666 305 1667 
1863 306 305 1666 
1864 297 304 1665 
1865 20 271 1667 
1866 271 1666 1667 
1867 297 1665 1669 
1868 271 270 1666 
1869 19 297 1669 
1870 1665 1666 1669 
1871 1666 270 1669 
1872 270 19 1669 
1873 304 303 1665 
1874 305 28 1667 
1875 1666 1665 1668 
1876 306 1666 1668 
1877 27 306 1668 
1878 303 27 1668 
1879 1665 303 1668 
1880 28 20 1667 
2 243 2 6
1881 21 273 307 
1882 20 28 272 
1883 29 21 307 
1884 28 308 272 
1885 308 273 272 
1886 273 308 307 
2 244 2 11
1887 276 310 311 
1888 22 276 1670 
1889 311 312 1670 
1890 276 311 1670 
1891 312 22 1670 
1892 21 29 274 
1893 274 29 309 
1894 30 312 311 
1895 275 274 309 
1896 276 275 310 
1897 275 309 310 
2 245 2 30
1898 1672 1674 281 
1899 281 1674 280 
1900 1673 1678 1671 
1901 22 1672 281 
1902 1671 1678 1676 
1903 313 1674 1672 
1904 3 277 235 
1905 313 1672 30 
1906 234 1673 233 
1907 314 1674 313 
1908 315 1671 314 
1909 1671 1677 1673 
1910 1674 1676 280 
1911 1671 1674 314 
1912 278 1675 277 
1913 235 1675 234 
1914 234 1675 1673 
1915 233 1677 12 
1916 12 1677 315 
1917 1675 1678 1673 
1918 277 1675 235 
1919 280 1676 279 
1920 278 1678 1675 
1921 1673 1677 233 
1922 315 1677 1671 
1923 1671 1676 1674 
1924 279 1678 278 
1925 1676 1678 279 
1926 30 1672 312 
1927 312 1672 22 
2 246 2 19
1928 316 24 1681 
1929 23 319 1680 
1930 282 23 1680 
1931 24 286 1681 
1932 319 318 1680 
1933 317 316 1681 
1934 318 1679 1680 
1935 1679 317 1681 
1936 286 285 1681 
1937 283 282 1680 
1938 318 317 1679 
1939 1680 1679 1683 
1940 285 284 1682 
1941 1681 285 1682 
1942 1679 1681 1682 
1943 283 1680 1683 
1944 284 283 1683 
1945 1679 1682 1683 
1946 1682 284 1683 
2 247 2 19
1947 319 23 1685 
1948 24 316 1686 
1949 23 291 1685 
1950 287 24 1686 
1951 316 317 1686 
1952 318 319 1685 
1953 317 1684 1686 
1954 1684 318 1685 
1955 288 287 1686 
1956 291 290 1685 
1957 317 318 1684 
1958 1686 1684 1688 
1959 290 289 1687 
1960 1685 290 1687 
1961 1684 1685 1687 
1962 288 1686 1688 
1963 289 288 1688 
1964 1684 1687 1688 
1965 1687 289 1688 
2 248 2 102
1966 293 1714 292 
1967 1689 1706 1704 
1968 1714 1726 292 
1969 1715 1718 1712 
1970 1708 1719 1696 
1971 1693 1723 1706 
1972 1706 1716 1693 
1973 1696 1721 1708 
1974 1689 1724 1706 
1975 1709 1720 1715 
1976 1692 1710 1703 
1977 1703 1712 1692 
1978 1694 1718 1715 
1979 1703 1715 1712 
1980 1710 1713 1711 
1981 320 1722 31 
1982 1692 1713 1710 
1983 1704 1717 1689 
1984 1715 1720 1694 
1985 1695 1714 1711 
1986 301 1712 302 
1987 1708 1723 1719 
1988 1711 1713 1695 
1989 1692 1712 301 
1990 229 1716 9 
1991 1705 1708 1707 
1992 1704 1705 1701 
1993 1698 1707 1697 
1994 1702 1704 1701 
1995 1690 1699 1698 
1996 1699 1700 1698 
1997 1701 1707 1698 
1998 1705 1707 1701 
1999 1700 1701 1698 
2000 1704 1706 1705 
2001 1699 1703 1700 
2002 1721 1722 320 
2003 1707 1708 1691 
2004 1696 1722 1721 
2005 1700 1702 1701 
2006 1697 1707 1691 
2007 1710 1711 1702 
2008 1703 1710 1700 
2009 1700 1710 1702 
2010 324 1690 323 
2011 322 1691 321 
2012 1690 1698 1697 
2013 323 1697 322 
2014 325 1709 324 
2015 1690 1697 323 
2016 324 1709 1690 
2017 322 1697 1691 
2018 26 1718 304 
2019 1690 1709 1699 
2020 1702 1717 1704 
2021 298 1695 299 
2022 300 1692 301 
2023 299 1713 300 
2024 1709 1715 1699 
2025 9 1716 296 
2026 325 1720 1709 
2027 1699 1715 1703 
2028 1714 1717 1711 
2029 1695 1726 1714 
2030 302 1718 26 
2031 295 1689 294 
2032 1706 1723 1705 
2033 321 1721 320 
2034 1695 1713 299 
2035 300 1713 1692 
2036 1711 1717 1702 
2037 27 1720 325 
2038 11 1722 232 
2039 1708 1721 1691 
2040 25 1726 298 
2041 292 1726 25 
2042 1712 1718 302 
2043 293 1725 1714 
2044 1693 1716 229 
2045 294 1725 293 
2046 1691 1721 321 
2047 231 1719 230 
2048 230 1693 229 
2049 232 1696 231 
2050 304 1694 303 
2051 303 1720 27 
2052 1705 1723 1708 
2053 304 1718 1694 
2054 295 1724 1689 
2055 1716 1724 296 
2056 1706 1724 1716 
2057 296 1724 295 
2058 31 1722 11 
2059 1714 1725 1717 
2060 1719 1723 1693 
2061 1717 1725 1689 
2062 230 1719 1693 
2063 1696 1719 231 
2064 1689 1725 294 
2065 298 1726 1695 
2066 1694 1720 303 
2067 232 1722 1696 
2 249 2 77
2068 342 329 330 
2069 342 343 329 
2070 334 333 1731 
2071 342 330 1735 
2072 343 328 329 
2073 1730 334 1731 
2074 1729 1727 1732 
2075 341 342 1735 
2076 1732 1727 1746 
2077 281 22 326 
2078 335 334 1730 
2079 1734 1729 1737 
2080 1729 1736 1737 
2081 333 332 1739 
2082 339 1727 1729 
2083 35 1730 1731 
2084 337 338 1734 
2085 281 326 1733 
2086 1731 333 1739 
2087 338 1729 1734 
2088 335 1730 1745 
2089 1727 340 1739 
2090 34 337 1742 
2091 340 1731 1739 
2092 280 281 1738 
2093 281 1733 1738 
2094 277 278 1734 
2095 337 1734 1742 
2096 1730 1735 1745 
2097 34 1742 1743 
2098 199 198 1736 
2099 200 199 1732 
2100 1729 1732 1736 
2101 326 327 1733 
2102 339 340 1727 
2103 340 35 1731 
2104 35 341 1730 
2105 338 339 1729 
2106 328 343 1740 
2107 3 277 1737 
2108 330 331 1735 
2109 327 328 1740 
2110 198 3 1737 
2111 344 34 1738 
2112 201 200 1741 
2113 277 1734 1737 
2114 33 336 1728 
2115 1734 278 1742 
2116 1741 1732 1746 
2117 1733 344 1738 
2118 1732 199 1736 
2119 32 335 1745 
2120 343 344 1740 
2121 4 201 1744 
2122 1736 198 1737 
2123 279 280 1743 
2124 278 279 1742 
2125 332 33 1747 
2126 344 1733 1740 
2127 200 1732 1741 
2128 1730 341 1735 
2129 1727 1739 1746 
2130 1746 1739 1747 
2131 331 32 1745 
2132 1742 279 1743 
2133 1735 331 1745 
2134 201 1741 1744 
2135 1728 1746 1747 
2136 1733 327 1740 
2137 336 4 1744 
2138 1741 1728 1744 
2139 1739 332 1747 
2140 33 1728 1747 
2141 1728 336 1744 
2142 1728 1741 1746 
2143 1738 34 1743 
2144 280 1738 1743 
2 250 2 41
2145 38 350 1753 
2146 1748 345 1749 
2147 1752 1750 1753 
2148 326 312 1751 
2149 1748 1749 1752 
2150 36 345 1748 
2151 1753 1750 1756 
2152 348 38 1753 
2153 30 349 1751 
2154 1748 1752 1753 
2155 350 1748 1753 
2156 32 331 1758 
2157 346 347 1754 
2158 37 32 1758 
2159 1751 349 1755 
2160 328 327 1750 
2161 1755 349 1756 
2162 1749 346 1754 
2163 345 346 1749 
2164 327 326 1755 
2165 1752 1749 1757 
2166 349 348 1756 
2167 347 37 1758 
2168 331 330 1754 
2169 1750 327 1755 
2170 326 1751 1755 
2171 1750 1752 1759 
2172 328 1750 1759 
2173 348 1753 1756 
2174 330 329 1757 
2175 1752 1757 1759 
2176 1749 1754 1757 
2177 1754 330 1757 
2178 350 36 1748 
2179 1750 1755 1756 
2180 329 328 1759 
2181 1757 329 1759 
2182 312 30 1751 
2183 1754 347 1758 
2184 331 1754 1758 
2185 22 312 326 
2 251 2 11
2186 351 335 1760 
2187 32 37 1760 
2188 335 32 1760 
2189 33 332 354 
2190 37 351 1760 
2191 332 333 354 
2192 333 334 353 
2193 333 353 354 
2194 334 335 352 
2195 334 352 353 
2196 335 351 352 
2 252 2 65
2197 1768 1764 1772 
2198 1764 1768 1771 
2199 240 1762 1767 
2200 241 240 1767 
2201 36 357 1773 
2202 1767 1762 1768 
2203 1769 1768 1781 
2204 1768 1772 1781 
2205 1775 238 1777 
2206 357 1763 1773 
2207 4 336 237 
2208 15 241 1765 
2209 1767 1768 1769 
2210 40 355 1763 
2211 1768 1762 1771 
2212 1765 241 1767 
2213 1766 1775 1777 
2214 1766 1771 1775 
2215 1761 1772 1776 
2216 238 237 1777 
2217 33 354 1766 
2218 1764 1771 1778 
2219 1772 1764 1774 
2220 353 352 1764 
2221 1771 1766 1778 
2222 240 239 1762 
2223 39 356 1770 
2224 345 36 1773 
2225 352 351 1774 
2226 1771 1762 1775 
2227 239 238 1775 
2228 1772 1774 1776 
2229 1767 1769 1779 
2230 1764 352 1774 
2231 356 1765 1770 
2232 1762 239 1775 
2233 1772 1761 1781 
2234 1765 1767 1779 
2235 346 345 1761 
2236 347 346 1776 
2237 1773 1763 1782 
2238 237 336 1777 
2239 353 1764 1778 
2240 1776 1774 1780 
2241 1774 351 1780 
2242 1763 355 1770 
2243 357 40 1763 
2244 1763 1770 1779 
2245 336 33 1777 
2246 1766 354 1778 
2247 351 37 1780 
2248 354 353 1778 
2249 1763 1779 1782 
2250 1761 345 1773 
2251 346 1761 1776 
2252 356 15 1765 
2253 33 1766 1777 
2254 1770 1765 1779 
2255 1781 1773 1782 
2256 347 1776 1780 
2257 1761 1773 1781 
2258 37 347 1780 
2259 1769 1781 1782 
2260 355 39 1770 
2261 1779 1769 1782 
2 253 2 13
2262 35 340 1785 
2263 358 35 1785 
2264 359 1783 1784 
2265 1783 359 1785 
2266 359 358 1785 
2267 360 359 1784 
2268 337 34 1784 
2269 34 360 1784 
2270 1783 338 1784 
2271 339 338 1783 
2272 338 337 1784 
2273 339 1783 1785 
2274 340 339 1785 
2 254 2 13
2275 34 344 1787 
2276 360 34 1787 
2277 359 1786 1788 
2278 1786 359 1787 
2279 359 360 1787 
2280 358 359 1788 
2281 341 35 1788 
2282 35 358 1788 
2283 1786 342 1788 
2284 343 342 1786 
2285 342 341 1788 
2286 343 1786 1787 
2287 344 343 1787 
2 255 2 3
2288 4 361 5 
2289 361 4 336 
2290 361 336 33 
2 256 2 94
2291 1795 383 1801 
2292 383 1795 1798 
2293 351 1802 1804 
2294 43 371 1795 
2295 1806 245 1807 
2296 378 1800 1804 
2297 1800 353 1804 
2298 242 1794 1805 
2299 243 242 1805 
2300 246 245 1806 
2301 1794 242 1815 
2302 383 44 1801 
2303 352 351 1804 
2304 1793 1806 1807 
2305 365 364 1799 
2306 353 352 1804 
2307 1802 351 1810 
2308 371 1789 1795 
2309 378 379 1800 
2310 370 369 1797 
2311 365 1799 1803 
2312 1795 1789 1798 
2313 1794 1790 1805 
2314 375 376 1813 
2315 1790 380 1792 
2316 1797 373 1799 
2317 1792 381 1793 
2318 1802 377 1804 
2319 1790 1794 1808 
2320 1793 382 1798 
2321 351 37 1810 
2322 1790 1792 1805 
2323 1799 374 1803 
2324 368 43 1795 
2325 1797 369 1801 
2326 379 1790 1800 
2327 1798 1789 1806 
2328 1793 1798 1806 
2329 1796 375 1813 
2330 374 375 1803 
2331 369 368 1801 
2332 1792 1793 1807 
2333 354 353 1800 
2334 16 246 1811 
2335 367 366 1796 
2336 364 42 1812 
2337 44 1797 1801 
2338 366 365 1803 
2339 1797 1799 1812 
2340 44 373 1797 
2341 380 381 1792 
2342 375 1796 1803 
2343 376 377 1802 
2344 379 380 1790 
2345 361 33 1794 
2346 382 383 1798 
2347 381 382 1793 
2348 373 374 1799 
2349 41 367 1809 
2350 1800 1790 1808 
2351 245 244 1807 
2352 33 354 1808 
2353 377 378 1804 
2354 370 1797 1812 
2355 242 5 1815 
2356 243 1805 1814 
2357 42 370 1812 
2358 1792 1807 1814 
2359 1799 364 1812 
2360 244 243 1814 
2361 368 1795 1801 
2362 367 1796 1809 
2363 376 1802 1813 
2364 362 41 1809 
2365 246 1806 1811 
2366 363 362 1791 
2367 37 363 1810 
2368 354 1800 1808 
2369 1802 1791 1813 
2370 1796 366 1803 
2371 372 16 1811 
2372 371 372 1789 
2373 1807 244 1814 
2374 1805 1792 1814 
2375 1791 1802 1810 
2376 5 361 1815 
2377 1794 33 1808 
2378 1809 1796 1813 
2379 1806 1789 1811 
2380 361 1794 1815 
2381 1791 362 1809 
2382 363 1791 1810 
2383 1791 1809 1813 
2384 1789 372 1811 
2 257 2 50
2385 384 1818 1828 
2386 1820 384 1828 
2387 1816 1820 1830 
2388 1820 1816 1826 
2389 16 372 247 
2390 1822 1821 1827 
2391 1819 1822 1827 
2392 389 388 1822 
2393 388 1816 1822 
2394 384 45 1818 
2395 1817 1825 1830 
2396 1821 1822 1823 
2397 1825 1823 1830 
2398 1823 1816 1830 
2399 43 389 1819 
2400 1822 1816 1823 
2401 1819 389 1822 
2402 1824 1817 1828 
2403 1824 1828 1829 
2404 247 372 1831 
2405 1821 1823 1825 
2406 385 384 1820 
2407 249 248 1821 
2408 251 250 1817 
2409 251 1817 1824 
2410 15 251 1824 
2411 388 387 1816 
2412 250 249 1825 
2413 386 39 1829 
2414 248 247 1827 
2415 1828 1817 1830 
2416 46 385 1826 
2417 249 1821 1825 
2418 1817 250 1825 
2419 385 1820 1826 
2420 1828 1818 1829 
2421 387 46 1826 
2422 1821 248 1827 
2423 371 43 1819 
2424 39 356 1829 
2425 356 15 1824 
2426 1816 387 1826 
2427 1827 247 1831 
2428 1820 1828 1830 
2429 45 386 1818 
2430 372 371 1831 
2431 1818 386 1829 
2432 371 1819 1831 
2433 356 1824 1829 
2434 1819 1827 1831 
2 258 2 12
2435 36 391 345 
2436 362 390 41 
2437 362 1832 390 
2438 347 363 37 
2439 363 1832 362 
2440 347 1832 363 
2441 390 1833 391 
2442 391 1833 345 
2443 345 1833 346 
2444 346 1832 347 
2445 1832 1833 390 
2446 346 1833 1832 
2 259 2 39
2447 1834 1841 391 
2448 36 1834 391 
2449 367 1839 366 
2450 391 1841 1839 
2451 1840 1845 1838 
2452 390 1839 367 
2453 384 1842 1837 
2454 1835 1842 384 
2455 1838 1845 1835 
2456 366 1839 1836 
2457 41 390 367 
2458 384 1837 45 
2459 1838 1844 1840 
2460 391 1839 390 
2461 385 1835 384 
2462 46 1838 385 
2463 365 1840 364 
2464 366 1836 365 
2465 385 1838 1835 
2466 1839 1841 1836 
2467 392 1838 46 
2468 1836 1840 365 
2469 393 1843 40 
2470 1834 1842 1841 
2471 357 1834 36 
2472 40 1843 357 
2473 1841 1845 1836 
2474 1840 1844 364 
2475 1836 1845 1840 
2476 364 1844 42 
2477 42 1844 392 
2478 1834 1843 1842 
2479 392 1844 1838 
2480 1842 1845 1841 
2481 1835 1845 1842 
2482 1842 1843 1837 
2483 45 1837 393 
2484 357 1843 1834 
2485 1837 1843 393 
2 260 2 10
2486 388 369 387 
2487 369 1846 387 
2488 42 392 370 
2489 370 1846 369 
2490 46 1846 392 
2491 387 1846 46 
2492 392 1846 370 
2493 43 368 389 
2494 368 369 388 
2495 389 368 388 
2 261 2 46
2496 383 394 44 
2497 44 394 373 
2498 395 394 1851 
2499 394 395 1852 
2500 394 383 1851 
2501 373 394 1852 
2502 47 1847 1857 
2503 1857 1847 1860 
2504 1847 395 1851 
2505 395 1849 1852 
2506 1853 1849 1856 
2507 1856 47 1857 
2508 1848 1856 1857 
2509 380 379 1850 
2510 376 375 1853 
2511 378 377 1848 
2512 382 381 1854 
2513 383 382 1851 
2514 374 373 1852 
2515 1851 382 1854 
2516 1849 1853 1859 
2517 379 378 1858 
2518 375 374 1859 
2519 1847 1854 1860 
2520 1848 1855 1856 
2521 1848 377 1855 
2522 381 380 1861 
2523 1849 47 1856 
2524 47 395 1847 
2525 395 47 1849 
2526 377 376 1855 
2527 1850 379 1858 
2528 1853 375 1859 
2529 378 1848 1858 
2530 374 1852 1859 
2531 1847 1851 1854 
2532 1854 381 1861 
2533 1848 1857 1858 
2534 1855 1853 1856 
2535 1860 1854 1861 
2536 380 1850 1861 
2537 376 1853 1855 
2538 1852 1849 1859 
2539 1857 1850 1858 
2540 1850 1857 1860 
2541 1850 1860 1861 
2 262 2 32
2542 398 399 1864 
2543 211 403 50 
2544 7 211 50 
2545 209 208 1865 
2546 1865 208 1867 
2547 399 1862 1864 
2548 398 1864 1868 
2549 48 49 1868 
2550 1863 209 1865 
2551 403 211 1866 
2552 210 209 1863 
2553 397 48 1868 
2554 49 398 1868 
2555 396 397 1864 
2556 401 402 1863 
2557 400 401 1865 
2558 399 400 1862 
2559 1862 1865 1867 
2560 207 6 1869 
2561 6 396 1869 
2562 1864 1862 1867 
2563 211 210 1866 
2564 208 207 1867 
2565 401 1863 1865 
2566 1862 400 1865 
2567 210 1863 1866 
2568 1864 1867 1869 
2569 402 403 1866 
2570 1864 397 1868 
2571 1863 402 1866 
2572 396 1864 1869 
2573 1867 207 1869 
2 263 2 15
2574 372 371 1870 
2575 48 397 404 
2576 43 406 371 
2577 371 406 1870 
2578 396 6 1872 
2579 1870 396 1872 
2580 406 405 1870 
2581 396 1870 1871 
2582 397 396 1871 
2583 405 404 1871 
2584 6 16 1872 
2585 372 1870 1872 
2586 404 397 1871 
2587 1870 405 1871 
2588 16 372 1872 
2 264 2 64
2589 414 1892 416 
2590 52 414 416 
2591 1875 1881 1880 
2592 1875 1890 1881 
2593 1879 1892 1884 
2594 416 1892 1877 
2595 1877 1892 1879 
2596 389 1880 43 
2597 1875 1880 389 
2598 1881 1891 1886 
2599 404 1883 48 
2600 49 1883 407 
2601 1874 1889 1886 
2602 1891 1894 1886 
2603 1886 1889 1882 
2604 48 1883 49 
2605 1879 1890 1887 
2606 43 1880 406 
2607 416 1877 415 
2608 415 1878 46 
2609 46 1878 387 
2610 405 1882 404 
2611 406 1876 405 
2612 1887 1890 1875 
2613 1877 1879 1878 
2614 1884 1893 1879 
2615 1880 1881 1876 
2616 1881 1886 1876 
2617 412 1884 413 
2618 411 1873 412 
2619 410 1885 411 
2620 1890 1891 1881 
2621 51 1888 410 
2622 1876 1882 405 
2623 387 1887 388 
2624 388 1875 389 
2625 1876 1886 1882 
2626 409 1888 51 
2627 408 1874 409 
2628 1877 1878 415 
2629 406 1880 1876 
2630 407 1889 408 
2631 1890 1893 1891 
2632 1879 1887 1878 
2633 413 1892 414 
2634 1882 1883 404 
2635 1873 1884 412 
2636 1878 1887 387 
2637 411 1885 1873 
2638 410 1888 1885 
2639 1886 1894 1874 
2640 388 1887 1875 
2641 1884 1892 413 
2642 1874 1888 409 
2643 1885 1891 1873 
2644 1882 1889 1883 
2645 408 1889 1874 
2646 1879 1893 1890 
2647 1885 1894 1891 
2648 1891 1893 1873 
2649 1883 1889 407 
2650 1873 1893 1884 
2651 1888 1894 1885 
2652 1874 1894 1888 
2 265 2 56
2653 1898 1904 1906 
2654 1904 1895 1906 
2655 1899 1908 1911 
2656 1900 1899 1911 
2657 1908 1896 1911 
2658 1902 1898 1906 
2659 398 49 407 
2660 1900 399 1907 
2661 1899 1900 1907 
2662 53 54 1901 
2663 1896 1904 1911 
2664 1904 1896 1909 
2665 54 422 1901 
2666 1895 1904 1909 
2667 417 53 1901 
2668 399 398 1907 
2669 398 407 1907 
2670 1897 1906 1910 
2671 402 401 1898 
2672 1906 1905 1910 
2673 400 399 1900 
2674 403 402 1902 
2675 401 400 1903 
2676 407 408 1907 
2677 418 417 1905 
2678 1897 1902 1906 
2679 421 420 1896 
2680 419 418 1895 
2681 1898 1903 1904 
2682 51 421 1908 
2683 402 1898 1902 
2684 1898 401 1903 
2685 423 424 1897 
2686 420 419 1909 
2687 400 1900 1903 
2688 409 51 1908 
2689 408 409 1899 
2690 1895 1905 1906 
2691 1902 1897 1912 
2692 422 423 1910 
2693 1904 1903 1911 
2694 1895 418 1905 
2695 1896 420 1909 
2696 419 1895 1909 
2697 421 1896 1908 
2698 408 1899 1907 
2699 403 1902 1912 
2700 417 1901 1905 
2701 1903 1900 1911 
2702 423 1897 1910 
2703 50 403 1912 
2704 1899 409 1908 
2705 1905 1901 1910 
2706 1897 424 1912 
2707 424 50 1912 
2708 1901 422 1910 
2 266 2 14
2709 55 425 422 
2710 17 255 427 
2711 425 1914 423 
2712 425 423 422 
2713 426 1914 425 
2714 255 1913 427 
2715 1913 1914 427 
2716 427 1914 426 
2717 424 1913 50 
2718 424 1914 1913 
2719 50 1913 7 
2720 7 1913 255 
2721 423 1914 424 
2722 422 54 55 
2 267 2 42
2723 57 428 1929 
2724 1927 1916 1930 
2725 428 1916 1929 
2726 1916 1927 1929 
2727 1915 1921 1928 
2728 1919 1927 1930 
2729 1928 1926 1932 
2730 1924 1926 1928 
2731 1915 1920 1921 
2732 428 57 1922 
2733 1918 428 1922 
2734 429 1918 1920 
2735 1915 1928 1932 
2736 1921 1923 1928 
2737 56 430 1920 
2738 1919 56 1932 
2739 430 429 1920 
2740 1931 1919 1932 
2741 1920 1918 1921 
2742 56 1915 1932 
2743 1927 1919 1931 
2744 1921 1918 1922 
2745 1923 1924 1928 
2746 1926 1925 1927 
2747 1924 1925 1926 
2748 428 429 1916 
2749 429 428 1918 
2750 430 56 1919 
2751 1927 1925 1929 
2752 1924 1917 1925 
2753 1925 1917 1929 
2754 1917 57 1929 
2755 429 430 1930 
2756 1916 429 1930 
2757 1921 1922 1923 
2758 1923 1917 1924 
2759 57 1917 1922 
2760 430 1919 1930 
2761 1926 1927 1931 
2762 1922 1917 1923 
2763 1926 1931 1932 
2764 1915 56 1920 
2 268 2 91
2765 436 59 444 
2766 1933 1948 1953 
2767 431 432 455 
2768 449 448 1944 
2769 1933 1937 1948 
2770 443 442 1946 
2771 436 444 1952 
2772 1934 1945 1947 
2773 447 446 1942 
2774 1934 1935 1945 
2775 1935 1933 1946 
2776 1944 448 1955 
2777 1948 1940 1953 
2778 432 454 455 
2779 1936 443 1946 
2780 442 1945 1946 
2781 212 7 1941 
2782 433 434 453 
2783 1946 1933 1953 
2784 212 1941 1943 
2785 447 1942 1955 
2786 432 433 454 
2787 433 453 454 
2788 1945 1935 1946 
2789 1944 1934 1947 
2790 1938 1934 1944 
2791 444 1936 1952 
2792 431 455 1957 
2793 449 1944 1954 
2794 444 443 1936 
2795 442 441 1945 
2796 453 434 1950 
2797 1941 456 1943 
2798 1938 1944 1955 
2799 1934 61 1935 
2800 460 1934 1938 
2801 450 1933 1935 
2802 459 1938 1942 
2803 1933 451 1937 
2804 1939 458 1942 
2805 457 1939 1943 
2806 50 431 1957 
2807 452 453 1950 
2808 435 58 1949 
2809 1943 1939 1958 
2810 1940 1952 1953 
2811 1945 441 1947 
2812 1942 1938 1955 
2813 1952 1936 1953 
2814 1942 446 1956 
2815 1939 1951 1958 
2816 441 440 1947 
2817 1936 1946 1953 
2818 212 1943 1958 
2819 456 1941 1957 
2820 1944 1947 1954 
2821 58 439 1949 
2822 439 438 1948 
2823 435 1949 1950 
2824 438 437 1940 
2825 1947 440 1954 
2826 1939 1942 1956 
2827 437 436 1952 
2828 8 213 1951 
2829 445 8 1951 
2830 460 61 1934 
2831 440 60 1954 
2832 61 450 1935 
2833 1941 50 1957 
2834 459 460 1938 
2835 450 451 1933 
2836 458 459 1942 
2837 457 458 1939 
2838 451 452 1937 
2839 456 457 1943 
2840 1948 1937 1949 
2841 455 456 1957 
2842 7 50 1941 
2843 60 449 1954 
2844 448 447 1955 
2845 446 445 1956 
2846 1949 1937 1950 
2847 434 435 1950 
2848 439 1948 1949 
2849 438 1940 1948 
2850 1937 452 1950 
2851 1940 437 1952 
2852 445 1951 1956 
2853 213 212 1958 
2854 1951 213 1958 
2855 1951 1939 1956 
2 269 2 27
2856 50 424 431 
2857 461 1959 1961 
2858 1961 1959 1964 
2859 58 435 462 
2860 461 62 1959 
2861 1960 1961 1964 
2862 1960 432 1963 
2863 433 432 1960 
2864 1962 434 1964 
2865 54 461 1961 
2866 435 434 1962 
2867 432 431 1963 
2868 62 463 1959 
2869 422 54 1961 
2870 1960 1963 1965 
2871 1959 1962 1964 
2872 433 1960 1964 
2873 434 433 1964 
2874 463 462 1962 
2875 462 435 1962 
2876 424 423 1963 
2877 1959 463 1962 
2878 422 1961 1965 
2879 431 424 1963 
2880 423 422 1965 
2881 1961 1960 1965 
2882 1963 423 1965 
2 270 2 30
2883 1966 1972 1971 
2884 1971 1972 1967 
2885 1966 1971 466 
2886 463 1968 462 
2887 64 1966 466 
2888 62 468 463 
2889 468 1968 463 
2890 436 1973 59 
2891 1967 1970 1968 
2892 1968 1971 1967 
2893 439 1967 438 
2894 467 1968 468 
2895 63 1973 464 
2896 1968 1970 462 
2897 59 1973 63 
2898 464 1969 465 
2899 465 1966 64 
2900 437 1969 436 
2901 467 1971 1968 
2902 1967 1972 438 
2903 439 1970 1967 
2904 58 1970 439 
2905 466 1971 467 
2906 465 1969 1966 
2907 462 1970 58 
2908 438 1972 437 
2909 437 1972 1969 
2910 1969 1972 1966 
2911 464 1973 1969 
2912 1969 1973 436 
2 271 2 13
2913 472 473 442 
2914 469 440 65 
2915 59 63 444 
2916 60 440 469 
2917 63 470 444 
2918 440 441 65 
2919 441 474 65 
2920 442 473 441 
2921 473 474 441 
2922 443 472 442 
2923 444 471 443 
2924 471 472 443 
2925 470 471 444 
2 272 2 82
2926 1984 1999 1990 
2927 1990 1999 1988 
2928 480 1981 479 
2929 1977 1981 480 
2930 1992 1999 1993 
2931 1988 1999 1992 
2932 449 1985 448 
2933 448 1985 1976 
2934 1977 1982 1981 
2935 479 1979 65 
2936 1984 1994 1982 
2937 256 1986 17 
2938 479 1981 1979 
2939 1984 2001 1999 
2940 1994 2000 1982 
2941 1977 1983 1982 
2942 1983 1984 1982 
2943 1993 1998 1992 
2944 1982 2000 1981 
2945 1987 1990 1988 
2946 446 1980 445 
2947 448 1976 447 
2948 447 1989 446 
2949 1986 2003 1987 
2950 1987 1988 1975 
2951 1987 2003 2002 
2952 1981 2000 1985 
2953 1981 1985 1979 
2954 1978 2003 1986 
2955 446 1989 1980 
2956 1987 2002 1990 
2957 1976 1989 447 
2958 449 1997 1985 
2959 1990 1994 1984 
2960 1978 1986 256 
2961 17 1986 427 
2962 1980 1996 445 
2963 445 1996 8 
2964 427 1975 426 
2965 426 1992 425 
2966 60 1997 449 
2967 481 1977 480 
2968 66 1991 481 
2969 1985 2000 1976 
2970 1986 1987 1975 
2971 1976 1994 1989 
2972 475 1993 476 
2973 476 1974 477 
2974 1988 1992 1975 
2975 1985 1997 1979 
2976 478 1991 66 
2977 1980 2003 1996 
2978 1977 1991 1983 
2979 1990 2002 1994 
2980 1994 2002 1989 
2981 481 1991 1977 
2982 1975 1992 426 
2983 477 1995 478 
2984 1976 2000 1994 
2985 427 1986 1975 
2986 2002 2003 1980 
2987 65 1979 469 
2988 257 1978 256 
2989 8 1996 257 
2990 476 1993 1974 
2991 1983 2001 1984 
2992 1974 2001 1995 
2993 1992 1998 425 
2994 425 1998 55 
2995 1974 1995 477 
2996 478 1995 1991 
2997 469 1997 60 
2998 55 1998 475 
2999 1989 2002 1980 
3000 475 1998 1993 
3001 1995 2001 1983 
3002 1993 1999 1974 
3003 1991 1995 1983 
3004 1996 2003 1978 
3005 1999 2001 1974 
3006 257 1996 1978 
3007 1979 1997 469 
2 273 2 46
3008 2014 2004 2017 
3009 2008 2010 2017 
3010 2012 2014 2017 
3011 2010 2012 2017 
3012 2004 2014 2015 
3013 2010 2008 2016 
3014 456 455 2005 
3015 452 451 2006 
3016 459 458 2008 
3017 61 460 2004 
3018 2007 2011 2020 
3019 454 453 2007 
3020 2011 2005 2020 
3021 2010 2011 2012 
3022 2009 2005 2010 
3023 2011 2007 2013 
3024 2009 2010 2016 
3025 2012 2011 2013 
3026 2010 2005 2011 
3027 2013 2007 2021 
3028 460 459 2019 
3029 451 450 2018 
3030 2006 451 2018 
3031 452 2006 2021 
3032 2013 2006 2014 
3033 458 457 2016 
3034 2006 2013 2021 
3035 453 452 2021 
3036 2012 2013 2014 
3037 2004 460 2019 
3038 459 2008 2019 
3039 2008 458 2016 
3040 2005 455 2020 
3041 456 2005 2009 
3042 454 2007 2020 
3043 450 61 2015 
3044 61 2004 2015 
3045 457 456 2009 
3046 455 454 2020 
3047 2007 453 2021 
3048 2015 2014 2018 
3049 2014 2006 2018 
3050 2008 2017 2019 
3051 457 2009 2016 
3052 2017 2004 2019 
3053 450 2015 2018 
2 274 2 27
3054 2024 2025 2022 
3055 474 479 65 
3056 482 2025 2024 
3057 2022 2025 2023 
3058 63 464 470 
3059 482 2024 64 
3060 471 2027 2022 
3061 2023 2028 2022 
3062 470 2027 471 
3063 66 2025 482 
3064 471 2022 472 
3065 480 2023 481 
3066 481 2025 66 
3067 2022 2027 2024 
3068 464 2027 470 
3069 64 2024 465 
3070 465 2027 464 
3071 473 2026 474 
3072 479 2026 480 
3073 2023 2025 481 
3074 474 2026 479 
3075 480 2026 2023 
3076 2022 2028 472 
3077 2024 2027 465 
3078 472 2028 473 
3079 473 2028 2026 
3080 2026 2028 2023 
2 275 2 34
3081 2029 2031 2033 
3082 2031 2029 2034 
3083 60 485 449 
3084 449 485 2037 
3085 25 292 483 
3086 2031 484 2033 
3087 447 448 2034 
3088 214 445 2032 
3089 484 483 2033 
3090 295 2035 2036 
3091 295 296 2035 
3092 483 292 2033 
3093 2030 447 2034 
3094 485 2031 2037 
3095 292 293 2033 
3096 445 446 2035 
3097 2030 2034 2036 
3098 2034 2029 2036 
3099 485 484 2031 
3100 293 2029 2033 
3101 446 447 2030 
3102 2035 2030 2036 
3103 296 9 2032 
3104 293 294 2029 
3105 2032 445 2035 
3106 446 2030 2035 
3107 2034 448 2037 
3108 294 295 2036 
3109 296 2032 2035 
3110 2031 2034 2037 
3111 2029 294 2036 
3112 448 449 2037 
3113 9 214 2032 
3114 214 8 445 
2 276 2 51
3115 469 2051 60 
3116 65 487 469 
3117 487 2041 469 
3118 2044 2048 2045 
3119 2041 2048 2044 
3120 2041 2051 469 
3121 2044 2051 2041 
3122 302 2042 486 
3123 2039 2047 2043 
3124 2046 2049 2045 
3125 2039 2052 2047 
3126 2045 2048 2038 
3127 2045 2049 2040 
3128 484 2040 483 
3129 485 2044 484 
3130 2042 2043 492 
3131 2044 2045 2040 
3132 67 2042 492 
3133 300 2039 301 
3134 299 2046 300 
3135 2038 2052 2045 
3136 2045 2052 2046 
3137 484 2044 2040 
3138 60 2051 485 
3139 2043 2050 2039 
3140 492 2043 491 
3141 491 2047 490 
3142 489 2048 488 
3143 488 2041 487 
3144 490 2038 489 
3145 483 2053 25 
3146 298 2049 299 
3147 25 2053 298 
3148 300 2046 2039 
3149 485 2051 2044 
3150 2042 2050 2043 
3151 299 2049 2046 
3152 2047 2052 2038 
3153 301 2050 302 
3154 2039 2050 301 
3155 302 2050 2042 
3156 2046 2052 2039 
3157 2043 2047 491 
3158 490 2047 2038 
3159 488 2048 2041 
3160 2038 2048 489 
3161 486 2042 67 
3162 2040 2053 483 
3163 298 2053 2049 
3164 2049 2053 2040 
3165 302 486 26 
2 277 2 61
3166 2054 2062 2061 
3167 2062 2063 2057 
3168 2054 2063 2062 
3169 2056 2065 2063 
3170 2064 2065 2056 
3171 2063 2065 2057 
3172 67 492 493 
3173 492 2072 493 
3174 2057 2066 2062 
3175 2061 2068 2054 
3176 2059 2068 2061 
3177 2059 2072 2068 
3178 493 2072 2059 
3179 2058 2065 2064 
3180 2063 2069 2056 
3181 493 2059 494 
3182 494 2060 495 
3183 2062 2074 2061 
3184 2059 2061 2060 
3185 2059 2060 494 
3186 2060 2074 2055 
3187 2055 2074 2066 
3188 2055 2070 2060 
3189 2066 2074 2062 
3190 498 2057 497 
3191 500 2055 499 
3192 489 2054 490 
3193 487 2056 488 
3194 2054 2069 2063 
3195 481 2058 480 
3196 480 2064 479 
3197 495 2070 68 
3198 68 2070 500 
3199 498 2066 2057 
3200 2055 2066 499 
3201 499 2066 498 
3202 2057 2067 497 
3203 496 2073 66 
3204 497 2067 496 
3205 65 2071 487 
3206 479 2071 65 
3207 66 2073 481 
3208 2061 2074 2060 
3209 490 2068 491 
3210 488 2069 489 
3211 2058 2064 480 
3212 2054 2068 490 
3213 489 2069 2054 
3214 2056 2069 488 
3215 2060 2070 495 
3216 2065 2067 2057 
3217 2058 2067 2065 
3218 500 2070 2055 
3219 491 2072 492 
3220 2068 2072 491 
3221 487 2071 2056 
3222 2064 2071 479 
3223 481 2073 2058 
3224 2067 2073 496 
3225 2058 2073 2067 
3226 2056 2071 2064 
2 278 2 25
3227 69 2080 68 
3228 494 2076 493 
3229 26 486 304 
3230 486 2075 304 
3231 2076 2079 493 
3232 2075 2079 2076 
3233 67 2079 486 
3234 2076 2077 2075 
3235 486 2079 2075 
3236 68 2080 495 
3237 494 2078 2076 
3238 503 2080 69 
3239 493 2079 67 
3240 501 2076 502 
3241 495 2078 494 
3242 304 2075 303 
3243 502 2078 503 
3244 27 2077 501 
3245 303 2077 27 
3246 2076 2078 502 
3247 501 2077 2076 
3248 495 2080 2078 
3249 2075 2077 303 
3250 2078 2080 503 
3251 70 69 68 
2 279 2 58
3252 2084 71 2099 
3253 2088 72 2103 
3254 2095 2093 2099 
3255 2084 2090 2092 
3256 2090 2084 2093 
3257 2088 2098 2101 
3258 2098 2088 2103 
3259 2102 2096 2103 
3260 2094 2096 2102 
3261 2090 2083 2092 
3262 2098 2097 2101 
3263 2097 2100 2101 
3264 2099 2081 2105 
3265 2088 2101 2104 
3266 2100 2099 2105 
3267 72 504 2089 
3268 2090 2093 2094 
3269 507 506 2085 
3270 505 2083 2089 
3271 2085 506 2086 
3272 504 505 2089 
3273 506 505 2086 
3274 2094 2093 2095 
3275 2089 2083 2090 
3276 2094 2095 2096 
3277 2096 2098 2103 
3278 2096 2095 2097 
3279 2097 2099 2100 
3280 2097 2095 2099 
3281 2096 2097 2098 
3282 71 2081 2099 
3283 2085 2086 2087 
3284 2082 2102 2103 
3285 504 72 2088 
3286 507 71 2084 
3287 2100 2087 2101 
3288 2101 2087 2104 
3289 505 506 2083 
3290 2089 2090 2102 
3291 2090 2094 2102 
3292 2086 505 2091 
3293 2087 2100 2105 
3294 2087 2086 2104 
3295 2085 2087 2105 
3296 2081 507 2085 
3297 505 504 2091 
3298 506 507 2092 
3299 71 507 2081 
3300 2082 2089 2102 
3301 504 2088 2091 
3302 507 2084 2092 
3303 2083 506 2092 
3304 2086 2091 2104 
3305 2081 2085 2105 
3306 2091 2088 2104 
3307 72 2082 2103 
3308 2082 72 2089 
3309 2093 2084 2099 
2 280 2 19
3310 514 511 515 
3311 511 514 2109 
3312 19 508 270 
3313 510 511 2109 
3314 509 2106 2107 
3315 2107 2106 2108 
3316 508 509 2107 
3317 509 510 2106 
3318 271 270 2107 
3319 513 512 2106 
3320 20 271 2108 
3321 270 508 2107 
3322 512 20 2108 
3323 2106 510 2109 
3324 271 2107 2108 
3325 514 513 2109 
3326 2106 512 2108 
3327 513 2106 2109 
3328 511 73 515 
2 281 2 120
3329 2126 2146 2127 
3330 2126 2127 2118 
3331 67 2111 486 
3332 19 2124 508 
3333 2127 2146 2111 
3334 508 2124 2113 
3335 525 2123 526 
3336 2125 2136 2115 
3337 2117 2136 2132 
3338 2132 2136 2133 
3339 2115 2136 2117 
3340 2124 2126 2113 
3341 525 2130 2123 
3342 2118 2129 2126 
3343 2111 2140 2127 
3344 2135 2138 521 
3345 534 2142 2123 
3346 2133 2137 2116 
3347 519 2145 2143 
3348 523 524 75 
3349 2111 2119 486 
3350 523 2130 524 
3351 522 2130 523 
3352 2123 2142 526 
3353 2143 2145 2125 
3354 297 2124 19 
3355 2133 2148 2137 
3356 2122 2138 2135 
3357 524 2130 525 
3358 74 2121 517 
3359 73 2137 516 
3360 533 2139 542 
3361 2126 2129 2113 
3362 2110 2118 2114 
3363 2120 2125 2115 
3364 521 2138 522 
3365 2115 2117 2110 
3366 2129 2132 2131 
3367 532 2128 531 
3368 2129 2131 2113 
3369 2114 2128 540 
3370 537 2120 2115 
3371 2110 2114 539 
3372 535 2123 2122 
3373 2123 2138 2122 
3374 536 2122 2120 
3375 538 2115 2110 
3376 2130 2138 2123 
3377 2118 2127 2114 
3378 2114 2134 2128 
3379 511 2137 73 
3380 510 2116 511 
3381 508 2113 509 
3382 528 2139 76 
3383 509 2131 510 
3384 2132 2133 2116 
3385 2131 2132 2116 
3386 2127 2134 2114 
3387 522 2138 2130 
3388 2113 2131 509 
3389 510 2131 2116 
3390 76 2139 533 
3391 2132 2144 2117 
3392 517 2112 518 
3393 526 2142 527 
3394 2125 2145 2136 
3395 26 2119 297 
3396 2129 2144 2132 
3397 2122 2135 2120 
3398 2110 2144 2118 
3399 2117 2144 2110 
3400 2118 2144 2129 
3401 520 2135 521 
3402 529 2111 67 
3403 531 2134 530 
3404 2119 2124 297 
3405 2133 2136 2112 
3406 2124 2146 2126 
3407 519 2143 520 
3408 518 2145 519 
3409 2121 2148 517 
3410 2116 2137 511 
3411 542 2147 533 
3412 2128 2134 531 
3413 543 2141 77 
3414 2120 2143 2125 
3415 517 2148 2112 
3416 2111 2146 2119 
3417 2136 2145 2112 
3418 540 2128 541 
3419 539 2114 540 
3420 534 2123 535 
3421 536 2120 537 
3422 537 2115 538 
3423 535 2122 536 
3424 538 2110 539 
3425 532 2147 2128 
3426 530 2140 529 
3427 2135 2143 2120 
3428 542 2139 543 
3429 77 2142 534 
3430 541 2147 542 
3431 2112 2145 518 
3432 516 2137 2121 
3433 2112 2148 2133 
3434 2137 2148 2121 
3435 2128 2147 541 
3436 2134 2140 530 
3437 520 2143 2135 
3438 2119 2146 2124 
3439 486 2119 26 
3440 529 2140 2111 
3441 2127 2140 2134 
3442 543 2139 528 
3443 533 2147 532 
3444 527 2142 77 
3445 516 2121 74 
3446 77 2141 527 
3447 528 2141 543 
3448 527 2141 528 
2 282 2 55
3449 2159 2160 2158 
3450 549 2154 550 
3451 2152 2159 2158 
3452 2152 2162 2153 
3453 2152 2153 552 
3454 2154 2159 550 
3455 549 2164 2154 
3456 2158 2160 2149 
3457 28 2155 544 
3458 2162 2163 2153 
3459 79 2164 80 
3460 552 2153 74 
3461 2151 2157 2156 
3462 80 2164 549 
3463 2154 2160 2159 
3464 545 2164 79 
3465 550 2159 551 
3466 2150 2163 2162 
3467 2157 2158 2149 
3468 2155 2156 544 
3469 2151 2156 2155 
3470 551 2159 2152 
3471 548 2149 547 
3472 547 2160 546 
3473 546 2154 545 
3474 551 2152 552 
3475 78 2166 548 
3476 2158 2162 2152 
3477 2149 2160 547 
3478 546 2160 2154 
3479 20 2155 28 
3480 512 2155 20 
3481 2151 2161 2157 
3482 544 2156 78 
3483 2156 2166 78 
3484 2154 2164 545 
3485 515 2150 514 
3486 514 2161 513 
3487 513 2151 512 
3488 516 2163 73 
3489 73 2163 515 
3490 2157 2166 2156 
3491 2149 2166 2157 
3492 2157 2165 2158 
3493 2161 2165 2157 
3494 2150 2161 514 
3495 513 2161 2151 
3496 548 2166 2149 
3497 515 2163 2150 
3498 74 2153 516 
3499 2151 2155 512 
3500 2162 2165 2150 
3501 2158 2165 2162 
3502 2150 2165 2161 
3503 2153 2163 516 
2 283 2 34
3504 522 2168 521 
3505 2168 2171 521 
3506 75 2172 523 
3507 81 2168 555 
3508 549 2167 80 
3509 550 2169 549 
3510 2171 2174 521 
3511 549 2169 2167 
3512 555 2170 556 
3513 550 2173 2169 
3514 2168 2170 555 
3515 522 2170 2168 
3516 520 2169 519 
3517 2170 2172 556 
3518 2169 2174 2167 
3519 551 2173 550 
3520 518 2173 551 
3521 519 2173 518 
3522 523 2170 522 
3523 554 2168 81 
3524 520 2174 2169 
3525 2169 2173 519 
3526 553 2171 554 
3527 80 2167 553 
3528 521 2174 520 
3529 556 2172 82 
3530 82 2172 75 
3531 523 2172 2170 
3532 2167 2171 553 
3533 554 2171 2168 
3534 2167 2174 2171 
3535 74 517 552 
3536 517 518 551 
3537 517 551 552 
2 284 2 31
3538 526 527 2176 
3539 85 84 2175 
3540 2176 527 2177 
3541 562 85 2175 
3542 2178 526 2182 
3543 526 2176 2182 
3544 527 528 2177 
3545 558 557 2177 
3546 2177 528 2181 
3547 525 526 2178 
3548 84 558 2175 
3549 557 2176 2177 
3550 557 83 2176 
3551 2175 2177 2181 
3552 2175 558 2177 
3553 528 76 2181 
3554 524 525 2180 
3555 76 562 2181 
3556 559 82 2179 
3557 561 560 2178 
3558 562 2175 2181 
3559 2176 83 2182 
3560 525 2178 2180 
3561 82 75 2179 
3562 83 561 2182 
3563 560 559 2180 
3564 561 2178 2182 
3565 2178 560 2180 
3566 559 2179 2180 
3567 2179 524 2180 
3568 75 524 2179 
2 285 2 27
3569 76 533 562 
3570 85 2184 564 
3571 562 2184 85 
3572 533 2184 562 
3573 2183 2187 495 
3574 495 2187 2186 
3575 68 2183 495 
3576 494 2185 493 
3577 529 2185 530 
3578 2185 2186 530 
3579 530 2186 531 
3580 494 2186 2185 
3581 532 2189 533 
3582 495 2186 494 
3583 563 2183 68 
3584 531 2187 532 
3585 533 2189 2184 
3586 2184 2188 564 
3587 2186 2187 531 
3588 2188 2189 2183 
3589 493 2185 529 
3590 2183 2189 2187 
3591 564 2188 563 
3592 563 2188 2183 
3593 2187 2189 532 
3594 2184 2189 2188 
3595 67 493 529 
2 286 2 39
3596 2190 86 2198 
3597 2193 2190 2198 
3598 2193 2198 2201 
3599 77 534 566 
3600 543 77 566 
3601 2198 2192 2201 
3602 543 566 2196 
3603 566 534 2195 
3604 566 565 2196 
3605 565 566 2195 
3606 534 535 2195 
3607 542 543 2196 
3608 2191 2194 2198 
3609 542 2196 2199 
3610 2195 535 2200 
3611 540 541 2193 
3612 536 537 2194 
3613 541 542 2199 
3614 535 536 2200 
3615 538 539 2192 
3616 537 538 2197 
3617 2192 539 2201 
3618 2194 2197 2198 
3619 2190 2193 2199 
3620 2194 2191 2200 
3621 2193 541 2199 
3622 536 2194 2200 
3623 539 540 2201 
3624 565 86 2190 
3625 86 565 2191 
3626 538 2192 2197 
3627 2194 537 2197 
3628 565 2190 2196 
3629 2191 565 2195 
3630 2197 2192 2198 
3631 86 2191 2198 
3632 540 2193 2201 
3633 2191 2195 2200 
3634 2196 2190 2199 
2 287 2 8
3635 80 553 2202 
3636 553 567 2202 
3637 79 80 2202 
3638 567 79 2202 
3639 81 87 554 
3640 87 568 554 
3641 568 553 554 
3642 568 567 553 
2 288 2 15
3643 561 83 569 
3644 82 559 556 
3645 570 87 2203 
3646 87 81 2203 
3647 81 555 2203 
3648 560 561 2205 
3649 561 569 2205 
3650 559 560 2204 
3651 569 570 2205 
3652 556 559 2204 
3653 555 556 2204 
3654 2204 560 2205 
3655 2203 2204 2205 
3656 570 2203 2205 
3657 2203 555 2204 
2 289 2 68
3658 2213 2207 2223 
3659 2207 2219 2223 
3660 578 579 2218 
3661 73 88 2221 
3662 2207 2213 2216 
3663 88 577 2221 
3664 579 2210 2218 
3665 2208 2213 2214 
3666 582 21 2219 
3667 574 573 2212 
3668 576 575 2215 
3669 575 574 2208 
3670 2208 2212 2213 
3671 2207 582 2219 
3672 2208 574 2212 
3673 575 2208 2215 
3674 2208 2214 2215 
3675 2213 2212 2216 
3676 2216 2212 2217 
3677 2210 2216 2217 
3678 573 572 2217 
3679 571 89 2224 
3680 572 571 2218 
3681 2212 573 2217 
3682 89 90 2224 
3683 2206 2227 2228 
3684 577 576 2226 
3685 20 512 2220 
3686 2217 572 2218 
3687 272 20 2220 
3688 578 2218 2224 
3689 273 272 2209 
3690 2210 2217 2218 
3691 21 273 2219 
3692 2211 2226 2227 
3693 581 582 2207 
3694 579 580 2210 
3695 2206 2222 2227 
3696 2214 2213 2223 
3697 2221 577 2226 
3698 2219 2209 2223 
3699 515 73 2221 
3700 512 513 2206 
3701 513 514 2222 
3702 514 515 2211 
3703 2222 2211 2227 
3704 576 2215 2226 
3705 2227 2214 2228 
3706 2216 2210 2225 
3707 90 578 2224 
3708 580 581 2225 
3709 2209 2220 2228 
3710 512 2206 2220 
3711 273 2209 2219 
3712 2223 2209 2228 
3713 2209 272 2220 
3714 2207 2216 2225 
3715 2215 2214 2227 
3716 2226 2215 2227 
3717 2218 571 2224 
3718 581 2207 2225 
3719 2210 580 2225 
3720 2211 2221 2226 
3721 2206 513 2222 
3722 514 2211 2222 
3723 2211 515 2221 
3724 2220 2206 2228 
3725 2214 2223 2228 
2 290 2 2
3726 73 516 88 
3727 88 516 74 
2 291 2 76
3728 91 595 591 
3729 584 597 585 
3730 586 595 91 
3731 74 2237 88 
3732 585 597 596 
3733 88 2237 577 
3734 571 2243 583 
3735 591 595 594 
3736 571 583 89 
3737 596 595 586 
3738 574 2235 573 
3739 590 593 589 
3740 2236 2243 571 
3741 2235 2242 573 
3742 2235 2241 2229 
3743 591 594 590 
3744 590 594 593 
3745 2229 2232 2230 
3746 2241 2247 2229 
3747 2229 2230 92 
3748 601 2235 2229 
3749 2236 2242 599 
3750 600 2242 2235 
3751 2240 2246 2231 
3752 584 2243 597 
3753 2232 2234 2230 
3754 593 2239 589 
3755 597 2243 598 
3756 592 2239 593 
3757 574 2241 2235 
3758 576 2233 575 
3759 2238 2244 2232 
3760 572 2242 2236 
3761 2233 2246 2240 
3762 2229 2247 2232 
3763 575 2241 574 
3764 2232 2244 2234 
3765 2230 2245 2239 
3766 2232 2240 2238 
3767 2234 2245 2230 
3768 551 2231 552 
3769 552 2237 74 
3770 550 2238 551 
3771 577 2246 576 
3772 2232 2247 2240 
3773 572 2236 571 
3774 2233 2241 575 
3775 2237 2246 577 
3776 2230 2239 592 
3777 92 2230 592 
3778 598 2236 599 
3779 601 2229 92 
3780 2231 2246 2237 
3781 600 2235 601 
3782 2231 2237 552 
3783 551 2238 2231 
3784 573 2242 572 
3785 583 2243 584 
3786 2238 2240 2231 
3787 589 2239 588 
3788 549 2248 2244 
3789 80 2248 549 
3790 549 2244 550 
3791 599 2242 600 
3792 576 2246 2233 
3793 550 2244 2238 
3794 588 2245 587 
3795 587 2248 80 
3796 2240 2247 2233 
3797 598 2243 2236 
3798 2233 2247 2241 
3799 2244 2248 2234 
3800 2239 2245 588 
3801 2245 2248 587 
3802 2234 2248 2245 
3803 585 596 586 
2 292 2 36
3804 2251 2249 2257 
3805 2249 2251 2255 
3806 583 584 2253 
3807 2252 2251 2257 
3808 583 2253 2256 
3809 606 2251 2252 
3810 96 606 2252 
3811 2253 584 2255 
3812 94 95 2250 
3813 95 96 2252 
3814 90 89 2256 
3815 585 586 2249 
3816 89 583 2256 
3817 606 605 2251 
3818 605 604 2253 
3819 2251 605 2253 
3820 585 2249 2255 
3821 2249 586 2259 
3822 2254 2249 2259 
3823 93 94 2258 
3824 584 585 2255 
3825 586 91 2259 
3826 602 93 2258 
3827 2251 2253 2255 
3828 2253 604 2256 
3829 603 602 2254 
3830 604 90 2256 
3831 2257 2254 2258 
3832 2250 2257 2258 
3833 2250 95 2252 
3834 2250 2252 2257 
3835 2249 2254 2257 
3836 91 603 2259 
3837 603 2254 2259 
3838 2254 602 2258 
3839 94 2250 2258 
2 293 2 26
3840 581 580 2262 
3841 96 607 606 
3842 606 607 2261 
3843 580 2260 2262 
3844 607 608 2261 
3845 2261 608 2262 
3846 581 2262 2264 
3847 578 90 604 
3848 605 606 2265 
3849 2260 2261 2262 
3850 606 2261 2265 
3851 604 605 2263 
3852 608 609 2262 
3853 2262 609 2264 
3854 580 579 2260 
3855 609 610 2264 
3856 578 604 2263 
3857 579 578 2263 
3858 2260 579 2263 
3859 582 581 2264 
3860 2263 605 2265 
3861 2261 2260 2265 
3862 610 582 2264 
3863 2260 2263 2265 
3864 29 21 582 
3865 29 582 610 
2 294 2 24
3866 603 2266 602 
3867 614 588 615 
3868 615 588 587 
3869 602 2266 611 
3870 93 602 611 
3871 589 2267 590 
3872 589 2268 2267 
3873 614 2268 588 
3874 603 2269 2266 
3875 611 2266 612 
3876 588 2268 589 
3877 2266 2267 612 
3878 612 2267 613 
3879 591 2269 91 
3880 2267 2268 613 
3881 613 2268 614 
3882 2269 2270 2266 
3883 590 2270 591 
3884 2266 2270 2267 
3885 591 2270 2269 
3886 91 2269 603 
3887 2267 2270 590 
3888 79 587 80 
3889 615 587 79 
2 295 2 43
3890 2279 2277 2284 
3891 2272 2279 2284 
3892 2271 2280 2281 
3893 594 2273 2282 
3894 593 594 2282 
3895 598 2272 2284 
3896 2278 2279 2280 
3897 600 601 2274 
3898 92 592 2271 
3899 598 599 2272 
3900 594 595 2273 
3901 92 2271 2281 
3902 2278 2277 2279 
3903 2273 2278 2282 
3904 2280 2274 2281 
3905 2280 2271 2286 
3906 2279 2272 2283 
3907 2273 2277 2278 
3908 601 92 2281 
3909 596 597 2275 
3910 2274 2280 2283 
3911 2280 2279 2283 
3912 2278 2280 2286 
3913 600 2274 2285 
3914 2272 599 2285 
3915 597 598 2284 
3916 2273 595 2276 
3917 599 600 2285 
3918 592 593 2287 
3919 2282 2278 2286 
3920 595 596 2276 
3921 2273 2276 2277 
3922 2271 592 2287 
3923 2274 601 2281 
3924 593 2282 2287 
3925 596 2275 2276 
3926 2283 2272 2285 
3927 2274 2283 2285 
3928 2276 2275 2277 
3929 2282 2286 2287 
3930 2286 2271 2287 
3931 2275 597 2284 
3932 2277 2275 2284 
2 296 2 88
3933 616 624 2296 
3934 97 624 616 
3935 330 329 628 
3936 274 21 582 
3937 2293 2290 2296 
3938 329 627 628 
3939 328 327 626 
3940 2293 2296 2308 
3941 2294 2299 2305 
3942 2299 2288 2305 
3943 580 579 2303 
3944 626 327 2300 
3945 2289 2295 2303 
3946 2298 619 2307 
3947 2295 2289 2305 
3948 2296 624 2308 
3949 328 626 627 
3950 582 581 2297 
3951 274 582 2297 
3952 90 619 2298 
3953 329 328 627 
3954 581 2295 2297 
3955 2295 580 2303 
3956 275 274 2297 
3957 625 626 2300 
3958 2296 2290 2306 
3959 2297 2295 2305 
3960 22 276 2299 
3961 2292 2298 2307 
3962 2292 2291 2298 
3963 2288 2297 2305 
3964 276 2288 2299 
3965 2301 620 2311 
3966 2302 2301 2311 
3967 2301 99 2304 
3968 2288 275 2297 
3969 2289 98 2294 
3970 634 2289 2291 
3971 621 2301 2304 
3972 2290 632 2292 
3973 633 2291 2292 
3974 630 2293 2304 
3975 631 2290 2293 
3976 330 628 2302 
3977 2290 2292 2307 
3978 2289 2294 2305 
3979 622 621 2304 
3980 621 620 2301 
3981 617 616 2296 
3982 629 2301 2302 
3983 2306 2290 2307 
3984 2291 2289 2303 
3985 628 629 2302 
3986 578 90 2298 
3987 326 22 2299 
3988 581 580 2295 
3989 618 617 2306 
3990 327 326 2300 
3991 2298 2291 2309 
3992 620 32 2311 
3993 2293 2308 2310 
3994 624 623 2308 
3995 276 275 2288 
3996 629 99 2301 
3997 619 618 2307 
3998 631 632 2290 
3999 99 630 2304 
4000 633 634 2291 
4001 98 625 2294 
4002 634 98 2289 
4003 632 633 2292 
4004 630 631 2293 
4005 331 330 2302 
4006 617 2296 2306 
4007 2304 2293 2310 
4008 2299 2294 2300 
4009 623 622 2310 
4010 2294 625 2300 
4011 2308 623 2310 
4012 618 2306 2307 
4013 2291 2303 2309 
4014 2303 579 2309 
4015 579 578 2309 
4016 326 2299 2300 
4017 578 2298 2309 
4018 32 331 2311 
4019 331 2302 2311 
4020 622 2304 2310 
2 297 2 43
4021 2314 2318 2317 
4022 97 616 641 
4023 2318 2320 2313 
4024 616 2315 641 
4025 2313 2324 2318 
4026 617 2316 2315 
4027 2317 2318 2312 
4028 617 2315 616 
4029 641 2315 640 
4030 2312 2316 618 
4031 618 2316 617 
4032 636 2319 635 
4033 2315 2321 640 
4034 2317 2319 2314 
4035 2318 2324 2316 
4036 96 2323 606 
4037 2312 2318 2316 
4038 2314 2319 636 
4039 2319 2323 635 
4040 635 2323 100 
4041 2315 2324 2321 
4042 2312 2322 2317 
4043 605 2317 604 
4044 606 2319 605 
4045 619 2312 618 
4046 605 2319 2317 
4047 639 2313 638 
4048 637 2314 636 
4049 606 2323 2319 
4050 604 2322 90 
4051 90 2322 619 
4052 640 2321 101 
4053 101 2321 639 
4054 638 2320 637 
4055 2316 2324 2315 
4056 2314 2320 2318 
4057 2313 2320 638 
4058 637 2320 2314 
4059 2317 2322 604 
4060 619 2322 2312 
4061 639 2321 2313 
4062 2321 2324 2313 
4063 100 2323 96 
2 298 2 33
4064 362 363 2327 
4065 624 97 641 
4066 2327 363 2330 
4067 32 620 2330 
4068 101 642 2326 
4069 623 2328 2332 
4070 620 621 2327 
4071 623 624 2328 
4072 2328 2326 2332 
4073 640 101 2326 
4074 37 32 2330 
4075 2326 642 2329 
4076 362 2327 2331 
4077 2327 621 2333 
4078 2325 2327 2333 
4079 41 362 2331 
4080 2332 2329 2333 
4081 642 643 2329 
4082 643 644 2325 
4083 622 623 2332 
4084 621 622 2333 
4085 641 640 2328 
4086 620 2327 2330 
4087 363 37 2330 
4088 644 41 2331 
4089 624 641 2328 
4090 622 2332 2333 
4091 2327 2325 2331 
4092 2329 2325 2333 
4093 640 2326 2328 
4094 2326 2329 2332 
4095 643 2325 2329 
4096 2325 644 2331 
2 299 2 21
4097 626 625 2335 
4098 625 648 2335 
4099 625 98 648 
4100 626 2335 2338 
4101 628 2334 2336 
4102 629 628 2336 
4103 99 629 2336 
4104 645 99 2336 
4105 648 647 2335 
4106 2336 2334 2339 
4107 628 627 2334 
4108 647 646 2337 
4109 2335 647 2337 
4110 2335 2337 2338 
4111 646 645 2339 
4112 627 626 2338 
4113 2337 2334 2338 
4114 2334 627 2338 
4115 2334 2337 2339 
4116 2337 646 2339 
4117 645 2336 2339 
2 300 2 21
4118 631 630 2341 
4119 630 645 2341 
4120 99 645 630 
4121 631 2341 2344 
4122 633 2340 2342 
4123 634 633 2342 
4124 98 634 2342 
4125 648 98 2342 
4126 645 646 2341 
4127 2342 2340 2345 
4128 633 632 2340 
4129 646 647 2343 
4130 2341 646 2343 
4131 2341 2343 2344 
4132 647 648 2345 
4133 632 631 2344 
4134 2343 2340 2344 
4135 2340 632 2344 
4136 2340 2343 2345 
4137 2343 647 2345 
4138 648 2342 2345 
2 301 2 51
4139 2349 2354 2356 
4140 2354 2353 2356 
4141 650 2350 2351 
4142 36 391 2347 
4143 101 639 642 
4144 635 100 651 
4145 635 651 2351 
4146 651 650 2351 
4147 2353 2346 2356 
4148 2346 2353 2355 
4149 636 635 2351 
4150 2351 2350 2360 
4151 2346 636 2351 
4152 2347 391 2349 
4153 642 639 2359 
4154 2348 2352 2353 
4155 2356 2360 2361 
4156 2348 2353 2354 
4157 2360 2350 2361 
4158 2350 649 2357 
4159 650 649 2350 
4160 639 638 2352 
4161 637 636 2346 
4162 649 38 2357 
4163 639 2352 2359 
4164 2350 2357 2361 
4165 2346 2351 2360 
4166 390 41 2358 
4167 2349 2356 2361 
4168 644 643 2348 
4169 2353 2352 2355 
4170 638 637 2355 
4171 2352 638 2355 
4172 637 2346 2355 
4173 2354 390 2358 
4174 2356 2346 2360 
4175 2352 2348 2359 
4176 2349 391 2362 
4177 2347 2349 2361 
4178 390 2354 2362 
4179 2348 2354 2358 
4180 2354 2349 2362 
4181 41 644 2358 
4182 391 390 2362 
4183 38 350 2357 
4184 350 36 2347 
4185 644 2348 2358 
4186 643 642 2359 
4187 2348 643 2359 
4188 2357 2347 2361 
4189 350 2347 2357 
2 302 2 52
4190 2380 103 2385 
4191 652 2364 2385 
4192 654 653 2366 
4193 2366 653 2370 
4194 2364 2374 2385 
4195 103 652 2385 
4196 2369 2377 2382 
4197 2374 2375 2376 
4198 2373 2368 2378 
4199 2369 2373 2377 
4200 652 653 2364 
4201 2374 2372 2375 
4202 652 103 2367 
4203 654 102 2365 
4204 2369 2368 2373 
4205 653 652 2370 
4206 2376 2380 2385 
4207 2377 2375 2384 
4208 2379 2378 2380 
4209 2378 2367 2380 
4210 2363 2366 2368 
4211 2364 2372 2374 
4212 2377 2373 2383 
4213 652 2367 2370 
4214 2373 2378 2379 
4215 2382 2377 2384 
4216 2376 2379 2380 
4217 2364 653 2371 
4218 2363 654 2366 
4219 653 654 2371 
4220 2375 2377 2383 
4221 2373 2379 2383 
4222 2367 2378 2381 
4223 2368 2366 2381 
4224 102 2369 2382 
4225 2364 2371 2372 
4226 2378 2368 2381 
4227 2366 2370 2381 
4228 654 2365 2371 
4229 2371 2365 2372 
4230 2376 2375 2383 
4231 2363 2368 2369 
4232 102 654 2363 
4233 2375 2372 2384 
4234 2374 2376 2385 
4235 2365 102 2382 
4236 2372 2365 2384 
4237 2370 2367 2381 
4238 2367 103 2380 
4239 2379 2376 2383 
4240 2365 2382 2384 
4241 102 2363 2369 
2 303 2 5
4242 48 655 49 
4243 49 655 658 
4244 656 104 657 
4245 655 656 658 
4246 656 657 658 
2 304 2 103
4247 663 673 674 
4248 369 370 2394 
4249 2399 2390 2403 
4250 664 674 675 
4251 2393 2399 2403 
4252 2387 2392 2404 
4253 2399 2387 2404 
4254 108 672 2396 
4255 2392 108 2396 
4256 2391 368 2411 
4257 43 368 2391 
4258 2397 2391 2398 
4259 369 2394 2411 
4260 2392 2396 2407 
4261 2394 370 2395 
4262 2390 2399 2414 
4263 2398 2391 2411 
4264 2391 2397 2406 
4265 655 48 2405 
4266 2389 2387 2393 
4267 2393 2387 2399 
4268 2405 2402 2417 
4269 42 659 2395 
4270 667 666 2390 
4271 2387 681 2392 
4272 2389 2393 2402 
4273 679 2389 2397 
4274 680 2387 2389 
4275 2394 677 2398 
4276 676 2394 2401 
4277 678 2397 2398 
4278 673 662 2416 
4279 2388 2402 2405 
4280 2386 2405 2417 
4281 669 668 2404 
4282 2386 655 2405 
4283 370 42 2395 
4284 2404 2392 2407 
4285 2407 2396 2410 
4286 2396 672 2416 
4287 670 669 2407 
4288 48 404 2405 
4289 2390 2400 2403 
4290 2394 2395 2401 
4291 662 661 2416 
4292 2406 2397 2413 
4293 2397 2389 2413 
4294 404 405 2388 
4295 405 406 2406 
4296 406 43 2391 
4297 672 673 2416 
4298 666 107 2412 
4299 2394 2398 2411 
4300 669 2404 2407 
4301 661 660 2396 
4302 105 665 2409 
4303 2390 666 2412 
4304 667 2390 2414 
4305 2389 2402 2413 
4306 664 675 2415 
4307 2404 668 2414 
4308 656 655 2386 
4309 2400 2390 2412 
4310 681 108 2392 
4311 679 680 2389 
4312 676 677 2394 
4313 106 670 2410 
4314 678 679 2397 
4315 680 681 2387 
4316 675 676 2401 
4317 677 678 2398 
4318 671 104 2400 
4319 2399 2404 2414 
4320 670 2407 2410 
4321 2386 2403 2408 
4322 2403 2386 2417 
4323 2402 2388 2413 
4324 668 667 2414 
4325 2402 2393 2417 
4326 665 664 2415 
4327 2388 405 2406 
4328 406 2391 2406 
4329 104 656 2408 
4330 2393 2403 2417 
4331 404 2388 2405 
4332 368 369 2411 
4333 661 2396 2416 
4334 2395 659 2409 
4335 2403 2400 2408 
4336 660 106 2410 
4337 665 2401 2409 
4338 659 105 2409 
4339 2396 660 2410 
4340 2401 665 2415 
4341 2388 2406 2413 
4342 107 671 2412 
4343 656 2386 2408 
4344 2400 104 2408 
4345 2401 2395 2409 
4346 671 2400 2412 
4347 675 2401 2415 
4348 663 662 673 
4349 664 663 674 
2 305 2 31
4350 2420 2418 2424 
4351 2419 2420 2424 
4352 2418 2420 2421 
4353 49 658 407 
4354 2420 2419 2423 
4355 2418 2421 2422 
4356 408 407 2422 
4357 2421 408 2422 
4358 407 658 2422 
4359 685 684 2420 
4360 658 657 2422 
4361 409 408 2421 
4362 109 685 2423 
4363 657 104 2418 
4364 685 2420 2423 
4365 2421 2420 2426 
4366 2420 684 2426 
4367 104 671 2424 
4368 682 683 2419 
4369 683 109 2423 
4370 657 2418 2422 
4371 684 51 2426 
4372 671 107 2425 
4373 409 2421 2426 
4374 51 409 2426 
4375 2418 104 2424 
4376 2419 2424 2425 
4377 2424 671 2425 
4378 2419 683 2423 
4379 107 682 2425 
4380 682 2419 2425 
2 306 2 20
4381 686 2431 52 
4382 110 686 52 
4383 52 2431 416 
4384 415 2431 2427 
4385 416 2431 415 
4386 2427 2429 415 
4387 2428 2429 2427 
4388 2427 2430 2428 
4389 688 2427 687 
4390 415 2429 46 
4391 46 2429 392 
4392 105 2430 688 
4393 687 2431 686 
4394 2427 2431 687 
4395 392 2428 42 
4396 688 2430 2427 
4397 42 2428 659 
4398 659 2430 105 
4399 392 2429 2428 
4400 2428 2430 659 
2 307 2 40
4401 2436 2439 2432 
4402 2432 2438 2436 
4403 2433 2439 2436 
4404 105 688 665 
4405 686 2438 687 
4406 690 2433 691 
4407 691 2436 692 
4408 665 2435 664 
4409 687 2438 2435 
4410 688 2435 665 
4411 2433 2436 691 
4412 2433 2441 2437 
4413 687 2435 688 
4414 661 2434 660 
4415 662 2437 661 
4416 2438 2442 2436 
4417 664 2432 663 
4418 663 2439 662 
4419 664 2435 2432 
4420 2437 2439 2433 
4421 690 2441 2433 
4422 2435 2438 2432 
4423 2436 2442 692 
4424 661 2437 2434 
4425 2437 2441 2434 
4426 662 2439 2437 
4427 2432 2439 663 
4428 660 2443 106 
4429 106 2443 693 
4430 111 2440 689 
4431 2434 2441 2440 
4432 689 2441 690 
4433 692 2442 110 
4434 686 2442 2438 
4435 693 2440 111 
4436 2440 2441 689 
4437 110 2442 686 
4438 2434 2443 660 
4439 2440 2443 2434 
4440 693 2443 2440 
2 308 2 24
4441 111 697 693 
4442 683 682 666 
4443 697 2448 693 
4444 2445 2448 697 
4445 2444 2447 694 
4446 667 2447 2444 
4447 666 2444 683 
4448 109 2444 694 
4449 667 2444 666 
4450 668 2447 667 
4451 669 2446 668 
4452 670 2445 669 
4453 696 2445 697 
4454 2446 2447 668 
4455 2445 2446 669 
4456 695 2446 696 
4457 106 2448 670 
4458 694 2447 695 
4459 696 2446 2445 
4460 695 2447 2446 
4461 683 2444 109 
4462 670 2448 2445 
4463 693 2448 106 
4464 666 682 107 
2 309 2 39
4465 681 698 108 
4466 698 672 108 
4467 2452 2450 2457 
4468 2452 2457 2459 
4469 672 698 2454 
4470 698 681 2455 
4471 699 698 2455 
4472 698 699 2454 
4473 2449 2453 2457 
4474 673 672 2454 
4475 681 680 2455 
4476 112 2449 2457 
4477 677 676 2451 
4478 674 673 2458 
4479 675 674 2452 
4480 679 678 2453 
4481 673 2454 2458 
4482 2455 680 2456 
4483 680 679 2456 
4484 676 675 2459 
4485 2457 2453 2460 
4486 2453 678 2460 
4487 678 677 2460 
4488 112 699 2449 
4489 699 112 2450 
4490 2452 674 2458 
4491 2450 2452 2458 
4492 2453 2449 2456 
4493 2457 2451 2459 
4494 679 2453 2456 
4495 2451 676 2459 
4496 675 2452 2459 
4497 2449 699 2455 
4498 699 2450 2454 
4499 677 2451 2460 
4500 2451 2457 2460 
4501 2449 2455 2456 
4502 2454 2450 2458 
4503 2450 112 2457 
2 310 2 54
4504 2467 2463 2478 
4505 2463 2467 2473 
4506 2462 2476 2478 
4507 2469 2462 2478 
4508 109 694 685 
4509 685 694 2477 
4510 2466 2464 2467 
4511 2461 2466 2467 
4512 2468 2467 2478 
4513 2461 2467 2468 
4514 410 51 2466 
4515 2461 410 2466 
4516 694 2464 2477 
4517 2476 2468 2478 
4518 2464 2466 2477 
4519 2470 2465 2476 
4520 2462 2470 2476 
4521 694 695 2464 
4522 690 691 2462 
4523 696 697 2463 
4524 689 690 2469 
4525 691 692 2470 
4526 110 52 2472 
4527 52 414 2472 
4528 51 684 2466 
4529 690 2462 2469 
4530 2462 691 2470 
4531 2467 2464 2473 
4532 111 689 2474 
4533 697 111 2474 
4534 413 412 2465 
4535 412 411 2471 
4536 692 110 2472 
4537 411 410 2461 
4538 2461 2468 2471 
4539 2464 695 2473 
4540 696 2463 2473 
4541 2463 2474 2478 
4542 2474 2469 2478 
4543 2470 692 2472 
4544 695 696 2473 
4545 2465 412 2471 
4546 411 2461 2471 
4547 2463 697 2474 
4548 689 2469 2474 
4549 2466 684 2477 
4550 413 2465 2475 
4551 414 413 2475 
4552 2465 2470 2475 
4553 2470 2472 2475 
4554 2471 2468 2476 
4555 684 685 2477 
4556 2465 2471 2476 
4557 2472 414 2475 
2 311 2 95
4558 703 704 2483 
4559 2484 711 2488 
4560 2487 2486 2494 
4561 2479 2487 2494 
4562 710 711 2484 
4563 703 2483 2489 
4564 709 710 2493 
4565 2483 704 2488 
4566 705 2484 2488 
4567 705 114 2484 
4568 2481 2486 2487 
4569 702 703 2489 
4570 401 716 2500 
4571 2483 2480 2489 
4572 2482 702 2489 
4573 2485 709 2493 
4574 716 401 2492 
4575 2480 2481 2487 
4576 2487 2479 2495 
4577 701 702 2482 
4578 704 705 2488 
4579 113 701 2503 
4580 713 2480 2483 
4581 712 2483 2488 
4582 2480 714 2481 
4583 2481 715 2492 
4584 701 2482 2503 
4585 434 433 2497 
4586 2489 2480 2504 
4587 719 432 2505 
4588 710 2484 2493 
4589 432 431 2505 
4590 2482 2490 2503 
4591 401 400 2492 
4592 399 398 2486 
4593 2480 2487 2504 
4594 434 115 2491 
4595 2486 2481 2501 
4596 720 115 2497 
4597 398 49 2494 
4598 400 399 2501 
4599 712 713 2483 
4600 714 715 2481 
4601 713 714 2480 
4602 711 712 2488 
4603 402 717 2499 
4604 435 434 2491 
4605 2482 2489 2504 
4606 709 2485 2491 
4607 2481 2492 2501 
4608 115 434 2497 
4609 115 709 2491 
4610 707 708 2485 
4611 706 707 2493 
4612 114 706 2484 
4613 715 716 2492 
4614 104 700 2490 
4615 717 402 2500 
4616 2486 398 2494 
4617 403 402 2499 
4618 2490 2482 2495 
4619 658 657 2479 
4620 49 658 2494 
4621 718 719 2505 
4622 58 435 2498 
4623 657 104 2496 
4624 402 401 2500 
4625 717 718 2499 
4626 716 717 2500 
4627 50 403 2502 
4628 2495 2482 2504 
4629 431 50 2502 
4630 399 2486 2501 
4631 2492 400 2501 
4632 700 113 2503 
4633 2487 2495 2504 
4634 708 58 2498 
4635 707 2485 2493 
4636 433 720 2497 
4637 2484 706 2493 
4638 2495 2479 2496 
4639 2499 718 2502 
4640 2491 2485 2498 
4641 2502 718 2505 
4642 2485 708 2498 
4643 435 2491 2498 
4644 658 2479 2494 
4645 2490 700 2503 
4646 2490 2495 2496 
4647 2479 657 2496 
4648 104 2490 2496 
4649 403 2499 2502 
4650 431 2502 2505 
4651 433 432 720 
4652 432 719 720 
2 312 2 3
4653 700 104 671 
4654 671 107 113 
4655 700 671 113 
2 313 2 25
4656 705 722 721 
4657 705 2507 722 
4658 701 2506 702 
4659 704 2507 705 
4660 2507 2509 723 
4661 116 2507 723 
4662 701 2510 2506 
4663 725 2508 2506 
4664 2506 2508 702 
4665 704 2509 2507 
4666 725 2506 109 
4667 703 2509 704 
4668 702 2508 703 
4669 724 2508 725 
4670 723 2509 724 
4671 682 2510 701 
4672 724 2509 2508 
4673 722 2507 116 
4674 109 2506 683 
4675 2508 2509 703 
4676 683 2510 682 
4677 2506 2510 683 
4678 705 721 114 
4679 113 107 701 
4680 107 682 701 
2 314 2 32
4681 721 722 2512 
4682 722 729 2512 
4683 722 116 729 
4684 2514 2511 2515 
4685 2515 2511 2516 
4686 726 117 2513 
4687 62 463 2513 
4688 117 62 2513 
4689 721 2512 2517 
4690 2512 2515 2516 
4691 727 726 2514 
4692 729 728 2512 
4693 728 727 2515 
4694 2512 2516 2517 
4695 707 706 2516 
4696 708 707 2511 
4697 727 2514 2515 
4698 2512 728 2515 
4699 2511 2514 2518 
4700 706 114 2517 
4701 463 462 2518 
4702 114 721 2517 
4703 726 2513 2514 
4704 2516 706 2517 
4705 2511 2518 2519 
4706 2514 2513 2518 
4707 2511 707 2516 
4708 2513 463 2518 
4709 462 58 2519 
4710 708 2511 2519 
4711 58 708 2519 
4712 2518 462 2519 
2 315 2 53
4713 2521 2530 2537 
4714 2530 2522 2537 
4715 2523 2531 2533 
4716 2521 2528 2530 
4717 2531 2523 2532 
4718 2523 2533 2538 
4719 2531 2532 2535 
4720 2522 2530 2535 
4721 2528 2521 2539 
4722 2524 2534 2536 
4723 2524 2533 2534 
4724 2528 2529 2530 
4725 2530 2529 2531 
4726 2528 2527 2529 
4727 2531 2529 2533 
4728 715 714 2523 
4729 115 720 2525 
4730 2525 2527 2528 
4731 712 711 2522 
4732 717 716 2524 
4733 710 709 2521 
4734 719 718 2520 
4735 2523 714 2532 
4736 719 2520 2526 
4737 2521 709 2539 
4738 2530 2531 2535 
4739 2533 2524 2538 
4740 709 115 2539 
4741 714 713 2532 
4742 2526 2520 2527 
4743 2529 2527 2534 
4744 2533 2529 2534 
4745 716 715 2538 
4746 2524 716 2538 
4747 718 717 2536 
4748 2525 2528 2539 
4749 2534 2520 2536 
4750 720 719 2526 
4751 713 712 2540 
4752 711 710 2537 
4753 717 2524 2536 
4754 2522 711 2537 
4755 2520 718 2536 
4756 710 2521 2537 
4757 715 2523 2538 
4758 2527 2520 2534 
4759 2525 2526 2527 
4760 712 2522 2540 
4761 115 2525 2539 
4762 2525 720 2526 
4763 2522 2535 2540 
4764 2532 713 2540 
4765 2535 2532 2540 
2 316 2 50
4766 724 725 2545 
4767 2543 724 2545 
4768 2544 2542 2551 
4769 725 685 2545 
4770 2541 2549 2550 
4771 2542 2544 2553 
4772 725 109 685 
4773 2549 2548 2550 
4774 2549 2541 2555 
4775 723 2543 2546 
4776 116 723 2546 
4777 2548 2546 2550 
4778 51 421 2547 
4779 2542 2549 2551 
4780 2543 2545 2556 
4781 421 2541 2547 
4782 2546 2543 2550 
4783 684 51 2547 
4784 685 684 2545 
4785 2552 2544 2554 
4786 2544 2552 2553 
4787 729 116 2546 
4788 723 724 2543 
4789 727 728 2542 
4790 418 417 2544 
4791 728 729 2548 
4792 421 420 2541 
4793 2542 2548 2549 
4794 2545 684 2547 
4795 729 2546 2548 
4796 2542 728 2548 
4797 2547 2541 2556 
4798 419 418 2551 
4799 2541 2550 2556 
4800 418 2544 2551 
4801 726 727 2553 
4802 727 2542 2553 
4803 117 726 2552 
4804 2541 420 2555 
4805 2544 417 2554 
4806 417 53 2554 
4807 2545 2547 2556 
4808 420 419 2555 
4809 419 2551 2555 
4810 730 117 2552 
4811 2550 2543 2556 
4812 2552 726 2553 
4813 53 730 2554 
4814 2551 2549 2555 
4815 730 2552 2554 
2 317 2 32
4816 706 114 731 
4817 737 59 2563 
4818 59 436 2563 
4819 734 735 2558 
4820 733 2557 2559 
4821 735 736 2560 
4822 2557 733 2564 
4823 734 2558 2564 
4824 732 733 2559 
4825 2558 735 2560 
4826 2558 2561 2564 
4827 58 708 2557 
4828 118 737 2563 
4829 731 732 2562 
4830 2560 736 2563 
4831 736 118 2563 
4832 439 58 2557 
4833 438 439 2561 
4834 436 437 2560 
4835 2557 708 2559 
4836 437 438 2558 
4837 436 2560 2563 
4838 708 707 2559 
4839 2558 438 2561 
4840 437 2558 2560 
4841 439 2557 2561 
4842 733 734 2564 
4843 732 2559 2562 
4844 2561 2557 2564 
4845 707 706 2562 
4846 2559 707 2562 
4847 706 731 2562 
2 318 2 97
4848 749 757 748 
4849 749 758 757 
4850 120 2565 742 
4851 119 2579 741 
4852 2566 2585 2571 
4853 2571 2585 2582 
4854 740 2579 119 
4855 2565 2574 742 
4856 121 2576 750 
4857 744 2573 745 
4858 761 2572 2567 
4859 122 2567 2566 
4860 2566 2571 751 
4861 2565 2583 2574 
4862 2585 2588 2578 
4863 745 2576 121 
4864 758 2590 759 
4865 2578 2588 2570 
4866 2572 2574 2567 
4867 739 2570 740 
4868 2569 2575 731 
4869 755 2587 2577 
4870 2575 2587 754 
4871 753 2580 2575 
4872 114 2569 731 
4873 738 2578 739 
4874 2575 2580 732 
4875 2569 2587 2575 
4876 2579 2583 2565 
4877 2567 2588 2566 
4878 735 2568 736 
4879 2573 2589 760 
4880 2577 2587 2584 
4881 739 2578 2570 
4882 759 2590 2576 
4883 760 2589 2572 
4884 2570 2579 740 
4885 2573 2576 745 
4886 756 2577 747 
4887 118 2591 738 
4888 748 2586 747 
4889 2574 2583 2567 
4890 2570 2583 2579 
4891 736 2591 118 
4892 732 2580 733 
4893 761 2567 122 
4894 759 2573 760 
4895 752 2592 2580 
4896 760 2572 761 
4897 122 2566 751 
4898 751 2571 752 
4899 2571 2592 752 
4900 2582 2585 2568 
4901 747 2577 746 
4902 741 2579 2565 
4903 747 2586 756 
4904 734 2582 735 
4905 738 2591 2578 
4906 746 2581 116 
4907 755 2577 756 
4908 753 2575 754 
4909 731 2575 732 
4910 735 2582 2568 
4911 2583 2588 2567 
4912 752 2580 753 
4913 759 2576 2573 
4914 756 2586 757 
4915 2577 2584 2581 
4916 2568 2585 2578 
4917 2578 2591 2568 
4918 2574 2593 742 
4919 749 2590 758 
4920 721 2569 114 
4921 722 2584 721 
4922 2572 2593 2574 
4923 2566 2588 2585 
4924 743 2589 744 
4925 754 2587 755 
4926 733 2592 734 
4927 734 2592 2582 
4928 742 2593 743 
4929 116 2581 722 
4930 750 2590 749 
4931 744 2589 2573 
4932 2568 2591 736 
4933 2576 2590 750 
4934 757 2586 748 
4935 2582 2592 2571 
4936 2570 2588 2583 
4937 743 2593 2589 
4938 2589 2593 2572 
4939 741 2565 120 
4940 2577 2581 746 
4941 2580 2592 733 
4942 721 2584 2569 
4943 2581 2584 722 
4944 2584 2587 2569 
2 319 2 16
4945 762 763 739 
4946 740 762 739 
4947 123 762 740 
4948 763 2595 739 
4949 63 2594 764 
4950 738 2596 118 
4951 2594 2595 764 
4952 737 2594 59 
4953 2594 2596 2595 
4954 739 2595 738 
4955 764 2595 763 
4956 118 2596 737 
4957 59 2594 63 
4958 2595 2596 738 
4959 737 2596 2594 
4960 740 119 123 
2 320 2 38
4961 2597 2600 767 
4962 117 766 726 
4963 2597 2606 2603 
4964 766 2600 726 
4965 2603 2606 2599 
4966 767 2600 766 
4967 726 2600 727 
4968 727 2600 2598 
4969 2597 2605 2600 
4970 2603 2605 2597 
4971 747 2604 2601 
4972 116 729 746 
4973 2600 2605 2598 
4974 2601 2604 2598 
4975 746 2604 747 
4976 749 2599 750 
4977 747 2601 748 
4978 748 2603 749 
4979 2598 2605 2601 
4980 768 2597 767 
4981 749 2603 2599 
4982 2601 2603 748 
4983 2601 2605 2603 
4984 729 2604 746 
4985 727 2598 728 
4986 728 2604 729 
4987 2599 2606 2602 
4988 750 2607 121 
4989 2602 2607 2599 
4990 124 2602 769 
4991 2599 2607 750 
4992 2598 2604 728 
4993 768 2606 2597 
4994 2602 2606 769 
4995 769 2606 768 
4996 765 2602 124 
4997 121 2607 765 
4998 765 2607 2602 
2 321 2 11
4999 771 126 2608 
5000 126 772 2608 
5001 770 771 2608 
5002 770 125 771 
5003 120 770 2608 
5004 741 120 2608 
5005 123 119 2609 
5006 772 123 2609 
5007 119 741 2609 
5008 2608 772 2609 
5009 741 2608 2609 
2 322 2 16
5010 120 742 770 
5011 121 765 745 
5012 770 742 2610 
5013 125 770 2610 
5014 774 744 2611 
5015 744 774 2612 
5016 765 124 2611 
5017 745 765 2611 
5018 124 774 2611 
5019 773 125 2610 
5020 744 745 2611 
5021 742 743 2610 
5022 774 773 2612 
5023 743 744 2612 
5024 773 2610 2612 
5025 2610 743 2612 
2 323 2 50
5026 760 761 2631 
5027 761 2623 2631 
5028 2613 2622 2623 
5029 2623 2622 2631 
5030 2616 760 2631 
5031 2621 2619 2627 
5032 2619 2617 2627 
5033 2616 2628 2629 
5034 2620 2621 2622 
5035 122 751 2613 
5036 757 758 2615 
5037 753 2614 2625 
5038 2620 2619 2621 
5039 122 2613 2623 
5040 753 754 2614 
5041 759 760 2616 
5042 2616 2624 2628 
5043 755 756 2617 
5044 752 753 2625 
5045 757 2615 2626 
5046 2614 2619 2620 
5047 2622 2621 2624 
5048 2622 2624 2631 
5049 2614 2620 2625 
5050 759 2616 2629 
5051 2622 2613 2630 
5052 761 122 2623 
5053 758 759 2629 
5054 2620 2622 2630 
5055 756 757 2626 
5056 2613 751 2632 
5057 2614 754 2618 
5058 2614 2618 2619 
5059 2621 2627 2628 
5060 2626 2615 2627 
5061 755 2617 2618 
5062 751 752 2632 
5063 754 755 2618 
5064 2625 2620 2630 
5065 2615 758 2629 
5066 2624 2621 2628 
5067 2618 2617 2619 
5068 2617 2626 2627 
5069 2617 756 2626 
5070 2624 2616 2631 
5071 2628 2615 2629 
5072 2627 2615 2628 
5073 752 2625 2632 
5074 2630 2613 2632 
5075 2625 2630 2632 
2 324 2 23
5076 763 2634 2633 
5077 762 2634 763 
5078 2633 2635 763 
5079 63 764 464 
5080 763 2635 764 
5081 123 2637 762 
5082 764 2635 464 
5083 777 2633 776 
5084 776 2634 775 
5085 2633 2636 2635 
5086 464 2635 465 
5087 762 2637 2634 
5088 2633 2634 776 
5089 772 2637 123 
5090 64 2636 777 
5091 465 2636 64 
5092 2637 2638 2634 
5093 775 2638 126 
5094 777 2636 2633 
5095 2634 2638 775 
5096 2635 2636 465 
5097 126 2638 772 
5098 772 2638 2637 
2 325 2 18
5099 781 780 2641 
5100 618 619 2641 
5101 619 90 2642 
5102 89 781 2642 
5103 90 89 2642 
5104 781 619 2642 
5105 619 781 2641 
5106 780 618 2641 
5107 779 617 2640 
5108 617 779 2639 
5109 618 780 2640 
5110 778 616 2639 
5111 616 617 2639 
5112 617 618 2640 
5113 779 778 2639 
5114 780 779 2640 
5115 127 97 778 
5116 97 616 778 
2 326 2 88
5117 586 131 585 
5118 585 802 584 
5119 799 2661 800 
5120 586 793 131 
5121 794 2651 795 
5122 129 2653 789 
5123 788 2654 130 
5124 131 802 585 
5125 2654 2659 2648 
5126 2643 2659 2654 
5127 586 2664 793 
5128 91 2664 586 
5129 2645 2659 2652 
5130 2655 2661 2646 
5131 2643 2654 788 
5132 2644 2661 2655 
5133 2648 2659 2645 
5134 800 2661 2650 
5135 798 2649 2646 
5136 2645 2649 797 
5137 2652 2653 787 
5138 796 2648 2645 
5139 2652 2659 2653 
5140 128 2653 129 
5141 2645 2657 2649 
5142 789 2653 2643 
5143 795 2651 2648 
5144 786 2652 787 
5145 787 2653 128 
5146 802 2667 584 
5147 2653 2659 2643 
5148 2649 2656 2646 
5149 2652 2657 2645 
5150 2644 2665 2661 
5151 794 2660 2651 
5152 2646 2656 2655 
5153 779 2644 778 
5154 2651 2654 2648 
5155 793 2664 794 
5156 2657 2668 2649 
5157 782 2655 783 
5158 130 2654 790 
5159 583 2662 89 
5160 89 2662 781 
5161 790 2651 791 
5162 127 2666 782 
5163 778 2666 127 
5164 783 2656 784 
5165 786 2657 2652 
5166 785 2657 786 
5167 798 2646 799 
5168 796 2645 797 
5169 797 2649 798 
5170 800 2647 801 
5171 2649 2668 2656 
5172 795 2648 796 
5173 2655 2656 783 
5174 800 2650 2647 
5175 2661 2665 2650 
5176 789 2643 788 
5177 781 2658 780 
5178 584 2663 583 
5179 794 2664 2660 
5180 779 2665 2644 
5181 2656 2668 784 
5182 785 2668 2657 
5183 784 2668 785 
5184 780 2665 779 
5185 801 2667 802 
5186 790 2654 2651 
5187 791 2660 792 
5188 2658 2665 780 
5189 2646 2661 799 
5190 792 2664 91 
5191 2651 2660 791 
5192 2644 2666 778 
5193 782 2666 2655 
5194 583 2663 2662 
5195 2650 2658 2647 
5196 781 2662 2658 
5197 2647 2663 801 
5198 2650 2665 2658 
5199 2655 2666 2644 
5200 2658 2662 2647 
5201 2662 2663 2647 
5202 2660 2664 792 
5203 2663 2667 801 
5204 584 2667 2663 
2 327 2 27
5205 804 803 2671 
5206 127 782 2672 
5207 803 2669 2671 
5208 805 804 2671 
5209 641 97 2672 
5210 783 784 2669 
5211 805 2671 2673 
5212 785 786 2673 
5213 806 805 2673 
5214 786 806 2673 
5215 783 2669 2670 
5216 782 783 2670 
5217 803 101 2674 
5218 2669 784 2671 
5219 640 641 2670 
5220 784 785 2671 
5221 2669 803 2674 
5222 97 127 2672 
5223 2671 785 2673 
5224 2670 2669 2674 
5225 101 640 2674 
5226 2670 641 2672 
5227 782 2670 2672 
5228 640 2670 2674 
5229 128 807 787 
5230 806 786 787 
5231 807 806 787 
2 328 2 73
5232 2679 2686 2684 
5233 808 2678 133 
5234 2686 2691 2684 
5235 2685 2697 2675 
5236 2680 2695 2694 
5237 808 2679 2678 
5238 2680 2694 2689 
5239 132 2676 809 
5240 2694 2695 2682 
5241 95 2676 94 
5242 2690 2697 2685 
5243 2687 2691 2677 
5244 2690 2693 2681 
5245 2687 2693 2690 
5246 2684 2691 2687 
5247 2675 2694 2685 
5248 2676 2686 809 
5249 2679 2699 2686 
5250 129 2688 128 
5251 812 2688 129 
5252 2679 2682 2678 
5253 2683 2691 2686 
5254 807 2689 806 
5255 95 2683 2676 
5256 2679 2684 2682 
5257 2682 2695 2678 
5258 2684 2685 2682 
5259 2684 2687 2685 
5260 2680 2689 2688 
5261 2688 2689 807 
5262 2683 2692 2691 
5263 128 2688 807 
5264 2687 2690 2685 
5265 806 2689 2675 
5266 2683 2686 2676 
5267 639 2681 638 
5268 637 2677 636 
5269 806 2675 805 
5270 2685 2694 2682 
5271 2677 2693 2687 
5272 100 2698 95 
5273 2680 2688 812 
5274 636 2692 635 
5275 808 2699 2679 
5276 638 2693 637 
5277 2686 2699 809 
5278 2691 2692 2677 
5279 2689 2694 2675 
5280 2677 2692 636 
5281 2681 2693 638 
5282 637 2693 2677 
5283 101 2700 639 
5284 803 2700 101 
5285 133 2678 810 
5286 811 2680 812 
5287 810 2695 811 
5288 804 2696 803 
5289 2675 2697 805 
5290 805 2697 804 
5291 809 2699 808 
5292 95 2698 2683 
5293 2681 2696 2690 
5294 2692 2698 635 
5295 804 2697 2696 
5296 635 2698 100 
5297 2683 2698 2692 
5298 2696 2697 2690 
5299 2678 2695 810 
5300 811 2695 2680 
5301 639 2700 2681 
5302 2696 2700 803 
5303 2681 2700 2696 
5304 94 2676 132 
2 329 2 21
5305 791 792 2701 
5306 133 813 2702 
5307 813 130 790 
5308 813 790 2702 
5309 132 809 2703 
5310 791 2701 2702 
5311 808 133 2702 
5312 809 808 2701 
5313 2701 808 2702 
5314 2701 792 2705 
5315 602 93 2703 
5316 93 132 2703 
5317 790 791 2702 
5318 809 2701 2704 
5319 2703 809 2704 
5320 792 91 2705 
5321 2704 2701 2705 
5322 603 602 2704 
5323 91 603 2705 
5324 603 2704 2705 
5325 602 2703 2704 
2 330 2 11
5326 812 2706 811 
5327 813 133 810 
5328 788 2706 789 
5329 811 2707 810 
5330 130 2707 788 
5331 810 2707 813 
5332 813 2707 130 
5333 788 2707 811 
5334 811 2706 788 
5335 789 2706 812 
5336 789 812 129 
2 331 2 41
5337 2712 2716 2719 
5338 2716 2708 2719 
5339 2709 2714 2717 
5340 2714 2709 2718 
5341 2716 2712 2717 
5342 795 796 2710 
5343 799 800 2708 
5344 801 802 2712 
5345 131 793 2709 
5346 799 2708 2722 
5347 2714 2716 2717 
5348 2714 2715 2716 
5349 797 798 2711 
5350 2713 2714 2718 
5351 2708 2716 2723 
5352 793 794 2718 
5353 2714 2710 2715 
5354 2713 2710 2714 
5355 794 795 2713 
5356 2715 2710 2721 
5357 802 131 2720 
5358 800 801 2719 
5359 798 799 2722 
5360 2716 2715 2723 
5361 2712 802 2720 
5362 2711 2715 2721 
5363 2709 793 2718 
5364 795 2710 2713 
5365 2708 800 2719 
5366 801 2712 2719 
5367 2710 796 2721 
5368 2722 2708 2723 
5369 796 797 2721 
5370 131 2709 2720 
5371 2715 2711 2723 
5372 2717 2712 2720 
5373 797 2711 2721 
5374 794 2713 2718 
5375 2711 798 2722 
5376 2709 2717 2720 
5377 2711 2722 2723 
2 332 2 54
5378 2728 2730 2725 
5379 137 129 819 
5380 2724 2735 2733 
5381 818 2733 133 
5382 814 2728 2725 
5383 2732 2735 2731 
5384 811 2734 812 
5385 2735 2739 2733 
5386 2724 2733 818 
5387 2731 2735 2724 
5388 2726 2734 811 
5389 2728 2738 2730 
5390 2730 2732 2725 
5391 822 2727 823 
5392 823 2730 824 
5393 821 2729 822 
5394 2726 2736 2734 
5395 129 2740 819 
5396 2727 2730 823 
5397 822 2729 2727 
5398 824 2738 138 
5399 2730 2738 824 
5400 2727 2732 2730 
5401 136 2731 817 
5402 821 2736 2729 
5403 2727 2735 2732 
5404 820 2736 821 
5405 133 2733 810 
5406 810 2726 811 
5407 2729 2735 2727 
5408 819 2734 820 
5409 2729 2739 2735 
5410 134 2725 816 
5411 2734 2736 820 
5412 817 2724 818 
5413 817 2731 2724 
5414 815 2731 136 
5415 2731 2737 2732 
5416 816 2737 815 
5417 135 2728 814 
5418 2736 2739 2729 
5419 825 2728 135 
5420 138 2738 825 
5421 2732 2737 2725 
5422 810 2733 2726 
5423 812 2740 129 
5424 2726 2739 2736 
5425 815 2737 2731 
5426 2734 2740 812 
5427 2725 2737 816 
5428 2733 2739 2726 
5429 819 2740 2734 
5430 825 2738 2728 
5431 814 2725 134 
2 333 2 77
5432 128 139 831 
5433 2758 2756 2765 
5434 2744 2756 2758 
5435 830 2745 2754 
5436 2756 2757 2767 
5437 831 830 2754 
5438 2741 2748 2751 
5439 128 831 2754 
5440 2756 2744 2757 
5441 2747 2746 2748 
5442 2741 2751 2753 
5443 2753 2756 2767 
5444 2748 2746 2750 
5445 826 105 2747 
5446 826 2747 2764 
5447 2748 2750 2751 
5448 2751 2750 2752 
5449 2750 2742 2766 
5450 2745 2749 2754 
5451 2756 2752 2765 
5452 2752 2750 2766 
5453 2748 2741 2764 
5454 2761 2765 2766 
5455 2753 2751 2756 
5456 2751 2752 2756 
5457 2761 2743 2765 
5458 2747 2748 2764 
5459 803 804 2758 
5460 806 807 2749 
5461 804 805 2744 
5462 805 806 2757 
5463 2746 2747 2759 
5464 364 365 2746 
5465 366 367 2742 
5466 807 128 2754 
5467 828 827 2741 
5468 830 829 2745 
5469 2760 2758 2765 
5470 2742 2750 2762 
5471 2743 2760 2765 
5472 2750 2746 2762 
5473 644 643 2761 
5474 643 642 2743 
5475 365 366 2762 
5476 367 41 2755 
5477 41 644 2755 
5478 2745 2753 2767 
5479 829 828 2763 
5480 2765 2752 2766 
5481 2741 2753 2763 
5482 101 803 2760 
5483 2753 2745 2763 
5484 42 364 2759 
5485 2749 2745 2767 
5486 804 2744 2758 
5487 806 2749 2757 
5488 2744 805 2757 
5489 642 101 2760 
5490 827 826 2764 
5491 2749 807 2754 
5492 105 659 2747 
5493 659 42 2759 
5494 2746 365 2762 
5495 366 2742 2762 
5496 803 2758 2760 
5497 2742 367 2755 
5498 828 2741 2763 
5499 2745 829 2763 
5500 2742 2755 2766 
5501 2741 827 2764 
5502 364 2746 2759 
5503 2755 2761 2766 
5504 643 2743 2761 
5505 2755 644 2761 
5506 2743 642 2760 
5507 2757 2749 2767 
5508 2747 659 2759 
2 334 2 2
5509 128 129 137 
5510 128 137 139 
2 335 2 44
5511 2772 2779 2773 
5512 2773 2779 2768 
5513 830 2771 829 
5514 2772 2773 2770 
5515 830 2777 2771 
5516 822 2770 821 
5517 823 2772 822 
5518 822 2772 2770 
5519 821 2771 820 
5520 138 2774 824 
5521 827 2768 826 
5522 828 2773 827 
5523 110 2774 138 
5524 2770 2771 821 
5525 687 2769 686 
5526 686 2774 110 
5527 688 2775 687 
5528 823 2776 2772 
5529 831 2777 830 
5530 819 2777 831 
5531 827 2773 2768 
5532 826 2780 105 
5533 105 2780 688 
5534 820 2777 819 
5535 2771 2777 820 
5536 824 2776 823 
5537 687 2775 2769 
5538 2769 2774 686 
5539 2773 2778 2770 
5540 2768 2779 2775 
5541 828 2778 2773 
5542 2774 2776 824 
5543 2776 2779 2772 
5544 2769 2776 2774 
5545 829 2778 828 
5546 2770 2778 2771 
5547 2771 2778 829 
5548 2775 2779 2769 
5549 2768 2780 826 
5550 2769 2779 2776 
5551 688 2780 2775 
5552 2775 2780 2768 
5553 137 831 139 
5554 819 831 137 
2 336 2 68
5555 141 2798 2810 
5556 2789 2795 2796 
5557 2789 2785 2795 
5558 2796 2795 2801 
5559 2798 2806 2810 
5560 2801 2795 2803 
5561 2802 2801 2803 
5562 2783 2787 2788 
5563 2781 2802 2803 
5564 2789 2796 2798 
5565 835 2781 2784 
5566 2783 2786 2787 
5567 2801 2802 2804 
5568 2798 2796 2800 
5569 2784 2781 2803 
5570 2800 2796 2801 
5571 2797 2793 2799 
5572 2792 2797 2802 
5573 2792 2793 2797 
5574 833 832 2782 
5575 2787 2782 2790 
5576 141 2789 2798 
5577 2792 2788 2793 
5578 2787 2790 2809 
5579 832 833 2785 
5580 835 834 2783 
5581 834 835 2784 
5582 141 832 2789 
5583 140 835 2791 
5584 140 2792 2802 
5585 834 833 2786 
5586 2795 2784 2803 
5587 2800 2801 2804 
5588 2785 2794 2795 
5589 140 2791 2792 
5590 2806 2798 2807 
5591 2783 834 2786 
5592 2790 2805 2809 
5593 2782 832 2810 
5594 833 2782 2786 
5595 2799 2805 2806 
5596 2799 2793 2805 
5597 2786 2782 2787 
5598 2788 2787 2809 
5599 2783 2788 2791 
5600 2799 2806 2807 
5601 2794 2784 2795 
5602 2805 2790 2806 
5603 2802 2797 2804 
5604 833 834 2794 
5605 832 141 2810 
5606 2797 2799 2808 
5607 2790 2782 2810 
5608 832 2785 2789 
5609 835 2783 2791 
5610 2798 2800 2807 
5611 2791 2788 2792 
5612 2806 2790 2810 
5613 2793 2788 2809 
5614 2785 833 2794 
5615 834 2784 2794 
5616 835 140 2781 
5617 2799 2807 2808 
5618 2781 140 2802 
5619 2805 2793 2809 
5620 2800 2804 2808 
5621 2804 2797 2808 
5622 2807 2800 2808 
2 337 2 63
5623 109 694 725 
5624 2822 2826 2815 
5625 2823 2826 2822 
5626 2814 2817 695 
5627 694 2817 725 
5628 695 2817 694 
5629 725 2817 724 
5630 2815 2829 2822 
5631 724 2817 2812 
5632 697 2818 696 
5633 2828 2831 2819 
5634 696 2818 2814 
5635 2819 2831 2827 
5636 2814 2827 2817 
5637 111 2816 697 
5638 2811 2826 2823 
5639 2818 2819 2814 
5640 2818 2830 2819 
5641 2825 2830 2818 
5642 2819 2830 2828 
5643 2823 2830 2811 
5644 2828 2830 2823 
5645 2817 2827 2812 
5646 2819 2827 2814 
5647 836 2816 143 
5648 746 2821 747 
5649 696 2814 695 
5650 750 2820 121 
5651 748 2822 749 
5652 747 2813 748 
5653 121 2820 142 
5654 2816 2818 697 
5655 2813 2823 2822 
5656 116 2824 746 
5657 723 2824 116 
5658 839 2826 838 
5659 840 2815 839 
5660 838 2811 837 
5661 837 2825 836 
5662 724 2812 723 
5663 142 2820 840 
5664 2813 2828 2823 
5665 747 2821 2813 
5666 2813 2822 748 
5667 2816 2825 2818 
5668 143 2816 111 
5669 746 2824 2821 
5670 749 2829 750 
5671 2822 2829 749 
5672 2821 2828 2813 
5673 2812 2824 723 
5674 2815 2826 839 
5675 838 2826 2811 
5676 2811 2825 837 
5677 2821 2831 2828 
5678 840 2820 2815 
5679 2811 2830 2825 
5680 2827 2831 2812 
5681 836 2825 2816 
5682 2824 2831 2821 
5683 750 2829 2820 
5684 2812 2831 2824 
5685 2820 2829 2815 
2 338 2 15
5686 138 692 110 
5687 841 692 138 
5688 841 2832 692 
5689 843 690 842 
5690 692 2832 691 
5691 690 2832 842 
5692 144 2832 841 
5693 690 2833 689 
5694 691 2832 690 
5695 844 2833 843 
5696 843 2833 690 
5697 842 2832 144 
5698 689 2833 844 
5699 111 689 143 
5700 143 689 844 
2 339 2 12
5701 142 2834 121 
5702 124 2836 846 
5703 845 2834 142 
5704 145 2835 845 
5705 845 2835 2834 
5706 846 2835 146 
5707 2835 2836 2834 
5708 121 2834 765 
5709 146 2835 145 
5710 846 2836 2835 
5711 765 2836 124 
5712 2834 2836 765 
2 340 2 37
5713 2838 2841 2840 
5714 2840 2844 2838 
5715 2839 2846 848 
5716 848 2846 2840 
5717 844 836 143 
5718 145 2843 849 
5719 147 2839 848 
5720 843 2842 844 
5721 144 2841 842 
5722 2838 2845 2841 
5723 844 2842 836 
5724 847 2841 144 
5725 848 2840 847 
5726 2840 2846 2844 
5727 845 2843 145 
5728 2840 2841 847 
5729 838 2844 839 
5730 837 2838 838 
5731 839 2837 840 
5732 836 2842 837 
5733 849 2843 2839 
5734 2838 2844 838 
5735 839 2844 2837 
5736 2837 2846 2843 
5737 840 2847 142 
5738 142 2847 845 
5739 837 2842 2838 
5740 2844 2846 2837 
5741 2843 2846 2839 
5742 2842 2845 2838 
5743 2841 2845 842 
5744 849 2839 147 
5745 842 2845 843 
5746 2843 2847 2837 
5747 2837 2847 840 
5748 843 2845 2842 
5749 845 2847 2843 
2 341 2 62
5750 850 149 2855 
5751 2865 2867 2869 
5752 2867 2865 2872 
5753 2862 2864 2872 
5754 149 850 2871 
5755 2865 2862 2872 
5756 149 2871 2873 
5757 2852 850 2855 
5758 2871 2864 2873 
5759 2851 2854 2856 
5760 2864 2871 2872 
5761 850 2849 2871 
5762 2867 2850 2869 
5763 2851 2853 2854 
5764 853 852 2851 
5765 2857 2855 2858 
5766 2856 2854 2857 
5767 2848 2856 2866 
5768 2854 2855 2857 
5769 2855 149 2873 
5770 2861 2863 2870 
5771 2857 2858 2859 
5772 852 851 2853 
5773 2851 852 2853 
5774 2859 2858 2860 
5775 2861 2860 2862 
5776 2864 2860 2873 
5777 2859 2861 2866 
5778 2859 2860 2861 
5779 2862 2860 2864 
5780 2861 2862 2863 
5781 2863 2862 2865 
5782 2866 2856 2874 
5783 2854 2852 2855 
5784 851 2852 2853 
5785 850 851 2849 
5786 2866 2861 2870 
5787 2853 2852 2854 
5788 2858 2855 2873 
5789 2863 2868 2870 
5790 851 850 2852 
5791 852 853 2850 
5792 2848 2866 2870 
5793 2849 2867 2872 
5794 2850 853 2868 
5795 851 852 2867 
5796 853 148 2868 
5797 2857 2859 2874 
5798 2848 2851 2856 
5799 852 2850 2867 
5800 2860 2858 2873 
5801 2849 851 2867 
5802 2863 2865 2869 
5803 2856 2857 2874 
5804 2868 148 2870 
5805 2859 2866 2874 
5806 2868 2863 2869 
5807 2848 853 2851 
5808 148 2848 2870 
5809 148 853 2848 
5810 2850 2868 2869 
5811 2871 2849 2872 
2 342 2 64
5812 2875 2876 2877 
5813 2876 2878 2877 
5814 2879 2880 2881 
5815 2880 2882 2881 
5816 2883 2884 2885 
5817 2886 855 2887 
5818 2888 2889 2877 
5819 2887 855 856 
5820 2890 856 2891 
5821 2891 856 855 
5822 2884 2892 2885 
5823 2893 2882 2894 
5824 857 2890 2889 
5825 2892 2895 2893 
5826 2894 2880 2896 
5827 2895 2882 2893 
5828 2881 2897 2886 
5829 2882 2897 2881 
5830 2894 2876 2893 
5831 854 2886 2897 
5832 2896 2898 2888 
5833 2891 2883 2885 
5834 2896 2880 2899 
5835 2896 2878 2894 
5836 2889 150 857 
5837 855 2883 2891 
5838 2883 855 854 
5839 2896 2899 2898 
5840 150 2898 2900 
5841 2888 2878 2896 
5842 2877 2878 2888 
5843 2901 2887 856 
5844 2902 2887 2901 
5845 2879 2899 2880 
5846 2894 2882 2880 
5847 2901 2900 2902 
5848 2875 2893 2876 
5849 2894 2878 2876 
5850 2902 2898 2899 
5851 2890 2875 2877 
5852 2886 854 855 
5853 2890 857 856 
5854 2897 151 854 
5855 2877 2889 2890 
5856 2900 2898 2902 
5857 2883 854 2884 
5858 2886 2879 2881 
5859 2885 2892 2893 
5860 2893 2875 2885 
5861 2884 854 151 
5862 150 2889 2888 
5863 2901 856 857 
5864 2899 2879 2902 
5865 2875 2890 2891 
5866 2891 2885 2875 
5867 2887 2902 2879 
5868 2879 2886 2887 
5869 2900 857 150 
5870 150 2888 2898 
5871 151 2892 2884 
5872 2901 857 2900 
5873 151 2897 2895 
5874 2895 2892 151 
5875 2895 2897 2882 
2 343 2 106
5876 531 2920 532 
5877 2913 2917 2908 
5878 2906 2927 2914 
5879 2913 2921 2917 
5880 2914 2927 2912 
5881 858 865 859 
5882 2920 2931 532 
5883 859 865 864 
5884 67 492 529 
5885 864 860 859 
5886 2914 2919 2906 
5887 762 2919 763 
5888 2908 2910 2905 
5889 867 2931 2920 
5890 2904 2934 2916 
5891 870 2908 2905 
5892 868 2920 2913 
5893 869 2913 2908 
5894 2903 2914 2912 
5895 871 2905 2903 
5896 2903 2912 872 
5897 2915 2934 2904 
5898 2916 2926 2923 
5899 492 2918 529 
5900 2903 2916 2914 
5901 2911 2920 531 
5902 2917 2922 2908 
5903 2905 2926 2903 
5904 2916 2923 2904 
5905 866 2932 533 
5906 529 2918 530 
5907 763 2919 2915 
5908 864 2928 860 
5909 2908 2922 2910 
5910 533 2931 866 
5911 491 2918 492 
5912 152 2928 864 
5913 530 2918 2911 
5914 2913 2933 2921 
5915 2923 2926 2909 
5916 2903 2926 2916 
5917 2920 2933 2913 
5918 2918 2933 2911 
5919 2904 2929 2915 
5920 65 2925 487 
5921 2907 2933 2918 
5922 763 2915 764 
5923 2921 2933 2907 
5924 2907 2918 491 
5925 487 2925 2922 
5926 533 2932 76 
5927 530 2911 531 
5928 762 2930 2919 
5929 490 2907 491 
5930 488 2917 489 
5931 489 2921 490 
5932 862 2906 863 
5933 487 2922 488 
5934 2914 2934 2919 
5935 2919 2934 2915 
5936 470 2904 471 
5937 473 2924 474 
5938 471 2923 472 
5939 472 2909 473 
5940 867 2920 868 
5941 869 2908 870 
5942 870 2905 871 
5943 868 2913 869 
5944 474 2925 65 
5945 872 2912 152 
5946 871 2903 872 
5947 2910 2935 2905 
5948 2919 2930 2906 
5949 861 2927 862 
5950 2916 2934 2914 
5951 2926 2935 2909 
5952 764 2929 63 
5953 123 2930 762 
5954 2915 2929 764 
5955 532 2931 533 
5956 865 2932 866 
5957 2911 2933 2920 
5958 2909 2935 2924 
5959 2910 2925 2924 
5960 858 2932 865 
5961 863 2930 123 
5962 76 2932 858 
5963 63 2929 470 
5964 490 2921 2907 
5965 2924 2935 2910 
5966 2917 2921 489 
5967 488 2922 2917 
5968 866 2931 867 
5969 2912 2928 152 
5970 2922 2925 2910 
5971 860 2928 861 
5972 2904 2923 471 
5973 862 2927 2906 
5974 2909 2924 473 
5975 472 2923 2909 
5976 2924 2925 474 
5977 2906 2930 863 
5978 470 2929 2904 
5979 861 2928 2927 
5980 2927 2928 2912 
5981 2905 2935 2926 
2 344 2 27
5982 873 562 2941 
5983 873 85 562 
5984 123 772 863 
5985 2936 873 2941 
5986 858 859 2936 
5987 859 860 2937 
5988 863 772 2938 
5989 772 126 2938 
5990 2936 859 2937 
5991 126 877 2938 
5992 2938 877 2940 
5993 862 2938 2940 
5994 874 873 2936 
5995 860 861 2939 
5996 2937 860 2939 
5997 875 874 2937 
5998 861 862 2940 
5999 862 863 2938 
6000 874 2936 2937 
6001 2939 861 2940 
6002 876 875 2939 
6003 877 876 2940 
6004 875 2937 2939 
6005 76 858 2941 
6006 876 2939 2940 
6007 562 76 2941 
6008 858 2936 2941 
2 345 2 38
6009 153 2943 2944 
6010 2942 153 2944 
6011 879 152 864 
6012 864 865 2947 
6013 2942 2944 2951 
6014 2947 865 2949 
6015 879 864 2947 
6016 2944 2945 2950 
6017 2943 2947 2949 
6018 872 152 2953 
6019 868 869 2944 
6020 866 867 2945 
6021 869 870 2951 
6022 870 871 2948 
6023 2945 867 2950 
6024 2948 2942 2951 
6025 865 866 2949 
6026 867 868 2950 
6027 2944 869 2951 
6028 866 2945 2949 
6029 2945 2943 2949 
6030 871 872 2952 
6031 870 2948 2951 
6032 868 2944 2950 
6033 153 878 2943 
6034 878 153 2942 
6035 2948 871 2952 
6036 878 879 2947 
6037 152 879 2953 
6038 879 878 2946 
6039 2952 872 2953 
6040 2946 2952 2953 
6041 2942 2948 2952 
6042 878 2942 2946 
6043 2946 2942 2952 
6044 2943 878 2947 
6045 879 2946 2953 
6046 2944 2943 2945 
2 346 2 81
6047 76 858 894 
6048 527 892 526 
6049 891 2963 892 
6050 892 2963 526 
6051 858 895 894 
6052 528 893 527 
6053 859 896 895 
6054 860 896 859 
6055 859 895 858 
6056 885 2960 155 
6057 894 893 528 
6058 527 893 892 
6059 2957 2959 2955 
6060 886 2968 2958 
6061 2969 2972 2970 
6062 2955 2972 2961 
6063 890 2957 2955 
6064 2954 2972 2969 
6065 2961 2963 2955 
6066 889 2960 2957 
6067 2956 2962 898 
6068 2961 2972 2967 
6069 887 2968 886 
6070 2967 2972 2954 
6071 2956 2974 2962 
6072 886 2964 119 
6073 156 2975 2960 
6074 2958 2964 886 
6075 2962 2975 156 
6076 525 2961 524 
6077 2968 2974 2956 
6078 2959 2972 2955 
6079 880 2954 881 
6080 885 2971 2960 
6081 526 2963 525 
6082 897 2966 2956 
6083 2960 2971 2957 
6084 2970 2972 2959 
6085 2960 2975 155 
6086 2955 2963 891 
6087 863 2958 862 
6088 2957 2973 2959 
6089 525 2963 2961 
6090 154 2969 882 
6091 881 2969 154 
6092 862 2965 861 
6093 890 2955 891 
6094 897 2956 898 
6095 889 2957 890 
6096 156 2960 889 
6097 898 2962 156 
6098 2958 2968 2965 
6099 2965 2968 2956 
6100 896 2966 897 
6101 2961 2967 524 
6102 860 2966 896 
6103 888 2974 887 
6104 524 2967 75 
6105 155 2975 888 
6106 123 2964 863 
6107 2956 2966 2965 
6108 75 2967 880 
6109 882 2970 883 
6110 884 2971 885 
6111 2971 2973 2957 
6112 888 2975 2974 
6113 880 2967 2954 
6114 861 2966 860 
6115 883 2973 884 
6116 2958 2965 862 
6117 119 2964 123 
6118 2974 2975 2962 
6119 2954 2969 881 
6120 863 2964 2958 
6121 2965 2966 861 
6122 887 2974 2968 
6123 2970 2973 883 
6124 884 2973 2971 
6125 2969 2970 882 
6126 2959 2973 2970 
6127 894 528 76 
2 347 2 8
6128 899 2976 880 
6129 75 2976 82 
6130 880 2976 75 
6131 82 2976 899 
6132 154 157 881 
6133 881 157 900 
6134 880 881 900 
6135 900 899 880 
2 348 2 60
6136 2981 2985 2986 
6137 905 2989 2992 
6138 2985 2981 2992 
6139 902 2977 2983 
6140 2989 2982 2992 
6141 903 902 2983 
6142 2985 2978 2986 
6143 2979 2983 2987 
6144 2983 2979 2991 
6145 154 882 2990 
6146 125 903 2980 
6147 2987 2986 2993 
6148 2986 2987 2994 
6149 2983 2977 2987 
6150 2980 903 2983 
6151 904 157 2990 
6152 882 2989 2990 
6153 2982 2985 2992 
6154 2989 904 2990 
6155 908 907 2984 
6156 907 906 2981 
6157 907 2981 2984 
6158 2984 2981 2986 
6159 883 884 2982 
6160 885 155 2978 
6161 884 885 2985 
6162 905 904 2989 
6163 909 910 2979 
6164 902 901 2977 
6165 882 883 2989 
6166 906 905 2992 
6167 908 2984 2988 
6168 2982 884 2985 
6169 885 2978 2985 
6170 158 908 2988 
6171 2980 2983 2991 
6172 2988 2984 2994 
6173 2984 2986 2994 
6174 901 158 2988 
6175 2986 2978 2993 
6176 883 2982 2989 
6177 910 911 2991 
6178 911 120 2995 
6179 2979 910 2991 
6180 2977 901 2988 
6181 770 125 2980 
6182 2981 906 2992 
6183 2977 2988 2994 
6184 909 2979 2996 
6185 2979 2987 2993 
6186 2991 911 2995 
6187 2980 2991 2995 
6188 2987 2977 2994 
6189 155 909 2996 
6190 2979 2993 2996 
6191 2978 155 2996 
6192 120 770 2995 
6193 770 2980 2995 
6194 157 154 2990 
6195 2993 2978 2996 
2 349 2 8
6196 886 741 120 
6197 887 911 910 
6198 119 741 886 
6199 888 909 155 
6200 887 910 888 
6201 120 911 886 
6202 886 911 887 
6203 888 910 909 
2 350 2 41
6204 898 156 913 
6205 156 889 913 
6206 913 889 3003 
6207 898 913 3002 
6208 3000 2998 3005 
6209 2997 3001 3007 
6210 913 912 3002 
6211 912 913 3003 
6212 889 890 3003 
6213 897 898 3002 
6214 2998 3000 3004 
6215 3001 2997 3006 
6216 3003 890 3006 
6217 891 892 3001 
6218 895 896 3000 
6219 897 3002 3004 
6220 893 894 2999 
6221 159 2997 3007 
6222 2998 159 3005 
6223 892 893 3009 
6224 896 897 3004 
6225 890 891 3006 
6226 3000 896 3004 
6227 3005 2999 3008 
6228 891 3001 3006 
6229 2999 894 3008 
6230 3000 3005 3008 
6231 912 2998 3002 
6232 2997 912 3003 
6233 159 912 2997 
6234 912 159 2998 
6235 3007 3001 3009 
6236 894 895 3008 
6237 3001 892 3009 
6238 893 2999 3009 
6239 2999 3007 3009 
6240 2999 3005 3007 
6241 895 3000 3008 
6242 2997 3003 3006 
6243 3002 2998 3004 
6244 3005 159 3007 
2 351 2 33
6245 3012 905 3013 
6246 3011 3012 3013 
6247 3010 3015 3016 
6248 3015 3013 3016 
6249 157 904 900 
6250 904 905 3012 
6251 83 561 3010 
6252 915 3010 3014 
6253 900 904 3012 
6254 914 915 3014 
6255 3010 561 3015 
6256 899 900 3012 
6257 3014 3010 3016 
6258 905 906 3013 
6259 158 160 3018 
6260 908 158 3018 
6261 915 83 3010 
6262 3013 906 3016 
6263 907 908 3014 
6264 907 3014 3016 
6265 3011 3013 3015 
6266 906 907 3016 
6267 899 3012 3017 
6268 3012 3011 3017 
6269 561 560 3015 
6270 560 559 3011 
6271 160 914 3018 
6272 914 3014 3018 
6273 82 899 3017 
6274 560 3011 3015 
6275 559 82 3017 
6276 3014 908 3018 
6277 3011 559 3017 
2 352 2 46
6278 161 3019 3038 
6279 3019 3025 3026 
6280 162 916 3033 
6281 3019 3026 3031 
6282 3019 3031 3038 
6283 3019 3024 3025 
6284 916 3020 3033 
6285 916 162 3027 
6286 3022 916 3027 
6287 3032 162 3033 
6288 917 3022 3024 
6289 161 918 3024 
6290 918 917 3024 
6291 3026 3029 3031 
6292 3034 3023 3038 
6293 3024 3022 3025 
6294 3025 3022 3027 
6295 3030 3033 3034 
6296 3023 3034 3036 
6297 3026 3028 3029 
6298 3026 3025 3028 
6299 916 917 3020 
6300 3029 3021 3030 
6301 917 916 3022 
6302 918 161 3023 
6303 3025 3027 3028 
6304 3023 161 3038 
6305 3028 3021 3029 
6306 3020 917 3035 
6307 917 918 3035 
6308 162 3021 3027 
6309 3027 3021 3028 
6310 3030 3021 3032 
6311 3030 3034 3037 
6312 3037 3034 3038 
6313 3031 3029 3037 
6314 3034 3033 3036 
6315 3030 3032 3033 
6316 918 3023 3035 
6317 3029 3030 3037 
6318 3021 162 3032 
6319 3035 3023 3036 
6320 3020 3035 3036 
6321 3031 3037 3038 
6322 3033 3020 3036 
6323 3019 161 3024 
2 353 2 26
6324 87 921 926 
6325 930 3039 919 
6326 163 930 919 
6327 3039 3041 919 
6328 920 925 164 
6329 919 3041 920 
6330 924 3043 923 
6331 923 3043 3040 
6332 3040 3042 923 
6333 925 3041 924 
6334 920 3041 925 
6335 923 3042 922 
6336 929 3039 930 
6337 928 3040 929 
6338 3041 3043 924 
6339 929 3040 3039 
6340 926 3044 927 
6341 928 3042 3040 
6342 921 3044 926 
6343 927 3042 928 
6344 922 3044 921 
6345 3040 3043 3039 
6346 3039 3043 3041 
6347 3042 3044 922 
6348 927 3044 3042 
6349 81 87 926 
2 354 2 63
6350 590 942 591 
6351 937 936 930 
6352 790 3047 934 
6353 931 932 938 
6354 589 943 590 
6355 3048 3050 3045 
6356 3046 3050 3048 
6357 590 943 942 
6358 790 934 130 
6359 934 3047 933 
6360 943 3053 944 
6361 589 3053 943 
6362 791 3047 790 
6363 792 3055 941 
6364 930 936 929 
6365 938 3057 931 
6366 91 3055 792 
6367 937 3057 938 
6368 3048 3049 3046 
6369 3047 3056 933 
6370 3046 3049 165 
6371 930 3057 937 
6372 928 3049 927 
6373 941 3054 792 
6374 791 3054 3047 
6375 939 3056 3047 
6376 927 3049 3048 
6377 927 3048 926 
6378 587 3050 588 
6379 591 3055 91 
6380 3045 3051 3048 
6381 165 3049 935 
6382 939 3047 940 
6383 944 3046 165 
6384 932 3056 938 
6385 936 3058 929 
6386 940 3054 941 
6387 3047 3054 940 
6388 554 3045 553 
6389 163 3057 930 
6390 588 3053 589 
6391 935 3058 936 
6392 3050 3052 3045 
6393 928 3058 3049 
6394 3050 3053 588 
6395 926 3051 81 
6396 80 3052 587 
6397 938 3056 939 
6398 941 3055 942 
6399 3049 3058 935 
6400 587 3052 3050 
6401 3048 3051 926 
6402 81 3051 554 
6403 933 3056 932 
6404 792 3054 791 
6405 929 3058 928 
6406 553 3052 80 
6407 942 3055 591 
6408 3046 3053 3050 
6409 931 3057 163 
6410 944 3053 3046 
6411 554 3051 3045 
6412 3045 3052 553 
2 355 2 29
6413 3062 3063 920 
6414 3060 3063 3062 
6415 934 3061 813 
6416 3062 3066 3060 
6417 133 3061 818 
6418 818 3061 3059 
6419 163 919 931 
6420 164 3062 920 
6421 920 3063 919 
6422 3061 3065 3059 
6423 945 3062 164 
6424 3065 3066 3059 
6425 919 3063 931 
6426 932 3060 933 
6427 3064 3066 3062 
6428 931 3063 932 
6429 136 3064 945 
6430 945 3064 3062 
6431 933 3065 934 
6432 934 3065 3061 
6433 932 3063 3060 
6434 3059 3066 3064 
6435 818 3059 817 
6436 817 3064 136 
6437 3060 3065 933 
6438 813 3061 133 
6439 3060 3066 3065 
6440 3059 3064 817 
6441 130 934 813 
2 356 2 41
6442 3068 935 3078 
6443 935 936 3078 
6444 3075 3073 3079 
6445 3068 3078 3082 
6446 3067 3075 3079 
6447 3068 3076 3077 
6448 937 3069 3078 
6449 936 937 3078 
6450 3074 3075 3076 
6451 943 944 3070 
6452 941 3067 3079 
6453 165 935 3068 
6454 165 3068 3077 
6455 937 938 3069 
6456 941 942 3067 
6457 3074 3073 3075 
6458 3069 3074 3078 
6459 3076 3068 3082 
6460 3069 3073 3074 
6461 944 165 3077 
6462 3076 3070 3077 
6463 939 940 3071 
6464 3075 3067 3081 
6465 3074 3076 3082 
6466 3070 3076 3081 
6467 942 943 3080 
6468 940 941 3079 
6469 3076 3075 3081 
6470 943 3070 3080 
6471 3067 942 3080 
6472 3069 938 3072 
6473 938 939 3072 
6474 3078 3074 3082 
6475 3070 944 3077 
6476 3069 3072 3073 
6477 939 3071 3072 
6478 3080 3070 3081 
6479 3067 3080 3081 
6480 3072 3071 3073 
6481 3071 940 3079 
6482 3073 3071 3079 
2 357 2 84
6483 3084 3098 3095 
6484 3098 3099 3095 
6485 3095 3111 3084 
6486 789 3090 129 
6487 3088 3099 3098 
6488 3086 3090 789 
6489 3091 3093 3083 
6490 166 3101 950 
6491 3086 3091 3090 
6492 3094 3104 3085 
6493 3092 3104 3094 
6494 3096 3111 3095 
6495 3083 3109 3091 
6496 3088 3102 3099 
6497 3093 3099 3083 
6498 3086 3092 3091 
6499 946 3101 166 
6500 3092 3093 3091 
6501 3094 3095 3093 
6502 3094 3096 3095 
6503 3092 3094 3093 
6504 3085 3110 3094 
6505 130 3097 788 
6506 3095 3099 3093 
6507 952 3084 953 
6508 950 3088 951 
6509 951 3098 952 
6510 948 3083 947 
6511 955 3100 163 
6512 3091 3109 3090 
6513 947 3102 946 
6514 137 3090 949 
6515 3086 3097 3092 
6516 3088 3098 951 
6517 952 3098 3084 
6518 3101 3102 3088 
6519 3106 3108 3087 
6520 934 3097 130 
6521 163 3100 931 
6522 931 3103 932 
6523 953 3107 168 
6524 933 3104 934 
6525 932 3085 933 
6526 3083 3102 947 
6527 788 3097 3086 
6528 3090 3109 949 
6529 3099 3102 3083 
6530 3089 3107 3106 
6531 3105 3106 3087 
6532 3084 3107 953 
6533 3096 3108 3106 
6534 3094 3110 3096 
6535 168 3089 954 
6536 956 3087 955 
6537 3089 3106 3105 
6538 3097 3104 3092 
6539 957 3105 956 
6540 3087 3100 955 
6541 948 3109 3083 
6542 3087 3108 3100 
6543 788 3086 789 
6544 950 3101 3088 
6545 3107 3111 3106 
6546 946 3102 3101 
6547 949 3109 948 
6548 3106 3111 3096 
6549 3084 3111 3107 
6550 932 3103 3085 
6551 3085 3104 933 
6552 3100 3103 931 
6553 129 3090 137 
6554 934 3104 3097 
6555 3100 3108 3103 
6556 3096 3110 3108 
6557 3108 3110 3103 
6558 168 3107 3089 
6559 956 3105 3087 
6560 3103 3110 3085 
6561 954 3112 169 
6562 169 3112 957 
6563 3089 3112 954 
6564 957 3112 3105 
6565 3105 3112 3089 
6566 167 166 950 
2 358 2 65
6567 3124 3130 3113 
6568 3123 3124 3113 
6569 3119 3130 3124 
6570 949 3119 819 
6571 3114 3124 3122 
6572 959 3115 170 
6573 3120 3125 3117 
6574 3113 3128 3123 
6575 3123 3128 3118 
6576 137 949 819 
6577 3122 3125 3114 
6578 3124 3127 3119 
6579 949 3130 3119 
6580 3120 3129 3125 
6581 3114 3127 3124 
6582 3118 3131 3123 
6583 959 3118 3115 
6584 3117 3126 3120 
6585 166 3133 946 
6586 3128 3133 3118 
6587 3121 3125 3122 
6588 3117 3125 3121 
6589 946 3133 3128 
6590 3122 3124 3123 
6591 3122 3123 3116 
6592 947 3113 948 
6593 841 3126 144 
6594 962 3121 961 
6595 961 3116 960 
6596 963 3117 962 
6597 823 3120 824 
6598 3121 3122 3116 
6599 821 3114 822 
6600 819 3119 820 
6601 961 3121 3116 
6602 3117 3121 962 
6603 946 3128 947 
6604 144 3126 963 
6605 963 3126 3117 
6606 820 3127 821 
6607 959 3131 3118 
6608 948 3130 949 
6609 960 3131 959 
6610 821 3127 3114 
6611 3119 3127 820 
6612 3125 3129 3114 
6613 3118 3133 3115 
6614 3123 3131 3116 
6615 138 3132 841 
6616 824 3132 138 
6617 947 3128 3113 
6618 823 3129 3120 
6619 3114 3129 822 
6620 822 3129 823 
6621 841 3132 3126 
6622 3113 3130 948 
6623 3116 3131 960 
6624 3120 3132 824 
6625 3126 3132 3120 
6626 166 3134 3133 
6627 170 3115 958 
6628 958 3134 171 
6629 3133 3134 3115 
6630 3115 3134 958 
6631 171 3134 166 
2 359 2 68
6632 3141 3142 3146 
6633 964 965 3140 
6634 3148 3139 3149 
6635 3146 3142 3156 
6636 3140 965 3141 
6637 3143 3138 3150 
6638 3149 3139 3155 
6639 959 964 3140 
6640 3140 3141 3146 
6641 3138 3143 3147 
6642 3143 3150 3157 
6643 170 964 959 
6644 965 966 3141 
6645 966 3135 3141 
6646 3142 3143 3144 
6647 3144 3143 3157 
6648 3138 3147 3153 
6649 3142 3135 3143 
6650 3139 3148 3154 
6651 3141 3135 3142 
6652 848 847 3139 
6653 961 960 3146 
6654 962 961 3137 
6655 960 959 3140 
6656 963 962 3145 
6657 967 168 3147 
6658 971 970 3150 
6659 969 968 3148 
6660 847 144 3152 
6661 144 963 3152 
6662 970 969 3136 
6663 972 971 3138 
6664 3137 961 3146 
6665 960 3140 3146 
6666 962 3137 3145 
6667 966 967 3135 
6668 3142 3144 3156 
6669 3136 3148 3149 
6670 3144 3149 3151 
6671 3139 847 3152 
6672 970 3136 3150 
6673 3138 971 3150 
6674 3136 969 3148 
6675 147 848 3154 
6676 3144 3151 3156 
6677 3145 3137 3151 
6678 3143 3135 3147 
6679 968 147 3154 
6680 963 3145 3152 
6681 3149 3144 3157 
6682 3135 967 3147 
6683 3136 3149 3157 
6684 972 3138 3158 
6685 3137 3146 3156 
6686 848 3139 3154 
6687 3138 3153 3158 
6688 3139 3152 3155 
6689 3145 3151 3155 
6690 169 972 3158 
6691 3151 3149 3155 
6692 3152 3145 3155 
6693 3148 968 3154 
6694 168 954 3153 
6695 3151 3137 3156 
6696 3147 168 3153 
6697 3150 3136 3157 
6698 954 169 3158 
6699 3153 954 3158 
2 360 2 45
6700 3166 3172 3171 
6701 3171 3172 3161 
6702 3167 3171 3161 
6703 971 3165 3160 
6704 169 957 972 
6705 3162 3171 3168 
6706 3165 3169 3160 
6707 3161 3164 919 
6708 3168 3171 3159 
6709 3160 3172 3166 
6710 3159 3171 3167 
6711 147 3163 973 
6712 968 3163 147 
6713 3169 3172 3160 
6714 972 3165 971 
6715 919 3164 163 
6716 920 3161 919 
6717 3161 3172 3164 
6718 970 3166 969 
6719 969 3162 968 
6720 971 3160 970 
6721 920 3167 3161 
6722 164 3167 920 
6723 957 3165 972 
6724 969 3166 3162 
6725 3160 3166 970 
6726 3162 3168 3163 
6727 956 3165 957 
6728 975 3159 976 
6729 974 3168 975 
6730 163 3164 955 
6731 976 3167 164 
6732 955 3169 956 
6733 3162 3163 968 
6734 3166 3171 3162 
6735 3164 3172 3169 
6736 172 3170 974 
6737 956 3169 3165 
6738 975 3168 3159 
6739 3159 3167 976 
6740 3164 3169 955 
6741 974 3170 3168 
6742 973 3170 172 
6743 3163 3170 973 
6744 3168 3170 3163 
2 361 2 1
6745 166 167 171 
2 362 2 13
6746 950 3173 958 
6747 170 3173 964 
6748 964 3173 950 
6749 958 3173 170 
6750 168 967 953 
6751 171 167 950 
6752 950 958 171 
6753 951 964 950 
6754 952 965 951 
6755 951 965 964 
6756 953 966 952 
6757 952 966 965 
6758 953 967 966 
2 363 2 54
6759 3174 173 3184 
6760 3184 3188 3192 
6761 3187 3184 3192 
6762 3176 3180 3193 
6763 3176 3177 3180 
6764 3178 3174 3184 
6765 980 979 3188 
6766 3178 3184 3186 
6767 979 3183 3188 
6768 3175 3181 3196 
6769 3188 3183 3192 
6770 3175 3180 3181 
6771 174 977 3196 
6772 3185 3192 3194 
6773 3190 3189 3191 
6774 3185 3191 3192 
6775 977 3175 3196 
6776 3182 3189 3190 
6777 3180 3175 3193 
6778 3192 3183 3194 
6779 3185 3190 3191 
6780 3176 3174 3177 
6781 3177 3174 3178 
6782 3180 3179 3181 
6783 3177 3178 3179 
6784 3177 3179 3180 
6785 3189 3187 3191 
6786 3186 3187 3189 
6787 3186 3184 3187 
6788 3189 3182 3195 
6789 3191 3187 3192 
6790 980 3174 3176 
6791 3182 3179 3195 
6792 3181 3179 3182 
6793 3186 3189 3195 
6794 977 978 3175 
6795 3181 3182 3190 
6796 3185 174 3190 
6797 3179 3178 3195 
6798 979 980 3176 
6799 979 978 3183 
6800 977 174 3185 
6801 173 980 3188 
6802 3175 978 3193 
6803 3178 3186 3195 
6804 978 979 3193 
6805 3181 3190 3196 
6806 978 977 3194 
6807 980 173 3174 
6808 979 3176 3193 
6809 3183 978 3194 
6810 977 3185 3194 
6811 3184 173 3188 
6812 3190 174 3196 
2 364 2 87
6813 990 989 3213 
6814 661 662 1000 
6815 3199 3212 3216 
6816 175 991 3209 
6817 106 660 985 
6818 3213 3199 3216 
6819 828 829 3202 
6820 166 990 3203 
6821 3212 3200 3216 
6822 986 985 3205 
6823 3203 990 3213 
6824 665 105 3208 
6825 105 826 3208 
6826 991 3206 3209 
6827 985 660 3205 
6828 998 664 3220 
6829 660 661 3215 
6830 828 3202 3211 
6831 986 3205 3218 
6832 989 3199 3213 
6833 826 827 3208 
6834 3200 3197 3204 
6835 984 166 3203 
6836 3197 3202 3210 
6837 3208 827 3211 
6838 3214 3198 3216 
6839 3204 3214 3216 
6840 664 665 3220 
6841 3205 660 3215 
6842 3197 994 3202 
6843 3197 3210 3219 
6844 993 3197 3200 
6845 992 3200 3212 
6846 3202 995 3211 
6847 981 982 3207 
6848 989 988 3199 
6849 3202 829 3210 
6850 983 984 3198 
6851 996 3208 3211 
6852 988 987 3206 
6853 997 998 3220 
6854 661 1000 3215 
6855 3200 3204 3216 
6856 3209 986 3218 
6857 3199 988 3206 
6858 829 830 3210 
6859 830 831 3201 
6860 3207 3201 3217 
6861 3204 3197 3219 
6862 139 981 3217 
6863 827 828 3211 
6864 991 992 3212 
6865 3207 982 3214 
6866 994 995 3202 
6867 981 3207 3217 
6868 993 994 3197 
6869 992 993 3200 
6870 3206 987 3209 
6871 987 986 3209 
6872 983 3198 3214 
6873 982 983 3214 
6874 3198 3203 3213 
6875 3198 984 3203 
6876 3206 991 3212 
6877 1000 1001 3215 
6878 996 997 3208 
6879 3204 3207 3214 
6880 995 996 3211 
6881 3207 3204 3219 
6882 3201 3207 3219 
6883 1001 3205 3215 
6884 830 3201 3210 
6885 1001 175 3218 
6886 831 139 3217 
6887 3198 3213 3216 
6888 3210 3201 3219 
6889 3205 1001 3218 
6890 665 3208 3220 
6891 3199 3206 3212 
6892 3201 831 3217 
6893 175 3209 3218 
6894 3208 997 3220 
6895 171 990 166 
6896 662 663 999 
6897 662 999 1000 
6898 663 664 998 
6899 663 998 999 
2 365 2 9
6900 139 137 981 
6901 984 946 166 
6902 983 946 984 
6903 137 949 981 
6904 983 947 946 
6905 982 948 947 
6906 982 947 983 
6907 982 949 948 
6908 981 949 982 
2 366 2 29
6909 989 1007 1006 
6910 989 1006 988 
6911 990 3223 989 
6912 988 1006 1005 
6913 1005 3225 988 
6914 990 958 170 
6915 1007 3223 170 
6916 988 3225 987 
6917 986 3222 985 
6918 987 3224 986 
6919 693 3221 111 
6920 143 3221 1002 
6921 987 3225 3224 
6922 1002 3222 1003 
6923 986 3224 3222 
6924 985 3226 106 
6925 1003 3224 1004 
6926 3221 3222 1002 
6927 3222 3224 1003 
6928 111 3221 143 
6929 1004 3225 1005 
6930 3221 3226 3222 
6931 106 3226 693 
6932 989 3223 1007 
6933 3222 3226 985 
6934 3224 3225 1004 
6935 693 3226 3221 
6936 170 3223 990 
6937 171 958 990 
2 367 2 44
6938 3227 176 3237 
6939 3227 3237 3238 
6940 1001 1008 175 
6941 1008 991 175 
6942 1009 1008 3231 
6943 1008 1001 3231 
6944 991 1008 3232 
6945 3237 3230 3238 
6946 1008 1009 3232 
6947 3229 3233 3234 
6948 3229 1009 3231 
6949 992 991 3232 
6950 176 3234 3237 
6951 992 3232 3235 
6952 995 994 3230 
6953 999 998 3233 
6954 997 996 3228 
6955 1001 1000 3231 
6956 3235 3227 3238 
6957 993 992 3235 
6958 176 3229 3234 
6959 3233 3229 3240 
6960 994 993 3238 
6961 998 997 3236 
6962 1009 3227 3232 
6963 3234 3228 3237 
6964 3228 996 3239 
6965 3231 1000 3240 
6966 176 1009 3229 
6967 1009 176 3227 
6968 3229 3231 3240 
6969 1000 999 3240 
6970 996 995 3239 
6971 3234 3233 3236 
6972 997 3228 3236 
6973 3230 994 3238 
6974 3233 998 3236 
6975 993 3235 3238 
6976 3237 3228 3239 
6977 995 3230 3239 
6978 999 3233 3240 
6979 3232 3227 3235 
6980 3228 3234 3236 
6981 3230 3237 3239 
2 368 2 29
6982 144 842 963 
6983 1004 1005 3243 
6984 959 960 3247 
6985 3243 1005 3245 
6986 963 842 3244 
6987 143 1002 844 
6988 1002 1003 3242 
6989 844 1002 3242 
6990 962 963 3241 
6991 961 962 3243 
6992 843 844 3242 
6993 962 3241 3243 
6994 1006 1007 3247 
6995 1005 1006 3245 
6996 3242 1003 3246 
6997 1007 959 3247 
6998 1003 1004 3246 
6999 3241 963 3244 
7000 1004 3243 3246 
7001 3245 1006 3247 
7002 961 3243 3245 
7003 3241 3242 3246 
7004 960 3245 3247 
7005 960 961 3245 
7006 843 3242 3244 
7007 3242 3241 3244 
7008 842 843 3244 
7009 3243 3241 3246 
7010 170 959 1007 
2 369 2 90
7011 1016 3254 1017 
7012 3251 3257 745 
7013 179 3260 1019 
7014 3253 3254 1016 
7015 3248 3272 3253 
7016 3253 3272 3258 
7017 745 3265 3251 
7018 1021 3262 3251 
7019 3248 3253 1014 
7020 3251 3265 1021 
7021 1032 3255 180 
7022 121 3265 745 
7023 3260 3266 1019 
7024 745 3257 744 
7025 3253 3258 3254 
7026 1014 3253 178 
7027 909 3256 155 
7028 1022 3268 1023 
7029 3255 3269 180 
7030 910 3259 909 
7031 1015 3248 1014 
7032 1025 3257 3251 
7033 3254 3258 1030 
7034 3252 3257 1024 
7035 1028 3266 3260 
7036 1031 3272 3249 
7037 3258 3272 1031 
7038 1021 3265 142 
7039 3251 3262 1026 
7040 3249 3255 1032 
7041 3262 3266 1027 
7042 1018 3260 179 
7043 3263 3272 3261 
7044 909 3259 3256 
7045 3259 3268 1022 
7046 1020 3266 3262 
7047 1010 3255 1011 
7048 3249 3272 3263 
7049 1012 3261 1013 
7050 911 3250 910 
7051 1019 3266 1020 
7052 3250 3259 910 
7053 1015 3270 3248 
7054 3248 3270 3261 
7055 178 3253 1016 
7056 177 3270 1015 
7057 1020 3262 1021 
7058 743 3264 742 
7059 1011 3263 1012 
7060 1031 3249 1032 
7061 180 3256 1022 
7062 1025 3251 1026 
7063 1024 3257 1025 
7064 1028 3260 1029 
7065 1030 3258 1031 
7066 1029 3254 1030 
7067 1023 3252 1024 
7068 3254 3271 1017 
7069 3257 3267 744 
7070 3252 3267 3257 
7071 3256 3259 1022 
7072 1026 3262 1027 
7073 3249 3263 3255 
7074 180 3269 3256 
7075 1012 3263 3261 
7076 3260 3271 1029 
7077 142 3265 121 
7078 744 3267 743 
7079 3250 3273 3264 
7080 3255 3263 1011 
7081 1029 3271 3254 
7082 742 3273 120 
7083 3261 3272 3248 
7084 3256 3269 155 
7085 3261 3270 1013 
7086 1027 3266 1028 
7087 743 3267 3264 
7088 3264 3273 742 
7089 3252 3268 3264 
7090 3264 3268 3250 
7091 911 3273 3250 
7092 1013 3270 177 
7093 1010 3269 3255 
7094 155 3269 1010 
7095 120 3273 911 
7096 1017 3271 1018 
7097 3264 3267 3252 
7098 1023 3268 3252 
7099 3250 3268 3259 
7100 1018 3271 3260 
2 370 2 14
7101 154 3275 1033 
7102 882 3275 154 
7103 1013 3274 1012 
7104 177 3275 1013 
7105 883 3274 882 
7106 1033 3275 177 
7107 1012 3274 883 
7108 3274 3275 882 
7109 1013 3275 3274 
7110 155 1010 885 
7111 884 1012 883 
7112 885 1011 884 
7113 1011 1012 884 
7114 1010 1011 885 
2 371 2 10
7115 1014 1036 1035 
7116 1015 1035 1034 
7117 1015 3276 177 
7118 1034 3276 1015 
7119 157 3276 1034 
7120 154 3276 157 
7121 1033 3276 154 
7122 177 3276 1033 
7123 178 1036 1014 
7124 1014 1035 1015 
2 372 2 64
7125 3290 3287 3294 
7126 3279 3290 3294 
7127 157 1034 904 
7128 3292 3288 3295 
7129 3288 3292 3296 
7130 1041 3278 3283 
7131 146 1041 3283 
7132 3280 3293 3295 
7133 3277 3291 3294 
7134 3293 3282 3295 
7135 3283 3278 3290 
7136 3277 3294 3296 
7137 3287 3286 3294 
7138 3277 1018 3291 
7139 1018 179 3291 
7140 904 1034 3297 
7141 3287 3278 3289 
7142 1040 158 3289 
7143 3281 3287 3289 
7144 1036 178 3284 
7145 3278 3287 3290 
7146 3281 3286 3287 
7147 908 907 3281 
7148 907 906 3285 
7149 158 908 3289 
7150 3281 3285 3286 
7151 906 905 3280 
7152 3281 907 3285 
7153 906 3280 3285 
7154 3286 3285 3288 
7155 3285 3280 3288 
7156 908 3281 3289 
7157 3278 1040 3289 
7158 145 146 3283 
7159 3280 905 3293 
7160 1041 1040 3278 
7161 3292 3277 3296 
7162 3282 1036 3284 
7163 3288 3280 3295 
7164 1039 145 3283 
7165 905 904 3293 
7166 179 1037 3291 
7167 3284 3292 3295 
7168 1037 1038 3279 
7169 178 1016 3284 
7170 1017 1018 3277 
7171 1016 1017 3292 
7172 1035 1036 3282 
7173 3291 3279 3294 
7174 1037 3279 3291 
7175 3286 3288 3296 
7176 1017 3277 3292 
7177 3282 3284 3295 
7178 3293 904 3297 
7179 3284 1016 3292 
7180 3290 3279 3298 
7181 3294 3286 3296 
7182 3283 3290 3298 
7183 3279 1038 3298 
7184 1039 3283 3298 
7185 1038 1039 3298 
7186 1034 1035 3297 
7187 3282 3293 3297 
7188 1035 3282 3297 
2 373 2 12
7189 1021 142 845 
7190 1021 845 3300 
7191 1038 1020 3299 
7192 1039 1038 3299 
7193 1020 1021 3299 
7194 3299 1021 3300 
7195 845 145 3300 
7196 145 1039 3300 
7197 1039 3299 3300 
7198 1037 179 1019 
7199 1019 1020 1038 
7200 1037 1019 1038 
2 374 2 50
7201 3311 3310 3320 
7202 3310 3313 3320 
7203 3301 3310 3311 
7204 3309 3307 3315 
7205 3313 3304 3320 
7206 3308 3309 3310 
7207 3308 3307 3309 
7208 3316 3304 3317 
7209 180 1022 3301 
7210 1028 1029 3303 
7211 1024 1025 3302 
7212 1030 1031 3304 
7213 3304 3313 3317 
7214 180 3301 3311 
7215 3307 3305 3315 
7216 1026 1027 3305 
7217 1023 1024 3312 
7218 1024 3302 3312 
7219 3302 3307 3308 
7220 1028 3303 3314 
7221 1032 180 3311 
7222 3302 3308 3312 
7223 3310 3309 3313 
7224 1030 3304 3316 
7225 1031 1032 3320 
7226 1029 1030 3316 
7227 3312 3308 3319 
7228 1027 1028 3314 
7229 1022 1023 3318 
7230 3310 3301 3319 
7231 3318 3312 3319 
7232 1023 3312 3318 
7233 3308 3310 3319 
7234 3302 1025 3306 
7235 1026 3305 3306 
7236 1025 1026 3306 
7237 3304 1031 3320 
7238 3303 1029 3316 
7239 3302 3306 3307 
7240 3314 3303 3315 
7241 3301 1022 3318 
7242 3305 1027 3314 
7243 3309 3315 3317 
7244 3306 3305 3307 
7245 3305 3314 3315 
7246 3313 3309 3317 
7247 3303 3316 3317 
7248 1032 3311 3320 
7249 3315 3303 3317 
7250 3301 3318 3319 
2 375 2 75
7251 929 3333 930 
7252 1042 3330 1043 
7253 178 3338 1036 
7254 3324 3341 3329 
7255 1043 3330 3322 
7256 3321 3338 3332 
7257 3331 3345 3325 
7258 1036 3338 3321 
7259 3330 3345 3331 
7260 3332 3339 3321 
7261 3323 3333 929 
7262 3339 3346 3329 
7263 3330 3331 3322 
7264 3329 3346 3324 
7265 3337 3346 3339 
7266 3331 3332 3322 
7267 3337 3339 3332 
7268 899 3328 82 
7269 3325 3333 3331 
7270 3329 3341 3328 
7271 3326 3329 3328 
7272 3326 3328 899 
7273 3332 3343 3337 
7274 3329 3344 3339 
7275 3339 3340 3321 
7276 3339 3344 3340 
7277 3333 3335 930 
7278 926 3324 927 
7279 927 3336 928 
7280 928 3323 929 
7281 3331 3343 3332 
7282 3323 3343 3333 
7283 3337 3343 3323 
7284 1044 3338 178 
7285 3336 3337 3323 
7286 181 3327 1042 
7287 1043 3322 1044 
7288 957 3327 169 
7289 3326 3344 3329 
7290 3332 3338 3322 
7291 900 3326 899 
7292 930 3335 163 
7293 955 3325 956 
7294 3333 3343 3331 
7295 1036 3321 1035 
7296 1035 3340 1034 
7297 163 3335 955 
7298 3324 3336 927 
7299 928 3336 3323 
7300 3334 3344 3326 
7301 3325 3335 3333 
7302 157 3334 900 
7303 957 3345 3327 
7304 1034 3334 157 
7305 82 3328 556 
7306 556 3341 555 
7307 81 3342 926 
7308 3327 3330 1042 
7309 3324 3342 3341 
7310 3340 3344 3334 
7311 3336 3346 3337 
7312 926 3342 3324 
7313 3322 3338 1044 
7314 555 3342 81 
7315 3324 3346 3336 
7316 3327 3345 3330 
7317 956 3345 957 
7318 955 3335 3325 
7319 3321 3340 1035 
7320 900 3334 3326 
7321 3325 3345 956 
7322 1034 3340 3334 
7323 3328 3341 556 
7324 3341 3342 555 
7325 169 3327 181 
2 376 2 24
7326 1046 179 3347 
7327 849 968 3350 
7328 1046 3347 3351 
7329 970 971 3347 
7330 145 849 3350 
7331 1039 145 3350 
7332 179 1037 3347 
7333 969 970 3348 
7334 1037 1038 3348 
7335 968 969 3349 
7336 3347 971 3351 
7337 1038 1039 3349 
7338 970 3347 3348 
7339 1045 1046 3351 
7340 972 1045 3351 
7341 971 972 3351 
7342 3347 1037 3348 
7343 969 3348 3349 
7344 3348 1038 3349 
7345 968 3349 3350 
7346 3349 1039 3350 
7347 147 968 849 
7348 1045 169 181 
7349 972 169 1045 
2 377 2 13
7350 1016 1044 178 
7351 181 1042 1045 
7352 179 1046 1018 
7353 1018 3352 1017 
7354 1046 3352 1018 
7355 1042 3352 1045 
7356 1043 3352 1042 
7357 1045 3352 1046 
7358 3352 3353 1017 
7359 1043 3353 3352 
7360 1017 3353 1016 
7361 1044 3353 1043 
7362 1016 3353 1044 
2 378 2 46
7363 3354 182 3359 
7364 3358 3362 3368 
7365 3363 3358 3368 
7366 3360 1048 3361 
7367 1049 1048 3360 
7368 3361 1047 3366 
7369 1047 183 3366 
7370 3355 1048 3356 
7371 3359 182 3360 
7372 3364 3362 3371 
7373 182 1049 3360 
7374 3358 3359 3362 
7375 3362 3364 3369 
7376 3358 3354 3359 
7377 1048 1049 3356 
7378 1048 1047 3361 
7379 3360 3361 3364 
7380 3364 3361 3366 
7381 3365 3363 3367 
7382 3367 3363 3368 
7383 3357 3363 3365 
7384 3357 3358 3363 
7385 1047 1048 3355 
7386 3357 3354 3358 
7387 183 1047 3372 
7388 3368 3362 3369 
7389 3367 183 3372 
7390 3355 3356 3373 
7391 3369 3366 3370 
7392 3365 3367 3372 
7393 3364 3366 3369 
7394 3356 3354 3357 
7395 3360 3364 3371 
7396 3362 3359 3371 
7397 3366 183 3370 
7398 1049 3354 3356 
7399 3368 3369 3370 
7400 3357 3365 3373 
7401 1049 182 3354 
7402 3359 3360 3371 
7403 3367 3368 3370 
7404 1047 3355 3372 
7405 3356 3357 3373 
7406 3365 3372 3373 
7407 3372 3355 3373 
7408 183 3367 3370 
2 379 2 93
7409 1006 3388 1005 
7410 3388 3391 1005 
7411 1060 3384 1061 
7412 967 3380 966 
7413 1007 3388 1006 
7414 1021 3383 1020 
7415 3376 3388 3381 
7416 3380 3392 966 
7417 3381 3388 3374 
7418 3379 3384 1060 
7419 1052 3385 1053 
7420 3383 3396 1020 
7421 3376 3391 3388 
7422 3377 3379 1060 
7423 1007 3399 3388 
7424 1053 3382 1054 
7425 3381 3392 3380 
7426 1056 3378 3376 
7427 3376 3381 1057 
7428 3375 3378 1055 
7429 1051 3396 3383 
7430 1058 3381 3380 
7431 3375 3393 3378 
7432 3395 3396 184 
7433 3385 3389 1053 
7434 3386 3393 3375 
7435 1059 3394 3377 
7436 3380 3394 1059 
7437 3377 3387 3379 
7438 1019 3395 179 
7439 1019 3396 3395 
7440 1054 3382 3375 
7441 3378 3391 3376 
7442 965 3374 964 
7443 1020 3396 1019 
7444 837 3382 838 
7445 3374 3392 3381 
7446 1003 3386 1002 
7447 964 3399 170 
7448 170 3399 1007 
7449 1056 3376 1057 
7450 3377 3398 3387 
7451 1055 3378 1056 
7452 1058 3380 1059 
7453 1054 3375 1055 
7454 1057 3381 1058 
7455 1059 3377 1060 
7456 1051 3383 1052 
7457 1053 3389 3382 
7458 836 3390 837 
7459 1046 3379 1045 
7460 179 3384 1046 
7461 839 3385 840 
7462 967 3394 3380 
7463 181 3387 1050 
7464 3382 3390 3375 
7465 168 3394 967 
7466 1005 3391 1004 
7467 142 3400 1021 
7468 966 3392 965 
7469 179 3395 3384 
7470 965 3392 3374 
7471 1045 3387 181 
7472 1061 3395 184 
7473 838 3389 839 
7474 1004 3393 1003 
7475 837 3390 3382 
7476 3390 3397 3386 
7477 184 3396 1051 
7478 3382 3389 838 
7479 1050 3398 168 
7480 840 3400 142 
7481 143 3397 836 
7482 3383 3385 1052 
7483 1003 3393 3386 
7484 3375 3390 3386 
7485 3388 3399 3374 
7486 1002 3397 143 
7487 3386 3397 1002 
7488 1046 3384 3379 
7489 836 3397 3390 
7490 839 3389 3385 
7491 3385 3400 840 
7492 3379 3387 1045 
7493 3391 3393 1004 
7494 3374 3399 964 
7495 3387 3398 1050 
7496 1021 3400 3383 
7497 3384 3395 1061 
7498 3383 3400 3385 
7499 168 3398 3394 
7500 3378 3393 3391 
7501 3394 3398 3377 
2 380 2 3
7502 1050 168 954 
7503 1050 169 181 
7504 954 169 1050 
2 381 2 46
7505 3407 3403 3409 
7506 3405 3410 3412 
7507 3403 3407 3408 
7508 3409 3404 3411 
7509 3410 3405 3417 
7510 3411 3404 3414 
7511 3407 3409 3410 
7512 3409 3403 3415 
7513 3404 3409 3415 
7514 1055 1056 3402 
7515 184 1051 3401 
7516 1053 1054 3405 
7517 1058 1059 3403 
7518 1060 1061 3404 
7519 1058 3403 3408 
7520 3405 3412 3416 
7521 3410 3411 3412 
7522 3410 3409 3411 
7523 1057 1058 3408 
7524 3411 3401 3412 
7525 3407 3410 3417 
7526 3401 3411 3414 
7527 3405 1054 3413 
7528 1054 1055 3413 
7529 1061 184 3414 
7530 1056 1057 3406 
7531 1059 1060 3415 
7532 3407 3406 3408 
7533 3404 1061 3414 
7534 3402 3407 3417 
7535 3403 1059 3415 
7536 3402 3406 3407 
7537 1060 3404 3415 
7538 1053 3405 3416 
7539 184 3401 3414 
7540 1052 1053 3416 
7541 1055 3402 3413 
7542 3401 1051 3418 
7543 3412 3401 3418 
7544 1051 1052 3418 
7545 3402 1056 3406 
7546 3405 3413 3417 
7547 3406 1057 3408 
7548 1052 3416 3418 
7549 3416 3412 3418 
7550 3413 3402 3417 
3 1 4 500
7551 16 1578 247 246 
7552 6 1578 16 206 
7553 6 207 1578 206 
7554 1564 1511 208 1566 
7555 207 208 1564 1500 
7556 1564 1517 1511 1566 
7557 1578 1514 247 246 
7558 1564 247 1500 1514 
7559 1564 1514 1500 1517 
7560 1578 1500 1564 247 
7561 1554 1561 1564 248 
7562 206 1514 246 205 
7563 1564 1566 1561 1517 
7564 1564 247 1554 248 
7565 247 1514 1554 246 
7566 1564 1517 1500 1511 
7567 1578 1500 207 1564 
7568 1578 1500 247 1514 
7569 1564 1554 247 1514 
7570 209 210 1570 1518 
7571 1561 249 1589 1572 
7572 1564 1511 1500 208 
7573 1561 1517 1566 1589 
7574 1511 221 1566 1517 
7575 1578 207 1500 206 
7576 1570 1511 209 1518 
7577 1570 1511 1566 209 
7578 1567 1572 1589 1577 
7579 1561 1547 249 248 
7580 1603 1570 1597 220 
7581 1567 1597 1603 1570 
7582 1567 1575 1577 1596 
7583 1567 1575 1596 1597 
7584 221 222 1589 1517 
7585 1603 221 1570 1518 
7586 1603 220 221 1518 
7587 1577 1589 1596 1600 
7588 1589 1600 1552 1599 
7589 1589 1517 222 1599 
7590 1566 1603 1567 1589 
7591 209 1566 208 1511 
7592 1566 1570 1603 221 
7593 1603 1570 220 1518 
7594 1599 223 1601 1551 
7595 1599 1504 223 1551 
7596 1600 1558 1595 1596 
7597 1599 1547 1504 1551 
7598 1555 1600 1601 1599 
7599 1567 1575 1597 1570 
7600 1567 1577 1589 1596 
7601 1567 1589 1603 1596 
7602 1599 1555 1552 1547 
7603 1561 1589 1566 1567 
7604 1596 1558 1595 1569 
7605 1561 1554 1547 248 
7606 3419 1536 1530 233 
7607 1561 1547 1517 1599 
7608 1599 1561 1547 249 
7609 1600 1549 250 1552 
7610 1600 1546 1552 1555 
7611 1600 1595 1549 1602 
7612 1547 1554 1504 1551 
7613 1554 245 1521 1551 
7614 205 204 1521 245 
7615 1554 205 246 1514 
7616 1511 1570 221 1518 
7617 1517 1504 1599 1547 
7618 1549 240 1546 1590 
7619 1555 1600 1599 1552 
7620 1554 1521 1504 1551 
7621 1599 1601 1555 1551 
7622 1561 1554 1517 1547 
7623 1554 245 246 205 
7624 1554 245 205 1514 
7625 1554 1521 1514 1504 
7626 204 1523 244 203 
7627 1521 1551 244 1523 
7628 1523 1551 1548 1502 
7629 1521 244 204 1523 
7630 1521 244 245 204 
7631 1517 1504 1554 1514 
7632 243 242 1510 1550 
7633 244 1548 1523 1551 
7634 1548 1555 1502 1551 
7635 1548 1502 1555 1553 
7636 1523 1548 243 1510 
7637 1566 1517 221 1589 
7638 3419 1540 241 1549 
7639 1555 1553 1601 1546 
7640 1523 1510 243 203 
7641 1553 1550 1498 238 
7642 244 1523 243 203 
7643 1510 1520 1512 1550 
7644 224 225 1590 1498 
7645 1553 1545 1590 239 
7646 1553 238 1498 1545 
7647 1600 1552 1546 1549 
7648 1600 1546 1555 1601 
7649 249 1552 1547 1599 
7650 1590 1600 1549 1602 
7651 1502 1551 1601 223 
7652 1521 245 244 1551 
7653 1555 1601 1502 1551 
7654 1599 1555 1547 1551 
7655 1600 1558 1572 250 
7656 1598 1505 225 226 
7657 1590 1535 1598 1602 
7658 1598 1587 1506 226 
7659 1598 1506 1544 1538 
7660 1502 1601 224 223 
7661 1590 240 1535 1602 
7662 1598 1498 1537 1545 
7663 1512 193 1496 1520 
7664 1512 193 194 1496 
7665 1512 194 200 1496 
7666 1600 1549 1558 250 
7667 1505 194 199 1537 
7668 1510 1512 1498 1550 
7669 1512 194 1537 200 
7670 1512 1520 1496 201 
7671 1590 1546 1535 240 
7672 1598 1537 1538 1535 
7673 1544 1539 1587 1598 
7674 1598 1506 1587 1544 
7675 199 200 1537 194 
7676 1590 1600 1546 1549 
7677 1590 225 1598 1498 
7678 1512 1550 1520 1541 
7679 1505 1506 198 195 
7680 200 1541 1496 201 
7681 193 1494 1520 1 
7682 193 201 1520 1494 
7683 1598 1537 1505 1538 
7684 5 1557 1494 1 
7685 1557 202 1520 1 
7686 242 1520 1556 1494 
7687 1494 5 242 1557 
7688 242 1520 1494 1557 
7689 1553 1498 1502 224 
7690 1553 224 1502 1601 
7691 237 1494 1556 1520 
7692 1590 1545 1535 239 
7693 238 237 1550 1541 
7694 1553 1498 1510 1502 
7695 1494 237 1556 4 
7696 1553 1510 1498 1550 
7697 243 1510 1548 1550 
7698 1512 200 1541 1496 
7699 1512 238 1550 1541 
7700 1548 1510 1553 1550 
7701 1548 1502 1553 1510 
7702 243 202 1510 242 
7703 1512 200 1537 1541 
7704 1498 1512 1537 1545 
7705 1512 194 1505 1537 
7706 1557 1520 1494 1 
7707 1535 1540 1539 1602 
7708 1498 1550 1512 238 
7709 1512 1545 238 1541 
7710 1505 199 1538 1537 
7711 1496 1520 193 201 
7712 1498 238 1512 1545 
7713 1590 1498 1598 1545 
7714 1553 1590 1546 239 
7715 1498 1537 1512 1505 
7716 1544 1539 1598 1538 
7717 1600 1558 1549 1595 
7718 1538 1506 1544 198 
7719 1572 1552 250 249 
7720 1510 202 1520 242 
7721 1577 1589 1600 1572 
7722 1557 242 1520 202 
7723 3419 1549 1595 1602 
7724 251 241 1568 15 
7725 3419 1540 1549 1602 
7726 1494 5 1556 242 
7727 1553 224 1590 1498 
7728 1600 1577 1558 1596 
7729 1553 239 238 1545 
7730 243 1510 202 203 
7731 1599 1561 249 1589 
7732 241 1568 15 1542 
7733 1512 1541 1520 201 
7734 236 1560 1543 1542 
7735 236 1568 1560 1542 
7736 1565 14 1560 1543 
7737 13 14 1543 12 
7738 13 14 1565 1543 
7739 1543 1526 13 12 
7740 13 1526 1565 11 
7741 231 1583 1525 1533 
7742 1585 1524 230 1525 
7743 1585 1581 1582 1516 
7744 1530 1528 234 1592 
7745 1530 1525 1591 1533 
7746 1530 1534 1591 1525 
7747 1530 1534 1592 1591 
7748 1530 1534 1528 1592 
7749 3419 251 1558 1549 
7750 3419 1530 234 1593 
7751 1543 1526 1565 13 
7752 3419 234 1530 1536 
7753 232 252 1583 1573 
7754 1565 1579 1573 1533 
7755 3419 1549 1558 1595 
7756 236 1560 14 1543 
7757 3419 1536 233 1543 
7758 240 241 1540 1549 
7759 3419 1591 1533 1530 
7760 1530 234 233 1536 
7761 3419 1595 1593 1602 
7762 234 1593 1592 1587 
7763 1587 1528 234 1539 
7764 1530 1591 1592 1593 
7765 1535 240 1540 1602 
7766 3419 1543 233 1526 
7767 234 1539 1528 235 
7768 1532 197 1509 1531 
7769 1532 1509 1528 1531 
7770 1533 1591 1594 1573 
7771 3419 1569 1579 1594 
7772 1509 2 197 196 
7773 1509 197 2 1531 
7774 1528 1531 1509 1527 
7775 1532 1544 3 235 
7776 1529 1527 1534 1513 
7777 1513 1529 1527 216 
7778 1581 1516 1503 1522 
7779 1509 1506 196 1495 
7780 1528 1527 1509 1499 
7781 1509 196 197 1495 
7782 1529 1525 230 1524 
7783 1527 1509 1513 215 
7784 1532 1495 197 3 
7785 1509 2 215 1531 
7786 1532 1495 1544 1506 
7787 1495 198 1544 1506 
7788 1544 235 1587 1539 
7789 1544 235 1506 1587 
7790 1505 1506 1538 198 
7791 1532 1506 1509 1495 
7792 1505 198 199 195 
7793 1495 195 198 1506 
7794 227 228 1592 1499 
7795 1528 1527 1499 1534 
7796 1532 1528 1499 1506 
7797 1592 228 1591 1508 
7798 1506 1587 227 226 
7799 1506 1598 226 1505 
7800 1598 1537 1498 1505 
7801 1510 242 1520 1550 
7802 1587 1539 1593 1602 
7803 1590 239 1535 1546 
7804 1555 1601 1553 1502 
7805 1595 1594 1596 1569 
7806 1596 1558 1569 1577 
7807 3419 1579 1569 1568 
7808 1549 240 1590 1602 
7809 1598 1545 1537 1535 
7810 1591 228 10 1508 
7811 3419 1595 1558 1569 
7812 1585 1516 1508 1503 
7813 1591 1533 1525 1583 
7814 1592 1508 1591 1534 
7815 1532 1495 1509 197 
7816 1520 1541 1550 237 
7817 1591 1503 1508 10 
7818 1520 237 1550 1556 
7819 3419 241 251 1549 
7820 1591 1594 1573 1576 
7821 1506 227 1592 1499 
7822 1499 1508 1534 1513 
7823 1503 1581 1585 1516 
7824 1565 232 252 11 
7825 3419 1536 1540 1539 
7826 1509 1527 1513 1499 
7827 1519 1529 229 1524 
7828 1585 1516 1524 1508 
7829 3419 233 1530 1526 
7830 1591 1573 1559 1576 
7831 1585 1591 1503 1508 
7832 1585 1525 231 1583 
7833 1581 1503 1586 1522 
7834 1582 229 230 1524 
7835 1507 7 211 1574 
7836 1586 1563 17 1580 
7837 1586 1522 1563 1580 
7838 254 253 1559 1584 
7839 1586 1559 254 1563 
7840 1586 1503 1559 1563 
7841 1563 218 1559 1571 
7842 1586 1563 254 17 
7843 1529 230 229 1524 
7844 3419 1533 1579 1565 
7845 1585 1503 1591 1584 
7846 1591 1533 1583 1573 
7847 1565 3419 1560 1579 
7848 1583 252 253 1573 
7849 1559 1571 218 1588 
7850 1591 1594 1576 1588 
7851 3419 1568 1558 251 
7852 232 1583 231 1533 
7853 1513 1529 1501 1508 
7854 1565 232 11 1526 
7855 1565 1560 3419 1543 
7856 1591 1503 1559 1584 
7857 1573 1579 1576 1594 
7858 1586 1503 1563 1522 
7859 232 1533 1565 1573 
7860 1576 1588 1575 1571 
7861 1563 218 1503 1559 
7862 1576 1594 1579 1569 
7863 1576 1575 1596 1569 
7864 1576 1588 1596 1575 
7865 1559 1576 1571 1588 
7866 1591 218 1503 10 
7867 232 1573 1583 1533 
7868 1559 1583 1584 253 
7869 1577 1569 1596 1575 
7870 1600 1577 1572 1558 
7871 1592 1534 1499 1508 
7872 1591 1576 1559 1588 
7873 1532 1499 1528 1509 
7874 1528 1506 235 1587 
7875 1528 1499 1592 1534 
7876 1506 1592 227 1587 
7877 218 1559 1591 1503 
7878 218 1559 1588 1591 
7879 1507 255 1563 1522 
7880 1594 1579 3419 1533 
7881 1507 1571 219 1588 
7882 219 220 1597 1515 
7883 220 1518 1570 1515 
7884 1504 1551 1502 223 
7885 1507 1574 1562 1571 
7886 1507 7 255 212 
7887 1576 1594 1596 1588 
7888 1575 1588 1562 1571 
7889 1567 1596 1603 1597 
7890 1507 1571 218 1563 
7891 1554 1561 1517 1564 
7892 1597 1562 1575 1588 
7893 222 1599 1504 223 
7894 219 1562 1597 1588 
7895 1562 211 1515 210 
7896 1511 1570 1566 221 
7897 1507 1574 1563 255 
7898 1597 1515 220 1570 
7899 1596 1588 1597 1575 
7900 1507 1574 1571 1563 
7901 1507 1562 1574 211 
7902 1507 218 1571 1588 
7903 219 1571 1562 1588 
7904 1552 1589 249 1572 
7905 1591 1584 1559 1583 
7906 249 1552 1599 1589 
7907 1558 1549 251 250 
7908 1517 1504 1547 1554 
7909 1533 1591 3419 1594 
7910 3419 1539 1540 1602 
7911 3419 1536 1543 1542 
7912 3419 1591 1593 1594 
7913 232 1565 252 1573 
7914 1576 1596 1594 1569 
7915 1592 1499 228 1508 
7916 17 1563 255 1580 
7917 1585 1583 1591 1525 
7918 1586 1584 254 1559 
7919 1507 1522 1563 1503 
7920 257 1582 1497 8 
7921 255 1522 212 1580 
7922 1507 219 218 1588 
7923 1507 1562 219 1571 
7924 1570 1518 210 1515 
7925 237 1494 1520 201 
7926 1556 5 1494 4 
7927 1598 1535 1539 1602 
7928 1598 1498 225 1505 
7929 1582 1524 1516 1497 
7930 3419 1568 251 241 
7931 1512 1496 1541 201 
7932 1505 198 1538 199 
7933 1585 1584 1591 1583 
7934 1507 1563 218 1503 
7935 1506 1598 1505 1538 
7936 257 1497 1516 8 
7937 1566 1570 1567 1603 
7938 1507 1515 1562 211 
7939 1586 1584 1559 1503 
7940 1563 1522 255 1580 
7941 3419 1591 1530 1593 
7942 1512 1541 1537 1545 
7943 1570 210 1562 1515 
7944 1565 3419 1533 1526 
7945 1504 1551 1521 1502 
7946 1528 1587 235 1539 
7947 1578 206 1514 246 
7948 205 1521 1514 245 
7949 1528 1592 1506 1587 
7950 1507 212 255 1522 
7951 1521 1551 1523 1502 
7952 1507 1515 219 1562 
7953 1520 242 1556 1550 
7954 3419 234 1536 1539 
7955 1561 1517 1589 1599 
7956 219 1515 1597 1562 
7957 3419 1593 234 1539 
7958 1532 1544 1495 3 
7959 1566 221 1603 1589 
7960 1554 1564 1517 1514 
7961 1554 245 1514 1521 
7962 1561 1589 1567 1572 
7963 1527 1513 1499 1534 
7964 1505 199 194 195 
7965 236 15 1568 1542 
7966 16 206 1578 246 
7967 1532 1499 1509 1506 
7968 244 243 1523 1548 
7969 1590 1545 1598 1535 
7970 1553 1590 1601 1546 
7971 3419 1533 1526 1530 
7972 1591 1508 1525 1534 
7973 1552 1589 1572 1600 
7974 1578 206 1500 1514 
7975 222 1599 1517 1504 
7976 1532 1506 1544 235 
7977 1598 1535 1538 1539 
7978 1513 1529 1508 1534 
7979 1591 1583 1559 1573 
7980 1523 1502 1548 1510 
7981 3419 1568 1560 1579 
7982 1553 1590 224 1601 
7983 1598 1539 1587 1602 
7984 1559 1573 1583 253 
7985 1535 1546 239 240 
7986 1532 1528 1506 235 
7987 1600 1546 1601 1590 
7988 1597 1570 1575 1562 
7989 1503 1581 1584 1585 
7990 1495 198 3 1544 
7991 3419 241 1540 1542 
7992 1533 1565 1526 232 
7993 234 1593 1587 1539 
7994 1597 1515 1570 1562 
7995 3419 1558 1568 1569 
7996 1527 1509 215 1531 
7997 1520 1541 237 201 
7998 3419 1543 1560 1542 
7999 1565 3419 1526 1543 
8000 196 195 1495 1506 
8001 1528 1506 1592 1499 
8002 3419 1593 1539 1602 
8003 233 1526 1543 12 
8004 240 1549 1540 1602 
8005 1600 1572 1552 250 
8006 1585 1525 1591 1508 
8007 1587 1528 1592 234 
8008 1594 1579 1533 1573 
8009 1507 255 7 1574 
8010 1530 1592 234 1593 
8011 1553 1498 1590 1545 
8012 3419 1593 1595 1594 
8013 3419 1594 1595 1569 
8014 3419 1568 241 1542 
8015 3419 1560 1568 1542 
8016 3419 1542 1540 1536 
8017 1494 237 4 201 
8018 1581 1584 1586 1503 
8019 1581 1516 257 1582 
8020 1585 1525 230 231 
8021 256 1586 17 1580 
8022 256 1516 213 257 
8023 213 8 257 1516 
8024 213 212 1522 1580 
8025 256 1522 1586 1580 
8026 256 213 1522 1580 
8027 1581 256 1522 1586 
8028 1581 1516 256 257 
8029 256 213 1516 1522 
8030 1581 1522 256 1516 
8031 1519 229 217 9 
8032 217 216 1529 1501 
8033 1519 1501 1529 1524 
8034 1585 1524 1582 230 
8035 1582 8 214 1497 
8036 1519 229 1497 1524 
8037 1519 1529 217 229 
8038 1529 1524 1501 1508 
8039 1519 229 9 214 
8040 1585 1582 1524 1516 
8041 1585 1524 1525 1508 
8042 1519 217 1529 1501 
8043 1529 1534 1525 1508 
8044 1529 1525 1524 1508 
8045 1582 229 1524 1497 
8046 1513 1529 216 1501 
8047 216 215 1527 1513 
8048 1582 214 229 1497 
8049 1519 1497 229 214 
8050 257 1497 1582 1516 
3 2 4 670
8051 3420 1709 1690 324 
8052 3421 1706 1693 1723 
8053 3421 1716 1693 1706 
8054 3421 1683 1618 283 
8055 3421 1618 1636 283 
8056 3421 284 1683 1682 
8057 322 1684 1691 1697 
8058 1632 1670 1608 311 
8059 1374 1671 314 1380 
8060 314 1671 315 1380 
8061 1632 276 1608 1670 
8062 1685 1612 1698 3420 
8063 1374 1616 1674 1688 
8064 1684 1686 1384 1380 
8065 1674 280 1676 1639 
8066 1674 1376 313 1672 
8067 1676 1651 280 279 
8068 1676 1678 1651 279 
8069 1676 1639 280 1651 
8070 281 280 1674 1639 
8071 281 1674 1672 1639 
8072 217 1693 1716 229 
8073 1638 1711 1695 1646 
8074 3421 1682 3422 1525 
8075 1725 1615 1714 1646 
8076 1615 1725 1658 1655 
8077 3421 1529 1525 1719 
8078 3422 1721 1722 320 
8079 1678 3422 1671 316 
8080 1626 1389 1385 1372 
8081 24 1678 1651 316 
8082 1676 1639 1651 287 
8083 1686 287 1676 1651 
8084 3422 1682 1534 1525 
8085 1651 278 1678 1640 
8086 1386 1375 1643 1606 
8087 1674 1672 1639 1616 
8088 1678 1640 1675 1673 
8089 1381 315 1677 1380 
8090 3422 1381 1677 1380 
8091 1381 1677 315 12 
8092 13 31 1526 11 
8093 3422 1721 1708 1696 
8094 1381 13 1526 12 
8095 3422 317 1721 1380 
8096 1381 1526 1677 12 
8097 1381 31 320 1722 
8098 3422 1696 1525 1533 
8099 1722 1526 232 1533 
8100 3422 317 1686 316 
8101 1681 3422 1640 316 
8102 1381 13 31 1526 
8103 1722 11 232 1526 
8104 3421 1525 3422 1719 
8105 1722 11 1526 31 
8106 1381 31 1722 1526 
8107 3422 234 1530 1528 
8108 1640 1681 1617 3422 
8109 3422 1530 1534 1528 
8110 3422 1681 1682 1679 
8111 277 1642 3 235 
8112 24 1640 1678 316 
8113 24 1640 1651 1678 
8114 3422 1534 1617 1528 
8115 1675 1528 1617 1642 
8116 3422 1708 1679 1719 
8117 1674 1639 1688 1616 
8118 1675 235 1528 1642 
8119 1532 235 3 1642 
8120 1532 3 197 1642 
8121 1532 1642 1528 235 
8122 1622 1532 1642 1528 
8123 1684 1384 321 1380 
8124 234 1528 1675 235 
8125 3421 1648 1650 1618 
8126 3421 1611 1680 283 
8127 1619 1617 1682 1534 
8128 1617 1622 1528 1527 
8129 1656 1650 3421 1648 
8130 215 2 1622 1531 
8131 1651 278 279 1678 
8132 284 3421 1619 1682 
8133 264 1652 298 1663 
8134 1611 1717 1704 1621 
8135 1611 1704 1605 1621 
8136 1650 259 1656 1653 
8137 1532 1531 1622 197 
8138 1686 1674 1374 1671 
8139 1532 1622 1642 197 
8140 1617 1528 1622 1642 
8141 277 1642 1675 1640 
8142 1622 1531 2 197 
8143 1622 1532 1528 1531 
8144 1679 318 1680 1705 
8145 3421 1529 217 1656 
8146 3422 1721 320 1380 
8147 1529 1527 1619 1534 
8148 1528 1531 1527 1622 
8149 1617 1527 1528 1534 
8150 1648 1622 1527 215 
8151 1654 3421 1689 1724 
8152 1529 230 1525 1719 
8153 3421 1661 1724 1654 
8154 3421 1529 1534 1525 
8155 1680 1701 1704 1705 
8156 3422 1721 1696 1722 
8157 3422 1696 1719 1525 
8158 1716 217 229 9 
8159 3422 1381 320 1722 
8160 1709 1620 1715 1625 
8161 308 1370 1386 1606 
8162 1662 269 1607 268 
8163 3422 1640 1675 1617 
8164 1372 3420 324 1614 
8165 1707 319 1685 318 
8166 1605 1698 1701 319 
8167 1671 1380 1677 315 
8168 1702 1711 1621 1717 
8169 1686 24 287 1651 
8170 1678 1675 1640 278 
8171 3422 1534 1530 1525 
8172 1644 1630 1710 1692 
8173 304 1718 1662 1607 
8174 1687 1616 1613 1388 
8175 1686 1374 1384 1380 
8176 1676 1651 1678 316 
8177 3422 1677 233 1673 
8178 3421 217 1657 1653 
8179 1656 216 215 1527 
8180 1640 24 286 1681 
8181 3422 1671 1686 1380 
8182 3422 1696 1708 1719 
8183 1530 1673 233 234 
8184 1389 1378 1624 1370 
8185 1386 1375 1631 1643 
8186 1626 1624 1643 1389 
8187 3422 233 1530 1673 
8188 1612 1620 1628 1700 
8189 277 235 1675 1642 
8190 272 1386 308 28 
8191 1666 270 1610 1633 
8192 1634 267 301 302 
8193 1606 273 307 1623 
8194 277 1640 1675 278 
8195 3420 322 1373 323 
8196 1643 306 1385 1375 
8197 1374 1674 314 1671 
8198 1374 313 314 1674 
8199 1676 1678 1671 316 
8200 1680 1605 1701 319 
8201 1684 321 317 1380 
8202 1634 301 1712 302 
8203 3422 1673 234 1675 
8204 1387 1624 1383 1637 
8205 3422 317 1679 1708 
8206 3422 1526 1381 1722 
8207 1679 1705 1708 318 
8208 1608 1641 310 275 
8209 310 309 275 1641 
8210 1633 304 1607 1694 
8211 1629 1637 1624 1387 
8212 1632 22 276 1670 
8213 3422 1708 1721 317 
8214 3420 1379 1629 1372 
8215 3422 1534 1682 1681 
8216 1376 1388 1645 1616 
8217 1370 1377 1623 307 
8218 1686 1688 1384 1374 
8219 3420 1379 1372 324 
8220 1635 1664 264 1652 
8221 3421 1619 1529 1648 
8222 1685 1612 319 1698 
8223 1615 1635 1652 1726 
8224 23 1685 1612 319 
8225 1675 1617 1640 1642 
8226 1608 1670 276 311 
8227 299 1635 265 1638 
8228 288 1688 1639 1616 
8229 3420 1690 1697 323 
8230 3420 1685 290 1687 
8231 1718 1634 1649 1712 
8232 3420 1685 1604 290 
8233 1677 1526 233 12 
8234 3422 317 1681 1679 
8235 1712 1692 1609 1644 
8236 299 1635 1638 1695 
8237 1376 1672 1674 1616 
8238 1527 1531 215 1622 
8239 3420 1373 1379 323 
8240 1684 317 1686 1380 
8241 1686 1374 1674 1688 
8242 1680 1605 282 1611 
8243 3420 1379 324 323 
8244 1715 1718 1694 1649 
8245 3420 324 1690 323 
8246 3422 1673 1671 1677 
8247 1640 24 1681 316 
8248 1726 1663 1659 25 
8249 1715 1620 1649 1625 
8250 1678 3422 1673 1671 
8251 1711 1695 1646 1714 
8252 1376 1674 1374 1616 
8253 272 308 1606 273 
8254 1386 272 308 1606 
8255 272 28 20 1631 
8256 1386 1631 305 28 
8257 308 307 1606 273 
8258 20 1667 1631 28 
8259 272 1631 1386 28 
8260 1667 305 1631 28 
8261 20 1667 271 1631 
8262 1667 1666 1610 305 
8263 1666 1610 270 271 
8264 1666 306 1668 1610 
8265 1666 306 1610 305 
8266 270 1633 1669 19 
8267 1668 27 1385 306 
8268 1720 1625 1715 1694 
8269 1647 1385 1643 306 
8270 1647 1665 1668 1610 
8271 297 1607 1662 269 
8272 297 1662 304 26 
8273 1626 1389 1643 1385 
8274 1647 1668 1385 306 
8275 1666 1669 270 1633 
8276 1667 1610 1631 305 
8277 1647 1385 1668 27 
8278 1667 1610 1666 271 
8279 1610 1643 1631 305 
8280 1667 1631 1610 271 
8281 1643 1370 1389 1624 
8282 1720 1385 1626 1647 
8283 1610 306 1375 305 
8284 3420 1613 1604 1629 
8285 1626 1643 1647 1385 
8286 1610 1375 1643 305 
8287 1643 1375 1385 1389 
8288 1386 1370 1375 1606 
8289 1610 306 1643 1375 
8290 1709 1625 1614 1620 
8291 1643 1370 1624 1606 
8292 1643 1375 1370 1606 
8293 1386 305 1631 1375 
8294 1720 1647 1668 27 
8295 1694 1647 1607 1633 
8296 325 1626 1720 1385 
8297 1666 1610 1668 1665 
8298 1718 1634 1712 302 
8299 1666 1665 1633 1610 
8300 325 1372 1709 1626 
8301 1709 1620 1614 1699 
8302 1709 1614 1626 1372 
8303 1631 305 1643 1375 
8304 1647 1633 1665 1610 
8305 1709 1699 1715 1620 
8306 1376 1670 1632 311 
8307 1720 1668 303 27 
8308 1389 1378 1372 1624 
8309 1613 1382 1373 1388 
8310 1629 1372 1379 1387 
8311 1372 1624 1378 1387 
8312 1662 1634 302 268 
8313 1629 1624 1372 1387 
8314 1666 1633 1665 1669 
8315 1613 1382 1645 1637 
8316 1624 1606 1370 1623 
8317 1624 1377 1641 1623 
8318 1383 1624 1377 1641 
8319 274 1377 1623 1641 
8320 1377 1383 1641 309 
8321 1370 1623 1606 307 
8322 3420 291 1604 1685 
8323 1388 1645 1616 1613 
8324 1376 1670 311 312 
8325 1632 311 1608 1371 
8326 1376 1632 1670 312 
8327 1376 1645 1388 1382 
8328 1376 1371 1632 1645 
8329 1376 312 311 30 
8330 1608 311 276 310 
8331 1371 1637 1382 1387 
8332 1608 276 275 310 
8333 1383 1624 1378 1377 
8334 1624 1377 1370 1378 
8335 1377 29 274 1623 
8336 274 1377 1641 309 
8337 1376 1374 1388 1616 
8338 1608 1637 1371 1383 
8339 1608 1371 311 310 
8340 1377 307 29 1623 
8341 275 274 1641 309 
8342 310 309 1641 1383 
8343 1624 1641 1383 1637 
8344 1377 309 274 29 
8345 1608 1371 310 1383 
8346 1376 1632 1672 1616 
8347 29 307 21 1623 
8348 1629 1624 1626 1372 
8349 1387 1624 1378 1383 
8350 1386 272 1606 1631 
8351 1624 1623 1370 1377 
8352 308 307 1370 1606 
8353 1643 1370 1375 1389 
8354 1386 1643 1631 1606 
8355 21 307 273 1623 
8356 1376 312 30 1672 
8357 1376 1632 312 1672 
8358 1608 310 1641 1383 
8359 1608 1641 1637 1383 
8360 1632 1608 1645 1371 
8361 274 29 21 1623 
8362 1674 1376 1374 313 
8363 1376 1645 1632 1616 
8364 1371 1383 1637 1387 
8365 1711 1713 1630 1638 
8366 1654 1627 1636 261 
8367 1714 293 1658 1725 
8368 1711 1630 1646 1638 
8369 1664 1726 298 1652 
8370 1615 1695 1635 1726 
8371 230 1719 231 1525 
8372 1654 3421 1636 1689 
8373 1702 1711 1710 1630 
8374 1605 1700 1701 1698 
8375 1655 1725 1689 1627 
8376 1655 1660 1725 294 
8377 1655 1725 293 294 
8378 1638 1711 1713 1695 
8379 1726 1652 1659 1663 
8380 1714 293 292 1658 
8381 1655 1725 1660 1689 
8382 1725 1717 1689 1627 
8383 1660 1689 1725 294 
8384 1689 1655 1654 1660 
8385 298 1652 1726 1663 
8386 1689 1655 1627 1654 
8387 1654 1627 261 1655 
8388 1615 1725 1655 1627 
8389 262 1655 261 1627 
8390 298 1663 1726 25 
8391 1659 1652 263 18 
8392 1658 293 1655 1725 
8393 264 1652 1664 298 
8394 1659 1663 1652 18 
8395 1615 1658 1726 1652 
8396 1659 1652 1658 263 
8397 1659 25 1663 18 
8398 299 298 1664 1695 
8399 1726 1658 1659 1652 
8400 292 25 1726 1659 
8401 1714 292 1726 1658 
8402 292 1659 1726 1658 
8403 1615 1658 1714 1726 
8404 1646 1717 1725 1627 
8405 299 265 1635 1664 
8406 1635 1695 1664 1726 
8407 1615 1714 1695 1726 
8408 1646 1638 1635 1695 
8409 1664 1726 1695 298 
8410 299 1664 1635 1695 
8411 300 1638 299 265 
8412 300 1713 299 1638 
8413 1615 1725 1714 1658 
8414 299 1638 1713 1695 
8415 264 1652 1663 18 
8416 1635 1726 1664 1652 
8417 1711 1646 1621 1717 
8418 265 264 1635 1664 
8419 1615 1658 1652 263 
8420 1615 262 1658 263 
8421 1615 1655 1658 262 
8422 1615 1655 262 1627 
8423 1605 1700 1698 1612 
8424 1646 1635 1615 1695 
8425 1713 1609 1630 1638 
8426 1647 1665 303 1668 
8427 284 3421 1618 1619 
8428 301 266 267 1609 
8429 3420 1687 1373 1384 
8430 266 1638 300 265 
8431 3421 1680 1683 283 
8432 1646 1695 1615 1714 
8433 1711 1646 1717 1714 
8434 1725 1615 1646 1627 
8435 1646 1717 1714 1725 
8436 1711 1630 1621 1646 
8437 1647 1625 1694 1607 
8438 1621 1717 1646 1627 
8439 3421 1636 1650 1653 
8440 1628 1702 1700 1710 
8441 1702 1621 1711 1630 
8442 1710 1630 1711 1713 
8443 1710 1692 1630 1713 
8444 1628 1700 1703 1710 
8445 1630 1702 1621 1628 
8446 1611 1717 1621 1627 
8447 1709 1626 1614 1625 
8448 1718 1662 1634 302 
8449 1712 1692 301 1609 
8450 1605 1704 1702 1621 
8451 1644 1710 1628 1703 
8452 1630 1702 1628 1710 
8453 1704 1605 1680 1611 
8454 1605 1702 1704 1701 
8455 3421 1636 1611 283 
8456 1662 1607 1634 268 
8457 1644 1710 1703 1692 
8458 1718 1634 1607 1649 
8459 1620 1699 1703 1700 
8460 1620 1703 1628 1700 
8461 3420 1709 1614 1699 
8462 1644 1628 1620 1703 
8463 1634 268 267 302 
8464 1634 1609 1712 301 
8465 1634 1609 301 267 
8466 1644 1628 1710 1630 
8467 1715 1712 1718 1649 
8468 301 266 1609 300 
8469 1609 1713 300 1638 
8470 1609 300 1713 1692 
8471 1609 1630 1644 1692 
8472 1713 1609 1692 1630 
8473 1609 300 266 1638 
8474 1718 26 1662 302 
8475 1634 1712 1609 1644 
8476 301 300 1609 1692 
8477 1709 1715 1720 1625 
8478 3421 1689 1706 1704 
8479 1712 1692 1644 1703 
8480 1720 1668 1647 303 
8481 1649 1703 1712 1644 
8482 1649 1703 1644 1620 
8483 1694 1649 1718 1607 
8484 1718 1634 1662 1607 
8485 1649 1712 1634 1644 
8486 297 304 1607 1633 
8487 1709 1720 1626 1625 
8488 297 1607 304 1662 
8489 304 1662 1718 26 
8490 297 1607 269 1633 
8491 304 1607 1694 1718 
8492 1694 1649 1607 1625 
8493 297 1669 1665 1633 
8494 1694 1647 1633 1665 
8495 1720 1647 1626 1625 
8496 1720 1647 27 1385 
8497 1633 304 1694 1665 
8498 1647 1694 303 1665 
8499 304 303 1694 1665 
8500 3421 1704 1706 1705 
8501 297 1665 304 1633 
8502 297 1669 1633 19 
8503 297 1633 269 19 
8504 1647 1610 1668 306 
8505 1647 1643 1610 306 
8506 1720 1694 1647 1625 
8507 1626 1624 1389 1372 
8508 1387 1613 1379 1629 
8509 1387 1613 1382 1379 
8510 3420 290 1604 1613 
8511 1720 303 1647 1694 
8512 1715 1649 1694 1625 
8513 1715 1712 1649 1703 
8514 1715 1703 1649 1620 
8515 1715 1703 1620 1699 
8516 1709 324 1614 1372 
8517 325 1372 1626 1385 
8518 3421 1619 1648 1618 
8519 325 1626 1709 1720 
8520 3420 1687 290 1613 
8521 325 1709 1372 324 
8522 325 1385 1720 27 
8523 1376 1371 1645 1382 
8524 3420 1614 1709 324 
8525 3421 3422 1679 1719 
8526 1657 296 1716 1661 
8527 1657 296 9 1716 
8528 1721 321 320 1380 
8529 1716 217 9 1657 
8530 3420 1687 1384 1684 
8531 3420 1612 291 1685 
8532 1605 1700 1628 1702 
8533 1696 1533 232 231 
8534 3420 1379 1373 1382 
8535 1696 1533 1722 232 
8536 3422 1675 1528 1617 
8537 1534 3421 1619 1529 
8538 1686 1639 1674 1676 
8539 3421 1656 217 1653 
8540 3422 1675 234 1528 
8541 1388 1616 1374 1688 
8542 3420 1690 1698 1697 
8543 1686 1639 1676 287 
8544 1697 1685 1707 1698 
8545 1684 1686 1688 1384 
8546 1384 1688 1388 1374 
8547 1613 1382 1637 1387 
8548 1372 3420 1614 1629 
8549 3421 1716 217 1693 
8550 217 1656 1529 216 
8551 322 1384 1691 1684 
8552 3422 1681 317 316 
8553 217 1529 1693 229 
8554 1691 317 1684 321 
8555 3420 291 1612 1604 
8556 3420 1697 322 323 
8557 1697 318 1707 1685 
8558 1629 1372 1626 1614 
8559 3420 1698 1690 1699 
8560 3420 1613 1379 1382 
8561 1724 295 1689 1654 
8562 289 1613 1687 1616 
8563 1388 1645 1613 1382 
8564 1613 1637 1629 1387 
8565 3420 1612 1698 1699 
8566 1645 1371 1608 1637 
8567 1645 1371 1637 1382 
8568 1632 1639 281 1672 
8569 1632 1616 1639 1672 
8570 1632 1670 312 22 
8571 1632 312 1672 22 
8572 1632 281 22 1672 
8573 1376 30 313 1672 
8574 1376 311 1632 1371 
8575 3420 1612 1699 1614 
8576 1686 1639 288 1688 
8577 3420 1684 1685 1687 
8578 1687 1616 1388 1688 
8579 289 1616 1687 1688 
8580 1687 1388 1373 1384 
8581 1687 1388 1384 1688 
8582 1687 1388 1613 1373 
8583 1686 1674 1639 1688 
8584 23 1685 291 1612 
8585 288 289 1688 1616 
8586 1698 1707 319 1685 
8587 1604 291 290 1685 
8588 1686 287 288 1639 
8589 3422 1686 1671 316 
8590 3422 1534 1681 1617 
8591 3422 1525 1530 1533 
8592 3422 1722 1533 1526 
8593 1679 1708 1723 1719 
8594 3422 1677 1526 233 
8595 1686 1651 1676 316 
8596 1686 24 1651 316 
8597 1686 1671 1374 1380 
8598 1686 1676 1674 1671 
8599 3422 1380 1686 317 
8600 1686 1676 1671 316 
8601 1701 319 1698 1707 
8602 1684 1687 1384 1688 
8603 1384 322 1373 3420 
8604 1679 1708 317 318 
8605 1717 1704 1636 1611 
8606 1605 1701 1700 1702 
8607 1697 1685 1698 3420 
8608 1612 1699 1614 1620 
8609 3420 1373 1687 1613 
8610 3420 1690 1709 1699 
8611 1612 1699 1620 1700 
8612 3420 1629 1604 1614 
8613 290 1687 289 1613 
8614 3420 1684 1697 1685 
8615 3420 1604 1612 1614 
8616 3420 1379 1613 1629 
8617 1605 1612 1698 319 
8618 1721 317 321 1380 
8619 1724 1661 1716 296 
8620 1691 321 1684 1384 
8621 1697 318 1685 1684 
8622 3420 1684 322 1697 
8623 1384 322 3420 1684 
8624 1707 1680 1701 319 
8625 1698 1612 1700 1699 
8626 1691 1684 317 318 
8627 1708 1691 317 318 
8628 1691 318 1697 1684 
8629 1691 1707 1697 318 
8630 3420 1373 1613 1382 
8631 322 1691 1384 321 
8632 3422 1640 1678 1673 
8633 1721 317 1691 321 
8634 3422 1526 1530 233 
8635 1708 1691 1721 317 
8636 3421 1611 1636 1704 
8637 3422 316 1678 1640 
8638 1696 1525 231 1719 
8639 1696 231 1525 1533 
8640 1708 1707 1691 318 
8641 1708 1705 1707 318 
8642 3422 320 1381 1380 
8643 1704 1717 1702 1621 
8644 1679 1705 1723 1708 
8645 1717 1704 1689 1636 
8646 1704 1605 1701 1680 
8647 3422 1673 1675 1640 
8648 1654 3421 1661 1653 
8649 3421 1693 1719 1723 
8650 3421 1679 1680 1705 
8651 3421 1650 1636 1618 
8652 1529 1693 230 1719 
8653 1605 1700 1612 1628 
8654 1605 23 1612 319 
8655 1605 1702 1628 1621 
8656 3422 1677 1381 1526 
8657 23 1680 319 1605 
8658 3422 1677 1671 1380 
8659 23 1680 1605 282 
8660 1640 1681 286 1617 
8661 3422 1533 1530 1526 
8662 1680 1611 282 283 
8663 1707 1680 1705 1701 
8664 3421 1653 1657 1661 
8665 1682 1617 1681 1534 
8666 1680 1707 1705 318 
8667 1680 319 1707 318 
8668 3422 1673 1530 234 
8669 3422 1722 1696 1533 
8670 3421 1706 1723 1705 
8671 1650 1656 259 1648 
8672 1534 3421 1682 1619 
8673 285 1681 1682 1617 
8674 285 286 1681 1617 
8675 1619 285 284 1682 
8676 3421 1682 1683 1679 
8677 1618 283 1683 284 
8678 3421 1680 1704 1705 
8679 3421 1723 1679 1705 
8680 3421 217 1716 1657 
8681 1619 1527 1617 1534 
8682 1648 1656 258 215 
8683 1529 1656 1648 1527 
8684 1648 1622 1619 1527 
8685 3421 1724 1706 1689 
8686 1619 1617 285 1682 
8687 1656 1650 1653 3421 
8688 1648 1527 1656 215 
8689 3421 284 1618 1683 
8690 1619 1622 1617 1527 
8691 3421 1534 1682 1525 
8692 1648 258 1622 215 
8693 258 1622 215 2 
8694 3421 1693 1529 1719 
8695 1529 1648 1619 1527 
8696 3421 1719 1679 1723 
8697 1529 216 1656 1527 
8698 1529 229 230 1693 
8699 259 258 1648 1656 
8700 1636 1627 1717 1611 
8701 3421 1724 1661 1716 
8702 1654 1636 1627 1689 
8703 260 259 1650 1653 
8704 1636 1627 1689 1717 
8705 1636 260 1650 1653 
8706 1654 261 1636 260 
8707 3421 1679 3422 1682 
8708 1654 260 1636 1653 
8709 1654 3421 1653 1636 
8710 295 1689 1654 1660 
8711 3421 1693 217 1529 
8712 3421 1680 1611 1704 
8713 3421 1657 1716 1661 
8714 3421 1706 1724 1716 
8715 3421 1679 1683 1680 
8716 3421 1648 1529 1656 
8717 3421 1636 1689 1704 
8718 1724 1661 295 1654 
8719 295 1689 1660 294 
8720 1724 296 295 1661 
3 3 4 407
8721 34 337 1784 1742 
8722 1538 199 1736 1537 
8723 199 1732 1537 200 
8724 1537 1545 1732 1535 
8725 1537 1541 1732 1545 
8726 1537 1541 200 1732 
8727 200 1541 1741 1732 
8728 200 1741 1541 201 
8729 238 239 1775 1545 
8730 1741 238 1545 1541 
8731 238 1775 1746 1545 
8732 238 1777 1746 1775 
8733 1741 238 1541 237 
8734 1741 238 237 1777 
8735 336 4 237 1744 
8736 237 1541 1741 201 
8737 237 1741 1744 201 
8738 237 1741 1728 1744 
8739 1728 237 336 1777 
8740 1746 1732 1545 1727 
8741 1545 1732 1741 1541 
8742 1728 1777 33 1747 
8743 1741 1728 1746 1777 
8744 1746 1766 1747 1739 
8745 1746 1775 1739 1727 
8746 1775 1739 1771 1766 
8747 1775 1771 1739 1727 
8748 1775 1727 1762 1771 
8749 336 33 1728 1777 
8750 353 354 1778 1739 
8751 354 1778 1739 1766 
8752 237 1728 1741 1777 
8753 1746 1775 1777 1766 
8754 353 354 1739 333 
8755 354 33 1766 1747 
8756 1729 339 1535 1727 
8757 1729 1783 339 338 
8758 1729 1783 1535 339 
8759 1746 1775 1766 1739 
8760 1729 1539 1540 1783 
8761 1746 1545 1775 1727 
8762 1535 240 239 1762 
8763 1737 1538 1544 198 
8764 1538 1732 1736 1729 
8765 1762 1785 1768 1771 
8766 1762 1785 1767 1768 
8767 1762 1727 1785 1771 
8768 1762 1783 1767 1785 
8769 1762 1783 240 1767 
8770 240 1540 241 1767 
8771 1535 1762 239 1727 
8772 240 1540 1767 1783 
8773 3423 1784 1539 1536 
8774 241 15 1765 1542 
8775 1770 39 355 1292 
8776 1770 1292 356 39 
8777 1765 15 356 1297 
8778 3424 1756 1753 1750 
8779 3424 1752 1753 1748 
8780 3423 1096 1292 1293 
8781 3424 1295 1294 1293 
8782 3424 1782 1763 1779 
8783 3424 1781 359 1786 
8784 1767 1785 359 1768 
8785 1729 1734 1737 1539 
8786 1538 1539 1737 1544 
8787 1762 1785 339 1783 
8788 339 340 1785 1727 
8789 358 1781 1772 1788 
8790 1538 1535 1729 1539 
8791 1739 1771 340 1727 
8792 33 1747 1777 1766 
8793 3423 1540 241 1542 
8794 1785 1764 1768 1771 
8795 3423 1539 1784 1783 
8796 3423 1536 1677 1673 
8797 1767 1783 359 1785 
8798 340 1764 1731 35 
8799 1739 1778 1731 1771 
8800 340 1764 1785 1771 
8801 354 1739 332 1747 
8802 353 333 1731 334 
8803 353 1731 352 334 
8804 3423 1784 1536 1673 
8805 1671 3424 3423 360 
8806 1769 1768 359 358 
8807 1769 1768 1767 359 
8808 1775 1545 239 1727 
8809 354 333 332 1739 
8810 1739 1731 353 333 
8811 1746 1777 1747 1766 
8812 1764 1731 1778 1771 
8813 352 351 1730 1774 
8814 352 334 1730 335 
8815 1739 1778 1771 1766 
8816 353 1764 1731 1778 
8817 340 1731 1764 1771 
8818 1764 352 1730 1774 
8819 341 1774 1788 35 
8820 354 1739 1747 1766 
8821 1764 1730 1731 35 
8822 35 1764 1774 1772 
8823 3423 1540 1539 1783 
8824 358 1788 1772 35 
8825 3424 1770 3423 1779 
8826 1774 1788 1776 341 
8827 341 1774 35 1730 
8828 1772 1761 1776 1788 
8829 1774 1780 351 1745 
8830 353 1731 1764 352 
8831 352 1730 351 335 
8832 1760 1745 351 1780 
8833 341 1735 1774 1730 
8834 1760 335 351 1745 
8835 1739 1731 340 1771 
8836 1754 347 1776 1780 
8837 341 1735 1776 1774 
8838 1757 342 1788 1786 
8839 1749 1786 1757 1788 
8840 1788 1761 1786 1781 
8841 1774 1788 35 1772 
8842 3424 1781 1786 1773 
8843 1786 1761 1773 1781 
8844 3424 359 3423 360 
8845 1749 1786 1788 1761 
8846 1757 342 341 1788 
8847 359 1785 358 1768 
8848 358 1781 1768 1772 
8849 1785 35 358 1764 
8850 1535 1783 1762 339 
8851 3424 1769 3423 359 
8852 3424 1752 1786 1750 
8853 1763 1295 355 40 
8854 1763 1295 40 357 
8855 1774 1780 1745 1735 
8856 1776 1749 1788 1761 
8857 1786 343 1787 1750 
8858 358 1768 1785 1764 
8859 1774 1776 1788 1772 
8860 1773 36 350 357 
8861 1774 1776 1780 1735 
8862 1776 1749 1754 1788 
8863 359 1781 358 1788 
8864 1535 240 1762 1783 
8865 1729 1783 338 1539 
8866 1763 1292 355 1295 
8867 1772 1761 1788 1781 
8868 3424 1786 359 1787 
8869 3424 1786 1787 1750 
8870 1770 355 1763 1292 
8871 3424 348 1294 1295 
8872 1765 1292 1096 356 
8873 1297 1765 3423 1096 
8874 356 1096 39 1292 
8875 3423 1677 1671 1673 
8876 313 1674 1756 1294 
8877 1756 1787 1294 1674 
8878 3424 1292 1763 1295 
8879 3424 1769 1781 1782 
8880 3423 1543 236 1296 
8881 1295 38 40 357 
8882 3424 1748 1753 350 
8883 3424 1781 1773 1782 
8884 327 1755 326 1733 
8885 341 1776 1754 1788 
8886 1740 344 1787 1733 
8887 344 1733 1738 1787 
8888 1787 34 1738 344 
8889 1738 1733 1674 1787 
8890 1738 1676 1743 34 
8891 1294 1671 1674 360 
8892 3424 1292 3423 1770 
8893 1743 1676 280 279 
8894 1743 34 1676 1742 
8895 1743 1676 279 1742 
8896 1738 280 1743 1676 
8897 1676 1678 279 1742 
8898 1738 360 1674 1676 
8899 1738 1674 360 1787 
8900 1738 1674 280 1676 
8901 281 1672 1674 1733 
8902 1676 34 1784 1742 
8903 1738 360 1676 34 
8904 1676 1784 1678 1742 
8905 1676 1671 1784 360 
8906 3423 1536 1540 1542 
8907 3423 1539 1540 1536 
8908 1674 1733 1751 1755 
8909 1535 339 1762 1727 
8910 338 1784 337 1734 
8911 338 1784 1734 1539 
8912 1678 1734 278 1742 
8913 3424 1782 1773 1763 
8914 1765 1292 3423 1096 
8915 1765 1770 3423 1292 
8916 3423 1293 1671 1677 
8917 3424 1770 1763 1292 
8918 1294 1674 1787 360 
8919 3424 348 1756 1294 
8920 1297 1765 1096 356 
8921 1293 1677 1296 315 
8922 3423 236 1543 1542 
8923 3423 1765 241 1767 
8924 1765 1770 1292 356 
8925 3423 1671 1784 1673 
8926 1677 1543 233 1536 
8927 1677 233 1673 1536 
8928 1677 233 1543 12 
8929 12 1543 1296 14 
8930 3423 1543 1536 1542 
8931 314 1671 1294 1293 
8932 233 1673 1536 234 
8933 3423 359 1767 1783 
8934 3423 1770 1765 1779 
8935 12 1543 1677 1296 
8936 1769 358 359 1781 
8937 3423 1297 1096 236 
8938 1536 1675 234 1673 
8939 3423 1765 1767 1779 
8940 1536 1539 234 1675 
8941 1737 277 3 235 
8942 1737 1675 277 235 
8943 1740 1755 1787 1750 
8944 1737 1734 277 1675 
8945 1675 1737 1539 235 
8946 1738 281 1674 1733 
8947 1678 1784 1734 1742 
8948 3423 1542 1765 1297 
8949 3423 1543 1296 1677 
8950 234 1675 1539 235 
8951 1678 1675 1784 1673 
8952 279 1678 278 1742 
8953 1737 1544 3 198 
8954 1538 1535 1732 1729 
8955 1737 3 1544 235 
8956 277 278 1675 1734 
8957 1535 239 1545 1727 
8958 1538 1537 1736 1732 
8959 1729 1539 1535 1540 
8960 1538 1736 199 198 
8961 3423 1296 1096 1293 
8962 1538 1535 1537 1732 
8963 1538 1729 1736 1737 
8964 238 1741 1746 1777 
8965 1775 1727 239 1762 
8966 1545 1732 1746 1741 
8967 3423 1543 1677 1536 
8968 1739 1731 1778 353 
8969 1741 238 1746 1545 
8970 30 1751 313 1672 
8971 1769 1768 358 1781 
8972 1785 35 1764 340 
8973 1754 331 1758 1745 
8974 352 1730 334 1731 
8975 35 1764 1730 1774 
8976 351 37 1760 1780 
8977 1762 339 1785 1727 
8978 1732 1535 1545 1727 
8979 313 1674 1755 1756 
8980 1738 1674 281 280 
8981 1784 1675 1536 1673 
8982 1678 1734 1784 1675 
8983 281 326 1672 1733 
8984 1676 1784 1671 1678 
8985 1671 3424 1293 3423 
8986 1730 1745 1774 351 
8987 1737 1538 198 1736 
8988 3424 1293 1294 1671 
8989 327 1755 1740 1750 
8990 3423 1784 359 1783 
8991 1674 1671 1676 360 
8992 312 22 326 1672 
8993 1674 1733 1672 1751 
8994 1751 313 1672 1674 
8995 338 1783 1784 1539 
8996 1096 1296 236 14 
8997 1740 1733 1787 1755 
8998 1784 1536 1675 1539 
8999 1736 1537 199 1732 
9000 1538 1539 1729 1737 
9001 1784 1675 1734 1539 
9002 3424 1787 1756 1750 
9003 359 1781 1788 1786 
9004 1728 237 1744 336 
9005 1746 1777 1728 1747 
9006 1674 1755 1787 1733 
9007 1729 1540 1535 1783 
9008 341 1776 1735 1754 
9009 1730 1735 1774 1745 
9010 1732 1729 1535 1727 
9011 3424 1753 348 1295 
9012 3424 1293 1292 1295 
9013 236 1543 14 1296 
9014 3423 1296 1293 1677 
9015 1675 1737 1734 1539 
9016 236 1297 15 1542 
9017 1765 1542 15 1297 
9018 3423 1767 1769 1779 
9019 1676 1784 34 360 
9020 1740 343 1750 1787 
9021 314 315 1671 1293 
9022 1729 338 1734 1539 
9023 3424 1753 1756 348 
9024 1740 344 343 1787 
9025 30 312 1751 1672 
9026 1535 1540 240 1783 
9027 1296 315 1677 12 
9028 348 1753 38 1295 
9029 1764 1730 352 1731 
9030 358 1772 1764 35 
9031 3423 359 1769 1767 
9032 3424 1781 1769 359 
9033 1730 1745 351 335 
9034 3423 236 1096 1296 
9035 3423 1767 241 1540 
9036 314 1674 1294 1671 
9037 3424 357 38 1295 
9038 3423 236 1542 1297 
9039 1754 1735 331 1745 
9040 340 1771 1785 1727 
9041 337 1734 1784 1742 
9042 38 1753 350 3424 
9043 1678 1734 1675 278 
9044 1787 34 360 1738 
9045 1737 235 1544 1539 
9046 3424 1773 1748 350 
9047 314 313 1294 1674 
9048 358 1772 1768 1764 
9049 1671 1677 1293 315 
9050 3424 1773 350 357 
9051 1671 1673 1678 1784 
9052 3423 1767 1540 1783 
9053 3424 359 360 1787 
9054 3424 357 350 38 
9055 3423 360 359 1784 
9056 3423 1784 1671 360 
9057 3423 241 1765 1542 
9058 4 237 1744 201 
9059 33 354 332 1747 
9060 349 1294 1756 348 
9061 22 1672 281 326 
9062 312 326 1751 1672 
9063 349 313 30 1751 
9064 327 1740 328 1750 
9065 1751 313 1674 1755 
9066 328 329 1759 343 
9067 1756 1787 1755 1750 
9068 1756 349 313 1294 
9069 3424 1671 1294 360 
9070 3424 1763 1770 1779 
9071 1756 1787 1674 1755 
9072 1756 349 1755 313 
9073 349 1751 1755 313 
9074 38 1753 3424 1295 
9075 1751 1672 326 1733 
9076 1751 326 1755 1733 
9077 3424 1763 1773 357 
9078 3424 1295 1763 357 
9079 1748 350 1773 36 
9080 1748 1752 1749 1773 
9081 3424 1753 1752 1750 
9082 1748 36 1773 345 
9083 1748 1773 1749 345 
9084 1749 346 345 1761 
9085 1749 345 1773 1761 
9086 1749 1773 1786 1761 
9087 1749 1773 1752 1786 
9088 3424 1293 3423 1292 
9089 1752 1759 1786 1750 
9090 1749 1788 1757 1754 
9091 328 1750 1740 343 
9092 329 330 1757 342 
9093 1759 329 342 343 
9094 328 1759 1750 343 
9095 1759 342 1757 1786 
9096 3424 1752 1748 1773 
9097 327 1740 1755 1733 
9098 330 331 1754 1735 
9099 1754 1757 1735 341 
9100 1752 1786 1759 1757 
9101 3424 3423 1769 1779 
9102 1749 1786 1752 1757 
9103 1749 1776 1754 346 
9104 1759 343 1786 1750 
9105 1754 1758 347 1780 
9106 331 32 1758 1745 
9107 1754 1776 1735 1780 
9108 32 335 1760 1745 
9109 1758 37 347 1780 
9110 1759 342 329 1757 
9111 1758 1745 1760 1780 
9112 1757 330 1754 1735 
9113 3424 1294 1787 360 
9114 1758 1760 37 1780 
9115 1754 1757 341 1788 
9116 32 1758 1760 37 
9117 32 1758 1745 1760 
9118 1757 342 1735 341 
9119 1754 1745 1758 1780 
9120 1757 342 330 1735 
9121 3424 1756 1787 1294 
9122 1754 1735 1745 1780 
9123 1749 1776 346 1761 
9124 1759 342 1786 343 
9125 3424 1786 1752 1773 
9126 1754 1776 347 346 
9127 3424 1779 1769 1782 
3 4 4 464
9128 43 1795 371 1819 
9129 16 247 1811 246 
9130 1811 1806 247 1789 
9131 1811 1831 372 1789 
9132 1811 1831 247 372 
9133 1819 389 1795 1822 
9134 1819 1795 1827 1822 
9135 43 1795 1819 389 
9136 1819 1795 1789 1827 
9137 247 1827 1789 1806 
9138 1822 388 389 1801 
9139 1822 383 1821 1823 
9140 394 1822 1801 1816 
9141 1822 1801 1816 388 
9142 1789 1806 1827 1798 
9143 1789 1827 1795 1798 
9144 1827 1821 1822 1798 
9145 1822 383 1823 394 
9146 1821 1798 1547 1851 
9147 1811 1554 1806 246 
9148 1847 251 1549 250 
9149 251 1765 15 1824 
9150 251 1767 1765 1824 
9151 1821 1851 1823 383 
9152 1821 1851 383 1798 
9153 1825 1847 1851 1854 
9154 251 1847 1549 1767 
9155 1847 251 250 1817 
9156 1552 1555 1854 1547 
9157 1860 1552 1854 1847 
9158 1552 1546 1854 1555 
9159 251 1765 241 15 
9160 249 1547 1552 1854 
9161 1825 1847 1854 1552 
9162 1854 1547 382 1851 
9163 382 1798 383 1851 
9164 382 1798 1547 1793 
9165 1807 244 245 1551 
9166 1548 1807 1551 244 
9167 1807 245 1554 1551 
9168 1807 245 1806 1554 
9169 1547 1554 1806 248 
9170 1547 1793 1806 1554 
9171 1547 1555 1793 1551 
9172 1547 1793 1554 1551 
9173 1854 249 1851 1825 
9174 1806 246 1554 245 
9175 1795 1822 389 1801 
9176 1821 1851 1825 1823 
9177 1547 1806 1793 1798 
9178 1827 1806 248 1798 
9179 1555 1807 1551 1548 
9180 247 1827 1831 1789 
9181 1811 1554 247 1806 
9182 1807 1792 1555 1793 
9183 1795 383 1822 1801 
9184 1807 1554 1793 1551 
9185 243 1550 1805 242 
9186 1777 1805 238 1550 
9187 243 1550 1548 1805 
9188 1805 1794 242 1550 
9189 1805 1790 1794 1777 
9190 1807 1793 1555 1551 
9191 1805 238 1553 1775 
9192 1854 381 382 1793 
9193 243 1805 1548 1814 
9194 1805 1790 1777 1775 
9195 244 1814 243 1548 
9196 372 1831 371 1789 
9197 361 1794 1556 1815 
9198 1794 1556 1550 1777 
9199 43 368 1795 389 
9200 237 1556 1777 1550 
9201 1556 1777 336 237 
9202 1548 1805 1553 1792 
9203 1805 1553 1790 1775 
9204 1805 1790 1553 1792 
9205 1794 1808 1777 1790 
9206 361 1556 4 5 
9207 336 361 33 1794 
9208 1777 1808 1775 1790 
9209 1794 1556 1815 242 
9210 1777 1775 1808 1766 
9211 1808 1775 1771 1766 
9212 1790 1792 380 1861 
9213 1548 1805 1550 1553 
9214 1778 1808 1800 1790 
9215 1808 1778 354 1766 
9216 1808 1800 354 1778 
9217 354 353 1778 1800 
9218 1553 1790 1775 1850 
9219 1553 1850 1775 1762 
9220 1775 1790 1771 1850 
9221 1777 1805 1550 1794 
9222 336 361 1556 4 
9223 33 1777 1794 1808 
9224 1553 1790 1850 1861 
9225 239 1546 1762 240 
9226 1762 240 1860 1767 
9227 1762 1767 1857 1768 
9228 1762 1860 240 1546 
9229 1762 1857 1858 1768 
9230 251 47 1767 1824 
9231 240 1549 1546 1860 
9232 238 1777 1550 237 
9233 1553 1850 1546 1861 
9234 1555 1861 381 1792 
9235 1790 1771 1800 1778 
9236 1790 1850 380 379 
9237 1547 248 1806 1798 
9238 380 1792 381 1861 
9239 382 1851 1547 1798 
9240 240 1767 1549 1860 
9241 1850 1858 379 1771 
9242 1762 1858 1850 1771 
9243 1854 1793 1555 381 
9244 379 1800 1858 378 
9245 1762 1857 1850 1858 
9246 1848 377 1772 1855 
9247 1858 1768 1764 1771 
9248 1856 1855 1781 1853 
9249 47 395 1849 1828 
9250 47 1849 1779 1828 
9251 1779 1856 1849 47 
9252 1856 1768 1769 1781 
9253 1856 1853 1773 1849 
9254 47 1824 1817 1828 
9255 1856 1769 47 1779 
9256 1857 1767 1769 1768 
9257 250 1552 1549 1847 
9258 1858 378 1800 1764 
9259 1847 1857 1860 1767 
9260 1858 1800 1771 1764 
9261 1856 1769 1779 1782 
9262 251 47 1817 1847 
9263 1762 1860 1850 1857 
9264 1770 356 1829 39 
9265 1770 39 386 355 
9266 1770 39 1829 386 
9267 1548 1814 1805 1792 
9268 1765 15 1824 356 
9269 1854 382 1547 1793 
9270 1856 1781 1773 1853 
9271 47 1817 395 1828 
9272 1765 1824 1829 356 
9273 47 1824 1828 1779 
9274 1848 1804 1772 377 
9275 47 1769 1767 1779 
9276 251 1549 241 1767 
9277 1858 1857 1848 1768 
9278 47 1767 1765 1779 
9279 1779 1856 1782 1849 
9280 353 1764 1800 1804 
9281 353 1764 1804 352 
9282 353 1778 1800 1764 
9283 1771 1778 1808 1766 
9284 1808 1775 1790 1771 
9285 1791 1813 1832 346 
9286 1800 1764 378 1804 
9287 379 1858 1800 1771 
9288 1791 1809 1832 1813 
9289 1804 1802 1774 377 
9290 1804 1774 1764 1772 
9291 1804 351 352 1774 
9292 1800 1771 1764 1778 
9293 1553 1850 1762 1546 
9294 1790 380 1850 1861 
9295 1848 378 1804 377 
9296 1848 1768 1772 1764 
9297 1770 1829 1818 386 
9298 1848 1772 1768 1781 
9299 1774 1802 1772 377 
9300 1772 1802 1776 1855 
9301 1776 1810 1802 1780 
9302 1802 376 1855 377 
9303 1802 1810 351 1780 
9304 351 37 1780 1810 
9305 1774 1776 1802 1780 
9306 1773 345 36 1834 
9307 1773 36 357 1834 
9308 1841 1853 1773 345 
9309 1773 1853 1761 345 
9310 1773 357 1763 1834 
9311 1772 1761 1781 1855 
9312 1772 1776 1761 1855 
9313 1763 355 393 40 
9314 1763 393 1843 40 
9315 1763 1843 357 40 
9316 1773 1853 1781 1761 
9317 1763 357 1843 1834 
9318 1842 1763 1843 1834 
9319 1763 1849 1779 1782 
9320 1776 1855 1802 1761 
9321 1774 1776 1772 1802 
9322 1790 1771 379 1800 
9323 1791 1810 347 363 
9324 347 37 1810 1780 
9325 347 1810 1776 1780 
9326 1802 346 1761 1813 
9327 345 1761 1833 1813 
9328 1802 1813 1761 1855 
9329 1839 375 1853 1813 
9330 1802 1813 1855 376 
9331 375 374 1803 1859 
9332 1833 1809 1839 1813 
9333 1841 345 1773 1834 
9334 374 1799 1852 373 
9335 1860 1552 1847 1549 
9336 1848 1857 1856 1768 
9337 1858 1768 1848 1764 
9338 1836 1859 375 1803 
9339 365 1840 1799 364 
9340 1853 376 1855 1813 
9341 1762 1768 1858 1771 
9342 1761 1813 1853 1855 
9343 1852 1838 1835 1820 
9344 1856 1773 1781 1782 
9345 1771 1778 1790 1808 
9346 1852 1835 1849 1820 
9347 1839 391 390 1833 
9348 374 1859 1852 1845 
9349 1799 1812 364 1844 
9350 1840 374 1852 1845 
9351 1852 1849 395 1820 
9352 1799 364 1840 1844 
9353 364 1844 1812 42 
9354 1799 1797 1812 1838 
9355 1852 1797 1838 1826 
9356 1797 1852 1799 373 
9357 1841 1853 1839 375 
9358 1812 392 1844 1838 
9359 1852 1838 1840 1845 
9360 1812 1838 1797 1846 
9361 1812 1797 370 1846 
9362 1820 1838 1835 385 
9363 1852 1826 1838 1820 
9364 1812 42 1844 392 
9365 1852 1845 1842 1835 
9366 370 369 1846 1797 
9367 1812 370 392 1846 
9368 1846 387 1797 369 
9369 1812 370 42 392 
9370 1846 1826 1797 387 
9371 1822 383 394 1801 
9372 1819 1789 1831 1827 
9373 1820 1838 385 1826 
9374 1838 1826 46 385 
9375 388 1797 1801 1816 
9376 1846 46 1826 387 
9377 1797 373 44 394 
9378 369 368 388 1801 
9379 1797 1826 1816 387 
9380 1801 394 1816 1797 
9381 388 368 389 1801 
9382 1795 389 368 1801 
9383 249 1547 1854 1851 
9384 1821 249 1547 248 
9385 1825 395 1851 1847 
9386 1840 374 1799 1852 
9387 1803 1840 374 1799 
9388 1825 1823 395 1830 
9389 1823 394 1851 395 
9390 1854 381 1555 1861 
9391 1825 1817 395 1847 
9392 1807 1814 1548 1792 
9393 1555 1553 1546 1861 
9394 1854 249 1825 1552 
9395 394 1820 395 1830 
9396 1852 1797 1826 394 
9397 1853 375 376 1813 
9398 1852 1842 1849 1835 
9399 1849 384 1837 1828 
9400 1849 1763 1834 1782 
9401 1841 1839 1836 375 
9402 1849 384 1820 1835 
9403 1837 1828 1779 1849 
9404 1852 1838 1845 1835 
9405 395 1828 1817 1830 
9406 1552 1860 1854 1546 
9407 1852 373 1797 394 
9408 1848 1772 1804 1764 
9409 1552 1860 1546 1549 
9410 365 1840 1803 1799 
9411 1825 395 1823 1851 
9412 1852 1845 1859 1842 
9413 1828 1824 1829 1779 
9414 1828 1829 1818 1779 
9415 1818 1837 45 384 
9416 1828 1818 384 1837 
9417 1818 45 393 386 
9418 1765 1779 1829 1824 
9419 1790 1771 1850 379 
9420 1849 1828 395 1820 
9421 1852 1838 1799 1840 
9422 1818 393 45 1837 
9423 1837 1779 1770 1763 
9424 1820 384 385 1835 
9425 1841 1834 1849 1842 
9426 1779 1763 1837 1849 
9427 384 1837 1842 1849 
9428 394 1822 1816 1823 
9429 1801 394 1797 44 
9430 388 1797 1816 387 
9431 1813 391 1833 345 
9432 1837 1828 1818 1779 
9433 1838 1846 46 1826 
9434 1816 1820 1826 394 
9435 1799 1838 1812 1844 
9436 1847 1857 1767 47 
9437 47 1765 1824 1779 
9438 1770 393 1837 1763 
9439 1849 1763 1842 1834 
9440 1823 394 383 1851 
9441 1770 393 1763 355 
9442 1763 393 1837 1843 
9443 1828 1849 384 1820 
9444 1770 386 1818 393 
9445 1770 1779 1818 1829 
9446 1770 1829 1765 1779 
9447 1856 1773 1782 1849 
9448 371 1789 1819 1795 
9449 1842 1763 1849 1837 
9450 1837 1779 1818 1770 
9451 1770 1765 1829 356 
9452 1794 336 361 1556 
9453 1858 1764 1848 378 
9454 251 1817 47 1824 
9455 1553 1762 1775 239 
9456 1555 1807 1548 1792 
9457 1553 1775 238 239 
9458 371 1831 1819 1789 
9459 1805 1777 238 1775 
9460 1823 394 395 1830 
9461 240 241 1549 1767 
9462 1816 394 1823 1830 
9463 1854 1546 1860 1861 
9464 1825 395 1817 1830 
9465 1821 1547 1798 248 
9466 1811 247 1554 246 
9467 1822 1798 1821 383 
9468 1797 369 388 1801 
9469 1821 249 1825 1851 
9470 1827 1822 1795 1798 
9471 247 248 1827 1806 
9472 1762 1860 1546 1850 
9473 1777 1794 1556 336 
9474 47 1847 395 1817 
9475 1774 1802 351 1780 
9476 1773 1841 1849 1853 
9477 5 361 1556 1815 
9478 1555 1792 1553 1861 
9479 47 1769 1857 1767 
9480 1856 1768 1857 1769 
9481 1842 1763 1837 1843 
9482 1549 1847 1860 1767 
9483 1548 1553 1555 1792 
9484 1835 1849 384 1842 
9485 1553 1762 239 1546 
9486 250 1825 1552 1847 
9487 1821 1547 249 1851 
9488 383 44 394 1801 
9489 1841 1859 1853 375 
9490 1816 1820 394 1830 
9491 1856 1857 47 1769 
9492 16 372 1811 247 
9493 242 1794 1556 1550 
9494 1797 369 387 388 
9495 1775 1771 1762 1850 
9496 395 1820 1828 1830 
9497 1852 394 1826 1820 
9498 1854 1793 1547 1555 
9499 1848 1768 1856 1781 
9500 1791 1832 347 346 
9501 1553 1792 1790 1861 
9502 1773 1782 1849 1834 
9503 1773 1763 1782 1834 
9504 251 1767 47 1847 
9505 1838 1797 1846 1826 
9506 250 1817 1825 1847 
9507 47 1824 1765 1767 
9508 33 336 1794 1777 
9509 1770 386 393 355 
9510 1548 1807 244 1814 
9511 1827 1821 1798 248 
9512 33 354 1766 1808 
9513 33 1777 1808 1766 
9514 1546 1850 1860 1861 
9515 1854 1555 1546 1861 
9516 1811 247 1831 1789 
9517 1852 395 394 1820 
9518 1772 1802 1855 377 
9519 1848 1855 1772 1781 
9520 345 1761 1813 1853 
9521 1797 1852 1838 1799 
9522 1804 1774 1772 377 
9523 1848 1856 1855 1781 
9524 1838 1846 392 46 
9525 1797 1816 1826 394 
9526 1804 352 1764 1774 
9527 1841 345 391 1853 
9528 1781 1855 1761 1853 
9529 1770 393 1818 1837 
9530 1556 336 4 237 
9531 1556 5 1815 242 
9532 1762 1860 1857 1767 
9533 1804 351 1774 1802 
9534 1848 1804 378 1764 
9535 1795 1798 1822 383 
9536 1805 1550 1553 238 
9537 1799 1840 1838 1844 
9538 250 1552 1825 249 
9539 1856 1781 1769 1782 
9540 1852 1859 1849 1842 
9541 1812 392 1838 1846 
9542 247 248 1806 1554 
9543 1555 1792 381 1793 
9544 251 241 1765 1767 
9545 1807 1554 1806 1793 
9546 365 1840 1836 1803 
9547 366 367 1796 1839 
9548 366 1796 1836 1839 
9549 1836 374 1840 1845 
9550 1836 374 1803 1840 
9551 1836 1859 374 1845 
9552 1836 1859 1803 374 
9553 1796 1839 1809 1813 
9554 1796 1809 1839 367 
9555 365 1836 366 1803 
9556 1841 1859 1845 1842 
9557 1796 1836 375 1803 
9558 1796 1836 1839 375 
9559 1839 1813 391 1833 
9560 366 1803 1836 1796 
9561 1809 362 390 41 
9562 1841 1849 1859 1842 
9563 1841 391 1839 1853 
9564 1839 1853 391 1813 
9565 1839 367 1809 390 
9566 1841 1836 1859 375 
9567 1841 391 345 1834 
9568 1841 1849 1853 1859 
9569 1833 1809 390 1839 
9570 1813 391 345 1853 
9571 391 36 345 1834 
9572 1791 1809 362 1832 
9573 1791 362 363 1832 
9574 1809 390 1832 1833 
9575 1832 346 1813 1833 
9576 1791 363 347 1832 
9577 346 345 1761 1833 
9578 346 1761 1813 1833 
9579 1802 346 1776 1761 
9580 1791 1776 347 1810 
9581 1791 1802 1776 1810 
9582 1791 1813 346 1802 
9583 347 37 363 1810 
9584 1809 1832 390 362 
9585 1791 1802 346 1776 
9586 1841 1859 1836 1845 
9587 1773 1841 1834 1849 
9588 1809 390 367 41 
9589 1809 1832 1813 1833 
9590 1839 375 1813 1796 
9591 1791 347 1776 346 
3 5 4 736
9592 247 3425 1827 248 
9593 3425 1564 1561 248 
9594 3425 1561 1564 1566 
9595 3425 57 3426 1917 
9596 3425 57 3427 3426 
9597 3425 1922 57 1917 
9598 3425 1922 3427 57 
9599 3425 1831 247 1827 
9600 3425 1827 1819 1831 
9601 1567 3425 1561 3428 
9602 1878 1826 46 387 
9603 1878 387 1816 1826 
9604 1878 387 1887 1816 
9605 1414 1878 3429 1929 
9606 1875 1880 1822 389 
9607 1875 1822 388 389 
9608 1878 46 1826 1414 
9609 1887 388 1816 387 
9610 3427 1918 1911 428 
9611 3426 1929 3430 1925 
9612 1412 3426 1929 3430 
9613 3426 1875 1887 1890 
9614 3426 1820 1816 1830 
9615 3428 1828 3430 1830 
9616 3425 1822 3426 1875 
9617 1873 3429 1884 1893 
9618 3426 1929 1890 1879 
9619 428 1929 1916 1890 
9620 3429 1413 416 1411 
9621 428 1929 1890 57 
9622 1873 1891 1885 428 
9623 1873 1885 1246 428 
9624 1893 1891 1873 428 
9625 3429 1245 1239 1247 
9626 3429 1879 1878 1877 
9627 1884 1239 1246 412 
9628 1893 428 1873 1916 
9629 414 1241 1892 1249 
9630 414 1892 413 1249 
9631 1873 411 1246 1885 
9632 3429 1411 1877 1414 
9633 3429 1929 1412 1414 
9634 3429 1916 1245 1930 
9635 3429 1248 1238 1927 
9636 1413 414 1241 1892 
9637 414 1241 52 1413 
9638 1413 414 1892 416 
9639 1413 190 1403 1241 
9640 1413 190 1109 1403 
9641 416 415 1877 1411 
9642 52 190 1413 1241 
9643 1414 1878 1877 3429 
9644 1890 428 1893 1916 
9645 3429 1879 1893 1916 
9646 3429 1927 1395 1402 
9647 1109 1402 1110 1411 
9648 1109 3429 1402 1411 
9649 1403 190 1088 1241 
9650 1088 1395 1238 1089 
9651 3429 1109 1413 1411 
9652 3429 1929 1878 1879 
9653 1238 1395 1248 1089 
9654 1403 1238 1088 1395 
9655 3429 1403 1238 1241 
9656 1238 1248 1395 1927 
9657 1395 1393 1248 1089 
9658 3430 1390 1824 1401 
9659 3430 1931 1932 1926 
9660 3430 3426 3428 1830 
9661 3430 1569 1579 1568 
9662 1402 3430 1412 1927 
9663 3430 1931 3431 1932 
9664 1248 1393 187 1089 
9665 1209 1240 1069 1243 
9666 1077 3431 189 1400 
9667 3431 1075 1289 1286 
9668 1209 1240 1208 1069 
9669 3431 56 1076 1286 
9670 3431 1068 1208 1240 
9671 1068 1393 1077 187 
9672 3431 1077 1393 1400 
9673 3431 1286 3432 56 
9674 1395 1919 1927 1248 
9675 1248 1240 1393 1919 
9676 3431 1094 3432 1288 
9677 1075 3431 189 1208 
9678 1932 1919 1931 3431 
9679 3431 1286 1288 1285 
9680 1251 430 1237 418 
9681 1251 1237 430 1930 
9682 1251 430 1905 1243 
9683 1251 1905 418 1243 
9684 1251 430 418 1905 
9685 1248 1250 1240 1919 
9686 1209 1919 1240 1243 
9687 3426 1929 1414 1412 
9688 1240 3431 1209 1208 
9689 1248 1393 1068 187 
9690 1246 1242 1244 429 
9691 3429 1413 1403 1241 
9692 1245 1916 1246 429 
9693 1246 1916 428 429 
9694 411 1885 410 1242 
9695 1246 1885 1242 428 
9696 3429 1246 1884 1239 
9697 1246 428 1242 429 
9698 3429 1927 1238 1395 
9699 1251 1930 1250 1245 
9700 3429 1413 1892 416 
9701 3429 416 1877 1411 
9702 3429 1241 1892 1413 
9703 1245 1237 1930 429 
9704 1251 1243 1240 1919 
9705 1251 1250 1930 1919 
9706 1245 1246 1244 429 
9707 3429 1892 1877 416 
9708 1250 1245 1930 1247 
9709 411 1246 1885 1242 
9710 1873 428 1246 1916 
9711 1878 415 46 1414 
9712 410 1888 1242 1885 
9713 1884 413 1239 412 
9714 1908 410 421 51 
9715 410 421 1242 1908 
9716 1245 1244 1237 429 
9717 1242 428 1896 429 
9718 1242 1896 1244 429 
9719 1873 411 412 1246 
9720 1908 1899 1911 1894 
9721 409 408 1899 1874 
9722 408 1907 1889 407 
9723 408 1907 1899 1889 
9724 408 1889 1899 1874 
9725 1908 1885 1888 1894 
9726 1908 1899 1894 1874 
9727 1908 1885 1894 1896 
9728 410 1242 1888 1908 
9729 1242 428 1885 1896 
9730 1242 1908 1896 1885 
9731 420 1909 1244 1896 
9732 420 1244 1909 419 
9733 1908 410 51 1888 
9734 1904 1898 1918 1903 
9735 1242 1888 1908 1885 
9736 1908 409 1899 1874 
9737 3429 1873 1246 1916 
9738 1904 1898 1906 1920 
9739 1904 429 1909 1896 
9740 1242 1896 420 1244 
9741 1909 419 1237 1895 
9742 1237 418 1895 419 
9743 418 1243 1905 417 
9744 1905 430 1906 1910 
9745 1208 1068 1069 1240 
9746 1251 430 1243 1919 
9747 1245 1930 1916 429 
9748 1895 1906 1905 430 
9749 422 1076 1910 425 
9750 1905 1901 430 1910 
9751 1237 430 1930 429 
9752 1905 417 1243 1901 
9753 1909 1895 1237 429 
9754 1906 430 1920 1910 
9755 1906 1920 1897 1910 
9756 1906 1902 1920 1898 
9757 1895 1905 418 430 
9758 1286 1076 425 1910 
9759 423 1897 1914 1910 
9760 423 1914 1897 424 
9761 1897 1902 1912 1915 
9762 56 1897 1915 1920 
9763 1897 1902 1915 1920 
9764 403 1866 1915 1902 
9765 403 1912 1915 211 
9766 1912 50 424 1913 
9767 1897 1914 1912 424 
9768 1909 1237 1244 429 
9769 403 50 1912 211 
9770 1897 1915 1914 56 
9771 1912 1913 424 1914 
9772 3432 1285 427 426 
9773 1915 1921 1920 1902 
9774 1897 1912 1914 1915 
9775 56 1897 1920 1910 
9776 3432 426 427 1914 
9777 1920 1898 1902 1921 
9778 1920 1918 1898 1921 
9779 1915 1562 1866 211 
9780 3431 56 3432 1932 
9781 1248 1247 1250 1919 
9782 3429 1238 1403 1395 
9783 1901 56 430 1910 
9784 1897 56 1914 1910 
9785 1904 1918 1920 429 
9786 1251 1930 1245 1237 
9787 1918 1903 401 1922 
9788 1918 1903 1898 401 
9789 3429 1892 1879 1877 
9790 3426 3427 1875 1890 
9791 1898 402 1902 1921 
9792 3427 1891 1890 1893 
9793 403 1915 1866 211 
9794 403 1866 1902 402 
9795 403 1915 1912 1902 
9796 3432 1914 427 1913 
9797 1902 1921 402 1866 
9798 402 1863 1866 1921 
9799 3432 1913 1912 1914 
9800 1866 1863 210 1921 
9801 50 1574 211 7 
9802 3432 1914 1912 1915 
9803 401 1903 400 1865 
9804 1866 210 1562 1921 
9805 1898 1863 402 1921 
9806 401 1863 1921 1922 
9807 1898 401 1863 1921 
9808 1862 1900 400 399 
9809 1865 1903 400 3427 
9810 3427 428 1911 1894 
9811 3425 1922 1923 1566 
9812 1863 1570 209 210 
9813 401 1863 1922 1865 
9814 401 1922 1903 1865 
9815 1923 1863 210 1570 
9816 1864 3427 399 1882 
9817 1863 209 1922 1865 
9818 3427 1900 1862 399 
9819 1918 1896 428 429 
9820 1908 1894 1888 1874 
9821 1904 1906 1895 1920 
9822 1904 1911 1918 1896 
9823 1895 1920 1906 430 
9824 1873 3429 1893 1916 
9825 1877 415 1414 1411 
9826 1576 3430 1579 1394 
9827 3430 1111 1399 1391 
9828 1863 1922 1923 1921 
9829 1923 1863 1921 210 
9830 3430 1391 1412 1111 
9831 3425 1867 1564 1578 
9832 3427 400 1862 1900 
9833 3427 1893 1890 428 
9834 1911 428 1896 1894 
9835 1900 1882 1886 1907 
9836 3428 1821 249 1825 
9837 1242 1896 421 420 
9838 1922 1566 209 1923 
9839 3427 428 1890 57 
9840 3426 1826 1816 1820 
9841 3427 1903 1918 1922 
9842 1876 406 405 1870 
9843 3428 249 1572 1825 
9844 1876 405 1882 1864 
9845 1916 1879 1893 1890 
9846 3427 1911 1900 1899 
9847 3428 1924 1926 1569 
9848 3427 1899 1886 1894 
9849 1899 1874 1886 1894 
9850 3425 1578 1870 1869 
9851 1908 1888 51 409 
9852 1889 1883 407 1907 
9853 1885 1896 428 1894 
9854 1883 398 1907 1882 
9855 1883 404 1868 1882 
9856 3427 1922 1918 428 
9857 3426 1890 1887 1879 
9858 1908 1911 1896 1894 
9859 1876 3425 1864 3427 
9860 3427 1900 1903 400 
9861 407 1883 398 1907 
9862 1883 1868 48 49 
9863 48 397 1868 404 
9864 3425 1821 1827 248 
9865 3426 1887 1878 1879 
9866 1867 1564 207 208 
9867 1869 3425 1864 1870 
9868 1880 389 1819 1822 
9869 3427 428 1894 1891 
9870 1870 371 372 1831 
9871 1868 404 397 1864 
9872 397 396 1864 1871 
9873 396 1872 6 1869 
9874 16 1578 1872 372 
9875 1920 430 56 1910 
9876 1870 1869 396 1871 
9877 1870 1578 1872 1869 
9878 1870 1872 396 1869 
9879 3425 1819 406 371 
9880 1870 1871 1864 1869 
9881 16 1578 372 247 
9882 6 1872 16 1578 
9883 1882 399 1864 398 
9884 3426 3427 1890 57 
9885 3427 1911 1903 1900 
9886 3428 1572 1567 1577 
9887 1904 1895 1909 429 
9888 1870 372 1872 1578 
9889 3427 1900 399 1882 
9890 1867 207 1578 1869 
9891 3425 1822 1819 1827 
9892 1876 1870 405 1864 
9893 1869 1578 1872 6 
9894 3425 3426 3427 1875 
9895 3425 1867 1578 1869 
9896 3425 1821 248 1561 
9897 3426 1875 1822 388 
9898 1819 406 43 1880 
9899 3425 1819 371 1831 
9900 3425 1821 3428 3426 
9901 3426 1414 1826 1820 
9902 1918 1896 1911 428 
9903 209 208 1566 1865 
9904 397 1864 404 1871 
9905 247 3425 248 1564 
9906 3425 1867 1862 1865 
9907 3425 1822 1880 1819 
9908 3428 3430 1926 1925 
9909 3428 1823 1821 1825 
9910 1821 248 1561 249 
9911 1870 372 1578 1831 
9912 3425 1822 1875 1880 
9913 1566 1923 1567 1570 
9914 1567 1923 1575 1570 
9915 3425 3426 1822 1821 
9916 1567 1575 1923 1924 
9917 3428 1825 1817 1830 
9918 1864 3427 1862 399 
9919 1863 1923 1922 209 
9920 3427 1881 1890 1891 
9921 209 1923 1566 1570 
9922 1558 250 251 1817 
9923 3430 3426 1925 3428 
9924 3428 1825 250 1817 
9925 251 1824 15 1568 
9926 3428 1572 1561 1567 
9927 3430 1394 3431 1397 
9928 3430 1396 1927 1402 
9929 3426 3430 1820 1830 
9930 3426 1929 1878 1414 
9931 3428 1569 1558 1577 
9932 3428 1924 1567 1923 
9933 247 3425 1578 1831 
9934 3427 1881 1875 1890 
9935 1867 1564 1578 207 
9936 3425 1922 1566 1865 
9937 3425 1564 1867 208 
9938 1567 3425 3428 1917 
9939 1870 1864 1871 405 
9940 1572 249 250 1825 
9941 1558 1817 251 1824 
9942 3429 1403 1413 1109 
9943 3429 1395 1403 1402 
9944 3425 1822 1827 1821 
9945 46 385 1826 1414 
9946 3426 1878 1929 1879 
9947 1826 385 1820 1414 
9948 414 1413 52 416 
9949 1824 3428 1817 1828 
9950 3429 1246 1873 1884 
9951 3427 1886 1900 1882 
9952 3428 1917 1924 1923 
9953 3428 1926 1924 1925 
9954 1873 412 1884 1246 
9955 3425 1880 406 1819 
9956 1922 209 1566 1865 
9957 3426 1878 1816 1826 
9958 1876 3425 3427 1880 
9959 1818 384 45 1399 
9960 1818 1399 45 386 
9961 1818 1399 386 1390 
9962 1818 386 1829 1390 
9963 3430 1925 1929 1927 
9964 3428 249 1561 1572 
9965 3428 249 1821 1561 
9966 3430 1391 1398 1396 
9967 1390 1818 1399 1828 
9968 1824 1297 15 1568 
9969 1820 1412 385 384 
9970 1390 3430 1399 1405 
9971 3430 1828 1820 1830 
9972 3427 1911 1899 1894 
9973 3425 1566 208 1865 
9974 3430 1398 1397 1396 
9975 3429 1412 1402 1411 
9976 1412 1411 1110 1402 
9977 3425 1567 1561 1566 
9978 384 3430 1412 1111 
9979 3428 1567 1924 1577 
9980 1824 1401 1297 1568 
9981 3430 1927 1929 1412 
9982 1576 3430 1394 3432 
9983 45 1111 1399 384 
9984 1829 356 1824 1390 
9985 1402 3430 1391 1412 
9986 3430 1568 1579 1560 
9987 1401 1096 1390 356 
9988 3429 1248 1927 1919 
9989 3430 1405 1390 1401 
9990 1412 1927 3429 1402 
9991 3429 413 1884 1892 
9992 1077 3431 1208 189 
9993 3430 1568 1560 1401 
9994 3430 1828 1399 384 
9995 1412 1414 1411 3429 
9996 1824 1297 356 15 
9997 356 1824 1401 1297 
9998 356 1824 1390 1401 
9999 1412 1391 1110 1111 
10000 1401 1096 356 1297 
10001 1560 1401 1297 1096 
10002 356 1390 39 1096 
10003 1401 1568 1560 1297 
10004 1560 1404 1579 3430 
10005 3431 1400 1289 189 
10006 3431 1919 1393 1240 
10007 3426 1878 1826 1414 
10008 3428 250 1558 1817 
10009 1573 3432 1394 1290 
10010 1394 1094 1095 1290 
10011 1394 1095 1404 1579 
10012 1573 3432 1576 1394 
10013 3431 56 1209 1076 
10014 1404 1392 1096 1560 
10015 1404 1560 1565 1392 
10016 3430 1397 1398 1394 
10017 1286 56 1076 1910 
10018 1095 252 11 1565 
10019 3430 1394 1401 1404 
10020 3430 1932 3432 1926 
10021 1915 1902 1866 1921 
10022 1390 1828 1824 1829 
10023 1237 1895 418 430 
10024 3429 1238 1249 1241 
10025 3430 1926 1927 1931 
10026 384 3430 1820 1412 
10027 3431 1077 1208 1068 
10028 3430 1932 3431 1394 
10029 1095 1573 1290 252 
10030 3432 1094 1394 1290 
10031 236 1297 1560 1568 
10032 1560 1096 14 1392 
10033 14 1392 1565 1560 
10034 14 1392 13 1565 
10035 13 1392 31 1565 
10036 13 1565 31 11 
10037 3430 1579 1394 1404 
10038 1560 1401 1096 1404 
10039 1914 1286 56 3432 
10040 1095 1565 31 1392 
10041 3425 3426 3428 1917 
10042 1404 1579 1095 1565 
10043 254 1563 1559 1291 
10044 254 1563 1291 17 
10045 3432 426 1286 1285 
10046 3432 1573 1559 1290 
10047 3432 1559 1573 1576 
10048 253 252 1290 1573 
10049 1864 1862 3427 3425 
10050 1404 1565 1095 1392 
10051 1558 1824 251 1568 
10052 1394 1290 1095 1573 
10053 1095 11 31 1565 
10054 3432 1912 1913 1574 
10055 3432 1915 1912 1574 
10056 1096 1560 236 1297 
10057 3432 1913 427 1563 
10058 1577 1569 1575 1924 
10059 3428 1558 3430 1824 
10060 3428 1926 3430 1569 
10061 3432 1913 1563 1574 
10062 1923 1562 1928 1575 
10063 1559 253 1290 1573 
10064 1575 1571 1562 1928 
10065 1914 1286 3432 426 
10066 3428 3426 1823 1830 
10067 1575 1928 1923 1924 
10068 1567 1577 1575 1924 
10069 3428 1567 1917 1923 
10070 3430 1399 1111 384 
10071 1923 1562 1575 1570 
10072 3428 1823 1825 1830 
10073 3428 3430 1558 1569 
10074 1866 211 1562 210 
10075 3425 1875 3427 1880 
10076 3426 1887 1875 388 
10077 3432 1094 1290 1288 
10078 3430 1576 1569 1926 
10079 3427 1864 1876 1882 
10080 1869 3425 1867 1864 
10081 3429 1893 1879 1884 
10082 3430 1824 1558 1568 
10083 1237 1895 430 429 
10084 1560 1404 3430 1401 
10085 3428 1817 1558 1824 
10086 3431 1288 1289 1093 
10087 3431 1394 3432 1094 
10088 1915 1562 1928 1921 
10089 3431 1075 1209 1208 
10090 3432 1290 1559 1287 
10091 3432 1562 1915 1574 
10092 3430 1394 3432 1932 
10093 3432 1915 1562 1928 
10094 3432 1559 1563 1291 
10095 1576 1924 1575 1569 
10096 1576 1926 1924 1569 
10097 1918 401 1898 1921 
10098 3432 1287 1559 1291 
10099 3425 208 1867 1865 
10100 255 7 1574 1913 
10101 3432 56 1914 1915 
10102 210 1562 1923 1570 
10103 1863 1923 209 1570 
10104 50 1913 1574 7 
10105 1895 1920 430 429 
10106 1929 1412 1927 3429 
10107 1574 1912 1913 50 
10108 254 1287 1559 253 
10109 1246 3429 1916 1245 
10110 1906 1902 1897 1920 
10111 1905 1901 1243 430 
10112 3427 1899 1900 1886 
10113 1909 1244 1896 429 
10114 1883 1868 398 1882 
10115 1864 1862 3425 1867 
10116 3426 1414 1820 1412 
10117 1919 1395 1927 1396 
10118 1403 1241 1088 1238 
10119 3430 1397 3431 1396 
10120 1820 1414 385 1412 
10121 3429 1239 1884 413 
10122 3429 1930 1245 1247 
10123 1868 1864 1882 404 
10124 3425 1862 3427 1865 
10125 3431 1396 1919 1931 
10126 1904 1920 1895 429 
10127 3431 1393 1396 1400 
10128 3427 1886 1881 1891 
10129 3429 1927 1929 1916 
10130 3429 1247 1239 1249 
10131 3429 1930 1927 1916 
10132 3429 1238 1247 1249 
10133 3429 1929 1879 1916 
10134 1578 372 247 1831 
10135 1889 1882 1883 1907 
10136 1882 1871 405 404 
10137 1900 1899 1907 1886 
10138 3427 1911 1918 1903 
10139 3429 1239 413 1249 
10140 3429 413 1892 1249 
10141 3429 1249 1892 1241 
10142 247 3425 1564 1578 
10143 1109 3429 1403 1402 
10144 1559 1290 253 1287 
10145 3429 1247 1919 1930 
10146 3432 1924 1576 1926 
10147 3429 1919 1927 1930 
10148 3425 371 1870 1831 
10149 3429 1238 1248 1247 
10150 1573 1394 1576 1579 
10151 3432 1928 1924 1926 
10152 1865 1903 3427 1922 
10153 3427 1891 1893 428 
10154 1246 3429 1245 1239 
10155 3427 1862 400 1865 
10156 1915 1866 1562 1921 
10157 1563 1913 255 1574 
10158 1869 1578 6 207 
10159 1828 3430 1399 1390 
10160 3429 1884 1879 1892 
10161 3430 1558 1569 1568 
10162 3425 1923 1922 1917 
10163 1882 1871 1864 405 
10164 1918 401 1921 1922 
10165 396 1869 1864 1871 
10166 1915 1574 1562 211 
10167 3432 1290 1287 1288 
10168 3431 1093 1094 1288 
10169 3432 1559 1571 1563 
10170 1923 3425 1567 1917 
10171 1885 1894 428 1891 
10172 1916 1879 1890 1929 
10173 3428 1817 1828 1830 
10174 1824 3428 1828 3430 
10175 1562 1923 1928 1921 
10176 1899 1886 1874 1889 
10177 3430 1931 1927 1396 
10178 1243 1919 430 56 
10179 1883 1868 49 398 
10180 1880 43 1819 389 
10181 3428 1569 1577 1924 
10182 3432 1562 1574 1571 
10183 236 1568 15 1297 
10184 1883 48 1868 404 
10185 1882 1864 1871 404 
10186 3427 1875 1881 1880 
10187 3425 1561 3428 1821 
10188 1412 3426 3430 1820 
10189 1878 1877 415 1414 
10190 1901 55 1076 422 
10191 399 1882 1900 1907 
10192 1899 1907 1886 1889 
10193 3432 1928 1562 1571 
10194 3431 1396 1393 1919 
10195 1927 1919 1396 1931 
10196 1404 1579 1565 1560 
10197 3430 1569 1576 1579 
10198 3431 1077 1068 1393 
10199 398 1882 1868 1864 
10200 1574 1912 50 211 
10201 3427 1876 1881 1886 
10202 1251 1930 430 1919 
10203 1248 1068 1393 1240 
10204 3427 1922 428 57 
10205 1912 1915 211 1574 
10206 210 1562 1921 1923 
10207 1924 3432 1575 1928 
10208 1394 1573 1095 1579 
10209 1876 3425 1870 1864 
10210 3427 1876 1886 1882 
10211 1876 3425 1880 406 
10212 3427 1880 1881 1876 
10213 3425 3427 1922 1865 
10214 3427 1894 1886 1891 
10215 1908 1888 409 1874 
10216 1242 1908 421 1896 
10217 1923 3425 1566 1567 
10218 1250 1930 1919 1247 
10219 3428 1823 3426 1821 
10220 1904 1903 1918 1911 
10221 1412 1402 1110 1391 
10222 3425 1566 1564 208 
10223 3428 1917 1925 1924 
10224 1095 1573 252 1565 
10225 407 398 1883 49 
10226 3428 1917 3426 1925 
10227 3430 1926 3432 1576 
10228 3428 1558 1572 1577 
10229 3428 1572 250 1825 
10230 1829 39 356 1390 
10231 1886 1882 1889 1907 
10232 1819 406 371 43 
10233 3428 250 1572 1558 
10234 3432 1291 427 1285 
10235 3425 406 1876 1870 
10236 1209 56 1243 1901 
10237 3429 1248 1919 1247 
10238 1909 419 1244 1237 
10239 1898 1863 401 402 
10240 1829 386 39 1390 
10241 1904 1918 429 1896 
10242 3432 427 1291 1563 
10243 1901 55 1207 1076 
10244 3431 1397 1094 1093 
10245 1828 1818 1399 384 
10246 1251 1240 1250 1919 
10247 1095 1573 1565 1579 
10248 1240 3431 1919 1209 
10249 3431 1397 1394 1094 
10250 3431 1288 3432 1285 
10251 1243 430 1901 56 
10252 3432 56 1915 1932 
10253 3432 1928 1926 1932 
10254 55 1207 54 1901 
10255 1075 3431 1289 189 
10256 1882 399 398 1907 
10257 1560 1096 236 14 
10258 3432 1571 1576 1575 
10259 3431 3432 1286 1285 
10260 1919 1395 1396 1393 
10261 3426 1822 1823 1816 
10262 1917 1929 57 3426 
10263 1917 1929 3426 1925 
10264 3425 371 406 1870 
10265 3426 1816 1823 1830 
10266 55 54 422 1901 
10267 254 1559 1287 1291 
10268 1924 3432 1576 1575 
10269 1904 1898 1920 1918 
10270 1395 1402 1927 1396 
10271 3430 1401 1824 1568 
10272 1390 1818 1828 1829 
10273 3426 1816 1878 1887 
10274 3426 57 1890 1929 
10275 3426 1822 1816 388 
10276 1395 1919 1248 1393 
10277 3426 1816 1887 388 
10278 3426 1823 1822 1821 
10279 425 423 1914 1910 
10280 3425 1831 1870 1578 
10281 3430 1405 1398 1391 
10282 3430 1401 1398 1405 
10283 3431 1286 1289 1288 
10284 3430 1391 1399 1405 
10285 3430 1925 1927 1926 
10286 3430 1394 1398 1401 
10287 1390 1828 3430 1824 
10288 1932 1919 3431 56 
10289 3431 1093 1289 1400 
10290 3431 1397 1093 1400 
10291 3431 1397 1400 1396 
10292 3430 1820 1828 384 
10293 3432 1932 1915 1928 
10294 3432 1563 1571 1574 
10295 427 255 1563 1913 
10296 427 255 17 1563 
10297 427 17 1291 1563 
10298 3432 1285 1287 1291 
10299 1914 1910 56 1286 
10300 3432 1288 1287 1285 
10301 1070 1243 1209 1069 
10302 3430 1396 1402 1391 
10303 1209 1919 1243 56 
10304 1914 1910 1286 425 
10305 1076 1075 3431 1286 
10306 3430 3431 1931 1396 
10307 3431 1393 1068 1240 
10308 1207 53 417 1070 
10309 1076 56 1901 1910 
10310 417 1243 1207 1070 
10311 417 1243 1901 1207 
10312 1207 53 1901 417 
10313 1207 1209 1070 1243 
10314 1207 1901 1209 1243 
10315 54 1207 53 1901 
10316 422 423 425 1910 
10317 1076 1075 1209 3431 
10318 1076 56 1209 1901 
10319 422 1076 425 55 
10320 422 1076 1901 1910 
10321 1076 1209 1207 1901 
10322 1286 426 1914 425 
10323 3432 1571 1575 1928 
10324 3432 1571 1559 1576 
10325 3431 1919 1209 56 
10326 3431 1932 3432 1394 
10327 1289 1400 1093 189 
3 6 4 475
10328 2024 1953 1966 1952 
10329 2011 1998 1961 1965 
10330 1961 2011 475 1998 
10331 1991 1138 66 2025 
10332 1968 1971 1948 1967 
10333 436 1969 437 1952 
10334 1954 469 440 1979 
10335 1950 1968 462 1962 
10336 1950 462 435 1962 
10337 1937 1948 1949 1968 
10338 456 2005 1957 1914 
10339 1986 256 17 1580 
10340 2021 1968 1950 1962 
10341 475 1143 2007 1961 
10342 1991 2018 1933 2015 
10343 453 1950 434 1964 
10344 1957 424 1963 431 
10345 1992 1965 2005 423 
10346 455 431 1963 432 
10347 2007 1960 1961 1964 
10348 2011 1998 1993 475 
10349 2009 1986 1943 1987 
10350 453 1964 434 433 
10351 1950 1968 1949 462 
10352 1949 1970 462 1968 
10353 455 1963 2005 2020 
10354 50 1913 7 1941 
10355 2007 2021 453 1964 
10356 1977 1934 61 1935 
10357 1957 1963 455 431 
10358 1957 1941 1914 1913 
10359 1986 255 1943 1580 
10360 1961 55 1998 1139 
10361 475 2007 1143 2013 
10362 1975 1913 1914 1941 
10363 213 1951 1978 257 
10364 256 257 213 1978 
10365 2011 1999 2012 1993 
10366 1958 256 1986 1580 
10367 1986 255 427 1943 
10368 427 1941 255 1913 
10369 1958 212 213 1580 
10370 255 212 1941 1943 
10371 255 1941 7 1913 
10372 1946 1933 1935 2025 
10373 423 1963 1914 424 
10374 1965 2005 1963 2020 
10375 1986 427 1975 1943 
10376 63 464 1973 470 
10377 2000 1938 1934 1944 
10378 2000 1938 460 1934 
10379 1981 479 1947 1945 
10380 1982 1977 1934 2004 
10381 1990 2010 1988 1999 
10382 1933 451 450 2018 
10383 1977 1934 2004 61 
10384 1984 2019 2017 2004 
10385 1986 17 255 1580 
10386 255 1941 212 7 
10387 456 1975 1914 1941 
10388 457 1939 2016 1987 
10389 2007 1960 1964 433 
10390 475 2011 2013 1993 
10391 1981 1977 480 1945 
10392 1954 1997 469 1979 
10393 1953 466 1971 1141 
10394 1948 1966 1972 1971 
10395 427 255 1941 1943 
10396 2006 1141 1937 467 
10397 1940 438 1948 1972 
10398 1961 461 54 1139 
10399 1981 1934 1977 1945 
10400 1957 2005 455 1914 
10401 1991 2015 1933 1935 
10402 1990 2002 2016 458 
10403 2012 2001 1999 2017 
10404 2011 1999 1992 2010 
10405 482 1953 1933 1141 
10406 1933 1937 2018 1141 
10407 1957 1914 424 1913 
10408 1990 2010 1999 2017 
10409 1976 1955 1938 1944 
10410 1989 447 1955 1976 
10411 2011 1965 2007 2020 
10412 1981 1944 1934 1947 
10413 1949 58 462 1970 
10414 255 1580 212 1943 
10415 2002 1942 458 459 
10416 1966 1940 1953 1948 
10417 1986 1939 1987 2003 
10418 1137 468 2006 2021 
10419 2024 482 64 1966 
10420 1988 2005 1992 2010 
10421 1949 58 1970 439 
10422 1990 2010 2008 2016 
10423 456 455 1957 2005 
10424 1954 1985 1997 1979 
10425 1961 1959 461 1143 
10426 1998 425 422 1965 
10427 482 1933 1138 1141 
10428 1995 1136 478 2018 
10429 1981 1947 1934 1945 
10430 2006 1937 2018 451 
10431 1984 1994 2019 1982 
10432 456 457 2009 1943 
10433 2009 1975 1988 2005 
10434 2009 457 2016 1987 
10435 2009 2005 1988 2010 
10436 2009 1988 2016 2010 
10437 2009 1987 2016 1988 
10438 2009 1975 1987 1988 
10439 457 458 2016 1939 
10440 1958 1978 213 1951 
10441 1958 1986 1939 1943 
10442 1958 1951 1939 2003 
10443 1958 1978 1951 2003 
10444 1975 1992 1988 2005 
10445 1992 1914 1975 426 
10446 1992 1914 2005 1975 
10447 1975 1914 427 426 
10448 456 2009 1975 1943 
10449 426 425 1992 1914 
10450 1990 2002 2008 1994 
10451 1990 2008 1984 1994 
10452 1990 1988 2016 1987 
10453 1984 2017 1999 2001 
10454 2019 2004 1982 460 
10455 2019 1994 2008 459 
10456 1984 1983 1982 2004 
10457 460 2000 2019 1938 
10458 2019 1938 459 460 
10459 1990 2008 2002 458 
10460 2019 2000 1994 1938 
10461 2008 1994 2002 459 
10462 460 2000 1982 2019 
10463 2019 1938 1994 459 
10464 2008 2002 458 459 
10465 1975 427 1913 1941 
10466 457 1939 1987 1943 
10467 1988 1992 1999 2010 
10468 1990 2008 2010 2017 
10469 1990 2016 2002 1987 
10470 1990 1984 2008 2017 
10471 1986 17 427 255 
10472 1975 1913 427 1914 
10473 2009 1943 457 1987 
10474 456 1914 1957 1941 
10475 1958 1978 256 213 
10476 1990 2010 2016 1988 
10477 1942 446 1989 1956 
10478 1942 1938 1994 1976 
10479 2002 1939 1980 2003 
10480 1980 445 1956 446 
10481 1942 447 1989 446 
10482 1942 1976 1989 1955 
10483 1942 1989 447 1955 
10484 445 1996 1951 8 
10485 1939 1942 2002 1956 
10486 1939 1980 1951 1956 
10487 2011 2010 1992 2005 
10488 1995 2014 1974 477 
10489 1992 2005 1965 2020 
10490 1965 2005 423 1963 
10491 1958 1986 1943 1580 
10492 2020 1965 1960 1963 
10493 475 1143 1961 1139 
10494 1974 2013 1140 477 
10495 1958 1978 1986 256 
10496 213 8 1951 257 
10497 1995 1974 2014 2001 
10498 1953 1966 1948 1971 
10499 1958 1986 1978 2003 
10500 1969 437 1952 1940 
10501 1969 1940 1952 1966 
10502 1984 1982 2019 2004 
10503 1974 1140 476 477 
10504 1940 437 438 1972 
10505 1991 1983 2015 1977 
10506 1991 1995 2018 2015 
10507 1991 478 1138 2018 
10508 2009 1943 1986 1975 
10509 1978 1996 1951 2003 
10510 1953 1966 1971 466 
10511 1933 451 2018 1937 
10512 2024 2027 1952 1969 
10513 1951 8 1996 257 
10514 1933 1948 1937 1971 
10515 2015 2004 1977 1983 
10516 2014 1974 477 2013 
10517 2007 1959 1961 1143 
10518 1949 58 435 462 
10519 1948 1972 1967 1971 
10520 1933 2015 450 1935 
10521 1948 438 1967 1972 
10522 1948 439 1967 438 
10523 1950 462 1949 435 
10524 2024 64 465 1966 
10525 1933 2018 450 2015 
10526 2023 1935 481 2025 
10527 1936 2022 443 471 
10528 482 1933 1953 2025 
10529 1936 471 470 2027 
10530 1954 440 1947 1979 
10531 472 1946 2028 2022 
10532 1946 2022 2024 2025 
10533 1973 444 470 1952 
10534 1936 470 471 444 
10535 63 470 1973 444 
10536 1936 2024 2022 2027 
10537 1973 470 464 1952 
10538 1954 1944 1985 1947 
10539 1969 1966 2024 465 
10540 464 1952 470 2027 
10541 1969 1972 1940 1966 
10542 1969 437 1940 1972 
10543 63 1973 59 444 
10544 436 1973 1969 1952 
10545 1969 1952 464 2027 
10546 1969 2027 464 465 
10547 1969 1966 1952 2024 
10548 1969 1973 464 1952 
10549 436 444 59 1973 
10550 436 444 1973 1952 
10551 1966 1940 1948 1972 
10552 1936 2024 2027 1952 
10553 1936 470 1952 2027 
10554 1950 1968 1937 1949 
10555 1942 1994 1938 459 
10556 1137 1142 1140 2006 
10557 1956 2002 1989 1942 
10558 1137 468 1142 2006 
10559 2006 1950 2021 1968 
10560 2007 1960 2020 1965 
10561 1949 1967 1948 439 
10562 454 432 2020 1960 
10563 2021 468 1968 1962 
10564 2007 1964 1961 1959 
10565 1937 1968 467 1971 
10566 1140 2006 477 2013 
10567 1142 1968 2006 468 
10568 1937 467 1141 1971 
10569 467 1141 1971 466 
10570 2006 451 452 1937 
10571 463 1962 1968 468 
10572 1953 1971 1933 1141 
10573 2011 1992 1999 1993 
10574 462 1968 463 1962 
10575 1933 1937 1141 1971 
10576 1949 1967 1970 1968 
10577 1949 1967 1968 1948 
10578 1949 1970 1967 439 
10579 2006 1937 1950 1968 
10580 1937 1948 1968 1971 
10581 2006 1141 2018 1937 
10582 454 432 1960 433 
10583 2000 1981 1985 1944 
10584 1995 1136 2014 477 
10585 1138 2018 1136 1141 
10586 455 1914 2005 1963 
10587 2011 2012 1999 2010 
10588 2006 452 2021 1950 
10589 453 1950 1964 2021 
10590 1959 2021 1964 1962 
10591 1961 2011 2007 475 
10592 2006 2021 468 1968 
10593 2007 454 1960 433 
10594 2006 1937 452 1950 
10595 1961 55 422 1998 
10596 2009 1975 1986 1987 
10597 1136 1140 1142 2006 
10598 467 1968 2006 1142 
10599 1142 467 1968 468 
10600 2006 1141 467 1142 
10601 467 1968 1937 2006 
10602 1137 468 463 62 
10603 1136 477 1140 2006 
10604 1137 2021 1962 468 
10605 1137 1962 463 468 
10606 2006 1137 2013 1140 
10607 1974 2013 476 1140 
10608 1995 1136 2018 2014 
10609 1136 2006 2014 477 
10610 2004 2001 2014 2017 
10611 2011 1992 1965 2020 
10612 2007 1960 454 2020 
10613 1137 1140 1143 2013 
10614 2006 1137 2021 2013 
10615 1137 1959 2021 2007 
10616 1957 1914 455 1963 
10617 1959 1137 2021 1962 
10618 1998 422 1961 1965 
10619 55 1139 1961 54 
10620 453 1950 2021 452 
10621 2007 1964 1959 2021 
10622 1961 461 1139 1143 
10623 1964 1962 2021 1950 
10624 434 1964 1950 1962 
10625 434 1962 1950 435 
10626 1959 463 1137 1962 
10627 1959 1137 463 62 
10628 1137 1959 2007 1143 
10629 2005 1914 423 1963 
10630 1959 1137 461 1143 
10631 1959 62 461 1137 
10632 456 1975 2009 2005 
10633 455 2020 454 432 
10634 1992 1914 425 423 
10635 1978 257 1951 1996 
10636 2007 453 454 433 
10637 2011 1961 2007 1965 
10638 2007 1960 1965 1961 
10639 2007 1964 453 433 
10640 2020 1963 1960 432 
10641 455 1963 2020 432 
10642 2007 2013 2021 1137 
10643 475 1961 1998 1139 
10644 2007 2013 1137 1143 
10645 2016 2002 1987 1939 
10646 1992 2005 1914 423 
10647 1957 1914 1963 424 
10648 456 1975 1941 1943 
10649 1957 424 50 1913 
10650 1957 50 1941 1913 
10651 1957 424 431 50 
10652 55 1961 422 54 
10653 422 1965 425 423 
10654 1992 425 1998 1965 
10655 1998 425 55 422 
10656 2002 1994 1942 459 
10657 475 1998 55 1139 
10658 1992 425 1965 423 
10659 476 1140 2013 1143 
10660 1976 2000 1985 1944 
10661 1991 1933 1138 2025 
10662 1993 475 1143 2013 
10663 476 2013 1993 1143 
10664 1974 1993 476 2013 
10665 476 1143 1993 475 
10666 1983 2014 2004 2001 
10667 1138 2018 478 1136 
10668 1982 460 2004 1934 
10669 1138 1933 2018 1141 
10670 2012 1999 2001 1974 
10671 2014 477 2006 2013 
10672 2000 460 1982 1934 
10673 1990 2016 2008 458 
10674 2011 1965 1992 1998 
10675 2012 1993 1999 1974 
10676 2012 1993 1974 2013 
10677 2015 1977 2004 61 
10678 2012 2017 1999 2010 
10679 2011 1992 1993 1998 
10680 2011 2005 1992 2020 
10681 2011 1993 2012 2013 
10682 475 2011 2007 2013 
10683 2014 2012 1974 2013 
10684 2014 2001 2012 2017 
10685 2014 1974 2012 2001 
10686 2015 1977 61 1935 
10687 1953 1948 1933 1971 
10688 2004 61 1934 460 
10689 1995 2018 2015 2014 
10690 1977 1945 1934 1935 
10691 1984 2017 2019 2008 
10692 1981 1985 1944 1947 
10693 1984 2001 1983 2004 
10694 482 64 1966 466 
10695 65 474 441 1947 
10696 2015 2004 1983 2014 
10697 2024 1946 1953 1936 
10698 450 2015 61 1935 
10699 482 466 1953 1141 
10700 1953 1966 1952 1940 
10701 1936 471 443 444 
10702 1936 1953 2024 1952 
10703 1946 443 1936 2022 
10704 1136 2014 2006 2018 
10705 1991 2018 1138 1933 
10706 1995 478 1136 477 
10707 1136 2006 1142 1141 
10708 1136 2018 2006 1141 
10709 1991 2018 1995 478 
10710 1991 1983 1995 2015 
10711 2024 1953 482 1966 
10712 482 1138 1933 2025 
10713 1991 478 66 1138 
10714 482 1966 1953 466 
10715 1991 1935 1933 2025 
10716 482 66 1138 2025 
10717 2024 2027 1969 465 
10718 1987 1939 2002 2003 
10719 1981 480 479 1945 
10720 1991 1977 2015 1935 
10721 1995 2014 2015 1983 
10722 1995 2014 1983 2001 
10723 2002 1956 1980 1939 
10724 1946 2024 1953 2025 
10725 481 1991 66 2025 
10726 481 1977 1991 1935 
10727 481 1935 1991 2025 
10728 474 441 1947 1945 
10729 2024 1946 1936 2022 
10730 479 480 2026 1945 
10731 1945 474 441 473 
10732 1946 1953 1933 2025 
10733 2024 482 1953 2025 
10734 2023 1946 1935 2025 
10735 472 471 443 2022 
10736 1936 1952 470 444 
10737 1936 2022 471 2027 
10738 472 443 1946 2022 
10739 442 2028 472 1946 
10740 442 2028 1946 1945 
10741 442 1946 472 443 
10742 480 2023 1945 1977 
10743 473 472 442 2028 
10744 473 442 441 1945 
10745 473 2028 442 1945 
10746 480 1945 2023 2026 
10747 474 479 2026 1945 
10748 2023 2028 1946 2022 
10749 2023 2022 1946 2025 
10750 1945 474 473 2026 
10751 2023 1977 481 1935 
10752 2026 2028 473 1945 
10753 2023 1945 1977 1935 
10754 2023 1946 1945 1935 
10755 1982 1983 1977 2004 
10756 2023 1945 1946 2028 
10757 2023 2028 2026 1945 
10758 65 441 440 1947 
10759 480 481 2023 1977 
10760 65 479 474 1947 
10761 474 1947 479 1945 
10762 65 1947 440 1979 
10763 65 479 1947 1979 
10764 1980 1951 1996 2003 
10765 1954 1947 1985 1979 
10766 1981 1985 1947 1979 
10767 469 65 440 1979 
10768 449 1944 448 1985 
10769 1981 1947 479 1979 
10770 1982 1977 1981 1934 
10771 2000 1934 1982 1981 
10772 2019 1982 1994 2000 
10773 1956 2002 1980 1989 
10774 2000 1934 1981 1944 
10775 1976 1938 2000 1944 
10776 1984 2001 2004 2017 
10777 2002 1989 1942 1994 
10778 1951 1980 445 1956 
10779 1942 1994 1989 1976 
10780 1984 2008 2019 1994 
10781 1989 446 1980 1956 
10782 1939 1980 2003 1951 
10783 1939 1942 458 2002 
10784 1942 1938 1976 1955 
10785 1994 2000 1976 1938 
10786 448 1976 1985 1944 
10787 448 1955 1976 1944 
10788 448 1955 447 1976 
10789 1951 1980 1996 445 
10790 449 1954 1944 1985 
10791 60 469 1954 1997 
10792 60 440 1954 469 
10793 449 1997 1954 1985 
10794 449 60 1954 1997 
10795 456 1975 2005 1914 
10796 1975 427 1941 1943 
10797 1986 1943 1987 1939 
10798 1990 1999 1984 2017 
10799 1958 1939 1986 2003 
10800 1958 212 1580 1943 
10801 1958 213 256 1580 
10802 2016 458 2002 1939 
3 7 4 833
10803 2073 1977 481 2058 
10804 3433 2052 2047 2039 
10805 3433 2047 2052 2038 
10806 3433 1703 1700 1710 
10807 3433 1703 3434 1700 
10808 3433 3434 3435 1700 
10809 3433 2038 490 2047 
10810 3433 1692 1703 1710 
10811 3436 2095 2096 2094 
10812 3436 1277 1267 1283 
10813 3436 2093 3434 2095 
10814 3436 1707 1698 1697 
10815 1701 3436 3434 3435 
10816 2089 1200 1196 1197 
10817 3437 3438 3434 2093 
10818 3437 2055 2070 2060 
10819 2097 3436 3434 2095 
10820 2091 1974 505 2086 
10821 3436 1697 1698 1690 
10822 3437 1268 1273 1276 
10823 3437 1268 1276 1280 
10824 3437 2060 2070 495 
10825 3437 2084 3438 2093 
10826 3437 2055 3438 2084 
10827 2059 3437 2060 2061 
10828 3437 3434 3438 2061 
10829 3437 2060 2074 2055 
10830 3437 2074 3438 2055 
10831 2099 2084 2093 3438 
10832 2099 2084 3438 71 
10833 3437 1273 2094 1276 
10834 3437 1280 1271 2078 
10835 3438 2084 2062 71 
10836 3438 2074 2061 2062 
10837 3438 2095 2093 2099 
10838 3438 3434 2095 2099 
10839 3438 2095 3434 2093 
10840 3439 2081 2105 2099 
10841 2029 2034 1717 2031 
10842 1975 1291 2088 1285 
10843 1095 1722 320 31 
10844 1095 1722 252 1290 
10845 1274 1270 2102 1275 
10846 1095 1722 11 252 
10847 2094 1276 1273 1274 
10848 1272 2103 1282 1266 
10849 1281 1289 1093 189 
10850 3433 1692 1712 1703 
10851 505 1204 1191 1200 
10852 3440 1272 1721 2103 
10853 1095 11 1722 31 
10854 1722 232 11 252 
10855 1696 1290 1583 252 
10856 252 1696 232 1583 
10857 1696 1722 1290 252 
10858 1582 2032 229 214 
10859 1721 2103 1272 1266 
10860 1282 72 2103 1272 
10861 2102 1278 2082 1282 
10862 1696 1722 1272 1290 
10863 3435 1701 1704 1702 
10864 3439 2056 2063 2069 
10865 3435 2100 2101 2097 
10866 2097 3440 1723 1708 
10867 1581 1978 256 1586 
10868 2088 2104 2101 1987 
10869 1586 254 1291 17 
10870 1581 257 1996 1582 
10871 3440 1708 1696 1719 
10872 1583 1290 253 252 
10873 3436 3437 1276 1284 
10874 3440 1723 3435 2097 
10875 1708 2097 1707 1705 
10876 2088 1287 72 1285 
10877 3440 1291 1586 254 
10878 504 1201 1190 1200 
10879 1281 1203 72 1289 
10880 72 1288 1281 1289 
10881 1975 2088 1988 1992 
10882 3440 1696 1272 1290 
10883 505 1200 1191 1201 
10884 3440 2103 72 1290 
10885 2076 501 1279 2077 
10886 3436 1276 1267 1284 
10887 1581 257 1978 1996 
10888 3434 494 2078 2076 
10889 3439 2041 1997 1979 
10890 325 27 1720 2077 
10891 3438 3439 71 2063 
10892 1979 2041 469 487 
10893 3439 2056 488 487 
10894 3439 1985 1981 1979 
10895 2079 1715 493 492 
10896 1984 2105 1982 2085 
10897 3439 2037 2031 2034 
10898 3439 2044 2031 2037 
10899 3440 253 1584 1583 
10900 3440 1986 1978 1586 
10901 1072 1206 1071 1273 
10902 2092 2090 2084 1199 
10903 3437 2084 1194 2055 
10904 3434 2072 2068 2059 
10905 254 3440 253 1584 
10906 1266 1282 1275 2102 
10907 3439 1976 448 447 
10908 1720 27 303 2077 
10909 2067 1195 496 1991 
10910 2033 484 2040 483 
10911 3439 488 2041 487 
10912 3434 1700 1701 3435 
10913 3434 2099 3435 2097 
10914 1278 1275 2102 1270 
10915 1995 2001 2085 506 
10916 446 445 1706 1980 
10917 2079 486 1718 2042 
10918 3437 1268 1280 1198 
10919 3439 448 2034 447 
10920 2079 2042 1715 492 
10921 298 2053 1726 2049 
10922 2102 1266 1274 1275 
10923 3439 2081 2000 2105 
10924 1279 1720 325 1709 
10925 2037 2044 2051 2041 
10926 3433 1713 1710 1711 
10927 2072 3434 1715 493 
10928 3434 1284 1690 1709 
10929 1695 1726 2040 2049 
10930 3440 1980 1996 2003 
10931 1975 1285 427 1291 
10932 1199 2084 2093 2090 
10933 3437 1206 1194 2093 
10934 3439 2071 487 1979 
10935 3440 1978 1581 1586 
10936 2079 67 2042 492 
10937 3436 3434 3437 1284 
10938 3437 1194 1198 500 
10939 2081 2065 2085 507 
10940 3436 1707 3435 1701 
10941 3433 1712 2039 2050 
10942 3434 2059 494 2076 
10943 188 1198 1205 1280 
10944 3440 1582 1585 1581 
10945 3440 1581 1585 1584 
10946 3433 2046 2052 2039 
10947 506 1974 1995 2001 
10948 3440 1582 1581 1996 
10949 1272 320 1095 1722 
10950 3440 1585 230 1719 
10951 3440 230 1585 1582 
10952 3440 1996 1581 1978 
10953 3435 1702 1704 1717 
10954 3439 449 2037 448 
10955 1982 2085 2065 1977 
10956 3435 2100 2097 2099 
10957 2096 2103 2098 3440 
10958 2059 3437 2061 3434 
10959 1714 2040 1726 2033 
10960 2103 2088 2098 3440 
10961 3435 2034 2045 1717 
10962 3435 1711 1702 1717 
10963 1717 2045 1711 1714 
10964 3437 2070 1280 2080 
10965 2092 2057 1193 498 
10966 1718 302 1712 2042 
10967 2073 1991 2067 496 
10968 3439 2000 1981 1985 
10969 445 1582 1996 8 
10970 3435 1723 1705 2097 
10971 3439 71 2081 2099 
10972 1582 1693 230 229 
10973 3433 2054 490 2038 
10974 1726 2040 2049 2053 
10975 3434 2068 2061 2059 
10976 3439 1981 2071 1979 
10977 493 67 2079 492 
10978 1201 504 505 1200 
10979 2085 2067 2065 1977 
10980 2067 1195 1991 1983 
10981 2073 1991 496 66 
10982 3439 2044 2041 2048 
10983 3433 3438 3439 2099 
10984 1994 2101 1990 2002 
10985 1982 2085 2081 2065 
10986 2085 1195 1995 506 
10987 1191 1993 1201 476 
10988 2073 481 1991 66 
10989 496 1991 478 66 
10990 3438 2054 3439 2063 
10991 72 1272 1269 1290 
10992 72 2082 1269 1282 
10993 1986 17 1586 1291 
10994 1986 427 17 1291 
10995 1986 1975 427 1291 
10996 1986 256 1586 17 
10997 1986 1586 256 1978 
10998 1986 2088 1975 1291 
10999 1975 426 427 1285 
11000 1975 426 1285 1992 
11001 2079 1694 1715 1718 
11002 1715 2072 493 492 
11003 2079 67 486 2042 
11004 3438 2054 2061 2068 
11005 3434 2076 1271 1279 
11006 426 1286 1992 425 
11007 426 1285 1992 1286 
11008 2088 1988 2091 2104 
11009 2076 1271 502 2078 
11010 2088 1988 2104 1987 
11011 3433 1715 3434 1703 
11012 72 1285 1287 1288 
11013 1284 1709 1279 324 
11014 72 1288 1286 1285 
11015 2070 2080 495 68 
11016 3438 2061 3434 2068 
11017 3437 1194 2084 2093 
11018 2088 1286 72 504 
11019 1274 3436 2094 1276 
11020 3437 1198 2070 500 
11021 3437 1194 500 2055 
11022 2064 1982 3439 2065 
11023 3437 1271 3434 2078 
11024 1199 2084 1194 2093 
11025 2092 1193 1197 1199 
11026 1720 1694 1715 2079 
11027 3436 2094 3437 2093 
11028 188 1198 1280 1268 
11029 3434 1715 1709 1699 
11030 72 1287 1290 1288 
11031 2076 1720 1279 1709 
11032 3440 1291 1986 1586 
11033 2077 325 1279 1720 
11034 3440 72 2088 1287 
11035 72 1290 1269 1288 
11036 72 1269 1281 1288 
11037 72 1289 1286 1288 
11038 72 1289 504 1286 
11039 2088 1286 504 1992 
11040 1194 499 2084 1199 
11041 2088 1286 1992 1285 
11042 2076 1279 1720 2077 
11043 72 2103 1272 1290 
11044 1278 1073 2102 1196 
11045 2093 1206 1194 1199 
11046 3433 2054 2068 490 
11047 3440 253 1583 1290 
11048 1203 2082 1281 72 
11049 2076 502 1279 501 
11050 3436 2097 3435 1707 
11051 1203 72 1289 504 
11052 1071 3437 1194 1198 
11053 2076 1720 1709 1715 
11054 2076 2077 1720 2075 
11055 325 501 27 2077 
11056 1190 1289 1286 504 
11057 504 1203 72 2089 
11058 3434 1715 2076 1709 
11059 504 1203 2089 1200 
11060 3440 1693 1706 1723 
11061 504 2089 505 1200 
11062 504 1992 1201 1993 
11063 2091 2086 2104 1999 
11064 2091 1988 1992 1999 
11065 2091 2104 1988 1999 
11066 1197 505 2083 2089 
11067 2091 505 1974 1993 
11068 1201 504 1190 1992 
11069 505 506 1204 2083 
11070 1974 505 2086 506 
11071 2091 1993 1999 1992 
11072 1190 1289 504 1203 
11073 505 1204 1197 2083 
11074 506 2092 1193 1204 
11075 506 1193 2092 507 
11076 506 2092 1204 2083 
11077 506 1193 1195 1204 
11078 1989 2101 2100 1994 
11079 2101 2087 2100 1994 
11080 3436 1267 1277 323 
11081 3433 2043 1712 2050 
11082 2101 3435 1989 2100 
11083 2101 1980 2002 1989 
11084 3440 3435 1723 1706 
11085 2101 2002 1980 2003 
11086 2087 1990 2104 1984 
11087 2087 1984 2105 1994 
11088 2087 1990 1984 1994 
11089 2087 2105 1984 2085 
11090 2088 504 2091 1992 
11091 2104 1988 1990 1987 
11092 2104 1990 1988 1999 
11093 2101 1987 2104 1990 
11094 2091 1974 2086 1999 
11095 2082 2089 72 1203 
11096 2097 3436 3435 3434 
11097 505 1197 1204 1200 
11098 2088 2091 1988 1992 
11099 2104 2086 1984 1999 
11100 2086 2001 1999 1974 
11101 1994 2101 2087 1990 
11102 506 1995 1974 1191 
11103 1974 505 506 1191 
11104 3439 489 2054 2038 
11105 1989 2101 1994 2002 
11106 1989 2100 1976 1994 
11107 1989 3435 1976 2100 
11108 3440 1291 254 1287 
11109 3436 1277 1697 323 
11110 2101 1987 2002 2003 
11111 3436 2097 2096 2095 
11112 3440 1980 445 1996 
11113 445 1716 2032 2035 
11114 3434 2099 2097 2095 
11115 3440 2101 1980 2003 
11116 3440 445 1693 1996 
11117 2096 3440 1721 2103 
11118 2092 1193 2057 507 
11119 3440 2097 2098 2096 
11120 1194 2084 499 2055 
11121 3440 1696 231 1719 
11122 3437 2060 2078 494 
11123 447 446 2030 3435 
11124 1995 1195 477 1191 
11125 1585 231 230 1719 
11126 3440 1719 1693 1723 
11127 3440 231 1585 1719 
11128 2083 1192 1199 1197 
11129 2092 2084 2057 498 
11130 1192 1072 1270 2090 
11131 3439 1985 448 1976 
11132 2092 498 1193 1199 
11133 3440 2097 2096 1708 
11134 2057 507 2065 71 
11135 3440 445 1980 1706 
11136 446 445 2035 1706 
11137 2083 1192 2090 1199 
11138 2082 1196 2089 1203 
11139 1992 1190 1998 1286 
11140 1281 1289 1288 1093 
11141 2094 2102 2096 1266 
11142 3435 2045 1711 1717 
11143 3440 230 1582 1693 
11144 3439 1997 449 1985 
11145 475 55 1998 1202 
11146 2103 2088 3440 72 
11147 3440 1272 2103 1290 
11148 3435 1700 1701 1702 
11149 2088 2101 2098 1987 
11150 2065 2058 2064 1977 
11151 445 214 1582 8 
11152 1984 2105 1994 1982 
11153 292 483 2033 2053 
11154 449 2051 60 1997 
11155 72 2082 1282 2103 
11156 1996 1582 257 8 
11157 1716 445 1582 1693 
11158 445 1693 1996 1582 
11159 3440 1980 3435 1706 
11160 445 1716 2035 1706 
11161 2086 1984 1999 2001 
11162 1202 425 1076 55 
11163 1581 257 256 1978 
11164 1201 1202 1998 1190 
11165 506 2085 2086 2001 
11166 1986 1987 1975 2088 
11167 1201 1998 1993 1992 
11168 3440 1986 1987 2003 
11169 506 507 2085 1195 
11170 1993 505 1201 504 
11171 1975 1988 2088 1987 
11172 2073 481 1977 1991 
11173 2087 1984 2104 2086 
11174 1998 1190 1202 1286 
11175 1202 425 1286 1076 
11176 1197 505 2089 1200 
11177 1975 1285 2088 1992 
11178 1286 1190 1076 1075 
11179 1202 1076 1286 1190 
11180 1998 1286 1202 425 
11181 2101 1987 1990 2002 
11182 1998 425 1202 55 
11183 504 1992 1993 2091 
11184 1201 1998 1992 1190 
11185 1995 2001 1983 2085 
11186 1291 3440 2088 1287 
11187 504 1190 1992 1286 
11188 2089 1192 2090 2083 
11189 505 1204 506 1191 
11190 3440 1996 1978 2003 
11191 1992 1286 1998 425 
11192 3439 2105 2100 2099 
11193 505 1201 1191 1993 
11194 1974 1993 1191 476 
11195 1974 476 1191 477 
11196 1201 475 1993 1998 
11197 1201 1202 475 1998 
11198 1201 475 476 1993 
11199 2085 1195 1983 1995 
11200 2104 1984 1990 1999 
11201 2085 1195 2067 1983 
11202 2101 3440 1987 2003 
11203 506 2086 1974 2001 
11204 2086 2085 1984 2001 
11205 3436 1266 1277 1274 
11206 507 497 1195 1193 
11207 1073 2102 1192 1270 
11208 2087 2105 2100 1994 
11209 2087 1984 2086 2085 
11210 1291 3440 1986 2088 
11211 2085 1195 507 2067 
11212 3439 489 2048 488 
11213 2071 1981 479 1979 
11214 3439 487 2041 1979 
11215 2073 2067 1991 1977 
11216 507 497 2067 1195 
11217 1995 477 1974 1191 
11218 2085 2067 507 2065 
11219 3439 2041 449 1997 
11220 2084 507 2057 71 
11221 1991 478 1995 1195 
11222 2057 2065 2063 71 
11223 496 478 1991 1195 
11224 1995 477 1195 478 
11225 1993 505 504 2091 
11226 1991 1195 1995 1983 
11227 1982 2064 1981 1977 
11228 2067 1983 1991 1977 
11229 2067 496 1195 497 
11230 1984 2085 1982 1983 
11231 1982 2065 2064 1977 
11232 2073 2058 2067 1977 
11233 492 3433 2072 491 
11234 1280 69 1205 188 
11235 2071 479 1981 2064 
11236 480 2058 481 1977 
11237 480 2064 2058 1977 
11238 2071 65 487 1979 
11239 2071 479 65 1979 
11240 469 487 65 1979 
11241 2064 3439 1981 2071 
11242 1981 2064 479 480 
11243 3439 2063 2054 2069 
11244 3439 2044 2037 2041 
11245 3439 3435 1976 447 
11246 2037 485 2051 2044 
11247 3439 2031 2045 2034 
11248 71 2065 2063 3439 
11249 60 1997 2051 469 
11250 449 60 2051 485 
11251 1981 2064 480 1977 
11252 2084 499 498 1199 
11253 2064 3439 2071 2056 
11254 3439 2045 3435 2034 
11255 2057 2065 507 2067 
11256 3439 2048 489 2038 
11257 3439 448 2037 2034 
11258 3433 3439 3435 2099 
11259 2084 2057 2062 71 
11260 3434 2076 1279 1709 
11261 3433 2047 2043 2039 
11262 2092 2090 1199 2083 
11263 2092 2057 2084 507 
11264 2085 1983 2067 1977 
11265 2065 2067 2058 1977 
11266 2092 2084 498 1199 
11267 2081 2065 507 71 
11268 3435 2034 2030 447 
11269 506 1195 1995 1191 
11270 505 1191 1974 1993 
11271 2092 1199 1197 2083 
11272 254 3440 1287 253 
11273 3439 1985 1976 2000 
11274 1984 2001 2085 1983 
11275 3439 2000 1976 2105 
11276 3439 2056 2069 488 
11277 3439 2048 2045 2044 
11278 2089 2102 2090 1192 
11279 3436 1266 1274 2094 
11280 3439 2069 2054 489 
11281 3435 1980 1989 446 
11282 3433 2043 1715 1712 
11283 1982 2085 2105 2081 
11284 1982 2085 1977 1983 
11285 3440 230 1693 1719 
11286 2000 2081 1982 2105 
11287 3439 2069 489 488 
11288 2100 1976 1994 2105 
11289 3439 449 448 1985 
11290 3439 2056 2065 2063 
11291 3433 491 2068 2072 
11292 3433 3435 2045 1711 
11293 1994 2105 2000 1982 
11294 1994 2105 1976 2000 
11295 3435 1701 1707 1705 
11296 3433 491 2043 2047 
11297 1726 2033 2040 2053 
11298 2064 1982 1981 3439 
11299 449 2041 2051 1997 
11300 3433 2045 2052 1711 
11301 3440 254 1586 1584 
11302 3439 2034 3435 447 
11303 1714 2033 292 293 
11304 3434 1700 1698 1701 
11305 3439 1976 3435 2100 
11306 3439 2100 3435 2099 
11307 1717 2045 1714 2031 
11308 3439 1976 2100 2105 
11309 1979 2041 1997 469 
11310 2051 1997 2041 469 
11311 2037 2051 449 2041 
11312 2037 485 449 2051 
11313 1714 2045 1695 2040 
11314 292 25 483 2053 
11315 3433 2039 2043 2050 
11316 2046 1713 300 1692 
11317 1695 2049 298 1726 
11318 1725 2029 294 2036 
11319 2045 2031 1717 2034 
11320 3439 2071 2056 487 
11321 1716 445 2032 1582 
11322 2033 483 2040 2053 
11323 292 2033 1726 2053 
11324 1695 1726 1714 2040 
11325 2031 2040 2033 484 
11326 2031 2044 2040 484 
11327 3439 1997 1985 1979 
11328 2031 484 485 2044 
11329 2031 485 2037 2044 
11330 2036 3435 2035 1689 
11331 1723 2097 1708 1705 
11332 445 2032 1582 214 
11333 3439 2038 2045 2048 
11334 3435 1717 1704 1689 
11335 2035 1706 1724 1689 
11336 2046 1713 1711 1695 
11337 2029 2036 1717 2034 
11338 1725 1717 2029 2036 
11339 1714 2033 2031 2040 
11340 1725 294 1689 2036 
11341 2046 2049 299 1695 
11342 1714 1726 292 2033 
11343 1725 1689 1717 2036 
11344 1725 2029 293 294 
11345 3440 1586 1581 1584 
11346 292 1726 25 2053 
11347 2045 1714 2031 2040 
11348 298 25 1726 2053 
11349 1714 293 1725 2029 
11350 1714 2033 293 2029 
11351 1714 2031 2029 1717 
11352 1714 2029 2031 2033 
11353 1714 2029 1725 1717 
11354 299 298 1695 2049 
11355 3435 2034 1717 2036 
11356 1715 2042 2043 492 
11357 3439 2064 2065 2056 
11358 2046 299 300 1713 
11359 3433 1710 1700 1702 
11360 2046 299 1713 1695 
11361 2046 1711 2045 1695 
11362 3439 2044 2045 2031 
11363 3436 2096 1266 2094 
11364 3440 1287 253 1290 
11365 3433 2047 2068 491 
11366 2046 300 2039 1692 
11367 2045 2040 2031 2044 
11368 1706 3435 2035 446 
11369 3435 1704 1701 1705 
11370 493 2076 3434 1715 
11371 3435 1704 1706 1689 
11372 3433 1712 1692 2039 
11373 3433 1712 1715 1703 
11374 3438 71 2062 2063 
11375 3439 2041 2037 449 
11376 2101 3435 1980 1989 
11377 2036 3435 2030 2035 
11378 1714 2045 1711 1695 
11379 2045 2049 1695 2040 
11380 2052 2045 2046 1711 
11381 3433 490 2068 2047 
11382 3433 3439 2038 2045 
11383 2046 2045 2049 1695 
11384 2097 3440 2101 3435 
11385 3435 1706 2035 1689 
11386 3433 2072 1715 492 
11387 3437 2078 495 2080 
11388 3433 1692 1710 1713 
11389 3437 2070 2080 495 
11390 2068 3438 3433 3434 
11391 2079 1694 1718 2075 
11392 3435 2035 446 2030 
11393 3433 3435 3434 2099 
11394 3434 1703 1715 1699 
11395 3433 1700 3435 1702 
11396 3436 1690 3434 1284 
11397 2094 2090 1273 2093 
11398 445 1693 1716 1706 
11399 3433 3434 3438 2099 
11400 1582 229 1716 1693 
11401 1715 1712 2043 2042 
11402 3440 1693 445 1706 
11403 1715 2042 1718 1712 
11404 2039 1712 301 2050 
11405 301 2039 300 1692 
11406 3433 3435 3439 2045 
11407 1712 2050 2043 2042 
11408 3440 1583 1696 1290 
11409 1712 302 2050 2042 
11410 1712 302 301 2050 
11411 2039 1712 1692 301 
11412 2079 1715 2042 1718 
11413 1720 2075 303 1694 
11414 1720 303 2075 2077 
11415 2077 325 501 1279 
11416 3434 1690 1699 1709 
11417 486 26 1718 302 
11418 304 1718 1694 2075 
11419 304 1694 303 2075 
11420 1720 1694 2079 2075 
11421 486 302 1718 2042 
11422 3437 1194 1273 1071 
11423 2076 1271 1279 502 
11424 1279 1709 325 324 
11425 3437 2078 2060 495 
11426 3437 1280 2078 2080 
11427 2079 2076 1715 1720 
11428 486 1718 304 2075 
11429 486 26 304 1718 
11430 3435 2036 1717 1689 
11431 2079 1718 486 2075 
11432 2079 2076 1720 2075 
11433 3437 500 2070 2055 
11434 3433 2052 2046 1711 
11435 3436 1267 1690 1284 
11436 3433 2038 2052 2045 
11437 3435 1723 1706 1705 
11438 3433 1715 2043 492 
11439 1715 493 2076 2079 
11440 3437 1273 1206 2093 
11441 3434 493 2059 2076 
11442 494 2059 493 2076 
11443 1692 2046 3433 2039 
11444 2080 68 1198 1205 
11445 2084 2066 2057 498 
11446 2057 497 1193 498 
11447 2080 68 2070 1198 
11448 2061 3437 2074 3438 
11449 3438 2074 2062 2066 
11450 3436 1690 1267 323 
11451 2057 2067 507 497 
11452 2057 497 507 1193 
11453 2084 2066 2062 2057 
11454 2062 2057 2063 71 
11455 3438 2062 2084 2066 
11456 3436 1697 1690 323 
11457 3437 2094 1273 2093 
11458 3439 1982 2000 2081 
11459 3439 2000 1982 1981 
11460 490 2054 489 2038 
11461 3438 2062 2054 2063 
11462 3436 3434 1690 1699 
11463 3438 71 3439 2099 
11464 3434 1279 1284 1709 
11465 3436 1698 3434 1699 
11466 492 3433 491 2043 
11467 2068 490 491 2047 
11468 3438 2062 2061 2054 
11469 3433 2068 3434 2072 
11470 2068 3438 2054 3433 
11471 3436 1690 1698 1699 
11472 1276 3436 2094 3437 
11473 72 1281 1269 2082 
11474 2092 1193 1204 1197 
11475 2092 1197 1204 2083 
11476 506 1195 1191 1204 
11477 499 2055 2084 2066 
11478 1198 1280 2080 1205 
11479 2084 499 2066 498 
11480 1205 2080 68 69 
11481 500 2055 1194 499 
11482 1205 69 68 70 
11483 1205 69 70 188 
11484 1198 2070 500 68 
11485 1198 1280 2070 2080 
11486 1701 3436 1698 3434 
11487 2032 229 214 9 
11488 3433 1710 1702 1711 
11489 3434 1271 1284 1279 
11490 2061 3437 2060 2074 
11491 1280 2080 1205 69 
11492 2078 494 2060 495 
11493 1280 2080 69 503 
11494 3434 2078 1271 2076 
11495 2078 2080 1280 503 
11496 3437 1280 1276 1271 
11497 1280 1198 2070 3437 
11498 1271 502 2078 503 
11499 1271 2078 1280 503 
11500 3437 1071 1273 1268 
11501 3437 2078 3434 494 
11502 2101 2104 2087 1990 
11503 3437 3434 1271 1284 
11504 3439 2041 488 2048 
11505 3437 1194 1206 1273 
11506 1269 1290 1272 1094 
11507 2102 1274 2094 1273 
11508 2103 2102 1282 1266 
11509 3436 1707 1701 1698 
11510 1071 188 1268 1198 
11511 1206 1273 2090 2093 
11512 1071 3437 1198 1268 
11513 3440 2101 3435 1980 
11514 1192 1199 1206 2090 
11515 1072 1206 1273 2090 
11516 1072 1273 1270 2090 
11517 1192 1270 2102 2090 
11518 2089 1197 1192 2083 
11519 1196 2082 2089 2102 
11520 1206 1071 1273 1194 
11521 2093 1206 1199 2090 
11522 506 1193 507 1195 
11523 1582 229 2032 1716 
11524 2089 1196 1192 1197 
11525 3434 493 2072 2059 
11526 1273 2090 2094 2102 
11527 1273 2090 2102 1270 
11528 1274 3436 1276 1283 
11529 1192 1206 1072 2090 
11530 1708 2096 1707 2097 
11531 2089 1203 1196 1200 
11532 1278 2082 1074 1196 
11533 2032 229 9 1716 
11534 3440 1978 1986 2003 
11535 1272 1290 1095 1094 
11536 2088 72 1286 1285 
11537 3440 1272 1696 1721 
11538 3433 2038 3439 2054 
11539 3434 1700 1703 1699 
11540 3434 1698 1700 1699 
11541 3438 2074 2066 2055 
11542 2102 1274 1273 1270 
11543 322 3436 1266 1277 
11544 1721 1691 1708 2096 
11545 3436 2093 3437 3434 
11546 3436 1283 1267 1276 
11547 3440 1585 231 1583 
11548 3440 1708 2096 1721 
11549 3433 2072 3434 1715 
11550 3440 231 1696 1583 
11551 1266 1721 2096 1691 
11552 2102 2096 1266 2103 
11553 2089 1196 2102 1192 
11554 1272 1095 1290 1722 
11555 1721 1266 1272 321 
11556 504 1190 1203 1200 
11557 2082 1074 1203 1281 
11558 1281 1203 1289 189 
11559 1074 1203 1281 189 
11560 1282 2103 2082 2102 
11561 1269 1278 1282 2082 
11562 2088 1291 1287 1285 
11563 2102 1266 2094 1274 
11564 1269 1281 1278 2082 
11565 1289 1190 1286 1075 
11566 1289 1190 1075 1203 
11567 1289 1203 1075 189 
11568 3440 1696 1708 1721 
11569 2102 1278 1282 1275 
11570 2102 1073 1278 1270 
11571 2082 1074 1196 1203 
11572 2102 1073 1192 1196 
11573 1278 1281 1074 2082 
11574 2102 1196 2082 1278 
11575 1282 72 1272 1269 
11576 1269 1290 1094 1288 
11577 1269 1281 1288 1093 
11578 1269 1288 1094 1093 
11579 1073 1278 1074 1196 
11580 1073 1270 1192 1072 
11581 3438 2066 2084 2055 
11582 3436 1274 1277 1283 
11583 3437 3434 2059 494 
11584 3436 2095 2094 2093 
11585 3436 1697 322 1691 
11586 3436 322 1697 1277 
11587 1721 1272 320 321 
11588 1721 1691 1266 321 
11589 1721 2096 2103 1266 
11590 3433 2046 1713 1711 
11591 71 2065 3439 2081 
11592 3435 1707 2097 1705 
11593 3435 2034 2036 2030 
11594 3440 1582 1996 1693 
11595 3437 1271 1276 1284 
11596 3437 2059 2060 494 
11597 322 3436 1691 1266 
11598 322 1691 321 1266 
11599 3436 1691 1266 2096 
11600 3440 1987 2088 2098 
11601 1690 1284 1267 324 
11602 1690 1709 1284 324 
11603 1692 2046 1713 3433 
11604 3436 1697 1691 1707 
11605 1690 1267 323 324 
11606 1706 3435 446 1980 
11607 3436 1707 1691 2096 
11608 322 1697 1277 323 
11609 3436 2097 1707 2096 
11610 1721 320 1272 1722 
11611 252 1696 1722 232 
11612 1708 2096 1691 1707 
11613 1696 1722 1721 1272 
11614 3440 72 1287 1290 
11615 3435 1706 1704 1705 
11616 1696 231 232 1583 
11617 2101 3440 2098 1987 
11618 3439 2065 1982 2081 
11619 1989 3435 447 1976 
11620 447 446 3435 1989 
11621 2097 3440 2098 2101 
11622 3433 3439 3438 2054 
11623 2035 1716 1724 1706 
11624 2035 295 1724 296 
11625 9 296 2032 1716 
11626 1689 2035 295 1724 
11627 295 2036 1689 294 
11628 2091 1974 1999 1993 
11629 3433 1702 3435 1711 
11630 1689 2035 2036 295 
11631 2035 296 1724 1716 
11632 3440 1585 1583 1584 
11633 3440 1723 1708 1719 
11634 3440 1987 1986 2088 
11635 2032 296 2035 1716 
3 8 4 658
11636 3441 2115 2120 2125 
11637 3441 2115 3442 2197 
11638 3441 1471 546 1477 
11639 3441 1477 546 545 
11640 3443 2129 2113 2126 
11641 3443 2131 2113 2129 
11642 3443 2113 1666 2126 
11643 3444 1474 2080 1108 
11644 3442 1485 1476 1471 
11645 3442 1476 1485 1491 
11646 3442 2192 538 2110 
11647 3442 2192 2197 538 
11648 3442 1478 1485 1471 
11649 3442 2198 2197 2192 
11650 3442 1491 1485 1473 
11651 528 527 2177 2141 
11652 3443 1408 1407 2126 
11653 3444 1473 1486 1108 
11654 2193 1486 1487 1469 
11655 1482 2184 1469 1086 
11656 2203 2130 2204 2170 
11657 20 2155 1667 28 
11658 542 2199 2184 2147 
11659 2079 486 2111 2119 
11660 79 567 2202 2167 
11661 3441 2197 3442 1478 
11662 2122 1490 2200 1492 
11663 3442 2110 2118 2114 
11664 3443 1667 1666 271 
11665 521 520 2174 2135 
11666 2162 2137 2133 2148 
11667 69 503 2080 1108 
11668 516 2163 2153 2121 
11669 2184 85 564 1086 
11670 3443 544 1406 305 
11671 493 2076 2111 2140 
11672 3442 539 2114 2201 
11673 3443 1106 2144 2118 
11674 3444 2114 2127 2134 
11675 2198 2201 2192 1481 
11676 502 3444 2078 503 
11677 569 2123 1470 2182 
11678 569 2182 1483 83 
11679 2177 1472 557 558 
11680 3442 2110 2144 2118 
11681 1482 84 85 1086 
11682 2181 2177 543 2141 
11683 569 1470 2123 2205 
11684 2123 534 535 2195 
11685 2188 1087 1221 563 
11686 3444 1486 1474 1108 
11687 520 2143 2174 2135 
11688 2180 2205 2130 2204 
11689 1484 1490 2122 1488 
11690 3444 3442 2201 1473 
11691 2152 2158 2159 2136 
11692 2173 2154 2145 2159 
11693 3441 1475 1477 545 
11694 2167 2174 2143 2135 
11695 3441 2117 2136 2160 
11696 3441 1475 1492 1477 
11697 1482 2184 2199 1469 
11698 3444 1473 1481 1486 
11699 2188 2193 2199 1469 
11700 557 566 2176 1483 
11701 2122 2120 2135 1492 
11702 3442 1476 2166 2149 
11703 3442 1481 1478 2198 
11704 566 2176 2177 557 
11705 3442 547 1471 1476 
11706 1470 2200 1489 2195 
11707 552 517 74 2121 
11708 540 2114 539 2201 
11709 1484 2203 87 2168 
11710 2078 2127 2076 2140 
11711 3444 2080 503 1108 
11712 2179 523 75 2172 
11713 1668 2124 1665 2146 
11714 3441 546 2154 545 
11715 2113 508 2107 270 
11716 2076 2127 2077 2146 
11717 1086 2184 1469 2188 
11718 2184 562 2175 2196 
11719 2116 2132 2165 2133 
11720 2168 2138 521 2171 
11721 3442 2149 2117 2160 
11722 1668 2124 2146 2126 
11723 2078 494 2134 2140 
11724 2167 1475 567 1488 
11725 2188 1087 1469 1221 
11726 3444 2128 2134 2187 
11727 2205 2180 2130 2178 
11728 3444 2114 540 2201 
11729 501 2077 2127 2126 
11730 1483 2195 2176 2182 
11731 566 527 77 2141 
11732 3442 2110 539 2192 
11733 1106 3442 1476 2166 
11734 2119 2075 303 2146 
11735 3443 1106 2118 1407 
11736 2078 495 2186 494 
11737 2139 76 2181 528 
11738 2139 2181 543 528 
11739 2139 543 2181 2196 
11740 2139 542 543 2196 
11741 2139 562 2181 76 
11742 542 2199 2147 541 
11743 2184 2199 2188 2189 
11744 2184 2139 2196 542 
11745 2184 2147 2189 533 
11746 2184 2199 2189 2147 
11747 2184 1469 2188 2199 
11748 2175 84 1482 558 
11749 2175 85 1482 84 
11750 2175 1482 2196 558 
11751 2175 2196 2177 558 
11752 2175 2196 2181 2177 
11753 2181 2196 543 2177 
11754 2139 2184 562 533 
11755 2196 2139 562 2181 
11756 2181 2177 2141 528 
11757 2196 2184 1482 2175 
11758 2184 1482 2175 85 
11759 527 2177 566 2176 
11760 1472 566 565 2196 
11761 566 527 2142 77 
11762 2176 534 566 2142 
11763 566 1472 565 2195 
11764 566 527 2141 2177 
11765 566 2141 2196 2177 
11766 566 2141 543 2196 
11767 2196 2184 2199 1482 
11768 2196 2190 1482 2199 
11769 2184 1482 85 1086 
11770 543 2177 2196 2141 
11771 2190 1472 2196 1482 
11772 566 2142 534 77 
11773 2139 562 76 533 
11774 527 2176 2142 526 
11775 566 557 2177 1472 
11776 566 1483 1472 2195 
11777 2175 562 2181 2196 
11778 557 566 1483 1472 
11779 557 1483 2176 83 
11780 1472 1483 1489 2195 
11781 566 2176 1483 2195 
11782 566 543 2141 77 
11783 1472 2191 565 2195 
11784 1472 1489 2191 2195 
11785 86 1472 1480 2191 
11786 1472 2191 1489 1480 
11787 2196 2184 542 2199 
11788 2184 85 2175 562 
11789 2188 1221 1086 564 
11790 563 564 1221 2188 
11791 2203 1484 570 2138 
11792 1484 2171 568 1488 
11793 1484 2168 568 2171 
11794 1484 87 568 2168 
11795 1484 2138 2168 2171 
11796 554 568 2171 553 
11797 554 568 2168 2171 
11798 554 2168 568 87 
11799 87 2203 81 2168 
11800 568 567 2171 553 
11801 81 2203 555 2168 
11802 568 1488 2171 567 
11803 2203 2170 555 2168 
11804 2203 2170 2204 555 
11805 570 1470 569 2205 
11806 1484 570 87 2203 
11807 2138 2170 2203 2168 
11808 1484 1470 570 2138 
11809 570 2123 1470 2205 
11810 569 2182 1470 1483 
11811 2203 2130 2205 2204 
11812 1489 2191 1479 1480 
11813 1472 1480 1487 86 
11814 2190 1472 1487 86 
11815 1470 1489 1483 2195 
11816 1489 2191 2200 1479 
11817 2123 525 2178 2130 
11818 2123 2130 2178 2205 
11819 1483 2182 2123 2195 
11820 535 536 2122 2200 
11821 2123 2195 535 2200 
11822 2176 534 2195 566 
11823 2184 2139 562 2196 
11824 2190 1472 565 2196 
11825 569 2178 561 2205 
11826 2176 2123 526 2182 
11827 1470 1489 2200 1490 
11828 561 2205 2178 560 
11829 2205 2180 2178 560 
11830 524 2130 2180 525 
11831 524 2179 2180 2130 
11832 2176 2123 2142 526 
11833 2180 2130 2179 559 
11834 1484 2122 2138 2171 
11835 1483 2182 2176 83 
11836 569 2178 2182 561 
11837 1470 2123 1483 2182 
11838 570 2138 1470 2123 
11839 2179 559 2130 2172 
11840 569 2123 2178 2205 
11841 524 75 2179 523 
11842 2179 523 2172 2130 
11843 559 2172 82 556 
11844 556 2204 2170 555 
11845 556 2170 2204 2172 
11846 2180 559 560 2204 
11847 570 2138 2123 2205 
11848 559 2172 2204 2130 
11849 2180 560 2205 2204 
11850 2180 2130 559 2204 
11851 2179 75 82 2172 
11852 2204 2130 2172 2170 
11853 523 2170 2130 522 
11854 2203 2138 2205 2130 
11855 2170 522 2168 2138 
11856 2170 2130 522 2138 
11857 524 523 2179 2130 
11858 559 2172 556 2204 
11859 2179 82 559 2172 
11860 2168 521 2138 522 
11861 2123 2176 534 2195 
11862 2178 2180 2130 525 
11863 2203 2138 570 2205 
11864 2172 2130 523 2170 
11865 2123 2178 526 2182 
11866 1484 2122 1470 2138 
11867 1470 2195 2123 2200 
11868 2138 2170 2130 2203 
11869 2167 549 2164 2169 
11870 2167 549 80 2164 
11871 3441 2169 2167 2164 
11872 2167 2174 2169 2143 
11873 520 2169 2143 519 
11874 521 2174 2171 2135 
11875 3441 2135 2167 2143 
11876 2138 521 2171 2135 
11877 2122 2120 2200 536 
11878 2123 2142 534 2176 
11879 566 527 2176 2142 
11880 2120 537 2194 536 
11881 3441 2167 2169 2143 
11882 2123 2200 535 2122 
11883 3441 2145 2154 2159 
11884 2120 536 2194 2200 
11885 1479 3441 1492 1477 
11886 2194 1492 2200 1479 
11887 2135 3441 1475 1492 
11888 3441 2117 3442 2115 
11889 537 2115 2197 538 
11890 2194 1479 2200 2191 
11891 3441 2160 2154 546 
11892 2171 2167 1488 2135 
11893 2194 2191 2198 1480 
11894 2145 3441 2154 2169 
11895 1480 2194 1479 1478 
11896 1489 2195 2200 2191 
11897 2123 525 526 2178 
11898 2122 2200 2120 1492 
11899 2171 1488 2167 567 
11900 1479 3441 2194 1492 
11901 2191 2198 1480 86 
11902 2200 1492 1490 1479 
11903 1480 2194 1478 2198 
11904 3442 1478 2197 2198 
11905 3441 2125 2143 2169 
11906 2171 567 2167 553 
11907 2167 79 1475 2164 
11908 2167 1475 1488 2135 
11909 1484 1470 2122 1490 
11910 1488 1475 1492 2135 
11911 2138 2171 2122 2135 
11912 2171 2174 2167 2135 
11913 1470 2195 1483 2123 
11914 3441 1478 3442 1471 
11915 2122 2135 1488 1492 
11916 1470 2200 2122 1490 
11917 1489 2200 1490 1479 
11918 2194 2197 1478 2198 
11919 2167 80 553 2202 
11920 2167 80 79 2164 
11921 3441 2167 2135 1475 
11922 1484 2122 2171 1488 
11923 3441 1479 2194 1478 
11924 3441 2120 2135 2143 
11925 1478 1480 2198 1481 
11926 3441 2117 2115 2136 
11927 1475 2164 79 545 
11928 549 2154 2169 550 
11929 3441 547 3442 2160 
11930 3441 2164 1475 545 
11931 547 3441 546 2160 
11932 3441 2159 2154 2160 
11933 538 2192 539 2110 
11934 3441 1492 2120 2194 
11935 3442 1491 1106 1476 
11936 2123 2130 2205 2138 
11937 2145 519 2173 518 
11938 2145 2112 518 551 
11939 2145 518 2173 551 
11940 2145 519 2169 2173 
11941 2145 519 2143 2169 
11942 2171 1488 2122 2135 
11943 2203 1484 2138 2168 
11944 2164 549 2154 2169 
11945 1470 2200 2123 2122 
11946 2154 2173 2145 2169 
11947 520 2169 2174 2143 
11948 2123 2182 2176 2195 
11949 2145 2159 2112 551 
11950 552 2152 2148 2153 
11951 552 74 2153 2121 
11952 2154 2173 2169 550 
11953 2152 2148 2153 2162 
11954 552 551 2112 2152 
11955 2112 2133 2152 2136 
11956 2112 2152 2159 2136 
11957 550 2159 2173 551 
11958 552 2152 2112 2148 
11959 2145 2173 2159 551 
11960 3441 1471 3442 547 
11961 2159 2136 2158 2160 
11962 3441 1478 2194 2197 
11963 2112 2159 2152 551 
11964 2145 2136 2112 2159 
11965 518 2112 517 551 
11966 3441 2136 2159 2160 
11967 2145 2169 2143 2125 
11968 3442 1491 2118 1106 
11969 73 515 2137 511 
11970 2145 3441 2169 2125 
11971 2152 2133 2158 2136 
11972 2153 2137 2162 2148 
11973 2153 2121 2137 2148 
11974 2153 2121 2163 2137 
11975 2153 2163 2162 2137 
11976 552 551 517 2112 
11977 552 517 2121 2148 
11978 552 2121 2153 2148 
11979 2173 2154 2159 550 
11980 516 2121 2153 74 
11981 2152 2133 2162 2158 
11982 516 2121 2137 2163 
11983 2137 511 515 2150 
11984 73 2163 516 2137 
11985 73 515 2163 2137 
11986 2137 511 2150 2116 
11987 2161 2109 2106 2131 
11988 2161 2106 513 2151 
11989 2161 2106 2151 2131 
11990 2163 2150 2137 515 
11991 2161 2165 2116 2132 
11992 2161 2157 2132 2131 
11993 2150 2133 2116 2165 
11994 2162 2133 2137 2150 
11995 2162 2133 2165 2158 
11996 2137 2116 2150 2133 
11997 513 2151 2106 512 
11998 2161 2116 2150 514 
11999 2161 513 2109 514 
12000 2161 2132 2116 2131 
12001 2161 513 2106 2109 
12002 3443 2126 1666 1668 
12003 515 514 2150 511 
12004 2162 2137 2163 2150 
12005 2161 2151 2157 2131 
12006 2166 2144 2149 2132 
12007 3441 2154 2164 545 
12008 2166 548 2149 1476 
12009 3443 2155 544 28 
12010 3443 2131 2151 2106 
12011 2166 2156 78 1410 
12012 3443 2107 2108 271 
12013 2149 2136 2117 2160 
12014 2149 2158 2136 2160 
12015 547 3441 1471 546 
12016 2136 2149 2117 2132 
12017 3442 2114 539 2110 
12018 3442 2149 547 1476 
12019 3441 2197 537 2115 
12020 2145 3441 2136 2159 
12021 2161 2157 2165 2132 
12022 2152 2162 2133 2148 
12023 2162 2133 2150 2165 
12024 2151 2155 2108 512 
12025 3444 2186 2078 495 
12026 2145 3441 2125 2136 
12027 3441 2120 2143 2125 
12028 3443 2108 1667 271 
12029 552 2112 517 2148 
12030 2112 2152 2133 2148 
12031 3443 1666 2113 2107 
12032 3443 1668 1408 2126 
12033 2166 78 1106 1410 
12034 510 2131 2106 2109 
12035 3441 2194 2120 537 
12036 3442 2117 2149 2144 
12037 3441 2136 2115 2125 
12038 3443 1410 1106 1407 
12039 3444 2186 495 2187 
12040 3443 1406 306 305 
12041 2118 1407 2127 2126 
12042 3444 2128 2187 2183 
12043 3443 2166 2157 2132 
12044 3443 2144 2166 2132 
12045 3442 2118 2144 1106 
12046 2149 2117 2132 2144 
12047 2166 1106 548 1476 
12048 3443 1667 2155 28 
12049 3443 1666 1667 305 
12050 2165 2132 2157 2158 
12051 3443 2156 2166 1410 
12052 3443 1407 2118 2126 
12053 3443 2156 1410 544 
12054 1107 2118 1106 1407 
12055 2158 2132 2136 2133 
12056 3443 1410 1406 544 
12057 78 544 1410 2156 
12058 20 271 1667 2108 
12059 3443 2156 2151 2157 
12060 2136 2149 2132 2158 
12061 2166 78 548 1106 
12062 3443 2155 1667 2108 
12063 510 509 2106 2131 
12064 3443 2155 2156 544 
12065 3443 2155 2151 2156 
12066 2116 510 2109 2131 
12067 3443 1668 1666 306 
12068 509 2107 2113 508 
12069 2161 2165 2150 2116 
12070 3442 538 2197 2115 
12071 3443 544 305 28 
12072 2107 1666 270 271 
12073 2106 509 2107 2113 
12074 3443 2118 2144 2129 
12075 3443 2106 2151 2108 
12076 3443 2151 2155 2108 
12077 1666 2124 1668 2126 
12078 3443 2144 2132 2129 
12079 2113 508 270 2124 
12080 2124 270 1669 19 
12081 1666 270 1669 2124 
12082 3443 2131 2106 2113 
12083 3443 1406 1410 1407 
12084 2124 270 19 508 
12085 303 2077 1668 2146 
12086 2113 1666 2126 2124 
12087 3443 1666 2107 271 
12088 3443 2156 2157 2166 
12089 3443 305 1667 28 
12090 3443 1408 306 1406 
12091 2113 270 2107 1666 
12092 20 2108 2155 512 
12093 1668 27 306 1408 
12094 1666 1669 1665 2124 
12095 1668 2077 1408 2126 
12096 3443 2157 2151 2131 
12097 493 2111 2079 529 
12098 1666 1665 1668 2124 
12099 20 2108 1667 2155 
12100 3443 1408 1668 306 
12101 3443 2106 2108 2107 
12102 27 501 1408 2077 
12103 3443 1106 2166 2144 
12104 1668 2077 27 1408 
12105 1107 2118 1491 1106 
12106 2150 2116 511 514 
12107 3444 2127 1407 1409 
12108 3444 540 2128 2193 
12109 2113 270 1666 2124 
12110 1407 501 2127 2126 
12111 1408 2077 501 2126 
12112 2076 2146 2077 2075 
12113 494 2076 2185 2140 
12114 1408 501 1407 2126 
12115 3444 2127 2118 1407 
12116 3444 2201 2193 1486 
12117 3444 1474 2183 2080 
12118 1668 2146 2077 2126 
12119 1407 1409 2127 502 
12120 3443 2132 2157 2131 
12121 2111 2127 2076 2146 
12122 3444 2080 2078 503 
12123 3444 1486 2193 1469 
12124 2185 2076 493 2140 
12125 2187 2128 532 2189 
12126 2187 2183 2128 2189 
12127 3444 1107 1491 1473 
12128 3444 495 2080 2183 
12129 2183 1474 68 2080 
12130 1087 2183 1474 68 
12131 2078 2076 2127 502 
12132 532 2147 2189 2128 
12133 2183 2189 2188 2193 
12134 2189 2128 541 2193 
12135 532 2189 2147 533 
12136 2196 1472 2177 558 
12137 1472 566 2196 2177 
12138 2181 2141 543 528 
12139 2189 2193 541 2199 
12140 3444 2114 2118 2127 
12141 3444 2127 1409 502 
12142 3444 2114 2128 540 
12143 3444 1409 1107 1108 
12144 3444 1107 1473 1108 
12145 541 2193 2128 540 
12146 542 2147 2184 533 
12147 2194 1479 2191 1480 
12148 2190 1472 86 565 
12149 2190 1487 1481 86 
12150 2193 1487 2190 1469 
12151 1482 1469 2190 1487 
12152 2193 2201 1481 1486 
12153 2190 1487 2193 1481 
12154 493 2076 2079 2111 
12155 2122 1488 1490 1492 
12156 2198 86 1481 1480 
12157 3441 2169 2164 2154 
12158 3444 1486 1481 2201 
12159 1481 2198 2190 86 
12160 569 2178 2123 2182 
12161 3442 2110 2117 2144 
12162 3442 1478 1481 1485 
12163 2193 2201 2198 1481 
12164 3442 2110 2115 2117 
12165 3442 1481 2198 2192 
12166 3444 1407 1107 1409 
12167 3442 1481 2201 1473 
12168 3444 1481 1473 2201 
12169 493 2111 529 2140 
12170 3443 2166 1106 1410 
12171 3443 2113 2106 2107 
12172 3442 538 2115 2110 
12173 2078 494 2186 2134 
12174 1106 3442 2166 2144 
12175 1407 2127 501 502 
12176 1481 2198 2193 2190 
12177 3444 1108 503 1409 
12178 86 1472 2191 565 
12179 2193 1486 1481 1487 
12180 1481 1487 1480 86 
12181 2135 3441 1492 2120 
12182 569 561 2182 83 
12183 3441 3442 2117 2160 
12184 2193 2190 2199 1469 
12185 2188 2193 2189 2199 
12186 1472 1487 1482 2190 
12187 2120 2200 2194 1492 
12188 3442 2192 539 2201 
12189 3444 2114 2134 2128 
12190 1474 69 2080 1108 
12191 3444 495 2078 2080 
12192 3442 1485 1481 1473 
12193 3441 1478 1471 1477 
12194 3444 3442 2118 2114 
12195 1087 2183 68 563 
12196 2188 1221 1469 1086 
12197 2183 2188 1087 1469 
12198 2183 2193 2188 1469 
12199 2189 2128 2147 541 
12200 3444 2201 3442 2114 
12201 2183 2128 2189 2193 
12202 1474 70 1087 68 
12203 1086 1087 1221 1469 
12204 2196 1482 1472 558 
12205 3444 2187 495 2183 
12206 1474 70 68 69 
12207 2189 541 2147 2199 
12208 3444 2127 2078 2134 
12209 1474 69 68 2080 
12210 303 27 1668 2077 
12211 493 2079 67 529 
12212 2077 2146 2127 2126 
12213 2076 2127 501 2077 
12214 3444 2118 1491 1107 
12215 2078 2134 2127 2140 
12216 3442 547 2149 2160 
12217 3444 540 2193 2201 
12218 3444 2134 2186 2187 
12219 3444 2078 2186 2134 
12220 2139 542 2184 533 
12221 2183 1087 2188 563 
12222 1482 2199 2190 1469 
12223 1086 2184 2188 564 
12224 3441 537 2120 2115 
12225 2151 2108 2106 512 
12226 3442 2149 2166 2144 
12227 494 2185 2134 2140 
12228 3443 306 1666 305 
12229 3443 1408 1406 1407 
12230 3443 2132 2131 2129 
12231 297 304 2119 26 
12232 2106 2131 509 2113 
12233 3442 1481 2192 2201 
12234 3441 2197 2194 537 
12235 2161 2116 2109 2131 
12236 2157 2132 2149 2158 
12237 3443 2118 2129 2126 
12238 511 2116 2109 514 
12239 511 2109 2116 510 
12240 2165 2132 2158 2133 
12241 2157 2132 2166 2149 
12242 2149 548 547 1476 
12243 2167 79 80 2202 
12244 554 2168 87 81 
12245 2167 553 567 2202 
12246 3441 1479 1478 1477 
12247 2183 1087 1474 1469 
12248 3441 2164 2167 1475 
12249 1470 2122 2123 2138 
12250 79 567 2167 1475 
12251 2161 2109 2116 514 
12252 3444 2183 1474 1469 
12253 303 2075 2077 2146 
12254 297 2124 1665 1669 
12255 1665 2119 2124 297 
12256 2119 2075 304 303 
12257 2119 303 1665 2146 
12258 1665 2119 297 304 
12259 2079 2119 2111 2075 
12260 303 1668 1665 2146 
12261 2119 303 304 1665 
12262 2119 1665 2124 2146 
12263 297 2124 1669 19 
12264 3444 1474 1486 1469 
12265 2076 501 2127 502 
12266 2078 2076 494 2140 
12267 2111 2146 2076 2075 
12268 2111 2140 2076 2127 
12269 486 304 2119 2075 
12270 486 26 2119 304 
12271 2111 2119 2146 2075 
12272 2079 486 2119 2075 
12273 3444 2193 2183 1469 
12274 2079 529 2111 67 
12275 2079 67 2111 486 
12276 2079 2111 2076 2075 
12277 2185 2140 493 529 
12278 3444 1491 3442 1473 
12279 494 493 2185 2076 
12280 3444 2078 2127 502 
12281 495 2080 2183 68 
12282 531 2134 2186 530 
12283 2186 2134 494 2185 
12284 2186 530 2134 2185 
12285 530 2140 2185 529 
12286 530 2134 2185 2140 
12287 531 2186 2134 2187 
12288 531 2187 2134 2128 
12289 531 532 2187 2128 
12290 3444 2118 3442 1491 
12291 3444 2128 2183 2193 
12292 3444 1407 2118 1107 
12293 502 3444 503 1409 
3 9 4 554
12294 3445 2212 2216 2213 
12295 3445 2216 2207 2213 
12296 3445 2207 2223 2213 
12297 3445 2225 2207 2216 
12298 3445 2274 2235 2281 
12299 3445 3446 3447 2281 
12300 3447 1104 1330 1338 
12301 3448 2260 2265 2261 
12302 3448 2272 2285 2283 
12303 3448 2262 2260 2261 
12304 3448 2272 2283 2279 
12305 3448 2261 2265 606 
12306 2243 2253 2218 2256 
12307 3446 2232 2229 2247 
12308 2156 2209 544 2220 
12309 3446 3447 1105 1337 
12310 3446 2214 2208 2213 
12311 2257 1101 2277 1333 
12312 574 2241 2208 2235 
12313 1466 1102 2280 2278 
12314 2219 610 2207 1335 
12315 1335 2223 1330 2207 
12316 2279 3447 2283 3448 
12317 2209 1331 2156 544 
12318 3446 2232 1461 2229 
12319 2161 2165 2157 2227 
12320 1460 614 613 2268 
12321 611 2273 1464 612 
12322 575 2208 574 2241 
12323 2249 2251 2275 2255 
12324 2162 2150 2163 2211 
12325 1460 614 2239 1463 
12326 2152 2162 2153 2237 
12327 2281 3446 3447 1461 
12328 3446 2240 2246 2162 
12329 3446 2246 2215 2226 
12330 2151 2206 2228 2220 
12331 3448 1334 1332 608 
12332 2221 2211 2162 2163 
12333 2154 2232 546 2160 
12334 2285 2242 599 2217 
12335 3445 2235 2208 2241 
12336 584 2243 583 2253 
12337 2255 585 584 597 
12338 2259 2276 586 2249 
12339 3446 2226 2215 2227 
12340 3445 2264 2207 2225 
12341 2254 2269 2266 603 
12342 3447 1466 2286 1468 
12343 2248 2244 2164 549 
12344 1461 2271 2229 2230 
12345 3445 600 2235 2274 
12346 3446 2158 2240 2162 
12347 3446 2233 2240 2247 
12348 3446 2246 2233 2215 
12349 2267 2287 2282 613 
12350 2234 546 1463 545 
12351 3447 2281 2280 2274 
12352 3445 2216 2212 2217 
12353 3448 2210 2272 2218 
12354 2272 2236 2218 2217 
12355 615 588 2245 587 
12356 1464 1102 2278 1333 
12357 3447 1461 1468 2271 
12358 3445 3448 2262 2225 
12359 272 28 308 2220 
12360 3446 2246 2226 2162 
12361 2273 2266 2270 2267 
12362 3446 2229 2241 2247 
12363 2234 1461 546 2232 
12364 3448 1333 1334 607 
12365 2272 2217 2218 2210 
12366 593 2267 589 2268 
12367 3446 2214 2215 2208 
12368 3445 2283 2285 2274 
12369 3448 579 2263 2260 
12370 2235 601 2274 600 
12371 3446 1461 2232 2160 
12372 1465 613 612 2267 
12373 2285 2236 2272 2217 
12374 2239 614 2245 1463 
12375 1464 1101 2257 1467 
12376 1337 1335 1331 2223 
12377 3448 580 2262 2225 
12378 3447 1334 3448 2279 
12379 3445 2235 2229 2281 
12380 2279 3447 2280 2283 
12381 615 2245 2248 587 
12382 546 2232 1461 2160 
12383 3446 2165 2157 2158 
12384 2255 584 2253 2284 
12385 586 585 2249 596 
12386 79 615 2248 587 
12387 80 2248 79 2164 
12388 615 1463 2245 614 
12389 615 2245 1463 545 
12390 80 79 2248 587 
12391 2248 545 2234 2245 
12392 79 2248 615 545 
12393 2238 2154 2244 550 
12394 2164 2154 549 2244 
12395 2238 2154 550 2159 
12396 2248 2154 2164 2244 
12397 549 2244 2154 550 
12398 2234 1463 2245 545 
12399 2234 1463 2230 2245 
12400 546 1461 547 2160 
12401 2154 2244 2232 2238 
12402 79 2164 2248 545 
12403 2248 2154 2234 545 
12404 615 614 2245 588 
12405 2248 2164 2154 545 
12406 2237 2152 552 2153 
12407 2237 2152 2231 552 
12408 552 2237 2153 74 
12409 552 551 2152 2231 
12410 2231 2237 2246 2162 
12411 2231 2246 2240 2162 
12412 2152 2238 2159 2240 
12413 2152 2240 2159 2158 
12414 2154 2159 2232 2160 
12415 2159 2158 2240 2160 
12416 2232 2159 2238 2240 
12417 2234 1463 1461 2230 
12418 2154 2232 2234 546 
12419 2154 546 2234 545 
12420 2234 1463 546 1461 
12421 2152 2231 2162 2237 
12422 3445 2242 2285 2217 
12423 2152 2231 2238 2240 
12424 3446 2223 2156 2228 
12425 3446 2240 2232 2247 
12426 2233 2208 575 2241 
12427 2233 2215 575 2208 
12428 2233 576 2215 2246 
12429 2233 576 575 2215 
12430 2208 2233 3446 2241 
12431 2152 2238 2231 551 
12432 2226 2165 2211 2227 
12433 2226 2165 2162 2211 
12434 1461 2229 2232 2230 
12435 3445 3446 2213 2223 
12436 3446 547 2149 1462 
12437 2226 2246 2237 2162 
12438 2234 1461 2232 2230 
12439 3446 2226 2165 2162 
12440 3446 2246 2240 2233 
12441 2208 2233 2215 3446 
12442 1337 1330 2223 3445 
12443 2215 576 2226 2246 
12444 577 88 2221 516 
12445 3446 1461 547 1462 
12446 2221 73 2163 516 
12447 577 2221 2237 516 
12448 88 74 516 2237 
12449 2221 88 73 516 
12450 3446 1337 2166 2223 
12451 516 2153 2163 2237 
12452 2152 2162 2231 2240 
12453 2152 2162 2240 2158 
12454 2153 2163 2237 2162 
12455 2221 2162 2237 2163 
12456 550 2159 551 2238 
12457 2248 2234 2154 2244 
12458 3446 2223 2166 2156 
12459 2221 2163 73 515 
12460 516 74 2153 2237 
12461 2152 2238 551 2159 
12462 3446 2232 2240 2160 
12463 2226 2221 2211 2162 
12464 3446 2241 2233 2247 
12465 2163 2150 515 2211 
12466 515 514 2211 2150 
12467 3446 2160 2149 547 
12468 2227 2161 2165 2211 
12469 2161 2151 513 2206 
12470 2227 2161 2211 2222 
12471 2226 2237 2221 2162 
12472 2211 2161 2165 2150 
12473 2161 2211 2222 514 
12474 577 2237 88 516 
12475 3446 3447 1462 548 
12476 2161 2222 513 514 
12477 513 2206 2151 512 
12478 2161 2222 2227 2206 
12479 2220 2151 2206 512 
12480 2161 2157 2206 2227 
12481 2206 2228 2227 2157 
12482 2161 2211 514 2150 
12483 2226 2237 2246 577 
12484 3446 3447 548 1105 
12485 3446 2158 2149 2160 
12486 2228 2209 2156 2220 
12487 3446 547 1461 2160 
12488 3446 1462 2149 548 
12489 1331 2156 544 1337 
12490 3446 2240 2158 2160 
12491 3446 2158 2157 2149 
12492 3447 1334 1338 1332 
12493 3445 2207 1336 1330 
12494 3447 1338 1336 1332 
12495 3445 2241 3446 2229 
12496 1461 2271 2230 1463 
12497 2151 2156 2155 2220 
12498 3446 2149 2157 2166 
12499 2161 513 2222 2206 
12500 2154 2232 2159 2238 
12501 3446 2227 2215 2214 
12502 2161 2157 2151 2206 
12503 2166 1337 78 2156 
12504 3446 2149 2166 548 
12505 3446 2158 2162 2165 
12506 78 544 2156 1337 
12507 272 308 273 2209 
12508 544 28 2155 2220 
12509 307 308 1331 2209 
12510 544 1331 308 2209 
12511 272 308 2209 2220 
12512 3446 2157 2165 2227 
12513 272 20 28 2220 
12514 544 308 28 2220 
12515 3447 3448 1334 1332 
12516 2162 2150 2211 2165 
12517 20 2220 2155 28 
12518 2151 2228 2206 2157 
12519 544 2209 308 2220 
12520 2156 544 2155 2220 
12521 2154 2232 2244 2234 
12522 2166 548 78 1105 
12523 1337 1331 2156 2223 
12524 1337 2156 2166 2223 
12525 2149 547 548 1462 
12526 2156 2209 2228 2223 
12527 610 2219 29 1335 
12528 610 2219 582 29 
12529 2219 610 582 2207 
12530 1336 2207 1335 1330 
12531 2262 1336 2264 609 
12532 3445 600 2242 2235 
12533 2279 3447 1334 1102 
12534 3445 2262 3448 1332 
12535 610 2264 1336 609 
12536 3445 600 2285 2242 
12537 3446 2165 2226 2227 
12538 2219 2223 1335 2207 
12539 2262 1336 609 1332 
12540 610 2207 1336 2264 
12541 2219 1335 1331 307 
12542 20 2155 2220 512 
12543 3446 2213 2223 2214 
12544 582 29 2219 21 
12545 2219 2223 1331 1335 
12546 2151 2228 2156 2220 
12547 1337 1330 1335 2223 
12548 609 2262 1332 608 
12549 2219 29 1335 307 
12550 3447 1462 1459 1468 
12551 3447 1103 1104 1338 
12552 2274 2283 3447 3445 
12553 3448 2251 2253 2284 
12554 3448 2279 1334 1333 
12555 2156 2157 2166 3446 
12556 3445 2262 1336 2264 
12557 2166 78 1337 1105 
12558 1461 1468 2271 1463 
12559 1461 2281 2229 2271 
12560 2219 2223 2209 1331 
12561 2223 2209 1331 2156 
12562 2219 21 29 307 
12563 2264 2262 581 2225 
12564 2219 1331 2209 307 
12565 3447 1104 1103 1459 
12566 3448 2253 2272 2284 
12567 3447 1330 1336 1338 
12568 2264 581 2207 2225 
12569 307 308 2209 273 
12570 3447 2281 2274 3445 
12571 3445 2210 3448 2225 
12572 3445 3446 2223 1337 
12573 3445 2208 3446 2241 
12574 2219 2209 273 307 
12575 599 598 2272 2236 
12576 3445 2264 1336 2207 
12577 572 2218 2236 2217 
12578 572 2218 571 2236 
12579 572 2242 2217 2236 
12580 2242 2212 573 2217 
12581 3445 2235 2242 2212 
12582 572 2217 2242 573 
12583 2285 600 599 2242 
12584 3446 3447 1461 1462 
12585 3445 2285 600 2274 
12586 3445 2283 3447 3448 
12587 2221 2211 2163 515 
12588 3445 2213 3446 2208 
12589 3448 2225 2210 580 
12590 2226 2237 577 2221 
12591 3448 607 2261 606 
12592 573 2235 574 2212 
12593 2220 2151 512 2155 
12594 3446 548 2166 1105 
12595 601 92 2229 2281 
12596 2235 2281 601 2229 
12597 3445 2229 3446 2281 
12598 3445 2262 2264 2225 
12599 3445 3448 3447 1332 
12600 2285 2236 599 2272 
12601 2221 2237 516 2163 
12602 3445 2217 2285 2210 
12603 2281 3446 1461 2229 
12604 2271 2287 2230 1460 
12605 3445 2210 2225 2216 
12606 2235 601 2281 2274 
12607 2229 92 2271 2281 
12608 2229 2230 2271 92 
12609 3445 2207 1330 2223 
12610 3445 2212 2242 2217 
12611 3445 3446 1337 3447 
12612 2271 1468 2286 1460 
12613 3447 1468 1461 1462 
12614 2271 2230 2287 592 
12615 3445 1332 1336 2262 
12616 3448 2251 2252 606 
12617 3445 1332 3447 1336 
12618 599 2242 2236 2217 
12619 2279 2277 2278 1333 
12620 3448 1333 606 2252 
12621 2279 1333 1102 1334 
12622 2279 3447 1102 2280 
12623 2279 1333 2278 1102 
12624 3448 2253 2251 605 
12625 3447 1103 1102 1466 
12626 2267 2273 2266 612 
12627 2273 612 2282 2278 
12628 2257 2273 2254 2276 
12629 2287 2286 1465 1460 
12630 2287 2286 2282 1465 
12631 2287 592 2230 2239 
12632 2287 2230 1460 2239 
12633 2271 1460 2230 1463 
12634 2271 92 2230 592 
12635 2271 2286 2287 1460 
12636 3447 1103 1466 1459 
12637 2282 2270 594 2267 
12638 2267 2273 612 2282 
12639 2273 2266 611 2254 
12640 2282 2267 1465 612 
12641 2282 1465 2278 612 
12642 593 589 2239 2268 
12643 593 590 589 2267 
12644 2282 594 590 2267 
12645 2273 612 2278 1464 
12646 2267 2287 613 2268 
12647 2156 2157 3446 2228 
12648 1102 2279 2280 2278 
12649 2287 1465 2282 613 
12650 2287 593 2239 2268 
12651 2287 2239 1460 2268 
12652 3447 1462 548 1105 
12653 2286 1468 1466 1465 
12654 2279 2251 2284 2277 
12655 2286 1466 2278 1465 
12656 2287 2267 593 2268 
12657 2278 1466 1464 1465 
12658 2286 1468 1465 1460 
12659 594 2270 590 2267 
12660 2287 2239 593 592 
12661 2272 2236 2243 2218 
12662 1337 1330 3445 3447 
12663 3447 1337 1330 1105 
12664 2285 599 2236 2217 
12665 2282 613 1465 2267 
12666 1333 2277 1464 1101 
12667 2273 611 2257 2254 
12668 2271 1468 1460 1463 
12669 3447 1102 1103 1334 
12670 3447 2271 1468 2286 
12671 3447 1462 1104 1459 
12672 3447 1330 1104 1105 
12673 2273 2269 2254 2259 
12674 3445 2285 3448 2210 
12675 3447 1459 1466 1468 
12676 2285 2217 2272 2210 
12677 2230 1463 2239 2245 
12678 2232 2159 2240 2160 
12679 2282 590 593 2267 
12680 2282 594 593 590 
12681 594 595 591 2269 
12682 2239 589 588 2268 
12683 2239 588 2245 614 
12684 2226 577 2246 576 
12685 3446 2228 2227 2214 
12686 2151 2156 2228 2157 
12687 2272 2253 2243 2284 
12688 2239 588 614 2268 
12689 1464 1102 1333 1101 
12690 615 545 2248 2245 
12691 2230 1463 1460 2239 
12692 611 2273 612 2266 
12693 2278 1465 1464 612 
12694 2273 595 2259 2276 
12695 3448 2265 2251 606 
12696 2278 1102 1464 1466 
12697 3448 1332 2262 608 
12698 2257 1464 1467 611 
12699 1460 2239 614 2268 
12700 594 591 2270 2269 
12701 3447 2271 2280 2281 
12702 80 549 2248 2164 
12703 2273 594 2282 2270 
12704 2273 1464 2278 2277 
12705 2282 1465 2286 2278 
12706 594 590 2270 591 
12707 2273 2266 2254 2269 
12708 2257 2251 2252 2277 
12709 2273 2269 2259 595 
12710 2250 95 1333 2252 
12711 2250 1333 95 1101 
12712 2257 2277 2252 1333 
12713 95 1101 1467 2250 
12714 1467 94 192 95 
12715 2258 94 93 1467 
12716 95 1101 192 1467 
12717 2257 2276 2254 2249 
12718 2257 1467 2258 611 
12719 2258 2254 611 602 
12720 2257 611 2258 2254 
12721 3447 2280 2271 2286 
12722 3446 2228 2214 2223 
12723 2287 1465 613 1460 
12724 2257 2275 2251 2277 
12725 95 96 1333 2252 
12726 1467 94 2250 2258 
12727 2254 2276 2259 2249 
12728 2257 1333 2250 1101 
12729 2273 2270 2282 2267 
12730 2273 2254 2276 2259 
12731 2254 2266 602 603 
12732 3445 2216 2217 2210 
12733 591 595 91 2269 
12734 2273 2270 2266 2269 
12735 91 2259 603 2269 
12736 2257 2250 1333 2252 
12737 91 586 2259 595 
12738 2257 2250 2258 1467 
12739 2273 2277 2257 611 
12740 3447 2281 1461 2271 
12741 2259 595 586 2276 
12742 586 2276 595 596 
12743 91 2259 2269 595 
12744 2273 595 594 2269 
12745 2257 2275 2249 2251 
12746 2257 2249 2275 2277 
12747 2287 1460 613 2268 
12748 2287 2267 2282 593 
12749 2275 597 2255 2284 
12750 2275 2255 2251 2284 
12751 2275 2251 2277 2284 
12752 2275 585 2255 597 
12753 2279 1333 2252 2277 
12754 3448 2262 580 2260 
12755 586 2249 2276 596 
12756 2249 2255 2275 585 
12757 3445 2283 3448 2285 
12758 1466 1102 3447 2280 
12759 2249 585 2275 596 
12760 584 2243 2253 2284 
12761 3445 2235 2212 2208 
12762 584 597 2243 2284 
12763 597 598 2243 2284 
12764 2249 2276 2275 2277 
12765 1464 2277 2257 1101 
12766 2279 2252 2251 2277 
12767 2280 2286 1466 2278 
12768 2255 597 584 2284 
12769 2275 585 597 596 
12770 583 2253 2243 2256 
12771 583 2243 2224 2256 
12772 583 571 2224 2243 
12773 90 2256 2224 578 
12774 90 2256 89 2224 
12775 90 2256 578 604 
12776 583 571 89 2224 
12777 583 2224 89 2256 
12778 3445 1336 3447 1330 
12779 2251 2255 2253 2284 
12780 2249 2275 2276 596 
12781 2279 2252 3448 2251 
12782 3448 1334 2261 607 
12783 2242 2235 573 2212 
12784 2272 2218 2243 2253 
12785 2253 604 2263 2256 
12786 2253 605 2263 604 
12787 2224 2263 578 2256 
12788 2224 2218 2243 2236 
12789 3448 2210 579 2260 
12790 3446 1105 2166 1337 
12791 2224 2263 2218 578 
12792 2272 2236 598 2243 
12793 2279 2251 3448 2284 
12794 2224 2218 2263 2256 
12795 2224 2243 2218 2256 
12796 3448 2262 2261 608 
12797 2272 2243 598 2284 
12798 3448 2263 2253 605 
12799 3448 2261 1334 608 
12800 3448 605 2251 2265 
12801 2258 93 602 611 
12802 3448 607 606 1333 
12803 3448 2272 2279 2284 
12804 579 580 2260 2210 
12805 2280 2286 3447 1466 
12806 3448 2260 2263 2265 
12807 2218 579 578 2263 
12808 1333 606 2252 96 
12809 1333 606 96 607 
12810 2257 2276 2249 2277 
12811 2257 2273 2276 2277 
12812 2257 1464 611 2277 
12813 1333 2277 2278 1464 
12814 2273 611 1464 2277 
12815 3448 579 2218 2263 
12816 3447 1104 1462 1105 
12817 578 2263 604 2256 
12818 3448 2218 2272 2263 
12819 2261 1334 608 607 
12820 2251 606 2265 605 
12821 2272 2218 2253 2263 
12822 3448 2263 2272 2253 
12823 3445 2208 2212 2213 
12824 3448 2218 579 2210 
12825 2253 2263 2218 2256 
12826 610 1336 2207 1335 
12827 3446 2157 2227 2228 
12828 2274 2283 2280 3447 
12829 2264 581 582 2207 
12830 610 2207 2264 582 
12831 3448 2285 2272 2210 
12832 2258 1467 93 611 
12833 2279 1333 3448 2252 
12834 3445 2235 2241 2229 
12835 581 2225 2262 580 
12836 3447 1103 1338 1334 
12837 2219 273 21 307 
12838 2273 594 2270 2269 
12839 574 2208 2212 2235 
12840 3448 2265 2263 605 
12841 2224 571 2218 2236 
12842 3448 2210 2260 580 
12843 2224 2243 571 2236 
12844 2254 2269 603 2259 
12845 1467 94 95 2250 
12846 2257 1101 2250 1467 
12847 611 602 2254 2266 
3 10 4 490
12848 2351 2360 647 2346 
12849 628 2336 2302 629 
12850 2327 621 2301 2333 
12851 2328 624 2315 641 
12852 2330 1832 363 2327 
12853 2356 647 2346 646 
12854 1748 2334 1749 1752 
12855 1754 628 330 1757 
12856 2349 2354 2339 2356 
12857 1759 2334 627 2338 
12858 1754 1832 2302 2336 
12859 328 2338 1759 627 
12860 1749 345 346 1833 
12861 2311 1754 2302 331 
12862 345 1833 2362 391 
12863 2336 2362 2339 1749 
12864 1748 2361 2347 2349 
12865 327 626 2300 1750 
12866 2337 2339 646 2356 
12867 1749 346 2336 1833 
12868 1832 2331 2327 2336 
12869 312 326 22 2299 
12870 349 1751 1363 1755 
12871 2339 2337 2334 1748 
12872 1363 1755 1751 2300 
12873 2262 1362 2261 608 
12874 2362 2336 1832 1833 
12875 2343 2320 2341 2344 
12876 650 2351 647 648 
12877 650 1364 2335 2350 
12878 2300 1755 2335 1364 
12879 1366 1367 1361 648 
12880 1753 2337 2357 1748 
12881 1367 606 96 2323 
12882 2261 1366 1362 2305 
12883 2353 2348 2354 645 
12884 1749 1757 2334 1754 
12885 2265 605 2291 2309 
12886 2300 2335 1755 1750 
12887 2327 2331 2325 645 
12888 646 2353 2354 645 
12889 2318 2316 2290 2312 
12890 1363 1751 30 312 
12891 2343 2320 637 2355 
12892 2327 2325 2333 645 
12893 2292 2290 2318 632 
12894 2329 2304 2293 2310 
12895 2261 2342 648 2289 
12896 2341 2293 2313 2352 
12897 610 2297 582 2264 
12898 2336 645 2339 2354 
12899 2297 609 1365 1362 
12900 636 2346 2343 2314 
12901 2347 1748 36 350 
12902 2321 640 2328 2315 
12903 2290 2316 2296 2306 
12904 2261 607 608 1366 
12905 1363 1755 2300 1364 
12906 1748 1749 2339 2349 
12907 2316 618 2306 2312 
12908 2261 648 1366 2289 
12909 2348 2329 2352 2359 
12910 2326 2352 2313 2293 
12911 2294 1364 2300 2335 
12912 2292 2312 2290 2307 
12913 2292 2340 2318 2317 
12914 2319 2317 2314 2340 
12915 2290 2312 2316 2306 
12916 311 1363 1670 2299 
12917 578 579 2309 2263 
12918 2318 2290 2344 632 
12919 2349 1748 1749 345 
12920 2335 1753 2337 2357 
12921 628 2336 1754 2302 
12922 2351 1361 1367 648 
12923 2313 2344 2320 2318 
12924 2343 2314 637 2320 
12925 630 2329 645 2304 
12926 2313 2318 2324 2290 
12927 349 1364 1756 1755 
12928 2310 2329 2304 2333 
12929 276 2299 1670 22 
12930 276 2299 2288 1670 
12931 276 275 310 2288 
12932 311 1363 312 1670 
12933 311 312 1363 30 
12934 311 2288 2299 1670 
12935 276 310 311 2288 
12936 311 1368 1363 2299 
12937 276 311 1670 2288 
12938 310 2288 275 1365 
12939 275 2297 274 309 
12940 309 2297 610 1365 
12941 1365 2288 1362 1368 
12942 1362 2297 2288 1365 
12943 2297 2264 609 2295 
12944 609 2297 1365 610 
12945 274 610 2297 582 
12946 275 2297 309 1365 
12947 2297 2264 2295 581 
12948 2264 2295 581 2262 
12949 274 29 582 21 
12950 2297 582 2264 581 
12951 2297 609 2305 2295 
12952 609 2295 2264 2262 
12953 609 1362 2262 608 
12954 274 610 309 2297 
12955 2297 2305 609 1362 
12956 274 29 610 582 
12957 2262 580 2260 2295 
12958 2262 2260 2261 2295 
12959 2295 609 1362 2262 
12960 1362 2261 2295 2262 
12961 581 2262 2295 580 
12962 619 2312 2322 2307 
12963 619 2307 2322 2298 
12964 2322 90 2298 604 
12965 2322 2298 2317 604 
12966 2298 604 2309 2291 
12967 2298 578 2309 604 
12968 2298 90 578 604 
12969 2298 2291 2317 604 
12970 2263 2260 579 2303 
12971 2263 2303 2265 2260 
12972 2322 2312 2292 2307 
12973 2309 2303 2263 579 
12974 2265 2303 2261 2260 
12975 2309 2303 2291 2265 
12976 2265 2291 2342 2289 
12977 2265 2261 2303 2289 
12978 1362 2261 2305 2295 
12979 2260 2295 580 2303 
12980 2261 606 1367 2342 
12981 2295 609 2305 1362 
12982 2261 1366 608 1362 
12983 579 2303 2260 580 
12984 2265 2342 2291 605 
12985 2261 2303 2289 2295 
12986 2309 2263 605 604 
12987 2261 2289 1366 2305 
12988 2309 2303 2265 2263 
12989 2265 2319 606 2342 
12990 2291 633 2342 634 
12991 2292 2318 2290 2312 
12992 2265 2342 2261 2289 
12993 2291 605 2317 604 
12994 2261 607 1366 1367 
12995 2292 2317 633 2340 
12996 2291 2340 633 2317 
12997 2319 2314 636 2345 
12998 2351 2323 635 2319 
12999 2351 2323 2319 2345 
13000 2319 2351 636 635 
13001 2319 2345 636 2351 
13002 636 637 2346 2314 
13003 2319 2345 2323 2342 
13004 2323 100 651 635 
13005 2323 651 100 1367 
13006 2323 100 96 1367 
13007 2323 2351 1367 2345 
13008 2323 651 2351 635 
13009 2323 2345 1367 2342 
13010 2323 651 1367 2351 
13011 2319 2314 2345 2340 
13012 605 2317 2319 2342 
13013 2319 2342 2317 2340 
13014 2261 2260 2303 2295 
13015 2265 605 2309 2263 
13016 2265 2261 2342 606 
13017 2323 1367 606 2342 
13018 2335 1361 1369 1364 
13019 2351 1361 651 1367 
13020 1361 2351 651 650 
13021 2335 1361 648 1369 
13022 648 2335 650 1361 
13023 1361 650 1364 2335 
13024 650 2351 648 1361 
13025 2294 1366 2289 2305 
13026 1366 648 1369 2294 
13027 2261 606 607 1367 
13028 650 1364 2350 649 
13029 2351 2350 647 2360 
13030 1367 606 607 96 
13031 647 2350 2337 2360 
13032 647 2350 2335 2337 
13033 2356 647 2360 2346 
13034 647 2356 2337 646 
13035 648 2261 1367 2342 
13036 2342 98 648 2289 
13037 2319 2345 2342 2340 
13038 2319 2323 606 2342 
13039 650 647 2350 2335 
13040 2291 2342 633 2340 
13041 578 2263 2309 604 
13042 648 2261 1366 1367 
13043 2345 2314 2343 2340 
13044 2291 633 2292 2317 
13045 1362 1368 2305 1369 
13046 1362 2288 2305 1368 
13047 609 2297 610 2264 
13048 2261 2295 2289 2305 
13049 2305 1368 2288 2299 
13050 2322 2298 2292 2317 
13051 311 2299 2288 1368 
13052 2265 2319 605 606 
13053 2305 2294 1368 2299 
13054 275 2297 1365 2288 
13055 349 348 1756 1364 
13056 1366 648 1361 1369 
13057 349 1363 1364 1755 
13058 310 1365 275 309 
13059 1363 2300 1751 2299 
13060 1363 312 1670 2299 
13061 1363 1751 312 2299 
13062 1362 2297 2305 2288 
13063 312 22 1670 2299 
13064 2294 1366 2305 1369 
13065 1751 2300 326 2299 
13066 1751 326 2300 1755 
13067 327 2300 326 1755 
13068 2294 2335 2300 625 
13069 2305 2294 1369 1368 
13070 2294 2300 1363 2299 
13071 1369 2294 2335 1364 
13072 2300 626 625 2335 
13073 647 2337 2356 2360 
13074 648 2294 98 625 
13075 327 328 626 1750 
13076 328 627 1759 329 
13077 2294 1363 1364 1369 
13078 349 30 1363 1751 
13079 348 38 1753 649 
13080 2265 2303 2291 2289 
13081 2335 1756 1755 1750 
13082 2350 2360 2361 2337 
13083 1753 2337 1748 1752 
13084 1753 2357 38 350 
13085 1753 1748 2357 350 
13086 2357 2335 649 2350 
13087 1756 1364 348 649 
13088 2294 1364 1363 2300 
13089 2335 1753 2338 2337 
13090 2335 1755 1756 1364 
13091 310 2288 1365 1368 
13092 311 2288 310 1368 
13093 1363 2294 1368 1369 
13094 1363 2294 2299 1368 
13095 312 1751 326 2299 
13096 1756 348 1753 649 
13097 626 328 2338 1750 
13098 2322 2292 2298 2307 
13099 1367 2345 2351 648 
13100 650 647 2351 2350 
13101 648 2335 647 650 
13102 274 29 309 610 
13103 2335 2350 1364 649 
13104 648 2289 98 2294 
13105 390 391 2362 1833 
13106 390 1832 2362 2354 
13107 390 2362 1832 1833 
13108 390 362 1832 2358 
13109 2362 2349 345 391 
13110 390 2358 1832 2354 
13111 2362 2339 2349 2354 
13112 2362 2349 1749 345 
13113 391 2347 2349 345 
13114 2362 1749 2349 2339 
13115 2362 2354 2336 2339 
13116 390 41 362 2358 
13117 2361 2356 2337 2360 
13118 2349 2339 2337 2356 
13119 2361 1748 2357 2337 
13120 2339 2337 1748 2349 
13121 2300 626 2335 1750 
13122 2361 1748 2347 2357 
13123 2349 2337 2361 2356 
13124 649 1756 2335 1753 
13125 1749 1757 1752 2334 
13126 1752 2338 1759 1750 
13127 1752 2334 1759 2338 
13128 1759 1757 329 627 
13129 1752 2334 2338 2337 
13130 1752 1757 1759 2334 
13131 329 330 628 1757 
13132 329 628 627 1757 
13133 1749 346 1754 2336 
13134 327 2300 1755 1750 
13135 2335 1753 1750 2338 
13136 626 328 627 2338 
13137 1748 1749 2334 2339 
13138 2335 1753 1756 1750 
13139 2335 2337 2350 2357 
13140 1753 2338 1752 1750 
13141 1749 1754 2334 2336 
13142 1754 2334 2336 628 
13143 1753 2337 1752 2338 
13144 2347 1748 345 36 
13145 1754 628 2302 330 
13146 1748 2334 1752 2337 
13147 1369 2294 648 2335 
13148 648 2335 2294 625 
13149 330 1754 331 2302 
13150 1754 346 1832 2336 
13151 2311 1754 331 1758 
13152 331 32 2311 1758 
13153 2311 2330 32 620 
13154 2311 1758 32 2330 
13155 347 2330 363 37 
13156 2311 2301 2327 620 
13157 2311 1754 347 1832 
13158 347 2330 37 1758 
13159 2311 2302 1832 2327 
13160 627 628 2334 1757 
13161 32 2330 1758 37 
13162 2330 1832 347 363 
13163 363 2327 1832 362 
13164 2311 1754 1832 2302 
13165 1754 1758 2311 347 
13166 1832 2336 346 1833 
13167 1832 2336 2327 2302 
13168 362 2331 2358 41 
13169 2362 2354 1832 2336 
13170 2327 621 620 2301 
13171 629 2301 99 2336 
13172 2311 2327 2301 2302 
13173 2302 2301 629 2336 
13174 99 2304 630 645 
13175 99 2336 2301 645 
13176 99 2333 2304 645 
13177 99 2301 2333 645 
13178 1832 2331 362 2327 
13179 2325 2329 2348 643 
13180 2333 2329 2304 645 
13181 2310 2329 2333 2332 
13182 2333 622 2304 2310 
13183 2327 2333 2301 645 
13184 2311 1832 2330 2327 
13185 99 2333 2301 2304 
13186 621 2304 2333 622 
13187 2327 2301 2336 645 
13188 2327 2336 2331 645 
13189 630 2341 2293 631 
13190 1749 2336 2334 2339 
13191 647 2343 2345 2346 
13192 2343 2346 646 2355 
13193 2343 646 2341 2355 
13194 2343 2340 2314 2344 
13195 649 1756 1364 2335 
13196 1759 627 2334 1757 
13197 2351 647 2345 2346 
13198 636 2346 2345 2343 
13199 1366 2289 648 2294 
13200 1754 2334 628 1757 
13201 2311 347 2330 1832 
13202 2351 2345 647 648 
13203 2343 2314 2320 2344 
13204 2341 2352 2353 645 
13205 2341 2355 2353 2352 
13206 2343 2314 2346 637 
13207 646 2354 2353 2356 
13208 2341 2352 638 2355 
13209 2341 2352 2313 638 
13210 2341 2320 2313 2344 
13211 2341 2313 2293 2344 
13212 646 2356 2353 2346 
13213 636 2346 2351 2345 
13214 2357 2335 1753 649 
13215 646 2354 2339 645 
13216 646 2341 2353 645 
13217 2341 2329 2352 645 
13218 2350 2337 2361 2357 
13219 646 2339 2354 2356 
13220 2347 2357 1748 350 
13221 2333 622 2310 2332 
13222 2341 2293 2352 2329 
13223 2354 2348 2358 645 
13224 647 646 2343 2346 
13225 345 1833 1749 2362 
13226 2353 2352 2348 645 
13227 1832 2358 2336 2354 
13228 2301 2333 621 2304 
13229 2325 2348 644 643 
13230 1754 346 347 1832 
13231 2325 644 2358 2331 
13232 2325 2348 2329 645 
13233 2325 2329 2333 645 
13234 2325 2358 644 2348 
13235 1832 362 2331 2358 
13236 643 642 2329 2359 
13237 2358 41 2331 644 
13238 2348 2359 643 2329 
13239 2325 2331 2358 645 
13240 642 2326 2329 2359 
13241 101 2326 639 2321 
13242 2313 2321 2293 2324 
13243 2313 2352 639 638 
13244 642 639 101 2326 
13245 2313 639 2326 2321 
13246 2326 639 2313 2352 
13247 1832 2331 2336 2358 
13248 2348 2352 2329 645 
13249 2325 2358 2348 645 
13250 637 2355 2320 638 
13251 1753 38 2357 649 
13252 2342 634 98 2289 
13253 2314 2317 2318 2340 
13254 2343 2341 2320 2355 
13255 2310 2326 2329 2332 
13256 2314 2340 2318 2344 
13257 2314 2318 2320 2344 
13258 2326 2352 2293 2329 
13259 2318 2324 2290 2316 
13260 1367 2342 2345 648 
13261 2336 2354 2358 645 
13262 2265 605 2319 2342 
13263 646 2353 2341 2355 
13264 2341 2344 2293 631 
13265 2344 632 2290 631 
13266 1366 1369 1362 2305 
13267 2341 638 2313 2320 
13268 2311 2327 2330 620 
13269 328 1759 2338 1750 
13270 2292 2340 633 632 
13271 2290 2312 2306 2307 
13272 2293 2324 2308 2296 
13273 2336 2362 1749 1833 
13274 2293 2326 2308 2321 
13275 2293 2324 2321 2308 
13276 630 2329 2341 645 
13277 2311 1758 2330 347 
13278 2310 623 2328 2332 
13279 2328 2326 2310 2332 
13280 2327 2301 2302 2336 
13281 2326 639 2352 2359 
13282 2293 2326 2310 2308 
13283 642 639 2326 2359 
13284 2310 2326 2293 2329 
13285 2313 2326 2293 2321 
13286 2321 2328 2326 2308 
13287 2328 624 623 2308 
13288 622 2310 2332 623 
13289 2298 2317 2291 2292 
13290 2308 624 2296 2315 
13291 2308 2315 2296 2324 
13292 2296 2315 624 616 
13293 2315 641 624 616 
13294 2290 2324 2293 2296 
13295 2296 2316 2315 617 
13296 616 617 2296 2315 
13297 2313 2344 2318 2290 
13298 2296 2324 2315 2316 
13299 2291 2317 605 2342 
13300 2321 640 2326 2328 
13301 2292 2344 2340 632 
13302 2336 2358 2331 645 
13303 624 616 641 97 
13304 2296 2316 617 2306 
13305 2328 2326 2308 2310 
13306 617 618 2306 2316 
13307 2343 637 2346 2355 
13308 2290 2324 2296 2316 
13309 1748 2361 2349 2337 
13310 626 2338 2335 1750 
13311 2309 605 2291 604 
13312 2291 634 2342 2289 
13313 2313 2293 2290 2324 
13314 2291 2342 2340 2317 
13315 2306 618 2307 2312 
13316 619 2298 2322 90 
13317 619 2312 2307 618 
13318 2321 2315 2328 2308 
13319 2344 2290 2293 631 
13320 2292 2318 2344 632 
13321 2310 623 2308 2328 
13322 2292 2318 2312 2317 
13323 2328 2315 640 641 
13324 2321 2315 2308 2324 
13325 646 2346 2353 2355 
13326 2328 624 2308 2315 
13327 101 2326 2321 640 
13328 2293 2304 2329 630 
13329 2292 2344 2318 2340 
13330 391 36 2347 345 
13331 2329 630 2341 2293 
13332 2341 638 2320 2355 
13333 2352 2329 2326 2359 
13334 2349 2347 1748 345 
13335 2313 2293 2344 2290 
13336 636 2343 2345 2314 
13337 2322 2292 2312 2317 
3 11 4 783
13338 1097 1357 814 135 
13339 135 1091 1260 1357 
13340 135 1260 191 1097 
13341 1092 1306 1262 186 
13342 1092 1262 1306 1324 
13343 191 1097 1260 1324 
13344 1322 1260 1324 1262 
13345 1260 1324 1097 1357 
13346 1322 1327 1301 1359 
13347 652 1351 1402 2367 
13348 1260 1357 1091 1263 
13349 1097 1357 135 1260 
13350 1322 1327 2364 1319 
13351 1261 1066 1078 1217 
13352 1319 1302 1327 2364 
13353 1359 1260 1324 1322 
13354 1361 2383 2376 2375 
13355 1305 1213 1079 653 
13356 2374 1349 1341 2364 
13357 1322 1260 1262 1261 
13358 1099 1348 1308 1100 
13359 1327 1341 1098 1360 
13360 1097 1340 134 814 
13361 1403 652 1395 1261 
13362 1097 814 1357 1340 
13363 1097 1324 1301 1340 
13364 1341 1360 1327 2364 
13365 1098 134 1301 1360 
13366 349 3449 313 1294 
13367 1301 1360 1340 1359 
13368 1311 1310 1326 2384 
13369 3450 1101 1318 1345 
13370 1097 1340 1301 134 
13371 1348 1349 2374 1347 
13372 1098 1360 1301 1327 
13373 1302 2374 1309 1308 
13374 1357 1344 1091 1263 
13375 1078 1322 1261 1217 
13376 1357 1344 1263 1359 
13377 1301 1360 134 1340 
13378 1359 1260 1261 1263 
13379 2385 1349 2364 1350 
13380 1301 1327 1360 1359 
13381 652 1261 1322 1217 
13382 1091 190 1263 1344 
13383 1403 1263 1088 190 
13384 1262 186 1078 1066 
13385 1344 1403 1109 190 
13386 1403 1263 190 1344 
13387 3451 1352 1353 1354 
13388 1336 1377 3452 1335 
13389 1324 1340 1357 1359 
13390 3453 1401 1398 1394 
13391 3453 1404 1401 1394 
13392 3453 1394 1398 1397 
13393 3453 1405 1398 1401 
13394 3453 3451 3449 2379 
13395 3453 3449 2378 2379 
13396 3453 1293 3449 3451 
13397 1266 3453 3449 2378 
13398 1296 1401 1293 3453 
13399 3453 1397 1398 2367 
13400 1263 1261 1403 1088 
13401 1359 1263 1403 1344 
13402 1088 1261 1395 1089 
13403 1359 1263 1261 1403 
13404 1403 1395 1088 1261 
13405 1395 1393 1210 2370 
13406 1395 1210 1393 1089 
13407 1395 1261 1217 1089 
13408 2370 1217 1395 652 
13409 1403 652 1351 1402 
13410 1395 1217 1210 1089 
13411 2368 1278 2381 2366 
13412 1077 1393 1210 187 
13413 1393 1089 1210 187 
13414 1395 2367 1402 1396 
13415 1261 1067 1217 1089 
13416 1261 1217 1067 1066 
13417 1067 187 1210 1089 
13418 1067 1210 1217 1089 
13419 1217 1210 1213 2370 
13420 2366 1211 1212 1216 
13421 1218 1213 1210 2370 
13422 1359 1260 1357 1324 
13423 1092 1324 191 1260 
13424 1214 2366 2370 1281 
13425 1395 2367 1396 2370 
13426 1403 652 1261 1359 
13427 3454 1365 1371 1383 
13428 1260 1261 1322 1359 
13429 3453 315 1293 1296 
13430 2381 2370 1281 1400 
13431 1393 1396 1400 2370 
13432 1281 1214 1400 2370 
13433 3450 1300 1326 1320 
13434 3455 2382 102 2369 
13435 3455 2382 1313 102 
13436 3455 2382 1317 1313 
13437 3455 2369 102 2363 
13438 3455 1273 2369 2363 
13439 3455 1273 1274 2369 
13440 3455 1274 1273 1276 
13441 1274 3456 1283 3455 
13442 1403 652 1402 1395 
13443 3456 1373 1379 1382 
13444 3456 1267 1379 323 
13445 1351 1109 1344 1403 
13446 393 1354 1342 1399 
13447 393 355 386 1390 
13448 3456 1379 1373 323 
13449 393 355 1390 1342 
13450 45 1354 1399 1111 
13451 1342 40 1295 38 
13452 1342 355 1295 40 
13453 45 1399 393 386 
13454 3453 1397 2381 1269 
13455 386 355 39 1390 
13456 355 1292 39 1390 
13457 3451 1364 1361 1355 
13458 3451 1390 1342 1399 
13459 1390 1399 393 1342 
13460 3451 1399 1342 1354 
13461 1296 1401 3453 1404 
13462 45 1354 393 1399 
13463 1354 1111 1343 1391 
13464 3454 1361 1366 1367 
13465 3451 38 1352 1295 
13466 1351 103 652 1350 
13467 1351 2367 1343 1402 
13468 1097 1357 1324 1340 
13469 2370 1217 1210 1395 
13470 1343 1391 1110 1402 
13471 3456 1382 1379 1387 
13472 2385 652 103 1350 
13473 1343 1391 1402 2367 
13474 3456 1379 3452 1387 
13475 650 3451 1364 649 
13476 1398 1396 1391 2367 
13477 1398 1397 1396 2367 
13478 3456 1284 1267 1276 
13479 3451 1390 1399 1405 
13480 393 355 1342 40 
13481 1388 3454 1376 1382 
13482 3456 324 1267 1284 
13483 39 1096 1390 1292 
13484 1390 1096 1401 1292 
13485 1401 1293 1292 1096 
13486 3452 1307 1321 1323 
13487 3453 1266 3449 1272 
13488 3452 1372 1378 1387 
13489 2366 2363 1073 1212 
13490 1404 1296 1096 1392 
13491 3455 2369 2377 2382 
13492 3452 1378 1383 1387 
13493 1095 320 1381 31 
13494 3452 1379 1372 1387 
13495 1281 1093 1400 189 
13496 3453 1296 1381 315 
13497 1095 1381 1392 31 
13498 3453 1266 1272 1282 
13499 1215 1212 654 1298 
13500 1400 2370 1396 2367 
13501 1400 1396 1397 2367 
13502 2381 1400 1281 1397 
13503 2381 1281 1269 1397 
13504 1272 320 321 1380 
13505 103 1353 1356 1343 
13506 3453 2378 2381 2367 
13507 1395 1396 1393 2370 
13508 3451 1295 1352 1342 
13509 2380 1343 2367 1391 
13510 3449 321 1272 1266 
13511 1401 1096 1404 1296 
13512 1351 103 1350 1356 
13513 3451 3454 1361 1364 
13514 1328 653 2371 2364 
13515 314 315 1293 1380 
13516 1342 355 1292 1295 
13517 3451 1364 349 1363 
13518 2380 1398 1391 2367 
13519 3455 1312 1215 102 
13520 3453 1394 1272 1095 
13521 1371 1365 310 1383 
13522 2385 2380 2376 1353 
13523 3449 3451 349 1363 
13524 3453 1405 3451 2380 
13525 14 1296 12 1392 
13526 14 13 1392 12 
13527 2376 1355 1358 1339 
13528 3450 1346 1345 1347 
13529 3450 1355 1346 1347 
13530 1272 1381 320 1380 
13531 3451 1339 1353 1352 
13532 2385 1356 1349 1350 
13533 3451 1292 1342 1390 
13534 3451 1339 650 1355 
13535 96 1367 1333 607 
13536 3449 2368 2373 1266 
13537 2385 1358 1349 1356 
13538 3453 1282 2381 2378 
13539 3450 1367 1333 1346 
13540 3450 1300 1320 1318 
13541 3450 2374 2372 2375 
13542 3451 38 348 649 
13543 3450 2372 1320 2375 
13544 1096 1296 14 1392 
13545 3453 2380 2379 2378 
13546 1401 1405 1390 3451 
13547 1381 1296 1392 12 
13548 3449 1376 1363 313 
13549 3453 1296 1404 1381 
13550 3451 650 1364 1355 
13551 322 321 1384 1266 
13552 1404 1392 1381 1296 
13553 1329 1280 1304 3455 
13554 103 1356 1351 1343 
13555 1092 1324 1260 1262 
13556 1298 654 2365 1314 
13557 1410 1370 1386 1331 
13558 3456 1277 2373 2369 
13559 3453 1404 1394 1095 
13560 2380 1343 103 2367 
13561 3451 1353 2380 1354 
13562 1262 186 1306 1078 
13563 1261 1066 1262 1078 
13564 1298 2365 1313 1314 
13565 3451 2376 2383 2379 
13566 2376 1358 1353 1339 
13567 652 2364 1327 1360 
13568 1262 1324 1322 1306 
13569 2380 1399 1354 1391 
13570 2368 1282 1266 2378 
13571 1335 1370 1331 307 
13572 1365 609 1332 1362 
13573 3450 1346 1361 1367 
13574 3453 2380 3451 2379 
13575 3455 1317 2377 1321 
13576 3454 3450 1333 1334 
13577 3452 1323 1106 1307 
13578 2364 653 652 1322 
13579 3453 1272 3449 1380 
13580 1390 1399 386 393 
13581 1272 1381 1380 3453 
13582 1381 1392 13 12 
13583 544 308 1386 28 
13584 1376 1363 3454 2383 
13585 1401 1293 1096 1296 
13586 2383 1388 1376 3449 
13587 1352 38 1342 1295 
13588 3450 95 1345 1346 
13589 2374 1341 1302 2364 
13590 3454 1311 1321 2377 
13591 1365 609 1336 1332 
13592 1371 310 1365 1368 
13593 1342 355 1390 1292 
13594 1348 1318 1308 1100 
13595 3454 2375 2377 2383 
13596 78 1410 544 1337 
13597 1212 1081 1080 1298 
13598 1214 1210 1393 2370 
13599 2372 1326 1320 2375 
13600 1309 2371 2372 2364 
13601 3454 1338 1299 1103 
13602 3454 1299 1321 1311 
13603 3450 2376 1361 1355 
13604 2380 1405 1399 1391 
13605 1215 1081 1212 1298 
13606 1280 1303 1268 1329 
13607 3454 2375 1310 2384 
13608 2376 1347 2385 1358 
13609 3452 1370 1377 1378 
13610 3453 2380 2378 2367 
13611 3451 1339 1352 649 
13612 1284 1271 3452 1279 
13613 3455 1271 3456 1276 
13614 3456 2377 3454 1321 
13615 1215 102 654 2363 
13616 3451 348 1364 649 
13617 1078 1322 1262 1261 
13618 1402 1391 1396 2367 
13619 2368 1266 1282 1275 
13620 1359 1260 1263 1357 
13621 1406 1386 1410 1370 
13622 3453 3449 1293 1380 
13623 2368 1274 1275 1270 
13624 1279 1408 325 501 
13625 1280 503 69 1108 
13626 3449 1384 1373 1388 
13627 1359 1301 1322 1324 
13628 1343 1111 1110 1391 
13629 1399 1111 1354 1391 
13630 652 1217 1395 1261 
13631 2375 3450 2376 1361 
13632 2372 1314 2365 2371 
13633 652 1402 1395 2367 
13634 652 1360 1327 1359 
13635 2385 1358 1356 1353 
13636 3455 1317 1325 1304 
13637 3452 1271 1325 1409 
13638 1316 1298 1314 654 
13639 1326 2372 1315 2384 
13640 3453 2381 1397 2367 
13641 1381 315 1296 12 
13642 1299 1338 1323 1104 
13643 3454 1363 3451 2383 
13644 3450 1101 1300 1318 
13645 1404 1095 1381 1392 
13646 1270 2366 1278 2368 
13647 3453 315 1381 1380 
13648 1381 13 1392 31 
13649 3456 1277 1267 323 
13650 3450 1333 95 1346 
13651 1359 1301 1324 1340 
13652 2375 3450 1361 3454 
13653 2374 1341 1348 1308 
13654 2376 1355 1347 1358 
13655 1328 653 2364 1319 
13656 2376 1358 2385 1353 
13657 3455 1071 1312 1329 
13658 1280 1303 1304 1108 
13659 3449 2379 2373 2378 
13660 3449 1384 1374 1380 
13661 3449 1374 314 1380 
13662 3453 1272 1394 1094 
13663 3449 1374 1384 1388 
13664 3449 1388 1376 1374 
13665 3449 2383 2373 2379 
13666 3449 314 1293 1380 
13667 3449 1376 313 1374 
13668 3451 348 1295 1294 
13669 3451 1294 1295 1293 
13670 3451 348 349 1364 
13671 1212 1080 654 1298 
13672 1080 1316 654 1298 
13673 1211 654 1080 1316 
13674 2370 1213 1211 1218 
13675 1305 1322 653 1319 
13676 1305 653 1328 1319 
13677 1305 1079 1316 653 
13678 1305 1316 1328 653 
13679 1305 653 1217 1213 
13680 1214 1210 1077 1393 
13681 1262 1078 1306 1322 
13682 1305 1078 1079 1213 
13683 1305 1217 653 1322 
13684 1316 2371 1314 1328 
13685 1305 1322 1078 1217 
13686 1316 2371 1328 653 
13687 1316 654 2371 653 
13688 1410 1406 544 1386 
13689 1331 3452 1337 1410 
13690 3452 1307 1107 1325 
13691 1410 544 1337 1331 
13692 308 1386 1370 1331 
13693 544 305 1386 1406 
13694 3456 1277 3449 2373 
13695 1375 305 306 1406 
13696 1385 1406 306 1408 
13697 1385 1375 1406 1389 
13698 1385 1406 1375 306 
13699 3456 3454 3452 1321 
13700 1331 3452 1410 1370 
13701 1107 3452 1106 1307 
13702 3452 1385 1406 1389 
13703 1385 1407 1406 1408 
13704 1406 1386 1370 1375 
13705 1410 1386 544 1331 
13706 1385 1408 306 27 
13707 1271 3456 3452 1325 
13708 1389 1406 1370 1375 
13709 1386 305 1375 1406 
13710 3452 1307 1325 1321 
13711 3455 1325 3456 1271 
13712 3452 1378 1389 1370 
13713 3456 3452 1379 1372 
13714 1279 1407 1385 1408 
13715 1215 654 1212 2363 
13716 3452 1107 1409 1325 
13717 544 28 1386 305 
13718 3456 2373 3449 2383 
13719 3452 1370 1331 1335 
13720 1271 1304 1325 1108 
13721 3455 1283 1274 1276 
13722 1280 1303 69 188 
13723 1409 1325 1107 1108 
13724 3454 1388 3456 1382 
13725 1370 3452 1410 1406 
13726 1106 1337 78 1105 
13727 1317 1313 2382 1311 
13728 1317 2377 1311 2382 
13729 3455 1273 1215 1071 
13730 3455 1313 1312 102 
13731 3456 1283 1277 1274 
13732 1107 3452 1407 1106 
13733 3455 2377 1317 2382 
13734 3452 1331 1337 1335 
13735 3455 1325 1271 1304 
13736 1280 1304 1303 1329 
13737 1214 1393 1077 1400 
13738 1313 2382 1311 1315 
13739 1313 2382 1315 2365 
13740 3455 1312 1317 1329 
13741 1298 102 2365 654 
13742 3456 1276 1267 1283 
13743 1215 1312 1298 102 
13744 3454 1388 2383 3456 
13745 3455 2369 3456 2377 
13746 3454 1299 1311 1310 
13747 3455 1276 1273 1268 
13748 3455 1325 1317 1321 
13749 1311 1315 2382 2384 
13750 1313 2382 2365 102 
13751 3451 3454 2383 1361 
13752 3454 1311 2377 2384 
13753 1274 3456 3455 2369 
13754 1311 2382 2377 2384 
13755 3450 1102 1300 1333 
13756 3454 2377 2375 2384 
13757 1347 2374 3450 2376 
13758 1300 1333 1102 1101 
13759 1320 2372 1309 1315 
13760 3452 1385 1389 1372 
13761 3450 1102 1333 1334 
13762 3450 2374 2375 2376 
13763 2372 1326 2375 2384 
13764 1309 1328 1314 2371 
13765 1309 1314 2372 2371 
13766 1309 1314 1315 2372 
13767 1317 2377 1321 1311 
13768 1315 2372 2365 2384 
13769 1315 2365 2372 1314 
13770 1309 1319 1328 2364 
13771 1315 2365 2382 2384 
13772 1326 1310 2375 2384 
13773 1309 2364 2372 2374 
13774 1309 2372 1320 3450 
13775 2365 2371 1314 654 
13776 1309 1328 2371 2364 
13777 1309 1302 1319 2364 
13778 1309 2372 3450 2374 
13779 1326 2372 1320 1315 
13780 1302 2374 2364 1309 
13781 1211 1316 1080 1079 
13782 653 2370 1217 1213 
13783 653 2370 652 1217 
13784 2364 653 1322 1319 
13785 1322 1327 652 2364 
13786 1298 1312 1313 102 
13787 1279 1385 325 1408 
13788 3455 3456 1325 1321 
13789 3449 3451 2383 2379 
13790 2366 1074 1278 1281 
13791 1298 102 1313 2365 
13792 3454 3451 1363 1364 
13793 3454 1371 1376 1382 
13794 1280 69 1303 1108 
13795 3454 1363 1376 1368 
13796 3452 1336 3454 1383 
13797 3452 1407 1385 1372 
13798 1313 2365 1315 1314 
13799 2374 2385 1347 1349 
13800 3454 1332 1336 1338 
13801 3454 1363 1368 1369 
13802 3450 2376 1355 1347 
13803 3454 1365 1362 1368 
13804 3454 1362 1366 1369 
13805 3454 1369 1366 1361 
13806 3454 1366 608 1334 
13807 1279 1407 1408 501 
13808 3456 324 1379 1267 
13809 3452 1323 1330 1105 
13810 3452 1410 1106 1337 
13811 1389 1406 3452 1370 
13812 3452 1284 1279 1372 
13813 1377 309 610 1383 
13814 1361 3451 2376 2383 
13815 311 310 1371 1368 
13816 3449 1293 314 1294 
13817 3456 1373 3449 1277 
13818 3454 1310 1334 1103 
13819 1335 1370 307 1377 
13820 1377 610 1336 1383 
13821 3452 1279 1407 1372 
13822 610 1365 1336 1383 
13823 610 1336 1365 609 
13824 3454 1336 1365 1383 
13825 609 1332 1362 608 
13826 1377 1336 610 1335 
13827 1377 610 309 29 
13828 1409 3452 1271 1279 
13829 3452 1378 1377 1383 
13830 1303 1329 1071 1268 
13831 3452 1383 3454 1387 
13832 3452 1321 3454 1299 
13833 3452 1338 1336 1330 
13834 3452 1299 3454 1338 
13835 1211 2366 2370 1218 
13836 3452 1330 1336 1335 
13837 309 1365 610 1383 
13838 3452 1406 1385 1407 
13839 1377 1335 29 307 
13840 1377 1335 610 29 
13841 3454 1299 1310 1103 
13842 3452 1338 1330 1323 
13843 1330 1104 1323 1338 
13844 1330 1105 1323 1104 
13845 1336 1377 1383 3452 
13846 3452 1323 1321 1299 
13847 1280 3455 1276 1271 
13848 1361 2383 2375 3454 
13849 3454 608 1332 1334 
13850 3454 1365 1332 1362 
13851 3454 1332 1365 1336 
13852 3451 1361 2376 1355 
13853 1310 1334 1103 1102 
13854 3450 1308 1320 1309 
13855 3452 1299 1338 1323 
13856 3449 1294 314 313 
13857 1311 1326 1315 2384 
13858 1106 1410 78 1337 
13859 3454 1334 1338 1103 
13860 308 1370 307 1331 
13861 1376 1363 2383 3449 
13862 3454 1364 1363 1369 
13863 544 1386 308 1331 
13864 3454 1371 1382 1387 
13865 3452 1106 1323 1105 
13866 3450 1333 1300 1101 
13867 3450 1348 1347 1345 
13868 3454 1383 1371 1387 
13869 2374 1348 1347 3450 
13870 1299 1338 1104 1103 
13871 3456 1373 1277 323 
13872 3454 1362 608 1366 
13873 3456 2377 2373 2383 
13874 3452 1335 1337 1330 
13875 3455 2377 3456 1321 
13876 1305 1217 1078 1213 
13877 3452 1407 1106 1410 
13878 192 1101 95 1345 
13879 3450 1101 95 1333 
13880 3450 1308 2374 1348 
13881 192 1100 1318 1345 
13882 95 1346 1333 1367 
13883 3454 3450 1361 1367 
13884 3454 1310 3450 1334 
13885 100 1346 1367 651 
13886 1367 96 1333 95 
13887 1367 96 95 100 
13888 608 1366 607 1334 
13889 3450 1308 1348 1318 
13890 2368 1275 1278 1270 
13891 3454 1376 1371 1368 
13892 1361 650 651 1355 
13893 1361 1364 650 1355 
13894 1361 651 1367 1346 
13895 192 1318 1101 1345 
13896 95 1346 1367 100 
13897 3450 1318 1348 1345 
13898 3454 3450 1310 2375 
13899 3453 1269 1094 1397 
13900 650 3451 649 1339 
13901 3453 1401 3451 1405 
13902 3450 2375 1326 1310 
13903 3450 95 1101 1345 
13904 3454 1362 1332 608 
13905 3452 1372 1389 1378 
13906 3454 1371 1365 1368 
13907 3449 1384 1277 1373 
13908 3454 1332 1338 1334 
13909 3451 1295 1292 1293 
13910 1376 311 1368 1363 
13911 3449 1266 1384 321 
13912 3453 1094 1394 1397 
13913 349 313 1363 30 
13914 3449 1363 349 313 
13915 1376 1368 311 1371 
13916 310 1365 309 1383 
13917 349 3449 1294 3451 
13918 3451 2376 2379 2380 
13919 1399 3451 1405 2380 
13920 3451 1294 349 348 
13921 3451 348 38 1295 
13922 3452 1337 1106 1105 
13923 1361 651 1346 1355 
13924 3451 1342 1352 1354 
13925 3449 2368 1266 2378 
13926 3456 324 1284 1372 
13927 3452 1330 1337 1105 
13928 3454 1368 1362 1369 
13929 3454 1369 1361 1364 
13930 3454 1310 1311 2384 
13931 3450 1334 1310 1102 
13932 1390 1292 1401 3451 
13933 2380 1354 1353 1343 
13934 2380 1353 103 1343 
13935 2374 2385 1349 2364 
13936 3454 1366 1333 1367 
13937 3451 1339 2376 1353 
13938 3452 1338 3454 1336 
13939 3450 1361 1346 1355 
13940 2385 1356 103 1353 
13941 1401 3451 1293 3453 
13942 652 1360 1350 2364 
13943 652 1350 1360 1359 
13944 652 1351 1350 1359 
13945 3454 1333 1366 1334 
13946 103 1351 652 2367 
13947 652 1327 1322 1359 
13948 652 1322 1261 1359 
13949 653 1217 652 1322 
13950 652 2367 1395 2370 
13951 1099 1302 1341 1098 
13952 1099 1302 1308 1341 
13953 2385 2364 652 1350 
13954 1316 1314 2371 654 
13955 3450 1326 2375 1320 
13956 3450 1320 1308 1318 
13957 3449 1277 1266 2373 
13958 2385 1358 1347 1349 
13959 2385 1347 2376 2374 
13960 3450 1308 1309 2374 
13961 1333 607 1366 1334 
13962 2385 2380 1353 103 
13963 3450 1310 1326 1300 
13964 2380 1354 1343 1391 
13965 1099 1308 1348 1341 
13966 2374 1349 1348 1341 
13967 1327 1341 1302 1098 
13968 1351 1402 1343 1110 
13969 1351 1109 1402 1110 
13970 2380 1391 1398 1405 
13971 2374 1341 1308 1302 
13972 1341 1350 1360 2364 
13973 1348 1345 1318 1100 
13974 3450 1310 1300 1102 
13975 3449 1266 1277 1384 
13976 1341 2364 1327 1302 
13977 103 1351 2367 1343 
13978 1399 3451 2380 1354 
13979 1351 1403 1344 1359 
13980 3451 1342 1292 1295 
13981 3451 2376 1339 1355 
13982 1341 1349 1350 2364 
13983 652 1403 1351 1359 
13984 2385 103 1356 1350 
13985 1351 1402 1109 1403 
13986 1333 1367 1366 607 
13987 3449 3451 1293 1294 
13988 3451 1352 38 649 
13989 3451 1353 2376 2380 
13990 3449 314 1374 313 
13991 1266 3453 2378 1282 
13992 3449 1272 321 1380 
13993 1215 1312 1081 1298 
13994 3455 1317 1304 1329 
13995 1218 1210 1214 2370 
13996 2368 1282 2381 1278 
13997 1214 2366 1218 2370 
13998 1214 1393 1400 2370 
13999 2366 1216 1074 1214 
14000 1281 1400 1214 189 
14001 1214 1400 1077 189 
14002 1211 653 1079 1213 
14003 1211 654 1316 653 
14004 2370 1213 653 1211 
14005 1211 2366 653 2370 
14006 1073 1270 1072 1212 
14007 1211 1316 1079 653 
14008 3453 1272 1269 1282 
14009 2381 2370 1400 2367 
14010 3453 1405 2380 1398 
14011 1215 102 1298 654 
14012 325 1408 27 501 
14013 3456 1388 1373 1382 
14014 3455 1313 1317 1312 
14015 325 1408 1385 27 
14016 1279 1385 1407 1372 
14017 3456 1283 1267 1277 
14018 3452 1377 1370 1335 
14019 1279 325 1385 1372 
14020 1284 1279 1372 324 
14021 3452 1407 1279 1409 
14022 3452 1107 1407 1409 
14023 1279 502 1407 501 
14024 1329 1280 3455 1268 
14025 1279 1409 1407 502 
14026 1279 325 1372 324 
14027 3452 1407 1410 1406 
14028 2383 1388 3454 1376 
14029 1280 1268 1303 188 
14030 3455 1280 1276 1268 
14031 2363 1274 1273 2369 
14032 2363 3455 1215 102 
14033 3455 1276 3456 1283 
14034 1303 1329 1082 1071 
14035 1271 1280 1304 1108 
14036 1280 3455 1271 1304 
14037 1271 1325 1409 1108 
14038 3456 1284 1271 3452 
14039 1271 1279 502 1409 
14040 1271 503 1280 1108 
14041 1271 1409 503 1108 
14042 1271 502 503 1409 
14043 2381 2370 2366 1281 
14044 1269 1281 1093 1397 
14045 1292 1401 3451 1293 
14046 3455 1268 1071 1329 
14047 2381 1400 1397 2367 
14048 3453 1269 2381 1282 
14049 1071 188 1303 1268 
14050 1071 188 1082 1303 
14051 1212 1080 1211 654 
14052 1071 1082 1312 1329 
14053 3455 1268 1273 1071 
14054 2363 1274 1270 1273 
14055 1215 1071 1082 1312 
14056 1072 1071 1215 1273 
14057 1073 1212 2363 1270 
14058 1214 2366 1216 1218 
14059 1215 1082 1081 1312 
14060 3455 1215 1312 1071 
14061 2366 654 1211 653 
14062 1072 1273 1215 2363 
14063 1072 1273 2363 1270 
14064 1072 2363 1215 1212 
14065 1072 2363 1212 1270 
14066 1277 1274 2373 2369 
14067 3453 1269 1272 1094 
14068 3449 2373 2368 2378 
14069 2368 1282 1278 1275 
14070 1095 3453 1381 1272 
14071 1281 1400 1093 1397 
14072 1095 3453 1404 1381 
14073 1269 1093 1094 1397 
14074 2368 1274 1270 2363 
14075 1277 1266 2373 1274 
14076 1272 1381 1095 320 
14077 1272 1095 1394 1094 
14078 3453 1398 2380 2367 
14079 1074 1281 1214 189 
14080 1214 2366 1281 1074 
14081 2366 1211 1216 1218 
14082 2366 1212 1211 654 
14083 1073 1074 1278 1216 
14084 2366 1212 1073 1216 
14085 2366 1278 1073 1270 
14086 2366 1270 1073 2363 
14087 1388 3456 3449 2383 
14088 2368 2369 1274 2363 
14089 1270 2366 2368 2363 
14090 2366 2363 1212 654 
14091 2366 1216 1278 1074 
14092 2366 1216 1073 1278 
14093 2381 2366 1278 1281 
14094 2381 1278 1269 1281 
14095 2381 1282 1269 1278 
14096 3453 1293 315 1380 
14097 2368 1266 1275 1274 
14098 3456 3449 1373 1388 
14099 3449 1384 1380 321 
14100 2368 2381 1282 2378 
14101 2373 2368 2369 1274 
14102 2373 1266 2368 1274 
14103 3456 1284 1276 1271 
14104 3456 3452 1325 1321 
14105 3456 3454 1382 1387 
14106 3456 1379 324 1372 
14107 2363 3455 1273 1215 
14108 3454 1333 3450 1367 
14109 3456 2383 3454 2377 
14110 3456 1274 1277 2369 
14111 3456 1284 3452 1372 
14112 3449 3451 1363 2383 
14113 3456 2373 2377 2369 
14114 3456 3452 3454 1387 
14115 1379 323 1267 324 
14116 1376 30 1363 313 
14117 1376 30 311 1363 
14118 322 1384 1277 1266 
14119 322 1277 1373 323 
14120 322 1373 1277 1384 
3 12 4 510
14121 2449 2468 699 2471 
14122 691 2462 2433 690 
14123 691 2433 2462 2470 
14124 691 2433 2470 2436 
14125 691 2470 692 2436 
14126 2439 2432 2458 2436 
14127 662 663 673 2439 
14128 662 673 2416 2454 
14129 2439 2416 662 2437 
14130 662 2437 2416 661 
14131 2439 2416 2437 2454 
14132 2437 661 2396 2416 
14133 2437 661 2434 2396 
14134 2439 2458 663 673 
14135 2439 662 2416 2454 
14136 2431 687 686 2438 
14137 2431 1877 1892 416 
14138 2431 1892 414 416 
14139 2438 2442 686 2431 
14140 2431 1877 416 415 
14141 686 52 2472 110 
14142 686 2472 2442 110 
14143 2442 692 110 2472 
14144 2435 687 2431 2438 
14145 2438 2457 2459 2452 
14146 2442 2475 2438 2436 
14147 2442 692 2470 2436 
14148 2442 2470 2475 2436 
14149 2475 414 2431 1892 
14150 2475 1892 2438 2457 
14151 2439 673 662 2454 
14152 2432 664 663 674 
14153 2439 2454 2458 673 
14154 2439 2454 2437 2433 
14155 2416 2454 672 2396 
14156 2457 1892 1884 413 
14157 687 2431 2427 2435 
14158 2439 2450 2458 2454 
14159 2451 1877 1878 1879 
14160 2438 2475 2450 2436 
14161 675 2435 2452 664 
14162 2475 2472 2442 2431 
14163 2451 2457 2459 1877 
14164 1877 2451 2457 1879 
14165 664 665 2415 2435 
14166 2432 2452 674 2458 
14167 2439 2458 2450 2436 
14168 2432 2452 2435 664 
14169 2435 688 2415 2401 
14170 2435 687 688 2427 
14171 2435 2427 688 2401 
14172 2431 414 52 416 
14173 688 665 2409 105 
14174 688 2427 2430 2401 
14175 675 2435 2415 2401 
14176 2430 2409 659 105 
14177 2395 2430 2409 659 
14178 2401 2430 2409 2395 
14179 2435 688 665 2415 
14180 2395 42 2428 659 
14181 2394 1846 370 369 
14182 2395 1846 2394 2429 
14183 1878 46 1846 387 
14184 2429 46 392 1846 
14185 2395 392 2429 2428 
14186 1878 2394 2427 676 
14187 2395 2429 392 1846 
14188 2430 2395 2427 2428 
14189 688 2409 665 2401 
14190 2395 2430 659 2428 
14191 2394 677 676 2451 
14192 2460 2394 677 2398 
14193 676 675 2401 2459 
14194 2394 2427 2429 1878 
14195 2395 392 42 370 
14196 2442 2472 2475 2470 
14197 664 2452 675 674 
14198 2458 2450 2436 2438 
14199 2435 2459 2427 2401 
14200 2394 2411 2398 1887 
14201 2472 2442 2431 686 
14202 2458 2450 2438 2452 
14203 2435 2459 675 2452 
14204 2432 2452 664 674 
14205 2401 2430 2395 2427 
14206 1877 2457 2438 1892 
14207 675 2435 664 2415 
14208 2439 2458 2432 663 
14209 112 2465 1884 412 
14210 112 413 1884 2465 
14211 112 1884 2457 1873 
14212 112 2457 2449 1873 
14213 112 2449 699 2471 
14214 112 2450 2476 699 
14215 112 2476 2450 2465 
14216 2450 2470 2433 2436 
14217 2439 2433 2450 2454 
14218 2450 699 2454 2462 
14219 2451 2457 1879 2460 
14220 2451 1879 1887 2460 
14221 2394 388 1887 387 
14222 415 2429 2427 1878 
14223 675 2435 2401 2459 
14224 413 2457 112 1884 
14225 2438 2432 2436 2458 
14226 2457 2459 1877 2438 
14227 2449 1873 2453 2456 
14228 2449 1873 2471 412 
14229 3457 2471 2449 1873 
14230 2450 2476 2462 2470 
14231 2457 1884 1893 1873 
14232 112 2471 699 2476 
14233 112 2465 2471 2476 
14234 2453 1893 1890 1891 
14235 2453 2460 1890 1893 
14236 688 2430 2409 2401 
14237 2453 1873 1893 1891 
14238 2453 2456 1873 1891 
14239 2453 2460 678 1890 
14240 1891 3457 1873 1885 
14241 2449 699 2468 2455 
14242 2453 1890 2397 1891 
14243 3457 2449 2468 2455 
14244 679 2397 2389 1891 
14245 2402 1894 3457 2389 
14246 2464 3457 2387 2399 
14247 678 677 2398 2460 
14248 2456 679 2389 1891 
14249 2453 679 2456 1891 
14250 2453 1890 678 2397 
14251 2453 678 679 2397 
14252 2398 1875 2411 2391 
14253 2394 677 2451 2460 
14254 2411 388 369 368 
14255 2411 388 368 389 
14256 2411 1875 388 389 
14257 2411 1875 1887 388 
14258 2394 2411 1887 388 
14259 2394 1878 1846 387 
14260 2394 1887 1878 387 
14261 2395 392 2428 42 
14262 2398 2397 1881 2391 
14263 2394 387 1846 369 
14264 1887 1879 1890 2460 
14265 1875 2391 1880 389 
14266 1875 2391 1881 1880 
14267 2460 2394 2398 1887 
14268 1890 2460 1879 1893 
14269 2457 2453 1893 2460 
14270 2394 369 2411 388 
14271 112 2449 2471 412 
14272 2438 2431 2459 1877 
14273 2431 2435 2438 2459 
14274 1890 1881 2397 1891 
14275 2453 2397 679 1891 
14276 3457 1894 1888 1885 
14277 2459 2451 1877 1878 
14278 2442 2475 2431 2438 
14279 2457 1893 1879 2460 
14280 2457 2453 2449 1873 
14281 2438 2475 2457 2450 
14282 2459 2427 1877 2431 
14283 414 2475 413 1892 
14284 2457 1893 2453 1873 
14285 2472 2431 414 52 
14286 2457 1877 1879 1892 
14287 3457 2456 2449 2455 
14288 112 1873 2449 412 
14289 2401 2395 2394 2427 
14290 2395 2394 2427 2429 
14291 2394 2427 676 2401 
14292 2450 2465 2476 2470 
14293 1878 46 2429 1846 
14294 2438 1877 1892 2431 
14295 3457 2393 2426 409 
14296 3457 2426 2466 51 
14297 2454 2396 2469 2478 
14298 2474 697 2448 2440 
14299 2396 2474 2469 2478 
14300 2474 689 111 2440 
14301 697 2463 2445 696 
14302 2478 2468 698 2467 
14303 2437 2441 2396 2434 
14304 2478 2392 2463 2467 
14305 2478 698 2392 2467 
14306 2396 2469 2441 2454 
14307 2474 2407 2410 2448 
14308 2478 698 2396 2392 
14309 2474 2469 2440 2396 
14310 2478 2396 2463 2392 
14311 2469 2441 2462 690 
14312 2474 2448 2410 2440 
14313 2474 697 2445 2448 
14314 2474 2445 697 2463 
14315 2478 2454 699 2462 
14316 2474 111 697 2440 
14317 670 106 2410 2448 
14318 670 2410 2407 2448 
14319 2443 2448 693 2440 
14320 660 2396 2434 661 
14321 2410 2434 2443 660 
14322 2410 660 2443 106 
14323 2410 2448 2443 2440 
14324 2396 698 2478 2454 
14325 2441 2433 2462 690 
14326 2469 689 2441 690 
14327 2478 2462 699 2476 
14328 108 698 681 2392 
14329 2443 2448 106 693 
14330 2432 674 663 2458 
14331 663 2458 674 673 
14332 2474 2463 2407 2445 
14333 2411 2391 1875 389 
14334 2396 108 698 672 
14335 2457 2438 2450 2452 
14336 2441 2396 2434 2440 
14337 698 2468 699 2455 
14338 2440 2410 2396 2434 
14339 698 2455 681 2392 
14340 2462 2469 2454 2441 
14341 2427 1878 2459 1877 
14342 2450 2457 112 2475 
14343 415 1877 2427 2431 
14344 698 2468 2455 2467 
14345 697 2448 2440 693 
14346 2441 2454 2437 2396 
14347 2478 699 698 2468 
14348 698 2455 2392 2467 
14349 3457 2468 2449 2471 
14350 3457 2456 1894 1891 
14351 3457 2471 411 2461 
14352 1884 2465 413 412 
14353 698 2478 2454 699 
14354 2451 1878 2459 676 
14355 1873 411 2471 412 
14356 2394 2451 1887 2460 
14357 2416 673 672 2454 
14358 2396 2463 2392 2407 
14359 2410 2434 660 2396 
14360 2439 2450 2433 2436 
14361 681 680 2387 2455 
14362 681 2387 2392 2455 
14363 2396 698 108 2392 
14364 2396 2454 672 698 
14365 2387 2467 2392 2455 
14366 2404 2414 2464 2399 
14367 2404 2473 2446 2407 
14368 2404 2407 2446 669 
14369 2392 2473 2404 2407 
14370 2475 2450 2470 2465 
14371 2446 695 696 2473 
14372 2446 695 2464 2447 
14373 2410 2443 2448 106 
14374 2404 2464 2473 2467 
14375 2474 2463 2396 2407 
14376 670 2407 2445 2448 
14377 2464 3457 2399 2466 
14378 2446 2407 2445 669 
14379 2392 2404 2473 2467 
14380 2478 699 2468 2476 
14381 2446 695 2473 2464 
14382 2469 689 2440 2441 
14383 699 2468 2476 2471 
14384 2477 2420 684 2399 
14385 2390 2477 2399 2420 
14386 2477 2420 685 684 
14387 2477 684 2466 2399 
14388 2477 2466 2464 2399 
14389 2477 2399 2464 2414 
14390 2477 2414 2390 2399 
14391 2464 694 2447 695 
14392 2477 2447 694 2444 
14393 2446 696 2445 2463 
14394 2444 109 685 2423 
14395 2444 2423 683 109 
14396 2390 2400 2412 2419 
14397 2390 2419 2420 2400 
14398 667 2447 668 2414 
14399 2477 2447 2444 2414 
14400 2404 2414 668 2447 
14401 2446 2473 696 2463 
14402 2404 2464 2414 2447 
14403 2444 2447 667 2414 
14404 2477 2444 694 685 
14405 2393 2426 2403 2399 
14406 3457 2393 2387 2399 
14407 2393 2466 2426 2399 
14408 3457 2393 1874 2402 
14409 3457 2455 2468 2467 
14410 3457 2456 2389 1894 
14411 3457 2464 2387 2467 
14412 3457 2468 2461 2467 
14413 2466 684 2426 2399 
14414 2466 2426 684 51 
14415 2387 2464 2404 2467 
14416 3457 1894 1885 1891 
14417 3457 1888 1894 1874 
14418 2392 2473 2407 2463 
14419 3457 2466 2393 2399 
14420 684 2420 2426 2399 
14421 2404 2464 2446 2473 
14422 2446 2445 2407 2463 
14423 3457 2461 411 410 
14424 409 3457 51 2426 
14425 2393 2421 409 2417 
14426 408 2422 2417 2421 
14427 3457 411 1885 410 
14428 2417 2422 2403 2421 
14429 655 49 2405 48 
14430 655 656 2386 658 
14431 2422 407 2386 658 
14432 49 658 655 407 
14433 408 2386 2422 407 
14434 408 1874 2402 1889 
14435 2469 2440 2396 2441 
14436 408 1889 2417 2405 
14437 408 1874 2417 2402 
14438 408 2402 2417 1889 
14439 657 658 2386 656 
14440 657 656 2408 104 
14441 2393 2421 2403 2426 
14442 655 407 2405 49 
14443 408 2386 407 2405 
14444 2418 104 2408 2424 
14445 104 657 2418 2408 
14446 2418 2420 2424 2400 
14447 2418 2424 2408 2400 
14448 2386 2408 2422 657 
14449 2386 2408 657 656 
14450 655 2386 407 658 
14451 2408 2422 2418 2403 
14452 2408 2422 2403 2386 
14453 2417 2403 2422 2386 
14454 408 407 1889 2405 
14455 409 2417 408 1874 
14456 2390 2477 2444 2414 
14457 2390 2419 2412 666 
14458 3457 1873 2449 2456 
14459 2390 2477 685 2444 
14460 2418 2420 2403 2421 
14461 2420 2419 2424 2400 
14462 408 2417 2386 2405 
14463 409 2421 408 2417 
14464 2418 2403 2420 2400 
14465 2424 671 2412 2425 
14466 3457 410 1888 51 
14467 2424 2419 2412 2400 
14468 2424 2425 2412 2419 
14469 104 2424 671 2400 
14470 2424 2412 671 2400 
14471 2412 666 2419 682 
14472 2412 682 107 666 
14473 2412 2425 671 107 
14474 2390 2423 2420 2419 
14475 2419 682 666 683 
14476 2390 2403 2420 2399 
14477 2477 2414 2464 2447 
14478 2444 667 2390 2414 
14479 2404 2446 2464 2447 
14480 2412 682 2425 107 
14481 408 2386 2417 2422 
14482 2477 2447 2464 694 
14483 2444 666 2390 667 
14484 2418 2408 2403 2400 
14485 2393 2421 2417 2403 
14486 2387 2399 2404 2464 
14487 655 407 2386 2405 
14488 694 2444 109 685 
14489 2403 2399 2426 2420 
14490 2390 2423 685 2420 
14491 3457 2466 2464 2467 
14492 2456 2389 679 680 
14493 2393 409 2421 2426 
14494 2459 2438 2452 2435 
14495 678 1890 2398 2397 
14496 1876 1880 2406 406 
14497 1881 1891 1886 2397 
14498 2406 2391 406 1880 
14499 406 43 1880 2391 
14500 2398 1890 1887 1875 
14501 2435 2427 2459 2431 
14502 2413 1876 1881 2406 
14503 2392 2473 2463 2467 
14504 2387 2404 2392 2467 
14505 2417 1889 2402 2405 
14506 2457 112 2475 413 
14507 2395 2394 1846 370 
14508 2408 2424 104 2400 
14509 2403 2426 2421 2420 
14510 1886 1894 2397 1891 
14511 1886 1894 2413 2397 
14512 1876 2406 2413 2388 
14513 2444 2390 2419 2423 
14514 2402 2413 1886 1894 
14515 2402 1889 1874 1886 
14516 2402 1886 2388 1889 
14517 1886 1882 2388 1889 
14518 2398 1887 1890 2460 
14519 2388 404 1882 405 
14520 1883 2388 1882 1889 
14521 1876 2413 1886 2388 
14522 2402 1889 2388 2405 
14523 2388 404 2405 1883 
14524 1883 2388 1889 2405 
14525 1889 1883 2405 407 
14526 2405 48 1883 404 
14527 2405 49 1883 48 
14528 2389 2397 1894 1891 
14529 2427 1878 676 2459 
14530 2390 2420 2403 2400 
14531 2422 657 2408 2418 
14532 2390 2477 2420 685 
14533 3457 2393 2402 2389 
14534 2405 49 407 1883 
14535 1880 2391 43 389 
14536 409 3457 1874 1888 
14537 2402 1886 1874 1894 
14538 3457 2466 410 51 
14539 1881 2406 2397 2413 
14540 2412 2419 2425 682 
14541 670 2445 2407 669 
14542 2444 2419 683 2423 
14543 1876 2388 1882 405 
14544 1876 2388 1886 1882 
14545 2398 1890 1875 1881 
14546 1881 2406 1876 1880 
14547 1881 2397 1886 2413 
14548 1876 2406 2388 405 
14549 2475 2450 2465 112 
14550 676 2451 1878 2394 
14551 1879 2457 1892 1884 
14552 2450 2476 699 2462 
14553 678 2398 1890 2460 
14554 2394 2451 1878 1887 
14555 2394 388 387 369 
14556 2394 1846 1878 2429 
14557 2395 2429 2427 2428 
14558 2457 1884 1879 1893 
14559 1881 2406 2391 2397 
14560 112 1884 1873 412 
14561 43 2391 368 389 
14562 3457 411 1873 1885 
14563 2432 2452 2438 2435 
14564 2427 676 2401 2459 
14565 1878 2429 46 415 
14566 2395 1846 392 370 
14567 2398 1887 2411 1875 
14568 1877 2427 1878 415 
14569 2442 2470 692 2472 
14570 2450 2475 2470 2436 
14571 2438 2432 2458 2452 
14572 409 3457 1888 51 
14573 1876 406 2406 405 
14574 2389 2397 2413 1894 
14575 3457 2468 2471 2461 
14576 2419 2444 666 2390 
14577 688 2409 2430 105 
14578 2389 2413 2402 1894 
14579 3457 2471 1873 411 
14580 2456 2389 1894 1891 
14581 2393 2417 409 1874 
14582 2422 2418 2403 2421 
14583 2444 2390 2423 685 
14584 2450 2462 2454 2433 
14585 1878 1887 2451 1879 
14586 1891 3457 2456 1873 
14587 2398 2397 1890 1881 
14588 414 2431 2472 2475 
14589 2388 404 1883 1882 
14590 409 3457 2393 1874 
14591 3457 2466 2461 410 
14592 3457 2461 2466 2467 
14593 3457 1888 410 1885 
14594 3457 2387 2393 2389 
14595 3457 2389 680 2387 
14596 112 2471 2465 412 
14597 2472 2431 52 686 
14598 112 413 2465 2475 
14599 2441 2454 2462 2433 
14600 2413 1876 1886 1881 
14601 2474 2478 2396 2463 
14602 2419 2444 683 666 
14603 3457 2389 2456 680 
14604 2411 368 2391 389 
14605 3457 2387 2455 2467 
14606 2404 2446 668 669 
14607 2410 2443 2434 2440 
14608 3457 2387 680 2455 
14609 1892 2475 413 2457 
14610 3457 680 2456 2455 
14611 2469 689 2474 2440 
14612 2474 2396 2410 2407 
14613 2431 2475 1892 2438 
14614 2450 2462 2433 2470 
14615 1881 2391 2406 1880 
14616 2398 1881 1875 2391 
14617 697 2440 111 693 
14618 2469 2454 2478 2462 
14619 2416 2454 2396 2437 
14620 2393 2417 1874 2402 
14621 3457 2426 2393 2466 
14622 2402 2388 1886 2413 
14623 2474 2445 2407 2448 
14624 688 665 2415 2401 
14625 2404 668 2446 2447 
14626 2402 1894 1874 3457 
14627 2446 2407 2473 2463 
14628 2437 2454 2441 2433 
14629 657 658 2422 2386 
14630 2410 2396 2474 2440 
3 13 4 485
14631 431 424 1912 50 
14632 1964 115 2497 2525 
14633 2506 2545 2508 725 
14634 2545 2556 2489 2543 
14635 2545 2489 2508 2543 
14636 2545 2508 724 2543 
14637 2545 2508 725 724 
14638 2545 685 2489 2504 
14639 2545 2480 2489 2556 
14640 2545 685 2504 2420 
14641 2545 684 685 2420 
14642 2545 2504 684 2420 
14643 2545 2480 2504 2489 
14644 684 2420 2504 2426 
14645 684 2504 2547 2426 
14646 2547 1908 421 51 
14647 1908 1899 2481 1911 
14648 1908 2487 2481 1899 
14649 1908 2487 2480 2481 
14650 2523 1908 1896 2541 
14651 2547 421 1908 2541 
14652 2547 1908 2532 2541 
14653 2547 2480 1908 2426 
14654 2506 2545 725 685 
14655 2547 1908 51 2426 
14656 2547 2532 2480 2556 
14657 421 1896 1908 2541 
14658 1908 2487 409 2426 
14659 2504 2487 2480 2426 
14660 2487 2495 2479 2421 
14661 2494 1907 407 398 
14662 2494 2486 1907 398 
14663 2487 2494 2422 2479 
14664 1908 2480 2487 2426 
14665 1908 2481 714 2523 
14666 2547 2532 1908 2480 
14667 1908 1911 2523 1896 
14668 1908 714 2480 2532 
14669 2480 2483 2489 2556 
14670 2422 2479 2418 2421 
14671 2494 408 2422 407 
14672 657 104 2418 2496 
14673 2494 1907 408 407 
14674 2418 2496 104 2424 
14675 2479 2496 657 2418 
14676 2487 408 409 2421 
14677 1908 409 2487 1899 
14678 658 657 2422 2479 
14679 685 2482 2420 2423 
14680 2496 104 2424 2490 
14681 2422 2479 657 2418 
14682 2504 2420 2421 2426 
14683 2480 2483 2532 713 
14684 2495 2420 2482 2490 
14685 1908 714 2532 2523 
14686 2420 2482 2419 2423 
14687 2487 2479 2422 2421 
14688 671 104 2490 2424 
14689 2545 2480 2547 2504 
14690 2424 2503 671 2425 
14691 2418 2420 2421 2495 
14692 685 2482 2504 2420 
14693 700 113 671 2503 
14694 2425 2503 107 682 
14695 2490 2503 700 671 
14696 2490 2503 671 2424 
14697 2503 113 107 701 
14698 2503 701 107 682 
14699 2503 682 2510 701 
14700 2503 2482 2419 2490 
14701 2425 2503 682 2510 
14702 2503 701 2510 2482 
14703 2419 682 683 2510 
14704 2425 2419 2503 2510 
14705 2503 107 113 671 
14706 683 109 2423 2506 
14707 2506 2419 683 2510 
14708 2503 107 671 2425 
14709 1908 2480 714 2481 
14710 2424 2503 2419 2490 
14711 2490 2420 2419 2424 
14712 2510 2506 2482 701 
14713 2506 702 2482 701 
14714 2506 2489 702 2508 
14715 702 2508 2489 703 
14716 2418 2495 2496 2490 
14717 2480 2532 2483 2556 
14718 2419 2482 2510 2506 
14719 2547 2532 2556 2541 
14720 2503 2510 2419 2482 
14721 724 2509 723 2543 
14722 724 2508 2509 2543 
14723 2489 2509 2483 703 
14724 2489 2508 2509 703 
14725 2509 704 2483 703 
14726 2509 2483 704 2507 
14727 704 705 2507 2488 
14728 2509 2543 2546 723 
14729 704 2488 2507 2483 
14730 2545 2506 2508 2489 
14731 2491 2539 2518 2514 
14732 2507 2546 2483 2488 
14733 2483 712 2540 713 
14734 2489 2556 2483 2543 
14735 2489 2509 2508 2543 
14736 685 2504 2482 2489 
14737 2547 2426 2504 2480 
14738 2545 685 2506 2489 
14739 685 2506 2423 109 
14740 2419 2423 2482 2506 
14741 2487 2494 2486 1907 
14742 2509 2546 2507 723 
14743 2507 2546 2488 729 
14744 2546 2488 729 2522 
14745 685 2506 109 725 
14746 2506 702 2489 2482 
14747 2546 2522 2548 2550 
14748 2522 2512 2548 2537 
14749 2548 2535 2550 2522 
14750 2548 2535 2549 2550 
14751 2548 2537 2530 2522 
14752 2511 707 708 2485 
14753 2546 2522 2540 2488 
14754 2515 2521 2493 2511 
14755 2530 728 2542 2521 
14756 727 2515 2514 2521 
14757 709 2539 2491 2514 
14758 2512 2488 711 2537 
14759 2517 721 114 2484 
14760 2548 2522 2530 2535 
14761 114 721 705 2484 
14762 706 2517 114 2484 
14763 2507 2488 705 722 
14764 721 722 705 2488 
14765 2537 2516 2484 2512 
14766 711 2488 712 2522 
14767 711 2537 2488 2522 
14768 711 710 2484 2537 
14769 721 705 2484 2488 
14770 2491 2518 2498 2485 
14771 2514 709 2485 2491 
14772 2548 2537 728 2530 
14773 2548 2512 728 2537 
14774 2521 2530 2528 2542 
14775 2530 2551 2542 2549 
14776 2512 729 2488 2522 
14777 2550 2483 2546 2540 
14778 2512 729 722 2488 
14779 2530 2531 2551 2549 
14780 2544 1905 418 2529 
14781 2544 417 418 1905 
14782 2544 418 2551 2529 
14783 2544 2527 1905 2529 
14784 2544 417 1905 2527 
14785 2554 2528 2525 2527 
14786 2552 2553 2539 2528 
14787 2528 2544 2551 2529 
14788 2512 2484 711 2488 
14789 2530 2531 2549 2535 
14790 729 2507 116 722 
14791 2512 722 2484 2488 
14792 2551 418 419 2529 
14793 434 2497 1964 115 
14794 2555 1909 2531 419 
14795 2555 420 1909 419 
14796 2555 1909 420 2531 
14797 2551 419 2555 2531 
14798 2555 420 2541 2531 
14799 2548 2530 2549 2535 
14800 2483 2550 2556 2540 
14801 2550 2483 2543 2546 
14802 2556 2550 2541 2532 
14803 2523 1908 2541 2532 
14804 2541 420 1896 2523 
14805 2541 2532 2550 2535 
14806 2549 2541 2550 2535 
14807 2531 419 1895 2529 
14808 2531 1895 2533 2529 
14809 2554 2528 2552 2525 
14810 2531 419 1909 1895 
14811 2532 2540 2550 2535 
14812 685 2506 2489 2482 
14813 2540 2522 2550 2535 
14814 2548 729 728 2512 
14815 2483 2556 2550 2543 
14816 2507 2546 116 723 
14817 714 2481 715 2523 
14818 2556 2550 2532 2540 
14819 2551 2531 2555 2549 
14820 715 2523 2481 1911 
14821 2538 1904 2533 2523 
14822 2538 2533 1904 2524 
14823 715 716 2538 2492 
14824 2538 1904 1898 2524 
14825 2538 1898 1904 1903 
14826 717 2536 2499 718 
14827 717 2499 2536 1902 
14828 1959 463 1962 2513 
14829 2504 2495 2487 2421 
14830 715 2481 2492 1911 
14831 717 716 1898 2524 
14832 2538 2492 716 1903 
14833 2533 2529 1895 2534 
14834 420 2523 2531 1909 
14835 2538 1904 2523 1911 
14836 2533 2534 1906 2524 
14837 1904 1906 2533 1895 
14838 2531 2533 1909 2523 
14839 2541 2531 2532 2535 
14840 684 2426 2547 51 
14841 420 2523 1909 1896 
14842 2531 1909 2533 1895 
14843 2538 1903 1904 1911 
14844 2555 2531 2541 2535 
14845 2530 2551 2531 2529 
14846 2528 2551 2544 2542 
14847 1965 1910 2527 2526 
14848 2551 419 2531 2529 
14849 1895 2529 1905 2534 
14850 1904 2523 1911 1896 
14851 1895 2529 419 418 
14852 715 2492 2538 1911 
14853 1960 2526 719 1963 
14854 2530 2551 2528 2542 
14855 2527 2520 2526 1910 
14856 2512 721 2517 2484 
14857 2521 2528 2539 2553 
14858 2530 728 2521 2537 
14859 2554 2544 2528 2527 
14860 2534 1906 2520 1910 
14861 1905 2529 2527 2534 
14862 1895 1905 1906 2534 
14863 2536 1902 2499 718 
14864 2536 1897 1902 718 
14865 2536 2520 1897 718 
14866 716 2492 401 1903 
14867 716 2500 1898 1903 
14868 1905 1906 2534 1910 
14869 2534 2520 1906 2536 
14870 2520 1963 1910 1897 
14871 2521 2493 2511 2485 
14872 1965 1963 2520 2526 
14873 717 1902 2536 1898 
14874 1961 2552 1959 2525 
14875 423 1963 1897 1910 
14876 2555 2549 2531 2535 
14877 2483 2488 2540 712 
14878 2505 718 1902 1897 
14879 2502 2499 1902 718 
14880 2502 1912 403 50 
14881 1902 2502 1912 403 
14882 1906 1898 2536 1902 
14883 1963 2505 431 424 
14884 1902 1912 2505 1897 
14885 1965 1901 1961 2527 
14886 1912 431 2502 2505 
14887 403 1902 2499 402 
14888 1965 1963 423 1910 
14889 1963 1897 2505 424 
14890 431 1912 2502 50 
14891 1963 431 2505 432 
14892 1904 2533 1906 2524 
14893 1895 2529 418 1905 
14894 730 1961 1959 461 
14895 1904 1909 2533 2523 
14896 1906 1897 2520 1910 
14897 1964 115 2525 2539 
14898 1965 2526 2520 1910 
14899 1898 2500 401 1903 
14900 1898 2500 1902 402 
14901 717 1898 716 2500 
14902 717 1902 1898 2500 
14903 1906 1897 2536 2520 
14904 2505 718 2502 1902 
14905 2538 2492 1903 1911 
14906 717 402 2499 1902 
14907 1912 431 2505 424 
14908 1904 1895 2533 1909 
14909 2492 2501 400 1900 
14910 1898 402 401 2500 
14911 2492 400 1903 1900 
14912 399 2486 1900 2501 
14913 2479 2496 2418 2495 
14914 671 104 700 2490 
14915 2487 1899 2486 2481 
14916 1900 1911 2481 1899 
14917 2492 1900 1903 1911 
14918 2492 2481 1900 1911 
14919 2489 2483 2509 2543 
14920 2479 2495 2418 2421 
14921 2494 407 2422 658 
14922 2483 2540 2556 2532 
14923 1900 2481 2486 1899 
14924 717 1898 2536 2524 
14925 1908 51 2426 409 
14926 2487 2421 409 2426 
14927 685 2423 2506 2482 
14928 715 2538 2523 1911 
14929 2487 1907 2486 1899 
14930 2487 408 2494 1907 
14931 2480 713 2532 714 
14932 2541 2531 420 2523 
14933 400 2501 399 1900 
14934 2418 2496 2424 2490 
14935 1900 2486 2481 2501 
14936 2490 2418 2420 2424 
14937 2504 2421 2420 2495 
14938 2494 398 407 49 
14939 2555 2541 2549 2535 
14940 2545 2547 684 2504 
14941 421 1896 2541 420 
14942 399 1907 1900 2486 
14943 2490 2418 2495 2420 
14944 2487 408 1907 1899 
14945 399 1907 2486 398 
14946 1902 2502 403 2499 
14947 1902 1912 2502 2505 
14948 2538 1898 716 2524 
14949 2520 1963 719 2526 
14950 2490 2420 2482 2419 
14951 49 658 407 2494 
14952 2487 1899 409 408 
14953 717 402 1902 2500 
14954 2487 2422 2494 408 
14955 2425 682 2419 2510 
14956 2494 2422 2479 658 
14957 709 2521 2493 710 
14958 401 1903 2492 400 
14959 2509 2543 2483 2546 
14960 2504 2482 2495 2420 
14961 2515 2537 728 2512 
14962 2522 2512 729 2548 
14963 2512 2488 2537 2522 
14964 2506 2419 2423 683 
14965 2521 2542 2528 2553 
14966 2492 2501 1900 2481 
14967 1900 1899 2486 1907 
14968 1904 1906 1898 2524 
14969 2424 2503 2425 2419 
14970 1905 1901 2527 417 
14971 423 1897 1963 424 
14972 2505 424 1897 1912 
14973 2520 2505 719 1963 
14974 2546 2540 2522 2550 
14975 2520 2505 1963 1897 
14976 1961 1960 2526 2525 
14977 2520 718 2505 1897 
14978 2520 718 719 2505 
14979 1904 1909 2523 1896 
14980 2534 2536 1906 2524 
14981 2487 2422 408 2421 
14982 2554 2527 1901 417 
14983 2541 2532 2531 2523 
14984 2504 2421 2487 2426 
14985 721 2484 722 2488 
14986 1905 2527 1901 1910 
14987 2483 2540 2532 713 
14988 2533 2534 1895 1906 
14989 1906 2524 2536 1898 
14990 1960 1963 719 432 
14991 2483 2488 2546 2540 
14992 729 2507 2546 116 
14993 2509 2483 2507 2546 
14994 2538 1903 716 1898 
14995 2507 2488 722 729 
14996 2548 2530 728 2542 
14997 1908 1911 2481 2523 
14998 1906 1902 2536 1897 
14999 1905 2534 2527 1910 
15000 719 1963 2505 432 
15001 2546 729 2548 2522 
15002 2545 2547 2480 2556 
15003 716 1903 401 2500 
15004 2512 711 2484 2537 
15005 2512 722 721 2484 
15006 2530 2528 2551 2529 
15007 2548 2549 2530 2542 
15008 2497 115 720 2525 
15009 2528 2542 2544 2553 
15010 2528 2527 2544 2529 
15011 2540 712 2488 2522 
15012 2527 2534 2520 1910 
15013 1961 54 53 1901 
15014 1959 2552 2513 2539 
15015 422 1901 1965 1910 
15016 2525 1960 2526 720 
15017 1965 1910 1901 2527 
15018 1961 2554 2525 2527 
15019 2515 710 2516 2493 
15020 2552 2553 2528 2544 
15021 2485 2518 2514 2491 
15022 435 2518 2491 1962 
15023 2521 2493 2485 709 
15024 2516 2484 2493 710 
15025 2516 706 2493 2484 
15026 1959 2539 2513 1962 
15027 2515 710 2521 2537 
15028 2515 710 2493 2521 
15029 2515 2493 2516 2511 
15030 2485 2518 2511 2514 
15031 435 2491 2518 2498 
15032 2516 2517 706 2484 
15033 2515 2516 710 2537 
15034 2537 2516 710 2484 
15035 2493 707 2511 2485 
15036 2516 2493 706 707 
15037 2516 2511 2493 707 
15038 2515 728 2537 2521 
15039 1959 2539 1964 2525 
15040 2515 2512 2516 2537 
15041 2516 2484 2512 2517 
15042 727 2514 2553 2521 
15043 727 2553 2514 726 
15044 727 728 2515 2521 
15045 2485 2514 2521 709 
15046 2485 2514 2511 2521 
15047 2514 2553 2521 2539 
15048 2514 2553 2539 726 
15049 462 2519 58 2498 
15050 2514 2521 2515 2511 
15051 2491 2539 1962 2518 
15052 709 2539 2514 2521 
15053 709 2539 115 2491 
15054 719 1960 432 720 
15055 115 1962 2491 2539 
15056 422 1965 423 1910 
15057 435 462 2518 1962 
15058 434 1964 1962 115 
15059 2552 2528 2539 2525 
15060 1959 117 730 461 
15061 2552 726 2539 2553 
15062 727 2542 728 2521 
15063 727 2542 2521 2553 
15064 2513 2552 726 2539 
15065 2513 726 2514 2539 
15066 2513 2518 1962 2539 
15067 2513 2514 2518 2539 
15068 117 726 2513 2552 
15069 1960 720 1964 433 
15070 462 2519 2498 2518 
15071 435 2498 462 58 
15072 1959 117 2552 730 
15073 463 1962 2513 2518 
15074 2519 2518 2511 2485 
15075 2519 2498 2518 2485 
15076 2519 708 2498 2485 
15077 2519 2511 708 2485 
15078 58 2498 2519 708 
15079 462 1962 463 2518 
15080 435 2518 462 2498 
15081 1964 720 2497 433 
15082 1959 117 461 62 
15083 1965 2527 1961 2526 
15084 1964 2525 2497 720 
15085 1965 2520 1963 1910 
15086 1959 2552 117 2513 
15087 2525 1960 720 1964 
15088 1961 53 2554 1901 
15089 1961 53 461 730 
15090 1960 720 433 432 
15091 1961 53 54 461 
15092 1961 2552 2554 730 
15093 1961 2554 53 730 
15094 1961 2526 2527 2525 
15095 1959 2552 2539 2525 
15096 2554 2544 2527 417 
15097 2554 2544 2552 2528 
15098 1964 1962 115 2539 
15099 1961 2554 2552 2525 
15100 2554 1901 53 417 
15101 719 1960 720 2526 
15102 730 1961 2552 1959 
15103 1959 1964 2539 1962 
15104 1959 117 62 2513 
15105 1961 1901 2554 2527 
15106 434 1964 2497 433 
15107 1959 62 463 2513 
15108 434 2491 115 1962 
15109 434 1962 435 2491 
15110 1961 1959 1964 2525 
15111 1965 2526 1960 1963 
15112 1961 1964 1960 2525 
15113 1965 2526 1961 1960 
15114 422 1961 1965 1901 
15115 422 54 1961 1901 
3 14 4 529
15116 745 2573 744 2611 
15117 2624 768 2628 767 
15118 757 2603 748 2601 
15119 758 749 757 2603 
15120 757 748 2586 2601 
15121 759 2590 2629 2599 
15122 2573 2602 759 2616 
15123 2629 2597 2606 2615 
15124 2599 750 2576 2590 
15125 756 2626 757 2586 
15126 756 2601 2586 747 
15127 2600 2619 2627 2621 
15128 3458 1968 1970 1967 
15129 3459 1971 1972 1966 
15130 3459 1972 1969 1966 
15131 3459 2566 2585 2571 
15132 3459 1157 1966 2636 
15133 3459 466 1966 1157 
15134 3458 3459 2592 2571 
15135 3459 466 1971 1966 
15136 116 722 2581 729 
15137 746 2581 2604 729 
15138 756 2577 2617 2604 
15139 746 2577 2604 2581 
15140 2515 728 2618 2512 
15141 3459 1966 1969 2636 
15142 2516 2575 707 2562 
15143 756 2617 2601 2604 
15144 2512 2618 2515 2516 
15145 2627 2597 2621 2628 
15146 728 729 2577 2512 
15147 728 729 2604 2577 
15148 2626 2615 757 2603 
15149 2516 2614 2511 2575 
15150 1153 1152 2621 2620 
15151 2592 3459 2582 2571 
15152 2577 2581 2584 729 
15153 727 2619 2617 2598 
15154 2519 2559 2511 2614 
15155 3458 463 468 2620 
15156 3459 2568 2558 2582 
15157 3459 2566 2613 2567 
15158 756 2601 2626 2586 
15159 2586 2601 748 747 
15160 3458 467 1968 1971 
15161 2577 2584 2512 729 
15162 116 2581 746 729 
15163 2584 729 2581 722 
15164 3458 1968 462 1970 
15165 2518 2511 2514 2614 
15166 756 2601 747 2604 
15167 2512 2584 721 722 
15168 2512 721 2584 2517 
15169 2512 2618 2516 2587 
15170 2512 729 2584 722 
15171 2516 707 706 2562 
15172 2513 2619 2621 2620 
15173 2604 2581 2577 729 
15174 2518 2514 2620 2614 
15175 2626 2598 2605 2601 
15176 1153 2621 766 1158 
15177 2580 3458 2625 2559 
15178 2594 59 63 1973 
15179 3458 468 1153 2620 
15180 2568 2595 2578 2635 
15181 2574 770 771 2565 
15182 2622 1145 2631 2624 
15183 3458 462 463 2518 
15184 3458 1970 462 2519 
15185 2573 2612 774 1160 
15186 746 2577 747 2604 
15187 2560 1969 1973 764 
15188 2633 2588 776 2634 
15189 3459 1971 1967 1972 
15190 3458 2592 2632 2571 
15191 2583 2638 772 2565 
15192 741 2579 2609 2565 
15193 762 123 740 2637 
15194 2564 734 2582 2558 
15195 1144 3459 2588 776 
15196 2516 754 2614 2575 
15197 2592 3459 2564 2582 
15198 2575 2580 2559 732 
15199 2516 2587 754 2575 
15200 1148 760 2631 2616 
15201 2574 2610 770 742 
15202 2515 728 2617 2618 
15203 2559 733 732 2580 
15204 764 2563 2568 2595 
15205 2572 2574 1156 2567 
15206 774 2573 1148 2611 
15207 2558 1972 438 437 
15208 2574 742 770 2565 
15209 2558 2560 1972 437 
15210 2634 2637 2583 2638 
15211 1968 468 467 1159 
15212 1149 1145 1148 2631 
15213 1148 2573 760 2616 
15214 3459 2560 2568 1969 
15215 2616 769 2606 768 
15216 2597 2628 768 767 
15217 1148 2573 769 2611 
15218 2573 1160 1148 760 
15219 1150 775 2583 2638 
15220 3458 2592 2557 2580 
15221 1144 3459 776 1154 
15222 2513 2619 2514 726 
15223 1156 1155 2631 2623 
15224 1159 2622 1153 1151 
15225 707 2575 2559 2562 
15226 465 2636 1966 64 
15227 2574 2610 742 2593 
15228 2572 2631 760 761 
15229 706 2517 2569 114 
15230 2573 759 760 2616 
15231 2572 1156 2574 1146 
15232 2560 436 1969 437 
15233 3458 439 2561 1967 
15234 3458 1159 467 1147 
15235 2597 2603 2615 2605 
15236 3458 2518 463 2620 
15237 2511 2575 2614 2559 
15238 2592 2557 2580 733 
15239 2519 708 2559 2557 
15240 2632 2625 752 2592 
15241 771 2565 770 2608 
15242 2634 2638 2583 775 
15243 2515 2511 2516 2614 
15244 2621 1158 2622 2624 
15245 1969 465 2635 2636 
15246 2633 2570 763 2578 
15247 2599 758 749 2590 
15248 745 765 121 2576 
15249 2606 759 2629 2599 
15250 3458 439 2557 2561 
15251 2606 2615 2597 2603 
15252 759 2602 2606 2616 
15253 2572 1160 1146 2593 
15254 2573 2612 1160 2589 
15255 2612 2589 2573 744 
15256 2610 2593 2612 743 
15257 2631 2572 1156 2623 
15258 125 2610 1146 773 
15259 1152 2621 2513 766 
15260 3458 467 1971 1147 
15261 2511 707 2575 2559 
15262 769 2611 2573 2602 
15263 774 1148 769 2611 
15264 3458 2632 3459 2571 
15265 2578 3459 2588 2585 
15266 2624 2616 768 1145 
15267 776 1144 2634 2588 
15268 3459 1147 1157 1154 
15269 766 2621 2600 767 
15270 2600 2621 2627 2597 
15271 1150 2638 2583 126 
15272 769 2606 2602 2616 
15273 745 765 2576 2611 
15274 124 2602 765 2611 
15275 769 2602 2573 2616 
15276 1155 2622 1147 1151 
15277 2599 2576 750 2607 
15278 765 2602 2576 2611 
15279 2599 2576 2607 2602 
15280 2629 2615 2606 2603 
15281 2607 2576 121 765 
15282 2607 2576 765 2602 
15283 750 121 2607 2576 
15284 2629 2628 2597 2615 
15285 2606 759 2599 2602 
15286 2629 2606 2599 2603 
15287 749 750 2599 2590 
15288 757 748 2603 749 
15289 2627 2615 2597 2628 
15290 758 757 2615 2603 
15291 758 2629 2590 2599 
15292 2629 2628 2606 2597 
15293 2624 767 1158 1145 
15294 2626 2605 2627 2615 
15295 2626 2605 2615 2603 
15296 2599 758 2603 749 
15297 758 2603 2629 2599 
15298 2624 768 767 1145 
15299 2624 2616 2628 768 
15300 463 2513 1152 2620 
15301 2606 768 2597 2628 
15302 2606 768 2628 2616 
15303 759 2590 758 2629 
15304 2629 2606 2628 2616 
15305 758 2615 2629 2603 
15306 759 2590 2599 2576 
15307 759 2576 2599 2602 
15308 759 2606 2629 2616 
15309 2572 1160 2593 2589 
15310 2622 2624 1158 1145 
15311 2616 769 768 1148 
15312 2593 2589 1160 773 
15313 2635 2578 2633 763 
15314 2631 2624 1145 2616 
15315 2573 1160 760 2589 
15316 2557 733 2559 2580 
15317 3459 2635 2568 2578 
15318 752 2625 753 2580 
15319 774 744 2573 2611 
15320 2622 2631 1145 1151 
15321 1153 3458 2630 1159 
15322 1148 1145 768 2616 
15323 1160 1148 760 2631 
15324 1148 769 2573 2616 
15325 2572 1149 1160 2631 
15326 1160 2612 773 2589 
15327 2573 2576 759 2602 
15328 2573 2611 2576 2602 
15329 1148 2631 1145 2616 
15330 2574 125 770 2610 
15331 2610 2612 2593 773 
15332 124 2611 769 2602 
15333 124 774 769 2611 
15334 745 2576 2573 2611 
15335 2612 2573 774 744 
15336 1149 1148 1160 2631 
15337 2612 2589 744 743 
15338 1160 774 773 2612 
15339 1160 1148 774 2573 
15340 2631 1149 1151 1155 
15341 1146 773 2610 2593 
15342 2574 125 771 770 
15343 2572 1146 2574 2593 
15344 2572 760 1160 2589 
15345 2572 761 2623 2631 
15346 2574 1156 1150 1146 
15347 2634 2583 2570 2588 
15348 2572 1149 1156 1146 
15349 2572 1156 2623 2567 
15350 2593 2589 773 2612 
15351 1146 773 2593 1160 
15352 2593 2589 2612 743 
15353 742 2593 2610 743 
15354 2572 1160 760 2631 
15355 1156 1155 1149 2631 
15356 2574 2593 1146 2610 
15357 2574 1146 125 2610 
15358 2617 2598 2601 2604 
15359 120 2608 770 2565 
15360 120 2565 770 742 
15361 2583 772 2579 2565 
15362 2579 2637 123 772 
15363 741 2608 120 2565 
15364 2574 1150 1156 2567 
15365 1150 775 2638 126 
15366 1149 1145 2631 1151 
15367 763 2570 2634 762 
15368 1144 2623 1156 2567 
15369 2574 1146 1150 771 
15370 1150 1144 1156 2567 
15371 2572 2623 761 2567 
15372 1150 2583 775 1144 
15373 3459 1971 466 1147 
15374 2633 2634 763 2570 
15375 3459 1969 2568 2635 
15376 3458 1970 439 1967 
15377 3459 466 1157 1147 
15378 2631 2572 1149 1156 
15379 1155 1156 1144 2623 
15380 2572 1160 1149 1146 
15381 772 126 2608 2565 
15382 2574 1146 771 125 
15383 2583 126 2638 2565 
15384 2633 2588 2634 2570 
15385 2634 775 2583 1144 
15386 126 771 2608 2565 
15387 772 126 2565 2638 
15388 2634 2583 2588 1144 
15389 3459 2568 2585 2578 
15390 1150 2583 1144 2567 
15391 772 2583 2637 2638 
15392 1154 776 777 2633 
15393 3459 2558 1972 438 
15394 741 119 2609 2579 
15395 740 123 2579 2637 
15396 119 2579 740 123 
15397 2609 2579 119 123 
15398 2609 772 2579 123 
15399 741 2609 2608 2565 
15400 772 2565 2608 2609 
15401 772 2565 2609 2579 
15402 2588 1144 2583 2567 
15403 2633 2588 2570 2578 
15404 2613 2623 1144 2567 
15405 772 2583 2579 2637 
15406 1150 126 2583 2565 
15407 1150 771 126 2565 
15408 2574 2583 1150 2567 
15409 2574 771 1150 2565 
15410 2574 1150 2583 2565 
15411 122 761 2623 2567 
15412 3459 2560 2558 2568 
15413 2595 2563 2591 2596 
15414 3459 2632 751 2571 
15415 2634 2637 762 2570 
15416 3459 2613 1147 1155 
15417 1157 2636 777 64 
15418 2634 2637 2570 2583 
15419 2570 2583 2637 2579 
15420 2570 2637 740 2579 
15421 762 739 2570 740 
15422 762 740 2570 2637 
15423 3459 1144 2588 2567 
15424 2595 2596 2591 738 
15425 763 2570 762 739 
15426 763 2578 2570 739 
15427 2595 2578 763 739 
15428 776 775 2634 1144 
15429 2622 1158 1151 1145 
15430 3458 2630 3459 2632 
15431 3459 1147 1154 1155 
15432 1969 465 2636 1966 
15433 3459 1972 2560 1969 
15434 3458 2614 2518 2620 
15435 3459 2636 2635 2633 
15436 3459 2558 2564 2582 
15437 1966 2636 1157 64 
15438 3458 3459 1967 2561 
15439 3458 1967 3459 1971 
15440 3459 751 2613 2566 
15441 1966 64 1157 466 
15442 3459 2633 2635 2578 
15443 1973 2563 2594 59 
15444 468 3458 1159 1968 
15445 3458 463 462 1968 
15446 3459 2585 2582 2571 
15447 3459 751 2566 2571 
15448 438 3459 2561 1967 
15449 2594 1973 63 764 
15450 2560 1969 1972 437 
15451 3458 1968 1967 1971 
15452 3459 1969 2635 2636 
15453 3459 2588 2566 2567 
15454 3459 2630 2613 2632 
15455 2560 1969 436 1973 
15456 764 1969 464 2635 
15457 2595 2594 2563 2596 
15458 764 1969 1973 464 
15459 3459 1144 2613 1155 
15460 2563 2568 2595 2591 
15461 2560 764 2563 2568 
15462 63 1973 464 764 
15463 1973 2563 59 436 
15464 2595 2591 2578 738 
15465 1969 464 2635 465 
15466 2563 1973 2560 436 
15467 2563 737 2596 2594 
15468 2595 2563 2594 764 
15469 2563 1973 2594 764 
15470 2563 2560 1973 764 
15471 118 2591 2596 738 
15472 2568 764 2595 2635 
15473 764 1969 2568 2560 
15474 2563 737 2594 59 
15475 736 2568 2563 2591 
15476 118 2596 2563 737 
15477 2568 2578 2595 2591 
15478 118 2596 2591 2563 
15479 736 2563 118 2591 
15480 736 2563 2568 2560 
15481 1969 2568 2635 764 
15482 2595 2578 739 738 
15483 2595 2578 2635 763 
15484 2595 763 2635 764 
15485 3458 3459 2561 2564 
15486 3459 776 1154 2633 
15487 735 2560 736 2568 
15488 734 2582 2558 735 
15489 3459 1154 1144 1155 
15490 3459 1972 2558 2560 
15491 3459 2568 2582 2585 
15492 2568 2558 735 2560 
15493 3458 2519 462 2518 
15494 438 3459 1967 1972 
15495 2561 438 1967 439 
15496 2568 2558 2582 735 
15497 3459 776 2633 2588 
15498 3459 2633 1154 777 
15499 2592 2582 2564 734 
15500 2587 2512 2577 2584 
15501 752 2592 2625 2580 
15502 2621 2628 2597 767 
15503 2592 2557 733 2564 
15504 2512 2569 2587 2516 
15505 733 734 2592 2564 
15506 2515 2614 2516 2618 
15507 2632 2592 752 2571 
15508 3458 2625 2614 2620 
15509 2569 114 2517 721 
15510 3459 777 1157 2636 
15511 2580 2614 2575 2559 
15512 2614 2575 754 753 
15513 2580 2614 753 2575 
15514 3458 2620 2630 2625 
15515 2614 2580 753 2625 
15516 2515 2619 2614 2618 
15517 2513 726 2600 2619 
15518 3458 2592 3459 2564 
15519 2580 3458 2559 2557 
15520 3458 2614 2519 2518 
15521 2617 2577 728 2604 
15522 755 2617 2577 728 
15523 2600 2605 2627 2617 
15524 755 2512 728 2577 
15525 3458 2519 58 1970 
15526 3459 2632 2613 751 
15527 3458 2557 58 2519 
15528 3459 2566 2588 2585 
15529 2632 752 751 2571 
15530 3458 58 2557 1970 
15531 2613 2566 751 122 
15532 2622 1155 2613 2623 
15533 3459 2561 2564 2558 
15534 3459 2633 777 2636 
15535 3458 3459 2630 1147 
15536 3459 2613 1144 2567 
15537 3459 2613 2630 1147 
15538 3459 1154 1157 777 
15539 2613 2566 122 2567 
15540 2613 122 2623 2567 
15541 2613 2623 1155 1144 
15542 1155 2622 1151 2631 
15543 1155 2622 2631 2623 
15544 463 62 468 1152 
15545 1152 2513 117 766 
15546 1155 2622 2613 1147 
15547 2622 2630 2613 1147 
15548 2630 2622 2620 1153 
15549 2614 2580 2625 2559 
15550 755 2512 2618 728 
15551 2587 2512 755 2577 
15552 727 2619 2514 2515 
15553 2600 2627 2605 2597 
15554 2621 767 2624 2628 
15555 2621 2624 767 1158 
15556 2627 2597 2615 2605 
15557 2600 727 2619 726 
15558 2626 757 2601 2603 
15559 2617 2598 2626 2601 
15560 2626 2601 2605 2603 
15561 2600 2605 2617 2598 
15562 755 2618 2617 728 
15563 756 747 2577 2604 
15564 2626 2601 757 2586 
15565 756 2601 2617 2626 
15566 727 2619 2515 2617 
15567 2617 728 2598 2604 
15568 2617 2626 2598 2605 
15569 2617 2627 2626 2605 
15570 2617 2619 2627 2600 
15571 2617 2619 2600 2598 
15572 2515 2618 2617 2619 
15573 2587 2618 755 2512 
15574 2569 2512 2587 2584 
15575 755 2617 756 2577 
15576 2569 2517 2512 2584 
15577 2569 2517 2584 721 
15578 2516 2587 2575 2569 
15579 2575 732 2559 2562 
15580 706 2569 731 114 
15581 2516 2575 2511 707 
15582 2516 2569 2575 706 
15583 2575 731 732 2562 
15584 2575 731 706 2569 
15585 2575 706 731 2562 
15586 2516 706 2575 2562 
15587 754 755 2587 2618 
15588 3458 1159 1968 467 
15589 1152 2513 62 117 
15590 2516 2614 754 2618 
15591 2516 754 2587 2618 
15592 2511 708 707 2559 
15593 2514 2620 2614 2619 
15594 2516 2569 706 2517 
15595 2512 2569 2516 2517 
15596 2617 727 728 2515 
15597 766 1158 2621 767 
15598 2514 2515 2619 2614 
15599 2514 2511 2515 2614 
15600 727 2514 2619 726 
15601 2513 766 2600 726 
15602 2600 2619 727 2598 
15603 3458 2557 2564 2561 
15604 463 62 1152 2513 
15605 1152 2513 2621 2620 
15606 2513 2620 2514 2619 
15607 2513 2600 766 2621 
15608 2513 2619 2600 2621 
15609 2630 2622 1153 1159 
15610 1153 2622 2621 1158 
15611 2617 727 2598 728 
15612 2600 2621 2597 767 
15613 1153 2621 1152 766 
15614 463 468 1153 1152 
15615 1159 2630 2622 1147 
15616 2513 2518 2514 2620 
15617 117 766 2513 726 
15618 1153 2621 2622 2620 
15619 463 1153 468 2620 
15620 1159 2622 1151 1147 
15621 1153 3458 2620 2630 
15622 3458 2625 2630 2632 
15623 3458 468 463 1968 
15624 1153 1151 2622 1158 
15625 2578 3459 2633 2588 
15626 467 466 1971 1147 
15627 3459 2561 2558 438 
15628 3458 2519 2559 2557 
15629 3458 2564 2557 2592 
15630 2519 2511 2518 2614 
15631 2519 708 2511 2559 
15632 3458 439 1970 2557 
15633 3458 2630 1159 1147 
15634 463 1152 1153 2620 
15635 463 2518 2513 2620 
15636 3458 2559 2614 2625 
15637 3458 2625 2632 2592 
15638 468 3458 1153 1159 
15639 58 2519 2557 708 
15640 3458 1971 3459 1147 
15641 3458 2559 2519 2614 
15642 58 1970 439 2557 
15643 3458 2625 2592 2580 
15644 462 1970 58 2519 
3 15 4 471
15645 2688 129 128 2653 
15646 2315 2324 2644 2316 
15647 2655 2669 2670 783 
15648 2663 2322 2662 2647 
15649 2318 2324 2661 2708 
15650 2698 95 2250 2252 
15651 2249 2255 585 2720 
15652 131 2249 585 2720 
15653 2251 2253 2255 2712 
15654 2321 640 2670 2674 
15655 2321 2670 2655 2674 
15656 2316 618 2312 2665 
15657 2312 618 2658 2665 
15658 2692 2252 2683 2717 
15659 2719 2318 2650 2708 
15660 2251 2323 2319 2252 
15661 795 2710 2682 2679 
15662 2705 2701 2704 2718 
15663 2251 2712 2720 2717 
15664 2314 2320 2723 2677 
15665 2714 2683 2691 2686 
15666 2318 2661 2650 2708 
15667 2681 2711 2693 2690 
15668 2719 800 2650 2647 
15669 2312 618 2641 2658 
15670 2321 2655 2669 2674 
15671 2703 2258 2686 2676 
15672 2695 811 2707 810 
15673 2721 2710 2648 796 
15674 2654 788 130 2707 
15675 2703 2686 809 2676 
15676 90 2256 2642 89 
15677 2313 2722 2324 2708 
15678 2693 638 637 2320 
15679 2255 2667 2712 2253 
15680 2694 2648 2721 2710 
15681 586 585 131 2249 
15682 2320 2722 2708 2723 
15683 793 131 2259 586 
15684 2716 636 2314 2677 
15685 784 2668 2671 785 
15686 2692 2319 2251 2717 
15687 2675 2673 2652 786 
15688 2671 804 2697 2696 
15689 2655 2670 2669 2674 
15690 2313 2320 2722 2708 
15691 2719 800 2647 801 
15692 2713 2714 2710 2684 
15693 2645 2697 2657 2675 
15694 2704 2701 2699 2718 
15695 2703 2254 2258 602 
15696 2716 2723 2715 2677 
15697 2696 2649 2656 2646 
15698 2316 2312 2650 2665 
15699 803 2671 2669 2696 
15700 2689 807 787 2653 
15701 95 100 96 2252 
15702 2700 2674 639 2321 
15703 2704 2718 2699 2686 
15704 2646 2700 2656 2696 
15705 2663 2253 583 2256 
15706 2702 2679 808 2701 
15707 95 94 2676 2250 
15708 2259 2705 2664 91 
15709 2705 91 792 2664 
15710 2704 603 2254 602 
15711 2705 2718 2259 2664 
15712 2703 2676 809 132 
15713 2703 602 2258 93 
15714 809 808 2699 2701 
15715 2699 2701 808 2679 
15716 2703 93 2676 132 
15717 2699 2718 2713 2686 
15718 2699 2713 2679 2686 
15719 2699 2701 2713 2718 
15720 2699 2713 2701 2679 
15721 2702 133 808 2678 
15722 791 2660 2701 792 
15723 2702 2679 2701 2651 
15724 2704 809 2703 2686 
15725 2702 2654 2651 790 
15726 2702 2678 2651 2654 
15727 2660 2664 794 2718 
15728 2660 794 2713 2718 
15729 2660 794 2651 2713 
15730 2704 2703 2254 2686 
15731 2651 2713 794 795 
15732 2679 2686 2714 2684 
15733 2679 2714 2713 2684 
15734 2679 2686 2713 2714 
15735 2651 2648 2682 795 
15736 2651 2678 2682 2648 
15737 2651 2678 2679 2682 
15738 2679 2682 2684 2710 
15739 2679 2684 2713 2710 
15740 2679 2651 2682 795 
15741 2705 2660 2701 2718 
15742 2679 2651 795 2713 
15743 2702 2651 791 790 
15744 2704 2701 809 2699 
15745 795 2710 2679 2713 
15746 2702 791 2651 2701 
15747 794 793 2718 2664 
15748 2713 2686 2718 2714 
15749 2718 2254 2709 2686 
15750 793 2259 131 2709 
15751 2709 2257 2249 2717 
15752 2709 2249 2254 2259 
15753 2718 2259 2709 2254 
15754 2718 2686 2709 2714 
15755 2709 2717 2249 2720 
15756 2709 2683 2257 2717 
15757 2718 2259 793 2709 
15758 2714 2716 2691 2717 
15759 2714 2686 2691 2684 
15760 2691 2715 2687 2677 
15761 2692 636 2716 2677 
15762 2714 2684 2691 2715 
15763 2691 2692 2716 2677 
15764 2692 2251 2319 2252 
15765 2698 100 95 2252 
15766 2698 635 2323 2252 
15767 2698 2323 100 2252 
15768 2698 100 2323 635 
15769 2692 2717 2251 2252 
15770 2691 2684 2687 2715 
15771 2703 2258 2676 93 
15772 2257 2252 2251 2717 
15773 2257 2251 2249 2717 
15774 2709 2683 2686 2257 
15775 2257 2683 2252 2717 
15776 2257 2683 2250 2252 
15777 2692 2698 2252 635 
15778 2705 2660 2718 2664 
15779 2691 2692 2683 2717 
15780 2676 93 2258 94 
15781 2676 95 2250 2683 
15782 2676 2258 2257 2250 
15783 2709 2249 2257 2254 
15784 2709 2257 2686 2254 
15785 2691 2716 2715 2677 
15786 2686 2676 2257 2683 
15787 2705 792 2701 2660 
15788 2714 2691 2683 2717 
15789 2714 2710 2684 2715 
15790 2705 792 2660 2664 
15791 2709 2683 2714 2686 
15792 2701 2713 2660 2651 
15793 2705 2704 603 2254 
15794 2676 2258 2250 94 
15795 2676 93 94 132 
15796 91 2664 2259 586 
15797 2704 2254 2718 2686 
15798 2705 2259 2254 603 
15799 2251 606 2319 2323 
15800 2249 2720 2251 2255 
15801 584 2663 2667 2253 
15802 2251 2319 605 2317 
15803 2251 606 605 2319 
15804 2259 2705 91 603 
15805 2249 2251 2720 2717 
15806 802 801 2712 2667 
15807 131 2709 2249 2720 
15808 2251 605 2253 2317 
15809 2255 2667 802 2712 
15810 2255 802 585 2720 
15811 2716 2314 2723 2677 
15812 2716 2314 2712 2719 
15813 2716 2723 2314 2708 
15814 2716 2314 2719 2708 
15815 2712 2253 2667 2663 
15816 2712 2719 2253 2663 
15817 2712 2663 2667 801 
15818 2719 2253 2663 2317 
15819 2712 2719 2663 801 
15820 2716 636 2319 2314 
15821 131 2249 2259 586 
15822 2719 2318 2314 2317 
15823 2719 2708 2314 2318 
15824 2712 2719 2314 2317 
15825 2255 802 584 585 
15826 2255 2667 584 802 
15827 2719 2650 2312 2647 
15828 2719 2317 2663 2647 
15829 2663 2253 2322 2317 
15830 2663 2322 2647 2317 
15831 583 89 2662 2256 
15832 2712 2253 2719 2317 
15833 2662 89 781 2642 
15834 2662 89 2642 2256 
15835 2662 2642 2322 2256 
15836 2251 2712 2255 2720 
15837 619 2641 781 2658 
15838 781 2658 2641 780 
15839 2322 2256 90 604 
15840 2322 604 2253 2256 
15841 619 2658 2312 2641 
15842 2662 2647 2312 2658 
15843 584 583 2663 2253 
15844 619 2641 2312 618 
15845 2312 2662 619 2322 
15846 131 2249 2709 2259 
15847 2712 2314 2319 2317 
15848 2663 2256 2322 2253 
15849 2719 2312 2317 2647 
15850 619 2322 2642 90 
15851 2253 2317 605 604 
15852 2663 583 2662 2256 
15853 2663 2256 2662 2322 
15854 2251 2319 2712 2717 
15855 2251 606 2323 2252 
15856 2312 2662 2658 619 
15857 2322 2317 2253 604 
15858 2662 2642 619 2322 
15859 2322 2642 90 2256 
15860 636 637 2314 2677 
15861 2716 2319 2712 2314 
15862 2319 2323 635 2252 
15863 2323 2252 96 100 
15864 2323 96 2252 606 
15865 2698 2252 2250 2683 
15866 2698 2250 95 2683 
15867 2255 2712 802 2720 
15868 2251 2253 2712 2317 
15869 2692 2252 2698 2683 
15870 2251 2712 2319 2317 
15871 2662 781 619 2642 
15872 2676 2250 2257 2683 
15873 2692 2252 2319 635 
15874 2692 2319 2716 636 
15875 2703 2254 2686 2258 
15876 2255 584 2667 2253 
15877 101 2321 639 2674 
15878 101 639 2700 2674 
15879 803 2674 2700 2669 
15880 803 2669 2700 2696 
15881 101 2700 803 2674 
15882 2700 2321 2646 2656 
15883 2681 2313 2693 2722 
15884 2681 2313 638 2693 
15885 2681 638 2313 639 
15886 2646 2700 2696 2681 
15887 2313 2646 2324 2722 
15888 2313 2646 2321 2324 
15889 2693 2687 2690 2711 
15890 2693 2723 2687 2711 
15891 2693 2687 2723 2677 
15892 2693 2723 2711 2722 
15893 637 2320 2314 2677 
15894 2693 2320 637 2677 
15895 2693 2722 2320 2723 
15896 2700 639 2313 2321 
15897 2681 2693 2711 2722 
15898 2313 2320 2693 2722 
15899 2314 2708 2320 2318 
15900 2700 2696 2669 2656 
15901 2313 2318 2320 2708 
15902 2690 2649 2681 2711 
15903 2681 2646 2313 2722 
15904 2318 2650 2316 2312 
15905 2313 2700 2321 2646 
15906 2321 2655 2315 2324 
15907 2318 2661 2316 2650 
15908 2315 2644 2666 616 
15909 2315 616 2666 2672 
15910 2315 641 616 2672 
15911 2315 640 641 2670 
15912 641 616 2672 97 
15913 2315 2655 2666 2644 
15914 2681 2649 2646 2722 
15915 2700 639 2681 2313 
15916 2315 2666 2655 2670 
15917 2321 640 2315 2670 
15918 2321 2655 2324 2646 
15919 2321 2669 2655 2656 
15920 2670 2666 782 2672 
15921 2324 2661 2708 2722 
15922 2313 2700 2646 2681 
15923 782 2672 2666 127 
15924 2655 2669 783 2656 
15925 2655 782 2670 2666 
15926 2666 778 127 97 
15927 2666 2672 616 97 
15928 2666 127 2672 97 
15929 778 2639 616 2644 
15930 778 2639 2644 779 
15931 2666 2644 778 616 
15932 2324 2661 2655 2644 
15933 2644 2665 2316 2661 
15934 779 780 2640 2665 
15935 617 616 2639 2644 
15936 2324 2661 2644 2316 
15937 2640 2665 780 618 
15938 2640 2316 617 2665 
15939 2640 618 2316 2665 
15940 2690 2649 2696 2681 
15941 2324 2655 2661 2646 
15942 2315 2644 617 2316 
15943 2324 2646 2661 2722 
15944 2321 2315 2655 2670 
15945 779 2665 2640 617 
15946 2672 2315 641 2670 
15947 2693 2723 2320 2677 
15948 2644 779 2639 617 
15949 2313 2324 2318 2708 
15950 2641 618 780 2658 
15951 2312 2658 2650 2665 
15952 780 2658 618 2665 
15953 2312 2650 2658 2647 
15954 2662 619 781 2658 
15955 2662 2647 2322 2312 
15956 799 2661 2646 2722 
15957 799 2646 798 2722 
15958 799 2708 2661 2722 
15959 799 2708 800 2661 
15960 2719 2708 2650 800 
15961 2650 2661 800 2708 
15962 617 618 2316 2640 
15963 2719 2647 2663 801 
15964 2716 2712 2319 2717 
15965 2719 2312 2318 2317 
15966 2723 2687 2715 2677 
15967 2723 2715 2687 2711 
15968 2672 2315 2670 2666 
15969 798 2646 2649 2722 
15970 798 2722 2649 2711 
15971 2655 783 2670 782 
15972 2700 2669 2321 2656 
15973 2696 2649 2646 2681 
15974 798 2711 2649 797 
15975 617 616 2644 2315 
15976 2315 2324 2655 2644 
15977 2322 2317 2312 2647 
15978 2656 2696 2668 2649 
15979 101 2321 2674 640 
15980 2669 784 2656 2671 
15981 2669 2656 2696 2671 
15982 2656 2671 784 2668 
15983 2666 616 778 97 
15984 2645 2675 2657 2652 
15985 2645 2652 2694 2675 
15986 2657 786 2673 785 
15987 2657 786 2652 2673 
15988 2671 2697 805 2673 
15989 2671 2668 2657 785 
15990 2657 2652 2675 2673 
15991 2657 2697 2673 2675 
15992 2671 804 805 2697 
15993 805 2697 2675 2673 
15994 2668 2657 2649 2697 
15995 2671 2697 2668 2696 
15996 2649 2697 2645 2685 
15997 2719 2650 2318 2312 
15998 2671 2657 2673 785 
15999 803 804 2671 2696 
16000 2644 2665 779 617 
16001 2656 2696 2671 2668 
16002 2700 2674 2321 2669 
16003 2690 2649 2711 2685 
16004 2690 2711 2687 2685 
16005 2318 2661 2324 2316 
16006 2645 2721 797 2685 
16007 2691 2716 2692 2717 
16008 2721 2687 2685 2684 
16009 2692 2319 636 635 
16010 2709 2714 2683 2717 
16011 2692 2717 2716 2319 
16012 2690 2649 2685 2697 
16013 2684 2710 2685 2721 
16014 2314 2723 2320 2708 
16015 2711 2685 797 2721 
16016 783 2656 2669 784 
16017 2321 2655 2646 2656 
16018 2668 2697 2649 2696 
16019 2687 2711 2715 2721 
16020 2649 2696 2697 2690 
16021 2316 2650 2661 2665 
16022 2710 2685 2694 2682 
16023 2649 2657 2645 2697 
16024 2681 2649 2722 2711 
16025 2649 2645 797 2685 
16026 2644 2665 617 2316 
16027 2645 2659 2648 2694 
16028 2649 797 2711 2685 
16029 2710 795 2648 796 
16030 2694 2648 2710 2682 
16031 2710 795 2682 2648 
16032 2687 2685 2711 2721 
16033 2705 2718 2704 2254 
16034 2648 2654 2695 2659 
16035 2648 2659 2695 2694 
16036 2695 810 2654 2678 
16037 2682 2694 2648 2695 
16038 2695 2659 2680 2694 
16039 2645 796 797 2721 
16040 2682 2695 2648 2678 
16041 2648 2721 796 2645 
16042 2651 2678 2648 2654 
16043 2313 638 2693 2320 
16044 793 586 2259 2664 
16045 2686 2254 2257 2258 
16046 2721 2687 2684 2715 
16047 2704 2699 809 2686 
16048 2654 2707 813 810 
16049 2684 2682 2685 2710 
16050 805 2673 2675 806 
16051 2678 810 813 133 
16052 2702 813 2654 790 
16053 2695 2680 2659 2643 
16054 2645 2652 2659 2694 
16055 2652 2653 2689 787 
16056 806 2652 2689 787 
16057 2654 2643 788 2707 
16058 2645 2721 2685 2694 
16059 2675 2652 806 786 
16060 2659 2689 2694 2652 
16061 2671 2673 2657 2697 
16062 2695 2707 2654 810 
16063 2695 811 2654 2707 
16064 2680 2688 2689 2653 
16065 2686 2257 2676 2258 
16066 2659 2680 2689 2653 
16067 2671 2657 2668 2697 
16068 806 786 2652 787 
16069 2689 2688 807 2653 
16070 787 2653 807 128 
16071 2680 811 2706 2643 
16072 806 787 2689 807 
16073 2659 2689 2652 2653 
16074 2645 2694 2685 2675 
16075 2680 812 2653 2643 
16076 812 2653 2643 789 
16077 812 2643 2706 789 
16078 812 129 2653 789 
16079 2680 812 2688 2653 
16080 2659 2694 2689 2680 
16081 2705 2259 2718 2254 
16082 2654 2707 130 813 
16083 2710 2685 2721 2694 
16084 2675 806 2673 786 
16085 2648 2721 2645 2694 
16086 2706 811 788 2643 
16087 2706 788 789 2643 
16088 2648 2678 2695 2654 
16089 788 2643 811 2707 
16090 2688 812 129 2653 
16091 2702 2678 813 133 
16092 2680 811 812 2706 
16093 2654 813 2678 810 
16094 2654 130 790 813 
16095 807 2688 128 2653 
16096 2702 808 2679 2678 
16097 2695 2659 2654 2643 
16098 2659 2643 2680 2653 
16099 2701 2660 2713 2718 
16100 2704 2254 2703 602 
16101 2675 806 2652 2689 
16102 2702 2678 2654 813 
16103 2701 2713 2651 2679 
16104 2718 793 2259 2664 
16105 2654 2707 811 2643 
16106 2645 2685 2697 2675 
16107 2695 2654 811 2643 
16108 2684 2715 2710 2721 
16109 131 2720 585 802 
16110 2694 2689 2675 2652 
16111 2680 2706 812 2643 
16112 2714 2715 2691 2716 
16113 791 2651 2701 2660 
16114 2695 811 2680 2643 
16115 2702 2679 2651 2678 
3 16 4 776
16116 2680 2689 2754 2745 
16117 1413 2431 416 1411 
16118 138 2774 2738 824 
16119 3460 1413 686 52 
16120 3460 2725 1360 1340 
16121 3460 686 2431 2769 
16122 135 814 2728 1357 
16123 825 1091 1357 1264 
16124 825 3460 1357 2728 
16125 138 1264 2774 110 
16126 138 1264 825 2738 
16127 2730 823 824 2776 
16128 3460 2783 2787 2788 
16129 3460 1413 1344 1109 
16130 1357 1264 1344 3460 
16131 2728 1340 1357 814 
16132 825 1357 135 2728 
16133 3460 1413 52 1264 
16134 1098 815 816 2737 
16135 2785 828 2778 2773 
16136 2725 1098 1360 134 
16137 3461 136 2731 817 
16138 2794 2772 2770 822 
16139 1360 2725 134 1340 
16140 2736 2794 2785 2770 
16141 3461 1348 1099 1100 
16142 3461 2781 2686 2803 
16143 3460 3462 2769 2431 
16144 1098 2725 1360 2737 
16145 134 2725 814 1340 
16146 2725 1098 134 816 
16147 2728 2725 1340 814 
16148 1344 1109 1413 190 
16149 3460 2769 2786 2776 
16150 2787 1412 1414 1411 
16151 3460 1411 1413 1109 
16152 1357 1264 1091 1344 
16153 2431 687 2769 686 
16154 3460 2728 2725 1340 
16155 3460 2776 834 2730 
16156 2787 3460 3462 2786 
16157 2782 2764 2747 2748 
16158 3463 2357 2347 1834 
16159 2785 2770 2778 2771 
16160 2746 365 1840 2762 
16161 3460 1344 1351 1109 
16162 2776 2727 823 2772 
16163 138 1264 2738 2774 
16164 2677 2800 2355 2693 
16165 3464 2735 2733 2724 
16166 2785 2770 2771 2736 
16167 834 2779 833 2772 
16168 2768 2780 2764 826 
16169 2764 826 2780 2747 
16170 2794 2727 834 2772 
16171 2789 2796 2795 2767 
16172 3463 1352 1339 2361 
16173 2736 2785 2745 2771 
16174 2807 2799 2353 2354 
16175 2736 2777 2734 820 
16176 831 819 137 129 
16177 3464 2679 2682 2803 
16178 2809 1842 1835 1354 
16179 3462 2429 1838 1844 
16180 3462 2787 1414 1411 
16181 688 2430 2780 105 
16182 1352 1842 2793 1354 
16183 2780 105 2430 2747 
16184 2780 826 105 2747 
16185 3462 687 688 2775 
16186 2785 2771 2778 2763 
16187 2768 826 2764 827 
16188 3462 2747 2764 2780 
16189 1356 2788 1353 2792 
16190 2430 105 659 2747 
16191 834 2727 2776 2772 
16192 3462 1838 2429 1414 
16193 2429 46 1838 392 
16194 3460 2725 835 1360 
16195 2746 3462 1844 2759 
16196 3462 1838 2790 1844 
16197 1343 2809 1354 2793 
16198 2809 1835 1845 1838 
16199 833 832 2773 2768 
16200 2431 415 416 1411 
16201 3460 1264 52 110 
16202 3460 1359 1360 1350 
16203 3460 110 686 2774 
16204 1412 2809 2787 1838 
16205 3462 2746 2790 2747 
16206 2787 1351 2788 1110 
16207 2809 1835 1343 1354 
16208 1341 2791 835 1350 
16209 3462 2790 2787 2782 
16210 1351 2788 1356 2791 
16211 1091 190 1344 1264 
16212 3460 686 2769 2774 
16213 3462 2775 2769 687 
16214 1098 816 2725 2737 
16215 3460 190 1344 1413 
16216 2429 1844 2428 392 
16217 3462 2430 2759 2747 
16218 3460 1264 110 2774 
16219 3460 1351 1411 1109 
16220 3460 2738 825 1264 
16221 3460 1340 1360 1359 
16222 350 36 1834 357 
16223 1352 350 1834 357 
16224 2746 1840 2790 2762 
16225 365 366 1836 2762 
16226 2758 2800 2690 2681 
16227 3463 1842 1841 1845 
16228 2759 2428 42 659 
16229 2759 2428 1844 42 
16230 3463 2349 2362 391 
16231 3463 391 1841 1834 
16232 2809 2793 1842 1354 
16233 2759 1844 364 42 
16234 2796 2756 2798 2758 
16235 2790 1838 1840 1844 
16236 3462 2429 1844 2428 
16237 2782 2790 2810 2747 
16238 2759 659 2430 2428 
16239 2759 2430 659 2747 
16240 2746 1840 365 364 
16241 1844 42 2428 392 
16242 2429 46 415 1414 
16243 2786 2776 2769 2779 
16244 3463 2356 2797 2799 
16245 3463 1845 1841 1836 
16246 1839 367 390 2354 
16247 2429 1838 46 1414 
16248 385 384 1412 1835 
16249 385 1412 1414 1838 
16250 3460 2769 3462 2786 
16251 2787 1838 2809 2790 
16252 3460 52 686 110 
16253 1345 2686 1100 1348 
16254 1412 1835 384 1111 
16255 3463 1839 1841 391 
16256 3460 2786 834 2776 
16257 45 1354 1837 393 
16258 1837 1842 1843 1352 
16259 1837 1843 393 1342 
16260 1837 393 1354 1342 
16261 384 1354 1837 45 
16262 393 1342 1843 40 
16263 384 1354 45 1111 
16264 1342 38 357 40 
16265 1838 385 46 1414 
16266 1352 1342 1843 1837 
16267 1356 2792 1353 1358 
16268 1412 1110 1343 1111 
16269 3460 2791 1351 1350 
16270 1352 357 1342 38 
16271 1838 1412 2809 1835 
16272 1835 1354 384 1111 
16273 357 1352 350 38 
16274 1843 40 1342 357 
16275 3463 2354 1839 2362 
16276 1835 1343 1354 1111 
16277 1339 2792 1355 1358 
16278 1339 3463 2797 2793 
16279 3463 2805 2799 2793 
16280 3463 2797 2793 2799 
16281 1339 3463 2361 2797 
16282 3463 2361 2349 2347 
16283 3464 2784 2803 2795 
16284 3464 2733 2695 2678 
16285 3464 2735 2739 2733 
16286 2429 1838 1844 392 
16287 3462 2747 2780 2430 
16288 2782 2747 2810 2748 
16289 3460 2725 2730 2732 
16290 2794 833 2770 2772 
16291 2746 2790 1840 1844 
16292 3464 2794 2784 2795 
16293 3460 1357 2728 1340 
16294 2688 129 812 2740 
16295 2691 2686 2803 2684 
16296 1349 1356 2791 1350 
16297 3460 1344 190 1264 
16298 2691 2686 2802 2803 
16299 2352 2355 2353 2808 
16300 3463 1842 1843 1834 
16301 2685 2801 2796 2795 
16302 2785 2741 2763 828 
16303 2800 2808 2804 2355 
16304 2800 2352 2681 2765 
16305 1842 1354 1837 384 
16306 3460 1351 1344 1359 
16307 3462 688 687 2427 
16308 2784 834 2727 2732 
16309 3462 2759 2746 2747 
16310 3460 2738 1264 2774 
16311 3462 2430 688 2427 
16312 3462 2782 2787 2786 
16313 2797 2346 2808 2356 
16314 3460 2783 2791 835 
16315 1352 38 2357 350 
16316 825 135 1357 1091 
16317 1412 1343 1835 1111 
16318 2801 2795 2684 2803 
16319 1351 1356 1350 2791 
16320 94 95 2676 1345 
16321 2785 2763 2778 828 
16322 3462 2768 2786 2775 
16323 2787 1412 1838 1414 
16324 3460 2774 2769 2776 
16325 3464 2785 2794 2795 
16326 3463 1842 1352 1843 
16327 2761 2354 2358 2755 
16328 832 2768 2764 827 
16329 2792 1347 1355 1358 
16330 2756 2697 2758 2690 
16331 2761 2354 2348 2358 
16332 1837 1842 1352 1354 
16333 2431 416 52 1413 
16334 2676 1100 94 1345 
16335 1352 350 2357 1834 
16336 2781 1348 140 1341 
16337 3461 2686 809 2699 
16338 3460 1360 835 1350 
16339 1356 2791 2788 2792 
16340 2745 2789 2795 2767 
16341 3461 1341 835 1360 
16342 2749 807 806 2689 
16343 52 1264 1413 190 
16344 357 1342 1843 1352 
16345 2786 834 2776 2779 
16346 2742 2755 1839 2354 
16347 2350 2357 1339 649 
16348 2785 2741 828 2773 
16349 1348 140 1347 2802 
16350 3464 2739 2736 2726 
16351 1347 2802 140 2792 
16352 809 2676 2686 1100 
16353 2758 2800 2681 2765 
16354 2431 52 686 1413 
16355 2751 2741 832 2748 
16356 1843 357 1352 1834 
16357 833 2773 2779 2768 
16358 1839 390 2362 2354 
16359 3461 2735 2731 2732 
16360 2760 642 2743 2359 
16361 2751 2756 2789 2753 
16362 2745 2763 2789 2753 
16363 2694 2689 2680 2745 
16364 2740 819 831 129 
16365 2680 2740 812 2734 
16366 3463 2362 1839 391 
16367 2742 1839 366 1836 
16368 3461 1415 3464 2699 
16369 832 2764 2741 827 
16370 2697 804 2744 2758 
16371 1352 1342 1837 1354 
16372 3461 1438 815 136 
16373 3463 1839 2742 1836 
16374 3461 2731 2737 2732 
16375 3460 190 1413 1264 
16376 1348 140 1341 1349 
16377 1835 1354 1842 384 
16378 3460 2787 3462 1411 
16379 2809 1835 1412 1343 
16380 2680 2754 2689 2688 
16381 2800 2693 2352 2355 
16382 3463 2742 2805 1836 
16383 2777 2688 831 2754 
16384 2784 2727 2735 2732 
16385 3461 815 2731 136 
16386 1844 2746 2759 364 
16387 3460 2728 825 2738 
16388 833 2773 2785 2770 
16389 3460 2738 2774 824 
16390 2730 823 2776 2727 
16391 1341 835 140 2781 
16392 1415 2699 809 808 
16393 3464 1415 2724 808 
16394 1415 2724 818 817 
16395 1415 2724 808 818 
16396 3464 2694 2695 2680 
16397 3464 808 818 2678 
16398 3461 1415 1112 1438 
16399 2699 2686 2679 2803 
16400 3461 815 1098 2737 
16401 3461 2731 2735 2724 
16402 1341 835 2781 3461 
16403 3464 2679 808 2678 
16404 808 818 2678 133 
16405 2679 2803 2686 2684 
16406 2679 2803 2684 2682 
16407 3464 2736 2739 2729 
16408 3464 2682 2679 2678 
16409 3464 2794 2736 2729 
16410 2686 2803 2781 2802 
16411 2691 2802 2801 2803 
16412 2691 2804 2692 2677 
16413 2687 2804 2801 2691 
16414 2692 2804 2346 2677 
16415 2692 2698 1346 2683 
16416 2692 1346 2698 2351 
16417 3464 808 2724 818 
16418 3461 1112 809 1100 
16419 2686 1345 2676 2683 
16420 2686 2781 1345 2802 
16421 94 1100 192 1345 
16422 2676 1345 95 2683 
16423 94 95 1345 192 
16424 3461 1360 835 2725 
16425 2687 2804 2691 2677 
16426 809 2676 1100 132 
16427 2691 2802 2686 2683 
16428 2692 635 636 2351 
16429 2692 2804 2351 2346 
16430 2692 1346 2351 2802 
16431 636 2346 637 2677 
16432 2691 2692 2802 2683 
16433 2698 1346 95 100 
16434 2698 1346 100 651 
16435 2698 95 1346 2683 
16436 95 2683 1345 1346 
16437 2351 2698 651 1346 
16438 651 1355 2351 1346 
16439 651 1355 650 2351 
16440 650 2350 2351 1355 
16441 650 2350 1339 649 
16442 650 1339 2350 1355 
16443 2351 1355 2350 2360 
16444 2351 2802 1346 1355 
16445 2351 2797 2804 2802 
16446 2686 1345 2683 2802 
16447 2346 2797 2351 2360 
16448 2351 2360 2797 1355 
16449 2350 2797 2360 1355 
16450 2350 1339 2797 1355 
16451 2350 2361 1339 2357 
16452 2350 2360 2797 2361 
16453 3461 1098 1341 1360 
16454 1348 1349 1347 140 
16455 3461 2784 3464 2735 
16456 1345 1347 1346 2683 
16457 2691 2804 2801 2802 
16458 3461 2737 1098 1360 
16459 1348 2781 140 2802 
16460 2686 2781 1348 1345 
16461 1348 1345 2781 2802 
16462 1345 1347 2683 2802 
16463 2351 2698 635 651 
16464 1346 1347 2802 2683 
16465 1346 2802 1347 1355 
16466 3461 2725 835 2732 
16467 3461 809 1415 2699 
16468 1112 809 1100 132 
16469 3461 1415 136 817 
16470 2792 1347 2802 1355 
16471 1351 1356 2788 1343 
16472 1351 2788 1110 1343 
16473 3460 835 2791 1350 
16474 3460 1357 1340 1359 
16475 3460 834 2783 835 
16476 1351 1109 1110 1411 
16477 3460 2431 686 1413 
16478 1353 1339 1358 2792 
16479 1353 2792 2788 2793 
16480 1353 1354 1352 2793 
16481 2792 1347 1358 1349 
16482 1341 2791 1349 140 
16483 1341 1349 2791 1350 
16484 3461 1341 1099 1348 
16485 1349 140 2791 2792 
16486 3461 2784 2735 2732 
16487 1349 2792 1356 1358 
16488 1339 2797 2792 2793 
16489 1356 1343 1353 2788 
16490 2793 1353 1343 2788 
16491 1339 2792 2797 1355 
16492 2698 651 100 635 
16493 2793 1353 1354 1343 
16494 1339 2361 1352 2357 
16495 1840 2809 2790 2805 
16496 3463 1352 2357 1834 
16497 1840 2805 2790 2762 
16498 2805 2762 2806 2790 
16499 2805 1845 1836 1840 
16500 1413 2431 1411 3460 
16501 3460 2730 834 2732 
16502 3462 415 2429 2427 
16503 3462 2780 2768 2775 
16504 3462 2427 2429 2428 
16505 3462 2747 2782 2764 
16506 3463 2354 2742 1839 
16507 1110 1412 2787 1411 
16508 2805 2742 2806 2762 
16509 3463 2793 1352 1842 
16510 3463 1339 1352 2793 
16511 3463 2361 2797 2356 
16512 2809 2787 2788 1110 
16513 1343 2809 2793 2788 
16514 1110 1343 2788 2809 
16515 1110 1343 2809 1412 
16516 3462 2428 2759 2430 
16517 2792 1347 1349 140 
16518 2809 1838 1845 1840 
16519 2787 3460 2786 2783 
16520 2786 2782 833 2768 
16521 2786 2768 2779 2775 
16522 2786 2768 833 2779 
16523 2786 2779 2769 2775 
16524 2786 833 834 2779 
16525 2768 3462 2782 2764 
16526 2809 2787 1110 1412 
16527 3460 835 2725 2732 
16528 2791 3460 2788 2783 
16529 1341 835 2791 140 
16530 3460 1351 2787 1411 
16531 2791 3460 1351 2788 
16532 2784 834 2794 2727 
16533 2784 2794 2735 2727 
16534 3461 1098 1099 1341 
16535 3461 835 2784 2732 
16536 3461 2731 2724 817 
16537 3461 3464 1415 2724 
16538 3464 2695 2733 2726 
16539 3461 2803 3464 2784 
16540 3464 2739 2735 2729 
16541 3464 2680 2745 2795 
16542 834 2730 2727 2732 
16543 3461 2724 1415 817 
16544 3464 2679 2699 808 
16545 3460 3462 2431 1411 
16546 2794 834 833 2772 
16547 1353 1352 1339 2793 
16548 3460 2776 824 2774 
16549 3460 834 2786 2783 
16550 833 2773 2772 2779 
16551 3461 2686 2699 2803 
16552 2792 2797 1355 2802 
16553 3463 2806 2805 2742 
16554 3463 1843 1352 1834 
16555 1348 1347 1345 2802 
16556 1353 1339 2792 2793 
16557 3460 1350 1351 1359 
16558 825 3460 1264 1357 
16559 2692 2802 2351 2804 
16560 3461 1348 2686 2781 
16561 1339 2357 1352 649 
16562 2797 2804 2808 2346 
16563 2800 2796 2687 2801 
16564 2800 2804 2801 2687 
16565 2800 2796 2690 2687 
16566 2800 2690 2693 2687 
16567 2808 2353 2807 2799 
16568 2808 2353 2799 2356 
16569 2808 2346 2353 2356 
16570 2758 2800 2798 2796 
16571 2352 2355 2808 2800 
16572 2800 2758 2798 2765 
16573 2808 2353 2346 2355 
16574 2692 2351 636 2346 
16575 2691 2692 2804 2802 
16576 2692 2683 1346 2802 
16577 2750 2752 2798 141 
16578 2798 2806 2807 2752 
16579 2798 2751 2789 141 
16580 2798 2752 2751 141 
16581 2800 2681 2693 2690 
16582 2807 2766 2806 2799 
16583 2800 2693 2681 2352 
16584 2800 2807 2352 2765 
16585 2808 2807 2352 2800 
16586 2800 2765 2798 2807 
16587 2807 2752 2766 2765 
16588 2807 2752 2806 2766 
16589 2798 2810 2750 141 
16590 2807 2766 2799 2354 
16591 2798 2810 2806 2750 
16592 2750 2752 2806 2798 
16593 2806 2790 2750 2810 
16594 2798 2789 2751 2756 
16595 2806 2752 2750 2766 
16596 2750 141 2810 2748 
16597 2750 2751 141 2748 
16598 2750 2751 2752 141 
16599 2798 2751 2752 2756 
16600 2806 2766 2750 2742 
16601 2766 2806 2799 3463 
16602 2807 2348 2353 2352 
16603 1840 2809 2805 1845 
16604 2766 2755 2742 2354 
16605 3463 1842 2809 2793 
16606 2789 2756 2767 2753 
16607 2789 2767 2756 2796 
16608 2751 832 2789 141 
16609 2751 2741 2789 832 
16610 2751 2753 2789 2741 
16611 832 2741 2785 2773 
16612 3460 834 835 2732 
16613 2789 2741 2753 2763 
16614 1352 2357 38 649 
16615 832 2810 141 2748 
16616 832 2782 2810 2748 
16617 834 2727 2730 2776 
16618 832 2764 2782 2748 
16619 832 2741 2773 827 
16620 2800 2687 2693 2677 
16621 2794 822 2770 2729 
16622 2785 2778 2770 2773 
16623 2746 3462 2790 1844 
16624 3462 2431 2427 687 
16625 833 2782 832 2768 
16626 1835 1838 1412 385 
16627 2736 2794 2770 2729 
16628 2745 2789 2785 2795 
16629 832 2768 2782 2764 
16630 832 2773 2768 827 
16631 2794 2727 822 2729 
16632 3461 3464 2803 2699 
16633 833 2773 2770 2772 
16634 3462 2775 2786 2769 
16635 2790 2750 2810 2746 
16636 2810 2790 2746 2747 
16637 2810 2746 2748 2747 
16638 3460 2776 2730 824 
16639 2768 3462 2764 2780 
16640 2790 2750 2746 2762 
16641 2798 2752 2807 2765 
16642 2806 2762 2750 2790 
16643 3462 2780 688 2430 
16644 3462 1838 2787 2790 
16645 2766 2806 3463 2742 
16646 1840 2805 2762 1836 
16647 2809 2790 1838 1840 
16648 3464 2682 2795 2803 
16649 3460 2725 2728 2730 
16650 1844 2746 364 1840 
16651 2787 1351 1110 1411 
16652 3462 2782 2786 2768 
16653 365 1836 1840 2762 
16654 3463 2357 1352 2361 
16655 2805 1836 2742 2762 
16656 3463 2356 2349 2361 
16657 3463 2357 2361 2347 
16658 3462 2769 2431 687 
16659 2806 2742 2750 2762 
16660 3463 1845 2809 1842 
16661 2742 1836 366 2762 
16662 2742 367 1839 2755 
16663 2742 367 366 1839 
16664 2807 2766 2761 2765 
16665 1839 390 391 2362 
16666 390 2358 367 41 
16667 3463 2809 2805 2793 
16668 3463 1845 2805 2809 
16669 3463 2354 2362 2349 
16670 3463 2347 391 1834 
16671 3463 2349 391 2347 
16672 3463 2354 2349 2356 
16673 3463 1836 1841 1839 
16674 2797 2356 2361 2360 
16675 3463 2805 2806 2799 
16676 367 2358 2354 2755 
16677 2347 350 36 1834 
16678 2347 2357 350 1834 
16679 1839 2755 367 2354 
16680 2797 2808 2799 2356 
16681 390 367 2358 2354 
16682 391 2347 36 1834 
16683 367 2358 2755 41 
16684 2353 2799 2356 2354 
16685 2807 2354 2353 2348 
16686 2677 2800 2804 2355 
16687 2808 2346 2804 2355 
16688 2808 2807 2353 2352 
16689 2346 2355 637 2677 
16690 2346 2797 2804 2351 
16691 2761 2807 2354 2766 
16692 2804 2355 2346 2677 
16693 1349 1356 2792 2791 
16694 2755 2358 644 41 
16695 2358 644 2348 2761 
16696 3463 1834 1841 1842 
16697 644 643 2348 2761 
16698 3463 2354 2356 2799 
16699 643 2743 642 2359 
16700 3463 2805 1845 1836 
16701 2798 2756 2765 2758 
16702 2760 2758 803 2700 
16703 2760 639 642 2359 
16704 2348 2743 643 2359 
16705 2348 2765 2761 2743 
16706 2760 2758 2700 2681 
16707 2352 2760 2359 639 
16708 2760 803 101 2700 
16709 803 804 2696 2758 
16710 803 2696 2700 2758 
16711 2700 2681 2758 2696 
16712 2681 638 2352 2693 
16713 2681 638 639 2352 
16714 2760 2743 2352 2359 
16715 2760 2681 2700 639 
16716 2760 2700 101 639 
16717 2798 2756 2752 2765 
16718 2798 2796 2789 2756 
16719 2800 2804 2687 2677 
16720 2681 2696 2690 2758 
16721 2758 2800 2796 2690 
16722 3463 2354 2766 2742 
16723 2693 2355 637 638 
16724 2348 2352 2743 2359 
16725 2352 2355 2693 638 
16726 2348 2765 2743 2352 
16727 2350 2797 1339 2361 
16728 2691 2803 2801 2684 
16729 2693 637 2355 2677 
16730 2807 2765 2348 2352 
16731 2352 2760 639 2681 
16732 2760 101 642 639 
16733 3463 2354 2799 2766 
16734 2760 2758 2681 2765 
16735 2358 644 2761 2755 
16736 2348 2761 643 2743 
16737 2351 1355 2797 2802 
16738 2760 2743 2765 2352 
16739 2760 2765 2681 2352 
16740 805 2757 2697 2744 
16741 805 2744 2697 804 
16742 2697 2690 2696 2758 
16743 2756 2697 2744 2758 
16744 2796 2697 2685 2675 
16745 2697 2690 2756 2796 
16746 2789 2785 832 2741 
16747 2354 2755 2761 2766 
16748 2697 2685 2690 2796 
16749 2690 2685 2687 2796 
16750 2687 2684 2801 2685 
16751 2691 2801 2687 2684 
16752 2687 2685 2801 2796 
16753 2692 2351 2698 635 
16754 2750 2810 2746 2748 
16755 2797 2360 2346 2356 
16756 2796 2756 2758 2690 
16757 3464 2735 2794 2729 
16758 2692 2346 636 2677 
16759 2697 2696 804 2758 
16760 2795 2685 2684 2682 
16761 2697 2675 2756 2757 
16762 2685 2694 2796 2675 
16763 1112 1438 1415 136 
16764 2697 2756 2744 2757 
16765 2684 2795 2682 2803 
16766 2685 2694 2682 2795 
16767 3461 809 1112 1415 
16768 2685 2694 2795 2796 
16769 3461 2784 835 2781 
16770 2695 2726 811 810 
16771 2695 2726 2680 811 
16772 2695 2733 2726 810 
16773 2695 2678 2733 810 
16774 3461 809 2686 1100 
16775 3464 2795 2682 2694 
16776 2695 2736 2680 2726 
16777 3464 2699 1415 808 
16778 3464 2736 2794 2785 
16779 2678 133 2733 810 
16780 2685 2801 2795 2684 
16781 835 834 2784 2732 
16782 3464 2784 2794 2735 
16783 3464 2680 2736 2745 
16784 3464 2733 818 2724 
16785 3460 2787 1351 2788 
16786 2745 2763 2785 2789 
16787 3460 2730 2738 824 
16788 3461 1438 1112 1100 
16789 832 2741 2764 2748 
16790 2807 2761 2348 2765 
16791 2751 832 141 2748 
16792 2796 2694 2767 2675 
16793 2675 2756 2757 2767 
16794 3464 2695 2682 2678 
16795 3460 2728 2738 2730 
16796 2749 2754 2689 2745 
16797 2767 2675 2694 2689 
16798 1345 2686 2676 1100 
16799 3462 2427 2431 415 
16800 2678 818 2733 133 
16801 2789 2767 2745 2753 
16802 2761 2807 2348 2354 
16803 805 2675 2697 2757 
16804 805 2675 2757 806 
16805 3464 2695 2736 2680 
16806 2785 2771 2763 2745 
16807 2749 806 2757 2675 
16808 2796 2697 2675 2756 
16809 3461 815 1099 1098 
16810 2680 2726 2734 811 
16811 2749 807 2689 2754 
16812 2767 2749 2675 2689 
16813 2749 806 2675 2689 
16814 3461 2731 815 2737 
16815 807 128 2688 2754 
16816 2745 2785 2736 3464 
16817 2689 2754 807 2688 
16818 2777 2734 2680 2736 
16819 2740 2680 2688 2777 
16820 3460 1344 1357 1359 
16821 2795 2745 2694 2680 
16822 3464 2733 2678 818 
16823 2740 2680 2777 2734 
16824 2680 2740 2688 812 
16825 2734 819 820 2777 
16826 820 2736 2777 2771 
16827 820 821 2736 2771 
16828 2777 2771 2745 830 
16829 2688 128 129 831 
16830 2740 819 2734 2777 
16831 128 831 137 129 
16832 2754 830 2777 2745 
16833 821 2736 2770 2729 
16834 821 2729 2770 822 
16835 821 2736 2771 2770 
16836 2680 2736 2745 2777 
16837 2778 2763 829 828 
16838 2781 1348 1341 3461 
16839 2778 2771 829 2763 
16840 829 830 2745 2771 
16841 829 2745 2763 2771 
16842 3462 1414 415 1411 
16843 2767 2694 2745 2689 
16844 2745 2785 3464 2795 
16845 3462 2428 2430 2427 
16846 3464 2733 2739 2726 
16847 2795 2767 2796 2694 
16848 2767 2749 2757 2675 
16849 2795 2745 2767 2694 
16850 2680 2734 2726 2736 
16851 833 2773 832 2785 
16852 2741 828 2773 827 
16853 3464 2803 2699 2679 
16854 2794 2770 833 2785 
16855 834 2776 2779 2772 
16856 3462 2775 688 2780 
16857 1341 835 1360 1350 
16858 2675 2756 2767 2796 
16859 3464 2736 2695 2726 
16860 2794 2772 822 2727 
16861 2680 2754 2777 2745 
16862 822 2772 823 2727 
16863 2688 129 2740 831 
16864 2736 2745 2777 2771 
16865 3461 2686 1348 1100 
16866 2688 2754 128 831 
16867 2676 94 1100 132 
16868 2777 2680 2688 2754 
16869 3462 2790 2782 2747 
16870 3462 415 2431 1411 
16871 2789 2785 2741 2763 
16872 3462 2787 1838 1414 
16873 2767 2745 2749 2689 
16874 2809 1842 1845 1835 
16875 3462 2759 2428 1844 
16876 3461 2735 3464 2724 
16877 2794 2729 2735 2727 
16878 3462 2429 415 1414 
16879 3461 1415 1438 136 
16880 3461 2737 2725 2732 
16881 3461 815 1438 1099 
16882 3461 2803 2784 2781 
16883 2740 819 2777 831 
16884 3464 2682 2695 2694 
16885 2680 2734 812 811 
16886 3461 1099 1438 1100 
16887 2680 3464 2694 2795 
16888 3461 2737 1360 2725 
16889 128 137 831 139 
16890 2754 831 2777 830 
16891 2777 2688 2740 831 
3 17 4 717
16892 144 841 2832 1259 
16893 842 2832 2845 2841 
16894 842 843 2845 690 
16895 144 2841 847 1259 
16896 3465 144 2832 1259 
16897 2607 2868 2602 1186 
16898 3466 2842 2825 689 
16899 689 836 143 844 
16900 3466 3465 2840 2841 
16901 3465 2472 692 2470 
16902 689 836 2816 143 
16903 3466 3465 2845 690 
16904 3465 1257 1259 1255 
16905 3466 843 2845 2842 
16906 3465 841 1255 1259 
16907 3466 2826 2844 2849 
16908 3466 2833 843 2842 
16909 2825 836 689 2842 
16910 689 3466 2842 2833 
16911 2842 836 837 2825 
16912 3465 1257 1255 3467 
16913 3466 2872 3465 2871 
16914 3466 2462 3465 690 
16915 2844 839 2837 2867 
16916 2844 839 2867 2826 
16917 2844 2865 2872 2867 
16918 2844 2846 2865 2869 
16919 3466 2840 2838 2841 
16920 3465 2472 2475 1249 
16921 3466 2871 3468 850 
16922 3466 843 2833 690 
16923 2840 2846 848 2865 
16924 3467 1248 2860 2861 
16925 2840 2862 2872 2865 
16926 2469 2825 3466 2818 
16927 2844 2840 2872 2865 
16928 3467 1175 1184 2863 
16929 2820 2869 2607 2834 
16930 2837 2843 2846 2869 
16931 2820 2869 2847 2815 
16932 840 2837 839 2815 
16933 2837 839 2815 2867 
16934 2846 2865 2839 848 
16935 1174 2868 148 2870 
16936 2840 2865 848 2862 
16937 690 689 3466 2469 
16938 2846 2869 2839 2865 
16939 2869 2867 2844 2837 
16940 2844 2846 2869 2837 
16941 848 2865 2863 2862 
16942 848 973 1256 1175 
16943 1175 2863 1256 848 
16944 2847 2837 840 2815 
16945 2839 973 147 848 
16946 2869 2867 2865 2844 
16947 2599 2868 2607 2850 
16948 2846 2869 2843 2839 
16949 3466 850 3468 2830 
16950 1186 1176 2835 2869 
16951 2839 147 973 1252 
16952 144 2832 842 2841 
16953 3465 149 3468 2871 
16954 841 1255 138 692 
16955 3467 3465 1257 2840 
16956 3466 2845 3465 2841 
16957 1175 185 172 1065 
16958 3465 2840 2862 2872 
16959 3466 2845 843 690 
16960 3467 1255 3465 692 
16961 3467 3465 2840 2862 
16962 2818 3468 3466 2469 
16963 3465 841 2832 692 
16964 110 2472 692 1255 
16965 3467 1255 825 1258 
16966 825 1258 135 1091 
16967 3467 1261 1238 1248 
16968 135 1260 1258 191 
16969 135 1091 1258 1260 
16970 1258 191 1260 1254 
16971 3467 1091 825 1264 
16972 3467 1241 1263 1264 
16973 1088 3467 1238 1241 
16974 3467 3465 2862 2864 
16975 3466 2825 2811 2830 
16976 1253 849 2839 1252 
16977 3466 3465 2872 2840 
16978 3466 2811 2849 2830 
16979 3466 837 2811 2825 
16980 2839 2869 2863 2865 
16981 2863 3467 1172 1184 
16982 1176 2839 2843 2869 
16983 2840 1257 848 847 
16984 3466 2842 837 2825 
16985 1256 1254 1265 1090 
16986 3465 3468 149 2476 
16987 3467 1255 2472 1264 
16988 2818 3466 3468 2830 
16989 1092 191 1090 1254 
16990 3466 2871 3465 3468 
16991 3467 1257 1258 1254 
16992 3466 2842 2845 2838 
16993 186 1092 1265 3467 
16994 3466 837 2842 2838 
16995 3467 1261 1088 1238 
16996 3467 1265 1184 1256 
16997 1184 186 1262 1066 
16998 3467 1265 1256 1254 
16999 3467 1092 1265 1254 
17000 1092 1260 191 1254 
17001 3467 2863 2861 2862 
17002 3467 2860 2864 2862 
17003 848 2865 2839 2863 
17004 1184 1065 1256 1265 
17005 3467 1248 1172 1067 
17006 1092 1090 1265 1254 
17007 3467 1172 1248 2861 
17008 3467 1260 1092 1254 
17009 1255 138 110 1264 
17010 1263 190 1264 1241 
17011 1263 1088 190 1241 
17012 3467 1261 1263 1088 
17013 3465 2832 841 1259 
17014 3465 2465 1239 2475 
17015 3467 3465 2472 692 
17016 3467 1249 1238 1241 
17017 3465 149 2873 2476 
17018 3467 1261 1248 1067 
17019 1091 1263 190 1264 
17020 110 2472 1255 1264 
17021 3465 2873 2871 2864 
17022 1175 2863 848 2839 
17023 411 412 1246 2471 
17024 411 2471 1246 1242 
17025 414 413 2475 1249 
17026 413 2465 1239 412 
17027 413 1239 2465 2475 
17028 413 1239 2475 1249 
17029 2840 3466 2838 2844 
17030 690 689 2833 3466 
17031 2472 52 1264 110 
17032 2472 1264 52 1241 
17033 3467 1172 1184 1066 
17034 52 1264 190 1241 
17035 414 1241 2472 52 
17036 3465 2470 2462 2476 
17037 3465 2832 2845 690 
17038 414 2475 2472 1249 
17039 1088 1238 1261 1089 
17040 1257 2840 3465 847 
17041 3465 2465 2475 2470 
17042 1238 1248 1261 1089 
17043 1248 187 1067 1089 
17044 1248 2861 1250 2860 
17045 1248 2861 1179 1240 
17046 1067 3467 1066 1172 
17047 1177 1172 2863 1180 
17048 3467 825 1255 1264 
17049 1248 1067 1261 1089 
17050 3467 1258 1257 1255 
17051 1187 1183 2861 1180 
17052 1179 2861 1172 1180 
17053 1248 1179 1067 187 
17054 1238 1247 1249 2860 
17055 1172 2861 2863 1180 
17056 3467 2472 3465 1249 
17057 1184 1265 186 1065 
17058 3467 1184 1265 186 
17059 3467 848 1256 2862 
17060 3467 2863 1172 2861 
17061 1248 1172 1067 1179 
17062 1251 1250 1240 2859 
17063 1181 1243 2544 417 
17064 1183 2866 2861 2870 
17065 3467 1241 2472 1249 
17066 1245 1237 1244 2858 
17067 1245 1244 1246 2858 
17068 1250 2859 2860 2861 
17069 1250 2858 2860 2859 
17070 1250 2858 1245 2860 
17071 2858 1246 1242 1244 
17072 2858 1251 1250 1245 
17073 1245 2858 2873 2860 
17074 2858 1246 2873 1242 
17075 1239 1249 1247 2860 
17076 2465 2476 2873 2471 
17077 3467 1238 1249 2860 
17078 3467 1248 1238 2860 
17079 3467 1184 1262 1066 
17080 844 2842 689 836 
17081 2844 2846 2840 2865 
17082 2818 3466 2830 2825 
17083 3468 2466 2461 2467 
17084 3468 2461 149 2471 
17085 3467 2472 1255 692 
17086 1239 1249 2864 3465 
17087 3468 2814 2819 2827 
17088 1251 2874 1243 418 
17089 3468 2461 2471 2468 
17090 2469 2818 2478 2474 
17091 3468 2814 2827 2467 
17092 1251 2874 2859 1243 
17093 3469 2854 2548 2604 
17094 3466 2826 838 2844 
17095 1239 1249 3465 2475 
17096 411 2461 2471 1242 
17097 1239 3465 2873 2465 
17098 1245 2860 1239 1247 
17099 1088 3467 1241 1263 
17100 2854 2604 2821 2853 
17101 3468 2819 3469 2827 
17102 3466 2811 2826 2849 
17103 2854 2856 2857 2542 
17104 3469 2824 2812 2831 
17105 2857 2549 2551 2555 
17106 1240 2859 1250 2861 
17107 2873 1242 2471 2461 
17108 3468 2467 2478 2463 
17109 2857 2549 2542 2551 
17110 2859 2857 1237 2858 
17111 2874 418 2544 1243 
17112 2859 1237 2857 2874 
17113 2854 2601 2851 2598 
17114 149 2461 2873 2471 
17115 2600 2605 2856 2848 
17116 1174 148 1182 2870 
17117 2856 2542 2598 2553 
17118 3469 2821 2854 2604 
17119 2857 1244 1237 2858 
17120 1173 1243 2874 1181 
17121 2856 2874 2544 1178 
17122 1189 1177 1176 2863 
17123 1251 2858 2859 1237 
17124 1178 2848 2856 2866 
17125 1183 2870 2861 1180 
17126 3469 2550 2556 2543 
17127 414 2472 1241 1249 
17128 138 1255 825 1264 
17129 3467 1262 1092 1260 
17130 172 1090 1256 1265 
17131 2869 2815 2850 2867 
17132 1176 1252 1253 2839 
17133 1187 1240 1179 2861 
17134 3467 2861 2860 2862 
17135 1186 124 2602 765 
17136 3467 1262 1184 186 
17137 1176 1253 146 2835 
17138 3466 2811 838 2826 
17139 2826 2811 2823 2849 
17140 2867 851 2822 852 
17141 2867 2823 851 2849 
17142 2840 848 3467 2862 
17143 2867 2826 2823 2849 
17144 749 852 2850 2822 
17145 2867 2823 2826 2822 
17146 2850 2822 2867 2815 
17147 1181 2874 2544 1243 
17148 2820 2834 121 142 
17149 3465 2462 3468 2476 
17150 2820 2850 2607 2869 
17151 3466 2811 837 838 
17152 2840 3466 2844 2872 
17153 3468 850 2819 2830 
17154 2851 852 748 2853 
17155 2851 748 2601 2853 
17156 749 853 2599 2850 
17157 2607 2868 2869 2850 
17158 2600 1178 2552 1188 
17159 2605 2856 2851 2598 
17160 2867 2823 2822 851 
17161 2850 2867 2822 852 
17162 2847 2843 2837 2869 
17163 2599 2850 2820 2829 
17164 2813 2852 851 2828 
17165 3468 2476 2478 2468 
17166 3469 2546 2548 2550 
17167 3469 2548 746 2604 
17168 3469 2550 2549 2541 
17169 2855 1244 1242 420 
17170 3468 2855 149 2461 
17171 850 2828 2819 2830 
17172 850 2828 2852 2819 
17173 3465 847 2840 2841 
17174 3469 2556 2812 2543 
17175 3469 2854 2821 2853 
17176 2813 851 2852 2853 
17177 2867 2822 2826 2815 
17178 3465 149 2871 2873 
17179 3469 2821 746 2824 
17180 1242 2855 2873 2858 
17181 2544 2856 2542 2857 
17182 2822 2813 748 852 
17183 2854 2857 2549 2542 
17184 3468 2461 2468 2467 
17185 3466 2838 2845 2841 
17186 3468 2462 2478 2476 
17187 748 852 2813 2853 
17188 2813 852 851 2853 
17189 3465 2864 2872 2862 
17190 2607 765 2834 2836 
17191 3468 2469 2478 2462 
17192 2842 689 2833 844 
17193 2823 2830 2849 2811 
17194 2844 2826 2867 2849 
17195 2818 2463 696 2814 
17196 2818 2463 697 696 
17197 3468 2466 3469 2461 
17198 2818 2478 2474 2463 
17199 3466 2844 838 2838 
17200 2863 3467 1175 1256 
17201 2818 697 2474 2816 
17202 2474 697 111 2816 
17203 3466 3468 3465 2462 
17204 2825 836 2816 689 
17205 689 143 2816 111 
17206 2469 2825 2818 2474 
17207 3466 2849 2871 850 
17208 2818 2463 2474 697 
17209 1239 3465 2864 2873 
17210 2825 2816 2818 2474 
17211 2825 2816 2474 2469 
17212 2474 689 2469 2816 
17213 3466 2469 2462 690 
17214 2465 2471 1239 412 
17215 852 2603 2851 748 
17216 851 850 2849 2830 
17217 2469 2818 3468 2478 
17218 3466 2469 3468 2462 
17219 851 2852 850 2828 
17220 411 410 2461 1242 
17221 149 2471 2873 2476 
17222 3465 1257 847 1259 
17223 3469 2819 850 2852 
17224 3468 2819 2818 2830 
17225 696 2814 2473 695 
17226 696 2463 2473 2814 
17227 2473 2814 2464 695 
17228 2473 2464 2814 2467 
17229 2473 2814 2463 2467 
17230 842 2845 2832 690 
17231 2597 2848 1182 148 
17232 2814 2464 2827 2467 
17233 851 2828 850 2830 
17234 3468 2827 3469 2467 
17235 3469 2852 2854 2853 
17236 2844 2867 2872 2849 
17237 2817 694 2464 695 
17238 2817 685 2545 2477 
17239 2545 2477 685 684 
17240 2466 2545 684 2477 
17241 694 725 685 109 
17242 2817 2477 2545 2464 
17243 2827 2545 2547 2466 
17244 2827 2545 2817 2812 
17245 3469 850 2855 2852 
17246 2817 2545 685 725 
17247 1239 2864 1249 2860 
17248 3468 2471 2476 2468 
17249 2547 2461 2466 410 
17250 1246 1239 2471 412 
17251 2825 2816 2469 689 
17252 2461 1242 410 421 
17253 2466 51 684 2547 
17254 3468 3469 2466 2467 
17255 2545 2464 2477 2466 
17256 3469 2548 2854 2549 
17257 3469 2546 746 2548 
17258 2547 2461 410 421 
17259 3468 2463 2818 2814 
17260 410 51 2547 421 
17261 2461 421 2547 2541 
17262 2545 2543 724 2812 
17263 2854 2549 2548 2542 
17264 3469 2854 2855 2549 
17265 724 723 2812 2543 
17266 2817 724 2545 725 
17267 116 2546 2824 723 
17268 2827 2467 2464 2466 
17269 2812 2824 2543 723 
17270 3469 2467 2827 2466 
17271 2817 694 2477 2464 
17272 2813 2853 2821 747 
17273 2821 2604 747 2853 
17274 2821 2604 746 747 
17275 2817 685 2477 694 
17276 2546 2543 2824 723 
17277 3469 2541 2461 2547 
17278 116 2824 2546 746 
17279 3469 746 2821 2604 
17280 3469 2821 2852 2853 
17281 3469 2541 2855 2461 
17282 116 746 2546 729 
17283 2548 2604 728 729 
17284 2822 2813 851 2823 
17285 3465 2470 2475 2472 
17286 748 747 2601 2853 
17287 749 2850 852 853 
17288 749 2822 2850 2829 
17289 2854 2598 2548 2604 
17290 2856 2544 2874 2857 
17291 2546 729 746 2548 
17292 2857 419 2551 1237 
17293 2857 2551 2544 418 
17294 2854 2851 2601 2853 
17295 3466 689 2825 2469 
17296 2548 728 2598 2542 
17297 747 2604 2601 2853 
17298 2544 2856 1178 2552 
17299 2855 1242 2461 2541 
17300 2855 1242 2541 420 
17301 766 767 2600 1178 
17302 2857 2542 2544 2551 
17303 2544 1243 418 417 
17304 3468 2461 3469 2855 
17305 2547 3469 2556 2827 
17306 2603 853 749 852 
17307 3469 2550 2548 2549 
17308 2551 418 1237 419 
17309 2555 1244 420 419 
17310 2827 2556 2545 2812 
17311 2817 2545 724 2812 
17312 2855 2549 2857 2555 
17313 2840 848 1257 3467 
17314 3469 2556 2827 2812 
17315 2855 2555 2857 1244 
17316 2854 2604 2601 2598 
17317 3469 746 2546 2824 
17318 1251 1245 2858 1237 
17319 1242 420 421 2541 
17320 3467 1258 825 1091 
17321 1173 1240 1187 2859 
17322 1173 2874 2866 1178 
17323 1239 2873 2864 2860 
17324 2465 2873 1239 2471 
17325 2855 2549 2854 2857 
17326 2854 2542 2548 2598 
17327 3469 2546 2550 2543 
17328 1245 2873 1239 2860 
17329 1178 1173 2874 1181 
17330 3469 2547 2461 2466 
17331 1248 2861 1240 1250 
17332 1250 2860 1245 1247 
17333 1070 1173 1243 1069 
17334 1251 1237 2874 418 
17335 2855 2555 1244 420 
17336 1246 2471 2873 1242 
17337 1245 1246 2873 2858 
17338 410 51 2466 2547 
17339 2827 2464 2545 2466 
17340 2466 2545 2547 684 
17341 1246 2471 1239 2873 
17342 3467 1249 3465 2864 
17343 3467 1256 848 1257 
17344 1187 1183 2866 2861 
17345 2855 2541 2555 420 
17346 186 1092 3467 1262 
17347 1067 3467 1261 1066 
17348 2605 2851 2856 2848 
17349 844 843 2833 2842 
17350 3466 2849 2872 2871 
17351 2855 1242 2873 2461 
17352 2847 2869 2837 2815 
17353 1178 1181 2544 2552 
17354 1243 2859 1173 2874 
17355 1178 2856 2874 2866 
17356 2544 2856 2553 2542 
17357 3467 1256 1257 1254 
17358 3469 2824 2546 2543 
17359 1245 2873 1246 1239 
17360 149 2461 2855 2873 
17361 1238 1248 1247 2860 
17362 2545 2543 2812 2556 
17363 3468 2471 149 2476 
17364 2863 3467 1256 2862 
17365 1248 2860 1250 1247 
17366 2861 2870 2863 1180 
17367 2855 2549 2555 2541 
17368 2461 1242 421 2541 
17369 838 839 2844 2826 
17370 3469 2541 2547 2556 
17371 3469 2543 2812 2824 
17372 2837 2815 2869 2867 
17373 2474 111 689 2816 
17374 2835 2843 2847 2869 
17375 2822 851 2813 852 
17376 2854 2601 2604 2853 
17377 1182 2848 1178 2866 
17378 2600 767 2597 2848 
17379 3467 1261 1260 1263 
17380 3467 1263 1260 1091 
17381 3467 1260 1258 1091 
17382 3467 1258 1260 1254 
17383 3467 1262 1260 1261 
17384 3467 1263 1091 1264 
17385 2820 2847 2869 2834 
17386 748 2813 747 2853 
17387 3468 2467 2463 2814 
17388 2854 2851 2856 2598 
17389 3465 692 2832 691 
17390 3466 2844 2872 2849 
17391 3465 692 691 2470 
17392 3465 691 2462 2470 
17393 3465 2871 2872 2864 
17394 3465 2845 2832 2841 
17395 3465 2462 691 690 
17396 3465 691 2832 690 
17397 3465 2465 2470 2476 
17398 1251 1240 1243 2859 
17399 1248 1179 1068 1240 
17400 3468 2818 2819 2814 
17401 1251 1237 2859 2874 
17402 851 2823 2828 2830 
17403 3467 1066 1262 1261 
17404 2547 3469 2827 2466 
17405 2813 2821 2852 2828 
17406 1186 2836 2607 2834 
17407 1189 1185 1177 2863 
17408 2855 1244 2857 2858 
17409 1186 2836 2835 846 
17410 2857 1237 2551 418 
17411 1248 1172 1179 2861 
17412 3468 2468 2478 2467 
17413 1253 145 2835 2843 
17414 3468 850 2871 149 
17415 1248 1068 1179 187 
17416 2857 2555 2551 419 
17417 3465 1259 847 2841 
17418 2605 2851 2603 2601 
17419 3468 850 3469 2819 
17420 3468 850 149 2855 
17421 3468 3469 850 2855 
17422 2827 2545 2556 2547 
17423 3469 2852 2855 2854 
17424 3469 2831 2821 2824 
17425 3469 2828 2821 2831 
17426 3469 2828 2852 2821 
17427 2857 1244 2555 419 
17428 3467 1249 2864 2860 
17429 172 1265 1256 1065 
17430 3469 2541 2556 2550 
17431 3469 2819 2828 2831 
17432 3469 2819 2852 2828 
17433 2814 2817 2827 2464 
17434 3466 838 837 2838 
17435 2857 1237 1244 419 
17436 1255 138 692 110 
17437 3465 1255 841 692 
17438 3469 2549 2855 2541 
17439 1064 1176 1253 146 
17440 3465 2841 144 1259 
17441 3465 2832 144 2841 
17442 3469 2812 2827 2831 
17443 2856 2553 2552 2544 
17444 3467 1184 1175 1256 
17445 2857 2544 2874 418 
17446 2599 853 2868 2850 
17447 2850 2822 2815 2829 
17448 746 2604 2548 729 
17449 2548 2604 2598 728 
17450 2857 2874 1237 418 
17451 1176 2839 1253 2843 
17452 839 2815 2867 2826 
17453 2813 2828 851 2823 
17454 2813 2852 2821 2853 
17455 2858 1251 2859 1250 
17456 3468 2478 2818 2463 
17457 1176 2835 146 846 
17458 2817 685 694 725 
17459 2863 1256 848 2862 
17460 2814 2817 2464 695 
17461 851 2849 2823 2830 
17462 2856 2552 2600 1178 
17463 1175 172 1256 1065 
17464 3466 2849 850 2830 
17465 2854 2856 2542 2598 
17466 2827 2464 2817 2545 
17467 1242 2855 2858 1244 
17468 1175 172 185 973 
17469 3469 2827 2819 2831 
17470 3465 2873 2465 2476 
17471 1175 973 185 1252 
17472 1175 1252 1064 1176 
17473 1175 1252 185 1064 
17474 1175 2839 1176 2863 
17475 1175 1252 1176 2839 
17476 1175 172 973 1256 
17477 1182 1178 1183 2866 
17478 1189 2863 1176 2869 
17479 2869 1186 1176 1189 
17480 1064 1176 1252 1253 
17481 1175 1256 1184 1065 
17482 1176 2843 1253 2835 
17483 1176 2839 2869 2863 
17484 146 2835 1253 145 
17485 1176 2843 2835 2869 
17486 848 973 1175 2839 
17487 849 147 2839 1252 
17488 1253 2839 849 2843 
17489 145 845 2835 2843 
17490 2835 2847 845 2834 
17491 1186 2869 2835 2834 
17492 2820 2829 2850 2815 
17493 2820 2834 142 2847 
17494 765 2607 1186 2836 
17495 1253 849 145 2843 
17496 2606 853 148 2868 
17497 2835 2869 2847 2834 
17498 2835 2843 845 2847 
17499 142 845 2847 2834 
17500 2597 1182 768 148 
17501 749 2822 748 852 
17502 2869 1186 1189 2868 
17503 1175 1252 2839 973 
17504 3467 2472 1241 1264 
17505 1186 2835 2836 2834 
17506 1174 1182 1185 2870 
17507 1187 2859 1240 2861 
17508 1173 1243 1240 2859 
17509 1177 1172 1184 2863 
17510 2599 2607 2820 2850 
17511 1173 1187 1183 2866 
17512 1182 2870 2848 2866 
17513 1177 1184 1175 2863 
17514 1186 2835 1176 846 
17515 1177 1175 1176 2863 
17516 1173 2859 1187 2866 
17517 1187 2859 2861 2866 
17518 1187 2861 1179 1180 
17519 1178 1173 1183 2866 
17520 1187 1240 1068 1179 
17521 1187 1068 1240 1069 
17522 1173 1069 1187 1240 
17523 1173 1243 1069 1240 
17524 2856 2552 2553 2600 
17525 1174 148 768 1182 
17526 1182 1183 2870 2866 
17527 1182 148 2848 2870 
17528 1174 1185 1189 2868 
17529 2552 1181 1188 1178 
17530 2597 853 2603 2848 
17531 2603 2851 2848 853 
17532 2603 749 748 852 
17533 2605 2598 2851 2601 
17534 2600 2597 2605 2848 
17535 767 1182 2848 1178 
17536 1174 1185 2868 2870 
17537 1185 2868 2870 2863 
17538 1185 1182 1183 2870 
17539 1185 1183 1180 2870 
17540 1185 1177 2863 1180 
17541 1185 2863 2870 1180 
17542 1189 2868 2863 2869 
17543 2869 1186 2607 2834 
17544 124 2602 769 1186 
17545 1189 2868 1185 2863 
17546 2820 2834 2607 121 
17547 1186 2868 1174 1189 
17548 2820 2850 2869 2815 
17549 749 2850 2599 2829 
17550 2599 2820 750 2829 
17551 2869 1186 2868 2607 
17552 2607 765 121 2834 
17553 2600 2552 726 1188 
17554 765 2607 2602 1186 
17555 2599 2602 2607 2868 
17556 2606 1174 1186 2868 
17557 2820 2815 2847 840 
17558 2820 2847 142 840 
17559 750 121 2820 2607 
17560 2599 2607 750 2820 
17561 852 2603 853 2851 
17562 2605 2848 2603 2851 
17563 749 2599 750 2829 
17564 2603 2601 2851 748 
17565 2603 2599 749 853 
17566 2600 726 2552 2553 
17567 2600 1178 767 2848 
17568 2606 2599 2603 853 
17569 2597 1182 767 768 
17570 853 2597 2606 148 
17571 2597 2848 767 1182 
17572 2600 2598 727 2553 
17573 2597 853 2848 148 
17574 2606 1186 2602 2868 
17575 124 2836 1186 846 
17576 2597 2603 2605 2848 
17577 2606 2599 853 2868 
17578 853 2597 2603 2606 
17579 2606 148 1174 2868 
17580 2606 2602 2599 2868 
17581 2606 2597 768 148 
17582 2606 768 1174 148 
17583 769 2606 768 1174 
17584 769 2606 1174 1186 
17585 769 2602 2606 1186 
17586 1186 124 765 2836 
17587 766 2600 1188 1178 
17588 2859 1173 2874 2866 
17589 2600 2553 727 726 
17590 2600 2856 1178 2848 
17591 2600 2553 2856 2598 
17592 2600 2856 2605 2598 
17593 727 2542 2598 728 
17594 727 2598 2542 2553 
17595 766 1188 2600 726 
17596 117 1188 2552 730 
17597 117 726 2552 1188 
17598 117 1188 766 726 
17599 2874 2544 1178 1181 
17600 730 2552 1181 1188 
17601 2554 730 2552 1181 
17602 1070 1173 1181 1243 
17603 1070 1243 1181 417 
17604 53 1070 1181 417 
17605 1181 2544 2552 2554 
17606 2554 1181 2544 417 
17607 2554 1181 53 730 
17608 2554 53 1181 417 
3 18 4 708
17609 1118 1144 1124 1134 
17610 3470 1122 1123 1120 
17611 3470 1130 1120 1123 
17612 3470 1195 1193 2877 
17613 3470 2890 3471 2875 
17614 2883 768 2891 767 
17615 774 769 1148 1115 
17616 3470 1195 496 1120 
17617 1078 1184 1232 1172 
17618 3470 496 1122 1120 
17619 3470 1117 1130 1123 
17620 3470 2889 2890 2877 
17621 3470 2877 2890 2875 
17622 3470 1195 2877 2875 
17623 3470 1191 1195 2875 
17624 1227 1083 1229 3472 
17625 2879 1228 2880 2899 
17626 1177 1227 1175 1184 
17627 1174 1189 1185 854 
17628 1213 2881 1232 1079 
17629 3473 1217 1213 1172 
17630 2895 1218 1216 2882 
17631 1083 3472 1084 1229 
17632 1148 1115 855 856 
17633 1078 1184 1234 1232 
17634 1172 1078 1066 1217 
17635 3473 1196 2895 1216 
17636 2881 2897 1211 1213 
17637 1068 187 1210 1179 
17638 2897 1213 1232 1172 
17639 1206 1215 2896 2880 
17640 3473 2897 1172 1213 
17641 1067 1172 1217 1179 
17642 3473 1068 1208 1077 
17643 2895 1196 2893 2882 
17644 1067 1179 1210 187 
17645 2879 1231 1222 1230 
17646 1083 1064 1175 185 
17647 3472 1161 2902 1171 
17648 1179 1217 3473 1172 
17649 1214 1077 1208 189 
17650 1067 1179 1217 1210 
17651 2902 1164 1161 1168 
17652 3473 1216 1074 1196 
17653 1202 1190 1173 1209 
17654 1181 1139 1188 1143 
17655 3473 2893 2892 2895 
17656 1189 854 2886 1177 
17657 771 1163 125 1146 
17658 1175 1227 185 1065 
17659 2883 1174 855 768 
17660 1234 1065 1227 1184 
17661 3470 2890 1155 1151 
17662 2883 1185 854 1174 
17663 3473 2892 2884 151 
17664 1181 1178 1173 2885 
17665 3474 856 857 2901 
17666 1152 766 117 1188 
17667 3470 1195 1136 478 
17668 3474 2901 1114 856 
17669 1174 855 1189 854 
17670 3474 857 1170 2901 
17671 2884 2892 1173 2885 
17672 3471 2875 2891 2885 
17673 3471 2875 2890 2891 
17674 1139 1143 461 1188 
17675 3471 1151 1159 1153 
17676 3471 1201 2885 1143 
17677 1201 2885 1202 1190 
17678 3471 1159 1142 1153 
17679 3471 1151 1153 1158 
17680 3471 1159 1136 1142 
17681 1214 1208 1203 189 
17682 768 855 2891 1145 
17683 1068 187 1077 1210 
17684 1173 2884 2885 1178 
17685 2891 2885 1178 3471 
17686 1181 3471 1188 1178 
17687 3473 2892 151 2895 
17688 3473 1179 1187 1068 
17689 3473 1187 1208 1068 
17690 3472 1041 1116 1176 
17691 3472 1116 1186 1176 
17692 3472 2886 2887 2879 
17693 1196 1197 2893 2894 
17694 1211 2897 2882 1218 
17695 1073 1212 1192 2894 
17696 2892 2893 1190 2885 
17697 3473 1183 1173 1187 
17698 1067 1217 1172 1066 
17699 1190 2893 1203 1200 
17700 1201 1139 1202 1181 
17701 1159 3470 1147 1151 
17702 3473 2884 1183 1180 
17703 482 1129 466 1141 
17704 150 1126 2888 1128 
17705 564 1236 1221 1086 
17706 1125 1236 1226 1224 
17707 3473 1179 1068 1210 
17708 1171 1162 2887 3472 
17709 3470 1138 1122 478 
17710 1118 1147 1155 1154 
17711 2888 1193 498 1199 
17712 3470 477 1195 1191 
17713 3470 1130 2889 1128 
17714 876 877 1135 1165 
17715 3470 1195 1120 1193 
17716 1070 1202 1181 1173 
17717 1070 1209 1173 1069 
17718 1222 1063 1166 1168 
17719 1078 186 1234 1184 
17720 1079 1078 1232 1213 
17721 1177 1172 2897 1184 
17722 1149 2891 856 1145 
17723 3474 857 1117 875 
17724 3473 1203 1074 1214 
17725 3473 1216 2895 1218 
17726 3470 1122 1138 1141 
17727 1212 1080 2880 2882 
17728 3470 3474 1117 1123 
17729 1137 1153 1142 468 
17730 3473 2895 151 2897 
17731 1204 1197 2876 1200 
17732 3473 151 2884 1180 
17733 3474 1156 1135 1124 
17734 1133 1156 1144 1124 
17735 1122 482 1138 1129 
17736 1167 2902 2901 2900 
17737 3472 1162 1113 901 
17738 1206 2896 1199 2878 
17739 1150 1144 775 1133 
17740 3470 3471 1191 2875 
17741 1137 1152 468 62 
17742 3470 1117 2889 1130 
17743 160 1161 1062 1230 
17744 3473 1209 1173 1190 
17745 767 3471 1145 2891 
17746 2897 1218 2895 2882 
17747 2875 1204 2876 1200 
17748 2900 1131 875 1167 
17749 3470 3471 1136 477 
17750 2883 2885 2884 1178 
17751 1128 2889 150 1127 
17752 1127 1130 2889 1117 
17753 1204 2877 2876 1193 
17754 1204 1193 2876 1197 
17755 1201 1139 475 1202 
17756 1148 1115 1186 855 
17757 2880 1080 1228 1223 
17758 1041 146 1176 1219 
17759 3474 856 2890 857 
17760 1128 2889 2888 150 
17761 2886 1232 2881 1229 
17762 3474 1156 1150 1135 
17763 1120 1128 1193 497 
17764 1164 1166 1168 2899 
17765 1206 1224 1194 2896 
17766 2900 875 1131 857 
17767 1114 902 1113 1162 
17768 3473 1173 1209 1069 
17769 3471 2885 1181 1143 
17770 2900 1164 874 1167 
17771 1206 2896 1194 1199 
17772 1190 2893 1200 2885 
17773 1194 2896 1121 1199 
17774 1160 1114 774 1148 
17775 3474 1117 1124 1135 
17776 3474 1146 903 1163 
17777 3471 2885 1201 2875 
17778 2876 2877 2878 1193 
17779 1118 1147 3470 1155 
17780 3471 1153 1137 1152 
17781 3471 1158 766 1178 
17782 1160 1114 773 774 
17783 3470 1136 3471 1159 
17784 2883 1185 1174 1182 
17785 3474 1146 1156 1149 
17786 1114 856 2887 1115 
17787 2900 1119 1164 2898 
17788 1194 1236 1224 1233 
17789 2879 1223 2880 1228 
17790 2875 2876 2893 1200 
17791 150 1117 2889 857 
17792 1073 1072 1192 1212 
17793 1127 2889 150 1117 
17794 1193 497 1128 498 
17795 1127 1128 2889 1130 
17796 1126 1199 2888 498 
17797 1206 2896 2878 2894 
17798 1122 1129 1138 1141 
17799 3470 1138 1136 1141 
17800 1119 150 1126 2898 
17801 1119 1126 150 1127 
17802 1132 564 1125 1236 
17803 496 1120 1195 497 
17804 2881 1080 1211 2882 
17805 3474 1114 2901 1162 
17806 3472 1175 1083 1219 
17807 1127 1117 150 1131 
17808 2896 1224 1226 2899 
17809 1131 874 875 1167 
17810 2902 1222 2899 1168 
17811 2888 2877 2889 1128 
17812 1119 2898 873 1164 
17813 3474 1155 1156 1124 
17814 1121 1125 1224 1236 
17815 2900 1119 874 1164 
17816 1117 857 1131 875 
17817 500 499 1194 1121 
17818 1166 2898 1125 2899 
17819 2902 2900 1167 1164 
17820 873 1125 85 1166 
17821 160 1169 1085 158 
17822 1222 1161 1062 1168 
17823 160 1169 1161 1085 
17824 1062 1063 1222 1168 
17825 2902 1222 1161 1230 
17826 2899 1228 1224 1235 
17827 875 3474 876 1117 
17828 1169 3472 1171 1161 
17829 1222 1166 2899 1168 
17830 1222 1235 1231 2899 
17831 2902 1222 2879 2899 
17832 3472 1189 855 2886 
17833 84 1166 85 1226 
17834 1063 1166 84 1226 
17835 84 1226 85 1086 
17836 85 1125 564 1086 
17837 85 1226 1166 1125 
17838 1166 1125 1226 2899 
17839 85 1226 1125 1086 
17840 1170 2900 1167 2901 
17841 2896 1224 1125 1226 
17842 2887 1171 3472 2902 
17843 1222 1161 1230 1062 
17844 1222 2899 1166 1226 
17845 1125 1236 564 1086 
17846 1228 1231 1235 2899 
17847 3472 1177 1175 1176 
17848 2896 1224 1121 1125 
17849 3472 1225 1085 1084 
17850 1222 1166 1063 1226 
17851 1222 2899 1226 1235 
17852 1215 1082 1224 1081 
17853 1086 1087 1236 1221 
17854 2881 1211 2897 2882 
17855 1226 1224 1235 2899 
17856 2879 1231 1228 2899 
17857 1211 2897 1218 1213 
17858 1234 1227 1232 1184 
17859 1078 1172 1232 1213 
17860 1078 1217 1172 1213 
17861 1078 186 1184 1066 
17862 2881 1079 1211 1080 
17863 1234 1065 1184 186 
17864 1172 1078 1184 1066 
17865 2886 1232 1177 2897 
17866 1177 2897 1172 1180 
17867 2879 1222 1231 2899 
17868 2881 1232 1223 1229 
17869 3473 1196 1203 2893 
17870 1175 1227 1065 1184 
17871 3473 2897 1213 1218 
17872 1085 1161 3472 1169 
17873 1227 1175 2886 1177 
17874 3472 2879 2902 1230 
17875 3472 2879 2887 2902 
17876 1083 1175 1064 1219 
17877 1189 855 2886 854 
17878 1116 1176 146 846 
17879 1116 1176 1041 146 
17880 855 856 2891 1145 
17881 3472 1219 1041 1176 
17882 3472 1220 1085 1040 
17883 3472 1177 2886 1175 
17884 1114 3472 2887 1162 
17885 1113 1162 902 901 
17886 1114 1115 1148 856 
17887 1040 901 158 1169 
17888 3472 855 1186 1115 
17889 1175 1176 1064 1219 
17890 1083 185 1175 1227 
17891 1114 1115 774 1148 
17892 3472 1113 1114 1115 
17893 1174 855 854 2883 
17894 1064 1219 1176 146 
17895 1227 1083 3472 1175 
17896 3473 1203 1214 1208 
17897 2887 856 855 1115 
17898 1182 1178 2883 1183 
17899 1085 1161 1230 3472 
17900 2891 2883 767 1178 
17901 1202 1076 1190 1209 
17902 1186 1174 1148 855 
17903 1114 2887 856 2901 
17904 3474 1156 1155 1149 
17905 903 773 1160 1114 
17906 1133 1135 1156 1124 
17907 2886 1229 2881 2879 
17908 1171 1162 1167 2901 
17909 3474 857 2890 1117 
17910 1085 1169 1040 158 
17911 2902 1167 1171 1164 
17912 1162 2887 1114 2901 
17913 1177 1232 1227 1184 
17914 3472 2879 1230 1225 
17915 3473 1187 1179 1180 
17916 3472 2886 1227 1175 
17917 499 1126 498 1199 
17918 1236 1194 1224 1121 
17919 1125 1226 1236 1086 
17920 3472 1113 1116 1041 
17921 1236 563 1221 1087 
17922 1236 1233 563 1087 
17923 1132 563 1236 1233 
17924 1198 188 1205 1233 
17925 1121 1125 1236 1132 
17926 1071 188 1198 1233 
17927 1198 563 1205 68 
17928 1205 563 1233 1087 
17929 2896 1226 1125 2899 
17930 1206 1212 1215 2880 
17931 2902 1161 1222 1168 
17932 1121 1119 2898 1125 
17933 1206 1224 1215 1194 
17934 3473 1209 1208 1069 
17935 2881 1079 1223 1232 
17936 160 1085 1161 1230 
17937 3473 1203 1190 2893 
17938 2899 1228 2880 1224 
17939 3470 1136 1138 478 
17940 3472 1040 1113 1041 
17941 1193 1128 3470 2877 
17942 1119 1131 1127 150 
17943 2900 1119 2898 150 
17944 3471 1158 1153 766 
17945 3470 1124 3474 1123 
17946 3472 1084 1085 1220 
17947 150 1117 857 1131 
17948 3472 1040 1169 901 
17949 2898 1166 1164 2899 
17950 1119 2900 874 1131 
17951 2898 1166 873 1164 
17952 1126 150 2888 2898 
17953 1121 2898 1119 1126 
17954 2888 1193 2877 1128 
17955 2888 498 1193 1128 
17956 1071 188 1233 1082 
17957 2878 1193 2888 1199 
17958 1166 2898 873 1125 
17959 2900 874 1131 1167 
17960 3474 1117 1123 1124 
17961 2900 1131 150 857 
17962 2900 1119 150 1131 
17963 1206 2896 2894 2880 
17964 150 1126 1128 1127 
17965 1126 498 2888 1128 
17966 1119 873 874 1164 
17967 1119 2898 1125 873 
17968 2896 2880 1224 2899 
17969 1132 1221 564 1236 
17970 1132 1221 1236 563 
17971 563 564 1132 1221 
17972 2896 1125 1121 2898 
17973 2896 1125 2898 2899 
17974 1194 1233 1224 1082 
17975 2878 2888 2896 1199 
17976 2880 1081 1228 1080 
17977 2881 1211 1079 1213 
17978 2880 1081 1224 1228 
17979 1236 1194 1121 1132 
17980 3472 1084 1229 1225 
17981 1194 1132 1236 1233 
17982 1215 1082 1194 1224 
17983 2896 2898 1121 1126 
17984 2896 2898 1126 2888 
17985 2896 1126 1121 1199 
17986 2896 2888 1126 1199 
17987 2878 1197 1193 1199 
17988 2876 2878 1197 1193 
17989 3473 1208 1209 1190 
17990 1196 2893 1197 1200 
17991 2876 1197 2878 2894 
17992 2878 2877 2888 1193 
17993 1181 3471 1178 2885 
17994 1185 1183 1182 2883 
17995 482 1138 1129 1141 
17996 2893 1197 2876 2894 
17997 2893 2876 1197 1200 
17998 2895 1216 1196 2882 
17999 1196 2894 2893 2882 
18000 1212 1081 2880 1080 
18001 1074 1214 1203 189 
18002 3473 1214 1074 1216 
18003 1202 55 1076 1207 
18004 1203 2893 1196 1200 
18005 1179 1217 1210 3473 
18006 1075 1203 1190 1208 
18007 1075 189 1203 1208 
18008 1202 2885 1173 1190 
18009 3473 1210 1068 1077 
18010 1202 1173 1070 1209 
18011 1209 1208 1075 1190 
18012 3473 1208 1187 1069 
18013 2881 1079 1080 1223 
18014 1073 1216 1212 2882 
18015 1212 1211 1080 2882 
18016 1215 1224 2880 1081 
18017 1212 1216 1211 2882 
18018 3473 1190 2892 2893 
18019 1216 1218 1211 2882 
18020 1213 2881 2897 1232 
18021 3473 1208 1190 1203 
18022 3473 1187 1173 1069 
18023 1185 854 1183 2883 
18024 3472 1189 1186 855 
18025 1177 1184 2897 1232 
18026 2897 1172 1232 1184 
18027 3473 1213 1217 1210 
18028 3473 2895 1196 2893 
18029 2897 3473 1180 151 
18030 3473 1173 2892 1190 
18031 3473 1208 1214 1077 
18032 3473 1179 1172 1180 
18033 3470 3471 477 1191 
18034 2892 1190 1173 2885 
18035 1187 1069 1208 1068 
18036 3473 2895 2897 1218 
18037 3472 1162 901 1169 
18038 3472 855 2887 2886 
18039 854 1183 2883 2884 
18040 3472 1040 1085 1169 
18041 3473 1214 1210 1077 
18042 1173 2884 1183 3473 
18043 1181 1188 1139 461 
18044 1173 2884 1178 1183 
18045 3472 1176 1175 1219 
18046 124 846 1186 1115 
18047 1173 2884 3473 2892 
18048 3473 1214 1218 1210 
18049 3473 1183 1187 1180 
18050 3473 1074 1203 1196 
18051 2897 3473 1172 1180 
18052 2886 1232 1227 1177 
18053 3474 1160 1149 1148 
18054 3470 1117 3474 2890 
18055 2883 1178 2884 1183 
18056 2887 2902 2901 1171 
18057 768 2891 767 1145 
18058 1171 1162 2901 2887 
18059 2875 2893 2885 1200 
18060 854 1183 2884 1180 
18061 767 768 1182 2883 
18062 2879 1223 1228 1231 
18063 2875 2876 1204 2877 
18064 855 2883 768 2891 
18065 3471 1178 766 1188 
18066 2890 2889 1117 857 
18067 854 2884 151 1180 
18068 1083 3472 1219 1084 
18069 2886 2897 2881 1232 
18070 854 1177 1180 2897 
18071 854 1180 151 2897 
18072 3472 1114 2887 1115 
18073 3472 1113 1040 901 
18074 2902 1164 1168 2899 
18075 3472 1230 2902 1161 
18076 2881 2882 2880 1080 
18077 2879 1229 1223 1225 
18078 2879 1223 1231 1225 
18079 2879 1225 1231 1230 
18080 3472 2886 1229 1227 
18081 2902 1230 2879 1222 
18082 2902 2898 2900 1164 
18083 2902 2898 1164 2899 
18084 3472 1171 1162 1169 
18085 3472 1229 2886 2879 
18086 3472 1186 1116 1115 
18087 2902 1171 1161 1164 
18088 1167 2902 1171 2901 
18089 2881 1080 2880 1223 
18090 2886 1232 1229 1227 
18091 2881 2879 1229 1223 
18092 2881 2879 1223 2880 
18093 3472 1220 1219 1084 
18094 1189 1185 854 1177 
18095 3472 1116 1113 1115 
18096 3472 2887 855 1115 
18097 2886 1177 854 2897 
18098 3472 1186 1189 1176 
18099 3472 1189 2886 1177 
18100 3472 1176 1189 1177 
18101 3472 1229 2879 1225 
18102 1185 1183 854 1180 
18103 3471 1137 1153 1142 
18104 1149 2891 2890 856 
18105 903 773 1146 1160 
18106 1151 1145 2891 1149 
18107 467 1141 466 1147 
18108 3470 2889 2877 1128 
18109 1182 767 2883 1178 
18110 1185 854 1177 1180 
18111 2883 1174 768 1182 
18112 3472 1230 1085 1225 
18113 3472 1041 1219 1220 
18114 1186 1176 1116 846 
18115 3472 1040 1041 1220 
18116 1186 1189 1174 855 
18117 1148 855 768 1145 
18118 1186 846 1116 1115 
18119 3474 856 1149 2890 
18120 1148 1115 769 1186 
18121 903 1146 125 1163 
18122 1148 1174 769 768 
18123 1148 856 855 1145 
18124 1186 1174 769 1148 
18125 3474 1135 876 1117 
18126 1148 855 1174 768 
18127 1114 3472 1162 1113 
18128 875 3474 1170 876 
18129 124 769 774 1115 
18130 124 1186 769 1115 
18131 3474 1114 1148 856 
18132 3474 1163 1150 1146 
18133 3474 1114 1160 1148 
18134 3474 1162 1170 1165 
18135 3474 902 1114 1162 
18136 1118 1144 1155 1124 
18137 3474 876 1135 1165 
18138 3474 1148 1149 856 
18139 1150 1163 877 771 
18140 903 125 1146 773 
18141 3474 903 1114 902 
18142 3474 1146 1150 1156 
18143 3474 1150 877 1135 
18144 3470 1136 1159 1141 
18145 1149 2890 1155 3474 
18146 3474 1160 903 1146 
18147 1150 1156 1133 1135 
18148 3474 1165 903 902 
18149 3474 1170 876 1165 
18150 1170 857 2900 2901 
18151 1170 2901 1167 1162 
18152 3474 903 1160 1114 
18153 1170 875 2900 857 
18154 1170 2900 875 1167 
18155 3474 902 1162 1165 
18156 3474 2901 1170 1162 
18157 3474 877 1163 1165 
18158 1149 1148 1145 856 
18159 3471 1181 1188 1143 
18160 3474 1135 877 1165 
18161 3474 1146 1149 1160 
18162 1150 1133 877 1135 
18163 1157 1147 466 1141 
18164 3474 1163 903 1165 
18165 3474 877 1150 1163 
18166 3470 1159 1147 1141 
18167 3474 1170 857 875 
18168 1155 1144 1156 1124 
18169 1150 775 126 1133 
18170 1133 1144 1134 1124 
18171 775 1133 1144 1134 
18172 1150 1163 771 1146 
18173 1149 2890 1151 1155 
18174 1150 126 771 877 
18175 1150 1133 126 877 
18176 1150 1144 1133 1156 
18177 1157 1118 1154 1147 
18178 1122 1138 482 66 
18179 1157 466 1129 1141 
18180 776 1134 775 1144 
18181 3470 1122 496 478 
18182 3470 1136 1195 477 
18183 496 1122 66 478 
18184 3471 476 1201 1143 
18185 1124 3470 1118 1123 
18186 1159 3470 1151 3471 
18187 461 1188 1137 117 
18188 1157 1129 1147 1141 
18189 1154 1118 1144 1155 
18190 1154 776 1118 777 
18191 1118 1144 776 1154 
18192 1118 1144 1134 776 
18193 1157 1118 1147 1129 
18194 1157 1129 466 64 
18195 1157 777 1129 64 
18196 1157 777 1154 1118 
18197 1157 777 1118 1129 
18198 3471 1151 1158 1145 
18199 1195 2875 1191 1204 
18200 3470 1155 3474 1124 
18201 3471 1188 1137 1143 
18202 3471 1136 1140 1142 
18203 767 3471 1158 1145 
18204 766 1158 767 1178 
18205 467 1159 1141 1147 
18206 3470 1122 1118 1123 
18207 3471 1137 1188 1152 
18208 1137 1152 1153 468 
18209 1137 1152 117 1188 
18210 3471 1140 1136 477 
18211 1178 767 2891 3471 
18212 1151 1145 3471 2891 
18213 3471 1137 1140 1143 
18214 3471 767 1158 1178 
18215 475 55 1202 1139 
18216 3471 1140 1137 1142 
18217 1122 1147 1129 1141 
18218 461 117 1137 62 
18219 461 1143 1137 1188 
18220 2891 2885 2883 1178 
18221 461 1188 117 730 
18222 1142 1159 467 468 
18223 1142 467 1159 1141 
18224 1142 1153 1159 468 
18225 1137 117 1152 62 
18226 2891 2890 1151 1149 
18227 3471 766 1153 1152 
18228 3471 477 1191 1140 
18229 1202 2885 1181 1173 
18230 1181 1188 461 730 
18231 53 1070 1207 1181 
18232 1202 1070 1207 1209 
18233 53 1181 1207 1139 
18234 461 1181 53 1139 
18235 54 461 53 1139 
18236 461 1181 730 53 
18237 54 1139 53 1207 
18238 3471 766 1152 1188 
18239 55 1139 54 1207 
18240 1202 1139 55 1207 
18241 1201 1181 2885 1143 
18242 1202 1207 1076 1209 
18243 1070 1202 1207 1181 
18244 1076 1190 1209 1075 
18245 1202 1139 1207 1181 
18246 1201 475 1139 1143 
18247 1201 2885 1190 1200 
18248 1201 1139 1181 1143 
18249 1191 1204 2875 1200 
18250 3470 496 1195 478 
18251 1191 2875 1201 1200 
18252 3470 1155 1147 1151 
18253 1201 476 475 1143 
18254 1201 1181 1202 2885 
18255 1201 2875 2885 1200 
18256 3471 476 1191 1201 
18257 1191 477 476 1140 
18258 3471 1140 1191 476 
18259 3471 1201 1191 2875 
18260 3470 1118 1122 1147 
18261 3470 1117 2890 2889 
18262 3470 2890 3474 1155 
18263 2891 2890 3471 1151 
18264 3470 1120 1130 1128 
18265 1195 2877 2875 1204 
18266 3470 1147 1122 1141 
18267 3471 1140 476 1143 
18268 1124 3470 1155 1118 
18269 1136 1142 1159 1141 
18270 1122 1129 1147 1118 
18271 1195 1136 478 477 
18272 482 64 466 1129 
18273 1122 1138 66 478 
18274 1195 2877 1204 1193 
18275 1193 1128 1120 3470 
18276 1195 497 1120 1193 
18277 3470 3471 2890 1151 
18278 1194 1121 2896 1224 
18279 499 1121 1126 1199 
18280 500 1194 1132 1121 
18281 1194 1121 499 1199 
18282 1205 68 563 1087 
18283 1198 500 563 68 
18284 1233 1071 1194 1198 
18285 1205 1087 1233 70 
18286 1205 68 1087 70 
18287 1198 563 1132 1233 
18288 1198 563 500 1132 
18289 1198 1205 563 1233 
18290 1205 1233 188 70 
18291 1198 1132 500 1194 
18292 1198 1132 1194 1233 
18293 1206 1215 1224 2896 
18294 1206 2894 1212 2880 
18295 1215 1082 1071 1194 
18296 1215 1212 1081 2880 
18297 1233 1071 1082 1194 
18298 1215 1224 2896 2880 
18299 1212 2880 2894 2882 
18300 1072 1071 1206 1215 
18301 1206 1194 1215 1071 
18302 1073 1196 1216 2882 
18303 1072 1215 1206 1212 
18304 1192 2894 2878 1197 
18305 2878 1192 1199 1206 
18306 1192 1197 2878 1199 
18307 1192 1212 1072 1206 
18308 1192 1212 1206 2894 
18309 2878 1192 1206 2894 
18310 1192 1197 1196 2894 
18311 3473 1214 1216 1218 
18312 3473 1210 1218 1213 
18313 1073 1212 2894 2882 
18314 1073 2894 1196 2882 
18315 1073 1192 1196 2894 
18316 1073 1196 1074 1216 
3 19 4 477
18317 1130 2942 1120 2952 
18318 1128 2942 878 153 
18319 866 2184 2931 533 
18320 2913 868 869 2944 
18321 2911 2918 2059 2933 
18322 152 864 2928 2939 
18323 2939 2937 879 864 
18324 2939 1117 1131 875 
18325 2935 2058 2073 481 
18326 1130 2942 2952 2946 
18327 2024 465 2904 2027 
18328 2925 2910 2071 2922 
18329 1128 153 2944 2942 
18330 2908 2951 869 870 
18331 777 2633 2934 2636 
18332 2937 859 2936 2947 
18333 2927 1135 2912 2928 
18334 2023 2022 2909 2028 
18335 123 772 2930 863 
18336 496 2948 1120 497 
18337 763 762 2634 2919 
18338 2924 2026 479 480 
18339 2054 2063 2062 2913 
18340 1132 2184 2188 2945 
18341 859 2947 865 2936 
18342 2635 2904 2929 2915 
18343 2916 1118 1122 2903 
18344 2914 2912 2927 1124 
18345 2912 1124 1117 1135 
18346 2634 2919 2906 1134 
18347 2634 2930 2906 2919 
18348 1133 1124 2906 2927 
18349 2023 2935 2926 481 
18350 2057 2063 2908 869 
18351 2069 488 2056 2922 
18352 2949 2184 866 2932 
18353 2952 872 1123 2953 
18354 2638 126 1133 2938 
18355 1133 2927 2940 1135 
18356 1127 1130 879 878 
18357 1120 2952 2948 2903 
18358 2057 2951 2944 869 
18359 2634 2930 2638 2906 
18360 2952 2903 1123 872 
18361 2023 2926 2909 2923 
18362 2904 2022 2027 471 
18363 873 85 1125 562 
18364 879 864 2937 2947 
18365 864 865 859 2947 
18366 876 877 2940 1135 
18367 1121 1126 2944 499 
18368 2914 1123 2912 1124 
18369 776 2919 2634 1134 
18370 2912 1117 2928 1135 
18371 2186 494 2060 2059 
18372 1128 153 498 2944 
18373 2069 2917 488 2922 
18374 1131 874 2937 875 
18375 2916 1129 1118 2934 
18376 2949 2184 1125 2945 
18377 496 2903 1122 1120 
18378 2635 465 2929 2904 
18379 1123 1117 2912 1124 
18380 2073 66 496 1122 
18381 864 859 2937 2947 
18382 865 2947 2949 2936 
18383 2074 2950 2055 2920 
18384 1133 2906 1124 1134 
18385 2949 2936 873 2941 
18386 1123 872 2912 2953 
18387 2906 1124 2914 2927 
18388 1130 2952 1120 1123 
18389 2953 1130 1123 2952 
18390 1120 2942 2948 2952 
18391 2944 2951 498 1128 
18392 1119 2949 2936 873 
18393 2944 2951 1128 2942 
18394 1130 1128 1120 2942 
18395 1128 2951 498 497 
18396 2913 2920 2074 2933 
18397 2062 2066 868 2944 
18398 868 2950 2074 2920 
18399 2062 2074 2913 868 
18400 2916 482 1122 1129 
18401 1127 1128 1130 878 
18402 871 2903 2952 872 
18403 2948 2952 871 2903 
18404 2908 2063 2913 869 
18405 2065 2910 2056 2064 
18406 1127 1131 878 879 
18407 1130 878 1128 2942 
18408 2912 1117 152 2928 
18409 152 864 2939 879 
18410 2912 872 152 2953 
18411 2914 2912 1123 2903 
18412 1123 2912 1117 2953 
18413 2939 1131 1117 879 
18414 1132 1125 2184 2945 
18415 1130 878 2942 2946 
18416 2912 879 1117 2953 
18417 879 2937 1131 2947 
18418 2915 763 2633 2919 
18419 2953 1130 2952 2946 
18420 2912 879 152 1117 
18421 1133 2906 2938 2927 
18422 1119 2936 2943 2947 
18423 878 1131 2943 2947 
18424 2939 1131 879 2937 
18425 868 2944 2066 2950 
18426 878 879 1131 2947 
18427 2927 861 2940 2928 
18428 864 859 860 2937 
18429 2912 152 879 2953 
18430 1119 2936 2949 2943 
18431 1123 2903 2912 872 
18432 2638 2938 2906 863 
18433 865 858 2941 2932 
18434 2949 2943 2936 2947 
18435 1131 2937 874 2947 
18436 2949 2932 2941 562 
18437 865 2941 858 2936 
18438 2062 2057 2066 2944 
18439 2948 2951 2942 1128 
18440 2061 2933 2062 2074 
18441 2920 2060 2911 2187 
18442 2908 2917 2056 2922 
18443 867 866 2945 2931 
18444 2065 870 2067 2951 
18445 2949 1125 2943 2945 
18446 1128 1120 2948 497 
18447 2184 2189 2188 2945 
18448 865 2949 2941 2936 
18449 2949 2184 2932 562 
18450 868 2066 2074 2950 
18451 1119 874 2936 2947 
18452 866 2184 2945 2931 
18453 2932 76 562 533 
18454 2949 562 2941 1125 
18455 873 1125 2941 562 
18456 2941 2932 76 562 
18457 2941 76 2932 858 
18458 879 1130 2953 2946 
18459 865 2932 2949 866 
18460 2939 2940 2928 1135 
18461 499 2066 498 2944 
18462 2949 866 2184 2945 
18463 866 2932 2184 533 
18464 859 2936 865 858 
18465 2937 2936 874 2947 
18466 1128 1120 2942 2948 
18467 1132 1121 1125 2945 
18468 1121 2943 1119 1125 
18469 2948 2951 1128 497 
18470 2939 1131 2937 875 
18471 865 2941 2949 2932 
18472 1121 2950 2945 1132 
18473 493 67 492 529 
18474 2068 2921 2907 490 
18475 2920 2183 2187 2189 
18476 2189 2920 532 2187 
18477 2950 867 2945 2931 
18478 2950 2188 2945 1132 
18479 2189 2920 2931 532 
18480 2184 2189 2931 533 
18481 2950 2945 2189 2931 
18482 531 2911 2186 2187 
18483 2949 2941 873 1125 
18484 2184 2931 2189 2945 
18485 2184 2932 562 533 
18486 2074 2920 2911 2933 
18487 1127 879 1130 1117 
18488 2949 2184 562 1125 
18489 1127 1117 1131 879 
18490 2184 1125 85 562 
18491 2070 2060 2055 2920 
18492 1121 1126 1119 2943 
18493 2184 564 85 1125 
18494 532 2931 2189 533 
18495 1121 2945 2943 1125 
18496 2944 2950 2945 1121 
18497 1130 879 878 2946 
18498 1130 2953 1123 1117 
18499 879 1130 1117 2953 
18500 500 2950 499 1121 
18501 1127 1128 878 153 
18502 1127 2943 878 1131 
18503 1127 878 2943 153 
18504 1119 2949 873 1125 
18505 2055 2183 2920 2189 
18506 499 498 1126 2944 
18507 1121 2945 1126 2943 
18508 2055 2920 2950 2189 
18509 1126 2944 498 153 
18510 2944 2943 1126 2945 
18511 2944 2943 153 1126 
18512 1126 153 1127 2943 
18513 1126 1128 1127 153 
18514 1126 498 1128 153 
18515 1119 2943 2949 1125 
18516 1119 1131 874 2947 
18517 1119 2943 1131 2947 
18518 1119 874 873 2936 
18519 1119 2943 1126 1127 
18520 1119 2943 1127 1131 
18521 2950 2188 1132 500 
18522 1132 564 2184 1125 
18523 1132 2184 564 2188 
18524 2188 500 563 1132 
18525 563 564 2188 1132 
18526 2638 2930 772 863 
18527 2938 2940 2927 862 
18528 1133 1124 2927 1135 
18529 2638 2938 772 126 
18530 2927 2940 861 862 
18531 2939 864 860 2937 
18532 2939 2928 1117 1135 
18533 2638 2938 1133 2906 
18534 2938 2927 2906 862 
18535 2927 1124 2912 1135 
18536 2939 1117 152 879 
18537 2939 860 864 2928 
18538 2939 1117 2928 152 
18539 1133 2927 2938 2940 
18540 2927 2940 1135 2928 
18541 2939 2940 861 2928 
18542 2939 2928 861 860 
18543 876 1117 2939 875 
18544 876 2939 1117 1135 
18545 876 2940 2939 1135 
18546 1129 777 2934 2636 
18547 1133 2940 2938 877 
18548 2638 772 2938 863 
18549 1133 2940 877 1135 
18550 2934 2915 2633 2919 
18551 2024 1129 2916 2934 
18552 776 2934 2633 2919 
18553 2906 2914 1124 1134 
18554 2635 2636 2904 2915 
18555 1118 2934 1129 777 
18556 777 776 2934 2633 
18557 126 1133 2938 877 
18558 2906 2914 1134 2919 
18559 2938 862 2906 863 
18560 775 2906 1133 1134 
18561 123 2637 2930 772 
18562 2024 2923 2916 2025 
18563 2638 1133 126 775 
18564 2638 1133 775 2906 
18565 2638 2906 2930 863 
18566 2634 762 2930 2919 
18567 2634 2637 2638 2930 
18568 776 1134 2914 2919 
18569 2638 772 2930 2637 
18570 2634 2930 762 2637 
18571 2916 1122 482 2025 
18572 1118 2914 2934 776 
18573 2634 2906 775 1134 
18574 2634 2906 2638 775 
18575 2024 2636 465 64 
18576 2635 465 2904 2636 
18577 762 2930 123 2637 
18578 1118 2934 777 776 
18579 776 1134 2634 775 
18580 1118 2914 776 1134 
18581 776 2934 2919 2914 
18582 2024 1129 2934 2636 
18583 2633 2634 776 2919 
18584 2633 763 2634 2919 
18585 2635 2915 764 763 
18586 2934 2633 2915 2636 
18587 2916 2934 1118 2914 
18588 1129 64 777 2636 
18589 1118 2903 2914 1123 
18590 1122 66 482 2025 
18591 1118 1123 2914 1124 
18592 1118 1124 2914 1134 
18593 2024 2904 2916 2923 
18594 2024 64 1129 2636 
18595 2024 2916 482 2025 
18596 471 2904 470 2027 
18597 2635 2633 2915 763 
18598 2024 482 2916 1129 
18599 2022 2027 2024 2904 
18600 2024 2636 2904 465 
18601 2916 1129 1122 1118 
18602 2929 2027 2904 465 
18603 2904 2636 2934 2915 
18604 2926 2903 2916 1122 
18605 2929 2027 464 470 
18606 2929 464 2027 465 
18607 2929 2027 470 2904 
18608 2635 464 2929 465 
18609 2929 464 63 470 
18610 2929 63 464 764 
18611 2635 2929 464 764 
18612 2635 2915 2929 764 
18613 2635 2636 2915 2633 
18614 2070 2060 2920 2187 
18615 2905 2903 496 1120 
18616 2057 2908 2951 869 
18617 2067 2948 2951 870 
18618 2905 2067 2073 2058 
18619 2907 2072 491 2918 
18620 2024 2916 2904 2934 
18621 2926 1122 2073 2903 
18622 2916 1118 2903 2914 
18623 2926 66 2073 1122 
18624 2024 482 1129 64 
18625 2903 1120 2952 1123 
18626 2903 1120 1123 1122 
18627 2024 2904 2636 2934 
18628 1122 2903 1118 1123 
18629 2926 2935 2905 2073 
18630 2908 2056 2065 2910 
18631 496 2948 497 2067 
18632 2063 2917 2069 2056 
18633 2067 2948 497 2951 
18634 2908 2063 2065 2056 
18635 2073 481 66 2025 
18636 2073 1122 496 2903 
18637 2062 2057 869 2063 
18638 480 2935 2023 481 
18639 2023 481 2926 2025 
18640 2926 2073 66 2025 
18641 2905 1120 496 2948 
18642 496 2905 2067 2073 
18643 2905 2948 871 2903 
18644 472 2923 471 2022 
18645 2925 2064 2924 479 
18646 2905 2903 1120 2948 
18647 2908 2917 2063 2056 
18648 2062 869 2913 2063 
18649 2910 480 2058 2935 
18650 496 2905 2948 2067 
18651 2905 2073 496 2903 
18652 2908 2905 2065 870 
18653 2905 2073 2935 2058 
18654 2905 2935 2910 2058 
18655 2905 2948 2067 870 
18656 2905 871 2948 870 
18657 2926 66 1122 2025 
18658 2926 2073 2905 2903 
18659 2926 481 2935 2073 
18660 2926 1122 2916 2025 
18661 2926 481 2073 2025 
18662 2926 2916 2923 2025 
18663 2023 2923 2909 2022 
18664 2023 2926 2923 2025 
18665 2924 2026 2023 2909 
18666 2022 2904 2024 2923 
18667 2022 2923 2024 2025 
18668 2904 2022 471 2923 
18669 2924 2909 2023 2935 
18670 2022 2909 472 2923 
18671 2023 2935 2909 2926 
18672 480 2058 2935 481 
18673 2924 480 479 2064 
18674 2023 2923 2022 2025 
18675 2909 472 473 2028 
18676 2022 2909 2028 472 
18677 474 2026 2924 473 
18678 2924 2026 480 2023 
18679 2026 2028 2909 473 
18680 2023 2909 2026 2028 
18681 2924 2023 480 2935 
18682 2910 480 2064 2058 
18683 2924 480 2064 2910 
18684 2925 2924 474 479 
18685 2924 480 2910 2935 
18686 2924 473 2026 2909 
18687 474 479 2924 2026 
18688 2925 479 2071 2064 
18689 2925 2924 2064 2910 
18690 2925 474 65 479 
18691 2925 65 2071 479 
18692 2054 2913 2921 2917 
18693 2925 2071 2910 2064 
18694 2908 2910 2065 2905 
18695 2925 2071 487 2922 
18696 2910 2056 2071 2922 
18697 2925 2071 65 487 
18698 2061 2933 2054 2062 
18699 2910 2056 2064 2071 
18700 2056 487 2071 2922 
18701 2069 2056 2917 2922 
18702 488 487 2056 2922 
18703 2066 2055 2074 2950 
18704 2908 2056 2910 2922 
18705 2065 2905 2067 870 
18706 2908 2065 2951 870 
18707 2065 2058 2910 2064 
18708 2908 2917 2913 2063 
18709 2065 2058 2905 2910 
18710 2065 2905 2058 2067 
18711 490 489 2054 2921 
18712 489 488 2069 2917 
18713 2186 2060 2911 2059 
18714 2062 868 2913 2944 
18715 2186 2185 494 2059 
18716 2189 500 2950 2055 
18717 2186 2911 2185 2059 
18718 2920 867 2950 2931 
18719 2054 2069 2063 2917 
18720 2911 2185 2059 2918 
18721 2918 529 2185 493 
18722 1121 2950 1132 500 
18723 2186 2187 2060 495 
18724 2059 493 2918 2185 
18725 2068 2918 2933 2061 
18726 494 493 2059 2185 
18727 2189 500 2055 2183 
18728 2074 2911 2920 2060 
18729 2944 2950 1121 499 
18730 2920 2070 2183 2055 
18731 500 2188 2183 2189 
18732 2057 2065 2908 2063 
18733 2920 2950 2189 2931 
18734 2920 2911 531 2187 
18735 531 530 2186 2911 
18736 530 2185 2911 2918 
18737 530 2185 2918 529 
18738 2186 495 2060 494 
18739 2186 2911 530 2185 
18740 2920 2187 531 532 
18741 2186 2911 2060 2187 
18742 2911 2061 2074 2933 
18743 2950 2189 2945 2188 
18744 2054 2913 2062 2933 
18745 499 2950 2066 2944 
18746 500 2950 2055 499 
18747 2074 2920 2055 2060 
18748 2057 2067 497 2951 
18749 2913 2920 868 2074 
18750 2062 2074 868 2066 
18751 2057 2951 2908 2065 
18752 868 2920 867 2950 
18753 2918 2933 2907 2068 
18754 2062 2913 869 2944 
18755 2054 2921 2913 2933 
18756 2062 869 2057 2944 
18757 2057 497 498 2951 
18758 2057 498 2066 2944 
18759 2057 2951 498 2944 
18760 2057 2951 2065 2067 
18761 2062 2913 2074 2933 
18762 2054 2917 2921 489 
18763 2054 2917 489 2069 
18764 2054 2063 2913 2917 
18765 2921 2054 2068 2933 
18766 2072 529 2918 493 
18767 2072 2918 529 492 
18768 2072 529 493 492 
18769 2072 2918 2059 493 
18770 2072 491 2918 492 
18771 2933 2068 2061 2054 
18772 2068 2921 490 2054 
18773 2068 2072 2907 2918 
18774 2068 2059 2072 2918 
18775 2068 490 2907 491 
18776 2068 491 2907 2072 
18777 2061 2059 2911 2060 
18778 2061 2911 2059 2933 
18779 2933 2907 2068 2921 
18780 2061 2059 2068 2918 
18781 2061 2933 2059 2918 
18782 2911 2061 2060 2074 
18783 2950 2189 2188 500 
18784 499 2055 2066 2950 
18785 1121 1126 2945 2944 
18786 2188 500 2183 563 
18787 500 68 2183 563 
18788 2920 2070 2187 2183 
18789 2070 495 2060 2187 
18790 2070 495 2187 2183 
18791 2070 500 68 2183 
18792 2070 68 495 2183 
18793 2070 2055 500 2183 
3 20 4 448
18794 915 3001 3014 3010 
18795 873 2941 3008 1166 
18796 912 2987 3002 2977 
18797 913 912 3003 2986 
18798 3003 2981 2985 2986 
18799 2966 3004 2965 1165 
18800 2967 2976 2179 75 
18801 558 1493 1168 1063 
18802 2962 3002 898 913 
18803 2998 2988 912 2977 
18804 3010 3015 2182 2963 
18805 2180 2967 3011 3017 
18806 3007 3014 915 3001 
18807 889 2960 2985 2957 
18808 2956 3004 3002 1165 
18809 2979 909 2975 2974 
18810 2998 912 3002 2977 
18811 892 3001 2176 2963 
18812 3018 1161 160 1169 
18813 2988 912 2984 159 
18814 2998 1162 2988 2977 
18815 2182 2178 3015 561 
18816 3005 1164 1171 1167 
18817 2962 2987 3002 913 
18818 2984 2981 907 2997 
18819 2983 2962 2979 3002 
18820 2175 2181 3008 2999 
18821 2979 2987 2962 2993 
18822 859 3000 895 896 
18823 3004 1165 1170 1162 
18824 1162 2977 3002 1165 
18825 893 2999 528 2177 
18826 3016 2963 3010 3001 
18827 2939 896 2966 3004 
18828 2979 2993 2975 2996 
18829 3005 1171 1161 159 
18830 3004 1162 1167 2998 
18831 2938 862 2965 2940 
18832 873 2941 1166 562 
18833 2956 3002 3004 897 
18834 889 2985 3003 2957 
18835 2975 2993 156 2960 
18836 3006 2957 2981 2992 
18837 889 156 913 2960 
18838 3007 1493 915 914 
18839 2176 3001 2182 2963 
18840 876 2940 877 1165 
18841 558 1493 2999 1168 
18842 2175 558 1063 84 
18843 1161 914 160 1062 
18844 2175 2941 2181 562 
18845 2175 84 1063 1166 
18846 2975 2978 155 2996 
18847 2936 1164 3008 3000 
18848 3007 3018 159 1161 
18849 3016 3015 3010 2963 
18850 3005 1164 1161 1171 
18851 2175 2177 2181 2999 
18852 2939 2937 860 896 
18853 2938 877 2965 1163 
18854 771 2980 2958 770 
18855 770 2958 2608 120 
18856 860 2937 859 896 
18857 2937 2936 859 3000 
18858 2937 874 2936 3000 
18859 2937 3000 859 896 
18860 2937 1167 874 3000 
18861 2937 875 1167 3000 
18862 2937 1167 875 874 
18863 2966 2965 2940 1165 
18864 3004 2966 2939 876 
18865 875 3004 1167 3000 
18866 2937 896 3004 3000 
18867 2939 2937 896 3004 
18868 877 2965 1165 2940 
18869 874 1164 873 2936 
18870 874 2936 3000 1164 
18871 873 1166 3008 1164 
18872 873 3008 2936 1164 
18873 2181 528 2999 2177 
18874 2175 1166 1063 1168 
18875 2181 2999 528 894 
18876 1168 2175 2999 558 
18877 2941 858 2936 3008 
18878 2941 858 3008 894 
18879 873 1166 85 562 
18880 2941 858 894 76 
18881 895 894 3008 858 
18882 874 3000 1167 1164 
18883 3005 3000 3008 1164 
18884 3005 1168 1161 1164 
18885 3005 2999 3007 1168 
18886 873 3008 2941 2936 
18887 859 895 2936 858 
18888 2175 2177 2999 558 
18889 893 528 2999 894 
18890 893 892 3009 527 
18891 3009 2176 892 3001 
18892 3009 3007 2999 2177 
18893 557 3009 3001 2176 
18894 3009 2177 527 2176 
18895 2175 2999 3008 1166 
18896 2181 528 76 894 
18897 2175 2999 1166 1168 
18898 528 527 893 2177 
18899 3005 1164 1167 3000 
18900 557 3007 3009 2177 
18901 3009 527 892 2176 
18902 3009 557 2177 2176 
18903 893 3009 2999 2177 
18904 893 527 3009 2177 
18905 3007 1493 557 915 
18906 1168 2175 558 1063 
18907 3005 3008 1166 1164 
18908 3005 3007 1161 1168 
18909 557 2176 915 83 
18910 2999 558 2177 1493 
18911 2181 894 2941 3008 
18912 3007 914 3014 3018 
18913 2181 894 3008 2999 
18914 915 2176 3010 83 
18915 915 3010 2176 3001 
18916 3006 3014 3016 907 
18917 3007 1062 1161 1168 
18918 159 3014 2997 908 
18919 3014 3001 3006 3016 
18920 3014 3001 2997 3006 
18921 3014 3001 3016 3010 
18922 3007 3014 3001 2997 
18923 557 3009 3007 3001 
18924 3014 2997 908 2984 
18925 3005 1166 3008 2999 
18926 1161 159 1171 1169 
18927 1171 159 2998 1169 
18928 1171 2998 1162 1169 
18929 1171 2998 1167 1162 
18930 3005 1167 2998 3000 
18931 3005 1167 1171 2998 
18932 2936 3008 895 3000 
18933 2937 3004 875 3000 
18934 859 3000 2936 895 
18935 3002 2998 1162 3004 
18936 1170 875 876 2939 
18937 2999 1493 3007 1168 
18938 3007 914 915 3014 
18939 2936 858 895 3008 
18940 3005 1166 2999 1168 
18941 876 2966 2940 1165 
18942 1165 3002 1162 3004 
18943 3007 3014 159 3018 
18944 1167 3000 3004 2998 
18945 2175 85 1166 562 
18946 3014 2984 908 907 
18947 2175 3008 2181 2941 
18948 3007 1062 914 1161 
18949 2999 2177 3007 1493 
18950 3007 159 3014 2997 
18951 159 3014 908 3018 
18952 120 2964 2958 2608 
18953 2991 2974 2979 2956 
18954 2983 902 1165 2977 
18955 2983 3002 2977 1165 
18956 2983 3002 2987 2977 
18957 2979 910 909 2974 
18958 2968 910 887 2991 
18959 2975 155 909 2996 
18960 2975 888 909 155 
18961 909 910 888 2974 
18962 2968 910 2991 2974 
18963 2958 120 2995 886 
18964 2983 2956 3002 1165 
18965 2975 2993 2962 156 
18966 2979 2975 909 2996 
18967 2962 913 156 2993 
18968 2962 913 898 156 
18969 2979 2962 2956 2974 
18970 2983 2979 2987 3002 
18971 2991 910 2979 2974 
18972 2983 2956 2962 3002 
18973 898 3002 2956 897 
18974 2968 887 910 2974 
18975 126 2938 771 877 
18976 2958 2995 2968 886 
18977 3005 1164 1166 1168 
18978 902 2977 1162 1165 
18979 902 901 1162 2977 
18980 158 901 2988 1169 
18981 3014 2997 2984 907 
18982 3018 2988 908 159 
18983 908 159 2988 2984 
18984 557 3007 2177 1493 
18985 2994 2986 2984 912 
18986 2994 912 913 2986 
18987 2994 912 2988 2977 
18988 2994 2984 2988 912 
18989 2987 2986 2994 913 
18990 912 2987 2977 2994 
18991 3007 1493 914 1062 
18992 3005 2998 1171 159 
18993 2987 2986 913 2993 
18994 2962 2956 898 3002 
18995 907 3006 2981 3016 
18996 3006 3014 907 2997 
18997 907 3006 2997 2981 
18998 2984 2986 3003 912 
18999 907 3016 2981 906 
19000 2998 159 2988 1169 
19001 2998 3002 1162 2977 
19002 2998 912 2988 159 
19003 3005 1161 3007 159 
19004 2984 2997 159 912 
19005 2997 2981 3006 3003 
19006 2987 913 912 3002 
19007 3018 2988 158 908 
19008 3006 2957 890 3003 
19009 890 2957 889 3003 
19010 3006 3016 2955 906 
19011 3006 2957 3003 2981 
19012 892 2176 527 526 
19013 3006 890 2957 2955 
19014 889 3003 2985 2986 
19015 1170 875 2939 3004 
19016 913 2993 2986 2960 
19017 889 2986 913 3003 
19018 2975 155 2978 2960 
19019 2962 2987 913 2993 
19020 3006 2963 2955 3016 
19021 2984 2997 3003 2981 
19022 3006 2955 2963 891 
19023 3006 2992 2981 906 
19024 2998 2988 1162 1169 
19025 889 2985 2960 2986 
19026 2979 2962 2975 2993 
19027 3006 891 890 2955 
19028 3007 914 3018 1161 
19029 3006 2963 3016 3001 
19030 3006 2957 2992 2955 
19031 885 2971 2978 2960 
19032 885 2978 155 2960 
19033 885 2978 2971 2985 
19034 2975 2974 909 888 
19035 2978 2975 2993 2996 
19036 2978 2960 2985 2986 
19037 2978 2993 2960 2986 
19038 908 2984 2997 159 
19039 2983 2956 2979 2962 
19040 2979 2974 2975 2962 
19041 2979 2962 2987 3002 
19042 2988 901 1162 1169 
19043 885 884 2985 2971 
19044 889 913 2986 2960 
19045 1161 914 3018 160 
19046 899 82 3017 2976 
19047 3018 160 158 1169 
19048 883 2982 2973 2970 
19049 883 2989 2982 2970 
19050 883 884 2973 2982 
19051 2978 2971 2985 2960 
19052 2992 2973 2982 2970 
19053 884 2985 2971 2982 
19054 2973 2982 2985 2992 
19055 2971 2985 2960 2957 
19056 884 2971 2973 2982 
19057 156 2993 913 2960 
19058 2981 2957 2985 2992 
19059 2970 905 2992 2959 
19060 2992 2973 2970 2959 
19061 2992 2982 2989 2970 
19062 3018 159 1161 1169 
19063 2992 2957 2959 2955 
19064 2992 2955 2959 3013 
19065 2973 2985 2957 2992 
19066 883 882 2989 2970 
19067 2970 905 2989 2992 
19068 905 3012 2972 904 
19069 2973 2985 2971 2957 
19070 2987 913 2994 912 
19071 1493 1063 1062 1168 
19072 3001 915 3007 557 
19073 2955 3015 3016 2963 
19074 2992 905 906 3013 
19075 2955 3013 3015 2961 
19076 905 3012 3013 2972 
19077 2972 2954 3012 2967 
19078 3011 2972 3012 2967 
19079 2972 2969 3012 2954 
19080 2978 2975 2960 2993 
19081 880 2976 2967 75 
19082 3012 3017 3011 2967 
19083 899 3012 2954 2967 
19084 3011 2972 2967 2961 
19085 2970 905 904 2989 
19086 2969 3012 2954 900 
19087 2954 2969 900 881 
19088 899 3017 3012 2967 
19089 2969 3012 900 904 
19090 2984 3003 2986 2981 
19091 880 881 2954 900 
19092 880 899 2954 2967 
19093 880 2954 899 900 
19094 2969 154 2990 157 
19095 2969 154 882 2990 
19096 2969 882 2970 2990 
19097 2972 904 3012 2969 
19098 2969 157 2990 904 
19099 3013 2961 2972 3011 
19100 904 2970 2990 2969 
19101 900 881 2969 157 
19102 3003 2985 2981 2957 
19103 892 2176 526 2963 
19104 2984 3003 2997 912 
19105 2970 905 2972 904 
19106 2992 906 2955 3013 
19107 3013 2972 3012 3011 
19108 3006 2992 906 2955 
19109 905 3013 2959 2972 
19110 2972 904 2969 2970 
19111 2973 2982 2971 2985 
19112 900 2969 904 157 
19113 3006 2981 3016 906 
19114 904 2970 2989 2990 
19115 2955 3016 3013 906 
19116 2992 2959 905 3013 
19117 3001 915 557 2176 
19118 3018 158 2988 1169 
19119 2988 1162 901 2977 
19120 2955 2972 3013 2961 
19121 2175 85 84 1166 
19122 2955 3015 3013 3016 
19123 2955 3015 2963 2961 
19124 2959 3013 2955 2972 
19125 3018 2988 159 1169 
19126 3006 2963 3001 891 
19127 3013 3015 2961 3011 
19128 3010 2182 2176 3001 
19129 3010 83 2176 2182 
19130 3010 2182 561 83 
19131 3010 561 2182 3015 
19132 2175 3008 2941 1166 
19133 2177 557 1493 558 
19134 526 2963 2176 2182 
19135 2182 2178 2963 3015 
19136 526 2963 2182 2178 
19137 892 3001 2963 891 
19138 2963 2961 2178 525 
19139 2973 2959 2992 2957 
19140 2961 3011 2180 2967 
19141 880 2976 899 2967 
19142 3010 2963 2182 3001 
19143 881 154 2969 157 
19144 2961 2180 524 2967 
19145 2963 2178 2961 3015 
19146 524 2967 2180 2179 
19147 2961 3011 3015 2178 
19148 2178 560 2180 3011 
19149 524 75 2967 2179 
19150 2961 524 2180 525 
19151 3017 2180 2179 559 
19152 2180 3011 560 559 
19153 3015 560 2178 3011 
19154 3015 560 561 2178 
19155 899 2954 3012 900 
19156 2961 2180 2178 525 
19157 2180 2967 3017 2179 
19158 3017 2180 559 3011 
19159 2179 2976 82 75 
19160 3017 2179 2976 82 
19161 2989 2990 2970 882 
19162 899 2976 3017 2967 
19163 905 2972 2959 2970 
19164 3017 2179 2967 2976 
19165 3017 559 2179 82 
19166 2961 3011 2178 2180 
19167 526 525 2963 2178 
19168 2181 562 2941 76 
19169 2175 2941 562 1166 
19170 2181 2941 894 76 
19171 3007 1493 1062 1168 
19172 876 1170 3004 1165 
19173 2965 2956 1163 1165 
19174 2980 2991 2983 2956 
19175 770 2958 120 2995 
19176 771 2980 770 125 
19177 771 2958 2980 1163 
19178 1163 2956 2983 1165 
19179 2980 2983 1163 2956 
19180 2968 2991 2980 2956 
19181 903 1165 1163 2983 
19182 903 1165 2983 902 
19183 2991 2979 2983 2956 
19184 2980 1163 903 125 
19185 2980 903 1163 2983 
19186 2965 2968 2958 2980 
19187 2965 2958 1163 2980 
19188 911 2991 887 910 
19189 2968 2991 2995 2980 
19190 771 1163 2980 125 
19191 2958 2995 770 2980 
19192 2968 2974 2991 2956 
19193 887 888 910 2974 
19194 2968 2991 911 2995 
19195 911 2995 120 886 
19196 2958 2980 2968 2995 
19197 2968 887 911 2991 
19198 2968 2995 911 886 
19199 2968 911 887 886 
19200 2939 860 2966 896 
19201 877 2965 1163 1165 
19202 2938 2965 2958 1163 
19203 771 770 2958 2608 
19204 2965 2980 1163 2956 
19205 861 2940 2965 862 
19206 876 1170 2939 3004 
19207 2938 771 877 1163 
19208 2938 2958 2965 862 
19209 2965 2968 2980 2956 
19210 861 2940 2966 2965 
19211 2938 2940 2965 877 
19212 2938 2958 771 1163 
19213 2965 3004 2956 1165 
19214 2966 2956 2965 3004 
19215 2966 897 2956 3004 
19216 2966 897 3004 896 
19217 2939 875 2937 3004 
19218 3004 2966 876 1165 
19219 876 2966 2939 2940 
19220 2939 2966 861 2940 
19221 2939 861 2966 860 
19222 1170 3004 1162 1167 
19223 1170 1167 875 3004 
19224 2938 2608 771 2958 
19225 2938 2608 2958 863 
19226 2938 2958 862 863 
19227 772 126 2938 2608 
19228 126 771 2938 2608 
19229 772 2938 863 2608 
19230 2964 2608 772 863 
19231 2964 2608 2609 772 
19232 2964 772 123 863 
19233 120 2964 886 2958 
19234 741 119 2964 2609 
19235 741 2609 2964 2608 
19236 2964 772 2609 123 
19237 741 2964 120 2608 
19238 2964 123 2609 119 
19239 2964 2958 2608 863 
19240 741 2964 119 886 
19241 741 120 2964 886 
3 21 4 640
19242 160 1062 1449 1230 
19243 1234 974 1306 1454 
19244 1234 1444 974 1454 
19245 1435 1090 1265 1324 
19246 1435 1090 974 1265 
19247 3475 1098 1327 1302 
19248 3476 1487 1469 3019 
19249 3475 3022 3027 1305 
19250 3475 1434 1422 945 
19251 1435 1301 1097 1324 
19252 1435 974 975 1454 
19253 1435 1097 191 1324 
19254 1454 1435 974 1306 
19255 3475 916 1451 1421 
19256 1435 1306 1322 1324 
19257 974 1090 172 1265 
19258 1444 1234 1232 1454 
19259 1454 1435 1306 1322 
19260 1444 1265 974 172 
19261 1092 1306 186 1265 
19262 1435 1265 974 1306 
19263 1092 1324 1265 1090 
19264 1092 1306 1265 1324 
19265 1435 191 1090 1324 
19266 1435 1324 1322 1301 
19267 1092 191 1324 1090 
19268 1098 1434 815 1302 
19269 1098 815 1434 816 
19270 3475 1305 3027 1319 
19271 816 1098 3475 1434 
19272 3027 3028 3021 1314 
19273 1433 134 1301 816 
19274 3475 162 916 1421 
19275 3475 1436 1437 976 
19276 3475 916 3022 1454 
19277 1435 1324 1265 1306 
19278 1100 1422 1308 1438 
19279 1433 1301 1327 816 
19280 1098 1301 134 816 
19281 162 3032 3033 1421 
19282 3020 1440 1455 3036 
19283 1229 1084 1083 1450 
19284 916 162 3033 1421 
19285 916 1448 1439 1451 
19286 1441 1449 1458 918 
19287 3477 3034 3023 3038 
19288 3477 1423 1490 1427 
19289 3477 1426 1423 1427 
19290 3477 1423 1426 1420 
19291 3477 1479 1489 1490 
19292 3477 3023 161 3038 
19293 3477 1489 161 3023 
19294 3476 3019 3026 3031 
19295 3019 3038 3476 161 
19296 3476 3019 1312 3026 
19297 3476 1481 3478 1485 
19298 3476 3478 3031 1311 
19299 3476 3478 3038 3031 
19300 3022 1229 1450 1441 
19301 3478 3031 3037 3038 
19302 3475 1322 1305 1319 
19303 3478 3031 3029 3037 
19304 3478 1311 3029 3031 
19305 3478 1485 1478 1471 
19306 3478 1481 1478 1485 
19307 3024 1225 3022 1441 
19308 3475 1232 1305 1322 
19309 1098 1327 1301 816 
19310 1097 1301 1433 134 
19311 816 1098 1327 3475 
19312 3476 1487 1481 1486 
19313 1438 1308 1099 1302 
19314 3477 1423 1420 614 
19315 3475 1433 816 1434 
19316 3475 1434 1436 1433 
19317 3475 1434 1437 1436 
19318 3475 1327 1322 1319 
19319 3475 1319 1302 1327 
19320 1444 1234 1227 1232 
19321 3475 1439 1436 976 
19322 3029 1320 1326 3030 
19323 548 1476 1106 1105 
19324 1482 3019 1224 1469 
19325 1473 1325 1307 1321 
19326 1427 1470 3477 1445 
19327 3475 1232 1322 1454 
19328 1451 164 1437 1421 
19329 1422 1419 1112 1100 
19330 3478 1479 1478 1480 
19331 1420 613 1424 3037 
19332 1224 1233 1236 1469 
19333 1474 1233 188 1303 
19334 3475 162 1422 1302 
19335 1465 3037 1424 613 
19336 1100 1422 1438 1112 
19337 3478 1310 3029 1311 
19338 3032 1422 1430 1421 
19339 162 1309 3021 1308 
19340 1417 3034 3033 3036 
19341 1460 613 1420 3037 
19342 3476 3031 3026 1311 
19343 1080 3025 1316 1298 
19344 3476 1469 1486 1329 
19345 3022 1229 1232 1450 
19346 1460 614 1420 613 
19347 3478 1480 1478 1481 
19348 1493 1222 1063 558 
19349 3478 1460 1420 3037 
19350 1447 1446 3023 1456 
19351 924 1417 1440 923 
19352 1224 1081 1082 1312 
19353 1482 3024 1226 3019 
19354 3478 1471 1461 1462 
19355 3478 1460 1468 1463 
19356 3478 1463 1471 1477 
19357 1418 1423 1488 1428 
19358 1482 1063 1222 558 
19359 3476 1481 1485 1473 
19360 3034 1424 1432 1425 
19361 1435 1097 1301 1433 
19362 1224 1082 1233 1329 
19363 1229 1084 1450 1441 
19364 1427 1488 1490 1484 
19365 3029 1326 1310 3030 
19366 1444 1265 172 1065 
19367 1440 1457 3023 1446 
19368 1326 1310 3030 1464 
19369 3476 1469 1224 3019 
19370 1482 1226 1222 1063 
19371 1228 1298 1081 3019 
19372 922 1445 921 1427 
19373 3478 1459 1299 1462 
19374 160 1449 1085 1230 
19375 3477 1480 161 1489 
19376 918 3023 1447 3035 
19377 914 1062 1493 1449 
19378 1106 1323 1476 1307 
19379 548 1106 78 1105 
19380 3475 1437 1451 976 
19381 3476 3026 1313 1311 
19382 3476 1469 1487 1486 
19383 1451 1421 925 164 
19384 917 1453 1452 1448 
19385 1233 1303 1474 1486 
19386 3022 1231 1228 1223 
19387 162 1308 1422 1302 
19388 3025 3027 1314 3028 
19389 1464 1318 1467 611 
19390 1321 1462 1299 1323 
19391 1476 1462 1323 1105 
19392 3476 1317 1312 1329 
19393 1486 1303 1304 1329 
19394 3476 1473 1485 1321 
19395 3478 1465 1460 3037 
19396 3475 1422 162 1421 
19397 1443 557 915 83 
19398 1472 1483 161 1489 
19399 1472 1489 161 1480 
19400 557 1456 1472 1483 
19401 1482 84 1063 558 
19402 1482 1226 1063 84 
19403 1442 1458 918 1456 
19404 1472 918 1442 1493 
19405 557 1442 1472 1456 
19406 1442 914 915 1493 
19407 557 1443 915 1456 
19408 1442 1449 1222 918 
19409 914 160 1062 1449 
19410 1493 1449 1062 1222 
19411 1493 918 1222 558 
19412 1442 1449 1493 1222 
19413 1443 557 83 1483 
19414 1062 1230 1222 1449 
19415 1472 1456 161 1483 
19416 1482 1487 161 3019 
19417 1222 1235 1226 3024 
19418 1222 1482 558 1472 
19419 1482 3019 1226 1224 
19420 1472 161 1487 1480 
19421 1472 1482 161 3024 
19422 1222 1230 3024 1449 
19423 1222 3024 1231 1235 
19424 1482 1226 84 1086 
19425 1224 1236 1226 1482 
19426 1224 1235 1228 3019 
19427 1224 1228 1081 3019 
19428 1222 1482 1472 3024 
19429 1224 3019 1081 1312 
19430 1236 1087 1469 1233 
19431 1224 1236 1482 1469 
19432 1080 1316 1223 1079 
19433 1228 1223 1080 3025 
19434 1231 1225 3024 1230 
19435 1472 161 1482 1487 
19436 1222 1231 3024 1230 
19437 1224 1233 1469 1329 
19438 1228 3024 3025 3019 
19439 918 3023 161 1456 
19440 1472 918 1222 3024 
19441 918 917 1441 3024 
19442 557 915 1442 1456 
19443 1453 918 917 1441 
19444 918 1453 917 1447 
19445 3020 1447 917 1448 
19446 3020 1447 3035 917 
19447 1482 1236 1086 1469 
19448 917 916 3020 1448 
19449 1482 161 3024 3019 
19450 1228 1235 3024 3019 
19451 918 1447 3023 1456 
19452 1472 918 1493 558 
19453 917 1441 3024 3022 
19454 3025 3026 1298 3019 
19455 3025 3028 1298 3026 
19456 1228 3025 1298 3019 
19457 1223 1232 3022 1229 
19458 3027 3021 162 1309 
19459 3027 1309 1328 1314 
19460 3027 3021 1309 1314 
19461 3027 1328 1309 1319 
19462 3025 1314 1298 3028 
19463 3025 1316 3027 3022 
19464 1223 1316 3022 1079 
19465 3025 1314 1316 1298 
19466 916 1452 1439 1448 
19467 916 1439 1452 1454 
19468 1305 1232 1078 1322 
19469 3025 1314 3027 1316 
19470 3475 1232 3022 1305 
19471 3475 1327 1433 1301 
19472 1080 3025 1223 1316 
19473 1078 1322 1234 1306 
19474 1078 1232 1234 1322 
19475 916 3033 1451 1421 
19476 1234 1265 186 1306 
19477 1234 1065 186 1265 
19478 1234 1444 1227 1065 
19479 1305 1232 1079 1078 
19480 916 3020 1451 3033 
19481 918 1458 1447 1456 
19482 3475 1451 1439 976 
19483 162 1422 3032 1421 
19484 3024 1230 1441 1449 
19485 1234 1265 1444 1065 
19486 1083 1444 1227 1450 
19487 1083 1444 185 1227 
19488 185 1444 172 1065 
19489 185 1227 1444 1065 
19490 3022 1450 1452 1441 
19491 1234 1322 1232 1454 
19492 3475 916 3027 3022 
19493 1439 975 1436 976 
19494 3475 1433 1435 1301 
19495 3475 1434 945 1437 
19496 3475 1435 1322 1301 
19497 1223 3022 1225 1229 
19498 1453 918 1441 1458 
19499 3475 1451 1437 1421 
19500 3475 1319 162 1302 
19501 162 1308 3032 1422 
19502 1441 1084 1085 1225 
19503 918 1458 1453 1447 
19504 1441 1230 1085 1449 
19505 1441 1225 1085 1230 
19506 3022 1452 1450 1454 
19507 3022 1231 3024 1228 
19508 1232 1450 1227 1444 
19509 1232 1450 1444 1454 
19510 3022 1225 1229 1441 
19511 1228 3025 3022 1223 
19512 3475 1436 1439 975 
19513 1232 1450 1229 1227 
19514 1229 1450 1083 1227 
19515 3022 1450 1232 1454 
19516 1234 1306 1322 1454 
19517 1078 1306 1234 186 
19518 1442 914 1493 1449 
19519 1442 1449 918 1458 
19520 3475 1422 1434 1302 
19521 1086 1087 1469 1236 
19522 1472 1442 918 1456 
19523 3023 1447 3035 1440 
19524 3475 1439 916 1454 
19525 3027 1309 162 1319 
19526 3027 1328 1305 1316 
19527 1417 1426 3036 923 
19528 1417 3033 1429 3036 
19529 1417 3036 1440 923 
19530 1417 3034 1426 1432 
19531 1417 3034 3036 1426 
19532 924 3036 1417 1429 
19533 924 3036 1455 1440 
19534 924 3036 1429 1455 
19535 1429 3033 925 1455 
19536 3033 3036 3020 1455 
19537 3033 3032 3030 1425 
19538 3033 3030 3034 1425 
19539 3033 1425 3034 1432 
19540 1429 1421 925 3033 
19541 1429 1421 3033 1425 
19542 1451 3033 925 1421 
19543 1447 917 1448 1453 
19544 1231 1225 1223 3022 
19545 1451 976 1437 164 
19546 3477 1457 1426 922 
19547 3033 1430 3032 1425 
19548 3022 1305 1232 1079 
19549 1417 3033 3034 1432 
19550 3033 1421 1430 1425 
19551 3033 1421 3032 1430 
19552 918 1447 917 3035 
19553 3023 1447 1440 1446 
19554 3477 1477 1463 3478 
19555 3477 1477 1423 1463 
19556 3475 1322 1327 1301 
19557 1440 3036 3035 3023 
19558 3477 1443 1446 1445 
19559 1426 1457 923 922 
19560 1426 3034 1420 1432 
19561 3023 1456 1446 1443 
19562 1440 923 3036 1457 
19563 1417 1425 1429 3033 
19564 3036 923 1426 1457 
19565 3024 1225 1441 1230 
19566 3477 922 1426 1427 
19567 1429 3036 3033 1455 
19568 3477 3034 3036 3023 
19569 3477 1470 1443 1445 
19570 1440 1457 3036 3023 
19571 3475 1437 945 1421 
19572 3476 1485 3478 1321 
19573 3023 1456 1443 1483 
19574 3020 1455 1440 1448 
19575 1431 568 1484 87 
19576 1431 1484 921 87 
19577 1431 921 1484 1427 
19578 1488 1423 1427 1490 
19579 568 567 1418 1488 
19580 1431 1484 568 1488 
19581 1484 921 87 570 
19582 1484 921 570 1445 
19583 1431 568 1418 1488 
19584 1443 1470 569 1445 
19585 1443 1483 569 1470 
19586 1443 83 569 1483 
19587 557 1493 1442 915 
19588 1447 3020 1440 1448 
19589 1472 1456 918 161 
19590 3477 1445 1457 922 
19591 3477 1420 3478 614 
19592 1484 1445 1470 1427 
19593 1484 921 1445 1427 
19594 3477 3034 3478 1420 
19595 3477 1480 1489 1479 
19596 3477 1477 1479 1492 
19597 3477 1489 1470 1490 
19598 3477 1489 3023 1483 
19599 3477 1477 1492 1423 
19600 1493 1222 1062 1063 
19601 557 1493 1472 1442 
19602 557 1472 1493 558 
19603 161 1456 3023 1483 
19604 1484 570 1470 1445 
19605 1472 918 558 1222 
19606 3477 3478 3034 3038 
19607 3477 1483 1470 1489 
19608 1427 1470 1490 3477 
19609 1490 1492 1488 1423 
19610 3477 1445 922 1427 
19611 3478 3038 1479 1480 
19612 1431 1488 1418 1427 
19613 3477 1443 3023 1446 
19614 3478 1468 1461 1463 
19615 3478 1459 1462 1468 
19616 1418 1488 567 1428 
19617 1427 1431 1488 1484 
19618 567 1428 1488 1475 
19619 570 569 1470 1445 
19620 1484 1470 1490 1427 
19621 1488 1428 1492 1475 
19622 3476 1486 1473 1304 
19623 3477 1483 1443 1470 
19624 3477 3023 1443 1483 
19625 3477 3036 1426 1457 
19626 1475 615 79 1428 
19627 3477 1479 1490 1492 
19628 1475 615 1477 545 
19629 615 1423 1463 614 
19630 615 1463 1477 545 
19631 1475 79 615 545 
19632 546 547 1461 1471 
19633 546 1471 1461 1463 
19634 3478 614 1460 1463 
19635 3478 1420 1460 614 
19636 1428 1492 1475 615 
19637 1428 1492 615 1423 
19638 546 1463 545 1477 
19639 547 1471 1476 1462 
19640 1461 1471 547 1462 
19641 1106 1476 1491 1307 
19642 1106 1307 1491 1107 
19643 548 1462 547 1476 
19644 1106 1476 1323 1105 
19645 548 1462 1476 1105 
19646 1482 1469 1487 3019 
19647 1492 1475 615 1477 
19648 1492 615 1423 1477 
19649 3477 1446 3023 1457 
19650 1476 3478 1471 1485 
19651 1476 3478 1462 1471 
19652 3478 1466 1299 1459 
19653 3478 1321 1476 1462 
19654 3478 1311 1321 1299 
19655 3476 1312 1313 3026 
19656 1307 1473 1107 1325 
19657 1307 1473 1491 1107 
19658 3478 1460 1465 1468 
19659 1485 1307 1491 1476 
19660 1307 1485 1491 1473 
19661 1310 3030 3037 3029 
19662 567 1428 1475 79 
19663 557 1443 1456 1483 
19664 3477 3036 3034 1426 
19665 161 1483 3023 1489 
19666 3476 1321 3478 1311 
19667 3476 1224 1469 1329 
19668 3476 1312 1224 1329 
19669 1423 1427 1418 1488 
19670 1476 1321 1323 1462 
19671 3476 3478 1480 3038 
19672 3476 1312 1317 1313 
19673 1233 188 1303 1082 
19674 1233 1082 1303 1329 
19675 1233 1303 1486 1329 
19676 1474 70 1233 1087 
19677 3476 1317 1321 1311 
19678 1474 188 69 1303 
19679 1474 188 70 69 
19680 1486 1303 1474 1108 
19681 1226 3024 1235 3019 
19682 1486 1469 1474 1233 
19683 1474 1233 1469 1087 
19684 1486 1304 1303 1108 
19685 1486 1469 1233 1329 
19686 1474 1303 69 1108 
19687 1226 1224 3019 1235 
19688 3476 1325 1473 1321 
19689 1325 1304 1473 1108 
19690 1486 1473 1304 1108 
19691 3476 161 1487 3019 
19692 1224 1312 1082 1329 
19693 1231 3024 1225 3022 
19694 3476 1317 1325 1321 
19695 1482 1236 1226 1086 
19696 1223 1316 3025 3022 
19697 3475 3022 1232 1454 
19698 1234 1306 974 1265 
19699 917 1452 3022 916 
19700 1298 1313 3028 1314 
19701 1298 3026 1312 3019 
19702 1325 3476 1304 1317 
19703 1313 1311 3029 1315 
19704 1313 1311 3026 3029 
19705 1298 1313 3026 3028 
19706 1081 3019 1298 1312 
19707 1228 3025 3024 3022 
19708 3024 918 161 1472 
19709 3476 1480 3478 1481 
19710 3026 3031 3029 1311 
19711 3475 945 1422 1421 
19712 1234 974 1444 1265 
19713 1228 1080 1081 1298 
19714 3477 1479 3478 3038 
19715 3029 1315 3021 3028 
19716 1465 3030 1310 1464 
19717 3475 975 1439 1454 
19718 3478 1471 1478 1477 
19719 3029 1315 1326 1320 
19720 1222 3024 918 1449 
19721 1307 1485 1473 1321 
19722 3029 1315 1311 1326 
19723 3478 1310 1311 1299 
19724 3476 1480 1481 1487 
19725 1463 614 3477 3478 
19726 3019 3038 3031 3476 
19727 1325 3476 1473 1304 
19728 3029 1313 3028 3026 
19729 3478 1468 1466 1459 
19730 3029 1326 1311 1310 
19731 1326 1320 1300 3030 
19732 3037 1310 3029 3478 
19733 3478 3034 3038 3037 
19734 1310 1102 1103 1466 
19735 1466 1465 1310 1464 
19736 1310 1466 1464 1102 
19737 1310 1464 1300 1102 
19738 1300 1102 1464 1101 
19739 1300 1464 1318 1101 
19740 1300 1464 1416 1318 
19741 1300 1416 1320 1318 
19742 1320 1309 3021 1315 
19743 3029 1315 1320 3021 
19744 1465 1310 3478 1466 
19745 3475 162 3027 916 
19746 3476 1304 1317 1329 
19747 3478 1310 1299 1466 
19748 3021 1309 1314 1315 
19749 3476 3019 1224 1312 
19750 1223 1079 3022 1232 
19751 3029 3021 1320 3030 
19752 1299 1466 1310 1103 
19753 1474 188 1233 70 
19754 3020 3035 1440 3036 
19755 3476 1313 1317 1311 
19756 162 1319 1309 1302 
19757 3029 1313 1315 3028 
19758 1313 1315 3028 1314 
19759 1482 3024 1222 1226 
19760 3037 1465 1310 3478 
19761 3476 161 1480 1487 
19762 3021 1314 3028 1315 
19763 3475 1451 916 1439 
19764 1228 3025 1080 1298 
19765 3022 916 1452 1454 
19766 1320 3021 1309 1308 
19767 917 1441 3022 1452 
19768 1326 1300 1464 3030 
19769 1476 1323 1321 1307 
19770 3477 1445 1446 1457 
19771 1298 3026 1313 1312 
19772 1300 1416 1464 3030 
19773 1299 1466 1103 1459 
19774 3030 3037 1465 1310 
19775 1107 1325 1473 1108 
19776 3478 1420 3034 3037 
19777 3476 1486 1304 1329 
19778 3475 1434 1098 1302 
19779 1462 1299 1104 1459 
19780 546 1471 1463 1477 
19781 1464 611 1416 1318 
19782 1464 611 612 1416 
19783 1300 1320 1416 3030 
19784 1320 3021 1308 3032 
19785 1464 612 3030 1416 
19786 1462 1299 1323 1104 
19787 3478 1321 1485 1476 
19788 1465 3037 3030 1424 
19789 1465 3030 612 1424 
19790 3478 1462 1461 1468 
19791 1323 1462 1104 1105 
19792 1464 1310 1300 1326 
19793 1465 1424 612 613 
19794 1463 614 1423 3477 
19795 3477 1420 1426 3034 
19796 3477 1477 3478 1479 
19797 1420 1432 3034 1424 
19798 615 1477 1463 1423 
19799 1488 1423 1492 1428 
19800 3478 1478 1479 1477 
19801 3477 1490 1423 1492 
19802 1229 1084 1441 1225 
19803 917 1441 1452 1453 
19804 1442 1222 1493 918 
19805 3477 3023 3036 1457 
19806 1485 1307 1476 1321 
19807 1228 1235 1231 3024 
19808 3477 161 1480 3038 
19809 924 1417 3036 1440 
19810 3478 1465 1466 1468 
19811 3030 1416 612 1424 
19812 1447 1440 3020 3035 
19813 3476 161 3038 1480 
19814 3475 1433 1327 816 
19815 1420 1424 3034 3037 
19816 1464 612 1465 3030 
19817 3478 1299 1321 1462 
19818 1464 1318 1101 1467 
19819 3475 1322 1435 1454 
19820 3032 1308 1430 1422 
19821 1417 1425 3033 1432 
19822 3475 3027 162 1319 
19823 3022 1316 1305 1079 
19824 1416 1320 1308 3032 
19825 1416 611 1419 1318 
19826 1320 1416 3030 3032 
19827 3034 3030 3037 1424 
19828 3034 3030 1424 1425 
19829 3475 1436 1435 1433 
19830 924 1455 1429 925 
19831 3477 1480 1479 3038 
19832 1422 1438 1112 136 
19833 916 1448 1451 3020 
19834 3027 1316 1314 1328 
19835 815 1422 1438 1302 
19836 1422 136 945 815 
19837 1422 1438 136 815 
19838 1430 1419 1422 1308 
19839 917 1452 916 1448 
19840 3030 1416 1424 1425 
19841 3032 1308 1416 1430 
19842 1419 1308 1318 1100 
19843 1419 611 1467 1318 
19844 1419 1112 1100 132 
19845 1438 1099 1308 1100 
19846 94 1467 1100 1419 
19847 1438 1099 815 1302 
19848 1416 1419 1430 1308 
19849 1422 815 945 1434 
19850 1416 1318 1419 1308 
19851 1422 1308 1419 1100 
19852 1419 132 1100 94 
19853 1100 1467 1318 1419 
19854 1419 611 93 1467 
19855 1299 1103 1104 1459 
19856 1465 613 1460 3037 
19857 1467 192 1100 1318 
19858 3476 1486 1481 1473 
19859 1419 132 94 93 
19860 1438 1308 1302 1422 
19861 3032 1430 1416 1425 
19862 192 1100 94 1467 
19863 1320 3030 3021 3032 
19864 3027 1305 1328 1319 
19865 1099 1302 1098 815 
19866 1416 1320 1318 1308 
19867 1441 1449 918 3024 
19868 94 1467 1419 93 
19869 815 1422 1302 1434 
19870 945 1421 1437 164 
19871 3475 975 1435 1436 
19872 3478 1461 1471 1463 
19873 162 1308 3021 3032 
19874 3027 1305 3022 1316 
19875 3030 3032 1416 1425 
19876 192 1467 1101 1318 
19877 1451 1455 925 3033 
19878 1451 1455 3020 1448 
19879 162 1309 1308 1302 
19880 1451 1455 3033 3020 
19881 3475 1435 975 1454 
3 22 4 342
19882 3067 2705 2704 603 
19883 3041 925 924 3082 
19884 1416 3067 1419 2266 
19885 1415 3059 808 2701 
19886 1415 818 3059 817 
19887 3053 1420 614 2268 
19888 3079 1422 1430 1419 
19889 3079 3059 2701 3071 
19890 3067 1430 3079 3075 
19891 3079 1415 1422 809 
19892 3067 603 2266 2269 
19893 2702 3059 3047 3071 
19894 80 2202 79 3052 
19895 3053 3070 1420 2268 
19896 3074 1429 925 3082 
19897 3055 2269 591 91 
19898 3040 3043 923 3068 
19899 1424 3070 2267 2268 
19900 937 3069 3041 3078 
19901 3044 921 3048 1427 
19902 3066 939 3071 3072 
19903 1422 1415 1112 809 
19904 3053 589 943 2268 
19905 1416 1419 3067 1430 
19906 2270 591 942 2269 
19907 1422 136 1112 1415 
19908 1426 3046 3049 165 
19909 3045 1418 3052 3050 
19910 3046 3053 1420 1423 
19911 2270 3067 3080 2266 
19912 3072 3060 3063 3062 
19913 3081 3080 1424 3070 
19914 1415 817 3059 3064 
19915 2702 2701 808 3059 
19916 3041 3078 3074 3082 
19917 3079 3073 3064 3071 
19918 2270 942 590 3080 
19919 3066 939 3072 3060 
19920 3044 927 3048 926 
19921 3053 3077 3070 944 
19922 928 3049 3042 927 
19923 928 3049 3058 3042 
19924 928 3058 3040 3042 
19925 3058 3040 3049 935 
19926 3058 3040 935 936 
19927 3058 3049 3040 3042 
19928 930 3057 163 919 
19929 930 3039 3057 919 
19930 930 3039 929 936 
19931 3043 923 3068 924 
19932 3043 3078 3039 3041 
19933 3043 924 3068 3082 
19934 3043 3068 3078 3082 
19935 3043 3078 3041 3082 
19936 3043 3041 924 3082 
19937 3040 3049 3068 923 
19938 3040 3039 3043 3078 
19939 3058 3040 936 3039 
19940 930 3057 3039 937 
19941 3039 919 937 3057 
19942 937 3069 938 3063 
19943 937 938 3057 3063 
19944 3041 3074 920 925 
19945 3041 920 3069 919 
19946 3043 935 3078 3068 
19947 937 919 3069 3063 
19948 3041 3074 925 3082 
19949 3062 3074 3073 1421 
19950 935 165 3068 3049 
19951 936 937 3039 3078 
19952 3058 936 929 3039 
19953 3040 935 936 3078 
19954 3040 935 3043 3068 
19955 3040 936 3039 3078 
19956 3068 3049 1426 923 
19957 1417 1426 3077 1432 
19958 3074 925 164 920 
19959 3077 3070 3076 1432 
19960 3077 1432 1420 3070 
19961 3053 3077 1420 3070 
19962 3068 3077 1426 165 
19963 3076 3070 3081 1425 
19964 3076 1432 3070 1425 
19965 3076 3081 3075 1425 
19966 1417 1425 3076 1429 
19967 3068 1426 3049 165 
19968 1421 3076 1429 3074 
19969 1421 3076 3074 3075 
19970 3074 3062 3069 920 
19971 3076 1421 1429 1425 
19972 1417 1429 3076 3082 
19973 924 1429 1417 3082 
19974 930 3039 936 937 
19975 3074 925 1429 1421 
19976 3074 3073 1421 3075 
19977 1417 3077 3076 1432 
19978 3068 924 1417 3082 
19979 3074 3062 3073 3069 
19980 3058 929 3040 3039 
19981 3068 3077 1417 1426 
19982 924 925 1429 3082 
19983 1426 922 3046 1427 
19984 1426 1423 3046 1420 
19985 3068 1417 924 923 
19986 3068 3076 1417 3077 
19987 3077 1420 1426 3046 
19988 928 3040 3058 929 
19989 3042 3049 3044 927 
19990 922 3048 3044 3049 
19991 1426 922 923 3049 
19992 923 3049 922 3042 
19993 3068 1417 3076 3082 
19994 3044 927 3049 3048 
19995 3040 3043 935 3078 
19996 3068 1417 923 1426 
19997 3046 3048 3050 1427 
19998 3046 1427 3050 1423 
19999 3048 3045 3050 1427 
20000 568 553 3045 567 
20001 3051 81 87 926 
20002 3051 926 87 921 
20003 1431 1418 3045 1427 
20004 3048 3051 1431 921 
20005 554 87 568 3051 
20006 1431 568 3051 3045 
20007 554 568 553 3045 
20008 922 3044 3048 1427 
20009 1431 1418 568 3045 
20010 922 3044 3042 3049 
20011 1426 3046 1423 1427 
20012 1431 3051 87 921 
20013 922 3048 3049 3046 
20014 554 3051 568 3045 
20015 3048 3045 1431 3051 
20016 3048 921 1431 1427 
20017 3045 1418 3050 1427 
20018 3048 1431 3045 1427 
20019 567 1428 2202 3052 
20020 567 2202 553 3052 
20021 567 1428 79 2202 
20022 553 2202 80 3052 
20023 922 3048 3046 1427 
20024 3045 3052 1418 567 
20025 79 1428 615 587 
20026 79 3052 1428 587 
20027 79 3052 2202 1428 
20028 80 3052 79 587 
20029 3048 926 3051 921 
20030 1418 1423 1428 3050 
20031 1418 3050 1428 3052 
20032 3045 3052 567 553 
20033 615 614 588 1423 
20034 1418 1423 3050 1427 
20035 1428 3052 3050 587 
20036 1428 1423 615 3050 
20037 615 1423 588 3050 
20038 1428 3050 615 587 
20039 1431 3051 568 87 
20040 2270 2266 3080 2267 
20041 2270 3067 2266 2269 
20042 2270 590 942 591 
20043 588 589 3053 2268 
20044 588 3053 614 2268 
20045 588 1423 3053 3050 
20046 3053 3070 943 944 
20047 3053 614 1420 1423 
20048 3077 3046 165 944 
20049 1420 613 614 2268 
20050 1418 1428 567 3052 
20051 3046 3050 3053 1423 
20052 568 567 3045 1418 
20053 3053 943 3070 2268 
20054 922 921 3044 1427 
20055 1416 1430 3081 1425 
20056 1416 3081 1424 1425 
20057 3077 1432 1426 1420 
20058 3076 3075 1421 1425 
20059 3081 3070 1424 1425 
20060 1417 3076 1425 1432 
20061 1432 1425 1424 3070 
20062 1416 3080 3081 3067 
20063 1420 1424 613 2268 
20064 612 1424 1416 3080 
20065 942 941 3067 3055 
20066 589 2267 943 2268 
20067 2270 942 3067 2269 
20068 942 943 590 3080 
20069 1426 3046 922 3049 
20070 612 613 1424 2267 
20071 3077 1420 3046 3053 
20072 943 2267 3070 2268 
20073 554 87 3051 81 
20074 943 3070 2267 3080 
20075 589 2267 590 943 
20076 615 3050 588 587 
20077 942 3055 3067 2269 
20078 1416 1424 3081 3080 
20079 2270 3067 942 3080 
20080 3081 1430 3067 3075 
20081 3079 3075 1422 3073 
20082 3079 1419 2704 1422 
20083 3079 2701 3054 3071 
20084 3079 2704 2705 2701 
20085 3067 3055 941 2705 
20086 2269 2705 3055 3067 
20087 3079 1430 1422 3075 
20088 3054 792 791 2701 
20089 3054 2701 2705 792 
20090 941 2705 3055 792 
20091 2705 91 3055 792 
20092 2705 91 603 2269 
20093 2705 3055 91 2269 
20094 588 3053 1423 614 
20095 3067 2705 3079 2704 
20096 2704 603 602 2266 
20097 2704 602 1419 2266 
20098 2704 2703 1419 602 
20099 3079 3054 941 940 
20100 3079 3064 1422 1415 
20101 3079 1422 2704 809 
20102 1430 1425 1421 3075 
20103 1430 1421 1422 3075 
20104 1420 3070 1432 1424 
20105 3079 3054 940 3071 
20106 612 1424 3080 2267 
20107 1422 3075 1421 3073 
20108 1422 817 1415 3064 
20109 809 1419 132 1112 
20110 1419 602 611 2266 
20111 1422 136 817 3064 
20112 1422 136 3064 945 
20113 3079 3059 3071 3064 
20114 1416 2266 1419 611 
20115 1419 93 2703 132 
20116 1415 808 809 2701 
20117 809 3079 2701 2704 
20118 2702 3061 818 133 
20119 2702 818 808 133 
20120 2702 3061 3059 818 
20121 2702 3059 808 818 
20122 3054 3047 940 3071 
20123 2702 2701 3059 3071 
20124 3054 2702 791 3047 
20125 941 3054 2705 792 
20126 1415 818 808 3059 
20127 1419 602 2703 93 
20128 1422 136 1415 817 
20129 1422 1421 945 3073 
20130 1424 2267 3070 3080 
20131 1420 3070 1424 2268 
20132 612 2266 1416 611 
20133 3081 1430 3075 1425 
20134 1419 602 93 611 
20135 3067 603 2704 2266 
20136 3054 2701 2702 3071 
20137 2270 3080 590 2267 
20138 590 3080 943 2267 
20139 2704 809 1419 2703 
20140 612 3080 1416 2266 
20141 3067 2704 3079 1419 
20142 3067 1419 3079 1430 
20143 3079 2705 941 3054 
20144 1424 2267 613 2268 
20145 3079 2705 3054 2701 
20146 1416 3067 3081 1430 
20147 809 1419 2703 132 
20148 1416 2266 3080 3067 
20149 1422 945 3064 3073 
20150 3054 791 2702 2701 
20151 612 3080 2266 2267 
20152 2702 3061 3047 3059 
20153 3054 2702 3047 3071 
20154 3079 3073 1422 3064 
20155 3067 941 3079 2705 
20156 2702 3061 790 3047 
20157 2702 790 791 3047 
20158 2702 813 3061 133 
20159 1422 1112 1419 809 
20160 130 790 813 934 
20161 813 934 790 3061 
20162 2269 2705 3067 603 
20163 2702 3061 813 790 
20164 3047 934 3065 3061 
20165 2704 809 1422 1419 
20166 3065 933 3056 3060 
20167 3047 3065 934 933 
20168 939 3060 3066 3065 
20169 3065 3060 3056 939 
20170 3059 3071 3064 3066 
20171 3066 3047 939 3065 
20172 3079 1415 3059 3064 
20173 3047 3065 3056 939 
20174 3079 3059 1415 2701 
20175 3047 3061 3065 3059 
20176 3067 2266 2704 1419 
20177 3047 940 3071 939 
20178 3064 3071 3073 3066 
20179 3064 3073 3062 3066 
20180 3064 3073 945 3062 
20181 945 1421 164 3062 
20182 945 3073 1421 3062 
20183 3074 3076 1429 3082 
20184 3040 3049 923 3042 
20185 3062 3074 1421 164 
20186 3073 3072 3069 3062 
20187 3073 3072 3062 3066 
20188 942 591 3055 2269 
20189 3041 920 3074 3069 
20190 3077 3053 3046 944 
20191 3073 3071 3072 3066 
20192 3056 933 932 3060 
20193 3047 3056 3065 933 
20194 3056 932 938 3060 
20195 3066 3047 3071 939 
20196 790 934 3047 3061 
20197 3074 164 3062 920 
20198 3072 3066 3060 3062 
20199 3072 938 3063 3060 
20200 3041 937 3078 3039 
20201 809 3079 1415 2701 
20202 3056 3072 938 939 
20203 938 932 3063 3060 
20204 937 3041 3069 919 
20205 3040 3049 935 3068 
20206 3077 3046 1426 165 
20207 3041 937 3039 919 
20208 3069 3063 920 3062 
20209 3069 919 920 3063 
20210 3072 3063 938 3069 
20211 3056 3060 3072 939 
20212 3056 938 3072 3060 
20213 3072 3063 3069 3062 
20214 3063 919 931 3057 
20215 931 919 163 3057 
20216 3047 3071 3059 3066 
20217 937 919 3063 3057 
20218 938 3057 3063 931 
20219 3041 3074 3078 3069 
20220 3047 3059 3065 3066 
20221 3044 926 3048 921 
20222 3074 164 925 1421 
20223 938 3063 932 931 
3 23 4 667
20224 3118 3102 3088 3101 
20225 3121 3137 961 3116 
20226 3117 3152 963 3145 
20227 3165 972 3138 3158 
20228 3117 3126 963 3152 
20229 3191 3129 3125 3120 
20230 3178 3060 3195 3062 
20231 3188 3157 3136 3149 
20232 3479 2730 2727 823 
20233 144 847 3152 1259 
20234 3126 841 144 1259 
20235 3126 144 3152 1259 
20236 3126 3132 841 1259 
20237 3480 3168 3479 3187 
20238 3140 3118 964 959 
20239 3480 3159 3167 976 
20240 3163 3162 968 3154 
20241 147 848 3163 3154 
20242 3166 3150 970 3136 
20243 3479 3480 1435 975 
20244 979 3144 3143 3157 
20245 173 980 3174 3172 
20246 3192 3148 3162 3154 
20247 968 3162 969 3148 
20248 3479 3155 3192 3139 
20249 3191 3125 3117 3120 
20250 3163 3479 3192 3154 
20251 841 3132 1255 1259 
20252 841 3132 138 1255 
20253 2727 3480 2730 3187 
20254 3479 3117 3145 3152 
20255 3184 3168 3192 3162 
20256 3479 3126 3132 3120 
20257 3479 3191 3192 3155 
20258 3479 2738 824 3132 
20259 3479 3152 3139 847 
20260 138 3132 2738 1255 
20261 138 2738 825 1255 
20262 825 1255 2738 1258 
20263 3479 1254 1257 1256 
20264 3479 3192 3187 3168 
20265 135 814 1258 2728 
20266 1258 3479 2728 2725 
20267 825 2738 2728 1258 
20268 3195 3480 3186 3062 
20269 135 191 1258 1097 
20270 3479 3132 824 3120 
20271 3479 2728 2738 1258 
20272 138 824 2738 3132 
20273 2725 814 1258 1097 
20274 823 3479 824 3120 
20275 3479 3154 848 3139 
20276 3479 1258 1435 1097 
20277 977 3142 978 3156 
20278 1435 1254 1256 1090 
20279 1435 1256 974 1090 
20280 1435 1090 191 1254 
20281 1435 1258 191 1097 
20282 2727 3479 3187 2730 
20283 3106 3180 3096 3193 
20284 3480 3062 945 1437 
20285 825 2728 135 1258 
20286 3479 848 1256 1257 
20287 3480 2725 3479 1433 
20288 3480 2724 3059 3189 
20289 135 1258 814 1097 
20290 3185 3194 3192 3151 
20291 3168 3480 3159 3184 
20292 3163 3479 3168 3192 
20293 975 974 3479 3168 
20294 3479 3126 3152 1259 
20295 1434 2737 816 815 
20296 3480 3064 2731 945 
20297 3480 3187 3479 2730 
20298 920 3178 3186 3062 
20299 975 3480 976 3159 
20300 3059 817 818 2724 
20301 1097 814 134 2725 
20302 974 3479 3170 1256 
20303 1097 134 1433 2725 
20304 1097 2725 1433 3479 
20305 3481 3121 3185 3122 
20306 3480 3064 3059 2724 
20307 3480 3186 3167 3184 
20308 3480 3186 3189 3195 
20309 3479 3170 3163 3168 
20310 3059 3480 3066 3064 
20311 3097 934 813 3061 
20312 3480 945 2731 815 
20313 974 1256 3170 172 
20314 3479 3152 847 1259 
20315 3479 3191 3187 3192 
20316 1435 1258 1254 191 
20317 3479 3117 3191 3145 
20318 3163 848 3479 3154 
20319 3479 824 2738 2730 
20320 823 3479 3120 3191 
20321 963 3152 3126 144 
20322 3191 3129 3120 823 
20323 3188 3157 3149 3183 
20324 3191 3129 823 2727 
20325 3192 3139 3148 3154 
20326 948 947 3083 3113 
20327 3124 3093 3123 3113 
20328 3104 2733 3097 3482 
20329 2734 3482 2726 2736 
20330 3185 3156 977 3194 
20331 3481 3185 174 3122 
20332 3114 3190 3129 3125 
20333 2734 811 2726 3086 
20334 3482 2739 3190 3182 
20335 3479 1435 1258 1254 
20336 3479 3139 3192 3154 
20337 3192 3162 3163 3154 
20338 147 3154 3163 968 
20339 3192 3148 3188 3162 
20340 3177 3176 3108 3087 
20341 166 3101 3134 950 
20342 3482 3181 3190 3196 
20343 3482 3190 174 3196 
20344 3482 3181 3196 3094 
20345 3482 3092 3181 3094 
20346 3480 3187 3189 3186 
20347 3480 1433 1434 816 
20348 3480 1434 2737 816 
20349 816 3480 1433 2725 
20350 3480 1433 1436 1434 
20351 3480 2737 1434 815 
20352 3481 3140 3146 3131 
20353 3481 3140 3141 3146 
20354 3479 1255 3132 1259 
20355 3479 1257 1255 1259 
20356 3479 1255 2738 3132 
20357 166 3133 3134 3101 
20358 964 3088 3115 3118 
20359 932 3103 3178 3179 
20360 2727 3479 3191 3187 
20361 2739 3182 2733 2735 
20362 3097 2707 2726 810 
20363 3479 3132 3126 1259 
20364 848 3479 3139 847 
20365 848 3479 847 1257 
20366 3479 2738 2728 2730 
20367 3480 3189 2735 2724 
20368 3481 3116 3146 3137 
20369 3479 1255 1257 1258 
20370 3481 3084 3141 3098 
20371 3479 2730 2728 2725 
20372 1433 2725 134 816 
20373 3481 3122 3124 3123 
20374 1258 3479 2725 1097 
20375 3189 3187 2727 3191 
20376 948 3130 3113 3083 
20377 3133 946 3102 3101 
20378 3481 3098 3141 3140 
20379 3482 3097 3092 3086 
20380 3189 2727 3190 3191 
20381 3480 1437 1434 1436 
20382 816 3480 2725 2737 
20383 920 3178 3063 3161 
20384 3164 931 3178 919 
20385 3178 3184 3167 3186 
20386 3176 3147 3138 3143 
20387 977 978 3194 3156 
20388 3097 813 2707 810 
20389 3140 3088 964 3118 
20390 168 3147 3107 967 
20391 3118 3128 3123 3099 
20392 974 3479 1256 1435 
20393 2735 3182 3189 3190 
20394 975 3480 1436 976 
20395 3181 3094 3104 3085 
20396 3482 2726 3097 3086 
20397 3480 2724 2735 2731 
20398 3164 955 3169 3087 
20399 2727 3480 3189 2735 
20400 3145 3479 3152 3155 
20401 3192 3162 3168 3163 
20402 3480 3064 2724 2731 
20403 3175 3111 3193 3135 
20404 3185 3192 3191 3155 
20405 3482 3127 820 3119 
20406 3193 3143 978 3135 
20407 3060 3085 3179 933 
20408 3115 3101 3133 3118 
20409 3105 3158 3138 3089 
20410 3184 3162 3192 3188 
20411 3479 3170 3168 974 
20412 3195 3065 3182 3059 
20413 3113 3093 3099 3083 
20414 980 3166 3188 3136 
20415 3480 3186 3184 3187 
20416 3165 3105 957 3112 
20417 3188 3149 3136 3148 
20418 3165 3087 956 3105 
20419 3166 3150 3160 970 
20420 3118 3102 3128 3099 
20421 973 172 3170 1256 
20422 3167 3159 3184 3171 
20423 974 1256 172 1090 
20424 931 163 3164 3100 
20425 3192 3139 3149 3148 
20426 3176 3105 3087 3165 
20427 3479 1258 2738 1255 
20428 3480 1437 945 1434 
20429 848 973 3163 1256 
20430 3135 3084 3107 967 
20431 979 3183 3144 3157 
20432 147 3163 848 973 
20433 3144 3149 3157 3183 
20434 3193 3176 3143 3147 
20435 3184 3168 3187 3192 
20436 3102 3133 3118 3128 
20437 3118 3088 3102 3099 
20438 3165 3087 3169 956 
20439 3094 3175 3096 3180 
20440 3479 3163 3170 1256 
20441 3063 931 3178 3103 
20442 3195 3480 3062 3066 
20443 3135 966 3141 3084 
20444 3482 3181 3092 3104 
20445 3107 3084 953 967 
20446 2724 817 2731 3064 
20447 3193 3176 979 3143 
20448 2731 945 136 815 
20449 3480 2725 2737 2732 
20450 949 3109 3090 3119 
20451 968 3154 3162 3148 
20452 3479 3155 3139 3152 
20453 3065 3060 3195 3179 
20454 2733 3104 3097 3061 
20455 973 3170 3163 1256 
20456 3482 2736 821 2729 
20457 2733 133 818 3061 
20458 173 3166 3172 3171 
20459 823 3479 3191 2727 
20460 3185 3155 3191 3145 
20461 3190 3125 3185 3191 
20462 823 3479 2730 824 
20463 166 946 3133 3101 
20464 819 949 3090 3119 
20465 169 954 3158 3112 
20466 812 129 3090 2740 
20467 2740 819 129 3090 
20468 2740 2734 819 3090 
20469 3090 3086 789 812 
20470 3090 3086 812 2740 
20471 2740 3086 2734 3090 
20472 812 2706 3086 789 
20473 811 812 3086 2734 
20474 3482 3097 2739 2733 
20475 3482 3122 3481 174 
20476 3482 2739 3097 2726 
20477 3482 2736 2734 820 
20478 812 2734 2740 3086 
20479 811 812 2706 3086 
20480 3091 2734 3090 3119 
20481 3091 3109 3119 3090 
20482 3482 3114 3122 174 
20483 3093 3091 3130 3124 
20484 948 3083 3109 3130 
20485 3130 3113 3093 3124 
20486 3130 3113 3083 3093 
20487 949 3130 948 3109 
20488 3482 3092 3097 3104 
20489 2734 3119 819 3090 
20490 3482 3114 3124 3122 
20491 3482 821 3127 3114 
20492 3482 3091 2734 3086 
20493 3104 2733 3482 3182 
20494 3482 3091 3086 3092 
20495 3482 3124 3091 3093 
20496 3482 3127 821 2736 
20497 3091 3119 3109 3130 
20498 949 3130 3109 3119 
20499 3481 3175 3084 3095 
20500 3091 3119 3130 3124 
20501 3482 3093 3092 3094 
20502 137 819 949 3090 
20503 3093 3091 3083 3130 
20504 3482 3182 3181 3104 
20505 3482 3196 3093 3094 
20506 3482 2729 821 3114 
20507 2733 3061 813 133 
20508 2733 813 810 133 
20509 813 2733 810 3097 
20510 2733 810 3097 2726 
20511 3190 2735 2729 2727 
20512 2733 3059 2724 3182 
20513 2727 3480 2735 2732 
20514 822 3129 3114 2729 
20515 822 2727 3129 2729 
20516 822 2727 823 3129 
20517 3114 3190 2729 3129 
20518 821 2729 822 3114 
20519 3092 3104 3181 3094 
20520 3482 3127 3119 3124 
20521 3482 3190 2739 2729 
20522 3097 130 788 2707 
20523 3482 2736 820 3127 
20524 3097 130 813 934 
20525 2726 2707 811 810 
20526 3482 2739 2736 2729 
20527 3114 174 3190 3125 
20528 3480 1436 1435 975 
20529 3190 2739 2729 2735 
20530 3097 3086 2726 811 
20531 3091 2734 3086 3090 
20532 3086 2706 788 789 
20533 3086 788 2706 811 
20534 3482 174 3481 3196 
20535 2733 818 3059 3061 
20536 3097 788 3086 811 
20537 3097 813 130 2707 
20538 812 129 789 3090 
20539 813 2733 3097 3061 
20540 2734 3119 820 819 
20541 3097 2707 788 811 
20542 2739 2726 2733 3097 
20543 3097 2726 2707 811 
20544 2733 2724 3059 818 
20545 3482 3114 3190 2729 
20546 2733 3061 3059 3182 
20547 3482 3093 3481 3124 
20548 3065 3060 3179 933 
20549 2733 3104 3061 3182 
20550 3065 3179 3182 3104 
20551 3065 3061 934 3104 
20552 3480 3167 1437 976 
20553 3195 3065 3059 3066 
20554 3059 817 2724 3064 
20555 3482 820 2734 3119 
20556 3480 3187 3184 3168 
20557 2731 3064 817 136 
20558 3480 2731 2735 2732 
20559 3065 3182 3061 3104 
20560 3065 3059 3061 3182 
20561 3065 3195 3182 3179 
20562 945 164 1437 3062 
20563 3480 1437 1436 976 
20564 3059 3195 3189 3182 
20565 3190 2739 2735 3182 
20566 3066 3480 3062 3064 
20567 3480 2731 2732 2737 
20568 3480 1435 1436 1433 
20569 164 3062 920 3167 
20570 1437 3167 164 976 
20571 1437 3062 164 3167 
20572 3167 3480 3062 3186 
20573 3065 934 933 3104 
20574 3065 3195 3060 3066 
20575 920 3161 3063 919 
20576 932 3085 3060 933 
20577 3063 932 931 3103 
20578 3063 3178 932 3103 
20579 932 3085 3103 3179 
20580 932 3060 3085 3179 
20581 3178 3177 3100 3174 
20582 3164 931 3100 3178 
20583 3161 3174 173 3184 
20584 3178 3164 3161 3174 
20585 3178 3164 919 3161 
20586 3103 3179 3110 3177 
20587 3103 3110 3179 3085 
20588 3103 3100 3177 3108 
20589 932 3178 3060 3179 
20590 3103 3177 3110 3108 
20591 163 955 3164 3100 
20592 3178 3103 3177 3179 
20593 3063 3161 3178 919 
20594 920 3186 3167 3062 
20595 3161 173 3172 3171 
20596 3159 3168 3184 3171 
20597 3184 3188 173 3171 
20598 3161 3172 173 3174 
20599 3063 919 3178 931 
20600 3184 3162 3188 3171 
20601 3184 3168 3162 3171 
20602 2731 945 3064 136 
20603 920 3167 3178 3161 
20604 3063 3060 932 3178 
20605 3178 3184 3161 3167 
20606 3479 3480 975 3168 
20607 3480 2731 2737 815 
20608 3059 3189 2724 3182 
20609 3190 3129 2727 2729 
20610 3190 3129 3191 2727 
20611 3190 3191 3129 3125 
20612 3479 1258 1257 1254 
20613 3480 1434 945 815 
20614 3175 3181 3180 3094 
20615 3181 3104 3182 3179 
20616 3181 3094 3110 3180 
20617 3482 3481 3093 3196 
20618 3181 3104 3179 3085 
20619 3114 3122 174 3125 
20620 3482 3114 3127 3124 
20621 3181 3085 3179 3110 
20622 3190 3185 3125 174 
20623 3190 2735 2727 3189 
20624 2733 2724 2735 3182 
20625 3480 2730 3479 2725 
20626 3179 3180 3110 3177 
20627 3181 3094 3085 3110 
20628 3097 3104 934 3061 
20629 3181 3110 3179 3180 
20630 3482 3119 3091 3124 
20631 3184 3161 3174 3178 
20632 3110 3108 3177 3180 
20633 3178 3103 931 3100 
20634 3195 3059 3189 3480 
20635 3168 3480 975 3159 
20636 3480 2730 2725 2732 
20637 920 3186 3178 3167 
20638 3108 3180 3096 3106 
20639 3482 3114 174 3190 
20640 3175 3181 3094 3196 
20641 3110 3180 3094 3096 
20642 3108 3176 3180 3106 
20643 3175 3095 3094 3096 
20644 3175 3094 3095 3196 
20645 3180 3193 3175 3096 
20646 3193 3106 3111 3096 
20647 3106 3180 3193 3176 
20648 3175 3095 3111 3084 
20649 3108 3087 3176 3106 
20650 3193 979 978 3143 
20651 3175 3084 3135 3142 
20652 3177 3087 3100 3174 
20653 3176 980 979 3138 
20654 3193 3107 3111 3106 
20655 3185 3122 3121 3125 
20656 3185 174 3122 3125 
20657 3185 3125 3121 3117 
20658 3185 3191 3125 3117 
20659 3481 3116 3121 3122 
20660 3481 3088 3140 3118 
20661 3481 3116 3131 3146 
20662 3175 3111 3135 3084 
20663 3185 3191 3117 3145 
20664 3185 3121 3137 3145 
20665 3481 3095 3098 3099 
20666 3481 3123 3116 3122 
20667 3482 2736 2739 2726 
20668 3481 3099 3123 3093 
20669 3481 3118 3140 3131 
20670 3481 174 977 3196 
20671 3482 3124 3481 3122 
20672 3193 3135 3107 3147 
20673 978 3135 3143 3142 
20674 3176 3105 3165 3138 
20675 978 3142 3143 3144 
20676 978 3143 979 3144 
20677 3194 3151 3144 3183 
20678 3194 3156 3144 3151 
20679 3156 3185 3151 3194 
20680 977 3156 3146 3142 
20681 3481 3121 3116 3137 
20682 3194 3192 3151 3183 
20683 3185 3151 3155 3145 
20684 3479 3120 3117 3126 
20685 3479 3120 3191 3117 
20686 3192 3188 3149 3183 
20687 2725 814 2728 1258 
20688 2735 3182 2724 3189 
20689 978 3142 3144 3156 
20690 3192 3151 3149 3155 
20691 3192 3183 3149 3151 
20692 3192 3155 3149 3139 
20693 3479 1097 1435 1433 
20694 3176 3106 3105 3138 
20695 3481 3116 3123 3131 
20696 3193 3147 3143 3135 
20697 978 3144 3194 3156 
20698 173 3161 3184 3171 
20699 975 974 1435 3479 
20700 3195 3059 3480 3066 
20701 3156 3185 3137 3151 
20702 3171 3167 3161 3184 
20703 3167 3480 1437 3062 
20704 3479 847 1257 1259 
20705 979 3138 980 3150 
20706 3176 3087 3174 3169 
20707 980 3138 3160 3150 
20708 980 3174 3172 3160 
20709 173 980 3172 3166 
20710 980 3166 3150 3160 
20711 3188 3162 3166 3171 
20712 173 3188 980 3166 
20713 3176 3174 980 3169 
20714 3185 3481 3137 3121 
20715 3188 3136 3166 3162 
20716 931 3164 163 919 
20717 3480 3184 3167 3159 
20718 3161 3164 3172 3174 
20719 3177 3180 3108 3176 
20720 955 3169 3087 956 
20721 3166 3136 970 969 
20722 173 3188 3166 3171 
20723 3164 3174 3100 3087 
20724 3178 3100 3164 3174 
20725 3060 3066 3195 3062 
20726 3185 3117 3121 3145 
20727 980 3150 3166 3136 
20728 3145 3479 3155 3191 
20729 3480 3062 3064 945 
20730 980 3136 3188 3157 
20731 3172 3174 3164 3169 
20732 3164 3169 3174 3087 
20733 3178 3195 3186 3062 
20734 3172 3160 3174 3169 
20735 3164 3100 955 3087 
20736 920 3063 3178 3062 
20737 3176 3138 979 3143 
20738 3188 3148 3136 3162 
20739 3479 1435 1254 1256 
20740 3160 3150 971 970 
20741 3176 3087 3105 3106 
20742 979 3143 3150 3157 
20743 980 3172 3166 3160 
20744 3160 3150 3138 971 
20745 957 972 3112 169 
20746 3165 971 3138 972 
20747 3105 3089 3138 3106 
20748 3176 3165 3160 3138 
20749 3179 3085 3104 933 
20750 3110 3108 3180 3096 
20751 3138 3153 3089 3158 
20752 3089 3147 3106 3107 
20753 3482 2733 2739 3182 
20754 3105 3158 3089 3112 
20755 3089 168 3147 3107 
20756 168 967 3107 953 
20757 3165 972 3158 3112 
20758 3089 3147 168 3153 
20759 3158 3112 972 169 
20760 3158 3089 954 3153 
20761 3160 3138 3165 971 
20762 3089 3153 168 954 
20763 3165 3158 3105 3112 
20764 3138 3147 3089 3153 
20765 3176 3165 3169 3160 
20766 3165 957 3105 956 
20767 979 3143 3138 3150 
20768 3165 3138 3105 3158 
20769 2727 3480 2732 2730 
20770 3177 3087 3108 3100 
20771 3136 3148 969 3162 
20772 3176 3160 980 3138 
20773 3193 3106 3176 3147 
20774 3185 977 3156 3137 
20775 3193 3107 3135 3111 
20776 978 3194 3144 3183 
20777 3192 3149 3188 3148 
20778 3481 3095 3093 3196 
20779 3144 3151 3149 3183 
20780 978 3144 979 3183 
20781 3481 3141 3142 3146 
20782 3135 3141 3142 3084 
20783 979 980 3188 3157 
20784 3135 3084 3111 3107 
20785 3135 3107 3147 967 
20786 977 3156 3137 3146 
20787 3158 3089 3112 954 
20788 3065 3179 3104 933 
20789 3176 3138 3147 3106 
20790 953 3084 952 966 
20791 953 967 3084 966 
20792 3176 3169 980 3160 
20793 3175 3135 978 3142 
20794 3141 965 3140 3098 
20795 966 965 3141 3098 
20796 3481 3123 3124 3093 
20797 3175 3141 3084 3142 
20798 3140 3146 3131 960 
20799 3140 3131 959 960 
20800 3140 3088 965 964 
20801 3098 951 965 3088 
20802 965 3088 951 964 
20803 3481 3098 3140 3088 
20804 3481 3142 3175 977 
20805 3481 3142 977 3146 
20806 979 3150 980 3157 
20807 3138 3089 3147 3106 
20808 3140 3118 959 3131 
20809 964 950 3173 3088 
20810 966 3098 3141 3084 
20811 964 3088 3173 3115 
20812 964 3115 959 3118 
20813 170 3173 958 3115 
20814 964 170 959 3115 
20815 958 3115 3173 3134 
20816 950 171 166 167 
20817 2734 3482 3086 2726 
20818 3173 3134 3115 3101 
20819 3173 3101 3115 3088 
20820 3115 3133 3101 3134 
20821 950 171 3134 166 
20822 3133 3102 946 3128 
20823 3102 3133 3101 3118 
20824 3115 3101 3118 3088 
20825 958 950 171 3134 
20826 964 3173 170 3115 
20827 951 950 964 3088 
20828 952 965 966 3098 
20829 3481 3146 977 3137 
20830 3123 3099 3113 3093 
20831 3123 3099 3128 3113 
20832 3481 3099 3098 3088 
20833 3175 978 977 3142 
20834 3173 950 3134 3101 
20835 946 947 3128 3102 
20836 3128 3102 947 3113 
20837 947 3083 3113 3102 
20838 3091 3130 3109 3083 
20839 820 2736 821 3127 
20840 819 137 129 3090 
20841 3481 3084 3175 3141 
20842 3093 3095 3094 3196 
20843 3481 3175 3095 3196 
20844 3176 3165 3087 3169 
20845 3185 3151 3145 3137 
20846 3175 3096 3193 3111 
20847 3482 3091 3092 3093 
20848 3481 174 3185 977 
20849 3178 3177 3103 3100 
20850 3482 3119 2734 3091 
20851 3185 3151 3192 3155 
20852 3060 3179 3178 3195 
20853 3177 3176 3087 3174 
20854 3121 962 961 3137 
20855 3482 3182 3190 3181 
20856 3128 3102 3113 3099 
20857 3481 3099 3093 3095 
20858 3113 3099 3102 3083 
20859 3175 3096 3111 3095 
20860 3193 3107 3106 3147 
20861 3163 848 1256 3479 
20862 3131 3116 960 3146 
20863 3481 3099 3118 3123 
20864 958 3173 950 3134 
20865 3480 3479 1435 1433 
20866 3480 2727 3189 3187 
20867 979 3188 3183 3157 
20868 3178 3060 3062 3063 
20869 980 3150 3136 3157 
20870 952 965 3098 951 
20871 3135 967 966 3084 
20872 3173 3101 3088 950 
20873 3140 3088 3098 965 
20874 3481 3084 3098 3095 
20875 961 3137 3146 3116 
20876 3185 3481 977 3137 
20877 3121 962 3137 3145 
20878 3481 3088 3118 3099 
20879 3481 3175 3142 3141 
20880 3121 3117 962 3145 
20881 3479 3126 3117 3152 
20882 960 961 3146 3116 
20883 3481 3123 3118 3131 
20884 3165 957 972 3112 
20885 962 3117 963 3145 
20886 3175 3135 3193 978 
20887 3481 977 3175 3196 
20888 980 3174 3160 3169 
20889 3166 3162 3136 969 
20890 952 3098 966 3084 
3 24 4 468
20891 3209 1004 3246 3224 
20892 3212 3232 961 3116 
20893 3212 961 3245 3116 
20894 3121 3232 962 1009 
20895 176 3234 3120 3237 
20896 176 3125 3227 3237 
20897 176 3227 3117 1009 
20898 176 3117 3126 1009 
20899 176 3126 3117 3120 
20900 948 3214 947 3113 
20901 3227 3237 3125 3238 
20902 822 3237 2772 3230 
20903 3121 3235 3232 3227 
20904 963 1009 3244 3229 
20905 963 3126 1009 3229 
20906 176 3120 3125 3129 
20907 3229 2433 3244 842 
20908 963 2832 3126 3229 
20909 3126 2436 841 3132 
20910 3126 2832 2436 3229 
20911 3125 3238 3237 3129 
20912 176 3132 3126 3120 
20913 176 3117 3227 3125 
20914 3229 2433 842 2832 
20915 2439 2437 3240 2433 
20916 999 1000 3240 662 
20917 999 3233 998 663 
20918 3240 2437 1000 3231 
20919 3240 2437 662 1000 
20920 3240 3231 3229 2433 
20921 3240 2437 3231 2433 
20922 662 1000 2437 661 
20923 2439 3240 999 3233 
20924 1000 3215 1001 3231 
20925 2437 2441 3231 2433 
20926 2437 2434 3231 2441 
20927 2437 661 3215 2434 
20928 2439 3233 2432 2436 
20929 1000 3231 2437 3215 
20930 3218 3242 3205 3222 
20931 3241 1008 3231 1009 
20932 3205 3226 660 985 
20933 3226 693 2443 106 
20934 2440 3226 3221 693 
20935 3241 3231 1008 3242 
20936 3224 987 986 3209 
20937 3224 3225 987 3209 
20938 3225 3209 3243 3206 
20939 3226 106 660 985 
20940 3226 106 2443 660 
20941 3123 3212 3200 3216 
20942 3226 3221 3222 2440 
20943 3221 143 844 2440 
20944 3226 3222 2443 2440 
20945 3231 2434 3215 3205 
20946 3221 2440 111 143 
20947 3222 1002 1003 3242 
20948 3205 2434 3222 3242 
20949 3231 2441 3242 3244 
20950 1002 844 3242 2440 
20951 2833 2441 689 690 
20952 2833 843 2441 690 
20953 2833 843 3242 2441 
20954 2833 689 2441 2440 
20955 2833 2441 3242 2440 
20956 3222 3221 1002 2440 
20957 3205 660 3226 2443 
20958 3241 3244 3231 3242 
20959 3117 963 3126 1009 
20960 176 3120 3117 3125 
20961 842 963 3229 2832 
20962 3244 2441 843 690 
20963 842 2832 2433 690 
20964 3209 1008 3232 991 
20965 3241 3231 3244 1009 
20966 3231 2434 3205 3242 
20967 2439 3229 3240 3233 
20968 3246 3209 1008 3243 
20969 3200 3235 3212 3116 
20970 842 3244 843 690 
20971 3244 2441 690 2433 
20972 3210 3127 3197 3219 
20973 3126 2436 2832 841 
20974 963 144 3126 2832 
20975 2832 691 2436 2433 
20976 841 138 3132 692 
20977 2832 2436 3229 2433 
20978 3241 963 962 1009 
20979 2442 138 692 3132 
20980 138 2774 824 3132 
20981 138 2442 692 110 
20982 138 2774 2442 110 
20983 2769 2438 686 687 
20984 2769 2775 2435 687 
20985 2769 2435 2438 687 
20986 2442 2769 2774 3234 
20987 686 2442 2774 110 
20988 824 2776 3132 2774 
20989 3242 2441 2434 2440 
20990 2442 3234 3132 2436 
20991 2776 3228 3237 3234 
20992 2442 3132 3234 2774 
20993 963 842 144 2832 
20994 176 1009 3126 3229 
20995 962 1008 3232 3243 
20996 822 2772 3237 3129 
20997 823 3237 2772 3129 
20998 176 3125 3237 3129 
20999 2776 2772 823 3237 
21000 3122 993 3200 3235 
21001 3123 3212 3131 3116 
21002 3124 3123 3200 3204 
21003 2770 3202 3230 995 
21004 2770 3114 822 3230 
21005 2776 2779 2772 3237 
21006 3228 2776 2779 2769 
21007 3228 2776 2769 3234 
21008 2768 2780 3208 2775 
21009 2768 996 3228 3208 
21010 2768 3228 2775 3208 
21011 2779 3228 2768 3239 
21012 2768 3208 3211 996 
21013 828 3211 2773 827 
21014 2768 3211 3208 827 
21015 2772 2779 2773 3239 
21016 2770 3239 2772 2773 
21017 3211 996 995 3239 
21018 3212 3245 960 3116 
21019 3202 995 2773 3211 
21020 3212 3131 3116 960 
21021 2768 826 3208 2780 
21022 3124 3113 3123 3204 
21023 3237 3114 822 3129 
21024 3124 3197 3204 3200 
21025 2776 823 3120 3237 
21026 3198 3128 3113 3216 
21027 3202 3114 2770 3230 
21028 2772 3239 3230 3237 
21029 2776 3228 2779 3237 
21030 2769 2779 3228 2775 
21031 3236 2769 3234 3228 
21032 3114 3238 3122 3125 
21033 2779 2768 2773 3239 
21034 2776 3120 3234 3237 
21035 3236 2432 3233 3234 
21036 3236 998 3233 2432 
21037 3228 3208 996 997 
21038 3236 2438 2432 3234 
21039 3236 2435 2432 2438 
21040 3233 3229 3234 2436 
21041 3233 3234 2432 2436 
21042 3233 2432 998 663 
21043 3231 3244 1009 3229 
21044 664 2432 663 998 
21045 2432 2438 2436 3234 
21046 3236 3220 2435 997 
21047 3236 664 2435 3220 
21048 3236 664 998 2432 
21049 2769 2442 686 2438 
21050 2442 138 3132 2774 
21051 2769 3228 2435 2775 
21052 3236 664 2432 2435 
21053 2435 688 2775 2780 
21054 3236 998 664 3220 
21055 962 3232 1008 1009 
21056 688 2780 665 105 
21057 2435 2775 3208 2780 
21058 665 2780 3208 105 
21059 2779 3237 3228 3239 
21060 995 3239 2770 2773 
21061 3208 2780 826 105 
21062 3228 3236 2435 997 
21063 2435 3208 2775 997 
21064 2768 996 3211 3239 
21065 2442 2436 2438 3234 
21066 2770 2772 3239 3230 
21067 2435 3220 3208 997 
21068 2769 2435 3236 2438 
21069 2435 665 688 2780 
21070 3208 2435 2780 665 
21071 1001 3218 3231 3205 
21072 2439 3229 3233 2436 
21073 2768 2773 3211 827 
21074 1001 3231 3215 3205 
21075 2769 2774 686 2442 
21076 2832 691 692 2436 
21077 2769 2776 2774 3234 
21078 2442 2769 3234 2438 
21079 2832 691 2433 690 
21080 3231 3218 3242 3205 
21081 842 2433 3244 690 
21082 2832 692 841 2436 
21083 3212 3245 3199 960 
21084 176 2436 3234 3229 
21085 689 143 111 2440 
21086 2439 2433 3229 2436 
21087 3221 111 2440 693 
21088 1008 3231 1001 3218 
21089 3205 660 2443 2434 
21090 3241 1009 962 1008 
21091 3222 3242 2434 2440 
21092 844 143 689 2440 
21093 842 963 3244 3229 
21094 3205 2443 3222 2434 
21095 3246 1008 3209 3218 
21096 3205 3222 3226 985 
21097 3215 661 660 2434 
21098 2439 662 999 3240 
21099 3209 3232 3206 991 
21100 2437 3215 3231 2434 
21101 1000 2437 661 3215 
21102 1008 3242 3231 3218 
21103 3231 2441 3244 2433 
21104 3236 2769 2438 3234 
21105 2439 3240 3229 2433 
21106 2440 3226 693 2443 
21107 844 3242 2833 843 
21108 662 663 2439 999 
21109 2779 2768 3228 2775 
21110 2769 2435 3228 3236 
21111 2768 3228 996 3239 
21112 3236 998 3220 997 
21113 2439 2432 3233 663 
21114 2439 662 3240 2437 
21115 819 949 3119 3217 
21116 990 3134 166 3203 
21117 3199 1006 989 3247 
21118 989 959 1007 3223 
21119 992 3232 3212 3235 
21120 2435 2775 688 687 
21121 844 689 2833 2440 
21122 176 3126 2436 3229 
21123 3215 660 3205 2434 
21124 841 2436 692 3132 
21125 3205 2443 3226 3222 
21126 990 3115 3134 3203 
21127 3246 3242 3218 3222 
21128 3246 3209 3224 3218 
21129 3214 3216 3113 3204 
21130 3222 1002 3242 2440 
21131 3221 143 1002 844 
21132 176 3234 3132 3120 
21133 959 3131 3213 3199 
21134 3231 2434 3242 2441 
21135 3120 3237 823 3129 
21136 3124 3114 3197 3238 
21137 3208 2435 665 3220 
21138 176 2436 3132 3234 
21139 2773 3239 3211 995 
21140 3114 3230 3238 3237 
21141 2768 3211 2773 3239 
21142 3121 3227 3232 1009 
21143 824 2776 823 3120 
21144 3126 2832 144 841 
21145 2776 3120 3132 3234 
21146 3115 3118 3133 3203 
21147 3130 3204 3124 3219 
21148 844 2833 3242 2440 
21149 3228 2435 2775 997 
21150 3199 3245 3247 960 
21151 993 3238 3124 3197 
21152 3121 3232 3235 3116 
21153 3113 3198 947 3128 
21154 2442 3132 692 2436 
21155 3133 3128 946 3198 
21156 2772 3237 2779 3239 
21157 3246 3242 3222 1003 
21158 3122 3227 3238 3235 
21159 989 959 3199 3247 
21160 2776 3234 3132 2774 
21161 3199 1006 3247 3245 
21162 3231 3244 3229 2433 
21163 3122 3238 993 3235 
21164 3122 3238 3227 3125 
21165 3123 3200 3212 3116 
21166 962 963 3117 1009 
21167 3202 2773 2778 3211 
21168 824 3132 2776 3120 
21169 3222 2434 2443 2440 
21170 3212 3206 3245 3232 
21171 3228 2775 3208 997 
21172 176 2436 3126 3132 
21173 2439 3233 999 663 
21174 3242 843 3244 2441 
21175 3123 3131 3212 3216 
21176 176 3237 3120 3129 
21177 2770 3230 822 2772 
21178 3221 844 1002 2440 
21179 3123 3113 3216 3204 
21180 946 3198 947 983 
21181 946 947 3198 3128 
21182 2768 3208 826 827 
21183 664 665 2435 3220 
21184 820 3119 2777 819 
21185 820 3119 3127 3210 
21186 820 3127 821 2771 
21187 2777 3210 2771 830 
21188 2777 3201 3210 830 
21189 2777 3201 819 3119 
21190 2777 830 831 3201 
21191 831 3217 819 3201 
21192 820 3201 3119 3210 
21193 831 3217 139 137 
21194 831 819 3217 137 
21195 2777 831 819 3201 
21196 139 981 137 3217 
21197 981 949 3207 982 
21198 981 3207 949 3217 
21199 137 3217 981 949 
21200 820 2777 3201 3210 
21201 948 949 982 3207 
21202 3207 3214 948 3130 
21203 3207 3214 982 948 
21204 948 3113 3130 3214 
21205 3217 3201 3207 3119 
21206 982 947 948 3214 
21207 3119 3124 3127 3219 
21208 3130 3119 3207 3219 
21209 949 3207 3130 3119 
21210 3119 3127 3210 3219 
21211 3119 3210 3201 3219 
21212 3207 3219 3119 3201 
21213 3130 3204 3214 3113 
21214 982 983 947 3214 
21215 820 3201 2777 3119 
21216 821 822 2770 3114 
21217 3202 821 2770 3114 
21218 821 2771 3127 3202 
21219 3202 821 3114 3127 
21220 3210 3197 3127 3202 
21221 3127 3124 3197 3219 
21222 3127 3197 3124 3114 
21223 3130 3113 3124 3204 
21224 3130 3207 3204 3219 
21225 3124 3204 3197 3219 
21226 3197 3238 994 993 
21227 3197 3114 994 3238 
21228 820 2771 2777 3210 
21229 994 3202 995 3230 
21230 3202 829 2778 2771 
21231 3202 2778 829 828 
21232 3197 3202 994 3114 
21233 3210 830 829 2771 
21234 3202 2770 2778 2773 
21235 2778 2773 828 3211 
21236 3202 2771 2778 2770 
21237 994 3238 3114 3230 
21238 994 3114 3202 3230 
21239 3202 2778 828 3211 
21240 3130 3204 3207 3214 
21241 819 3201 3217 3119 
21242 995 3239 3230 2770 
21243 2770 3202 995 2773 
21244 821 2771 3202 2770 
21245 3237 3114 3230 822 
21246 822 823 2772 3129 
21247 3210 829 3202 2771 
21248 3114 3238 3125 3129 
21249 3124 3200 993 3197 
21250 993 3238 3122 3124 
21251 3124 3200 3123 3122 
21252 959 3118 3213 3131 
21253 959 960 3131 3247 
21254 170 990 3223 3115 
21255 170 958 990 3115 
21256 989 959 3223 3213 
21257 3223 3213 990 989 
21258 990 958 171 3134 
21259 990 3213 3115 3203 
21260 959 3223 170 1007 
21261 3223 3115 990 3213 
21262 959 3199 3213 989 
21263 3115 3133 3134 3203 
21264 3115 3213 3118 3203 
21265 3203 3198 946 984 
21266 166 3134 3133 3203 
21267 946 166 3203 984 
21268 3203 3198 3133 946 
21269 3133 3128 3198 3203 
21270 3133 3203 3118 3128 
21271 946 166 3133 3203 
21272 3213 3198 3118 3203 
21273 3213 3216 3118 3198 
21274 3213 3131 3216 3199 
21275 3213 3131 3118 3216 
21276 3118 3198 3128 3203 
21277 3124 3200 3122 993 
21278 990 3115 958 3134 
21279 946 984 3198 983 
21280 3118 3131 3123 3216 
21281 3118 3128 3198 3216 
21282 3118 3123 3128 3216 
21283 3198 3113 3214 3216 
21284 3113 3198 3214 947 
21285 948 949 3207 3130 
21286 3130 3124 3119 3219 
21287 3123 3116 3122 3200 
21288 949 3217 3207 3119 
21289 3114 3238 3129 3237 
21290 3121 3235 3122 3116 
21291 3121 3227 3122 3235 
21292 3121 3125 3227 3117 
21293 3121 3125 3122 3227 
21294 3121 3117 3227 1009 
21295 3121 962 3117 1009 
21296 3121 3116 961 3232 
21297 820 2771 3210 3127 
21298 3127 3202 3197 3114 
21299 819 137 949 3217 
21300 3124 3122 3114 3238 
21301 3210 3127 2771 3202 
21302 993 992 3200 3235 
21303 992 3212 3232 991 
21304 3123 3113 3128 3216 
21305 3200 3235 992 3212 
21306 3212 3206 3232 991 
21307 3212 3235 3232 3116 
21308 3212 3199 3245 3206 
21309 3123 3200 3204 3216 
21310 3212 3199 3131 960 
21311 988 1005 1006 3206 
21312 959 3247 3131 3199 
21313 3199 1006 3245 3206 
21314 3131 960 3199 3247 
21315 3212 3199 3216 3131 
21316 959 3115 170 3223 
21317 959 3118 3115 3213 
21318 989 959 3247 1007 
21319 3245 1006 1005 3206 
21320 3245 1005 3243 3206 
21321 3198 3214 947 983 
21322 3245 3232 3206 3243 
21323 3245 961 3232 3243 
21324 961 962 3232 3243 
21325 3212 3232 3245 961 
21326 988 987 3225 3206 
21327 3199 1006 988 989 
21328 990 171 166 3134 
21329 3199 988 1006 3206 
21330 3246 1008 3241 3243 
21331 3246 3224 1004 1003 
21332 3209 1004 3243 3246 
21333 3241 1008 962 3243 
21334 3122 3235 3200 3116 
21335 960 3245 961 3116 
21336 1005 3225 1004 3243 
21337 1005 3225 3243 3206 
21338 3241 3244 963 1009 
21339 1004 3243 3225 3209 
21340 1004 3225 3224 3209 
21341 3246 3242 3241 1008 
21342 3121 3232 961 962 
21343 3246 3242 1008 3218 
21344 3222 3246 3224 3218 
21345 3224 3218 986 3222 
21346 986 3222 3205 985 
21347 986 3222 3218 3205 
21348 987 3209 3225 3206 
21349 959 3115 3223 3213 
21350 988 3225 1005 3206 
21351 989 1006 1007 3247 
21352 3224 3209 986 3218 
21353 175 3218 1008 1001 
21354 3209 1008 175 3218 
21355 3209 3232 1008 3243 
21356 3222 3246 1003 3224 
21357 3209 991 175 1008 
21358 3209 3206 3232 3243 
3 25 4 453
21359 1113 3302 3307 3308 
21360 3251 2611 3257 1115 
21361 745 3265 765 3251 
21362 1038 3262 3266 3298 
21363 3300 3265 1021 3251 
21364 3283 2835 145 3300 
21365 3265 3300 2835 3251 
21366 765 3251 2836 2611 
21367 1113 902 3312 2977 
21368 2835 845 3265 2834 
21369 1038 3298 3266 3279 
21370 3302 1116 1113 3307 
21371 3283 3262 3299 3298 
21372 1116 3302 1113 1115 
21373 3283 2835 3251 3306 
21374 1116 2835 3283 3306 
21375 1029 3303 3294 3291 
21376 3258 3288 3295 3292 
21377 3272 2982 3263 2989 
21378 1114 3267 3257 3252 
21379 3260 179 1019 1037 
21380 1017 3271 3277 1018 
21381 3258 3280 3272 3295 
21382 3292 3253 1016 3284 
21383 1034 2990 3297 3270 
21384 3262 1026 3305 3306 
21385 2990 3276 3275 3270 
21386 2983 2987 2979 3268 
21387 2994 2988 3308 2977 
21388 2987 2994 3301 3319 
21389 2984 3281 907 3310 
21390 3301 2994 2986 2984 
21391 3312 2983 3318 2987 
21392 2994 3308 3319 2977 
21393 2979 909 3259 2996 
21394 3302 3257 1025 1024 
21395 3269 2978 885 2985 
21396 3254 3271 1029 3277 
21397 3283 2835 146 145 
21398 3312 2983 2987 2977 
21399 2991 910 3250 2979 
21400 2987 3312 2977 3319 
21401 1116 1041 1113 3278 
21402 3289 3309 3281 3308 
21403 774 2611 3257 744 
21404 1040 3278 3289 3307 
21405 1114 3257 3302 3252 
21406 3283 3251 3262 3306 
21407 3302 1025 3257 3306 
21408 1113 3308 3289 901 
21409 3266 3291 1028 3260 
21410 1116 846 146 2835 
21411 3308 2994 2984 2988 
21412 3296 3286 3294 3303 
21413 3250 2979 3259 3268 
21414 2980 3264 742 2610 
21415 3273 2980 3264 742 
21416 3317 3296 3286 3304 
21417 3312 3318 2983 3268 
21418 1113 901 902 2977 
21419 1116 1115 3251 3306 
21420 1116 146 1041 3283 
21421 1116 3251 2835 3306 
21422 1040 3289 158 901 
21423 1116 3278 3307 3306 
21424 3289 3309 3287 3281 
21425 3289 3278 3287 3307 
21426 3289 3287 3309 3307 
21427 3287 3315 3290 3294 
21428 3287 3309 3286 3281 
21429 1116 3302 1115 3306 
21430 846 1115 2836 3251 
21431 3287 3290 3315 3307 
21432 3278 3305 3290 3307 
21433 3283 3298 3290 3305 
21434 3283 3262 3300 3299 
21435 3283 3262 3305 3306 
21436 1116 3283 3278 3306 
21437 3283 3262 3298 3305 
21438 3283 2835 3300 3251 
21439 145 845 3300 2835 
21440 2835 3251 846 2836 
21441 1113 3278 1040 3307 
21442 2836 3251 1115 2611 
21443 3299 3283 3298 1039 
21444 3265 2836 3251 2835 
21445 1116 3278 1113 3307 
21446 3299 3283 1039 3300 
21447 3265 845 142 2834 
21448 3289 908 158 2988 
21449 3265 1021 142 845 
21450 3300 1021 3262 3251 
21451 1021 3262 1020 3299 
21452 3265 2836 2835 2834 
21453 3299 3262 1038 3298 
21454 3299 1038 1039 3298 
21455 3283 3300 145 1039 
21456 1020 1019 1038 3266 
21457 1038 1037 3266 1019 
21458 1038 3279 3266 1037 
21459 1114 3302 3257 1115 
21460 3291 3314 3279 3266 
21461 3266 3314 1027 1028 
21462 3265 3300 845 2835 
21463 3262 3305 1026 1027 
21464 3298 3290 3314 3279 
21465 3283 3251 3300 3262 
21466 1026 3251 1025 3306 
21467 3300 3262 1021 3299 
21468 3290 3305 3314 3315 
21469 3290 3315 3307 3305 
21470 3298 3314 3290 3305 
21471 3290 3294 3314 3279 
21472 3290 3315 3314 3294 
21473 3266 1037 3260 1019 
21474 3286 3309 3317 3313 
21475 3278 3283 3305 3306 
21476 3309 3281 3310 3313 
21477 3309 3310 3281 3308 
21478 3289 3281 2988 3308 
21479 3315 3303 3286 3317 
21480 3262 3251 1026 3306 
21481 3314 3294 3315 3303 
21482 3278 3305 3307 3306 
21483 3298 1027 3314 3305 
21484 1113 3289 1040 901 
21485 3302 3257 1115 3306 
21486 3289 3307 3309 3308 
21487 846 1115 3251 1116 
21488 3287 3315 3309 3307 
21489 1113 3278 1041 1040 
21490 1025 3251 3257 3306 
21491 3251 1115 3257 3306 
21492 1020 1038 3299 3262 
21493 2610 743 2612 3267 
21494 903 773 1114 3252 
21495 3252 3268 3312 2983 
21496 3266 3279 3291 1037 
21497 1114 3267 2612 774 
21498 3302 3252 3257 1024 
21499 1113 3312 3302 3308 
21500 1116 3283 1041 3278 
21501 1113 3307 1040 3289 
21502 3312 902 2983 2977 
21503 3318 3319 2987 3301 
21504 3318 3268 1023 1022 
21505 1114 3257 774 1115 
21506 2987 3312 3319 3318 
21507 3318 2993 1022 3301 
21508 3318 2987 2993 3301 
21509 3300 1021 3265 845 
21510 774 1115 3257 2611 
21511 3312 1023 3318 3268 
21512 2979 3318 2987 2993 
21513 3318 2993 3259 1022 
21514 3273 3250 2980 2991 
21515 2979 910 3259 909 
21516 2979 3318 2993 3259 
21517 3259 1022 2993 3256 
21518 3259 3256 2993 2996 
21519 3259 909 3256 2996 
21520 909 155 3256 2996 
21521 3318 3259 2979 3268 
21522 3252 1023 1024 3312 
21523 3250 3259 2979 910 
21524 2987 2994 3319 2977 
21525 903 2610 125 773 
21526 2979 2996 3259 2993 
21527 3312 3319 3308 2977 
21528 1114 2983 3252 3312 
21529 1113 3312 3308 2977 
21530 908 907 2984 3281 
21531 908 2984 2988 3281 
21532 3315 3303 3294 3286 
21533 3302 1116 3307 3306 
21534 3301 2994 2984 3319 
21535 2988 3281 2984 3308 
21536 3289 2988 158 901 
21537 3318 2987 2983 3268 
21538 2984 2981 2986 3311 
21539 2984 3308 3281 3310 
21540 3313 2981 907 3310 
21541 907 3281 3285 3313 
21542 3281 3285 3313 3286 
21543 2984 2981 3311 3310 
21544 3308 2994 3319 2984 
21545 2981 906 2992 3285 
21546 3311 3301 2986 2984 
21547 2981 2985 3311 2992 
21548 2981 2986 3311 2985 
21549 3269 3256 2978 180 
21550 3269 3255 885 1010 
21551 885 884 1011 3255 
21552 885 1011 1010 3255 
21553 3269 1010 885 155 
21554 884 885 2985 3255 
21555 2978 2996 2993 3256 
21556 180 2993 1022 3256 
21557 180 3311 3255 1032 
21558 3269 885 3255 2985 
21559 3301 2978 180 3311 
21560 2981 3320 3311 3310 
21561 3311 2985 3320 2992 
21562 3255 3311 3320 1032 
21563 3311 3301 2984 3310 
21564 3255 3311 2985 3320 
21565 3318 3259 3268 1022 
21566 2984 3310 907 2981 
21567 180 2993 3301 1022 
21568 2987 3301 2994 2986 
21569 2978 3256 2993 180 
21570 2978 180 2993 3301 
21571 2991 2983 2979 3268 
21572 3269 2978 3256 2996 
21573 3291 3314 3266 1028 
21574 2991 2979 3250 3268 
21575 3302 3312 3252 1024 
21576 3301 2978 3311 2986 
21577 2984 3310 3301 3319 
21578 3252 1023 3312 3268 
21579 3313 3320 3304 3285 
21580 2610 2612 773 3267 
21581 3296 3304 3316 1030 
21582 3304 3258 1030 3288 
21583 3317 3296 3304 3316 
21584 3304 3280 3258 3288 
21585 1030 3316 3254 1029 
21586 3304 1030 3258 1031 
21587 3258 3295 3272 3253 
21588 3258 3292 3253 3254 
21589 3258 3295 3253 3292 
21590 1030 3296 3254 3316 
21591 3258 3288 3280 3295 
21592 3272 3282 3253 3295 
21593 3272 3282 3248 3253 
21594 3272 3293 3282 3295 
21595 3272 3293 3248 3282 
21596 3280 3285 2992 906 
21597 3280 905 2992 3293 
21598 3280 906 2992 905 
21599 1030 3292 3258 3254 
21600 1030 3292 3296 3288 
21601 3313 3304 3286 3285 
21602 3298 3262 1027 3305 
21603 3304 3288 3286 3285 
21604 3304 3258 3320 1031 
21605 3272 2992 3280 3249 
21606 2987 2993 3301 2986 
21607 907 3281 3313 3310 
21608 3249 2985 3255 2982 
21609 3249 3255 3263 2982 
21610 3249 2992 2985 2982 
21611 3272 2992 3249 2982 
21612 3272 2982 3249 3263 
21613 3263 883 1012 3261 
21614 1012 3274 1013 3261 
21615 1012 883 3274 3261 
21616 3269 885 2978 155 
21617 3272 3280 2992 3293 
21618 3272 2989 3263 3261 
21619 3269 180 2978 2985 
21620 3269 3255 180 2985 
21621 3280 2992 3320 3249 
21622 3318 2979 2987 3268 
21623 3269 155 2978 2996 
21624 3263 1011 1012 884 
21625 883 2989 882 3274 
21626 3263 3255 1011 884 
21627 2978 3311 2986 2985 
21628 3263 2982 883 2989 
21629 2978 180 3311 2985 
21630 883 3261 2989 3274 
21631 3272 3249 3320 1031 
21632 3280 3285 3320 2992 
21633 2992 3293 905 2989 
21634 3304 3288 3296 3286 
21635 3255 2985 884 2982 
21636 905 904 2989 3293 
21637 3263 883 2982 884 
21638 3296 3304 1030 3288 
21639 3272 3293 2989 3261 
21640 2981 2992 3320 3285 
21641 2984 3310 3319 3308 
21642 3289 3281 908 2988 
21643 180 3255 3311 2985 
21644 3280 3304 3285 3288 
21645 1034 157 2990 3276 
21646 1034 1015 3297 1035 
21647 3297 2989 904 3293 
21648 3297 904 2989 2990 
21649 3313 2981 3285 907 
21650 3320 3272 1031 3258 
21651 2989 2990 882 3261 
21652 3297 1035 3248 3282 
21653 882 3275 2990 154 
21654 3275 3274 3270 1013 
21655 3297 1015 3248 1035 
21656 1034 3276 2990 3270 
21657 3275 3276 1033 177 
21658 2990 3276 154 3275 
21659 882 2990 3270 3261 
21660 3270 3261 1013 3274 
21661 154 1033 3275 3276 
21662 882 3270 2990 3275 
21663 3276 177 3270 1015 
21664 2989 3261 882 3274 
21665 2978 3301 2993 2986 
21666 3297 3248 3293 3282 
21667 3320 2985 3249 2992 
21668 3297 3248 3270 3261 
21669 3297 3270 2990 3261 
21670 1034 2990 157 904 
21671 1034 3297 1015 3270 
21672 1034 3297 2990 904 
21673 2990 3276 157 154 
21674 3272 3249 3280 3320 
21675 3286 3309 3313 3281 
21676 3272 3293 3261 3248 
21677 3304 3320 3258 3280 
21678 3263 2982 3255 884 
21679 1036 3253 3284 178 
21680 1036 3253 3282 3284 
21681 3248 3282 1014 3253 
21682 3272 3295 3280 3293 
21683 1014 3253 1036 178 
21684 3263 883 3261 2989 
21685 1034 1015 3276 3270 
21686 3275 1013 3270 177 
21687 1014 1035 1036 3282 
21688 3297 1015 3270 3248 
21689 2981 3320 3310 3313 
21690 3275 3270 3276 177 
21691 3269 3256 155 2996 
21692 3297 3248 3261 3293 
21693 3253 1016 3284 178 
21694 3272 3293 2992 2989 
21695 1014 1036 3253 3282 
21696 3292 3253 3254 1016 
21697 1016 3292 1017 3254 
21698 3253 3292 3295 3284 
21699 3292 3277 3254 3296 
21700 3280 3304 3320 3285 
21701 3294 1029 3296 3303 
21702 3287 3286 3309 3317 
21703 3313 3286 3304 3317 
21704 1017 3254 3292 3277 
21705 3296 3317 3286 3303 
21706 3254 3316 3296 1029 
21707 3296 3316 3317 3303 
21708 1030 3296 3292 3254 
21709 1030 3288 3258 3292 
21710 2981 2992 3311 3320 
21711 1029 1028 3303 3260 
21712 3291 3303 3314 1028 
21713 3296 1029 3316 3303 
21714 2981 3320 3313 3285 
21715 3294 1029 3277 3296 
21716 3286 3287 3294 3315 
21717 3320 3249 3255 1032 
21718 1116 146 3283 2835 
21719 3266 3314 3298 1027 
21720 1113 3307 3289 3308 
21721 3314 3279 3294 3291 
21722 1029 3291 3294 3277 
21723 3277 3260 1018 3271 
21724 3320 3249 2985 3255 
21725 3277 3260 3291 1018 
21726 3320 3272 3258 3280 
21727 1029 3260 3277 3271 
21728 3260 3291 1018 179 
21729 3291 3303 3294 3314 
21730 3266 3298 3314 3279 
21731 3266 1027 3298 3262 
21732 745 3251 765 2611 
21733 3303 3260 1028 3291 
21734 1017 3271 3254 3277 
21735 3278 3305 3283 3290 
21736 1113 3308 901 2977 
21737 3289 3308 2988 901 
21738 3266 3291 3260 1037 
21739 3260 3291 179 1037 
21740 3287 3309 3315 3317 
21741 3320 3249 1032 1031 
21742 3287 3278 3290 3307 
21743 2988 901 3308 2977 
21744 1029 3260 3291 3277 
21745 3282 3284 3253 3295 
21746 907 2981 3285 906 
21747 3263 1012 883 884 
21748 1116 846 2835 3251 
21749 882 3270 3275 3274 
21750 882 3261 3270 3274 
21751 3297 3261 2989 3293 
21752 3297 2990 2989 3261 
21753 3248 1035 1014 3282 
21754 3272 2992 2982 2989 
21755 3248 1035 1015 1014 
21756 3254 1029 3296 3277 
21757 3286 3287 3315 3317 
21758 1020 3266 1038 3262 
21759 1029 3260 3303 3291 
21760 2612 3267 743 744 
21761 2612 774 3267 744 
21762 745 3265 121 765 
21763 765 3265 2836 3251 
21764 765 2834 2836 3265 
21765 745 3257 3251 2611 
21766 121 2834 765 3265 
21767 121 2834 3265 142 
21768 124 765 2836 2611 
21769 773 3267 1114 3252 
21770 1114 1113 3302 1115 
21771 1114 3302 1113 3312 
21772 3264 2610 903 773 
21773 1114 1113 902 3312 
21774 124 2836 846 1115 
21775 124 1115 774 2611 
21776 124 2611 2836 1115 
21777 745 3257 2611 744 
21778 3267 774 3257 744 
21779 3264 773 903 3252 
21780 3264 3252 2983 3268 
21781 1114 3257 3267 774 
21782 1114 2983 3312 902 
21783 773 774 1114 2612 
21784 1114 3252 3302 3312 
21785 773 2612 1114 3267 
21786 3264 3267 2610 773 
21787 3264 3267 773 3252 
21788 3273 2980 2995 2991 
21789 3268 3250 2980 3264 
21790 770 2980 742 2610 
21791 3264 743 2610 3267 
21792 3268 3250 2991 2980 
21793 770 125 2980 2610 
21794 3264 3252 903 2983 
21795 903 1114 2983 3252 
21796 903 2983 1114 902 
21797 3264 742 2610 743 
21798 3273 3264 2980 3250 
21799 120 770 3273 742 
21800 2980 2983 2991 3268 
21801 770 2995 3273 2980 
21802 2980 903 3264 2610 
21803 2980 125 903 2610 
21804 2980 2983 3264 903 
21805 2980 2983 3268 3264 
21806 911 3250 2991 910 
21807 911 3273 2995 2991 
21808 911 3250 3273 2991 
21809 770 2980 3273 742 
21810 120 3273 770 2995 
21811 911 3273 120 2995 
3 26 4 587
21812 3163 3283 1253 3350 
21813 3330 3353 3322 1017 
21814 3294 1048 3291 3279 
21815 3347 970 3160 971 
21816 3350 3349 968 3162 
21817 1220 1450 1441 3364 
21818 1018 3352 3351 3355 
21819 1064 1253 1219 146 
21820 3278 3283 1219 1450 
21821 185 3170 973 172 
21822 1252 3163 973 3170 
21823 1450 1220 1219 3278 
21824 3366 3162 3163 3168 
21825 1441 3364 1453 3371 
21826 1441 1449 3371 1458 
21827 3277 3356 3355 1048 
21828 3351 3345 972 3165 
21829 3483 3295 3280 3288 
21830 3366 1047 3166 183 
21831 3361 3287 3364 3290 
21832 3322 3277 1017 3292 
21833 182 1456 3016 3483 
21834 3170 185 973 1252 
21835 1450 3283 3366 3364 
21836 1450 3366 3163 3168 
21837 3365 929 930 3039 
21838 147 973 1252 3163 
21839 3278 3283 1450 3364 
21840 1441 1085 3289 1449 
21841 1083 1450 1219 1252 
21842 1441 3289 1085 1220 
21843 1444 3168 3163 3170 
21844 1439 976 1451 3167 
21845 3168 1454 975 974 
21846 3283 146 1219 1253 
21847 1439 3370 3159 3167 
21848 3163 849 1253 1252 
21849 3289 3360 3287 3364 
21850 3168 1444 974 3170 
21851 3283 3350 3298 1039 
21852 1450 3283 1219 3163 
21853 3361 3287 3360 3364 
21854 3483 3336 3354 3358 
21855 3483 3016 3013 3015 
21856 3483 3324 3329 3346 
21857 3483 3013 3011 3015 
21858 3012 3483 3013 3011 
21859 3483 3329 3339 3346 
21860 3483 3339 3337 3346 
21861 3294 1048 3277 3291 
21862 3347 3355 1048 3277 
21863 3362 1440 1447 3358 
21864 3330 3353 1017 3352 
21865 3349 969 3361 3348 
21866 1045 3327 181 169 
21867 3483 182 3354 3285 
21868 3356 3337 3332 3343 
21869 3359 182 3354 1446 
21870 3483 2205 3324 1445 
21871 3322 3332 3292 3338 
21872 3295 3332 3292 3356 
21873 3044 1457 3358 1445 
21874 559 2204 556 3341 
21875 3483 3016 3015 3010 
21876 3294 1049 1048 3360 
21877 179 1037 3291 3347 
21878 3283 3366 3350 3163 
21879 1451 976 164 3167 
21880 3351 3352 3330 3355 
21881 1049 3292 3277 3356 
21882 3295 3332 3284 3292 
21883 3044 926 921 1445 
21884 3336 927 3042 3044 
21885 3289 3281 3287 3360 
21886 3358 3336 3042 3044 
21887 3367 919 930 3164 
21888 3043 923 924 1440 
21889 3012 900 3334 3326 
21890 1452 3364 3366 3369 
21891 3366 969 3162 3166 
21892 3349 1038 3348 3279 
21893 907 3281 182 3285 
21894 3362 1440 3358 3368 
21895 928 3336 3358 3357 
21896 1018 3352 1046 3351 
21897 3017 3328 559 82 
21898 1443 561 569 83 
21899 3166 969 970 3348 
21900 3483 1443 569 1445 
21901 1085 158 1040 3289 
21902 3483 3336 3358 1445 
21903 3370 3368 3367 3041 
21904 3483 3339 3344 3293 
21905 3483 3280 906 3285 
21906 3018 1085 160 1449 
21907 3366 3350 3349 3361 
21908 1439 3370 1451 1448 
21909 905 3293 3344 904 
21910 3324 3342 2205 3341 
21911 1045 3327 972 3345 
21912 3283 1253 3350 145 
21913 3348 3347 1048 3291 
21914 3288 3483 3354 3285 
21915 1036 3284 3321 3338 
21916 1442 1456 3359 1458 
21917 1442 1456 3014 3359 
21918 1442 3014 915 914 
21919 3014 182 907 3281 
21920 3014 182 3281 3359 
21921 3018 1442 3359 1449 
21922 3014 908 3018 3281 
21923 914 3018 160 1449 
21924 3014 3016 907 182 
21925 1442 3359 1449 1458 
21926 3018 3289 1085 1449 
21927 3018 158 3289 908 
21928 3018 158 1085 3289 
21929 3018 908 3289 3281 
21930 3371 3018 1449 3289 
21931 1442 3018 914 1449 
21932 1456 3014 915 1442 
21933 915 1456 1443 3010 
21934 915 3010 1443 83 
21935 3014 907 908 3281 
21936 3018 3359 3371 1449 
21937 1083 1219 1450 1084 
21938 1083 1252 1444 1450 
21939 1083 1219 1064 1252 
21940 3168 1444 1454 974 
21941 1444 172 974 3170 
21942 3168 1450 1454 1444 
21943 185 1444 3170 172 
21944 3170 185 1252 1444 
21945 1083 1252 185 1444 
21946 1444 3163 1252 3170 
21947 1444 3163 1450 1252 
21948 3168 1439 3159 975 
21949 1439 976 3159 975 
21950 1439 976 3167 3159 
21951 1439 3370 3366 3159 
21952 1452 1448 1453 3369 
21953 1439 3369 3370 1448 
21954 1439 3369 1452 3366 
21955 1452 3366 1450 1454 
21956 1452 3369 1453 3364 
21957 1220 1450 1084 1441 
21958 1450 1084 1219 1220 
21959 1450 1220 3278 3364 
21960 1452 3364 1450 3366 
21961 1439 3369 3366 3370 
21962 1452 1453 1441 3364 
21963 1453 3362 3369 1448 
21964 1040 1220 3289 3278 
21965 1085 3289 1040 1220 
21966 3287 3360 3281 3286 
21967 3287 3286 3294 3360 
21968 3287 3360 3294 3361 
21969 3287 3294 3290 3361 
21970 3366 3350 3162 3349 
21971 1441 3289 3371 1449 
21972 3289 3364 3287 3278 
21973 3289 3371 3281 3360 
21974 3278 3290 3283 3364 
21975 1220 3364 3289 3278 
21976 1064 1252 1219 1253 
21977 1083 185 1252 1064 
21978 3350 968 3163 3162 
21979 3350 3298 3349 3361 
21980 1450 3366 3283 3163 
21981 3283 145 146 1253 
21982 849 968 147 3163 
21983 849 147 1252 3163 
21984 3283 3298 3350 3361 
21985 3350 3298 1039 3349 
21986 3283 3361 3350 3366 
21987 3163 3283 1219 1253 
21988 1041 1219 3283 146 
21989 1450 3163 1219 1252 
21990 3350 3163 3366 3162 
21991 1450 1454 3366 3168 
21992 3283 3364 3290 3361 
21993 1039 1038 3349 3298 
21994 3163 849 3350 1253 
21995 3349 969 968 3162 
21996 3366 3349 969 3361 
21997 1038 1037 3348 3279 
21998 3349 3298 1038 3279 
21999 3298 3361 3290 3279 
22000 3349 3361 3298 3279 
22001 3283 3361 3366 3364 
22002 1041 1040 3278 1220 
22003 3014 182 3359 1456 
22004 1441 3289 3364 3371 
22005 3366 3349 3162 969 
22006 907 3285 3016 906 
22007 3281 3285 3286 3360 
22008 1456 3014 3010 915 
22009 907 182 3016 3285 
22010 1220 3364 1441 3289 
22011 3483 561 3015 2205 
22012 3280 906 905 3013 
22013 3483 3013 3280 905 
22014 3289 3360 3364 3371 
22015 3018 1442 3014 3359 
22016 3483 3341 2205 560 
22017 3483 906 3280 3013 
22018 905 3344 3012 904 
22019 3012 3483 905 3013 
22020 3483 906 3016 3285 
22021 3483 3346 3337 3336 
22022 3483 3324 3336 1445 
22023 3344 3293 3339 3340 
22024 3344 3326 3012 3334 
22025 3344 3334 3293 3340 
22026 3344 3326 3329 3012 
22027 3339 3340 3293 3321 
22028 3339 3321 3293 3295 
22029 3329 3328 3011 3326 
22030 3329 3012 3326 3011 
22031 3329 3341 3011 3328 
22032 3483 3012 3344 3329 
22033 899 3017 3328 3326 
22034 899 82 3328 3017 
22035 899 900 3012 3326 
22036 899 3012 3017 3326 
22037 3012 3326 3011 3017 
22038 3012 3334 900 904 
22039 3483 560 3015 3011 
22040 3012 3483 3011 3329 
22041 3334 904 1034 157 
22042 1034 3297 3340 1035 
22043 3334 3340 3297 3293 
22044 3334 3293 3297 904 
22045 3344 3334 3012 904 
22046 3288 3483 3285 3280 
22047 3483 3337 3339 3354 
22048 3483 3337 3354 3336 
22049 900 904 3334 157 
22050 3334 3297 1034 904 
22051 3344 3293 3334 904 
22052 1036 3282 1035 3321 
22053 182 3359 1456 1446 
22054 1036 178 3284 3338 
22055 1035 3321 3282 3340 
22056 3295 3483 3293 3339 
22057 3297 3340 3282 3293 
22058 1036 3284 3282 3321 
22059 3018 3359 3281 3371 
22060 3282 3321 3293 3340 
22061 3321 3284 3332 3338 
22062 3339 3332 3354 3337 
22063 3353 1043 3322 1044 
22064 3353 3292 3322 1017 
22065 1016 3322 3338 1044 
22066 3330 1017 3322 3277 
22067 1016 3353 3322 1044 
22068 1043 3352 3330 1042 
22069 3355 3330 3331 3322 
22070 3322 3292 3332 3356 
22071 3483 3329 3341 3011 
22072 1016 3292 3353 1017 
22073 1016 1044 3338 178 
22074 3284 3338 3292 3332 
22075 3284 3338 1016 3292 
22076 3284 1016 3338 178 
22077 3330 1017 3277 3352 
22078 3282 3295 3293 3321 
22079 1016 3322 3353 3292 
22080 3296 3294 3286 1049 
22081 3296 3286 3288 1049 
22082 1049 3277 3294 1048 
22083 1049 3277 3296 3294 
22084 3285 1049 3360 182 
22085 3285 1049 3286 3360 
22086 3286 3288 1049 3285 
22087 3281 3360 182 3285 
22088 3286 1049 3294 3360 
22089 3287 3290 3278 3364 
22090 1456 3014 182 3016 
22091 3322 3277 3292 3356 
22092 3349 3348 3361 3279 
22093 3292 1049 3296 3288 
22094 3294 3361 1048 3279 
22095 3277 3291 3347 1018 
22096 3277 3352 1018 3355 
22097 3277 1048 1049 3356 
22098 1018 179 3291 3347 
22099 3277 3291 1048 3347 
22100 1048 3279 3348 3291 
22101 3355 3347 3351 1018 
22102 3160 3347 971 3351 
22103 1018 1046 179 3347 
22104 3347 3355 3277 1018 
22105 3348 3347 1047 1048 
22106 1018 1046 3347 3351 
22107 3351 1045 3330 3352 
22108 3351 971 3165 972 
22109 1045 1042 181 3327 
22110 1045 1042 3327 3330 
22111 3327 972 957 169 
22112 3355 3347 3160 3351 
22113 3353 1043 3352 3330 
22114 3322 3356 3331 3355 
22115 3353 3322 1043 3330 
22116 1016 3338 3322 3292 
22117 3347 1047 970 3348 
22118 1045 972 3327 169 
22119 3327 972 3345 957 
22120 3345 957 3165 956 
22121 3169 3345 3325 3355 
22122 3345 3355 3331 3325 
22123 3345 972 3165 957 
22124 3355 3325 3372 3373 
22125 3351 3160 3355 3165 
22126 3372 3160 3172 3169 
22127 3372 3160 1047 3172 
22128 3372 3172 1047 183 
22129 3372 3169 3172 3164 
22130 3322 3277 3356 3355 
22131 3355 3347 1047 3160 
22132 3372 3335 3169 3164 
22133 3365 3373 3333 3357 
22134 3372 3161 3367 3164 
22135 3333 3323 3357 3343 
22136 3333 3357 3373 3343 
22137 3331 3343 3333 3373 
22138 3335 3164 930 163 
22139 3335 3164 163 955 
22140 3335 3169 955 3325 
22141 3335 3169 3164 955 
22142 3366 3162 3168 3171 
22143 3366 3168 3159 3171 
22144 3366 3370 183 3171 
22145 1041 1219 3278 3283 
22146 3348 1048 3361 3279 
22147 3294 1048 3361 3360 
22148 3348 1048 1047 3361 
22149 1253 1219 3163 1252 
22150 1047 3172 3166 183 
22151 1047 3160 3166 3172 
22152 1047 970 3166 3160 
22153 3372 3365 3335 3164 
22154 1049 3292 3296 3277 
22155 3291 3347 1037 3348 
22156 3351 3355 3330 3345 
22157 3283 145 3350 1039 
22158 3350 968 849 3163 
22159 1041 3278 1219 1220 
22160 3371 3018 3289 3281 
22161 3281 182 3360 3359 
22162 1047 3166 970 3348 
22163 1049 3354 3288 3356 
22164 1456 3014 3016 3010 
22165 3354 3356 3357 3337 
22166 3372 3335 3333 3325 
22167 3354 3336 3357 3358 
22168 3354 3337 3357 3336 
22169 3295 3354 3356 3288 
22170 3295 3356 3354 3332 
22171 3354 3332 3356 3337 
22172 3483 1446 1443 1445 
22173 1446 3483 1456 182 
22174 3290 3361 3294 3279 
22175 3281 3359 3360 3371 
22176 3357 3356 3373 3343 
22177 3357 3358 3040 3363 
22178 3357 3040 3358 928 
22179 3483 906 3013 3016 
22180 3357 3336 3337 3323 
22181 3365 930 3367 3039 
22182 3365 930 3333 3335 
22183 3365 3357 929 3363 
22184 3365 3335 3164 930 
22185 3372 3169 3335 3325 
22186 3365 929 3333 930 
22187 1456 3016 3483 3010 
22188 3483 905 3280 3293 
22189 3330 3277 3355 3352 
22190 3334 3340 1034 3297 
22191 3331 3343 3356 3332 
22192 3330 3331 3345 3355 
22193 3372 3333 3365 3373 
22194 3345 1045 3330 3351 
22195 3331 3355 3373 3325 
22196 3345 1045 3351 972 
22197 3362 3364 3371 1453 
22198 3350 145 1253 849 
22199 3336 928 3042 927 
22200 3336 928 3358 3042 
22201 3483 3015 1443 3010 
22202 3351 971 3160 3165 
22203 3366 3159 3370 3171 
22204 3040 929 3357 3363 
22205 3040 3043 3039 3363 
22206 3040 3039 929 3363 
22207 3357 929 3323 3333 
22208 3372 3335 3365 3333 
22209 1453 1458 3362 1447 
22210 3371 1458 3359 3362 
22211 1446 3354 3358 3483 
22212 3295 3356 3292 3288 
22213 3359 1456 1447 1458 
22214 3359 1447 3362 1458 
22215 3359 3358 3362 1447 
22216 1441 1085 1084 1220 
22217 3371 3359 1458 1449 
22218 3283 3290 3298 3361 
22219 3359 1447 1456 1446 
22220 1453 1447 3362 1448 
22221 1447 1446 3358 1440 
22222 3361 3166 1047 3348 
22223 3347 970 1047 3160 
22224 3168 1450 1444 3163 
22225 3357 3337 3356 3343 
22226 3359 3358 1447 1446 
22227 3483 3336 3324 3346 
22228 3357 3337 3343 3323 
22229 3370 3167 183 3171 
22230 3370 3167 3161 183 
22231 3370 3161 3367 183 
22232 3366 1047 3361 3166 
22233 3370 3159 3167 3171 
22234 3367 3039 3041 3363 
22235 3367 3041 3368 3363 
22236 3367 3161 919 3164 
22237 3372 3172 3161 3164 
22238 3368 3043 1440 3363 
22239 3372 183 3161 3172 
22240 3368 1440 1455 1448 
22241 3368 3041 3043 3363 
22242 924 3368 1455 3041 
22243 3368 1440 924 1455 
22244 3368 1440 3043 924 
22245 1441 3371 1453 1458 
22246 3355 3169 3372 3325 
22247 1439 1451 3370 3167 
22248 1439 3366 1454 3168 
22249 930 919 163 3164 
22250 3361 969 3166 3348 
22251 3372 3367 3365 3164 
22252 3358 3363 3368 1440 
22253 3040 923 3043 1440 
22254 3043 3041 3039 3363 
22255 1455 3370 1448 1451 
22256 3040 923 3358 1457 
22257 3040 3358 1440 3363 
22258 3292 3356 1049 3288 
22259 928 3357 929 3323 
22260 3040 3358 3042 1457 
22261 1439 3159 3366 3168 
22262 1451 3167 164 920 
22263 3355 1047 3372 3160 
22264 920 3367 3161 919 
22265 3370 3041 3367 920 
22266 924 3368 3041 3043 
22267 920 3367 919 3041 
22268 3041 1455 924 925 
22269 920 3370 1451 3167 
22270 1451 1455 3041 925 
22271 3370 3041 1451 1455 
22272 3366 3166 3162 3171 
22273 3362 3364 1453 3369 
22274 3354 3359 1446 3358 
22275 1455 3370 3368 1448 
22276 923 922 1457 3042 
22277 3040 3042 923 1457 
22278 3358 923 1440 1457 
22279 3372 3333 3373 3325 
22280 3044 1457 3042 3358 
22281 1457 922 1445 3044 
22282 928 3336 3357 3323 
22283 3358 3336 3044 1445 
22284 3044 3324 926 1445 
22285 81 555 2203 3342 
22286 2203 2204 3342 555 
22287 2203 2205 3342 2204 
22288 2203 2205 570 3342 
22289 570 2205 569 1445 
22290 3483 3354 3295 3288 
22291 570 3324 2205 1445 
22292 3044 926 3324 927 
22293 3336 927 3044 3324 
22294 570 3324 926 3342 
22295 570 926 3324 1445 
22296 570 2205 3324 3342 
22297 3358 1457 1446 1445 
22298 928 3042 3040 3358 
22299 3365 3039 3367 3363 
22300 1440 3362 1448 3368 
22301 1443 3010 561 83 
22302 3483 569 1443 561 
22303 182 1446 3483 3354 
22304 3483 561 1443 3015 
22305 1443 561 3010 3015 
22306 3483 3341 3324 2205 
22307 1457 3042 922 3044 
22308 3295 3483 3280 3293 
22309 570 3342 87 2203 
22310 1440 3362 1447 1448 
22311 1442 3018 3014 914 
22312 3483 3329 3344 3339 
22313 3483 3341 3329 3324 
22314 3295 3332 3321 3284 
22315 3483 3339 3295 3354 
22316 3015 2205 561 560 
22317 3483 3358 1446 1445 
22318 3018 160 1085 158 
22319 2205 2204 560 3341 
22320 3358 1457 1440 1446 
22321 3483 3010 1443 1456 
22322 928 3357 3040 929 
22323 3285 3483 182 3016 
22324 570 3342 926 87 
22325 560 2204 559 3341 
22326 3282 3284 3295 3321 
22327 3011 3328 3017 3326 
22328 3339 3321 3295 3332 
22329 559 556 82 3328 
22330 3342 2204 2205 3341 
22331 3297 3340 1035 3282 
22332 559 556 3328 3341 
22333 3483 905 3293 3344 
22334 556 555 3341 2204 
22335 3012 3483 3344 905 
22336 3011 559 3017 3328 
22337 3483 3341 560 3011 
22338 560 559 3011 3341 
22339 3011 3341 559 3328 
22340 922 1445 3044 921 
22341 87 3342 81 2203 
22342 3342 2204 3341 555 
22343 3483 2205 569 561 
22344 3483 569 2205 1445 
22345 87 81 3342 926 
22346 3483 2205 3015 560 
22347 87 926 570 921 
22348 570 921 926 1445 
22349 1453 1458 3371 3362 
22350 3161 3370 920 3167 
22351 1452 1441 1450 3364 
22352 3362 3368 3369 1448 
22353 3014 3018 3359 3281 
22354 1451 164 925 920 
22355 3370 3369 3368 1448 
22356 3336 3324 3044 1445 
22357 1439 3366 1452 1454 
22358 3040 1440 3358 923 
22359 1451 925 3041 920 
22360 3367 3039 930 919 
22361 3040 1440 3043 3363 
22362 3370 3368 3041 1455 
22363 920 3370 3041 1451 
22364 3355 3160 3169 3165 
22365 3366 183 3166 3171 
22366 3372 183 3367 3161 
22367 3367 3041 3039 919 
22368 3161 3172 183 3171 
22369 3161 183 3167 3171 
22370 3168 1439 975 1454 
22371 1439 1448 1452 3369 
22372 3166 183 3172 3171 
22373 3366 969 3166 3361 
22374 3365 929 3039 3363 
22375 3357 929 3333 3365 
22376 955 3325 3169 956 
22377 3161 3370 3367 920 
22378 3291 3348 1037 3279 
22379 3169 3345 3355 3165 
22380 1046 1045 3351 3352 
22381 3345 3169 3325 956 
22382 1049 3354 182 3285 
22383 1049 3288 3354 3285 
22384 1045 3330 3327 3345 
22385 3331 3373 3355 3356 
22386 3330 3277 3322 3355 
22387 3331 3373 3333 3325 
22388 1446 3483 1443 1456 
22389 1045 1042 3330 3352 
22390 3331 3343 3373 3356 
22391 3322 3332 3331 3356 
22392 3355 3160 3372 3169 
22393 3347 1048 3355 1047 
22394 3365 3164 3367 930 
22395 3351 3355 3345 3165 
22396 3339 3332 3295 3354 
22397 3345 3165 3169 956 
22398 1017 3277 3352 1018 
3 27 4 401
22399 3412 3154 3148 3139 
22400 3412 3148 3410 3139 
22401 3412 3411 3410 3148 
22402 3405 3139 3412 3410 
22403 3154 2840 3412 2846 
22404 2841 963 3413 3244 
22405 3241 3402 962 3145 
22406 3417 3155 3139 3410 
22407 3417 3152 3139 3155 
22408 3409 3404 3415 3157 
22409 3414 969 3401 3348 
22410 3375 2845 3413 3244 
22411 960 961 3245 3146 
22412 3241 3145 962 963 
22413 3151 3156 3407 3406 
22414 3137 962 3378 3402 
22415 3241 3244 3413 963 
22416 3405 3412 3139 2840 
22417 842 2845 3244 2841 
22418 963 144 2841 3152 
22419 842 843 3244 2845 
22420 963 2841 842 3244 
22421 3245 961 3376 3146 
22422 3137 3391 3378 3243 
22423 3397 836 844 143 
22424 3397 844 1002 143 
22425 3375 3413 1054 1055 
22426 3397 3390 2842 836 
22427 3397 3242 1002 844 
22428 3397 3386 3242 3390 
22429 3397 1002 3242 3386 
22430 843 2842 844 3397 
22431 2842 836 3390 837 
22432 1003 3242 1002 3386 
22433 2842 2838 837 3382 
22434 3397 2842 844 836 
22435 3378 3243 3246 3241 
22436 2842 837 3390 3382 
22437 2845 1054 2838 3382 
22438 3382 2844 838 3389 
22439 3382 2844 2838 838 
22440 2842 3244 3375 3390 
22441 3385 2844 3389 839 
22442 837 2838 838 3382 
22443 2840 847 3152 2841 
22444 2840 847 3139 3152 
22445 2840 847 848 3139 
22446 1053 2844 3385 3416 
22447 3416 2846 2844 2837 
22448 3416 2840 3405 2844 
22449 3412 3154 2839 968 
22450 3246 3375 3378 3241 
22451 3151 3145 3137 3402 
22452 3246 1003 3393 3386 
22453 3241 3413 3402 3145 
22454 3417 3152 3155 3145 
22455 2844 3382 1053 3389 
22456 3402 3413 3417 3145 
22457 3405 2838 2840 2841 
22458 3137 3378 3376 1056 
22459 3347 3414 970 1061 
22460 3138 3379 3377 3387 
22461 3396 184 3401 3348 
22462 3396 1051 3401 184 
22463 3416 3412 3405 2840 
22464 2847 3385 2837 2843 
22465 2847 3385 840 2837 
22466 3143 3135 1058 3142 
22467 3154 2840 3139 3412 
22468 3405 1053 2838 3382 
22469 3400 2847 3383 3385 
22470 3405 3417 3413 3152 
22471 3405 2838 2844 2840 
22472 3385 2844 839 2837 
22473 3406 1056 3376 1057 
22474 840 839 2837 3385 
22475 3413 2838 2845 1054 
22476 843 2842 3397 3390 
22477 3413 2841 2845 2838 
22478 3350 3349 3401 968 
22479 2839 3154 147 968 
22480 3401 3411 3148 969 
22481 2839 848 147 3154 
22482 3405 3413 2838 2841 
22483 3401 3411 3412 3148 
22484 2840 3139 848 3154 
22485 3416 2837 2844 3385 
22486 3350 3412 3418 2839 
22487 3418 3416 3385 2837 
22488 3412 3154 968 3148 
22489 3136 3148 3149 3411 
22490 3150 3143 3415 3157 
22491 970 969 3414 3348 
22492 3396 3401 3299 1039 
22493 3149 3155 3151 3407 
22494 3413 2841 3244 2845 
22495 3416 2840 2844 2846 
22496 3137 3378 962 3243 
22497 3156 3142 3408 1057 
22498 3149 3410 3148 3139 
22499 2845 2838 2842 3382 
22500 3405 2838 1054 3382 
22501 2846 848 2839 3154 
22502 3405 2841 2840 3152 
22503 2844 3382 2838 1053 
22504 2842 3244 2845 3375 
22505 3401 3148 3412 968 
22506 2840 848 2846 3154 
22507 3375 3241 3246 3242 
22508 144 2841 3152 847 
22509 963 2841 144 842 
22510 3413 3152 3417 3145 
22511 1053 2844 3389 3385 
22512 3405 1054 1053 3382 
22513 179 1037 3347 3395 
22514 142 2847 845 3400 
22515 3418 2837 2843 2846 
22516 3405 3417 3152 3139 
22517 3375 3246 3393 3386 
22518 3397 3242 843 3390 
22519 3413 963 3152 3145 
22520 3375 3382 2845 2842 
22521 3397 3242 844 843 
22522 3405 3413 2841 3152 
22523 3241 963 3413 3145 
22524 3375 3244 3241 3242 
22525 3375 3382 2842 3390 
22526 3405 1053 2844 2838 
22527 3242 3390 3244 843 
22528 1007 3247 3388 3399 
22529 3406 3376 3146 1057 
22530 3244 2842 2845 843 
22531 961 3376 3137 3391 
22532 3405 3152 2840 3139 
22533 3247 3388 960 3245 
22534 2841 963 3152 3413 
22535 3156 3146 3142 1057 
22536 3300 3400 845 2847 
22537 3412 3154 2846 2839 
22538 3245 961 3243 3391 
22539 3135 3141 966 3392 
22540 3136 3411 3414 969 
22541 3381 3142 3146 1057 
22542 1058 3142 3381 1057 
22543 142 2847 3400 840 
22544 3244 2842 843 3390 
22545 3151 3402 3417 3145 
22546 1007 3388 3247 1006 
22547 3136 3409 3149 3157 
22548 970 3404 3136 3150 
22549 3418 3385 3416 1052 
22550 3400 840 2847 3385 
22551 3136 3150 3404 3157 
22552 3151 3417 3155 3145 
22553 961 3391 3137 3243 
22554 3405 2838 3413 1054 
22555 3241 1055 3402 3413 
22556 3388 3376 3381 3146 
22557 3375 3413 3241 3244 
22558 3135 1059 3143 1058 
22559 3378 3241 3375 1055 
22560 3418 3412 3416 2846 
22561 3384 971 1060 3404 
22562 3299 3418 1051 3383 
22563 838 2844 839 3389 
22564 1039 3418 3350 3401 
22565 3383 3385 2847 2843 
22566 971 970 3150 3404 
22567 3144 3409 3403 3157 
22568 3300 1039 3418 3350 
22569 3150 3415 3404 3157 
22570 3140 960 959 3247 
22571 3299 3418 3401 1051 
22572 3350 145 849 2843 
22573 3350 849 2839 2843 
22574 849 968 2839 147 
22575 3350 1039 145 3300 
22576 3350 3412 3401 3418 
22577 3350 3300 145 2843 
22578 145 3300 845 2843 
22579 3418 3299 1039 3300 
22580 3418 3299 3300 3383 
22581 3350 2839 849 968 
22582 3300 3299 1021 3383 
22583 3300 2843 3383 2847 
22584 3300 3383 3400 2847 
22585 142 3400 845 1021 
22586 1020 3299 3396 3383 
22587 3300 1021 845 3400 
22588 3300 845 2843 2847 
22589 3418 2843 3383 3300 
22590 1021 3299 1020 3383 
22591 3300 3383 1021 3400 
22592 1051 3396 3299 3383 
22593 3418 2843 3300 3350 
22594 3350 3401 3412 968 
22595 1051 3396 3401 3299 
22596 3349 969 3401 968 
22597 3349 3401 969 3348 
22598 3349 3396 3401 3348 
22599 3349 1038 3396 3348 
22600 1038 3348 1037 3396 
22601 1038 3396 1037 1019 
22602 3350 1039 3401 3349 
22603 1039 1038 3396 3349 
22604 3350 2839 3418 2843 
22605 1039 1038 3299 3396 
22606 3299 1039 3401 3418 
22607 1037 3348 3347 3395 
22608 1037 3348 3395 3396 
22609 1037 3395 1019 3396 
22610 3347 3351 1046 3384 
22611 3347 971 3351 3384 
22612 3347 3348 970 3414 
22613 3351 971 3379 3384 
22614 179 3347 3384 3395 
22615 1046 3351 3379 3384 
22616 3347 3384 3395 1061 
22617 1045 3387 3379 972 
22618 3351 971 972 3379 
22619 181 1050 3387 169 
22620 1045 169 181 3387 
22621 1020 3299 1038 3396 
22622 3384 3347 970 1061 
22623 3396 3401 1039 3349 
22624 1020 1038 1019 3396 
22625 3138 3158 3377 3153 
22626 3377 3394 3153 3398 
22627 3377 3153 3158 3398 
22628 168 1050 954 3398 
22629 168 3398 954 3153 
22630 168 3394 3147 967 
22631 168 3394 3153 3147 
22632 954 3158 3153 3398 
22633 3138 3379 3387 972 
22634 1046 3379 3351 1045 
22635 954 169 3387 1050 
22636 3138 3387 3377 3158 
22637 954 169 3158 3387 
22638 3138 3153 3377 3147 
22639 3138 3377 1060 3415 
22640 3387 3398 3158 954 
22641 3387 169 3158 972 
22642 1045 169 3387 972 
22643 3377 3394 1059 3147 
22644 3377 3143 1059 3415 
22645 3379 1060 3384 971 
22646 3351 972 1045 3379 
22647 179 1019 1037 3395 
22648 970 3404 971 3384 
22649 3387 3398 954 1050 
22650 3138 1060 3377 3379 
22651 3384 3347 971 970 
22652 1061 3395 3414 184 
22653 3136 3148 3411 969 
22654 3347 3414 1061 3395 
22655 3377 1059 3143 3147 
22656 971 3150 1060 3404 
22657 3377 3158 3387 3398 
22658 3150 3415 1060 3404 
22659 3377 1059 1060 3415 
22660 3384 1060 1061 3404 
22661 3143 3144 3403 3157 
22662 168 3153 3394 3398 
22663 3143 3157 3403 3415 
22664 3143 3403 3144 3142 
22665 3144 3409 3407 3403 
22666 3144 3403 3407 3408 
22667 3144 3407 3156 3408 
22668 3144 3407 3151 3156 
22669 3149 3410 3139 3155 
22670 3144 3409 3149 3407 
22671 3149 3155 3407 3410 
22672 3149 3410 3411 3148 
22673 3149 3410 3409 3411 
22674 3151 3407 3155 3417 
22675 3149 3144 3157 3409 
22676 3138 1060 3379 971 
22677 3141 3135 1058 3380 
22678 1058 3381 3142 3141 
22679 3138 3387 3158 972 
22680 3380 3381 3141 3392 
22681 3141 3135 3142 1058 
22682 3135 3380 3141 3392 
22683 3136 3414 3411 3404 
22684 3135 3380 967 3394 
22685 3138 3147 3377 3143 
22686 3138 1060 971 3150 
22687 3138 3379 972 971 
22688 3138 3150 3143 3415 
22689 3135 1059 1058 3380 
22690 3377 3153 3394 3147 
22691 3138 1060 3150 3415 
22692 1058 1057 3408 3142 
22693 970 3404 3384 1061 
22694 3141 3140 3374 3381 
22695 3374 3388 3140 3399 
22696 3374 3381 3140 3388 
22697 3140 3146 960 3388 
22698 966 3141 965 3392 
22699 3374 964 3140 965 
22700 3135 967 3380 966 
22701 3135 967 3147 3394 
22702 3141 3146 3140 3381 
22703 1059 3135 3143 3147 
22704 3143 1058 3403 3142 
22705 1059 3403 3143 1058 
22706 3141 3374 965 3392 
22707 959 3247 1007 3399 
22708 959 1007 170 3399 
22709 3140 3247 959 3399 
22710 3141 3381 3374 3392 
22711 3140 3146 3388 3381 
22712 170 964 959 3399 
22713 3151 3402 3407 3417 
22714 3407 3155 3417 3410 
22715 3151 3137 3156 3406 
22716 3136 3411 3409 3404 
22717 3144 3156 3142 3408 
22718 3409 3415 3403 3157 
22719 3144 3142 3403 3408 
22720 3394 3135 1059 3147 
22721 1058 3408 3403 3142 
22722 3149 3407 3409 3410 
22723 3140 960 3247 3388 
22724 3156 3146 3406 3137 
22725 3135 966 3380 3392 
22726 3138 3143 3377 3415 
22727 3136 3404 3409 3157 
22728 3141 965 3374 3140 
22729 960 3146 3245 3388 
22730 3247 3388 3245 1006 
22731 3156 3408 3406 1057 
22732 3156 3406 3146 1057 
22733 3414 3348 3401 184 
22734 970 1061 3414 3404 
22735 3414 184 3395 3348 
22736 3245 1006 3388 1005 
22737 3245 3243 1005 3391 
22738 3406 3402 3137 1056 
22739 3151 3137 3406 3402 
22740 970 3414 3136 3404 
22741 1058 3381 3141 3380 
22742 3156 3408 3407 3406 
22743 179 3384 3347 1046 
22744 3395 184 3396 3348 
22745 961 3243 3137 962 
22746 3245 3376 961 3391 
22747 961 3376 3146 3137 
22748 3381 1057 3146 3376 
22749 3140 959 964 3399 
22750 3144 3407 3149 3151 
22751 3140 3388 3247 3399 
22752 1059 3143 3403 3415 
22753 3406 3137 3146 3376 
22754 3245 3388 3376 3391 
22755 1056 3402 3378 1055 
22756 3151 3406 3407 3402 
22757 3394 3135 3380 1059 
22758 3378 3393 3243 3391 
22759 3378 3402 3241 1055 
22760 3137 3391 3376 3378 
22761 3375 3390 3242 3386 
22762 3375 3244 3242 3390 
22763 3378 3246 3243 3393 
22764 3378 962 3241 3402 
22765 3246 1004 3393 1003 
22766 3246 3393 1004 3243 
22767 3375 1054 3413 2845 
22768 3246 3242 1003 3386 
22769 3137 962 3402 3145 
22770 3347 3348 3414 3395 
22771 3137 3378 1056 3402 
22772 3374 3140 964 3399 
22773 1005 3243 1004 3391 
22774 3245 1005 3388 3391 
22775 970 969 3136 3414 
22776 3414 3411 3401 969 
22777 3350 3412 2839 968 
22778 3246 3375 3393 3378 
22779 3406 1056 3137 3376 
22780 3418 3383 1052 1051 
22781 3401 3148 968 969 
22782 3418 3385 3383 2843 
22783 3418 3385 1052 3383 
22784 3418 2843 2837 3385 
22785 3418 2839 2846 2843 
22786 3416 2846 3412 2840 
22787 3416 2844 3405 1053 
22788 3416 3385 1053 1052 
22789 3418 3416 2837 2846 
22790 3418 2839 3412 2846 
22791 3375 3242 3246 3386 
22792 3375 1055 3241 3413 
22793 3378 3243 3241 962 
22794 3405 3417 3139 3410 
22795 3375 1054 2845 3382 
22796 1004 3243 3393 3391 
22797 3136 3411 3149 3409 
22798 3141 3146 3381 3142 
22799 3245 3376 3388 3146 
$EndElements
