$MeshFormat
4.1 0 8
$EndMeshFormat
$PhysicalNames
5
2 1 "sphere_walls"
2 2 "inlet"
2 3 "outlet"
2 4 "outer_walls"
3 1000 "fluid"
$EndPhysicalNames
$Entities
53 75 36 1
45 0.653367023935 0.404527200765 0.782439849525 0 
46 0.653367023935 0.404527200765 0.6142291440909999 0 
47 0.53308481637 0.197341275614 0.367440283022 0 
48 0.53308481637 0.197341275614 0.209923565714 0 
49 0.7730937117509999 0.840918133612 0.7126242238379999 0 
50 0.7730937117509999 0.840918133612 0.549319551674 0 
51 0.406145288086 0.239228181591 0.80172251906 0 
52 0.406145288086 0.239228181591 0.6259413845480001 0 
53 0.77947105876 0.863882348867 0.417283747935 0 
54 0.77947105876 0.863882348867 0.246969000007 0 
55 0.844048515165 0.352413257282 0.493635312228 0 
56 0.844048515165 0.352413257282 0.310583248872 0 
57 0.381479890328 0.5282454348 0.598139571425 0 
58 0.381479890328 0.5282454348 0.433809437971 0 
59 0.406608917449 0.688567638892 0.24929365645 0 
60 0.406608917449 0.688567638892 0.05985971687800001 0 
61 0.5187875055359999 0.719575248996 0.7156623149769999 0 
62 0.5187875055359999 0.719575248996 0.5555821979909999 0 
63 0 0 1 0 
64 0 0 0 0 
65 0 1 1 0 
66 0 1 0 0 
67 1.491862189340054e-16 0.677830945616 0.335470708381837 0 
68 -1.040834085586084e-17 0.677830945616 0.102976828564163 0 
69 -1.179611963664229e-16 0.349694676678 0.3239588500186371 0 
70 6.938893903907228e-18 0.349694676678 0.120090099695363 0 
71 -1.387778780781446e-17 0.255098198896 0.6868739602892897 0 
72 -6.938893903907228e-17 0.255098198896 0.4725210251427103 0 
73 1 0 0 0 
74 1 0 1 0 
75 0.255561032155 0 0.3832094442487317 0 
76 0.751519743114 0 0.5247352308254563 0 
77 0.5578836200540001 0 0.7972373259802884 0 
78 1 1 1 0 
79 0.6903092780778989 0.374669048605 1 0 
80 0.5702328030853454 0.720323126604 1 0 
81 0.874019051223449 0.629324556256 1 0 
82 1 1 0 0 
83 0.3665086428605733 0.3193032506199999 7.632783294297951e-17 0 
84 0.8288467042522371 0.383092875425 1.179611963664229e-16 0 
85 0.8828832556261988 0.651078306967 2.775557561562891e-17 0 
86 0.26420348121 1 0.3614794036805369 0 
87 0.211711346721 1 0.658111399002854 0 
88 0.538536537859 1 0.63261441447424 0 
89 1 0.741012904832 0.4788160744965543 0 
90 1 0.694507435115 0.8823258572520449 0 
91 1 0.219943441316 0.763304823926087 0 
92 0.58705099692 0.374669048605 0.929513654692 0 
93 0.458669960743 0.720323126604 0.9196920685900001 0 
94 0.76275587548 0.629324556256 0.90738267374 0 
95 0.245717562709 0.31930325062 0.09117158068799999 0 
96 0.723490293832 0.383092875425 0.07573915306699999 0 
97 0.764156614542 0.651078306967 0.090109483612 0 
67 0.653366923535 0.404527100365 0.782439749125 0.653367124335 0.404527301165 0.782439949925 0 2 45 -45 
68 0.653282818482283 0.404442995312283 0.6141449386382829 0.7375565821047171 0.404611406217717 0.782524054977717 0 2 46 -45 
69 0.653366923535 0.404527100365 0.614229043691 0.653367124335 0.404527301165 0.6142292444909999 0 2 46 -46 
70 0.5330847159700001 0.197341175214 0.367440182622 0.53308491677 0.197341376014 0.367440383422 0 2 47 -47 
71 0.5330059579113461 0.197262417155346 0.209844707255346 0.6119220334826541 0.197420134072654 0.367519141480654 0 2 48 -47 
72 0.5330847159700001 0.197341175214 0.209923465314 0.53308491677 0.197341376014 0.209923666114 0 2 48 -48 
73 0.773093611351 0.840918033212 0.712624123438 0.7730938121509999 0.8409182340119999 0.7126243242379999 0 2 49 -49 
74 0.773011959314918 0.840836381175918 0.549237799237918 0.8548278002690819 0.840999886048082 0.7127059762740819 0 2 50 -49 
75 0.773093611351 0.840918033212 0.5493194512740001 0.7730938121509999 0.8409182340119999 0.549319652074 0 2 50 -50 
76 0.406145187686 0.239228081191 0.80172241866 0.406145388486 0.239228281991 0.80172261946 0 2 51 -51 
77 0.406057297418744 0.239140190923744 0.6258533938807441 0.494123846009256 0.239316172258256 0.801810509727256 0 2 52 -51 
78 0.406145187686 0.239228081191 0.6259412841480001 0.406145388486 0.239228281991 0.6259414849480001 0 2 52 -52 
79 0.77947095836 0.863882248467 0.417283647535 0.77947115916 0.863882449267 0.417283848335 0 2 53 -53 
80 0.779385801286036 0.863797091393036 0.246883742533036 0.8647136901979641 0.863967606340964 0.417369005408964 0 2 54 -53 
81 0.77947095836 0.863882248467 0.246968899607 0.77947115916 0.863882449267 0.246969100407 0 2 54 -54 
82 0.844048414765 0.352413156882 0.493635211828 0.844048615565 0.352413357682 0.493635412628 0 2 55 -55 
83 0.843956889033322 0.352321631150322 0.310491622740322 0.935666172974678 0.352504883413678 0.493726938359678 0 2 56 -55 
84 0.844048414765 0.352413156882 0.310583148472 0.844048615565 0.352413357682 0.310583349272 0 2 56 -56 
85 0.381479789928 0.5282453344 0.598139471025 0.381479990728 0.5282455351999999 0.5981396718249999 0 2 57 -57 
86 0.381397625161273 0.5281631696332729 0.433727172804273 0.463727222221727 0.528327699966727 0.598221836591727 0 2 58 -57 
87 0.381479789928 0.5282453344 0.433809337571 0.381479990728 0.5282455351999999 0.433809538371 0 2 58 -58 
88 0.406608817049 0.688567538492 0.24929355605 0.406609017849 0.688567739292 0.24929375685 0 2 59 -59 
89 0.406514100379214 0.688472821822214 0.05976489980821401 0.501420704304786 0.688662455961786 0.249388473519786 0 2 60 -59 
90 0.406608817049 0.688567538492 0.05985961647800001 0.406609017849 0.688567739292 0.05985981727800001 0 2 60 -60 
91 0.518787405136 0.719575148596 0.715662214577 0.5187876059359999 0.719575349396 0.7156624153769999 0 2 61 -61 
92 0.5187073653775069 0.719495108837507 0.5555020578325069 0.598907704187493 0.719655389154493 0.7157424551354929 0 2 62 -61 
93 0.518787405136 0.719575148596 0.555582097591 0.5187876059359999 0.719575349396 0.5555822983909999 0 2 62 -62 
94 -0.0005001001 -0.0005001001 -0.0005001001000000116 0.0005001001 0.0005001001 1.0005001001 0 2 64 -63 
95 -0.0005001001 -0.0005001001000000116 0.9994998999 0.0005001001 1.0005001001 1.0005001001 0 2 63 -65 
96 -0.0005001001 -0.0005001001000000116 -0.0005001001 0.0005001001 1.0005001001 0.0005001001 0 2 64 -66 
97 -0.0005001001 0.9994998999 -0.0005001001000000116 0.0005001001 1.0005001001 1.0005001001 0 2 66 -65 
98 -0.0001163470399088475 0.5614676586672541 0.1028604815242541 0.0001163470399089862 0.6779472926559088 0.3355870554217458 0 2 67 -68 
99 -0.0001163470399088475 0.6777145985760912 0.1028604815242541 0.0001163470399089862 0.7941942325647459 0.3355870554217458 0 2 68 -67 
100 -0.000102034475161755 0.2476582670412014 0.1199880652202014 0.000102034475161644 0.3497967111531617 0.3240608844937987 0 2 69 -70 
101 -0.000102034475161755 0.3495926422028384 0.1199880652202014 0.000102034475161644 0.4517310863147987 0.3240608844937987 0 2 70 -69 
102 -0.0001072765675733591 0.147814454755137 0.472413748575137 0.0001072765675732897 0.2552054754635733 0.686981236856863 0 2 71 -72 
103 -0.0001072765675733591 0.2549909223284267 0.472413748575137 0.0001072765675732897 0.362381943036863 0.686981236856863 0 2 72 -71 
104 -0.0005001001169638863 -0.0005001001169639385 -0.0005001001169639385 1.000500100116964 0.0005001001169639385 0.0005001001169639385 0 2 64 -73 
105 0.99949989988989 -0.0005001001101100275 -0.00050010011010998 1.00050010011011 0.0005001001101100275 1.00050010011011 0 2 73 -74 
106 -0.0005001001169638863 -0.0005001001169639385 0.9994998998830361 1.000500100116964 0.0005001001169639385 1.000500100116964 0 2 63 -74 
107 0.1379594985595706 -0.0001177173696977145 0.1481240944275706 0.3731625657504294 0.0001177173696977145 0.3833271616184294 0 2 75 -75 
108 0.6208522426024727 -0.0001307044810709923 0.2635309342834727 0.8821872436255274 0.0001307044810709923 0.5248659353065273 0 2 76 -76 
109 0.4375950937081311 -0.0001205680195806066 0.5567808413081311 0.678172146399869 0.0001205680195806066 0.797357893999869 0 2 77 -77 
110 -0.0005001001000000116 0.9994998999 0.9994998999 1.0005001001 1.0005001001 1.0005001001 0 2 65 -78 
111 0.99949989988989 -0.00050010011010998 0.99949989988989 1.00050010011011 1.00050010011011 1.00050010011011 0 2 74 -78 
112 0.4836893573809431 0.2713074090659431 0.9998966416188421 0.6904126364590568 0.4780306881440569 1.000103358381158 0 2 79 -79 
113 0.3469954554583122 0.6086486213193122 0.9998883370576577 0.5703444660276877 0.8319976318886878 1.000111662942342 0 2 80 -80 
114 0.6513813364608075 0.5179500172368076 0.9998886367242565 0.8741304144991925 0.7406990952751925 1.000111363275743 0 2 81 -81 
115 -0.0005001001000000116 0.9994998999 -0.0005001001 1.0005001001 1.0005001001 0.0005001001 0 2 66 -82 
116 0.99949989988989 -0.00050010011010998 -0.0005001001101100275 1.00050010011011 1.00050010011011 0.0005001001101100275 0 2 73 -82 
117 0.1248055913772751 0.1983912792882751 -0.0001208911801515733 0.3666295340407248 0.4402152219517249 0.0001208911801516496 0 2 83 -83 
118 0.6180284269013427 0.2776310084943427 -0.000105456510420237 0.8289521607626573 0.4885547423556572 0.000105456510420355 0 2 84 -84 
119 0.645311146716717 0.5322328391417169 -0.0001188267410841988 0.8830020823672831 0.769923774792283 0.0001188267410842265 0 2 85 -85 
120 0.99949989988989 0.99949989988989 -0.00050010011010998 1.00050010011011 1.00050010011011 1.00050010011011 0 2 82 -78 
121 0.1562167114747411 0.9998919472602781 0.1456139169497412 0.3721902509452588 1.000108052739722 0.3615874564202589 0 2 86 -86 
122 0.09683680179858384 0.9998850716884379 0.4284772374695838 0.3265858916434162 1.000114928311562 0.6582263273144161 0 2 87 -87 
123 0.4256731859469265 0.9998870820731667 0.4070006285769265 0.6513998897710734 1.000112917926833 0.6327273324010734 0 2 88 -88 
124 -0.0001163470399088498 0.6777145985760912 0.1028604815242541 0.09594453234373872 0.6779472926559088 0.3355870554217458 0 2 68 -67 
125 -0.000102034475161758 0.3495926422028384 0.1199880652202014 0.06720984649924021 0.3497967111531617 0.3240608844937987 0 2 70 -69 
126 -0.0001072765675733597 0.2549909223284266 0.472413748575137 0.07225484764831322 0.2552054754635733 0.686981236856863 0 2 72 -71 
127 0.9998778296080807 0.6189516593025264 0.2348157538295265 1.000122170391919 0.8630741503614736 0.4789382448884735 0 2 89 -89 
128 0.9998812603569852 0.5758021330639403 0.6450339927929404 1.000118739643015 0.8132127371660597 0.8824445968950597 0 2 90 -90 
129 0.9998749914896251 0.09497104572253814 0.5134850412495382 1.000125008510375 0.3449158369094618 0.7634298324364619 0 2 91 -91 
130 0.586947638538842 0.3745656902238421 0.929410296310842 0.6904126364590568 0.3747724069861579 1.000103358381158 0 2 92 -79 
131 0.58705089652 0.374668948205 0.929513554292 0.5870510973199999 0.374669149005 0.929513755092 0 2 92 -92 
132 0.4585582978006577 0.7202114636616577 0.9195804056476578 0.5703444660276877 0.7204347895463423 1.000111662942342 0 2 93 -80 
133 0.458669860343 0.720323026204 0.9196919681900001 0.458670061143 0.720323227004 0.9196921689900001 0 2 93 -93 
134 0.7626445122042566 0.6292131929802566 0.9072713104642566 0.8741304144991925 0.6294359195317435 1.000111363275743 0 2 94 -81 
135 0.76275577508 0.6293244558560001 0.9073825733400001 0.76275597588 0.629324656656 0.90738277414 0 2 94 -94 
136 0.2455966715288484 0.3191823594398484 -0.0001208911801514959 0.3666295340407248 0.3194241418001516 0.09129247186815156 0 2 83 -95 
137 0.245717462309 0.31930315022 0.091171480288 0.245717663109 0.31930335102 0.09117168108799999 0 2 95 -95 
138 0.7233848373215798 0.3829874189145798 -0.0001054565104201197 0.8289521607626573 0.3831983319354202 0.07584460957742023 0 2 84 -96 
139 0.7234901934320001 0.383092775025 0.075739052667 0.723490394232 0.383092975825 0.07573925346699999 0 2 96 -96 
140 0.7640377878009158 0.6509594802259158 -0.0001188267410841687 0.8830020823672831 0.6511971337080842 0.09022831035308419 0 2 85 -97 
141 0.764156514142 0.651078206567 0.090109383212 0.764156714942 0.651078407367 0.09010958401199999 0 2 97 -97 
25 0.5691279293700503 0.3202982728031044 0.6140555127322561 0.7376460080107439 0.4887561287268956 0.7826134808837438 1 1 4 -67 -68 69 68 
26 0.4542012121425973 0.1184671916483138 0.20976096660368 0.6120057741343201 0.2762153595796861 0.36760288213232 1 1 4 -70 -71 72 71 
27 0.6913115316190567 0.7591458235639761 0.5491509815306954 0.8549146179763045 0.9226904436600238 0.7127927939813046 1 1 4 -73 -74 75 74 
28 0.3181149643462449 0.151208482008693 0.6257599433008143 0.4942172965891857 0.327247881173307 0.8019039603071858 1 1 4 -76 -77 78 77 
29 0.6941782713057708 0.7785998551835032 0.2467931980530382 0.8648042346779619 0.9491648425504968 0.4174595498889618 1 1 4 -79 -80 81 80 
30 0.7523769503176022 0.2607527560447427 0.3103943067100635 0.9357634890049366 0.4440737585192573 0.4938242543899365 1 1 4 -82 -83 84 83 
31 0.299184164831557 0.4459596413660398 0.4336398099301584 0.4638145850958416 0.6105312282339601 0.5983091994658416 1 1 4 -85 -86 87 86 
32 0.3117413441520406 0.5937115149238074 0.0596641909754613 0.5015214131375387 0.7834237628601927 0.2494891823525387 1 1 4 -88 -89 90 89 
33 0.4386201648722884 0.6394175835250894 0.5554169543984041 0.5989928076215958 0.7997329144669106 0.7158275585695958 1 1 4 -91 -92 93 92 
34 -1.000000002396119e-07 -1.000000001138979e-07 -1.000000001138979e-07 1.000000002708369e-07 1.0000001 1.0000001 1 2 10 -94 96 97 -95 -98 -99 -100 -101 -102 -103 
35 -1.000000000583867e-07 -1.000000000555111e-07 -1.000000000583867e-07 1.0000001 1.000000000555111e-07 1.0000001 1 4 7 -104 94 106 -105 -107 -108 -109 
36 -1.000000000583867e-07 -1.000000000583867e-07 0.9999998999999999 1.0000001 1.0000001 1.0000001 1 4 7 -95 106 111 -110 -112 -113 -114 
37 -1.000000000583867e-07 -1.000000000583867e-07 -1.000000000589806e-07 1.0000001 1.0000001 1.000000001769418e-07 1 4 7 -96 104 116 -115 -117 -118 -119 
38 -1.000000000583867e-07 0.9999998999999999 -1.000000000583867e-07 1.0000001 1.0000001 1.0000001 1 4 7 -115 97 110 -120 -121 -122 -123 
39 -0.0001365523837470253 0.5614474533234159 0.1028402761804159 0.09596473768757689 0.677967497999747 0.335607260765584 1 1 2 124 98 
40 -0.0001365650698817306 0.6776943805461183 0.1028402634942812 0.09596475037371159 0.7942144505947187 0.3356072734517188 1 1 2 99 -124 
41 -0.0001144082209362657 0.2476458932954269 0.1199756914744269 0.06722222024501473 0.3498090848989362 0.3240732582395732 1 1 2 125 100 
42 -0.0001144107031561814 0.349580265974844 0.119975688992207 0.06722222272723463 0.4517434625427931 0.3240732607217931 1 1 2 101 -125 
43 -0.0001103967173469028 0.1478113346053635 0.4724106284253635 0.07225796779808677 0.2552085956133468 0.6869843570066365 1 1 2 126 102 
44 -0.0001103967173452375 0.2549878021786547 0.4724106284253651 0.0722579677980851 0.3623850631866349 0.6869843570066348 1 1 2 103 -126 
45 0.9999998999999999 -1.000000000583867e-07 -1.000000000583867e-07 1.0000001 1.0000001 1.0000001 1 3 7 -105 116 120 -111 -127 -128 -129 
46 0.1379338480417281 -0.0001433678875401856 0.1480984439097281 0.3731882162682719 0.08740953900674486 0.3833528121362719 1 1 1 107 
47 0.6208208328878586 -0.0001621141956850772 0.2634995245688587 0.8822186533401415 0.10619829388259 0.5248973450211414 1 1 1 108 
48 0.4375706449127861 -0.0001450168149255832 0.5567563925127861 0.678196595195214 0.08412364188464677 0.797382342795214 1 1 1 109 
49 0.4836884595744996 0.2713065112594997 0.9294093985043986 0.6904135342655002 0.4780315859505003 1.000104256187601 1 1 4 -112 -130 131 130 
50 0.3469999404373955 0.6086531062983955 0.9195848906267411 0.5703399810486044 0.8319931469096045 1.000107177963259 1 1 4 -113 -132 133 132 
51 0.6513868741333306 0.5179555549093307 0.9072768481367797 0.8741248768266694 0.7406935576026694 1.00010582560322 1 1 4 -114 -134 135 134 
52 0.124808515081443 0.198394202992443 -0.0001179674759837004 0.366626610336557 0.440212298247557 0.0912895481639837 1 1 4 136 -137 -136 117 
53 0.6180307014374504 0.2776332830304504 -0.0001031819743125828 0.8289498862265496 0.4885524678195496 0.07584233504131258 1 1 4 138 -139 -138 118 
54 0.6453136371024762 0.5322353295274762 -0.0001163363553249586 0.8829995919815238 0.7699212844065237 0.09022581996732496 1 1 4 140 -141 -140 119 
55 0.1561666684458571 0.9163143480954441 0.1455638739208571 0.3722402939741429 1.000158095768606 0.361637499449143 1 1 1 -121 
56 0.09680415911053726 0.9064429646030482 0.4284445947815372 0.3266185343314628 1.000147570999609 0.6582589700024627 1 1 1 -122 
57 0.4256700866161176 0.9085613346913579 0.4069975292461175 0.6514029891018824 1.000116017257642 0.6327304317318824 1 1 1 -123 
58 0.9123969243700912 0.6189306246148472 0.2347947191418472 1.000143205079599 0.8630951850491528 0.4789592795761529 1 1 1 -127 
59 0.9026740518233053 0.5757760717307125 0.6450079314597126 1.000144800976243 0.8132387984992875 0.8824706582282875 1 1 1 -128 
60 0.8975879253611578 0.09494373191824793 0.513457727445248 1.000152322314665 0.344943150713752 0.7634571462407521 1 1 1 -129 
1 -0.0001955259025387956 -0.0001955259025386846 -0.0001955259025386846 1.000195525902539 1.000195525902539 1.000195525902539 1 1000 36 -34 -35 36 -37 38 -39 -40 -41 -42 -43 -44 45 -46 -47 -48 -49 -50 -51 -52 -53 -54 -55 -56 -57 -58 -59 -60 -26 -30 -32 -29 -31 -28 -25 -33 -27 
$EndEntities
$Nodes
141 1283 1 1283
0 45 0 1
1
0.653367023935 0.404527200765 0.782439849525
0 46 0 1
2
0.653367023935 0.404527200765 0.6142291440909999
0 47 0 1
3
0.53308481637 0.197341275614 0.367440283022
0 48 0 1
4
0.53308481637 0.197341275614 0.209923565714
0 49 0 1
5
0.7730937117509999 0.840918133612 0.7126242238379999
0 50 0 1
6
0.7730937117509999 0.840918133612 0.549319551674
0 51 0 1
7
0.406145288086 0.239228181591 0.80172251906
0 52 0 1
8
0.406145288086 0.239228181591 0.6259413845480001
0 53 0 1
9
0.77947105876 0.863882348867 0.417283747935
0 54 0 1
10
0.77947105876 0.863882348867 0.246969000007
0 55 0 1
11
0.844048515165 0.352413257282 0.493635312228
0 56 0 1
12
0.844048515165 0.352413257282 0.310583248872
0 57 0 1
13
0.381479890328 0.5282454348 0.598139571425
0 58 0 1
14
0.381479890328 0.5282454348 0.433809437971
0 59 0 1
15
0.406608917449 0.688567638892 0.24929365645
0 60 0 1
16
0.406608917449 0.688567638892 0.05985971687800001
0 61 0 1
17
0.5187875055359999 0.719575248996 0.7156623149769999
0 62 0 1
18
0.5187875055359999 0.719575248996 0.5555821979909999
0 63 0 1
19
0 0 1
0 64 0 1
20
0 0 0
0 65 0 1
21
0 1 1
0 66 0 1
22
0 1 0
0 67 0 1
23
1.491862189340054e-16 0.677830945616 0.335470708381837
0 68 0 1
24
-1.040834085586084e-17 0.677830945616 0.102976828564163
0 69 0 1
25
-1.179611963664229e-16 0.349694676678 0.3239588500186371
0 70 0 1
26
6.938893903907228e-18 0.349694676678 0.120090099695363
0 71 0 1
27
-1.387778780781446e-17 0.255098198896 0.6868739602892897
0 72 0 1
28
-6.938893903907228e-17 0.255098198896 0.4725210251427103
0 73 0 1
29
1 0 0
0 74 0 1
30
1 0 1
0 75 0 1
31
0.255561032155 0 0.3832094442487317
0 76 0 1
32
0.751519743114 0 0.5247352308254563
0 77 0 1
33
0.5578836200540001 0 0.7972373259802884
0 78 0 1
34
1 1 1
0 79 0 1
35
0.6903092780778989 0.374669048605 1
0 80 0 1
36
0.5702328030853454 0.720323126604 1
0 81 0 1
37
0.874019051223449 0.629324556256 1
0 82 0 1
38
1 1 0
0 83 0 1
39
0.3665086428605733 0.3193032506199999 7.632783294297951e-17
0 84 0 1
40
0.8288467042522371 0.383092875425 1.179611963664229e-16
0 85 0 1
41
0.8828832556261988 0.651078306967 2.775557561562891e-17
0 86 0 1
42
0.26420348121 1 0.3614794036805369
0 87 0 1
43
0.211711346721 1 0.658111399002854
0 88 0 1
44
0.538536537859 1 0.63261441447424
0 89 0 1
45
1 0.741012904832 0.4788160744965543
0 90 0 1
46
1 0.694507435115 0.8823258572520449
0 91 0 1
47
1 0.219943441316 0.763304823926087
0 92 0 1
48
0.58705099692 0.374669048605 0.929513654692
0 93 0 1
49
0.458669960743 0.720323126604 0.9196920685900001
0 94 0 1
50
0.76275587548 0.629324556256 0.90738267374
0 95 0 1
51
0.245717562709 0.31930325062 0.09117158068799999
0 96 0 1
52
0.723490293832 0.383092875425 0.07573915306699999
0 97 0 1
53
0.764156614542 0.651078306967 0.090109483612
1 68 0 3
54
55
56
0.712816991022672 0.404527200765 0.6388415411836095
0.7374723765838003 0.404527200765 0.6983311097842108
0.7128156737076556 0.404527200765 0.757828768766392
1 71 0 3
57
58
59
0.5887565178955381 0.197341275614 0.2329724933251011
0.6118431749679512 0.197341275614 0.2886789530650558
0.5887553681406689 0.197341275614 0.3443925043633776
1 74 0 3
60
61
62
0.8308103622648123 0.840918133612 0.5732147042970195
0.8547460477705988 0.840918133612 0.6309686955160004
0.8308091230119589 0.840918133612 0.6887303095715781
1 77 0 3
63
64
65
0.4682698417352455 0.239228181591 0.65166048208948
0.4940358552642046 0.239228181591 0.7138282538372497
0.4682683986513193 0.239228181591 0.776004863479991
1 80 0 3
66
67
68
0.8396643797058891 0.863882348867 0.2718889897818627
0.8646284326532145 0.863882348867 0.332122901825016
0.8396630280859915 0.863882348867 0.3923651087610289
1 83 0 3
69
70
71
0.9087417639765556 0.352413257282 0.3373651840397511
0.9355745467551739 0.352413257282 0.402105270968529
0.9087401946072832 0.352413257282 0.4668549451589847
1 86 0 3
72
73
74
0.4395588424105604 0.5282454348 0.4578545123094594
0.4636449569914144 0.5282454348 0.5159712722013556
0.4395575870425401 0.5282454348 0.5740957515410114
1 89 0 3
75
76
77
0.4735567098975229 0.688567638892 0.08757446691187876
0.5013258871376766 0.688567638892 0.1545723929057903
0.4735550253764093 0.688567638892 0.2215805895265476
1 92 0 3
78
79
80
0.5753648906746258 0.719575248996 0.5790059120732342
0.5988275639701924 0.719575248996 0.6356191882728738
0.5753637020859618 0.719575248996 0.6922397886405939
1 94 0 9
81
82
83
84
85
86
87
88
89
0 0 0.0999967611692814
0 0 0.2000039264303027
0 0 0.299995895793551
0 0 0.399999228182763
0 0 0.5000000000000036
0 0 0.5999967611692839
0 0 0.7000039264303056
0 0 0.7999958957935545
0 0 0.8999992281827659
1 95 0 9
90
91
92
93
94
95
96
97
98
0 0.09999327188086636 1
0 0.200011966179924 1
0 0.299988033697664 1
0 0.4000059309711425 1
0 0.4999999999999993 1
0 0.5999932718808666 1
0 0.7000119661799241 1
0 0.7999880336976651 1
0 0.9000059309711435 1
1 96 0 9
99
100
101
102
103
104
105
106
107
0 0.09999912972336462 0
0 0.2000024296297087 0
0 0.299997602720805 0
0 0.4000026459054984 0
0 0.4999999882851073 0
0 0.5999991415005462 0
0 0.700002441420098 0
0 0.7999976145169203 0
0 0.9000026576733936 0
1 97 0 9
108
109
110
111
112
113
114
115
116
0 1 0.1000023714732135
0 1 0.2000039216297143
0 1 0.2999960783566277
0 1 0.4000000306980952
0 1 0.4999999999999998
0 1 0.600002371473214
0 1 0.7000039216297166
0 1 0.7999960783566276
0 1 0.9000000306980951
1 98 0 4
117
118
119
120
0 0.6094372656838701 0.3132219364525418
0 0.5672543889220649 0.2550870665349705
0 0.5672486877946459 0.1833780533413369
0 0.6094117532008574 0.1252441688386726
1 99 0 4
121
122
123
124
0 0.7462234435325393 0.1252247404625736
0 0.7884081758216327 0.1833625471020081
0 0.7883820090778787 0.2551655742931926
0 0.7461964841631732 0.3132424058664645
1 100 0 3
125
126
127
0 0.2775792525164129 0.2940660075835303
0 0.2477603053910317 0.2220525804406769
0 0.2775606827777981 0.1500015357084275
1 101 0 3
128
129
130
0 0.4218104605606389 0.1499833022222775
0 0.4516290506675097 0.2220399331920891
0 0.4218207443505777 0.2940553515813888
1 102 0 4
131
132
133
134
0 0.1920396184847611 0.6663601180974627
0 0.1531468123637694 0.6127536568256502
0 0.1531609420387457 0.5465977817519058
0 0.1920396184847607 0.4930348673345376
1 103 0 4
135
136
137
138
0 0.3181443221250176 0.4930258044476852
0 0.3570402574401391 0.5466125731714139
0 0.3570373344707818 0.6127914172302469
0 0.3181443221250189 0.666369180984314
1 104 0 9
139
140
141
142
143
144
145
146
147
0.09999067722800849 0 0
0.2000070342895555 0 0
0.2999918856793819 0 0
0.3999973772420518 0 0
0.4999990280530793 0 0
0.5999896982413587 0 0
0.7000060550010424 0 0
0.7999909073418385 0 0
0.8999963939248652 0 0
1 105 0 9
148
149
150
151
152
153
154
155
156
1 0 0.1000009376475032
1 0 0.2000022005818768
1 0 0.2999980228658787
1 0 0.400001678992151
1 0 0.5000000726330148
1 0 0.600000864694015
1 0 0.7000021274138876
1 0 0.7999979496815933
1 0 0.9000016060908667
1 106 0 9
157
158
159
160
161
162
163
164
165
0.09999976844937689 0 1
0.2000077312177592 0 1
0.2999922688342792 0 1
0.4000027273103293 0 1
0.4999999999999976 0 1
0.5999997684493765 0 1
0.7000077312177603 0 1
0.7999922688342834 0 1
0.9000027273103338 0 1
1 107 0 9
166
167
168
169
170
171
172
173
174
0.3246250361470903 0 0.360765674464182
0.3673091508743989 0 0.3019858684749966
0.3673248125136992 0 0.2295136897305814
0.3247711574093962 0 0.1707919372845046
0.2555524145160631 0 0.1482418121133276
0.1863951556121496 0 0.1707596941465794
0.1437815435540752 0 0.2295622072351761
0.1438286577870783 0 0.3020343541514128
0.1865268678294866 0 0.3607873512918294
1 108 0 10
175
176
177
178
179
180
181
182
183
184
0.8220987580799872 0 0.5040094440988394
0.8702458265701665 0 0.4484568187098971
0.8807458587884029 0 0.3757467100625315
0.8502445426555886 0 0.3087977961945181
0.7882970048844808 0 0.2689495300709966
0.7144818385016785 0 0.2690263582770101
0.6526548280261439 0 0.3089600415524714
0.6222687188685709 0 0.3759220060025792
0.6328583708996314 0 0.4485981945564182
0.6809434537778344 0 0.5040111958996857
1 109 0 9
185
186
187
188
189
190
191
192
193
0.6285895480608381 0 0.7742342273153014
0.6721959430461675 0 0.7141238008630366
0.6721427223294584 0 0.6398511495946286
0.6285632283007145 0 0.5798853608092546
0.5577288966996904 0 0.5569015089354883
0.4869797833853485 0 0.5800488329514241
0.4435593940564572 0 0.6400516751493165
0.4436334746101579 0 0.7143150717602388
0.4872207042467781 0 0.7742655123199796
1 110 0 9
194
195
196
197
198
199
200
201
202
0.09999761011967731 1 1
0.2000065614027666 1 1
0.2999934385906184 1 1
0.399998790478479 1 1
0.4999999999999978 1 1
0.5999976101196767 1 1
0.7000065614027672 1 1
0.7999934385906201 1 1
0.8999987904784836 1 1
1 111 0 9
203
204
205
206
207
208
209
210
211
1 0.1000063377184648 1
1 0.2000069944847329 1
1 0.2999974969265272 1
1 0.4000080081331243 1
1 0.5000014440293128 1
1 0.6000048804376695 1
1 0.700005541296653 1
1 0.7999960419897429 1
1 0.9000065572066006 1
1 112 0 8
212
213
214
215
216
217
218
219
0.6661436560972182 0.4410514550991917 1
0.6050425046550192 0.476347848150945 1
0.5353963266510067 0.4640785988056654 1
0.4900358718271048 0.4100291692339461 1
0.4900358718271057 0.3393089279760515 1
0.5353963266510096 0.285259498404333 1
0.6050425046550222 0.2729902490590556 1
0.6661436560972192 0.3082866421108094 1
1 113 0 8
220
221
222
223
224
225
226
227
0.5442089415600333 0.7919426110498282 1
0.4779834555138096 0.8302014989583488 1
0.4030326822294133 0.8170224597511557 1
0.3537967391823219 0.7583740817955318 1
0.3537967391823229 0.6822721714124657 1
0.4030326822294155 0.623623793456843 1
0.4779834555138112 0.6104447542496514 1
0.544208941560033 0.6487036421581713 1
1 114 0 8
228
229
230
231
232
233
234
235
0.8482179342899868 0.7005687193886804 1
0.7822705225518536 0.7388630098975346 1
0.706657271240605 0.7254101476779679 1
0.6581413253277486 0.6672097799317248 1
0.6581413253277488 0.5914393325802749 1
0.7066572712406068 0.5332389648340311 1
0.7822705225518551 0.5197861026144658 1
0.848217934289988 0.5580803931233211 1
1 115 0 9
236
237
238
239
240
241
242
243
244
0.09999253959932908 1 0
0.2000064556439643 1 0
0.2999934489071396 1 0
0.3999997727601212 1 0
0.4999999999999984 1 0
0.5999925395993289 1 0
0.7000064556439645 1 0
0.7999934489071386 1 0
0.8999997727601196 1 0
1 116 0 9
245
246
247
248
249
250
251
252
253
1 0.1000059672183014 0
1 0.2000075865783582 0
1 0.2999973358096576 0
1 0.4000078076037003 0
1 0.5000016265728835 0
1 0.600004324262974 0
1 0.7000059476987962 0
1 0.7999956969504695 0
1 0.9000061735432876 0
1 117 0 9
254
255
256
257
258
259
260
261
262
0.3433002922832447 0.3904938113217085 0
0.2831566223850189 0.4341457595387767 0
0.208625408506584 0.4342582728713483 0
0.1477873211963991 0.3900150094827766 0
0.1249264825574267 0.3193032506199996 0
0.1477873211963997 0.2485914917572225 0
0.2086254085065845 0.2043482283686514 0
0.2831566223850194 0.2044607417012235 0
0.3433002922832448 0.2481126899182916 0
1 118 0 8
263
264
265
266
267
268
269
270
0.804176590825546 0.4508401609359834 0
0.7419842198183788 0.4868134033751014 0
0.670732091100456 0.474287969926704 0
0.6245395811005928 0.4192692443221675 0
0.6245395811005922 0.3469165065278342 0
0.6707320911004548 0.2918977809232967 0
0.7419842198183795 0.2793723474748987 0
0.8041765908255462 0.3153455899140165 0
1 119 0 9
271
272
273
274
275
276
277
278
279
0.8600734761990554 0.7210495221415092 0
0.8009542546400222 0.7639585487560421 0
0.7276951879889551 0.7640675970650136 0
0.6679029519877647 0.7205854846397524 0
0.6454299734578012 0.6510783069670036 0
0.6679029519877606 0.5815711292942531 0
0.7276951879889497 0.538089016868988 0
0.8009542546400159 0.5381980651779559 0
0.8600734761990527 0.5811070917924871 0
1 120 0 9
280
281
282
283
284
285
286
287
288
1 1 0.0999942016781635
1 1 0.2000058701779945
1 1 0.2999938371748141
1 1 0.399996285664432
1 1 0.4999997094786143
1 1 0.5999939096234469
1 1 0.7000055774621603
1 1 0.7999935444589804
1 1 0.8999959922561027
1 121 0 8
289
290
291
292
293
294
295
296
0.3335114600039066 1 0.3362700380560283
0.3704147742660959 1 0.2724945695033955
0.3577677707039562 1 0.1999020711339982
0.3013094845551013 1 0.1523042795603815
0.2272914974859764 1 0.1522334186042208
0.1707410334507659 1 0.1997250109170286
0.1579603933126575 1 0.2723149554294824
0.1947960258962125 1 0.3361865373342955
1 122 0 8
297
298
299
300
301
302
303
304
0.2854529004110116 1 0.6312833061138903
0.3246888879371269 1 0.5634973721185025
0.3112295861711581 1 0.4862038198612921
0.2511523943602546 1 0.4355827081369603
0.1724957421257698 1 0.435500468255821
0.1122822465019259 1 0.4860488711719273
0.0987078032595672 1 0.5633510016225168
0.1379268526376879 1 0.6312472773706386
1 123 0 8
305
306
307
308
309
310
311
312
0.6110554746130296 1 0.6061985863890968
0.6495612244719216 1 0.5395154263992257
0.6362530322778435 1 0.4636132286508947
0.5771703287276245 1 0.4139390515677145
0.499910078014265 1 0.4139363780252273
0.4408363121179817 1 0.4635849768196559
0.427506172252561 1 0.5394833147580438
0.4660185663030469 1 0.6061993971224416
1 124 0 4
313
314
315
316
0.0575752665104701 0.677830945616 0.1320192626833571
0.09140348393660894 0.677830945616 0.1869599994815178
0.09140379930675792 0.677830945616 0.2514864238176348
0.05757599902639611 0.677830945616 0.3064276014129863
1 125 0 3
317
318
319
0.0488516749976029 0.349694676678 0.1609792468830335
0.0671573147335504 0.349694676678 0.2220229521836459
0.04885370795713838 0.349694676678 0.2830666177976316
1 126 0 3
320
321
322
0.05245786161591608 0.255098198896 0.5150699981555945
0.072201011252 0.2550981988959999 0.5796974927159996
0.05245786161591617 0.255098198896 0.6443249872764054
1 127 0 9
323
324
325
326
327
328
329
330
331
1 0.6693097008568615 0.455506551649892
1 0.6251257146225878 0.3948150698261392
1 0.624966880583382 0.3194275894638992
1 0.6690582408787353 0.2584307481313638
1 0.7409090759347217 0.2349379684256594
1 0.8128445197022242 0.2583409290571157
1 0.8570119391950191 0.3192822913238361
1 0.8569439754341989 0.3946807678805389
1 0.8127539393513484 0.4554790379357747
1 128 0 9
332
333
334
335
336
337
338
339
340
1 0.6248014862642769 0.8596760108529269
1 0.5817746917662588 0.8005374111113305
1 0.581655764813649 0.7273075326857915
1 0.6246135626726153 0.6679394024705493
1 0.694302881300257 0.6451529088568473
1 0.7641061532193467 0.6677247583300492
1 0.8072833905621006 0.7270738253017907
1 0.8073040500902289 0.8003411586474607
1 0.7642638801740463 0.8596393008736212
1 129 0 9
341
342
343
344
345
346
347
348
349
1 0.1465570802090757 0.7394589817072161
1 0.1012607617868641 0.6772039417338747
1 0.101132066606584 0.6001073742467944
1 0.1463568484569602 0.5376016813658233
1 0.2197273014219966 0.5136102368542924
1 0.293219651205568 0.5373759492911534
1 0.3386772164867727 0.5998677919214599
1 0.3386906288966973 0.6770057896372356
1 0.2933697037045392 0.7394299779278095
1 130 0 1
350
0.6494560792043481 0.374669048605 0.9487429256608816
1 132 0 1
351
0.5273033242602115 0.720323126604 0.9417870737688115
1 134 0 1
352
0.8350290807008675 0.629324556256 0.933475286757026
1 136 0 2
353
354
0.3410495699803294 0.31930325062 0.04734798568437915
0.2980625969385021 0.31930325062 0.07974431245084296
1 138 0 1
355
0.7882551307146288 0.383092875425 0.05492033608447698
1 140 0 1
356
0.8385861516748668 0.651078306967 0.06510329372492404
2 25 0 14
357
358
359
360
361
362
363
364
365
366
367
368
369
370
0.661154113436431 0.3564753165205311 0.7669208512329426
0.7133686360572176 0.3483190029319029 0.6806100674873884
0.7053727697352733 0.3483890235103606 0.7332288776441034
0.6538746575310181 0.3204259835240081 0.6989962538379331
0.6114677680626415 0.4351856179376182 0.7645026475261765
0.7128336197671244 0.4586568201772471 0.6736886322852242
0.6819238096069608 0.4432574990785255 0.7673140904591806
0.6538306351725444 0.4875097605473497 0.7120235505459379
0.5824281077952489 0.4496489870247508 0.7006593489103274
0.6354798476538347 0.4729406376951046 0.6528003236218303
0.5946725254913288 0.3933705346002555 0.6391382553041233
0.5849152475236762 0.3664573771880073 0.7289735763405474
0.6797070505462053 0.3533977087871382 0.6369692916518389
0.7170706954394265 0.4526180628083751 0.7248452791508915
2 26 0 12
371
372
373
374
375
376
377
378
379
380
381
382
0.5403970563503513 0.2265668424238438 0.3614505745477663
0.5829527606597172 0.2566606219786657 0.2746362012802201
0.5779280425779395 0.2480309700187013 0.328962428365513
0.5112149040219982 0.2710048269656493 0.3059523382028143
0.4691965822008303 0.2062725694575873 0.3338638298490322
0.5828571595694778 0.1418761015459468 0.2632023761791868
0.4894833817335192 0.1515727348372092 0.3356610115310773
0.4883683087541638 0.1325107165432298 0.2892401493104074
0.4617368626541583 0.220992329237015 0.2651664779347413
0.5033161150627903 0.1536041719110593 0.2303400934057099
0.5137830309447937 0.2468578355950397 0.2305576572765735
0.5767127854521468 0.1376642974158682 0.3158506130514652
2 27 0 14
383
384
385
386
387
388
389
390
391
392
393
394
395
396
0.7680015405083381 0.8989404685769742 0.6881958549803686
0.8299363935660364 0.7935385557237378 0.5964582801373738
0.7970054321888328 0.7883891099898875 0.6887303095718561
0.7302949493827188 0.8610899384199202 0.564425150659562
0.8317400059100857 0.8950094075396376 0.6135980495519897
0.7669085246320447 0.7595112612242469 0.6296420095677859
0.7183694101898301 0.8084191859710126 0.6821204283854099
0.6983668011503414 0.8160893020792184 0.6093727686895699
0.7031753752647297 0.882149023033489 0.6398343912484403
0.7716695847526309 0.9225224421814732 0.6285609392209618
0.819192366838747 0.8906468214744854 0.6764589803232801
0.7528874182957647 0.7862115825508501 0.5738229335797196
0.7970056453358809 0.8934484218157188 0.5732147042970193
0.8350254581026666 0.791891687965334 0.6516593334353297
2 28 0 14
397
398
399
400
401
402
403
404
405
406
407
408
409
410
0.4110956550362563 0.3002126114235467 0.7769282670501256
0.4655626528214873 0.1822425182765313 0.6830591918192093
0.4318835602739295 0.1826877340242001 0.7760048634802877
0.3493234763972597 0.264329157285957 0.6516549902494823
0.4682879900973351 0.2957939333834825 0.6880763286614097
0.455765365811222 0.2927569078919827 0.762793928476913
0.3969019131608031 0.3257730151253455 0.7260509378947582
0.3881265244990318 0.3054375887803459 0.6589102769295591
0.3360221607331954 0.2916155689400509 0.7058908895586632
0.3477675816132909 0.2617690738699059 0.7755466451503858
0.3198370911242059 0.2249087171382297 0.7054295778792409
0.3713536910404374 0.1803889164820155 0.6585848933389985
0.3841779525030742 0.1545547804835558 0.7223526985357395
0.4702154777707047 0.1844251575442937 0.7386591780220766
2 29 0 15
411
412
413
414
415
416
417
418
419
420
421
422
423
424
425
0.7873771960056729 0.8954813351048289 0.4108078546576179
0.8371364673702021 0.9200720105158837 0.3043919023869417
0.827957245890521 0.9186913023369894 0.3756791766077212
0.7580518130386146 0.9418361417227765 0.358888295287866
0.7536619892305024 0.9217975471542544 0.2752800893271106
0.7007199547603727 0.8957880682823163 0.3264635983374833
0.7260263920298394 0.847984246308189 0.267762593212128
0.8289375253443625 0.794624986838565 0.3292515124152073
0.7045889115043107 0.8234639348069976 0.3288409261025943
0.8044090581882871 0.8090994194521614 0.3923651087658818
0.7250591801464323 0.8728439418772262 0.3970171719080418
0.7577439403071693 0.7855464197699237 0.3067651264330922
0.7903189015357238 0.8105569178591282 0.2666244575457348
0.8433751658518553 0.8227587088639294 0.3705566962456712
0.7553194874202673 0.7858717278894672 0.3562681004412853
2 30 0 16
426
427
428
429
430
431
432
433
434
435
436
437
438
439
440
441
0.8286763642252197 0.2840085885718494 0.4609439025753127
0.9050149283806249 0.4109968050221006 0.367065324316046
0.8708512304338641 0.4112913333653785 0.4668549451589786
0.7929640056478053 0.3285527850407781 0.3300116715290637
0.9081657194097975 0.2902591825004752 0.3820376691895289
0.8957207452158197 0.2966699264480244 0.4530963003082814
0.8400445433903022 0.2610399209055589 0.4055583505967563
0.8458964522633814 0.2868190117064073 0.3383049346903996
0.91310722749604 0.4087941211317742 0.4228241765780795
0.844303296605195 0.4439306145549907 0.4008752307504483
0.7752636831364752 0.2982159994378731 0.4287235361230403
0.7897075923053928 0.4019682793915733 0.4565921068460742
0.7718441275753701 0.4044562177766396 0.3807768838144678
0.8271837284933115 0.4264784915219729 0.3510511321090445
0.754228945489016 0.3390174513156307 0.3907070105806168
0.7924850153582494 0.2831532798716972 0.3717567602011749
2 31 0 14
442
443
444
445
446
447
448
449
450
451
452
453
454
455
0.3664200741699788 0.4630142993226002 0.5636106159148918
0.4400181287043656 0.5828726723192246 0.4975289697623473
0.4055417397053101 0.5811041735307949 0.5740957515410053
0.3307736963435113 0.5022766721172764 0.4567663680393603
0.4395747173168076 0.4753645672525298 0.4918974800724408
0.3602150579217696 0.6076005353807346 0.5146810191709069
0.3267874619375935 0.5617862074708878 0.5673053242477836
0.305814418312806 0.5561473262956922 0.5002481260324306
0.3087431144184203 0.4901571548161813 0.5128531991368296
0.3723127012482659 0.4481144402890134 0.5002874223271766
0.4278679797333845 0.478204419485138 0.5617472054903737
0.3621442328283961 0.5884896786436911 0.4635544548791353
0.3920750712952739 0.4774747039655173 0.4522471697383801
0.4502213426167768 0.5621407379259202 0.5455856403311392
2 32 0 16
456
457
458
459
460
461
462
463
464
465
466
467
468
469
470
471
0.3859226829161734 0.748918488489778 0.2245849648825171
0.4749568766135157 0.6346640732213272 0.1172368091672112
0.3528643584327395 0.7136072439479195 0.08071299517600777
0.473042965630035 0.7537449555507852 0.1369772832399518
0.4054632831735381 0.6089517154551722 0.2058728524354307
0.4600823529674733 0.7462548138394572 0.2073411245542607
0.4027643332989055 0.7829317215294138 0.1617838668445011
0.4125139003601813 0.7606511950748858 0.09341790585298773
0.3478046334440815 0.7607655222509659 0.1372323450334832
0.3143328025284398 0.7048018360806877 0.1406887846536746
0.3338693271579609 0.6388985538334235 0.1197451153647075
0.3332486391942386 0.639055741368268 0.1883131053154438
0.401887610440246 0.5941296538024042 0.1490557630285557
0.3338364319422364 0.744430054007685 0.1781321594050173
0.3945008718296328 0.625314644065049 0.08512340566055805
0.4770103508252057 0.6317011809932853 0.1825257208167471
2 33 0 14
472
473
474
475
476
477
478
479
480
481
482
483
484
485
0.5262187035800652 0.7492762167351119 0.7095752197414177
0.5698802879283899 0.779582429287393 0.6216552645228433
0.5643604097220657 0.7710900067563924 0.6765581954679615
0.4985019205498142 0.7950385874509249 0.6529482645230306
0.4545876414069256 0.7302178470857792 0.6822218650153029
0.5753799604863828 0.6680620194565839 0.6121682122981633
0.4740425002901786 0.6741079154469399 0.6839649606807328
0.4636161914937929 0.6616246421803637 0.6376872601446616
0.4451463053799984 0.7447271760904172 0.6168935307776495
0.4804673956104146 0.6766920592071674 0.5799534845163261
0.5017890025446801 0.7730990372665647 0.5785901081044701
0.5584176304714278 0.6571855869656246 0.6663369798736184
0.5202033667435761 0.6435011631145985 0.6107799587256829
0.5292999075614581 0.6706516851884977 0.5731531819623515
2 34 0 87
486
487
488
489
490
491
492
493
494
495
496
497
498
499
500
501
502
503
504
505
506
507
508
509
510
511
512
513
514
515
516
517
518
519
520
521
522
523
524
525
526
527
528
529
530
531
532
533
534
535
536
537
538
539
540
541
542
543
544
545
546
547
548
549
550
551
552
553
554
555
556
557
558
559
560
561
562
563
564
565
566
567
568
569
570
571
572
0 0.4185325582832687 0.5744915850019947
0 0.9006294079309389 0.6482603952323102
0 0.6459305073649786 0.9177629232962972
0 0.6351619099375169 0.3909601615485134
0 0.4580071310538915 0.914842891153542
0 0.2058163781644515 0.7311874781781457
0 0.7370089131588229 0.3867093122675295
0 0.6805678070419076 0.4761657138797368
0 0.383987097979368 0.486143535256274
0 0.4317113259572315 0.6630222398227268
0 0.293908549452324 0.7392305878227786
0 0.2009190188548982 0.4308260054761386
0 0.8217672438528676 0.317376820553845
0 0.1941792523911911 0.1625156748254024
0 0.9198862216511555 0.8529034175523463
0 0.1909725162623744 0.2823493310950476
0 0.5119810862708155 0.6178548767361642
0 0.5145432224011557 0.7140525522176131
0 0.6029098771430219 0.6626954580022997
0 0.7889660460679858 0.4756233355795794
0 0.1471426731428236 0.9174119220132366
0 0.5384251854116217 0.3623563353883236
0 0.8505688731029408 0.2192867183131661
0 0.816396624149194 0.1211269708700887
0 0.1226788704985756 0.4913241785689133
0 0.7326566980824525 0.5621317356837486
0 0.133186101570864 0.6702065283515739
0 0.3066577163618436 0.4255386084867528
0 0.5367358351316698 0.10581976328026
0 0.6034651792334009 0.7631392967616393
0 0.6924237977838257 0.7166605601170213
0 0.2636647006083002 0.8231343752545702
0 0.4248072740709341 0.37466281961607
0 0.5728087795763537 0.4683264978622118
0 0.09004183599921919 0.3315762044216455
0 0.9000444847023912 0.4642139088734765
0 0.3564124245386253 0.7966231729899823
0 0.09117503511024277 0.7477840758200485
0 0.1000041368614742 0.2292962354483142
0 0.09387062955977815 0.580155646314886
0 0.8387022239130677 0.5599509760713608
0 0.5123030790579257 0.8206687369335559
0 0.1041803297920565 0.1166641356355418
0 0.496769508230593 0.2829010444650751
0 0.6924637433402678 0.829457435564726
0 0.7809331501838348 0.765776511963981
0 0.7887162486524443 0.8702541362563102
0 0.7813712830467263 0.6564884913244305
0 0.9145041319807484 0.3544985607460359
0 0.918276035862265 0.7547416086131791
0 0.5499966359404331 0.9141179743408381
0 0.6089338130225113 0.5643265539173066
0 0.4773922997525027 0.4468635652408418
0 0.3519393790468808 0.8982710468925905
0 0.9121725994751514 0.1432189480574724
0 0.2460771280270708 0.9151138287672227
0 0.4413907624489379 0.06989548952989555
0 0.2594158420176185 0.07650359197091736
0 0.9262881746558644 0.5522891166516402
0 0.4368006358892598 0.7570152167312525
0 0.5069079885511869 0.1998681938393349
0 0.07790664718792138 0.8530712601821046
0 0.9304918595713128 0.249999999993171
0 0.8485024919728118 0.925842428332017
0 0.8355862727693479 0.4038291544383092
0 0.7295490215044746 0.06023678517311583
0 0.2534492226724164 0.3641542024158326
0 0.6377063723202583 0.06436538103805521
0 0.4872822789502759 0.529390806606888
0 0.1719637603734683 0.8312838233692212
0 0.6791029050315105 0.6319682823784477
0 0.7297128606793862 0.9251103455011981
0 0.1669965387702017 0.357433101461961
0 0.6008318289874013 0.8490292733794114
0 0.07968625722930103 0.4252405464276816
0 0.9274911542873382 0.9274895324095502
0 0.1715553967107879 0.07113668048637233
0 0.0724814176134346 0.9275165187496839
0 0.3500001243131518 0.04963553701657585
0 0.3686354445190358 0.7093332911214636
0 0.9309766232104137 0.06684349332061576
0 0.8451103955010567 0.7171233815484237
0 0.4266367878037258 0.8371714099764551
0 0.06364635324817698 0.6596293876172197
0 0.8456160983053455 0.81604879129368
0 0.8495269966028712 0.05597129882972948
0 0.05104486487885527 0.0541652242012058
2 35 0 81
573
574
575
576
577
578
579
580
581
582
583
584
585
586
587
588
589
590
591
592
593
594
595
596
597
598
599
600
601
602
603
604
605
606
607
608
609
610
611
612
613
614
615
616
617
618
619
620
621
622
623
624
625
626
627
628
629
630
631
632
633
634
635
636
637
638
639
640
641
642
643
644
645
646
647
648
649
650
651
652
653
0.3794299690147102 0 0.6772473819367048
0.3095252146365539 0 0.4317842959791106
0.8089302742865486 0 0.5817942321152723
0.3922174278644999 0 0.3765736552317402
0.2016258478855498 0 0.4317837378052046
0.4297865517137137 0 0.2661889041635866
0.4171423920249869 0 0.7891715920370157
0.3108650331834498 0 0.7550809460968512
0.6972972485468805 0 0.7913953592809966
0.6490008089123588 0 0.2354743027107349
0.08269129913100762 0 0.6345056708240642
0.7506777925401188 0 0.1980894989705439
0.3968859714144696 0 0.1633122552544249
0.1526190812413019 0 0.9111987435305935
0.8538422811233121 0 0.919015704428688
0.9134010776438531 0 0.7500000385477403
0.5630006902463107 0 0.4199645947896069
0.2567421386126701 0 0.5283071386482069
0.8548734045499486 0 0.2345219479151118
0.4103076789813451 0 0.5789422620786113
0.5461925755570767 0 0.07599911795491757
0.6122307616455177 0 0.849765417129412
0.5026823858182184 0 0.8468722497833046
0.5795065616932809 0 0.3161420135099612
0.7557441731552339 0 0.7226900654015813
0.1103810853511129 0 0.1635336953970953
0.3312287930414382 0 0.9196532317450676
0.8513442547071711 0 0.08346370801975846
0.4539821432770845 0 0.5061244051987825
0.1460270809235281 0 0.5354633005718561
0.1143671913781795 0 0.368336976611306
0.6784800582739711 0 0.1421007996877092
0.2763184699016485 0 0.6542684440688824
0.2087539811780692 0 0.742184408296784
0.8942661946828141 0 0.5179157772661224
0.562170587274344 0 0.2295386529266138
0.7038434507875779 0 0.8840131758037173
0.309644034630093 0 0.09971513296783847
0.2479943179146806 0 0.8409837767802629
0.1972623103451804 0 0.09128085310902902
0.8080334906621193 0 0.8173524265194576
0.9024696170502938 0 0.6288680628302754
0.08217490310028855 0 0.2644695388205326
0.1014631835699892 0 0.7403600572054995
0.7157416204653201 0 0.5777631780750794
0.4499982026475656 0 0.08263837652465549
0.9143730958132761 0 0.1541457877981659
0.5990743295561176 0 0.4994997846329828
0.9191938758013636 0 0.8505929442920916
0.08070834365622395 0 0.8481222925036347
0.9216337979593465 0 0.3253963344401642
0.4904592844036072 0 0.3537836471588937
0.7515293520373469 0 0.0896359647222978
0.4354879378807149 0 0.9015827491457932
0.1786660255528188 0 0.6391815032692154
0.5480170861162619 0 0.9207245727036814
0.0847539956829997 0 0.4601881782827495
0.2463684384498918 0 0.9343671504111848
0.3312713967361689 0 0.5842983454706477
0.839010221847861 0 0.6924208247116763
0.7480699565301675 0 0.6457263767167403
0.9315775138311 0 0.4232115618030119
0.08368596431655698 0 0.08368695650292217
0.3721979160059442 0 0.4897827389369851
0.06269447514750708 0 0.5460307821695914
0.1574704002512699 0 0.8098775011303181
0.4980219248691671 0 0.1789623565021758
0.632819759643299 0 0.9309006331273623
0.5248885168872431 0 0.4926685568563739
0.3482053199337093 0 0.838379949779899
0.8221759186168435 0 0.1567574016785021
0.5959446674901768 0 0.1532397893740084
0.9273027446020131 0 0.07269652679021438
0.07269739687478273 0 0.9273023291790773
0.9273034965503233 0 0.9273031904375815
0.6476301170016231 0 0.06814495380014098
0.9381760596645142 0 0.2428128587202395
0.4588827373656821 0 0.4313098844468309
0.7750606043159766 0 0.9271687047752029
0.5100421065611085 0 0.2726077675564684
0.3772686511313876 0 0.07019797844346573
2 36 0 83
654
655
656
657
658
659
660
661
662
663
664
665
666
667
668
669
670
671
672
673
674
675
676
677
678
679
680
681
682
683
684
685
686
687
688
689
690
691
692
693
694
695
696
697
698
699
700
701
702
703
704
705
706
707
708
709
710
711
712
713
714
715
716
717
718
719
720
721
722
723
724
725
726
727
728
729
730
731
732
733
734
735
736
0.425922635061292 0.3607287811507685 1
0.3279382868860743 0.6105724826332303 1
0.4652285850659712 0.2679267893659248 1
0.08869786115634559 0.2464259344447257 1
0.2833997394185779 0.7017441249299883 1
0.7356824247901624 0.3205617769640818 1
0.08654420042027987 0.4574913187624109 1
0.6661606534209 0.2377232962355097 1
0.5596174111980439 0.2189427820086559 1
0.3615060879031048 0.2896559692271237 1
0.7623841697052289 0.2247981774032068 1
0.3368711302646836 0.3847778465894587 1
0.2495347002777724 0.09444781270919236 1
0.722128817213112 0.812548887866457 1
0.4089768007730246 0.550606302373817 1
0.2538174238530947 0.8990748792953425 1
0.2131369800991042 0.6300397399097399 1
0.9115885346573482 0.8492328906794213 1
0.8483020975599666 0.4820035886865725 1
0.1821699991871853 0.7328294473181639 1
0.4000824282721498 0.1882338178894549 1
0.262186810799077 0.2997970994221732 1
0.9123230418197132 0.3444214322658451 1
0.569091156188425 0.534025998716387 1
0.08369459726038095 0.8547464646919308 1
0.5445463782355011 0.8624569586908942 1
0.9232329433208786 0.1504650353759361 1
0.234273665038682 0.526019683555866 1
0.6530576494940185 0.08214519173396942 1
0.7407640044129264 0.4310954447610644 1
0.619245165258721 0.778670194012403 1
0.2348548769594216 0.4092572512701622 1
0.4363807104908167 0.8945746103670673 1
0.09485264729665337 0.6464449441830884 1
0.6418693832031881 0.8998085622267009 1
0.3418963402901798 0.8468856568644014 1
0.4473328342270895 0.08858459955545873 1
0.1436311643061182 0.5522820585412384 1
0.7549773937053454 0.9134954733593209 1
0.8570790572008118 0.7808495149449604 1
0.55175058294792 0.1031077807294617 1
0.749272849247277 0.07818002022382908 1
0.9134056847482361 0.2500022457056301 1
0.3490239696520882 0.09769924749303478 1
0.1503861138177171 0.08261923746172389 1
0.184798503972983 0.1983158453825176 1
0.0809763007998512 0.3504885602034212 1
0.08885666647113211 0.7555504863199094 1
0.3011887501461958 0.1946916320205827 1
0.4215829643374226 0.4578445360818834 1
0.9228177479009813 0.5713580519792706 1
0.8299309050242221 0.3866556728170588 1
0.8511570735564099 0.9222086094445743 1
0.150002085761222 0.9199296111114155 1
0.1698978843054362 0.8257507151866937 1
0.8487243786314816 0.09293440852357039 1
0.08006666735889327 0.1500026190303952 1
0.9287504967719089 0.6613603507557408 1
0.1658161760427341 0.3087799560153794 1
0.3464173407406377 0.9281070293053623 1
0.3328297606215975 0.483092156793515 1
0.6351502988594228 0.5342380259394715 1
0.4839144674830695 0.1700782165111349 1
0.9290151390996512 0.4500047260812185 1
0.6032094700099371 0.6247905164193218 1
0.7069637760423566 0.1556732828742857 1
0.06313208905131269 0.5499966359404331 1
0.1688802269073634 0.4688162991337901 1
0.8337362324078562 0.2877411010924061 1
0.6275100146206478 0.1595184667163765 1
0.9258280550076692 0.7575985633392812 1
0.8486911683595749 0.2000073013986143 1
0.9273005382712874 0.927302658561231 1
0.9273033087451535 0.07269916631442708 1
0.07269861764809164 0.9273023490286617 1
0.07269972088468611 0.0726979474100982 1
0.4904936550498264 0.5180600910277797 1
0.8158700472878341 0.8486825995829941 1
0.5472233006465714 0.9372795912958217 1
0.2632154531137906 0.7936136989417003 1
0.5354569123377693 0.5874062158058992 1
0.1450972278123152 0.3990311835392734 1
0.7832072683971838 0.1503186380847013 1
2 37 0 84
737
738
739
740
741
742
743
744
745
746
747
748
749
750
751
752
753
754
755
756
757
758
759
760
761
762
763
764
765
766
767
768
769
770
771
772
773
774
775
776
777
778
779
780
781
782
783
784
785
786
787
788
789
790
791
792
793
794
795
796
797
798
799
800
801
802
803
804
805
806
807
808
809
810
811
812
813
814
815
816
817
818
819
820
0.3522539537616862 0.9311159630139756 0
0.3521040558828074 0.4658517642230669 0
0.5999882220431486 0.2794032566011176 0
0.596471481112824 0.7052940661090286 0
0.06717712294996173 0.6489126471837755 0
0.602596943829296 0.5877741675392195 0
0.2449055054511084 0.5002111944849751 0
0.3250665633794612 0.571520792500647 0
0.4163255928052877 0.374922014326226 0
0.8042341471307354 0.2434987954806644 0
0.6955860645756818 0.2243569927158897 0
0.6605380057296206 0.7935642159226433 0
0.4581946603408964 0.08172620011509404 0
0.08258119568495415 0.8513951038684709 0
0.554809733834604 0.802917020619366 0
0.4827041492473856 0.7200370264341744 0
0.4163255928052876 0.2636844869137739 0
0.7644190249567779 0.8273666166848401 0
0.1402987027235715 0.1743437400249842 0
0.1466375008358077 0.4711634184201704 0
0.4574059701856668 0.4734602047703244 0
0.5983194866754459 0.1653510943800025 0
0.855410645942472 0.8063929711538608 0
0.2475865477477056 0.1398078269267401 0
0.5670668579005966 0.3793509700507217 0
0.8499936506333519 0.086597542725942 0
0.893641972403294 0.4627753774092384 0
0.87716779299493 0.3146928847279088 0
0.3510321534147959 0.174200769801069 0
0.23321297968063 0.6053808651437866 0
0.3072013545041019 0.6725637700930359 0
0.2103709183469221 0.7100345579434167 0
0.2833813088859299 0.7781766909132377 0
0.4595247356909359 0.8173119227922589 0
0.5916095519808988 0.4827056341022686 0
0.6926212407985542 0.1194320933888602 0
0.8499966108336291 0.9134029933060572 0
0.6536966092789979 0.8929755053524011 0
0.4026732909121836 0.6454711243852481 0
0.5461105529131375 0.9066606524421369 0
0.1771559875025115 0.8204920339466781 0
0.5122083748150011 0.2242053606612615 0
0.2605810515440624 0.8963789473091751 0
0.09999525201535812 0.7393423512880367 0
0.08641619820994 0.5509830728310412 0
0.5497503170803019 0.08446757017135657 0
0.9102857588865861 0.2295805223924746 0
0.3852506127017256 0.7369913973157193 0
0.07511872235546893 0.2641493041754436 0
0.4499998863800598 0.9172402471938438 0
0.1534201483324843 0.0854238341789148 0
0.3494508074028395 0.09015946857386604 0
0.7525874363102301 0.9249121684198487 0
0.06778973491636917 0.3539115216666376 0
0.148835591210186 0.9159280761207897 0
0.5047442729103178 0.6246690538088684 0
0.4926668274011334 0.3193032506199999 0
0.9355134296846833 0.5500029754179288 0
0.9245071056364851 0.7416102460001881 0
0.8588719447505186 0.5165847341467188 0
0.3640542439678263 0.8401249040897776 0
0.9275104762839114 0.849426470995383 0
0.9305469124449226 0.1500067768983298 0
0.4347010887257069 0.1668809017557342 0
0.5187598604011724 0.542531411823465 0
0.4228737428137845 0.5527310097211466 0
0.6670868244509567 0.5252068868510891 0
0.7659599655268884 0.07738493042664615 0
0.77636012823569 0.1534250182663219 0
0.06335105158252143 0.1500007796765366 0
0.1747707447601287 0.5544601222033742 0
0.8520710164210349 0.170984844805244 0
0.2499994599844687 0.06110462137147397 0
0.628009146616782 0.07390667641174939 0
0.9274845505058981 0.07251609851797891 0
0.07027233222705791 0.07124560570266214 0
0.07269631728629473 0.9273023716004144 0
0.9521101683785234 0.6500051359808853 0
0.06700073498968513 0.4471159220289265 0
0.9264886192524001 0.3830928754250003 0
0.5001505696506638 0.4050710657037845 0
0.9351484952908823 0.9351507450184354 0
0.1538255853905041 0.6396080852875816 0
0.5104045595858318 0.1459641096852522 0
2 38 0 83
821
822
823
824
825
826
827
828
829
830
831
832
833
834
835
836
837
838
839
840
841
842
843
844
845
846
847
848
849
850
851
852
853
854
855
856
857
858
859
860
861
862
863
864
865
866
867
868
869
870
871
872
873
874
875
876
877
878
879
880
881
882
883
884
885
886
887
888
889
890
891
892
893
894
895
896
897
898
899
900
901
902
903
0.6571528818084125 1 0.392269821444572
0.4269569102742978 1 0.2252459221657732
0.7499999999966936 1 0.9134088243102446
0.6880576600983261 1 0.6062039639637306
0.4639722743007144 1 0.6913310016708554
0.271794058728175 1 0.7084992847379907
0.7086156794939138 1 0.4900434222940163
0.7512502885941732 1 0.08735096987651783
0.6187507211158543 1 0.682179828407625
0.9314696365877073 1 0.3476062378723787
0.9042761480963075 1 0.7371530919880841
0.5505099520863115 1 0.9314045072046693
0.07201435184533894 1 0.8482843371109354
0.3508820419766857 1 0.9095556861117817
0.7905477922276039 1 0.5655552752290256
0.5865091027925878 1 0.3265155923260238
0.6813303704955734 1 0.2927204731552444
0.5982927396915773 1 0.2369955177341761
0.7014693668199548 1 0.7122225823846471
0.9160597649319061 1 0.1454629081857299
0.1576699806225907 1 0.7129443606091143
0.4057771765882999 1 0.3269571957057085
0.1579265225936233 1 0.1270517327897196
0.7455376437434016 1 0.3734714018382655
0.7797203493227822 1 0.2686132166875846
0.1192997828722092 1 0.3412965816061874
0.3922021164938382 1 0.1384061239388276
0.2122363063614418 1 0.8074807305262893
0.3637752350333301 1 0.6313697010563817
0.5404187049518171 1 0.09132161474495418
0.6322869728759681 1 0.7834681780166401
0.380831457037786 1 0.7418230050936077
0.469958130708978 1 0.7919147737895729
0.9054544080492726 1 0.5524062449412667
0.08696430973040181 1 0.2428497841309673
0.6951779648319321 1 0.1839607190338195
0.8109902039197078 1 0.4596935475758887
0.8526294440966662 1 0.6442777300867686
0.2476261553152926 1 0.08043884266243823
0.3724403342037232 1 0.415022937650018
0.6499994976216465 1 0.08659367784793699
0.6436959166982021 1 0.8961371287012423
0.9171740272601143 1 0.8473945651315745
0.8223291053571453 1 0.8171502422490129
0.4602018616589661 1 0.8994284824050087
0.9133154718017205 1 0.4455622266851808
0.8947776349554261 1 0.2528196508170522
0.253484602432822 1 0.9057675341594448
0.7222827987865078 1 0.8099823850702828
0.1495144763492497 1 0.8973297684978211
0.8499966108336291 1 0.0800677852302959
0.810165400515774 1 0.1698593475361216
0.8499961145345519 1 0.9199300464950801
0.4671820362159838 1 0.1370239850552311
0.4964435990224377 1 0.2955800451234996
0.309489462014624 1 0.8078575386414837
0.08366658964911661 1 0.4361498248718876
0.394272590679408 1 0.8301158972082909
0.3753402585365103 1 0.4935584842415024
0.7940067531484062 1 0.7223801619739705
0.07117074771500576 1 0.750617605960552
0.06117562126633236 1 0.6500031465514655
0.08069389025856001 1 0.1563612317232157
0.5198942516844346 1 0.1946372826950285
0.8345565195490304 1 0.3432279902742003
0.5511803628635343 1 0.8417798139966216
0.2141808569585255 1 0.3908703424798057
0.4522127994926792 1 0.3849353021107016
0.5457808332873415 1 0.7372146683925923
0.4478219710572355 1 0.06304574490758515
0.9345276514489818 1 0.6476908630267619
0.06841569520444134 1 0.9282309867330053
0.9273008870352903 1 0.07269746800537673
0.9273021582876753 1 0.9273013942701959
0.7640727381318944 1 0.6469610897566666
0.3065074511898085 1 0.4069117814769672
0.07189047529993375 1 0.06966863798992753
0.3486839065582668 1 0.06754523577180849
0.6003856922266328 1 0.1522056702534439
0.1499994976216467 1 0.05393190780724125
0.1325211725787254 1 0.8033313605409425
0.05906375115870362 1 0.5165464911281662
0.5303313176342426 1 0.36630578342026
2 39 0 4
904
905
906
907
0.08400269074020049 0.6261464360361857 0.2181196831441589
0.05521068004727414 0.6216797489854039 0.1497623571238829
0.05131327514040719 0.6230863406603746 0.2938670609592952
0.0452091390825399 0.5808605440526265 0.2137908606286761
2 40 0 4
908
909
910
911
0.08226981146816022 0.7329553990581207 0.2192232562907819
0.05663523192033951 0.7346478941294771 0.2865005947577816
0.05906123724091999 0.7356313191260554 0.1557928611988223
0.04698710180014033 0.7735946017651363 0.2234755024721746
2 41 0 2
912
913
0.04867521098220026 0.2931210292250678 0.2456592800964212
0.04683659111206848 0.2942496779503792 0.1900613847863127
2 42 0 2
914
915
0.04977263013119139 0.4067666397462043 0.2392825314258238
0.04398926753112738 0.4026909887994302 0.1796557435451529
2 43 0 3
916
917
918
0.04804616799357844 0.1843631018147391 0.5796823850036436
0.0438976655109406 0.2016657596783079 0.5259356441807702
0.04479801199054106 0.2029322070574465 0.6332323410310969
2 44 0 3
919
920
921
0.0480603711878419 0.3258149224512522 0.5797006161131965
0.04065569683131039 0.3114339529920108 0.6356212851768706
0.04479387031421171 0.3072608209816653 0.5261525350476332
2 45 0 82
922
923
924
925
926
927
928
929
930
931
932
933
934
935
936
937
938
939
940
941
942
943
944
945
946
947
948
949
950
951
952
953
954
955
956
957
958
959
960
961
962
963
964
965
966
967
968
969
970
971
972
973
974
975
976
977
978
979
980
981
982
983
984
985
986
987
988
989
990
991
992
993
994
995
996
997
998
999
1000
1001
1002
1003
1 0.2633364243444062 0.4493236246610275
1 0.6000969555034592 0.4680447436951574
1 0.3519580809571244 0.08742679712741186
1 0.5905343015228253 0.241623886832238
1 0.5303767840189751 0.4101196615304941
1 0.08659892237025975 0.2500001117238778
1 0.5517378773415994 0.6604336023620574
1 0.3700899756593992 0.7474661406352527
1 0.1580693572694246 0.4590706934752307
1 0.3857485062067563 0.5397159675162827
1 0.1626223638266771 0.8148649318292942
1 0.6860265631861098 0.1786436771189155
1 0.7987291526280826 0.181975396799283
1 0.2773172680911527 0.8149086549715221
1 0.8370374669011815 0.6600467967996344
1 0.2175225497584118 0.3679989152115202
1 0.3195252670958933 0.3630993327340247
1 0.2702526207240177 0.277728439657033
1 0.3745694717679159 0.2738380925478233
1 0.4616901236531482 0.9132767152568952
1 0.8371361720497204 0.8672630283395271
1 0.1509663137756546 0.09911996001048919
1 0.9134024824434693 0.5499968095510305
1 0.5533712557009856 0.08564727612146328
1 0.5210565279154626 0.7595884340036763
1 0.7487467175496957 0.5960047286100574
1 0.4054873883106627 0.6384251752916271
1 0.8691837892035705 0.7578169831356184
1 0.6397299355261387 0.5962099378841302
1 0.4662745142753846 0.5505482593647931
1 0.890422082195205 0.2507950842075785
1 0.5531845591101887 0.8707302999179753
1 0.1049725307346425 0.361013752024836
1 0.9111102464315044 0.1459675660235546
1 0.4362137690316123 0.3633094128749565
1 0.4826204755655787 0.2599471654706419
1 0.4231734967552436 0.180287326309028
1 0.7500008223246328 0.08659366296998509
1 0.2500022457056301 0.9134056847482361
1 0.9221137339540333 0.3570402426232798
1 0.3176907229793106 0.1848758472947032
1 0.2172100210192425 0.1884910120044025
1 0.6500051359808853 0.08659709075169242
1 0.3481702349609582 0.9128102420700337
1 0.1468254840185242 0.9157250825309333
1 0.2522993084944999 0.08904456423531952
1 0.8875018037667548 0.463349596750056
1 0.4544424048936064 0.08722165865650243
1 0.08130996306781692 0.7635879517086825
1 0.7490139573307799 0.931335520506561
1 0.7999704341697731 0.5267594677011587
1 0.4460468702188187 0.4638605498199743
1 0.6400603707010047 0.9313026513558453
1 0.5197169140905825 0.1725613760999521
1 0.07496425971450529 0.1530252011890184
1 0.6850182609292764 0.5291239989944794
1 0.07727816263192225 0.8525723079575989
1 0.1732928439967468 0.2772232356010927
1 0.07026073271205642 0.5301574159748589
1 0.9296901578734326 0.8337618580829425
1 0.9158492251860664 0.6576146554155905
1 0.3976688239983742 0.822514163883449
1 0.8500009352468785 0.07054404859281894
1 0.5637019259388492 0.5539830467367184
1 0.5468791862763933 0.3249752577839492
1 0.07376280627473232 0.4442249651341823
1 0.453676152480165 0.7203940482251565
1 0.3585544641213667 0.4488500247667001
1 0.5999308340962778 0.1530146613848523
1 0.07257178099284545 0.927430398075509
1 0.927509308518861 0.07249079468548941
1 0.9275049449795528 0.9275020393468562
1 0.06996053967300551 0.07186998445713894
1 0.4836686642492628 0.8287808218894799
1 0.05052529012719088 0.6387402419045045
1 0.8448086103932487 0.9444221292026951
1 0.5204758113262542 0.487677166344318
1 0.5509882755862647 0.9430619333061433
1 0.9443160410077519 0.7499995609605702
1 0.4831055138811693 0.6296927894661016
1 0.8459626446493315 0.5887336472839053
1 0.1395228377827259 0.196331886172091
2 46 0 10
1004
1005
1006
1007
1008
1009
1010
1011
1012
1013
0.1666183694033228 0.04912677099774101 0.267466845144972
0.3222214110359685 0.05555150733864055 0.3141323760895811
0.3147849605543193 0.05860155537852492 0.2136159742039545
0.2371663329859717 0.05995427906352327 0.1907025571648951
0.2464661359220234 0.06097512317310384 0.3411474115332347
0.3390285893684922 0.05455362132409325 0.2650562369380239
0.2545555667339421 0.08731865103118543 0.265961800330314
0.2764508195074056 0.03990346224357631 0.171115656086914
0.1758443243790412 0.03785160986707499 0.2079557015136802
0.1831958699732059 0.04422495580451831 0.3247294820024343
2 47 0 15
1014
1015
1016
1017
1018
1019
1020
1021
1022
1023
1024
1025
1026
1027
1028
0.7234135185122796 0.06742145504072677 0.4838044014621709
0.8439790171196868 0.05911449030059548 0.3520748306478481
0.6589809808801242 0.05909325331684362 0.3522060447325683
0.8371035723858921 0.05812983880984117 0.4504802240259775
0.7482739043931605 0.05305696552034579 0.2877923951856878
0.6871404090934293 0.04046453010340811 0.2990557270819163
0.7267189495484854 0.08779293816038777 0.3314947495582719
0.7138271421786957 0.100512182591114 0.4003383870459165
0.7867165025289571 0.09878237413535416 0.3685342723209832
0.7797940165965399 0.09633478840050595 0.4355385572692
0.7985363139690326 0.05021473832107375 0.492028229664604
0.6617227724779446 0.06116323856514698 0.4378049404838425
0.8045202999346501 0.06214789780712832 0.3106468164653875
0.8610045967661796 0.04789453134635815 0.406380279320173
0.8262143172843706 0.08282881327060629 0.4034247365193511
2 48 0 13
1029
1030
1031
1032
1033
1034
1035
1036
1037
1038
1039
1040
1041
0.476693635269362 0.05497193437317993 0.677150357742015
0.6397751664059129 0.05437725657824115 0.6787533549488135
0.5348173945473468 0.05639113071403966 0.7530767104902862
0.5300833761696064 0.05822229151096912 0.6051968447052289
0.5818345799654154 0.04378649831145984 0.5870420213105165
0.6289112349861476 0.04634807884718999 0.6206969227835317
0.5827221447361052 0.07872230470033109 0.6503435742489035
0.5873824487724358 0.07356428053231154 0.7182933690701655
0.5313549525375567 0.08046940001719986 0.6910668642185105
0.4767570242108711 0.03730736680895844 0.6205774154288961
0.4840883249416484 0.04510469093456652 0.7318408138836043
0.6328986609167754 0.0422563437526505 0.7346655788300654
0.5884312126698098 0.04208818406071212 0.7667374916642289
2 49 0 4
1042
1043
1044
1045
0.6152909198870192 0.3190192413660768 0.9487429256608609
0.515800899800797 0.3661262449319196 0.9558676311310413
0.5761103418415688 0.4367734846327895 0.9491928399021531
0.6346242918795828 0.4290832036718836 0.9563098692336245
2 50 0 6
1046
1047
1048
1049
1050
1051
0.4894301414878561 0.6589688287250138 0.9417870737687796
0.3877197218816928 0.7203231266039991 0.9434946301866514
0.4463826779585626 0.7902023743836848 0.9434954304368388
0.5103746765175602 0.788926197246461 0.9569593534374263
0.4031840478174587 0.652817583079672 0.9585674636844302
0.3814448155565117 0.7706136385667384 0.9642106339692262
2 51 0 7
1052
1053
1054
1055
1056
1057
1058
0.6837156481715965 0.629324556256 0.9395701739925419
0.7489495592031806 0.7069244339090512 0.9393542726661264
0.748949559203182 0.5517246786029492 0.9393542726661258
0.8108854544670698 0.5580072357407152 0.947051255038863
0.816443855224731 0.7002667572511569 0.9506265260231208
0.7007073522903319 0.6810483324384429 0.9413059029565198
0.6896822593109149 0.5620073999453926 0.9663995167196222
2 52 0 13
1059
1060
1061
1062
1063
1064
1065
1066
1067
1068
1069
1070
1071
0.2706427555905569 0.3653329950066964 0.07974431245084435
0.2706427555905465 0.2732735062333186 0.0797443124508527
0.1541112053880746 0.3463941942477733 0.04711867877050941
0.1953639363801516 0.2500629170561283 0.05747267732659293
0.2510015948331834 0.4128387870887468 0.04923008498179316
0.3115703377920865 0.2819137133238178 0.06577595874657871
0.3183780241207941 0.389196602175024 0.0404780691782102
0.2502409713185806 0.2225954344946932 0.04558856395817119
0.1914715035747032 0.3262739933040687 0.07863879277958397
0.1941218307723375 0.3902515804668977 0.05545899760599655
0.1523377047187532 0.2933349718802237 0.04545544515320812
0.3071981242095222 0.2397037207577216 0.0408022864987277
0.350083978964473 0.2852794649792963 0.02661013838477894
2 53 0 5
1072
1073
1074
1075
1076
0.752526582170841 0.3252017875449273 0.05492033608447087
0.6565700553973811 0.3830928754250005 0.0533353056309578
0.7070064474826344 0.4558666662953413 0.04696888767343893
0.6684447549534007 0.33669034594375 0.04927072845568375
0.7663773519004995 0.4488743144433109 0.04325073425718493
2 54 0 7
1077
1078
1079
1080
1081
1082
1083
0.6836918631069779 0.6770940752942912 0.05652866627521269
0.7642823713094468 0.7355621792534868 0.0566058765370992
0.7165498600682377 0.5754241058776122 0.05172524378896355
0.802898122083654 0.5736498056354176 0.05458611747040391
0.8275689847720794 0.7191213874390857 0.04773800208362258
0.7060547615856315 0.7385984063587752 0.03133748796249128
0.6786795516915827 0.6177608604371407 0.04917524135762416
2 55 0 8
1084
1085
1086
1087
1088
1089
1090
1091
0.3355308586937863 0.9431529428547341 0.2411740914117515
0.2010767454824894 0.9396403243351207 0.2790920334565863
0.2146501898916623 0.9420437720722746 0.2026358814071182
0.2801406136814146 0.9411605254810995 0.3217668460727607
0.1753425075518959 0.9623067437346896 0.2386780361219432
0.2783132194316917 0.9173270298418854 0.2550768727803615
0.2874157210866227 0.9397872128664835 0.1893988779178986
0.3353815996562564 0.9546182444150659 0.2981647419360041
2 56 0 9
1092
1093
1094
1095
1096
1097
1098
1099
1100
0.2251938747756349 0.9299557751132012 0.612334229415324
0.1603546351019914 0.9379758177216282 0.4821754256343465
0.2905215120669959 0.9380885216296495 0.5296283893451721
0.147456758198901 0.9350307658007034 0.5850372393186714
0.2873650176802947 0.9503635744210819 0.5946112890070959
0.2092847116978137 0.9065671574512209 0.54221074086291
0.2366809744210364 0.9314691870332508 0.4755402894403991
0.1303670844981204 0.9401157872594712 0.5321455480027774
0.1808133181775326 0.9483731726023926 0.6276152882351558
2 57 0 10
1101
1102
1103
1104
1105
1106
1107
1108
1109
1110
0.6156174288260124 0.9393145571908131 0.5063491239774531
0.4704281622141261 0.9376208213970545 0.5544446624922884
0.4853554717339293 0.9329935921636224 0.4731083968452892
0.5679884734963653 0.9472533939113882 0.6007178931842713
0.6128342349898679 0.9502187607672758 0.5681407687546173
0.598804865086998 0.9497897415494182 0.4554040420322241
0.5551523037478036 0.9148138764432969 0.486684105951605
0.5417331023672959 0.9118205043491316 0.5464061965896601
0.4438609330045594 0.9592521445598901 0.5081311775940415
0.5542802572604248 0.9463595123051578 0.4360844633128128
2 58 0 13
1111
1112
1113
1114
1115
1116
1117
1118
1119
1120
1121
1122
1123
0.9377743529288376 0.7212938413708081 0.4309197890859064
0.9433923928265349 0.8087653813036288 0.3077732061602048
0.9433921664644515 0.6731992750957058 0.3078581466394663
0.9438679808179078 0.8050227786390668 0.4116228806112915
0.9540008890133448 0.6614736917788726 0.408233477772694
0.9212355929282769 0.6956777372051429 0.3679084543282935
0.9571929194741517 0.6434918690410749 0.3570824666321827
0.9208204518935192 0.7402593656891968 0.311306880631822
0.9161453000267726 0.7695184034504254 0.3677078624812046
0.9523943812660134 0.719594630249883 0.2661989060791867
0.9489490691584149 0.8307112413740636 0.3603051428015663
0.9573957818467002 0.7684540292778553 0.4506395566920556
0.959292956510034 0.7727702653758955 0.2628012791433592
2 59 0 12
1124
1125
1126
1127
1128
1129
1130
1131
1132
1133
1134
1135
0.9312488723043326 0.6699846431300583 0.8377452566212513
0.933521772170735 0.667454170599958 0.68783517222437
0.9343837947978324 0.7759922515513945 0.7666125146784037
0.9503317095925963 0.598379686708703 0.7624226035099522
0.9520454217334549 0.7173049892651041 0.6690236583817669
0.9122957735683664 0.7170151334941516 0.7224084628701057
0.9479618969849644 0.7656775832395517 0.7019026722578192
0.9102596484298855 0.7183715198774531 0.7982002506287333
0.9426363410527111 0.7444997110027778 0.8382694966161512
0.9115259862788392 0.6493773526113418 0.7612870923040663
0.9491881151981677 0.6149160284105354 0.8160688976380163
0.9502465471334037 0.6138277954395055 0.7115802019934471
2 60 0 12
1136
1137
1138
1139
1140
1141
1142
1143
1144
1145
1146
1147
0.9269691883835666 0.1945571431229424 0.7156333814801744
0.9302104651537697 0.1914616375624776 0.5583673841408048
0.9315534886926802 0.3063939929071691 0.6406391909401246
0.9477570591721969 0.1187401727377701 0.6369050441891891
0.9495327602366034 0.2440043812784666 0.5387740358719112
0.9079568987232838 0.2433306982252122 0.5941375025398429
0.9456007566185839 0.2955792698381811 0.5737586857008548
0.9054683764282559 0.2467075212226399 0.6731869729332967
0.9396417902516163 0.2742158541183098 0.7157835443847292
0.9068013841382584 0.1727225393355141 0.6353651994440679
0.9464745526086984 0.1361738915122353 0.6934790532564161
0.9476588423103429 0.1350571634193117 0.583469739248507
3 1 0 136
1148
1149
1150
1151
1152
1153
1154
1155
1156
1157
1158
1159
1160
1161
1162
1163
1164
1165
1166
1167
1168
1169
1170
1171
1172
1173
1174
1175
1176
1177
1178
1179
1180
1181
1182
1183
1184
1185
1186
1187
1188
1189
1190
1191
1192
1193
1194
1195
1196
1197
1198
1199
1200
1201
1202
1203
1204
1205
1206
1207
1208
1209
1210
1211
1212
1213
1214
1215
1216
1217
1218
1219
1220
1221
1222
1223
1224
1225
1226
1227
1228
1229
1230
1231
1232
1233
1234
1235
1236
1237
1238
1239
1240
1241
1242
1243
1244
1245
1246
1247
1248
1249
1250
1251
1252
1253
1254
1255
1256
1257
1258
1259
1260
1261
1262
1263
1264
1265
1266
1267
1268
1269
1270
1271
1272
1273
1274
1275
1276
1277
1278
1279
1280
1281
1282
1283
0.4843392151062706 0.5471911087631603 0.6520639855564926
0.5709354646724009 0.8596614192337493 0.3126438531429045
0.6046273573801818 0.720983450280655 0.2392328993059384
0.6669709576127218 0.5176313303276874 0.8599394902331742
0.5358831787800993 0.5941921411076366 0.789185984333171
0.140114314656492 0.3303948457911917 0.8620785432598813
0.678678470093856 0.6775543895462244 0.6159642145246259
0.5518320586281803 0.5675192234024689 0.4887878444780037
0.1322867559502305 0.1426459902469654 0.8823511107877341
0.7063807151841177 0.5322355601667776 0.3374364144977942
0.706953152149324 0.6564364369581472 0.408970510042076
0.5484796348390669 0.6344141781881555 0.3471138827159845
0.1886222110004649 0.2180218841654032 0.5259192606525276
0.3548102438236599 0.2507743258235285 0.3862795556389098
0.3133804281923837 0.111642444188947 0.4274509553574743
0.2548054204031622 0.231862204396327 0.2846818866864098
0.4803649207410033 0.4125323220764001 0.7327892911923327
0.7292259260926017 0.2989870457556552 0.5393901923669442
0.6326440255361894 0.2236494301221934 0.4862619017984088
0.5179776293051213 0.3247092997375092 0.5309744041828781
0.6696409252017943 0.4347992831833032 0.4918923517382244
0.3476369941950295 0.8579070671480957 0.8473266501112512
0.8852625719839251 0.1336055470833238 0.846526294247404
0.6961389341144073 0.7597842056013326 0.8544029735829208
0.3404376154319625 0.1113809067377441 0.5619373352731024
0.1258969307996063 0.5301469684499022 0.2447646231983359
0.211164863808971 0.4730342040597391 0.1629561615230362
0.3695435749927486 0.3161041903574167 0.5260892803790873
0.4606862172080431 0.3992468841981262 0.398567917116317
0.8271723024594854 0.2457060965452259 0.2234255681268436
0.8864847905670528 0.3695899057639798 0.1775098566060651
0.1086196466183622 0.8242492801606647 0.610750435995278
0.2168809880164115 0.6576648462056215 0.1180252496766714
0.8550804931863959 0.172538857012581 0.4600290801332163
0.7975370673449262 0.1408238491147025 0.6764990119997915
0.6953414820864403 0.1166466582134417 0.5703400847220786
0.629192708187117 0.1822828762251149 0.7398916407311136
0.1155485292708128 0.1566319122726385 0.430606330484965
0.857916558421334 0.3007607879746619 0.8533973940398124
0.8070223687002477 0.3408850787104392 0.7239483081472494
0.4587376452037726 0.1484354867086082 0.4906557456563306
0.844420963040601 0.6249639417218482 0.3331434781148291
0.7735978312868039 0.5630690285080664 0.5864274479596808
0.8482601361359927 0.6272507525929598 0.474148624136402
0.2087008138079057 0.904022376100979 0.3809290232941342
0.4046888210871911 0.3872886683708272 0.8696676772754738
0.5306587642511311 0.3072199347227855 0.8777702161749427
0.635724707453686 0.8570362321343221 0.4650434542193927
0.7332621062189172 0.7791540267719637 0.4524939324691432
0.6204324609713496 0.7354333771953763 0.4875195870896862
0.1529290811075161 0.7750587588818953 0.1680658344845969
0.1366437324603318 0.8767723095087426 0.2324901716935671
0.2569868128221687 0.7783383746590133 0.3448057859697597
0.3142446077085571 0.8420491524004461 0.2004953606030216
0.8865097557848389 0.5468061723219797 0.1325388579900167
0.4125218821227854 0.8740756395008791 0.6199904015566117
0.3097477699417002 0.7706725315474328 0.6395647658874396
0.8813278720196174 0.1661972824379471 0.3181242098554838
0.5583475183416862 0.5684691854027281 0.1117297443674201
0.5320402605271271 0.4214985072997153 0.1315387684275697
0.8471857408123156 0.6838807826930986 0.2078283009830578
0.265385220587661 0.151102533273681 0.7804369854245975
0.3770676344152939 0.1170955577157035 0.8700014091956773
0.8771832402276384 0.1213072052368734 0.1634346608095994
0.7737917558078309 0.4891286306519395 0.1672366098820534
0.9026653635778477 0.6985787702852067 0.5851853188674272
0.8658952623152931 0.7803612266211736 0.4805263425740059
0.4918994436451362 0.8394695649016569 0.822558597156716
0.4258539560490815 0.2533620912674116 0.1403750234894734
0.6715323547018595 0.8825404119420799 0.1484386914183278
0.7329047024964966 0.7404257620848509 0.1802914673831083
0.5965291471844151 0.6979848076439937 0.1125834896217353
0.4311507827163083 0.882154339710606 0.2638276386390821
0.6990043397870609 0.1960886404907449 0.1984954739248209
0.6739866878090259 0.3353278480578936 0.3155211897276669
0.7117509643881283 0.1861532662670855 0.3449082435579252
0.2587098381548152 0.6134356962622686 0.3197515701907157
0.4104549783283153 0.614088207791841 0.3850459717751518
0.1701852191135365 0.8901487365462977 0.1101447203313934
0.887427553666561 0.5165683437169086 0.2727925664668055
0.7189586844758364 0.3086164388234024 0.8822520015927747
0.7758887135158778 0.4451494558173189 0.8793477460024104
0.8683606465498713 0.5014934622781391 0.7582985078967556
0.6704403391220604 0.6286409491196405 0.7596997262021421
0.8109259847255783 0.7213451094679851 0.8132535149000434
0.7739157188083249 0.8876429400837424 0.8615620531165378
0.8880180676276273 0.8785057961632032 0.7577844339336025
0.8967084113623932 0.5073277050583581 0.4603916810013398
0.1801433098428872 0.6736473749970409 0.621512674076019
0.1258854212863116 0.8132190508148236 0.4277219859959562
0.3731254461319066 0.1086498290796769 0.126203694420728
0.3956347187657963 0.4213355087111735 0.2599400550175141
0.1376463084287433 0.6480866656060504 0.3766416514896863
0.124652758706293 0.5448589324477739 0.5413364499340279
0.1476560570742869 0.5107211053574189 0.8500250254582007
0.3597950864180635 0.8834727643306083 0.3737160006104919
0.2077142555638463 0.8215450651239878 0.7946798306775787
0.6405908016982009 0.3197697223081014 0.153346203937766
0.2801006211252292 0.664434011557523 0.478769218894799
0.6664305404603947 0.8949831058665653 0.7286621713899751
0.8657878698031323 0.4496681375643871 0.5675807712497325
0.2408587023909979 0.1462536345483186 0.6583364119394663
0.5891464472299981 0.4378946130213996 0.2787103076311771
0.1665518930840083 0.3768999913795272 0.2597367203801835
0.1349588187091416 0.1720753600303113 0.244061940779319
0.1007659678243996 0.2332592322453513 0.1127761287509545
0.3959002484457916 0.6660129046890444 0.7387840512392735
0.2901411835824635 0.7072334598497723 0.8842819358910896
0.2890115943750847 0.5769639425667613 0.8109416870453461
0.3702060095979943 0.4021620795469991 0.6484230036983283
0.5184163856148976 0.4641791224844234 0.5512138606828895
0.3598643514600093 0.8096369170583623 0.4991001281545542
0.5320599298869153 0.1223700093302506 0.8542040569108904
0.5123078083843896 0.7803014034461324 0.4160801671246878
0.2985126015690384 0.4150754128520229 0.3737134533646789
0.8322305141435059 0.8611457655789984 0.1244403973883776
0.8123590636298021 0.66743050009908 0.6872707768906787
0.5001205647017924 0.4836948070653844 0.8739101677006512
0.4495855423181095 0.8749816648308779 0.1065939042995199
0.5670016615217224 0.1133156594345534 0.1113904435880363
0.1147756678297489 0.7036324499240294 0.8787906496707822
0.4936463211197558 0.5318196642340225 0.2350843147312598
0.1170647614748524 0.1385946957193457 0.6448325500113411
0.1340857330768225 0.4743939893518364 0.371501237392367
0.1336909061855191 0.1022238827099128 0.1144386564425321
0.1443239723283983 0.2508381592431996 0.7193552434252958
0.5592540747514602 0.3247650972085758 0.3917072936929166
0.3027921148953629 0.4952458205345017 0.6327795359188693
0.1674473498843146 0.5058364594269044 0.6924738944173345
0.2067758284809784 0.366070414209106 0.5258411139665931
0.2955889588226392 0.2277303127974132 0.8822512024354088
0.3816762819431014 0.6781531924213429 0.5875642603052837
0.2673224279755491 0.4155461717162216 0.8262046019716798
0.2454967034918246 0.2045592484503085 0.1414891931516963
0.2744003716950037 0.3560106803489054 0.1963146748596475
0.8292889451515372 0.320685044675416 0.6056060398944887
$EndNodes
$Elements
37 6565 1 6565
2 25 2 34
1 2 362 54 
2 360 368 367 
3 367 369 360 
4 2 366 362 
5 1 361 357 
6 367 368 365 
7 357 368 360 
8 362 366 364 
9 366 367 365 
10 364 366 365 
11 357 360 359 
12 364 370 362 
13 2 369 367 
14 55 359 358 
15 365 368 361 
16 56 359 55 
17 2 367 366 
18 361 368 357 
19 359 360 358 
20 364 365 361 
21 360 369 358 
22 55 358 54 
23 363 370 364 
24 54 362 55 
25 363 364 361 
26 55 370 56 
27 54 369 2 
28 1 357 56 
29 56 363 1 
30 362 370 55 
31 357 359 56 
32 358 369 54 
33 1 363 361 
34 56 370 363 
2 26 2 30
35 378 380 376 
36 376 382 378 
37 4 381 57 
38 379 380 378 
39 380 381 4 
40 375 379 378 
41 376 380 4 
42 57 381 372 
43 372 381 374 
44 59 382 58 
45 372 374 373 
46 378 382 377 
47 58 382 376 
48 379 381 380 
49 374 379 375 
50 375 378 377 
51 374 375 371 
52 58 373 59 
53 372 373 58 
54 374 381 379 
55 375 377 371 
56 57 372 58 
57 58 376 57 
58 3 382 59 
59 373 374 371 
60 59 371 3 
61 377 382 3 
62 59 373 371 
63 371 377 3 
64 57 376 4 
2 27 2 34
65 383 389 5 
66 383 392 391 
67 383 393 392 
68 5 393 383 
69 60 384 6 
70 388 396 385 
71 384 396 388 
72 383 391 389 
73 391 392 386 
74 384 394 6 
75 390 391 386 
76 388 394 384 
77 385 389 388 
78 390 394 388 
79 392 393 387 
80 389 390 388 
81 389 391 390 
82 5 389 385 
83 62 393 5 
84 61 393 62 
85 387 393 61 
86 61 384 60 
87 60 387 61 
88 6 395 60 
89 5 385 62 
90 392 395 386 
91 386 394 390 
92 386 395 6 
93 61 396 384 
94 62 396 61 
95 60 395 387 
96 387 395 392 
97 385 396 62 
98 6 394 386 
2 28 2 34
99 7 406 399 
100 8 401 63 
101 7 402 397 
102 407 409 406 
103 398 410 409 
104 8 404 401 
105 398 409 408 
106 398 408 8 
107 63 398 8 
108 401 404 403 
109 400 408 407 
110 401 403 402 
111 400 407 405 
112 408 409 407 
113 65 402 7 
114 64 402 65 
115 401 402 64 
116 405 407 406 
117 8 408 400 
118 404 405 403 
119 64 398 63 
120 405 406 403 
121 63 401 64 
122 7 399 65 
123 403 406 397 
124 64 410 398 
125 402 403 397 
126 400 404 8 
127 65 410 64 
128 400 405 404 
129 397 406 7 
130 399 410 65 
131 406 409 399 
132 409 410 399 
2 29 2 36
133 9 421 420 
134 10 412 66 
135 412 415 414 
136 10 415 412 
137 421 425 420 
138 412 414 413 
139 420 425 418 
140 418 425 422 
141 419 425 421 
142 418 424 420 
143 416 421 414 
144 415 416 414 
145 412 413 67 
146 419 421 416 
147 417 422 419 
148 417 419 416 
149 67 413 68 
150 415 417 416 
151 414 421 411 
152 10 417 415 
153 66 412 67 
154 67 418 66 
155 9 420 68 
156 418 423 66 
157 66 423 10 
158 422 425 419 
159 413 414 411 
160 417 423 422 
161 422 423 418 
162 67 424 418 
163 68 424 67 
164 68 411 9 
165 10 423 417 
166 68 413 411 
167 411 421 9 
168 420 424 68 
2 30 2 38
169 11 437 426 
170 426 437 436 
171 12 427 69 
172 437 440 436 
173 438 440 437 
174 12 439 427 
175 427 435 434 
176 434 435 428 
177 426 436 432 
178 426 432 431 
179 438 439 429 
180 69 433 12 
181 430 433 69 
182 427 439 435 
183 435 437 428 
184 435 439 438 
185 70 431 430 
186 428 437 11 
187 11 431 71 
188 71 431 70 
189 435 438 437 
190 432 433 430 
191 431 432 430 
192 436 441 432 
193 69 427 70 
194 429 439 12 
195 70 430 69 
196 71 428 11 
197 429 440 438 
198 440 441 436 
199 427 434 70 
200 432 441 433 
201 70 434 71 
202 71 434 428 
203 12 433 429 
204 429 441 440 
205 433 441 429 
206 426 431 11 
2 31 2 34
207 13 448 442 
208 450 451 442 
209 451 452 442 
210 442 452 13 
211 14 443 72 
212 448 450 442 
213 443 447 444 
214 445 451 450 
215 14 453 443 
216 445 450 449 
217 444 455 443 
218 447 448 444 
219 446 452 451 
220 447 449 448 
221 449 450 448 
222 444 448 13 
223 13 452 74 
224 74 452 73 
225 73 452 446 
226 443 453 447 
227 449 453 445 
228 447 453 449 
229 72 443 73 
230 73 446 72 
231 74 444 13 
232 446 454 72 
233 445 453 14 
234 72 454 14 
235 445 454 451 
236 443 455 73 
237 451 454 446 
238 73 455 74 
239 74 455 444 
240 14 454 445 
2 32 2 38
241 456 460 15 
242 456 469 467 
243 75 457 16 
244 457 471 468 
245 468 471 460 
246 467 468 460 
247 457 470 16 
248 462 469 456 
249 467 469 465 
250 461 462 456 
251 16 463 75 
252 468 470 457 
253 75 463 459 
254 459 461 76 
255 77 461 15 
256 76 461 77 
257 16 470 458 
258 459 462 461 
259 458 470 466 
260 459 463 462 
261 466 468 467 
262 466 467 465 
263 458 466 465 
264 76 471 457 
265 76 457 75 
266 464 469 462 
267 75 459 76 
268 15 460 77 
269 466 470 468 
270 465 469 464 
271 458 465 464 
272 463 464 462 
273 77 471 76 
274 458 463 16 
275 458 464 463 
276 460 471 77 
277 15 461 456 
278 456 467 460 
2 33 2 34
279 481 482 18 
280 480 481 479 
281 18 482 78 
282 476 480 479 
283 479 484 483 
284 78 482 473 
285 473 482 475 
286 80 483 79 
287 473 475 474 
288 479 483 478 
289 480 482 481 
290 79 483 477 
291 483 484 477 
292 475 480 476 
293 476 479 478 
294 79 474 80 
295 475 476 472 
296 473 474 79 
297 481 484 479 
298 475 482 480 
299 476 478 472 
300 78 473 79 
301 79 477 78 
302 477 485 78 
303 78 485 18 
304 17 483 80 
305 474 475 472 
306 80 472 17 
307 478 483 17 
308 484 485 477 
309 80 474 472 
310 481 485 484 
311 18 485 481 
312 472 478 17 
2 34 2 246
313 521 505 526 
314 514 128 546 
315 537 519 554 
316 502 537 554 
317 104 103 514 
318 83 520 524 
319 87 523 569 
320 87 88 523 
321 520 501 524 
322 510 85 525 
323 117 118 507 
324 521 526 544 
325 82 83 524 
326 523 512 569 
327 130 518 529 
328 126 499 501 
329 81 82 528 
330 104 514 553 
331 82 524 528 
332 501 520 558 
333 25 513 518 
334 518 507 529 
335 26 128 542 
336 127 26 543 
337 522 517 539 
338 510 497 560 
339 539 517 541 
340 497 558 560 
341 128 514 542 
342 498 534 548 
343 508 498 548 
344 487 526 533 
345 513 494 518 
346 85 86 525 
347 505 521 550 
348 501 499 524 
349 507 518 538 
350 137 138 565 
351 502 504 537 
352 85 510 560 
353 513 25 552 
354 487 533 567 
355 514 103 542 
356 25 125 552 
357 507 118 529 
358 26 542 564 
359 543 26 564 
360 518 494 538 
361 97 549 557 
362 106 551 571 
363 519 507 538 
364 524 499 528 
365 551 509 571 
366 492 489 493 
367 526 511 533 
368 504 515 516 
369 505 511 526 
370 515 503 527 
371 504 503 515 
372 531 530 532 
373 516 530 531 
374 493 489 519 
375 516 515 530 
376 505 493 511 
377 492 493 505 
378 502 503 504 
379 119 514 546 
380 23 489 492 
381 124 492 498 
382 514 120 553 
383 122 508 509 
384 123 498 508 
385 121 509 551 
386 109 108 540 
387 24 551 553 
388 516 531 533 
389 99 528 562 
390 549 532 557 
391 527 503 545 
392 489 507 519 
393 93 94 490 
394 112 111 521 
395 496 517 522 
396 83 84 520 
397 90 91 506 
398 95 96 488 
399 116 115 500 
400 115 114 535 
401 527 490 536 
402 111 110 534 
403 114 113 487 
404 511 493 537 
405 528 99 572 
406 523 88 547 
407 94 95 536 
408 539 490 568 
409 498 492 550 
410 493 519 537 
411 109 540 548 
412 526 487 544 
413 522 539 568 
414 491 512 523 
415 496 491 517 
416 502 495 503 
417 92 93 539 
418 509 508 540 
419 521 111 534 
420 500 115 535 
421 492 505 550 
422 114 487 535 
423 490 94 536 
424 91 92 541 
425 95 488 536 
426 558 520 560 
427 506 541 555 
428 530 488 557 
429 532 530 557 
430 93 490 539 
431 533 511 556 
432 549 500 570 
433 506 91 541 
434 541 517 555 
435 499 127 543 
436 27 491 496 
437 497 28 513 
438 491 131 512 
439 135 494 513 
440 134 497 510 
441 136 486 494 
442 512 132 525 
443 133 510 525 
444 494 486 554 
445 516 533 556 
446 92 539 541 
447 538 494 554 
448 495 137 565 
449 491 523 555 
450 517 491 555 
451 84 85 560 
452 112 521 544 
453 540 508 548 
454 96 97 557 
455 487 113 544 
456 100 99 562 
457 21 116 561 
458 98 21 561 
459 496 522 565 
460 532 549 570 
461 89 19 563 
462 19 90 563 
463 534 110 548 
464 488 530 559 
465 113 112 544 
466 530 515 559 
467 509 540 571 
468 519 538 554 
469 503 495 545 
470 547 506 555 
471 125 501 552 
472 527 545 568 
473 108 22 566 
474 22 107 566 
475 490 527 568 
476 551 105 553 
477 88 89 547 
478 97 98 549 
479 540 566 571 
480 522 545 565 
481 535 567 570 
482 105 104 553 
483 534 498 550 
484 103 102 542 
485 515 527 559 
486 110 109 548 
487 101 100 543 
488 130 25 518 
489 126 127 499 
490 125 126 501 
491 521 534 550 
492 486 495 502 
493 528 499 562 
494 106 105 551 
495 81 528 572 
496 499 543 562 
497 129 130 529 
498 504 516 556 
499 511 537 556 
500 523 547 555 
501 500 535 570 
502 23 117 489 
503 124 23 492 
504 119 120 514 
505 121 122 509 
506 122 123 508 
507 123 124 498 
508 537 504 556 
509 531 532 570 
510 567 531 570 
511 527 536 559 
512 552 501 558 
513 542 102 564 
514 101 543 564 
515 535 487 567 
516 533 531 567 
517 489 117 507 
518 488 96 557 
519 86 87 569 
520 486 502 554 
521 102 101 564 
522 99 20 572 
523 20 81 572 
524 520 84 560 
525 107 106 571 
526 500 549 561 
527 116 500 561 
528 90 506 563 
529 134 28 497 
530 27 131 491 
531 138 27 496 
532 28 135 513 
533 131 132 512 
534 135 136 494 
535 133 134 510 
536 136 137 486 
537 132 133 525 
538 525 86 569 
539 536 488 559 
540 512 525 569 
541 24 121 551 
542 497 513 552 
543 506 547 563 
544 120 24 553 
545 486 137 495 
546 540 108 566 
547 118 119 546 
548 545 522 568 
549 497 552 558 
550 543 100 562 
551 547 89 563 
552 549 98 561 
553 545 495 565 
554 529 118 546 
555 138 496 565 
556 566 107 571 
557 129 529 546 
558 128 129 546 
2 35 2 237
559 590 605 627 
560 579 626 642 
561 139 140 612 
562 602 590 627 
563 140 141 612 
564 579 595 626 
565 139 612 635 
566 141 610 612 
567 84 83 603 
568 583 602 627 
569 82 81 598 
570 154 588 614 
571 602 583 637 
572 606 616 627 
573 152 153 607 
574 616 583 627 
575 186 187 633 
576 607 153 614 
577 626 599 642 
578 613 588 621 
579 605 590 631 
580 603 83 615 
581 153 154 614 
582 598 81 635 
583 588 613 632 
584 611 599 630 
585 599 611 642 
586 577 602 629 
587 574 576 636 
588 587 613 621 
589 82 598 615 
590 636 576 650 
591 603 577 629 
592 614 588 632 
593 189 190 641 
594 578 639 652 
595 609 613 651 
596 609 581 613 
597 575 614 632 
598 584 604 625 
599 613 587 651 
600 575 632 633 
601 20 139 635 
602 81 20 635 
603 152 607 634 
604 594 581 609 
605 573 579 580 
606 639 608 652 
607 613 597 632 
608 597 186 633 
609 612 598 635 
610 33 594 595 
611 185 581 594 
612 579 193 595 
613 573 192 579 
614 191 573 592 
615 577 574 590 
616 584 625 643 
617 573 580 605 
618 584 582 604 
619 590 574 636 
620 576 578 624 
621 84 603 629 
622 582 596 608 
623 610 170 612 
624 578 585 639 
625 585 169 610 
626 171 598 612 
627 577 590 602 
628 605 580 606 
629 574 166 576 
630 31 574 577 
631 174 577 603 
632 576 167 578 
633 173 603 615 
634 598 172 615 
635 578 168 585 
636 575 607 614 
637 606 580 611 
638 592 573 631 
639 150 151 623 
640 611 586 638 
641 631 590 636 
642 616 606 638 
643 586 611 630 
644 154 155 588 
645 146 147 600 
646 165 164 587 
647 160 159 599 
648 143 144 593 
649 87 86 583 
650 88 87 616 
651 573 605 631 
652 158 157 586 
653 623 151 634 
654 179 584 591 
655 178 591 623 
656 180 582 584 
657 575 175 607 
658 582 181 596 
659 182 589 596 
660 177 623 634 
661 607 176 634 
662 163 609 651 
663 188 184 617 
664 184 188 620 
665 83 82 615 
666 32 575 617 
667 145 146 625 
668 639 593 644 
669 595 594 628 
670 142 143 618 
671 609 163 640 
672 87 583 616 
673 589 183 620 
674 143 593 618 
675 589 641 650 
676 190 601 641 
677 596 589 624 
678 148 149 619 
679 588 155 621 
680 89 88 622 
681 88 616 622 
682 155 156 621 
683 611 580 642 
684 160 599 626 
685 624 589 650 
686 644 593 648 
687 608 639 644 
688 145 625 648 
689 164 163 651 
690 619 591 643 
691 599 159 630 
692 147 29 645 
693 29 148 645 
694 156 30 647 
695 30 165 647 
696 605 606 627 
697 141 142 653 
698 161 160 626 
699 146 600 625 
700 158 586 630 
701 19 89 646 
702 157 19 646 
703 151 152 634 
704 583 86 637 
705 629 602 637 
706 162 161 628 
707 85 84 629 
708 163 162 640 
709 593 144 648 
710 610 141 653 
711 159 158 630 
712 581 597 613 
713 604 582 644 
714 161 626 628 
715 624 578 652 
716 582 608 644 
717 585 610 653 
718 618 593 639 
719 625 604 648 
720 601 636 650 
721 586 622 638 
722 591 619 649 
723 632 597 633 
724 149 150 649 
725 626 595 628 
726 606 611 638 
727 86 85 637 
728 85 629 637 
729 604 644 648 
730 622 616 638 
731 625 600 643 
732 594 609 640 
733 600 619 643 
734 591 584 643 
735 580 579 642 
736 193 33 595 
737 185 186 581 
738 33 185 594 
739 623 591 649 
740 192 193 579 
741 191 192 573 
742 190 191 592 
743 592 631 636 
744 178 179 591 
745 179 180 584 
746 32 175 575 
747 177 178 623 
748 617 575 633 
749 181 182 596 
750 180 181 582 
751 182 183 589 
752 175 176 607 
753 169 170 610 
754 166 167 576 
755 170 171 612 
756 173 174 603 
757 31 166 574 
758 171 172 598 
759 174 31 577 
760 168 169 585 
761 190 592 601 
762 167 168 578 
763 172 173 615 
764 608 596 652 
765 581 186 597 
766 184 32 617 
767 144 145 648 
768 589 620 641 
769 628 594 640 
770 187 188 617 
771 618 585 653 
772 183 184 620 
773 600 147 645 
774 176 177 634 
775 619 149 649 
776 165 587 647 
777 641 601 650 
778 188 189 620 
779 585 618 639 
780 586 157 646 
781 587 164 651 
782 162 628 640 
783 601 592 636 
784 187 617 633 
785 148 619 645 
786 596 624 652 
787 142 618 653 
788 621 156 647 
789 89 622 646 
790 576 624 650 
791 150 623 649 
792 620 189 641 
793 619 600 645 
794 587 621 647 
795 622 586 646 
2 36 2 237
796 697 702 666 
797 230 684 231 
798 231 684 36 
799 675 712 699 
800 199 688 200 
801 673 687 670 
802 699 702 675 
803 674 702 697 
804 197 686 198 
805 212 683 233 
806 687 691 670 
807 214 730 215 
808 685 714 681 
809 686 732 198 
810 233 683 234 
811 657 710 699 
812 699 712 657 
813 655 714 668 
814 234 683 672 
815 688 692 200 
816 666 702 699 
817 701 708 678 
818 673 708 701 
819 665 714 685 
820 705 717 672 
821 676 717 705 
822 662 716 694 
823 36 718 231 
824 679 732 686 
825 694 723 662 
826 199 732 688 
827 232 718 715 
828 233 715 212 
829 667 688 684 
830 683 705 672 
831 220 684 679 
832 686 689 222 
833 679 686 221 
834 655 668 225 
835 224 658 655 
836 674 697 690 
837 672 704 235 
838 704 711 37 
839 681 721 685 
840 667 684 230 
841 681 714 655 
842 200 692 201 
843 684 688 679 
844 658 670 655 
845 667 692 688 
846 672 717 704 
847 673 701 687 
848 670 691 681 
849 229 731 667 
850 693 731 229 
851 208 711 704 
852 704 717 207 
853 699 710 698 
854 685 712 675 
855 218 662 661 
856 656 662 217 
857 215 730 703 
858 659 683 35 
859 676 722 696 
860 219 661 659 
861 669 733 689 
862 654 656 216 
863 670 681 655 
864 654 663 656 
865 661 664 659 
866 658 673 670 
867 227 718 36 
868 209 711 208 
869 715 718 677 
870 665 685 675 
871 654 665 663 
872 708 733 669 
873 685 735 712 
874 663 674 656 
875 665 675 663 
876 654 703 665 
877 197 713 686 
878 688 732 679 
879 668 714 703 
880 690 716 674 
881 212 715 213 
882 160 697 159 
883 206 676 205 
884 680 725 709 
885 162 694 161 
886 95 687 96 
887 161 690 160 
888 211 671 210 
889 195 669 196 
890 92 700 93 
891 97 678 98 
892 725 736 709 
893 163 682 162 
894 204 680 203 
895 93 660 94 
896 205 696 204 
897 158 698 157 
898 164 695 163 
899 159 666 158 
900 91 657 92 
901 691 720 660 
902 703 714 665 
903 659 705 683 
904 675 702 663 
905 656 716 662 
906 666 699 698 
907 691 721 681 
908 663 702 674 
909 686 713 689 
910 96 701 97 
911 705 722 676 
912 690 697 160 
913 161 694 690 
914 682 694 162 
915 159 697 666 
916 689 713 669 
917 676 696 205 
918 93 700 660 
919 163 695 682 
920 657 700 92 
921 204 696 680 
922 678 708 707 
923 666 698 158 
924 692 706 201 
925 687 720 691 
926 687 701 96 
927 674 716 656 
928 660 721 691 
929 97 701 678 
930 208 704 207 
931 718 734 677 
932 196 713 197 
933 201 706 202 
934 195 707 669 
935 165 709 164 
936 194 707 195 
937 164 709 695 
938 90 710 91 
939 228 724 693 
940 91 710 657 
941 711 724 228 
942 694 716 690 
943 707 708 669 
944 157 729 19 
945 19 729 90 
946 202 726 34 
947 34 726 211 
948 203 727 30 
949 30 727 165 
950 206 717 676 
951 21 728 194 
952 98 728 21 
953 722 725 696 
954 95 720 687 
955 210 724 209 
956 660 720 94 
957 669 713 196 
958 662 723 661 
959 667 731 692 
960 661 719 664 
961 658 733 673 
962 689 733 223 
963 223 733 658 
964 657 712 700 
965 207 717 206 
966 682 723 694 
967 229 667 230 
968 222 689 223 
969 220 679 221 
970 228 693 229 
971 224 655 225 
972 36 684 220 
973 234 672 235 
974 225 668 226 
975 221 686 222 
976 223 658 224 
977 235 704 37 
978 37 711 228 
979 730 734 226 
980 664 722 659 
981 673 733 708 
982 671 731 693 
983 94 720 95 
984 695 719 682 
985 712 735 700 
986 217 662 218 
987 213 677 214 
988 35 683 212 
989 219 659 35 
990 218 661 219 
991 216 656 217 
992 215 654 216 
993 671 724 210 
994 706 731 671 
995 668 730 226 
996 198 732 199 
997 215 703 654 
998 709 736 695 
999 659 722 705 
1000 211 726 671 
1001 698 729 157 
1002 680 727 203 
1003 678 728 98 
1004 209 724 711 
1005 696 725 680 
1006 693 724 671 
1007 664 725 722 
1008 719 736 664 
1009 700 735 660 
1010 703 730 668 
1011 231 718 232 
1012 232 715 233 
1013 661 723 719 
1014 226 734 227 
1015 706 726 202 
1016 90 729 710 
1017 165 727 709 
1018 194 728 707 
1019 695 736 719 
1020 213 715 677 
1021 692 731 706 
1022 671 726 706 
1023 710 729 698 
1024 709 727 680 
1025 707 728 678 
1026 719 723 682 
1027 227 734 718 
1028 677 730 214 
1029 660 735 721 
1030 721 735 685 
1031 664 736 725 
1032 677 734 730 
2 37 2 241
1033 769 779 797 
1034 748 751 774 
1035 263 264 278 
1036 763 249 816 
1037 757 771 817 
1038 754 748 774 
1039 249 248 816 
1040 774 751 776 
1041 771 757 801 
1042 769 777 779 
1043 249 763 794 
1044 754 774 789 
1045 279 41 794 
1046 264 277 278 
1047 779 737 797 
1048 771 761 817 
1049 41 271 795 
1050 794 763 796 
1051 764 247 783 
1052 759 754 773 
1053 751 770 776 
1054 777 768 780 
1055 780 768 819 
1056 776 770 786 
1057 247 764 816 
1058 740 742 792 
1059 749 788 800 
1060 788 765 800 
1061 741 780 819 
1062 779 777 791 
1063 752 740 792 
1064 786 770 797 
1065 794 41 814 
1066 737 786 797 
1067 247 246 783 
1068 742 276 803 
1069 760 765 788 
1070 41 795 814 
1071 269 746 747 
1072 739 268 747 
1073 267 739 761 
1074 266 761 771 
1075 746 270 764 
1076 752 775 784 
1077 792 801 802 
1078 739 747 758 
1079 773 754 789 
1080 750 777 780 
1081 761 739 793 
1082 745 738 757 
1083 240 241 776 
1084 738 743 744 
1085 277 264 803 
1086 748 740 751 
1087 39 745 753 
1088 743 256 756 
1089 755 260 760 
1090 259 755 785 
1091 262 753 765 
1092 254 738 745 
1093 145 772 804 
1094 755 760 787 
1095 738 255 743 
1096 760 261 765 
1097 772 145 810 
1098 258 785 790 
1099 807 781 819 
1100 739 778 793 
1101 273 748 754 
1102 274 740 748 
1103 241 774 776 
1104 777 750 791 
1105 272 754 759 
1106 758 747 772 
1107 744 743 766 
1108 769 768 777 
1109 751 740 752 
1110 767 766 768 
1111 740 275 742 
1112 767 768 769 
1113 744 766 767 
1114 771 742 803 
1115 751 752 770 
1116 781 741 819 
1117 744 767 775 
1118 760 788 809 
1119 746 764 783 
1120 739 758 778 
1121 770 752 784 
1122 775 752 792 
1123 263 278 796 
1124 759 773 798 
1125 785 755 806 
1126 767 769 784 
1127 801 757 802 
1128 238 239 737 
1129 243 244 773 
1130 103 104 781 
1131 144 143 782 
1132 104 105 741 
1133 143 142 749 
1134 241 242 774 
1135 237 238 779 
1136 147 146 762 
1137 785 101 790 
1138 106 107 750 
1139 105 106 780 
1140 756 257 815 
1141 100 785 806 
1142 257 790 815 
1143 252 795 798 
1144 775 767 784 
1145 248 247 816 
1146 104 741 781 
1147 775 792 802 
1148 238 737 779 
1149 143 749 782 
1150 741 105 780 
1151 264 265 803 
1152 239 240 786 
1153 753 745 793 
1154 106 750 780 
1155 240 776 786 
1156 737 239 786 
1157 787 760 809 
1158 738 744 802 
1159 757 738 802 
1160 101 102 790 
1161 243 773 789 
1162 749 142 788 
1163 774 242 789 
1164 140 139 787 
1165 142 141 788 
1166 242 243 789 
1167 237 779 791 
1168 253 252 798 
1169 236 237 791 
1170 747 746 805 
1171 146 145 804 
1172 765 753 800 
1173 145 144 810 
1174 762 804 805 
1175 795 759 798 
1176 778 753 793 
1177 107 22 813 
1178 22 236 813 
1179 20 99 812 
1180 139 20 812 
1181 762 805 808 
1182 245 29 811 
1183 29 147 811 
1184 100 101 785 
1185 755 787 806 
1186 742 771 801 
1187 758 772 810 
1188 743 756 807 
1189 103 781 815 
1190 781 756 815 
1191 772 747 805 
1192 782 758 810 
1193 784 769 797 
1194 806 787 812 
1195 40 763 816 
1196 764 40 816 
1197 753 778 800 
1198 744 775 802 
1199 788 141 809 
1200 140 787 809 
1201 246 245 799 
1202 766 743 807 
1203 770 784 797 
1204 244 38 818 
1205 38 253 818 
1206 778 758 820 
1207 783 246 799 
1208 256 257 756 
1209 259 260 755 
1210 262 39 753 
1211 39 254 745 
1212 260 261 760 
1213 255 256 743 
1214 250 249 794 
1215 758 782 820 
1216 258 259 785 
1217 257 258 790 
1218 254 255 738 
1219 261 262 765 
1220 273 274 748 
1221 252 251 795 
1222 745 757 817 
1223 272 273 754 
1224 99 100 806 
1225 275 276 742 
1226 274 275 740 
1227 271 272 759 
1228 762 146 804 
1229 268 269 747 
1230 266 267 761 
1231 40 263 763 
1232 270 40 764 
1233 276 277 803 
1234 269 270 746 
1235 267 268 739 
1236 265 266 771 
1237 768 766 819 
1238 141 140 809 
1239 746 783 808 
1240 278 279 796 
1241 799 762 808 
1242 773 244 818 
1243 102 103 815 
1244 792 742 801 
1245 756 781 807 
1246 250 794 814 
1247 144 782 810 
1248 251 250 814 
1249 766 807 819 
1250 795 251 814 
1251 762 799 811 
1252 147 762 811 
1253 750 107 813 
1254 782 749 820 
1255 271 759 795 
1256 763 263 796 
1257 279 794 796 
1258 265 771 803 
1259 761 793 817 
1260 804 772 805 
1261 793 745 817 
1262 787 139 812 
1263 805 746 808 
1264 236 791 813 
1265 791 750 813 
1266 749 800 820 
1267 783 799 808 
1268 798 773 818 
1269 799 245 811 
1270 253 798 818 
1271 800 778 820 
1272 99 806 812 
1273 790 102 815 
2 38 2 237
1274 111 846 110 
1275 846 855 110 
1276 866 885 857 
1277 854 857 835 
1278 311 849 312 
1279 867 872 845 
1280 298 849 311 
1281 111 877 846 
1282 112 902 877 
1283 830 885 866 
1284 112 877 111 
1285 823 873 864 
1286 312 849 825 
1287 848 870 868 
1288 862 869 851 
1289 848 901 870 
1290 834 876 868 
1291 827 844 821 
1292 854 866 857 
1293 865 886 853 
1294 877 902 302 
1295 851 886 862 
1296 840 872 867 
1297 309 903 888 
1298 868 876 848 
1299 110 855 109 
1300 849 852 825 
1301 864 869 823 
1302 827 857 844 
1303 835 858 854 
1304 826 852 849 
1305 826 849 297 
1306 43 841 826 
1307 845 885 867 
1308 846 887 296 
1309 307 827 821 
1310 305 829 824 
1311 832 886 865 
1312 824 827 306 
1313 311 879 298 
1314 838 875 836 
1315 841 848 826 
1316 858 880 831 
1317 838 884 875 
1318 829 839 824 
1319 301 887 846 
1320 824 835 827 
1321 870 901 833 
1322 825 889 44 
1323 293 859 843 
1324 853 878 865 
1325 822 847 291 
1326 44 889 829 
1327 295 855 846 
1328 290 842 822 
1329 869 880 839 
1330 884 899 850 
1331 862 886 832 
1332 874 884 850 
1333 864 880 869 
1334 888 903 875 
1335 831 880 864 
1336 823 869 862 
1337 864 873 863 
1338 845 856 837 
1339 857 885 844 
1340 828 861 856 
1341 852 853 825 
1342 303 902 113 
1343 294 883 855 
1344 843 883 294 
1345 834 878 876 
1346 237 900 859 
1347 829 851 839 
1348 835 857 827 
1349 845 872 856 
1350 859 900 843 
1351 846 877 301 
1352 237 859 238 
1353 856 872 828 
1354 292 898 859 
1355 113 882 303 
1356 867 885 830 
1357 837 856 838 
1358 826 876 852 
1359 844 845 837 
1360 847 898 292 
1361 842 888 875 
1362 842 875 822 
1363 821 844 837 
1364 283 866 284 
1365 240 850 241 
1366 198 865 197 
1367 242 828 243 
1368 116 833 115 
1369 280 840 281 
1370 851 869 839 
1371 200 862 199 
1372 241 861 242 
1373 196 868 195 
1374 286 831 287 
1375 281 867 282 
1376 201 823 200 
1377 837 838 836 
1378 822 874 847 
1379 199 832 198 
1380 284 854 285 
1381 282 830 283 
1382 287 863 288 
1383 197 834 196 
1384 861 899 856 
1385 303 882 304 
1386 831 864 863 
1387 304 882 841 
1388 850 861 241 
1389 242 861 828 
1390 284 866 854 
1391 832 865 198 
1392 830 866 283 
1393 840 867 281 
1394 197 865 834 
1395 823 862 200 
1396 871 872 840 
1397 199 862 832 
1398 831 891 858 
1399 282 867 830 
1400 831 863 287 
1401 834 868 196 
1402 848 876 826 
1403 828 871 243 
1404 868 870 195 
1405 195 870 194 
1406 828 872 871 
1407 858 891 854 
1408 856 899 838 
1409 841 882 881 
1410 243 871 244 
1411 201 873 823 
1412 202 873 201 
1413 835 895 858 
1414 833 881 115 
1415 298 879 299 
1416 21 892 116 
1417 194 892 21 
1418 852 878 853 
1419 244 893 38 
1420 38 893 280 
1421 288 894 34 
1422 34 894 202 
1423 113 902 112 
1424 821 837 836 
1425 240 890 850 
1426 855 883 109 
1427 839 895 824 
1428 286 891 831 
1429 854 891 285 
1430 109 883 108 
1431 853 889 825 
1432 865 878 834 
1433 115 881 114 
1434 108 897 22 
1435 22 897 236 
1436 876 878 852 
1437 890 898 847 
1438 841 901 848 
1439 297 849 298 
1440 874 890 847 
1441 304 841 43 
1442 43 826 297 
1443 824 895 835 
1444 850 890 874 
1445 307 821 308 
1446 312 825 44 
1447 44 829 305 
1448 305 824 306 
1449 306 827 307 
1450 301 877 302 
1451 843 897 883 
1452 829 889 851 
1453 844 885 845 
1454 843 900 897 
1455 838 899 884 
1456 821 836 308 
1457 292 859 293 
1458 289 842 290 
1459 291 847 292 
1460 295 846 296 
1461 293 843 294 
1462 294 855 295 
1463 881 882 114 
1464 290 822 291 
1465 858 895 880 
1466 299 896 300 
1467 875 884 822 
1468 822 884 874 
1469 114 882 113 
1470 239 890 240 
1471 299 879 860 
1472 285 891 286 
1473 289 860 842 
1474 42 896 289 
1475 860 896 299 
1476 238 898 239 
1477 859 898 238 
1478 236 900 237 
1479 880 895 839 
1480 116 892 833 
1481 280 893 840 
1482 239 898 890 
1483 863 894 288 
1484 310 879 311 
1485 309 888 310 
1486 833 901 881 
1487 850 899 861 
1488 860 879 310 
1489 300 887 301 
1490 875 903 836 
1491 870 892 194 
1492 302 902 303 
1493 308 903 309 
1494 871 893 244 
1495 202 894 873 
1496 289 896 860 
1497 300 896 42 
1498 836 903 308 
1499 42 887 300 
1500 833 892 870 
1501 840 893 871 
1502 310 888 860 
1503 296 887 42 
1504 873 894 863 
1505 881 901 841 
1506 851 889 886 
1507 886 889 853 
1508 883 897 108 
1509 897 900 236 
1510 860 888 842 
2 39 2 16
1511 313 24 905 
1512 23 316 906 
1513 118 906 907 
1514 24 120 905 
1515 117 23 906 
1516 904 314 905 
1517 315 904 906 
1518 314 313 905 
1519 316 315 906 
1520 120 119 905 
1521 118 117 906 
1522 905 119 907 
1523 906 904 907 
1524 904 905 907 
1525 315 314 904 
1526 119 118 907 
2 40 2 16
1527 24 313 910 
1528 316 23 909 
1529 122 910 911 
1530 121 24 910 
1531 23 124 909 
1532 314 908 910 
1533 908 315 909 
1534 313 314 910 
1535 315 316 909 
1536 122 121 910 
1537 124 123 909 
1538 910 908 911 
1539 909 123 911 
1540 908 909 911 
1541 314 315 908 
1542 123 122 911 
2 41 2 10
1543 127 317 26 
1544 125 25 319 
1545 317 127 913 
1546 125 319 912 
1547 912 318 913 
1548 126 912 913 
1549 318 317 913 
1550 319 318 912 
1551 127 126 913 
1552 126 125 912 
2 42 2 10
1553 26 317 915 
1554 25 130 319 
1555 128 26 915 
1556 319 130 914 
1557 317 318 915 
1558 130 129 914 
1559 914 129 915 
1560 129 128 915 
1561 318 319 914 
1562 318 914 915 
2 43 2 13
1563 131 27 918 
1564 27 322 918 
1565 28 134 917 
1566 320 28 917 
1567 321 320 917 
1568 916 321 917 
1569 322 321 918 
1570 321 916 918 
1571 133 132 916 
1572 132 131 918 
1573 134 133 917 
1574 916 132 918 
1575 133 916 917 
2 44 2 13
1576 135 28 921 
1577 28 320 921 
1578 27 138 920 
1579 322 27 920 
1580 321 322 920 
1581 919 321 920 
1582 320 321 921 
1583 321 919 921 
1584 137 136 919 
1585 136 135 921 
1586 138 137 920 
1587 919 136 921 
1588 137 919 920 
2 45 2 238
1589 150 954 151 
1590 927 954 150 
1591 284 968 283 
1592 282 952 281 
1593 952 955 281 
1594 324 986 325 
1595 935 960 932 
1596 988 995 983 
1597 283 968 961 
1598 281 955 280 
1599 935 983 965 
1600 960 966 932 
1601 929 988 983 
1602 282 961 952 
1603 959 984 934 
1604 933 959 934 
1605 929 983 935 
1606 963 967 962 
1607 936 982 949 
1608 958 962 924 
1609 934 984 955 
1610 930 937 922 
1611 977 985 923 
1612 931 951 948 
1613 943 967 963 
1614 962 967 924 
1615 345 930 922 
1616 47 935 932 
1617 932 970 341 
1618 344 980 930 
1619 931 948 347 
1620 935 965 960 
1621 982 1000 949 
1622 926 973 956 
1623 929 935 349 
1624 348 948 929 
1625 934 955 952 
1626 956 986 926 
1627 946 995 988 
1628 945 975 969 
1629 944 972 968 
1630 927 979 954 
1631 969 975 958 
1632 346 989 931 
1633 933 934 327 
1634 922 989 346 
1635 972 977 45 
1636 933 964 959 
1637 925 933 326 
1638 323 977 923 
1639 934 952 328 
1640 968 972 331 
1641 924 969 958 
1642 961 968 330 
1643 952 961 329 
1644 957 986 956 
1645 944 968 284 
1646 930 954 937 
1647 926 986 324 
1648 937 938 922 
1649 928 1001 985 
1650 950 985 977 
1651 963 1003 943 
1652 336 950 947 
1653 337 947 936 
1654 942 971 340 
1655 971 974 46 
1656 936 949 338 
1657 339 949 942 
1658 928 950 335 
1659 332 974 953 
1660 334 946 928 
1661 937 939 938 
1662 946 988 928 
1663 944 1002 972 
1664 940 958 957 
1665 928 985 950 
1666 939 940 938 
1667 940 956 938 
1668 940 957 956 
1669 153 980 343 
1670 940 962 958 
1671 932 978 970 
1672 939 963 962 
1673 939 962 940 
1674 957 975 925 
1675 954 987 151 
1676 343 996 153 
1677 149 927 150 
1678 252 959 251 
1679 247 967 246 
1680 285 944 284 
1681 206 941 207 
1682 205 965 206 
1683 953 995 333 
1684 333 995 946 
1685 250 945 249 
1686 204 960 205 
1687 251 964 250 
1688 248 924 247 
1689 246 943 245 
1690 203 966 204 
1691 154 996 342 
1692 249 969 248 
1693 342 970 154 
1694 939 979 963 
1695 931 973 951 
1696 206 965 941 
1697 959 964 251 
1698 985 1001 951 
1699 924 967 247 
1700 246 967 943 
1701 954 979 937 
1702 960 965 205 
1703 250 964 945 
1704 949 981 942 
1705 204 966 960 
1706 945 969 249 
1707 248 969 924 
1708 958 975 957 
1709 953 999 941 
1710 980 987 930 
1711 926 998 973 
1712 956 989 938 
1713 988 1001 928 
1714 149 976 927 
1715 148 976 149 
1716 948 988 929 
1717 937 979 939 
1718 955 992 280 
1719 925 990 933 
1720 947 977 972 
1721 209 974 971 
1722 925 986 957 
1723 283 961 282 
1724 285 982 944 
1725 155 978 156 
1726 30 991 203 
1727 156 991 30 
1728 245 994 29 
1729 29 994 148 
1730 34 993 288 
1731 211 993 34 
1732 942 997 971 
1733 252 984 959 
1734 280 992 38 
1735 38 992 253 
1736 973 989 956 
1737 947 1002 936 
1738 941 995 953 
1739 941 999 207 
1740 950 977 947 
1741 288 981 287 
1742 151 987 152 
1743 152 980 153 
1744 286 982 285 
1745 970 978 155 
1746 943 1003 976 
1747 966 978 932 
1748 974 999 953 
1749 930 987 954 
1750 981 993 942 
1751 965 983 941 
1752 253 984 252 
1753 949 1000 981 
1754 208 974 209 
1755 154 970 155 
1756 979 1003 963 
1757 982 1002 944 
1758 209 971 210 
1759 47 932 341 
1760 346 931 347 
1761 344 930 345 
1762 345 922 346 
1763 993 997 942 
1764 349 935 47 
1765 341 970 342 
1766 347 948 348 
1767 348 929 349 
1768 938 989 922 
1769 343 980 344 
1770 326 933 327 
1771 45 977 323 
1772 951 1001 948 
1773 331 972 45 
1774 327 934 328 
1775 329 961 330 
1776 323 923 324 
1777 330 968 331 
1778 328 952 329 
1779 325 925 326 
1780 933 990 964 
1781 981 1000 287 
1782 975 990 925 
1783 286 1000 982 
1784 340 971 46 
1785 336 947 337 
1786 335 950 336 
1787 46 974 332 
1788 337 936 338 
1789 339 942 340 
1790 338 949 339 
1791 333 946 334 
1792 923 926 324 
1793 332 953 333 
1794 334 928 335 
1795 964 990 945 
1796 971 997 210 
1797 153 996 154 
1798 945 990 975 
1799 936 1002 982 
1800 207 999 208 
1801 210 997 211 
1802 927 1003 979 
1803 287 1000 286 
1804 931 989 973 
1805 203 991 966 
1806 943 994 245 
1807 973 998 951 
1808 325 986 925 
1809 972 1002 947 
1810 152 987 980 
1811 976 1003 927 
1812 342 996 343 
1813 966 991 978 
1814 983 995 941 
1815 148 994 976 
1816 978 991 156 
1817 923 998 926 
1818 208 999 974 
1819 976 994 943 
1820 951 998 985 
1821 288 993 981 
1822 948 1001 988 
1823 985 998 923 
1824 253 992 984 
1825 984 992 955 
1826 211 997 993 
2 46 2 28
1827 1010 1004 1012 
1828 1007 1010 1012 
1829 1004 1010 1013 
1830 1010 1008 1013 
1831 1006 1007 1011 
1832 1007 1006 1010 
1833 1005 1008 1010 
1834 1009 1005 1010 
1835 1006 1009 1010 
1836 173 172 1004 
1837 167 166 1005 
1838 169 168 1006 
1839 171 170 1007 
1840 31 174 1008 
1841 173 1004 1013 
1842 169 1006 1011 
1843 168 167 1009 
1844 170 169 1011 
1845 174 173 1013 
1846 172 171 1012 
1847 167 1005 1009 
1848 1004 172 1012 
1849 1006 168 1009 
1850 171 1007 1012 
1851 1007 170 1011 
1852 1008 174 1013 
1853 166 31 1008 
1854 1005 166 1008 
2 47 2 39
1855 183 182 1025 
1856 182 1016 1025 
1857 1014 1021 1023 
1858 1021 1014 1025 
1859 1022 1020 1026 
1860 184 183 1025 
1861 1015 1022 1026 
1862 1014 184 1025 
1863 1016 1021 1025 
1864 1014 1023 1024 
1865 176 175 1017 
1866 32 184 1014 
1867 178 177 1015 
1868 182 181 1016 
1869 1021 1022 1023 
1870 1021 1020 1022 
1871 32 1014 1024 
1872 178 1015 1026 
1873 1016 1020 1021 
1874 175 32 1024 
1875 180 179 1018 
1876 177 176 1027 
1877 179 178 1026 
1878 176 1017 1027 
1879 1022 1015 1028 
1880 1015 177 1027 
1881 1023 1022 1028 
1882 1016 181 1019 
1883 181 180 1019 
1884 1023 1017 1024 
1885 1017 175 1024 
1886 1016 1019 1020 
1887 180 1018 1019 
1888 1017 1023 1028 
1889 1015 1027 1028 
1890 1027 1017 1028 
1891 1019 1018 1020 
1892 1018 179 1026 
1893 1020 1018 1026 
2 48 2 34
1894 1029 1032 1037 
1895 1032 1029 1038 
1896 1032 1035 1037 
1897 190 189 1032 
1898 33 193 1031 
1899 192 191 1029 
1900 187 186 1030 
1901 187 1030 1034 
1902 1035 1030 1036 
1903 188 187 1034 
1904 1029 1037 1039 
1905 192 1029 1039 
1906 1032 1033 1035 
1907 1033 1034 1035 
1908 1037 1031 1039 
1909 186 185 1040 
1910 189 188 1033 
1911 193 192 1039 
1912 1034 1030 1035 
1913 185 33 1041 
1914 1030 186 1040 
1915 191 190 1038 
1916 190 1032 1038 
1917 1029 191 1038 
1918 33 1031 1041 
1919 1035 1036 1037 
1920 1031 193 1039 
1921 1032 189 1033 
1922 1036 1031 1037 
1923 1036 1030 1040 
1924 1031 1036 1041 
1925 1033 188 1034 
1926 1040 185 1041 
1927 1036 1040 1041 
2 49 2 19
1928 1042 48 1043 
1929 216 217 1043 
1930 214 215 1044 
1931 217 218 1042 
1932 215 1043 1044 
1933 219 35 350 
1934 350 35 212 
1935 219 350 1042 
1936 350 212 1045 
1937 212 213 1045 
1938 218 219 1042 
1939 1043 48 1044 
1940 215 216 1043 
1941 213 214 1044 
1942 350 48 1042 
1943 213 1044 1045 
1944 48 350 1045 
1945 1044 48 1045 
1946 217 1042 1043 
2 50 2 23
1947 1046 49 1047 
1948 227 36 351 
1949 36 220 351 
1950 226 1046 1050 
1951 227 351 1046 
1952 351 220 1049 
1953 225 226 1050 
1954 1047 49 1048 
1955 49 351 1049 
1956 226 227 1046 
1957 1047 1048 1051 
1958 223 224 1047 
1959 221 222 1048 
1960 351 49 1046 
1961 220 221 1049 
1962 1048 222 1051 
1963 1047 224 1050 
1964 1048 49 1049 
1965 222 223 1051 
1966 224 225 1050 
1967 223 1047 1051 
1968 221 1048 1049 
1969 1046 1047 1050 
2 51 2 25
1970 1054 1052 1058 
1971 50 1052 1054 
1972 235 37 352 
1973 37 228 352 
1974 352 228 1056 
1975 235 352 1055 
1976 352 50 1055 
1977 50 352 1056 
1978 1052 50 1057 
1979 50 1053 1057 
1980 228 229 1056 
1981 234 235 1055 
1982 229 230 1053 
1983 233 234 1054 
1984 231 232 1052 
1985 1053 50 1056 
1986 50 1054 1055 
1987 230 231 1057 
1988 1052 232 1058 
1989 232 233 1058 
1990 1053 230 1057 
1991 231 1052 1057 
1992 229 1053 1056 
1993 1054 234 1055 
1994 233 1054 1058 
2 52 2 40
1995 255 254 1065 
1996 1063 255 1065 
1997 51 1060 1067 
1998 254 353 1065 
1999 1059 1063 1065 
2000 1060 1062 1067 
2001 39 262 1071 
2002 260 259 1062 
2003 258 257 1061 
2004 1059 1067 1068 
2005 257 256 1068 
2006 261 260 1066 
2007 256 255 1063 
2008 259 258 1069 
2009 1059 51 1067 
2010 1063 1059 1068 
2011 1062 1060 1066 
2012 262 261 1070 
2013 1067 1062 1069 
2014 260 1062 1066 
2015 1061 257 1068 
2016 1062 259 1069 
2017 258 1061 1069 
2018 256 1063 1068 
2019 354 51 1059 
2020 51 354 1060 
2021 261 1066 1070 
2022 354 353 1064 
2023 262 1070 1071 
2024 1067 1061 1068 
2025 353 354 1065 
2026 1070 1064 1071 
2027 353 39 1071 
2028 1064 353 1071 
2029 1061 1067 1069 
2030 354 1059 1065 
2031 1066 1060 1070 
2032 1060 354 1064 
2033 1060 1064 1070 
2034 353 254 39 
2 53 2 21
2035 269 268 1072 
2036 1073 266 1074 
2037 1072 268 1075 
2038 270 355 40 
2039 40 355 263 
2040 355 270 1072 
2041 263 355 1076 
2042 268 267 1075 
2043 52 1073 1074 
2044 355 52 1076 
2045 270 269 1072 
2046 52 1072 1075 
2047 267 266 1073 
2048 265 264 1074 
2049 52 355 1072 
2050 264 263 1076 
2051 52 1074 1076 
2052 267 1073 1075 
2053 1074 264 1076 
2054 1073 52 1075 
2055 266 265 1074 
2 54 2 26
2056 278 277 1080 
2057 1078 1077 1082 
2058 277 1079 1080 
2059 53 1077 1078 
2060 356 279 1080 
2061 356 271 41 
2062 279 356 41 
2063 271 356 1081 
2064 279 278 1080 
2065 1079 53 1080 
2066 1077 53 1083 
2067 53 1079 1083 
2068 356 53 1081 
2069 53 1078 1081 
2070 53 356 1080 
2071 272 271 1081 
2072 277 276 1079 
2073 273 272 1078 
2074 275 274 1077 
2075 276 275 1083 
2076 1077 274 1082 
2077 274 273 1082 
2078 1079 276 1083 
2079 1078 272 1081 
2080 275 1077 1083 
2081 273 1078 1082 
2 55 2 23
2082 1085 1087 1089 
2083 291 292 1090 
2084 1084 291 1090 
2085 1086 1085 1089 
2086 1089 1087 1091 
2087 1084 1089 1091 
2088 1085 1086 1088 
2089 292 293 1090 
2090 293 1086 1090 
2091 1089 1084 1090 
2092 293 294 1086 
2093 295 296 1085 
2094 290 291 1084 
2095 1086 1089 1090 
2096 42 289 1087 
2097 290 1084 1091 
2098 294 295 1088 
2099 289 290 1091 
2100 295 1085 1088 
2101 1086 294 1088 
2102 1087 289 1091 
2103 296 42 1087 
2104 1085 296 1087 
2 56 2 25
2105 1092 1095 1100 
2106 1097 1093 1099 
2107 1095 1097 1099 
2108 1095 1092 1097 
2109 1094 299 1098 
2110 299 300 1098 
2111 1096 1094 1097 
2112 1092 1096 1097 
2113 300 301 1098 
2114 301 1093 1098 
2115 1093 1097 1098 
2116 1097 1094 1098 
2117 298 299 1094 
2118 301 302 1093 
2119 43 297 1092 
2120 303 304 1095 
2121 298 1094 1096 
2122 1095 304 1100 
2123 303 1095 1099 
2124 304 43 1100 
2125 302 303 1099 
2126 297 298 1096 
2127 1093 302 1099 
2128 43 1092 1100 
2129 1092 297 1096 
2 57 2 27
2130 1103 1102 1108 
2131 1107 1103 1108 
2132 1102 1104 1108 
2133 1102 1103 1109 
2134 1105 1101 1108 
2135 1101 1107 1108 
2136 1104 1105 1108 
2137 306 307 1101 
2138 309 310 1103 
2139 311 312 1102 
2140 309 1103 1110 
2141 44 305 1104 
2142 306 1101 1105 
2143 1103 1107 1110 
2144 308 309 1110 
2145 1101 307 1106 
2146 311 1102 1109 
2147 307 308 1106 
2148 310 311 1109 
2149 305 306 1105 
2150 1101 1106 1107 
2151 1103 310 1109 
2152 1107 1106 1110 
2153 1104 305 1105 
2154 1106 308 1110 
2155 312 44 1104 
2156 1102 312 1104 
2 58 2 34
2157 1111 1114 1122 
2158 1114 1111 1119 
2159 1119 1112 1121 
2160 45 323 1111 
2161 328 329 1112 
2162 325 326 1113 
2163 330 331 1114 
2164 1114 1119 1121 
2165 1118 1112 1119 
2166 1116 1113 1118 
2167 1111 1116 1119 
2168 1112 1118 1123 
2169 1113 326 1120 
2170 326 327 1120 
2171 1118 1120 1123 
2172 1118 1113 1120 
2173 324 325 1117 
2174 329 330 1121 
2175 331 45 1122 
2176 1116 1118 1119 
2177 323 324 1115 
2178 1116 1115 1117 
2179 327 328 1123 
2180 1114 331 1122 
2181 1112 329 1121 
2182 325 1113 1117 
2183 330 1114 1121 
2184 328 1112 1123 
2185 45 1111 1122 
2186 1115 324 1117 
2187 1111 323 1115 
2188 1113 1116 1117 
2189 1111 1115 1116 
2190 1120 327 1123 
2 59 2 32
2191 1126 339 1132 
2192 339 340 1132 
2193 1131 1126 1132 
2194 1125 1133 1135 
2195 1129 1126 1131 
2196 1133 1124 1134 
2197 1131 1124 1133 
2198 1125 1129 1133 
2199 335 336 1125 
2200 46 332 1124 
2201 338 339 1126 
2202 1133 1127 1135 
2203 333 334 1127 
2204 338 1126 1130 
2205 1126 1129 1130 
2206 46 1124 1132 
2207 337 338 1130 
2208 1129 1131 1133 
2209 1127 1133 1134 
2210 340 46 1132 
2211 332 333 1134 
2212 1124 1131 1132 
2213 334 335 1135 
2214 1127 334 1135 
2215 336 337 1128 
2216 1124 332 1134 
2217 333 1127 1134 
2218 1125 1128 1129 
2219 335 1125 1135 
2220 1125 336 1128 
2221 1129 1128 1130 
2222 1128 337 1130 
2 60 2 32
2223 1138 348 1144 
2224 348 349 1144 
2225 1143 1138 1144 
2226 1137 1145 1147 
2227 1143 1136 1145 
2228 1145 1136 1146 
2229 1141 1138 1143 
2230 1137 1141 1145 
2231 1145 1139 1147 
2232 1138 1141 1142 
2233 344 345 1137 
2234 47 341 1136 
2235 347 348 1138 
2236 342 343 1139 
2237 47 1136 1144 
2238 347 1138 1142 
2239 1139 1145 1146 
2240 1136 1143 1144 
2241 1141 1143 1145 
2242 349 47 1144 
2243 346 347 1142 
2244 341 342 1146 
2245 1139 343 1147 
2246 343 344 1147 
2247 345 346 1140 
2248 1136 341 1146 
2249 342 1139 1146 
2250 1137 1140 1141 
2251 344 1137 1147 
2252 1141 1140 1142 
2253 1137 345 1140 
2254 1140 346 1142 
3 1 4 4311
2255 379 378 1005 1009 
2256 1148 74 13 444 
2257 1149 1150 461 459 
2258 1149 836 1106 821 
2259 1151 1152 734 718 
2260 1153 660 700 735 
2261 1154 477 1155 366 
2262 640 694 628 162 
2263 1156 699 710 698 
2264 1157 1155 1158 1159 
2265 1160 1161 1162 1163 
2266 1164 401 368 402 
2267 1165 1166 1167 1168 
2268 1156 698 710 729 
2269 1169 834 868 713 
2270 1170 978 966 991 
2271 474 80 1171 472 
2272 1172 592 1038 191 
2273 1173 1174 915 514 
2274 1167 1161 1175 1176 
2275 962 1177 1178 967 
2276 551 24 741 313 
2277 395 835 857 827 
2278 993 726 34 894 
2279 1179 1095 1092 1097 
2280 1180 819 780 768 
2281 1181 1147 344 1137 
2282 1076 1080 796 278 
2283 1182 1165 1183 1184 
2284 715 1045 213 1044 
2285 1160 1162 1185 1163 
2286 1182 575 1024 1145 
2287 1186 1187 1144 1143 
2288 1162 1188 636 650 
2289 1181 431 922 430 
2290 1189 1116 1117 1113 
2291 1154 1190 1158 1191 
2292 1181 980 987 930 
2293 1013 577 174 1008 
2294 431 71 1142 346 
2295 1150 461 459 76 
2296 264 1080 1076 278 
2297 1192 887 301 1098 
2298 1156 710 506 729 
2299 857 386 395 827 
2300 1193 1194 654 656 
2301 484 444 479 481 
2302 1195 1196 1197 419 
2303 608 378 596 376 
2304 320 497 28 513 
2305 1198 1199 1200 1201 
2306 1202 763 1178 355 
2307 1203 1204 826 1096 
2308 391 305 1104 829 
2309 1169 669 689 713 
2310 1184 360 1165 1166 
2311 1205 1028 1022 1015 
2312 1198 908 1200 1199 
2313 1206 771 1207 801 
2314 1183 1024 1182 575 
2315 414 845 885 412 
2316 1170 960 696 680 
2317 964 1208 959 356 
2318 1198 908 911 910 
2319 1209 7 1210 399 
2320 1045 1151 361 1044 
2321 228 711 352 1056 
2322 1178 816 969 924 
2323 1183 1166 1023 1014 
2324 605 408 409 573 
2325 47 1186 1144 1136 
2326 1169 1204 1203 476 
2327 1186 725 722 664 
2328 1211 967 963 943 
2329 1185 497 513 552 
2330 1212 12 429 1178 
2331 1213 1214 1122 1111 
2332 853 1169 1215 865 
2333 457 16 75 775 
2334 381 380 379 1216 
2335 1217 1218 1219 1082 
2336 1198 908 1199 911 
2337 1220 290 822 1084 
2338 1211 1018 1221 584 
2339 1076 796 263 278 
2340 1196 1197 1154 394 
2341 1222 58 1223 373 
2342 247 967 924 764 
2343 1095 882 544 487 
2344 460 1224 14 1225 
2345 1198 1199 1226 509 
2346 1227 1189 439 435 
2347 1228 56 357 1 
2348 1229 1151 1230 370 
2349 1229 234 1054 683 
2350 854 60 944 387 
2351 1171 1053 230 1057 
2352 1175 1172 1188 8 
2353 1231 1171 1232 389 
2354 1232 1233 1234 5 
2355 352 1230 1134 953 
2356 1170 647 727 587 
2357 1227 957 925 986 
2358 1227 435 1235 1189 
2359 1184 1228 1182 1187 
2360 1193 654 663 656 
2361 1182 1141 1143 1145 
2362 1236 1237 493 511 
2363 1169 1215 852 853 
2364 982 61 393 387 
2365 993 981 942 863 
2366 1238 585 169 610 
2367 1149 821 1106 416 
2368 1227 1189 1157 439 
2369 352 704 711 37 
2370 1158 425 422 419 
2371 1191 1115 1111 323 
2372 738 1239 1174 1065 
2373 1195 1108 482 473 
2374 1232 1056 352 1124 
2375 1227 1157 1212 439 
2376 1240 519 1241 493 
2377 1193 7 1194 656 
2378 720 490 536 1242 
2379 1196 386 394 6 
2380 1219 742 275 1083 
2381 1243 299 860 896 
2382 352 235 704 37 
2383 1244 500 570 549 
2384 1037 1036 1184 1031 
2385 1245 1072 1075 52 
2386 1104 1108 1105 390 
2387 1167 1188 375 371 
2388 1240 1246 1200 1237 
2389 1002 60 972 384 
2390 475 1247 474 473 
2391 1248 54 1190 1168 
2392 1249 590 627 602 
2393 275 1077 274 740 
2394 1207 1245 1250 372 
2395 1251 1252 552 912 
2396 1253 562 543 785 
2397 1079 1206 1212 53 
2398 634 1017 987 1027 
2399 1227 1212 1157 1189 
2400 1211 808 762 805 
2401 1162 636 576 650 
2402 937 430 938 939 
2403 1254 1255 1244 1256 
2404 848 1169 1244 826 
2405 561 500 892 870 
2406 1227 1208 1212 1189 
2407 917 28 320 497 
2408 1175 442 1257 452 
2409 1188 63 1035 1166 
2410 1235 923 1191 985 
2411 868 196 669 713 
2412 1178 355 763 816 
2413 1258 367 366 365 
2414 1227 1212 1208 1202 
2415 1188 641 601 650 
2416 1208 925 933 326 
2417 1248 948 1187 1138 
2418 814 945 1202 794 
2419 999 1055 352 953 
2420 1184 1170 1182 1228 
2421 1227 1212 1202 1178 
2422 1223 59 1166 373 
2423 1183 633 187 617 
2424 1259 1097 1237 1246 
2425 1170 736 651 709 
2426 1172 573 605 631 
2427 1002 972 947 384 
2428 1227 975 925 957 
2429 1234 1000 831 863 
2430 1183 1166 1181 1023 
2431 1260 1194 7 716 
2432 1157 1212 1206 1150 
2433 1092 297 43 826 
2434 475 472 1247 1215 
2435 1177 783 1178 967 
2436 1181 1017 980 1147 
2437 816 248 969 924 
2438 1205 441 1223 432 
2439 1261 1103 482 1107 
2440 1186 1144 929 935 
2441 857 68 411 413 
2442 806 572 812 528 
2443 678 707 892 728 
2444 599 697 666 159 
2445 1194 216 656 217 
2446 892 500 116 833 
2447 634 1017 607 987 
2448 661 1260 719 723 
2449 1157 435 438 439 
2450 298 311 1109 879 
2451 1262 1224 445 14 
2452 840 992 955 1263 
2453 816 355 40 764 
2454 1264 1230 1190 1135 
2455 1265 730 734 226 
2456 1220 462 1266 461 
2457 498 911 123 508 
2458 1227 975 1202 925 
2459 255 1063 1065 738 
2460 1217 884 838 899 
2461 1233 1053 731 667 
2462 1220 842 875 822 
2463 1178 355 1072 52 
2464 1174 756 807 743 
2465 1267 758 772 810 
2466 1268 678 532 701 
2467 1188 3 1025 589 
2468 1249 1160 590 602 
2469 944 866 60 854 
2470 14 1269 460 1225 
2471 372 374 1250 1207 
2472 1223 440 436 441 
2473 1236 1244 1179 531 
2474 60 968 972 1214 
2475 1202 969 945 975 
2476 964 795 41 356 
2477 1169 689 686 713 
2478 1053 229 693 731 
2479 1234 338 936 949 
2480 393 880 831 858 
2481 958 1227 1178 940 
2482 790 317 1069 1061 
2483 1009 1238 1006 1163 
2484 1226 791 813 897 
2485 1207 374 1250 1239 
2486 544 303 902 113 
2487 1009 378 167 578 
2488 41 1202 279 794 
2489 1140 930 922 345 
2490 980 343 1147 614 
2491 1205 433 441 432 
2492 496 1153 565 522 
2493 173 172 615 1004 
2494 1209 642 611 580 
2495 1208 1189 418 422 
2496 72 454 14 1239 
2497 724 1132 671 997 
2498 648 604 625 772 
2499 1227 957 986 956 
2500 1201 1266 797 737 
2501 1178 783 764 967 
2502 1269 1250 72 1176 
2503 1164 1152 1265 365 
2504 1217 828 1263 789 
2505 1270 1160 916 321 
2506 993 671 942 997 
2507 1162 375 1161 1188 
2508 1180 314 905 904 
2509 1249 605 1172 408 
2510 1173 1224 1240 1271 
2511 299 1098 300 896 
2512 317 564 26 542 
2513 1199 294 1088 1086 
2514 1236 515 516 504 
2515 1252 520 1185 558 
2516 1226 540 883 897 
2517 1272 528 572 635 
2518 1261 443 1159 18 
2519 1249 400 1273 407 
2520 1238 380 1267 1216 
2521 1200 1224 1225 1246 
2522 1181 1166 436 1023 
2523 1229 56 1228 1 
2524 1141 1181 1140 1137 
2525 1274 1222 1166 373 
2526 1265 1152 1050 1046 
2527 1231 50 1264 1232 
2528 1262 445 1271 450 
2529 1170 736 725 664 
2530 1182 1136 1170 1146 
2531 1170 719 609 736 
2532 1184 1041 581 594 
2533 609 682 719 723 
2534 1039 579 192 193 
2535 524 615 83 82 
2536 1255 658 1047 223 
2537 1213 950 928 985 
2538 1232 1056 1233 1053 
2539 1135 1213 1190 1264 
2540 1211 643 625 600 
2541 1181 431 1140 922 
2542 1177 1178 1072 52 
2543 1266 463 770 459 
2544 1195 390 386 1105 
2545 1275 442 450 448 
2546 1242 660 691 720 
2547 396 1213 947 1128 
2548 1217 861 789 774 
2549 534 1192 846 877 
2550 1270 569 523 512 
2551 1252 499 126 913 
2552 1191 1116 1111 1115 
2553 1189 418 425 420 
2554 1217 776 1266 850 
2555 1208 1123 1263 423 
2556 1208 1123 423 1118 
2557 1201 1084 1266 847 
2558 1157 1158 1155 1168 
2559 1217 884 1266 1149 
2560 1274 1176 1250 374 
2561 1154 388 1190 1191 
2562 1243 1098 1259 1094 
2563 1231 362 1264 370 
2564 1261 461 1150 77 
2565 1156 555 541 517 
2566 1174 905 781 514 
2567 1236 1241 1275 1276 
2568 629 510 560 85 
2569 1152 1050 1047 1254 
2570 1236 1241 504 537 
2571 41 1202 814 964 
2572 1221 1020 1019 1018 
2573 1219 53 1218 1150 
2574 427 940 957 956 
2575 1277 400 1257 405 
2576 1262 1239 1224 14 
2577 1185 603 560 520 
2578 1247 5 1171 389 
2579 1267 1216 4 778 
2580 1017 175 176 607 
2581 427 439 940 12 
2582 1199 540 509 508 
2583 352 1124 1056 711 
2584 1205 954 937 930 
2585 1268 687 557 488 
2586 1203 825 1104 312 
2587 1252 501 524 520 
2588 881 841 487 882 
2589 1251 552 319 912 
2590 137 920 495 565 
2591 1269 1157 1150 1159 
2592 1235 427 926 434 
2593 66 418 423 1118 
2594 1274 372 1222 373 
2595 125 501 126 912 
2596 1174 781 807 756 
2597 993 942 671 863 
2598 1154 388 1191 394 
2599 1208 934 933 959 
2600 1227 427 1235 435 
2601 1274 1250 1222 372 
2602 1248 347 931 948 
2603 956 1227 427 926 
2604 311 1203 312 849 
2605 1274 1168 1250 1176 
2606 1235 973 951 428 
2607 317 1251 913 1067 
2608 1274 1168 1222 1250 
2609 1157 1189 435 439 
2610 1274 1166 371 373 
2611 1182 613 597 632 
2612 1265 48 361 1044 
2613 443 1159 1155 72 
2614 1169 49 1215 1048 
2615 1193 663 7 656 
2616 1158 1190 1155 1168 
2617 854 387 944 891 
2618 926 1227 1235 1189 
2619 1217 417 1218 10 
2620 747 269 1072 746 
2621 1211 619 649 591 
2622 993 894 671 726 
2623 1152 483 478 17 
2624 255 256 1063 743 
2625 510 525 85 637 
2626 1215 472 1254 476 
2627 668 226 1046 1050 
2628 1191 1111 977 323 
2629 1173 507 906 529 
2630 577 1160 1185 602 
2631 1162 375 1188 377 
2632 1222 1221 1223 58 
2633 763 355 1076 263 
2634 1150 419 422 417 
2635 1045 1151 1 361 
2636 352 974 999 953 
2637 1184 368 1194 357 
2638 1212 52 1073 1074 
2639 1144 348 1138 929 
2640 1153 657 700 541 
2641 4 778 758 1267 
2642 1278 702 663 675 
2643 605 409 580 573 
2644 1242 691 660 721 
2645 1204 1094 1259 1097 
2646 707 669 868 195 
2647 1044 677 715 1151 
2648 1233 731 693 671 
2649 1224 469 456 467 
2650 1152 351 17 49 
2651 1216 1070 1064 1071 
2652 1223 382 1016 59 
2653 572 139 812 635 
2654 1156 699 1153 657 
2655 1272 598 524 528 
2656 460 1174 1239 1224 
2657 494 919 136 921 
2658 1167 451 1175 452 
2659 1172 636 592 631 
2660 569 87 616 523 
2661 1198 910 780 313 
2662 1208 423 1218 422 
2663 109 540 108 883 
2664 647 978 156 621 
2665 980 1147 607 614 
2666 1260 1041 594 33 
2667 1186 965 941 717 
2668 1260 1041 33 1031 
2669 264 1079 1076 1080 
2670 24 910 313 551 
2671 1266 462 463 459 
2672 342 996 154 588 
2673 1248 931 347 1142 
2674 1232 62 1126 385 
2675 1169 1203 826 852 
2676 231 351 1052 718 
2677 686 713 197 834 
2678 1170 609 651 736 
2679 1247 829 839 391 
2680 715 1052 718 232 
2681 1148 74 444 455 
2682 1265 226 668 730 
2683 1260 662 694 723 
2684 13 1279 1254 479 
2685 1278 663 1193 665 
2686 1157 1250 1155 1159 
2687 1213 977 947 950 
2688 1234 61 936 1130 
2689 1212 355 52 1076 
2690 1035 1033 1188 1166 
2691 137 920 919 495 
2692 1272 1007 1012 171 
2693 905 741 553 313 
2694 780 741 819 313 
2695 328 952 1123 1112 
2696 1213 394 1191 388 
2697 1205 1028 1015 1027 
2698 922 431 346 71 
2699 1182 614 575 1139 
2700 1183 633 1182 1030 
2701 1072 269 270 746 
2702 1211 811 799 943 
2703 20 572 139 812 
2704 1238 788 809 760 
2705 1280 1257 403 405 
2706 521 112 544 902 
2707 22 897 813 236 
2708 1226 509 571 750 
2709 1173 1180 1224 1174 
2710 294 1226 843 293 
2711 466 458 470 767 
2712 1217 1150 1149 459 
2713 1243 1098 299 896 
2714 1267 648 593 810 
2715 1208 933 1120 326 
2716 1279 1246 447 448 
2717 1213 985 1191 977 
2718 692 873 823 201 
2719 1171 1215 688 862 
2720 1233 1234 864 863 
2721 1195 1197 1196 390 
2722 46 974 971 711 
2723 620 1183 1025 1166 
2724 1260 682 609 723 
2725 898 1090 859 779 
2726 791 859 779 237 
2727 395 857 835 854 
2728 507 906 529 118 
2729 1278 675 699 702 
2730 1243 1094 299 1098 
2731 780 571 509 750 
2732 1185 520 1013 603 
2733 1255 1050 1047 224 
2734 1181 980 344 1147 
2735 1187 1184 358 1182 
2736 382 624 589 377 
2737 1181 1145 1137 1141 
2738 634 152 987 607 
2739 1166 59 371 373 
2740 760 809 612 787 
2741 1199 1085 295 846 
2742 414 845 844 885 
2743 1148 483 364 366 
2744 1169 669 1244 733 
2745 1211 811 645 600 
2746 1203 1102 1109 311 
2747 456 460 15 467 
2748 905 553 741 781 
2749 1217 837 415 856 
2750 546 118 907 119 
2751 1030 597 1040 186 
2752 39 353 1071 753 
2753 1278 7 1209 406 
2754 1278 1210 1209 7 
2755 881 535 901 833 
2756 1244 500 678 870 
2757 707 868 870 195 
2758 868 707 870 1244 
2759 1240 1271 1224 449 
2760 868 834 196 713 
2761 833 1244 535 901 
2762 1232 1129 1126 1131 
2763 1208 423 1263 1218 
2764 1203 1104 1102 312 
2765 199 688 732 832 
2766 1278 1210 702 666 
2767 1208 356 1081 959 
2768 392 835 895 858 
2769 1186 705 1228 722 
2770 1278 1209 1210 666 
2771 1153 496 1273 517 
2772 1280 685 714 681 
2773 1237 492 550 498 
2774 905 819 741 313 
2775 255 743 1063 738 
2776 1272 787 806 755 
2777 20 99 572 812 
2778 81 528 598 635 
2779 1211 927 1205 649 
2780 1155 1258 1148 455 
2781 1227 986 925 325 
2782 1278 1209 1273 406 
2783 661 1260 1228 719 
2784 1165 1181 426 1141 
2785 1268 557 530 488 
2786 1268 488 559 536 
2787 1260 628 595 594 
2788 1272 1062 1253 1281 
2789 1160 400 1277 1273 
2790 1272 612 1007 171 
2791 1153 517 541 539 
2792 1253 259 1069 1062 
2793 1221 582 1267 604 
2794 1230 370 362 55 
2795 993 671 894 863 
2796 1239 1161 379 374 
2797 1205 1181 1028 1027 
2798 931 951 973 428 
2799 1181 1145 1024 1147 
2800 575 607 1147 614 
2801 1212 1178 439 12 
2802 1206 1074 803 1079 
2803 980 1147 1017 607 
2804 1177 1245 1178 52 
2805 668 1193 1256 1265 
2806 1231 1190 1264 362 
2807 1229 672 234 683 
2808 1165 436 440 437 
2809 1154 1197 1158 1155 
2810 1053 229 1056 693 
2811 1162 1161 375 1005 
2812 1205 430 433 432 
2813 958 1227 940 957 
2814 1228 1042 219 350 
2815 1041 185 1040 581 
2816 857 395 60 854 
2817 1169 834 686 865 
2818 945 250 794 814 
2819 1193 654 1194 1043 
2820 839 392 824 895 
2821 769 767 784 458 
2822 1198 780 1180 313 
2823 1272 1062 260 755 
2824 1282 1163 1216 379 
2825 1278 1153 1280 406 
2826 1193 1194 1265 1043 
2827 1197 78 390 473 
2828 1245 1216 1207 793 
2829 970 155 588 154 
2830 1184 1035 1030 1036 
2831 1189 1117 1235 926 
2832 988 1248 948 1187 
2833 1136 341 47 932 
2834 1260 1210 579 595 
2835 1193 665 654 703 
2836 229 667 731 1053 
2837 999 1055 704 352 
2838 952 1263 840 955 
2839 1195 1149 1106 416 
2840 1193 665 663 654 
2841 1192 887 42 296 
2842 811 762 147 600 
2843 1278 1210 674 702 
2844 1193 1194 1164 1265 
2845 1178 816 924 764 
2846 620 1188 1025 589 
2847 576 377 378 1005 
2848 1164 368 367 365 
2849 1252 1163 1185 1008 
2850 1182 1141 1283 1143 
2851 1184 398 64 63 
2852 1211 994 976 645 
2853 1211 591 584 643 
2854 1274 1176 1167 1258 
2855 1230 1133 50 352 
2856 1186 705 1229 1228 
2857 1171 688 684 667 
2858 521 112 902 877 
2859 634 987 152 151 
2860 1221 1019 582 1018 
2861 1183 1023 1181 1024 
2862 1165 436 1181 1166 
2863 1244 870 848 901 
2864 1055 704 717 941 
2865 1248 931 1142 71 
2866 1257 400 404 405 
2867 1231 1154 1264 1190 
2868 1265 730 668 703 
2869 1248 1001 988 948 
2870 1186 1229 705 717 
2871 820 1238 1216 800 
2872 1206 803 1083 1079 
2873 1253 499 562 528 
2874 1226 843 883 294 
2875 12 939 433 1178 
2876 1200 1199 1085 1089 
2877 6 421 1196 386 
2878 724 711 228 1056 
2879 1132 942 671 997 
2880 1234 393 383 880 
2881 724 1056 1132 1124 
2882 393 831 891 858 
2883 692 706 873 201 
2884 1233 864 873 863 
2885 1156 611 586 638 
2886 1244 707 708 669 
2887 1257 13 1148 452 
2888 1242 660 735 721 
2889 534 1192 877 1237 
2890 1160 1273 1277 321 
2891 1192 1087 1200 1089 
2892 1169 733 1255 1051 
2893 1237 1199 498 534 
2894 853 1169 865 878 
2895 1169 852 878 853 
2896 1203 826 849 1096 
2897 1179 1099 544 1095 
2898 847 1084 291 1090 
2899 1198 314 910 313 
2900 1198 1226 750 509 
2901 22 108 566 897 
2902 1225 443 447 453 
2903 836 1106 308 1110 
2904 1226 900 897 843 
2905 1206 757 1207 468 
2906 964 795 814 41 
2907 898 1201 1090 779 
2908 551 105 741 553 
2909 775 792 75 457 
2910 1206 792 742 801 
2911 926 986 1117 324 
2912 1228 659 219 661 
2913 71 922 431 70 
2914 1231 1154 364 483 
2915 926 923 324 1115 
2916 69 12 939 433 
2917 1186 705 676 717 
2918 1265 677 214 1044 
2919 1213 336 1128 1125 
2920 70 956 938 69 
2921 434 973 989 956 
2922 811 29 994 645 
2923 943 811 245 994 
2924 1242 1276 1268 1256 
2925 1235 926 973 434 
2926 732 198 832 865 
2927 1215 853 825 852 
2928 1230 56 370 55 
2929 387 1002 60 944 
2930 672 1055 235 704 
2931 1149 875 838 884 
2932 1243 860 289 896 
2933 6 9 1214 1196 
2934 1181 1027 1017 1028 
2935 1205 979 954 927 
2936 1024 1147 575 607 
2937 1216 1070 262 765 
2938 1267 582 644 604 
2939 964 251 814 795 
2940 1202 814 794 41 
2941 1272 755 260 760 
2942 833 1244 500 535 
2943 1278 702 699 666 
2944 1227 1178 1202 958 
2945 1157 1159 1158 1150 
2946 1202 53 356 1080 
2947 66 1118 1112 418 
2948 1251 1253 1252 913 
2949 1267 749 593 618 
2950 1174 781 905 807 
2951 1272 787 755 760 
2952 1272 1007 1252 1012 
2953 640 694 162 682 
2954 1156 646 698 729 
2955 1188 408 398 8 
2956 1268 708 678 701 
2957 129 1173 914 915 
2958 96 687 488 557 
2959 557 532 549 678 
2960 1173 906 1240 315 
2961 541 710 657 91 
2962 1278 674 1210 7 
2963 1236 493 537 511 
2964 1169 826 876 852 
2965 460 1224 1239 14 
2966 479 1148 1254 13 
2967 544 487 882 113 
2968 1272 524 1252 499 
2969 258 1069 790 785 
2970 1188 1032 1038 601 
2971 1253 317 913 1067 
2972 1164 1258 1257 452 
2973 1249 605 580 606 
2974 1273 1278 1153 1156 
2975 693 1233 1053 731 
2976 1234 936 338 1130 
2977 1233 873 692 706 
2978 710 91 506 90 
2979 1278 1280 1153 675 
2980 1234 1126 942 1132 
2981 131 1270 512 132 
2982 1233 383 1234 5 
2983 1233 692 688 667 
2984 1204 1096 1094 1097 
2985 1104 44 825 889 
2986 1169 1254 49 1047 
2987 1279 1254 1236 448 
2988 1263 992 984 798 
2989 763 40 816 355 
2990 16 463 752 784 
2991 1266 770 751 459 
2992 443 447 1279 1259 
2993 804 145 625 772 
2994 1177 764 1178 783 
2995 1265 734 1152 1046 
2996 1256 655 668 1050 
2997 474 80 389 1171 
2998 1165 426 1283 1141 
2999 7 656 674 716 
3000 1047 49 1152 1254 
3001 1242 735 685 721 
3002 1156 586 622 638 
3003 544 113 882 303 
3004 1265 361 1151 1044 
3005 1215 1049 679 221 
3006 392 395 835 387 
3007 292 293 859 1090 
3008 1243 289 1087 896 
3009 1192 300 1098 896 
3010 1198 908 910 314 
3011 1179 526 487 544 
3012 1169 1204 1244 826 
3013 1193 397 7 406 
3014 901 535 881 841 
3015 1206 1207 757 801 
3016 1219 751 752 75 
3017 202 873 706 201 
3018 960 965 676 205 
3019 993 288 981 863 
3020 1210 599 666 630 
3021 1209 642 1210 611 
3022 1274 1166 1222 440 
3023 1270 918 916 132 
3024 1167 1168 1258 2 
3025 1270 616 569 583 
3026 1156 616 622 523 
3027 1180 905 313 819 
3028 1060 1064 1216 1070 
3029 551 105 780 741 
3030 1244 848 841 901 
3031 212 1151 715 233 
3032 1182 614 1139 632 
3033 734 1151 1265 1152 
3034 724 1056 228 693 
3035 651 164 695 163 
3036 1182 1136 1146 1145 
3037 1260 594 1184 609 
3038 1270 1209 1249 1273 
3039 1270 583 627 616 
3040 1263 934 66 1123 
3041 1208 1189 1157 1212 
3042 1263 1218 423 10 
3043 1235 1117 1189 1115 
3044 322 1270 1273 491 
3045 892 500 833 870 
3046 1233 869 864 880 
3047 1229 363 56 1 
3048 724 1132 1056 693 
3049 1046 227 718 351 
3050 1271 507 538 519 
3051 1228 659 661 664 
3052 1248 1187 1283 1138 
3053 1196 1158 419 425 
3054 1241 538 1271 494 
3055 1095 882 487 1100 
3056 1263 66 872 10 
3057 414 821 837 416 
3058 1214 1119 424 1114 
3059 1261 1110 1103 1107 
3060 1117 1227 986 926 
3061 386 857 421 827 
3062 1217 1266 751 459 
3063 1263 871 872 840 
3064 854 387 891 858 
3065 763 1076 796 263 
3066 1266 890 898 847 
3067 1249 1273 1209 407 
3068 1219 740 742 792 
3069 1235 1189 1191 1115 
3070 1263 984 992 955 
3071 1150 461 76 77 
3072 1262 1251 1277 1271 
3073 1249 590 1160 1172 
3074 524 83 615 520 
3075 1160 1185 513 1277 
3076 1226 509 1199 540 
3077 294 1226 293 1086 
3078 1199 295 1088 855 
3079 254 1065 745 738 
3080 1219 274 740 748 
3081 1067 1060 1281 1062 
3082 1265 365 1152 361 
3083 1228 48 350 1 
3084 1038 592 601 190 
3085 1160 320 917 321 
3086 1281 1010 1007 1006 
3087 378 1238 379 380 
3088 1160 320 1185 917 
3089 294 1199 1088 855 
3090 1194 1042 1228 357 
3091 219 661 218 1042 
3092 1210 599 697 666 
3093 1208 925 1202 990 
3094 1160 320 321 921 
3095 1214 1122 1114 331 
3096 866 961 413 830 
3097 1238 1281 1011 1006 
3098 1267 758 820 778 
3099 264 277 1080 278 
3100 1276 1241 502 504 
3101 1203 1215 825 852 
3102 971 942 340 1132 
3103 727 647 165 587 
3104 1170 1146 341 970 
3105 270 355 764 40 
3106 811 147 645 600 
3107 763 40 355 263 
3108 1202 356 279 1080 
3109 1177 1205 979 939 
3110 1178 967 764 924 
3111 1211 625 804 600 
3112 402 1193 7 1194 
3113 216 1194 654 1043 
3114 988 1248 1187 1230 
3115 1229 234 672 1055 
3116 881 115 535 833 
3117 1261 15 461 77 
3118 1214 424 1119 420 
3119 413 866 68 1121 
3120 1164 401 367 368 
3121 15 1243 1261 1220 
3122 513 921 320 1160 
3123 1251 1163 1277 1185 
3124 1162 375 377 1005 
3125 1157 1206 1212 1250 
3126 1270 638 616 606 
3127 27 496 920 138 
3128 1160 1163 1277 1161 
3129 650 1162 1188 377 
3130 1165 1181 436 426 
3131 1229 1228 350 1 
3132 398 408 1029 409 
3133 1184 1037 398 1035 
3134 1260 640 628 594 
3135 1236 1240 1241 493 
3136 1245 4 1216 778 
3137 1160 321 1277 921 
3138 1253 543 1069 785 
3139 1160 1185 320 513 
3140 743 738 468 1174 
3141 1183 575 1182 633 
3142 1183 188 184 617 
3143 398 1188 63 1035 
3144 371 1166 1167 1188 
3145 1177 783 1211 746 
3146 1157 435 1191 437 
3147 1235 951 998 985 
3148 931 346 347 1142 
3149 12 940 939 1178 
3150 953 1230 1134 1127 
3151 1187 988 1230 929 
3152 1127 333 1134 953 
3153 880 1233 383 1234 
3154 1186 722 696 676 
3155 1198 1180 314 313 
3156 1226 813 750 566 
3157 1199 883 548 855 
3158 1198 464 469 465 
3159 1226 571 540 566 
3160 1177 1211 805 746 
3161 1174 781 756 514 
3162 507 117 906 118 
3163 1198 911 1199 509 
3164 1166 1014 1021 1023 
3165 1206 1212 1207 1074 
3166 1235 437 1191 435 
3167 1177 429 1223 441 
3168 1211 649 619 976 
3169 1181 436 426 432 
3170 1211 799 811 762 
3171 1160 917 916 321 
3172 1217 899 838 856 
3173 840 66 872 1263 
3174 1202 975 958 969 
3175 1263 1081 1218 1078 
3176 1160 917 1185 916 
3177 1153 1276 1242 1280 
3178 1255 1169 1254 1244 
3179 1215 1049 49 351 
3180 1188 650 589 641 
3181 650 1162 377 576 
3182 357 361 48 1 
3183 1162 576 1005 377 
3184 266 1207 1073 1074 
3185 821 421 827 307 
3186 845 412 415 872 
3187 411 9 68 6 
3188 821 414 827 421 
3189 23 909 492 316 
3190 1169 686 1215 865 
3191 1203 825 1215 475 
3192 1185 629 560 603 
3193 1256 668 655 714 
3194 1257 403 405 404 
3195 1164 1265 1194 361 
3196 1270 525 916 637 
3197 1209 407 1273 406 
3198 1217 774 751 776 
3199 786 240 239 890 
3200 1217 1263 1078 754 
3201 791 900 859 237 
3202 242 861 241 774 
3203 1263 423 66 10 
3204 268 1245 747 1072 
3205 53 1206 1219 1083 
3206 1275 450 1241 448 
3207 1254 479 476 478 
3208 1236 1246 1237 1097 
3209 1198 780 777 768 
3210 1169 222 689 1051 
3211 1196 1158 420 1191 
3212 1187 1184 359 358 
3213 1203 849 826 852 
3214 532 1244 531 570 
3215 1282 1068 1059 1067 
3216 1266 797 786 770 
3217 1209 580 611 606 
3218 464 1226 779 769 
3219 1231 50 1232 1171 
3220 480 1259 481 1279 
3221 1244 1179 841 1100 
3222 1209 611 638 606 
3223 1268 488 720 687 
3224 1242 503 1276 545 
3225 1153 1276 1280 1273 
3226 67 413 830 412 
3227 944 866 968 60 
3228 1104 312 825 44 
3229 68 411 6 857 
3230 1157 1190 1168 437 
3231 6 857 60 68 
3232 651 709 736 695 
3233 551 780 910 313 
3234 815 756 781 514 
3235 1217 1263 754 789 
3236 1226 750 571 566 
3237 905 120 553 514 
3238 1259 1102 482 1103 
3239 915 26 542 317 
3240 806 99 572 528 
3241 1155 73 1258 455 
3242 1203 1109 1259 1094 
3243 1269 1159 1225 72 
3244 1213 388 1264 396 
3245 1247 869 851 862 
3246 1197 78 482 18 
3247 1244 1179 1100 1092 
3248 1220 461 15 456 
3249 1179 487 567 841 
3250 598 615 524 82 
3251 1249 590 1172 605 
3252 612 809 1011 610 
3253 1272 499 1253 528 
3254 612 1011 1007 170 
3255 1249 1172 1160 400 
3256 191 1172 1029 1038 
3257 1175 1277 1262 1161 
3258 490 660 720 94 
3259 1268 720 1242 691 
3260 1180 807 905 819 
3261 1180 313 905 314 
3262 1237 1093 1099 1097 
3263 1236 533 556 516 
3264 1226 566 540 897 
3265 356 41 271 795 
3266 1225 443 1261 1259 
3267 77 1269 1150 1159 
3268 866 968 68 1121 
3269 1196 1158 1154 1197 
3270 1245 1221 747 1072 
3271 1007 1281 612 1272 
3272 1068 317 815 1061 
3273 964 959 251 795 
3274 1202 1212 1076 355 
3275 1202 1076 763 355 
3276 724 210 971 997 
3277 1229 983 1230 995 
3278 1209 409 407 406 
3279 1209 409 1210 580 
3280 1209 611 1210 666 
3281 1228 1042 48 357 
3282 1248 54 1168 437 
3283 1230 1133 1232 50 
3284 1260 65 399 7 
3285 1229 983 995 941 
3286 1172 1188 408 398 
3287 1160 1185 1162 577 
3288 1156 586 666 698 
3289 27 1273 322 920 
3290 35 1229 683 659 
3291 936 947 337 1130 
3292 970 588 342 154 
3293 1186 983 1229 941 
3294 1234 982 936 61 
3295 894 706 671 726 
3296 873 894 671 863 
3297 1280 403 397 406 
3298 1275 1277 405 1276 
3299 1169 1047 49 1048 
3300 1171 679 1215 1049 
3301 494 135 513 921 
3302 392 880 383 393 
3303 1232 1126 1234 1132 
3304 1158 1197 419 1150 
3305 952 282 867 830 
3306 1213 394 388 384 
3307 1270 132 525 512 
3308 1235 926 1117 1115 
3309 866 961 283 968 
3310 1215 221 686 1048 
3311 1152 1046 734 718 
3312 1152 1254 1256 1050 
3313 1151 1058 233 1054 
3314 1055 704 352 235 
3315 1169 868 669 713 
3316 1270 1209 638 606 
3317 857 421 827 414 
3318 952 830 867 412 
3319 934 1123 1120 327 
3320 1081 759 795 271 
3321 634 954 987 151 
3322 1211 645 619 600 
3323 1211 584 1221 625 
3324 1207 817 793 745 
3325 788 653 610 141 
3326 1249 580 1209 606 
3327 1238 585 618 639 
3328 1272 1252 1253 499 
3329 1232 62 1234 1126 
3330 1248 347 1138 1142 
3331 396 62 1130 61 
3332 1270 916 1160 1185 
3333 179 591 1026 178 
3334 179 1018 1026 591 
3335 179 591 584 1018 
3336 179 584 180 1018 
3337 1236 515 1268 516 
3338 1192 877 1237 1093 
3339 1237 1199 909 498 
3340 1099 902 544 303 
3341 1099 544 1095 303 
3342 1099 521 544 902 
3343 1169 49 1254 1215 
3344 1099 902 303 302 
3345 982 286 285 891 
3346 982 891 1000 286 
3347 982 891 285 944 
3348 414 416 837 415 
3349 857 421 6 386 
3350 1183 1025 1166 1014 
3351 620 1183 1166 1033 
3352 414 415 837 845 
3353 1234 339 1126 949 
3354 982 393 891 387 
3355 387 1002 61 60 
3356 1002 972 60 944 
3357 1002 947 936 61 
3358 1039 410 399 1031 
3359 1039 1210 409 579 
3360 392 383 839 391 
3361 1183 1035 1033 1034 
3362 880 392 383 839 
3363 839 392 391 824 
3364 392 824 386 391 
3365 1216 353 745 753 
3366 1267 376 4 380 
3367 1267 593 648 644 
3368 1207 1239 1216 381 
3369 413 857 68 866 
3370 1154 1196 394 1191 
3371 1197 473 482 78 
3372 1248 1230 1190 362 
3373 1149 1110 1106 836 
3374 1177 1072 1245 52 
3375 58 376 1020 382 
3376 1231 1151 50 1052 
3377 1183 1035 1166 1033 
3378 1231 1151 364 370 
3379 1230 1133 352 1134 
3380 1057 1231 1052 351 
3381 1238 379 1216 1163 
3382 344 1147 980 343 
3383 1181 987 980 1017 
3384 1264 396 388 385 
3385 1264 1129 396 385 
3386 1000 287 286 831 
3387 1232 1132 1233 693 
3388 1000 831 286 891 
3389 1233 942 1234 863 
3390 1000 981 287 863 
3391 648 145 144 810 
3392 648 144 593 810 
3393 582 1267 644 608 
3394 1019 180 582 1018 
3395 1019 181 582 180 
3396 498 123 909 124 
3397 498 124 909 492 
3398 498 911 909 123 
3399 1244 1254 1256 1236 
3400 109 548 855 110 
3401 109 548 883 855 
3402 64 63 401 360 
3403 64 368 360 401 
3404 1260 595 579 193 
3405 1260 1194 716 662 
3406 32 1183 1014 184 
3407 1268 515 530 516 
3408 472 1254 49 1215 
3409 866 968 283 284 
3410 1183 1182 1184 1030 
3411 866 968 284 944 
3412 866 284 854 944 
3413 1220 847 1266 1084 
3414 482 18 1259 1261 
3415 1152 1254 17 478 
3416 43 1092 826 1244 
3417 17 472 478 1254 
3418 1217 856 872 828 
3419 1208 1189 1113 1118 
3420 231 1052 232 718 
3421 1223 1166 1023 436 
3422 1205 1181 430 432 
3423 1021 1016 1025 59 
3424 439 940 1227 427 
3425 1223 1023 1021 1022 
3426 1183 1184 1166 1035 
3427 948 1187 929 988 
3428 1 1045 1229 1151 
3429 1182 581 1040 597 
3430 1190 362 1168 54 
3431 349 1144 47 935 
3432 349 929 1144 935 
3433 349 348 1144 929 
3434 143 142 618 749 
3435 143 618 593 749 
3436 1154 366 1190 362 
3437 1154 389 390 79 
3438 361 48 1 1045 
3439 1186 960 1170 935 
3440 361 48 1045 1044 
3441 48 1045 350 1 
3442 1170 588 970 621 
3443 1186 1182 1228 1187 
3444 294 1199 855 883 
3445 1088 295 294 855 
3446 1192 1199 1237 534 
3447 464 1226 1201 779 
3448 1237 505 493 511 
3449 1226 859 900 843 
3450 1199 909 911 908 
3451 1199 1088 1085 1086 
3452 328 1123 934 327 
3453 328 952 934 1123 
3454 543 100 785 562 
3455 543 785 100 101 
3456 1186 1228 1182 1170 
3457 543 785 101 564 
3458 233 715 232 1058 
3459 233 1151 715 1058 
3460 1233 1171 1247 5 
3461 1233 688 1171 667 
3462 1233 706 671 873 
3463 1247 473 1104 391 
3464 292 1090 847 291 
3465 292 1090 898 847 
3466 32 1183 184 617 
3467 66 952 67 1112 
3468 66 1112 1123 952 
3469 66 412 67 952 
3470 66 1123 934 952 
3471 66 67 418 1112 
3472 1208 990 964 933 
3473 1236 537 556 511 
3474 1236 1241 1246 449 
3475 1193 1265 668 703 
3476 943 811 799 245 
3477 811 245 994 29 
3478 811 147 29 645 
3479 43 841 304 1100 
3480 1244 841 43 1100 
3481 679 221 1049 220 
3482 1169 1051 1047 1048 
3483 679 220 1049 684 
3484 1169 868 1244 669 
3485 310 879 1109 311 
3486 1220 822 875 884 
3487 1220 1091 1243 842 
3488 1240 489 519 493 
3489 546 915 128 514 
3490 546 128 915 129 
3491 546 119 907 514 
3492 1248 428 931 71 
3493 1229 56 363 370 
3494 995 953 1055 941 
3495 1127 333 953 995 
3496 1230 928 988 1001 
3497 966 727 991 203 
3498 727 30 991 203 
3499 67 424 1121 68 
3500 67 329 1121 1112 
3501 67 1112 1121 1119 
3502 67 1121 424 1119 
3503 66 1118 1123 1112 
3504 67 1112 1119 418 
3505 24 905 120 553 
3506 1173 915 546 514 
3507 905 819 807 781 
3508 93 660 490 94 
3509 93 660 700 490 
3510 1200 1243 1261 15 
3511 1251 1068 915 1174 
3512 1186 965 960 935 
3513 1173 129 914 529 
3514 1173 1271 1262 1224 
3515 926 434 427 956 
3516 956 1227 926 986 
3517 926 973 434 956 
3518 1235 1248 951 985 
3519 724 210 209 971 
3520 724 971 209 711 
3521 928 1135 334 335 
3522 928 946 334 1135 
3523 1248 1168 1190 437 
3524 1277 405 1276 1273 
3525 1164 1258 367 401 
3526 1219 75 76 459 
3527 1149 836 821 416 
3528 1186 983 965 935 
3529 1208 1157 1218 1212 
3530 1082 754 273 748 
3531 1082 273 274 748 
3532 1158 420 1189 425 
3533 1263 798 773 818 
3534 1173 1251 1262 1271 
3535 1193 668 714 703 
3536 1261 443 18 1259 
3537 1242 527 559 515 
3538 1279 444 13 448 
3539 1279 1246 1259 447 
3540 1261 419 1197 1150 
3541 1200 1225 1224 15 
3542 317 915 815 542 
3543 790 317 564 1069 
3544 1253 26 317 564 
3545 1253 543 562 499 
3546 1253 127 543 499 
3547 1260 33 595 1031 
3548 1260 594 595 33 
3549 1186 1228 1229 1187 
3550 1041 594 33 185 
3551 1184 398 63 1035 
3552 1186 1170 47 935 
3553 1170 709 651 587 
3554 1184 410 398 1037 
3555 1260 628 640 694 
3556 1260 1041 1184 594 
3557 1229 1228 35 350 
3558 1184 65 1194 64 
3559 1165 436 1166 440 
3560 1024 175 575 32 
3561 1024 175 1017 607 
3562 1024 575 175 607 
3563 285 854 944 891 
3564 285 854 284 944 
3565 626 697 160 690 
3566 626 697 599 160 
3567 626 160 161 690 
3568 815 102 542 103 
3569 815 790 542 102 
3570 1200 908 315 909 
3571 1226 859 791 900 
3572 1199 846 855 548 
3573 1195 386 421 827 
3574 1198 780 750 777 
3575 1217 10 415 417 
3576 1195 1101 1108 1105 
3577 1220 822 847 1084 
3578 1267 644 648 604 
3579 593 144 782 810 
3580 1165 1166 1168 440 
3581 16 767 458 784 
3582 16 775 767 784 
3583 457 16 775 470 
3584 16 463 784 458 
3585 16 752 775 784 
3586 16 775 752 75 
3587 1213 1135 1190 928 
3588 1230 1127 1133 1134 
3589 928 1135 335 950 
3590 1157 1191 1190 437 
3591 1085 846 296 295 
3592 1199 548 534 846 
3593 1186 1170 1182 1136 
3594 1182 1143 1283 1187 
3595 1183 32 575 617 
3596 575 1139 1147 1145 
3597 575 1147 1139 614 
3598 1024 1017 1147 607 
3599 1223 58 382 59 
3600 1183 184 1025 1014 
3601 1033 620 188 189 
3602 1033 641 620 189 
3603 1033 1032 641 189 
3604 298 849 297 1096 
3605 715 1045 1044 1151 
3606 333 946 1127 334 
3607 131 1270 132 918 
3608 1156 523 1270 616 
3609 1182 1139 575 1145 
3610 1183 1030 1034 187 
3611 1184 581 1182 1170 
3612 426 437 436 1165 
3613 1182 597 633 632 
3614 1248 437 1283 54 
3615 1190 928 1230 1248 
3616 734 227 1046 226 
3617 1265 734 1046 226 
3618 1165 437 1283 11 
3619 734 1046 227 718 
3620 619 649 149 976 
3621 619 976 148 645 
3622 619 976 149 148 
3623 1211 783 967 943 
3624 945 794 249 969 
3625 945 249 794 250 
3626 1202 1080 279 796 
3627 1202 1076 1212 1080 
3628 426 437 1165 11 
3629 1234 891 393 831 
3630 338 1130 936 337 
3631 1234 982 949 936 
3632 338 949 1126 339 
3633 1264 50 1230 1232 
3634 1229 212 1151 1045 
3635 1170 966 727 991 
3636 1182 633 575 632 
3637 1260 661 1228 1042 
3638 685 1242 681 1280 
3639 1276 503 495 545 
3640 691 670 1268 687 
3641 1165 1283 426 11 
3642 857 414 885 413 
3643 857 414 827 844 
3644 414 821 844 837 
3645 414 421 821 416 
3646 253 992 38 818 
3647 551 780 105 106 
3648 551 571 780 106 
3649 551 509 780 571 
3650 133 525 916 132 
3651 133 510 916 525 
3652 133 134 917 510 
3653 1169 1048 1215 686 
3654 733 1051 689 223 
3655 1220 1091 1084 1089 
3656 874 1220 822 847 
3657 290 291 822 1084 
3658 1244 1204 1179 1092 
3659 157 729 646 19 
3660 1181 930 937 922 
3661 1167 401 1257 404 
3662 1181 344 980 930 
3663 1172 1188 592 601 
3664 1185 510 916 917 
3665 1188 3 589 377 
3666 1182 1040 1030 597 
3667 1166 1188 620 1033 
3668 1182 1146 1139 1145 
3669 1165 1283 1182 1141 
3670 1248 54 1283 55 
3671 786 890 239 737 
3672 142 653 618 749 
3673 143 782 593 144 
3674 1262 1176 454 451 
3675 1173 1271 507 529 
3676 242 789 243 828 
3677 242 861 789 828 
3678 242 789 861 774 
3679 1151 1052 1152 718 
3680 1232 352 1133 1124 
3681 1229 56 1187 1228 
3682 1230 352 50 1055 
3683 1151 363 364 370 
3684 1229 1054 234 1055 
3685 1186 1144 1136 1143 
3686 200 692 823 201 
3687 1188 620 1033 641 
3688 398 1029 408 1172 
3689 192 573 1029 191 
3690 1260 609 719 723 
3691 1240 507 1271 519 
3692 1192 300 42 887 
3693 1087 289 42 896 
3694 1199 508 498 548 
3695 1192 301 887 846 
3696 1192 1199 534 846 
3697 1167 1166 63 1188 
3698 1243 1109 860 879 
3699 46 974 1124 332 
3700 1179 1237 1099 1097 
3701 1093 302 301 877 
3702 1179 526 1237 505 
3703 482 1108 475 473 
3704 1203 1109 298 311 
3705 1203 298 1094 1096 
3706 482 1103 1102 1108 
3707 1195 473 1197 390 
3708 1242 490 527 568 
3709 1270 523 569 616 
3710 1270 1273 1249 1160 
3711 1270 525 569 512 
3712 1249 409 1209 580 
3713 1270 132 916 525 
3714 1236 504 556 537 
3715 489 906 117 23 
3716 489 906 23 316 
3717 489 492 316 23 
3718 984 959 798 252 
3719 253 798 984 992 
3720 1217 789 861 828 
3721 934 1120 933 327 
3722 1153 522 496 517 
3723 1153 1273 1280 406 
3724 1278 675 663 665 
3725 490 700 1153 660 
3726 700 541 92 539 
3727 1236 1179 1237 511 
3728 1268 687 701 557 
3729 1156 1278 699 666 
3730 995 1229 941 1055 
3731 672 1055 234 235 
3732 1248 1230 362 55 
3733 1235 437 1248 1190 
3734 634 177 176 1027 
3735 634 1027 623 177 
3736 634 1027 954 623 
3737 1183 1033 184 188 
3738 1248 1142 11 71 
3739 1213 972 1214 384 
3740 1167 360 367 63 
3741 1274 1161 1167 1176 
3742 1039 409 192 579 
3743 1039 192 409 1029 
3744 576 1005 167 166 
3745 1162 574 576 636 
3746 599 160 697 159 
3747 1209 399 1210 409 
3748 626 161 628 690 
3749 1156 563 547 646 
3750 306 827 1101 307 
3751 306 1105 824 305 
3752 306 1101 386 1105 
3753 306 386 1101 827 
3754 315 1173 1180 1224 
3755 494 1277 513 1271 
3756 1161 379 374 375 
3757 1271 513 494 518 
3758 261 765 262 1070 
3759 261 1066 260 760 
3760 1227 957 958 975 
3761 1207 771 266 761 
3762 1225 1246 453 447 
3763 1222 373 1223 1166 
3764 1162 636 1172 590 
3765 31 1008 174 577 
3766 1162 636 590 574 
3767 96 557 97 701 
3768 96 687 557 701 
3769 1170 1136 47 932 
3770 1170 932 960 966 
3771 1170 613 621 587 
3772 1170 341 1136 932 
3773 1186 722 1228 664 
3774 1186 1228 1170 664 
3775 1170 970 932 978 
3776 1170 609 581 613 
3777 258 790 1061 257 
3778 258 790 1069 1061 
3779 258 259 1069 785 
3780 648 772 625 145 
3781 142 653 749 788 
3782 1153 685 1280 735 
3783 1275 405 1277 1257 
3784 531 533 1179 1236 
3785 532 1244 1268 531 
3786 1268 530 559 488 
3787 1237 534 550 521 
3788 1236 1276 1275 1256 
3789 1151 1054 233 212 
3790 1152 1254 49 17 
3791 1164 1258 1148 365 
3792 1229 1151 363 1 
3793 341 970 1146 342 
3794 1170 613 651 609 
3795 1167 1166 360 63 
3796 1269 1206 471 1150 
3797 1195 1101 386 827 
3798 1243 1103 1259 1261 
3799 1103 888 309 1110 
3800 1167 63 367 401 
3801 1216 753 793 778 
3802 1245 267 1075 739 
3803 1267 608 376 380 
3804 1245 747 1221 758 
3805 275 1083 742 276 
3806 1157 1190 1158 1168 
3807 541 91 657 92 
3808 1167 367 1258 401 
3809 310 860 1109 879 
3810 1200 1246 1259 1237 
3811 1220 1149 875 903 
3812 1236 1254 1275 448 
3813 1268 687 673 701 
3814 691 670 1242 1268 
3815 266 1073 761 267 
3816 1206 742 803 771 
3817 306 386 824 1105 
3818 824 391 305 1105 
3819 880 392 839 895 
3820 880 392 858 393 
3821 401 8 1167 63 
3822 199 832 732 198 
3823 1202 796 763 1076 
3824 1202 796 1076 1080 
3825 1269 1225 1159 15 
3826 1206 802 457 801 
3827 1192 1098 300 887 
3828 1157 1158 1218 1150 
3829 1263 773 893 818 
3830 1200 1225 1259 1246 
3831 1269 1150 1157 1206 
3832 1192 877 301 846 
3833 678 97 549 557 
3834 1255 223 733 658 
3835 678 97 557 701 
3836 974 208 209 711 
3837 974 209 971 711 
3838 974 999 208 704 
3839 1140 346 431 1142 
3840 426 1140 1142 1141 
3841 1181 426 1140 431 
3842 1140 345 1137 930 
3843 1140 922 346 345 
3844 1140 346 922 431 
3845 979 1177 1211 1205 
3846 980 987 152 607 
3847 344 1137 345 930 
3848 1230 1055 995 953 
3849 1213 977 1111 45 
3850 1127 334 946 1135 
3851 212 1151 1045 715 
3852 1230 983 988 995 
3853 1248 1283 437 11 
3854 1239 1269 14 72 
3855 1161 379 375 1005 
3856 395 60 854 387 
3857 395 854 835 387 
3858 22 566 107 813 
3859 22 813 897 566 
3860 1253 1069 543 564 
3861 1253 1069 317 1067 
3862 915 26 128 542 
3863 317 1069 1061 1067 
3864 1253 127 499 913 
3865 1167 1188 63 8 
3866 26 1253 317 127 
3867 696 960 676 205 
3868 696 204 960 205 
3869 1186 983 1187 1230 
3870 1184 63 64 360 
3871 1160 590 1162 1172 
3872 1160 1175 1162 1161 
3873 1167 1175 1188 8 
3874 1272 562 1253 806 
3875 1253 259 755 785 
3876 1272 572 812 635 
3877 1217 1149 417 416 
3878 752 1219 792 740 
3879 752 751 770 459 
3880 752 75 751 459 
3881 81 20 572 635 
3882 81 572 528 635 
3883 1247 829 1104 889 
3884 1247 839 869 383 
3885 206 941 717 207 
3886 206 717 941 965 
3887 1267 644 608 639 
3888 1216 778 800 753 
3889 1267 604 648 772 
3890 1267 57 4 376 
3891 125 912 319 552 
3892 125 319 25 552 
3893 1263 992 798 818 
3894 1217 828 861 856 
3895 1158 422 1150 419 
3896 1227 427 435 439 
3897 1177 429 1178 1222 
3898 1198 750 780 910 
3899 292 859 898 1090 
3900 724 671 1132 693 
3901 1247 1215 1171 862 
3902 1169 876 868 834 
3903 1154 394 1197 390 
3904 1171 230 684 1057 
3905 1169 834 878 876 
3906 1190 928 1135 1230 
3907 1195 1261 482 1107 
3908 1195 421 419 416 
3909 1195 386 1101 1105 
3910 283 830 282 961 
3911 265 264 803 1074 
3912 265 803 771 1074 
3913 494 136 135 921 
3914 1240 1237 1200 909 
3915 1157 1189 1158 1191 
3916 1270 918 322 321 
3917 1248 362 54 55 
3918 371 3 375 377 
3919 1167 1257 1175 404 
3920 483 477 366 484 
3921 1148 484 483 366 
3922 838 416 837 836 
3923 1198 314 1180 315 
3924 563 646 89 547 
3925 563 89 646 19 
3926 662 661 723 1260 
3927 1210 716 7 674 
3928 1039 1029 410 1037 
3929 1270 1249 627 602 
3930 98 728 561 21 
3931 678 549 561 500 
3932 1164 1257 1148 452 
3933 1242 1268 559 536 
3934 1121 968 961 866 
3935 1121 1114 330 968 
3936 1121 67 68 413 
3937 1121 68 1114 968 
3938 1121 68 424 1114 
3939 1121 329 961 330 
3940 1121 1114 424 1119 
3941 840 952 867 66 
3942 67 1119 424 418 
3943 67 1112 952 329 
3944 1238 618 1267 639 
3945 1252 1010 1008 1013 
3946 1281 1007 1011 1006 
3947 1184 1194 1228 357 
3948 188 617 1034 187 
3949 582 1267 608 376 
3950 376 608 582 596 
3951 778 1245 758 739 
3952 1238 1066 1281 1070 
3953 376 608 378 380 
3954 758 1221 1267 772 
3955 1274 1222 1168 440 
3956 1222 372 58 373 
3957 1019 596 582 181 
3958 1177 1211 1026 1018 
3959 1202 958 1178 969 
3960 763 249 794 969 
3961 816 249 763 969 
3962 1177 939 963 962 
3963 994 29 148 645 
3964 1202 969 763 794 
3965 994 148 976 645 
3966 1178 962 967 924 
3967 1211 645 811 994 
3968 1202 794 763 796 
3969 392 824 895 835 
3970 1234 942 1126 339 
3971 1234 62 393 61 
3972 824 391 839 829 
3973 1167 446 1258 1176 
3974 9 6 421 1196 
3975 227 351 36 718 
3976 1193 1256 1280 714 
3977 1152 1050 1046 1047 
3978 1216 1239 379 381 
3979 1252 499 524 501 
3980 1171 1247 389 474 
3981 1208 1120 934 1123 
3982 1213 950 1125 1135 
3983 1227 325 1117 986 
3984 1191 1189 420 1116 
3985 1212 429 1222 1178 
3986 1170 709 727 680 
3987 966 727 203 680 
3988 1170 1146 970 588 
3989 680 966 204 203 
3990 629 84 560 603 
3991 629 85 560 84 
3992 1231 1154 80 389 
3993 1171 1049 1215 351 
3994 230 667 229 1053 
3995 1038 191 592 190 
3996 1038 1032 398 1029 
3997 398 1029 1172 1038 
3998 1219 740 274 1077 
3999 1217 861 850 899 
4000 1263 773 754 789 
4001 931 973 989 71 
4002 931 989 346 71 
4003 931 973 71 428 
4004 1245 747 739 268 
4005 1216 778 820 800 
4006 1211 805 746 808 
4007 1202 1178 763 969 
4008 1208 1113 925 326 
4009 429 439 1212 1222 
4010 1208 1218 1189 422 
4011 41 1202 356 279 
4012 472 351 1171 1215 
4013 1169 1203 1215 476 
4014 1242 681 1256 670 
4015 1050 655 225 224 
4016 1255 673 670 658 
4017 668 1050 655 225 
4018 1242 568 527 545 
4019 868 707 1244 669 
4020 1268 673 708 701 
4021 1206 1212 1074 1079 
4022 757 468 802 738 
4023 1227 1202 1208 925 
4024 1226 897 883 843 
4025 465 768 1180 1198 
4026 977 1111 45 323 
4027 1248 1190 928 985 
4028 1283 1138 1187 1143 
4029 1213 1191 1190 388 
4030 1213 1135 928 950 
4031 766 767 466 744 
4032 766 744 466 743 
4033 1251 913 1252 912 
4034 307 1195 1101 1106 
4035 1106 421 821 307 
4036 1243 1261 1149 1103 
4037 1149 419 417 416 
4038 1106 821 308 307 
4039 836 1106 821 308 
4040 1261 1150 1159 77 
4041 121 122 910 509 
4042 780 571 750 106 
4043 780 509 910 750 
4044 551 780 509 910 
4045 964 1208 933 959 
4046 351 1231 1152 17 
4047 1202 990 945 964 
4048 837 845 415 856 
4049 1217 417 415 416 
4050 475 1104 1102 1203 
4051 500 1244 570 535 
4052 567 535 841 487 
4053 1169 1255 1254 1047 
4054 762 804 146 600 
4055 762 146 147 600 
4056 1231 1152 1151 1052 
4057 1244 833 500 870 
4058 881 114 535 115 
4059 487 881 882 114 
4060 1234 62 61 1130 
4061 1231 1264 1230 370 
4062 1171 1049 351 684 
4063 1265 1050 1152 1256 
4064 869 383 839 880 
4065 1234 5 383 393 
4066 1234 393 880 831 
4067 1232 389 5 385 
4068 995 1229 1055 1230 
4069 1181 930 1140 1137 
4070 799 246 783 943 
4071 1211 591 1026 1018 
4072 1211 799 762 808 
4073 1245 57 372 381 
4074 1198 1226 1199 1086 
4075 1226 540 1199 883 
4076 1217 1219 751 748 
4077 1217 415 837 416 
4078 414 885 413 412 
4079 857 414 844 885 
4080 560 603 84 520 
4081 1172 592 191 573 
4082 1181 1145 1147 1137 
4083 1165 1182 1283 358 
4084 1237 1099 521 526 
4085 118 1173 529 546 
4086 1240 492 909 316 
4087 1240 1241 1271 449 
4088 1177 1211 783 967 
4089 1211 584 591 1018 
4090 1211 649 976 927 
4091 1221 582 1019 376 
4092 1245 778 1216 793 
4093 1205 430 937 939 
4094 1205 1223 1022 432 
4095 1149 1103 1261 1110 
4096 1227 925 1208 1113 
4097 1149 888 1110 903 
4098 1220 875 1149 884 
4099 1156 555 491 523 
4100 563 506 90 729 
4101 89 547 622 88 
4102 1161 1163 379 1005 
4103 513 921 1160 1277 
4104 1173 1174 914 915 
4105 612 809 140 787 
4106 612 170 1007 171 
4107 612 610 1011 170 
4108 598 1012 172 171 
4109 1272 812 806 787 
4110 925 1113 325 326 
4111 940 69 12 939 
4112 964 1202 1208 356 
4113 1208 418 423 422 
4114 1182 632 1146 588 
4115 1165 1168 1167 2 
4116 634 623 954 151 
4117 1156 547 563 506 
4118 1210 611 599 630 
4119 130 529 914 129 
4120 1271 494 538 518 
4121 974 208 711 704 
4122 724 971 1132 997 
4123 724 671 210 997 
4124 724 1132 971 1124 
4125 46 971 1124 711 
4126 877 1099 902 521 
4127 1192 42 1087 296 
4128 239 890 898 737 
4129 239 898 238 737 
4130 715 1052 232 1058 
4131 233 683 1054 234 
4132 254 255 1065 738 
4133 254 353 39 745 
4134 424 1119 420 418 
4135 830 67 412 952 
4136 1214 1114 424 68 
4137 1214 968 972 331 
4138 671 993 726 211 
4139 993 34 288 894 
4140 689 1051 222 223 
4141 1255 1047 1051 223 
4142 1211 805 762 804 
4143 146 804 625 600 
4144 167 578 168 1009 
4145 1009 578 1238 378 
4146 1236 1256 1268 1276 
4147 1240 909 315 316 
4148 1237 1093 1097 1098 
4149 1266 464 797 463 
4150 1244 848 870 868 
4151 1240 315 1200 1224 
4152 1204 1097 1092 1096 
4153 1249 1172 400 408 
4154 1277 919 494 921 
4155 1242 1256 1268 670 
4156 1236 1275 1241 448 
4157 1169 1203 852 1215 
4158 1234 942 339 949 
4159 634 607 1017 176 
4160 1219 742 1206 792 
4161 199 688 832 862 
4162 1040 597 581 186 
4163 1184 1030 1182 1040 
4164 1040 186 581 185 
4165 1183 1181 1165 1182 
4166 1170 970 341 932 
4167 1205 927 623 649 
4168 1235 998 926 923 
4169 1172 408 605 573 
4170 507 489 906 117 
4171 130 319 518 25 
4172 268 1245 1072 1075 
4173 1205 1022 1020 1026 
4174 778 1245 4 758 
4175 1223 1023 1166 1021 
4176 1075 739 267 268 
4177 328 329 952 1112 
4178 66 412 952 867 
4179 1126 1130 1129 62 
4180 1234 880 864 831 
4181 1231 1052 50 1057 
4182 1126 62 1129 385 
4183 1232 389 1171 5 
4184 1231 1264 1154 389 
4185 1067 1251 1068 317 
4186 1174 1059 1063 1065 
4187 1192 1243 896 1098 
4188 738 1239 468 1174 
4189 1180 466 1174 743 
4190 743 1180 766 807 
4191 743 1180 807 1174 
4192 1231 364 1152 483 
4193 1151 734 677 718 
4194 17 1231 1152 483 
4195 1155 1176 1250 1168 
4196 1283 54 358 55 
4197 1170 680 727 966 
4198 1186 929 1187 983 
4199 1186 696 960 676 
4200 1186 47 1170 1136 
4201 1267 639 608 380 
4202 376 382 1016 1020 
4203 376 1016 382 596 
4204 557 532 678 701 
4205 1244 833 870 901 
4206 678 97 98 549 
4207 1181 987 1017 1027 
4208 1205 954 623 927 
4209 1141 1181 426 1140 
4210 1210 595 626 579 
4211 1210 579 580 409 
4212 1231 80 1154 483 
4213 317 564 542 790 
4214 1217 754 1082 748 
4215 1208 423 418 1118 
4216 1081 272 759 271 
4217 1078 273 754 272 
4218 1191 923 977 985 
4219 1208 925 990 933 
4220 1263 871 840 893 
4221 1208 418 1189 1118 
4222 1199 498 508 911 
4223 822 291 847 1084 
4224 1227 957 427 940 
4225 1252 501 126 499 
4226 1278 674 7 663 
4227 27 918 322 491 
4228 476 472 475 1215 
4229 1217 751 1219 459 
4230 1231 50 1151 1230 
4231 1213 388 396 384 
4232 1214 1114 68 968 
4233 1183 1030 1184 1035 
4234 1166 1025 1188 3 
4235 1223 1022 1021 1020 
4236 1025 3 59 382 
4237 1025 59 1016 382 
4238 1025 589 182 183 
4239 1214 1191 420 1116 
4240 1182 1187 1283 358 
4241 1079 264 803 277 
4242 803 1079 277 276 
4243 1206 771 803 1074 
4244 1079 264 1074 803 
4245 1220 1201 1243 1089 
4246 1236 1256 1244 1268 
4247 1220 1084 1201 1089 
4248 1203 1094 298 1109 
4249 1169 669 733 689 
4250 552 319 513 1251 
4251 1035 1033 1032 1188 
4252 1213 1128 1129 1125 
4253 1213 1129 1264 1125 
4254 1188 398 63 8 
4255 727 165 709 587 
4256 1170 647 978 991 
4257 1183 575 633 617 
4258 396 1213 384 947 
4259 1277 919 1276 486 
4260 1275 1164 1257 1148 
4261 451 1167 1176 446 
4262 1275 1277 1241 450 
4263 1154 1196 1191 1158 
4264 362 1231 1154 364 
4265 392 858 393 387 
4266 1233 383 1247 869 
4267 390 79 389 474 
4268 390 473 79 474 
4269 390 78 79 473 
4270 1261 1197 482 18 
4271 1243 1109 1103 860 
4272 1195 1261 1107 1110 
4273 361 357 1194 368 
4274 1164 1194 368 361 
4275 1265 1050 668 1046 
4276 1156 506 541 555 
4277 1156 1209 1278 666 
4278 1156 710 699 657 
4279 1249 605 408 409 
4280 1211 943 1003 976 
4281 1211 619 643 600 
4282 1205 591 1015 1026 
4283 1171 1247 472 1215 
4284 1242 1256 1280 1276 
4285 1242 527 536 559 
4286 1068 317 915 815 
4287 35 1228 219 350 
4288 35 1229 659 1228 
4289 413 885 830 412 
4290 414 411 413 857 
4291 1121 968 330 961 
4292 1214 1114 968 331 
4293 6 857 386 395 
4294 60 68 1214 6 
4295 866 885 413 857 
4296 1120 933 327 326 
4297 1208 934 1120 933 
4298 945 964 250 814 
4299 1081 356 271 795 
4300 1232 5 1234 62 
4301 352 1230 953 1055 
4302 35 1229 212 683 
4303 212 1229 350 1045 
4304 212 213 715 1045 
4305 192 409 1029 573 
4306 1039 1037 410 1031 
4307 970 1146 342 588 
4308 1244 678 500 549 
4309 1244 707 678 708 
4310 561 892 21 728 
4311 398 1037 1032 1035 
4312 398 1037 410 1029 
4313 1260 1039 1210 399 
4314 1167 367 360 369 
4315 398 1029 1032 1037 
4316 1183 1033 188 1034 
4317 475 1247 473 1104 
4318 1247 1104 475 889 
4319 475 889 1104 825 
4320 1215 865 832 886 
4321 1049 684 220 351 
4322 677 213 214 1044 
4323 1169 1244 1255 733 
4324 1220 888 875 842 
4325 472 17 80 1171 
4326 114 113 882 487 
4327 487 881 114 535 
4328 1236 1256 1275 1254 
4329 1162 1010 1163 1005 
4330 1184 410 64 398 
4331 1171 688 1215 679 
4332 396 62 1129 1130 
4333 1232 50 352 1056 
4334 396 1129 62 385 
4335 221 222 686 1048 
4336 865 832 679 1215 
4337 1254 17 472 49 
4338 466 767 470 744 
4339 466 744 470 468 
4340 1180 904 315 314 
4341 1180 766 819 768 
4342 905 907 119 514 
4343 1281 1163 1010 1006 
4344 261 765 1070 1066 
4345 261 765 1066 760 
4346 1282 1059 1174 1065 
4347 1243 1091 1087 289 
4348 390 391 1104 473 
4349 1149 1103 1110 888 
4350 1242 681 691 721 
4351 1195 1106 421 416 
4352 952 840 867 281 
4353 952 955 840 281 
4354 1255 1268 1244 1256 
4355 952 867 282 281 
4356 1015 623 954 1027 
4357 1205 954 1181 1027 
4358 1205 1181 954 930 
4359 1211 976 619 645 
4360 1015 623 177 178 
4361 1015 177 623 1027 
4362 173 1013 603 174 
4363 1025 620 589 183 
4364 1255 655 224 658 
4365 1160 1162 590 577 
4366 1025 589 1016 182 
4367 1223 1166 436 440 
4368 1172 636 1188 601 
4369 1162 1163 1010 1008 
4370 1188 1033 1032 641 
4371 1207 353 1216 1239 
4372 1216 262 1070 1071 
4373 1238 820 1267 749 
4374 1282 1239 1161 379 
4375 1282 1239 1262 1161 
4376 1261 1159 15 77 
4377 1194 656 7 716 
4378 1255 224 1047 658 
4379 685 1242 721 681 
4380 668 1193 714 1256 
4381 1174 1065 1063 738 
4382 1266 1149 461 459 
4383 470 767 775 744 
4384 16 75 752 463 
4385 470 744 802 468 
4386 470 744 775 802 
4387 466 458 767 465 
4388 161 694 628 690 
4389 161 162 628 694 
4390 9 68 6 1214 
4391 1195 482 1261 1197 
4392 414 415 845 412 
4393 821 414 844 827 
4394 60 968 944 972 
4395 982 1002 61 387 
4396 429 1178 433 1177 
4397 1166 1188 1025 620 
4398 1262 1224 1271 445 
4399 1167 367 369 2 
4400 1025 382 1016 589 
4401 1255 670 655 658 
4402 1263 798 984 959 
4403 964 1202 990 1208 
4404 1263 773 789 871 
4405 253 252 984 798 
4406 992 893 38 818 
4407 992 893 280 38 
4408 391 305 1105 1104 
4409 1039 409 410 1029 
4410 1255 670 1256 655 
4411 1184 65 64 410 
4412 1109 1094 879 1243 
4413 747 1072 269 268 
4414 1156 657 541 710 
4415 1019 376 1016 1020 
4416 378 578 639 652 
4417 639 608 380 378 
4418 1255 655 1256 1050 
4419 1255 733 673 658 
4420 378 624 578 652 
4421 378 624 382 377 
4422 1255 733 1244 673 
4423 1255 670 1268 1256 
4424 1213 1214 972 1122 
4425 1234 949 1000 981 
4426 1279 13 1254 448 
4427 1255 673 1244 1268 
4428 1240 906 507 489 
4429 308 1110 309 903 
4430 308 903 836 1110 
4431 1106 416 821 421 
4432 1234 393 982 61 
4433 1232 1234 1233 1132 
4434 1248 1001 1230 988 
4435 1247 389 474 390 
4436 880 1233 1234 864 
4437 1234 942 981 863 
4438 36 351 220 684 
4439 351 231 684 36 
4440 231 1057 1052 351 
4441 1153 712 700 657 
4442 1279 1259 1204 480 
4443 1055 704 941 999 
4444 1279 448 447 444 
4445 704 941 999 207 
4446 1233 671 706 731 
4447 1279 481 479 444 
4448 1169 689 733 1051 
4449 1171 1247 474 472 
4450 1169 476 1254 1204 
4451 1047 658 224 223 
4452 1255 673 1268 670 
4453 1192 1259 1200 1243 
4454 1237 521 877 534 
4455 1198 750 1226 777 
4456 1260 694 682 723 
4457 1182 1024 1181 1145 
4458 1224 467 1180 465 
4459 1241 538 554 519 
4460 1195 482 1108 1107 
4461 206 965 676 717 
4462 717 1229 1055 941 
4463 1170 978 647 621 
4464 1184 581 1041 1040 
4465 1232 5 62 385 
4466 1235 435 1191 1189 
4467 200 688 199 862 
4468 1233 1247 383 5 
4469 1266 850 884 899 
4470 1220 1103 1243 1149 
4471 1269 72 1225 14 
4472 1266 462 459 461 
4473 1266 786 737 890 
4474 982 891 944 387 
4475 1247 851 869 839 
4476 1234 982 891 831 
4477 102 790 564 101 
4478 911 123 508 122 
4479 1198 464 1226 1201 
4480 911 509 122 508 
4481 911 509 910 122 
4482 1240 1224 1246 449 
4483 1243 842 1091 289 
4484 1221 805 747 746 
4485 1207 1065 1239 738 
4486 1177 1178 939 962 
4487 1221 376 1267 582 
4488 1221 376 1019 1020 
4489 1199 1086 1085 1089 
4490 1251 1277 1271 513 
4491 1199 540 508 548 
4492 1104 1108 390 473 
4493 898 847 1090 1201 
4494 1195 1197 1261 419 
4495 513 25 319 552 
4496 1279 480 479 481 
4497 1271 445 449 450 
4498 28 921 320 513 
4499 254 1065 353 745 
4500 845 872 415 856 
4501 1220 456 1201 462 
4502 1205 1015 591 649 
4503 1181 1147 1024 1017 
4504 1205 937 979 939 
4505 1205 1028 1181 1022 
4506 1205 1022 1181 432 
4507 1177 746 1072 764 
4508 1015 178 1026 591 
4509 1211 976 994 943 
4510 1245 793 1207 761 
4511 16 470 458 767 
4512 752 75 775 792 
4513 1172 1188 398 1038 
4514 1270 523 491 512 
4515 577 1160 602 590 
4516 1259 481 1279 443 
4517 1238 1011 1281 760 
4518 1011 610 169 170 
4519 576 167 378 578 
4520 1185 560 629 510 
4521 1270 322 1273 321 
4522 588 1182 632 613 
4523 1182 581 597 613 
4524 1181 1223 436 432 
4525 1142 11 426 1141 
4526 1179 526 505 511 
4527 1279 443 481 444 
4528 704 941 207 717 
4529 207 704 208 999 
4530 741 105 104 553 
4531 741 553 104 781 
4532 551 509 121 910 
4533 415 856 872 10 
4534 415 872 412 10 
4535 1217 872 1263 828 
4536 1217 838 837 856 
4537 421 6 411 857 
4538 954 150 623 927 
4539 954 151 623 150 
4540 1181 1023 1223 1022 
4541 1211 783 808 746 
4542 69 12 427 940 
4543 1245 761 267 739 
4544 1221 584 582 604 
4545 1245 739 793 761 
4546 1211 1003 963 979 
4547 1221 376 58 57 
4548 1178 958 924 969 
4549 1178 355 816 764 
4550 1264 385 388 389 
4551 971 942 1132 997 
4552 352 974 704 999 
4553 576 578 378 624 
4554 378 624 596 382 
4555 1253 1069 259 785 
4556 1272 1253 562 528 
4557 806 785 100 562 
4558 806 100 99 562 
4559 806 99 528 562 
4560 374 1161 1274 1176 
4561 1158 422 1218 1150 
4562 1025 3 382 589 
4563 1274 371 374 373 
4564 1211 584 625 643 
4565 1186 929 983 935 
4566 1170 621 647 587 
4567 1279 447 443 444 
4568 1266 890 874 850 
4569 1266 898 890 737 
4570 1266 797 770 463 
4571 786 850 240 890 
4572 1188 375 371 3 
4573 1155 72 1176 446 
4574 1160 1172 1175 400 
4575 1206 457 802 468 
4576 1274 374 1250 372 
4577 1275 1241 1277 1276 
4578 1269 460 1225 15 
4579 1201 1084 847 1090 
4580 1091 842 290 289 
4581 465 1224 469 1198 
4582 1198 1226 464 769 
4583 1220 462 1201 1266 
4584 1219 1077 1218 53 
4585 1220 290 1091 842 
4586 1206 801 757 802 
4587 1239 1269 72 1176 
4588 1252 1185 1013 1008 
4589 1252 501 520 558 
4590 125 501 912 552 
4591 1156 622 547 523 
4592 443 18 1259 481 
4593 1217 872 856 10 
4594 1160 1175 1277 400 
4595 1251 1281 1253 1067 
4596 317 1251 318 913 
4597 1262 1161 1239 1176 
4598 741 24 553 313 
4599 301 887 300 1098 
4600 1192 1200 1199 1085 
4601 1236 1204 1246 1097 
4602 917 28 497 134 
4603 1236 1179 1204 1097 
4604 320 497 513 1185 
4605 1279 1246 1236 1204 
4606 1157 1168 438 437 
4607 1189 1116 418 420 
4608 1116 418 1119 1118 
4609 1117 986 325 324 
4610 80 79 474 389 
4611 533 1236 556 511 
4612 1265 1152 1151 361 
4613 472 474 475 1247 
4614 1169 1051 1255 1047 
4615 1234 891 982 393 
4616 1186 1187 929 1144 
4617 1154 1197 1155 477 
4618 845 885 412 867 
4619 67 961 1121 329 
4620 885 867 830 412 
4621 1236 1241 1276 504 
4622 142 653 788 141 
4623 1267 820 782 749 
4624 1267 782 593 749 
4625 820 1238 1267 1216 
4626 1211 976 1003 927 
4627 791 236 900 237 
4628 897 791 813 236 
4629 686 197 198 865 
4630 732 686 198 865 
4631 157 158 586 698 
4632 666 586 630 158 
4633 1247 862 851 886 
4634 1242 1268 1276 515 
4635 1169 848 1244 868 
4636 1244 841 1179 567 
4637 1201 1266 464 797 
4638 779 898 737 238 
4639 1266 776 751 770 
4640 898 847 1201 1266 
4641 1216 262 753 765 
4642 1207 761 817 771 
4643 1185 577 629 603 
4644 1252 1007 1010 1012 
4645 1238 653 618 585 
4646 1238 639 1267 380 
4647 1203 1102 1259 1109 
4648 310 888 1103 860 
4649 1154 366 483 477 
4650 67 830 413 961 
4651 534 111 846 110 
4652 534 846 548 110 
4653 534 846 111 877 
4654 1157 1189 1191 435 
4655 1195 482 1197 473 
4656 612 787 139 635 
4657 727 30 647 991 
4658 1279 1204 1254 476 
4659 1213 1214 394 384 
4660 1215 886 853 865 
4661 1201 464 1266 462 
4662 773 871 243 789 
4663 1263 272 754 759 
4664 773 871 244 243 
4665 874 1220 847 1266 
4666 1200 1237 1199 909 
4667 23 909 124 492 
4668 1243 888 842 860 
4669 1236 448 1241 449 
4670 1236 1179 1244 1204 
4671 1192 1085 1199 846 
4672 1198 1200 908 315 
4673 1272 806 812 528 
4674 1238 760 1281 1066 
4675 168 1238 169 1006 
4676 1238 1163 1281 1006 
4677 1228 661 219 1042 
4678 35 1228 659 219 
4679 1228 350 48 1042 
4680 688 832 862 1215 
4681 1152 364 1148 483 
4682 1262 1277 451 450 
4683 1231 1232 1264 389 
4684 1259 1192 1200 1237 
4685 1232 1053 50 1056 
4686 1192 1087 1085 296 
4687 1262 451 445 450 
4688 118 1173 546 907 
4689 1173 507 1271 906 
4690 743 738 744 468 
4691 1192 1093 1237 1098 
4692 514 815 915 542 
4693 337 1128 947 336 
4694 337 1128 1130 947 
4695 936 947 1130 61 
4696 1153 545 522 568 
4697 1276 919 920 495 
4698 27 918 491 131 
4699 1277 1276 1241 486 
4700 1156 638 1270 1209 
4701 1153 675 1280 685 
4702 1278 674 663 702 
4703 1275 1280 1276 405 
4704 654 1043 215 216 
4705 1193 1164 1194 402 
4706 897 791 236 900 
4707 1226 779 859 1090 
4708 795 1263 959 798 
4709 1192 1243 1200 1087 
4710 845 412 872 867 
4711 1237 521 1099 1093 
4712 1179 1100 1092 1095 
4713 1019 181 1016 596 
4714 1240 909 1200 315 
4715 1240 489 507 519 
4716 1241 1271 538 519 
4717 342 343 996 1139 
4718 1192 1085 1087 1089 
4719 392 824 835 827 
4720 1214 9 68 420 
4721 1121 67 413 961 
4722 1245 4 57 381 
4723 1198 750 910 509 
4724 1226 883 1199 294 
4725 1226 791 750 813 
4726 231 684 230 1057 
4727 1232 1133 1131 1124 
4728 1178 924 958 962 
4729 1178 939 962 940 
4730 1178 1072 355 764 
4731 962 1177 967 963 
4732 1249 627 590 605 
4733 1193 397 1164 402 
4734 1242 515 1276 503 
4735 1269 1239 1207 1250 
4736 1000 287 831 863 
4737 1233 869 1247 862 
4738 1269 471 468 460 
4739 1210 666 611 630 
4740 70 938 922 430 
4741 70 989 922 938 
4742 70 989 434 71 
4743 70 69 938 430 
4744 1148 444 484 455 
4745 1152 1148 1256 1254 
4746 1148 364 365 366 
4747 360 1165 1167 369 
4748 1158 422 1189 1218 
4749 1154 1155 1158 1190 
4750 1155 484 477 485 
4751 1155 1168 1190 366 
4752 1167 1188 1161 375 
4753 479 1148 13 444 
4754 1274 1167 1166 1168 
4755 1269 468 1239 460 
4756 1258 73 74 455 
4757 1232 1131 1132 1124 
4758 1248 928 1001 985 
4759 1182 1181 1141 1145 
4760 1181 436 1223 1023 
4761 1165 1167 369 2 
4762 1214 1114 1111 1119 
4763 1047 49 1046 1152 
4764 758 1221 772 747 
4765 1251 915 317 318 
4766 1216 800 765 753 
4767 1216 753 262 1071 
4768 354 1065 1059 1282 
4769 434 973 428 71 
4770 434 989 973 71 
4771 1232 1132 1056 1124 
4772 724 1124 971 711 
4773 1233 693 1132 671 
4774 1269 468 1207 1239 
4775 1232 693 1233 1056 
4776 1226 900 791 897 
4777 1173 906 904 907 
4778 1259 481 482 480 
4779 1198 1199 1201 1086 
4780 1198 768 777 769 
4781 551 741 780 313 
4782 1244 841 826 43 
4783 1244 567 1179 531 
4784 531 1236 1268 516 
4785 1244 848 826 841 
4786 1217 884 1149 838 
4787 1116 418 420 1119 
4788 1170 621 970 978 
4789 1229 683 705 672 
4790 1186 1187 1229 1230 
4791 1152 478 1148 1254 
4792 1169 878 852 876 
4793 718 1152 351 1052 
4794 1173 905 907 904 
4795 1148 479 484 444 
4796 542 128 915 514 
4797 790 564 101 785 
4798 815 790 317 542 
4799 1251 913 912 318 
4800 104 553 514 781 
4801 468 466 744 743 
4802 542 564 102 790 
4803 1156 622 646 547 
4804 1156 1153 1273 517 
4805 1263 272 1078 754 
4806 1081 959 356 795 
4807 1060 1216 1282 1281 
4808 1269 1250 1159 72 
4809 1195 1107 1106 1110 
4810 824 305 391 829 
4811 1195 1149 1261 1110 
4812 390 391 1105 1104 
4813 1208 1113 1120 1118 
4814 1233 1247 1171 862 
4815 1207 353 1239 1065 
4816 1181 426 431 432 
4817 371 1166 1188 3 
4818 1181 431 430 432 
4819 1155 484 1148 366 
4820 1200 1224 456 15 
4821 551 553 741 24 
4822 1226 813 566 897 
4823 202 34 726 894 
4824 202 706 894 726 
4825 108 897 883 540 
4826 596 378 382 376 
4827 1173 1180 905 904 
4828 1267 618 593 639 
4829 1194 656 716 662 
4830 1242 1280 1256 681 
4831 357 361 1194 48 
4832 1173 905 1180 1174 
4833 1173 907 905 514 
4834 1226 1090 293 1086 
4835 1173 905 1174 514 
4836 1201 797 464 779 
4837 1201 737 898 1266 
4838 1173 914 1271 529 
4839 815 1061 257 1068 
4840 815 1061 790 257 
4841 1260 1039 399 1031 
4842 1173 1174 1251 914 
4843 1183 1181 1182 1024 
4844 1238 1011 169 1006 
4845 1184 360 1166 63 
4846 734 1151 677 1265 
4847 1260 1210 716 7 
4848 595 33 193 1031 
4849 1182 1143 1136 1145 
4850 1173 1251 1271 914 
4851 1179 1099 1095 1097 
4852 1265 215 214 730 
4853 1179 1092 1204 1097 
4854 1133 352 1134 1124 
4855 1165 437 1168 54 
4856 1265 214 215 1044 
4857 1258 366 1148 365 
4858 1231 1152 1052 351 
4859 484 444 481 455 
4860 1255 1050 1254 1047 
4861 1167 1258 1257 401 
4862 367 63 360 401 
4863 1222 372 1221 58 
4864 769 458 465 768 
4865 769 768 767 458 
4866 1262 1239 454 1176 
4867 531 533 1236 516 
4868 464 797 463 458 
4869 1162 1010 1005 1008 
4870 1162 1005 576 166 
4871 923 324 1115 323 
4872 1155 1258 73 446 
4873 1155 1176 1258 446 
4874 1275 1257 1280 405 
4875 1251 1185 1277 513 
4876 1277 321 920 919 
4877 1265 1050 1256 668 
4878 71 922 70 989 
4879 70 956 434 989 
4880 315 1173 904 1180 
4881 66 423 1123 1118 
4882 1217 1150 1219 1218 
4883 840 992 1263 893 
4884 253 798 992 818 
4885 1263 893 992 818 
4886 1240 906 489 316 
4887 859 238 779 237 
4888 194 728 21 892 
4889 194 728 892 707 
4890 1169 876 848 868 
4891 1171 17 1231 351 
4892 1169 878 834 865 
4893 1156 698 646 586 
4894 1156 506 563 729 
4895 491 1156 1273 517 
4896 1240 1271 1241 519 
4897 1220 1103 1149 888 
4898 779 898 238 859 
4899 623 927 150 649 
4900 1211 799 783 943 
4901 1237 521 505 526 
4902 1203 1259 482 480 
4903 1236 1276 1268 515 
4904 465 768 1198 769 
4905 1243 1109 1259 1103 
4906 521 112 877 111 
4907 996 153 154 614 
4908 996 343 153 614 
4909 1173 1224 1262 1174 
4910 756 915 1174 514 
4911 1174 460 468 467 
4912 1162 166 576 574 
4913 1174 1063 256 743 
4914 1253 543 26 564 
4915 1203 475 1215 476 
4916 1264 388 1154 389 
4917 1195 1261 1149 419 
4918 1269 471 460 77 
4919 1240 315 906 316 
4920 1282 1262 1163 1161 
4921 1173 906 315 904 
4922 1281 1066 1060 1070 
4923 127 126 499 913 
4924 598 615 172 1012 
4925 1188 601 1038 592 
4926 1214 1119 1116 420 
4927 1114 330 968 331 
4928 1214 972 1122 331 
4929 1184 64 1194 368 
4930 671 993 211 997 
4931 211 997 210 671 
4932 561 678 98 549 
4933 194 195 707 870 
4934 561 116 21 892 
4935 1217 1078 1263 1218 
4936 1266 737 786 797 
4937 241 861 776 774 
4938 1005 378 379 375 
4939 137 486 919 136 
4940 920 138 496 565 
4941 244 38 893 818 
4942 1263 1081 759 795 
4943 1217 1218 1263 10 
4944 752 1219 75 792 
4945 1217 1149 1266 459 
4946 1217 751 774 748 
4947 1151 715 1052 718 
4948 1232 1132 693 1056 
4949 1193 1280 397 406 
4950 43 1092 1244 1100 
4951 401 8 404 1167 
4952 1279 480 1204 476 
4953 1178 816 763 969 
4954 1221 1018 582 584 
4955 1223 1016 382 1020 
4956 892 561 870 678 
4957 1222 438 1168 440 
4958 1226 777 791 779 
4959 1183 1023 1024 1014 
4960 980 152 153 607 
4961 1198 314 315 908 
4962 1226 750 791 777 
4963 1223 441 436 432 
4964 1223 1021 1166 59 
4965 1226 791 859 779 
4966 1269 15 1159 77 
4967 1206 742 771 801 
4968 1206 457 792 801 
4969 1189 1117 1116 1115 
4970 266 1207 1074 771 
4971 1263 955 934 984 
4972 240 776 241 850 
4973 395 6 857 60 
4974 1263 759 754 773 
4975 770 463 797 784 
4976 1220 1266 1201 1084 
4977 1220 874 822 884 
4978 457 775 792 802 
4979 767 768 465 458 
4980 1226 843 293 859 
4981 333 953 332 1134 
4982 1232 1171 50 1053 
4983 1055 999 941 953 
4984 1251 1271 319 513 
4985 494 136 919 486 
4986 1241 554 494 486 
4987 1236 1241 1240 1246 
4988 1226 294 1199 1086 
4989 1139 1147 343 614 
4990 1182 597 1030 633 
4991 996 1139 343 614 
4992 996 1139 614 588 
4993 996 614 154 588 
4994 1183 1014 1024 32 
4995 1235 998 923 985 
4996 866 830 283 961 
4997 1263 1081 272 759 
4998 1173 118 906 907 
4999 1282 1068 1174 1059 
5000 1224 467 15 460 
5001 952 961 282 830 
5002 1213 928 1190 985 
5003 1211 643 619 591 
5004 1177 1221 1211 1018 
5005 1245 758 1221 1267 
5006 1183 32 1024 575 
5007 634 176 1017 1027 
5008 1211 591 1205 1026 
5009 149 976 649 927 
5010 1198 1201 1200 469 
5011 202 894 706 873 
5012 1233 1171 688 862 
5013 894 706 873 671 
5014 1174 1063 743 738 
5015 1167 1175 1161 1188 
5016 1198 1224 1200 315 
5017 1173 315 1240 1224 
5018 1226 1201 1090 1086 
5019 28 921 513 135 
5020 569 583 87 86 
5021 1270 1273 1160 321 
5022 569 525 583 86 
5023 243 828 789 871 
5024 1263 828 872 871 
5025 1234 62 5 393 
5026 1231 364 362 370 
5027 1248 951 931 428 
5028 172 1004 1012 615 
5029 520 173 1004 1013 
5030 1102 482 1108 475 
5031 1092 297 826 1096 
5032 304 841 882 1100 
5033 1211 963 1003 943 
5034 1207 1212 1073 1074 
5035 354 1060 1216 1282 
5036 1216 778 1267 820 
5037 1245 747 758 739 
5038 1226 1090 1201 779 
5039 1229 1187 56 1230 
5040 1170 727 709 587 
5041 206 205 676 965 
5042 756 256 1068 257 
5043 317 1061 1068 1067 
5044 815 781 103 514 
5045 1180 780 819 313 
5046 1181 1137 344 930 
5047 1205 979 937 954 
5048 1226 769 777 779 
5049 1165 1182 1181 1141 
5050 634 1027 987 954 
5051 809 788 610 141 
5052 1238 760 1066 765 
5053 1205 433 430 939 
5054 60 857 854 866 
5055 1221 747 805 772 
5056 1019 1016 376 596 
5057 1223 1016 1021 59 
5058 1213 972 977 45 
5059 1221 625 584 604 
5060 1211 994 811 943 
5061 608 378 652 596 
5062 582 1018 180 584 
5063 1165 358 1184 1182 
5064 1181 954 987 1027 
5065 1182 632 575 614 
5066 1217 861 899 856 
5067 241 861 850 776 
5068 1266 786 890 850 
5069 1165 369 360 358 
5070 1220 1243 1091 1089 
5071 1276 495 503 502 
5072 1200 1243 1201 1089 
5073 524 615 1012 1004 
5074 1272 1252 524 1012 
5075 1252 1010 1163 1008 
5076 1278 1193 1280 665 
5077 1184 1228 1187 359 
5078 917 497 1185 510 
5079 1282 354 1060 51 
5080 913 1251 1253 1067 
5081 1224 453 449 445 
5082 1174 1068 756 256 
5083 1277 321 1273 920 
5084 1185 520 560 558 
5085 520 173 1013 603 
5086 1276 502 503 504 
5087 1278 712 699 675 
5088 367 360 368 401 
5089 1262 1271 1277 450 
5090 1233 1132 942 671 
5091 393 891 387 858 
5092 824 386 391 1105 
5093 802 468 744 738 
5094 738 1207 745 757 
5095 1154 366 364 483 
5096 443 481 485 18 
5097 443 485 481 455 
5098 1192 1199 1200 1237 
5099 1200 1201 1243 456 
5100 443 455 481 444 
5101 1240 489 492 316 
5102 1215 889 475 825 
5103 1234 949 982 1000 
5104 993 726 211 34 
5105 465 1224 1198 1180 
5106 1233 383 869 880 
5107 993 894 288 863 
5108 1279 1236 1246 448 
5109 1179 505 1237 511 
5110 1179 531 567 533 
5111 531 1236 1244 1268 
5112 146 625 804 145 
5113 1211 1205 591 649 
5114 1221 57 58 372 
5115 1221 772 804 625 
5116 640 1260 682 609 
5117 399 406 1209 7 
5118 938 939 69 940 
5119 938 940 69 956 
5120 70 938 956 989 
5121 938 69 939 430 
5122 1184 719 1170 1228 
5123 1186 676 960 965 
5124 1030 633 186 187 
5125 1214 1119 1111 1116 
5126 1167 1258 367 2 
5127 1171 667 230 1053 
5128 137 138 920 565 
5129 1200 1201 1199 1089 
5130 1273 322 920 321 
5131 1270 918 131 491 
5132 1238 749 1267 618 
5133 1240 1246 1241 449 
5134 1272 1281 1252 1007 
5135 494 1277 921 513 
5136 460 1174 1224 467 
5137 1207 374 1239 381 
5138 1265 677 734 730 
5139 1164 368 1194 402 
5140 964 814 251 250 
5141 1202 1178 1212 355 
5142 1200 1087 1243 1089 
5143 1155 1148 1258 366 
5144 1183 1034 188 617 
5145 1162 574 31 166 
5146 1252 912 126 501 
5147 374 1161 375 1274 
5148 1252 552 501 558 
5149 1165 1184 1166 1183 
5150 362 1231 1190 1154 
5151 1155 443 72 73 
5152 1274 1168 1166 440 
5153 832 1215 886 862 
5154 1200 1201 456 469 
5155 304 303 1095 882 
5156 1268 488 536 720 
5157 1153 712 675 685 
5158 1193 714 1280 665 
5159 1242 559 1268 515 
5160 472 478 1254 476 
5161 1183 187 1034 617 
5162 1151 361 363 1 
5163 231 36 351 718 
5164 1268 720 691 687 
5165 1279 1204 1236 1254 
5166 700 92 541 657 
5167 1153 1242 545 568 
5168 1153 545 1242 1276 
5169 1175 1277 442 451 
5170 612 1011 760 1281 
5171 514 815 756 915 
5172 1253 259 1062 755 
5173 1185 1013 577 603 
5174 786 776 240 850 
5175 1270 1160 1249 602 
5176 1249 605 409 580 
5177 1164 1256 1152 1148 
5178 1210 579 642 580 
5179 252 251 959 795 
5180 1184 1036 1037 1035 
5181 970 588 155 621 
5182 632 1139 588 614 
5183 1165 54 1283 437 
5184 47 1186 935 1144 
5185 1184 1182 581 1040 
5186 639 608 378 652 
5187 1203 852 825 849 
5188 1211 804 762 600 
5189 1019 596 376 582 
5190 1221 1267 772 604 
5191 41 1202 964 356 
5192 1179 1100 1095 487 
5193 1237 550 492 505 
5194 1243 860 842 289 
5195 1199 509 911 508 
5196 1099 544 521 526 
5197 1269 1207 1206 1250 
5198 1155 484 366 477 
5199 1151 677 715 718 
5200 233 212 1054 683 
5201 1 1045 350 1229 
5202 1231 1264 50 1230 
5203 1213 950 336 1125 
5204 500 833 115 116 
5205 500 833 535 115 
5206 678 707 870 892 
5207 1212 355 1178 52 
5208 1221 57 1267 376 
5209 1203 825 312 849 
5210 1272 1253 1062 755 
5211 598 82 524 528 
5212 598 524 615 1012 
5213 1238 760 765 788 
5214 1013 603 174 577 
5215 1260 1194 1184 65 
5216 1031 1037 410 1184 
5217 1260 7 1194 65 
5218 1233 1132 1234 942 
5219 1234 1000 982 831 
5220 1229 363 1151 370 
5221 974 953 352 1134 
5222 1153 541 700 539 
5223 304 882 1095 1100 
5224 841 487 882 1100 
5225 1244 841 567 535 
5226 1169 826 1203 1204 
5227 1104 44 889 829 
5228 826 297 849 1096 
5229 1279 476 1254 479 
5230 1169 686 689 222 
5231 1126 339 942 1132 
5232 974 352 711 1124 
5233 396 1130 1129 1128 
5234 947 61 384 396 
5235 982 1000 891 831 
5236 664 1170 719 1228 
5237 1228 1260 1184 719 
5238 1039 409 399 410 
5239 651 164 709 695 
5240 651 709 164 587 
5241 651 695 609 163 
5242 194 707 892 870 
5243 561 678 728 98 
5244 381 380 1216 4 
5245 1252 1004 1013 520 
5246 1167 452 1257 1258 
5247 982 944 1002 387 
5248 1213 1191 1214 1111 
5249 877 1099 302 902 
5250 1199 498 911 909 
5251 1192 1087 42 896 
5252 1152 1046 351 49 
5253 1199 548 883 540 
5254 1192 1085 846 296 
5255 521 877 534 111 
5256 1259 1246 1225 447 
5257 164 587 709 165 
5258 30 156 647 991 
5259 1183 1166 1165 1181 
5260 1255 1051 733 223 
5261 475 1104 473 1108 
5262 311 1203 1102 312 
5263 390 473 1247 391 
5264 640 1260 609 594 
5265 640 682 162 163 
5266 640 609 682 163 
5267 39 745 353 753 
5268 1216 1064 353 1071 
5269 1173 546 129 529 
5270 1203 825 475 1104 
5271 1282 1067 51 1281 
5272 1245 4 1267 57 
5273 680 966 960 204 
5274 1216 1071 353 753 
5275 1177 805 1211 1221 
5276 1247 889 1215 886 
5277 1231 1151 1152 364 
5278 1247 851 889 886 
5279 1215 853 889 825 
5280 1247 1215 862 886 
5281 750 571 107 106 
5282 566 750 571 107 
5283 1073 267 1075 1245 
5284 1177 1205 939 433 
5285 1177 979 963 939 
5286 69 427 956 940 
5287 1177 764 783 746 
5288 1154 390 78 79 
5289 1057 1231 351 1171 
5290 1233 688 823 862 
5291 396 947 1130 1128 
5292 6 411 9 421 
5293 1154 1197 78 390 
5294 1276 919 495 486 
5295 1102 482 475 1203 
5296 1244 532 1268 678 
5297 1244 678 707 870 
5298 901 535 841 1244 
5299 1279 1246 1204 1259 
5300 1179 544 1099 526 
5301 1277 1276 919 920 
5302 1236 1237 1179 1097 
5303 1277 1273 400 405 
5304 399 406 409 1209 
5305 1156 710 541 506 
5306 1273 1278 1156 1209 
5307 1156 638 622 616 
5308 1275 1256 1164 1148 
5309 191 1172 573 1029 
5310 1270 916 602 637 
5311 1270 916 918 321 
5312 1179 487 526 533 
5313 1268 701 532 557 
5314 1268 532 530 557 
5315 66 412 872 10 
5316 1189 1116 1113 1118 
5317 814 945 964 1202 
5318 356 959 964 795 
5319 1154 80 389 79 
5320 1208 1218 1157 1189 
5321 1227 1189 1117 1113 
5322 1244 570 567 531 
5323 1169 1048 686 222 
5324 892 561 678 728 
5325 544 113 902 112 
5326 1099 302 1093 877 
5327 1237 521 1093 877 
5328 1156 666 699 698 
5329 1156 699 1278 1153 
5330 496 1153 1273 565 
5331 266 265 771 1074 
5332 758 1245 4 1267 
5333 803 276 742 1083 
5334 1206 1250 1207 1212 
5335 1173 906 118 529 
5336 1260 716 694 662 
5337 1032 190 601 641 
5338 1032 189 190 641 
5339 1188 589 650 377 
5340 1188 1032 601 641 
5341 1282 1163 1281 1216 
5342 1207 793 817 761 
5343 1188 398 1038 1032 
5344 398 1188 1035 1032 
5345 710 90 506 729 
5346 563 19 646 729 
5347 541 506 710 91 
5348 622 88 547 523 
5349 89 547 646 622 
5350 264 277 1079 1080 
5351 1219 1082 1218 1077 
5352 264 1074 1076 1079 
5353 264 1076 263 278 
5354 358 1184 360 1165 
5355 1024 575 1147 1145 
5356 632 1139 1146 588 
5357 1153 545 1276 565 
5358 955 840 281 280 
5359 992 893 840 280 
5360 795 1263 798 759 
5361 413 866 1121 961 
5362 837 416 821 836 
5363 414 837 844 845 
5364 1243 299 879 860 
5365 298 1094 299 879 
5366 1203 480 1204 1259 
5367 1199 1201 1086 1089 
5368 247 924 816 764 
5369 1227 926 1235 427 
5370 1186 983 941 965 
5371 696 204 680 960 
5372 1227 925 1113 325 
5373 1220 888 1149 903 
5374 1198 1226 769 777 
5375 948 929 1138 348 
5376 948 1138 347 348 
5377 1248 55 1283 1187 
5378 1156 586 611 630 
5379 1249 407 1209 409 
5380 1156 611 1209 666 
5381 1280 1257 1164 403 
5382 1203 298 1096 849 
5383 69 939 430 433 
5384 1178 439 12 940 
5385 1202 945 969 794 
5386 441 1205 1177 433 
5387 835 387 854 858 
5388 827 395 835 392 
5389 1272 806 1253 755 
5390 524 615 1004 520 
5391 1253 317 1069 564 
5392 1156 586 646 622 
5393 1278 1193 7 406 
5394 1156 1273 1270 523 
5395 1205 430 1181 937 
5396 1181 1017 1024 1023 
5397 804 1211 805 1221 
5398 1160 1277 1163 1185 
5399 563 90 19 729 
5400 1265 1043 48 1044 
5401 1252 1007 1281 1010 
5402 1241 486 502 554 
5403 1244 532 678 549 
5404 1179 1099 1237 526 
5405 1179 487 841 1100 
5406 881 487 841 535 
5407 1094 1204 1259 1203 
5408 980 153 614 607 
5409 1220 875 888 903 
5410 475 1104 1108 1102 
5411 298 1109 1094 879 
5412 482 1107 1103 1108 
5413 1203 480 475 476 
5414 840 66 867 872 
5415 1217 754 1078 1082 
5416 798 252 959 795 
5417 518 319 513 25 
5418 1174 460 1239 468 
5419 802 792 457 801 
5420 752 463 75 459 
5421 470 468 802 457 
5422 1184 581 609 594 
5423 1182 1170 581 613 
5424 1041 185 581 594 
5425 1186 941 1229 717 
5426 1228 357 48 1 
5427 218 662 217 1042 
5428 108 897 540 566 
5429 1210 716 674 690 
5430 1169 222 1051 1048 
5431 1041 1036 1031 1184 
5432 579 580 409 573 
5433 865 832 732 679 
5434 1267 639 593 644 
5435 1221 747 1072 746 
5436 648 772 145 810 
5437 1267 1216 380 4 
5438 609 163 695 682 
5439 588 1182 613 1170 
5440 1183 184 620 1025 
5441 609 736 719 695 
5442 1186 676 705 722 
5443 609 719 682 695 
5444 615 603 520 83 
5445 1252 1185 552 558 
5446 173 1004 615 520 
5447 173 615 603 520 
5448 1191 977 923 323 
5449 1175 442 452 451 
5450 1177 1072 1178 764 
5451 1177 429 441 433 
5452 868 669 196 195 
5453 1244 678 1268 708 
5454 1153 522 545 565 
5455 1210 674 697 690 
5456 1274 1166 1167 371 
5457 1276 502 1241 486 
5458 1260 1042 1194 662 
5459 490 700 539 1153 
5460 1270 583 569 525 
5461 666 586 158 698 
5462 1156 491 1273 523 
5463 668 226 1050 225 
5464 1166 3 371 59 
5465 378 377 375 1005 
5466 1162 166 31 1008 
5467 1173 1240 906 1271 
5468 1181 922 937 430 
5469 1020 1018 1177 1026 
5470 1155 1148 484 455 
5471 1233 1171 1053 667 
5472 382 3 377 589 
5473 1221 1020 58 376 
5474 1238 1009 378 379 
5475 561 116 892 500 
5476 1237 498 550 534 
5477 974 332 1134 1124 
5478 1191 923 1115 323 
5479 1213 985 977 950 
5480 1157 1218 1158 1189 
5481 1269 460 15 77 
5482 378 596 624 652 
5483 1167 452 1175 1257 
5484 1270 602 627 583 
5485 1188 375 3 377 
5486 1166 59 1021 1025 
5487 184 188 1033 620 
5488 1258 1148 74 452 
5489 39 1071 262 753 
5490 760 1281 1272 612 
5491 1078 273 1082 754 
5492 1208 1120 1123 1118 
5493 1263 952 934 955 
5494 1234 949 981 942 
5495 1213 985 1190 1191 
5496 982 61 1002 936 
5497 287 981 288 863 
5498 1067 51 1059 1282 
5499 1219 76 75 457 
5500 623 591 178 1015 
5501 149 649 150 927 
5502 88 523 616 87 
5503 1249 400 1160 1273 
5504 1264 362 1230 370 
5505 1265 703 215 730 
5506 1264 362 1190 1230 
5507 1228 722 705 659 
5508 1230 946 988 928 
5509 1248 1142 1283 11 
5510 35 1229 350 212 
5511 1260 579 1039 193 
5512 1232 352 50 1133 
5513 718 1152 1046 351 
5514 1229 1151 1054 50 
5515 1283 358 1187 55 
5516 310 1103 888 309 
5517 1199 1085 1088 295 
5518 1219 1083 275 1077 
5519 309 903 1110 888 
5520 1259 1102 1103 1109 
5521 17 1231 483 80 
5522 1220 1091 290 1084 
5523 1208 1263 959 1081 
5524 1218 1082 1078 1077 
5525 1217 1150 1218 417 
5526 1202 279 794 796 
5527 1195 390 1196 386 
5528 1195 1107 1101 1106 
5529 905 781 741 819 
5530 24 910 551 121 
5531 1205 1015 954 1027 
5532 1205 937 1181 930 
5533 979 1211 1003 927 
5534 380 378 1238 639 
5535 589 1016 596 382 
5536 1170 680 696 725 
5537 576 377 650 624 
5538 1219 1206 457 792 
5539 1198 1180 780 768 
5540 1219 457 75 792 
5541 1195 473 390 1108 
5542 64 1194 402 65 
5543 1152 365 1148 364 
5544 1208 959 1263 934 
5545 1079 1206 53 1083 
5546 1262 1277 1251 1163 
5547 1189 418 1116 1118 
5548 815 257 756 1068 
5549 1168 362 366 2 
5550 1276 504 503 515 
5551 1210 642 599 611 
5552 1236 1246 448 449 
5553 1153 735 700 712 
5554 1242 735 1280 685 
5555 1200 1261 1243 1259 
5556 1220 822 290 842 
5557 970 155 978 621 
5558 156 978 155 621 
5559 1207 353 1065 745 
5560 129 1173 915 546 
5561 1198 910 911 509 
5562 629 637 510 85 
5563 1209 1210 642 580 
5564 637 1185 916 602 
5565 1241 538 494 554 
5566 916 525 510 637 
5567 1277 494 1241 1271 
5568 84 83 520 603 
5569 1282 1216 1239 379 
5570 1270 523 1273 491 
5571 1217 838 1149 416 
5572 1263 789 828 871 
5573 1263 66 423 1123 
5574 1213 1190 1264 388 
5575 1235 1191 923 1115 
5576 717 1229 672 1055 
5577 1182 632 1139 1146 
5578 1166 59 1025 3 
5579 1238 800 820 749 
5580 1223 1020 1021 1016 
5581 596 382 624 589 
5582 1002 947 61 384 
5583 1182 1146 1170 588 
5584 336 335 1125 950 
5585 339 1132 340 942 
5586 46 1124 974 711 
5587 727 647 30 165 
5588 1170 727 647 991 
5589 647 156 978 991 
5590 1143 1186 1187 1182 
5591 995 1127 333 946 
5592 1203 482 1259 1102 
5593 678 500 561 870 
5594 1179 487 1095 544 
5595 228 1056 229 693 
5596 1229 705 683 659 
5597 1276 502 486 495 
5598 93 490 700 539 
5599 1016 596 181 182 
5600 589 624 650 377 
5601 1172 592 1188 1038 
5602 1222 1166 1223 440 
5603 1238 1070 1281 1216 
5604 1223 58 1221 1020 
5605 1195 1101 1107 1108 
5606 158 630 666 159 
5607 157 586 646 698 
5608 1156 547 506 555 
5609 157 698 646 729 
5610 1153 1242 568 490 
5611 1192 296 846 887 
5612 1277 450 442 451 
5613 306 824 386 827 
5614 305 44 1104 829 
5615 307 1195 827 1101 
5616 1242 527 503 545 
5617 720 94 95 536 
5618 720 95 488 536 
5619 720 1242 536 1268 
5620 720 95 687 488 
5621 569 583 616 87 
5622 1270 616 627 606 
5623 1153 490 568 539 
5624 1217 1266 884 899 
5625 773 244 893 818 
5626 566 750 107 813 
5627 1270 637 602 583 
5628 1193 714 665 703 
5629 26 1253 127 543 
5630 70 956 69 427 
5631 70 922 431 430 
5632 1245 1207 1216 381 
5633 940 1178 439 1227 
5634 1206 53 1150 1212 
5635 247 816 924 248 
5636 783 967 943 246 
5637 1227 1208 1189 1113 
5638 1192 896 1243 1087 
5639 1192 1259 1243 1098 
5640 392 835 858 387 
5641 1233 873 671 863 
5642 1171 688 679 684 
5643 1247 851 839 829 
5644 827 395 392 386 
5645 1248 362 1190 54 
5646 880 392 895 858 
5647 390 391 386 1105 
5648 688 832 1215 679 
5649 1276 495 920 565 
5650 1156 541 1153 517 
5651 1156 616 1270 638 
5652 1170 651 613 587 
5653 1170 932 966 978 
5654 651 736 609 695 
5655 1186 696 1170 960 
5656 1190 1235 985 1248 
5657 1156 666 586 630 
5658 1278 1280 675 665 
5659 1213 1128 396 1129 
5660 1055 704 672 717 
5661 974 332 953 1134 
5662 1229 683 1054 212 
5663 637 1185 510 916 
5664 1195 1196 421 386 
5665 1183 1034 1030 1035 
5666 1181 930 987 954 
5667 787 812 139 635 
5668 612 140 809 141 
5669 612 809 610 141 
5670 1272 524 499 528 
5671 1244 570 532 549 
5672 1215 49 1049 1048 
5673 1244 535 567 570 
5674 20 139 572 635 
5675 1095 544 882 303 
5676 1237 493 505 492 
5677 1072 270 355 764 
5678 1157 438 435 437 
5679 1202 1212 53 1080 
5680 1177 963 1211 967 
5681 926 324 1117 1115 
5682 168 1238 585 169 
5683 1167 452 1258 446 
5684 1219 1077 53 1083 
5685 1219 752 751 740 
5686 1263 1081 1078 272 
5687 866 60 68 968 
5688 411 421 857 414 
5689 1214 394 384 6 
5690 1268 559 530 515 
5691 1193 1265 703 215 
5692 96 488 687 95 
5693 543 564 1069 785 
5694 1251 1282 1068 1174 
5695 1174 1068 915 756 
5696 1222 1245 1177 1221 
5697 1169 686 834 713 
5698 1195 421 1196 419 
5699 1265 1151 677 1044 
5700 905 553 781 514 
5701 1272 562 806 528 
5702 1184 1228 359 357 
5703 1215 1049 221 1048 
5704 1164 1256 1265 1152 
5705 1184 1170 609 581 
5706 1184 1031 1260 410 
5707 1164 403 401 402 
5708 1265 1046 668 226 
5709 1245 1267 1221 57 
5710 1245 1216 4 381 
5711 1282 1067 1251 1068 
5712 1174 1063 1068 256 
5713 1224 469 467 465 
5714 1180 807 1174 905 
5715 1203 311 298 849 
5716 1200 1261 1259 1225 
5717 143 593 782 749 
5718 310 1103 1109 860 
5719 24 905 553 313 
5720 905 119 120 514 
5721 1196 420 1158 425 
5722 420 421 1196 9 
5723 1233 671 942 863 
5724 662 661 1260 1042 
5725 420 421 425 1196 
5726 1232 1131 1126 1132 
5727 974 711 352 704 
5728 1231 1230 1151 370 
5729 1208 1218 1263 1081 
5730 1269 468 1206 1207 
5731 1196 419 1158 1197 
5732 1217 754 774 789 
5733 1208 934 1263 1123 
5734 1109 1094 1243 1259 
5735 168 1238 1009 578 
5736 1206 802 757 468 
5737 1241 537 493 519 
5738 1272 812 787 635 
5739 1208 53 1081 356 
5740 51 1282 1281 1060 
5741 1252 126 912 913 
5742 1238 1011 809 610 
5743 815 756 915 1068 
5744 1207 1216 353 745 
5745 1238 1066 1070 765 
5746 1238 800 749 788 
5747 1238 1006 168 1009 
5748 1243 1103 888 860 
5749 1227 1117 325 1113 
5750 752 770 463 459 
5751 1200 456 1224 469 
5752 457 775 802 470 
5753 1165 369 54 2 
5754 931 346 1142 71 
5755 1260 628 694 690 
5756 1270 1185 1160 602 
5757 1193 1043 1265 215 
5758 1244 826 1204 1092 
5759 1170 1146 1136 341 
5760 1186 725 696 722 
5761 1143 1186 1182 1136 
5762 1170 709 680 725 
5763 1094 1204 1203 1096 
5764 1279 480 476 479 
5765 1208 53 1218 1081 
5766 1224 449 1271 445 
5767 464 769 797 458 
5768 464 465 769 458 
5769 1260 628 626 595 
5770 1193 215 654 1043 
5771 1265 48 1194 361 
5772 1164 367 1258 365 
5773 351 231 1057 684 
5774 664 1170 736 719 
5775 1172 592 573 631 
5776 1166 1025 1021 1014 
5777 1188 601 636 650 
5778 620 1188 589 641 
5779 815 103 542 514 
5780 81 82 598 528 
5781 1239 1065 353 354 
5782 815 790 1061 317 
5783 1207 1245 372 381 
5784 1245 52 1212 1178 
5785 803 276 1083 1079 
5786 14 1269 1239 460 
5787 1221 625 604 772 
5788 1260 1228 1194 1042 
5789 1260 193 1039 1031 
5790 1117 1227 926 1189 
5791 70 434 956 427 
5792 948 1187 1138 929 
5793 661 662 218 1042 
5794 1208 356 1202 53 
5795 1278 7 1193 663 
5796 583 525 637 86 
5797 1270 627 1249 606 
5798 1239 374 379 381 
5799 168 1238 578 585 
5800 1239 1176 1161 374 
5801 1238 1216 1281 1163 
5802 1251 1163 1252 1281 
5803 578 585 1238 639 
5804 1156 547 555 523 
5805 622 616 88 523 
5806 1211 783 799 808 
5807 1072 746 270 764 
5808 85 86 637 525 
5809 1229 1230 56 370 
5810 1213 947 972 384 
5811 1125 335 1135 950 
5812 1213 396 1264 1129 
5813 1232 1171 1233 5 
5814 974 1134 352 1124 
5815 1248 11 428 71 
5816 1195 1108 390 1105 
5817 1217 776 861 774 
5818 1201 737 797 779 
5819 464 797 769 779 
5820 797 784 463 458 
5821 1149 419 1150 417 
5822 16 775 470 767 
5823 66 867 872 412 
5824 992 840 955 280 
5825 1222 439 438 429 
5826 1184 360 64 368 
5827 1229 672 705 717 
5828 1235 973 998 951 
5829 1099 1093 521 877 
5830 1192 877 1093 301 
5831 1195 419 1149 416 
5832 1002 61 60 384 
5833 972 45 1122 331 
5834 396 947 61 1130 
5835 46 971 1132 1124 
5836 1186 725 1170 696 
5837 589 1016 182 596 
5838 378 167 1005 1009 
5839 1267 772 648 810 
5840 1221 772 805 804 
5841 612 787 140 139 
5842 1162 1188 1172 636 
5843 1217 850 1266 899 
5844 773 893 244 871 
5845 1168 54 362 2 
5846 1282 1174 1239 1065 
5847 1216 745 793 753 
5848 922 346 989 71 
5849 1177 1223 1221 1020 
5850 1208 1212 1218 53 
5851 67 329 952 961 
5852 1263 759 773 798 
5853 1245 1207 1212 1073 
5854 1205 954 1015 623 
5855 247 967 783 246 
5856 247 783 967 764 
5857 1153 735 1242 660 
5858 1278 1153 712 675 
5859 1260 626 628 690 
5860 1156 563 646 729 
5861 1163 1009 1010 1006 
5862 1009 1238 1163 379 
5863 1215 889 853 886 
5864 80 1171 1231 389 
5865 1044 677 213 715 
5866 1264 1129 1232 1133 
5867 1240 493 1237 492 
5868 1264 1190 1154 388 
5869 1219 740 751 748 
5870 1224 1174 1180 467 
5871 1200 1261 1225 15 
5872 1196 390 394 386 
5873 1242 515 503 527 
5874 1214 68 424 420 
5875 1195 421 1106 307 
5876 1214 68 60 968 
5877 1238 809 1011 760 
5878 1264 1232 1230 1133 
5879 1252 912 501 552 
5880 1253 317 127 913 
5881 1253 755 806 785 
5882 1238 749 653 788 
5883 855 548 846 110 
5884 1264 1129 1133 1125 
5885 1199 295 855 846 
5886 1198 1180 1224 315 
5887 245 246 799 943 
5888 1247 391 1104 829 
5889 472 49 351 1215 
5890 1171 679 1049 684 
5891 1234 981 1000 863 
5892 1153 1280 1242 735 
5893 1247 829 889 851 
5894 390 473 474 1247 
5895 1260 579 1210 1039 
5896 1264 385 1232 1129 
5897 1160 1162 1175 1172 
5898 1252 524 1012 1004 
5899 1270 916 1185 602 
5900 1164 1257 1258 401 
5901 1260 410 399 65 
5902 408 573 1029 409 
5903 578 1238 378 639 
5904 1185 602 629 577 
5905 1206 1074 1207 771 
5906 1261 1159 1197 18 
5907 1264 1125 1133 1135 
5908 1269 1206 468 471 
5909 1205 623 1015 649 
5910 1177 805 1221 746 
5911 392 824 827 386 
5912 1260 609 1184 719 
5913 133 917 916 510 
5914 917 497 510 134 
5915 1210 697 702 666 
5916 192 579 409 573 
5917 980 153 343 614 
5918 1142 11 431 426 
5919 11 1142 431 71 
5920 1186 1170 725 664 
5921 360 1165 1166 1167 
5922 1229 1054 1151 212 
5923 1230 929 988 983 
5924 1266 847 874 890 
5925 1266 462 464 463 
5926 1217 1082 1219 748 
5927 1243 1087 1091 1089 
5928 1198 1201 1226 1086 
5929 1211 762 811 600 
5930 1183 633 1030 187 
5931 1263 952 66 934 
5932 1263 984 934 959 
5933 952 1263 66 840 
5934 342 1146 1139 588 
5935 1262 1174 1224 1239 
5936 1181 922 1140 930 
5937 426 1140 431 1142 
5938 979 1211 927 1205 
5939 937 430 922 938 
5940 1165 54 1168 2 
5941 1157 1155 1250 1168 
5942 1180 766 466 743 
5943 1135 1213 1264 1125 
5944 769 784 797 458 
5945 1259 482 1261 1103 
5946 1237 550 505 521 
5947 1226 859 293 1090 
5948 1199 498 534 548 
5949 1235 435 434 428 
5950 1261 1150 1197 1159 
5951 1277 494 919 486 
5952 1165 440 1168 437 
5953 1174 256 756 743 
5954 260 755 1062 259 
5955 1271 513 518 319 
5956 1253 785 806 562 
5957 1219 1082 274 748 
5958 1263 959 1081 795 
5959 1217 1149 1150 417 
5960 1217 1219 1150 459 
5961 184 620 1025 183 
5962 1223 373 58 59 
5963 1223 382 58 1020 
5964 980 1017 987 607 
5965 1269 1239 1250 1176 
5966 1198 464 1201 469 
5967 1204 1096 1092 826 
5968 1236 1246 1240 1237 
5969 1174 1059 1068 1063 
5970 1180 766 807 819 
5971 1198 464 465 769 
5972 1217 850 861 776 
5973 1245 778 793 739 
5974 1238 610 809 788 
5975 1192 1200 1085 1089 
5976 1240 906 1271 507 
5977 1226 571 509 540 
5978 1229 1228 705 659 
5979 1196 390 1197 394 
5980 1185 510 629 637 
5981 1270 637 583 525 
5982 1184 359 358 360 
5983 1038 601 1032 190 
5984 1193 654 215 703 
5985 398 1029 410 409 
5986 200 823 692 688 
5987 1233 706 692 731 
5988 686 834 197 865 
5989 679 686 732 865 
5990 200 823 688 862 
5991 1151 1058 1052 715 
5992 1245 739 1075 268 
5993 484 481 485 455 
5994 1235 428 434 973 
5995 1164 1148 1258 452 
5996 1260 626 1210 595 
5997 1190 1235 1191 985 
5998 1030 633 597 186 
5999 1248 948 931 951 
6000 1260 690 1210 626 
6001 490 94 720 536 
6002 93 539 700 92 
6003 7 656 663 674 
6004 1215 679 686 221 
6005 693 1233 1056 1053 
6006 1171 684 230 667 
6007 1273 920 496 565 
6008 1257 401 403 404 
6009 1249 606 627 605 
6010 1276 495 565 545 
6011 1260 1228 1184 1194 
6012 228 352 711 37 
6013 724 711 1056 1124 
6014 1248 55 1187 1230 
6015 46 1132 971 340 
6016 279 796 1080 278 
6017 1208 1120 1113 326 
6018 1191 1189 1116 1115 
6019 1213 947 977 972 
6020 1235 973 926 998 
6021 1230 946 928 1135 
6022 1020 1018 1221 1177 
6023 679 686 865 1215 
6024 1238 1070 1216 765 
6025 1185 629 602 637 
6026 1240 1200 1246 1224 
6027 1263 773 871 893 
6028 1164 402 397 403 
6029 1243 879 299 1094 
6030 1258 74 1148 455 
6031 1153 657 699 712 
6032 1195 1106 1149 1110 
6033 1184 63 1166 1035 
6034 1260 399 1210 7 
6035 342 1139 996 588 
6036 1260 716 1210 690 
6037 64 368 401 402 
6038 216 1194 656 654 
6039 137 919 486 495 
6040 1273 407 400 405 
6041 1276 920 1273 565 
6042 27 1273 920 496 
6043 612 760 787 1272 
6044 167 1005 576 378 
6045 1163 1010 1009 1005 
6046 1170 960 680 966 
6047 1184 1170 719 609 
6048 1217 1263 872 10 
6049 1204 1097 1259 1246 
6050 109 540 883 548 
6051 898 1201 779 737 
6052 1259 1192 1237 1098 
6053 1163 1009 379 1005 
6054 1069 564 790 785 
6055 1281 612 1011 1007 
6056 1238 169 1011 610 
6057 104 514 103 781 
6058 375 1274 1167 371 
6059 806 812 572 99 
6060 1172 592 636 601 
6061 354 1216 1239 1282 
6062 1248 347 948 1138 
6063 1119 418 1112 1118 
6064 830 67 952 961 
6065 1260 694 716 690 
6066 1260 595 193 1031 
6067 1210 697 626 690 
6068 599 666 630 159 
6069 1156 657 1153 541 
6070 1067 1060 51 1281 
6071 1278 1273 1153 406 
6072 1273 496 27 491 
6073 576 378 377 624 
6074 1235 1248 428 951 
6075 1259 1237 1097 1098 
6076 375 1274 1161 1167 
6077 866 413 885 830 
6078 1217 837 838 416 
6079 1195 827 421 307 
6080 679 832 732 688 
6081 1203 482 475 480 
6082 1220 1266 874 884 
6083 1203 1204 480 476 
6084 197 196 834 713 
6085 1198 469 1200 1224 
6086 1180 466 766 767 
6087 1219 274 1082 1077 
6088 752 463 770 784 
6089 1264 1232 385 389 
6090 816 249 969 248 
6091 17 472 49 351 
6092 1235 437 435 428 
6093 1202 975 945 990 
6094 623 591 1015 649 
6095 1277 1241 494 486 
6096 1272 812 572 528 
6097 1185 497 552 558 
6098 1185 560 510 497 
6099 1185 560 497 558 
6100 1172 1029 408 573 
6101 1185 577 1013 1008 
6102 497 1185 320 917 
6103 1252 524 1004 520 
6104 1173 1262 1251 1174 
6105 1271 130 518 529 
6106 1271 914 130 529 
6107 1271 130 914 319 
6108 1271 518 130 319 
6109 1271 538 507 518 
6110 1271 518 507 529 
6111 1238 618 653 749 
6112 1174 466 467 468 
6113 1207 771 757 801 
6114 72 454 1239 1176 
6115 1176 446 454 451 
6116 1176 446 72 454 
6117 1262 1161 1277 1163 
6118 1207 761 266 1073 
6119 1249 408 407 409 
6120 468 466 743 1174 
6121 1175 451 1262 1277 
6122 1167 1175 8 404 
6123 1282 1161 1163 379 
6124 1183 620 184 1033 
6125 1202 990 925 975 
6126 1273 491 27 322 
6127 1153 1276 1273 565 
6128 1273 406 407 405 
6129 322 1270 491 918 
6130 491 1156 517 555 
6131 1273 517 496 491 
6132 1011 760 809 612 
6133 1272 760 260 1066 
6134 1272 260 1062 1066 
6135 1252 1013 1185 520 
6136 1239 1065 354 1282 
6137 1272 1281 760 1066 
6138 1272 1062 1281 1066 
6139 1281 1062 1060 1066 
6140 1068 915 317 1251 
6141 1252 552 1185 1251 
6142 1252 1012 1010 1004 
6143 1252 1010 1013 1004 
6144 1252 1251 1185 1163 
6145 1252 1010 1281 1163 
6146 1253 1067 1281 1062 
6147 1251 1252 1253 1281 
6148 1253 1062 1069 1067 
6149 1253 499 1252 913 
6150 1210 642 626 599 
6151 1210 599 626 697 
6152 1210 626 642 579 
6153 1039 1210 399 409 
6154 1156 611 666 630 
6155 1278 1280 1193 406 
6156 1278 712 1153 699 
6157 1210 674 702 697 
6158 1156 1209 611 638 
6159 1267 593 782 810 
6160 1267 820 758 782 
6161 1267 782 758 810 
6162 1181 1022 1223 432 
6163 1181 1028 1017 1023 
6164 1181 1023 1022 1028 
6165 804 1211 1221 625 
6166 1205 1022 1223 1020 
6167 1205 1015 1022 1026 
6168 1178 962 958 940 
6169 1167 451 452 446 
6170 1200 456 1243 15 
6171 1207 793 1216 745 
6172 1212 1076 52 1074 
6173 1206 1083 803 742 
6174 1212 1076 1074 1079 
6175 1212 1080 1076 1079 
6176 1212 53 1080 1079 
6177 451 1167 1175 1176 
6178 358 1165 369 54 
6179 1168 440 438 437 
6180 12 429 1178 433 
6181 1245 1212 1207 1250 
6182 1245 57 1221 372 
6183 1219 1206 742 1083 
6184 1227 958 1202 975 
6185 372 374 1207 381 
6186 1274 1176 1258 1168 
6187 1274 375 374 371 
6188 1250 1176 1239 374 
6189 1207 1239 468 738 
6190 1207 468 757 738 
6191 738 1207 1065 745 
6192 1207 817 757 771 
6193 1207 757 817 745 
6194 1245 1207 1073 761 
6195 1073 267 1245 761 
6196 1245 1073 1212 52 
6197 1245 52 1075 1073 
6198 1150 76 471 77 
6199 1218 1212 1150 53 
6200 1218 1150 422 417 
6201 1218 422 423 417 
6202 1218 417 423 10 
6203 1217 1078 1218 1082 
6204 1217 774 754 748 
6205 1208 1202 1212 53 
6206 1218 1077 1078 53 
6207 1218 53 1078 1081 
6208 1155 455 484 485 
6209 1158 420 1191 1189 
6210 1155 1159 443 18 
6211 1155 72 1159 1250 
6212 1157 1150 1218 1212 
6213 1155 1168 1258 1176 
6214 1197 477 78 485 
6215 1235 437 1190 1191 
6216 1196 420 1214 1191 
6217 1196 1191 1214 394 
6218 1155 73 72 446 
6219 1197 485 78 18 
6220 1227 427 957 956 
6221 439 1222 438 1157 
6222 1220 1149 1266 884 
6223 68 60 866 857 
6224 1158 1189 422 425 
6225 1189 422 425 418 
6226 1196 394 1214 6 
6227 1196 9 1214 420 
6228 1157 1191 1158 1190 
6229 1213 972 45 1122 
6230 1235 1248 437 428 
6231 1157 1212 1222 1250 
6232 1214 1111 1191 1116 
6233 1213 977 1191 1111 
6234 1213 950 947 336 
6235 1178 433 1177 939 
6236 1213 947 1128 336 
6237 1214 60 6 384 
6238 1214 972 60 384 
6239 1214 1122 1111 1114 
6240 1213 1111 1122 45 
6241 1217 415 10 856 
6242 1149 419 1261 1150 
6243 1149 1110 836 903 
6244 1220 1243 1103 888 
6245 1149 838 836 416 
6246 1149 836 875 903 
6247 1149 1150 1261 461 
6248 1149 838 875 836 
6249 1220 1243 888 842 
6250 1266 850 874 884 
6251 1266 786 850 776 
6252 1266 770 786 776 
6253 1254 1204 1236 1244 
6254 1201 464 462 469 
6255 1201 1090 1089 1084 
6256 1201 469 462 456 
6257 1201 1090 1086 1089 
6258 1180 767 766 768 
6259 1180 465 466 767 
6260 1180 465 767 768 
6261 1180 467 1174 466 
6262 1180 466 465 467 
6263 1224 453 445 14 
6264 1224 467 456 15 
6265 1225 1159 1261 443 
6266 1157 1250 1222 1168 
6267 1192 301 1093 1098 
6268 1249 400 407 408 
6269 1192 42 300 896 
6270 13 1279 479 444 
6271 1246 1224 453 449 
6272 1246 453 447 449 
6273 1246 449 447 448 
6274 443 14 1225 72 
6275 1225 453 1246 1224 
6276 1200 1199 908 909 
6277 1225 1224 15 460 
6278 77 1269 471 1150 
6279 1225 15 1261 1159 
6280 443 14 453 1225 
6281 1225 453 1224 14 
6282 1237 492 498 909 
6283 1240 492 1237 909 
6284 1259 1097 1094 1098 
6285 481 482 18 1259 
6286 1259 1225 443 447 
6287 1277 1273 1276 920 
6288 15 1243 1220 456 
6289 1220 461 1261 15 
6290 1220 1243 1201 456 
6291 1220 456 462 461 
6292 1220 461 1266 1149 
6293 1220 1149 1243 1261 
6294 1220 1149 1261 461 
6295 1265 1043 1194 48 
6296 1179 567 487 533 
6297 1240 492 489 493 
6298 1255 1050 1256 1254 
6299 1236 493 1241 537 
6300 1179 526 511 533 
6301 533 1236 511 1179 
6302 1241 450 1271 449 
6303 1241 449 448 450 
6304 1241 537 502 504 
6305 1169 1254 1244 1204 
6306 1241 537 519 554 
6307 1241 554 502 537 
6308 1148 479 1254 478 
6309 1157 1222 438 1168 
6310 479 483 1148 484 
6311 479 483 478 1148 
6312 1148 74 452 13 
6313 1255 655 1050 224 
6314 720 490 1242 660 
6315 402 1193 397 7 
6316 1242 691 681 670 
6317 1242 527 490 536 
6318 1156 1209 1270 1273 
6319 1256 681 655 670 
6320 1153 568 522 539 
6321 1280 714 1256 681 
6322 1256 714 655 681 
6323 1164 1275 1280 1256 
6324 1169 1254 476 1215 
6325 1268 673 687 670 
6326 1268 530 531 516 
6327 1268 530 532 531 
6328 1244 1268 673 708 
6329 1244 673 733 708 
6330 1244 708 733 669 
6331 1236 516 556 504 
6332 848 1169 826 876 
6333 1171 1057 684 351 
6334 1171 50 1053 1057 
6335 475 1247 889 1215 
6336 17 80 1171 1231 
6337 351 17 472 1171 
6338 1247 389 383 5 
6339 1247 839 383 391 
6340 1247 383 389 391 
6341 1247 389 390 391 
6342 1232 1233 1171 1053 
6343 1234 1126 338 949 
6344 1234 338 1126 1130 
6345 1234 831 864 863 
6346 1234 1126 62 1130 
6347 1233 688 692 823 
6348 1233 731 692 667 
6349 1233 869 862 823 
6350 1233 692 873 823 
6351 1233 864 869 823 
6352 1233 864 823 873 
6353 1232 1126 1129 385 
6354 1232 1131 1133 1129 
6355 1230 1133 1127 1135 
6356 953 1230 1127 995 
6357 1230 1135 1127 946 
6358 1230 995 988 946 
6359 1230 1127 995 946 
6360 1190 366 1168 362 
6361 1154 366 362 364 
6362 1154 388 390 389 
6363 1154 1155 1190 366 
6364 1154 388 394 390 
6365 1264 1133 1230 1135 
6366 1154 483 80 79 
6367 1213 394 1214 1191 
6368 1265 214 677 730 
6369 1152 365 364 361 
6370 1152 483 1148 478 
6371 1151 1152 364 361 
6372 1151 364 363 361 
6373 1151 1054 50 1052 
6374 1151 1058 1054 1052 
6375 1228 664 661 719 
6376 1228 664 722 659 
6377 1228 357 56 359 
6378 1194 1043 216 217 
6379 1260 694 640 682 
6380 1194 217 656 662 
6381 1194 65 7 402 
6382 64 1194 368 402 
6383 1194 48 1042 357 
6384 1194 1042 217 662 
6385 1194 1043 217 1042 
6386 1194 48 1043 1042 
6387 1153 539 522 517 
6388 1193 1280 1164 403 
6389 1265 215 1043 1044 
6390 1153 1242 490 660 
6391 1193 397 1280 403 
6392 1193 1164 397 403 
6393 1193 1164 1280 1256 
6394 443 1159 72 1225 
6395 1258 1168 366 2 
6396 1274 374 372 373 
6397 1258 366 367 2 
6398 1258 452 74 73 
6399 1155 366 1258 1168 
6400 1155 1250 1176 72 
6401 1258 446 452 73 
6402 1187 929 1144 1138 
6403 1184 359 360 357 
6404 1248 1283 1142 1138 
6405 1187 929 1230 983 
6406 1186 1229 983 1230 
6407 1186 676 965 717 
6408 1187 1138 1144 1143 
6409 1187 55 358 359 
6410 1187 1228 56 359 
6411 1187 1230 55 56 
6412 1187 359 56 55 
6413 1283 1138 1143 1141 
6414 1283 1142 1138 1141 
6415 1283 11 1142 1141 
6416 358 1165 54 1283 
6417 1283 426 11 1141 
6418 1184 360 368 357 
6419 1235 427 434 435 
6420 1235 923 926 1115 
6421 1248 928 1230 1001 
6422 1248 11 437 428 
6423 1248 951 1001 948 
6424 1248 1001 951 985 
6425 1229 1230 1151 50 
6426 1229 1055 1230 50 
6427 1229 1055 50 1054 
6428 1170 47 935 932 
6429 1170 960 932 935 
6430 1170 613 588 621 
6431 1170 709 725 736 
6432 1184 1036 1030 1040 
6433 1184 1040 1041 1036 
6434 1260 399 410 1031 
6435 1031 1041 1184 1260 
6436 1260 65 1184 410 
6437 1164 1275 1257 1280 
6438 1275 1254 1256 1148 
6439 1275 1254 1148 13 
6440 1275 1257 1277 442 
6441 1257 13 452 442 
6442 1164 1148 1152 365 
6443 1164 365 1265 361 
6444 1164 368 365 361 
6445 1153 685 735 712 
6446 1193 1265 1164 1256 
6447 1164 403 1257 401 
6448 1277 1271 1241 450 
6449 1270 1249 1209 606 
6450 1277 919 921 321 
6451 1160 1277 1175 1161 
6452 1162 1175 1172 1188 
6453 1172 400 408 8 
6454 1172 590 636 631 
6455 1172 605 590 631 
6456 1270 131 512 491 
6457 439 1222 1157 1212 
6458 1172 408 1188 8 
6459 1162 1008 1185 1163 
6460 1162 574 590 577 
6461 1162 577 1185 1008 
6462 1162 31 574 577 
6463 1162 1008 31 577 
6464 1162 1163 1161 1005 
6465 1162 1005 166 1008 
6466 1162 1175 1188 1161 
6467 1175 442 1277 1257 
6468 1282 1251 1262 1174 
6469 1064 354 1060 1216 
6470 1251 914 1174 915 
6471 1251 914 915 318 
6472 1251 319 1271 914 
6473 1251 318 319 914 
6474 513 552 1251 1185 
6475 1251 912 319 318 
6476 1173 546 907 514 
6477 1262 454 1239 14 
6478 1262 445 454 14 
6479 1262 454 445 451 
6480 353 354 1064 1216 
6481 1216 1060 1070 1281 
6482 1280 685 665 714 
6483 1280 675 665 685 
6484 1280 403 406 405 
6485 1154 477 483 79 
6486 1275 1277 450 442 
6487 1280 1273 1276 405 
6488 1280 406 1273 405 
6489 1275 1280 1256 1276 
6490 1275 1148 1257 13 
6491 1236 1237 1240 493 
6492 1275 1254 13 448 
6493 1275 13 1257 442 
6494 1275 448 13 442 
6495 1236 1276 515 504 
6496 1282 1174 1262 1239 
6497 1282 1281 1251 1067 
6498 354 1216 353 1239 
6499 51 354 1059 1282 
6500 1282 1163 1262 1251 
6501 1282 1163 1251 1281 
6502 1175 1257 1277 400 
6503 1175 1161 1262 1176 
6504 1175 1176 1262 451 
6505 1175 1257 400 404 
6506 1175 400 1172 8 
6507 1175 404 400 8 
6508 1272 524 598 1012 
6509 1272 1281 1253 1252 
6510 1272 635 598 528 
6511 1272 635 612 598 
6512 1272 612 635 787 
6513 1272 598 612 171 
6514 1272 1012 598 171 
6515 1238 765 1216 800 
6516 1238 765 800 788 
6517 1238 1216 379 380 
6518 1238 653 585 610 
6519 1238 610 788 653 
6520 1020 1177 1205 1026 
6521 1020 1177 1223 1205 
6522 1177 1245 1072 1221 
6523 1177 1221 1072 746 
6524 1154 79 78 477 
6525 1178 1177 1222 1245 
6526 12 429 439 1212 
6527 1227 1212 1178 439 
6528 1177 1222 1223 429 
6529 979 1177 963 1211 
6530 1177 1026 1211 1205 
6531 441 1205 1223 1177 
6532 1222 1212 1245 1250 
6533 1222 1212 1178 1245 
6534 1222 372 1245 1221 
6535 1177 1222 1221 1223 
6536 1222 440 1223 441 
6537 1222 441 1223 429 
6538 1222 440 441 429 
6539 1274 1258 1167 1168 
6540 1222 438 440 429 
6541 1222 1250 1245 372 
6542 471 1219 1206 457 
6543 1217 751 1266 776 
6544 1219 740 275 742 
6545 1219 751 75 459 
6546 1269 1206 1157 1250 
6547 1269 1157 1159 1250 
6548 1206 457 468 471 
6549 471 1219 457 76 
6550 1155 443 485 18 
6551 1155 443 73 455 
6552 1155 443 455 485 
6553 1158 1159 1197 1150 
6554 1155 1197 1159 18 
6555 1155 485 1197 18 
6556 1155 477 1197 485 
6557 1231 50 1171 1057 
6558 1196 421 425 419 
6559 1158 1155 1197 1159 
6560 53 1206 1150 1219 
6561 1219 471 1206 1150 
6562 1154 78 1197 477 
6563 1219 471 1150 76 
6564 1219 1077 275 740 
6565 1219 76 1150 459 
$EndElements
