$MeshFormat
4.1 0 8
$EndMeshFormat
$PhysicalNames
157
2 1 "sphere_walls"
2 2 "inlet"
2 3 "outlet"
2 4 "outer_walls"
2 2000 "interface_000"
2 2001 "interface_001"
2 2002 "interface_002"
2 2003 "interface_003"
2 2004 "interface_004"
2 2005 "interface_005"
2 2006 "interface_006"
2 2007 "interface_007"
2 2008 "interface_008"
2 2009 "interface_009"
2 2010 "interface_010"
2 2011 "interface_011"
2 2012 "interface_012"
2 2013 "interface_013"
2 2014 "interface_014"
2 2015 "interface_015"
2 2016 "interface_016"
2 2017 "interface_017"
2 2018 "interface_018"
2 2019 "interface_019"
2 2020 "interface_020"
2 2021 "interface_021"
2 2022 "interface_022"
2 2023 "interface_023"
2 2024 "interface_024"
2 2025 "interface_025"
2 2026 "interface_026"
2 2027 "interface_027"
2 2028 "interface_028"
2 2029 "interface_029"
2 2030 "interface_030"
2 2031 "interface_031"
2 2032 "interface_032"
2 2033 "interface_033"
2 2034 "interface_034"
2 2035 "interface_035"
2 2036 "interface_036"
2 2037 "interface_037"
2 2038 "interface_038"
2 2039 "interface_039"
2 2040 "interface_040"
2 2041 "interface_041"
2 2042 "interface_042"
2 2043 "interface_043"
2 2044 "interface_044"
2 2045 "interface_045"
2 2046 "interface_046"
2 2047 "interface_047"
2 2048 "interface_048"
2 2049 "interface_049"
2 2050 "interface_050"
2 2051 "interface_051"
2 2052 "interface_052"
2 2053 "interface_053"
2 2054 "interface_054"
2 2055 "interface_055"
2 2056 "interface_056"
2 2057 "interface_057"
2 2058 "interface_058"
2 2059 "interface_059"
2 2060 "interface_060"
2 2061 "interface_061"
2 2062 "interface_062"
2 2063 "interface_063"
2 2064 "interface_064"
2 2065 "interface_065"
2 2066 "interface_066"
2 2067 "interface_067"
2 2068 "interface_068"
2 2069 "interface_069"
2 2070 "interface_070"
2 2071 "interface_071"
2 2072 "interface_072"
2 2073 "interface_073"
2 2074 "interface_074"
2 2075 "interface_075"
2 2076 "interface_076"
2 2077 "interface_077"
2 2078 "interface_078"
2 2079 "interface_079"
2 2080 "interface_080"
2 2081 "interface_081"
2 2082 "interface_082"
2 2083 "interface_083"
2 2084 "interface_084"
2 2085 "interface_085"
2 2086 "interface_086"
2 2087 "interface_087"
2 2088 "interface_088"
2 2089 "interface_089"
2 2090 "interface_090"
2 2091 "interface_091"
2 2092 "interface_092"
2 2093 "interface_093"
2 2094 "interface_094"
2 2095 "interface_095"
2 2096 "interface_096"
2 2097 "interface_097"
2 2098 "interface_098"
2 2099 "interface_099"
2 2100 "interface_100"
2 2101 "interface_101"
2 2102 "interface_102"
2 2103 "interface_103"
2 2104 "interface_104"
2 2105 "interface_105"
2 2106 "interface_106"
2 2107 "interface_107"
2 2108 "interface_108"
2 2109 "interface_109"
2 2110 "interface_110"
2 2111 "interface_111"
2 2112 "interface_112"
2 2113 "interface_113"
2 2114 "interface_114"
2 2115 "interface_115"
2 2116 "interface_116"
2 2117 "interface_117"
2 2118 "interface_118"
2 2119 "interface_119"
2 2120 "interface_120"
2 2121 "interface_121"
2 2122 "interface_122"
2 2123 "interface_123"
2 2124 "interface_124"
2 2125 "interface_125"
3 1000 "pore_000"
3 1001 "pore_001"
3 1002 "pore_002"
3 1003 "pore_003"
3 1004 "pore_004"
3 1005 "pore_005"
3 1006 "pore_006"
3 1007 "pore_007"
3 1008 "pore_008"
3 1009 "pore_009"
3 1010 "pore_010"
3 1011 "pore_011"
3 1012 "pore_012"
3 1013 "pore_013"
3 1014 "pore_014"
3 1015 "pore_015"
3 1016 "pore_016"
3 1017 "pore_017"
3 1018 "pore_018"
3 1019 "pore_019"
3 1020 "pore_020"
3 1021 "pore_021"
3 1022 "pore_022"
3 1023 "pore_023"
3 1024 "pore_024"
3 1025 "pore_025"
3 1026 "pore_026"
$EndPhysicalNames
$Entities
274 535 325 27
1 0 0 0 0 
2 0 0 0.4233489981825996 0 
3 0 0.08616716273681464 0.3436323737633597 0 
4 0 0.04872131155949851 0.01368557158556006 0 
5 0 0.03713933116711032 0 0 
6 0.4851614842063994 0 0 0 
7 0.4486492304250589 0 0.4414047757238954 0 
8 0.2700383667283224 0 0.5726772209739737 0 
9 0.186336692425654 0 0.6008048185465671 0 
10 0.255561032155 0 0.3832094442487317 0 
11 0.2453443449114056 0.2434006684243218 0.4318206334888606 0 
12 0.2256716575050948 0.2670046450604858 0.3912485879861148 0 
13 0.2389877494333885 0.2523998102629378 0.4174415362362229 0 
14 0.2281002760989229 0.2683978224299243 0.3868888303611009 0 
15 0.2416672874663841 0.2646463880412854 0.2609029528050661 0 
16 0.443693502313619 0.04945345302618936 0 0 
17 0.3842893104410285 0.07194026398125464 0.4901989767083927 0 
18 0 0 1 0 
19 0 0.523424952213121 1 0 
20 0 0.6805217559498473 0.8402992782216069 0 
21 0 0.6711151268138952 0.6413717636000718 0 
22 0 0.5136300129898331 0.4566866943230692 0 
23 -1.387778780781446e-17 0.255098198896 0.6868739602892897 0 
24 -6.938893903907228e-17 0.255098198896 0.4725210251427103 0 
25 0.06723800638909304 0 1 0 
26 0.08256854297602301 0.4343088090223359 1 0 
27 0.1287887904523619 0.5261316489918826 0.855942844738988 0 
28 0.03114621245302409 0.669114632155316 0.8177222082598367 0 
29 0.004120924038977396 0.6696787726041152 0.6399265030917004 0 
30 0.08007650102701115 0.5084303939405829 0.4552365572754216 0 
31 0.2454761044238996 0.2456187963652771 0.4316414378608978 0 
32 0 0.5097321039155998 0 0 
33 0 0.16420577553641 0 0 
34 -1.179611963664229e-16 0.349694676678 0.3239588500186371 0 
35 6.938893903907228e-18 0.349694676678 0.120090099695363 0 
36 0.1958386756475264 0.4985946227272479 0.1814451875016553 0 
37 0.03602811164708771 0.5073982540832044 0 0 
38 0.2097386138540738 0.4984815805086701 0.2736957095540829 0 
39 0.2654646539035746 0.3614844643351821 0.276290705244431 0 
40 0.2506670331610301 0.439437372023982 0.2503485672546382 0 
41 0.1658543259202255 0.604531533276664 0 0 
42 0.4684549269065204 0.472686107115609 0 0 
43 0.5055145309662916 0.1951163879002971 -4.625929269271485e-18 0 
44 0.3665086428605733 0.3193032506199999 7.632783294297951e-17 0 
45 0.3240759387711166 0.4112420600642137 0.2429449802794643 0 
46 0.4765471230948553 0.4137358667214016 0.1082827789281238 0 
47 0.245717562709 0.31930325062 0.09117158068799999 0 
48 0.6958618974650157 0 0 0 
49 0.7145045099485965 0 0.01095268485016066 0 
50 0.508415021117499 0 0.4375886891432861 0 
51 0.8106958119592711 0.1643603687963042 0.1616687008958343 0 
52 0.6230506694116379 0.4863094057444268 0.2359501856759111 0 
53 0.6630223979671889 0.1927222415153453 0.5277438755272542 0 
54 0.6431382582153887 0.1793126617570181 0.5403642879469758 0 
55 0.6106493458715311 0.1859370068009404 0.5465533545176043 0 
56 0.53308481637 0.197341275614 0.367440283022 0 
57 0.53308481637 0.197341275614 0.209923565714 0 
58 0.8418290326121814 0 0.6658235095512695 0 
59 0.8694516244938442 0 1 0 
60 0.3735684992888219 0 1 0 
61 0.5578836200540001 0 0.7972373259802884 0 
62 0.7510762592326631 0.1528993455282044 0.6126976458513286 0 
63 0.8564775358515383 0.02297008048291003 1 0 
64 0.7841776033887428 0.1332333700971646 0.8787736960744159 0 
65 0.4670612699964238 0.05010594752101593 1 0 
66 0.6445316213555593 0.1641240976986429 0.8543963184730032 0 
67 0.1880363058940475 0.4227941178359929 1 0 
68 0.4151946251718765 0.5057484702151437 0.8397541344451495 0 
69 0.3778109354333117 0.5229470316601982 0.8202472481691662 0 
70 0.4068198162190214 0.516853084308519 0.8245998404756911 0 
71 0.406145288086 0.239228181591 0.80172251906 0 
72 0.406145288086 0.239228181591 0.6259413845480001 0 
73 0 0.94054153654275 1 0 
74 0.07304725315799032 1 1 0 
75 0.7064231516442735 1 1 0 
76 0.5769153710644133 0.5672295534690107 1 0 
77 0.5702328030853454 0.720323126604 1 0 
78 0.1468326637051347 0.7105427790574234 0.7853315579430643 0 
79 0.3960371371481864 0.9733128853949217 0.8221363898963202 0 
80 0.3971569464103979 1 0.8379674362664207 0 
81 0.5714309266207829 1 0.8648648154875781 0 
82 0.7046505938222998 1 0.967943138312755 0 
83 0.6394909125750268 0.8024093315626902 0.8588879924628189 0 
84 0.5767715436090463 0.5944855620805644 0.8498889861033715 0 
85 0.5687367036870977 0.5630834498963135 0.8745268601323346 0 
86 0.458669960743 0.720323126604 0.9196920685900001 0 
87 0.5583326430302972 0.9720204471156506 0.8464266995739783 0 
88 0 1 1 0 
89 0 1 0.3550016804930615 0 
90 0 0.9402607260727655 0.3541545819592851 0 
91 0.3672290161949105 1 0.4215299359232296 0 
92 0.211711346721 1 0.658111399002854 0 
93 0.3671662385970497 0.8218603631969537 0.4189925559374302 0 
94 0.3486929941202673 0.8021089502841942 0.4153658167164183 0 
95 0.2893575386260464 0.7804301999471309 0.4043090333582938 0 
96 0.2191393024101613 0.7570920302741758 0.3912571639764124 0 
97 0 0.9750457064290992 0 0 
98 1.491862189340054e-16 0.677830945616 0.335470708381837 0 
99 -1.040834085586084e-17 0.677830945616 0.102976828564163 0 
100 0.2206244316770437 0.7561219920913241 0.3887462897861336 0 
101 0.1598608711413892 0.84408361581389 0 0 
102 0.381479890328 0.5282454348 0.598139571425 0 
103 0.381479890328 0.5282454348 0.433809437971 0 
104 0.882375971457924 0 0 0 
105 0.5406940510138341 0.5476226839248445 0 0 
106 1 0.4779238091837562 0 0 
107 1 0.008034510942804605 0 0 
108 0.8288467042522371 0.383092875425 1.179611963664229e-16 0 
109 1 0.1193776203212239 0.1063515119419116 0 
110 0.6588504128056831 0.5277728099444126 0.2289930398580613 0 
111 1 0.4768220296805099 0.1314162506659779 0 
112 0.723490293832 0.383092875425 0.07573915306699999 0 
113 1 0 0 0 
114 1 0 0.4887246978055956 0 
115 0.751519743114 0 0.5247352308254563 0 
116 1 0.1138103028168356 0.3735452391074388 0 
117 0.7555804552562296 0.1688359196649893 0.5915261525893677 0 
118 1 0 1 0 
119 1 0.3334811725078318 1 0 
120 1 0.3959084865470957 0.9331094388954119 0 
121 1 0.488229091630083 0.5834017018200803 0 
122 1 0.219943441316 0.763304823926087 0 
123 0.9562839102756714 0.3054763177881606 1 0 
124 0.9144944840792355 0.4729672851780941 0.6403149740885911 0 
125 0.9210288445115823 0.4155578595889215 0.8578488155121758 0 
126 0.894206221959566 0.3419358619893211 0.918323168084342 0 
127 0 1 0 0 
128 0.5313123364125566 1 0 0 
129 0.5742796629639955 1 0.06179088786843109 0 
130 0.5478104976311647 1 0.2354754893306813 0 
131 0.26420348121 1 0.3614794036805369 0 
132 0.3782144012096303 0.8167860603112281 0.4075354320145957 0 
133 0.5162601686415867 0.9158222970012955 0.2667524568262582 0 
134 0.592023757934981 0.6518367975579638 0.3683080687153036 0 
135 0.6377140855261362 0.5825658957135562 0.3407553008649077 0 
136 0.521060572104982 0.7953731730599268 0.3756043213896019 0 
137 0.5962951409007826 1 0.01555741728336698 0 
138 0.6795759151720066 0.576625219882316 0.2587095152513394 0 
139 0.5881263893999233 1 0 0 
140 0.406608917449 0.688567638892 0.24929365645 0 
141 0.406608917449 0.688567638892 0.05985971687800001 0 
142 1 0.5360697608822882 0.5381454626587249 0 
143 1 0.4897606062117771 0.1402941779245004 0 
144 0.8212848193806918 0.5924434305108895 0.2435533176183831 0 
145 0.8816537384327444 0.5963169880709841 0.5399428716959236 0 
146 0.8470626678980323 0.5728355993168153 0.5793393043845806 0 
147 0.814156076020513 0.6217936113996166 0.4646368253905483 0 
148 0.844048515165 0.352413257282 0.493635312228 0 
149 0.844048515165 0.352413257282 0.310583248872 0 
150 0.653367023935 0.404527200765 0.782439849525 0 
151 0.653367023935 0.404527200765 0.6142291440909999 0 
152 0.6903092780778989 0.374669048605 1 0 
153 0.58705099692 0.374669048605 0.929513654692 0 
154 0.9149218178504881 1 1 0 
155 1 0.6594192419303675 1 0 
156 0.874019051223449 0.629324556256 1 0 
157 0.8881678453442809 1 0.9728132886959983 0 
158 0.7772063510582509 0.6204616997645748 0.7637135906362184 0 
159 0.76275587548 0.629324556256 0.90738267374 0 
160 0.7161180330931344 0.6384823907591557 0.7718807947751493 0 
161 0.5187875055359999 0.719575248996 0.7156623149769999 0 
162 0.5187875055359999 0.719575248996 0.5555821979909999 0 
163 0.7479186709268085 1 0.4922858735449792 0 
164 0.6206635003870484 0.8272044883676405 0.4762921126050591 0 
165 0.538536537859 1 0.63261441447424 0 
166 0.9673783340175262 1 0 0 
167 1 1 0 0 
168 1 1 0.3770212352527429 0 
169 0.9886136579257195 1 0.497422291475359 0 
170 1 0.9317832557851219 0.03837308781548204 0 
171 1 0.9976523816017481 0 0 
172 0.7240255024206483 0.6100269479930871 0.4618092569771398 0 
173 0.77947105876 0.863882348867 0.417283747935 0 
174 0.77947105876 0.863882348867 0.246969000007 0 
175 0.8828832556261988 0.651078306967 2.775557561562891e-17 0 
176 0.764156614542 0.651078306967 0.090109483612 0 
177 1 1 1 0 
178 1 1 0.7617296336867413 0 
179 1 0.8274528015230563 0.57145133868347 0 
180 1 0.694507435115 0.8823258572520449 0 
181 1 1 0.5085593692636716 0 
182 0.7730937117509999 0.840918133612 0.7126242238379999 0 
183 0.7730937117509999 0.840918133612 0.549319551674 0 
184 1 0.741012904832 0.4788160744965543 0 
185 1.63545522882876 -1.337093308301458 1.130405202857623 0 
186 0.5138692094853 -1.25565473148932 0.3674286334309488 0 
187 0.4811337523792192 -0.03631056541504451 0.4167767728688591 0 
188 1.445606796320663 0.0134918570682413 -0.02386069100163279 0 
189 2.292550413048696 -0.4404714937361257 -0.5127309037806177 0 
190 2.454565103069604 -1.454565103069603 0.3321599103957587 0 
191 0.9516377414173361 -1.372177045139767 -1.315180237890603 0 
192 1.895924436697712 -1.475067970023895 -1.475067970023895 0 
193 2.533754476133214 -1.492940846910472 -1.533754476133214 0 
194 0.624647017064986 -0.1535379016683085 -0.1298392896442417 0 
195 2.42494550484824 2.424945504848239 0.815323260721195 0 
196 1.751471840525984 2.295112640085773 0.7715229367696316 0 
197 2.248672812577054 0.4908286567064417 0.5866685209131512 0 
198 1.069579847042313 0.5006483390562118 0.5370887039219083 0 
199 2.392216565316722 0.04950121318600298 2.259911433144709 0 
200 1.265342965289291 2.290108833123786 1.683575199425712 0 
201 2.453463768136242 0.5668055334190418 2.453463768136242 0 
202 2.023069485721489 2.509163388458522 2.509163388458522 0 
203 0.05171368554755296 0.3730114168483121 1.096167009694289 0 
204 -0.7326603879954422 0.09181114269917363 2.242634548875148 0 
205 0.659407017793405 0.6090479690423577 2.265546751130782 0 
206 -0.07632366948189506 -0.2989988193271876 1.445814453335137 0 
207 -0.5689514316067809 -1.010081317715071 2.304576192047243 0 
208 1.68941239530653 -1.247323466266315 2.396593481943623 0 
209 1.989171363901807 -0.3011604109918332 2.358990278568849 0 
210 1.798585214794693 -1.434990243885286 2.434990243885285 0 
211 0.1712577642512001 -0.06219907151315067 0.6439873598232102 0 
212 -0.5147150310145604 -1.285869430090219 1.122773747722504 0 
213 1.596585993147496 0.1643895947402534 -0.05488185748672485 0 
214 2.415679662715803 -0.08084280489402873 2.415679662715803 0 
215 0.4562201935286963 0.5618140097264537 -0.1637146330566243 0 
216 0.1179361838896239 1.093295470271771 -0.9141091148395524 0 
217 0.591407096060096 1.024849371631577 0.001285955852139795 0 
218 1.030428600751009 0.4722775101829102 0.1227129566496787 0 
219 0.4527205689045628 0.5714282467376461 -1.2471227118454 0 
220 2.441726373629816 0.2712316291676087 -1.441726373629818 0 
221 2.305827651576987 0.2859725345847321 -0.7402038759346165 0 
222 1.116940178035152 2.307951403339853 -0.7682377954937313 0 
223 1.763182673810636 2.380895045202091 -0.8378255420458529 0 
224 2.57151700964982 2.57151700964982 -1.455912759897077 0 
225 0.6734025487085676 -1.082948560723459 -1.345609083043996 0 
226 0.5381458082939127 -0.05115462379301301 -0.121978652860176 0 
227 -1.575238998041492 -1.358724456939538 -1.597730122997536 0 
228 -1.213430997154934 0.5762283558792592 -1.418606734105584 0 
229 -1.468715693289043 0.592337645784993 -1.468715693289043 0 
230 -1.248112811709007 0.5946739031216765 0.4792892631752237 0 
231 -1.396402214063729 -1.032811903993281 0.04899463457589961 0 
232 -1.604998109893083 -1.382683556420818 -1.604998109893084 0 
233 0.05514734908954599 0.995667416107887 -0.6699244222893551 0 
234 -0.1752706752021344 1.24265368123054 -1.262696758857565 0 
235 -1.397784235722876 2.108605758886541 0.1174950522548106 0 
236 -1.620017008057064 2.461322525875477 -1.620017008057063 0 
237 -1.217302044095506 1.095407566827934 1.068295083333887 0 
238 -1.44873345294632 -1.44873345294632 0.3839428712671933 0 
239 -1.235214736378774 1.132912152758236 1.735673942575863 0 
240 -1.301938859678183 0.6478954546245425 2.301938859678184 0 
241 1.392093293324242 1.874703031598767 0.5732474161721911 0 
242 1.590143641141881 2.278423265321471 0.4832173833107803 0 
243 1.02149751773548 2.263818367974988 -0.2341073646475875 0 
244 0.3676727124597967 2.259046127456553 0.4394634991792188 0 
245 0.4504290805916176 2.269572951507614 1.591090003579024 0 
246 1.022154751949793 1.96280180680998 1.499337117070194 0 
247 1.186879153696419 2.281723523244655 1.676938264488727 0 
248 1.65672930607504 2.28107012679174 0.683972835284251 0 
249 1.128615458496261 2.281021619954097 1.702478342431671 0 
250 -1.466855410528781 2.466855410528781 0.1100618751772478 0 
251 -1.053590255449831 2.45988090531949 2.45988090531949 0 
252 -1.434870973638807 2.108808445226434 2.434870973638807 0 
253 1.209232264834002 2.418173338161079 2.418173338161079 0 
254 2.543926973000001 -1.543926973000001 -1.543926973000001 0 
255 0.9173997332641617 -1.381916294533257 -1.381916294533257 0 
256 -1.664930333076916 -1.664930333076916 -1.664930333076916 0 
257 2.597461283684354 -1.597461283684354 2.597461283684354 0 
258 -0.7585359935233401 -1.370043563974562 2.370043563974562 0 
259 -1.525920222170293 -1.525920222170293 2.525920222170293 0 
260 2.635306210000885 2.635306210000886 2.635306210000886 0 
261 -1.514495728065658 2.514495728065658 2.514495728065658 0 
262 2.253820773327071 -0.04192746747645215 -0.3989100850245425 0 
263 0.8237183856943113 2.398763016252538 -1.398763016252538 0 
264 0.03191545580270705 1.228969305125909 -1.242331857776303 0 
265 2.601559707738549 2.60155970773855 -1.60155970773855 0 
266 0.733268423940361 0.5922222467956991 0.5026788125157849 0 
267 0.6545429827267095 0.5499847650041952 0.4594335987853819 0 
268 0.5921565327156663 0.3941097449287362 0.4466977507651318 0 
269 0.4080741678316023 0.5128297314162937 0.8016958666335282 0 
270 0.5186224672985693 0.3197605026502527 0.5058917065626208 0 
271 0.5948186057137638 0.4964031470357906 0.2995493978098515 0 
272 0.654102448538432 0.5917946046878452 0.3930806582501777 0 
273 0.345207367319996 0.7988991183598256 0.416385557756849 0 
274 -1.662109965642806 2.662109965642806 -1.662109965642805 0 
1 -0.0002117746490912999 -0.0002117746490912999 -0.0002117746490913064 0.0002117746490912999 0.0002117746490912999 0.4235607728316909 0 2 1 -2 
2 -0.0001724849254736291 -0.0001724849254736288 0.3434598888378861 0.0001724849254736291 0.08633964766228827 0.4235214831080732 0 2 3 -2 
3 -0.0002118246490912999 0.04850948691040721 0.01347374693646877 0.0002118246490912999 0.08637898738590594 0.343844198412451 0 2 3 -4 
4 -2.752174317112e-05 0.03711180942393921 -2.75217431711201e-05 2.752174317112e-05 0.04874883330266963 0.01371309332873118 0 2 4 -5 
5 -7.437906233422066e-05 -7.437906233422054e-05 -7.437906233422066e-05 7.437906233422066e-05 0.03721371022944454 7.437906233422066e-05 0 2 1 -5 
6 -0.0003005025592732746 -0.0003005025592732837 -0.0003005025592732837 0.4854619867656726 0.0003005025592732837 0.0003005025592732837 0 2 1 -6 
7 0.4483486778657856 -0.0003005525592732837 -0.0003005525592732761 0.4854620367656727 0.0003005525592732837 0.4417053282831687 0 2 6 -7 
8 0.2697378141690491 -0.0003005525592732837 0.4411042231646221 0.4489497829843322 0.0003005525592732837 0.572977773533247 0 2 7 -8 
9 0.1861691384770486 -0.0001675539486053368 0.5725096670253683 0.2702059206769278 0.0001675539486053368 0.6009723724951724 0 2 8 -9 
10 -0.0003005525592732899 -0.0003005525592732837 0.4230484456233263 0.1866372449849272 0.0003005525592732837 0.6011053711058404 0 2 2 -9 
11 0.1379594985595706 -0.0001177173696977145 0.1481240944275706 0.3731625657504294 0.0001177173696977145 0.3833271616184294 0 2 10 -10 
12 0.1860524129945844 -0.000284279431069609 0.431536354057791 0.2456286243424752 0.2436849478553914 0.6010890979776367 0 2 9 -11 
13 -0.0002138315751266384 0.085953331161688 0.343418542188233 0.2258854890802215 0.2672184766356125 0.3914624195612414 0 2 12 -3 
14 0.2256191712085946 0.2523473239664376 0.3911961016896146 0.2390402357298888 0.2670571313569861 0.4174940225327231 0 2 13 -12 
15 0.2389804597847622 0.2433933787756955 0.4174342465875965 0.245351634560032 0.2524070999115642 0.431827923137487 0 2 11 -13 
16 0.2256628375898448 0.2669958251452358 0.3868800104458509 0.228109096014173 0.2684066423451744 0.3912574079013648 0 2 12 -14 
17 0.2279113944407226 0.2644575063830851 0.2607140711468658 0.2418561691245844 0.2685867040881247 0.3870777120193012 0 2 15 -14 
18 -0.0002294386212624011 0.04849187293823612 0.01345613296429767 0.2418967260876465 0.2648758266625478 0.2611323914263285 0 2 4 -15 
19 -0.0002427308921031934 0.03689660027500712 -0.0002427308921031997 0.4439362332057222 0.04969618391829256 0.0002427308921031997 0 2 5 -16 
20 0.2414850461095364 0.04927121166934167 -0.0001822413568476899 0.4438757436704667 0.2648286293981331 0.2610851941619138 0 2 16 -15 
21 0.4435944448075666 -9.905750605238017e-05 -9.905750605237894e-05 0.4852605417124518 0.04955251053224174 9.905750605237894e-05 0 2 16 -6 
22 0.2451615923109255 0.07175751138077452 0.4316378808883805 0.3844720630415086 0.243583421024802 0.4903817293088728 0 2 11 -17 
23 0.3841597858171412 -0.0001295246238872394 0.4412752511000081 0.4487787550489462 0.07206978860514188 0.49032850133228 0 2 17 -7 
24 0.2280390702871727 0.2523386044511876 0.3868276245493506 0.2390489552451388 0.2684590282416746 0.4175027420479732 0 2 13 -14 
25 0.2698097644408969 -0.0002286022874255431 0.4899703744209671 0.384517912728454 0.07216886626868017 0.5729058232613992 0 2 17 -8 
26 -0.0003403610279749236 -0.0003403610279749236 0.4230086371546247 0.0003403610279749236 0.0003403610279749236 1.000340361027975 0 2 2 -18 
27 -0.0003403610279749236 -0.0003403610279749114 0.999659638972025 0.0003403610279749236 0.523765313241096 1.000340361027975 0 2 18 -19 
28 -0.0003195520435567866 0.5231054001695642 0.8399797261780501 0.0003195520435567866 0.6808413079934041 1.000319552043557 0 2 19 -20 
29 -0.0003404110279749236 0.6707747157859203 0.6410313525720969 0.0003404110279749236 0.6808621669778222 0.8406396892495818 0 2 20 -21 
30 -0.0003404110279749236 0.5132896019618582 0.4563462832950942 0.0003404110279749236 0.6714555378418701 0.6417121746280466 0 2 21 -22 
31 -0.0003404110279749236 0.08582675170883972 0.3432919627353848 0.0003404110279749236 0.513970424017808 0.4570271053510441 0 2 3 -22 
32 -0.0001072765675733591 0.147814454755137 0.472413748575137 0.0001072765675732897 0.2552054754635733 0.686981236856863 0 2 23 -24 
33 -0.0001072765675733591 0.2549909223284267 0.472413748575137 0.0001072765675732897 0.362381943036863 0.686981236856863 0 2 24 -23 
34 0.06694953073818434 -0.0002884756509087002 0.6005163428956584 0.1866251680765627 0.0002884756509087002 1.000288475650909 0 2 25 -9 
35 -0.000134576412778184 -0.0001345764127781861 0.9998654235872219 0.06737258280187122 0.0001345764127781861 1.000134576412778 0 2 18 -25 
36 -0.0001783828863815701 0.4341304261359543 0.9998216171136184 0.08274692586240458 0.5236033350995026 1.000178382886382 0 2 19 -26 
37 0.06697614376298648 -0.0002618626261065571 0.9997381373738934 0.08283040560212956 0.4345706716484424 1.000261862626107 0 2 25 -26 
38 0.08228426354495345 0.4340245295912663 0.8556585653079184 0.1290730698834315 0.5264159284229522 1.00028427943107 0 2 27 -26 
39 0.03091376522464754 0.525899201763506 0.8174897610314601 0.1290212376807385 0.6693470793836925 0.8561752919673645 0 2 28 -27 
40 -6.239282490639805e-05 0.6690522393304096 0.8176598154349303 0.03120860527793049 0.6805841487747537 0.8403616710465133 0 2 28 -20 
41 0.003907591416835571 0.6689012995331741 0.6397131704695586 0.03135954507516591 0.6698921052262571 0.8179355408819785 0 2 29 -28 
42 -8.342248078465481e-06 0.6696704303560368 0.639918160843622 0.004129266287055861 0.6711234690619736 0.6413801058481502 0 2 21 -29 
43 0.003937708542208561 0.5082471784438141 0.4550533417786528 0.08025971652377999 0.669861988100884 0.6401097185884692 0 2 29 -30 
44 -0.000160253402054257 0.5082701405385286 0.4550763038733673 0.08023675442906542 0.5137902663918874 0.4568469477251235 0 2 30 -22 
45 0.07995568805257104 0.2668838320860457 0.3911277750116747 0.2257924704795349 0.508551206915023 0.4553573702498617 0 2 30 -12 
46 -0.0001072765675733597 0.2549909223284266 0.472413748575137 0.07225484764831322 0.2552054754635733 0.686981236856863 0 2 24 -23 
47 0.1285765396489228 0.245406545561838 0.4314291870574586 0.2456883552273387 0.5263438997953217 0.8561550955424271 0 2 31 -27 
48 0.2453398082555237 0.2433961317684399 0.4316369012050159 0.2454806410797815 0.245623333021159 0.4318251701447425 0 2 11 -31 
49 -0.0002326045007151676 0.5094994994148846 -0.0002326045007151611 0.0002326045007151676 0.5138626174905483 0.4569192988237843 0 2 22 -32 
50 -0.0002325545007151675 0.1639732210356948 -0.0002325545007151675 0.0002325545007151675 0.5099646584163149 0.0002325545007151675 0 2 33 -32 
51 -0.0002311195279538264 0.04849019203154468 -0.0002311195279538266 0.0002311195279538264 0.1644368950643638 0.01391669111351389 0 2 33 -4 
52 -0.000102034475161755 0.2476582670412014 0.1199880652202014 0.000102034475161644 0.3497967111531617 0.3240608844937987 0 2 34 -35 
53 -0.000102034475161755 0.3495926422028384 0.1199880652202014 0.000102034475161644 0.4517310863147987 0.3240608844937987 0 2 35 -34 
54 0.03579867302582515 0.4983651841059853 -0.0002294386212625676 0.1960681142687889 0.5076276927044669 0.1816746261229178 0 2 36 -37 
55 -7.220682329417416e-05 0.5073260472599102 -7.220682329417538e-05 0.03610031847038189 0.509804310738894 7.220682329417538e-05 0 2 32 -37 
56 0.07995568805257099 0.4983607675342299 0.2735748965796427 0.209859426828514 0.508551206915023 0.4553573702498618 0 2 38 -30 
57 0.1957924502865001 0.4984353551476439 0.181398962140629 0.2097848392151 0.4986408480882741 0.2737419349151091 0 2 36 -38 
58 -0.0001729133141895947 0.1640328622222204 -0.000172913314189595 0.03620102496127731 0.5075711673973939 0.000172913314189595 0 2 37 -33 
59 0.25054622018659 0.3613636513607419 0.2502277542801981 0.2655854668780147 0.4395581849984221 0.2764115182188711 0 2 39 -40 
60 0.2414735109137963 0.2644526114886976 0.2607091762524784 0.2656584304561624 0.3616782408877698 0.2764844817970188 0 2 15 -39 
61 0.1957007684880203 0.439299464864476 0.1813072803421492 0.2508049403205361 0.4987325298867539 0.2504864744141442 0 2 40 -36 
62 -0.000102034475161758 0.3495926422028384 0.1199880652202014 0.06720984649924021 0.3497967111531617 0.3240608844937987 0 2 35 -34 
63 -6.363337218465073e-05 0.03707569779492567 -6.363337218465073e-05 6.363337218465073e-05 0.1642694089085946 6.363337218465073e-05 0 2 5 -33 
64 0.03576830861854144 0.5071384510546582 -0.0002598030285462754 0.1661141289487718 0.6047913363052102 0.0002598030285462754 0 2 41 -37 
65 0.1655704796691707 0.4724022608645542 -0.0002838462510547769 0.4687387731575752 0.6048153795277188 0.0002838462510547769 0 2 42 -41 
66 0.4681710806554656 0.1948325416492424 -0.0002838462510547815 0.5057983772173464 0.4729699533666638 0.0002838462510547769 0 2 43 -42 
67 0.4434096560625642 0.04916960677513459 -0.0002838462510547815 0.5057983772173464 0.1954002341513519 0.0002838462510547769 0 2 43 -16 
68 0.1248055913772751 0.1983912792882751 -0.0001208911801515733 0.3666295340407248 0.4402152219517249 0.0001208911801516496 0 2 44 -44 
69 0.323893697414269 0.411059818707366 0.1081005375712761 0.4767293644517029 0.4139181080782492 0.243127221636312 0 2 45 -46 
70 0.2653473309338394 0.3613671413654469 0.2428276573097292 0.3241932617408518 0.4113593830339488 0.2764080282141662 0 2 39 -45 
71 0.4764082380852475 0.1949775028906894 -0.0001388850096077227 0.5056534159758993 0.4138747517310093 0.1084216639377315 0 2 46 -43 
72 0.165698879371638 0.4984391761786604 -0.0001554465485874429 0.1959941221961138 0.6046869798252514 0.1816006340502427 0 2 41 -36 
73 0.4683160418969127 0.4135969817117939 -0.0001388850096077157 0.476686008104463 0.4728249921252167 0.1084216639377315 0 2 42 -46 
74 0.2505201149498099 0.4110951418529935 0.2427980620682441 0.3242228569823368 0.4395842902352022 0.2504954854658584 0 2 45 -40 
75 0.2455966715288484 0.3191823594398484 -0.0001208911801514959 0.3666295340407248 0.3194241418001516 0.09129247186815156 0 2 44 -47 
76 0.245717462309 0.31930315022 0.091171480288 0.245717663109 0.31930335102 0.09117168108799999 0 2 47 -47 
77 0.4849406816685374 -0.0002208025378619478 -0.0002208025378619478 0.6960827000028776 0.0002208025378619478 0.0002208025378619478 0 2 6 -48 
78 0.6958244616400485 -3.743582496716126e-05 -3.743582496716115e-05 0.7145419457735637 3.743582496716126e-05 0.01099012067512782 0 2 49 -48 
79 0.5081941685796371 -0.0002208525378619477 0.01073183231229871 0.7147253624864585 0.0002208525378619477 0.4378095416811481 0 2 49 -50 
80 0.448529548243674 -0.0001196821813848802 0.4374690069619013 0.5085347032988839 0.0001196821813848802 0.4415244579052803 0 2 7 -50 
81 0.5053882966187159 -0.0001262343475756933 -0.0001262343475757031 0.6959881318125914 0.1952426222478728 0.0001262343475756984 0 2 48 -43 
82 0.7143616620535708 -0.0001428478950257356 0.01080983695513492 0.8108386598542968 0.16450321669133 0.1618115487908601 0 2 49 -51 
83 0.6228463716668262 0.1641560710514925 0.1614644031510226 0.8109001097040828 0.4865137034892386 0.2361544834207228 0 2 51 -52 
84 0.476303868241983 0.4134926118685293 0.1080395240752515 0.6232939242645101 0.4865526605972991 0.2361934405287834 0 2 46 -52 
85 0.6627575920156404 0.1640955628447558 0.1614038949442859 0.8109606179108195 0.1929870474668938 0.5280086814788026 0 2 53 -51 
86 0.6430983895358851 0.1792727930775145 0.5277040068477505 0.6630622666466925 0.192762110194849 0.5404041566264794 0 2 54 -53 
87 0.5082482139617516 -0.0001668071557475032 0.4374218819875386 0.6433050653711362 0.1794794689127656 0.5405310951027232 0 2 54 -50 
88 0.3841597858171412 0.07181073935736733 0.4900694520845054 0.6107788704954183 0.1860665314248277 0.5466828791414916 0 2 55 -17 
89 0.6105842676468434 0.1792475835323303 0.5402992097222881 0.6432033364400764 0.1860020850256282 0.546618432742292 0 2 54 -55 
90 0.5330847159700001 0.197341175214 0.367440182622 0.53308491677 0.197341376014 0.367440383422 0 2 56 -56 
91 0.5330059579113461 0.197262417155346 0.209844707255346 0.6119220334826541 0.197420134072654 0.367519141480654 0 2 57 -56 
92 0.5330847159700001 0.197341175214 0.209923465314 0.53308491677 0.197341376014 0.209923666114 0 2 57 -57 
93 0.5081151643386163 -0.0002998567788827608 0.4372888323644034 0.8421288893910642 0.0002998567788827608 0.6661233663301522 0 2 50 -58 
94 0.8415291758332987 -0.0002998567788827608 0.6655236527723867 0.8697514812727269 0.0002998567788827608 1.000299856778883 0 2 59 -58 
95 0.3732686925099391 -0.0002998067788827609 0.9997001932211173 0.8697514312727269 0.0002998067788827609 1.000299806778883 0 2 60 -59 
96 0.2697385099494397 -0.0002998567788827608 0.5723773641950909 0.3738683560677046 0.0002998567788827608 1.000299856778883 0 2 8 -60 
97 0.4375950937081311 -0.0001205680195806066 0.5567808413081311 0.678172146399869 0.0001205680195806066 0.797357893999869 0 2 61 -61 
98 0.6429714510596414 0.152732538372457 0.5401974807912284 0.7512430663884104 0.1794794689127654 0.6128644530070759 0 2 62 -54 
99 0.7509094520769155 -0.0001668071557475864 0.612530838695581 0.841995839767929 0.153066152683952 0.665990316707017 0 2 58 -62 
100 0.8564314450905725 -4.609076096582024e-05 0.9999539092390342 0.86949771525481 0.02301617124387585 1.000046090760966 0 2 59 -63 
101 0.7839827951058149 0.02277527219998218 0.8785788877914881 0.8566723441344661 0.1334281783800925 1.000194808282928 0 2 63 -64 
102 0.7509069544285992 0.1330640652931008 0.6125283410472647 0.7843469081928066 0.1530686503322682 0.8789430008784798 0 2 64 -62 
103 0.3733813631474067 -0.0001871361414152034 0.9998128638585848 0.467248406137839 0.05029308366243113 1.000187136141415 0 2 65 -60 
104 0.4668131782838213 0.02272198877030752 0.9997519082873975 0.8567256275641408 0.05035403923361844 1.000248091712602 0 2 63 -65 
105 0.6104800410674672 0.1639547928945791 0.5463840497135405 0.6447009261596232 0.1861063116050043 0.8545656232770671 0 2 55 -66 
106 0.4668329221886928 0.04987759971328488 0.8541679706652722 0.6447599691632904 0.164352445506374 1.000228347807731 0 2 65 -66 
107 0.6443368130726317 0.133038561814237 0.8542015101900756 0.7843724116716704 0.1643189059815706 0.8789685043573435 0 2 64 -66 
108 0.06702424484958003 -0.0002137615395130133 0.999786238460487 0.3737822608283349 0.0002137615395130133 1.000213761539513 0 2 25 -60 
109 0.08235745685018696 0.4225830317101569 0.9997889138741639 0.1882473920198836 0.4345198951481719 1.000211086125836 0 2 67 -26 
110 0.1878190013395364 0.04988864296650478 0.9997826954454888 0.467278574550935 0.4230114223905041 1.000217304554511 0 2 65 -67 
111 0.1878417662114622 0.4225995781534076 0.8395595947625641 0.4153891648544618 0.505943009897729 1.000194539682585 0 2 67 -68 
112 0.4149662773641457 0.1638957498909121 0.8395257866374186 0.6447599691632901 0.5059768180228745 0.8546246662807341 0 2 66 -68 
113 0.1285765396489229 0.5227347808567592 0.8200349973657272 0.3780231862367508 0.5263438997953216 0.856155095542427 0 2 27 -69 
114 0.3777528172717403 0.5167949661469475 0.8201891300075947 0.4068779343805928 0.5230051498217696 0.8246579586372625 0 2 70 -69 
115 0.4067894072310824 0.5057180612272048 0.8245694314877522 0.4152250341598155 0.5168834932964579 0.8397845434330884 0 2 68 -70 
116 0.406145187686 0.239228081191 0.80172241866 0.406145388486 0.239228281991 0.80172261946 0 2 71 -71 
117 0.406057297418744 0.239140190923744 0.6258533938807441 0.494123846009256 0.239316172258256 0.801810509727256 0 2 72 -71 
118 0.406145187686 0.239228081191 0.6259412841480001 0.406145388486 0.239228281991 0.6259414849480001 0 2 72 -72 
119 -0.0002086584421648145 0.5232162937709562 0.9997913415578352 0.0002086584421648145 0.9407501949849147 1.000208658442165 0 2 19 -73 
120 -0.0002087084421648146 0.6803130475076825 0.8400905697794421 0.0002087084421648146 0.9407502449849148 1.000208708442165 0 2 20 -73 
121 -0.00014624510631598 0.940395291436434 0.999853754893684 0.07319349826430631 1.000146245106316 1.000146245106316 0 2 74 -73 
122 0.07269394143216817 0.9996466882741779 0.9996466882741779 0.7067764633700956 1.000353311725822 1.000353311725822 0 2 74 -75 
123 0.5765620093385911 0.5668761917431886 0.9996466382741779 0.7067765133700956 1.000353361725822 1.000353361725822 0 2 75 -76 
124 0.1876829441682254 0.4224407561101708 0.9996466382741779 0.5772687327902354 0.5675829151948328 1.000353361725822 0 2 67 -76 
125 0.3469954554583122 0.6086486213193122 0.9998883370576577 0.5703444660276877 0.8319976318886878 1.000111662942342 0 2 77 -77 
126 0.03093287983088226 0.6689012995331741 0.7851182253209225 0.1470459963272766 0.7107561116795652 0.8179355408819785 0 2 28 -78 
127 0.1466291783185447 0.7103392936708334 0.7851280725564743 0.3962406225347764 0.9735163707815117 0.8223398752829102 0 2 79 -78 
128 0.395983662518976 0.9732594107657112 0.8220829152671097 0.3972104210396083 1.00005347462921 0.8380209108956311 0 2 80 -79 
129 0.07273041505874717 0.9996831619007569 0.8376505981671776 0.397473784509641 1.000316838099243 1.000316838099243 0 2 80 -74 
130 0.3968401083111547 0.9996831619007569 0.8376505981671776 0.571747764720026 1.000316838099243 0.8651816535868212 0 2 80 -81 
131 0.5711643366863799 0.999733410065597 0.8645982255531751 0.7049171837567028 1.000266589934403 0.968209728247158 0 2 81 -82 
132 0.7045863294989253 0.9999357356766255 0.9678788739893806 0.706487415967648 1.000064264323375 1.000064264323375 0 2 82 -75 
133 0.5765251143846113 0.5942391328561294 0.8496425568789365 0.6397373417994617 0.8026557607871252 0.8591344216872538 0 2 83 -84 
134 0.6393010432749088 0.8022194622625722 0.8586981231627009 0.7048404631224178 1.000189869300118 0.968133007612873 0 2 82 -83 
135 0.5685421640045121 0.5628889102137279 0.874332320449749 0.5771099107469989 0.5674240931515964 1.000194539682586 0 2 85 -76 
136 0.5686737990627292 0.563020545271945 0.849826081479003 0.5768344482334148 0.5945484667049329 0.8745897647567031 0 2 84 -85 
137 0.4150000854892912 0.5055539305325584 0.8395595947625641 0.568931243369683 0.5632779895788989 0.8747213998149199 0 2 68 -85 
138 0.4585582978006577 0.7202114636616577 0.9195804056476578 0.5703444660276877 0.7204347895463423 1.000111662942342 0 2 86 -77 
139 0.458669860343 0.720323026204 0.9196919681900001 0.458670061143 0.720323227004 0.9196921689900001 0 2 86 -86 
140 0.558276583524528 0.9719643876098815 0.8463706400682092 0.571486986126552 1.000056059505769 0.8649208749933472 0 2 81 -87 
141 0.3958016258590941 0.9717849358265583 0.8219008786072279 0.5585681543193894 0.9735483966840139 0.8466622108630706 0 2 79 -87 
142 0.5581340035625544 0.8022106920949474 0.8462280601062355 0.6396895520427696 0.9722190865833934 0.8590866319305617 0 2 83 -87 
143 -0.0001190173269145001 0.9404225192158354 0.9998809826730854 0.0001190173269145001 1.000119017326915 1.000119017326915 0 2 73 -88 
144 -0.0003230228590203574 0.9996769771409797 0.3546786576340412 0.0003230228590203574 1.00032302285902 1.00032302285902 0 2 89 -88 
145 -0.000119629147854469 0.940141096924911 0.3540349528114307 0.000119629147854469 1.000119629147854 0.355121309640916 0 2 89 -90 
146 -0.0003230728590203573 0.6707920539548748 0.3538315091002648 0.0003230728590203573 0.9405837989317858 0.6416948364590921 0 2 90 -21 
147 -3.662377657899507e-05 0.999963376223421 0.999963376223421 0.07308387693456932 1.000036623776579 1.000036623776579 0 2 88 -74 
148 -0.0003226493097534811 0.9996773506902465 0.3546790311833081 0.3675516655046639 1.000322649309753 0.421852585232983 0 2 89 -91 
149 0.366906366885157 0.9996773506902465 0.4212072866134761 0.3974795957201513 1.000322649309753 0.8382900855761741 0 2 80 -91 
150 0.09683680179858384 0.9998850716884379 0.4284772374695838 0.3265858916434162 1.000114928311562 0.6582263273144161 0 2 92 -92 
151 0.3670731112237535 0.8217672358236574 0.418899428564134 0.3673221435682067 1.000093127373296 0.4216230632965258 0 2 93 -91 
152 0.3486533908944417 0.8020693470583686 0.4153262134905927 0.3672058418228753 0.8218999664227792 0.4190321591632558 0 2 94 -93 
153 0.2892387673150579 0.7803114286361424 0.4041902620473053 0.3488117654312557 0.8022277215951826 0.4154845880274068 0 2 94 -95 
154 0.2189987655377295 0.7569514934017441 0.3911166271039805 0.2894980754984782 0.7805707368195627 0.4044495702307256 0 2 95 -96 
155 -0.0001957287319885315 0.7568963015421873 0.3539588532272966 0.2193350311421498 0.9404564548047539 0.3914528927084009 0 2 90 -96 
156 0.003907591416835568 0.6694654399819734 0.3910438313542705 0.2193526350323031 0.7573053628963177 0.6401398357138423 0 2 96 -29 
157 0.3669307273079574 0.8216248519078614 0.418757044648338 0.3962726484372787 0.9735483966840139 0.8223719011854125 0 2 93 -79 
158 -0.0003208360318000358 0.9399398900409655 -0.0003208360318000258 0.0003208360318000358 0.9753665424608992 0.3544754179910852 0 2 97 -90 
159 -0.0003207860318000358 0.5094113178837997 -0.0003207860318000358 0.0003207860318000358 0.9753664924608992 0.0003207860318000358 0 2 32 -97 
160 -0.0001163470399088475 0.5614676586672541 0.1028604815242541 0.0001163470399089862 0.6779472926559088 0.3355870554217458 0 2 98 -99 
161 -0.0001163470399088475 0.6777145985760912 0.1028604815242541 0.0001163470399089862 0.7941942325647459 0.3355870554217458 0 2 99 -98 
162 0.1596651424094009 0.7559262633593359 -0.0001957287319882817 0.2208201604090319 0.8442793445458783 0.3889420185181219 0 2 100 -101 
163 0.2191341802617807 0.7561168699429436 0.388741167637753 0.2206295538254242 0.7570971524225564 0.391262286124793 0 2 100 -96 
164 -0.0002339738761729521 0.8438496419377171 -0.0002339738761729474 0.1600948450175622 0.9752796803052721 0.0002339738761729474 0 2 101 -97 
165 0.1596268972652163 0.604297559400491 -0.0002339738761729474 0.1660882997963984 0.844317589690063 0.0002339738761729474 0 2 101 -41 
166 -0.0001163470399088498 0.6777145985760912 0.1028604815242541 0.09594453234373872 0.6779472926559088 0.3355870554217458 0 2 99 -98 
167 0.2095245260182378 0.498267492672834 0.2734816217182469 0.2208385195128797 0.7563360799271602 0.3889603776219697 0 2 38 -100 
168 0.381479789928 0.5282453344 0.598139471025 0.381479990728 0.5282455351999999 0.5981396718249999 0 2 102 -102 
169 0.381397625161273 0.5281631696332729 0.433727172804273 0.463727222221727 0.528327699966727 0.598221836591727 0 2 103 -102 
170 0.381479789928 0.5282453344 0.433809337571 0.381479990728 0.5282455351999999 0.433809538371 0 2 103 -103 
171 0.6957685402780193 -9.335718699645526e-05 -9.335718699645526e-05 0.8824693286449204 9.335718699645526e-05 9.335718699645526e-05 0 2 48 -104 
172 0.7144111027616 -9.340718699645525e-05 -9.340718699645499e-05 0.8824693786449205 9.340718699645525e-05 0.01104609203715712 0 2 104 -49 
173 0.468304903152902 0.4725360833619905 -0.0001500237536184711 0.5408440747674526 0.547772707678463 0.0001500237536184711 0 2 105 -42 
174 0.5404200895218716 0.4776498476917937 -0.0002739614919624223 1.000273961491962 0.5478966454168069 0.0002739614919624223 0 2 106 -105 
175 0.9997649552008795 0.007799466143684125 -0.0002350447991204758 1.00023504479912 0.4781588539828766 0.0002350447991204758 0 2 107 -106 
176 0.8821405728008399 -0.000235398657084154 -0.0002353986570841537 1.000235398657084 0.008269909599888759 0.0002353986570841537 0 2 107 -104 
177 0.6180284269013427 0.2776310084943427 -0.000105456510420237 0.8289521607626573 0.4885547423556572 0.000105456510420355 0 2 108 -108 
178 0.9997771631812432 0.007811674124047763 -0.0002228368187568372 1.000222836818757 0.1196004571399808 0.1065743487606684 0 2 107 -109 
179 0.8105529640642453 0.1192347724261981 0.1062086640468857 1.000142847895026 0.1645032166913301 0.1618115487908602 0 2 51 -109 
180 0.5404578372688061 0.5275365961993846 -0.000236213745027955 0.659086626550711 0.5478588976698724 0.2292292536030892 0 2 110 -105 
181 0.622967642203238 0.4862263785360268 0.2289100126496613 0.658933440014083 0.5278558371528125 0.2360332128843111 0 2 52 -110 
182 0.6586797378620859 0.4766513547369127 0.1312455757223807 1.000170674943597 0.5279434848880098 0.2291637148016585 0 2 111 -110 
183 0.9997649052008796 0.4765869348813894 -0.0002350947991204694 1.000235094799121 0.4781589039828766 0.1316513454650984 0 2 106 -111 
184 0.9997649052008796 0.1191425255221035 0.1061164171427911 1.000235094799121 0.4770571244796304 0.1316513454650984 0 2 109 -111 
185 0.7233848373215798 0.3829874189145798 -0.0001054565104201197 0.8289521607626573 0.3831983319354202 0.07584460957742023 0 2 108 -112 
186 0.7234901934320001 0.383092775025 0.075739052667 0.723490394232 0.383092975825 0.07573925346699999 0 2 112 -112 
187 0.8821406230008398 -0.000235348457084152 -0.000235348457084152 1.000235348457084 0.000235348457084152 0.000235348457084152 0 2 104 -113 
188 0.9997555375010972 -0.0002444624989027978 -0.0002444624989028088 1.000244462498903 0.0002444624989027978 0.4889691603044984 0 2 113 -114 
189 0.8414959707074058 -0.0003330619047756347 0.48839163590082 1.000333061904776 0.0003330619047756347 0.6661565714560451 0 2 114 -58 
190 0.6208522426024727 -0.0001307044810709923 0.2635309342834727 0.8821872436255274 0.0001307044810709923 0.5248659353065273 0 2 115 -115 
191 0.9999838305781144 -1.616942188560882e-05 -1.616942188560921e-05 1.000016169421886 0.008050680364690215 1.616942188560921e-05 0 2 113 -107 
192 0.9997694904826037 -0.0002305095173963101 0.3733147295900425 1.000230509517396 0.1140408123342319 0.4889552073229919 0 2 114 -116 
193 0.9997554875010972 0.1135657903179328 0.1061069994430088 1.000244512498903 0.1196221328201267 0.3737897516063416 0 2 116 -109 
194 0.7554342159710075 0.1136640635316135 0.3733989998222166 1.000146239285222 0.1689821589502115 0.5916723918745899 0 2 117 -116 
195 0.751033815846139 0.1528569021416804 0.5914837092028437 0.7556228986427537 0.1688783630515134 0.6127400892378526 0 2 62 -117 
196 0.6628371814526107 0.1686507031504112 0.5275586590126761 0.7557656717708078 0.1929074580299235 0.5917113691039458 0 2 117 -53 
197 0.9996866724695537 -0.0003133275304462807 0.4884113702751493 1.000313327530446 0.0003133275304462807 1.000313327530446 0 2 114 -118 
198 0.8691958866927469 -0.0002557378010972022 0.9997442621989028 1.000255737801097 0.0002557378010972022 1.000255737801097 0 2 59 -118 
199 0.9996866724695537 -0.0003133275304462724 0.9996866724695537 1.000313327530446 0.333794500038278 1.000313327530446 0 2 118 -119 
200 0.9998660682777908 0.3333472407856226 0.9329755071732027 1.000133931722209 0.3960424182693049 1.000133931722209 0 2 119 -120 
201 0.9996866224695538 0.3955951090166494 0.5830883242896341 1.000313377530446 0.4885424691605293 0.9334228164258581 0 2 120 -121 
202 0.9996866224695538 0.1134969252863894 0.3732318615769925 1.000313377530446 0.4885424691605293 0.5837150793505266 0 2 116 -121 
203 0.9998749914896251 0.09497104572253814 0.5134850412495382 1.000125008510375 0.3449158369094618 0.7634298324364619 0 2 122 -122 
204 0.8563106451152844 0.02280318974665613 0.9998331092637461 0.9564508010119253 0.3056432085244145 1.000166890736254 0 2 123 -63 
205 0.9561963274962227 0.3053887350087119 0.9999124172205514 1.000087582779449 0.3335687552872804 1.000087582779449 0 2 123 -119 
206 0.9143233726473939 0.4727961737462526 0.5832305903882388 1.000171111431841 0.4884002030619246 0.6404860855204326 0 2 124 -121 
207 0.7553931457118229 0.1686486101205826 0.591338843044961 0.9146817936236422 0.4731545947225009 0.6405022836329978 0 2 117 -124 
208 0.9208708018006053 0.3957504438361187 0.8576907728011989 1.000158042710977 0.4157159022998985 0.9332674816063888 0 2 120 -125 
209 0.8941350462173221 0.3418646862470772 0.8577776397699319 0.9211000202538262 0.4156290353311654 0.9183943438265859 0 2 126 -125 
210 0.8940427678957343 0.305312863724329 0.9181597140205103 0.9564473643395031 0.3420993160531527 1.000163454063832 0 2 126 -123 
211 0.9143195300606978 0.4153829055703838 0.6401400200700533 0.92120379853012 0.4731422391966318 0.8580237695307136 0 2 125 -124 
212 0.7840180203479895 0.1330737870564114 0.8786141130336627 0.8943658050003193 0.3420954450300743 0.9184827511250953 0 2 126 -64 
213 -0.0001776009902465308 0.9998223990097534 -0.0001776009902465236 0.0001776009902465308 1.000177600990247 0.3551792814833081 0 2 127 -89 
214 -5.00089871418017e-05 0.9749956974419574 -5.00089871418017e-05 5.00089871418017e-05 1.000050008987142 5.00089871418017e-05 0 2 97 -127 
215 -0.0002872399814820015 0.9997127600185181 -0.0002872399814819977 0.5315995763940385 1.000287239981482 0.0002872399814819977 0 2 127 -128 
216 0.5311886040368198 0.9998762676242632 -0.0001237323757368632 0.5744033953397323 1.000123732375737 0.06191462024416795 0 2 129 -128 
217 0.5475232076496828 0.999712710018518 0.06150359788694909 0.5745669529454774 1.000287289981482 0.2357627793121633 0 2 130 -129 
218 0.3669417262134285 0.999712710018518 0.2351881993491993 0.5480977876126467 1.000287289981482 0.4218172259047115 0 2 130 -91 
219 0.1562167114747411 0.9998919472602781 0.1456139169497412 0.3721902509452588 1.000108052739722 0.3615874564202589 0 2 131 -131 
220 0.1595950648231829 0.8438178094956837 -0.0002658063182062783 0.5315781427307629 1.000265806318206 0.0002658063182062783 0 2 101 -128 
221 0.2204868650631456 0.7559844254774261 0.3886087231722356 0.2894951052399444 0.780567766561029 0.4044465999721918 0 2 100 -95 
222 0.3486338509060885 0.8020498070700154 0.4074762888004169 0.3782735444238091 0.8168452035254069 0.4154249599305971 0 2 132 -94 
223 0.3781428780241826 0.8167145371257803 0.2666809336408105 0.5163316918270345 0.9158938201867433 0.4076069552000434 0 2 133 -132 
224 0.5161575877071077 0.9157197160668165 0.06168830693395209 0.5743822438984745 1.000102580934479 0.2668550377607372 0 2 133 -129 
225 0.5161316632994791 0.9156937916591879 0.2353469839885737 0.5479390029732724 1.000128505342108 0.2668809621683658 0 2 133 -130 
226 0.3671432239492041 0.8167630456633824 0.40751241736675 0.3782374158574759 0.8218833778447994 0.4190155705852759 0 2 132 -93 
227 0.5918851157312921 0.5824272535098673 0.3406166586612189 0.637852727729825 0.6519754397616526 0.3684467109189924 0 2 134 -135 
228 0.520942767063142 0.6517189925161238 0.3681902636734636 0.592141562976821 0.7954909781017668 0.3757221264314419 0 2 136 -134 
229 0.5161316632994796 0.7952446677178197 0.266623951484151 0.5211890774470892 0.9159508023434026 0.375732826731709 0 2 136 -133 
230 0.5742470214117513 0.9999673584477559 0.01552477573112287 0.5963277824530268 1.000032641552244 0.06182352942067521 0 2 129 -137 
231 0.5960589271557547 0.5763890061372881 0.01532120353833903 0.6798121289170345 1.000236213745028 0.2589457289963674 0 2 137 -138 
232 0.6376034436722501 0.5765145780284299 0.2585988733974533 0.6796865570258926 0.5826765375674423 0.3408659427187938 0 2 135 -138 
233 0.5311986079065819 0.9998862714940253 -0.0001137285059747333 0.588240117905898 1.000113728505975 0.0001137285059747333 0 2 128 -139 
234 0.5404302439173918 0.5473588768284022 -0.0002638070964421954 0.5883901964963656 1.000263807096442 0.0002638070964421954 0 2 105 -139 
235 0.5880951239653566 0.9999687345654332 -3.12654345667341e-05 0.5963264063353494 1.000031265434567 0.01558868271793371 0 2 137 -139 
236 0.6587526075858072 0.5276750047245367 0.2288952346381854 0.6796737203918825 0.5767230251021919 0.2588073204712152 0 2 138 -110 
237 0.406608817049 0.688567538492 0.24929355605 0.406609017849 0.688567739292 0.24929375685 0 2 140 -140 
238 0.406514100379214 0.688472821822214 0.05976489980821401 0.501420704304786 0.688662455961786 0.249388473519786 0 2 141 -140 
239 0.406608817049 0.688567538492 0.05985961647800001 0.406609017849 0.688567739292 0.05985981727800001 0 2 141 -141 
240 0.9999041680614956 0.4881332596915786 0.5380496307202205 1.000095831938504 0.5361655928207926 0.5834975337585847 0 2 142 -121 
241 0.999761324755061 0.489521930966838 0.1400555026795613 1.000238675244939 0.5363084361272272 0.5383841379036639 0 2 143 -142 
242 0.9999739722469375 0.4767960019274474 0.1313902229129153 1.000026027753063 0.4897866339648397 0.1403202056775629 0 2 111 -143 
243 0.6794052402284093 0.5764545449387187 0.2433826426747859 0.821455494324289 0.5926141054544868 0.2588801901949366 0 2 138 -144 
244 0.8211141444370945 0.4895899312681798 0.1401235029809031 1.000170674943597 0.5926141054544868 0.2437239925619804 0 2 144 -143 
245 0.8815079467624239 0.5359239692119677 0.5379996709884044 1.00014579167032 0.5964627797413046 0.5400886633662441 0 2 145 -142 
246 0.8469860990819813 0.4728907163620431 0.5792627355685296 0.9145710528952865 0.5729121681328663 0.6403915429046421 0 2 146 -124 
247 0.8469860990819812 0.5727590305007642 0.5398663028798725 0.8817303072487955 0.5963935568870352 0.5794158732006317 0 2 145 -146 
248 0.8139561515236273 0.5922435060140039 0.2433533931214974 0.8214847438775774 0.6219935358965023 0.4648367498874341 0 2 144 -147 
249 0.8140053635279021 0.5961662755783732 0.4644861128979375 0.8818044509253553 0.6219443238922275 0.5400935841885345 0 2 147 -145 
250 0.844048414765 0.352413156882 0.493635211828 0.844048615565 0.352413357682 0.493635412628 0 2 148 -148 
251 0.843956889033322 0.352321631150322 0.310491622740322 0.935666172974678 0.352504883413678 0.493726938359678 0 2 149 -148 
252 0.844048414765 0.352413156882 0.310583148472 0.844048615565 0.352413357682 0.310583349272 0 2 149 -149 
253 0.653366923535 0.404527100365 0.782439749125 0.653367124335 0.404527301165 0.782439949925 0 2 150 -150 
254 0.653282818482283 0.404442995312283 0.6141449386382829 0.7375565821047171 0.404611406217717 0.782524054977717 0 2 151 -150 
255 0.653366923535 0.404527100365 0.614229043691 0.653367124335 0.404527301165 0.6142292444909999 0 2 151 -151 
256 0.5765310971122225 0.3050920438359698 0.9996157260478092 0.9566681842278622 0.5676138274212015 1.000384273952191 0 2 76 -123 
257 0.4836893573809431 0.2713074090659431 0.9998966416188421 0.6904126364590568 0.4780306881440569 1.000103358381158 0 2 152 -152 
258 0.5685428299338033 0.3417419882360266 0.8743329863790402 0.8944000957128604 0.5632773236496079 0.9185170418376364 0 2 85 -126 
259 0.586947638538842 0.3745656902238421 0.929410296310842 0.6904126364590568 0.3747724069861579 1.000103358381158 0 2 153 -152 
260 0.58705089652 0.374668948205 0.929513554292 0.5870510973199999 0.374669149005 0.929513755092 0 2 153 -153 
261 0.7060757896531675 0.999652638008894 0.999652638008894 0.9152691798415941 1.000347361991106 1.000347361991106 0 2 75 -154 
262 0.9145744058593822 0.6590718299392616 0.9996525880088941 1.000347411991106 1.000347411991106 1.000347411991106 0 2 154 -155 
263 0.9998369308152887 0.3333181033231205 0.9998369308152887 1.000163069184711 0.6595823111150788 1.000163069184711 0 2 119 -155 
264 0.6513813364608075 0.5179500172368076 0.9998886367242565 0.8741304144991925 0.7406990952751925 1.000111363275743 0 2 156 -156 
265 0.7045453080602857 0.9998947142379859 0.967837852550741 0.888273131106295 1.000105285762014 0.9729185744580123 0 2 82 -157 
266 0.888113321321673 0.999945475977392 0.9727587646733903 0.9149763418730961 1.000054524022608 1.000054524022608 0 2 157 -154 
267 0.7769042051515243 0.4152557136821949 0.7634114447294917 0.9213309904183089 0.6207638456713014 0.8581509614189025 0 2 158 -125 
268 0.7769898156997506 0.6202451644060745 0.7634970552777181 0.8883843807027813 1.0002165353585 0.9730298240544986 0 2 157 -158 
269 0.9998368808152888 0.3957453673623844 0.9329463197107006 1.000163119184711 0.6595823611150787 1.000163119184711 0 2 155 -120 
270 0.7626445122042566 0.6292131929802566 0.9072713104642566 0.8741304144991925 0.6294359195317435 1.000111363275743 0 2 159 -156 
271 0.76275577508 0.6293244558560001 0.9073825733400001 0.76275597588 0.629324656656 0.90738277414 0 2 159 -159 
272 0.7159957560572041 0.6203394227286445 0.7635913136002881 0.7773286280941811 0.638604667795086 0.7720030718110795 0 2 158 -160 
273 0.6392922731072839 0.6382837512914128 0.7716821553074064 0.7163166725608773 0.8026079710304331 0.8590866319305618 0 2 160 -83 
274 0.518787405136 0.719575148596 0.715662214577 0.5187876059359999 0.719575349396 0.7156624153769999 0 2 161 -161 
275 0.5187073653775069 0.719495108837507 0.5555020578325069 0.598907704187493 0.719655389154493 0.7157424551354929 0 2 162 -161 
276 0.518787405136 0.719575148596 0.555582097591 0.5187876059359999 0.719575349396 0.5555822983909999 0 2 162 -162 
277 0.6205349950449409 0.827075983025533 0.4761636072629515 0.748047176268916 1.000128505342108 0.4924143788870867 0 2 163 -164 
278 0.558097131741205 0.8269689770785483 0.4760566013159669 0.6208990116761406 0.9722559584047428 0.8466622108630705 0 2 87 -164 
279 0.5711160818077045 0.9996851551869216 0.4919710287319007 0.7482335157398869 1.000314844813079 0.8651796603006565 0 2 81 -163 
280 0.5474956528180863 0.9996851551869216 0.2351606445176029 0.7482335157398869 1.000314844813079 0.4926007183580576 0 2 163 -130 
281 0.4256731859469265 0.9998870820731667 0.4070006285769265 0.6513998897710734 1.000112917926833 0.6327273324010734 0 2 165 -165 
282 0.5209320667628748 0.7952446677178197 0.3754758160474947 0.6207920057291556 0.8273329937097477 0.4764206179471663 0 2 164 -136 
283 0.596046279605045 0.9997511387042624 -0.0002488612957376795 0.9676271953132638 1.000248861295738 0.01580627857910466 0 2 166 -137 
284 0.9673129902855612 0.999934656268035 -6.534373196494771e-05 1.000065343731965 1.000065343731965 6.534373196494771e-05 0 2 166 -167 
285 0.9998113892323737 0.9998113892323737 -0.0001886107676263848 1.000188610767626 1.000188610767626 0.3772098460203693 0 2 167 -168 
286 0.9883727052132742 0.9997590472875547 0.3767802825402977 1.000240952712445 1.000240952712445 0.4976632441878042 0 2 168 -169 
287 0.7476698096310709 0.9997511387042624 0.4920370122492415 0.9888625192214572 1.000248861295738 0.4976711527710967 0 2 163 -169 
288 0.9998681111483667 0.9316513669334886 -0.0001318888516332536 1.000131888851633 0.9977842704533814 0.03850497666711529 0 2 170 -171 
289 0.9673618730345349 0.9976359206187568 -1.64609829912369e-05 1.000016460982991 1.000016460982991 1.64609829912369e-05 0 2 166 -171 
290 0.8210730318406324 0.5922316429708302 0.03816130027542265 1.000211787540059 0.9319950433251812 0.2437651051584425 0 2 170 -144 
291 0.9998113392323736 0.9315945950174955 0.03818442704785566 1.000188660767626 1.000188660767626 0.3772098960203693 0 2 170 -168 
292 0.8139264512686826 0.6215639866477862 0.4644072006387179 0.98884328267755 1.000229624751831 0.4976519162271894 0 2 147 -169 
293 0.7239465882026421 0.6099480337750809 0.4617303427591336 0.8142349902385192 0.6218725256176229 0.4647157396085545 0 2 147 -172 
294 0.6205456953452084 0.6099091429512471 0.4616914519352998 0.7241433074624883 0.8273222934094805 0.4764099176468991 0 2 172 -164 
295 0.9999952043632035 0.9976475859649516 -4.795636796503866e-06 1.000004795636797 1.000004795636797 4.795636796503866e-06 0 2 171 -167 
296 0.77947095836 0.863882248467 0.417283647535 0.77947115916 0.863882449267 0.417283848335 0 2 173 -173 
297 0.779385801286036 0.863797091393036 0.246883742533036 0.8647136901979641 0.863967606340964 0.417369005408964 0 2 174 -173 
298 0.77947095836 0.863882248467 0.246968899607 0.77947115916 0.863882449267 0.246969100407 0 2 174 -174 
299 0.5878652511545153 0.9997388617545919 -0.0002611382454081219 0.9676394722629342 1.000261138245408 0.0002611382454081219 0 2 139 -166 
300 0.9997394846740394 0.4776632938577955 -0.0002605153259606192 1.000260515325961 0.9979128969277087 0.0002605153259606192 0 2 106 -171 
301 0.645311146716717 0.5322328391417169 -0.0001188267410841988 0.8830020823672831 0.769923774792283 0.0001188267410842265 0 2 175 -175 
302 0.9997394346740394 0.4895000408858165 0.03811252248952142 1.000260565325961 0.9320438211110825 0.140554743250461 0 2 143 -170 
303 0.7640377878009158 0.6509594802259158 -0.0001188267410841687 0.8830020823672831 0.6511971337080842 0.09022831035308419 0 2 175 -176 
304 0.764156514142 0.651078206567 0.090109383212 0.764156714942 0.651078407367 0.09010958401199999 0 2 176 -176 
305 0.9996978540932735 0.659117096023641 0.9996978540932735 1.000302145906727 1.000302145906727 1.000302145906727 0 2 155 -177 
306 0.9996978540932735 0.9996978540932735 0.7614274877800148 1.000302145906727 1.000302145906727 1.000302145906727 0 2 178 -177 
307 0.9996978040932736 0.8271506056163299 0.5711491427767436 1.000302195906726 1.000302195906726 0.7620318295934677 0 2 178 -179 
308 0.9996978040932736 0.5357675649755618 0.5378432667519985 1.000302195906726 0.8277549974297828 0.5717535345901964 0 2 179 -142 
309 0.9998812603569852 0.5758021330639403 0.6450339927929404 1.000118739643015 0.8132127371660597 0.8824445968950597 0 2 180 -180 
310 0.914751561086189 0.999829743235701 0.999829743235701 1.000170256764299 1.000170256764299 1.000170256764299 0 2 154 -177 
311 0.8880485600111243 0.9998807146668434 0.7616103483535847 1.000119285333157 1.000119285333157 0.9729325740291549 0 2 157 -178 
312 0.8815079467624238 0.5961711964006635 0.539797080025603 1.00014579167032 0.8275985931933769 0.5715971303537906 0 2 179 -145 
313 0.7769898156997507 0.5726190639583151 0.5791227690260804 0.8472792032565325 0.620678235123075 0.7639301259947185 0 2 158 -146 
314 0.988590734641571 0.9999770767158515 0.4973993681912104 1.000022923284149 1.000022923284149 0.5085822925478202 0 2 169 -181 
315 0.9998733147177885 0.9998733147177885 0.5084326839814601 1.000126685282211 1.000126685282211 0.7618563189689528 0 2 181 -178 
316 0.9998732647177885 0.8273260662408448 0.5084326339814601 1.000126735282212 1.000126735282212 0.5715780739656815 0 2 181 -179 
317 0.773093611351 0.840918033212 0.712624123438 0.7730938121509999 0.8409182340119999 0.7126243242379999 0 2 182 -182 
318 0.773011959314918 0.840836381175918 0.549237799237918 0.8548278002690819 0.840999886048082 0.7127059762740819 0 2 183 -182 
319 0.773093611351 0.840918033212 0.5493194512740001 0.7730938121509999 0.8409182340119999 0.549319652074 0 2 183 -183 
320 0.9997368233319781 0.9997368233319781 0.3767580585847211 1.000263176668022 1.000263176668022 0.5088225459316935 0 2 168 -181 
321 0.9998778296080807 0.6189516593025264 0.2348157538295265 1.000122170391919 0.8630741503614736 0.4789382448884735 0 2 184 -184 
322 0.8418289326121815 -1.337093408301458 0.6658234095512695 1.63545532882876 9.999999994736442e-08 1.130405302857623 0 2 185 -58 
323 0.5138691094852998 -1.337093408301458 0.3674285334309486 1.635455328828761 -1.25565463148932 1.130405302857624 0 2 185 -186 
324 0.4811336523792192 -1.255654831489321 0.3674285334309487 0.5138693094853003 -0.03631046541504435 0.4167768728688591 0 2 187 -186 
325 0.4811336523792192 -0.03631066541504457 0.4167766728688589 0.5084151211174992 1.000000000861423e-07 0.4375887891432862 0 2 50 -187 
326 1.445606696320663 -0.4404715937361258 -0.5127310037806178 2.292550513048696 0.01349195706824147 -0.02386059100163263 0 2 188 -189 
327 0.9999998999999999 0.01349175706824118 -0.02386079100163291 1.445606896320663 0.1138104028168357 0.373545339107439 0 2 116 -188 
328 1.63545512882876 -1.454565203069603 0.3321598103957585 2.454565203069604 -1.337093208301458 1.130405302857623 0 2 190 -185 
329 2.292550313048696 -1.454565203069604 -0.5127310037806179 2.454565203069604 -0.4404713937361253 0.3321600103957592 0 2 189 -190 
330 0.9516376414173358 -1.475068070023895 -1.475068070023895 1.895924536697713 -1.372176945139767 -1.315180137890602 0 2 191 -192 
331 1.895924336697712 -1.492940946910472 -1.533754576133215 2.533754576133215 -1.475067870023895 -1.475067870023894 0 2 193 -192 
332 2.292550313048696 -1.492940946910473 -1.533754576133215 2.533754576133215 -0.4404713937361252 -0.5127308037806172 0 2 189 -193 
333 0.9999998999999997 0.01349175706824107 -0.02386079100163302 1.445606896320663 0.1193777203212242 0.1063516119419118 0 2 109 -188 
334 0.6246469170649858 -0.1535380016683086 -0.1298393896442419 0.7145046099485967 1.000000001000201e-07 0.01095278485016082 0 2 194 -49 
335 0.6246469170649855 -1.372177145139768 -1.315180337890603 0.9516378414173363 -0.153537801668308 -0.1298391896442412 0 2 194 -191 
336 0.4811336523792192 -0.1535380016683085 -0.1298393896442418 0.624647117064986 -0.03631046541504444 0.416776872868859 0 2 187 -194 
337 1.751471740525984 2.295112540085773 0.7715228367696313 2.424945604848241 2.42494560484824 0.8153233607211949 0 2 195 -196 
338 2.248672712577053 0.490828556706441 0.5866684209131507 2.424945604848241 2.42494560484824 0.8153233607211954 0 2 197 -195 
339 1.069579747042312 0.4908285567064413 0.5370886039219082 2.248672912577054 0.5006484390562121 0.5866686209131515 0 2 198 -197 
340 0.9999998999999999 0.5006482390562118 0.5370886039219084 1.069579947042312 0.5360698608822883 0.5381455626587249 0 2 142 -198 
341 0.9999998999999997 0.8274527015230559 0.5714512386834697 1.751471940525984 2.295112740085774 0.7715230367696316 0 2 196 -179 
342 0.9999998999999999 0.4882289916300829 0.5370886039219084 1.069579947042312 0.5006484390562119 0.5834018018200804 0 2 121 -198 
343 0.9999999000000001 0.04950111318600275 0.9331093388954118 2.392216665316722 0.395908586547096 2.259911533144709 0 2 199 -120 
344 2.248672712577053 0.04950111318600248 0.5866684209131507 2.392216665316722 0.4908287567064419 2.259911533144709 0 2 197 -199 
345 0.8881677453442806 0.9999998999999996 0.9728131886959979 1.265343065289292 2.290108933123786 1.683575299425713 0 2 200 -157 
346 1.265342865289291 2.290108733123785 0.7715228367696308 1.751471940525984 2.295112740085774 1.683575299425713 0 2 196 -200 
347 2.392216465316721 0.04950111318600287 2.259911333144709 2.453463868136242 0.5668056334190419 2.453463868136242 0 2 201 -199 
348 1.265342865289291 2.290108733123785 1.683575099425712 2.02306958572149 2.509163488458522 2.509163488458522 0 2 202 -200 
349 2.023069385721489 0.5668054334190413 2.453463668136242 2.453463868136242 2.509163488458522 2.509163488458522 0 2 202 -201 
350 0.05171358554755284 0.373011316848312 0.9999998999999998 0.1880364058940476 0.4227942178359931 1.096167109694289 0 2 203 -67 
351 -0.7326604879954425 0.09181104269917351 1.096166909694289 0.05171378554755307 0.3730115168483122 2.242634648875148 0 2 204 -203 
352 -0.7326604879954425 0.09181104269917345 2.242634448875148 0.6594071177934054 0.6090480690423579 2.265546851130782 0 2 205 -204 
353 0.576915271064413 0.5672294534690103 0.9999998999999997 0.6594071177934054 0.6090480690423579 2.265546851130782 0 2 76 -205 
354 -0.07632376948189529 -0.2989989193271879 0.9999998999999997 0.4670613699964239 0.05010604752101612 1.445814553335137 0 2 206 -65 
355 -0.07632376948189529 -0.298998919327188 1.096166909694288 0.05171378554755318 0.3730115168483123 1.445814553335137 0 2 203 -206 
356 -0.5689515316067812 -1.010081417715071 1.445814353335136 -0.07632356948189481 -0.2989987193271875 2.304576292047244 0 2 206 -207 
357 0.8564774358515378 -1.247323566266316 0.9999998999999993 1.68941249530653 0.02297018048291055 2.396593581943623 0 2 208 -63 
358 -0.5689515316067812 -1.247323566266316 2.304576092047243 1.68941249530653 -1.01008121771507 2.396593581943623 0 2 207 -208 
359 0.6594069177934048 -0.3011605109918336 2.265546651130782 1.989171463901809 0.6090480690423579 2.358990378568849 0 2 209 -205 
360 0.9562838102756711 -0.3011605109918335 0.9999998999999996 1.989171463901808 0.3054764177881609 2.358990378568849 0 2 123 -209 
361 1.689412295306529 -1.247323566266316 2.358990178568849 1.989171463901809 -0.3011603109918327 2.396593581943623 0 2 208 -209 
362 0.4486491304250588 -0.03631066541504459 0.4167766728688589 0.4811338523792194 1.000000001104284e-07 0.4414048757238954 0 2 7 -187 
363 1.63545512882876 -1.434990343885286 1.130405102857623 1.798585314794693 -1.337093208301458 2.434990343885286 0 2 185 -210 
364 1.68941229530653 -1.434990343885286 2.396593381943623 1.798585314794693 -1.247323366266315 2.434990343885285 0 2 208 -210 
365 -0.07632376948189529 -0.2989989193271879 0.6439872598232098 0.1712578642512003 -0.06219897151315043 1.445814553335137 0 2 211 -206 
366 0.1712576642512 -0.06219917151315081 0.5726771209739735 0.2700384667283226 1.000000001416534e-07 0.6439874598232103 0 2 8 -211 
367 -0.5147151310145606 -1.285869530090219 0.3674285334309488 0.5138693094853004 -1.25565463148932 1.122773847722504 0 2 212 -186 
368 -0.5147151310145605 -1.285869530090219 0.6439872598232099 0.1712578642512003 -0.06219897151315046 1.122773847722504 0 2 211 -212 
369 1.069579747042312 0.1643894947402533 -0.05488195748672489 1.596586093147496 0.5006484390562119 0.5370888039219085 0 2 198 -213 
370 1.445606696320663 0.01349175706824124 -0.05488195748672492 1.596586093147496 0.1643896947402535 -0.02386059100163274 0 2 213 -188 
371 1.989171263901808 -0.3011605109918336 2.358990178568849 2.415679762715804 -0.08084270489402828 2.415679762715803 0 2 214 -209 
372 2.392216465316721 -0.08084290489402886 2.259911333144709 2.415679762715804 0.04950131318600311 2.415679762715803 0 2 199 -214 
373 0.1179360838896238 0.5618139097264537 -0.9141092148395524 0.4562202935286964 1.093295570271771 -0.1637145330566243 0 2 215 -216 
374 0.4562200935286962 0.5476225839248443 -0.1637147330566244 0.5406941510138342 0.561814109726454 1.000000000722645e-07 0 2 105 -215 
375 0.5914069960600957 0.9999998999999998 0.001285855852139681 0.5962952409007828 1.024849471631577 0.01555751728336708 0 2 217 -137 
376 0.1179360838896236 1.024849271631577 -0.9141092148395525 0.5914071960600962 1.093295570271771 0.001286055852140033 0 2 216 -217 
377 0.9999998999999999 0.4722774101829102 0.1227128566496787 1.030428700751009 0.4768221296805099 0.1314163506659779 0 2 218 -111 
378 0.9999998999999999 0.4722774101829101 0.1227128566496786 1.030428700751009 0.4897607062117771 0.1402942779245004 0 2 143 -218 
379 0.4527204689045627 0.5618139097264536 -1.2471228118454 0.4562202935286965 0.5714283467376462 -0.1637145330566242 0 2 219 -215 
380 0.4527204689045623 0.2712315291676083 -1.441726473629818 2.441726473629817 0.5714283467376465 -1.2471226118454 0 2 220 -219 
381 2.305827551576987 0.2712315291676086 -1.441726473629818 2.441726473629817 0.2859726345847322 -0.7402037759346164 0 2 221 -220 
382 1.030428500751008 0.2859724345847318 -0.7402039759346166 2.305827751576988 0.4722776101829105 0.122713056649679 0 2 218 -221 
383 0.5914069960600954 1.024849271631577 -0.7682378954937319 1.116940278035153 2.307951503339853 0.001286055852140311 0 2 217 -222 
384 0.9999998999999995 0.9317831557851215 -0.8378256420458534 1.763182773810636 2.380895145202091 0.0383731878154826 0 2 223 -170 
385 1.116940078035152 2.307951303339852 -0.8378256420458531 1.763182773810636 2.380895145202091 -0.7682376954937312 0 2 222 -223 
386 1.763182573810635 2.38089494520209 -1.455912859897077 2.57151710964982 2.57151710964982 -0.8378254420458527 0 2 223 -224 
387 2.305827551576987 0.2859724345847316 -1.455912859897078 2.57151710964982 2.57151710964982 -0.7402037759346158 0 2 224 -221 
388 0.5381457082939122 -1.08294866072346 -1.345609183043997 0.673402648708568 -0.05115452379301255 -0.1219785528601757 0 2 225 -226 
389 0.5055144309662916 -0.05115472379301307 -0.1219787528601761 0.5381459082939126 0.1951164879002972 1.000000000653256e-07 0 2 43 -226 
390 0.4562200935286963 0.4726860071156089 -0.1637147330566244 0.4684550269065205 0.5618141097264538 1.000000000583867e-07 0 2 215 -42 
391 0.4527204689045626 -1.08294866072346 -1.345609183043996 0.6734026487085679 0.5714283467376464 -1.2471226118454 0 2 225 -219 
392 1.030428500751009 0.1643894947402534 -0.05488195748672491 1.596586093147496 0.4722776101829103 0.1227130566496788 0 2 218 -213 
393 0.5381457082939125 -0.1535380016683085 -0.1298393896442417 0.624647117064986 -0.05115452379301295 -0.121978552860176 0 2 226 -194 
394 0.05171358554755284 0.373011316848312 0.9999998999999998 0.08256864297602312 0.4343089090223359 1.096167109694289 0 2 26 -203 
395 0.1712576642512 -0.06219917151315071 0.600804718546567 0.186336792425654 1.000000000479784e-07 0.6439874598232102 0 2 211 -9 
396 -1.575239098041493 -1.358724556939539 -1.597730222997537 1.000000006134982e-07 0.04872141155949916 0.01368567158556055 0 2 227 -4 
397 -1.575239098041493 -1.358724556939539 -1.597730222997537 -1.213430897154933 0.5762284558792599 -1.418606634105584 0 2 228 -227 
398 -1.213431097154934 0.5073981540832039 -1.418606834105585 0.03602821164708825 0.5762284558792599 1.000000006134982e-07 0 2 37 -228 
399 -1.468715793289043 0.5762282558792592 -1.468715793289044 -1.213430897154933 0.5923377457849932 -1.418606634105584 0 2 229 -228 
400 -1.468715793289043 0.592337545784993 -1.468715793289043 -1.248112711709007 0.5946740031216766 0.4792893631752237 0 2 230 -229 
401 -1.248112911709007 0.513629912989833 0.456686594323069 1.00000000169409e-07 0.5946740031216767 0.479289363175224 0 2 22 -230 
402 -1.396402314063729 -1.032812003993281 0.04899453457589939 -1.248112711709006 0.5946740031216766 0.4792893631752239 0 2 231 -230 
403 -1.39640231406373 -1.032812003993282 0.04899453457589864 1.000000008355428e-07 0.08616726273681552 0.3436324737633606 0 2 3 -231 
404 -1.604998209893083 -1.382683656420818 -1.604998209893084 -1.575238898041492 -1.358724356939538 -1.597730022997536 0 2 232 -227 
405 -1.604998209893083 -1.382683656420818 -1.604998209893084 -1.396402114063728 -1.032811803993281 0.04899473457589998 0 2 231 -232 
406 0.4436934023136188 -0.05115472379301314 -0.1219787528601761 0.5381459082939127 0.04945355302618951 1.000000001416534e-07 0 2 226 -16 
407 -1.575239098041493 -1.358724556939539 -1.597730222997537 0.6734026487085685 -1.082948460723459 -1.345608983043995 0 2 227 -225 
408 0.05514724908954571 0.6045314332766638 -0.6699245222893553 0.1658544259202257 0.9956675161078876 1.000000001138979e-07 0 2 233 -41 
409 0.05514724908954574 0.9956673161078872 -0.9141092148395524 0.1179362838896241 1.093295570271771 -0.6699243222893548 0 2 216 -233 
410 -0.1752707752021347 0.9956673161078871 -1.262696858857565 0.0551474490895462 1.24265378123054 -0.6699243222893547 0 2 233 -234 
411 -1.213431097154934 0.5762282558792591 -1.418606834105585 -0.1752705752021342 1.24265378123054 -1.262696658857565 0 2 234 -228 
412 0.05514724908954581 0.8440835158138899 -0.6699245222893551 0.1598609711413894 0.9956675161078875 1.00000000169409e-07 0 2 101 -233 
413 -1.397784335722876 0.9402606260727652 0.1174949522548102 1.000000003914536e-07 2.108605858886541 0.3541546819592855 0 2 235 -90 
414 -1.620017108057064 2.108605658886541 -1.620017108057064 -1.397784135722875 2.461322625875477 0.1174951522548109 0 2 236 -235 
415 -1.620017108057064 1.24265358123054 -1.620017108057064 -0.1752705752021341 2.461322625875477 -1.262696658857565 0 2 234 -236 
416 -1.397784335722876 1.095407466827934 0.1174949522548102 -1.217301944095505 2.108605858886541 1.068295183333887 0 2 237 -235 
417 -1.217302144095506 0.6711150268138946 0.6413716636000713 1.000000007245205e-07 1.095407666827935 1.068295183333887 0 2 237 -21 
418 -1.248112911709007 0.5946738031216765 0.4792891631752236 -1.217301944095506 1.095407666827934 1.068295183333887 0 2 230 -237 
419 -1.44873355294632 -1.44873355294632 0.3839427712671932 -0.51471493101456 -1.285869330090218 1.122773847722504 0 2 238 -212 
420 -1.44873355294632 -1.44873355294632 0.04899453457589953 -1.396402114063729 -1.032811803993281 0.3839429712671935 0 2 231 -238 
421 -1.235214836378774 1.095407466827934 1.068294983333886 -1.217301944095505 1.132912252758236 1.735674042575864 0 2 237 -239 
422 -1.235214836378774 0.6805216559498469 0.8402991782216065 1.00000000169409e-07 1.132912252758236 1.735674042575864 0 2 20 -239 
423 -1.301938959678183 0.6478953546245421 1.735673842575863 -1.235214636378774 1.132912252758236 2.301938959678184 0 2 239 -240 
424 -1.301938959678183 0.09181104269917356 2.242634448875148 -0.7326602879954422 0.6478955546245424 2.301938959678184 0 2 240 -204 
425 0.7479185709268081 0.9999998999999995 0.4922857735449788 1.392093393324242 1.874703131598768 0.5732475161721915 0 2 241 -163 
426 1.392093193324242 1.874702931598767 0.4832172833107801 1.590143741141881 2.278423365321471 0.5732475161721913 0 2 242 -241 
427 1.02149741773548 2.263818267974988 -0.2341074646475876 1.590143741141881 2.278423365321471 0.4832174833107806 0 2 243 -242 
428 0.5478103976311643 0.9999998999999997 -0.2341074646475876 1.021497617735481 2.263818467974989 0.2354755893306816 0 2 130 -243 
429 0.3676726124597963 2.259046027456553 -0.2341074646475879 1.021497617735481 2.263818467974989 0.4394635991792193 0 2 244 -243 
430 0.3672289161949103 0.9999998999999998 0.4215298359232293 0.3676728124597969 2.259046227456554 0.4394635991792191 0 2 91 -244 
431 0.3971568464103979 0.9999998999999998 0.8379673362664206 0.4504291805916177 2.269573051507614 1.591090103579024 0 2 245 -80 
432 0.3676726124597965 2.259046027456553 0.4394633991792187 0.4504291805916179 2.269573051507614 1.591090103579024 0 2 244 -245 
433 0.5714308266207828 0.9999999000000002 0.8648647154875779 1.022154851949793 1.96280190680998 1.499337217070195 0 2 246 -81 
434 1.022154651949793 1.962801706809979 1.499337017070194 1.18687925369642 2.281723623244655 1.676938364488727 0 2 247 -246 
435 1.186879053696419 2.28107002679174 0.6839727352842508 1.65672940607504 2.281723623244655 1.676938364488727 0 2 247 -248 
436 1.392093193324242 1.874702931598767 0.5732473161721907 1.65672940607504 2.281070226791741 0.6839729352842513 0 2 241 -248 
437 0.4504289805916175 2.269572851507614 1.591089903579024 1.128615558496262 2.281021719954098 1.702478442431671 0 2 245 -249 
438 1.022154651949793 1.962801706809979 1.499337017070194 1.128615558496262 2.281021719954098 1.702478442431671 0 2 246 -249 
439 0.5742795629639954 0.9999998999999999 0.001285855852139767 0.591407196060096 1.024849471631577 0.06179098786843114 0 2 129 -217 
440 1.02149741773548 2.263818267974988 -0.7682378954937314 1.116940278035153 2.307951503339853 -0.2341072646475873 0 2 222 -243 
441 1.590143541141881 2.27842316532147 -0.8378256420458532 1.763182773810636 2.380895145202091 0.4832174833107805 0 2 242 -223 
442 0.988613557925719 0.9999998999999994 0.4974221914753585 1.392093393324242 1.874703131598767 0.5732475161721915 0 2 169 -241 
443 -1.466855510528781 2.108605658886541 0.1100617751772478 -1.397784135722876 2.466855510528781 0.1174951522548106 0 2 235 -250 
444 -1.466855510528782 2.259046027456553 0.1100617751772472 0.3676728124597972 2.466855510528782 0.4394635991792195 0 2 244 -250 
445 -1.053590355449831 2.269572851507614 1.591089903579024 0.4504291805916181 2.45988100531949 2.45988100531949 0 2 245 -251 
446 -1.434871073638807 2.108808345226434 2.434870873638807 -1.053590155449831 2.45988100531949 2.45988100531949 0 2 252 -251 
447 -1.434871073638807 1.132912052758235 1.735673842575863 -1.235214636378774 2.108808545226434 2.434871073638807 0 2 252 -239 
448 1.65672920607504 2.281070026791741 0.6839727352842511 1.751471940525984 2.295112740085774 0.7715230367696313 0 2 196 -248 
449 0.7046504938222995 0.9999998999999996 0.9679430383127546 1.022154851949793 1.96280190680998 1.499337217070195 0 2 246 -82 
450 1.186879053696419 2.281723423244655 1.676938164488727 1.265343065289291 2.290108933123785 1.683575299425712 0 2 200 -247 
451 1.128615358496261 2.281021519954098 1.70247824243167 1.209232364834003 2.418173438161078 2.418173438161078 0 2 249 -253 
452 0.6594069177934047 0.6090478690423571 2.265546651130782 1.209232364834003 2.418173438161078 2.418173438161078 0 2 205 -253 
453 0.5138691094852998 -1.372177145139768 -1.315180337890603 0.9516378414173362 -1.25565463148932 0.3674287334309491 0 2 186 -191 
454 1.895924336697713 -1.543927073000001 -1.543927073000001 2.543927073000001 -1.475067870023895 -1.475067870023895 0 2 192 -254 
455 2.454565003069603 -1.543927073000001 -1.543927073000001 2.543927073000001 -1.454565003069603 0.3321600103957592 0 2 254 -190 
456 0.9173996332641615 -1.475068070023895 -1.475068070023895 1.895924536697713 -1.381916194533257 -1.381916194533257 0 2 255 -192 
457 0.9173996332641616 -1.381916394533257 -1.381916394533257 0.951637841417336 -1.372176945139767 -1.315180137890602 0 2 191 -255 
458 -1.664930433076916 -1.664930433076916 -1.664930433076916 0.917399833264162 -1.381916194533257 -1.381916194533257 0 2 255 -256 
459 -1.664930433076916 -1.664930433076916 -1.664930433076916 -1.448733352946319 -1.448733352946319 0.3839429712671938 0 2 256 -238 
460 2.454565003069603 -1.597461383684355 0.3321598103957584 2.597461383684355 -1.454565003069603 2.597461383684355 0 2 257 -190 
461 1.798585114794693 -1.597461383684355 2.434990143885285 2.597461383684354 -1.434990143885285 2.597461383684354 0 2 210 -257 
462 -0.7585360935233401 -1.434990343885286 2.370043463974561 1.798585314794693 -1.370043463974561 2.434990343885286 0 2 210 -258 
463 -0.7585360935233405 -1.370043663974562 1.122773647722503 -0.5147149310145598 -1.285869330090218 2.370043663974561 0 2 258 -212 
464 -1.525920322170293 -1.525920322170293 0.3839427712671928 -1.448733352946319 -1.448733352946319 2.525920322170293 0 2 259 -238 
465 -1.525920322170293 -1.525920322170293 2.370043463974561 -0.7585358935233398 -1.370043463974561 2.525920322170293 0 2 258 -259 
466 2.533754376133214 -1.543927073000001 -1.543927073000001 2.543927073000001 -1.492940746910472 -1.533754376133214 0 2 193 -254 
467 2.42494540484824 2.42494540484824 0.8153231607211945 2.635306310000886 2.635306310000886 2.635306310000886 0 2 195 -260 
468 2.453463668136242 0.5668054334190413 2.453463668136242 2.635306310000886 2.635306310000886 2.635306310000886 0 2 260 -201 
469 2.023069385721489 2.509163288458521 2.509163288458521 2.635306310000886 2.635306310000887 2.635306310000887 0 2 260 -202 
470 -0.7326604879954428 -1.010081417715071 2.242634448875148 -0.5689513316067805 0.09181124269917418 2.304576292047244 0 2 207 -204 
471 -0.7585360935233401 -1.370043663974562 2.304576092047243 -0.5689513316067809 -1.010081217715071 2.370043663974561 0 2 207 -258 
472 -1.525920322170293 -1.525920322170293 2.301938759678183 -1.301938759678183 0.6478955546245428 2.525920322170293 0 2 259 -240 
473 2.415679562715803 -1.597461383684355 2.415679562715803 2.597461383684355 -0.08084270489402812 2.597461383684355 0 2 257 -214 
474 2.415679562715804 -0.08084290489402879 2.415679562715803 2.453463868136242 0.5668056334190419 2.453463868136242 0 2 201 -214 
475 1.209232164834002 2.418173238161078 2.418173238161078 2.02306958572149 2.509163488458522 2.509163488458522 0 2 253 -202 
476 -1.514495828065658 2.108808345226434 2.434870873638807 -1.434870873638806 2.514495828065658 2.514495828065658 0 2 261 -252 
477 -1.514495828065658 2.45988080531949 2.45988080531949 -1.053590155449831 2.514495828065658 2.514495828065658 0 2 251 -261 
478 -1.434871073638807 0.647895354624542 2.301938759678183 -1.301938759678182 2.108808545226434 2.434871073638807 0 2 240 -252 
479 -1.053590355449832 2.418173238161077 2.418173238161077 1.209232364834003 2.459881005319491 2.459881005319491 0 2 251 -253 
480 2.253820673327071 -0.4404715937361257 -0.5127310037806176 2.292550513048696 -0.04192736747645207 -0.3989099850245425 0 2 189 -262 
481 2.248672712577053 -0.04192756747645227 -0.3989101850245427 2.253820873327071 0.4908287567064416 0.5866686209131514 0 2 262 -197 
482 1.596585893147496 -0.04192756747645263 -0.398910185024543 2.253820873327071 0.1643896947402539 -0.05488175748672439 0 2 213 -262 
483 0.8237182856943108 2.307951303339852 -1.398763116252538 1.116940278035153 2.398763116252538 -0.768237695493731 0 2 222 -263 
484 0.03191535580270677 1.228969205125909 -1.398763116252538 0.8237184856943115 2.398763116252538 -1.242331757776302 0 2 263 -264 
485 0.03191535580270682 1.093295370271771 -1.242331957776303 0.1179362838896241 1.228969405125909 -0.9141090148395521 0 2 264 -216 
486 2.441726273629817 0.2712315291676086 -1.60155980773855 2.60155980773855 2.601559807738551 -1.441726273629817 0 2 265 -220 
487 0.03191535580270685 0.5714281467376457 -1.2471228118454 0.452720668904563 1.228969405125909 -1.242331757776302 0 2 219 -264 
488 0.8237182856943108 2.398762916252538 -1.601559807738551 2.60155980773855 2.601559807738551 -1.398762916252537 0 2 263 -265 
489 2.57151690964982 2.57151690964982 -1.60155980773855 2.601559807738549 2.60155980773855 -1.455912659897077 0 2 265 -224 
490 0.6734024487085675 -1.381916394533257 -1.381916394533257 0.9173998332641619 -1.082948460723459 -1.345608983043996 0 2 255 -225 
491 2.441726273629816 -1.492940946910473 -1.533754576133215 2.533754576133215 0.2712317291676092 -1.441726273629817 0 2 220 -193 
492 2.253820673327071 -0.04192756747645227 -0.7402039759346166 2.305827751576988 0.2859726345847322 -0.3989099850245424 0 2 221 -262 
493 2.42494540484824 2.424945404848239 -1.455912859897078 2.571517109649821 2.571517109649821 0.8153233607211956 0 2 195 -224 
494 0.5765952974386339 0.594309315910152 0.7717045486047369 0.7162942792635467 0.638658636929568 0.8500652322737838 0 2 160 -84 
495 0.7330566306767956 0.5726238060532499 0.5024670192522196 0.8472744611615977 0.5924340400592645 0.5795510976481459 0 2 146 -266 
496 0.6543854314442821 0.5498272137217678 0.4592760475029545 0.7334259752227884 0.5923797980781266 0.5028363637982124 0 2 266 -267 
497 0.5919447394521008 0.3938979516651708 0.4464859575015663 0.654754775990275 0.5501965582677607 0.4596453920489474 0 2 267 -268 
498 0.5919447394521008 0.1925104482517799 0.4464859575015664 0.6632341912307543 0.3943215381923016 0.5279556687908197 0 2 268 -53 
499 0.406773907871337 0.5127838230686094 0.8016499582858438 0.4081200761792867 0.5168989926562033 0.8246457488233755 0 2 70 -269 
500 0.4078977032382973 0.3195840380569477 0.5057152419693157 0.5187989318918744 0.5130061960095988 0.8018723312268333 0 2 269 -270 
501 0.5184460027052643 0.1857605422076354 0.5057152419693158 0.6108258104648361 0.3199369672435578 0.5467298191109093 0 2 270 -55 
502 0.5185149686569834 0.3196530040086668 0.4465902521235459 0.5922640313572521 0.3942172435703222 0.5059992052042067 0 2 268 -270 
503 0.407896568673668 0.5126521322583594 0.4592559996274476 0.6547205818846439 0.5501623641621296 0.8018734657914626 0 2 267 -269 
504 0.7159833320020046 0.5920875457045693 0.5025441114246552 0.7334031250314907 0.6386170918502855 0.772015495866279 0 2 266 -160 
505 0.4067347402553263 0.5167680083448238 0.824514764511996 0.5768566195727414 0.5945706380442595 0.8499740620670666 0 2 84 -70 
506 0.5946913068894959 0.486182106920159 0.2358228868516433 0.6231779682359058 0.4965304458600585 0.2996766966341194 0 2 52 -271 
507 0.5919733950283506 0.3939266072414205 0.2993662601225358 0.5950017434010795 0.4965862847231063 0.4468808884524475 0 2 271 -268 
508 0.7239465882026421 0.5921433325776929 0.4617303427591336 0.7333473381583672 0.6101058622110933 0.5027577267337912 0 2 172 -266 
509 0.6539918066845459 0.5916839628339591 0.3929700163962916 0.7241361442745344 0.6101375898469732 0.4619198988310259 0 2 172 -272 
510 0.6376093344113655 0.5824611445987855 0.340650549750137 0.6542071996532027 0.5918993558026159 0.3931854093649484 0 2 272 -135 
511 0.5947196631838841 0.496304204505911 0.2994504552799718 0.6378130280560158 0.5826648382434358 0.3408542433947874 0 2 135 -271 
512 0.6540035060085524 0.5498858224743156 0.3929817157202981 0.6546419252565892 0.5918935472177248 0.4595325413152616 0 2 267 -272 
513 0.2452638536204605 0.245406545561838 0.4314291870574586 0.5188347181020084 0.3199727534536919 0.50610395736606 0 2 270 -31 
514 0.3777503085685151 0.512769104551497 0.8016352397687315 0.408134794696399 0.5230076585249949 0.8203078750339629 0 2 69 -269 
515 0.2096204250371044 0.4393191832070125 0.2502303784376688 0.2507852219779996 0.4985997693256395 0.2738138983710524 0 2 40 -38 
516 0.2279794631244829 0.2682770094554843 0.2761698922699909 0.2655854668780147 0.3616052773096221 0.3870096433355409 0 2 14 -39 
517 -1.604998209893084 -1.382683656420819 -1.604998209893084 -1.468715593289042 0.5923377457849934 -1.468715593289043 0 2 232 -229 
518 0.5918995001537739 0.5916703469066381 0.3681838109340966 0.6542267063196391 0.6519610553391708 0.3932049160313847 0 2 272 -134 
519 0.3449534120604852 0.6515828422984529 0.3680541134557928 0.5922777131944919 0.7991530736193365 0.4166395130163598 0 2 134 -273 
520 0.1465787084456239 0.7102888237979125 0.4161316024973382 0.3454613225795068 0.7991530736193365 0.7855855132025752 0 2 273 -78 
521 0.1465787084456239 0.5226930764006873 0.7850776026835534 0.3780648906928226 0.7107967343169342 0.8205012034286771 0 2 78 -69 
522 0.2892457385686584 0.7803183998897431 0.4041972333009058 0.3453191673773839 0.7990109184172135 0.4164973578142369 0 2 273 -95 
523 0.3238618509352805 0.4110279722283776 0.2427308924436282 0.5950326935495999 0.4966172348716267 0.2997634856456876 0 2 271 -45 
524 0.2389592492301391 0.2455902961620277 0.4174130360329735 0.245504604627149 0.2524283104661872 0.4316699380641472 0 2 31 -13 
525 -0.1752707752021347 1.228969205125909 -1.262696858857565 0.03191555580270727 1.24265378123054 -1.242331757776302 0 2 234 -264 
526 -1.620017108057064 0.5923375457849932 -1.620017108057063 -1.468715593289043 2.461322625875477 -1.468715593289043 0 2 236 -229 
527 -1.664930433076916 -1.664930433076916 -1.664930433076916 -1.604998009893083 -1.382683456420818 -1.604998009893084 0 2 256 -232 
528 -1.662110065642806 2.461322425875477 -1.662110065642806 -1.620016908057063 2.662110065642806 -1.620016908057063 0 2 274 -236 
529 -1.662110065642806 2.466855310528781 -1.662110065642806 -1.466855310528781 2.662110065642806 0.1100619751772481 0 2 250 -274 
530 -1.514495828065658 2.466855310528781 0.1100617751772472 -1.466855310528781 2.514495828065658 2.514495828065659 0 2 250 -261 
531 -1.662110065642807 2.398762916252538 -1.662110065642806 0.8237184856943116 2.662110065642806 -1.398762916252537 0 2 263 -274 
532 0.3781428780241825 0.795301649874479 0.3755327982041541 0.5211320952904298 0.8168575834966759 0.4076069552000435 0 2 132 -136 
533 1.128615358496261 2.281021519954098 1.676938164488726 1.18687925369642 2.281723623244655 1.702478442431671 0 2 249 -247 
534 1.590143541141881 2.278423165321471 0.4832172833107803 1.65672940607504 2.28107022679174 0.683972935284251 0 2 248 -242 
535 0.3452002956663955 0.798892046706225 0.4153587450628178 0.3487000657738678 0.8021160219377947 0.4163926294104495 0 2 273 -94 
61 0.5138691094852996 -1.543927073000001 -1.543927073000001 2.543927073000001 -1.25565463148932 1.130405302857624 0 6 453 330 454 455 328 323 
62 0.9173996332641615 -1.475068070023895 -1.475068070023895 1.895924536697713 -1.372176945139767 -1.315180137890602 0 3 456 -330 457 
63 -1.664930433076916 -1.664930433076916 -1.664930433076916 0.9516378414173362 -1.25565463148932 1.122773847722504 0 6 457 458 459 419 367 453 
64 1.63545512882876 -1.597461383684355 0.3321598103957584 2.597461383684355 -1.337093208301458 2.597461383684355 0 4 460 328 363 461 
65 -0.7585360935233406 -1.434990343885286 0.3674285334309484 1.798585314794694 -1.25565463148932 2.434990343885286 0 5 462 463 367 -323 363 
66 -1.525920322170293 -1.525920322170293 0.3839427712671928 -0.5147149310145598 -1.285869330090218 2.525920322170293 0 4 464 419 -463 465 
68 0.4811336523792188 -1.372177145139768 -1.315180337890603 0.9516378414173363 -0.03631046541504401 0.4167768728688594 0 4 -453 -324 336 335 
71 2.292550313048696 -1.543927073000001 -1.543927073000001 2.543927073000001 -0.4404713937361252 0.3321600103957593 0 4 455 -329 332 466 
73 1.895924336697712 -1.543927073000001 -1.543927073000001 2.543927073000001 -1.475067870023895 -1.475067870023894 0 3 454 -466 331 
75 0.6431381582153886 0.1528992455282042 0.527743775527254 0.7555805552562298 0.1927223415153455 0.6126977458513287 1 2006 4 195 196 -86 -98 
78 2.248672712577053 0.04950111318600237 0.5866684209131507 2.635306310000886 2.635306310000886 2.635306310000886 0 5 -344 338 467 468 347 
81 1.265342865289291 2.290108733123785 0.7715228367696307 2.635306310000886 2.635306310000887 2.635306310000887 0 5 -346 -337 467 469 348 
82 2.023069385721489 0.5668054334190411 2.453463668136241 2.635306310000886 2.635306310000887 2.635306310000887 0 3 -468 469 349 
84 0.7772062510582506 0.4155577595889212 0.5793392043845803 0.9210289445115826 0.6204617997645751 0.8578489155121761 1 2012 4 -211 -267 313 246 
86 -0.7326604879954428 -1.010081417715071 1.096166909694288 0.0517137855475534 0.3730115168483126 2.304576292047244 0 4 356 470 351 355 
87 -0.7326604879954429 -1.247323566266316 2.242634448875148 1.989171463901809 0.6090480690423581 2.396593581943623 0 5 -470 358 361 359 352 
92 0.4151945251718762 0.1332332700971643 0.8397540344451491 0.8942063219595664 0.5630835498963139 0.9183232680843424 1 2019 5 212 107 112 137 258 
93 -1.525920322170293 -1.525920322170293 2.242634448875148 -0.5689513316067805 0.6478955546245431 2.525920322170293 0 5 471 465 472 424 -470 
94 -0.7585360935233405 -1.434990343885286 2.304576092047243 1.798585314794693 -1.01008121771507 2.434990343885286 0 4 462 -471 358 364 
95 1.689412295306529 -1.597461383684355 2.358990178568849 2.597461383684355 -0.08084270489402812 2.597461383684355 0 5 473 371 -361 364 461 
96 0.6594069177934047 -0.3011605109918336 2.265546651130782 2.453463868136242 2.509163488458522 2.509163488458522 0 6 474 371 359 452 475 349 
97 -1.514495828065658 2.108808345226434 2.434870873638807 -1.053590155449831 2.514495828065658 2.514495828065658 0 3 476 446 477 
98 -1.434871073638808 0.09181104269917251 2.242634448875147 1.209232364834004 2.459881005319491 2.459881005319491 0 6 478 446 479 -452 352 -424 
99 0.6106492458715309 0.1332332700971644 0.5403641879469756 0.7841777033887429 0.1859371068009407 0.8787737960744161 1 2020 5 102 98 89 105 -107 
103 -0.7585360935233405 -1.370043663974562 0.6439872598232096 0.1712578642512005 -0.06219897151315024 2.370043663974561 0 5 -365 368 -463 -471 -356 
105 2.248672712577053 -1.597461383684355 -0.5127310037806181 2.597461383684355 0.490828756706442 2.597461383684355 0 7 460 -329 480 481 344 372 -473 
107 1.069579747042312 -0.04192756747645263 -0.398910185024543 2.253820873327071 0.5006484390562124 0.5866686209131518 0 4 481 -339 369 482 
109 1.445606696320662 -0.4404715937361261 -0.5127310037806181 2.292550513048696 0.1643896947402539 -0.02386059100163232 0 4 480 -482 370 326 
110 0.7510761592326628 0.1332332700971644 0.5915260525893674 0.9210289445115826 0.4729673851780943 0.9183232680843423 1 2030 6 209 211 -207 -195 -102 -212 
116 0.03191535580270655 1.024849271631577 -1.398763116252538 1.116940278035153 2.398763116252539 0.001286055852140255 0 5 483 484 485 376 383 
117 0.03191535580270655 0.2712315291676084 -1.601559807738551 2.60155980773855 2.601559807738551 -1.242331757776302 0 5 486 380 487 -484 488 
118 2.305827551576987 0.2712315291676082 -1.601559807738551 2.60155980773855 2.601559807738551 -0.7402037759346158 0 4 -486 489 387 381 
119 0.8237182856943108 2.307951303339852 -1.601559807738551 2.60155980773855 2.601559807738551 -0.768237695493731 0 5 -489 -488 -483 385 386 
120 0.0319153558027068 0.5618139097264535 -1.2471228118454 0.4562202935286966 1.228969405125909 -0.1637145330566241 0 4 -485 -487 379 373 
121 0.5381457082939122 -1.381916394533257 -1.381916394533258 0.9516378414173363 -0.05115452379301255 -0.1219785528601756 0 5 457 490 388 393 335 
122 0.4527204689045623 -1.492940946910473 -1.533754576133215 2.533754576133215 0.5714283467376466 -1.2471226118454 0 6 -456 490 391 -380 491 331 
123 2.25382067332707 -1.492940946910473 -1.533754576133215 2.533754576133215 0.2859726345847325 -0.398909985024542 0 5 -491 -381 492 -480 332 
127 1.030428500751008 -0.0419275674764526 -0.740203975934617 2.305827751576988 0.4722776101829106 0.1227130566496792 0 4 -492 -382 392 482 
129 2.392216465316721 -0.08084290489402887 2.259911333144709 2.453463868136242 0.566805633419042 2.453463868136242 0 3 372 -474 347 
130 2.248672712577053 -0.04192756747645277 -1.455912859897078 2.571517109649821 2.571517109649821 0.8153233607211956 0 5 481 338 493 387 492 
131 0.5687366036870974 0.3419357619893207 0.7637134906362181 0.9210289445115826 0.638482490759156 0.9183232680843423 1 2044 6 209 -267 272 494 136 258 
132 0.592156432715666 0.1688358196649891 0.4466976507651316 0.9144945840792358 0.5922223467956994 0.6403150740885913 1 2045 7 495 496 497 498 -196 207 -246 
133 0.4068197162190211 0.1641239976986427 0.5058916065626206 0.6445317213555596 0.5168531843085192 0.8543964184730035 1 2046 6 115 499 500 501 105 112 
134 0.518622367298569 0.1793125617570178 0.4466976507651315 0.6630224979671892 0.3941098449287365 0.5465534545176046 1 2047 5 501 -89 86 -498 502 
135 0.4080740678316022 0.3197604026502526 0.4466976507651316 0.6545430827267097 0.5499848650041954 0.8016959666335284 1 2048 4 500 -502 -497 503 
136 0.7161179330931341 0.572835499316815 0.5026787125157847 0.8470627678980326 0.638482490759156 0.7718808947751495 1 2049 4 -272 313 495 504 
137 0.4068197162190211 0.5057483702151434 0.8245997404756908 0.5767716436090465 0.5944856620805646 0.8745269601323349 1 2050 4 -136 505 -115 137 
138 0.4068197162190212 0.5128296314162935 0.4594334987853817 0.7332685239403612 0.638482490759156 0.8498890861033718 1 2051 6 504 494 505 499 -503 -496 
140 0.5921564327156661 0.1643602687963041 0.1616686008958342 0.8106959119592713 0.4964032470357908 0.5277439755272544 1 2053 5 83 506 507 498 85 
141 0.7240254024206481 0.572835499316815 0.4618091569771395 0.8816538384327447 0.6217937113996169 0.5793394043845809 1 2054 5 -249 293 508 -495 -247 
142 0.637713985526136 0.5766251198823158 0.2435532176183829 0.8212849193806919 0.6217937113996168 0.4646369253905485 1 2055 6 232 243 248 293 509 510 
143 0.5921564327156661 0.3941096449287361 0.2995492978098513 0.6545430827267097 0.5917947046878453 0.4594336987853821 1 2056 5 511 507 -497 512 510 
144 0.5948185057137636 0.4863093057444267 0.2289929398580612 0.6795760151720067 0.5825659957135564 0.3407554008649079 1 2057 5 506 -511 232 236 -181 
145 0.6541023485384319 0.5499846650041951 0.3930805582501776 0.7332685239403611 0.6100270479930873 0.5026789125157851 1 2058 4 -508 509 -512 -496 
146 0.1287886904523618 0.245618696365277 0.4316413378608976 0.5186225672985695 0.5261317489918828 0.8559429447389881 1 2059 5 500 513 47 113 514 
148 0.2453442449114054 0.07194016398125447 0.4316413378608976 0.6106494458715312 0.3197606026502529 0.5465534545176045 1 2061 5 22 -88 -501 513 -48 
151 0.3778108354333116 0.5128296314162936 0.801695766633528 0.4080742678316024 0.5229471316601983 0.8245999404756913 1 2064 3 -114 499 -514 
152 0.08007640102701102 0.2670045450604857 0.2503484672546381 0.2654647539035747 0.508430493940583 0.4552366572754217 1 2065 6 515 56 45 16 516 59 
154 0.1958385756475263 0.4394372720239819 0.1814450875016552 0.2506671331610302 0.4985947227272479 0.273695809554083 1 2067 3 -515 61 57 
158 -1.604998209893084 -1.382683656420819 -1.604998209893084 -1.248112711709006 0.5946740031216771 0.4792893631752242 0 4 -402 405 517 -400 
159 0.2281001760989229 0.2646462880412854 0.2609028528050661 0.2654647539035747 0.3614845643351821 0.3868889303611009 1 2071 3 17 516 -60 
160 -1.604998209893084 -1.382683656420819 -1.604998209893084 -1.213430897154933 0.5923377457849934 -1.418606634105584 0 4 -517 404 -397 -399 
161 0.1468325637051344 0.5128296314162933 0.3683079687153032 0.6545430827267099 0.798899218359826 0.8202473481691666 1 2072 7 512 518 519 520 521 514 -503 
162 0.004120824038976928 0.6691145321553155 0.3912570639764119 0.3452074673199965 0.7988992183598261 0.8177223082598372 1 2073 6 154 156 41 126 -520 522 
163 0.2097385138540735 0.4112419600642133 0.242944880279464 0.6377141855261366 0.798899218359826 0.4163856577568494 1 2074 9 221 -522 -519 227 511 523 74 515 167 
164 0.5920236579349808 0.582565795713556 0.3407552008649076 0.6541025485384322 0.6518368975579639 0.3930807582501779 1 2075 3 227 -510 518 
165 0.004120824038977233 0.4984814805086699 0.2736956095540827 0.2206245316770438 0.757092130274176 0.6399266030917006 1 2076 5 163 156 43 -56 167 
166 0.2191392024101612 0.756121892091324 0.3887461897861335 0.2893576386260465 0.7804302999471311 0.4043091333582939 1 2077 3 -221 163 -154 
167 0.004120824038977192 0.2456186963652769 0.3912484879861146 0.2454762044238998 0.6696788726041154 0.8559429447389881 1 2078 7 39 -47 524 14 -45 -43 41 
168 0.2281001760989227 0.2456186963652769 0.2429448802794641 0.5948187057137639 0.4964032470357909 0.505891806562621 1 2079 8 513 524 24 516 70 -523 507 502 
169 0.2256715575050948 0.2523997102629378 0.3868887303611008 0.2389878494333886 0.2683979224299244 0.4174416362362229 1 2080 3 24 -16 -14 
170 0.2506669331610301 0.361484364335182 0.2429448802794642 0.3240760387711167 0.439437472023982 0.2762908052444311 1 2081 3 -70 59 -74 
171 0.03114611245302384 0.5229469316601979 0.785331457943064 0.377811035433312 0.7105428790574236 0.8559429447389882 1 2082 4 39 113 -521 -126 
176 -0.1752707752021347 0.9956673161078871 -1.262696858857565 0.1179362838896242 1.24265378123054 -0.6699243222893547 0 4 525 485 409 410 
177 -1.575239098041493 -1.358724556939539 -1.597730222997537 0.6734026487085685 1.242653781230541 -1.242331757776302 0 6 525 -487 -391 -407 -397 -411 
179 -1.620017108057064 0.5762282558792591 -1.620017108057064 -0.1752705752021341 2.461322625875477 -1.262696658857565 0 4 415 526 399 -411 
180 -1.620017108057064 0.5923375457849925 -1.620017108057064 -1.217301944095505 2.461322625875477 1.068295183333887 0 5 526 -400 418 416 -414 
184 0.2389876494333884 0.2434005684243217 0.4174414362362228 0.2454762044238997 0.252399910262938 0.4318207334888607 1 2092 3 15 -524 -48 
186 -1.525920322170293 -1.525920322170294 0.04899453457589908 -1.217301944095505 1.132912252758236 2.525920322170293 0 7 464 -420 402 418 421 423 -472 
189 -1.664930433076917 -1.664930433076917 -1.664930433076917 0.9173998332641627 -1.082948460723459 -1.345608983043995 0 5 527 404 407 -490 458 
190 -1.664930433076916 -1.664930433076916 -1.664930433076916 -1.396402114063728 -1.032811803993281 0.3839429712671938 0 4 459 -420 405 -527 
192 -1.662110065642806 2.108605658886541 -1.662110065642806 -1.397784135722875 2.662110065642806 0.117495152254811 0 4 528 414 443 529 
193 -1.514495828065658 1.095407466827934 0.1100617751772472 -1.217301944095505 2.514495828065658 2.514495828065659 0 6 476 447 -421 416 443 530 
194 -1.434871073638807 0.647895354624542 1.735673842575863 -1.235214636378773 2.108808545226434 2.434871073638807 0 3 478 447 423 
195 0.3240758387711165 0.4112419600642135 0.1082826789281236 0.6230507694116381 0.4964032470357908 0.2995494978098517 1 2097 4 84 506 523 69 
196 -1.662110065642807 1.228969205125909 -1.662110065642806 0.8237184856943116 2.662110065642806 -1.242331757776302 0 5 525 -484 531 528 -415 
198 0.3782143012096302 0.7953730730599268 0.2667523568262581 0.5210606721049821 0.9158223970012955 0.4075355320145957 1 2099 3 223 532 229 
200 0.3671661385970495 0.7953730730599265 0.3756042213896016 0.6206636003870487 0.9733129853949219 0.8464267995739786 1 2101 6 226 157 141 278 282 -532 
202 0.3676726124597962 2.259046027456553 -0.2341074646475878 1.65672940607504 2.281723623244655 1.702478442431671 0 7 -429 432 437 533 435 534 -427 
205 1.392093193324242 1.874702931598767 0.4832172833107801 1.65672940607504 2.281070226791741 0.6839729352842513 0 3 -436 -426 -534 
206 1.022154651949793 1.962801706809979 1.499337017070194 1.18687925369642 2.281723623244655 1.702478442431671 0 3 434 438 533 
208 1.02149741773548 2.263818267974988 -0.8378256420458532 1.763182773810636 2.380895145202091 0.4832174833107805 0 4 440 427 441 -385 
209 0.5210604721049819 0.591794504687845 0.3683079687153034 0.7240256024206485 0.8272045883676407 0.4762922126050593 1 2108 5 294 282 228 -518 -509 
214 0.2893574386260462 0.7804300999471308 0.4043089333582937 0.3486930941202674 0.8021090502841943 0.4163856577568491 1 2113 3 153 -522 535 
215 0.3452072673199958 0.6518366975579636 0.3683079687153034 0.5920238579349811 0.8167861603112283 0.4163856577568492 1 2114 5 -222 532 228 519 535 
217 0.3486928941202672 0.8021088502841941 0.4075353320145956 0.3782145012096303 0.8218604631969537 0.4189926559374303 1 2116 3 -222 226 -152 
218 -1.662110065642807 2.259046027456553 -1.662110065642806 1.116940278035153 2.662110065642807 0.4394635991792195 0 6 -529 -444 429 -440 483 531 
219 0.5583325430302969 0.5922221467956988 0.4618091569771395 0.7332685239403612 0.9720205471156509 0.8588880924628192 1 2117 6 273 142 278 -294 508 504 
220 0.1468325637051346 0.7105426790574232 0.4153657167164182 0.3960372371481865 0.9733129853949218 0.8221364898963204 1 2118 5 152 157 127 -520 535 
221 0.1468325637051343 0.5168529843085184 0.7853314579430638 0.6394910125750273 0.9733129853949222 0.8588880924628194 1 2119 7 114 -521 -127 141 -142 133 505 
222 0.5767714436090462 0.5944854620805643 0.7718806947751492 0.7161181330931344 0.8024094315626903 0.8588880924628189 1 2120 3 -133 -273 494 
223 -1.514495828065658 2.259046027456553 0.1100617751772472 0.4504291805916183 2.514495828065658 2.514495828065659 0 5 -530 -444 432 445 477 
225 1.128615358496261 2.281021519954098 1.676938164488726 2.02306958572149 2.509163488458522 2.509163488458522 0 5 475 348 450 -533 451 
226 1.186879053696419 2.28107002679174 0.6839727352842505 1.751471940525984 2.295112740085774 1.683575299425713 0 4 448 -435 -450 -346 
227 1.59014354114188 2.27842316532147 -1.455912859897078 2.571517109649821 2.571517109649821 0.8153233607211956 0 6 -493 337 448 534 441 386 
228 -1.053590355449832 2.269572851507613 1.591089903579023 1.209232364834003 2.459881005319491 2.459881005319491 0 4 -479 -445 437 451 
229 -1.000000001979885e-07 -1.000000001971646e-07 -1.000000001971646e-07 1.000000001979885e-07 0.08616726273681484 0.4233490981825998 1 2 5 -1 5 -4 -3 2 
230 -1.000000002249202e-07 -1.000000002288783e-07 -1.000000002249202e-07 0.4851615842063996 1.000000002288783e-07 0.6008049185465674 1 4 7 -6 1 10 -9 -8 -7 -11 
231 -1.00000000433087e-07 -1.000000004192092e-07 0.3436322737633593 0.245344444911406 0.2670047450604863 0.6008049185465675 1 2093 6 12 15 14 13 2 10 
232 -1.00000000433087e-07 0.04872121155949807 0.01368547158555963 0.2416673874663845 0.2683979224299248 0.3912486879861152 1 2070 5 -16 13 3 18 17 
233 -1.000000004747204e-07 0.03713923116710983 -1.000000004747204e-07 0.4436936023136195 0.2646464880412859 0.2609030528050666 1 2084 4 19 20 -18 4 
234 -1.000000001138979e-07 -1.000000001104284e-07 -1.000000001118863e-07 0.4851615842063995 0.04945355302618948 1.000000001118863e-07 1 4 4 -5 6 -21 -19 
235 0.2281001760989227 -1.000000002249202e-07 -1.000000002249202e-07 0.4851615842063996 0.2683979224299246 0.4901990767083929 1 2096 8 -22 15 24 -17 -20 21 7 -23 
236 0.270038266728322 -1.000000003706369e-07 0.441404675723895 0.4486493304250593 0.071940363981255 0.5726773209739741 1 2025 3 8 -25 23 
237 0.1863365924256536 -1.000000003359425e-07 0.4318205334888603 0.3842894104410288 0.2434007684243222 0.6008049185465675 1 2063 4 12 22 25 9 
238 0.1379338480417281 -0.0001433678875401856 0.1480984439097281 0.3731882162682719 0.08740953900674486 0.3833528121362719 1 1 1 11 
239 -1.000000003176424e-07 -1.000000002249202e-07 0.3436322737633595 1.000000002482534e-07 0.6805218559498476 1.0000001 1 2 9 -26 -2 31 -30 -29 -28 -27 -32 -33 
240 -1.000000000306311e-07 -1.000000000277556e-07 0.4233488981825996 0.186336792425654 1.000000000277556e-07 1.0000001 1 4 4 -10 26 35 34 
241 -1.000000001347146e-07 -1.000000001138979e-07 0.9999998999999998 0.08256864297602313 0.5234250522131212 1.0000001 1 4 4 -27 35 37 -36 
242 -1.000000003775758e-07 0.4343087090223355 0.8177221082598363 0.1287888904523623 0.6805218559498477 1.0000001 1 2095 5 28 -40 39 38 -36 
243 -1.000000002786966e-07 0.6691145321553157 0.6399264030917001 0.03114631245302437 0.6805218559498476 0.8402993782216072 1 2094 4 29 42 41 40 
244 -1.000000001763479e-07 0.5084302939405827 0.4552364572754214 0.08007660102701132 0.6711152268138953 0.6413718636000719 1 2091 4 30 -44 -43 -42 
245 -1.000000001832868e-07 0.08616706273681446 0.3436322737633595 0.225671757505095 0.5136301129898333 0.4566867943230694 1 2069 4 -44 45 13 31 
246 -0.0001103967173469028 0.1478113346053635 0.4724106284253635 0.07225796779808677 0.2552085956133468 0.6869843570066365 1 1 2 46 32 
247 -0.0001103967173452375 0.2549878021786547 0.4724106284253651 0.0722579677980851 0.3623850631866349 0.6869843570066348 1 1 2 33 -46 
248 0.0672379063890929 -1.000000001138979e-07 0.4316413378608976 0.2454762044238998 0.5261317489918828 1.0000001 1 2060 6 34 12 48 47 38 -37 
249 -1.000000002844946e-07 0.04872121155949835 -1.00000000169409e-07 1.000000001734723e-07 0.5136301129898333 0.4566867943230694 1 2 7 -31 3 -51 50 -49 -52 -53 
250 -1.000000003914536e-07 0.4984814805086697 -1.000000003914536e-07 0.2097387138540742 0.5136301129898335 0.4566867943230696 1 2068 6 -54 57 56 44 49 55 
251 -1.000000001104284e-07 0.1642056755364099 -1.000000001111442e-07 0.03602821164708783 0.5097322039155998 1.000000001111442e-07 1 4 3 -50 -58 -55 
252 -1.00000000891054e-07 0.04872121155949763 -1.00000000891054e-07 0.2654647539035755 0.5073983540832053 0.2762908052444319 1 2066 7 59 61 54 58 51 18 60 
253 -0.0001144082209362657 0.2476458932954269 0.1199756914744269 0.06722222024501473 0.3498090848989362 0.3240732582395732 1 1 2 62 52 
254 -0.0001144107031561814 0.349580265974844 0.119975688992207 0.06722222272723463 0.4517434625427931 0.3240732607217931 1 1 2 53 -62 
255 -1.000000005613218e-07 0.03713923116710977 -1.000000005614565e-07 1.000000005613218e-07 0.1642058755364106 0.01368567158556062 1 2 3 4 63 51 
256 -1.000000002804313e-07 0.03713923116711004 -1.000000002779866e-07 0.5055146309662919 0.6045316332766643 1.000000003496885e-07 1 4 8 -63 19 -67 66 65 64 58 -68 
257 0.2416671874663839 0.0494533530261892 -1.00000000169409e-07 0.5055146309662918 0.4137359667214018 0.2762908052444312 1 2083 6 69 71 67 20 60 70 
258 0.03602801164708752 0.4985945227272477 -1.000000001971646e-07 0.1958387756475266 0.6045316332766641 0.1814452875016555 1 2086 3 64 -54 -72 
259 0.1658542259202253 0.4112419600642135 -1.00000000169409e-07 0.4765472230948554 0.6045316332766641 0.2503486672546384 1 2085 6 65 72 -61 -74 69 -73 
260 0.4684548269065202 0.1951162879002969 -1.000000002457369e-07 0.5055146309662919 0.4726862071156092 0.108282878928124 1 2039 3 71 66 73 
261 0.124808515081443 0.198394202992443 -0.0001179674759837004 0.366626610336557 0.440212298247557 0.0912895481639837 1 1 4 75 -76 -75 68 
262 0.4486491304250587 -1.000000001688306e-07 -1.00000000169409e-07 0.7145046099485967 1.000000001688306e-07 0.4414048757238956 1 4 5 -77 7 80 -79 78 
263 0.4436934023136189 -1.000000000583867e-07 -1.000000000667323e-07 0.6958619974650158 0.1951164879002972 1.000000000621064e-07 1 4 4 21 77 81 67 
264 0.4765470230948551 -1.000000001138979e-07 -1.000000001138979e-07 0.8106959119592713 0.4863095057444269 0.2359502856759113 1 2041 6 81 -71 84 -83 -82 78 
265 0.5084149211174988 -1.00000000238798e-07 0.01095258485016043 0.8106959119592714 0.1927223415153456 0.5403643879469761 1 2004 5 79 -87 86 85 -82 
266 0.3842892104410283 -1.00000000169409e-07 0.437588589143286 0.6431383582153889 0.1859371068009406 0.5465534545176045 1 2021 5 88 23 80 -87 89 
267 0.4542012121425973 0.1184671916483138 0.20976096660368 0.6120057741343201 0.2762153595796861 0.36760288213232 1 1 4 -90 -91 92 91 
268 0.2700382667283222 -1.000000002220446e-07 0.4375885891432859 0.8694517244938443 1.000000002220446e-07 1.0000001 1 4 7 -80 8 96 95 94 -93 -97 
269 0.5084149211174989 -1.000000001555312e-07 0.437588589143286 0.8418291326121816 0.1793127617570182 0.6658236095512696 1 2000 4 98 87 93 99 
270 0.7510761592326628 -1.000000002665535e-07 0.6126975458513283 0.8694517244938444 0.1528994455282047 1.0000001 1 2022 5 94 99 -102 -101 -100 
271 0.3735683992888216 -1.000000002492063e-07 0.9999998999999997 0.8694517244938444 0.05010604752101618 1.0000001 1 4 4 103 95 100 104 
272 0.2700382667283223 -1.000000001277757e-07 0.4901988767083926 0.6445317213555595 0.1859371068009406 1.0000001 1 2023 6 -105 88 25 96 -103 106 
273 0.4375706449127861 -0.0001450168149255832 0.5567563925127861 0.678196595195214 0.08412364188464677 0.797382342795214 1 1 1 97 
274 0.4670611699964235 0.02296998048290971 0.854396218473003 0.8564776358515386 0.1641241976986432 1.0000001 1 2016 4 -104 101 107 -106 
275 0.06723790638909283 -1.000000002220446e-07 0.5726771209739735 0.3735685992888221 1.000000002220446e-07 1.0000001 1 4 4 9 -34 108 -96 
276 0.06723790638909291 -1.000000001138979e-07 0.9999998999999998 0.4670613699964239 0.434308909022336 1.0000001 1 4 5 -37 108 -103 110 109 
277 0.1880362058940472 0.05010584752101557 0.8397540344451491 0.6445317213555597 0.5057485702151441 1.0000001 1 2015 4 -111 -110 106 112 
278 0.08256844297602287 0.4227940178359928 0.820247148169166 0.4151947251718766 0.5261317489918828 1.0000001 1 2062 6 111 115 114 -113 38 -109 
279 0.3181149643462449 0.151208482008693 0.6257599433008143 0.4942172965891857 0.327247881173307 0.8019039603071858 1 1 4 -116 -117 118 117 
280 -1.000000001110223e-07 0.523424852213121 0.8402991782216068 1.000000001110223e-07 0.94054163654275 1.0000001 1 2 3 -119 28 120 
281 -1.000000002249202e-07 0.4227940178359927 0.9999998999999997 0.7064232516442738 1.0000001 1.0000001 1 4 8 -119 36 -109 124 -123 -122 121 -125 
282 -1.000000002249202e-07 0.6691145321553157 0.785331457943064 0.3971570464103981 1.0000001 1.0000001 1 2121 7 -126 40 120 -121 -129 128 127 
283 0.07304715315799021 0.9999998999999999 0.8379673362664206 0.7064232516442736 1.0000001 1.0000001 1 4 5 129 122 -132 -131 -130 
284 0.5687366036870971 0.5630833498963129 0.8498888861033709 0.7064232516442741 1.000000100000001 1.000000100000001 1 2125 6 133 136 135 -123 -132 134 
285 0.1880362058940473 0.4227940178359927 0.8397540344451492 0.5769154710644135 0.567229653469011 1.0000001 1 2013 4 137 135 -124 111 
286 0.3469999404373955 0.6086531062983955 0.9195848906267411 0.5703399810486044 0.8319931469096045 1.000107177963259 1 1 4 -125 -138 139 138 
287 0.396037037148186 0.9720203471156502 0.8221362898963198 0.5714310266207833 1.0000001 0.8648649154875785 1 2104 4 -140 -130 128 141 
288 0.558332543030297 0.8024092315626901 0.8464265995739781 0.7046506938222999 1.0000001 0.9679432383127552 1 2124 4 -134 -131 140 -142 
289 -1.000000002220446e-07 0.671115026813895 0.3541544819592849 1.000000002220446e-07 1.0000001 1.0000001 1 2 6 -143 -120 29 -146 -145 144 
290 -1.000000000098145e-07 0.9405414365427499 0.9999998999999999 0.07304735315799032 1.0000001 1.0000001 1 4 3 -143 -121 -147 
291 -1.000000001138979e-07 0.9999998999999999 0.3550015804930614 0.397157046410398 1.0000001 1.0000001 1 4 6 -148 144 147 -129 149 -150 
292 -1.000000003359425e-07 0.7570919302741755 0.3541544819592848 0.3672291161949108 1.0000001 0.4215300359232299 1 2115 7 145 155 -154 -153 152 151 -148 
293 -1.000000002665535e-07 0.669678672604115 0.3541544819592848 0.2191394024101616 0.9402608260727657 0.641371863600072 1 2090 4 146 42 -156 -155 
294 0.3671661385970496 0.8218602631969535 0.4189924559374301 0.3971570464103981 1.0000001 0.8379675362664208 1 2102 4 -157 151 -149 128 
295 0.09680415911053726 0.9064429646030482 0.4284445947815372 0.3266185343314628 1.000147570999609 0.6582589700024627 1 1 1 -150 
296 -1.000000002586618e-07 0.5097320039155995 -1.000000002249202e-07 1.000000003974396e-07 0.9750458064290994 0.641371863600072 1 2 7 30 49 159 158 146 -160 -161 
297 -1.000000005857427e-07 0.7561218920913235 -1.000000005857427e-07 0.2206245316770442 0.9750458064290998 0.391257263976413 1 2088 5 162 164 158 155 -163 
298 -1.000000002249202e-07 0.5073981540832042 -1.000000002230183e-07 0.1658544259202257 0.9750458064290993 1.000000002230183e-07 1 4 5 -159 55 -64 -165 164 
299 -0.0001365523837470253 0.5614474533234159 0.1028402761804159 0.09596473768757689 0.677967497999747 0.335607260765584 1 1 2 166 160 
300 -0.0001365650698817306 0.6776943805461183 0.1028402634942812 0.09596475037371159 0.7942144505947187 0.3356072734517188 1 1 2 161 -166 
301 0.159860771141389 0.4984814805086698 -1.000000002526757e-07 0.2206245316770439 0.8440837158138903 0.3887463897861339 1 2089 5 167 162 165 72 57 
302 0.299184164831557 0.4459596413660398 0.4336398099301584 0.4638145850958416 0.6105312282339601 0.5983091994658416 1 1 4 -168 -169 170 169 
303 0.695861797465015 -1.000000007780299e-07 -1.00000000778297e-07 0.8823760714579247 1.000000007780299e-07 0.01095278485016144 1 4 3 -171 -78 -172 
304 0.46845482690652 -1.000000004469648e-07 -1.000000004487151e-07 1.000000100000001 0.5476227839248449 1.000000005620504e-07 1 4 8 -81 171 -176 175 174 173 -66 -177 
305 0.714504409948596 -1.000000004885981e-07 -1.000000004885981e-07 1.000000100000001 0.1643604687963047 0.1616688008958348 1 2003 5 172 82 179 -178 176 
306 0.4684548269065203 0.4137357667214015 -1.000000001277757e-07 0.6588505128056833 0.5476227839248446 0.2359502856759113 1 2043 5 73 84 181 180 173 
307 0.5406939510138338 0.4768219296805096 -1.000000002804313e-07 1.0000001 0.5476227839248448 0.2289931398580616 1 2033 4 -182 -183 174 -180 
308 0.9999998999999999 0.008034410942804604 -1.000000000167534e-07 1.0000001 0.4779239091837562 0.1314163506659779 1 3 4 -178 175 183 -184 
309 0.6180307014374504 0.2776332830304504 -0.0001031819743125828 0.8289498862265496 0.4885524678195496 0.07584233504131258 1 1 4 185 -186 -185 177 
310 0.6230505694116377 0.1193775203212238 0.1063514119419114 1.0000001 0.5277729099444127 0.2359502856759113 1 2040 5 -184 -179 83 181 -182 
311 0.508414921117498 -1.00000001110223e-07 -1.000000011130986e-07 1.000000100000001 1.00000001110223e-07 0.6658236095512705 1 4 7 -187 172 79 93 -189 -188 -190 
312 0.8823758714579241 -1.000000000002735e-07 -1e-07 1.0000001 0.008034610942804605 1e-07 1 4 3 176 187 191 
313 0.9999998999999999 -1.000000001138979e-07 -1.000000001138979e-07 1.0000001 0.1193777203212241 0.4887247978055957 1 3 5 -188 191 178 -193 -192 
314 0.7510761592326628 -1.000000002665535e-07 0.3735451391074385 1.0000001 0.1688360196649896 0.6658236095512697 1 2002 5 194 -192 189 99 195 
315 0.6208208328878586 -0.0001621141956850772 0.2634995245688587 0.8822186533401415 0.10619829388259 0.5248973450211414 1 1 1 190 
316 0.6630222979671887 0.1138102028168355 0.1063514119419114 1.0000001 0.1927223415153455 0.5915262525893679 1 2005 5 -193 -194 196 85 179 
317 0.8418289326121815 -1e-07 0.4887245978055956 1.0000001 1e-07 1.0000001 1 4 4 189 -94 198 -197 
318 0.9999998999999998 -1.000000002249202e-07 0.3735451391074386 1.0000001 0.4882291916300833 1.0000001 1 3 7 -197 192 202 -201 -200 -199 -203 
319 0.8564774358515381 -1.000000002249202e-07 0.9999998999999998 1.0000001 0.333481272507832 1.0000001 1 4 5 -100 198 199 -205 204 
320 0.7555803552562294 0.1138102028168354 0.3735451391074385 1.0000001 0.4882291916300833 0.6403150740885913 1 2026 4 -202 -194 207 206 
321 0.8942061219595658 0.3054762177881604 0.8578487155121757 1.0000001 0.4155579595889217 1.0000001 1 2028 5 -208 -200 -205 -210 209 
322 0.9144943840792352 0.3959083865470954 0.5834016018200801 1.0000001 0.4882291916300834 0.9331095388954121 1 2008 4 206 -201 208 211 
323 0.8975879253611578 0.09494373191824793 0.513457727445248 1.000152322314665 0.344943150713752 0.7634571462407521 1 1 1 -203 
324 0.7841775033887423 0.02296998048290955 0.8787735960744154 0.9562840102756719 0.3419359619893215 1.000000100000001 1 2018 4 -101 -204 -210 212 
325 -1.000000000832667e-07 0.9402606260727654 -1.000000000861423e-07 1.000000000832667e-07 1.0000001 0.3550017804930616 1 2 4 -158 214 213 145 
326 -1.000000003359425e-07 0.9999998999999996 -1.000000003359425e-07 0.5742797629639959 1.0000001 0.4215300359232299 1 4 7 -215 213 148 -218 217 216 -219 
327 -1.000000001138979e-07 0.8440835158138899 -1.000000001241267e-07 0.5313124364125568 1.0000001 1.000000001241267e-07 1 4 4 -214 -164 220 -215 
328 0.1598607711413889 0.7561218920913239 -1.000000002804313e-07 0.5742797629639957 1.0000001 0.4153659167164186 1 2112 8 -221 162 220 -216 -224 223 222 153 
329 0.3671661385970494 0.8167859603112279 0.235475389330681 0.547810597631165 1.0000001 0.4215300359232299 1 2100 5 -225 223 226 151 -218 
330 0.5162600686415867 0.9158221970012954 0.06179078786843098 0.5742797629639955 1.0000001 0.2667525568262583 1 2107 3 -217 -225 224 
331 0.1561666684458571 0.9163143480954441 0.1455638739208571 0.3722402939741429 1.000158095768606 0.361637499449143 1 1 1 -219 
332 0.5162600686415865 0.5766251198823157 0.01555731728336671 0.6795760151720068 1.0000001 0.3756044213896021 1 2109 7 227 232 -231 -230 -224 -229 228 
333 0.1598607711413889 0.4726860071156087 -1.000000003330669e-07 0.5881264893999236 1.0000001 1.000000003330669e-07 1 4 6 165 -65 -173 234 -233 -220 
334 0.5313122364125564 0.9999998999999998 -1.000000001138979e-07 0.5962952409007828 1.0000001 0.06179098786843121 1 4 4 -233 -216 230 235 
335 0.5406939510138339 0.5277727099444124 -1.000000001416534e-07 0.6795760151720067 1.0000001 0.2587096152513395 1 2031 5 -235 231 236 180 234 
336 0.3117413441520406 0.5937115149238074 0.0596641909754613 0.5015214131375387 0.7834237628601927 0.2494891823525387 1 1 4 -237 -238 239 238 
337 0.9999998999999999 0.1138102028168355 0.1063514119419114 1.0000001 0.5360698608822883 0.5834018018200804 1 3 6 -202 193 184 242 241 240 
338 0.6588503128056828 0.4768219296805097 0.1314161506659776 1.0000001 0.5924435305108898 0.2587096152513396 1 2032 5 243 244 -242 182 -236 
339 0.847062567898032 0.4729671851780939 0.5381453626587246 1.0000001 0.5963170880709844 0.6403150740885913 1 2009 5 -245 247 246 206 -240 
340 0.8141559760205128 0.4897605062117769 0.1402940779245002 1.0000001 0.6217937113996168 0.5399429716959238 1 2052 5 248 249 245 -241 -244 
341 0.7523769503176022 0.2607527560447427 0.3103943067100635 0.9357634890049366 0.4440737585192573 0.4938242543899365 1 1 4 -250 -251 252 251 
342 0.5691279293700503 0.3202982728031044 0.6140555127322561 0.7376460080107439 0.4887561287268956 0.7826134808837438 1 1 4 -253 -254 255 254 
343 0.1880362058940473 0.02296998048290977 0.9999998999999997 0.9562840102756717 0.567229653469011 1.0000001 1 4 6 -124 -110 -104 -204 -256 -257 
344 0.5687366036870973 0.3054762177881602 0.8745267601323342 0.9562840102756718 0.5672296534690111 1.0000001 1 2017 4 258 210 -256 -135 
345 0.4836884595744996 0.2713065112594997 0.9294093985043986 0.6904135342655002 0.4780315859505003 1.000104256187601 1 1 4 -257 -259 260 259 
346 0.5769152710644131 0.3054762177881604 0.9999998999999998 1.0000001 1.0000001 1.0000001 1 4 7 -261 123 256 205 263 -262 -264 
347 0.7046504938222998 0.9999999000000001 0.9679430383127551 0.914921917850488 1.0000001 1.0000001 1 4 4 132 261 -266 -265 
348 0.7772062510582505 0.3959083865470954 0.763713490636218 1.0000001 1.0000001 1.0000001 1 2011 6 -208 -269 -262 -266 268 267 
349 0.9999998999999996 0.3334810725078314 0.9331093388954115 1.0000001 0.6594193419303679 1.0000001 1 3 3 -263 200 -269 
350 0.6513868741333306 0.5179555549093307 0.9072768481367797 0.8741248768266694 0.7406935576026694 1.00010582560322 1 1 4 -264 -270 271 270 
351 0.6394908125750265 0.6204615997645745 0.7637134906362181 0.8881679453442812 1.0000001 0.9728133886959985 1 2123 5 -268 -265 134 -273 -272 
352 0.4386201648722884 0.6394175835250894 0.5554169543984041 0.5989928076215958 0.7997329144669106 0.7158275585695958 1 1 4 -274 -275 276 275 
353 0.5583325430302969 0.8272043883676402 0.4762920126050588 0.7479187709268088 1.0000001 0.8648649154875784 1 2103 4 -277 -279 140 278 
354 0.3672289161949103 0.9999998999999998 0.2354753893306811 0.7479187709268087 1.0000001 0.8648649154875783 1 4 6 218 -149 130 279 280 -281 
355 0.5162600686415864 0.7953730730599264 0.235475389330681 0.7479187709268089 1.0000001 0.4922859735449795 1 2098 5 229 225 -280 277 282 
356 0.4256700866161176 0.9085613346913579 0.4069975292461175 0.6514029891018824 1.000116017257642 0.6327304317318824 1 1 1 -281 
357 0.5478103976311645 0.9999998999999997 -1.000000002526757e-07 1.0000001 1.0000001 0.4974223914753592 1 4 8 -230 -217 -280 287 -286 -285 -284 283 
358 0.5962950409007812 0.5766251198823146 -1.000000013628988e-07 1.000000100000001 1.000000100000001 0.2587096152513407 1 2034 6 -288 290 -243 -231 -283 289 
359 0.8141559760205119 0.5924433305108885 0.03837298781548096 1.000000100000001 1.000000100000001 0.49742239147536 1 2110 5 248 292 -286 -291 290 
360 0.6206634003870483 0.6100268479930869 0.4618091569771396 0.9886137579257197 1.0000001 0.4974223914753592 1 2111 5 -293 292 -287 277 -294 
361 0.9673782340175262 0.9976522816017481 -1e-07 1.0000001 1.0000001 1e-07 1 4 3 289 295 -284 
362 0.9999998999999993 0.9317831557851212 -1.00000000696765e-07 1.000000100000001 1.000000100000001 0.3770213352527436 1 3 4 288 295 285 -291 
363 0.6941782713057708 0.7785998551835032 0.2467931980530382 0.8648042346779619 0.9491648425504968 0.4174595498889618 1 1 4 -296 -297 298 297 
364 0.5406939510138339 0.4779237091837559 -1.000000002220446e-07 1.0000001 1.0000001 1.000000002498002e-07 1 4 6 -234 -174 300 -289 -299 -301 
365 0.5881262893999231 0.9999998999999997 -1.000000002257875e-07 0.9673784340175264 1.0000001 0.0155575172833672 1 4 3 -299 -235 -283 
366 0.9999998999999998 0.4768219296805097 -1.000000001416534e-07 1.0000001 0.9976524816017482 0.1402942779245005 1 3 5 -183 300 -288 -302 -242 
367 0.6453136371024762 0.5322353295274762 -0.0001163363553249586 0.8829995919815238 0.7699212844065237 0.09022581996732496 1 1 4 303 -304 -303 301 
368 0.8212847193806915 0.4897605062117769 0.03837298781548176 1.0000001 0.9317833557851222 0.2435534176183834 1 2035 3 -290 -302 -244 
369 0.9999998999999995 0.3959083865470953 0.5381453626587244 1.000000100000001 1.000000100000001 1.000000100000001 1 3 8 201 -240 -308 -307 306 -305 269 -309 
370 0.9149217178504881 0.6594191419303675 0.9999999000000001 1.0000001 1.0000001 1.0000001 1 4 3 -310 262 305 
371 0.8881677453442808 0.9999998999999998 0.7617295336867411 1.0000001 1.0000001 1.0000001 1 4 4 266 310 -306 -311 
372 0.7772062510582504 0.5728354993168148 0.5399427716959231 1.000000100000001 1.000000100000001 0.9728133886959988 1 2010 6 -312 -307 -311 268 313 -247 
373 0.8816536384327444 0.5360696608822881 0.5381453626587248 1.0000001 0.8274529015230564 0.57145143868347 1 2007 3 -308 312 245 
374 0.9026740518233053 0.5757760717307125 0.6450079314597126 1.000144800976243 0.8132387984992875 0.8824706582282875 1 1 1 -309 
375 0.5714308266207826 0.9999998999999997 0.4922857735449789 1.0000001 1.0000001 0.9728133886959985 1 4 7 -287 -279 131 265 311 -315 -314 
376 0.8141559760205127 0.5963168880709838 0.464636725390548 1.0000001 1.0000001 0.5714514386834703 1 2122 5 -292 249 -312 -316 -314 
377 0.9999998999999998 0.8274527015230562 0.5085592692636715 1.0000001 1.0000001 0.7617297336867415 1 3 3 307 -316 315 
378 0.6913115316190567 0.7591458235639761 0.5491509815306954 0.8549146179763045 0.9226904436600238 0.7127927939813046 1 1 4 -317 -318 319 318 
379 0.9999998999999997 0.4897605062117768 0.03837298781548171 1.0000001 1.0000001 0.5714514386834703 1 3 7 308 -241 302 291 320 316 -321 
380 0.988613557925718 0.9999998999999985 0.3770211352527413 1.000000100000002 1.000000100000002 0.5085594692636731 1 4 3 -320 286 314 
381 0.9123969243700912 0.6189306246148472 0.2347947191418472 1.000143205079599 0.8630951850491528 0.4789592795761529 1 1 1 -321 
382 0.4811336023792193 -1.337093458301458 0.3674284834309489 1.63545537882876 1.500000000875801e-07 1.130405352857623 0 5 -93 325 324 -323 322 
383 0.8418288826121815 -1.454565253069603 -0.5127310537806176 2.454565253069604 0.1138104528168357 1.130405352857623 0 7 326 329 328 322 -189 192 327 
384 0.624646867064986 -1.492940996910472 -1.533754626133214 2.533754626133214 0.119377770321224 0.1063516619419117 0 10 -330 -335 334 -172 -176 178 333 326 332 331 
385 0.4811336023792193 -0.1535380516683084 -0.1298394396442418 0.7145046599485967 1.500000000320689e-07 0.4375888391432862 0 4 -336 -325 -79 -334 
386 0.99999985 0.01349170706824129 -0.0238608410016328 1.445606946320663 0.1193777703212239 0.3735453891074388 0 3 -327 193 333 
387 0.99999985 0.4908285067064415 0.5370885539219085 2.42494565484824 2.42494565484824 0.8153234107211949 0 6 337 341 308 340 339 338 
388 0.99999985 0.04950106318600292 0.5370885539219085 2.392216715316721 0.5006484890562118 2.259911583144709 0 5 342 339 344 343 201 
389 0.99999985 0.488228941630083 0.5370885539219085 1.069579997042312 0.5360699108822882 0.5834018518200803 0 3 -340 240 342 
390 0.888167695344281 0.8274526515230559 0.57145118868347 1.751471990525984 2.295112790085774 1.683575349425712 0 5 307 -341 346 345 311 
391 0.888167695344281 0.04950106318600289 0.9331092888954112 2.453463918136242 2.509163538458522 2.509163538458522 0 8 -347 -349 348 345 266 262 269 -343 
392 -0.7326605379954423 0.09181099269917364 0.99999985 0.659407167793405 0.6090481190423576 2.265546901130782 0 5 124 353 352 351 350 
393 -0.07632381948189509 -0.2989989693271877 0.99999985 0.467061419996424 0.4227942678359929 1.445814603335136 0 4 110 -350 355 354 
394 -0.5689515816067808 -1.247323616266315 0.9999998499999998 1.68941254530653 0.05010609752101591 2.396593631943623 0 5 356 358 357 104 -354 
395 0.5769152210644133 -0.3011605609918331 0.99999985 1.989171513901808 0.6090481190423576 2.358990428568849 0 4 256 360 359 -353 
396 0.8564773858515381 -1.247323616266315 0.9999998499999998 1.989171513901808 0.3054764677881607 2.396593631943623 0 4 -357 361 -360 204 
397 0.4486490804250589 -0.03631071541504451 0.416776622868859 0.5084151711174991 1.500000000285995e-07 0.4414049257238953 0 3 -80 362 -325 
398 0.8418288826121815 -1.434990393885285 0.6658233595512695 1.798585364794693 0.02297023048291003 2.434990393885285 0 6 -363 322 -94 100 -357 364 
399 -0.07632381948189509 -0.2989989693271877 0.5726770709739737 0.4670614199964238 0.05010609752101602 1.445814603335136 0 5 -96 366 365 354 103 
400 -0.5147151810145603 -1.285869580090219 0.3674284834309489 0.5138693594853001 1.499999999765578e-07 1.122773897722504 0 6 -367 -368 -366 -8 362 324 
401 0.99999985 0.01349170706824129 -0.05488200748672484 1.596586143147496 0.5006484890562118 0.5834018518200803 0 5 369 370 -327 202 342 
402 0.9562837602756714 -0.3011605609918331 0.933109288895412 2.415679812715803 0.3959086365470958 2.415679812715803 0 6 -343 372 371 -360 205 200 
403 0.1179360338896239 0.5476225339248445 -0.9141092648395523 0.5962952909007826 1.093295620271771 0.01555756728336699 0 6 373 376 375 235 -234 374 
404 0.99999985 0.4722773601829102 0.1227128066496787 1.030428750751009 0.4897607562117771 0.1402943279245004 0 3 242 378 377 
405 0.4527204189045628 0.2712314791676088 -1.441726523629818 2.441726523629817 0.571428396737646 0.1314164006659779 0 8 183 -377 382 381 380 379 -374 -174 
406 0.5914069460600959 0.931783105785122 -0.8378256920458529 1.763182823810635 2.380895195202091 0.03837323781548235 0 7 383 385 384 288 -289 283 -375 
407 0.9999998499999999 0.285972384584732 -1.455912909897077 2.57151715964982 2.57151715964982 0.1402943279245004 0 6 386 387 -382 -378 302 -384 
408 0.4527204189045628 -1.082948710723459 -1.345609233043996 0.6734026987085676 0.5714283967376461 1.499999999765578e-07 0 6 -388 391 379 390 -66 389 
409 0.99999985 0.01349170706824129 -0.05488200748672487 1.596586143147496 0.4768221796805099 0.1314164006659779 0 5 392 370 -333 184 -377 
410 0.5055143809662916 -0.1535380516683084 -0.1298394396442417 0.7145046599485965 0.1951165379002972 0.01095283485016066 0 5 -393 -389 -81 -78 -334 
411 0.4562200435286964 0.472685957115609 -0.1637147830566243 0.540694201013834 0.5618141597264538 1.500000000043133e-07 0 3 390 -173 374 
412 0.99999985 0.1643894447402534 -0.05488200748672487 1.596586143147496 0.5360699108822882 0.5381456126587248 0 5 241 340 369 -392 -378 
413 -0.07632381948189505 -0.2989989693271877 0.6008046685465671 0.186336842425654 0.4343089590223359 1.445814603335136 0 6 -365 395 -34 37 394 355 
414 0.05171353554755295 0.3730112668483121 0.99999985 0.1880364558940476 0.434308959022336 1.096167159694289 0 3 350 109 394 
415 0.1712576142512001 -0.06219922151315068 0.5726770709739737 0.2700385167283225 1.500000000216606e-07 0.6439875098232101 0 3 395 -9 366 
416 -1.575239148041492 -1.358724606939538 -1.597730272997536 0.03602826164708817 0.5762285058792593 0.01368572158555992 0 5 -58 398 397 396 -51 
417 -1.468715843289043 0.5073981040832043 -1.468715843289043 0.03602826164708772 0.5946740531216765 0.4792894131752237 0 6 -398 -55 -49 401 400 399 
418 -1.396402364063729 -1.032812053993281 0.04899448457589958 1.499999999765578e-07 0.5946740531216765 0.4792894131752237 0 4 -401 -31 403 402 
419 -1.604998259893083 -1.382683706420818 -1.604998259893084 1.500000001986024e-07 0.08616731273681455 0.3436325237633597 0 5 -3 403 405 404 396 
420 0.4436933523136189 -0.051154773793013 -0.121978802860176 0.5381459582939125 0.1951165379002972 1.499999999973745e-07 0 3 -67 389 406 
421 -1.575239148041492 -1.358724606939538 -1.597730272997536 0.6734026987085675 0.04945360302618951 0.01368572158555992 0 6 388 406 -19 -4 -396 407 
422 0.05514719908954596 0.472685957115609 -0.9141092648395523 0.4684550769065204 1.093295620271771 1.500000000320689e-07 0 5 373 409 408 -65 -390 
423 -1.213431147154934 0.5073981040832044 -1.418606884105584 0.1658544759202255 1.24265383123054 1.500000000875801e-07 0 5 410 411 -398 -64 -408 
424 -1.620017158057063 0.8440834658138899 -1.620017158057063 0.1598610211413892 2.461322675875477 0.3541547319592852 0 7 410 415 414 413 -158 -164 412 
425 0.05514719908954597 0.604531383276664 -0.669924572289355 0.1658544759202255 0.9956675661078873 1.500000000320689e-07 0 3 -165 412 408 
426 -1.397784385722876 0.6711149768138951 0.1174949022548105 1.500000001986024e-07 2.108605908886541 1.068295233333887 0 4 -416 417 -146 -413 
427 -1.248112961709007 0.5136298629898332 0.4566865443230691 1.500000001986024e-07 1.095407716827934 1.068295233333887 0 4 -418 -401 -30 -417 
428 -1.44873360294632 -1.44873360294632 0.04899448457589961 0.1863368424256542 0.08616731273681455 1.122773897722504 0 7 395 -10 -2 403 420 419 -368 
429 -1.235214886378774 0.6711149768138951 0.6413716136000718 1.500000001986024e-07 1.132912302758236 1.735674092575863 0 4 -421 417 -29 422 
430 -1.301939009678183 0.09181099269917359 0.8402991282216067 0.08256869297602321 1.132912302758236 2.301939009678184 0 7 -423 -422 -28 36 394 -351 -424 
431 0.443693352313619 -0.1535380516683084 -0.1298394396442417 0.6246471670649859 0.04945360302618942 0.4414049257238954 0 6 -362 -7 -21 -406 393 -336 
432 0.5478103476311647 0.99999985 -0.2341075146475874 1.590143791141881 2.278423415321471 0.573247566172191 0 5 280 428 427 426 425 
433 0.3672288661949105 0.99999985 -0.2341075146475874 1.02149766773548 2.263818517974988 0.4394636491792189 0 4 -428 218 430 429 
434 0.3672288661949105 0.9999998499999998 0.4215297859232296 0.4504292305916177 2.269573101507614 1.591090153579024 0 4 149 430 432 431 
435 0.5714307766207827 0.99999985 0.4922857235449791 1.65672945607504 2.281723673244655 1.676938414488727 0 6 279 -425 436 -435 434 433 
436 0.3971567964103979 0.9999998499999998 0.8379672862664206 1.128615608496261 2.281021769954098 1.702478492431671 0 5 130 -433 438 -437 431 
437 0.5478103476311645 0.99999985 -0.7682379454937314 1.116940328035152 2.307951553339852 0.2354756393306814 0 5 383 440 -428 217 439 
438 0.5742795129639955 0.99999985 0.001285805852139794 0.5962952909007828 1.024849521631577 0.06179103786843123 0 3 230 -375 -439 
439 0.9886135079257191 0.931783105785122 -0.8378256920458529 1.763182823810635 2.380895195202091 0.573247566172191 0 6 286 442 -426 441 384 291 
440 0.7479185209268085 0.9999998499999999 0.4922857235449792 1.392093443324242 1.874703181598767 0.573247566172191 0 3 287 442 425 
441 0.05514719908954596 0.84408346581389 -0.9141092648395522 0.5914072460600959 1.093295620271771 0.06179103786843132 0 6 -220 412 -409 376 -439 216 
442 -1.466855560528781 0.9402605760727655 0.1100617251772478 0.3676728624597967 2.466855560528781 0.4394636491792189 0 6 -443 413 -145 148 430 444 
443 -1.434871123638807 0.6805216059498472 0.8379672862664206 0.4504292305916176 2.45988105531949 2.45988105531949 0 8 -120 422 -447 446 -445 431 129 121 
444 0.9886135079257194 0.8274526515230562 0.497422141475359 1.751471990525984 2.295112790085774 0.7715230867696313 0 6 -442 314 316 -341 448 -436 
445 0.7046504438222998 0.9999998499999999 0.9679429883127549 1.265343115289291 2.290108983123786 1.683575349425712 0 5 -345 450 434 449 265 
446 0.5714307766207829 0.9999998499999999 0.864864665487578 1.022154901949793 1.96280195680998 1.499337267070195 0 3 131 -449 433 
447 0.5769152210644131 0.5672294034690106 0.9679429883127549 1.209232414834002 2.418173488161078 2.418173488161078 0 7 123 353 452 -451 -438 449 132 
1 -0.0001433678875401856 -0.0001433678875401856 -0.0001433678875402133 0.4853048520939396 0.2685411903174645 0.6009481864341073 1 1007 11 -229 -230 231 -232 -233 -234 -235 -236 -237 -238 169 
2 -0.0001103967173469028 -0.0001103967173468057 0.3435219770460129 0.2455865011412464 0.6806321526671941 1.000110396717347 1 1000 13 -239 -240 241 -242 -243 -244 245 -231 -246 -247 248 167 184 
3 -0.0001144107031561814 0.04860690085634245 -0.0001144107031560704 0.2655790646067306 0.5137444236929892 0.4568011050262252 1 1002 11 -249 -245 -250 -251 -252 232 -253 -254 152 154 -159 
4 -0.0001179674759836935 0.03702136369112663 -0.0001179674759837213 0.5056324984422753 0.6046495007526477 0.2764086727204147 1 1013 10 -255 233 252 -256 -257 -170 258 259 260 -261 
5 0.2279376769886029 -0.0001625991103200164 -0.0001625991103200164 0.8108584110695911 0.4965657461461107 0.5467159536279244 1 1019 15 -262 -263 264 -265 266 235 257 140 -195 134 148 159 -168 -184 -267 
6 0.2698933499133969 -0.0001450168149255832 0.4374436723283606 0.8695966413087698 0.186082023615866 1.000145016814926 1 1006 10 -268 -266 -269 270 271 272 236 -273 99 274 
7 0.06705656514190728 -0.0001814412471857207 0.431459996613712 0.6447130626027451 0.5263130902390684 1.000181441247186 1 1021 12 -275 237 -272 276 -248 -148 -133 277 278 146 151 -279 
8 -0.0001071779632589864 0.4226869398727339 0.7852243799798053 0.7065303296075325 1.000107177963259 1.000107177963259 1 1015 14 -280 281 282 242 283 -284 285 -278 -286 -171 221 -287 -288 -137 
9 -0.0001475709996086871 0.6689670611557073 0.3540070109596764 0.3973045174100066 1.000147570999609 1.000147570999609 1 1009 12 -289 290 291 -292 -293 243 -282 294 -295 220 -214 -162 
10 -0.0001365650698817306 0.4983450154387883 -0.0001365650698817444 0.2207609967469254 0.9751822714989808 0.6415083286699534 1 1001 11 -296 244 293 297 -298 250 -299 -300 165 -301 -258 
11 0.003951295998135762 0.2454491683244355 0.2427753522386227 0.6547126107675512 0.7990687464006673 0.8561124727798296 1 1024 16 -169 168 -152 -167 -146 170 163 -143 135 -165 171 162 161 166 -164 -302 
12 0.4683517449322078 -0.0001031819743125828 -0.0001031819743125828 1.000103181974313 0.5477258658991571 0.2360533676502237 1 1014 10 -303 -304 -305 -264 -260 306 307 308 -309 -310 
13 0.5082529069218139 -0.0001621141956850702 -0.0001621141956850702 1.000162114195685 0.1928843557110304 0.6659856237469546 1 1008 10 -311 -312 313 -314 269 265 305 -315 -316 75 
14 0.750923936917998 -0.0001523223146651098 0.3733929167927737 1.000152322314665 0.4883814139447482 1.000152322314665 1 1003 11 -317 314 318 319 -270 320 110 -321 -322 -323 324 
15 -0.0001580957686060369 0.7559638963227181 -0.0001580957686060092 0.5744377587326015 1.000158095768606 0.4216880316918356 1 1011 11 -325 -297 292 326 -327 328 -166 -329 217 330 -331 
16 0.1596653452388505 0.411046534161675 -0.0001955259025387124 0.6797714410745452 1.000195525902539 0.4165810836593877 1 1025 16 -154 -163 -259 301 -328 214 -215 332 -144 195 -333 -306 198 334 335 -336 
17 0.5919675905537297 0.1136213606548991 0.106162569779975 1.000188942161937 0.6219825535615532 0.6405039162505276 1 1023 15 -140 310 144 143 132 316 337 338 -142 145 141 -320 339 340 -341 
18 0.4066461848602776 0.1330597387384208 0.446524119406388 0.9212024758703261 0.6386560221178995 0.9184967994430858 1 1018 14 -75 -110 -132 -134 -99 131 -84 -92 136 -138 -135 133 137 -342 
19 0.1879320497064462 0.0228658242953087 0.8396498782575481 0.9563881664632727 0.5673338096566121 1.000104256187601 1 1017 8 -274 343 -277 92 -324 -285 -344 -345 
20 0.5686308780838774 0.3053704921849402 0.763607765032998 1.00010582560322 1.00010582560322 1.00010582560322 1 1016 11 346 347 -348 349 321 344 284 -350 -351 -131 222 
21 0.1466674201125389 0.5126644878236979 0.3681428251227078 0.7334336675329568 0.9734781289875175 0.8590532360554147 1 1026 13 -221 -151 -161 -220 200 -219 -222 138 -145 -209 215 -217 -352 
22 0.3670502213394074 0.7952571558022845 0.235359472073039 0.7480346881844508 1.000116017257642 0.8649808327452204 1 1010 9 287 353 -200 -294 354 355 329 -198 -356 
23 0.5160843666876249 0.5764494179283541 -0.0001758019539618016 1.000175801953962 1.000175801953962 0.4975980934293208 1 1022 13 164 -332 142 209 -355 -330 357 358 -359 360 -361 362 -363 
24 0.5405777146585091 0.476705693325185 -0.0001163363553249586 1.000116336355325 1.000116336355325 0.2588258516066643 1 1012 9 -364 -335 365 -358 366 -307 -367 -338 -368 
25 0.7770615500820083 0.3957636855708531 0.5380006616824823 1.000144800976243 1.000144800976243 1.000144800976243 1 1005 10 369 322 348 370 371 -372 -373 -339 -374 84 
26 0.5581640728869925 0.5726670291735106 0.4616406868338351 1.000168570143305 1.000168570143305 0.9729818588393029 1 1020 12 375 -360 -376 377 372 351 288 -353 -141 219 -136 -378 
27 0.8140128709409145 0.4896174011321786 0.03822988273588346 1.000143205079599 1.000143205079599 0.5715945437630685 1 1004 8 379 373 376 380 359 368 -340 -381 
$EndEntities
$Nodes
671 2234 1 2234
0 1 0 1
1
0 0 0
0 2 0 1
2
0 0 0.4233489981825996
0 3 0 1
3
0 0.08616716273681464 0.3436323737633597
0 4 0 1
4
0 0.04872131155949851 0.01368557158556006
0 5 0 1
5
0 0.03713933116711032 0
0 6 0 1
6
0.4851614842063994 0 0
0 7 0 1
7
0.4486492304250589 0 0.4414047757238954
0 8 0 1
8
0.2700383667283224 0 0.5726772209739737
0 9 0 1
9
0.186336692425654 0 0.6008048185465671
0 10 0 1
10
0.255561032155 0 0.3832094442487317
0 11 0 1
11
0.2453443449114056 0.2434006684243218 0.4318206334888606
0 12 0 1
12
0.2256716575050948 0.2670046450604858 0.3912485879861148
0 13 0 1
13
0.2389877494333885 0.2523998102629378 0.4174415362362229
0 14 0 1
14
0.2281002760989229 0.2683978224299243 0.3868888303611009
0 15 0 1
15
0.2416672874663841 0.2646463880412854 0.2609029528050661
0 16 0 1
16
0.443693502313619 0.04945345302618936 0
0 17 0 1
17
0.3842893104410285 0.07194026398125464 0.4901989767083927
0 18 0 1
18
0 0 1
0 19 0 1
19
0 0.523424952213121 1
0 20 0 1
20
0 0.6805217559498473 0.8402992782216069
0 21 0 1
21
0 0.6711151268138952 0.6413717636000718
0 22 0 1
22
0 0.5136300129898331 0.4566866943230692
0 23 0 1
23
-1.387778780781446e-17 0.255098198896 0.6868739602892897
0 24 0 1
24
-6.938893903907228e-17 0.255098198896 0.4725210251427103
0 25 0 1
25
0.06723800638909304 0 1
0 26 0 1
26
0.08256854297602301 0.4343088090223359 1
0 27 0 1
27
0.1287887904523619 0.5261316489918826 0.855942844738988
0 28 0 1
28
0.03114621245302409 0.669114632155316 0.8177222082598367
0 29 0 1
29
0.004120924038977396 0.6696787726041152 0.6399265030917004
0 30 0 1
30
0.08007650102701115 0.5084303939405829 0.4552365572754216
0 31 0 1
31
0.2454761044238996 0.2456187963652771 0.4316414378608978
0 32 0 1
32
0 0.5097321039155998 0
0 33 0 1
33
0 0.16420577553641 0
0 34 0 1
34
-1.179611963664229e-16 0.349694676678 0.3239588500186371
0 35 0 1
35
6.938893903907228e-18 0.349694676678 0.120090099695363
0 36 0 1
36
0.1958386756475264 0.4985946227272479 0.1814451875016553
0 37 0 1
37
0.03602811164708771 0.5073982540832044 0
0 38 0 1
38
0.2097386138540738 0.4984815805086701 0.2736957095540829
0 39 0 1
39
0.2654646539035746 0.3614844643351821 0.276290705244431
0 40 0 1
40
0.2506670331610301 0.439437372023982 0.2503485672546382
0 41 0 1
41
0.1658543259202255 0.604531533276664 0
0 42 0 1
42
0.4684549269065204 0.472686107115609 0
0 43 0 1
43
0.5055145309662916 0.1951163879002971 -4.625929269271485e-18
0 44 0 1
44
0.3665086428605733 0.3193032506199999 7.632783294297951e-17
0 45 0 1
45
0.3240759387711166 0.4112420600642137 0.2429449802794643
0 46 0 1
46
0.4765471230948553 0.4137358667214016 0.1082827789281238
0 47 0 1
47
0.245717562709 0.31930325062 0.09117158068799999
0 48 0 1
48
0.6958618974650157 0 0
0 49 0 1
49
0.7145045099485965 0 0.01095268485016066
0 50 0 1
50
0.508415021117499 0 0.4375886891432861
0 51 0 1
51
0.8106958119592711 0.1643603687963042 0.1616687008958343
0 52 0 1
52
0.6230506694116379 0.4863094057444268 0.2359501856759111
0 53 0 1
53
0.6630223979671889 0.1927222415153453 0.5277438755272542
0 54 0 1
54
0.6431382582153887 0.1793126617570181 0.5403642879469758
0 55 0 1
55
0.6106493458715311 0.1859370068009404 0.5465533545176043
0 56 0 1
56
0.53308481637 0.197341275614 0.367440283022
0 57 0 1
57
0.53308481637 0.197341275614 0.209923565714
0 58 0 1
58
0.8418290326121814 0 0.6658235095512695
0 59 0 1
59
0.8694516244938442 0 1
0 60 0 1
60
0.3735684992888219 0 1
0 61 0 1
61
0.5578836200540001 0 0.7972373259802884
0 62 0 1
62
0.7510762592326631 0.1528993455282044 0.6126976458513286
0 63 0 1
63
0.8564775358515383 0.02297008048291003 1
0 64 0 1
64
0.7841776033887428 0.1332333700971646 0.8787736960744159
0 65 0 1
65
0.4670612699964238 0.05010594752101593 1
0 66 0 1
66
0.6445316213555593 0.1641240976986429 0.8543963184730032
0 67 0 1
67
0.1880363058940475 0.4227941178359929 1
0 68 0 1
68
0.4151946251718765 0.5057484702151437 0.8397541344451495
0 69 0 1
69
0.3778109354333117 0.5229470316601982 0.8202472481691662
0 70 0 1
70
0.4068198162190214 0.516853084308519 0.8245998404756911
0 71 0 1
71
0.406145288086 0.239228181591 0.80172251906
0 72 0 1
72
0.406145288086 0.239228181591 0.6259413845480001
0 73 0 1
73
0 0.94054153654275 1
0 74 0 1
74
0.07304725315799032 1 1
0 75 0 1
75
0.7064231516442735 1 1
0 76 0 1
76
0.5769153710644133 0.5672295534690107 1
0 77 0 1
77
0.5702328030853454 0.720323126604 1
0 78 0 1
78
0.1468326637051347 0.7105427790574234 0.7853315579430643
0 79 0 1
79
0.3960371371481864 0.9733128853949217 0.8221363898963202
0 80 0 1
80
0.3971569464103979 1 0.8379674362664207
0 81 0 1
81
0.5714309266207829 1 0.8648648154875781
0 82 0 1
82
0.7046505938222998 1 0.967943138312755
0 83 0 1
83
0.6394909125750268 0.8024093315626902 0.8588879924628189
0 84 0 1
84
0.5767715436090463 0.5944855620805644 0.8498889861033715
0 85 0 1
85
0.5687367036870977 0.5630834498963135 0.8745268601323346
0 86 0 1
86
0.458669960743 0.720323126604 0.9196920685900001
0 87 0 1
87
0.5583326430302972 0.9720204471156506 0.8464266995739783
0 88 0 1
88
0 1 1
0 89 0 1
89
0 1 0.3550016804930615
0 90 0 1
90
0 0.9402607260727655 0.3541545819592851
0 91 0 1
91
0.3672290161949105 1 0.4215299359232296
0 92 0 1
92
0.211711346721 1 0.658111399002854
0 93 0 1
93
0.3671662385970497 0.8218603631969537 0.4189925559374302
0 94 0 1
94
0.3486929941202673 0.8021089502841942 0.4153658167164183
0 95 0 1
95
0.2893575386260464 0.7804301999471309 0.4043090333582938
0 96 0 1
96
0.2191393024101613 0.7570920302741758 0.3912571639764124
0 97 0 1
97
0 0.9750457064290992 0
0 98 0 1
98
1.491862189340054e-16 0.677830945616 0.335470708381837
0 99 0 1
99
-1.040834085586084e-17 0.677830945616 0.102976828564163
0 100 0 1
100
0.2206244316770437 0.7561219920913241 0.3887462897861336
0 101 0 1
101
0.1598608711413892 0.84408361581389 0
0 102 0 1
102
0.381479890328 0.5282454348 0.598139571425
0 103 0 1
103
0.381479890328 0.5282454348 0.433809437971
0 104 0 1
104
0.882375971457924 0 0
0 105 0 1
105
0.5406940510138341 0.5476226839248445 0
0 106 0 1
106
1 0.4779238091837562 0
0 107 0 1
107
1 0.008034510942804605 0
0 108 0 1
108
0.8288467042522371 0.383092875425 1.179611963664229e-16
0 109 0 1
109
1 0.1193776203212239 0.1063515119419116
0 110 0 1
110
0.6588504128056831 0.5277728099444126 0.2289930398580613
0 111 0 1
111
1 0.4768220296805099 0.1314162506659779
0 112 0 1
112
0.723490293832 0.383092875425 0.07573915306699999
0 113 0 1
113
1 0 0
0 114 0 1
114
1 0 0.4887246978055956
0 115 0 1
115
0.751519743114 0 0.5247352308254563
0 116 0 1
116
1 0.1138103028168356 0.3735452391074388
0 117 0 1
117
0.7555804552562296 0.1688359196649893 0.5915261525893677
0 118 0 1
118
1 0 1
0 119 0 1
119
1 0.3334811725078318 1
0 120 0 1
120
1 0.3959084865470957 0.9331094388954119
0 121 0 1
121
1 0.488229091630083 0.5834017018200803
0 122 0 1
122
1 0.219943441316 0.763304823926087
0 123 0 1
123
0.9562839102756714 0.3054763177881606 1
0 124 0 1
124
0.9144944840792355 0.4729672851780941 0.6403149740885911
0 125 0 1
125
0.9210288445115823 0.4155578595889215 0.8578488155121758
0 126 0 1
126
0.894206221959566 0.3419358619893211 0.918323168084342
0 127 0 1
127
0 1 0
0 128 0 1
128
0.5313123364125566 1 0
0 129 0 1
129
0.5742796629639955 1 0.06179088786843109
0 130 0 1
130
0.5478104976311647 1 0.2354754893306813
0 131 0 1
131
0.26420348121 1 0.3614794036805369
0 132 0 1
132
0.3782144012096303 0.8167860603112281 0.4075354320145957
0 133 0 1
133
0.5162601686415867 0.9158222970012955 0.2667524568262582
0 134 0 1
134
0.592023757934981 0.6518367975579638 0.3683080687153036
0 135 0 1
135
0.6377140855261362 0.5825658957135562 0.3407553008649077
0 136 0 1
136
0.521060572104982 0.7953731730599268 0.3756043213896019
0 137 0 1
137
0.5962951409007826 1 0.01555741728336698
0 138 0 1
138
0.6795759151720066 0.576625219882316 0.2587095152513394
0 139 0 1
139
0.5881263893999233 1 0
0 140 0 1
140
0.406608917449 0.688567638892 0.24929365645
0 141 0 1
141
0.406608917449 0.688567638892 0.05985971687800001
0 142 0 1
142
1 0.5360697608822882 0.5381454626587249
0 143 0 1
143
1 0.4897606062117771 0.1402941779245004
0 144 0 1
144
0.8212848193806918 0.5924434305108895 0.2435533176183831
0 145 0 1
145
0.8816537384327444 0.5963169880709841 0.5399428716959236
0 146 0 1
146
0.8470626678980323 0.5728355993168153 0.5793393043845806
0 147 0 1
147
0.814156076020513 0.6217936113996166 0.4646368253905483
0 148 0 1
148
0.844048515165 0.352413257282 0.493635312228
0 149 0 1
149
0.844048515165 0.352413257282 0.310583248872
0 150 0 1
150
0.653367023935 0.404527200765 0.782439849525
0 151 0 1
151
0.653367023935 0.404527200765 0.6142291440909999
0 152 0 1
152
0.6903092780778989 0.374669048605 1
0 153 0 1
153
0.58705099692 0.374669048605 0.929513654692
0 154 0 1
154
0.9149218178504881 1 1
0 155 0 1
155
1 0.6594192419303675 1
0 156 0 1
156
0.874019051223449 0.629324556256 1
0 157 0 1
157
0.8881678453442809 1 0.9728132886959983
0 158 0 1
158
0.7772063510582509 0.6204616997645748 0.7637135906362184
0 159 0 1
159
0.76275587548 0.629324556256 0.90738267374
0 160 0 1
160
0.7161180330931344 0.6384823907591557 0.7718807947751493
0 161 0 1
161
0.5187875055359999 0.719575248996 0.7156623149769999
0 162 0 1
162
0.5187875055359999 0.719575248996 0.5555821979909999
0 163 0 1
163
0.7479186709268085 1 0.4922858735449792
0 164 0 1
164
0.6206635003870484 0.8272044883676405 0.4762921126050591
0 165 0 1
165
0.538536537859 1 0.63261441447424
0 166 0 1
166
0.9673783340175262 1 0
0 167 0 1
167
1 1 0
0 168 0 1
168
1 1 0.3770212352527429
0 169 0 1
169
0.9886136579257195 1 0.497422291475359
0 170 0 1
170
1 0.9317832557851219 0.03837308781548204
0 171 0 1
171
1 0.9976523816017481 0
0 172 0 1
172
0.7240255024206483 0.6100269479930871 0.4618092569771398
0 173 0 1
173
0.77947105876 0.863882348867 0.417283747935
0 174 0 1
174
0.77947105876 0.863882348867 0.246969000007
0 175 0 1
175
0.8828832556261988 0.651078306967 2.775557561562891e-17
0 176 0 1
176
0.764156614542 0.651078306967 0.090109483612
0 177 0 1
177
1 1 1
0 178 0 1
178
1 1 0.7617296336867413
0 179 0 1
179
1 0.8274528015230563 0.57145133868347
0 180 0 1
180
1 0.694507435115 0.8823258572520449
0 181 0 1
181
1 1 0.5085593692636716
0 182 0 1
182
0.7730937117509999 0.840918133612 0.7126242238379999
0 183 0 1
183
0.7730937117509999 0.840918133612 0.549319551674
0 184 0 1
184
1 0.741012904832 0.4788160744965543
0 266 0 1
185
0.733268423940361 0.5922222467956991 0.5026788125157849
0 267 0 1
186
0.6545429827267095 0.5499847650041952 0.4594335987853819
0 268 0 1
187
0.5921565327156663 0.3941097449287362 0.4466977507651318
0 269 0 1
188
0.4080741678316023 0.5128297314162937 0.8016958666335282
0 270 0 1
189
0.5186224672985693 0.3197605026502527 0.5058917065626208
0 271 0 1
190
0.5948186057137638 0.4964031470357906 0.2995493978098515
0 272 0 1
191
0.654102448538432 0.5917946046878452 0.3930806582501777
0 273 0 1
192
0.345207367319996 0.7988991183598256 0.416385557756849
1 1 0 3
193
194
195
0 0 0.106480954367542
0 0 0.2129614417480549
0 0 0.3194379240830025
1 2 0 1
196
1.110223024625157e-16 0.04308358136840722 0.3834906859729798
1 3 0 3
197
198
199
1.665334536937735e-16 0.07680584278688224 0.2611469318644059
1.665334536937735e-16 0.06744423714815637 0.1786589726744602
1.665334536937735e-16 0.05808263150943048 0.09617101348451426
1 6 0 4
200
201
202
203
0.09746577107290855 0 0
0.194961814457536 0 0
0.2924719209307793 0 0
0.3899679948195501 0 0
1 7 0 4
204
205
206
207
0.4778577570609558 -3.469446951953614e-18 0.08829638569807013
0.4705556074147099 -3.469446951953614e-18 0.1765737006566651
0.4632532231163954 -3.469446951953614e-18 0.2648538523764274
0.4559510800440881 -3.469446951953614e-18 0.3531310878612133
1 8 0 2
208
209
0.3891122677903442 0 0.4851622634044409
0.3295753174255974 0 0.5289197420670092
1 10 0 2
210
211
0.06211223083158635 1.110223024625157e-16 0.4825009383258591
0.1242244615940675 1.110223024625157e-16 0.541652878403307
1 11 0 8
212
213
214
215
216
217
218
219
0.3310928992946454 0 0.3557110941903786
0.3712551174800545 0 0.2861541790181273
0.3573749935801093 0 0.2071051168184067
0.2957977504773066 0 0.1553469454180112
0.2152708914432337 0 0.1553664343126998
0.1537230930915049 0 0.2071467816511111
0.1398752929026209 0 0.2862013895129187
0.1800558691714646 0 0.355733502332925
1 12 0 3
220
221
222
0.2010892033293485 0.06085263289813785 0.5585570603728675
0.2158405185832792 0.1217003338605107 0.5163127262618519
0.2305918338107065 0.1825480347135596 0.4740683922267357
1 13 0 2
223
224
0.1504470618907675 0.2067249155184447 0.3753763668166882
0.0752245052749986 0.1464468198872362 0.3595045758713902
1 17 0 1
225
0.2348838733558263 0.2665220799145714 0.3238950412169846
1 18 0 4
226
227
228
229
0.04832285894979282 0.09189685726095775 0.06311820588145767
0.09665765971741669 0.1350830727471264 0.112563056249138
0.1450096279441273 0.1782846270280287 0.16202546834113
0.1933444279085712 0.2214708417965716 0.2114703178871844
1 19 0 4
230
231
232
233
0.08874100710911464 0.03960221955682273 0
0.1774789507353575 0.04206502292365067 0
0.2662145515782612 0.04452776126964918 0
0.3549524952045043 0.04699056463647713 0
1 20 0 3
234
235
236
0.3931828216349211 0.1032560827150071 0.06523106789498137
0.3426803948968019 0.1570499205264939 0.1304514763937509
0.2921779681535691 0.2108437583434276 0.1956718848991242
1 22 0 2
237
238
0.2916806490898189 0.1862208963862058 0.4512890371013351
0.3379531167506928 0.1291198996752406 0.4707306195179737
1 23 0 1
239
0.4164692704330438 0.03597013199062726 0.4658018762161439
1 25 0 1
240
0.3271638385801044 0.03597013198774906 0.5314380988444829
1 26 0 5
241
242
243
244
245
0 0 0.5172620208921032
0 0 0.6138060323922377
0 0 0.7103573448327791
0 0 0.8069079438850582
0 0 0.903455072365426
1 27 0 4
246
247
248
249
0 0.1052425902375232 1
0 0.2104868091466728 1
0 0.3157321096817202 1
0 0.420975407513124 1
1 28 0 2
250
251
1.665334536937735e-16 0.5757910817021219 0.9467658890746791
1.665334536937735e-16 0.6281556264608461 0.8935333891469277
1 29 0 2
252
253
5.551115123125783e-17 0.677386212248335 0.7739900928041566
5.551115123125783e-17 0.6742506690065047 0.7076809171078702
1 30 0 2
254
255
0 0.6186181232170391 0.5798077686884517
0 0.5661202664122014 0.5182427732074995
1 31 0 4
256
257
258
259
0 0.1716579791273385 0.3662427740716079
0 0.2571511345903188 0.3888537930119716
0 0.34264604113633 0.4114652750744573
0 0.4281391965993095 0.4340762940148208
1 32 0 3
260
261
262
0 0.1792468372935322 0.6554164873246191
0 0.1479217335529556 0.5796756281413795
0 0.1792468372935318 0.5039784981073813
1 33 0 3
263
264
265
0 0.330943734608611 0.5039726624820836
0 0.3622746663250853 0.5797030524495922
0 0.33094373460861 0.6554223229499174
1 34 0 4
266
267
268
269
0.09105774149830384 0 0.9201609707417333
0.1148774827700264 0 0.8403219208279491
0.1386972160447208 0 0.7604828977186175
0.1625169573164433 0 0.6806438478048332
1 36 0 1
270
0.04128427148801163 0.4788668806177286 0.9999999999999998
1 37 0 4
271
272
273
274
0.07030411330312569 0.08686175037760552 1
0.0733702210433195 0.1737235241600719 1
0.07643632832179667 0.2605852848622652 1
0.07950243606199048 0.3474470586447311 1
1 38 0 1
275
0.1056790259018273 0.480220942582447 0.9279703028698872
1 39 0 1
276
0.07996750108106815 0.5976231411177884 0.8368325263539457
1 41 0 1
277
0.01763391153023871 0.6693966952138153 0.7288266140961868
1 43 0 2
278
279
0.02943979025776378 0.6159285900727999 0.5783623597396729
0.05475763513809218 0.5621805757716126 0.5168006998253594
1 45 0 2
280
281
0.1286074720641039 0.4279563842967791 0.4339075628265632
0.1771406862433091 0.3474786550768751 0.4125775825337241
1 46 0 3
282
283
284
0.05245840193859413 0.255098198896 0.515070799980639
0.072201011252 0.2550981988959999 0.5796974927159995
0.0524584019385948 0.255098198896 0.6443241854513601
1 47 0 5
285
286
287
288
289
0.2260309240868224 0.2923644349487719 0.5023485018355858
0.2065850753342283 0.3391116803834062 0.5730579963199374
0.1871265274106413 0.3858894542496235 0.6438136678558899
0.1676689801347782 0.4326648225882994 0.7145657008108985
0.148225069263528 0.4794074094134815 0.7852681487213546
1 49 0 4
290
291
292
293
0 0.5128504160142496 0.3653475791967111
0 0.5120708391812279 0.274010824012502
0 0.5112912777242387 0.1826758703145061
0 0.5105117008912212 0.09133911513080986
1 50 0 3
294
295
296
0 0.2464650307770361 0
0 0.3319561786211198 0
0 0.4208658867711911 0
1 51 0 1
297
5.551115123125783e-17 0.1064635435479551 0.006842785792779898
1 52 0 3
298
299
300
0 0.2775813000431946 0.2940680571521639
0 0.2477603049664776 0.2220509959906272
0 0.2775637869150455 0.1499984269187863
1 53 0 3
301
302
303
0 0.4218083919089368 0.1499812314875854
0 0.451629050796489 0.2220390579052264
0 0.4218180864943946 0.2940580128518102
1 54 0 2
304
305
0.1425808827859868 0.5015284836901789 0.1209775314857499
0.08928463560638568 0.5044644630214568 0.06046621533389182
1 56 0 2
306
307
0.1665229947456122 0.5017974614740537 0.3342022056823423
0.1232921201874252 0.5051145129712128 0.3947300610744232
1 58 0 3
308
309
310
0.0270212771510756 0.4216019768642966 1.110223024625157e-16
0.01801405582354415 0.3358020148098075 1.110223024625157e-16
0.009006834496012618 0.2500020527553176 1.110223024625157e-16
1 60 0 1
311
0.2535660815408831 0.3130658772916147 0.2685969007059242
1 61 0 1
312
0.2232528356803873 0.4690160175778234 0.2158968538476339
1 62 0 3
313
314
315
0.04885210938932083 0.349694676678 0.1609799060573637
0.06715731473477295 0.349694676678 0.2220230440258099
0.04885402017541192 0.349694676678 0.2830661439839448
1 63 0 1
316
0 0.1014520489115079 0
1 64 0 1
317
0.1009412187836566 0.5559648936799343 1.110223024625157e-16
1 65 0 3
318
319
320
0.3928061386873817 0.5056468702099676 5.551115123125783e-17
0.3171546264133729 0.5386088201961368 5.551115123125783e-17
0.2415031141393643 0.5715707701823057 5.551115123125783e-17
1 66 0 2
321
322
0.4931616405127409 0.2876372990562704 0
0.4808080116865694 0.380163740489379 0
1 67 0 1
323
0.4746040399852434 0.1222849754694971 -6.938893903907228e-18
1 68 0 8
324
325
326
327
328
329
330
331
0.3381271726846286 0.3970910968964975 0
0.2668708452281524 0.4382276958903006 0
0.1852893144612577 0.4238925036907292 0
0.1321478820997202 0.3604421943411261 0
0.1321478820997203 0.2781643068988734 0
0.185289314461257 0.2147139975492712 0
0.2668708452281529 0.2003788053496994 0
0.3381271726846289 0.2415154043435028 0
1 69 0 2
332
333
0.3748993359941102 0.4120733235380153 0.1980578720658216
0.4257237259468425 0.4129046032488263 0.1531698870755437
1 71 0 2
334
335
0.4862018586505811 0.340870760367524 0.07219250808200423
0.4958598063125881 0.2679814119756903 0.03609023009337879
1 72 0 2
336
337
0.1758491836983185 0.5692189664202313 0.06048218020707119
0.1858438178694599 0.5339071895835867 0.1209630072947447
1 73 0 1
338
0.472501025000635 0.4432109869188903 0.0541413894633547
1 75 0 1
339
0.3212929245075737 0.31930325062 0.0658903077694942
1 77 0 1
340
0.5908789251710516 0 0
1 79 0 4
341
342
343
344
0.6732857352106785 -5.204170427930421e-18 0.09628170117110546
0.6320700283468018 -5.204170427930421e-18 0.1816043665348508
0.590849502719295 -5.204170427930421e-18 0.2669370074585943
0.5496337958554185 -5.204170427930421e-18 0.3522596728223394
1 81 0 2
345
346
0.6324115942384441 0.06504000661774448 0
0.5689648341928634 0.1300763812825528 0
1 82 0 2
347
348
0.7465680514678605 0.05478640374819974 0.06119100304614722
0.7786326418983619 0.1095745997523957 0.1114309647142521
1 83 0 3
349
350
351
0.7638256186636697 0.244777124531192 0.180222805215602
0.716872047016077 0.3253369352887758 0.1988099158136051
0.6699208619808391 0.405892651255848 0.2173960816436972
1 84 0 2
352
353
0.5253845351976563 0.4379284813176544 0.1508411054136539
0.5742132573105796 0.4621167911490373 0.1933918591918998
1 85 0 4
354
355
356
357
0.6925536272552894 0.1870505302461061 0.4545374016842271
0.7220885920850471 0.1813781015358993 0.3813216676160349
0.7516296178451203 0.1757045087750383 0.3080909087978637
0.7811645826625406 0.1700320800672009 0.234875174760255
1 87 0 2
358
359
0.5982352626320746 0.1195480967691879 0.5061093787081089
0.5533183977700191 0.05976507217972302 0.4718438890863897
1 88 0 2
360
361
0.5351955665884424 0.1479378738915076 0.5277684538315575
0.4597430899906371 0.109939397024909 0.508983877460792
1 91 0 2
362
363
0.6012941620633083 0.197341275614 0.2493072596968835
0.6012935269463717 0.197341275614 0.3280576892415978
1 93 0 4
364
365
366
367
0.5750783511072627 1.110223024625157e-16 0.4832223236741328
0.6417399933391328 1.110223024625157e-16 0.5288548028692514
0.7085040614103626 1.110223024625157e-16 0.5745573965234072
0.7751657026218266 1.110223024625157e-16 0.6201898750200181
1 94 0 3
368
369
370
0.8625363422498441 -1.110223024625157e-16 0.9163393225131615
0.8556398960466566 -1.110223024625157e-16 0.8329065223391996
0.8487432940605202 -1.110223024625157e-16 0.7494718375122928
1 95 0 4
371
372
373
374
0.470569763095013 0 1
0.5710469820049188 0 1
0.6715226471206945 0 1
0.771996973736791 0 1
1 96 0 4
375
376
377
378
0.2907427017066622 1.387778780781446e-17 0.6581347949383427
0.3114478627961561 1.387778780781446e-17 0.7435957786937126
0.3321536993886798 1.387778780781446e-17 0.8290595506019104
0.3528588788502549 1.387778780781446e-17 0.914520610188428
1 97 0 8
379
380
381
382
383
384
385
386
0.6351787840660656 0 0.7690791270747074
0.6762314224615501 0 0.6979052951258468
0.6619531505738357 0 0.6169871654166523
0.5989689243983904 0 0.564143126349167
0.5165255344730822 0 0.5642427441762496
0.4537156757435757 0 0.617157953161861
0.4395703418067234 0 0.6981004493829804
0.480659633702549 0 0.7691388747684593
1 98 0 1
387
0.697107259197756 0.1661060035266856 0.5765309672166167
1 99 0 1
388
0.7964526475656613 0.07644966999558966 0.6392605786632365
1 101 0 1
389
0.8203275715325907 0.07810172237339486 0.9393868512438397
1 102 0 2
390
391
0.7731438618820077 0.139788671548391 0.7900819998867445
0.7621100007393978 0.1463440440769781 0.7013893420389994
1 103 0 1
392
0.4203493536769531 0.02507144688535154 1
1 104 0 3
393
394
395
0.7591234693891755 0.0297540472423377 1
0.6617694029239813 0.0365380140019628 1
0.5644153364616181 0.04332198076139061 1
1 105 0 3
396
397
398
0.6191186301350396 0.1804846065367221 0.6235024239946036
0.6275904834980373 0.1750305523241539 0.7004748354458381
0.6360623371242436 0.1695764979421358 0.7774472492884993
1 106 0 2
399
400
0.5262196403023309 0.08811301686046236 0.9514641378477553
0.5853785488809589 0.1261204320202639 0.9029278340753232
1 107 0 1
401
0.7143558883523863 0.1486784516416061 0.8665852300159006
1 108 0 2
402
403
0.1683662244148365 0 1
0.2719957902736233 0 1
1 109 0 1
404
0.1353024244350352 0.4285514634291646 1
1 110 0 4
405
406
407
408
0.4112574668538409 0.1246419925545914 1
0.3554495052518361 0.1991835919608309 1
0.299648070638637 0.2737164733961765 1
0.2438401090366318 0.3482580728024164 1
1 111 0 2
409
410
0.2637611504603301 0.4504475423725819 0.9465808987312981
0.3394697790061217 0.4780950450944548 0.8931732368421783
1 112 0 4
411
412
413
414
0.5986631035196742 0.2324506384866618 0.8514678102496724
0.5527951469097097 0.3007763432628026 0.8485393378582106
0.5069310948440664 0.3690962317619102 0.8456111147551647
0.4610631407368848 0.437421932809862 0.8426826425234949
1 113 0 2
415
416
0.2117798494742375 0.5250703186232274 0.8440466522860084
0.294822436561065 0.524008329288404 0.8321430736424607
1 117 0 3
417
418
419
0.4682711704476632 0.239228181591 0.6516618098275959
0.4940358552746084 0.239228181591 0.7138285099780416
0.46826981537549 0.239228181591 0.7760034478583727
1 119 0 3
420
421
422
0 0.626612476587907 1
0 0.7324530423314044 1
0 0.838296933247123 1
1 120 0 3
423
424
425
0 0.7455267010980731 0.8802244586662052
0 0.8105316462462989 0.9201496391108035
0 0.8755365913945242 0.9600748195554016
1 122 0 5
426
427
428
429
430
0.1755084519919749 1 1
0.2821995781248874 1 1
0.3888977294104997 1 1
0.4955904379492733 1 1
0.602286344553051 1 1
1 123 0 4
431
432
433
434
0.680521884995598 0.9134468779939184 1
0.6546195725901082 0.8268902614283479 1
0.6287189501104697 0.7403392920135669 1
0.6028166375477916 0.653782674922727 1
1 124 0 4
435
436
437
438
0.2658107507640354 0.4516806968062225 1
0.3435870258584161 0.4805679555488573 1
0.421364651264803 0.5094557158173399 1
0.4991409259108384 0.5383429743934527 1
1 125 0 8
439
440
441
442
443
444
445
446
0.5442046290015232 0.7919477614540809 1
0.4779867541738959 0.8302009190966194 1
0.4030246999003729 0.8170178665708618 1
0.3537988718968821 0.7583799593115794 1
0.3537988718968839 0.6822662938964158 1
0.4030246999003746 0.6236283866371372 1
0.477986754173899 0.6104453341113811 1
0.5442046290015239 0.6486984917539199 1
1 126 0 1
447
0.08898944139192441 0.6898287067927231 0.8015268821738986
1 127 0 3
448
449
450
0.3337230231392172 0.907606655734459 0.8129332625899389
0.2714349004919382 0.8419278322950036 0.8037339739293331
0.2091467777141048 0.7762490087178868 0.7945346852494458
1 129 0 3
451
452
453
0.3161274731543972 1 0.8784766020303292
0.2351020982939033 1 0.9189837188782534
0.1540767192943987 1 0.9594908377953982
1 130 0 1
454
0.4842939367864124 1 0.851416125918798
1 131 0 1
455
0.6380407602088332 1 0.9164039768903336
1 133 0 2
456
457
0.6185847281606335 0.7331023098149598 0.8558883626897749
0.5976777280236717 0.6637925838290644 0.8528886158764493
1 134 0 2
458
459
0.6829304630075399 0.9341357249746545 0.9315910262621383
0.6612110425354972 0.8682736039974819 0.8952401030836455
1 135 0 1
460
0.5728260212687623 0.5651564935173633 0.9372631829605043
1 137 0 1
461
0.491963431703744 0.5344151263215082 0.8571399916425991
1 138 0 1
462
0.5273087470597801 0.720323126604 0.9417909691932727
1 141 0 1
463
0.4771937160900543 0.9726665959695365 0.8342828656977465
1 142 0 1
464
0.5989117778030246 0.8872148893384126 0.8526573460184543
1 144 0 5
465
466
467
468
469
0 1 0.4606416296499528
0 1 0.5685272865772091
0 1 0.6763972774498113
0 1 0.7842466801012137
0 1 0.8921303883863687
1 146 0 3
470
471
472
5.551115123125783e-17 0.8729772943192379 0.4259557100200166
5.551115123125783e-17 0.8056877530765382 0.497763357787056
5.551115123125783e-17 0.7383985585674219 0.5695706355393416
1 148 0 3
473
474
475
0.09181449092489968 1 0.371635055403721
0.1836203221861377 1 0.3882668615050255
0.275426118534851 1 0.4048986612814775
1 149 0 4
476
477
478
479
0.3911715182048289 0.9999999999999999 0.754682132456103
0.3851862407424133 0.9999999999999999 0.6713989261881679
0.3791995824494842 0.9999999999999999 0.5880965061088095
0.3732143016108881 0.9999999999999999 0.5048132528624129
1 150 0 8
480
481
482
483
484
485
486
487
0.2854542751223414 1 0.6312821532286161
0.3246910408736822 1 0.5634852946001715
0.311222181886327 1 0.4861909278727634
0.2511417232651535 1 0.4355788033561745
0.1724938562725509 1 0.4355011539858752
0.1122847357083579 1 0.4860445522442171
0.09870710955367319 1 0.5633470815120621
0.137927916135083 1 0.631248170120071
1 151 0 1
488
0.3671976278617591 0.9109315033072269 0.4202612647564451
1 155 0 2
489
490
0.07299603428753065 0.8792466211091086 0.3665135760753153
0.1461303393843802 0.8181169417891796 0.3788959808894124
1 156 0 3
491
492
493
0.1653835272200502 0.7352382358983515 0.4534258641192387
0.1116301132255061 0.7133854014395263 0.515591833532973
0.05787669922908859 0.6915325669799395 0.5777578029488738
1 157 0 4
494
495
496
497
0.3729402361173015 0.8521499118945131 0.4996187786876672
0.3787144987399779 0.8824408512807193 0.580248703241907
0.3844888765459574 0.9127323949017312 0.6608802361783164
0.390263139405003 0.9430233355278953 0.7415101640331381
1 158 0 3
498
499
500
2.220446049250313e-16 0.9663677364186659 0.08835258234494281
2.220446049250313e-16 0.9576546431526867 0.177062763336127
2.220446049250313e-16 0.9489386960831989 0.2658019996143394
1 159 0 4
501
502
503
504
0 0.6012204386352743 0
0 0.6953107401863355 0
0 0.7894674690439444 0
0 0.8835573728662537 0
1 160 0 4
505
506
507
508
0 0.6094408966891589 0.313224578288411
0 0.5672554474310881 0.2550903300495902
0 0.5672500782430818 0.1833737641602824
0 0.6094168365128395 0.1252404682873307
1 161 0 4
509
510
511
512
0 0.7462198730965991 0.1252221427624723
0 0.7884070652844591 0.1833591229674973
0 0.7883823784911387 0.2551644380191071
0 0.7461944504314212 0.3132438846584242
1 162 0 4
513
514
515
516
0.2084719983416254 0.7737139132845596 0.3109988153232908
0.1963191572240364 0.7913064247852351 0.233248731997431
0.1841661455224445 0.8088991832241371 0.1554975573283763
0.1720133044017511 0.8264916947293066 0.07774747398265486
1 164 0 2
517
518
0.1065739140910884 0.8877376460215575 5.551115123125783e-17
0.05328695705030073 0.9313916762214317 5.551115123125783e-17
1 165 0 2
519
520
0.1618586894011336 0.76423292162953 1.387778780781446e-17
0.1638565076604812 0.6843822274610245 1.387778780781446e-17
1 166 0 3
521
522
523
0.06880832593385977 0.677830945616 0.1438653402311976
0.09588381088679722 0.677830945616 0.2192239876131599
0.06881049657407047 0.677830945616 0.2945795658410105
1 167 0 2
524
525
0.2133668013347928 0.5843518137821901 0.3120414803207571
0.2169962442151114 0.6702517592624377 0.3504005192180129
1 169 0 3
526
527
528
0.4395600054506315 0.5282454348 0.4578556745515299
0.4636449569998965 0.5282454348 0.515971495518473
0.4395588263368241 0.5282454348 0.5740945131489223
1 171 0 1
529
0.7901133593986978 0 0
1 172 0 1
530
0.7984402407032616 1.110223024625157e-16 0.005476342425080388
1 173 0 1
531
0.5045744889601772 0.5101543955202268 -3.469446951953614e-18
1 174 0 4
532
533
534
535
0.9071495269068709 0.492013706142534 0
0.8143042283786781 0.5061028178701297 0
0.7251797597877517 0.5196273001599773 0
0.6335445241069639 0.5335327869660662 0
1 175 0 4
536
537
538
539
1 0.1003876590810545 0
1 0.1954048028517167 0
1 0.2904245626446962 0
1 0.3854409824014502 0
1 176 0 1
540
0.9411865206440944 0.004017155396268507 1.110223024625157e-16
1 177 0 7
541
542
543
544
545
546
547
0.7979885260816229 0.4575911076746225 0
0.723490293832 0.488449285845237 0
0.6489920615823777 0.4575911076746229 0
0.618133883411763 0.383092875425001 0
0.648992061582377 0.3085946431753778 0
0.7234902938319995 0.277736465004763 0
0.7979885260816225 0.3085946431753772 0
1 178 0 1
548
1 0.0637107256605054 0.05318020708677701
1 179 0 2
549
550
0.8737745723223102 0.1493714980222463 0.1432362523478354
0.9369212396369604 0.134366491095282 0.1247839604899106
1 180 0 2
551
552
0.6194537658073502 0.5343913150025331 0.1526403338374061
0.5800703738559194 0.5410075932570636 0.07631331677194184
1 182 0 3
553
554
555
0.9146999338121652 0.4895616169230916 0.155814071706694
0.8294243257439253 0.5022975513391013 0.1802048971511399
0.7441504789875089 0.5150332227027283 0.2045952188190639
1 183 0 1
556
1 0.4773729194321329 0.06570812533298886
1 184 0 3
557
558
559
1 0.2087363551015772 0.1126175306047784
1 0.2980998250008667 0.1188838813039447
1 0.3874632949001565 0.125150232003111
1 185 0 1
560
0.7882614082792296 0.383092875425 0.05491583478398519
1 187 0 1
561
0.940657872077554 0 0
1 188 0 4
562
563
564
565
1 0 0.09696090731769877
1 0 0.1955733236228575
1 0 0.2941910858783568
1 0 0.3928041534637125
1 189 0 2
566
567
0.9472758886588782 0 0.547758145113059
0.8945531439533033 0 0.6067900622438064
1 190 0 9
568
569
570
571
572
573
574
575
576
0.8282502881917685 0 0.4998027839950471
0.8756425501033341 0 0.4346135792706229
0.8757053847736389 0 0.3539767798877149
0.8282773795205527 0 0.2886137750608492
0.7514094948616621 0 0.263661685321069
0.6745549248238408 0 0.2887647027000973
0.6272755208684697 0 0.3541581006742635
0.6274425361334514 0 0.4347533583654251
0.6748088811352242 0 0.4998170826388829
1 192 0 1
577
1 0.05690515140841757 0.4311349684565173
1 193 0 2
578
579
1 0.1156720924852123 0.2841918799178937
1 0.1175158590804429 0.195703506798408
1 194 0 3
580
581
582
0.8168050003968398 0.1550525769043217 0.5369242086603073
0.8777862054627591 0.1413240167418616 0.4825392829399321
0.9387743049771003 0.1275939044478908 0.4281482085371076
1 196 0 1
583
0.7093014266117094 0.1807790805901673 0.5596350140583108
1 197 0 4
584
585
586
587
1 0 0.5887002436038575
1 0 0.6915254387073702
1 0 0.7943487628931621
1 0 0.897174345925735
1 198 0 1
588
0.9336558090165015 0 1
1 199 0 3
589
590
591
1 0.08400234167975239 1
1 0.1680030957586273 1
1 0.2520042795757047 1
1 201 0 3
592
593
594
1 0.4189886378174779 0.8456825046279605
1 0.44206878908786 0.7582555703605092
1 0.465148940358242 0.670828636093058
1 202 0 4
595
596
597
598
1 0.1886952109372524 0.4155171764093089
1 0.2635760788579964 0.4574868492361119
1 0.338463315588924 0.4994600916914078
1 0.4133441835096675 0.5414297645182106
1 203 0 9
599
600
601
602
603
604
605
606
607
1 0.1465572028712159 0.7394590708317601
1 0.1012577101402834 0.677194593124272
1 0.1011362221627078 0.6000945024070663
1 0.1463681593969023 0.5375934296253635
1 0.2197394360320767 0.5136102164361432
1 0.2932255366271795 0.5373802160250662
1 0.338677367188845 0.5998682556091892
1 0.3386900566541002 0.6770075523709647
1 0.2933673116728438 0.7394317173469757
1 204 0 3
608
609
610
0.9313599638887022 0.2349280151050219 1
0.9063808424177717 0.1642235369726409 1
0.881401482238507 0.09351838316604838 1
1 206 0 1
611
0.9572472420043557 0.4805981883977946 0.6118583379778065
1 207 0 3
612
613
614
0.7953051624991656 0.2448614886338464 0.6037221913226322
0.8350374700730917 0.3209016031973219 0.6159205634634302
0.8747697768254048 0.3969417161883859 0.6281189353519815
1 208 0 1
615
0.9605144222558943 0.405733173067983 0.8954791272038922
1 210 0 1
616
0.9252424069212514 0.3237076516912198 0.959158085285361
1 211 0 2
617
618
0.9188500898741361 0.4346999093014484 0.7853164122708425
0.916673237741164 0.4538252440362514 0.7128473448541799
1 212 0 2
619
620
0.8575290537638627 0.2723665399582172 0.905139664957602
0.8208547716632528 0.2028026922777485 0.8919571992294826
1 213 0 3
621
622
623
0 1 0.08897161711143636
0 1 0.1783256488689806
0 1 0.2676819692089869
1 215 0 4
624
625
626
627
0.1071005037689783 1 0
0.2143691569381008 1 0
0.3216376676587718 1 0
0.4289084342603429 1 0
1 217 0 1
628
0.5610450802975799 1 0.1486331885995561
1 218 0 2
629
630
0.4876649822104128 1 0.2974438622647677
0.4273745327763651 1 0.3595615617932628
1 219 0 7
631
632
633
634
635
636
637
0.3404343328260218 1 0.329933345766806
0.3720820938898575 1 0.253750709591361
0.3407101930295647 1 0.1775445191036577
0.264316271850024 1 0.1457220286525854
0.1878330700484234 1 0.1774076562976025
0.1563247665716313 1 0.2535781350427488
0.1878670654371296 1 0.3298277764074511
1 220 0 4
638
639
640
641
0.2341511240014287 0.8752668757796391 0
0.3084414350054424 0.9064501601512636 0
0.3827317725485015 0.937633455662626 0
0.4570220835525162 0.9688167400342508 0
1 223 0 2
642
643
0.4702424687940564 0.8828084647135446 0.3136826077202544
0.4242321012002482 0.8497998927016325 0.3606052809746746
1 224 0 2
644
645
0.5355931455776585 0.943871586461871 0.1984561482885892
0.5549467213049002 0.9719507617210987 0.1300870717854955
1 228 0 1
646
0.5565421650193169 0.7236049853102897 0.3719561950525211
1 229 0 1
647
0.518660370373399 0.8555977350277362 0.3211783891105283
1 231 0 5
648
649
650
651
652
0.6101731199841038 0.9294484664162264 0.05607648977272021
0.624055583462244 0.8588741354979296 0.09660865520000386
0.6379355279072954 0.7883126105974604 0.1371334658904264
0.651815471344296 0.7177510908216236 0.1776582736376762
0.6656979347871543 0.6471767600826881 0.2181904389619492
1 234 0 4
653
654
655
656
0.5501787969018473 0.6380817258879263 0
0.5596648667753094 0.7285533951218562 0
0.5691517869306844 0.8190331737651637 0
0.5786378447759014 0.9095047282818923 0
1 238 0 3
657
658
659
0.4735582499401665 0.688567638892 0.08757600573888341
0.5013258871507125 0.688567638892 0.1545726908022041
0.473556667998326 0.688567638892 0.2215789482812563
1 241 0 4
660
661
662
663
1 0.4990226149715041 0.2198659626071418
1 0.508284387246185 0.2994357155990716
1 0.5175459798478794 0.379003924984148
1 0.5268077521225607 0.4585736779760808
1 243 0 1
664
0.7504303672801402 0.584534325197026 0.2511314164344559
1 244 0 2
665
666
0.8808563163674141 0.5582159544950003 0.2091337372122344
0.9404284944388842 0.5239880871541811 0.1747137632848142
1 245 0 1
667
0.9408268691733911 0.5661933744985169 0.5390441671779771
1 246 0 1
668
0.8807785759919313 0.5229014422425713 0.6098271392395673
1 248 0 2
669
670
0.8189085762067086 0.6022268051490611 0.317247677154237
0.8165323191944961 0.6120102367614451 0.3909424658546941
1 249 0 1
671
0.8479059121577813 0.6090549204295359 0.5022909697286104
1 251 0 3
672
673
674
0.9087432031757564 0.352413257282 0.3373666221406239
0.9355745467669211 0.352413257282 0.4021055487407598
0.9087417296340208 0.352413257282 0.4668534113757941
1 254 0 3
675
676
677
0.7128182092050979 0.404527200765 0.6388427585107248
0.7374723765929251 0.404527200765 0.6983313445016558
0.7128169721023587 0.404527200765 0.7578274713390262
1 256 0 4
678
679
680
681
0.6527904786841643 0.5148779405271616 1
0.7286637215833387 0.4625276141881645 1
0.8045355635765287 0.4101782544334684 1
0.8804088110048627 0.3578279249694832 1
1 257 0 7
682
683
684
685
686
687
688
0.660065627740418 0.447683679425417 1
0.5870509969200013 0.477927329762899 1
0.5140363660995843 0.4476836794254193 1
0.483792715762101 0.374669048605004 1
0.51403636609958 0.301654417784585 1
0.5870509969199976 0.271410767447101 1
0.6600656277404167 0.3016544177845817 1
1 258 0 4
689
690
691
692
0.6338532983511006 0.5188385143979107 0.883289175103727
0.6989358365718088 0.4746167193162429 0.8920469073219134
0.7640070900890902 0.4304025918802469 0.9008031210312422
0.8290896283097996 0.3861807967985781 0.9095608532494288
1 259 0 1
693
0.6494620126826207 0.374669048605 0.9487469661960161
1 261 0 1
694
0.8107924030173101 1 1
1 262 0 3
695
696
697
0.9361920634196349 0.9148520081501434 1
0.9574622947054938 0.8297040734784364 1
0.9787325535294623 0.744556028567535 1
1 263 0 3
698
699
700
1 0.4147658366878672 1
1 0.4986117796135741 1
1 0.5817073944316301 1
1 264 0 8
701
702
703
704
705
706
707
708
0.8482051925795582 0.7005840011299026 1
0.782259642862866 0.7388649475935914 1
0.7066830808454592 0.7254252117084485 1
0.658144714801377 0.6672191381640901 1
0.6581447148013773 0.5914299743479096 1
0.7066830808454584 0.533223900803552 1
0.7822596428628672 0.5197841649184088 1
0.8482051925795586 0.5580651113820979 1
1 265 0 1
709
0.7964092195832905 1 0.9703782135043766
1 267 0 2
710
711
0.8251425634974939 0.552166999982694 0.795088975872006
0.8730926320723393 0.4838525593708027 0.8264734302763883
1 268 0 4
712
713
714
715
0.8659860009565379 0.9241280989483698 0.9310130498498093
0.8438013897237501 0.848246734040182 0.8892075970646122
0.8216100177488861 0.772342244348281 0.8473894041019699
0.7994097700531161 0.6964073956922388 0.805554485422236
1 269 0 2
716
717
1 0.5713916352569058 0.9776547412855403
1 0.4839640814472959 0.9554618022465986
1 270 0 1
718
0.8350352353326308 0.629324556256 0.9334803971522834
1 273 0 2
719
720
0.6905753705070132 0.6931253227838595 0.8008835222438778
0.6650335744149014 0.7477664011344176 0.8298852658414254
1 275 0 2
721
722
0.5881069221123667 0.719575248996 0.5956068913216652
0.588106266273388 0.719575248996 0.6756387577477987
1 277 0 2
723
724
0.7054996457850679 0.9424006339292686 0.4869545400946854
0.6630825255429948 0.8848038544576616 0.4816234460571382
1 278 0 4
725
726
727
728
0.5708002950701905 0.9430538154975443 0.7723909902326833
0.5832672972443578 0.9140886937403988 0.6983591399395759
0.5957288461703847 0.8851362417489398 0.6243596722549178
0.6081958483466314 0.8561711199869632 0.5503278219494625
1 279 0 4
729
730
731
732
0.6067278023737576 1 0.7903504480813096
0.6420255727810443 1 0.7158341919922987
0.6773240234015169 1 0.6413164999219394
0.7126217956691211 1 0.566800239905658
1 280 0 3
733
734
735
0.6978908857639941 1 0.4280823254466647
0.647864584278772 1 0.363880681437555
0.597838282793979 1 0.2996790374289958
1 281 0 8
736
737
738
739
740
741
742
743
0.6110530094326141 1 0.6062006570197375
0.6495619587815472 1 0.5395112773216738
0.6362489609840066 1 0.4636061567584321
0.5771662115326137 1 0.4139375500019393
0.4999135333978945 1 0.4139351180847553
0.440839375718331 1 0.4635796587508835
0.4275057912121024 1 0.5394811582394413
0.4660210271004025 1 0.6062014640247141
1 282 0 1
744
0.5708620362459327 0.8112888307137572 0.4259482169972471
1 283 0 3
745
746
747
0.8746075264733487 1 0.00388935470927043
0.7818367189291712 1 0.007778709418540846
0.6890659113849934 1 0.01166806412781127
1 285 0 3
748
749
750
1 1 0.09426723421031184
1 1 0.1907822863021655
1 1 0.2868115230219881
1 286 0 1
751
0.9943084776550852 1 0.4372043298209448
1 287 0 2
752
753
0.8281503306136579 1 0.4939980127986378
0.9083819982388698 1 0.4957101522217005
1 290 0 4
754
755
756
757
0.9642555256933288 0.86391255994545 0.07941078493226705
0.9285143181354126 0.7960480669249674 0.1204447315435945
0.8927705012543291 0.728178619388228 0.1614816738798809
0.857029293692983 0.6603141263612327 0.2025156204951462
1 291 0 3
758
759
760
0.9999999999999999 0.9488299426827241 0.1229978966400114
0.9999999999999999 0.9658917449452751 0.2076977426184944
0.9999999999999999 0.9829532923502762 0.2923963234085237
1 292 0 4
761
762
763
764
0.8490482696100844 0.6974363572392771 0.4711940458739614
0.8839395244519426 0.7730770679688631 0.4777510899403855
0.9188301328578976 0.848716377290808 0.4843080125233971
0.9537213806508826 0.9243570727391501 0.4908650552651405
1 294 0 2
765
766
0.6895717671432674 0.68241890380897 0.4666368383324492
0.6551172356892315 0.7548125324996446 0.4714645312462745
1 297 0 3
767
768
769
0.83966562812196 0.863882348867 0.2718902373105805
0.8646284326626893 0.863882348867 0.3321231425436141
0.8396643589363086 0.863882348867 0.3923637789145178
1 299 0 3
770
771
772
0.6850885830177594 1 0
0.7808111254532012 1 0
0.8748630300257835 1 0
1 300 0 4
773
774
775
776
1 0.5805911325024828 0
1 0.6857817537816746 0
1 0.7909727591723406 0
1 0.8961688863483543 0
1 301 0 8
777
778
779
780
781
782
783
784
0.8549885291535757 0.7275346905535364 0
0.7849459431659455 0.7679706468293783 0
0.7047615910654507 0.7538802840362973 0
0.6525288141643355 0.6915165251025762 0
0.6525288141643352 0.6106400888314247 0
0.7047615910654503 0.5482763298977029 0
0.784945943165945 0.5341859671046215 0
0.8549885291535759 0.5746219233804638 0
1 302 0 4
785
786
787
788
0.9999999999999999 0.5781670599311222 0.1199095163139575
0.9999999999999999 0.6665709579638415 0.09952544399078986
0.9999999999999999 0.7549729040330567 0.0791418217491924
0.9999999999999999 0.843376802065776 0.05875774942602473
1 303 0 1
789
0.8385915056602887 0.651078306967 0.065099238172717
1 305 0 3
790
791
792
1 0.7396024270887785 1
1 0.8258773183020708 1
1 0.9129371018093432 1
1 306 0 2
793
794
1 1 0.8384936300010964
1 1 0.9192462878252926
1 307 0 2
795
796
1 0.9424842713323375 0.6983035399375813
1 0.8849685301907186 0.6348774324326305
1 308 0 2
797
798
1 0.7303251112362242 0.5603493788571557
1 0.6331974511691207 0.549247422485039
1 309 0 8
799
800
801
802
803
804
805
806
1 0.6182921846751177 0.8545908682158637
1 0.5777554898422412 0.7845180353925476
1 0.5916996313938787 0.7046349102537134
1 0.6537007019587263 0.6523948593617104
1 0.7349783223679827 0.6522723487626012
1 0.7971939970483327 0.704424517746982
1 0.8112962095870196 0.7843100250469086
1 0.7707882473601505 0.854535828186288
1 311 0 2
807
808
0.9254448535859124 0.9999999999999999 0.90245278127595
0.9627229917583688 0.9999999999999999 0.8320901411067898
1 312 0 2
809
810
0.9605491555485067 0.750403447340583 0.5609479597548142
0.921104583423785 0.6733663433072179 0.5504462507682283
1 313 0 2
811
812
0.8004917171845414 0.6045863825955193 0.7022556874162482
0.8237773018110058 0.5887109164591018 0.6407972075009203
1 315 0 2
813
814
1 1 0.5922032638042452
1 1 0.678352769352509
1 316 0 1
815
1 0.9137215471154601 0.5400071230858067
1 318 0 2
816
817
0.843809512262069 0.840918133612 0.5901505753600644
0.843808829851653 0.840918133612 0.6717943822860819
1 320 0 1
818
1 1 0.4421488008489284
1 321 0 8
819
820
821
822
823
824
825
826
1 0.6626252016937976 0.4502820636870072
1 0.6209788996970205 0.3783473430138606
1 0.6352760428267423 0.2961410622320962
1 0.6990410966083835 0.2423889853145505
1 0.782801663857623 0.242322044579643
1 0.8466785964929513 0.2960173275621946
1 0.8610720891072767 0.3782060948990656
1 0.8194525862984516 0.4502384176046743
1 494 0 1
827
0.6464448398832371 0.6164839926904605 0.8108848615908153
1 495 0 1
828
0.7901655459198875 0.5825289230561396 0.5410090584506482
1 496 0 1
829
0.6939055937170368 0.5711034470889098 0.4810561454363905
1 497 0 1
830
0.6233497577211878 0.4720472549664656 0.4530656747752568
1 498 0 2
831
832
0.6157789405409161 0.3269792905180663 0.4737136434659663
0.639399990130437 0.2598526959587018 0.5007279828132652
1 500 0 3
833
834
835
0.4357147240468026 0.4645563441560245 0.7277355112544467
0.4633483175650859 0.4162951170332732 0.6537937865980743
0.4909819110833693 0.3680338899105217 0.5798520619417017
1 501 0 1
836
0.5646359065919511 0.2528487547155615 0.5262225305431617
1 502 0 1
837
0.5553895000071176 0.3569351237894944 0.4762947286638763
1 503 0 4
838
839
840
841
0.6052487156295532 0.5425536822910929 0.5278867524055071
0.5559579830746162 0.5351231324082188 0.5963349977355662
0.5066591674836964 0.5276913640122701 0.6647944676833429
0.4573684349287588 0.520260814129396 0.7332427130134029
1 504 0 2
842
843
0.7275516327858139 0.6076422791538033 0.59241271564813
0.7218348242474089 0.6230623584017871 0.682146891647084
1 505 0 1
844
0.4917962471199391 0.555669582289289 0.8372444976908668
1 507 0 1
845
0.5934875692147963 0.4452564459853866 0.3731235742829989
1 509 0 1
846
0.6890639754795401 0.6009107763404662 0.4274449576136587
1 511 0 1
847
0.61626634561995 0.5394845213746733 0.3201523493373795
1 513 0 2
848
849
0.4275857451209834 0.2950498755498125 0.4811448967853609
0.3365128231846362 0.2703294225382621 0.4563882467093445
1 516 0 1
850
0.2467824722286817 0.3149411613884052 0.3315897464096483
1 519 0 2
851
852
0.5097525095471954 0.7008570457393243 0.3843337266262005
0.4274786349153651 0.7498788587338776 0.4003598961044974
1 520 0 4
853
854
855
856
0.3055417655854643 0.7812320100963924 0.4901573887325729
0.265868011539062 0.7635612707831296 0.5639443817365299
0.2261720203366657 0.7458806270129764 0.6377727323814057
0.1864982647123494 0.7282098869969087 0.7115597283200366
1 521 0 3
857
858
859
0.2045695487625048 0.6636500820791054 0.7940593191225036
0.2623221236461084 0.6167446421503062 0.8027894520450007
0.3200731665227498 0.5698404464856925 0.8115193533825955
1 523 0 2
860
861
0.5045526668995277 0.4680103356893669 0.2806774152475471
0.4143418785997319 0.4396348717297065 0.2618169630538458
1 532 0 1
862
0.4496367218617219 0.8060797313297537 0.3915700476606359
2 75 0 0
2 84 0 4
863
864
865
866
0.8427419048340075 0.5523651347949813 0.6945620405090899
0.8672551044546497 0.508487561259312 0.75030352896564
0.8843886614201976 0.502109333502242 0.6815710055314136
0.8225675282057886 0.5676135556794162 0.7411847646798405
2 92 0 12
867
868
869
870
871
872
873
874
875
876
877
878
0.7751606815189246 0.2667971646513648 0.8886843607532366
0.6830572683469509 0.3820178181824684 0.8808854706793151
0.5417670738224725 0.4422786125607071 0.8587530425312153
0.6910691009875448 0.2236769959040754 0.868617151279735
0.634299162768136 0.304840885126434 0.8646957078324139
0.5885337556804875 0.3739906753667071 0.8618590518455836
0.759740351635173 0.3517291998457423 0.893108486941548
0.6199470825008665 0.4483408684956259 0.8744393522518203
0.7582490014044442 0.1935134335387619 0.8790086559997827
0.7082199448208727 0.296993665224228 0.8783420990369273
0.5712535180130562 0.5013913143344131 0.8696296843323392
0.8187255577522956 0.3231794547816111 0.9020521174506275
2 99 0 4
879
880
881
882
0.6860691834081269 0.1650839000331257 0.6476470504585164
0.6949725406605061 0.1590664650038984 0.7345622265406209
0.6926132498749406 0.1562468367669348 0.8046146048409537
0.6512165353655684 0.1753848357308984 0.5869196168268633
2 110 0 10
883
884
885
886
887
888
889
890
891
892
0.8349108412008294 0.2503970371252269 0.8324799157808122
0.8544158104366423 0.3370173550627327 0.6865166929419457
0.8904845923892807 0.3714847460237448 0.8041332602782826
0.8018478876561179 0.2113649761295333 0.7475913150617282
0.7727029644405233 0.1897807302795508 0.6332343203509516
0.8185661736953299 0.2682500426673285 0.6759970989312898
0.8845468757221777 0.3832571788855915 0.7309883593573805
0.8513741871785985 0.3058056200572563 0.7638549268914124
0.8739068801900978 0.3229558913794931 0.8508401833534655
0.8020874427809624 0.185080044828114 0.8301070574209617
2 131 0 6
893
894
895
896
897
898
0.7086547191640998 0.5750515144745677 0.8186717508746676
0.7697962886546534 0.5080104364065713 0.8446889964168179
0.6240738495702395 0.563891308264623 0.8551752198192571
0.831402896727493 0.444800848809024 0.8678750432972105
0.6870627984623804 0.5280816985719831 0.8587744099072766
0.7688489293449803 0.5729506829665405 0.7997005002999098
2 132 0 12
899
900
901
902
903
904
905
906
907
908
909
910
0.805204957733577 0.406873351005658 0.5815925110615788
0.7404718757936165 0.5370225798487616 0.5170268052985251
0.6842169201163215 0.3218760807092088 0.5186652669569581
0.8107638462976888 0.5060448069026271 0.5677238791515352
0.7004945816503926 0.2492204593707532 0.5419253384871526
0.6662917525984845 0.4076724809541182 0.4920328737869398
0.756326022926709 0.307168746303693 0.5676696313811319
0.7432225573724329 0.4568862472360761 0.5328955568971934
0.6869640866549114 0.4991194625164211 0.4892517758299479
0.8578021096180932 0.4595094899669895 0.6061894264654659
0.7297080189890541 0.3822688854272102 0.537323379283481
0.7446474699595117 0.2248177270690543 0.5746398430769836
2 133 0 9
911
912
913
914
915
916
917
918
919
0.5845116214071101 0.2361156314366908 0.6648091470348817
0.5305149325086992 0.326932322394223 0.7721012656939722
0.5148845924206334 0.3402495541370002 0.6648040053556092
0.5854318436784667 0.2439874544805364 0.7634513806109876
0.4806481830241002 0.4011422519008645 0.7681447574591603
0.5439442990726252 0.2913353563246764 0.6066475015603321
0.4316022628361577 0.4785384229912989 0.8112675569168593
0.5839170548734468 0.2302854917454196 0.5931389183791973
0.5517364045711222 0.2891861048759679 0.7080259983027097
2 134 0 2
920
921
0.6241691797552994 0.2141346721495133 0.5283224062696521
0.5702954253159609 0.3093270256398383 0.4959963265564454
2 135 0 5
922
923
924
925
926
0.5759486986195241 0.4414683106626458 0.5029920045355271
0.5203388351646059 0.4550692528306657 0.5951300372633348
0.5322562824346372 0.388253415968716 0.5320321077934121
0.4766858958377899 0.4767745784323259 0.6749393031625203
0.5643735581220748 0.4935535945481558 0.5555859479849837
2 136 0 2
927
928
0.7728522830940787 0.6033835795946355 0.6453387972556112
0.7922818863017637 0.5910202595160992 0.5997794166479781
2 137 0 0
2 138 0 8
929
930
931
932
933
934
935
936
0.5903459689857484 0.563434483534161 0.6647668909386617
0.6805281789881925 0.5796582276964477 0.5527406035558095
0.5482387231603556 0.564428012107046 0.7601196015282458
0.6468606956364985 0.5988259857204408 0.7212837523094253
0.6641614135120127 0.5888632000872434 0.6341065374614001
0.4624594778519354 0.5340082448501088 0.791380503868347
0.6524144586084233 0.5593608502934193 0.5111041036886645
0.6247761197997578 0.5614989293850972 0.5811566476309349
2 140 0 8
937
938
939
940
941
942
943
944
0.6744200792667084 0.3437609125980183 0.2900046556814879
0.6900545432547674 0.2374325120597021 0.3925090727817654
0.6321995725345533 0.3535331140239973 0.3923930978436242
0.6313162263537164 0.4218592794405779 0.3014028321562618
0.7255289248219051 0.2587457785285983 0.2661168526481252
0.7134878658458339 0.2318006857906999 0.3359656213260208
0.6763539768218935 0.2938936726022636 0.3528787279481587
0.6552537190338322 0.2783262425027983 0.4320085493988505
2 141 0 2
945
946
0.7814311206554708 0.6021933096421035 0.496327673886816
0.8386290133192065 0.5899283929281858 0.5402402071523946
2 142 0 4
947
948
949
950
0.6981404218826819 0.5943472107672958 0.3710998451292563
0.7574738538159913 0.5983317123614597 0.345469976480951
0.7653886863969362 0.6099008195332765 0.422719139797241
0.7046669287353913 0.5872808727843307 0.313433210832182
2 143 0 1
951
0.6248973992944251 0.5253623763954161 0.3770229363008505
2 144 0 1
952
0.6345123897446083 0.5253190207963239 0.2686708975865085
2 145 0 1
953
0.6792866364205302 0.5791756898529673 0.4480010335739268
2 146 0 10
954
955
956
957
958
959
960
961
962
963
0.3646940288095094 0.4752041643026306 0.7521427675854451
0.2752142137600174 0.376728277383842 0.6194503898200786
0.3870377140976841 0.3735673752955541 0.6008929566405589
0.2430640191041555 0.4773706337447113 0.7704701020833002
0.3274349437109763 0.326408299259038 0.5394362828648838
0.3510868863928866 0.4242548070865255 0.6794155697681296
0.2506254801585479 0.42307034441177 0.6902091508364605
0.3311394857781942 0.49835264197392 0.790139546038538
0.4330781103924619 0.3377070287136174 0.5427709919433201
0.3010923980564454 0.4579919408153676 0.7349290104934426
2 148 0 3
964
965
966
0.3800093459175954 0.2058677916100397 0.4757261881911155
0.4696104971108596 0.2096498368925121 0.5021063104238889
0.4063210720421627 0.1453034378367912 0.4895491944604326
2 151 0 0
2 152 0 3
967
968
969
0.2175210876498894 0.4102449879147518 0.3160332590921108
0.1709772388345084 0.4191055349471178 0.3779868163366285
0.2127790721167105 0.3220412079490346 0.3764702268106077
2 154 0 0
2 159 0 1
970
0.2442249286479438 0.2897938766589692 0.2962461602844058
2 161 0 19
971
972
973
974
975
976
977
978
979
980
981
982
983
984
985
986
987
988
989
0.4886702930257074 0.5752387587243659 0.6094050044904209
0.3246767975568413 0.6026541152113382 0.7537635941994625
0.3389160282183579 0.7236225971153324 0.543980864510681
0.4520951637784798 0.6947400048531961 0.4602830429088071
0.3803532714877914 0.5523659589734817 0.7702855906523092
0.5923443217570048 0.5953931743402264 0.4581997041896714
0.2597603289036734 0.6967926417843798 0.6777238762473324
0.3947187745408499 0.5807888254392158 0.7083484910021638
0.3007037273323488 0.7060501618920344 0.6159334966663704
0.3780329880187263 0.6657461703995534 0.5916410120718476
0.3787889660577612 0.7406742043508894 0.4709553481949624
0.538895157406559 0.5892487509482979 0.5293635041829088
0.4592737052109992 0.6386052238039188 0.5418105992373806
0.3334279042181966 0.644998678241171 0.676007256751099
0.529254354575123 0.6491845037789606 0.4445834673172263
0.2595505663242941 0.658061473527453 0.7398999649299844
0.4040788782571069 0.6904867567415706 0.5221878820424379
0.418832369833412 0.6091186781652019 0.6353732316124828
0.4518498298375441 0.5587819822711134 0.6779763052446617
2 162 0 6
990
991
992
993
994
995
0.108232106587808 0.7006328975696264 0.7253167013564734
0.1507766360090158 0.7199260322762003 0.6399693178177126
0.1834182508746618 0.7361181791435096 0.5493352266870859
0.2381180660425744 0.7589453210237815 0.4754048431016889
0.07548694339734432 0.693554009135725 0.6503759687779195
0.1185063042810675 0.7122217235664386 0.5792919727508428
2 163 0 12
996
997
998
999
1000
1001
1002
1003
1004
1005
1006
1007
0.4195056053060884 0.6709016093981403 0.364769860630883
0.2850322006162976 0.5000117340196256 0.279609890715685
0.5337597487578297 0.5372930824963486 0.3134432694804352
0.3513211296273814 0.727772905372076 0.385257870275844
0.3033394941669455 0.5821759078744974 0.3173322710004357
0.4440265362038952 0.5240618278542678 0.3013342527109109
0.5733794570772396 0.5837281261702892 0.3367975147266114
0.2851826005166381 0.717200764103571 0.3759690873491308
0.4952920652903955 0.6088515287188643 0.342513041998179
0.3620331887865897 0.4975498085031624 0.2838718384035387
0.3945968422055393 0.5932822118157164 0.3286046010969085
0.3339541305104717 0.6577392703635913 0.3529821842177264
2 164 0 0
2 165 0 6
1008
1009
1010
1011
1012
1013
0.1144474672967371 0.5811581436589724 0.4451033550026728
0.1380239467299502 0.6666511118267002 0.4561007547473064
0.08436260864618965 0.6384727316249251 0.514952800966143
0.1569665258641576 0.5607765131158313 0.3769427086581159
0.1878951163347562 0.7028026271742861 0.4064278388429147
0.1712826836292509 0.6276653281367364 0.3911694427982966
2 166 0 0
2 167 0 10
1014
1015
1016
1017
1018
1019
1020
1021
1022
1023
0.1081614244748521 0.5227451006835024 0.70387613459973
0.105614656479424 0.4856902895743281 0.5280587516598373
0.05049124323807722 0.6036709656374555 0.6661986128051802
0.1586360604766615 0.4084313840935023 0.5504549782506785
0.06671693453313465 0.5980246814487353 0.7501944034574457
0.1355322886632435 0.4622146800345529 0.6269320698534148
0.08066617304190879 0.5420717002957086 0.6033714380805324
0.106540562975728 0.5444280135943667 0.7860110209327482
0.1844086941636502 0.3536578270484938 0.4875300386878908
0.2162859693093608 0.2930873614604735 0.4404646141900727
2 168 0 9
1024
1025
1026
1027
1028
1029
1030
1031
1032
0.3177846949456564 0.34948938478972 0.3286514010787626
0.5341455900587693 0.3967270644150337 0.4041938266993586
0.2600160564356049 0.2731958299037958 0.4011915800764055
0.4607804419257359 0.4020552366565217 0.3475019971920849
0.387240518603144 0.3320206020886216 0.4004106192494967
0.4766995470836468 0.3415717301454024 0.4461750757159888
0.3837651272384787 0.3876786596057115 0.3170626756082174
0.5299494660506855 0.4373465230088299 0.34225911311548
0.3188591052208622 0.3064284710124708 0.3920583162390753
2 169 0 0
2 170 0 0
2 171 0 3
1033
1034
1035
0.185030389169251 0.592646846987164 0.8231108305992685
0.1410779088219766 0.6508583112068408 0.808172223238536
0.2548055930746823 0.5656621167069589 0.8227218723910666
2 184 0 0
2 195 0 3
1036
1037
1038
0.4826219823756533 0.4415270555475164 0.2043524146145664
0.5660381280959396 0.4757877841823637 0.2511786327665576
0.4770701957414908 0.4257343593706528 0.1517398423918834
2 198 0 1
1039
0.4778945095164872 0.836013463187942 0.3538819610924074
2 200 0 11
1040
1041
1042
1043
1044
1045
1046
1047
1048
1049
1050
0.4583627790327187 0.8554850186936497 0.5229614474918484
0.5185957131587093 0.9023634993390381 0.6564964162871886
0.4212102607676931 0.8289032636521935 0.4467308714338471
0.548715187187053 0.8403186315403447 0.4984986918091499
0.4966793342726987 0.8223796476855448 0.4424536091819646
0.5296418539740931 0.8719481148041198 0.5784089429184835
0.5083372202248373 0.9286214087440122 0.7237869029849611
0.4520876859154701 0.8913977530518929 0.6163172226571182
0.4509662002607465 0.9502486155632031 0.7708640857536739
0.4468384205092668 0.9223866368580158 0.6969015939869214
0.5086337998675953 0.951227002852605 0.7832750129101553
2 209 0 3
1051
1052
1053
0.6488198176914074 0.6469020021193916 0.4147458408904406
0.6257299565992601 0.7067002545180833 0.4233461728832409
0.605782978788158 0.7647222182818831 0.4338014457568685
2 214 0 0
2 215 0 2
1054
1055
0.4928941206897163 0.7551587588346345 0.3847648373666914
0.3898460238853961 0.7947505438037759 0.4062433500505993
2 217 0 0
2 219 0 13
1056
1057
1058
1059
1060
1061
1062
1063
1064
1065
1066
1067
1068
0.6551665074855811 0.7656697215303672 0.7574575002348043
0.6913713121739448 0.6844657122054374 0.618452994435806
0.6214471601267471 0.8374355268174579 0.7861069547721835
0.6299763049690105 0.8129884543959454 0.6146229569234111
0.7067527976587195 0.6487722371849217 0.5282360619916593
0.6415678741807689 0.7858207370511886 0.5396178936423218
0.6192410914317383 0.8386821156128496 0.6979951717973385
0.691214761322241 0.6885430220952015 0.7162819445535912
0.6578304977221698 0.756731336970169 0.6699074284674881
0.6741845325083904 0.7173634361090945 0.5369970841229316
0.66072620820441 0.7478904939044042 0.5975741850890782
0.5980679023170848 0.8854104473866015 0.7594262518276642
0.6443032520906541 0.790298905212346 0.8060521258006104
2 220 0 6
1069
1070
1071
1072
1073
1074
0.3257459248777936 0.849154173060822 0.6468067370087552
0.2611048263044434 0.8022416681401511 0.7072967311233349
0.3277934484607256 0.8761143432766769 0.7288601841438027
0.3247339362527797 0.8200114660639657 0.5541128306939819
0.3440470896654765 0.812710303315974 0.4657721547541533
0.2795203722369426 0.7964513028809861 0.6269232674309873
2 221 0 14
1075
1076
1077
1078
1079
1080
1081
1082
1083
1084
1085
1086
1087
1088
0.5506392441711226 0.7165337620099681 0.8457510073613903
0.3495490798807454 0.637258574380791 0.8158049797929637
0.3657597994491406 0.8264849526937876 0.8178786667510388
0.3989476078743216 0.568561817143747 0.823325479170845
0.4405094394048945 0.6418615162504497 0.8294088418136182
0.4247685159745465 0.8972044245421349 0.8265778003426022
0.454124882462477 0.814366633346975 0.8311252697445425
0.5499015467678697 0.7968743030430936 0.8454910381492572
0.2867064663821027 0.6999139312539957 0.8062837888084474
0.3814222715785443 0.7320021578372504 0.8203984923683415
0.5105388470213782 0.8900578822259673 0.8394268365877636
0.521293847711193 0.6492572646700312 0.8414846494357682
0.4703688839384839 0.7232005815608515 0.8337259477689124
0.3029152544254355 0.7780649669992507 0.8085639771654254
2 222 0 1
1089
0.6436632481978914 0.6908541220505524 0.8300861256484685
2 229 0 2
1090
1091
0 0.03598670518825535 0.1404538993752712
0 0.05027252157723935 0.3059321453804893
2 230 0 18
1092
1093
1094
1095
1096
1097
1098
1099
1100
1101
1102
1103
1104
1105
1106
1107
1108
1109
0.2619409559587227 0 0.4865766972134118
0.1397023715974465 0 0.1280122706618773
0.3963481993356509 0 0.1385010021892004
0.1424607081081348 0 0.4540642150550708
0.08611999933090386 0 0.3651383580463265
0.2322340713638127 0 0.07883698836771771
0.3899311978638141 0 0.4060274978878307
0.07394748432053561 0 0.2577190301434844
0.3262022784146873 0 0.4409344565019672
0.1974067849597049 0 0.5126209939148672
0.3933330051481173 0 0.345275274891055
0.3362878887567953 0 0.07328877734455078
0.4174562565265251 0 0.2160715622810986
0.2074850700706054 0 0.4384409705530012
0.07353792843677694 0 0.1647592943911122
0.07549654234990159 0 0.07584608869765017
0.1462137927652223 0 0.05488993498068114
0.4109073956136722 0 0.06704772809237533
2 231 0 8
1110
1111
1112
1113
1114
1115
1116
1117
0.114658204757082 0.06307469666945509 0.4741896750681359
0.1697695255508205 0.1385978773689256 0.4568049121528061
0.05253062989266322 0.04647975928623416 0.4303757501397737
0.2027561238717699 0.2013165603166737 0.4301958422542713
0.04693801995336899 0.08671482281573739 0.3878266494012068
0.1055448389451416 0.1122496536152314 0.4200169726139907
0.1651163827629197 0.07684510815940571 0.5095034504517938
0.2176278531951491 0.2353113055581174 0.4129089065862654
2 232 0 8
1118
1119
1120
1121
1122
1123
1124
1125
0.05334080573878641 0.1129509472852529 0.2142604482080714
0.1863799103095849 0.2243174337747528 0.2842578193229962
0.1206435477354207 0.1678551554292125 0.2370301523087338
0.04766961316624396 0.09979831556612362 0.1372149425255164
0.1935389086965489 0.2375928644698775 0.3521942232625062
0.05279744567660138 0.1216513388354641 0.2946441376376708
0.1298385632639869 0.184098087985831 0.3171678792033308
0.09622491181951165 0.1417626455500305 0.1743830286905381
2 233 0 6
1126
1127
1128
1129
1130
1131
0.2178631838307522 0.0924516750182407 0.05821380956074063
0.2391865899052433 0.1550035346166381 0.1314274366907288
0.1216587695944002 0.08463413611523884 0.05213137258521416
0.3023466728417474 0.0998799231304176 0.06422063175670001
0.16891114678421 0.1306461191214592 0.1049507214130655
0.04859910025725853 0.05907449657799291 0.02432538506743664
2 234 0 0
2 235 0 12
1132
1133
1134
1135
1136
1137
1138
1139
1140
1141
1142
1143
0.2820149426588292 0.2072891152177435 0.3545688161569781
0.4040098690459148 0.06513490998587124 0.3207794498510244
0.3738871665792324 0.09098656012553795 0.422878188628351
0.3569263087069136 0.1296522802735302 0.2359626652431243
0.4197933233054676 0.0384183204204073 0.4007990756561257
0.3428124054255688 0.136845289858982 0.3336723740495358
0.2917471309611819 0.20263315194159 0.2841122890618022
0.4036004529164479 0.08238384508741817 0.1508744163543531
0.3154589167631533 0.1623826458327695 0.4054795080460859
0.2653257471949704 0.2224423666578625 0.4027178648908875
0.4369239268792924 0.05081949054511181 0.0679912178452091
0.4196690922400763 0.05543420706936392 0.2298088168963189
2 236 0 2
1144
1145
0.3634967779524741 0.02879130730943247 0.5045858323361637
0.3883419066542226 0.03417542582032862 0.4864372371662852
2 237 0 3
1146
1147
1148
0.2793489385628866 0.1289827677232658 0.4905083423756701
0.2713211311463608 0.07159987732220649 0.528370048397398
0.3291869364010714 0.08407196549359283 0.5012816431638656
2 238 0 11
1149
1150
1151
1152
1153
1154
1155
1156
1157
1158
1159
0.1802916686072125 0.06062078232521187 0.2525408797212138
0.3308249053273323 0.06062086027458843 0.2525101406313595
0.284144071947744 0.06630235835281467 0.3281699397553922
0.2537452660790662 0.05675893380678147 0.1847163468776161
0.3097034617086299 0.04909085056832116 0.1950963464845757
0.2529044640653857 0.08525408680067911 0.2434468919240564
0.2219083493089979 0.07681219641596281 0.3022798754300409
0.1924184585463276 0.04101926965093908 0.1933984538320984
0.339469849731639 0.04145592865117302 0.311667033152661
0.2222313679495129 0.04670409237749976 0.3506167807438196
0.1786346141943223 0.04751531119476264 0.3133269220179978
2 239 0 27
1160
1161
1162
1163
1164
1165
1166
1167
1168
1169
1170
1171
1172
1173
1174
1175
1176
1177
1178
1179
1180
1181
1182
1183
1184
1185
1186
0 0.5932317347027551 0.734706704443806
0 0.3290622646162167 0.7347420938942766
0 0.1729681016861939 0.7298580609533216
0 0.5312390921239146 0.5923201842918655
0 0.5558726568370981 0.874800613092141
0 0.4153288595474064 0.7096419240723753
0 0.05606010160970586 0.4407313180288442
0 0.389664181532306 0.8105412067423617
0 0.2457134561953728 0.9106658526356555
0 0.08361131293225499 0.8551815081252417
0 0.4521374347419012 0.5162652844143608
0 0.09800694606220561 0.6446677062153034
0 0.5056815192655351 0.7935749369122244
0 0.473478006758868 0.9186507815667614
0 0.3501098240076489 0.9084215082392479
0 0.08361326781110164 0.7586326443589189
0 0.5989483732223575 0.6560584970922206
0 0.09802864782022723 0.5146987275088585
0 0.1472404770564585 0.9199546588444832
0 0.4374676213892109 0.6179787924696182
0 0.606808250910736 0.818484169103477
0 0.2677175301269559 0.8034559617927785
0 0.1950887946221756 0.4265295774192252
0 0.5136495333751966 0.6840468398803515
0 0.166779778341982 0.8263243294886964
0 0.1167086336274009 0.4185968352864418
0 0.07164111613710565 0.9309942332649142
2 240 0 6
1187
1188
1189
1190
1191
1192
0.07514839247887742 0 0.6620816886125086
0.06336699326915729 0 0.5711543265942802
0.06240225654940644 0 0.7666248369701912
0.03361900319454654 0 0.9517275361827132
0.05137591548712927 0 0.8650852016544599
0.1212896066435749 0 0.6107974802629755
2 241 0 2
1193
1194
0.03438552992305469 0.04802608515378216 1
0.04051774475950341 0.3796158462154778 1
2 242 0 3
1195
1196
1197
0.0387882798380671 0.5269017548210748 0.9539075095942589
0.04697810180049744 0.5762049169899557 0.8948013560267276
0.0316183630669179 0.6303240145347506 0.8566377516018089
2 243 0 0
2 244 0 0
2 245 0 5
1198
1199
1200
1201
1202
0.07717126184168133 0.3041592361364691 0.4012141445824218
0.07449684917264787 0.2263215434128635 0.3806303269009209
0.06422832819517255 0.3854074797955435 0.4227145947900961
0.1489358742656346 0.2769202761695939 0.3939428772364328
0.06159977651503501 0.4481870831303388 0.439320849896104
2 246 0 2
1203
1204
0.04825964627129416 0.1976372960145713 0.5389226264139871
0.04825964605269732 0.1976372962955533 0.620472359905624
2 247 0 2
1205
1206
0.05340723827061972 0.3156765913198999 0.597696680762322
0.0470478280733497 0.3110574882836961 0.5343797517363493
2 248 0 26
1207
1208
1209
1210
1211
1212
1213
1214
1215
1216
1217
1218
1219
1220
1221
1222
1223
1224
1225
1226
1227
1228
1229
1230
1231
1232
0.1647317002259057 0.3473008247598843 0.7143111036952207
0.1291247875972406 0.07211301574110247 0.8010997769521497
0.1919840610659168 0.1248044779219344 0.5966421062132983
0.09724845543211602 0.2182242629016145 0.9252299640780092
0.2054163778853845 0.2600891914700204 0.567625752303474
0.1020511373476391 0.3924150565491216 0.9297415788435131
0.09196677681705767 0.1297895426876932 0.9324700163910025
0.1187400032108676 0.1641356232406311 0.8467951005485128
0.1212194320185335 0.2662726405034977 0.8505688109125384
0.1438483869187644 0.2255119653226626 0.7698984722895756
0.09946334462518253 0.3032574628103768 0.9278667335357316
0.1839857798164014 0.30128505884203 0.6443309258664662
0.1754955973761304 0.2032540659338795 0.6611898710773657
0.1675790464299056 0.1158432326905835 0.6773826334327276
0.1448612120225747 0.3917351636825249 0.7861702556350172
0.1248316899398667 0.4359915796678398 0.8585414067881805
0.1053052972916398 0.06997738364466638 0.8806853099773779
0.2080555885155323 0.1884102373941066 0.5502990001970193
0.1769800884507368 0.05933825210247171 0.6391868604207178
0.2290051423717763 0.2380653204647349 0.48595515309939
0.1431058408032612 0.3050142671785268 0.7817935944905414
0.1455082390799157 0.1410401181669676 0.7543407540993143
0.1216733842762028 0.3482357603192957 0.8587446576207497
0.1526417727825802 0.05718256022922993 0.7205090198344363
0.1622334610280926 0.2764732364073966 0.714304793483834
0.08645516597304502 0.06071969712723913 0.9427718964772229
2 249 0 13
1233
1234
1235
1236
1237
1238
1239
1240
1241
1242
1243
1244
1245
0 0.1288065960490876 0.117093774824168
0 0.2070742153564064 0.08004716280480162
0 0.2053111051485274 0.2965705915807163
0 0.2825507776695216 0.0700271378837902
0 0.4256572470669996 0.07233350851857882
0 0.1518638454155737 0.2190260943631777
0 0.4216802572696309 0.3581509195373097
0 0.2026137497405182 0.1576432909803122
0 0.1419634517600728 0.05935785936484867
0 0.09680750688520884 0.05863020101037417
0 0.1341542040231724 0.2964123652927868
0 0.4749331266955023 0.3199995060674221
0 0.4737793987403779 0.138955814189572
2 250 0 7
1246
1247
1248
1249
1250
1251
1252
0.1407420905941777 0.5028022331409338 0.2562568518762763
0.06405806536417258 0.5067162732141226 0.1328335127835579
0.07808565056910888 0.507413410468545 0.3209750433352286
0.1201798362111425 0.5035173099165224 0.1839776638660031
0.05629085435670933 0.5094877492768846 0.3985951870409709
0.06114088811401264 0.5077105905264084 0.2271895184871624
0.03678311097239662 0.5078026688876196 0.05311216597004004
2 251 0 0
2 252 0 14
1253
1254
1255
1256
1257
1258
1259
1260
1261
1262
1263
1264
1265
1266
0.2099052695775837 0.409889300156188 0.2078363298675447
0.1475642924960463 0.266493316257418 0.1544560616678405
0.1103875164428904 0.4337284177316764 0.09267079677458345
0.2080539228252762 0.2960348126598268 0.2192388499854094
0.05007538412735524 0.198756590958454 0.05243304964090778
0.1702176077314639 0.4315888071880664 0.1604634584184554
0.07145834100151649 0.2850301718027803 0.0663472529250182
0.1247212135561473 0.3586922469207142 0.1177435852417243
0.0995565461574025 0.2160520841607725 0.1062401672785253
0.07001769328683582 0.3800067761756733 0.05346570743596291
0.03901118055891306 0.1392811680101811 0.04699141951285657
0.1806894432261533 0.3580061829819637 0.1810045367899313
0.2280577340390836 0.3629863349081261 0.2338859816413128
0.06654784682685533 0.4494399775752615 0.04132054390888773
2 253 0 2
1267
1268
0.0486751212042701 0.2931209181451611 0.2456593654101555
0.04683640623363181 0.2942492760696249 0.1900615577682649
2 254 0 2
1269
1270
0.04920354079143456 0.4055077888901625 0.2453933340309141
0.04596691178365381 0.4053252866247438 0.1879967879891235
2 255 0 0
2 256 0 17
1271
1272
1273
1274
1275
1276
1277
1278
1279
1280
1281
1282
1283
1284
1285
1286
1287
0.05573639666490884 0.1287491042616758 0
0.3476198548297386 0.1765076647140374 0
0.2227066967179422 0.1179055365296426 0
0.1161940535341356 0.4599441240845039 0
0.4215426618427212 0.2251690138376943 0
0.2151928988621925 0.4952325781597827 0
0.4020283170068424 0.4100421521815459 0
0.08266397631841092 0.2045067693303628 0
0.3433974200040755 0.4579233270748897 0
0.3937973689222382 0.1173574278528594 0
0.1223040808239182 0.1166911914558193 0
0.06839609467387976 0.2922009962700419 0
0.4357324720453141 0.3270575833251652 0
0.06954494033834119 0.3737651047957989 0
0.04853471006612631 0.07716869464710406 0
0.1641454393968724 0.5391515549147207 0
0.3089819685293018 0.1047129386679053 0
2 257 0 7
1288
1289
1290
1291
1292
1293
1294
0.3330809788256858 0.3458549606401755 0.2102551746356802
0.4357461892486993 0.2921342173768894 0.09867026784854074
0.2916907194290722 0.2907578261643181 0.2262695523695308
0.4333841607199412 0.1898893998128191 0.06217771295042254
0.359862453110828 0.2632144746610969 0.1552430623049732
0.4428991314886009 0.3631233374956392 0.119104161794395
0.3953686357691278 0.3482174861601071 0.155750070954159
2 258 0 1
1295
0.1388999477487616 0.5330167992790775 0.07257778686429173
2 259 0 8
1296
1297
1298
1299
1300
1301
1302
1303
0.2445915614580657 0.4927270097756277 0.1514081964505121
0.3626475816578886 0.4475456090031621 0.1391848169469295
0.2588554373861327 0.5257479647302271 0.07475306301069501
0.4172796091258663 0.4473791105073002 0.09300496805328762
0.3537627323389269 0.4882022404570905 0.06731703974449105
0.2912195753777254 0.4476787807486378 0.1997272377367929
0.4227681018526672 0.4722800663772144 0.03968387798218348
0.3031833458601694 0.4801481739557957 0.1261076405398889
2 260 0 1
1304
0.4794016885836825 0.391628099325977 0.06078860089736127
2 261 0 7
1305
1306
1307
1308
1309
1310
1311
0.166050289750351 0.3193032506199999 0.06267268006843518
0.2319674071810985 0.2410511615909728 0.06284974273095559
0.2319674071810986 0.3975553396490268 0.06284974273095587
0.302349298504908 0.3943723640430334 0.04883645643828801
0.2962570770530835 0.2440744685164917 0.05253096650479148
0.1824440041868063 0.2663098520858135 0.06024822044225964
0.1732467866515856 0.3922280632027409 0.03772126486821922
2 262 0 5
1312
1313
1314
1315
1316
0.5814980624175831 0 0.0993702494470009
0.5466173169811193 0 0.1950274820880777
0.651205826042585 0 0.04132092709365338
0.5266813989974879 0 0.2885562583066379
0.5353109952818247 0 0.04859855123429847
2 263 0 1
1317
0.5326190633512701 0.06114246939933062 0
2 264 0 12
1318
1319
1320
1321
1322
1323
1324
1325
1326
1327
1328
1329
0.6915499465743824 0.2561255623994934 0.1442646031773729
0.6996302407566861 0.114975163926269 0.06811174203437452
0.5628714096838038 0.2222828621926081 0.04926804405517492
0.5846109342144926 0.4017061101308015 0.1648763040219839
0.6971849171144257 0.03830977319155945 0.02273446282981586
0.5556890907283319 0.2994268123091926 0.08926329121618046
0.7387131190198214 0.1781901950320208 0.1273048297803754
0.6256183129163331 0.1641673165084179 0.0528235333255624
0.6239696077309451 0.3311563251699723 0.1475643580783621
0.5420671916028104 0.370804059336091 0.1221700576233847
0.6180834581370472 0.2503679547831865 0.09780248750910654
0.674719015480854 0.1927652385298775 0.09806143916535834
2 265 0 10
1330
1331
1332
1333
1334
1335
1336
1337
1338
1339
0.6914974975711752 0.1258250101490477 0.3264032448551258
0.6075448643991096 0.09687111325281791 0.4385684193985622
0.6469595183041665 0.1632814714495644 0.498330801276073
0.7028779509090542 0.06021572851505916 0.1631925263530158
0.618130937246735 0.06536089580131228 0.3495831498342462
0.6601384767978787 0.06175362091557522 0.2549430711615869
0.7590239954409799 0.125397635557702 0.1857036341070649
0.7217489897756715 0.12280540065755 0.257350803811967
0.6643167268558049 0.1373980207180809 0.4073050253376713
0.5648471443860718 0.04179633554919028 0.409730624713373
2 266 0 2
1340
1341
0.4840021886036881 0.0507981654820953 0.4707000968487997
0.517418121885871 0.09911439169731238 0.4985774734622915
2 267 0 13
1342
1343
1344
1345
1346
1347
1348
1349
1350
1351
1352
1353
1354
0.5338476946346868 0.1622696476305193 0.218167542960987
0.4799972920830957 0.219798665359947 0.2350138755050306
0.4873088548829891 0.1363896692158748 0.2688742974202857
0.4873708840565269 0.1752805527847597 0.3489018542796391
0.5371512824330087 0.2335939364076973 0.358482264603615
0.5430065203759574 0.1655622689391344 0.3600579258128072
0.4904871339845358 0.2568283295188305 0.3178299419846921
0.5452597864415324 0.2306094489482678 0.2183407713732523
0.541409360225129 0.2681875184546467 0.2552994304102345
0.4543268742349044 0.1975801818414633 0.2887742949883002
0.5439441090195748 0.1282680272234067 0.3249288715193724
0.5764586934259358 0.2592291600884442 0.3108511733919637
0.5759495983544404 0.1352429184051493 0.2661146127146267
2 268 0 19
1355
1356
1357
1358
1359
1360
1361
1362
1363
1364
1365
1366
1367
1368
1369
1370
1371
1372
1373
0.7098981373440749 0 0.8894437794023895
0.781152796994992 0 0.8030098141712902
0.4949541323125661 0 0.8500207472803067
0.6208891983777379 0 0.8500217118908716
0.7645461521765912 0 0.7072362703549859
0.4535024679382931 0 0.52858953576768
0.3938831748489218 0 0.7602898988235374
0.3749646557878282 0 0.6575130806808801
0.4115555332003236 0 0.855061092979177
0.3957749363279175 0 0.5651237144091785
0.7177028188114374 0 0.6488687409102006
0.7926594754214603 0 0.8801138272844304
0.5334690035908266 0 0.9294113072923224
0.6979827485701686 0 0.7861159996700151
0.4394959683896343 0 0.924835626290039
0.6212848145628067 0 0.9334243514579068
0.3322191955952656 0 0.5964737106138769
0.5113634336226409 0 0.4984233296450032
0.5577087379182881 0 0.5323374805240439
2 269 0 4
1374
1375
1376
1377
0.6589053707120081 0.06310363406987218 0.5443187367022697
0.6054554751120993 0.04848336060375658 0.5068698262080304
0.7215492680333626 0.08359334765572635 0.5884067068813271
0.6637118960365551 0.124420274493184 0.5512173947733552
2 270 0 3
1378
1379
1380
0.8052890834807183 0.07442232830654816 0.7323099753914629
0.8166288343710456 0.06586428048997317 0.8110185357293872
0.8302704827503564 0.05166915054098598 0.8790558578700611
2 271 0 0
2 272 0 17
1381
1382
1383
1384
1385
1386
1387
1388
1389
1390
1391
1392
1393
1394
1395
1396
1397
0.5611199632308075 0.1344348726256427 0.7387659531751831
0.3633310434174649 0.03500613955728434 0.6881432242504104
0.4122260450922466 0.03803363804963258 0.866641937416059
0.4919169160772547 0.1154869499462073 0.5990572699334595
0.501012856522 0.08399028909363174 0.8791739983525162
0.4535602926786361 0.05040866704896222 0.9419430258811882
0.4753918469695721 0.08296016392271541 0.781356306080829
0.3953873451812148 0.06796429328992387 0.5666274753504377
0.3861682880740052 0.03652161108909311 0.7707329506342467
0.5672495290138568 0.1268677255505055 0.822344609907559
0.494472756687634 0.10506050759335 0.6899063013303364
0.5644533233579732 0.1456441040389269 0.666196033008171
0.3295147704813696 0.02787270062193439 0.603504375415238
0.4253988282132853 0.07398772172107299 0.6441107737454042
0.565046196905487 0.1558508506638185 0.5900353820860645
0.400221178650091 0.02111272567875778 0.947408819546753
0.4289525526723923 0.06670722877670318 0.7148499112082453
2 273 0 9
1398
1399
1400
1401
1402
1403
1404
1405
1406
0.5273444752349215 0.06345585907160395 0.7395957553873088
0.5579974402481503 0.06474460628803175 0.6095134355147818
0.4890989422030418 0.06348989926903975 0.6668935830799674
0.6314064276667789 0.0599920712392558 0.6640960248343367
0.4751966932727754 0.043258941746424 0.7210430555598357
0.560961793086547 0.08391184007813711 0.6817706292794841
0.6042739469521283 0.05990428002914884 0.7357215837848141
0.4977207774499788 0.04382331884091542 0.6059881098441178
0.6187022329343691 0.04220419278458663 0.6045803350792642
2 274 0 3
1407
1408
1409
0.7337468743094965 0.09061317148943793 0.9319235313086275
0.6618253861659564 0.1147925830441305 0.9098411143037703
0.5999216629469691 0.08177720533764199 0.9528466172453697
2 275 0 5
1410
1411
1412
1413
1414
0.1959299716333876 0 0.821030903400538
0.2684948404832075 0 0.8897212917988092
0.2349675890624474 0 0.71688645202837
0.180756345532115 0 0.9106540047533277
0.2685987926727757 0 0.8000587953046679
2 276 0 9
1415
1416
1417
1418
1419
1420
1421
1422
1423
0.2377218474191996 0.1786339187496166 1
0.3125166027724037 0.1041718434840591 1
0.1635314339888481 0.3661557530511723 1
0.1470616540880892 0.1276373106327582 1
0.1769133321317037 0.28424769440323 1
0.2092440390616861 0.07535720258475556 1
0.1423006766008217 0.2049655465615884 1
0.3579375425731286 0.05077705658480041 1
0.1324428074513661 0.05797125271902386 1
2 277 0 12
1424
1425
1426
1427
1428
1429
1430
1431
1432
1433
1434
1435
0.4252973415608821 0.3754746724798906 0.8881888193358203
0.5121879582349415 0.1648022739341053 0.9274303167258486
0.3294703010659922 0.3500356163859988 0.9518256495350711
0.3707636865886799 0.265499646597698 0.9640115706355213
0.4349371916151574 0.2063582418723386 0.9529899910088707
0.5141358203374323 0.2440452533421364 0.8934850422600564
0.3984470127101809 0.4410209963150886 0.8758777834538416
0.471044460009037 0.1287426599324979 0.9651786523995637
0.3512504525269569 0.413798490340128 0.9133141624169919
0.5661010507783869 0.1877700325373675 0.8880378030578675
0.4305925323944448 0.2956268426145719 0.9183724761040055
0.4859503872093071 0.3170038686922624 0.8788393580626516
2 278 0 4
1436
1437
1438
1439
0.1739674144540119 0.4546047181746388 0.9549776483088078
0.1906346222949772 0.4879444040238693 0.9026909916174507
0.2733431541942178 0.4953870324296218 0.8781941526433483
0.3395910873685751 0.5067565551751931 0.8505300627406938
2 279 0 18
1440
1441
1442
1443
1444
1445
1446
1447
1448
1449
1450
1451
1452
1453
1454
1455
1456
1457
0.4695556546806916 0.178670516464727 0.7077783235231714
0.42918416636068 0.1777454799668168 0.6554038823389082
0.3868613639339424 0.1553032555673424 0.6962396559389703
0.4162213051435458 0.1704029827216494 0.7675564126522193
0.3458112200873448 0.1798471468208487 0.7374633876668754
0.3601939303878267 0.2196916347374515 0.7861613916975531
0.3679058636840643 0.200443565510712 0.6448518692475492
0.3269850174276281 0.217031359598373 0.6827561661292598
0.4064642231101593 0.2668661676571265 0.7972633117308311
0.362445902456134 0.2872766185146666 0.773047348596947
0.3221485723373287 0.2378894163911374 0.7396681911541456
0.433916756622017 0.29923655094631 0.7717326681661589
0.3618685416915245 0.2663179890175127 0.6429061886787771
0.422484793475733 0.3091112945710985 0.6630961370730712
0.3416915971836385 0.2977297526400708 0.7016647941065411
0.4052442684310127 0.3258783922278455 0.7285180327227849
0.4743362300995676 0.2945298196586945 0.717891023977963
0.4210494496606446 0.2087150793919996 0.6327667411737198
2 280 0 2
1458
1459
0 0.6789722380820129 0.9426794211554568
0 0.7525955396169247 0.9415973059811813
2 281 0 24
1460
1461
1462
1463
1464
1465
1466
1467
1468
1469
1470
1471
1472
1473
1474
1475
1476
1477
1478
1479
1480
1481
1482
1483
0.1885905942016922 0.4801910167635033 1
0.2878825040722022 0.7203231266039961 1
0.327926986769082 0.8300803033232652 1
0.2096172217901127 0.8120996401194867 1
0.06388826540336512 0.5525756040475387 1
0.3174203537008733 0.6234991861749566 1
0.09997681824524103 0.6596270053528946 1
0.5439571055952935 0.8648193852798338 1
0.1388202873913473 0.8996750866741454 1
0.2186017766002676 0.6374655416726783 1
0.4290888686504041 0.8885284361544795 1
0.09721408846894955 0.793127724174855 1
0.2449368633058497 0.9108498595499024 1
0.1111709747170574 0.4865562448538687 1
0.2754996258575955 0.5355390202801307 1
0.3355486537676936 0.9232441271825172 1
0.1487905101249575 0.5675410415896371 1
0.1803074167962435 0.7224687801656211 1
0.596019447104891 0.7918124673702882 1
0.4323501098258605 0.5688112542614305 1
0.6021974932091023 0.9212844951901019 1
0.3655410777346538 0.5569169197866419 1
0.5245619200376685 0.5911790884319411 1
0.05620175096029695 0.8906970933999443 1
2 282 0 12
1484
1485
1486
1487
1488
1489
1490
1491
1492
1493
1494
1495
0.05448430913232161 0.8679608457023926 0.9281834877004402
0.1170257087117055 0.753247302266165 0.8264615414226487
0.1803083728566445 0.9307288675429134 0.9038313980141114
0.04419813525592536 0.7228781632929246 0.8442179963306751
0.1475487935468287 0.8165100152105311 0.8500572218905406
0.2703159528124806 0.9282722337706093 0.857324964074123
0.1051663879640643 0.9326750206255383 0.942592525937563
0.06318462947050052 0.7936440422797304 0.8781895246356995
0.3426721065329358 0.9618383549799978 0.8417677309714264
0.127207795754562 0.8730911530906605 0.8949777113803401
0.2096590709833642 0.8589997522681077 0.8451029897416429
0.04653959005087532 0.9233427988530409 0.9661701666386808
2 283 0 3
1496
1497
1498
0.4193393822421174 1 0.9201214087521939
0.5351636313934116 1 0.9254677211748172
0.3355486537676935 1 0.9493965983339399
2 284 0 7
1499
1500
1501
1502
1503
1504
1505
0.5857882592766585 0.6154234515506849 0.8996409327615085
0.6294276529897525 0.7586385481710251 0.9137811346918649
0.6073098453164587 0.6822995727166549 0.9269262205655865
0.6921146187355559 0.9567867550174077 0.9750996012961758
0.6658128078532473 0.8730167609184127 0.9527933988191265
0.5891312268948168 0.6167783492352883 0.9527660672575199
0.6474708954028673 0.8146639767816563 0.9368843695782254
2 285 0 4
1506
1507
1508
1509
0.4393659908412529 0.5154251051267325 0.9188841856116847
0.5082153663545418 0.5410569260835001 0.9256925348358914
0.3190511633288696 0.4710791579277516 0.9574579074839404
0.3725677220598927 0.4909245959030272 0.9539030659875605
2 286 0 5
1510
1511
1512
1513
1514
0.4894318798107267 0.7816826191239286 0.9417909691932305
0.3808762657741401 0.7131765452082951 0.9493745455468193
0.441090742562268 0.6430679472555978 0.9503718678074785
0.3994370883524253 0.7688819697961092 0.9480406857030683
0.5003002031620705 0.6512016568145438 0.9517246701740618
2 287 0 0
2 288 0 1
1515
0.6116930114126143 0.9477165108663026 0.8805015638659867
2 289 0 14
1516
1517
1518
1519
1520
1521
1522
1523
1524
1525
1526
1527
1528
1529
0 0.7348003378048699 0.7399372751788168
0 0.8180155518998948 0.8490721236347767
0 0.8282796518600639 0.5898401769753443
0 0.9170150374966327 0.7251979683532483
0 0.9102859665125689 0.5126258857801421
0 0.7582632886352969 0.6643085872298162
0 0.9139795568103093 0.8381885342437908
0 0.9388016627835404 0.9299506969235273
0 0.9213981563964729 0.6230118646452707
0 0.7446840980702961 0.8087142471096609
0 0.8202976793481002 0.7555976937008169
0 0.9419794877899837 0.4231907574379067
0 0.8713730018269136 0.89948716269366
0 0.8490507627473134 0.6715912581808992
2 290 0 0
2 291 0 14
1530
1531
1532
1533
1534
1535
1536
1537
1538
1539
1540
1541
1542
1543
0.2466052143933263 1 0.8296173639925271
0.1518064574438924 1 0.7041520299391357
0.07992330554640149 1 0.8327435083506662
0.2536934966727658 1 0.7262080669141703
0.3249254044005984 1 0.7935989951342994
0.07855157999796356 1 0.9271565429997787
0.07603459278137392 1 0.6456656373956335
0.1610426602706158 1 0.8772217110928632
0.04685471423558316 1 0.514395915796076
0.1120426810183892 1 0.4284178505577583
0.07555631860460676 1 0.736674931802636
0.3423552172979891 1 0.6341927711785494
0.1642701439736014 1 0.7920915448444523
0.3304643587401561 1 0.7018938408499844
2 292 0 6
1544
1545
1546
1547
1548
1549
0.3073922694300729 0.8598706077598314 0.4087027157731304
0.2310571380291269 0.8408081758751287 0.394603321871173
0.1470804135866609 0.9149854430628837 0.3804416873014485
0.2407532225005444 0.9239629720944776 0.3975390211013559
0.06319134779400676 0.942763390572292 0.3656379942641365
0.3075319712584036 0.9391932879379067 0.4098528143562932
2 293 0 3
1550
1551
1552
0.09168609926462445 0.7766993692215884 0.462439585848391
0.05054639953044471 0.7509523436263574 0.5196456982857617
0.06248669327147549 0.8328788417906199 0.4235894443296888
2 294 0 3
1553
1554
1555
0.3742247621129187 0.9255120388723975 0.518177756659886
0.3804385514277659 0.939839011593666 0.604774447679012
0.3704664269451191 0.959110885544906 0.4661955525504933
2 295 0 10
1556
1557
1558
1559
1560
1561
1562
1563
1564
1565
0.2251950041375549 0.9299548897734957 0.6123328052280796
0.1603539351301842 0.9379779820488355 0.4821729797612308
0.2934575704560974 0.9423343732165851 0.5227101274806856
0.1474565464460683 0.9350301825319431 0.5850356719012683
0.2876875212468214 0.948576641906552 0.5914482329547514
0.2096627465912087 0.9065997972811328 0.5400897963380139
0.2343670854399539 0.9303703131512657 0.4762351540485322
0.130448460526887 0.9400968397461893 0.5317051784529245
0.1808141111857127 0.9483724105512473 0.6276148975775774
0.2842230476177077 0.9615293084016878 0.4754798257699949
2 296 0 16
1566
1567
1568
1569
1570
1571
1572
1573
1574
1575
1576
1577
1578
1579
1580
1581
0 0.624386395726653 0.3835253960574551
0 0.8148283920089818 0.1096477562572965
0 0.7312467300081973 0.3810570662855989
0 0.6431738291703286 0.4946183637114907
0 0.8140224855030191 0.3262825312551646
0 0.8564505468582412 0.2188844398634237
0 0.554745712278204 0.3085412710243107
0 0.7286971600360159 0.06085192240814825
0 0.6251383522814192 0.07272463229801013
0 0.8957717382609659 0.118789508360358
0 0.5815283634056784 0.4459841622726935
0 0.539466910644909 0.2237876971342202
0 0.7242220350952601 0.4663572895631419
0 0.5589709527852649 0.1298919888091746
0 0.8879221861448811 0.3044114375202632
0 0.7917114366049964 0.4202331301755083
2 297 0 10
1582
1583
1584
1585
1586
1587
1588
1589
1590
1591
0.1335739341502515 0.8440655244946196 0.2194366703689005
0.07853463910044134 0.9048353343709218 0.05979243200186701
0.05970935537819766 0.9048486315499035 0.2166738264872491
0.1227597738089674 0.8613679164633955 0.1334747796972705
0.1407395189985766 0.8303469360564071 0.299342776843729
0.04760243639421524 0.9243019657331608 0.1195952176600713
0.1307798301330424 0.8629351831358891 0.05062485003258055
0.08694565060363635 0.8756321908757414 0.2869628864080229
0.03588480650899173 0.9403884838346557 0.05354804640137623
0.0392246984422443 0.9129890731609344 0.30465113028465
2 298 0 5
1592
1593
1594
1595
1596
0.09356360370090541 0.8160224095701749 0
0.07917148390035014 0.6341288851041543 0
0.08307504744381172 0.7305907754991938 0
0.0432281628662189 0.5616889150836334 0
0.0506848949684589 0.8616353147446724 0
2 299 0 3
1597
1598
1599
0.06067158492137353 0.5935753572307116 0.2192281880741184
0.05898022394255235 0.6221960336129272 0.1537842361788426
0.05897861896642907 0.622200650302199 0.2846692243153248
2 300 0 3
1600
1601
1602
0.05760894200312636 0.7650045020291799 0.2192537388946691
0.0510582000443944 0.7311755239799022 0.1433254641156401
0.05104392427141435 0.7311514926270262 0.2951527921322437
2 301 0 10
1603
1604
1605
1606
1607
1608
1609
1610
1611
1612
0.1849061707022574 0.6093489968700895 0.1272683027480071
0.2023323481276823 0.6578597546847638 0.2510019032922028
0.1794308297803606 0.7546160509563326 0.1150485866651817
0.1976999287142588 0.576658971414136 0.2067654420253844
0.1906726763944336 0.7271737302146923 0.1851155172847857
0.1736336269331658 0.6455329744761753 0.05844942978235107
0.2029584848605778 0.7240611164463377 0.2661530974231448
0.1917132460467862 0.6527519863722353 0.1796628462509189
0.1816521546641135 0.6843892335128614 0.1181305970775626
0.1714170360241251 0.7259998330852193 0.0570995268230424
2 302 0 13
1613
1614
1615
1616
1617
1618
1619
1620
1621
1622
1623
1624
1625
0.3682377511670983 0.5959932750570039 0.5605387738068629
0.4361882198427015 0.5844123461456838 0.4914108131625385
0.4329298844286639 0.589927482298964 0.5332754096925242
0.3633689583193551 0.6081437912620873 0.5097019480671006
0.3052396215702197 0.5543626529080616 0.5319873285679404
0.4387023775377339 0.4738757773135669 0.4931572854854807
0.312331574609638 0.5584797869046761 0.4834861594588754
0.3142068959826756 0.4837816276546019 0.5002134046030461
0.3324595588146998 0.4714340084456604 0.5494493777248535
0.3760031499377995 0.4472253027628641 0.5034508586779395
0.4276375692924617 0.4725160339382349 0.5548949458883919
0.3704996358667019 0.4776057543272063 0.4522080953288747
0.3623926960603315 0.5730139180921454 0.4497735975368323
2 303 0 0
2 304 0 19
1626
1627
1628
1629
1630
1631
1632
1633
1634
1635
1636
1637
1638
1639
1640
1641
1642
1643
1644
0.836244665428311 0.06547593765608369 0
0.8155324503787202 0.2441658346325248 0
0.6533421124938384 0.1539567735576488 0
0.5370319857233616 0.4347563024501383 0
0.8801718934407805 0.3111647341497604 0
0.9239589014591069 0.1234644065086019 0
0.5813478175315624 0.2401707170322443 0
0.7429876284318564 0.0821915594296373 0
0.9087998148078524 0.05202729114672515 0
0.9142377451170763 0.397795806272758 0
0.8525053461472972 0.4473192626770089 0
0.5552086007319404 0.3406786875779989 0
0.9085167972905985 0.2195901686157751 0
0.5794249960808384 0.4898734182965269 0
0.6604636247037995 0.2309330360245001 0
0.958364143581161 0.0566218847284734 0
0.6763908972212431 0.5016103820545048 0
0.8275263125391907 0.1497667766186908 0
0.737223737063234 0.1897917408779607 0
2 305 0 6
1645
1646
1647
1648
1649
1650
0.8849580099890444 0.1016575685056498 0.09693171759346531
0.9092768355335346 0.04779272141508628 0.04389500419714698
0.8321678403173967 0.06356892722246532 0.06399488620526983
0.9499634085090228 0.08362587961034329 0.07546716031748257
0.9600853529373303 0.04143619860500158 0.03450847432028126
0.8360457752972769 0.1177065924598123 0.1154525043513315
2 306 0 4
1651
1652
1653
1654
0.5652065627063947 0.4931717629766882 0.1284363100614355
0.5150265591048115 0.4609078493738376 0.09661640274289482
0.5296788434402953 0.4993458786619251 0.05925123650660448
0.6081997337719525 0.5001289393343814 0.1889595533195332
2 307 0 7
1655
1656
1657
1658
1659
1660
1661
0.762638628999899 0.5129006983908749 0.1243198263853474
0.6833217942927836 0.5253138118845531 0.07936188205117567
0.8620317456007476 0.4981872537603703 0.08027261156552368
0.9448240433363608 0.485469741030866 0.09863238016788478
0.6931947122736195 0.5231811868545786 0.1550340249534469
0.9480579297844216 0.4854615067204359 0.04108126076093344
0.76967944511905 0.5124528699883213 0.050296542448383
2 308 0 4
1662
1663
1664
1665
1 0.1574693246871321 0.05566400684087836
1 0.3469049401022704 0.0632141623112063
1 0.2495066350647099 0.05839659684346794
1 0.4150211892039533 0.05081450392946124
2 309 0 4
1666
1667
1668
1669
0.752528598287035 0.3251957758335406 0.0549158347840375
0.6686802355009577 0.3603898059098223 0.05858199973875972
0.7629728852189253 0.4477065992385113 0.04595467730180244
0.7007872243168169 0.4379029337560545 0.05858199973875135
2 310 0 8
1670
1671
1672
1673
1674
1675
1676
1677
0.9109384975662155 0.3307752723981632 0.1457161124268956
0.8465270714980606 0.2412481157237601 0.1571868987077735
0.7587247148103058 0.4260804875207441 0.1943417284640946
0.925263126280164 0.2202852741124364 0.1340211642113227
0.8094860659479309 0.3312524657413559 0.1737048651084029
0.859394766120499 0.4161112815826047 0.165902961754843
0.6909394275991949 0.472217715433632 0.2162552508921656
0.9330950588424518 0.4167002955731725 0.1456360956718308
2 311 0 14
1678
1679
1680
1681
1682
1683
1684
1685
1686
1687
1688
1689
1690
1691
0.8467178523813704 0 0.08379846331696091
0.8206092988357518 0 0.1832655306030142
0.9112224280280665 0 0.2553757904812684
0.7188574181774343 0 0.1824138291810845
0.9150110835021549 0 0.1459206400738773
0.7620691758761821 0 0.09369809192456768
0.6300951510228917 0 0.4839904468665864
0.9252545089519276 0 0.4736358061495214
0.9169525558838011 0 0.06533600214170739
0.8286673556126721 0 0.5764477939816615
0.8848002370737099 0 0.5408869182966191
0.5725822561762721 0 0.4129153183887846
0.9230506220350798 0 0.396154648323476
0.9386506663464981 0 0.3257429228458083
2 312 0 0
2 313 0 3
1692
1693
1694
1 0.0588268310199458 0.1473276363737609
1 0.05542335391951079 0.3379765744854374
1 0.0579063560841853 0.2424940011794524
2 314 0 5
1695
1696
1697
1698
1699
0.8631602886846466 0.09559327498869463 0.5451963290118735
0.9325712716328346 0.06585988521388708 0.4975702294570608
0.7979865162066475 0.1271503262392041 0.5862325634418051
0.8491639737781498 0.05646602002230539 0.6004655028745552
0.8996693782583769 0.04105364597107075 0.5595140557510587
2 315 0 12
1700
1701
1702
1703
1704
1705
1706
1707
1708
1709
1710
1711
0.7249995862443628 0.07544274771257578 0.4750234905503224
0.7220270949710133 0.07265117820809069 0.3109411851571443
0.8413378852987934 0.07127200976514406 0.3970193168168341
0.6460183466086571 0.05429372447468042 0.3927646290421231
0.776762757203406 0.05247060911178483 0.2903263552939088
0.7764583996163192 0.0956804529956576 0.3489456712351064
0.8301706676755303 0.05660785816586909 0.3266421436076695
0.7788094916726707 0.09767000568057189 0.4320387733273477
0.8073575501178858 0.06252284965442366 0.4754688957828035
0.702382009890284 0.09668499721687225 0.3915082668763442
0.6641513873392971 0.05544721768419776 0.4517302586187266
0.6644064202858556 0.05352497643709885 0.3336289884050963
2 316 0 9
1712
1713
1714
1715
1716
1717
1718
1719
1720
0.8425425091871137 0.1536892679897933 0.3013164952019248
0.7877131815142784 0.1640275474702292 0.4464569542689186
0.9236637150208573 0.1349270512138223 0.2529467590302609
0.92795828011825 0.132061777299258 0.3402294561391191
0.8617029099406279 0.1470740066072782 0.3946958943407041
0.8579161427519938 0.1518325412182137 0.2106100104565439
0.7400819293072264 0.1742353313780293 0.5136684279466035
0.7937946810486743 0.1641954976810729 0.3672645511628416
0.9184551339464243 0.1376026881260014 0.1854560978245918
2 317 0 5
1721
1722
1723
1724
1725
0.9099988289920008 0 0.6898802083587159
0.9233998053623443 0 0.7712039089804656
0.9260168130748885 0 0.8690906840720538
0.9545449138223999 0 0.640112841155614
0.9183321177670156 0 0.93652087050219
2 318 0 15
1726
1727
1728
1729
1730
1731
1732
1733
1734
1735
1736
1737
1738
1739
1740
1 0.1626212118892232 0.8148688414339846
1 0.2599091395763758 0.8243209252853043
1 0.2105751438944842 0.9149550556386974
1 0.3191583562525298 0.9003248004918996
1 0.0715597993944195 0.514618141884242
1 0.1059189086983413 0.9150320434868857
1 0.3531169260491672 0.7786966373774723
1 0.0807775869545248 0.7578392659062443
1 0.4072876384373201 0.6297315502616992
1 0.132846343330984 0.4643365286531689
1 0.04557323955424288 0.6387321950561802
1 0.3440177097381688 0.5470434244541913
1 0.06986354150841788 0.8358526519292022
1 0.04748031259452343 0.9530515973531551
1 0.3996361912829833 0.7058533911586934
2 319 0 3
1741
1742
1743
0.9015537167551728 0.03328117103967609 1
0.9425801308390953 0.1079929542361212 1
0.9587779236610388 0.04418268694790028 1
2 320 0 6
1744
1745
1746
1747
1748
1749
0.8702180117797628 0.2699882010875578 0.5604483354923933
0.9212793833409985 0.3509632511298102 0.5667385714532348
0.9446318143749991 0.4338406193389726 0.5953103808683173
0.9375283802958757 0.2006163522228276 0.4700302052798748
0.9357036175937377 0.2757688533954225 0.5135492543229278
0.8710167345589255 0.2063651132581758 0.5241769478870422
2 321 0 2
1750
1751
0.9639289468417324 0.3452476173295489 0.9626328600843626
0.9424291718235955 0.3702958749626593 0.9210361616719098
2 322 0 2
1752
1753
0.9553582456462018 0.4254832629697304 0.8206122159268945
0.9499648571856479 0.4683729334776103 0.6580907625441593
2 323 0 13
1754
1755
1756
1757
1758
1759
1760
1761
1762
1763
1764
1765
1766
0.9334637314514432 0.1918690174468828 0.7223840660012301
0.9300410027625043 0.1914864484066605 0.5585595574883238
0.9341369459149281 0.3091310769523749 0.6389299777064118
0.9477265731056022 0.1187611228827932 0.637065022871341
0.948746324355398 0.2446275337354664 0.5395278016299775
0.9070700218959142 0.2465051030416293 0.5984913104652902
0.9459986683160361 0.3006909299272029 0.5797242585399576
0.9076686140409284 0.2447784122246256 0.6811993731001368
0.9546029617478188 0.2550077385433444 0.7385866116851504
0.9422326205502184 0.2950998480821703 0.6993833349702447
0.9070049864369312 0.1721159543168941 0.6384524644370865
0.9466436371744174 0.1353079296328184 0.6923840079524806
0.9475821762236496 0.1349084598097666 0.5838084394553442
2 324 0 4
1767
1768
1769
1770
0.8838335649259247 0.2269253984768158 0.9512945368717145
0.8494959726944649 0.1498008505606356 0.9435687139032423
0.9208247319430178 0.2771227551358149 0.972277492361003
0.8937870629775619 0.2920410009457914 0.9370736537803627
2 325 0 3
1771
1772
1773
0 0.981005594892838 0.1331781529153717
0 0.9766483348089714 0.2222180952571085
0 0.9728412466142925 0.3109623707539707
2 326 0 13
1774
1775
1776
1777
1778
1779
1780
1781
1782
1783
1784
1785
1786
0.427449083267669 1 0.1978790079078495
0.0888499600418753 1 0.1153825268234158
0.4848823614572695 1 0.096496317963497
0.363104404006063 1 0.09756713717199046
0.07926433397648538 1 0.2258519847711061
0.1939453592674138 1 0.08961081889482969
0.3131905532192274 1 0.3719776397626573
0.1254397502285307 1 0.3134169396635128
0.2738268165187996 1 0.0653280865763438
0.5000956812774955 1 0.1917428898709109
0.416713036857944 1 0.2911215353946132
0.05374752227490069 1 0.3113418248510242
0.04898761595271341 1 0.05108853598371303
2 327 0 3
1787
1788
1789
0.1682362177647011 0.9275243725950255 0
0.2499522352438582 0.9417080586113458 0
0.1078983470257093 0.9387237060607161 0
2 328 0 15
1790
1791
1792
1793
1794
1795
1796
1797
1798
1799
1800
1801
1802
1803
1804
0.3530507512262264 0.827416173881077 0.3349283062243878
0.3475954269018686 0.9007056915884699 0.07598792909350971
0.4517366843154837 0.8982821295889735 0.234055739374977
0.2584556396612835 0.8302130433615736 0.1893097358602447
0.478469406393 0.936367599800734 0.1420162582173769
0.256095016581935 0.8590956637457614 0.08696102409522394
0.3964952171317553 0.8972663745674248 0.1580935804587359
0.3519808775108589 0.8563537905918625 0.2342473870211728
0.504665277148048 0.9698233723597072 0.0650664117365064
0.4278298639459482 0.9351022056688687 0.07352736325102144
0.266308261058667 0.8104106717385953 0.2684468545069442
0.2789482256627153 0.792189150683928 0.3490524970235486
0.3221244355575403 0.8687269127710184 0.1489199313057774
0.4102485766093747 0.8629320902954181 0.2955038642630933
0.3296527821689771 0.8037861070215117 0.3822382170674489
2 329 0 3
1805
1806
1807
0.4206195586163528 0.9222532793537658 0.3653856267939507
0.3914859854970081 0.8643262197741614 0.3945560320954193
0.4644323422077548 0.9441768082137211 0.3205652230796988
2 330 0 0
2 331 0 9
1808
1809
1810
1811
1812
1813
1814
1815
1816
0.2853494073533924 0.9362068852460645 0.3133523442335876
0.2401152134972029 0.934216319051384 0.1982072189680127
0.3225868618302493 0.9374456020319468 0.2247173049299167
0.206114345666329 0.9350797959945812 0.2744634714544751
0.1851865561519344 0.9557785002898851 0.2223412903657801
0.2725428412231458 0.9168005311498931 0.2574841617186714
0.2380108747102126 0.9551813548683008 0.3339023897254013
0.2915845403565817 0.9530490198897202 0.1756884259672264
0.337078871356144 0.9509139802779638 0.2880294122341194
2 332 0 9
1817
1818
1819
1820
1821
1822
1823
1824
1825
0.6044800871603602 0.7727071252255484 0.2228004059346616
0.5966485569095029 0.7117694348174776 0.2994175764058902
0.5585811568939811 0.8591864896538554 0.2337994043505737
0.5593288180769237 0.7863731571824724 0.3041260487072961
0.5804872458617852 0.9081521938680721 0.1394463264746585
0.6333175591231659 0.6453485084244039 0.287995887812628
0.6303919218648959 0.6989505838743483 0.2412125165505611
0.5993898371631179 0.8370413020057829 0.1699658097592996
0.5799716875286963 0.9523878555013494 0.09685019397532638
2 333 0 17
1826
1827
1828
1829
1830
1831
1832
1833
1834
1835
1836
1837
1838
1839
1840
1841
1842
0.3072947007377375 0.6381032187464895 0
0.3687119306144866 0.8624589219812355 0
0.478174942488628 0.5970901689039086 0
0.2414464188985275 0.7245879633298427 0
0.5014194245999989 0.7793504076853719 0
0.4455072503400299 0.5346440677732813 0
0.2239910134712672 0.6446351425992654 0
0.3341693489851187 0.7249035838602289 0
0.4825105968392558 0.6992012617305293 0
0.5015972722928244 0.8558320779697119 0
0.3016161725656935 0.8120584416341069 0
0.3900655461410767 0.5801794826820832 0
0.5160646538748753 0.940028616357397 0
0.2197866552016345 0.8040459636374018 0
0.3994556181793106 0.6669837502627163 0
0.4396919968155304 0.9060181518585271 0
0.4161465451115274 0.7883508246228034 0
2 334 0 0
2 335 0 8
1843
1844
1845
1846
1847
1848
1849
1850
0.6074069909145776 0.6116292598118325 0.1142735894214161
0.613344950102117 0.7165281461228892 0.1046352337977696
0.6465887478919993 0.5896249875165005 0.1932894149122288
0.6004531398159179 0.7947321176700308 0.06446621083585508
0.5964942949937703 0.8623185243262486 0.04343027116171583
0.5823625445317899 0.6585141441064731 0.05721392353581972
0.6369708190080288 0.6565420488711068 0.161609390146208
0.5721425514435936 0.5993710813976281 0.04956016594583557
2 336 0 16
1851
1852
1853
1854
1855
1856
1857
1858
1859
1860
1861
1862
1863
1864
1865
1866
0.4154024293664867 0.7237130615851527 0.2420911299137784
0.4712281168982111 0.750947737725656 0.1245036639112332
0.4605377119827941 0.7495298884733445 0.2030183382827849
0.3875507314198364 0.7766509707526201 0.1837214384909019
0.3800187395890853 0.7581330656808128 0.09605388595769017
0.3230751999648895 0.7328213067644163 0.1486576252042141
0.3357943273383258 0.675527113183169 0.09304179508095939
0.434441024677486 0.6228417531575033 0.09231284388924037
0.3589230813631433 0.6090558934964296 0.135205374204984
0.4768995016865215 0.6299124774943954 0.178868870065475
0.3483937301830743 0.709026204486915 0.2264358783574348
0.3195105269991479 0.6562541950618016 0.1730433077496173
0.378715589730528 0.6151188325394915 0.2074779104648127
0.4404305921852696 0.6255518899302449 0.2166767194036458
0.4827735740224768 0.641944174882327 0.1230092658281904
0.4359892739253545 0.5986345571141256 0.1590644278217017
2 337 0 14
1867
1868
1869
1870
1871
1872
1873
1874
1875
1876
1877
1878
1879
1880
1 0.3504687134566794 0.2048029653995265
1 0.4324409694146501 0.3642349357117725
1 0.2664332871997764 0.364991858857042
1 0.1888676203041402 0.251309552618688
1 0.4625055667295095 0.1661480996777058
1 0.4109601098320793 0.4581066663664429
1 0.1872094321126941 0.3303785263614787
1 0.4739668831744028 0.5034949858120616
1 0.3430667309617475 0.4089622385360403
1 0.3503967570355547 0.3123524165236833
1 0.4338531681423471 0.2611400159198169
1 0.2398190415462282 0.1911280453200441
1 0.2638658086091789 0.2758272275134104
1 0.470367776598793 0.4248192837879375
2 338 0 3
1881
1882
1883
0.8942446411464554 0.5224238826355364 0.1821173019090498
0.7942030668157972 0.5468800488128817 0.217260300503545
0.7161840520568383 0.5490902019289219 0.2330968469683932
2 339 0 3
1884
1885
1886
0.9524580859554901 0.5216478060542415 0.5754053599508587
0.9017875294896002 0.5495915172585625 0.5741424450069994
0.9213531835041225 0.5095412478262528 0.6023096512527646
2 340 0 8
1887
1888
1889
1890
1891
1892
1893
1894
0.8762704990481198 0.5786728206319788 0.3648960376304156
0.9082197769391143 0.5768449594993177 0.4884397934604313
0.9398496495587815 0.5335284638238185 0.2541542334958043
0.9369948685485636 0.5547360111065182 0.4239103110747852
0.8664523719427955 0.592674036829856 0.4423921231004087
0.9402294994404452 0.5428319123979264 0.3357375683126642
0.8775835871059455 0.5688278266781136 0.2860386539588995
0.9572083029322137 0.5521303716218403 0.4896226824695998
2 341 0 15
1895
1896
1897
1898
1899
1900
1901
1902
1903
1904
1905
1906
1907
1908
1909
0.8608297056439167 0.3029721396989235 0.4772822944111522
0.9050155754771469 0.2938297440696194 0.3670663923797576
0.905768656209109 0.2906657728538264 0.4295844844802716
0.8306130240391199 0.2629696968832684 0.4161218305009231
0.795624180010012 0.3957865229888431 0.4665364336878133
0.9087617519764595 0.4113187893132955 0.3752885842089977
0.793680230656347 0.3169808343849707 0.4698189090973766
0.7586817890005481 0.319416790944676 0.4012319277500474
0.7736620771911159 0.4105660004680205 0.3957044164599844
0.8087437835849788 0.2912876426951758 0.3438490913624602
0.853321937828958 0.442746438896361 0.4135519378569686
0.8381901994138725 0.4234512544754749 0.344695888679965
0.8708514945310815 0.4112928997353655 0.4668534113757938
0.778466748535646 0.3621199481166429 0.3390075649351622
0.9156668439000017 0.4026573955240203 0.4290045596198338
2 342 0 11
1910
1911
1912
1913
1914
1915
1916
1917
1918
1919
1920
0.6621013669057851 0.3521524576470509 0.7635595525139824
0.7212125295219965 0.4526965482236787 0.6860702523265457
0.6779972151076518 0.4586349637930632 0.7578274713390196
0.709978569957209 0.3425109294857132 0.703112080846005
0.680261828148142 0.3446433830060417 0.645757807747166
0.6279878273451064 0.484213476961417 0.6894067802997963
0.6231635958804358 0.326456823118261 0.706487988299336
0.5954519061101777 0.4340485021678743 0.7517015488763743
0.5759950233790414 0.3789870345851886 0.6774782316311441
0.7209884981284794 0.4381767205052428 0.7353312048345608
0.7228317610470962 0.3689625551933509 0.6669734279652242
2 343 0 18
1921
1922
1923
1924
1925
1926
1927
1928
1929
1930
1931
1932
1933
1934
1935
1936
1937
1938
0.8482545914425188 0.2294179221756028 1
0.7168842864496017 0.1188887041638879 1
0.5256465921138127 0.2106384299554167 1
0.4248862717779299 0.3273496444342886 1
0.7306029523384355 0.3255556779626789 1
0.3370076202745254 0.368613869070512 1
0.6601150269659225 0.2093919122152177 1
0.4207791085062265 0.4180566521502368 1
0.5978485970358891 0.1451478220029271 1
0.7469908464800157 0.2372265694414729 1
0.8197029274538076 0.1532346309504469 1
0.4997812465771088 0.1317179461097967 1
0.4435493748734023 0.2237506653530506 1
0.8850918758416406 0.2926722504336829 1
0.7439645264778132 0.4035470325682723 1
0.8091521025964477 0.3357110721301459 1
0.8183055156944307 0.07613266978302866 1
0.3725881705279638 0.2763930733655069 1
2 344 0 3
1939
1940
1941
0.624891647321915 0.529842240106244 0.94507563983579
0.8595967019469742 0.3683559006425182 0.9508859498689151
0.6890793618317923 0.48631464996359 0.9548177961160293
2 345 0 4
1942
1943
1944
1945
0.6152929232373027 0.4303244929604532 0.9487469661959769
0.5357857490715374 0.3959038095422532 0.9443976249176407
0.6203719510275019 0.3152896161997259 0.9528835366684998
0.5658162359827499 0.3234038007565443 0.9443976249176363
2 346 0 13
1946
1947
1948
1949
1950
1951
1952
1953
1954
1955
1956
1957
1958
0.871174897486826 0.8634409170788534 1
0.7277586187355607 0.8543128187894476 1
0.915778583028521 0.4389984405871578 1
0.9174211649269672 0.5459111874901691 1
0.8980154048413369 0.772692974795879 1
0.9504942608618111 0.3701099385081001 1
0.9236115314986457 0.6878566868101138 1
0.9430103495298123 0.6208438133836562 1
0.7813172779483241 0.9119324412431121 1
0.862857110433899 0.9417633823672787 1
0.8096928793248018 0.8105630924722862 1
0.7362027588717592 0.7912112663984243 1
0.8536400293948886 0.4945874317622604 1
2 347 0 0
2 348 0 12
1959
1960
1961
1962
1963
1964
1965
1966
1967
1968
1969
1970
0.9514790331924525 0.6210821563227087 0.9409625887380128
0.9339195543908014 0.4752995746814666 0.8861130910155429
0.8794019868566259 0.7746913380466476 0.9067124465993843
0.8853134342720432 0.5519367833141192 0.856174656330981
0.8583177163651785 0.7007516585554816 0.866518017019308
0.9461350696228321 0.5445948742427995 0.9161163685763324
0.9020705205639961 0.8592849717594253 0.9512212042605662
0.83893753830732 0.6270274414867687 0.8281099369322835
0.9277062663138516 0.7016210096048656 0.9372495887066421
0.9312921082757579 0.779130629770725 0.9605687642287228
0.8995774706598509 0.9452416575365469 0.9705073982654856
0.8939401366271615 0.632715751695667 0.8854461305451148
2 349 0 0
2 350 0 7
1971
1972
1973
1974
1975
1976
1977
0.6837292658703962 0.6293245562559999 0.9395568802231621
0.7489563680446095 0.5517248669158715 0.9393529347824583
0.7489563680446095 0.7069242455961281 0.9393529347824578
0.8108833485671598 0.5580083925651029 0.9470487526851941
0.8164413954998998 0.7002676138738402 0.950625506182013
0.6896959814140909 0.5619953363033987 0.9663959977039129
0.7007261401880422 0.6810514949391951 0.9412932551001773
2 351 0 7
1978
1979
1980
1981
1982
1983
1984
0.7034789442151369 0.8026472479731085 0.8607153260436098
0.7351511076597766 0.8828971867246059 0.9051454500031707
0.7394650332746214 0.7436131929745129 0.8296046043245113
0.7465155301839776 0.9455627138392209 0.9394852699533918
0.7730979964610324 0.8243782577162037 0.8743665662776212
0.7445549115972272 0.6784180003948684 0.7943273994803985
0.7965011979225103 0.9024893985931501 0.9174155122816217
2 352 0 15
1985
1986
1987
1988
1989
1990
1991
1992
1993
1994
1995
1996
1997
1998
1999
0.5417241560526346 0.7581117884052277 0.7019189845857823
0.4851113085847376 0.7750155609361782 0.6825125170339094
0.4688621670437412 0.6993954683665545 0.6948392134620793
0.5288707005648685 0.6872790848766056 0.7081598186483421
0.541589213017045 0.6809799820423628 0.5693131434731235
0.4849536387427179 0.6642140942256254 0.5887519784405754
0.5311606409627145 0.7533848244517882 0.5641363901132662
0.4693677707791644 0.7404321527370163 0.5762161091045842
0.4387478703519392 0.7198180409931529 0.6357161458414287
0.5622451707362677 0.6589597246437116 0.6065774547735142
0.5243222925056629 0.6467519587773609 0.6683719969180122
0.5625246992857658 0.7800628128097025 0.6645138377896602
0.4642588684296576 0.662253743251907 0.6477583051868355
0.524586888946258 0.7927440274423739 0.6036987858661437
0.4642583901124839 0.7768968367434859 0.6234887445109969
2 353 0 4
2000
2001
2002
2003
0.6641796009997655 0.9230440060286743 0.5422988850092936
0.6292021524596217 0.9508656626101804 0.6619684019770451
0.6039753749878431 0.9586974914016847 0.7281250856176349
0.655811283740082 0.951809182077559 0.6073487398137707
2 354 0 8
2004
2005
2006
2007
2008
2009
2010
2011
0.4751400926168184 1 0.7117835486823386
0.5704885951224831 1 0.71916016876361
0.5385418542086974 1 0.3509839484242218
0.5326787521128917 1 0.7974407446298964
0.6888484544250956 1 0.4980571745954816
0.4540048514570922 1 0.7911553015770026
0.6626401968211998 1 0.5884571685422521
0.6078855477193317 1 0.663025186434365
2 355 0 6
2012
2013
2014
2015
2016
2017
0.5976145026003497 0.9355767790773966 0.3543171099160884
0.611442614487738 0.8744096015304279 0.4242127849203561
0.6538991264098193 0.9395318114991257 0.4231784813120814
0.5619296268217138 0.8635528990284 0.3699259978222406
0.5622922233569924 0.9520940701679694 0.2949038516203291
0.5515188888614009 0.9058266185464442 0.3205240192135268
2 356 0 9
2018
2019
2020
2021
2022
2023
2024
2025
2026
0.6148751947993299 0.9395028439909046 0.5017433446876667
0.4712847867150696 0.9334204978839531 0.5437173372603873
0.4848617552934169 0.9373735310433292 0.4659117948430144
0.5599092072582035 0.9395350138064021 0.5953927082446101
0.61369510127861 0.9489920699421311 0.5648040651970394
0.5495679835504673 0.9094374139647946 0.527140351776957
0.552704180112051 0.9303532278259714 0.4540890260131614
0.603806790025207 0.9563223247673216 0.4531310663967316
0.4443983866362364 0.9594946588657972 0.5034184715993778
2 357 0 20
2027
2028
2029
2030
2031
2032
2033
2034
2035
2036
2037
2038
2039
2040
2041
2042
2043
2044
2045
2046
0.6806884371315379 1 0.2812031585396567
0.9311390557717656 1 0.318098333815521
0.8356062519181596 1 0.0860175868287249
0.6397661638142931 1 0.1225198578403164
0.7895172568587179 1 0.4236592876952091
0.9156527344756191 1 0.06940027420462958
0.9025187011626565 1 0.162316827071724
0.8055130996508374 1 0.1743929782009856
0.623831577273225 1 0.2079721021436
0.727052445442006 1 0.09055886885913363
0.8671958674330381 1 0.2532236637213809
0.9330731632414133 1 0.3986224506156101
0.7397874110871483 1 0.3537603986161773
0.844312431317493 1 0.3513708205756092
0.7743395365701378 1 0.2643296823783696
0.8754404228325232 1 0.4377796826867582
0.7085318766470061 1 0.1901627746603436
0.9399635439787222 1 0.4533477813640746
0.6452918649012142 1 0.0604190191958119
0.9408509869773246 1 0.2400540555820765
2 358 0 14
2047
2048
2049
2050
2051
2052
2053
2054
2055
2056
2057
2058
2059
2060
0.7014634391260914 0.8289307288643153 0.1108073811927927
0.8788403404889821 0.8650200786073901 0.08234655775216349
0.7967998619798775 0.7248940478003858 0.1674186578850597
0.7523122050438473 0.938752164519312 0.04469738809055313
0.9191663748797583 0.9318697766551757 0.0417115799679183
0.7766416509833076 0.6417124056467843 0.2167225420891022
0.83213986288456 0.9328824051338356 0.04477018635513763
0.8420159348340186 0.7901275939648765 0.1275201829909628
0.7136431513686271 0.7586121865909924 0.1512619196693598
0.7860760114922528 0.8616524110211357 0.08819752819237964
0.7188947436672616 0.6844535634693315 0.1942440140519444
0.6883743257656461 0.9025608876995854 0.06846173481594747
0.718248122377974 0.6269004548556295 0.2277995853577583
0.7693470721292307 0.7968377913590098 0.1266576466923989
2 359 0 16
2061
2062
2063
2064
2065
2066
2067
2068
2069
2070
2071
2072
2073
2074
2075
2076
0.9093764201279396 0.813440930161521 0.4091553475749971
0.9208867149626996 0.7986626355041297 0.2140797573805207
0.8448638137997353 0.6644606117560655 0.3517397914342711
0.9703056117141071 0.9297959613842661 0.3425009209682898
0.9625549667168383 0.8811087729909279 0.1827598765650897
0.9448652874426888 0.8620776842356241 0.2753374902818997
0.906027256480858 0.7874435723611102 0.3155113620880782
0.8727298986731955 0.7329009304043298 0.396837258154816
0.9434676387529811 0.8869256506125127 0.413469131264461
0.8844048787254841 0.7271079893826269 0.2446262193350154
0.8501313473177136 0.6610102682213268 0.2789114960660832
0.9723606217546112 0.9482157369471856 0.4122121345143148
0.8386590580201432 0.6644343387749908 0.4172194739921178
0.9348084429037149 0.8559367597510067 0.3511948504355451
0.9755451731747269 0.9243654911812738 0.2601384707684595
0.8729368739877799 0.7169964156869659 0.3156939396738377
2 360 0 9
2077
2078
2079
2080
2081
2082
2083
2084
2085
0.7343671380903527 0.8768859941920547 0.4825362228951217
0.7282480008125767 0.7504740981633076 0.4726917590591028
0.8709595277303843 0.9188575353491564 0.4886763203320835
0.8239233713010451 0.8465915042213075 0.4821194255634584
0.7881420519632855 0.9343832394827929 0.4881020431160988
0.7690759740251761 0.6872784109728749 0.468706873370524
0.6926542918308696 0.81875023044346 0.4771787408041634
0.8069534078819715 0.7614254259502022 0.4752128621248644
0.7618189958694861 0.812699768032486 0.4781897755471797
2 361 0 0
2 362 0 0
2 363 0 15
2086
2087
2088
2089
2090
2091
2092
2093
2094
2095
2096
2097
2098
2099
2100
0.7692701900348806 0.8034212137546374 0.3912209740510585
0.8398821460281168 0.9208037291487424 0.3130938927257766
0.8044092871121595 0.918666636329479 0.3923637789145112
0.7259072699389963 0.8414407440621917 0.2698441675122667
0.8308899186227723 0.7985953116720703 0.3135392288119123
0.7563610832848351 0.945842136978496 0.3315781890564851
0.7214899979210718 0.8955012940720014 0.3858871145589064
0.7182807203411149 0.8207464849135793 0.3727073801884269
0.7724990364425643 0.7818498729502443 0.3538942893561859
0.6961107177914745 0.8803634332987805 0.3265401632689011
0.7224778688319938 0.8028811615711545 0.3153213214339818
0.7588997053433054 0.927843018009491 0.2798040024470066
0.8322788976296378 0.8112713560411366 0.3732991067955268
0.7798976345751019 0.8109736009850488 0.2654011106063445
0.8506879502758553 0.8990585582612765 0.3628276279504952
2 364 0 13
2101
2102
2103
2104
2105
2106
2107
2108
2109
2110
2111
2112
2113
0.753781390074918 0.8342655350107476 0
0.8480154093411407 0.8038543755327997 0
0.9179290430907139 0.931432774385895 0
0.8327352214727678 0.9045093320926978 0
0.6269747910934464 0.7698803791852016 0
0.6513451794291798 0.8542968971307559 0
0.9304860578410864 0.7427825753488282 0
0.9269142484049776 0.5916970039944301 0
0.7233948309427778 0.9237072300931271 0
0.9298431534555162 0.8439307321001548 0
0.5954517106042836 0.5903291799934951 0
0.6453185655131084 0.9375017711011551 0
0.6061678290661296 0.6513501276741634 0
2 365 0 0
2 366 0 2
2114
2115
1 0.5086984916404298 0.09882712747788543
1 0.6039618791639102 0.06365241755652658
2 367 0 7
2116
2117
2118
2119
2120
2121
2122
0.6855306093163247 0.6510783069670004 0.0617788796813874
0.7505846884340359 0.7283123794819584 0.06195119801256037
0.7505846884340356 0.5738442344520421 0.0619511980125608
0.8199010739887207 0.7249623803941927 0.04825973846542141
0.8139161723347199 0.5770256477360067 0.05190265592435507
0.7017646122973022 0.5988218748759734 0.05942482100938683
0.6927987681144658 0.7228118247300006 0.03725209984832729
2 368 0 3
2123
2124
2125
0.9299989416945174 0.6294341793081405 0.1578078958872042
0.9688305118140319 0.8111456371383425 0.08832825806709754
0.9528704813625437 0.718100810063935 0.1211183257089672
2 369 0 15
2126
2127
2128
2129
2130
2131
2132
2133
2134
2135
2136
2137
2138
2139
2140
1 0.932814970989269 0.8803037968437233
1 0.5539980979042708 0.6242496355438066
1 0.5373389839185478 0.8546602593149345
1 0.9172898180463737 0.7833068935713415
1 0.778793290060676 0.9245653060177061
1 0.5212488577446878 0.7328337572371952
1 0.6345451315156765 0.928514625377317
1 0.8467316243498658 0.8599545486559604
1 0.8672193334162192 0.7063584812209491
1 0.8756038094026494 0.9374077992383392
1 0.8019406729675831 0.6355752796887577
1 0.6995108345095734 0.9478861634552086
1 0.9442711764402523 0.947391576781471
1 0.4590500474326044 0.8972285012712263
1 0.6942730699472596 0.6082536203042617
2 370 0 1
2141
0.9676569057168019 0.9565931673627101 1
2 371 0 2
2142
2143
0.9457069033561363 1 0.9589024715594481
0.9738756025107461 1 0.8788699589131949
2 372 0 12
2144
2145
2146
2147
2148
2149
2150
2151
2152
2153
2154
2155
0.9040283962584861 0.7165098780904546 0.6302546257811521
0.9540816891090819 0.8705973966476412 0.7057005109665655
0.8507274702744512 0.7486626714485128 0.7663171859810018
0.901445438626979 0.914498819190129 0.8534644216925416
0.8699827166963501 0.6324279616806263 0.6017937414519119
0.8234669897883446 0.6725692786433126 0.733858641366981
0.9490910648544915 0.9292616781912955 0.7798130078065295
0.88982368930467 0.8400219156703307 0.7932703083429217
0.9486352701023728 0.7959339713997982 0.6336447472151404
0.9029989221424539 0.781699218462764 0.7040860147420496
0.8487406899240649 0.6555456491648102 0.6673814356137882
0.8673366434284461 0.7159893786927922 0.6989364748308577
2 373 0 1
2156
0.930928668864283 0.619773288912309 0.544742864496749
2 374 0 11
2157
2158
2159
2160
2161
2162
2163
2164
2165
2166
2167
0.9271071964473766 0.6620040073815493 0.8288459636424415
0.9419629824972756 0.6943730869343619 0.6746082277529244
0.9379080418750105 0.6093545344756159 0.7599859640076059
0.9317635472954204 0.7723366966323355 0.7529806721306966
0.9489225475507824 0.7746977559287808 0.8147593814201896
0.9087112818219205 0.7188724489462598 0.7921950262008807
0.9057406614397342 0.6861941027437923 0.738395381873886
0.9487891867853966 0.7554972314607893 0.6909806464080031
0.9544271442280942 0.6111613147148475 0.8174032487478025
0.9449509890967809 0.6333425097138887 0.6953089871469754
0.9448904798874469 0.727222538439391 0.8494366942297036
2 375 0 15
2168
2169
2170
2171
2172
2173
2174
2175
2176
2177
2178
2179
2180
2181
2182
0.8791771803391898 1 0.8215018931908709
0.7595050637274964 1 0.6346267489778541
0.7001491548195204 1 0.7866995704633255
0.9343253369841802 1 0.6240020290728455
0.969495013393045 1 0.5283579710981483
0.7317282607578616 1 0.8888836202810024
0.8784219622536948 1 0.5598426380373867
0.9191151262411486 1 0.7317147016893257
0.8037714147513292 1 0.7385541324559703
0.795018251869763 1 0.5680456239900487
0.7214191391213365 1 0.7070531713738142
0.8369468110521449 1 0.8969168784917471
0.6496153809561511 1 0.8494404862407099
0.8469687151302778 1 0.647918384267297
0.7903545643440091 1 0.8265112189765832
2 376 0 4
2183
2184
2185
2186
0.8792820592428576 0.6588799785313689 0.5148194403653312
0.9617913959624214 0.8665012070243671 0.519846371028535
0.9357752135720596 0.7961931891741649 0.5200263899486115
0.9049498009748727 0.7248927305935791 0.5158641961085553
2 377 0 1
2187
1 0.9482348697277033 0.6287488257225546
2 378 0 15
2188
2189
2190
2191
2192
2193
2194
2195
2196
2197
2198
2199
2200
2201
2202
0.7964924105066913 0.8802309234323358 0.6986040505243929
0.7387391829690176 0.8974752078034861 0.6788066836551627
0.7221627310428832 0.8203318562891591 0.6913816914119001
0.7833800510584781 0.8079714265174114 0.7049706019537663
0.7963547494030992 0.8015454209086247 0.5633270977912661
0.7385783219223579 0.7844418052587646 0.5831574946472059
0.7857161251139425 0.8754087504400349 0.5580460622936539
0.7226785021087342 0.8621951842266569 0.5703691011738996
0.8174267771890058 0.7790816185767416 0.6013420260483976
0.691441807519839 0.8411658134968185 0.6310676883189287
0.7787400258813492 0.7666279369163576 0.6643813145591053
0.8177119405324234 0.9026240987340651 0.660445460943025
0.7174661912440519 0.8993943736231389 0.6185939919713108
0.779009952680237 0.9155607883411941 0.5984053992149645
0.7174666889417173 0.7824419789272236 0.6433524230556354
2 379 0 14
2203
2204
2205
2206
2207
2208
2209
2210
2211
2212
2213
2214
2215
2216
1 0.8351123726481738 0.1520630406578242
1 0.6322297817428543 0.1936108001084478
1 0.9341309397917367 0.406497680855319
1 0.7284547961423221 0.1681753560667413
1 0.9156684395324474 0.3262900562739663
1 0.5687245499789327 0.3211682602661526
1 0.8891736879901281 0.22876057723994
1 0.5910723519563541 0.4464178499055499
1 0.9432275026957316 0.4753540850563001
1 0.5646149349465258 0.2507516377589263
1 0.8194637597366929 0.5068046909214289
1 0.5527589995607567 0.1848864189425948
1 0.6917901672327856 0.5096737348814391
1 0.8818447374575583 0.4595180154037657
2 380 0 0
2 381 0 9
2217
2218
2219
2220
2221
2222
2223
2224
2225
0.9347000258895733 0.7098355050986117 0.4220984541739974
0.9328117271351082 0.7411623716116308 0.2874499350615479
0.9339206412438001 0.670400533403926 0.3483234379206525
0.9349750603224404 0.8110331514822001 0.3373441118930358
0.9566264562286312 0.6561216707120626 0.4038705265213639
0.9126717246966156 0.7442445362100297 0.3630954947314702
0.9368932179027611 0.789067914291139 0.415005070303394
0.9544561863232538 0.6794371354406237 0.2844091861172957
0.9558690738099266 0.8030203986965977 0.2831117021393226
3 1 0 0
3 2 0 0
3 3 0 0
3 4 0 0
3 5 0 1
2226
0.4436180479912388 0.3225456766938311 0.2534269979595443
3 6 0 0
3 7 0 3
2227
2228
2229
0.2719997746506373 0.1269947943443682 0.6862125223974539
0.2690233424637281 0.2691136424911191 0.8787299328624539
0.2578795394247645 0.1184483108682724 0.8255798460377108
3 8 0 0
3 9 0 1
2230
0.1121053809976585 0.8409244804099111 0.6367899469456831
3 10 0 0
3 11 0 2
2231
2232
0.2199198167919135 0.5750793354408066 0.6294112217868549
0.2708175253973465 0.4487978459466008 0.4137783858032979
3 12 0 0
3 13 0 0
3 14 0 0
3 15 0 0
3 16 0 0
3 17 0 1
2233
0.7546747475144061 0.4982290070487403 0.3175113489069493
3 18 0 0
3 19 0 0
3 20 0 0
3 21 0 0
3 22 0 0
3 23 0 0
3 24 0 0
3 25 0 0
3 26 0 1
2234
0.7831672737801006 0.8943394858989329 0.7936596672842984
3 27 0 0
$EndNodes
$Elements
228 14853 1 14853
2 75 2 4
1 387 53 54 
2 387 583 53 
3 62 117 387 
4 117 583 387 
2 84 2 17
5 146 668 812 
6 668 863 812 
7 125 711 617 
8 617 864 618 
9 711 864 617 
10 668 865 863 
11 158 866 710 
12 710 864 711 
13 124 865 668 
14 812 863 811 
15 710 866 864 
16 618 865 124 
17 864 866 863 
18 864 865 618 
19 811 866 158 
20 863 866 811 
21 863 865 864 
2 92 2 39
22 461 869 414 
23 68 461 414 
24 871 872 868 
25 411 871 870 
26 411 870 66 
27 868 876 871 
28 872 874 868 
29 461 877 869 
30 413 872 412 
31 412 871 411 
32 414 869 413 
33 85 877 461 
34 871 876 870 
35 620 867 619 
36 870 876 867 
37 867 875 870 
38 690 874 689 
39 692 873 691 
40 691 868 690 
41 66 870 401 
42 873 876 868 
43 619 878 126 
44 126 878 692 
45 412 872 871 
46 869 872 413 
47 868 874 690 
48 691 873 868 
49 869 874 872 
50 64 875 620 
51 689 877 85 
52 401 875 64 
53 620 875 867 
54 874 877 689 
55 869 877 874 
56 867 876 873 
57 870 875 401 
58 867 878 619 
59 692 878 873 
60 873 878 867 
2 99 2 18
61 390 401 64 
62 62 879 391 
63 390 881 401 
64 391 880 390 
65 397 879 396 
66 880 881 390 
67 396 882 55 
68 397 880 879 
69 879 880 391 
70 398 880 397 
71 55 882 54 
72 54 882 387 
73 387 879 62 
74 66 881 398 
75 401 881 66 
76 398 881 880 
77 879 882 396 
78 387 882 879 
2 110 2 33
79 124 614 618 
80 886 887 391 
81 614 889 618 
82 886 888 887 
83 125 891 126 
84 885 891 125 
85 887 888 612 
86 117 887 612 
87 391 887 62 
88 886 890 888 
89 884 889 614 
90 883 890 886 
91 390 886 391 
92 613 884 614 
93 612 888 613 
94 886 892 883 
95 619 883 620 
96 888 890 884 
97 613 888 884 
98 617 885 125 
99 889 890 885 
100 884 890 889 
101 390 892 886 
102 64 892 390 
103 618 889 617 
104 883 891 890 
105 126 891 619 
106 619 891 883 
107 890 891 885 
108 620 892 64 
109 883 892 620 
110 617 889 885 
111 62 887 117 
2 131 2 23
112 125 692 126 
113 710 894 711 
114 125 896 692 
115 894 896 711 
116 160 898 158 
117 84 895 827 
118 711 896 125 
119 827 893 160 
120 827 895 893 
121 689 895 85 
122 710 898 894 
123 894 898 893 
124 893 897 894 
125 691 894 690 
126 158 898 710 
127 895 897 893 
128 893 898 160 
129 692 896 691 
130 691 896 894 
131 690 897 689 
132 85 895 84 
133 894 897 690 
134 689 897 895 
2 132 2 39
135 900 902 828 
136 900 906 902 
137 186 907 829 
138 902 906 899 
139 899 908 902 
140 906 907 904 
141 904 909 906 
142 903 905 901 
143 831 904 187 
144 185 900 828 
145 828 902 146 
146 830 907 186 
147 901 904 831 
148 613 905 612 
149 614 899 613 
150 187 904 830 
151 903 910 905 
152 612 910 117 
153 53 903 832 
154 832 903 901 
155 899 905 613 
156 832 901 831 
157 124 908 614 
158 905 909 901 
159 905 910 612 
160 900 907 906 
161 901 909 904 
162 906 909 899 
163 614 908 899 
164 146 902 668 
165 668 908 124 
166 829 907 900 
167 899 909 905 
168 904 907 830 
169 117 910 583 
170 583 903 53 
171 902 908 668 
172 829 900 185 
173 583 910 903 
2 133 2 33
174 913 915 834 
175 66 411 398 
176 912 915 913 
177 834 915 833 
178 411 914 398 
179 912 914 412 
180 412 914 411 
181 911 919 916 
182 398 914 397 
183 916 919 913 
184 833 917 188 
185 397 914 911 
186 68 917 414 
187 836 916 189 
188 189 916 835 
189 913 919 912 
190 835 913 834 
191 916 918 911 
192 915 917 833 
193 912 919 914 
194 414 917 915 
195 414 915 413 
196 413 912 412 
197 397 911 396 
198 835 916 913 
199 413 915 912 
200 55 918 836 
201 914 919 911 
202 396 918 55 
203 836 918 916 
204 911 918 396 
205 70 917 68 
206 188 917 70 
2 134 2 11
207 187 837 831 
208 55 920 836 
209 832 920 53 
210 831 921 832 
211 832 921 836 
212 836 921 189 
213 836 920 832 
214 837 921 831 
215 189 921 837 
216 53 920 54 
217 54 920 55 
2 135 2 21
218 833 841 188 
219 838 922 830 
220 186 838 830 
221 187 922 837 
222 840 923 839 
223 838 926 922 
224 840 925 923 
225 923 924 922 
226 923 925 834 
227 830 922 187 
228 835 923 834 
229 834 925 833 
230 189 924 835 
231 922 924 837 
232 922 926 923 
233 835 924 923 
234 841 925 840 
235 923 926 839 
236 839 926 838 
237 837 924 189 
238 833 925 841 
2 136 2 11
239 811 843 158 
240 828 185 842 
241 843 927 842 
242 842 928 828 
243 811 927 843 
244 812 927 811 
245 828 928 146 
246 146 928 812 
247 927 928 842 
248 812 928 927 
249 158 843 160 
2 137 2 4
250 844 70 68 
251 68 461 844 
252 844 85 84 
253 844 461 85 
2 138 2 29
254 840 931 841 
255 931 932 827 
256 84 931 827 
257 929 931 840 
258 929 932 931 
259 70 934 844 
260 931 934 841 
261 844 931 84 
262 842 930 185 
263 186 935 838 
264 841 934 188 
265 185 930 829 
266 160 932 843 
267 839 929 840 
268 929 933 932 
269 188 934 70 
270 827 932 160 
271 843 933 842 
272 932 933 843 
273 842 933 930 
274 844 934 931 
275 839 936 929 
276 933 936 930 
277 838 936 839 
278 929 936 933 
279 935 936 838 
280 829 935 186 
281 930 936 935 
282 930 935 829 
2 140 2 29
283 937 940 939 
284 939 943 937 
285 354 832 53 
286 939 940 845 
287 357 941 356 
288 354 944 832 
289 349 941 357 
290 187 939 845 
291 52 940 351 
292 349 357 51 
293 190 940 52 
294 938 944 354 
295 350 941 349 
296 937 943 941 
297 845 940 190 
298 351 937 350 
299 351 940 937 
300 941 943 942 
301 937 941 350 
302 355 938 354 
303 941 942 356 
304 831 939 187 
305 356 942 355 
306 939 944 943 
307 943 944 938 
308 355 942 938 
309 832 944 831 
310 942 943 938 
311 831 944 939 
2 141 2 9
312 185 945 172 
313 147 945 671 
314 828 945 185 
315 146 946 828 
316 945 946 671 
317 145 946 146 
318 828 946 945 
319 671 946 145 
320 172 945 147 
2 142 2 16
321 144 669 664 
322 138 950 135 
323 846 949 172 
324 172 949 147 
325 670 949 948 
326 670 948 669 
327 669 948 664 
328 135 947 191 
329 948 949 947 
330 664 950 138 
331 947 949 846 
332 948 950 664 
333 135 950 947 
334 147 949 670 
335 191 947 846 
336 947 950 948 
2 143 2 8
337 845 951 190 
338 186 951 830 
339 830 951 845 
340 191 951 186 
341 187 830 845 
342 135 951 191 
343 847 951 135 
344 190 951 847 
2 144 2 6
345 138 952 847 
346 110 952 138 
347 190 952 52 
348 847 952 190 
349 52 952 110 
350 135 138 847 
2 145 2 6
351 172 829 185 
352 186 953 191 
353 191 953 846 
354 172 953 829 
355 846 953 172 
356 829 953 186 
2 146 2 35
357 956 958 955 
358 31 285 849 
359 834 959 833 
360 955 959 956 
361 849 958 848 
362 958 962 848 
363 285 958 849 
364 188 961 69 
365 416 957 415 
366 286 958 285 
367 956 959 834 
368 955 958 286 
369 956 962 958 
370 415 957 289 
371 415 289 27 
372 833 959 954 
373 416 961 957 
374 833 954 188 
375 835 956 834 
376 69 961 416 
377 955 960 959 
378 961 963 957 
379 289 957 288 
380 288 960 287 
381 287 955 286 
382 848 962 189 
383 189 962 835 
384 957 960 288 
385 287 960 955 
386 959 963 954 
387 954 961 188 
388 960 963 959 
389 835 962 956 
390 957 963 960 
391 954 963 961 
2 148 2 16
392 238 964 237 
393 237 964 849 
394 55 836 360 
395 965 966 361 
396 836 965 360 
397 848 965 189 
398 360 965 361 
399 189 965 836 
400 964 966 965 
401 849 964 848 
402 964 965 848 
403 238 966 964 
404 361 966 17 
405 17 966 238 
406 849 31 11 
407 237 849 11 
2 151 2 1
408 69 70 188 
2 152 2 15
409 306 967 38 
410 12 969 281 
411 30 280 307 
412 968 969 967 
413 281 969 968 
414 39 967 850 
415 967 969 850 
416 38 967 40 
417 306 968 967 
418 307 968 306 
419 280 968 307 
420 281 968 280 
421 40 967 39 
422 850 969 14 
423 14 969 12 
2 154 2 2
424 40 312 38 
425 38 312 36 
2 159 2 6
426 850 225 14 
427 311 970 850 
428 225 970 15 
429 15 970 311 
430 850 970 225 
431 39 311 850 
2 161 2 56
432 78 857 856 
433 134 976 191 
434 857 986 856 
435 982 985 983 
436 841 975 188 
437 134 985 976 
438 191 976 186 
439 983 985 974 
440 859 975 972 
441 975 978 972 
442 841 978 975 
443 852 974 851 
444 980 988 983 
445 851 985 134 
446 984 986 972 
447 977 986 984 
448 856 986 977 
449 69 975 859 
450 976 985 982 
451 192 981 852 
452 852 981 974 
453 983 988 971 
454 854 973 853 
455 855 979 854 
456 856 977 855 
457 186 976 838 
458 853 981 192 
459 838 982 839 
460 839 971 840 
461 978 988 984 
462 979 980 973 
463 983 987 980 
464 984 988 980 
465 978 984 972 
466 854 979 973 
467 979 984 980 
468 977 979 855 
469 973 981 853 
470 859 972 858 
471 841 989 978 
472 839 982 971 
473 974 985 851 
474 976 982 838 
475 971 989 840 
476 980 987 973 
477 982 983 971 
478 981 987 974 
479 977 984 979 
480 988 989 971 
481 858 986 857 
482 974 987 983 
483 840 989 841 
484 973 987 981 
485 972 986 858 
486 978 989 988 
487 188 975 69 
2 162 2 25
488 95 853 192 
489 855 992 991 
490 447 990 277 
491 854 992 855 
492 853 993 854 
493 854 993 992 
494 856 991 990 
495 992 995 991 
496 856 990 78 
497 991 994 990 
498 990 994 277 
499 277 994 29 
500 992 993 491 
501 95 993 853 
502 855 991 856 
503 492 992 491 
504 491 993 96 
505 96 993 95 
506 29 994 493 
507 492 995 992 
508 78 990 447 
509 493 995 492 
510 994 995 493 
511 991 995 994 
512 28 447 277 
2 163 2 38
513 525 1007 1000 
514 525 1000 524 
515 1003 1007 525 
516 190 998 847 
517 134 1004 851 
518 524 997 38 
519 524 1000 997 
520 192 999 95 
521 40 997 45 
522 1000 1006 1005 
523 1002 1004 134 
524 860 998 190 
525 852 999 192 
526 997 1005 45 
527 1000 1005 997 
528 45 1005 861 
529 1005 1006 1001 
530 851 996 852 
531 861 1001 860 
532 1001 1004 998 
533 135 1002 134 
534 851 1004 996 
535 1001 1006 1004 
536 996 999 852 
537 860 1001 998 
538 847 1002 135 
539 100 1003 525 
540 95 1003 100 
541 998 1002 847 
542 999 1003 95 
543 38 997 40 
544 1004 1006 996 
545 996 1007 999 
546 861 1005 1001 
547 999 1007 1003 
548 998 1004 1002 
549 1006 1007 996 
550 1000 1007 1006 
2 164 2 1
551 134 135 191 
2 165 2 24
552 1008 1010 279 
553 38 524 306 
554 30 1008 279 
555 1009 1010 1008 
556 29 278 493 
557 100 1012 525 
558 525 1013 524 
559 491 1012 96 
560 524 1011 306 
561 524 1013 1011 
562 492 1009 491 
563 279 1010 278 
564 493 1010 492 
565 278 1010 493 
566 96 1012 100 
567 307 1008 30 
568 306 1011 307 
569 492 1010 1009 
570 1009 1012 491 
571 1008 1013 1009 
572 307 1011 1008 
573 1011 1013 1008 
574 1009 1013 1012 
575 1012 1013 525 
2 166 2 1
576 95 100 96 
2 167 2 36
577 1017 1019 287 
578 286 1017 287 
579 1014 1020 1016 
580 30 1015 280 
581 1016 1018 1014 
582 1019 1020 1014 
583 1015 1017 280 
584 1015 1019 1017 
585 13 1023 31 
586 1015 1020 1019 
587 276 1018 28 
588 28 1018 277 
589 12 1023 13 
590 281 1023 12 
591 277 1016 29 
592 1018 1021 1014 
593 31 1023 285 
594 277 1018 1016 
595 280 1022 281 
596 1017 1022 280 
597 288 1014 289 
598 287 1019 288 
599 29 1016 278 
600 279 1015 30 
601 278 1020 279 
602 286 1022 1017 
603 285 1022 286 
604 288 1019 1014 
605 1016 1020 278 
606 279 1020 1015 
607 27 1021 276 
608 1014 1021 289 
609 289 1021 27 
610 276 1021 1018 
611 285 1023 1022 
612 1022 1023 281 
2 168 2 31
613 1027 1029 1028 
614 1025 1029 1027 
615 45 1024 39 
616 31 1026 849 
617 1028 1030 1027 
618 45 1030 1024 
619 187 1025 845 
620 189 1029 837 
621 1027 1031 1025 
622 850 1026 14 
623 848 1029 189 
624 861 1030 45 
625 849 1028 848 
626 860 1027 861 
627 1024 1030 1028 
628 845 1031 190 
629 190 1031 860 
630 1025 1031 845 
631 1028 1029 848 
632 850 1032 1026 
633 1024 1032 850 
634 39 1024 850 
635 1028 1032 1024 
636 1027 1030 861 
637 837 1029 1025 
638 1026 1032 849 
639 849 1032 1028 
640 860 1031 1027 
641 837 1025 187 
642 13 1026 31 
643 14 1026 13 
2 169 2 1
644 12 13 14 
2 170 2 1
645 39 40 45 
2 171 2 15
646 276 447 28 
647 859 416 69 
648 857 1033 858 
649 276 1034 447 
650 1033 1035 858 
651 415 1035 1033 
652 27 1033 276 
653 415 1033 27 
654 416 1035 415 
655 78 1034 857 
656 1033 1034 276 
657 858 1035 859 
658 447 1034 78 
659 857 1034 1033 
660 859 1035 416 
2 184 2 1
661 11 13 31 
2 195 2 14
662 45 332 861 
663 333 1036 332 
664 353 1036 352 
665 332 1036 861 
666 353 1037 1036 
667 860 1037 190 
668 861 1036 860 
669 1036 1037 860 
670 333 1038 1036 
671 190 1037 52 
672 52 1037 353 
673 1036 1038 352 
674 352 1038 46 
675 46 1038 333 
2 198 2 7
676 642 647 133 
677 862 643 132 
678 647 1039 136 
679 643 1039 642 
680 136 1039 862 
681 642 1039 647 
682 862 1039 643 
2 200 2 37
683 1043 1044 1040 
684 132 1042 862 
685 1040 1044 1042 
686 1040 1045 1043 
687 93 1042 132 
688 494 1042 93 
689 495 1040 494 
690 164 1043 728 
691 1043 1045 728 
692 1040 1047 1045 
693 728 1045 727 
694 727 1041 726 
695 726 1046 725 
696 496 1047 495 
697 744 1043 164 
698 495 1047 1040 
699 1047 1049 1041 
700 87 1050 463 
701 862 1044 136 
702 725 1050 87 
703 136 1044 744 
704 1045 1047 1041 
705 1040 1042 494 
706 727 1045 1041 
707 1041 1046 726 
708 1041 1049 1046 
709 497 1049 496 
710 79 1048 497 
711 496 1049 1047 
712 1046 1049 1048 
713 1042 1044 862 
714 463 1048 79 
715 1048 1049 497 
716 744 1044 1043 
717 1048 1050 1046 
718 1046 1050 725 
719 463 1050 1048 
2 209 2 14
720 646 744 136 
721 646 1053 744 
722 191 1051 134 
723 765 1051 846 
724 1052 1053 646 
725 766 1052 765 
726 134 1052 646 
727 765 1052 1051 
728 1051 1052 134 
729 164 1053 766 
730 766 1053 1052 
731 744 1053 164 
732 846 1051 191 
733 765 846 172 
2 214 2 1
734 94 95 192 
2 215 2 11
735 862 1055 132 
736 851 1054 646 
737 646 1054 136 
738 136 1054 862 
739 862 1054 852 
740 852 1055 862 
741 94 1055 192 
742 852 1054 851 
743 132 1055 94 
744 134 851 646 
745 192 1055 852 
2 217 2 1
746 93 94 132 
2 219 2 41
747 185 1060 172 
748 1058 1062 1056 
749 1056 1068 1058 
750 1062 1064 1056 
751 172 1060 765 
752 87 725 464 
753 842 1060 185 
754 464 1058 83 
755 719 1063 160 
756 725 1067 464 
757 843 1057 842 
758 160 1063 843 
759 1063 1064 1057 
760 728 1059 727 
761 727 1062 726 
762 1057 1065 1060 
763 843 1063 1057 
764 1057 1060 842 
765 164 1061 728 
766 766 1061 164 
767 1057 1066 1065 
768 1059 1064 1062 
769 464 1067 1058 
770 1056 1063 719 
771 1059 1062 727 
772 1064 1066 1057 
773 720 1056 719 
774 1058 1067 1062 
775 765 1065 766 
776 1056 1064 1063 
777 728 1061 1059 
778 1058 1068 83 
779 1062 1067 726 
780 766 1065 1061 
781 1059 1066 1064 
782 726 1067 725 
783 1060 1065 765 
784 1065 1066 1061 
785 83 1068 720 
786 1061 1066 1059 
787 720 1068 1056 
2 220 2 26
788 855 1070 856 
789 856 1070 450 
790 1069 1071 1070 
791 78 856 450 
792 79 448 497 
793 1070 1071 449 
794 1070 1074 1069 
795 449 1071 448 
796 855 1074 1070 
797 448 1071 497 
798 494 1073 93 
799 192 1073 853 
800 497 1071 496 
801 450 1070 449 
802 93 1073 94 
803 496 1069 495 
804 496 1071 1069 
805 853 1072 854 
806 495 1072 494 
807 94 1073 192 
808 1069 1072 495 
809 854 1074 855 
810 853 1073 1072 
811 1072 1073 494 
812 1072 1074 854 
813 1069 1074 1072 
2 221 2 44
814 78 450 857 
815 450 1083 857 
816 456 1082 83 
817 857 1083 858 
818 1076 1079 1078 
819 1082 1087 1081 
820 1075 1087 1082 
821 1076 1084 1079 
822 1080 1081 1077 
823 448 1080 1077 
824 1076 1078 859 
825 1081 1085 1082 
826 1083 1084 1076 
827 1080 1085 1081 
828 1075 1082 456 
829 70 1078 844 
830 79 1080 448 
831 1081 1084 1077 
832 1083 1088 1084 
833 844 1086 84 
834 83 1082 464 
835 859 1078 69 
836 858 1083 1076 
837 1078 1079 844 
838 448 1077 449 
839 1084 1088 1077 
840 1079 1086 844 
841 464 1085 87 
842 87 1085 463 
843 463 1080 79 
844 449 1088 450 
845 1084 1087 1079 
846 1082 1085 464 
847 1081 1087 1084 
848 858 1076 859 
849 1079 1087 1086 
850 450 1088 1083 
851 457 1075 456 
852 84 1086 457 
853 463 1085 1080 
854 1086 1087 1075 
855 1077 1088 449 
856 457 1086 1075 
857 69 1078 70 
2 222 2 8
858 160 827 719 
859 83 720 456 
860 84 457 827 
861 827 1089 719 
862 457 1089 827 
863 456 1089 457 
864 719 1089 720 
865 720 1089 456 
2 229 2 14
866 193 194 1090 
867 194 195 1091 
868 194 197 198 
869 197 194 1091 
870 198 199 1090 
871 3 197 1091 
872 196 3 1091 
873 195 196 1091 
874 194 198 1090 
875 199 193 1090 
876 195 2 196 
877 1 4 5 
878 4 1 193 
879 4 193 199 
2 230 2 66
880 218 1096 1099 
881 1096 195 1099 
882 204 205 1094 
883 216 1093 1097 
884 210 2 1096 
885 218 219 1096 
886 219 1095 1096 
887 10 212 1100 
888 213 206 1102 
889 10 1092 1105 
890 1095 210 1096 
891 1092 10 1100 
892 1095 219 1105 
893 2 195 1096 
894 206 207 1102 
895 204 1094 1109 
896 1097 1093 1108 
897 201 202 1097 
898 195 194 1099 
899 207 7 1098 
900 201 1097 1108 
901 193 1 1107 
902 1094 205 1104 
903 1 200 1107 
904 215 1097 1103 
905 6 204 1109 
906 203 6 1109 
907 8 9 1101 
908 1094 215 1103 
909 211 210 1095 
910 206 213 1104 
911 217 1099 1106 
912 1093 217 1106 
913 1092 1101 1105 
914 215 216 1097 
915 216 217 1093 
916 217 218 1099 
917 214 215 1094 
918 214 1094 1104 
919 194 193 1106 
920 213 214 1104 
921 1101 1095 1105 
922 212 1098 1100 
923 209 8 1092 
924 7 208 1098 
925 208 209 1100 
926 202 203 1103 
927 200 201 1108 
928 9 211 1101 
929 219 10 1105 
930 1097 202 1103 
931 207 1098 1102 
932 205 206 1104 
933 212 213 1102 
934 211 1095 1101 
935 1092 8 1101 
936 1099 194 1106 
937 209 1092 1100 
938 1098 208 1100 
939 1093 1106 1107 
940 1106 193 1107 
941 1107 200 1108 
942 1098 212 1102 
943 1093 1107 1108 
944 1103 203 1109 
945 1094 1103 1109 
2 231 2 28
946 220 211 9 
947 223 1117 12 
948 223 1115 1111 
949 220 1116 211 
950 224 1115 223 
951 3 1114 224 
952 1111 1113 223 
953 11 1113 222 
954 211 1110 210 
955 210 1112 2 
956 2 1112 196 
957 211 1116 1110 
958 222 1111 221 
959 1110 1112 210 
960 1111 1115 1110 
961 1110 1115 1112 
962 1110 1116 1111 
963 196 1114 3 
964 221 1116 220 
965 222 1113 1111 
966 1111 1116 221 
967 1114 1115 224 
968 1112 1115 1114 
969 1112 1114 196 
970 11 1117 1113 
971 1113 1117 223 
972 12 1117 13 
973 13 1117 11 
2 232 2 29
974 223 12 1122 
975 4 199 226 
976 1120 1118 1123 
977 1120 1123 1124 
978 198 197 1118 
979 229 228 1120 
980 15 229 1119 
981 14 225 1122 
982 1119 229 1120 
983 3 224 1123 
984 1122 1119 1124 
985 199 198 1121 
986 1119 1120 1124 
987 223 1122 1124 
988 1118 1120 1125 
989 227 226 1121 
990 198 1118 1121 
991 197 3 1123 
992 226 199 1121 
993 224 223 1124 
994 1123 224 1124 
995 1118 197 1123 
996 12 14 1122 
997 225 15 1119 
998 1120 228 1125 
999 228 227 1125 
1000 1121 1118 1125 
1001 227 1121 1125 
1002 225 1119 1122 
2 233 2 25
1003 228 229 1127 
1004 229 236 1127 
1005 1127 235 1129 
1006 15 236 229 
1007 1126 1127 1129 
1008 230 5 1131 
1009 16 233 234 
1010 4 226 1131 
1011 228 1127 1130 
1012 235 234 1129 
1013 236 235 1127 
1014 232 231 1126 
1015 234 233 1129 
1016 233 232 1129 
1017 231 230 1128 
1018 226 227 1128 
1019 1126 231 1128 
1020 232 1126 1129 
1021 227 228 1130 
1022 1127 1126 1130 
1023 5 4 1131 
1024 1128 227 1130 
1025 1126 1128 1130 
1026 226 1128 1131 
1027 1128 230 1131 
2 234 2 10
1028 1 5 230 
1029 200 1 230 
1030 6 203 16 
1031 16 203 233 
1032 201 200 231 
1033 200 230 231 
1034 201 232 202 
1035 232 201 231 
1036 203 202 233 
1037 202 232 233 
2 235 2 41
1038 205 204 1142 
1039 1139 205 1142 
1040 1134 1133 1137 
1041 1133 1135 1137 
1042 1137 1132 1140 
1043 15 225 1138 
1044 1132 1137 1138 
1045 1133 1134 1136 
1046 6 16 1142 
1047 1135 1133 1143 
1048 1140 1132 1141 
1049 236 15 1138 
1050 204 6 1142 
1051 17 239 1134 
1052 1137 1135 1138 
1053 14 13 1141 
1054 205 1139 1143 
1055 207 1133 1136 
1056 225 1132 1138 
1057 234 235 1139 
1058 235 236 1135 
1059 235 1135 1139 
1060 1139 1135 1143 
1061 16 234 1142 
1062 1135 236 1138 
1063 207 206 1133 
1064 7 207 1136 
1065 234 1139 1142 
1066 1134 1137 1140 
1067 11 237 1141 
1068 237 1140 1141 
1069 238 17 1134 
1070 206 205 1143 
1071 237 238 1140 
1072 225 14 1132 
1073 1134 239 1136 
1074 1133 206 1143 
1075 238 1134 1140 
1076 239 7 1136 
1077 13 11 1141 
1078 1132 14 1141 
2 236 2 9
1079 209 208 1144 
1080 17 240 1144 
1081 240 209 1144 
1082 239 17 1145 
1083 208 239 1145 
1084 17 1144 1145 
1085 1144 208 1145 
1086 208 7 239 
1087 240 8 209 
2 237 2 14
1088 220 9 8 
1089 237 11 222 
1090 220 8 1147 
1091 8 240 1147 
1092 238 237 1146 
1093 221 220 1147 
1094 222 221 1146 
1095 237 222 1146 
1096 240 17 1148 
1097 1146 1147 1148 
1098 17 238 1148 
1099 1146 221 1147 
1100 238 1146 1148 
1101 1147 240 1148 
2 238 2 29
1102 1150 1151 1154 
1103 1154 1151 1155 
1104 1154 1149 1156 
1105 1151 1150 1157 
1106 1152 1154 1156 
1107 214 213 1150 
1108 218 217 1149 
1109 212 10 1151 
1110 1153 1150 1154 
1111 214 1150 1153 
1112 218 1149 1159 
1113 1149 1154 1155 
1114 216 215 1152 
1115 219 218 1159 
1116 1152 1153 1154 
1117 215 214 1153 
1118 10 219 1158 
1119 217 216 1156 
1120 213 212 1157 
1121 1149 217 1156 
1122 1150 213 1157 
1123 1151 10 1158 
1124 212 1151 1157 
1125 1155 1151 1158 
1126 1149 1155 1159 
1127 216 1152 1156 
1128 1152 215 1153 
1129 1158 219 1159 
1130 1155 1158 1159 
2 239 2 89
1131 1172 1167 1173 
1132 1174 1167 1181 
1133 258 263 259 
1134 264 265 1179 
1135 241 242 1177 
1136 259 263 1170 
1137 242 1171 1177 
1138 1168 1174 1181 
1139 1164 1172 1173 
1140 263 264 1170 
1141 1171 261 1177 
1142 1162 260 1171 
1143 263 258 24 
1144 258 257 24 
1145 265 1165 1179 
1146 1167 1161 1181 
1147 255 22 1170 
1148 1177 262 1185 
1149 19 250 1173 
1150 262 1182 1185 
1151 1162 1171 1175 
1152 23 1162 1181 
1153 242 243 1171 
1154 1161 23 1181 
1155 1172 1160 1183 
1156 1173 1167 1174 
1157 1163 255 1170 
1158 1171 243 1175 
1159 253 21 1176 
1160 1178 1168 1184 
1161 1160 1176 1183 
1162 1168 1181 1184 
1163 249 19 1173 
1164 1160 1172 1180 
1165 247 248 1168 
1166 1165 1167 1172 
1167 2 241 1166 
1168 1170 264 1179 
1169 248 249 1174 
1170 1172 1164 1180 
1171 250 1164 1173 
1172 1168 248 1174 
1173 244 245 1169 
1174 243 244 1175 
1175 247 1168 1178 
1176 246 247 1178 
1177 20 252 1180 
1178 1165 1161 1167 
1179 22 259 1170 
1180 1163 1170 1179 
1181 249 1173 1174 
1182 18 246 1186 
1183 1162 1175 1184 
1184 1165 1172 1183 
1185 1160 253 1176 
1186 245 18 1186 
1187 244 1169 1175 
1188 1179 1165 1183 
1189 21 254 1176 
1190 261 262 1177 
1191 23 260 1162 
1192 1166 1177 1185 
1193 265 23 1161 
1194 256 3 1185 
1195 260 261 1171 
1196 254 255 1163 
1197 265 1161 1165 
1198 251 20 1180 
1199 1166 241 1177 
1200 1175 1169 1184 
1201 257 256 1182 
1202 24 257 1182 
1203 250 251 1164 
1204 3 196 1185 
1205 1169 1178 1184 
1206 262 24 1182 
1207 1181 1162 1184 
1208 1163 1179 1183 
1209 252 253 1160 
1210 1176 1163 1183 
1211 246 1178 1186 
1212 1169 245 1186 
1213 252 1160 1180 
1214 1178 1169 1186 
1215 254 1163 1176 
1216 196 2 1166 
1217 1182 256 1185 
1218 1164 251 1180 
1219 196 1166 1185 
2 240 2 25
1220 2 210 241 
1221 269 268 1187 
1222 1187 268 1189 
1223 18 245 1190 
1224 268 267 1189 
1225 1187 242 1188 
1226 1189 267 1191 
1227 242 241 1188 
1228 243 242 1187 
1229 1187 1188 1192 
1230 244 1189 1191 
1231 9 269 1192 
1232 244 243 1189 
1233 245 244 1191 
1234 210 211 1188 
1235 243 1187 1189 
1236 266 25 1190 
1237 211 9 1192 
1238 241 210 1188 
1239 269 1187 1192 
1240 267 266 1191 
1241 25 18 1190 
1242 266 1190 1191 
1243 1188 211 1192 
1244 1190 245 1191 
2 241 2 15
1245 18 1193 246 
1246 271 272 246 
1247 26 270 249 
1248 247 273 248 
1249 272 273 247 
1250 273 274 248 
1251 248 1194 249 
1252 271 1193 25 
1253 249 1194 26 
1254 26 1194 274 
1255 274 1194 248 
1256 246 1193 271 
1257 25 1193 18 
1258 249 270 19 
1259 246 272 247 
2 242 2 14
1260 26 275 270 
1261 275 27 1196 
1262 1195 275 1196 
1263 270 275 1195 
1264 276 28 1197 
1265 27 276 1196 
1266 20 251 1197 
1267 250 19 1195 
1268 19 270 1195 
1269 251 250 1196 
1270 1196 276 1197 
1271 251 1196 1197 
1272 250 1195 1196 
1273 28 20 1197 
2 243 2 5
1274 29 21 253 
1275 252 28 277 
1276 253 277 29 
1277 20 28 252 
1278 252 277 253 
2 244 2 6
1279 30 22 279 
1280 21 29 254 
1281 279 22 255 
1282 29 278 254 
1283 254 278 255 
1284 278 279 255 
2 245 2 20
1285 1198 1200 281 
1286 3 256 224 
1287 281 1200 280 
1288 281 1201 1198 
1289 256 1199 224 
1290 257 1199 256 
1291 258 1198 257 
1292 224 1199 223 
1293 30 1202 22 
1294 22 1202 259 
1295 280 1202 30 
1296 258 1200 1198 
1297 259 1200 258 
1298 1198 1201 1199 
1299 1199 1201 223 
1300 223 1201 12 
1301 12 1201 281 
1302 1198 1199 257 
1303 259 1202 1200 
1304 1200 1202 280 
2 246 2 10
1305 282 24 1203 
1306 23 284 1204 
1307 24 262 1203 
1308 260 23 1204 
1309 283 1203 1204 
1310 1203 261 1204 
1311 283 282 1203 
1312 284 283 1204 
1313 261 260 1204 
1314 262 261 1203 
2 247 2 10
1315 284 23 265 
1316 24 282 1206 
1317 263 24 1206 
1318 284 265 1205 
1319 282 283 1206 
1320 1205 264 1206 
1321 265 264 1205 
1322 283 1205 1206 
1323 264 263 1206 
1324 283 284 1205 
2 248 2 73
1325 1219 1228 1220 
1326 1216 1228 1219 
1327 1214 1223 1208 
1328 1209 1224 1219 
1329 1219 1231 1216 
1330 1219 1224 1211 
1331 1219 1220 1209 
1332 285 1226 31 
1333 1214 1216 1215 
1334 1213 1223 1214 
1335 1214 1215 1210 
1336 1228 1230 1220 
1337 26 1212 275 
1338 1208 1228 1214 
1339 1221 1229 1227 
1340 287 1218 286 
1341 289 1221 288 
1342 273 1217 274 
1343 271 1213 272 
1344 272 1210 273 
1345 274 1212 26 
1346 286 1211 285 
1347 288 1207 287 
1348 9 1225 269 
1349 1208 1230 1228 
1350 1222 1229 1221 
1351 268 1208 267 
1352 1213 1214 1210 
1353 1225 1230 269 
1354 1218 1219 1211 
1355 11 1226 222 
1356 275 1222 27 
1357 1212 1222 275 
1358 27 1222 289 
1359 1215 1217 1210 
1360 1210 1217 273 
1361 272 1213 1210 
1362 274 1217 1212 
1363 286 1218 1211 
1364 1207 1218 287 
1365 288 1221 1207 
1366 1212 1229 1222 
1367 267 1223 266 
1368 221 1209 220 
1369 289 1222 1221 
1370 25 1232 271 
1371 266 1232 25 
1372 1218 1231 1219 
1373 1216 1227 1215 
1374 1227 1229 1215 
1375 1214 1228 1216 
1376 1211 1226 285 
1377 222 1224 221 
1378 1208 1223 267 
1379 1220 1225 1209 
1380 1220 1230 1225 
1381 220 1225 9 
1382 1221 1227 1207 
1383 268 1230 1208 
1384 1224 1226 1211 
1385 269 1230 268 
1386 31 1226 11 
1387 1215 1229 1217 
1388 1217 1229 1212 
1389 221 1224 1209 
1390 1209 1225 220 
1391 271 1232 1213 
1392 1207 1231 1218 
1393 1216 1231 1227 
1394 1227 1231 1207 
1395 222 1226 1224 
1396 1223 1232 266 
1397 1213 1232 1223 
2 249 2 54
1398 257 34 298 
1399 257 258 34 
1400 295 35 1237 
1401 35 295 1236 
1402 32 296 1237 
1403 293 32 1237 
1404 257 298 1235 
1405 291 292 302 
1406 291 302 303 
1407 259 22 290 
1408 256 257 1235 
1409 259 290 1239 
1410 300 1234 1240 
1411 296 295 1237 
1412 1234 300 1236 
1413 1235 299 1238 
1414 291 303 1244 
1415 302 292 1245 
1416 292 293 1245 
1417 4 199 1242 
1418 294 33 1234 
1419 295 294 1236 
1420 1238 299 1240 
1421 301 302 1245 
1422 198 197 1238 
1423 199 198 1233 
1424 34 258 1239 
1425 1239 290 1244 
1426 300 35 1236 
1427 298 299 1235 
1428 35 301 1237 
1429 299 300 1240 
1430 290 291 1244 
1431 293 1237 1245 
1432 258 259 1239 
1433 3 256 1243 
1434 303 34 1239 
1435 1234 1233 1240 
1436 33 297 1241 
1437 1233 198 1238 
1438 1237 301 1245 
1439 199 1233 1242 
1440 197 3 1243 
1441 294 1234 1236 
1442 1238 197 1243 
1443 1233 1234 1241 
1444 256 1235 1243 
1445 1235 1238 1243 
1446 1233 1241 1242 
1447 303 1239 1244 
1448 1234 33 1241 
1449 297 4 1242 
1450 1233 1238 1240 
1451 1241 297 1242 
2 250 2 26
1452 38 36 1246 
1453 291 290 1248 
1454 32 293 1252 
1455 291 1248 1251 
1456 1246 36 1249 
1457 305 37 1252 
1458 1248 1246 1251 
1459 22 30 1250 
1460 290 22 1250 
1461 304 305 1247 
1462 37 32 1252 
1463 1248 290 1250 
1464 307 306 1248 
1465 306 38 1246 
1466 293 292 1247 
1467 36 304 1249 
1468 1247 292 1251 
1469 292 291 1251 
1470 1249 1247 1251 
1471 304 1247 1249 
1472 30 307 1250 
1473 1247 305 1252 
1474 306 1246 1248 
1475 1246 1249 1251 
1476 293 1247 1252 
1477 307 1248 1250 
2 251 2 7
1478 33 294 310 
1479 308 32 37 
1480 296 32 308 
1481 294 295 310 
1482 296 309 295 
1483 295 309 310 
1484 309 296 308 
2 252 2 45
1485 36 312 1258 
1486 40 39 1265 
1487 1254 1259 1260 
1488 1259 1254 1261 
1489 4 297 226 
1490 1256 1254 1264 
1491 229 1254 1256 
1492 304 36 1258 
1493 1260 1259 1262 
1494 1257 227 1263 
1495 227 1257 1261 
1496 227 226 1263 
1497 15 229 1256 
1498 312 1253 1258 
1499 33 310 1257 
1500 1254 1260 1264 
1501 1253 40 1265 
1502 310 309 1259 
1503 1255 1260 1262 
1504 229 228 1254 
1505 228 227 1261 
1506 305 304 1255 
1507 309 308 1262 
1508 1255 1258 1260 
1509 1259 309 1262 
1510 308 37 1266 
1511 1257 1259 1261 
1512 37 305 1266 
1513 1257 310 1259 
1514 1254 228 1261 
1515 1255 304 1258 
1516 1260 1258 1264 
1517 226 297 1263 
1518 1258 1253 1264 
1519 1256 1264 1265 
1520 297 33 1263 
1521 33 1257 1263 
1522 1262 308 1266 
1523 1264 1253 1265 
1524 312 40 1253 
1525 305 1255 1266 
1526 39 311 1265 
1527 311 15 1256 
1528 1255 1262 1266 
1529 311 1256 1265 
2 253 2 10
1530 300 313 35 
1531 298 34 315 
1532 313 300 1268 
1533 298 315 1267 
1534 1267 314 1268 
1535 299 1267 1268 
1536 314 313 1268 
1537 315 314 1267 
1538 300 299 1268 
1539 299 298 1267 
2 254 2 10
1540 315 34 303 
1541 35 313 301 
1542 315 303 1269 
1543 301 313 1270 
1544 313 314 1270 
1545 303 302 1269 
1546 314 315 1269 
1547 302 301 1270 
1548 1269 302 1270 
1549 314 1269 1270 
2 255 2 3
1550 4 316 5 
1551 4 297 316 
1552 316 297 33 
2 256 2 65
1553 33 310 1278 
1554 43 323 1275 
1555 319 325 1276 
1556 44 324 1277 
1557 326 327 1274 
1558 325 319 1279 
1559 1275 323 1280 
1560 320 319 1276 
1561 232 231 1273 
1562 1278 329 1281 
1563 331 44 1275 
1564 44 1277 1283 
1565 329 1273 1281 
1566 1271 33 1278 
1567 1274 327 1284 
1568 1273 330 1287 
1569 1272 1275 1280 
1570 1272 331 1275 
1571 308 37 1274 
1572 330 1272 1287 
1573 321 43 1275 
1574 327 328 1282 
1575 230 5 1285 
1576 308 1274 1284 
1577 326 1274 1276 
1578 232 1273 1287 
1579 1275 44 1283 
1580 1278 310 1282 
1581 42 322 1277 
1582 328 329 1278 
1583 329 330 1273 
1584 330 331 1272 
1585 1277 322 1283 
1586 37 317 1274 
1587 1273 231 1281 
1588 16 233 1280 
1589 325 326 1276 
1590 231 230 1281 
1591 323 16 1280 
1592 41 320 1286 
1593 327 1282 1284 
1594 318 42 1277 
1595 319 318 1279 
1596 324 325 1279 
1597 328 1278 1282 
1598 1276 1274 1286 
1599 321 1275 1283 
1600 322 321 1283 
1601 233 232 1287 
1602 1281 230 1285 
1603 310 309 1282 
1604 316 33 1271 
1605 309 308 1284 
1606 317 41 1286 
1607 1271 1278 1281 
1608 1280 233 1287 
1609 1277 324 1279 
1610 318 1277 1279 
1611 1274 317 1286 
1612 1271 1281 1285 
1613 320 1276 1286 
1614 5 316 1285 
1615 1282 309 1284 
1616 1272 1280 1287 
1617 316 1271 1285 
2 257 2 27
1618 45 39 1288 
1619 235 1291 1292 
1620 1288 1290 1292 
1621 1291 1289 1292 
1622 1288 39 1290 
1623 1290 236 1292 
1624 16 323 234 
1625 1288 1292 1294 
1626 43 335 1291 
1627 1292 1289 1294 
1628 235 234 1291 
1629 335 1289 1291 
1630 234 323 1291 
1631 15 236 1290 
1632 1289 1293 1294 
1633 323 43 1291 
1634 236 235 1292 
1635 335 334 1289 
1636 334 46 1293 
1637 332 45 1288 
1638 333 332 1294 
1639 46 333 1293 
1640 1289 334 1293 
1641 332 1288 1294 
1642 1293 333 1294 
1643 311 15 1290 
1644 39 311 1290 
2 258 2 8
1645 304 36 337 
1646 41 317 336 
1647 317 1295 336 
1648 305 1295 317 
1649 37 305 317 
1650 304 1295 305 
1651 336 1295 337 
1652 337 1295 304 
2 259 2 29
1653 1296 1298 337 
1654 337 1298 336 
1655 336 320 41 
1656 336 1298 320 
1657 36 1296 337 
1658 1296 1303 1298 
1659 332 1301 45 
1660 1297 1301 332 
1661 45 1301 40 
1662 40 1301 312 
1663 319 1300 318 
1664 320 1298 319 
1665 1299 1300 1297 
1666 1299 1302 1300 
1667 1298 1300 319 
1668 318 1302 42 
1669 1297 1303 1301 
1670 333 1297 332 
1671 46 1299 333 
1672 1300 1302 318 
1673 338 1299 46 
1674 1300 1303 1297 
1675 1298 1303 1300 
1676 42 1302 338 
1677 333 1299 1297 
1678 312 1301 1296 
1679 312 1296 36 
1680 1301 1303 1296 
1681 338 1302 1299 
2 260 2 8
1682 322 42 338 
1683 334 1304 46 
1684 338 1304 322 
1685 322 1304 334 
1686 46 1304 338 
1687 43 321 335 
1688 334 321 322 
1689 335 321 334 
2 261 2 25
1690 339 324 44 
1691 331 339 44 
1692 339 331 1309 
1693 324 339 1308 
1694 47 1305 1307 
1695 1307 1305 1311 
1696 47 339 1309 
1697 339 47 1308 
1698 330 329 1306 
1699 326 325 1307 
1700 328 327 1305 
1701 325 324 1308 
1702 331 330 1309 
1703 329 328 1310 
1704 47 1306 1310 
1705 1305 47 1310 
1706 1305 327 1311 
1707 1306 47 1309 
1708 47 1307 1308 
1709 327 326 1311 
1710 1306 329 1310 
1711 328 1305 1310 
1712 1307 325 1308 
1713 330 1306 1309 
1714 326 1307 1311 
2 262 2 22
1715 50 207 344 
1716 205 204 1313 
1717 204 1312 1313 
1718 340 48 1314 
1719 48 49 1314 
1720 206 205 1313 
1721 49 341 1314 
1722 341 342 1312 
1723 206 1313 1315 
1724 6 340 1316 
1725 344 207 1315 
1726 207 206 1315 
1727 342 343 1313 
1728 1312 342 1313 
1729 1312 204 1316 
1730 1312 340 1314 
1731 340 1312 1316 
1732 343 344 1315 
1733 341 1312 1314 
1734 204 6 1316 
1735 1313 343 1315 
1736 7 207 50 
2 263 2 8
1737 48 340 345 
1738 340 6 1317 
1739 346 323 43 
1740 16 323 1317 
1741 6 16 1317 
1742 345 340 1317 
1743 346 345 1317 
1744 323 346 1317 
2 264 2 39
1745 345 1325 1319 
1746 351 1321 353 
1747 1323 1327 1326 
1748 1319 1322 345 
1749 346 1325 345 
1750 1326 1327 1321 
1751 1326 1328 1323 
1752 43 1320 346 
1753 345 1322 48 
1754 1320 1325 346 
1755 347 1322 1319 
1756 349 1318 350 
1757 349 1324 1318 
1758 351 1326 1321 
1759 51 1324 349 
1760 350 1326 351 
1761 49 1322 347 
1762 1318 1328 1326 
1763 334 1323 335 
1764 335 1320 43 
1765 347 1319 348 
1766 348 1324 51 
1767 1318 1326 350 
1768 46 1327 334 
1769 1320 1328 1325 
1770 1324 1329 1318 
1771 334 1327 1323 
1772 1328 1329 1325 
1773 335 1323 1320 
1774 353 1321 352 
1775 352 1327 46 
1776 1319 1324 348 
1777 1325 1329 1319 
1778 1319 1329 1324 
1779 1323 1328 1320 
1780 1321 1327 352 
1781 1318 1329 1328 
1782 48 1322 49 
1783 52 351 353 
2 265 2 35
1784 347 348 1333 
1785 341 347 1333 
1786 341 49 347 
1787 1330 1334 1335 
1788 1334 1330 1338 
1789 1331 1334 1338 
1790 1335 1333 1337 
1791 358 1331 1332 
1792 1333 1336 1337 
1793 1332 1331 1338 
1794 354 1332 1338 
1795 342 341 1333 
1796 344 343 1334 
1797 343 342 1335 
1798 1330 1335 1337 
1799 1333 348 1336 
1800 1334 1331 1339 
1801 342 1333 1335 
1802 1334 343 1335 
1803 54 358 1332 
1804 354 53 1332 
1805 358 359 1331 
1806 344 1334 1339 
1807 356 355 1330 
1808 357 356 1337 
1809 348 51 1336 
1810 51 357 1336 
1811 50 344 1339 
1812 355 354 1338 
1813 356 1330 1337 
1814 1336 357 1337 
1815 1331 359 1339 
1816 1330 355 1338 
1817 359 50 1339 
1818 53 54 1332 
2 266 2 12
1819 239 1340 361 
1820 359 1340 50 
1821 360 1341 358 
1822 358 1341 359 
1823 361 1341 360 
1824 7 1340 239 
1825 50 1340 7 
1826 1340 1341 361 
1827 359 1341 1340 
1828 17 239 361 
1829 358 54 55 
1830 358 55 360 
2 267 2 30
1831 1342 1343 1344 
1832 56 1345 1346 
1833 56 1347 1345 
1834 1346 1345 1348 
1835 1349 1343 57 
1836 1343 1342 57 
1837 1348 1343 1350 
1838 1344 1343 1351 
1839 1351 1343 1348 
1840 362 57 1342 
1841 1344 1345 1352 
1842 363 56 1346 
1843 1351 1345 1344 
1844 1348 1345 1351 
1845 363 1346 1353 
1846 362 1350 1349 
1847 1349 1350 1343 
1848 1349 57 362 
1849 1352 363 1354 
1850 1354 1344 1352 
1851 1354 363 362 
1852 1354 1342 1344 
1853 1347 56 363 
1854 1347 1352 1345 
1855 362 1342 1354 
1856 363 1352 1347 
1857 1353 362 363 
1858 1353 1348 1350 
1859 1350 362 1353 
1860 1353 1346 1348 
2 268 2 70
1861 59 374 368 
1862 1355 1358 1368 
1863 1356 1355 1368 
1864 368 374 1366 
1865 1361 376 1362 
1866 1357 61 1358 
1867 385 1361 1362 
1868 1358 379 1368 
1869 365 382 1373 
1870 376 375 1362 
1871 1355 1356 1366 
1872 1357 1358 1367 
1873 383 384 1360 
1874 1367 1358 1370 
1875 7 50 1372 
1876 374 1355 1366 
1877 364 365 1373 
1878 374 373 1355 
1879 1361 386 1363 
1880 382 383 1373 
1881 386 1357 1363 
1882 1358 1355 1370 
1883 58 370 1359 
1884 1357 1367 1369 
1885 377 376 1361 
1886 1363 1357 1369 
1887 1360 384 1364 
1888 366 367 1365 
1889 370 369 1356 
1890 370 1356 1359 
1891 384 385 1362 
1892 386 61 1357 
1893 61 379 1358 
1894 385 386 1361 
1895 381 366 1365 
1896 1355 373 1370 
1897 378 377 1363 
1898 209 208 1364 
1899 372 371 1367 
1900 367 58 1359 
1901 380 381 1365 
1902 373 372 1370 
1903 369 368 1366 
1904 375 8 1371 
1905 208 7 1360 
1906 371 60 1369 
1907 379 380 1368 
1908 380 1359 1368 
1909 50 364 1372 
1910 372 1367 1370 
1911 60 378 1369 
1912 377 1361 1363 
1913 1367 371 1369 
1914 1359 380 1365 
1915 1360 7 1372 
1916 8 209 1371 
1917 1356 369 1366 
1918 378 1363 1369 
1919 384 1362 1364 
1920 1359 1356 1368 
1921 208 1360 1364 
1922 1362 375 1371 
1923 367 1359 1365 
1924 209 1364 1371 
1925 383 1360 1372 
1926 1364 1362 1371 
1927 383 1372 1373 
1928 1372 364 1373 
1929 365 366 381 
1930 365 381 382 
2 269 2 18
1931 50 359 364 
1932 387 62 1376 
1933 58 367 388 
1934 367 366 1376 
1935 62 388 1376 
1936 387 1376 1377 
1937 388 367 1376 
1938 358 1374 1375 
1939 1374 358 1377 
1940 366 365 1374 
1941 358 54 1377 
1942 359 358 1375 
1943 365 364 1375 
1944 366 1374 1376 
1945 364 359 1375 
1946 1376 1374 1377 
1947 1374 365 1375 
1948 54 387 1377 
2 270 2 16
1949 388 1378 58 
1950 370 1379 369 
1951 58 1378 370 
1952 1378 1379 370 
1953 62 391 388 
1954 391 1378 388 
1955 390 1378 391 
1956 389 1380 64 
1957 64 1379 390 
1958 390 1379 1378 
1959 64 1380 1379 
1960 368 1380 389 
1961 369 1380 368 
1962 1379 1380 369 
1963 368 63 59 
1964 368 389 63 
2 271 2 10
1965 392 371 65 
1966 59 63 374 
1967 60 371 392 
1968 63 393 374 
1969 371 395 65 
1970 372 395 371 
1971 373 394 372 
1972 394 395 372 
1973 374 393 373 
1974 393 394 373 
2 272 2 51
1975 1387 1390 1381 
1976 1383 1386 1385 
1977 1385 1390 1387 
1978 1385 1386 399 
1979 1381 1391 1387 
1980 1385 1387 1383 
1981 361 1388 1384 
1982 399 1386 65 
1983 1382 1394 1393 
1984 1393 1394 1388 
1985 17 1388 361 
1986 1391 1392 1384 
1987 1392 1395 1384 
1988 1388 1394 1384 
1989 60 1396 378 
1990 376 1382 375 
1991 1387 1389 1383 
1992 378 1383 377 
1993 377 1389 376 
1994 361 1384 360 
1995 398 1390 66 
1996 400 1385 399 
1997 66 1390 400 
1998 1383 1396 1386 
1999 378 1396 1383 
2000 376 1389 1382 
2001 240 1388 17 
2002 1383 1389 377 
2003 1384 1394 1391 
2004 397 1381 398 
2005 396 1392 397 
2006 1391 1397 1387 
2007 375 1393 8 
2008 400 1390 1385 
2009 1381 1392 1391 
2010 1382 1393 375 
2011 1381 1390 398 
2012 8 1393 240 
2013 1384 1395 360 
2014 360 1395 55 
2015 55 1395 396 
2016 397 1392 1381 
2017 1394 1397 1391 
2018 240 1393 1388 
2019 396 1395 1392 
2020 1389 1397 1382 
2021 1387 1397 1389 
2022 1382 1397 1394 
2023 392 1396 60 
2024 65 1386 392 
2025 1386 1396 392 
2 273 2 25
2026 1401 380 1404 
2027 380 379 1404 
2028 379 61 1404 
2029 1399 1401 1403 
2030 1400 1399 1403 
2031 1398 1400 1403 
2032 1400 1398 1402 
2033 383 382 1399 
2034 1399 1400 1405 
2035 385 384 1400 
2036 61 386 1398 
2037 381 380 1401 
2038 61 1398 1404 
2039 1401 1399 1406 
2040 1403 1401 1404 
2041 1398 1403 1404 
2042 386 385 1402 
2043 384 383 1405 
2044 382 381 1406 
2045 1400 384 1405 
2046 1399 382 1406 
2047 1398 386 1402 
2048 385 1400 1402 
2049 381 1401 1406 
2050 383 1399 1405 
2 274 2 15
2051 393 1407 394 
2052 1407 1408 394 
2053 1408 1409 394 
2054 395 399 65 
2055 389 1407 393 
2056 63 389 393 
2057 64 1407 389 
2058 395 1409 399 
2059 399 1409 400 
2060 394 1409 395 
2061 400 1408 66 
2062 66 1408 401 
2063 401 1407 64 
2064 400 1409 1408 
2065 401 1408 1407 
2 275 2 22
2066 9 8 375 
2067 9 375 1412 
2068 269 9 1412 
2069 60 403 378 
2070 25 266 402 
2071 378 403 1411 
2072 403 402 1413 
2073 1411 403 1413 
2074 402 266 1413 
2075 268 269 1412 
2076 1410 268 1412 
2077 266 267 1413 
2078 377 378 1411 
2079 267 268 1410 
2080 267 1410 1413 
2081 375 376 1412 
2082 1410 1412 1414 
2083 1410 1411 1413 
2084 376 377 1414 
2085 377 1411 1414 
2086 1411 1410 1414 
2087 1412 376 1414 
2 276 2 33
2088 406 1416 405 
2089 1415 1416 406 
2090 407 1419 1415 
2091 408 1419 407 
2092 1415 1421 1418 
2093 1419 1421 1415 
2094 1415 1420 1416 
2095 273 1419 274 
2096 405 1422 392 
2097 1418 1420 1415 
2098 60 1422 403 
2099 274 1417 404 
2100 67 1417 408 
2101 1420 1423 402 
2102 403 1420 402 
2103 274 1419 1417 
2104 1418 1423 1420 
2105 407 1415 406 
2106 271 1418 272 
2107 1417 1419 408 
2108 402 1423 25 
2109 1416 1422 405 
2110 272 1421 273 
2111 1416 1420 403 
2112 403 1422 1416 
2113 273 1421 1419 
2114 1418 1421 272 
2115 271 1423 1418 
2116 25 1423 271 
2117 404 1417 67 
2118 392 1422 60 
2119 274 404 26 
2120 65 405 392 
2 277 2 38
2121 412 1429 411 
2122 1426 1434 1424 
2123 1424 1432 1426 
2124 408 1426 409 
2125 1429 1433 411 
2126 1427 1434 1426 
2127 67 408 409 
2128 1426 1432 409 
2129 1429 1434 1428 
2130 1428 1434 1427 
2131 406 1427 407 
2132 407 1426 408 
2133 405 1428 406 
2134 407 1427 1426 
2135 406 1428 1427 
2136 409 1432 410 
2137 400 1425 399 
2138 1425 1429 1428 
2139 414 1424 413 
2140 1425 1433 1429 
2141 65 1431 405 
2142 66 1433 400 
2143 411 1433 66 
2144 399 1431 65 
2145 410 1430 68 
2146 412 1435 1429 
2147 1430 1432 1424 
2148 1424 1435 413 
2149 68 1430 414 
2150 414 1430 1424 
2151 405 1431 1428 
2152 1428 1431 1425 
2153 1434 1435 1424 
2154 413 1435 412 
2155 1425 1431 399 
2156 400 1433 1425 
2157 410 1432 1430 
2158 1429 1435 1434 
2 278 2 18
2159 69 1439 68 
2160 409 1436 67 
2161 68 1439 410 
2162 416 1439 69 
2163 404 1436 275 
2164 409 1437 1436 
2165 409 1438 1437 
2166 410 1438 409 
2167 275 1437 27 
2168 27 1437 415 
2169 415 1438 416 
2170 1437 1438 415 
2171 1438 1439 416 
2172 410 1439 1438 
2173 1436 1437 275 
2174 67 1436 404 
2175 26 404 275 
2176 70 69 68 
2 279 2 42
2177 1440 1441 1442 
2178 1440 1442 1443 
2179 1444 1443 1442 
2180 71 1443 1445 
2181 1441 1446 1442 
2182 1446 1447 1442 
2183 1448 1445 1449 
2184 1447 1450 1444 
2185 1451 419 1448 
2186 1452 72 1453 
2187 1453 72 417 
2188 1454 1450 1447 
2189 1455 1453 1456 
2190 1454 1453 1455 
2191 1453 417 1456 
2192 1455 1451 1449 
2193 1447 1444 1442 
2194 1444 1445 1443 
2195 1443 71 419 
2196 1455 1449 1454 
2197 1452 1454 1447 
2198 1450 1454 1449 
2199 418 417 1440 
2200 1454 1452 1453 
2201 1444 1450 1445 
2202 1450 1449 1445 
2203 1440 417 1441 
2204 1455 1456 1451 
2205 1456 419 1451 
2206 72 1446 1457 
2207 1456 417 418 
2208 418 419 1456 
2209 1441 417 1457 
2210 1449 1451 1448 
2211 1440 419 418 
2212 1443 419 1440 
2213 72 1452 1446 
2214 71 1445 1448 
2215 1446 1452 1447 
2216 1448 419 71 
2217 1457 417 72 
2218 1457 1446 1441 
2 280 2 13
2219 250 19 420 
2220 424 422 425 
2221 422 424 1459 
2222 423 20 1458 
2223 20 251 1458 
2224 421 422 1459 
2225 250 420 1458 
2226 251 250 1458 
2227 420 421 1458 
2228 423 1458 1459 
2229 424 423 1459 
2230 1458 421 1459 
2231 422 73 425 
2 281 2 82
2232 76 434 446 
2233 1468 1471 1463 
2234 429 1470 1467 
2235 434 77 446 
2236 1464 1466 420 
2237 67 1460 404 
2238 1464 1476 1466 
2239 1467 1480 429 
2240 75 430 431 
2241 428 1470 429 
2242 1463 1472 1468 
2243 1466 1476 1469 
2244 1469 1476 1474 
2245 429 1480 430 
2246 1474 1476 1460 
2247 1469 1477 1466 
2248 1462 1472 1463 
2249 19 1464 420 
2250 1467 1470 440 
2251 441 1470 1462 
2252 442 1462 1461 
2253 1461 1465 443 
2254 1468 1483 1471 
2255 1462 1463 1461 
2256 1461 1469 1465 
2257 1462 1475 1472 
2258 1471 1477 1463 
2259 432 1480 1467 
2260 1467 1478 432 
2261 430 1480 431 
2262 446 1482 76 
2263 421 1471 422 
2264 420 1466 421 
2265 426 1472 427 
2266 74 1468 426 
2267 73 1483 74 
2268 431 1480 432 
2269 1469 1474 1465 
2270 428 1475 1470 
2271 1463 1477 1461 
2272 1466 1471 421 
2273 1461 1477 1469 
2274 1468 1472 426 
2275 1470 1475 1462 
2276 74 1483 1468 
2277 1472 1475 427 
2278 1460 1473 404 
2279 1466 1477 1471 
2280 433 1478 77 
2281 435 1460 67 
2282 1471 1483 422 
2283 432 1478 433 
2284 427 1475 428 
2285 77 1478 439 
2286 436 1474 435 
2287 439 1467 440 
2288 441 1462 442 
2289 443 1465 444 
2290 440 1470 441 
2291 442 1461 443 
2292 422 1483 73 
2293 438 1479 437 
2294 26 1473 270 
2295 445 1482 446 
2296 1460 1476 1473 
2297 76 1482 438 
2298 445 1479 438 
2299 439 1478 1467 
2300 1473 1476 1464 
2301 437 1481 436 
2302 438 1482 445 
2303 444 1479 445 
2304 1465 1481 444 
2305 435 1474 1460 
2306 436 1481 1474 
2307 270 1464 19 
2308 444 1481 1479 
2309 270 1473 1464 
2310 1474 1481 1465 
2311 404 1473 26 
2312 1479 1481 437 
2313 433 77 434 
2 282 2 39
2314 78 1485 450 
2315 451 1489 452 
2316 1485 1488 450 
2317 452 1489 1486 
2318 448 1492 79 
2319 1491 1493 1488 
2320 80 1492 451 
2321 1484 1493 1491 
2322 451 1492 1489 
2323 1486 1494 1493 
2324 74 1495 73 
2325 1485 1491 1488 
2326 449 1489 448 
2327 452 1486 453 
2328 28 1487 447 
2329 453 1490 74 
2330 79 1492 80 
2331 1493 1494 1488 
2332 423 1487 20 
2333 20 1487 28 
2334 1486 1490 453 
2335 1488 1494 450 
2336 1489 1494 1486 
2337 450 1494 449 
2338 424 1491 423 
2339 425 1484 424 
2340 1489 1492 448 
2341 1490 1495 74 
2342 447 1485 78 
2343 1484 1491 424 
2344 449 1494 1489 
2345 1486 1493 1490 
2346 1490 1493 1484 
2347 1487 1491 1485 
2348 73 1495 425 
2349 423 1491 1487 
2350 425 1495 1484 
2351 1484 1495 1490 
2352 447 1487 1485 
2 283 2 19
2353 455 1497 430 
2354 81 1497 455 
2355 451 1496 80 
2356 451 1498 1496 
2357 430 1497 429 
2358 452 1498 451 
2359 427 1498 452 
2360 429 1496 428 
2361 80 1496 454 
2362 428 1498 427 
2363 454 1497 81 
2364 429 1497 1496 
2365 1496 1497 454 
2366 1496 1498 428 
2367 426 453 74 
2368 75 82 430 
2369 82 455 430 
2370 426 427 452 
2371 452 453 426 
2 284 2 27
2372 460 85 1499 
2373 85 84 1499 
2374 458 82 1502 
2375 433 434 1501 
2376 432 433 1505 
2377 434 76 1504 
2378 433 1500 1505 
2379 84 457 1499 
2380 1501 434 1504 
2381 83 459 1505 
2382 431 432 1503 
2383 1500 433 1501 
2384 457 456 1501 
2385 456 83 1500 
2386 1499 1501 1504 
2387 459 458 1503 
2388 1500 83 1505 
2389 456 1500 1501 
2390 458 431 1503 
2391 76 460 1504 
2392 82 75 1502 
2393 1499 457 1501 
2394 431 458 1502 
2395 460 1499 1504 
2396 1503 432 1505 
2397 459 1503 1505 
2398 75 431 1502 
2 285 2 18
2399 438 1507 460 
2400 68 1506 410 
2401 437 1506 438 
2402 460 1507 85 
2403 410 1508 409 
2404 1506 1509 410 
2405 85 1507 461 
2406 435 1508 436 
2407 1506 1507 438 
2408 461 1506 68 
2409 410 1509 1508 
2410 436 1509 437 
2411 461 1507 1506 
2412 1508 1509 436 
2413 437 1509 1506 
2414 409 1508 435 
2415 67 409 435 
2416 76 438 460 
2 286 2 21
2417 440 441 1510 
2418 1511 443 1512 
2419 1510 441 1513 
2420 462 77 439 
2421 446 77 462 
2422 462 439 1510 
2423 446 462 1514 
2424 441 442 1513 
2425 86 1511 1512 
2426 462 86 1514 
2427 439 440 1510 
2428 86 1510 1513 
2429 442 443 1511 
2430 444 445 1512 
2431 86 462 1510 
2432 445 446 1514 
2433 86 1512 1514 
2434 442 1511 1513 
2435 1512 445 1514 
2436 1511 86 1513 
2437 443 444 1512 
2 287 2 4
2438 463 79 80 
2439 463 80 454 
2440 81 87 454 
2441 87 463 454 
2 288 2 8
2442 464 87 1515 
2443 459 83 464 
2444 458 459 1515 
2445 82 458 455 
2446 81 455 1515 
2447 459 464 1515 
2448 87 81 1515 
2449 455 458 1515 
2 289 2 45
2450 21 253 1521 
2451 73 88 1523 
2452 466 465 1520 
2453 88 469 1523 
2454 89 90 1527 
2455 465 89 1527 
2456 1522 1519 1526 
2457 472 21 1521 
2458 468 467 1519 
2459 1517 1522 1526 
2460 468 1519 1522 
2461 470 471 1520 
2462 471 472 1518 
2463 469 468 1522 
2464 90 470 1527 
2465 1519 467 1524 
2466 466 1520 1524 
2467 1521 1516 1526 
2468 1521 1526 1529 
2469 1520 465 1527 
2470 471 1518 1520 
2471 467 466 1524 
2472 253 1516 1521 
2473 1520 1518 1524 
2474 1518 472 1521 
2475 252 20 1525 
2476 470 1520 1527 
2477 425 73 1523 
2478 1519 1524 1529 
2479 423 424 1517 
2480 20 423 1525 
2481 469 1522 1523 
2482 1518 1521 1529 
2483 253 252 1516 
2484 1524 1518 1529 
2485 424 425 1528 
2486 1522 1517 1528 
2487 1525 1517 1526 
2488 1516 1525 1526 
2489 1526 1519 1529 
2490 423 1517 1525 
2491 1523 1522 1528 
2492 1517 424 1528 
2493 1516 252 1525 
2494 425 1523 1528 
2 290 2 1
2495 73 74 88 
2 291 2 57
2496 479 481 478 
2497 74 1535 88 
2498 479 482 481 
2499 465 473 89 
2500 91 482 479 
2501 465 1539 473 
2502 485 1539 465 
2503 88 1535 469 
2504 1533 1542 1530 
2505 465 1538 485 
2506 1531 1542 1533 
2507 1531 1533 92 
2508 487 1536 1531 
2509 474 1539 484 
2510 473 1539 474 
2511 1530 1534 1533 
2512 469 1532 468 
2513 480 1543 1541 
2514 1536 1540 1531 
2515 1532 1542 1540 
2516 1532 1540 468 
2517 466 1536 486 
2518 451 1530 452 
2519 453 1535 74 
2520 478 1541 477 
2521 1541 1543 477 
2522 466 1538 465 
2523 486 1538 466 
2524 484 1539 485 
2525 1540 1542 1531 
2526 467 1536 466 
2527 468 1540 467 
2528 92 1533 480 
2529 487 1531 92 
2530 480 1541 481 
2531 80 1534 451 
2532 452 1537 453 
2533 486 1536 487 
2534 1533 1543 480 
2535 476 1534 80 
2536 469 1535 1532 
2537 1534 1543 1533 
2538 1530 1537 452 
2539 485 1538 486 
2540 451 1534 1530 
2541 467 1540 1536 
2542 453 1537 1535 
2543 477 1543 476 
2544 1530 1542 1537 
2545 481 1541 478 
2546 1535 1537 1532 
2547 476 1543 1534 
2548 1537 1542 1532 
2549 475 482 91 
2550 474 483 475 
2551 474 484 483 
2552 475 483 482 
2 292 2 23
2553 94 95 1544 
2554 93 94 1544 
2555 473 474 1546 
2556 488 93 1544 
2557 90 89 1548 
2558 95 96 1545 
2559 473 1546 1548 
2560 96 490 1545 
2561 89 473 1548 
2562 489 90 1548 
2563 1544 95 1545 
2564 1545 490 1546 
2565 490 489 1546 
2566 474 475 1547 
2567 1546 474 1547 
2568 1546 489 1548 
2569 1545 1546 1547 
2570 475 91 1549 
2571 91 488 1549 
2572 1544 1545 1547 
2573 1544 1547 1549 
2574 1547 475 1549 
2575 488 1544 1549 
2 293 2 16
2576 96 491 490 
2577 490 491 1550 
2578 470 90 489 
2579 490 1550 1552 
2580 1550 471 1552 
2581 471 470 1552 
2582 493 472 1551 
2583 492 493 1551 
2584 491 492 1550 
2585 472 471 1551 
2586 489 490 1552 
2587 471 1550 1551 
2588 470 489 1552 
2589 1550 492 1551 
2590 29 21 472 
2591 29 472 493 
2 294 2 17
2592 497 477 476 
2593 496 477 497 
2594 93 488 494 
2595 488 1553 494 
2596 478 1553 479 
2597 478 1554 1553 
2598 488 1555 1553 
2599 496 1554 477 
2600 477 1554 478 
2601 494 1553 495 
2602 91 1555 488 
2603 495 1554 496 
2604 1553 1554 495 
2605 479 1555 91 
2606 1553 1555 479 
2607 79 476 80 
2608 497 476 79 
2 295 2 27
2609 1556 1559 1564 
2610 1561 1557 1563 
2611 1559 1561 1563 
2612 1559 1556 1561 
2613 1560 1558 1561 
2614 1556 1560 1561 
2615 483 484 1562 
2616 484 1557 1562 
2617 1561 1558 1562 
2618 1557 1561 1562 
2619 481 482 1558 
2620 484 485 1557 
2621 92 480 1556 
2622 486 487 1559 
2623 481 1558 1560 
2624 1562 1558 1565 
2625 487 92 1564 
2626 485 486 1563 
2627 480 481 1560 
2628 1559 487 1564 
2629 486 1559 1563 
2630 482 483 1565 
2631 1557 485 1563 
2632 92 1556 1564 
2633 1558 482 1565 
2634 1556 480 1560 
2635 483 1562 1565 
2 296 2 63
2636 504 503 1567 
2637 32 293 501 
2638 254 21 472 
2639 97 504 498 
2640 498 504 1575 
2641 501 293 1574 
2642 504 1567 1575 
2643 254 472 1569 
2644 500 499 1571 
2645 470 90 1580 
2646 1566 1569 1578 
2647 1574 293 1579 
2648 1568 1566 1578 
2649 1567 503 1573 
2650 1570 470 1580 
2651 290 22 1576 
2652 1571 499 1575 
2653 290 1566 1572 
2654 1566 505 1572 
2655 1566 290 1576 
2656 470 1570 1581 
2657 1569 1566 1576 
2658 508 1574 1579 
2659 98 1566 1568 
2660 512 1568 1570 
2661 1567 510 1571 
2662 511 1570 1571 
2663 509 1567 1573 
2664 99 1573 1574 
2665 293 292 1579 
2666 1569 472 1578 
2667 291 290 1572 
2668 472 471 1578 
2669 500 1571 1580 
2670 506 507 1577 
2671 1567 1571 1575 
2672 1573 502 1574 
2673 1570 1568 1581 
2674 502 501 1574 
2675 255 254 1569 
2676 499 498 1575 
2677 292 507 1579 
2678 1571 1570 1580 
2679 503 502 1573 
2680 98 505 1566 
2681 512 98 1568 
2682 509 510 1567 
2683 510 511 1571 
2684 511 512 1570 
2685 471 470 1581 
2686 22 255 1576 
2687 99 509 1573 
2688 507 508 1579 
2689 90 500 1580 
2690 508 99 1574 
2691 505 506 1572 
2692 291 506 1577 
2693 255 1569 1576 
2694 1578 471 1581 
2695 506 291 1572 
2696 1568 1578 1581 
2697 507 292 1577 
2698 292 291 1577 
2 297 2 34
2699 490 1586 489 
2700 1586 1589 489 
2701 1582 1585 1584 
2702 1585 1587 1584 
2703 513 1586 490 
2704 500 1584 499 
2705 1587 1590 498 
2706 498 1590 97 
2707 1584 1589 1582 
2708 499 1587 498 
2709 514 1586 513 
2710 515 1582 514 
2711 516 1585 515 
2712 1583 1590 1587 
2713 1583 1587 1585 
2714 1585 1588 1583 
2715 500 1591 1584 
2716 489 1591 90 
2717 1582 1589 1586 
2718 1584 1587 499 
2719 518 1583 517 
2720 1582 1586 514 
2721 515 1585 1582 
2722 101 1588 516 
2723 90 1591 500 
2724 1584 1591 1589 
2725 516 1588 1585 
2726 517 1588 101 
2727 97 1590 518 
2728 1589 1591 489 
2729 1583 1588 517 
2730 518 1590 1583 
2731 513 96 100 
2732 513 490 96 
2 298 2 22
2733 504 97 518 
2734 501 502 1593 
2735 519 520 1594 
2736 503 504 1596 
2737 32 501 1595 
2738 502 503 1594 
2739 1593 502 1594 
2740 37 32 1595 
2741 101 519 1592 
2742 41 317 1593 
2743 317 37 1595 
2744 503 1592 1594 
2745 520 1593 1594 
2746 1592 503 1596 
2747 520 41 1593 
2748 501 1593 1595 
2749 1592 519 1594 
2750 517 101 1592 
2751 1593 317 1595 
2752 504 518 1596 
2753 518 517 1596 
2754 517 1592 1596 
2 299 2 13
2755 1597 522 1598 
2756 522 1597 1599 
2757 522 521 1598 
2758 523 522 1599 
2759 507 1597 1598 
2760 1597 506 1599 
2761 508 507 1598 
2762 506 505 1599 
2763 99 508 1598 
2764 505 98 1599 
2765 521 99 1598 
2766 98 523 1599 
2767 507 506 1597 
2 300 2 13
2768 522 1600 1601 
2769 1600 522 1602 
2770 521 522 1601 
2771 522 523 1602 
2772 1600 510 1601 
2773 511 1600 1602 
2774 510 509 1601 
2775 512 511 1602 
2776 509 99 1601 
2777 98 512 1602 
2778 99 521 1601 
2779 523 98 1602 
2780 511 510 1600 
2 301 2 33
2781 36 337 1606 
2782 100 525 513 
2783 337 1603 1606 
2784 101 516 519 
2785 513 525 1609 
2786 519 516 1612 
2787 38 36 1606 
2788 516 1605 1612 
2789 525 524 1604 
2790 525 1604 1609 
2791 524 38 1606 
2792 1606 1603 1610 
2793 1607 1604 1610 
2794 1604 1607 1609 
2795 1604 524 1606 
2796 516 515 1605 
2797 515 514 1607 
2798 41 520 1608 
2799 336 41 1608 
2800 337 336 1603 
2801 1605 515 1607 
2802 1604 1606 1610 
2803 514 513 1609 
2804 1607 514 1609 
2805 1608 520 1612 
2806 1611 1608 1612 
2807 520 519 1612 
2808 1603 336 1608 
2809 1605 1607 1611 
2810 1607 1610 1611 
2811 1610 1603 1611 
2812 1605 1611 1612 
2813 1603 1608 1611 
2 302 2 32
2814 1613 102 1621 
2815 103 526 1625 
2816 1619 1620 1624 
2817 102 528 1623 
2818 1617 1613 1621 
2819 526 1614 1625 
2820 1614 1616 1625 
2821 1619 1624 1625 
2822 1620 1617 1621 
2823 1619 1617 1620 
2824 1616 1617 1619 
2825 1616 1613 1617 
2826 528 527 1623 
2827 1621 102 1623 
2828 1620 1622 1624 
2829 1618 526 1624 
2830 1614 1615 1616 
2831 1622 1618 1624 
2832 1620 1621 1622 
2833 1616 1619 1625 
2834 1615 1613 1616 
2835 526 527 1614 
2836 526 103 1624 
2837 527 526 1618 
2838 527 1618 1623 
2839 527 528 1615 
2840 1622 1621 1623 
2841 1614 527 1615 
2842 1618 1622 1623 
2843 528 1613 1615 
2844 528 102 1613 
2845 1624 103 1625 
2 303 2 3
2846 48 529 49 
2847 49 529 530 
2848 529 104 530 
2 304 2 68
2849 539 538 1635 
2850 538 1630 1635 
2851 1627 547 1630 
2852 1628 346 1632 
2853 1627 1638 1643 
2854 1627 1630 1638 
2855 543 544 1639 
2856 346 43 1632 
2857 532 106 1635 
2858 106 539 1635 
2859 48 345 1633 
2860 42 531 1629 
2861 1630 538 1638 
2862 533 532 1636 
2863 105 535 1639 
2864 1628 1632 1640 
2865 542 543 1642 
2866 345 1628 1633 
2867 1640 546 1644 
2868 544 545 1637 
2869 1638 1631 1643 
2870 322 42 1629 
2871 546 1627 1644 
2872 108 541 1636 
2873 544 1629 1639 
2874 104 529 1626 
2875 536 107 1641 
2876 529 48 1633 
2877 545 1632 1637 
2878 531 105 1639 
2879 537 536 1631 
2880 43 321 1632 
2881 345 346 1628 
2882 1631 1626 1643 
2883 1626 1631 1634 
2884 538 537 1638 
2885 1626 1633 1643 
2886 1643 1633 1644 
2887 1629 544 1637 
2888 547 108 1630 
2889 546 547 1627 
2890 1635 108 1636 
2891 537 1631 1638 
2892 545 546 1640 
2893 1631 536 1641 
2894 1633 1628 1644 
2895 1626 529 1633 
2896 321 322 1637 
2897 1632 545 1640 
2898 1632 321 1637 
2899 535 543 1639 
2900 1630 108 1635 
2901 1629 531 1639 
2902 1634 1631 1641 
2903 543 535 1642 
2904 1628 1640 1644 
2905 532 1635 1636 
2906 541 533 1636 
2907 322 1629 1637 
2908 1627 1643 1644 
2909 534 542 1642 
2910 540 104 1634 
2911 104 1626 1634 
2912 107 540 1641 
2913 540 1634 1641 
2914 535 534 1642 
2915 534 533 542 
2916 533 541 542 
2 305 2 22
2917 530 104 1647 
2918 347 49 530 
2919 104 1646 1647 
2920 347 530 1647 
2921 348 347 1647 
2922 348 1647 1650 
2923 1647 1645 1650 
2924 1646 1645 1647 
2925 51 348 1650 
2926 107 548 1649 
2927 550 549 1645 
2928 548 109 1648 
2929 109 550 1648 
2930 1645 1646 1648 
2931 104 540 1646 
2932 549 51 1650 
2933 1645 549 1650 
2934 1648 1646 1649 
2935 548 1648 1649 
2936 550 1645 1648 
2937 540 107 1649 
2938 1646 540 1649 
2 306 2 17
2939 338 1653 531 
2940 1652 1653 338 
2941 105 1653 552 
2942 551 1654 110 
2943 552 1653 1651 
2944 110 1654 52 
2945 353 1651 352 
2946 552 1651 551 
2947 1651 1653 1652 
2948 352 1652 46 
2949 46 1652 338 
2950 52 1654 353 
2951 531 1653 105 
2952 1651 1652 352 
2953 353 1654 1651 
2954 1651 1654 551 
2955 338 531 42 
2 307 2 26
2956 553 1657 554 
2957 551 1656 552 
2958 554 1657 1655 
2959 105 552 535 
2960 552 1656 535 
2961 532 1660 106 
2962 533 1657 532 
2963 535 1656 534 
2964 554 1655 555 
2965 1657 1660 532 
2966 1657 1661 1655 
2967 1658 1660 1657 
2968 111 1658 553 
2969 533 1661 1657 
2970 555 1659 110 
2971 1656 1661 534 
2972 110 1659 551 
2973 1655 1661 1656 
2974 551 1659 1656 
2975 553 1658 1657 
2976 1656 1659 1655 
2977 1655 1659 555 
2978 556 1658 111 
2979 534 1661 533 
2980 106 1660 556 
2981 556 1660 1658 
2 308 2 19
2982 107 536 548 
2983 559 1665 556 
2984 106 1665 539 
2985 536 1662 548 
2986 1662 1664 557 
2987 548 1662 109 
2988 537 1662 536 
2989 109 1662 557 
2990 537 1664 1662 
2991 1663 1665 559 
2992 539 1663 538 
2993 538 1664 537 
2994 558 1663 559 
2995 557 1664 558 
2996 1663 1664 538 
2997 558 1664 1663 
2998 539 1665 1663 
2999 556 1665 106 
3000 111 559 556 
2 309 2 18
3001 546 545 1667 
3002 544 543 1669 
3003 1666 546 1667 
3004 1667 544 1669 
3005 547 560 108 
3006 108 560 541 
3007 541 560 1668 
3008 560 547 1666 
3009 112 1666 1667 
3010 545 544 1667 
3011 543 542 1669 
3012 547 546 1666 
3013 542 541 1668 
3014 560 112 1668 
3015 112 560 1666 
3016 112 1667 1669 
3017 542 1668 1669 
3018 1668 112 1669 
2 310 2 30
3019 558 1670 1673 
3020 1670 1671 1673 
3021 1671 1670 1674 
3022 109 557 550 
3023 351 350 1672 
3024 1672 350 1674 
3025 51 549 1671 
3026 557 558 1673 
3027 350 349 1674 
3028 1674 1670 1675 
3029 351 1672 1676 
3030 550 557 1673 
3031 1672 555 1676 
3032 349 1671 1674 
3033 349 51 1671 
3034 1671 549 1673 
3035 52 351 1676 
3036 549 550 1673 
3037 555 110 1676 
3038 558 559 1670 
3039 553 554 1675 
3040 554 555 1672 
3041 1672 1674 1675 
3042 554 1672 1675 
3043 111 553 1677 
3044 559 111 1677 
3045 1675 1670 1677 
3046 1670 559 1677 
3047 553 1675 1677 
3048 110 52 1676 
2 311 2 60
3049 367 366 115 
3050 572 573 1681 
3051 573 342 1681 
3052 1679 1678 1682 
3053 1678 1679 1683 
3054 343 342 573 
3055 567 58 1687 
3056 570 571 1680 
3057 344 343 574 
3058 561 562 1686 
3059 575 576 1684 
3060 58 367 1687 
3061 343 573 574 
3062 1679 1681 1683 
3063 365 364 1684 
3064 367 115 1687 
3065 565 114 1685 
3066 570 1680 1691 
3067 1680 1679 1682 
3068 568 569 1685 
3069 571 1679 1680 
3070 562 563 1682 
3071 563 564 1680 
3072 342 341 1681 
3073 50 344 1689 
3074 341 49 1683 
3075 530 104 1678 
3076 565 1685 1690 
3077 563 1680 1682 
3078 574 575 1689 
3079 49 530 1683 
3080 1681 341 1683 
3081 571 572 1679 
3082 568 1685 1688 
3083 1679 572 1681 
3084 562 1682 1686 
3085 567 1687 1688 
3086 344 574 1689 
3087 564 565 1691 
3088 115 568 1687 
3089 104 561 1686 
3090 1682 1678 1686 
3091 364 50 1689 
3092 569 570 1690 
3093 114 566 1685 
3094 575 364 1689 
3095 1680 564 1691 
3096 566 567 1688 
3097 530 1678 1683 
3098 364 575 1684 
3099 576 365 1684 
3100 1685 569 1690 
3101 565 1690 1691 
3102 1678 104 1686 
3103 1685 566 1688 
3104 1687 568 1688 
3105 1690 570 1691 
3106 561 113 562 
3107 115 366 576 
3108 366 365 576 
2 312 2 3
3109 104 540 561 
3110 540 107 113 
3111 540 113 561 
2 313 2 17
3112 565 577 114 
3113 109 1692 548 
3114 548 1692 562 
3115 565 1693 577 
3116 577 1693 116 
3117 564 1693 565 
3118 562 1692 563 
3119 116 1693 578 
3120 1693 1694 578 
3121 579 1692 109 
3122 564 1694 1693 
3123 563 1694 564 
3124 578 1694 579 
3125 579 1694 1692 
3126 1692 1694 563 
3127 113 107 562 
3128 107 548 562 
2 314 2 20
3129 577 116 582 
3130 566 114 1696 
3131 62 388 1697 
3132 577 582 1696 
3133 582 581 1696 
3134 114 577 1696 
3135 581 1695 1696 
3136 580 117 1697 
3137 1695 1697 1698 
3138 581 580 1695 
3139 1697 388 1698 
3140 388 58 1698 
3141 566 1696 1699 
3142 117 62 1697 
3143 1695 580 1697 
3144 1696 1695 1699 
3145 58 567 1698 
3146 567 566 1699 
3147 1695 1698 1699 
3148 1698 567 1699 
2 315 2 32
3149 1702 569 1708 
3150 569 568 1708 
3151 1707 1702 1708 
3152 1701 1709 1711 
3153 1709 1700 1710 
3154 1707 1700 1709 
3155 1705 1702 1707 
3156 1701 1705 1709 
3157 1709 1703 1711 
3158 573 572 1701 
3159 115 576 1700 
3160 570 569 1702 
3161 575 574 1703 
3162 570 1702 1706 
3163 1702 1705 1706 
3164 115 1700 1708 
3165 1703 1709 1710 
3166 1705 1707 1709 
3167 1700 1707 1708 
3168 571 570 1706 
3169 568 115 1708 
3170 576 575 1710 
3171 1703 574 1711 
3172 574 573 1711 
3173 572 571 1704 
3174 1700 576 1710 
3175 575 1703 1710 
3176 1701 1704 1705 
3177 573 1701 1711 
3178 1701 572 1704 
3179 1705 1704 1706 
3180 1704 571 1706 
2 316 2 33
3181 355 354 1713 
3182 579 109 550 
3183 583 117 1718 
3184 1714 1712 1715 
3185 53 583 1718 
3186 1713 354 1718 
3187 117 580 1718 
3188 355 1713 1719 
3189 1715 1712 1716 
3190 354 53 1718 
3191 578 1714 1715 
3192 116 578 1715 
3193 1712 1714 1717 
3194 579 550 1720 
3195 1716 1712 1719 
3196 578 579 1714 
3197 51 357 1717 
3198 582 116 1715 
3199 581 582 1716 
3200 580 581 1713 
3201 357 1712 1717 
3202 357 356 1712 
3203 356 355 1719 
3204 582 1715 1716 
3205 1713 581 1716 
3206 549 51 1717 
3207 580 1713 1718 
3208 1712 356 1719 
3209 1714 579 1720 
3210 1713 1716 1719 
3211 550 549 1720 
3212 549 1717 1720 
3213 1717 1714 1720 
2 317 2 22
3214 566 114 584 
3215 587 588 1725 
3216 585 586 1722 
3217 1721 585 1722 
3218 566 584 1724 
3219 58 567 1721 
3220 567 566 1724 
3221 584 585 1724 
3222 586 587 1723 
3223 1723 587 1725 
3224 370 58 1721 
3225 369 370 1722 
3226 368 369 1723 
3227 1722 586 1723 
3228 59 368 1725 
3229 1721 567 1724 
3230 370 1721 1722 
3231 369 1722 1723 
3232 368 1723 1725 
3233 588 59 1725 
3234 585 1721 1724 
3235 118 588 587 
2 318 2 61
3236 602 1735 603 
3237 1729 1732 592 
3238 596 603 595 
3239 596 604 603 
3240 603 1735 595 
3241 120 1729 592 
3242 1727 1728 1726 
3243 1727 1732 1729 
3244 589 1731 590 
3245 606 1732 607 
3246 1727 1729 1728 
3247 121 1734 598 
3248 591 1729 119 
3249 122 1727 1726 
3250 1726 1733 599 
3251 598 1734 605 
3252 1728 1731 1726 
3253 590 1731 1728 
3254 577 1730 114 
3255 594 1734 121 
3256 605 1737 598 
3257 584 1730 601 
3258 606 1740 1732 
3259 1730 1735 602 
3260 1728 1729 591 
3261 600 1733 585 
3262 114 1730 584 
3263 601 1736 584 
3264 119 1729 120 
3265 585 1736 600 
3266 577 1735 1730 
3267 598 1737 597 
3268 587 1738 1731 
3269 587 1739 118 
3270 586 1738 587 
3271 590 1728 591 
3272 1731 1739 587 
3273 1726 1738 1733 
3274 585 1733 586 
3275 592 1732 593 
3276 604 1737 605 
3277 601 1730 602 
3278 584 1736 585 
3279 607 1727 122 
3280 122 1726 599 
3281 599 1733 600 
3282 589 1739 1731 
3283 605 1734 606 
3284 607 1732 1727 
3285 1731 1738 1726 
3286 595 1735 116 
3287 600 1736 601 
3288 593 1740 594 
3289 116 1735 577 
3290 118 1739 589 
3291 1732 1740 593 
3292 1733 1738 586 
3293 597 1737 604 
3294 1734 1740 606 
3295 594 1740 1734 
3296 597 604 596 
2 319 2 16
3297 608 609 590 
3298 591 608 590 
3299 123 608 591 
3300 609 1742 590 
3301 63 1741 610 
3302 589 1743 118 
3303 590 1742 589 
3304 588 1741 59 
3305 610 1742 609 
3306 1741 1742 610 
3307 118 1743 588 
3308 1741 1743 1742 
3309 59 1741 63 
3310 1742 1743 589 
3311 588 1743 1741 
3312 591 119 123 
2 320 2 25
3313 614 1745 613 
3314 612 1749 580 
3315 613 1745 1744 
3316 117 612 580 
3317 598 1746 121 
3318 1744 1749 612 
3319 1745 1748 1744 
3320 116 582 595 
3321 1745 1746 598 
3322 581 1747 582 
3323 582 1747 595 
3324 614 1746 1745 
3325 613 1744 612 
3326 596 1748 597 
3327 595 1747 596 
3328 597 1745 598 
3329 124 1746 614 
3330 1747 1749 1748 
3331 1748 1749 1744 
3332 1747 1748 596 
3333 597 1748 1745 
3334 581 1749 1747 
3335 580 1749 581 
3336 611 1746 124 
3337 121 1746 611 
2 321 2 9
3338 615 125 1751 
3339 123 119 1750 
3340 616 123 1750 
3341 120 615 1751 
3342 126 616 1751 
3343 1750 120 1751 
3344 616 1750 1751 
3345 119 120 1750 
3346 125 126 1751 
2 322 2 13
3347 593 594 618 
3348 617 593 618 
3349 618 594 1753 
3350 125 615 1752 
3351 592 593 1752 
3352 615 592 1752 
3353 594 611 1753 
3354 124 618 1753 
3355 593 617 1752 
3356 617 125 1752 
3357 611 124 1753 
3358 120 592 615 
3359 121 611 594 
2 323 2 34
3360 1759 1756 1761 
3361 1755 1764 1766 
3362 1764 1754 1765 
3363 1761 1754 1764 
3364 1755 1759 1764 
3365 602 603 1755 
3366 122 599 1754 
3367 605 606 1756 
3368 600 601 1757 
3369 1764 1757 1766 
3370 606 607 1763 
3371 1759 1761 1764 
3372 1754 1761 1762 
3373 1757 1764 1765 
3374 604 605 1760 
3375 1756 606 1763 
3376 599 600 1765 
3377 1756 1759 1760 
3378 1761 1756 1763 
3379 601 602 1766 
3380 1757 601 1766 
3381 603 604 1758 
3382 1759 1758 1760 
3383 1758 604 1760 
3384 1762 1761 1763 
3385 605 1756 1760 
3386 1754 599 1765 
3387 600 1757 1765 
3388 607 122 1762 
3389 122 1754 1762 
3390 1755 1758 1759 
3391 602 1755 1766 
3392 1755 603 1758 
3393 607 1762 1763 
2 324 2 17
3394 64 1768 620 
3395 63 610 389 
3396 389 1768 64 
3397 620 1767 619 
3398 619 1770 126 
3399 610 1768 389 
3400 620 1768 1767 
3401 608 1767 609 
3402 609 1768 610 
3403 123 1769 608 
3404 1767 1768 609 
3405 1767 1770 619 
3406 608 1769 1767 
3407 1769 1770 1767 
3408 126 1770 616 
3409 616 1769 123 
3410 616 1770 1769 
2 325 2 14
3411 500 90 1773 
3412 89 623 1773 
3413 500 623 1772 
3414 90 89 1773 
3415 623 500 1773 
3416 499 622 1771 
3417 621 498 1771 
3418 622 499 1772 
3419 498 499 1771 
3420 499 500 1772 
3421 622 621 1771 
3422 623 622 1772 
3423 97 621 127 
3424 621 97 498 
2 326 2 53
3425 1775 1779 624 
3426 633 1777 634 
3427 624 1786 1775 
3428 637 1781 474 
3429 635 1778 636 
3430 635 1779 1775 
3431 627 1776 128 
3432 1775 1778 635 
3433 1777 1782 634 
3434 629 1783 1774 
3435 630 631 91 
3436 91 1780 475 
3437 1774 1784 629 
3438 1776 1777 1774 
3439 624 1779 625 
3440 627 1777 1776 
3441 130 1783 629 
3442 131 1780 631 
3443 474 1781 473 
3444 128 1776 129 
3445 1774 1777 633 
3446 626 1777 627 
3447 631 1780 91 
3448 1774 1783 1776 
3449 129 1776 628 
3450 622 1775 621 
3451 127 1786 624 
3452 623 1778 622 
3453 632 1784 1774 
3454 630 1784 631 
3455 636 1781 637 
3456 634 1779 635 
3457 632 1774 633 
3458 1778 1781 636 
3459 631 1784 632 
3460 625 1782 626 
3461 626 1782 1777 
3462 622 1778 1775 
3463 473 1785 89 
3464 628 1783 130 
3465 1778 1785 1781 
3466 1775 1786 621 
3467 621 1786 127 
3468 1779 1782 625 
3469 89 1785 623 
3470 623 1785 1778 
3471 629 1784 630 
3472 634 1782 1779 
3473 1776 1783 628 
3474 475 1780 131 
3475 1781 1785 473 
3476 475 131 474 
3477 131 637 474 
2 327 2 18
3478 640 639 626 
3479 624 625 1787 
3480 624 1787 1789 
3481 626 639 1788 
3482 625 626 1788 
3483 518 624 1789 
3484 638 101 1787 
3485 101 517 1787 
3486 639 638 1788 
3487 1787 625 1788 
3488 638 1787 1788 
3489 517 518 1789 
3490 1787 517 1789 
3491 97 127 624 
3492 518 97 624 
3493 128 641 627 
3494 640 626 627 
3495 641 640 627 
2 328 2 48
3496 1790 1800 1797 
3497 101 638 516 
3498 1790 1801 1800 
3499 1792 1794 644 
3500 133 1792 644 
3501 638 1795 516 
3502 516 1795 515 
3503 639 1795 638 
3504 1791 1795 639 
3505 515 1795 1793 
3506 1792 1796 1794 
3507 1790 1804 1801 
3508 1793 1802 1797 
3509 1797 1800 1793 
3510 1792 1797 1796 
3511 1797 1803 1790 
3512 1796 1799 1794 
3513 1791 1802 1795 
3514 1797 1802 1796 
3515 1795 1802 1793 
3516 1791 1799 1796 
3517 1796 1802 1791 
3518 132 1790 643 
3519 645 1798 129 
3520 640 1791 639 
3521 641 1799 640 
3522 515 1793 514 
3523 514 1800 513 
3524 128 1798 641 
3525 644 1794 645 
3526 129 1798 128 
3527 642 1792 133 
3528 1794 1799 1798 
3529 1794 1798 645 
3530 1798 1799 641 
3531 643 1803 642 
3532 1801 1804 95 
3533 1792 1803 1797 
3534 640 1799 1791 
3535 1793 1800 514 
3536 100 1801 95 
3537 95 1804 94 
3538 513 1801 100 
3539 1800 1801 513 
3540 642 1803 1792 
3541 1790 1803 643 
3542 94 1804 132 
3543 132 1804 1790 
2 329 2 14
3544 133 130 629 
3545 630 91 1805 
3546 91 488 1805 
3547 488 93 1806 
3548 133 629 1807 
3549 629 630 1807 
3550 132 643 1806 
3551 643 642 1805 
3552 630 1805 1807 
3553 93 132 1806 
3554 1805 488 1806 
3555 642 133 1807 
3556 1805 642 1807 
3557 643 1805 1806 
2 330 2 4
3558 130 133 644 
3559 129 628 645 
3560 644 628 130 
3561 645 628 644 
2 331 2 24
3562 634 635 1809 
3563 636 637 1811 
3564 131 631 1808 
3565 632 633 1810 
3566 1813 1808 1816 
3567 1810 1813 1816 
3568 1810 1809 1813 
3569 1811 1808 1813 
3570 1809 1810 1815 
3571 1808 1811 1814 
3572 1809 1811 1813 
3573 1811 1809 1812 
3574 636 1811 1812 
3575 632 1810 1816 
3576 1810 633 1815 
3577 1811 637 1814 
3578 633 634 1815 
3579 637 131 1814 
3580 631 632 1816 
3581 635 636 1812 
3582 1809 635 1812 
3583 1808 631 1816 
3584 634 1809 1815 
3585 131 1808 1814 
2 332 2 32
3586 137 129 648 
3587 647 1820 1819 
3588 1819 1820 1817 
3589 647 1819 133 
3590 1817 1820 1818 
3591 1818 1823 1817 
3592 648 1821 649 
3593 646 1820 136 
3594 135 1822 134 
3595 648 1825 1821 
3596 1818 1820 646 
3597 1817 1824 1819 
3598 134 1822 1818 
3599 650 1817 651 
3600 136 1820 647 
3601 134 1818 646 
3602 138 1822 135 
3603 129 1825 648 
3604 644 1821 645 
3605 133 1819 644 
3606 649 1824 650 
3607 645 1825 129 
3608 652 1822 138 
3609 651 1823 652 
3610 1821 1824 649 
3611 1817 1823 651 
3612 1819 1821 644 
3613 652 1823 1822 
3614 650 1824 1817 
3615 1822 1823 1818 
3616 1821 1825 645 
3617 1819 1824 1821 
2 333 2 52
3618 128 139 1838 
3619 105 531 1828 
3620 1826 1829 1833 
3621 638 639 1836 
3622 1829 1826 1832 
3623 139 656 1838 
3624 1841 1835 1842 
3625 1827 1841 1842 
3626 639 1827 1836 
3627 653 105 1828 
3628 1834 1840 1842 
3629 1835 1830 1842 
3630 1836 1827 1842 
3631 654 653 1834 
3632 656 655 1835 
3633 655 654 1830 
3634 1833 1836 1842 
3635 1833 1829 1836 
3636 1826 1833 1840 
3637 1840 1833 1842 
3638 1830 1834 1842 
3639 319 320 1826 
3640 318 319 1837 
3641 639 640 1827 
3642 520 519 1829 
3643 1828 1837 1840 
3644 42 318 1831 
3645 641 128 1838 
3646 1828 531 1831 
3647 1830 654 1834 
3648 655 1830 1835 
3649 1834 1828 1840 
3650 320 41 1832 
3651 41 520 1832 
3652 1828 1831 1837 
3653 653 1828 1834 
3654 1831 318 1837 
3655 101 638 1839 
3656 519 101 1839 
3657 1837 1826 1840 
3658 319 1826 1837 
3659 638 1836 1839 
3660 1826 320 1832 
3661 640 641 1841 
3662 520 1829 1832 
3663 1829 519 1839 
3664 1827 640 1841 
3665 656 1835 1838 
3666 1836 1829 1839 
3667 531 42 1831 
3668 641 1838 1841 
3669 1838 1835 1841 
2 334 2 2
3670 128 129 137 
3671 128 137 139 
2 335 2 30
3672 654 1846 1844 
3673 1844 1848 654 
3674 655 1846 654 
3675 1843 1845 551 
3676 552 1843 551 
3677 654 1848 653 
3678 551 1845 110 
3679 651 1844 650 
3680 1844 1849 1843 
3681 1843 1848 1844 
3682 656 1847 655 
3683 650 1846 649 
3684 1843 1849 1845 
3685 138 1845 652 
3686 1844 1846 650 
3687 552 1850 1843 
3688 649 1847 648 
3689 653 1850 105 
3690 651 1849 1844 
3691 652 1849 651 
3692 655 1847 1846 
3693 1846 1847 649 
3694 1843 1850 1848 
3695 110 1845 138 
3696 105 1850 552 
3697 1845 1849 652 
3698 648 1847 656 
3699 1848 1850 653 
3700 137 656 139 
3701 648 656 137 
2 336 2 38
3702 141 657 1852 
3703 1852 1854 1855 
3704 141 1852 1855 
3705 141 1857 1858 
3706 1852 1853 1854 
3707 1858 1857 1859 
3708 1861 140 1863 
3709 1852 658 1853 
3710 1859 1857 1862 
3711 1857 1856 1862 
3712 1862 1861 1863 
3713 1855 1854 1856 
3714 658 659 1853 
3715 1856 1854 1861 
3716 1855 1856 1857 
3717 141 1855 1857 
3718 1856 1861 1862 
3719 657 658 1852 
3720 659 658 1860 
3721 657 141 1858 
3722 140 659 1864 
3723 1859 1863 1866 
3724 1854 1851 1861 
3725 1858 1859 1866 
3726 1859 1862 1863 
3727 1863 1864 1866 
3728 1853 1851 1854 
3729 1863 140 1864 
3730 658 657 1865 
3731 659 140 1851 
3732 659 1860 1864 
3733 1864 1860 1866 
3734 659 1851 1853 
3735 1860 658 1865 
3736 657 1858 1865 
3737 1860 1865 1866 
3738 1865 1858 1866 
3739 1851 140 1861 
2 337 2 45
3740 557 1878 579 
3741 109 557 579 
3742 579 1878 1870 
3743 559 1871 1867 
3744 1871 1877 1867 
3745 1875 1876 1868 
3746 1872 1875 1868 
3747 1867 1877 1876 
3748 111 1871 559 
3749 559 1867 558 
3750 1873 1879 1869 
3751 579 1870 578 
3752 660 1871 143 
3753 597 1872 598 
3754 595 1869 596 
3755 578 1873 116 
3756 596 1875 597 
3757 598 1874 121 
3758 116 1873 595 
3759 1869 1879 1876 
3760 660 1877 1871 
3761 121 1874 142 
3762 1869 1876 1875 
3763 1868 1880 1872 
3764 661 1877 660 
3765 662 1868 661 
3766 1876 1879 1867 
3767 1870 1879 1873 
3768 558 1878 557 
3769 142 1874 663 
3770 1876 1877 1868 
3771 1870 1873 578 
3772 1867 1878 558 
3773 597 1875 1872 
3774 1869 1875 596 
3775 595 1873 1869 
3776 663 1880 662 
3777 1868 1877 661 
3778 1867 1879 1878 
3779 1872 1874 598 
3780 662 1880 1868 
3781 1878 1879 1870 
3782 1874 1880 663 
3783 1872 1880 1874 
3784 143 1871 111 
2 338 2 15
3785 554 1881 553 
3786 110 1883 555 
3787 666 1881 665 
3788 665 1882 144 
3789 554 1882 665 
3790 555 1882 554 
3791 144 1882 664 
3792 665 1881 554 
3793 1882 1883 664 
3794 664 1883 138 
3795 138 1883 110 
3796 555 1883 1882 
3797 553 1881 666 
3798 111 553 143 
3799 143 553 666 
2 339 2 12
3800 142 1884 121 
3801 667 1884 142 
3802 124 1886 668 
3803 145 1885 667 
3804 668 1885 146 
3805 146 1885 145 
3806 121 1884 611 
3807 667 1885 1884 
3808 611 1886 124 
3809 668 1886 1885 
3810 1885 1886 1884 
3811 1884 1886 611 
2 340 2 29
3812 143 666 660 
3813 147 1891 670 
3814 665 1889 666 
3815 666 1889 660 
3816 662 1890 663 
3817 660 1889 661 
3818 145 1888 671 
3819 144 1893 665 
3820 661 1892 662 
3821 670 1887 669 
3822 669 1893 144 
3823 671 1891 147 
3824 1887 1891 1890 
3825 670 1891 1887 
3826 667 1888 145 
3827 662 1892 1890 
3828 1889 1892 661 
3829 663 1894 142 
3830 665 1893 1889 
3831 1890 1892 1887 
3832 1890 1894 663 
3833 1887 1893 669 
3834 1889 1893 1892 
3835 1888 1894 1890 
3836 1892 1893 1887 
3837 1890 1891 1888 
3838 1888 1891 671 
3839 142 1894 667 
3840 667 1894 1888 
2 341 2 36
3841 149 672 1900 
3842 1899 1902 1903 
3843 672 149 1896 
3844 149 1900 1906 
3845 1901 1898 1902 
3846 1896 149 1904 
3847 1899 1901 1902 
3848 1895 1898 1901 
3849 1898 1896 1904 
3850 1895 1897 1898 
3851 1899 1903 1905 
3852 1902 1898 1904 
3853 1903 1902 1908 
3854 1905 1903 1906 
3855 673 1896 1897 
3856 1906 1903 1908 
3857 674 673 1897 
3858 1897 1896 1898 
3859 1900 1905 1906 
3860 1905 1900 1909 
3861 149 1906 1908 
3862 673 672 1896 
3863 672 673 1900 
3864 674 148 1907 
3865 1907 1905 1909 
3866 1902 1904 1908 
3867 1899 1905 1907 
3868 1900 673 1909 
3869 148 674 1895 
3870 148 1899 1907 
3871 673 674 1909 
3872 1895 674 1897 
3873 674 1907 1909 
3874 1904 149 1908 
3875 1899 148 1901 
3876 148 1895 1901 
2 342 2 28
3877 151 1911 1915 
3878 1914 151 1918 
3879 1916 1914 1918 
3880 1917 1916 1918 
3881 150 1910 1917 
3882 1910 1916 1917 
3883 1915 1917 1918 
3884 151 675 1911 
3885 1913 1914 1916 
3886 1911 1912 1915 
3887 1914 1913 1920 
3888 1915 1912 1917 
3889 1912 1911 1919 
3890 1912 150 1917 
3891 677 676 1913 
3892 1913 676 1920 
3893 675 676 1911 
3894 675 151 1914 
3895 677 150 1912 
3896 1910 1913 1916 
3897 1911 676 1919 
3898 150 677 1910 
3899 1910 677 1913 
3900 676 677 1919 
3901 676 675 1920 
3902 675 1914 1920 
3903 677 1912 1919 
3904 151 1915 1918 
2 343 2 67
3905 437 684 438 
3906 438 684 683 
3907 438 683 76 
3908 678 682 679 
3909 76 683 678 
3910 1922 1929 394 
3911 437 1928 684 
3912 1921 1936 1930 
3913 394 1929 395 
3914 67 408 435 
3915 687 1929 1927 
3916 1923 1929 687 
3917 1930 1936 1925 
3918 688 1930 1925 
3919 1927 1930 688 
3920 1927 1929 1922 
3921 684 1928 685 
3922 609 1931 610 
3923 1924 1933 686 
3924 678 683 682 
3925 686 1933 1923 
3926 1924 1928 1926 
3927 407 1926 408 
3928 685 1928 1924 
3929 407 1938 1926 
3930 408 1926 435 
3931 1926 1938 1924 
3932 682 1935 679 
3933 1922 1930 1927 
3934 395 1932 65 
3935 435 1926 436 
3936 152 1935 682 
3937 1934 1936 1921 
3938 1921 1931 609 
3939 393 1922 394 
3940 1929 1932 395 
3941 393 1937 1922 
3942 65 1932 405 
3943 436 1928 437 
3944 63 1937 393 
3945 1930 1931 1921 
3946 679 1935 680 
3947 405 1933 406 
3948 1926 1928 436 
3949 686 1923 687 
3950 688 1925 152 
3951 685 1924 686 
3952 687 1927 688 
3953 681 1934 123 
3954 608 1921 609 
3955 1923 1932 1929 
3956 1922 1937 1931 
3957 1924 1938 1933 
3958 1932 1933 405 
3959 1922 1931 1930 
3960 680 1936 681 
3961 406 1938 407 
3962 1923 1933 1932 
3963 123 1934 608 
3964 1933 1938 406 
3965 1925 1935 152 
3966 1925 1936 1935 
3967 610 1937 63 
3968 1931 1937 610 
3969 1935 1936 680 
3970 681 1936 1934 
3971 608 1934 1921 
2 344 2 18
3972 689 85 460 
3973 680 691 679 
3974 692 691 680 
3975 691 690 1941 
3976 679 691 1941 
3977 689 460 1939 
3978 616 126 1940 
3979 690 689 1941 
3980 76 678 1939 
3981 460 76 1939 
3982 681 616 1940 
3983 680 681 1940 
3984 692 680 1940 
3985 689 1939 1941 
3986 126 692 1940 
3987 678 679 1941 
3988 1939 678 1941 
3989 123 616 681 
2 345 2 18
3990 683 684 1943 
3991 685 686 1943 
3992 1942 683 1943 
3993 1943 686 1945 
3994 688 152 693 
3995 152 682 693 
3996 688 693 1944 
3997 693 682 1942 
3998 686 687 1945 
3999 684 685 1943 
4000 153 1942 1943 
4001 687 688 1944 
4002 682 683 1942 
4003 153 693 1942 
4004 693 153 1944 
4005 153 1943 1945 
4006 687 1944 1945 
4007 1944 153 1945 
2 346 2 56
4008 433 703 432 
4009 680 707 679 
4010 699 1948 698 
4011 76 705 434 
4012 678 705 76 
4013 434 705 704 
4014 701 1956 702 
4015 678 706 705 
4016 1954 1956 1946 
4017 1947 1956 1954 
4018 679 707 706 
4019 433 704 703 
4020 1946 1955 1954 
4021 703 1957 432 
4022 680 1958 707 
4023 708 1949 156 
4024 699 1949 1948 
4025 1948 1951 698 
4026 1950 1956 701 
4027 681 1951 1948 
4028 123 1951 681 
4029 681 1948 680 
4030 432 1947 431 
4031 695 1946 696 
4032 1949 1953 156 
4033 697 1952 155 
4034 700 1949 699 
4035 75 1954 694 
4036 708 1958 1949 
4037 696 1950 697 
4038 694 1955 154 
4039 698 1951 119 
4040 431 1954 75 
4041 156 1952 701 
4042 154 1955 695 
4043 1947 1954 431 
4044 1946 1950 696 
4045 1949 1958 1948 
4046 1954 1955 694 
4047 701 1952 1950 
4048 1948 1958 680 
4049 432 1957 1947 
4050 695 1955 1946 
4051 702 1957 703 
4052 155 1953 700 
4053 1950 1952 697 
4054 707 1958 708 
4055 1946 1956 1950 
4056 700 1953 1949 
4057 1956 1957 702 
4058 1952 1953 155 
4059 119 1951 123 
4060 156 1953 1952 
4061 1947 1957 1956 
4062 434 704 433 
4063 679 706 678 
2 347 2 4
4064 154 157 694 
4065 709 82 75 
4066 75 694 709 
4067 694 157 709 
2 348 2 40
4068 697 155 1967 
4069 1960 711 1962 
4070 717 615 1960 
4071 1960 1962 1964 
4072 155 1959 1967 
4073 125 711 1960 
4074 712 157 1969 
4075 154 695 1969 
4076 155 716 1959 
4077 1959 1964 1970 
4078 1964 1962 1970 
4079 697 1967 1968 
4080 715 714 1963 
4081 714 713 1961 
4082 711 710 1962 
4083 716 717 1964 
4084 158 715 1966 
4085 710 158 1966 
4086 695 696 1965 
4087 717 1960 1964 
4088 714 1961 1963 
4089 1959 716 1964 
4090 1961 713 1965 
4091 713 712 1965 
4092 157 154 1969 
4093 715 1963 1966 
4094 1962 710 1966 
4095 695 1965 1969 
4096 1965 712 1969 
4097 696 697 1968 
4098 1963 1961 1967 
4099 1961 1965 1968 
4100 1965 696 1968 
4101 1967 1961 1968 
4102 1966 1963 1970 
4103 1962 1966 1970 
4104 615 125 1960 
4105 1963 1967 1970 
4106 1967 1959 1970 
4107 120 615 717 
2 349 2 6
4108 119 120 698 
4109 716 155 700 
4110 120 717 698 
4111 698 717 699 
4112 700 699 716 
4113 699 717 716 
2 350 2 25
4114 708 156 718 
4115 718 156 701 
4116 1972 1971 1976 
4117 159 1971 1972 
4118 718 701 1975 
4119 708 718 1974 
4120 718 159 1974 
4121 159 718 1975 
4122 701 702 1975 
4123 707 708 1974 
4124 706 707 1972 
4125 702 703 1973 
4126 704 705 1971 
4127 1971 159 1977 
4128 159 1973 1977 
4129 703 704 1977 
4130 159 1972 1974 
4131 1973 159 1975 
4132 1971 705 1976 
4133 705 706 1976 
4134 1973 703 1977 
4135 704 1971 1977 
4136 702 1973 1975 
4137 1972 707 1974 
4138 706 1972 1976 
2 351 2 26
4139 709 712 1984 
4140 157 712 709 
4141 1981 709 1984 
4142 1978 459 1979 
4143 83 459 1978 
4144 714 1980 1982 
4145 714 715 1980 
4146 1978 1979 1982 
4147 1980 1978 1982 
4148 715 158 1983 
4149 459 458 1979 
4150 82 709 1981 
4151 158 160 1983 
4152 713 714 1982 
4153 458 82 1981 
4154 719 720 1980 
4155 720 83 1978 
4156 712 713 1984 
4157 713 1982 1984 
4158 1979 458 1981 
4159 1982 1979 1984 
4160 160 719 1983 
4161 1979 1981 1984 
4162 720 1978 1980 
4163 1980 715 1983 
4164 719 1980 1983 
2 352 2 34
4165 1985 161 1986 
4166 161 1987 1986 
4167 161 1988 1987 
4168 1989 162 1990 
4169 1991 1992 162 
4170 162 1992 1990 
4171 1990 1992 1993 
4172 1994 1989 1990 
4173 721 1989 1994 
4174 722 1995 1988 
4175 1996 1985 1986 
4176 722 161 1985 
4177 722 1985 1996 
4178 1986 1987 1993 
4179 1997 1990 1993 
4180 721 1998 1991 
4181 1991 1998 1992 
4182 1991 162 721 
4183 1997 1987 1995 
4184 1995 1990 1997 
4185 1993 1987 1997 
4186 1999 1986 1993 
4187 1999 1992 1998 
4188 1988 161 722 
4189 1988 1995 1987 
4190 721 162 1989 
4191 1996 721 722 
4192 1996 1986 1998 
4193 1998 721 1996 
4194 1998 1986 1999 
4195 1994 722 721 
4196 1994 1990 1995 
4197 1995 722 1994 
4198 1993 1992 1999 
2 353 2 20
4199 732 723 163 
4200 728 2000 727 
4201 724 728 164 
4202 2000 2003 727 
4203 727 2003 2001 
4204 732 2000 723 
4205 724 2000 728 
4206 730 2001 731 
4207 723 2000 724 
4208 732 2003 2000 
4209 729 2002 730 
4210 727 2001 726 
4211 725 2002 729 
4212 726 2002 725 
4213 730 2002 2001 
4214 731 2003 732 
4215 2001 2002 726 
4216 2001 2003 731 
4217 81 87 729 
4218 87 725 729 
2 354 2 44
4219 477 743 478 
4220 734 738 733 
4221 739 738 734 
4222 630 741 740 
4223 629 735 130 
4224 91 741 630 
4225 478 743 742 
4226 742 479 478 
4227 743 2004 165 
4228 479 741 91 
4229 742 741 479 
4230 477 2004 743 
4231 734 2006 739 
4232 740 2006 630 
4233 735 2006 734 
4234 629 2006 735 
4235 630 2006 629 
4236 2004 2005 165 
4237 2004 2007 2005 
4238 2004 2009 2007 
4239 2005 2011 165 
4240 165 2011 736 
4241 732 2010 731 
4242 476 2004 477 
4243 730 2005 729 
4244 163 2008 732 
4245 732 2008 737 
4246 739 2006 740 
4247 733 2008 163 
4248 737 2008 738 
4249 81 2007 454 
4250 736 2010 737 
4251 454 2009 80 
4252 729 2007 81 
4253 738 2008 733 
4254 731 2011 730 
4255 80 2009 476 
4256 731 2010 736 
4257 730 2011 2005 
4258 476 2009 2004 
4259 2005 2007 729 
4260 737 2010 732 
4261 736 2011 731 
4262 2007 2009 454 
2 355 2 22
4263 163 723 733 
4264 734 2014 2012 
4265 733 2014 734 
4266 130 2016 133 
4267 2013 2015 2012 
4268 2012 2014 2013 
4269 744 2013 164 
4270 734 2012 735 
4271 723 2014 733 
4272 164 2013 724 
4273 724 2014 723 
4274 744 2015 2013 
4275 2015 2017 2012 
4276 647 2015 136 
4277 136 2015 744 
4278 2012 2016 735 
4279 133 2017 647 
4280 735 2016 130 
4281 2013 2014 724 
4282 647 2017 2015 
4283 2012 2017 2016 
4284 2016 2017 133 
2 356 2 25
4285 2020 2019 2023 
4286 2019 2021 2023 
4287 739 740 2024 
4288 2019 2020 2026 
4289 740 2020 2024 
4290 2020 2023 2024 
4291 2022 2018 2023 
4292 737 738 2018 
4293 740 741 2020 
4294 742 743 2019 
4295 2023 2018 2024 
4296 2021 2022 2023 
4297 739 2024 2025 
4298 165 736 2021 
4299 737 2018 2022 
4300 738 739 2025 
4301 741 742 2026 
4302 2018 738 2025 
4303 736 737 2022 
4304 742 2019 2026 
4305 2024 2018 2025 
4306 2020 741 2026 
4307 2021 736 2022 
4308 743 165 2021 
4309 2019 743 2021 
2 357 2 59
4310 748 2033 749 
4311 2041 2043 2027 
4312 166 2032 748 
4313 2032 2033 748 
4314 2034 2043 2041 
4315 745 2032 166 
4316 735 2035 130 
4317 2029 2034 2033 
4318 628 2030 129 
4319 750 2028 168 
4320 2029 2036 2034 
4321 2027 2043 2035 
4322 137 2045 747 
4323 747 2045 2036 
4324 746 2029 745 
4325 747 2036 746 
4326 2027 2035 735 
4327 163 2031 733 
4328 2034 2037 2033 
4329 130 2035 628 
4330 2031 2040 2039 
4331 2030 2043 2036 
4332 2036 2045 2030 
4333 2040 2041 2039 
4334 2029 2033 2032 
4335 2036 2043 2034 
4336 733 2039 734 
4337 734 2027 735 
4338 752 2031 163 
4339 2031 2039 733 
4340 746 2036 2029 
4341 168 2038 751 
4342 2037 2040 2028 
4343 2033 2046 749 
4344 749 2046 750 
4345 2029 2032 745 
4346 2034 2041 2037 
4347 169 2044 753 
4348 2040 2042 2038 
4349 2028 2040 2038 
4350 753 2042 752 
4351 2039 2041 2027 
4352 2035 2043 2030 
4353 2037 2041 2040 
4354 2028 2046 2037 
4355 750 2046 2028 
4356 628 2035 2030 
4357 734 2039 2027 
4358 2037 2046 2033 
4359 2031 2042 2040 
4360 752 2042 2031 
4361 2028 2038 168 
4362 129 2045 137 
4363 753 2044 2042 
4364 751 2044 169 
4365 2030 2045 129 
4366 2042 2044 2038 
4367 2038 2044 751 
4368 167 166 748 
2 358 2 45
4369 137 747 648 
4370 747 2058 648 
4371 2048 2051 754 
4372 170 2051 166 
4373 754 2051 170 
4374 2056 2058 2050 
4375 2047 2058 2056 
4376 166 2051 745 
4377 2048 2053 2051 
4378 2050 2058 747 
4379 746 2050 747 
4380 745 2053 746 
4381 746 2053 2050 
4382 755 2048 754 
4383 756 2054 755 
4384 757 2049 756 
4385 757 2052 2049 
4386 144 2052 757 
4387 2048 2056 2053 
4388 2054 2056 2048 
4389 2053 2056 2050 
4390 650 2055 651 
4391 649 2047 650 
4392 2049 2057 2055 
4393 2055 2060 2049 
4394 2051 2053 745 
4395 755 2054 2048 
4396 2049 2054 756 
4397 2052 2057 2049 
4398 651 2057 652 
4399 664 2052 144 
4400 2047 2055 650 
4401 2049 2060 2054 
4402 2054 2060 2056 
4403 2055 2057 651 
4404 648 2058 649 
4405 652 2059 138 
4406 649 2058 2047 
4407 2056 2060 2047 
4408 2057 2059 652 
4409 2052 2059 2057 
4410 2047 2060 2055 
4411 138 2059 664 
4412 664 2059 2052 
4413 170 166 171 
2 359 2 49
4414 755 754 2065 
4415 2062 755 2065 
4416 751 764 2072 
4417 754 758 2065 
4418 170 758 754 
4419 2067 2061 2068 
4420 2062 2065 2066 
4421 2062 2066 2067 
4422 2067 2068 2076 
4423 2061 2067 2074 
4424 760 168 2064 
4425 756 755 2062 
4426 758 759 2065 
4427 763 762 2061 
4428 762 761 2068 
4429 764 763 2069 
4430 2062 2067 2070 
4431 757 756 2070 
4432 2066 2064 2074 
4433 2067 2066 2074 
4434 756 2062 2070 
4435 2066 2065 2075 
4436 144 757 2071 
4437 670 669 2063 
4438 2064 2066 2075 
4439 2061 762 2068 
4440 764 2069 2072 
4441 763 2061 2069 
4442 2063 2068 2073 
4443 2068 2063 2076 
4444 669 144 2071 
4445 2064 2069 2074 
4446 2065 759 2075 
4447 757 2070 2071 
4448 2068 761 2073 
4449 761 147 2073 
4450 759 760 2075 
4451 168 751 2072 
4452 760 2064 2075 
4453 2071 2070 2076 
4454 147 670 2073 
4455 2063 669 2071 
4456 2069 2061 2074 
4457 2064 168 2072 
4458 670 2063 2073 
4459 2069 2064 2072 
4460 2070 2067 2076 
4461 2063 2071 2076 
4462 169 764 751 
2 360 2 31
4463 169 753 764 
4464 752 2079 753 
4465 2080 2081 2077 
4466 753 2079 764 
4467 761 2084 2082 
4468 723 2081 163 
4469 2077 2085 2080 
4470 763 2080 762 
4471 2079 2081 2080 
4472 764 2079 763 
4473 761 2082 147 
4474 163 2081 752 
4475 765 2078 766 
4476 752 2081 2079 
4477 147 2082 172 
4478 766 2083 164 
4479 2082 2084 2078 
4480 2079 2080 763 
4481 724 2077 723 
4482 164 2083 724 
4483 762 2084 761 
4484 2077 2081 723 
4485 172 2082 765 
4486 2080 2084 762 
4487 2078 2083 766 
4488 765 2082 2078 
4489 724 2083 2077 
4490 2080 2085 2084 
4491 2078 2085 2083 
4492 2084 2085 2078 
4493 2083 2085 2077 
2 361 2 1
4494 166 167 171 
2 362 2 8
4495 168 760 750 
4496 171 167 748 
4497 170 171 748 
4498 748 758 170 
4499 749 758 748 
4500 750 759 749 
4501 749 759 758 
4502 750 760 759 
2 363 2 36
4503 173 2086 2092 
4504 2086 173 2098 
4505 2094 2090 2096 
4506 2096 2090 2099 
4507 174 767 2087 
4508 2087 2088 2091 
4509 174 2087 2097 
4510 173 769 2098 
4511 2091 2088 2092 
4512 2092 2093 2095 
4513 2095 2093 2096 
4514 2088 2087 2100 
4515 2091 2092 2095 
4516 2088 173 2092 
4517 2092 2086 2093 
4518 2090 767 2099 
4519 769 768 2098 
4520 2087 2091 2097 
4521 2095 2089 2097 
4522 767 174 2099 
4523 767 768 2087 
4524 768 767 2090 
4525 769 173 2088 
4526 2089 174 2097 
4527 2091 2095 2097 
4528 2089 2095 2096 
4529 2090 2094 2098 
4530 768 2090 2098 
4531 2087 768 2100 
4532 2089 2096 2099 
4533 2093 2086 2094 
4534 2093 2094 2096 
4535 768 769 2100 
4536 2094 2086 2098 
4537 769 2088 2100 
4538 174 2089 2099 
2 364 2 55
4539 535 781 782 
4540 106 532 773 
4541 175 774 2108 
4542 166 776 2103 
4543 773 532 2108 
4544 2104 2103 2110 
4545 771 772 2104 
4546 778 2101 2102 
4547 774 175 2107 
4548 2102 2104 2110 
4549 772 2103 2104 
4550 779 2105 2106 
4551 2102 2101 2104 
4552 175 777 2107 
4553 2101 779 2106 
4554 772 166 2103 
4555 774 773 2108 
4556 532 784 2108 
4557 654 780 2113 
4558 770 771 2109 
4559 780 654 2105 
4560 771 2104 2109 
4561 777 2102 2107 
4562 655 656 2106 
4563 2107 2102 2110 
4564 778 779 2101 
4565 535 105 2111 
4566 777 778 2102 
4567 653 654 2113 
4568 776 775 2110 
4569 779 780 2105 
4570 775 774 2107 
4571 654 655 2105 
4572 775 2107 2110 
4573 784 175 2108 
4574 2104 2101 2109 
4575 139 770 2112 
4576 2103 776 2110 
4577 2105 655 2106 
4578 2109 2106 2112 
4579 656 139 2112 
4580 2106 656 2112 
4581 2101 2106 2109 
4582 105 653 2111 
4583 780 781 2113 
4584 781 535 2111 
4585 770 2109 2112 
4586 781 2111 2113 
4587 2111 653 2113 
4588 533 534 783 
4589 171 776 166 
4590 532 533 784 
4591 784 533 783 
4592 534 535 782 
4593 534 782 783 
2 365 2 7
4594 139 137 770 
4595 745 166 772 
4596 772 746 745 
4597 137 747 770 
4598 771 747 746 
4599 772 771 746 
4600 770 747 771 
2 366 2 16
4601 773 2114 556 
4602 775 787 774 
4603 774 787 786 
4604 775 788 787 
4605 773 2115 2114 
4606 143 2114 785 
4607 2114 2115 785 
4608 786 2115 774 
4609 774 2115 773 
4610 556 2114 111 
4611 785 2115 786 
4612 111 2114 143 
4613 773 556 106 
4614 776 171 170 
4615 170 788 776 
4616 776 788 775 
2 367 2 25
4617 789 777 175 
4618 784 789 175 
4619 777 789 2119 
4620 789 784 2120 
4621 176 2116 2117 
4622 2117 2116 2122 
4623 176 789 2120 
4624 789 176 2119 
4625 779 778 2117 
4626 783 782 2118 
4627 781 780 2116 
4628 778 777 2119 
4629 784 783 2120 
4630 782 781 2121 
4631 176 2118 2121 
4632 2116 176 2121 
4633 2116 780 2122 
4634 2118 176 2120 
4635 176 2117 2119 
4636 780 779 2122 
4637 2118 782 2121 
4638 781 2116 2121 
4639 2117 778 2119 
4640 783 2118 2120 
4641 779 2117 2122 
2 368 2 17
4642 757 144 665 
4643 143 785 666 
4644 756 757 2123 
4645 666 785 2123 
4646 757 665 2123 
4647 756 2123 2125 
4648 785 786 2123 
4649 665 666 2123 
4650 2123 786 2125 
4651 754 755 2124 
4652 787 788 2124 
4653 787 755 2125 
4654 755 756 2125 
4655 755 787 2124 
4656 786 787 2125 
4657 788 754 2124 
4658 170 754 788 
2 369 2 60
4659 593 2128 592 
4660 717 2128 716 
4661 801 2131 2127 
4662 801 2127 802 
4663 593 2131 2128 
4664 2127 2131 594 
4665 2128 2139 592 
4666 2128 2132 716 
4667 802 2127 798 
4668 799 2132 2128 
4669 2128 2131 800 
4670 121 2127 594 
4671 793 2129 178 
4672 717 2139 2128 
4673 806 2130 180 
4674 179 2136 797 
4675 797 2136 803 
4676 798 2127 142 
4677 2129 2133 805 
4678 798 2140 802 
4679 805 2134 2129 
4680 2126 2129 793 
4681 804 2134 805 
4682 178 2129 795 
4683 806 2133 2130 
4684 716 2132 155 
4685 805 2133 806 
4686 799 2128 800 
4687 794 2126 793 
4688 790 2130 791 
4689 803 2140 797 
4690 120 2139 717 
4691 797 2140 798 
4692 800 2131 801 
4693 592 2139 120 
4694 2130 2137 180 
4695 2126 2133 2129 
4696 791 2135 792 
4697 796 2136 179 
4698 594 2131 593 
4699 2134 2136 796 
4700 180 2132 799 
4701 804 2136 2134 
4702 2133 2135 2130 
4703 795 2134 796 
4704 803 2136 804 
4705 142 2127 121 
4706 792 2138 177 
4707 802 2140 803 
4708 2130 2135 791 
4709 155 2137 790 
4710 2129 2134 795 
4711 2135 2138 792 
4712 2126 2138 2135 
4713 177 2138 794 
4714 790 2137 2130 
4715 794 2138 2126 
4716 2126 2135 2133 
4717 2132 2137 155 
4718 180 2137 2132 
2 370 2 9
4719 177 2141 792 
4720 695 2141 154 
4721 154 2141 177 
4722 792 2141 695 
4723 790 697 155 
4724 696 792 695 
4725 696 697 791 
4726 791 792 696 
4727 791 697 790 
2 371 2 10
4728 793 2143 794 
4729 177 2142 154 
4730 157 2142 807 
4731 807 2143 808 
4732 794 2142 177 
4733 807 2142 794 
4734 794 2143 807 
4735 808 2143 793 
4736 154 2142 157 
4737 178 808 793 
2 372 2 40
4738 2150 2145 2151 
4739 807 808 2147 
4740 2151 2145 2153 
4741 712 807 2147 
4742 157 807 712 
4743 2147 2150 2151 
4744 2147 808 2150 
4745 810 145 2148 
4746 2145 796 2152 
4747 178 795 2150 
4748 796 179 2152 
4749 2152 2144 2153 
4750 2153 2144 2155 
4751 2144 810 2148 
4752 808 178 2150 
4753 2144 2148 2154 
4754 715 2146 2149 
4755 795 2145 2150 
4756 2146 2151 2153 
4757 715 714 2146 
4758 713 712 2147 
4759 714 713 2151 
4760 145 146 2148 
4761 2144 2154 2155 
4762 179 809 2152 
4763 158 715 2149 
4764 809 810 2144 
4765 795 796 2145 
4766 2145 2152 2153 
4767 2149 2146 2155 
4768 2146 714 2151 
4769 713 2147 2151 
4770 809 2144 2152 
4771 146 812 2148 
4772 812 811 2154 
4773 2146 2153 2155 
4774 811 158 2149 
4775 2154 2149 2155 
4776 811 2149 2154 
4777 2148 812 2154 
2 373 2 8
4778 142 667 798 
4779 145 810 2156 
4780 798 667 2156 
4781 810 798 2156 
4782 667 145 2156 
4783 809 179 797 
4784 797 798 810 
4785 809 797 810 
2 374 2 29
4786 2157 2159 2163 
4787 2162 2157 2163 
4788 2159 2157 2165 
4789 2160 2163 2164 
4790 2160 2162 2163 
4791 2163 2158 2164 
4792 804 805 2160 
4793 800 801 2159 
4794 180 799 2157 
4795 802 803 2158 
4796 800 2159 2165 
4797 2160 2161 2162 
4798 2159 801 2166 
4799 803 804 2164 
4800 2160 805 2161 
4801 801 802 2166 
4802 805 806 2161 
4803 2162 2161 2167 
4804 2157 2162 2167 
4805 806 180 2167 
4806 799 800 2165 
4807 804 2160 2164 
4808 180 2157 2167 
4809 2157 799 2165 
4810 2163 2159 2166 
4811 2158 803 2164 
4812 2158 2163 2166 
4813 802 2158 2166 
4814 2161 806 2167 
2 375 2 47
4815 178 2175 808 
4816 808 2175 2168 
4817 82 2173 455 
4818 2173 2180 455 
4819 2175 2176 2168 
4820 2170 2182 2176 
4821 2170 2180 2173 
4822 2176 2178 2170 
4823 2173 2182 2170 
4824 813 2172 2171 
4825 2172 2174 2171 
4826 2169 2178 2176 
4827 2176 2181 2169 
4828 709 2173 82 
4829 753 2174 2172 
4830 2177 2181 2174 
4831 181 2172 813 
4832 2169 2181 2177 
4833 2175 2181 2176 
4834 814 2175 178 
4835 813 2171 814 
4836 753 2172 169 
4837 157 2179 709 
4838 731 2169 732 
4839 729 2170 730 
4840 730 2178 731 
4841 2176 2182 2168 
4842 752 2174 753 
4843 808 2168 807 
4844 807 2179 157 
4845 732 2177 163 
4846 163 2177 752 
4847 709 2179 2173 
4848 2174 2181 2171 
4849 2171 2181 2175 
4850 2171 2175 814 
4851 731 2178 2169 
4852 2170 2178 730 
4853 2179 2182 2173 
4854 455 2180 81 
4855 81 2180 729 
4856 2168 2179 807 
4857 2169 2177 732 
4858 752 2177 2174 
4859 729 2180 2170 
4860 2168 2182 2179 
4861 169 2172 181 
2 376 2 19
4862 671 761 2183 
4863 810 145 2183 
4864 815 179 2184 
4865 179 809 2185 
4866 2184 179 2185 
4867 809 810 2186 
4868 763 764 2184 
4869 2185 809 2186 
4870 762 763 2185 
4871 761 762 2186 
4872 764 815 2184 
4873 145 671 2183 
4874 762 2185 2186 
4875 763 2184 2185 
4876 2183 761 2186 
4877 810 2183 2186 
4878 147 761 671 
4879 764 169 181 
4880 764 181 815 
2 377 2 8
4881 795 814 178 
4882 813 815 181 
4883 179 815 796 
4884 813 2187 815 
4885 815 2187 796 
4886 814 2187 813 
4887 796 2187 795 
4888 795 2187 814 
2 378 2 34
4889 2188 182 2189 
4890 182 2190 2189 
4891 182 2191 2190 
4892 2192 183 2193 
4893 2194 2195 183 
4894 183 2195 2193 
4895 2196 2192 2193 
4896 2193 2195 2197 
4897 817 2198 2191 
4898 816 2192 2196 
4899 2199 2188 2189 
4900 817 182 2188 
4901 817 2188 2199 
4902 2189 2190 2197 
4903 2200 2189 2197 
4904 816 2201 2194 
4905 2194 2201 2195 
4906 2194 183 816 
4907 2200 2195 2201 
4908 2201 2189 2200 
4909 2197 2195 2200 
4910 2202 2193 2197 
4911 2202 2190 2198 
4912 816 183 2192 
4913 2191 182 817 
4914 2191 2198 2190 
4915 2199 816 817 
4916 2199 2189 2201 
4917 2201 816 2199 
4918 2198 2193 2202 
4919 2196 817 816 
4920 2196 2193 2198 
4921 2198 817 2196 
4922 2197 2190 2202 
2 379 2 58
4923 170 758 788 
4924 142 2210 798 
4925 826 2216 2213 
4926 786 2206 2204 
4927 758 2203 788 
4928 788 2203 787 
4929 2213 2216 815 
4930 786 2204 785 
4931 759 2209 758 
4932 663 2210 142 
4933 2204 2206 822 
4934 2203 2206 787 
4935 179 2213 815 
4936 798 2210 819 
4937 823 2206 2203 
4938 820 2210 662 
4939 760 2209 759 
4940 758 2209 2203 
4941 168 2207 760 
4942 823 2209 824 
4943 2203 2209 823 
4944 662 2208 820 
4945 787 2206 786 
4946 2207 2209 760 
4947 662 2210 663 
4948 819 2215 798 
4949 797 2213 179 
4950 2205 2207 168 
4951 798 2215 797 
4952 822 2206 823 
4953 821 2204 822 
4954 815 2211 181 
4955 815 2216 2211 
4956 824 2209 2207 
4957 184 2213 797 
4958 2204 2214 785 
4959 824 2207 825 
4960 661 2208 662 
4961 825 2207 2205 
4962 785 2214 143 
4963 820 2208 821 
4964 819 2210 820 
4965 184 2215 819 
4966 826 2213 184 
4967 660 2212 661 
4968 825 2216 826 
4969 181 2211 818 
4970 818 2205 168 
4971 797 2215 184 
4972 821 2212 2204 
4973 143 2214 660 
4974 2208 2212 821 
4975 2205 2216 825 
4976 661 2212 2208 
4977 660 2214 2212 
4978 2212 2214 2204 
4979 818 2211 2205 
4980 2211 2216 2205 
2 380 2 3
4981 751 818 168 
4982 818 169 181 
4983 751 169 818 
2 381 2 25
4984 2220 825 2223 
4985 825 826 2223 
4986 2218 2220 2222 
4987 2219 2218 2222 
4988 2217 2219 2222 
4989 2218 2219 2224 
4990 2220 2218 2225 
4991 2219 2217 2221 
4992 826 184 2223 
4993 184 2217 2223 
4994 822 823 2218 
4995 184 819 2217 
4996 820 821 2219 
4997 824 825 2220 
4998 2222 2220 2223 
4999 2217 2222 2223 
5000 820 2219 2221 
5001 2219 821 2224 
5002 821 822 2224 
5003 819 820 2221 
5004 823 824 2225 
5005 2218 823 2225 
5006 824 2220 2225 
5007 822 2218 2224 
5008 2217 819 2221 
3 1 4 342
5009 12 223 1122 1117 
5010 6 1109 16 203 
5011 6 1109 204 1142 
5012 1109 16 203 233 
5013 204 205 1142 1094 
5014 204 1142 1109 1094 
5015 1109 1103 233 203 
5016 1109 16 233 1142 
5017 1109 1094 1142 234 
5018 234 1103 1129 233 
5019 234 1103 1139 1129 
5020 234 1129 1139 235 
5021 1101 1116 1092 1105 
5022 234 1094 1139 1103 
5023 1109 1103 234 233 
5024 1109 1094 234 1103 
5025 6 16 1109 1142 
5026 16 1142 234 233 
5027 1142 234 1094 1139 
5028 1109 234 1142 233 
5029 1139 1153 1135 235 
5030 1139 1135 1153 1143 
5031 1139 1129 1153 235 
5032 1142 1094 205 1139 
5033 1104 1143 213 206 
5034 1104 1143 214 213 
5035 1139 1153 214 1143 
5036 214 1150 213 1143 
5037 1152 1156 1126 216 
5038 1152 1154 228 1156 
5039 1152 1154 1127 228 
5040 1152 1126 1130 1127 
5041 1152 1130 1126 1156 
5042 205 1143 1104 206 
5043 1154 1138 1155 1151 
5044 1154 228 1156 1149 
5045 235 1154 236 1127 
5046 1154 1135 1137 1150 
5047 1139 214 1094 1104 
5048 214 1153 1150 1143 
5049 233 1103 202 203 
5050 1129 232 1103 1097 
5051 1153 1135 1154 1150 
5052 232 202 1097 201 
5053 1154 229 1120 1119 
5054 1129 232 233 1103 
5055 233 202 1103 232 
5056 1152 1126 1129 1097 
5057 1126 1097 1093 1108 
5058 1126 1093 1097 216 
5059 1103 1097 232 202 
5060 1094 215 214 1153 
5061 1156 1130 1093 1125 
5062 1126 1128 1093 1130 
5063 216 217 1156 1093 
5064 1156 1093 217 1106 
5065 215 1139 1129 1153 
5066 1156 1126 1093 1130 
5067 217 1149 1099 218 
5068 215 1097 1152 1129 
5069 1106 1121 1107 1090 
5070 1106 1107 193 1090 
5071 1106 193 194 1090 
5072 1106 198 194 1099 
5073 1106 1090 194 198 
5074 1106 198 1121 1090 
5075 1118 1099 1123 197 
5076 1106 1099 1118 198 
5077 1118 1123 1099 1149 
5078 1118 1120 1123 1149 
5079 198 199 1121 1090 
5080 194 1099 198 197 
5081 1126 1108 1093 1128 
5082 1154 1149 1120 228 
5083 1156 1118 217 1149 
5084 193 1107 199 1090 
5085 1106 198 1118 1121 
5086 194 1099 1091 195 
5087 193 4 199 1131 
5088 193 199 1107 1131 
5089 215 1097 1129 1103 
5090 199 1107 1131 226 
5091 193 1107 4 1131 
5092 5 230 1131 1 
5093 231 1126 1128 1108 
5094 231 201 1097 1108 
5095 205 1104 1139 1094 
5096 217 1118 1106 1099 
5097 1121 227 1128 226 
5098 215 1129 1152 1153 
5099 1106 1121 1118 1125 
5100 231 1128 230 1108 
5101 231 1097 1126 1108 
5102 1093 1128 1121 227 
5103 1131 1107 230 1128 
5104 1156 1125 1093 1106 
5105 1 230 1131 1107 
5106 1121 1128 1107 226 
5107 1121 199 1107 1090 
5108 1 230 1107 200 
5109 4 5 1131 1 
5110 1152 1154 1135 235 
5111 1106 1156 1118 217 
5112 230 1107 200 1108 
5113 227 228 1125 1130 
5114 1120 1149 1125 228 
5115 1154 1138 1137 1135 
5116 1120 1123 1159 1124 
5117 1093 227 1121 1125 
5118 1156 1118 1149 1125 
5119 1154 236 1138 1135 
5120 231 230 200 1108 
5121 1154 1151 1137 1138 
5122 1121 1107 199 226 
5123 1154 1120 1155 1119 
5124 228 1130 1127 1152 
5125 231 200 201 1108 
5126 1129 1126 232 1097 
5127 205 1143 1139 1104 
5128 1120 1155 1119 1124 
5129 1093 1130 227 1125 
5130 1152 1129 1126 1127 
5131 229 15 1119 1138 
5132 1154 229 1119 1138 
5133 1154 1137 1151 1150 
5134 1120 1123 1149 1159 
5135 4 1131 1107 1 
5136 225 1132 14 1122 
5137 225 1132 1122 1119 
5138 225 1138 1119 15 
5139 14 1122 1132 1141 
5140 13 12 1122 1117 
5141 1153 1135 1150 1143 
5142 1111 1110 1115 1105 
5143 1111 1115 1158 1105 
5144 1111 1158 1146 1105 
5145 221 1111 222 1146 
5146 222 11 237 1141 
5147 222 237 1146 1140 
5148 1113 1140 1132 1141 
5149 1111 223 1158 1115 
5150 1141 222 1113 1140 
5151 1113 223 1117 1122 
5152 1111 1158 1113 1140 
5153 13 1117 1141 11 
5154 1113 1132 1155 223 
5155 1122 1141 13 1117 
5156 225 1132 1119 1138 
5157 1122 1155 1132 223 
5158 1122 1155 1119 1132 
5159 224 223 1115 1124 
5160 1122 1124 1119 1155 
5161 1093 1121 1106 1125 
5162 1141 222 1140 237 
5163 197 3 1091 1123 
5164 1114 1112 1096 1115 
5165 1114 1096 1112 196 
5166 1114 1096 1159 1115 
5167 1114 1096 1123 1159 
5168 1114 1091 1123 1096 
5169 224 1114 3 1123 
5170 1113 1122 1117 1141 
5171 1110 1095 210 1112 
5172 1110 1095 1115 1105 
5173 1101 211 1116 1095 
5174 210 1096 1112 1095 
5175 1111 1113 222 1140 
5176 224 1159 1114 1123 
5177 1114 1091 3 1123 
5178 1114 1091 196 3 
5179 2 196 1112 1096 
5180 196 195 1091 1096 
5181 224 1159 1124 1115 
5182 1123 1091 197 1099 
5183 1159 1155 1149 1120 
5184 1123 1099 1149 218 
5185 194 1099 197 1091 
5186 1131 226 1107 1128 
5187 228 1130 1152 1156 
5188 1093 1108 1107 1128 
5189 1156 1130 1125 228 
5190 1096 1095 219 1115 
5191 1114 196 1091 1096 
5192 219 10 1158 1105 
5193 223 1159 1155 1158 
5194 1123 1149 1159 218 
5195 1123 1096 1099 218 
5196 1159 1155 1120 1124 
5197 219 1158 1159 1115 
5198 1152 1153 1129 235 
5199 1159 1115 223 1124 
5200 217 1149 1118 1099 
5201 232 231 201 1097 
5202 1152 1154 1153 1135 
5203 1113 1158 1155 1132 
5204 1159 223 1155 1124 
5205 1123 1159 1096 218 
5206 1158 1146 1105 10 
5207 1093 1107 1121 1128 
5208 224 1159 1123 1124 
5209 1134 1146 1148 238 
5210 1092 1146 10 1105 
5211 1092 10 1146 1100 
5212 1148 1100 240 1092 
5213 1146 1140 238 1134 
5214 1140 1151 1137 1134 
5215 1140 1132 1137 1151 
5216 1113 1132 1122 1141 
5217 1137 1151 1132 1138 
5218 1137 1157 1151 1150 
5219 1111 223 1113 1158 
5220 1137 1134 1151 1157 
5221 1152 1135 1153 235 
5222 1152 1127 1154 235 
5223 1137 1133 1150 1135 
5224 1154 1138 236 229 
5225 1139 215 1094 1153 
5226 1155 1132 1158 1151 
5227 1147 220 1101 8 
5228 1140 1146 1100 1134 
5229 1151 1134 212 1157 
5230 212 213 1157 1102 
5231 219 1158 1115 1105 
5232 1157 213 1133 1102 
5233 1157 1133 213 1150 
5234 219 1115 1095 1105 
5235 212 1133 1157 1134 
5236 212 1102 1157 1133 
5237 1093 1128 227 1130 
5238 1152 216 1126 1097 
5239 1140 1158 10 1146 
5240 1113 1155 1158 223 
5241 1137 1133 1157 1150 
5242 1156 1126 216 1093 
5243 212 1133 1134 1136 
5244 213 1143 1133 206 
5245 1155 1138 1132 1151 
5246 213 1150 1133 1143 
5247 1102 206 1133 207 
5248 212 1100 1098 1134 
5249 212 1098 1102 1136 
5250 1102 207 1133 1136 
5251 1102 1098 207 1136 
5252 1139 1103 1094 215 
5253 212 1102 1133 1136 
5254 1139 1153 1094 214 
5255 1113 223 1122 1132 
5256 13 12 14 1122 
5257 1122 1141 14 13 
5258 1100 1151 1140 1134 
5259 17 1100 1134 1145 
5260 17 239 1145 1134 
5261 1148 1100 1092 1146 
5262 239 7 1098 1136 
5263 239 1098 208 1145 
5264 239 7 208 1098 
5265 1093 1107 1106 1121 
5266 207 1136 1098 7 
5267 232 1126 231 1097 
5268 1148 1134 238 17 
5269 239 1136 1098 1134 
5270 17 240 1148 1100 
5271 1098 1100 1145 1134 
5272 1118 198 1099 197 
5273 1154 1155 1120 1149 
5274 1139 214 1104 1143 
5275 236 229 1138 15 
5276 1113 1140 1158 1132 
5277 208 1098 1100 1145 
5278 1147 1101 1092 8 
5279 239 1098 1145 1134 
5280 1150 1135 1133 1143 
5281 1119 1132 1155 1138 
5282 1122 1124 1155 223 
5283 1154 1119 1155 1138 
5284 1113 1117 11 1141 
5285 1096 219 1159 1115 
5286 1110 1095 1112 1096 
5287 1096 1159 219 218 
5288 1111 222 1146 1140 
5289 1123 1096 1091 1099 
5290 2 195 196 1096 
5291 224 1114 1159 1115 
5292 230 1128 1107 1108 
5293 1146 1140 237 238 
5294 4 226 199 1131 
5295 1154 228 1120 229 
5296 215 1139 1103 1129 
5297 1144 208 1100 1145 
5298 215 1152 1097 216 
5299 212 1134 1098 1136 
5300 223 1159 1158 1115 
5301 1154 229 236 1127 
5302 1137 1134 1157 1133 
5303 1151 212 1100 10 
5304 1156 228 1125 1149 
5305 1110 1096 1112 1115 
5306 1140 1158 1151 10 
5307 210 1096 2 1112 
5308 1154 1127 228 229 
5309 1110 1095 1096 1115 
5310 1158 1132 1140 1151 
5311 193 4 1107 1 
5312 235 1154 1135 236 
5313 1100 1151 10 1140 
5314 1111 1146 1158 1140 
5315 1140 1146 10 1100 
5316 222 1113 11 1141 
5317 1106 1156 1125 1118 
5318 1152 1129 1127 235 
5319 213 1133 1102 206 
5320 1151 1100 212 1134 
5321 1118 1125 1120 1149 
5322 1091 1099 1096 195 
5323 1147 1092 1148 240 
5324 1147 1092 240 8 
5325 1134 1146 1100 1148 
5326 1147 1148 1092 1146 
5327 1148 1134 17 1100 
5328 209 1144 208 1100 
5329 240 209 1092 1100 
5330 240 1144 209 1100 
5331 240 1092 209 8 
5332 1144 1100 17 1145 
5333 220 9 1101 8 
5334 1116 1095 211 1110 
5335 1116 1095 1110 1105 
5336 220 1101 9 211 
5337 1116 1110 1111 1105 
5338 1116 1111 221 1105 
5339 1147 1116 221 1105 
5340 221 1111 1146 1105 
5341 1147 1101 220 1116 
5342 1147 1146 1092 1105 
5343 1101 1095 1116 1105 
5344 17 240 1100 1144 
5345 211 210 1110 1095 
5346 1147 1092 1116 1105 
5347 220 1116 1101 211 
5348 1147 1092 1101 1116 
5349 1147 221 1146 1105 
5350 1147 1116 220 221 
3 2 4 422
5351 1180 1018 276 1021 
5352 277 29 1176 253 
5353 1215 1174 1168 1217 
5354 1176 1020 1163 278 
5355 1015 1202 30 280 
5356 1222 1021 1172 27 
5357 20 1197 1180 28 
5358 20 1180 1197 251 
5359 1018 276 28 1180 
5360 1017 1202 280 1200 
5361 1016 1020 1176 278 
5362 1176 1020 1183 1163 
5363 1172 1160 1018 1183 
5364 1176 253 29 21 
5365 1163 279 255 278 
5366 1019 264 1179 1015 
5367 241 1166 1177 210 
5368 285 1211 286 1022 
5369 264 1170 1179 1015 
5370 1017 1200 280 1022 
5371 1205 1017 1019 287 
5372 259 263 258 1200 
5373 1176 1160 1016 277 
5374 280 1200 281 1022 
5375 1198 1199 24 257 
5376 258 24 1198 263 
5377 1232 1191 1190 245 
5378 1177 1185 1112 1166 
5379 247 1178 1210 272 
5380 1186 1223 1169 1213 
5381 1181 1227 1215 1216 
5382 285 1201 1023 1226 
5383 285 1023 1201 1022 
5384 1116 1203 1209 1224 
5385 1198 1022 281 1200 
5386 258 1198 1200 263 
5387 13 1117 1023 12 
5388 13 31 1023 1117 
5389 13 31 1117 11 
5390 1201 1113 1199 223 
5391 1176 278 254 29 
5392 1163 1020 279 278 
5393 286 1206 1017 1022 
5394 1161 1167 1221 1165 
5395 1023 31 1226 1117 
5396 1224 282 1211 1226 
5397 221 1111 1224 222 
5398 1204 1219 1216 1228 
5399 1226 11 1117 31 
5400 1207 287 1019 288 
5401 1226 11 222 1113 
5402 1224 282 1113 1111 
5403 1015 264 1206 1017 
5404 224 1115 223 1199 
5405 12 223 1117 1201 
5406 224 1114 256 3 
5407 1114 1115 1185 1112 
5408 224 1185 256 1114 
5409 1177 1110 1112 1115 
5410 256 3 1114 1185 
5411 1111 1199 1113 223 
5412 1177 262 1203 1115 
5413 1187 242 1171 1188 
5414 1203 1115 1182 1199 
5415 1207 1221 288 1165 
5416 24 1203 262 1182 
5417 1188 210 1177 1110 
5418 210 2 1166 1112 
5419 1230 1187 1189 1175 
5420 1187 1175 243 1189 
5421 1114 1166 1185 196 
5422 1204 23 1162 284 
5423 1225 1192 1187 1171 
5424 1166 1112 2 196 
5425 224 1182 256 1185 
5426 1114 1112 1185 1166 
5427 224 1185 1114 1115 
5428 1215 1174 1181 1168 
5429 224 256 1182 1199 
5430 1114 1112 1166 196 
5431 1232 1193 1190 25 
5432 1206 24 263 1198 
5433 1226 11 1113 1117 
5434 1111 1199 223 1115 
5435 258 257 1198 24 
5436 1189 1208 267 268 
5437 282 1198 1022 1201 
5438 1210 272 1178 1213 
5439 1230 1208 1228 1175 
5440 1203 282 1111 1199 
5441 24 1182 257 1199 
5442 1164 27 1021 276 
5443 1203 282 1224 1111 
5444 1160 277 28 1018 
5445 273 1168 247 248 
5446 1201 1117 1113 223 
5447 1201 1023 281 1022 
5448 224 1182 1115 1199 
5449 1215 1168 1181 1184 
5450 1172 1183 1014 1165 
5451 1179 1183 1019 1020 
5452 257 1182 256 1199 
5453 1225 1171 1187 1220 
5454 1174 1215 1181 1229 
5455 1222 1172 1173 27 
5456 271 1193 1232 25 
5457 1178 1214 1213 1169 
5458 277 29 1016 1176 
5459 1019 264 1015 1017 
5460 1186 1232 271 1193 
5461 1177 1112 1185 1115 
5462 1173 270 1195 19 
5463 289 1167 1172 1165 
5464 1018 1014 1183 1016 
5465 1184 1178 1210 1168 
5466 224 1115 1182 1185 
5467 1224 1113 282 1226 
5468 1206 1202 1017 1200 
5469 1116 1188 1192 1171 
5470 1209 261 1171 1204 
5471 281 12 1023 1201 
5472 1209 1224 1203 1204 
5473 1161 23 265 284 
5474 1224 1226 222 1113 
5475 1172 1018 1014 1183 
5476 1201 1117 1023 1113 
5477 1201 12 1023 1117 
5478 1197 1164 251 1180 
5479 1171 1116 1188 1177 
5480 1177 1203 1110 1115 
5481 1114 1185 3 196 
5482 1201 1113 1023 1226 
5483 1167 1229 1212 1174 
5484 1023 1117 1226 1113 
5485 1214 1184 1208 1169 
5486 1207 1205 265 1019 
5487 1198 1022 1201 281 
5488 1181 1227 1229 1215 
5489 1015 1017 1202 280 
5490 1224 283 1211 282 
5491 286 283 1211 1218 
5492 1170 279 22 255 
5493 1015 279 1170 1163 
5494 1016 1176 29 278 
5495 1176 278 1163 254 
5496 1179 1019 1015 1020 
5497 1170 1163 279 255 
5498 1163 278 255 254 
5499 264 1205 1017 1019 
5500 1015 264 1170 1206 
5501 1207 1218 284 1205 
5502 1176 29 254 21 
5503 1176 1160 277 253 
5504 1016 1183 1176 1020 
5505 28 1180 1160 1018 
5506 1160 1176 1016 1183 
5507 1214 1215 1184 1210 
5508 1014 1183 1016 1020 
5509 1221 1229 1222 1167 
5510 1173 249 270 19 
5511 1018 1183 1160 1016 
5512 1184 1215 1168 1210 
5513 1164 27 1172 1021 
5514 289 1167 1221 1222 
5515 1173 270 275 1195 
5516 1172 1018 1160 1180 
5517 1173 1172 1164 27 
5518 1180 1018 1021 1172 
5519 1021 1164 276 1180 
5520 1196 1173 1164 27 
5521 273 1210 247 1168 
5522 1018 1016 1160 277 
5523 1172 1018 1021 1014 
5524 1197 276 1164 1180 
5525 1021 1164 1180 1172 
5526 1206 264 1170 263 
5527 1194 1173 249 26 
5528 1174 1217 1215 1229 
5529 1222 1173 1167 1212 
5530 1197 1196 251 1164 
5531 1222 1167 1229 1212 
5532 1196 27 1164 276 
5533 1196 1173 250 1164 
5534 251 1164 1196 250 
5535 1197 276 1196 1164 
5536 1197 276 1180 28 
5537 28 1180 252 1160 
5538 1160 277 252 28 
5539 252 28 20 1180 
5540 252 277 1160 253 
5541 1181 23 1216 1162 
5542 220 221 1116 1209 
5543 1116 211 1188 1110 
5544 220 9 1192 211 
5545 1116 221 1111 1224 
5546 220 1116 211 1192 
5547 9 269 1225 1192 
5548 1192 1209 220 1116 
5549 1116 261 1171 1209 
5550 1192 1209 1225 220 
5551 1230 1208 1175 1189 
5552 1225 1187 1192 269 
5553 1187 242 243 1171 
5554 243 1189 1175 244 
5555 1220 1230 1228 1175 
5556 1204 1162 260 1171 
5557 1230 1171 1187 1175 
5558 1175 1162 1220 1171 
5559 1230 1187 269 268 
5560 1187 1171 243 1175 
5561 241 1177 1188 210 
5562 1187 1171 1192 1188 
5563 1209 1192 1225 1171 
5564 211 210 1188 1110 
5565 1116 1203 1224 1111 
5566 1116 1110 1203 1111 
5567 1209 1219 1204 1220 
5568 1171 1116 1209 1192 
5569 1116 1110 1188 1177 
5570 1116 1110 1177 1203 
5571 1171 1188 242 1177 
5572 1204 1162 1171 1220 
5573 241 1166 210 2 
5574 261 1177 1116 1171 
5575 262 1185 1182 1115 
5576 262 1182 1203 1115 
5577 1116 1177 261 1203 
5578 24 1203 1182 282 
5579 242 1188 241 1177 
5580 1203 1111 1110 1115 
5581 1209 1204 1171 1220 
5582 1204 283 1219 1224 
5583 1203 283 1224 282 
5584 1203 1182 282 1199 
5585 1204 1219 1228 1220 
5586 1204 284 1219 283 
5587 1230 1187 1225 269 
5588 1177 262 261 1203 
5589 1177 1112 210 1166 
5590 1171 1204 261 260 
5591 1219 1218 1211 283 
5592 1219 284 1218 283 
5593 1203 1111 1115 1199 
5594 1219 1211 1224 283 
5595 220 1192 9 1225 
5596 1219 1216 1231 284 
5597 1116 1188 211 1192 
5598 285 1226 1023 31 
5599 1209 1224 1204 1219 
5600 1219 284 1231 1218 
5601 1224 222 1111 1113 
5602 1231 284 1207 1218 
5603 1230 1220 1187 1171 
5604 1209 1171 1225 1220 
5605 1161 1227 1167 1181 
5606 1161 1227 1181 23 
5607 1019 264 1205 265 
5608 1161 1227 1221 1167 
5609 1207 1019 265 1165 
5610 265 1019 1179 1165 
5611 1019 264 265 1179 
5612 1231 1161 1207 284 
5613 1207 265 1161 1165 
5614 1207 284 265 1205 
5615 282 24 1198 1199 
5616 282 1198 1201 1199 
5617 282 1201 1113 1199 
5618 282 1113 1111 1199 
5619 282 1113 1201 1226 
5620 282 24 1199 1182 
5621 286 1205 1206 283 
5622 1206 1200 1017 1022 
5623 1206 1017 264 1205 
5624 1206 1200 1198 263 
5625 1206 1022 1198 1200 
5626 1211 1206 282 283 
5627 1116 1209 221 1224 
5628 1204 23 260 1162 
5629 285 1201 282 1022 
5630 1231 1161 23 1227 
5631 1209 1203 261 1204 
5632 1204 1216 1219 284 
5633 286 1211 1206 1022 
5634 1211 282 1206 1022 
5635 1202 1206 1170 263 
5636 286 283 1218 1205 
5637 1179 1019 1183 1165 
5638 1179 1015 1170 1163 
5639 1179 1163 1183 1020 
5640 1015 1202 1170 30 
5641 1206 1202 1015 1017 
5642 1015 30 1170 279 
5643 1203 283 1204 1224 
5644 263 259 1170 1202 
5645 263 259 1202 1200 
5646 1170 259 22 1202 
5647 285 1226 1211 282 
5648 1206 1202 1170 1015 
5649 1207 284 1161 265 
5650 1019 288 1014 1165 
5651 1019 1183 1014 1020 
5652 1019 1165 1014 1183 
5653 1170 22 279 30 
5654 1179 1020 1015 1163 
5655 1207 1161 1227 1221 
5656 1218 283 284 1205 
5657 1162 1204 1228 1220 
5658 1231 1216 1227 23 
5659 288 1221 289 1165 
5660 288 289 1014 1165 
5661 1207 287 1205 1019 
5662 1231 284 1216 23 
5663 1202 1206 263 1200 
5664 286 1017 1205 287 
5665 286 1205 1218 287 
5666 1207 1161 1221 1165 
5667 282 1198 1206 1022 
5668 1170 22 30 1202 
5669 286 1017 1206 1205 
5670 285 282 1201 1226 
5671 289 1014 1172 1021 
5672 289 1021 1222 27 
5673 289 1172 1222 1021 
5674 289 1172 1014 1165 
5675 289 1167 1222 1172 
5676 1167 1229 1174 1181 
5677 1207 1218 1205 287 
5678 1173 1195 275 1196 
5679 1173 1195 250 19 
5680 1173 1174 1194 249 
5681 1196 1173 27 275 
5682 1222 1173 275 27 
5683 1015 279 1163 1020 
5684 1212 274 26 1194 
5685 1194 1174 274 248 
5686 1194 249 1174 248 
5687 1221 1229 1167 1227 
5688 1173 270 249 26 
5689 1222 275 1173 1212 
5690 1212 274 1174 1217 
5691 1173 1174 1212 1194 
5692 274 1217 273 248 
5693 1217 273 1168 1210 
5694 1217 1168 1215 1210 
5695 1217 1168 273 248 
5696 273 272 247 1210 
5697 1174 1168 1217 248 
5698 1231 23 1161 284 
5699 1167 1212 1173 1174 
5700 1212 1174 1229 1217 
5701 1174 1217 274 248 
5702 1173 1212 275 26 
5703 1212 274 1194 1174 
5704 1167 1229 1181 1227 
5705 1181 23 1227 1216 
5706 1196 1173 1195 250 
5707 1222 1172 1167 1173 
5708 1173 275 270 26 
5709 1215 1216 1184 1181 
5710 1207 288 1019 1165 
5711 284 1162 1216 23 
5712 1204 1216 284 1162 
5713 289 1221 1167 1165 
5714 1184 1228 1162 1216 
5715 1216 1214 1215 1184 
5716 285 282 1211 1022 
5717 1228 1175 1184 1162 
5718 1228 1208 1184 1175 
5719 1228 1208 1214 1184 
5720 1214 1213 1210 1178 
5721 247 1178 272 246 
5722 1181 1216 1184 1162 
5723 272 271 246 1213 
5724 1178 1213 1186 1169 
5725 1194 1173 26 1212 
5726 1186 1193 246 18 
5727 1186 1191 245 1169 
5728 1186 1191 1232 245 
5729 1186 1190 1232 1193 
5730 1186 245 1232 1190 
5731 1178 1214 1169 1184 
5732 1186 1191 1223 1232 
5733 1186 245 1190 18 
5734 1186 1213 246 271 
5735 1186 1213 271 1232 
5736 1223 1208 1191 1169 
5737 1186 1232 1223 1213 
5738 1223 267 1191 1208 
5739 266 1190 1232 1191 
5740 1223 1191 266 1232 
5741 1223 266 1191 267 
5742 266 25 1232 1190 
5743 1190 25 1193 18 
5744 1186 271 246 1193 
5745 1186 1223 1191 1169 
5746 1178 246 1186 1213 
5747 1186 1190 1193 18 
5748 247 1210 1178 1168 
5749 245 1169 1191 244 
5750 1191 1189 244 1169 
5751 1231 1207 1161 1227 
5752 1204 1228 1216 1162 
5753 1116 261 1209 1203 
5754 1177 1112 1110 210 
5755 1214 1169 1223 1213 
5756 1214 1210 1184 1178 
5757 1191 1189 1169 1208 
5758 1206 24 1198 282 
5759 1175 244 1189 1169 
5760 1220 1230 1175 1171 
5761 1191 267 1189 1208 
5762 1175 1169 1189 1208 
5763 1175 1162 1228 1220 
5764 1230 1208 1189 268 
5765 1184 1169 1175 1208 
5766 1214 1208 1223 1169 
5767 1230 1189 1187 268 
5768 1177 1185 262 1115 
5769 1230 1220 1225 1187 
5770 286 1206 1211 283 
5771 1184 1228 1216 1214 
5772 272 246 1178 1213 
3 3 4 282
5773 30 280 1202 307 
5774 22 290 1250 259 
5775 22 259 1250 1202 
5776 1250 1202 1248 307 
5777 1250 290 1239 259 
5778 1250 1244 290 1248 
5779 291 1251 1248 1244 
5780 1248 290 291 1244 
5781 1269 291 1244 1251 
5782 1250 290 1244 1239 
5783 1248 1251 1246 1269 
5784 1248 280 968 307 
5785 306 968 1246 967 
5786 306 1246 38 967 
5787 1248 968 306 307 
5788 1246 967 1269 1253 
5789 304 1249 1258 36 
5790 304 1258 1249 1255 
5791 304 305 1255 1247 
5792 304 1255 1249 1247 
5793 1249 1251 1247 1270 
5794 1249 1269 1251 1270 
5795 1249 1255 1270 1247 
5796 1249 1258 1269 1270 
5797 1246 1258 1249 36 
5798 291 1269 303 302 
5799 1246 968 1269 967 
5800 1250 1239 1248 1202 
5801 1248 1202 1239 1200 
5802 291 1251 1269 302 
5803 1246 312 1258 36 
5804 293 292 1245 1247 
5805 1246 1251 1249 1269 
5806 1251 1270 1245 1247 
5807 1251 1245 292 1247 
5808 293 1252 1247 1245 
5809 293 1252 1245 1237 
5810 293 32 1252 1237 
5811 32 1252 1237 296 
5812 305 1266 1255 1247 
5813 1246 312 36 38 
5814 1252 1237 1247 1245 
5815 1252 305 1266 37 
5816 32 308 1252 296 
5817 1246 1269 1249 1258 
5818 1251 1269 302 1270 
5819 1118 1123 1243 197 
5820 1118 1243 1238 197 
5821 1118 1120 1238 1235 
5822 1118 1238 198 197 
5823 198 1238 1121 1233 
5824 1240 1121 1233 227 
5825 198 1233 1121 199 
5826 1118 1121 198 1238 
5827 1121 1125 1240 1238 
5828 4 226 1242 199 
5829 199 226 1242 1233 
5830 297 4 226 1242 
5831 1121 226 1263 227 
5832 297 33 1241 1263 
5833 297 1263 1242 226 
5834 1233 1240 227 1234 
5835 297 1241 1242 1263 
5836 1241 33 1234 1257 
5837 310 33 1234 294 
5838 1257 1241 1233 1234 
5839 1121 1240 1233 1238 
5840 1233 227 1263 1257 
5841 1263 1242 1233 1241 
5842 1121 1263 1233 227 
5843 1263 1242 226 1233 
5844 227 1261 1240 1125 
5845 310 33 1257 1234 
5846 227 228 1261 1125 
5847 1241 1263 33 1257 
5848 1240 1121 227 1125 
5849 294 295 1236 310 
5850 1261 1268 228 1254 
5851 1233 1234 227 1257 
5852 1257 1241 1263 1233 
5853 1234 1236 300 1259 
5854 299 1267 298 1235 
5855 1118 1120 1235 1123 
5856 1120 228 1125 1268 
5857 1240 299 1238 1120 
5858 1238 1120 299 1235 
5859 1118 1125 1238 1120 
5860 1261 1268 1254 1259 
5861 227 1234 1261 1257 
5862 1261 300 1240 1268 
5863 229 1267 1256 1254 
5864 229 1119 1256 1267 
5865 229 1256 1119 15 
5866 1120 1124 1235 1123 
5867 1120 1119 1267 1124 
5868 1120 1124 1267 1235 
5869 1235 1243 1118 1123 
5870 1121 1263 226 1233 
5871 1261 300 1268 1259 
5872 314 1269 1258 1270 
5873 1258 314 1270 1260 
5874 1198 1267 1199 298 
5875 1267 1235 1124 1199 
5876 1267 298 1235 1199 
5877 1267 1201 1199 1124 
5878 299 1267 1120 1268 
5879 299 1235 1120 1267 
5880 1240 299 1120 1268 
5881 1121 226 199 1233 
5882 311 970 850 1256 
5883 1261 1234 300 1259 
5884 314 1267 1268 1254 
5885 1253 1269 314 315 
5886 1261 1268 1240 1125 
5887 313 1254 1259 1260 
5888 314 1254 313 1260 
5889 1235 1243 1238 1118 
5890 1234 1236 310 294 
5891 300 1259 1236 35 
5892 1236 309 295 35 
5893 1236 1262 1259 309 
5894 1240 1120 1125 1268 
5895 1240 299 1268 300 
5896 227 1261 1234 1240 
5897 1236 1259 1262 35 
5898 1236 1262 309 35 
5899 1236 310 295 309 
5900 313 1255 1260 1262 
5901 313 1259 300 35 
5902 1261 300 1234 1240 
5903 308 1237 309 1262 
5904 1234 1236 1257 310 
5905 309 1262 1237 35 
5906 308 1237 296 309 
5907 1237 1255 1245 301 
5908 1237 1255 1262 1266 
5909 1237 301 1262 1255 
5910 1256 315 1267 1119 
5911 1237 1262 301 35 
5912 313 1260 1259 1262 
5913 1260 1258 1255 1270 
5914 1246 1253 1258 312 
5915 1258 314 1260 1264 
5916 1245 1255 1247 1270 
5917 1252 1266 1237 308 
5918 313 1255 1262 301 
5919 1252 308 1237 296 
5920 1252 1266 305 1247 
5921 295 309 1237 35 
5922 1237 1247 1255 1266 
5923 295 1237 309 296 
5924 1237 308 1266 1262 
5925 1258 314 1264 1253 
5926 1267 315 1198 1201 
5927 1253 1269 315 967 
5928 1251 1245 1270 302 
5929 312 38 1253 40 
5930 1119 970 850 225 
5931 850 1256 1119 969 
5932 1253 38 967 40 
5933 1252 1247 1237 1266 
5934 1265 850 311 39 
5935 1248 1269 1246 968 
5936 1248 1239 1269 315 
5937 1256 1267 314 1254 
5938 1257 310 1236 1259 
5939 1120 1119 229 1267 
5940 314 1254 1260 1264 
5941 1256 314 1264 1254 
5942 850 311 1256 1265 
5943 315 1265 1253 967 
5944 30 1202 1250 307 
5945 1244 1248 1269 1251 
5946 1200 1248 968 315 
5947 1269 1244 303 1239 
5948 1265 1256 314 1264 
5949 1248 1202 280 307 
5950 1269 1239 303 315 
5951 303 1239 34 315 
5952 1239 258 34 1200 
5953 1239 259 258 1200 
5954 1239 34 315 1200 
5955 313 1270 1255 301 
5956 1246 1253 1269 1258 
5957 30 1202 22 1250 
5958 1250 1244 1248 1239 
5959 968 315 967 969 
5960 968 1200 1198 281 
5961 1250 1239 1202 259 
5962 1248 1246 306 968 
5963 280 1200 968 281 
5964 1198 257 298 1199 
5965 258 1198 34 1200 
5966 292 291 302 1251 
5967 313 1262 1259 35 
5968 1200 1248 315 1239 
5969 850 14 1122 225 
5970 969 850 1256 1265 
5971 1122 1119 969 850 
5972 1122 1119 850 225 
5973 12 969 1122 1201 
5974 1201 223 1199 1124 
5975 1201 1122 223 1124 
5976 1201 1119 1122 1124 
5977 1258 314 1253 1269 
5978 968 281 315 969 
5979 1265 1256 969 315 
5980 970 850 1256 1119 
5981 1198 1267 298 315 
5982 1251 292 1245 302 
5983 281 12 1201 969 
5984 1267 1119 1201 1124 
5985 224 1123 1235 1124 
5986 224 1235 1199 1124 
5987 1243 224 1123 1235 
5988 224 1199 1235 256 
5989 224 1199 223 1124 
5990 1269 291 303 1244 
5991 1268 313 1254 1259 
5992 1243 224 1235 256 
5993 224 1243 1123 3 
5994 257 256 1235 1199 
5995 197 3 1123 1243 
5996 224 256 1243 3 
5997 1261 1268 1125 228 
5998 314 1260 313 1270 
5999 1118 1125 1121 1238 
6000 1120 1267 229 1254 
6001 1268 300 313 1259 
6002 1198 315 34 1200 
6003 1198 298 257 34 
6004 1265 314 1256 315 
6005 309 310 1259 1236 
6006 315 1265 314 1253 
6007 1256 315 314 1267 
6008 1198 298 34 315 
6009 1269 1244 1239 1248 
6010 970 15 225 1119 
6011 32 1252 308 37 
6012 1249 1270 1255 1258 
6013 1120 228 1268 1254 
6014 969 1265 967 850 
6015 1248 1200 280 1202 
6016 257 1235 298 1199 
6017 1257 1236 1234 1259 
6018 12 223 1201 1122 
6019 1248 1269 968 315 
6020 315 969 1201 1119 
6021 1201 1119 969 1122 
6022 314 1268 313 1254 
6023 1198 1201 315 281 
6024 1246 1253 312 38 
6025 968 315 1198 1200 
6026 1239 1202 259 1200 
6027 1267 1201 1198 1199 
6028 1240 1238 1125 1120 
6029 1246 967 1253 38 
6030 313 1260 1255 1270 
6031 1245 1255 1270 301 
6032 1120 1268 1267 1254 
6033 1269 967 968 315 
6034 12 969 14 1122 
6035 315 281 1201 969 
6036 1267 1119 315 1201 
6037 1245 301 1270 302 
6038 258 34 1198 257 
6039 1256 15 970 1119 
6040 1265 1264 314 1253 
6041 313 301 1262 35 
6042 1237 1255 1247 1245 
6043 969 1256 1119 315 
6044 1265 850 39 967 
6045 1120 229 228 1254 
6046 1265 967 39 40 
6047 1252 1266 308 37 
6048 1265 969 967 315 
6049 1256 15 311 970 
6050 1265 1253 967 40 
6051 1261 1257 1234 1259 
6052 1248 968 280 1200 
6053 850 14 969 1122 
6054 968 1198 315 281 
3 4 4 296
6055 1298 1276 336 320 
6056 1298 1303 1296 1307 
6057 1298 1296 337 1307 
6058 1298 337 1276 1307 
6059 337 1276 336 1298 
6060 337 1276 1295 336 
6061 1286 317 336 41 
6062 1286 1276 1295 1274 
6063 1298 1300 325 1279 
6064 319 1276 1298 320 
6065 337 304 1296 36 
6066 337 304 1295 1276 
6067 1298 325 1307 1276 
6068 337 1296 304 1307 
6069 304 36 1258 1296 
6070 319 1298 325 1279 
6071 1295 1255 305 1274 
6072 304 1296 1258 1307 
6073 1295 1274 1276 326 
6074 304 1307 1311 326 
6075 1311 304 1255 1258 
6076 305 1274 1255 1266 
6077 305 37 1274 1266 
6078 305 37 317 1274 
6079 1286 1295 305 1274 
6080 1286 305 1295 317 
6081 1286 1295 336 317 
6082 319 1300 1279 318 
6083 337 304 1276 1307 
6084 1298 1303 325 1300 
6085 43 1291 1275 323 
6086 16 323 1280 234 
6087 1280 234 1287 233 
6088 1280 1272 1291 1275 
6089 1280 1275 1291 323 
6090 1291 335 1275 1289 
6091 1291 1309 1272 235 
6092 234 1129 1287 233 
6093 236 1127 1309 235 
6094 236 1309 1292 235 
6095 236 1290 1256 15 
6096 1309 1306 330 1127 
6097 1291 1275 331 1289 
6098 1309 1272 330 331 
6099 1309 339 47 1292 
6100 236 1290 47 1256 
6101 330 329 1273 1306 
6102 1309 1129 1272 235 
6103 1309 1129 330 1272 
6104 330 1306 1273 1126 
6105 1309 1127 330 1129 
6106 1291 331 1275 1272 
6107 330 1287 1272 1129 
6108 1275 44 331 1289 
6109 330 1129 1127 1126 
6110 1129 1273 232 1126 
6111 1275 335 1283 1289 
6112 1287 233 1129 232 
6113 1287 1129 1273 232 
6114 232 1273 231 1126 
6115 231 1281 230 1128 
6116 16 234 1280 233 
6117 231 1126 1273 1281 
6118 1273 329 1281 1130 
6119 1273 1130 1306 329 
6120 1273 1281 1126 1130 
6121 330 1273 1129 1126 
6122 1280 1272 234 1291 
6123 330 1306 1126 1127 
6124 4 297 226 1131 
6125 5 1285 1131 230 
6126 4 1131 5 1285 
6127 297 4 316 1285 
6128 1131 226 1285 297 
6129 230 1285 1128 1281 
6130 231 1128 1126 1281 
6131 1131 1128 230 1285 
6132 4 5 316 1285 
6133 234 1129 1272 1287 
6134 1128 1281 227 1130 
6135 1291 1309 1292 1289 
6136 1261 1281 1278 329 
6137 1131 226 1128 1285 
6138 1128 227 1281 1263 
6139 1128 226 227 1263 
6140 1257 1271 1278 1281 
6141 297 33 1271 316 
6142 297 1271 33 1263 
6143 1285 1263 297 226 
6144 1263 1285 1271 1128 
6145 1285 297 1263 1271 
6146 1285 297 1271 316 
6147 33 1263 1271 1257 
6148 297 4 1285 1131 
6149 33 1257 1271 1278 
6150 1281 1257 1263 227 
6151 1257 1271 1281 1263 
6152 1257 1281 1278 1261 
6153 1261 1254 228 1310 
6154 1261 1310 228 1130 
6155 1261 1254 1310 1259 
6156 1261 1259 1278 1257 
6157 1281 1261 227 1130 
6158 227 1261 228 1130 
6159 1261 1278 1310 329 
6160 1261 1310 1278 328 
6161 1278 1310 329 328 
6162 1278 328 1282 1259 
6163 228 1254 229 1127 
6164 229 1306 1127 1254 
6165 228 1254 1127 1306 
6166 1273 1130 1126 1306 
6167 1126 1281 1128 1130 
6168 236 1127 229 1306 
6169 228 1306 1310 1254 
6170 1309 1289 331 339 
6171 1306 329 1130 1310 
6172 330 1273 1287 1129 
6173 1309 1127 1129 235 
6174 1306 47 1310 1254 
6175 1128 1281 1271 1263 
6176 236 1306 229 47 
6177 1261 1259 1310 328 
6178 1278 1257 1282 310 
6179 1291 331 1309 1289 
6180 1310 1254 47 1305 
6181 236 1256 229 15 
6182 228 1306 1127 1130 
6183 47 1254 1256 1264 
6184 1260 47 1264 1254 
6185 47 1265 1256 1290 
6186 1305 1260 1259 1254 
6187 47 1253 1307 1264 
6188 1305 1311 1260 1307 
6189 1305 1260 1311 1262 
6190 1305 1259 1260 1262 
6191 328 327 1282 1259 
6192 1265 39 1290 1288 
6193 1265 311 1290 39 
6194 1265 311 1256 1290 
6195 1265 45 39 1288 
6196 47 1307 1260 1264 
6197 328 1305 327 1259 
6198 1301 1265 47 1288 
6199 236 1309 47 1292 
6200 1256 1290 311 15 
6201 1261 1281 329 1130 
6202 33 1257 1278 310 
6203 1261 1310 1130 329 
6204 1282 1262 1284 309 
6205 310 309 1259 1282 
6206 331 339 1289 44 
6207 1260 47 1254 1305 
6208 1260 1311 1262 1255 
6209 1262 327 326 1311 
6210 1262 327 1274 326 
6211 327 1305 1311 1262 
6212 327 1259 1305 1262 
6213 1128 1271 1281 1285 
6214 1284 308 1266 1274 
6215 1284 308 309 1262 
6216 47 1307 1305 1260 
6217 1260 1311 1255 1258 
6218 1260 1311 1258 1307 
6219 327 1282 1259 1262 
6220 326 1255 1262 1311 
6221 304 1276 1307 326 
6222 308 1266 1274 37 
6223 1284 1266 1262 1274 
6224 304 1311 1255 326 
6225 312 1253 1301 40 
6226 1258 312 1296 36 
6227 312 1253 1296 1301 
6228 1265 45 1301 40 
6229 1295 1276 304 326 
6230 1253 1307 1296 1301 
6231 1258 1296 312 1253 
6232 1307 1301 1308 1303 
6233 1307 1308 325 1303 
6234 47 1308 1307 1301 
6235 326 1255 1274 1262 
6236 1262 1266 1255 1274 
6237 1260 1307 1258 1264 
6238 327 1274 1284 1262 
6239 319 325 1298 1276 
6240 1286 320 336 1276 
6241 325 1279 1308 324 
6242 236 47 1309 1306 
6243 1308 1279 1300 324 
6244 1308 1300 1303 1297 
6245 1300 1302 1279 318 
6246 1300 1279 1302 1277 
6247 43 1275 1291 335 
6248 42 318 1277 1302 
6249 1299 1277 1304 1293 
6250 1299 338 1277 1302 
6251 1299 1277 338 1304 
6252 322 1283 1304 1277 
6253 1307 1276 325 326 
6254 322 334 1304 1283 
6255 1286 1276 336 1295 
6256 42 322 338 1277 
6257 1310 1305 328 1259 
6258 1283 1293 44 1289 
6259 1283 334 1293 1289 
6260 1293 44 1289 339 
6261 1280 1287 234 1272 
6262 1309 1292 1289 339 
6263 1283 335 334 1289 
6264 1299 1304 338 46 
6265 1277 324 44 339 
6266 47 1256 1265 1264 
6267 1280 1291 234 323 
6268 1293 1289 1294 339 
6269 1126 1130 1127 1306 
6270 234 1291 1272 235 
6271 234 1272 1129 235 
6272 47 1265 1290 1288 
6273 322 334 1283 321 
6274 47 1307 1253 1301 
6275 1294 1308 1288 1297 
6276 47 339 1308 1288 
6277 228 1310 1306 1130 
6278 1277 1308 1299 1300 
6279 1308 1293 1299 1294 
6280 229 1256 47 1254 
6281 1265 39 45 40 
6282 1291 1292 1309 235 
6283 1308 324 1277 339 
6284 1308 1277 1299 1293 
6285 1291 1272 1309 331 
6286 1283 321 334 335 
6287 1304 46 1293 334 
6288 1299 1294 1293 333 
6289 1304 1293 1277 1283 
6290 236 1292 47 1290 
6291 1300 1279 1277 324 
6292 47 1288 1308 1301 
6293 45 1301 332 1288 
6294 1308 339 1293 1294 
6295 332 1301 1297 1288 
6296 1300 1302 1299 1277 
6297 1277 1308 1300 324 
6298 1299 1293 46 333 
6299 1258 1253 1307 1296 
6300 1308 1297 1301 1288 
6301 1295 304 1255 326 
6302 1257 1281 1261 227 
6303 1301 1265 1253 47 
6304 1265 1301 1253 40 
6305 1298 1307 325 1303 
6306 1286 336 320 41 
6307 236 1306 1309 1127 
6308 1278 1282 1257 1259 
6309 1310 1305 1259 1254 
6310 229 47 1306 1254 
6311 1261 1278 1259 328 
6312 47 1292 339 1288 
6313 1284 1266 308 1262 
6314 1295 1255 304 305 
6315 47 1290 1292 1288 
6316 1294 1308 339 1288 
6317 1304 1293 1283 334 
6318 42 1277 338 1302 
6319 1308 1277 1293 339 
6320 338 1277 322 1304 
6321 1263 1285 1128 226 
6322 47 1264 1265 1253 
6323 1275 1283 44 1289 
6324 1295 1255 1274 326 
6325 1258 1307 1253 1264 
6326 1286 305 317 1274 
6327 1279 1302 1277 318 
6328 1299 1294 333 1297 
6329 319 1300 1298 1279 
6330 1265 1301 45 1288 
6331 325 1300 1308 1279 
6332 1289 1294 339 1292 
6333 1257 1282 310 1259 
6334 236 47 229 1256 
6335 339 1288 1292 1294 
6336 1296 1301 1307 1303 
6337 1308 1299 1300 1297 
6338 1311 304 1258 1307 
6339 327 1284 1282 1262 
6340 1294 1288 332 1297 
6341 1308 1297 1303 1301 
6342 1299 1304 46 1293 
6343 1282 1259 1262 309 
6344 43 321 1275 335 
6345 1277 44 1293 339 
6346 1308 1294 1299 1297 
6347 1275 1283 335 321 
6348 325 1303 1308 1300 
6349 1277 44 1283 1293 
6350 1294 332 333 1297 
3 5 4 448
6351 2226 1289 1327 1349 
6352 2226 1327 1289 1293 
6353 2226 333 1293 1294 
6354 1327 1293 46 334 
6355 1327 1289 1293 334 
6356 1327 1323 1289 334 
6357 1323 1349 1328 1326 
6358 1327 352 46 1038 
6359 362 1328 1349 1326 
6360 2226 1293 333 1038 
6361 2226 1038 333 1036 
6362 1327 1326 1321 1350 
6363 1328 1318 362 1329 
6364 1328 1325 57 1320 
6365 1326 937 1321 1350 
6366 362 1328 1326 1318 
6367 1318 1324 349 1337 
6368 351 940 1321 937 
6369 1326 937 351 1321 
6370 1037 52 351 353 
6371 52 940 190 1037 
6372 1037 52 940 351 
6373 1318 941 350 362 
6374 1327 1289 1323 1349 
6375 860 1037 190 1031 
6376 845 190 940 1031 
6377 845 940 939 1031 
6378 845 939 1025 1031 
6379 353 1321 1037 1036 
6380 2226 1349 1327 1350 
6381 1353 363 944 1346 
6382 1353 944 938 943 
6383 1353 939 943 937 
6384 1353 944 939 1346 
6385 921 944 56 1346 
6386 965 189 836 921 
6387 189 1346 837 921 
6388 921 944 1346 939 
6389 845 1025 939 187 
6390 939 837 921 831 
6391 944 1346 363 56 
6392 938 942 1353 943 
6393 363 941 356 362 
6394 363 941 942 356 
6395 1353 937 943 941 
6396 351 1321 940 1037 
6397 1326 937 350 351 
6398 1353 939 944 943 
6399 1353 1025 939 1031 
6400 1353 1348 1027 1350 
6401 1025 1029 1027 1348 
6402 1353 940 1031 939 
6403 941 1337 349 357 
6404 1318 349 941 1337 
6405 1353 941 943 942 
6406 941 356 1337 357 
6407 1353 937 362 1350 
6408 1037 1350 940 1031 
6409 1329 1337 1318 362 
6410 860 1031 2226 1037 
6411 351 1321 1037 353 
6412 2226 1038 1327 1293 
6413 1326 1349 362 1350 
6414 1327 1349 1326 1350 
6415 1326 362 1318 350 
6416 1329 1337 1324 1318 
6417 349 1324 51 357 
6418 1336 1324 348 1333 
6419 1336 1324 1337 357 
6420 1336 51 1324 357 
6421 1336 1324 51 348 
6422 1324 1337 1333 1336 
6423 1324 1337 1329 1333 
6424 348 1333 1319 347 
6425 348 1319 1333 1324 
6426 941 1337 356 362 
6427 1326 362 937 1350 
6428 363 356 942 355 
6429 1335 342 343 1313 
6430 1335 343 1354 1313 
6431 1335 1354 342 1313 
6432 1335 1354 1333 342 
6433 1335 1334 1354 343 
6434 356 1337 1330 362 
6435 1335 1334 1330 1354 
6436 362 1335 1330 1354 
6437 1337 1333 362 1329 
6438 349 1337 1324 357 
6439 1318 1337 941 362 
6440 942 363 355 938 
6441 1330 1334 363 1354 
6442 363 356 355 1330 
6443 355 1338 938 363 
6444 1338 363 1334 1352 
6445 1352 1331 1338 1347 
6446 1321 2226 1350 1037 
6447 356 1330 363 362 
6448 944 938 1338 363 
6449 56 1345 1347 1341 
6450 944 363 1338 56 
6451 944 1338 1332 56 
6452 1353 940 937 1350 
6453 1330 1338 363 1334 
6454 1338 363 1347 56 
6455 1331 1352 1339 1347 
6456 1339 344 1352 1334 
6457 1339 1347 1352 1340 
6458 1339 207 1352 344 
6459 1339 1340 1341 1347 
6460 1339 1340 50 359 
6461 1339 1352 207 1136 
6462 1339 1340 1352 1136 
6463 1341 1339 1347 1331 
6464 1352 1354 1315 1344 
6465 1352 1344 1315 207 
6466 1352 1315 344 207 
6467 1352 1334 344 1315 
6468 1352 207 1133 1344 
6469 1352 1133 207 1136 
6470 1339 50 1340 1136 
6471 1330 1354 363 362 
6472 1352 1315 1354 343 
6473 1353 939 1025 1346 
6474 1352 1345 1133 1136 
6475 1353 944 363 938 
6476 1352 1340 1347 1345 
6477 1339 207 50 1136 
6478 965 1346 189 921 
6479 1338 363 1352 1347 
6480 1354 362 1333 1342 
6481 1354 1333 342 1342 
6482 1354 342 1313 1342 
6483 1143 1313 205 1342 
6484 1313 1342 342 1312 
6485 1313 1143 206 1344 
6486 1313 1143 205 206 
6487 1333 1324 1319 1329 
6488 1315 207 1133 206 
6489 362 1335 1337 1330 
6490 1354 1313 1315 1344 
6491 1352 1133 1345 1344 
6492 1342 1325 362 1333 
6493 1353 362 941 363 
6494 1321 940 1037 1350 
6495 1328 57 362 1349 
6496 1325 57 1291 1342 
6497 2226 1327 1038 1036 
6498 1349 57 1343 1289 
6499 57 1291 1343 1289 
6500 57 1320 1291 1289 
6501 1342 1291 1139 1343 
6502 1342 1291 1343 57 
6503 1325 57 362 1328 
6504 1323 57 1349 1289 
6505 1352 1315 343 1334 
6506 1291 346 1320 1325 
6507 346 1317 1142 323 
6508 1291 346 43 1320 
6509 43 1291 1320 335 
6510 346 1312 1317 345 
6511 1342 1291 346 323 
6512 1323 1320 1289 335 
6513 1315 1344 1313 206 
6514 1318 349 350 941 
6515 1319 1322 347 341 
6516 1342 1291 1142 1139 
6517 1143 1313 1342 1344 
6518 1313 1342 204 205 
6519 1314 1319 345 1312 
6520 1319 1322 1314 345 
6521 347 341 1322 49 
6522 1333 1312 1325 1319 
6523 1314 340 1312 345 
6524 1314 1319 1312 341 
6525 1322 48 1314 345 
6526 1346 848 1348 1345 
6527 1339 50 207 344 
6528 48 340 1314 345 
6529 340 1316 1312 345 
6530 340 1316 1317 6 
6531 1342 346 1142 323 
6532 1312 204 1317 1316 
6533 1317 16 1142 323 
6534 1317 16 6 1142 
6535 340 345 1317 1316 
6536 1315 1344 1133 207 
6537 204 1317 1316 6 
6538 1342 1139 1142 205 
6539 346 1317 204 1142 
6540 1320 335 1291 1289 
6541 1313 204 1342 1312 
6542 204 1317 6 1142 
6543 343 1315 344 1334 
6544 1342 1343 1135 1344 
6545 1142 1291 234 1139 
6546 234 1139 1291 235 
6547 342 1312 1333 341 
6548 1342 1139 205 1143 
6549 1322 1314 48 49 
6550 1135 1143 1342 1344 
6551 1291 1343 1292 235 
6552 1142 234 1291 323 
6553 16 1142 323 234 
6554 1342 1343 1139 1135 
6555 1325 57 1320 1291 
6556 204 1342 1312 346 
6557 1291 1292 1343 1289 
6558 2226 1321 1327 1036 
6559 236 1138 1292 1290 
6560 236 235 1292 1135 
6561 1325 345 1319 1312 
6562 236 1351 1292 1138 
6563 2226 1327 1321 1350 
6564 1354 1342 1313 1344 
6565 1291 346 323 43 
6566 1342 1142 204 205 
6567 1291 346 1325 1342 
6568 2226 860 1037 1036 
6569 1327 1036 352 1038 
6570 1326 362 350 937 
6571 1291 1139 1343 235 
6572 346 1325 1312 345 
6573 236 1292 1351 1135 
6574 2226 1024 1290 1138 
6575 46 333 1293 1038 
6576 2226 1351 1024 1138 
6577 1323 1320 57 1289 
6578 1327 1036 1321 352 
6579 1138 2226 1351 1292 
6580 346 1317 1312 204 
6581 2226 1292 1290 1288 
6582 353 352 1321 1036 
6583 2226 860 1027 1031 
6584 1135 1143 1139 1342 
6585 1037 1321 2226 1036 
6586 1343 1292 235 1135 
6587 2226 1027 1350 1031 
6588 2226 333 1294 332 
6589 2226 1036 333 332 
6590 2226 1343 1349 1350 
6591 2226 1349 1343 1289 
6592 2226 1289 1343 1292 
6593 2226 1294 1289 1292 
6594 45 332 1030 1288 
6595 2226 1290 1024 1288 
6596 2226 1292 1343 1351 
6597 2226 1348 1028 1351 
6598 1353 1350 1027 1031 
6599 1353 1031 940 1350 
6600 1353 1027 1025 1031 
6601 2226 1028 1024 1351 
6602 1027 1028 1348 1029 
6603 2226 861 860 1036 
6604 204 1342 346 1142 
6605 1353 1346 1025 1348 
6606 1348 1345 1028 1351 
6607 2226 860 861 1027 
6608 236 1138 1290 15 
6609 1031 1037 1350 2226 
6610 1290 970 311 15 
6611 1290 1024 970 1138 
6612 1290 39 311 1024 
6613 2226 861 1036 332 
6614 1290 39 1024 1288 
6615 311 970 1024 850 
6616 45 1024 39 1288 
6617 2226 1294 1293 1289 
6618 2226 1294 1292 1288 
6619 1024 1028 1032 1351 
6620 2226 1024 1030 1288 
6621 1032 1026 225 1132 
6622 1032 225 1026 850 
6623 1138 970 225 1024 
6624 1024 1138 1351 1137 
6625 1140 1032 1132 1141 
6626 1032 1141 1026 1132 
6627 1032 849 1026 1141 
6628 1026 14 1132 1141 
6629 1032 1351 1028 1140 
6630 1026 13 14 1141 
6631 1026 14 225 1132 
6632 849 1028 848 964 
6633 848 964 1028 1345 
6634 2226 1351 1343 1348 
6635 849 1140 237 1141 
6636 837 939 1025 187 
6637 1348 1028 848 1029 
6638 1348 848 1028 1345 
6639 921 944 939 831 
6640 837 1346 1025 939 
6641 1025 1348 1346 1029 
6642 1132 1137 1024 1032 
6643 1137 1032 1351 1024 
6644 2226 1030 1024 1028 
6645 1026 31 13 1141 
6646 15 1138 970 225 
6647 1026 849 31 1141 
6648 311 1024 39 850 
6649 56 921 1346 965 
6650 1026 14 850 225 
6651 1032 1028 849 964 
6652 13 1141 31 11 
6653 849 11 31 1141 
6654 2226 861 332 1030 
6655 965 1029 848 189 
6656 1032 849 1140 964 
6657 237 964 238 1140 
6658 1140 1345 964 1134 
6659 1140 1137 1345 1134 
6660 225 1024 850 1032 
6661 1137 1351 1133 1135 
6662 1137 1138 1351 1135 
6663 1140 1345 1137 1351 
6664 1032 1351 1140 1137 
6665 1133 1344 1143 1135 
6666 1342 1142 1291 323 
6667 1335 1337 1333 362 
6668 342 1342 1333 1312 
6669 362 1329 1333 1325 
6670 1352 343 1354 1334 
6671 1353 1348 1025 1027 
6672 1343 1351 1292 1135 
6673 1137 1133 1345 1134 
6674 1133 1345 1344 1351 
6675 2226 332 1294 1288 
6676 1133 1351 1344 1135 
6677 965 848 1346 1345 
6678 1024 1132 1032 225 
6679 849 964 237 1140 
6680 238 1134 966 17 
6681 966 361 17 1134 
6682 17 361 239 1134 
6683 239 7 1136 1340 
6684 239 1340 1136 1134 
6685 1315 1133 1344 206 
6686 965 1345 1341 361 
6687 1342 1312 346 1325 
6688 1133 1344 206 1143 
6689 849 237 11 1141 
6690 2226 1030 332 1288 
6691 1321 937 940 1350 
6692 190 1037 940 1031 
6693 965 1346 1029 189 
6694 1338 1347 1331 56 
6695 944 1332 1338 354 
6696 831 939 837 187 
6697 1032 1140 1028 964 
6698 225 1024 1132 1138 
6699 2226 1028 1027 1030 
6700 1343 1135 1344 1351 
6701 1345 966 964 1134 
6702 1341 1345 1340 361 
6703 1343 1139 1135 235 
6704 238 1134 1140 964 
6705 1338 1331 1332 56 
6706 832 921 831 944 
6707 2226 1027 1028 1348 
6708 1138 1132 1137 1024 
6709 350 941 937 362 
6710 50 1136 207 7 
6711 1323 1328 57 1320 
6712 239 361 1340 1134 
6713 1325 362 1329 1328 
6714 1290 1138 970 15 
6715 1345 1136 1340 1134 
6716 939 837 1346 921 
6717 1327 46 1293 1038 
6718 1341 56 965 360 
6719 1323 57 1328 1349 
6720 1028 964 1351 1345 
6721 1333 1312 1319 341 
6722 45 1030 1024 1288 
6723 1333 341 1319 347 
6724 1341 56 1345 965 
6725 1322 1314 49 341 
6726 1333 1312 1342 1325 
6727 944 56 832 921 
6728 965 1346 56 1345 
6729 1333 1319 1325 1329 
6730 1330 1338 355 363 
6731 1346 1029 1348 848 
6732 1339 1340 359 1341 
6733 1341 1345 1347 1340 
6734 57 1342 1325 362 
6735 1140 1345 1351 964 
6736 1341 1331 1347 56 
6737 1140 1032 1141 849 
6738 236 1351 1138 1135 
6739 938 942 363 1353 
6740 1353 939 937 940 
6741 1137 1345 1133 1351 
6742 2226 1027 861 1030 
6743 970 225 1024 850 
6744 1028 1140 1351 964 
6745 1323 1289 334 335 
6746 238 1134 964 966 
6747 1290 1024 311 970 
6748 1341 1339 1331 359 
6749 1345 1340 361 1134 
6750 1345 361 966 1134 
6751 1331 1339 1352 1334 
6752 1352 1354 363 1334 
6753 1335 1333 1354 362 
6754 50 1340 1136 7 
6755 2226 1343 1350 1348 
6756 45 332 861 1030 
6757 1319 1314 1322 341 
6758 1354 1313 343 1315 
6759 1327 1349 1323 1326 
6760 1138 2226 1292 1290 
6761 355 938 1338 354 
6762 1312 1316 1317 345 
6763 2226 1027 1348 1350 
6764 965 964 1345 966 
6765 1353 941 942 363 
6766 965 1341 360 361 
6767 1352 1340 1345 1136 
6768 1353 937 941 362 
6769 1352 1331 1334 1338 
6770 1032 1137 1140 1132 
6771 944 354 1338 938 
6772 1133 1136 1345 1134 
6773 189 1346 1029 837 
6774 837 1029 1025 1346 
6775 921 836 56 832 
6776 358 920 1332 56 
6777 832 56 944 1332 
6778 832 1332 944 354 
6779 965 56 836 360 
6780 836 56 965 921 
6781 965 964 848 1345 
6782 965 966 1345 361 
6783 965 1029 1346 848 
6784 920 832 53 1332 
6785 920 53 54 1332 
6786 358 920 55 54 
6787 836 55 358 920 
6788 836 55 360 358 
6789 358 56 1341 360 
6790 358 1341 1331 359 
6791 358 56 360 836 
6792 358 56 1332 1331 
6793 358 920 54 1332 
6794 358 56 1331 1341 
6795 920 836 832 56 
6796 53 1332 832 354 
6797 920 56 832 1332 
6798 358 56 836 920 
3 6 4 306
6799 63 393 389 374 
6800 1390 1404 1358 61 
6801 368 59 63 374 
6802 1389 377 1361 1363 
6803 379 881 1368 880 
6804 1386 1385 399 1367 
6805 1406 1395 358 1399 
6806 1390 881 66 1358 
6807 382 365 1375 1374 
6808 1366 369 1356 1379 
6809 55 882 1377 54 
6810 364 359 50 1372 
6811 1376 391 1401 1365 
6812 396 1401 1406 1377 
6813 1406 365 1374 381 
6814 50 1372 1340 7 
6815 50 1340 1372 359 
6816 1374 1376 381 366 
6817 1376 388 1365 367 
6818 1372 1341 359 1340 
6819 1373 359 1372 1341 
6820 374 393 1366 1355 
6821 368 1366 374 389 
6822 374 373 393 1355 
6823 370 1359 1356 1378 
6824 880 380 1368 379 
6825 1360 239 1340 7 
6826 1370 1408 1409 394 
6827 1379 1368 390 1378 
6828 1366 1380 369 1379 
6829 1406 381 1374 1376 
6830 374 1366 393 389 
6831 1368 380 880 1378 
6832 368 374 63 389 
6833 1407 1408 401 1355 
6834 1366 1379 1356 1355 
6835 1357 61 1385 1358 
6836 1408 1358 881 1368 
6837 879 880 397 1401 
6838 1366 1379 64 1380 
6839 1364 1388 240 1393 
6840 1373 364 1375 365 
6841 1364 209 240 1144 
6842 1373 383 1399 1341 
6843 1373 1399 1375 1341 
6844 1407 64 389 1380 
6845 1386 1367 65 371 
6846 1390 1381 1404 1398 
6847 1366 64 1379 1355 
6848 1408 401 881 66 
6849 368 369 1366 1380 
6850 1357 1383 1385 1387 
6851 60 1396 392 1369 
6852 1390 1398 61 1387 
6853 1389 1363 1361 386 
6854 1402 1389 1397 1361 
6855 1368 1359 380 1378 
6856 1368 1356 1379 1355 
6857 376 1361 1389 377 
6858 881 379 1368 1358 
6859 1405 361 1388 1384 
6860 1360 1340 1372 7 
6861 880 391 380 1401 
6862 1395 358 1399 360 
6863 1360 17 1388 361 
6864 1403 1392 397 1401 
6865 368 1366 389 1380 
6866 1368 1378 880 390 
6867 880 1378 391 390 
6868 880 1378 380 391 
6869 1368 1356 1359 1378 
6870 1395 55 1377 358 
6871 1389 1363 386 1387 
6872 1408 1390 400 66 
6873 394 1408 1407 1355 
6874 1385 1390 400 1358 
6875 1378 380 391 1365 
6876 370 1379 1356 369 
6877 1407 401 64 1355 
6878 240 8 1371 1393 
6879 58 370 1378 1359 
6880 1379 1368 1378 1356 
6881 1408 1358 1390 66 
6882 1390 398 1404 1381 
6883 1390 1404 881 1358 
6884 396 1401 1399 1406 
6885 1360 1340 383 1372 
6886 1384 360 1399 1341 
6887 396 1399 1401 1392 
6888 1395 396 1377 882 
6889 1365 388 1359 367 
6890 1360 208 239 7 
6891 1360 239 208 1145 
6892 1405 1384 1400 1399 
6893 1405 1399 383 1341 
6894 1405 1384 1399 1341 
6895 1405 384 1400 1394 
6896 1405 361 1384 1341 
6897 1360 1145 1388 17 
6898 1388 1144 240 17 
6899 1360 208 1364 1145 
6900 1388 1362 1394 1393 
6901 1364 1371 240 209 
6902 1384 360 1395 1399 
6903 1384 1394 1400 1391 
6904 1405 1384 1388 1394 
6905 1364 1144 1388 1145 
6906 1360 1405 1388 384 
6907 1384 1403 1399 1392 
6908 1402 386 1398 1387 
6909 1402 1361 385 386 
6910 1402 1397 385 1361 
6911 385 1362 1394 384 
6912 1402 1391 1397 1387 
6913 1400 1398 1403 1391 
6914 1402 1391 1400 1397 
6915 1360 383 1405 384 
6916 385 1394 1362 1382 
6917 1384 1400 1403 1391 
6918 1384 1399 1395 1392 
6919 1397 1361 1389 1382 
6920 1402 1400 1391 1398 
6921 1402 1398 1391 1387 
6922 1400 1391 1394 1397 
6923 1364 1394 1388 1362 
6924 375 1393 1371 8 
6925 376 1389 1361 1382 
6926 1384 1391 1403 1392 
6927 385 1382 1362 1361 
6928 1388 1144 17 1145 
6929 1364 1371 1362 1393 
6930 1364 384 1388 1394 
6931 1364 384 1394 1362 
6932 1362 1382 376 1361 
6933 1362 375 1382 1393 
6934 385 1397 1400 1394 
6935 1362 1371 375 1393 
6936 385 1397 1394 1382 
6937 1364 240 1388 1144 
6938 1364 208 209 1144 
6939 1364 208 1144 1145 
6940 240 8 209 1371 
6941 1360 1405 383 1341 
6942 1384 360 1341 361 
6943 1394 1393 1362 1382 
6944 1402 386 1389 1361 
6945 1360 1388 1364 384 
6946 378 60 1369 1396 
6947 60 392 371 1369 
6948 378 1369 1363 1383 
6949 1402 1389 386 1387 
6950 378 1396 1369 1383 
6951 1362 1382 375 376 
6952 1357 1385 1386 1367 
6953 1357 1386 1369 1367 
6954 1357 1386 1385 1383 
6955 1357 1369 1386 1383 
6956 385 1394 1400 384 
6957 1389 1383 1363 1387 
6958 1402 1400 385 1397 
6959 1387 1363 1357 1383 
6960 1389 377 1363 1383 
6961 1365 388 391 1378 
6962 378 1363 377 1383 
6963 386 61 1398 1387 
6964 1363 1369 1357 1383 
6965 1364 240 1371 1393 
6966 392 371 1386 65 
6967 65 1367 399 395 
6968 65 371 1367 395 
6969 392 1369 1396 1386 
6970 371 372 1367 395 
6971 1386 399 65 1367 
6972 399 395 1367 1409 
6973 1369 1367 1386 371 
6974 1370 394 372 373 
6975 1409 400 1408 1358 
6976 1409 1385 400 1358 
6977 1370 1408 394 1355 
6978 1367 1409 1370 1358 
6979 1409 1385 1358 1367 
6980 1370 394 395 372 
6981 1370 1358 1408 1355 
6982 399 1409 1385 400 
6983 399 1367 1385 1409 
6984 1385 61 1390 1358 
6985 1357 1385 1367 1358 
6986 1367 372 1370 395 
6987 1367 395 1370 1409 
6988 394 1355 1407 373 
6989 1407 1366 393 1355 
6990 1407 389 393 1366 
6991 1407 1355 393 373 
6992 1407 64 1366 1355 
6993 394 1407 393 373 
6994 1407 1366 64 1380 
6995 1408 1358 1368 1355 
6996 1408 1368 401 1355 
6997 1370 394 373 1355 
6998 1360 1364 1388 1145 
6999 1385 1390 61 1387 
7000 1396 1386 1369 1383 
7001 385 1397 1382 1361 
7002 1407 389 1366 1380 
7003 379 881 880 1404 
7004 881 1404 398 880 
7005 881 390 1368 880 
7006 881 390 401 1368 
7007 1390 881 1404 398 
7008 401 1379 64 1355 
7009 401 64 1379 390 
7010 401 1368 1379 1355 
7011 401 1379 1368 390 
7012 1390 66 881 398 
7013 1408 881 401 1368 
7014 1408 1358 400 1390 
7015 398 1404 397 880 
7016 398 397 1404 1381 
7017 379 61 1358 1404 
7018 1370 394 1409 395 
7019 392 371 1369 1386 
7020 1390 1404 61 1398 
7021 1357 61 386 1387 
7022 1404 1401 880 380 
7023 1403 1401 1399 1392 
7024 1404 1401 397 880 
7025 1403 1381 1392 1391 
7026 1403 1398 1381 1391 
7027 1384 1403 1400 1399 
7028 1387 1363 386 1357 
7029 1403 1392 1381 397 
7030 1357 1385 61 1387 
7031 1398 1381 1391 1387 
7032 1390 1381 1398 1387 
7033 1404 1403 397 1401 
7034 1402 1397 1389 1387 
7035 1404 1381 1403 1398 
7036 1395 1399 396 1392 
7037 1360 1341 383 1340 
7038 396 1401 397 1392 
7039 396 1401 879 397 
7040 1395 396 1406 1377 
7041 1360 1340 239 361 
7042 1374 381 365 366 
7043 1405 1394 1388 384 
7044 1373 1375 382 365 
7045 1373 1372 383 1341 
7046 1364 1362 1388 1393 
7047 1360 1145 17 239 
7048 1360 1341 1340 361 
7049 1395 1377 55 882 
7050 1405 1400 1384 1394 
7051 1373 359 364 1372 
7052 1399 1375 1406 382 
7053 1406 1374 358 1377 
7054 1406 1374 1375 358 
7055 1406 1374 382 1375 
7056 1406 1376 1377 1401 
7057 1406 1374 1377 1376 
7058 1373 1399 383 382 
7059 1375 358 359 1341 
7060 1377 387 54 882 
7061 1406 381 1376 1401 
7062 1377 387 882 879 
7063 1377 1376 387 879 
7064 1406 382 365 381 
7065 1377 396 879 882 
7066 1360 239 17 361 
7067 1395 1406 396 1399 
7068 1406 365 382 1374 
7069 381 1401 380 1365 
7070 1376 62 387 879 
7071 1377 1401 1376 879 
7072 1399 358 1375 1341 
7073 1399 358 1406 1375 
7074 1395 55 396 882 
7075 1395 55 358 360 
7076 1376 1365 366 367 
7077 1377 396 1401 879 
7078 55 1377 358 54 
7079 1376 391 1365 388 
7080 881 1404 379 1358 
7081 879 391 880 1401 
7082 1373 1375 1399 382 
7083 1378 380 1365 1359 
7084 1360 361 1405 1341 
7085 1399 360 358 1341 
7086 380 1365 1401 391 
7087 1404 397 1403 1381 
7088 1376 879 391 62 
7089 381 1376 1401 1365 
7090 1370 1358 1409 1408 
7091 383 1341 1372 1340 
7092 370 1356 1379 1378 
7093 58 1378 388 1359 
7094 1365 388 1378 1359 
7095 1373 1375 359 1341 
7096 1408 881 1358 66 
7097 1360 1388 1405 361 
7098 381 366 1376 1365 
7099 1406 1395 1377 358 
7100 1373 359 1375 364 
7101 1376 391 879 1401 
7102 58 388 367 1359 
7103 1376 391 388 62 
7104 880 380 379 1404 
3 7 4 535
7105 961 1438 1432 410 
7106 955 1454 959 960 
7107 2227 1219 1209 1220 
7108 2227 1228 1219 1220 
7109 2227 1219 1450 1447 
7110 2227 1450 1444 1447 
7111 2227 1209 1225 1220 
7112 2227 1442 1444 1382 
7113 2227 1444 1442 1447 
7114 2228 1427 1426 407 
7115 2228 407 1426 408 
7116 2228 407 1419 1415 
7117 2228 1450 1449 1445 
7118 2228 407 408 1419 
7119 1428 2228 1445 2229 
7120 2228 1214 1215 1216 
7121 1421 2228 1415 1214 
7122 1455 954 833 959 
7123 409 67 1436 408 
7124 965 916 836 189 
7125 835 1453 834 956 
7126 914 397 398 1381 
7127 914 397 1381 911 
7128 1385 1433 419 1429 
7129 911 916 918 417 
7130 965 848 72 962 
7131 2227 220 1393 1225 
7132 965 918 916 417 
7133 849 1226 237 964 
7134 849 1226 11 237 
7135 849 11 1226 31 
7136 1453 959 1455 834 
7137 965 964 1457 72 
7138 1450 1447 1218 1454 
7139 963 954 1430 1449 
7140 1218 1452 955 1454 
7141 1224 1226 1211 958 
7142 1207 1218 955 1454 
7143 965 417 1395 918 
7144 958 849 848 964 
7145 2229 1444 2227 1450 
7146 1412 1225 1230 1220 
7147 1224 1226 958 964 
7148 1226 222 11 237 
7149 1223 1423 1232 1413 
7150 1412 1410 1230 268 
7151 1148 17 238 966 
7152 1224 222 1226 237 
7153 1211 1446 958 1452 
7154 2227 1224 1209 1219 
7155 1384 361 965 360 
7156 2227 1447 1442 1446 
7157 962 835 916 189 
7158 1146 238 237 964 
7159 1207 1450 1231 1218 
7160 1457 966 1446 964 
7161 2227 1209 220 1225 
7162 1426 1432 1424 1449 
7163 1388 1446 1457 966 
7164 2228 1215 1227 1216 
7165 1388 1442 1446 1393 
7166 2227 1216 1450 1219 
7167 965 962 417 916 
7168 1388 1457 1384 966 
7169 1416 1428 405 1383 
7170 1213 2229 1415 1418 
7171 2229 1420 1413 1411 
7172 375 1225 1393 8 
7173 71 2228 1445 1428 
7174 2229 406 2228 1415 
7175 2229 1389 1443 1383 
7176 2228 408 409 1229 
7177 2229 1413 1410 1411 
7178 1451 912 1435 419 
7179 965 962 72 417 
7180 2228 1229 1221 1227 
7181 418 911 1392 417 
7182 1455 915 1430 1424 
7183 2227 1393 1442 1382 
7184 1446 1224 958 964 
7185 2228 1227 1450 1216 
7186 1436 1417 1229 408 
7187 2229 1418 1223 1420 
7188 2229 1228 2227 1230 
7189 1428 1431 405 1383 
7190 1435 412 419 912 
7191 2228 1215 1229 1227 
7192 1223 1232 266 1413 
7193 1435 412 912 413 
7194 961 1432 1438 957 
7195 1455 1451 915 1424 
7196 1455 1449 1451 1424 
7197 2228 1434 1427 71 
7198 2229 1414 376 377 
7199 2229 1416 1420 1411 
7200 1418 1232 1223 1423 
7201 1415 1421 1214 1213 
7202 961 917 954 188 
7203 2229 1223 1214 1208 
7204 1437 289 27 415 
7205 915 1424 1451 413 
7206 1224 1146 222 237 
7207 410 961 917 1430 
7208 1388 1384 361 966 
7209 1443 1385 1428 1383 
7210 835 834 1453 913 
7211 2228 409 1432 1438 
7212 960 2228 1221 1207 
7213 962 916 835 417 
7214 963 961 1432 1430 
7215 1413 1420 403 1411 
7216 1443 1385 1383 1387 
7217 965 916 918 836 
7218 1443 1440 419 1381 
7219 2227 1446 1146 1224 
7220 1429 71 419 1443 
7221 2228 1229 409 1221 
7222 1443 1445 1428 71 
7223 2229 1208 1230 1410 
7224 1389 1443 1383 1387 
7225 1384 1440 1391 1392 
7226 836 1395 918 965 
7227 1443 1390 1385 1387 
7228 2227 1447 1446 1224 
7229 2229 1223 1410 1413 
7230 1443 1428 1445 1383 
7231 1446 238 1146 964 
7232 2228 407 406 1427 
7233 1435 1429 419 412 
7234 1446 1148 1147 1146 
7235 1223 267 1410 1413 
7236 2227 1446 1442 1393 
7237 2228 406 1428 1427 
7238 2228 1210 1215 1214 
7239 957 1222 289 1221 
7240 1381 911 397 1392 
7241 1456 1455 915 913 
7242 954 915 917 1430 
7243 1436 275 1437 1222 
7244 1455 915 954 1430 
7245 1451 419 1435 1448 
7246 1211 955 1218 1452 
7247 417 835 913 916 
7248 1435 419 1429 71 
7249 409 1436 1229 408 
7250 1222 409 1438 1437 
7251 72 1452 962 958 
7252 961 1438 1439 416 
7253 2228 1432 963 957 
7254 1455 833 954 915 
7255 963 1430 1432 1449 
7256 1439 961 69 917 
7257 917 69 70 188 
7258 1437 27 289 1222 
7259 1432 409 410 1438 
7260 957 960 963 2228 
7261 409 1436 1222 1229 
7262 2229 406 1415 1416 
7263 1456 915 1455 1451 
7264 2229 376 1414 1412 
7265 288 1221 957 289 
7266 2228 1449 1434 1448 
7267 963 1432 961 957 
7268 274 273 1217 1419 
7269 961 1430 954 917 
7270 833 917 954 915 
7271 915 414 1430 1424 
7272 1455 915 834 833 
7273 1453 834 1455 913 
7274 1436 1417 67 404 
7275 1428 1385 1431 1383 
7276 1385 1433 1429 1425 
7277 419 914 411 1390 
7278 419 412 1429 411 
7279 411 398 1390 914 
7280 962 958 1452 956 
7281 410 961 1439 917 
7282 2229 1216 2228 1450 
7283 1384 1440 1441 1391 
7284 1451 413 1435 912 
7285 419 412 914 912 
7286 1440 1443 1397 1387 
7287 836 1395 965 360 
7288 916 919 913 417 
7289 965 848 962 189 
7290 1388 240 1148 17 
7291 1147 1388 1393 240 
7292 1384 1392 1395 417 
7293 966 1384 965 1457 
7294 965 1457 964 966 
7295 1441 1440 1442 1391 
7296 1441 1442 1394 1391 
7297 1442 1388 1441 1394 
7298 1384 1441 1440 417 
7299 1388 1394 1384 1441 
7300 958 72 1452 1446 
7301 965 72 1457 417 
7302 72 958 848 964 
7303 72 962 1453 417 
7304 72 1453 962 1452 
7305 418 919 1456 912 
7306 418 1456 419 912 
7307 418 417 1456 919 
7308 418 912 914 919 
7309 1442 1397 1440 1443 
7310 1440 1392 1381 1391 
7311 1381 1390 419 1443 
7312 1443 1440 1381 1387 
7313 1440 1391 1381 1387 
7314 1388 1441 1384 1457 
7315 1457 1446 72 964 
7316 1388 1147 1446 1148 
7317 1384 965 1457 417 
7318 418 1392 1440 417 
7319 418 911 914 1381 
7320 418 914 419 1381 
7321 1442 1397 1389 1382 
7322 1397 1443 1389 1387 
7323 1388 1148 1446 966 
7324 1388 1394 1442 1393 
7325 2227 1147 1446 1393 
7326 2227 1230 1228 1220 
7327 220 2227 1393 1147 
7328 2229 1450 2227 1216 
7329 2229 1214 1216 1228 
7330 2229 406 1416 1428 
7331 1450 1227 1231 1216 
7332 1450 1231 1219 1216 
7333 2228 1215 1217 1229 
7334 2229 376 1389 377 
7335 1442 1394 1382 1393 
7336 1450 1207 1449 1454 
7337 418 919 911 417 
7338 965 962 916 189 
7339 957 960 2228 1221 
7340 1446 238 1148 1146 
7341 1447 1452 1218 1454 
7342 2227 1225 1412 1220 
7343 2229 1230 1414 1410 
7344 1147 1388 240 1148 
7345 1147 1393 220 8 
7346 1147 240 1393 8 
7347 1446 1146 1224 964 
7348 2227 1389 376 1382 
7349 1446 966 238 964 
7350 1442 1394 1397 1382 
7351 1388 1393 1446 1147 
7352 220 2227 1147 1209 
7353 1446 1148 238 966 
7354 2229 1443 1445 1383 
7355 375 9 1225 8 
7356 1388 17 966 361 
7357 220 1225 9 8 
7358 1147 221 1224 1146 
7359 1147 1224 221 1209 
7360 2227 1146 1446 1147 
7361 2229 1214 2228 1216 
7362 2228 1415 1419 1421 
7363 2227 1447 1224 1219 
7364 2227 376 375 1382 
7365 9 269 1412 1225 
7366 1393 1225 220 8 
7367 375 1225 9 1412 
7368 2229 1411 1414 377 
7369 1230 1410 1208 268 
7370 2227 1393 375 1225 
7371 2229 1410 1414 1411 
7372 1412 1414 1230 1410 
7373 2229 2228 1445 1450 
7374 1219 1450 1218 1231 
7375 2227 1146 1147 1224 
7376 1147 221 220 1209 
7377 285 849 958 1226 
7378 285 958 1211 1226 
7379 285 958 286 1211 
7380 286 955 1211 958 
7381 958 72 1446 964 
7382 1224 237 1226 964 
7383 1207 1450 1218 1454 
7384 2227 1224 1147 1209 
7385 1207 287 288 960 
7386 1207 960 288 1221 
7387 955 1207 960 287 
7388 2229 1230 1412 1414 
7389 960 2228 1207 1449 
7390 1211 958 955 1452 
7391 286 1218 1211 955 
7392 2227 1225 375 1412 
7393 2227 375 1393 1382 
7394 221 222 1224 1146 
7395 288 1221 960 957 
7396 955 1207 287 1218 
7397 955 959 1454 956 
7398 286 287 1218 955 
7399 962 1453 835 956 
7400 962 956 1452 1453 
7401 962 835 1453 417 
7402 72 958 962 848 
7403 417 835 1453 913 
7404 285 849 1226 31 
7405 958 1226 849 964 
7406 1446 1224 1447 1211 
7407 2228 1438 1432 957 
7408 1450 1207 1231 1227 
7409 1452 1453 956 1454 
7410 1453 913 1456 417 
7411 965 964 72 848 
7412 1453 1455 1456 913 
7413 1207 2228 1450 1449 
7414 1224 1146 237 964 
7415 1453 1454 959 956 
7416 1453 1454 1455 959 
7417 1456 417 913 919 
7418 1456 919 913 912 
7419 1440 1397 1391 1387 
7420 418 914 911 919 
7421 1456 1451 419 912 
7422 1211 1446 1224 958 
7423 1455 963 1454 1449 
7424 1455 963 959 1454 
7425 1453 959 834 956 
7426 1456 915 912 913 
7427 1455 913 834 915 
7428 1455 833 834 959 
7429 1455 954 959 963 
7430 1455 1449 1424 1430 
7431 833 188 954 917 
7432 960 963 1449 1454 
7433 2228 1449 960 963 
7434 1455 954 963 1449 
7435 959 963 960 1454 
7436 955 1452 958 956 
7437 2228 409 1438 1221 
7438 961 957 1438 416 
7439 917 1430 915 414 
7440 917 1430 414 68 
7441 966 1384 361 965 
7442 1455 954 1449 1430 
7443 917 69 68 70 
7444 917 68 1439 410 
7445 915 413 1451 912 
7446 1451 1424 1449 1448 
7447 2228 1434 71 1448 
7448 2228 1426 1434 1449 
7449 2228 406 407 1415 
7450 2229 1230 2227 1412 
7451 2228 1449 1448 1445 
7452 2228 1229 1419 408 
7453 1207 2228 1227 1450 
7454 1434 1424 1435 1448 
7455 1434 1429 1428 71 
7456 1217 2228 1419 1210 
7457 1426 1424 1434 1449 
7458 2228 408 1426 409 
7459 1451 1424 1435 413 
7460 1434 1448 1435 71 
7461 416 69 1439 961 
7462 915 414 1424 413 
7463 2228 1221 1438 957 
7464 1434 1449 1424 1448 
7465 917 68 410 1430 
7466 1424 1432 1430 1449 
7467 2229 1445 1444 1450 
7468 1438 416 957 415 
7469 1438 415 289 1437 
7470 961 69 917 188 
7471 409 1222 1436 1437 
7472 1436 275 1212 404 
7473 961 1438 410 1439 
7474 1436 67 1417 408 
7475 1438 957 1221 1222 
7476 1436 1212 1417 404 
7477 1436 1417 1212 1229 
7478 409 1222 1221 1229 
7479 1451 1435 1424 1448 
7480 289 1222 957 1438 
7481 961 1432 1430 410 
7482 1437 1222 275 27 
7483 1207 955 960 1454 
7484 289 1222 1438 1437 
7485 1438 415 957 289 
7486 1222 409 1221 1438 
7487 275 26 1212 404 
7488 1212 26 274 404 
7489 1436 275 1222 1212 
7490 1212 274 1417 404 
7491 1217 1419 273 1210 
7492 1217 2228 1210 1215 
7493 273 1210 1419 1421 
7494 273 1210 1421 272 
7495 1212 1417 274 1217 
7496 1212 1417 1217 1229 
7497 2229 1214 1228 1208 
7498 1229 1419 408 1417 
7499 1436 1212 1222 1229 
7500 1434 1435 1429 71 
7501 2229 2227 376 1412 
7502 2229 2227 1444 1389 
7503 2229 1443 1444 1445 
7504 917 68 69 1439 
7505 963 954 961 1430 
7506 2228 1434 1426 1427 
7507 2228 1229 1217 1419 
7508 2228 409 1426 1432 
7509 274 1419 1217 1417 
7510 1421 2228 1214 1210 
7511 2229 1416 378 1383 
7512 1421 1210 1214 1213 
7513 1418 1423 1223 1420 
7514 1232 1418 1213 271 
7515 2229 1415 2228 1214 
7516 2227 1216 1219 1228 
7517 2229 1228 1230 1208 
7518 2229 376 2227 1389 
7519 2229 1428 1416 1383 
7520 1421 272 1210 1213 
7521 1447 1224 1219 1211 
7522 2229 1445 1428 1383 
7523 1217 1419 1229 1417 
7524 1418 271 272 1213 
7525 1213 2229 1214 1415 
7526 2229 1213 1214 1223 
7527 1421 1418 272 1213 
7528 2228 1421 1419 1210 
7529 1232 1418 271 1423 
7530 2229 377 378 1411 
7531 2227 375 376 1412 
7532 2229 1416 1415 1420 
7533 1223 1410 267 1208 
7534 1223 1423 1413 1420 
7535 1223 1413 266 267 
7536 266 402 1423 25 
7537 2228 1221 1207 1227 
7538 266 402 1413 1423 
7539 2229 378 1416 1411 
7540 2229 1418 1213 1223 
7541 1219 1450 1447 1218 
7542 1446 1447 1452 1211 
7543 2228 1432 1426 1449 
7544 1415 1421 1213 1418 
7545 266 1413 1232 1423 
7546 1413 402 1420 1423 
7547 1420 1416 403 1411 
7548 266 1423 1232 25 
7549 271 1232 1423 25 
7550 2229 1389 1444 1443 
7551 1207 960 1449 1454 
7552 267 1208 1410 268 
7553 1413 403 1420 402 
7554 378 1422 60 1396 
7555 403 1422 378 1416 
7556 403 60 378 1422 
7557 403 1416 378 1411 
7558 1422 1416 405 1396 
7559 1418 1223 1232 1213 
7560 2229 1216 2227 1228 
7561 2229 377 1389 1383 
7562 1447 1452 1211 1218 
7563 2227 1444 1389 1382 
7564 2229 1410 1223 1208 
7565 1428 2228 2229 406 
7566 2229 1420 1223 1413 
7567 1412 1230 269 268 
7568 418 419 1440 1381 
7569 418 1381 1440 1392 
7570 418 911 1381 1392 
7571 1442 1388 1446 1441 
7572 2229 1415 1418 1420 
7573 418 912 419 914 
7574 419 914 1390 1381 
7575 1447 1211 1219 1218 
7576 955 1454 1452 956 
7577 1384 1391 1441 1394 
7578 1381 1390 1443 1387 
7579 1416 1428 406 405 
7580 1443 1429 71 1428 
7581 1428 1385 1443 1429 
7582 1428 1425 1431 1385 
7583 1434 1428 1427 71 
7584 1431 405 1386 65 
7585 1431 399 1385 1425 
7586 378 1383 1416 1396 
7587 60 1396 1422 392 
7588 1422 405 392 1396 
7589 1416 1396 1383 405 
7590 392 65 1386 405 
7591 392 1386 1396 405 
7592 1385 1425 1429 1428 
7593 1396 1386 1383 405 
7594 378 1416 1422 1396 
7595 1442 1397 1443 1389 
7596 1431 1386 405 1383 
7597 1456 912 915 1451 
7598 1431 65 1386 399 
7599 1443 1390 419 1385 
7600 419 411 1429 1433 
7601 1385 1433 400 1390 
7602 399 1385 1425 400 
7603 2229 378 377 1383 
7604 1431 399 1386 1385 
7605 71 2228 1428 1427 
7606 1433 1390 411 66 
7607 400 1390 1433 66 
7608 1433 1385 419 1390 
7609 419 412 411 914 
7610 1385 400 1433 1425 
7611 2228 963 1432 1449 
7612 1431 1385 1386 1383 
7613 1385 1443 1429 419 
7614 1384 1395 965 417 
7615 1412 269 1230 1225 
7616 2227 1412 1230 1220 
7617 911 1395 396 1392 
7618 911 396 1395 918 
7619 911 396 397 1392 
7620 911 417 1395 1392 
7621 1395 918 396 55 
7622 1442 1389 1444 1382 
7623 1395 836 55 360 
7624 911 918 1395 417 
7625 911 919 916 417 
7626 1442 1443 1444 1389 
7627 1384 965 1395 360 
7628 1388 1446 1441 1457 
7629 1388 17 1148 966 
7630 1384 1457 1441 417 
7631 1395 836 918 55 
7632 411 1390 398 66 
7633 71 1448 1445 2228 
7634 1442 1440 1397 1391 
7635 419 411 1433 1390 
7636 1384 1440 1392 417 
7637 1442 1397 1394 1391 
7638 1390 914 398 1381 
7639 1435 1448 419 71 
3 8 4 409
7640 1197 1466 1458 1196 
7641 1466 420 250 1464 
7642 1459 423 1487 1458 
7643 1485 78 450 857 
7644 1491 1487 1485 1466 
7645 422 1459 424 1471 
7646 1491 1459 1466 1471 
7647 1085 1082 464 1467 
7648 1489 1462 1472 1494 
7649 1088 1461 442 1462 
7650 1481 1506 1078 1512 
7651 1496 451 80 1492 
7652 1088 1463 1462 1494 
7653 1507 445 1514 1512 
7654 449 450 1088 1494 
7655 1489 449 1077 1462 
7656 416 69 859 1439 
7657 1088 1084 1511 1083 
7658 1485 857 450 1477 
7659 1081 1077 1084 1513 
7660 859 858 1465 1076 
7661 1502 430 82 455 
7662 1085 463 1496 1497 
7663 420 19 250 1464 
7664 1488 1463 1493 1471 
7665 1485 1487 1034 1466 
7666 1511 442 1088 1461 
7667 1468 1490 1486 1493 
7668 422 421 1459 1471 
7669 1483 422 425 1484 
7670 442 1461 1511 443 
7671 1085 440 1470 1510 
7672 1088 1077 1462 1513 
7673 1491 1459 423 1487 
7674 1480 1503 1515 458 
7675 1081 1084 1087 86 
7676 1481 1078 1465 1512 
7677 1496 428 1498 1475 
7678 1085 1470 1496 1080 
7679 1478 1500 433 77 
7680 430 1497 1480 429 
7681 1088 1511 1084 1513 
7682 1469 1083 1465 858 
7683 1492 1489 448 1475 
7684 436 435 1474 1508 
7685 455 1515 1480 1497 
7686 1467 429 1480 1497 
7687 1468 1471 1483 1484 
7688 1081 1080 1077 1513 
7689 1507 1499 85 1086 
7690 1502 75 82 430 
7691 1496 429 1470 1497 
7692 1476 27 415 1437 
7693 1511 86 1079 1084 
7694 458 455 430 1502 
7695 462 1082 1075 1510 
7696 20 1197 1487 1458 
7697 1075 1510 1082 1087 
7698 1465 1035 859 416 
7699 1513 1470 1080 1077 
7700 1467 1470 429 1497 
7701 1469 1477 857 1034 
7702 1501 1086 1075 457 
7703 1464 275 1196 1476 
7704 1488 450 1463 1477 
7705 1465 1438 1474 415 
7706 1459 1458 1487 1466 
7707 844 68 461 1506 
7708 1462 1463 1472 1494 
7709 415 1469 1474 1465 
7710 87 454 463 1497 
7711 1465 1083 1511 1076 
7712 455 458 1480 1515 
7713 1506 1078 1079 844 
7714 1469 1033 857 858 
7715 456 1082 1500 83 
7716 1512 443 1511 1465 
7717 87 81 454 1497 
7718 410 1474 1438 1508 
7719 1197 276 1487 1466 
7720 20 1487 1197 28 
7721 1465 443 1511 1461 
7722 1500 439 77 1478 
7723 1469 1034 1466 1477 
7724 844 1506 1507 1512 
7725 1487 447 276 28 
7726 1507 85 1499 460 
7727 1481 444 1479 1512 
7728 1491 1471 1466 1477 
7729 1078 69 68 1439 
7730 1465 1511 1512 1076 
7731 1078 859 1465 1076 
7732 1465 1078 1076 1512 
7733 1512 1078 1076 1079 
7734 1078 70 68 69 
7735 410 1506 1439 1481 
7736 1512 443 1465 444 
7737 1481 1479 1506 1512 
7738 1506 1078 1512 1079 
7739 859 858 1035 1465 
7740 1482 1514 1504 460 
7741 1078 70 844 68 
7742 1507 1479 445 1512 
7743 1506 437 438 1479 
7744 844 68 1506 1078 
7745 1078 859 69 1439 
7746 1078 1439 1481 1465 
7747 1507 1499 1514 460 
7748 1512 1076 1511 1079 
7749 1465 1461 1511 1083 
7750 276 1476 27 1033 
7751 1507 1506 1479 1512 
7752 1080 1492 79 448 
7753 1085 1467 1470 440 
7754 1489 1475 1498 1472 
7755 1087 1084 1079 86 
7756 1082 439 1500 1505 
7757 1488 1493 1463 1494 
7758 1469 1466 1034 1033 
7759 1481 1506 1479 437 
7760 859 1465 1439 1078 
7761 1465 416 859 1439 
7762 1086 844 84 85 
7763 1465 444 1481 1512 
7764 1511 1084 1076 1083 
7765 1511 1079 1076 1084 
7766 1470 1513 441 1462 
7767 1511 442 1513 1088 
7768 1511 86 1084 1513 
7769 1512 1079 1511 86 
7770 1465 1083 1076 858 
7771 1506 1439 1078 68 
7772 250 1466 1458 420 
7773 1482 1507 1514 460 
7774 1482 1514 1507 445 
7775 1481 1078 1506 1439 
7776 445 1512 1479 444 
7777 1506 1079 1512 844 
7778 1482 438 1507 460 
7779 1507 1514 1499 1086 
7780 1499 1504 1514 460 
7781 462 439 1500 1510 
7782 1507 1479 438 445 
7783 415 1469 1033 1476 
7784 1469 858 1465 1035 
7785 1476 415 1469 1474 
7786 1439 1465 1474 1481 
7787 1469 415 1033 1035 
7788 1460 1436 67 404 
7789 276 1487 28 1197 
7790 1466 250 1196 1464 
7791 1469 1033 858 1035 
7792 276 1487 1466 1034 
7793 20 251 1197 1458 
7794 1466 1476 276 1033 
7795 409 1437 1460 1474 
7796 250 1466 1196 1458 
7797 1197 1458 251 1196 
7798 1197 1466 1196 276 
7799 250 1195 1464 19 
7800 1196 27 276 1476 
7801 1196 1464 250 1195 
7802 1459 421 1466 1471 
7803 251 250 1196 1458 
7804 1197 1466 1487 1458 
7805 1491 423 1459 424 
7806 1466 1464 1196 1476 
7807 1466 1476 1196 276 
7808 415 1469 1465 1035 
7809 421 1458 1466 420 
7810 1468 1486 1463 1493 
7811 1459 1466 421 1458 
7812 1034 1033 1466 276 
7813 450 1083 1461 1477 
7814 1469 1461 1465 1083 
7815 20 1487 423 1458 
7816 447 276 1034 1487 
7817 1469 1034 857 1033 
7818 1469 857 1477 1083 
7819 1469 1477 1461 1083 
7820 1484 424 1491 1471 
7821 1469 857 1083 858 
7822 1488 1477 1463 1471 
7823 450 1477 857 1083 
7824 1488 1463 450 1494 
7825 450 1461 1463 1477 
7826 1469 1476 1466 1033 
7827 1495 1468 1483 1484 
7828 1492 1498 1489 1475 
7829 1085 1496 463 1080 
7830 1510 1081 1087 86 
7831 1088 1084 1077 1513 
7832 1485 1466 1034 1477 
7833 1491 1466 1485 1477 
7834 1491 1466 1459 1487 
7835 1485 450 1488 1477 
7836 1485 857 1477 1034 
7837 1485 78 857 1034 
7838 1485 447 78 1034 
7839 1485 447 1034 1487 
7840 73 1495 74 1483 
7841 1484 422 424 1471 
7842 1491 424 1459 1471 
7843 1484 1491 1493 1471 
7844 1491 1488 1493 1471 
7845 1491 1485 1488 1477 
7846 1491 1488 1471 1477 
7847 1468 1490 1493 1484 
7848 1495 1468 1484 1490 
7849 1483 422 1484 1471 
7850 425 424 1484 422 
7851 1468 1471 1484 1493 
7852 73 425 1495 1483 
7853 1495 1484 1483 425 
7854 1470 1081 1510 1513 
7855 426 1472 1468 1486 
7856 1088 1462 442 1513 
7857 1077 1475 1489 1462 
7858 1472 1463 1486 1494 
7859 1489 1472 1462 1475 
7860 426 452 1472 1486 
7861 1498 1472 427 452 
7862 73 425 1483 422 
7863 453 1486 1468 1490 
7864 1088 1461 1462 1463 
7865 1489 1472 1498 452 
7866 426 1468 453 1486 
7867 1468 1486 1472 1463 
7868 1080 1475 1492 448 
7869 1486 1463 1493 1494 
7870 1468 1471 1493 1463 
7871 1489 449 448 1077 
7872 1489 1486 1472 452 
7873 426 453 452 1486 
7874 1468 1495 74 1490 
7875 1468 74 1495 1483 
7876 453 1468 74 1490 
7877 426 74 453 1468 
7878 1489 1498 451 452 
7879 427 1472 426 452 
7880 1475 448 1080 1077 
7881 1088 1083 1511 1461 
7882 1496 1498 1492 1475 
7883 1496 1492 80 79 
7884 1475 427 1498 1472 
7885 1496 463 79 80 
7886 1496 1470 428 1475 
7887 442 1462 441 1513 
7888 1088 1494 450 1463 
7889 1088 1463 450 1461 
7890 1088 1461 450 1083 
7891 449 1462 1088 1077 
7892 449 1088 1462 1494 
7893 1489 1472 1486 1494 
7894 1489 1494 449 1462 
7895 1492 1489 1498 451 
7896 1077 1475 448 1489 
7897 1470 1513 1462 1077 
7898 1081 1084 86 1513 
7899 1496 1492 1080 1475 
7900 1467 1503 1480 432 
7901 1085 87 463 1497 
7902 1496 1080 1470 1475 
7903 1467 1505 1478 439 
7904 1496 1080 1492 79 
7905 1496 451 1492 1498 
7906 464 1480 1467 1503 
7907 1077 1470 1080 1475 
7908 1470 1080 1081 1513 
7909 1496 463 454 1497 
7910 1470 1513 1510 441 
7911 1085 1081 1082 1510 
7912 1082 1505 1467 439 
7913 1085 1515 87 1497 
7914 1085 1470 1467 1497 
7915 1510 1081 86 1513 
7916 464 1467 1505 1503 
7917 1077 1470 1475 1462 
7918 1480 464 1085 1515 
7919 1470 1510 440 441 
7920 1496 79 463 1080 
7921 428 1498 1475 427 
7922 1496 428 1470 429 
7923 1496 454 463 80 
7924 1082 1467 1510 439 
7925 1085 1497 1480 1515 
7926 1515 459 458 1503 
7927 1467 1478 1505 432 
7928 455 1480 430 1497 
7929 431 1480 1503 432 
7930 430 431 458 1502 
7931 1502 455 82 458 
7932 458 455 1480 430 
7933 431 1480 458 1503 
7934 430 431 1480 458 
7935 431 75 1502 430 
7936 1082 1500 439 1510 
7937 1507 1086 85 844 
7938 462 1075 1501 1086 
7939 462 1500 1082 1510 
7940 1467 1505 1503 432 
7941 1478 433 1500 1505 
7942 1478 1505 1500 439 
7943 464 1505 459 1503 
7944 1478 433 1505 432 
7945 1467 440 1510 439 
7946 1082 1505 1500 83 
7947 1085 1497 1467 1480 
7948 464 459 1515 1503 
7949 1082 1087 1510 1081 
7950 1085 1082 1467 1510 
7951 464 1515 1480 1503 
7952 87 1515 81 1497 
7953 464 1505 1082 83 
7954 464 1505 83 459 
7955 464 1467 1082 1505 
7956 1480 464 1467 1085 
7957 81 1515 455 1497 
7958 1085 464 87 1515 
7959 1085 1496 1470 1497 
7960 1085 1510 1467 440 
7961 1085 1470 1080 1081 
7962 1085 1510 1470 1081 
7963 456 1082 1075 1500 
7964 1501 1075 456 457 
7965 1507 1479 1506 438 
7966 1499 85 1086 84 
7967 1481 1474 410 1509 
7968 1079 1514 1512 844 
7969 1507 85 461 844 
7970 1075 86 1510 1087 
7971 1499 1501 462 1514 
7972 1499 1514 462 1086 
7973 1079 1514 844 1086 
7974 1086 86 1087 1079 
7975 462 86 1075 1086 
7976 1500 439 462 77 
7977 462 1500 1075 1082 
7978 1501 456 1075 1500 
7979 1075 1086 86 1087 
7980 462 1514 86 1086 
7981 1501 1500 77 433 
7982 462 1500 1501 1075 
7983 1507 1514 1086 844 
7984 434 1501 77 433 
7985 446 434 1501 77 
7986 1482 445 1507 438 
7987 1514 1086 1079 86 
7988 1514 1079 1512 86 
7989 462 446 1514 1501 
7990 462 446 1501 77 
7991 462 1510 1075 86 
7992 462 1501 1500 77 
7993 1499 462 1501 1086 
7994 1507 1512 1514 844 
7995 1504 1501 1514 446 
7996 1482 446 1504 1514 
7997 1504 434 446 76 
7998 1504 1501 446 434 
7999 1499 1514 1504 1501 
8000 1499 1086 1501 457 
8001 1499 84 1086 457 
8002 844 1506 461 1507 
8003 1482 76 1504 446 
8004 1482 1504 76 460 
8005 1482 446 1514 445 
8006 1482 76 438 460 
8007 410 1439 1506 68 
8008 1474 1509 1481 436 
8009 1509 1506 1481 437 
8010 1509 1481 436 437 
8011 1481 1474 1439 410 
8012 410 1508 1438 409 
8013 1438 1437 409 1474 
8014 1438 415 1437 1474 
8015 1438 1474 409 1508 
8016 1438 415 1035 416 
8017 1465 1438 415 1035 
8018 1474 1509 436 1508 
8019 1438 416 1465 1439 
8020 410 1506 1481 1509 
8021 435 1460 409 67 
8022 1460 1474 1437 1476 
8023 1460 1437 1436 1476 
8024 1460 1476 1436 1473 
8025 1436 1473 275 404 
8026 1436 1476 275 1473 
8027 1436 1476 1437 275 
8028 435 409 1474 1508 
8029 1438 1035 1465 416 
8030 270 1195 1464 1473 
8031 270 19 1464 1195 
8032 270 26 275 1473 
8033 270 275 1195 1473 
8034 275 1476 1464 1473 
8035 275 1464 1195 1473 
8036 275 27 1196 1476 
8037 1464 275 1195 1196 
8038 275 1473 26 404 
8039 1509 1474 410 1508 
8040 1437 27 275 1476 
8041 1474 410 1438 1439 
8042 1476 27 1033 415 
8043 1476 415 1474 1437 
8044 1460 1473 1436 404 
8045 1439 1465 1438 1474 
8046 409 1436 1460 1437 
8047 409 67 1460 1436 
8048 435 1474 409 1460 
3 9 4 363
8049 995 1551 492 493 
8050 994 472 29 1521 
8051 277 29 1521 994 
8052 447 1487 1525 28 
8053 994 472 493 29 
8054 2230 1494 1488 450 
8055 277 994 1516 990 
8056 1526 1491 1488 1522 
8057 472 21 29 1521 
8058 1516 1521 990 994 
8059 2230 1563 1524 1559 
8060 2230 1488 1485 450 
8061 2230 450 1485 856 
8062 2230 1559 1536 1564 
8063 492 1550 992 491 
8064 492 1551 992 1550 
8065 995 1521 472 994 
8066 1526 1488 1519 1522 
8067 2230 855 856 991 
8068 2230 1556 1564 1070 
8069 995 493 472 1551 
8070 1521 1516 253 277 
8071 1524 1536 467 1519 
8072 1524 1536 466 467 
8073 1524 1536 486 466 
8074 1524 486 1520 466 
8075 1524 1563 1520 486 
8076 1550 1520 1518 1563 
8077 2230 995 992 991 
8078 486 1563 1538 485 
8079 1520 1527 1538 485 
8080 465 485 1538 1527 
8081 2230 1519 1488 1540 
8082 468 1519 1540 1522 
8083 2230 1070 1531 1494 
8084 1528 1517 1491 424 
8085 2230 1561 992 1550 
8086 1488 1531 1540 1542 
8087 2230 990 994 991 
8088 2230 994 995 991 
8089 1564 1070 1556 1533 
8090 1564 1531 1070 1533 
8091 2230 856 990 991 
8092 1557 1520 1563 485 
8093 1564 1556 92 1533 
8094 1536 1531 1564 487 
8095 92 1556 480 1533 
8096 1520 1527 1557 1552 
8097 2230 1488 1526 1485 
8098 1564 487 1531 92 
8099 1532 1493 1488 1542 
8100 1520 470 1527 1552 
8101 2230 1564 1536 1531 
8102 1561 1558 1072 1562 
8103 1561 854 1072 1074 
8104 1561 1072 1556 1074 
8105 1536 1564 1559 487 
8106 1520 466 1538 465 
8107 1558 1553 1072 494 
8108 1558 481 1560 1553 
8109 1558 1072 1553 495 
8110 1558 1553 1560 495 
8111 1558 1560 1072 495 
8112 1555 1558 1565 488 
8113 1558 488 1553 494 
8114 1560 1554 1069 495 
8115 1560 495 1553 1554 
8116 1560 1553 481 1554 
8117 1560 1069 1072 495 
8118 1560 1556 1072 1069 
8119 481 1554 478 1541 
8120 1560 1541 496 1554 
8121 479 91 1555 482 
8122 2230 992 855 991 
8123 2230 1563 1518 1524 
8124 1545 1561 993 853 
8125 2230 1070 1564 1531 
8126 449 1494 1531 1070 
8127 1561 1557 1562 1545 
8128 2230 1559 1564 1556 
8129 1560 481 480 1541 
8130 1557 1520 1552 1550 
8131 1069 1074 1070 1556 
8132 1558 482 1555 1565 
8133 1550 1520 471 1518 
8134 1069 1554 496 495 
8135 1069 1070 1071 1556 
8136 2230 1485 990 856 
8137 1561 853 1072 854 
8138 2230 1074 1561 1556 
8139 1518 1520 1524 1563 
8140 1534 448 1489 1533 
8141 1486 1537 1530 1542 
8142 1489 1530 1533 1542 
8143 1534 1492 1530 1489 
8144 1543 477 497 496 
8145 1486 1530 1537 452 
8146 1543 1541 477 496 
8147 1560 1554 481 1541 
8148 477 1554 496 1541 
8149 1558 494 1072 1073 
8150 1558 479 1553 1555 
8151 1524 486 1536 1559 
8152 1556 1533 1071 1543 
8153 477 1541 478 1554 
8154 449 1531 1494 1533 
8155 1558 481 479 482 
8156 1489 451 1530 452 
8157 1556 1533 1543 480 
8158 1555 1558 488 1553 
8159 1543 1560 1556 480 
8160 1553 495 1072 494 
8161 1073 94 192 95 
8162 1544 94 93 1073 
8163 93 488 1073 494 
8164 1544 1545 1562 1547 
8165 95 853 1073 1544 
8166 1544 494 1073 488 
8167 1544 1073 93 488 
8168 2230 1070 450 856 
8169 1561 1072 1560 1556 
8170 1558 1544 1565 488 
8171 1543 1560 1071 1556 
8172 1070 1533 1071 1556 
8173 95 853 192 1073 
8174 488 1549 1555 91 
8175 488 1565 1555 1549 
8176 95 1545 96 993 
8177 1558 494 1544 488 
8178 1558 1073 1544 494 
8179 1558 1073 1072 1562 
8180 2230 1485 1526 990 
8181 1549 482 475 1565 
8182 475 482 483 1565 
8183 1544 853 1562 1545 
8184 1544 1545 95 853 
8185 475 1547 483 474 
8186 1560 1069 1071 1556 
8187 2230 992 1551 1550 
8188 1561 1072 1558 1560 
8189 1557 1520 1550 1563 
8190 1561 1562 1072 853 
8191 1561 1550 1557 1545 
8192 483 474 1547 484 
8193 1560 1069 496 1071 
8194 483 1547 1562 484 
8195 1562 1549 483 1565 
8196 1557 484 1546 1539 
8197 1549 483 475 1547 
8198 1557 1539 1548 1527 
8199 1555 482 91 1549 
8200 1561 1550 1563 1557 
8201 1557 1527 1548 1552 
8202 1546 484 474 1539 
8203 1547 474 1546 484 
8204 2230 854 855 992 
8205 1557 1547 1562 1545 
8206 1546 473 1548 1539 
8207 1546 1552 489 490 
8208 1548 89 90 1527 
8209 1548 1527 90 470 
8210 1548 90 489 470 
8211 1557 489 1546 1552 
8212 1557 1552 1546 490 
8213 473 89 1548 1527 
8214 473 465 89 1527 
8215 1557 1527 485 1539 
8216 473 465 1527 1539 
8217 481 1553 478 1554 
8218 470 1548 1527 1552 
8219 470 1548 1552 489 
8220 992 1550 1561 993 
8221 1557 1545 1550 490 
8222 1557 1546 1545 490 
8223 2230 450 1070 1494 
8224 1546 474 473 1539 
8225 467 1540 1519 1536 
8226 1518 471 1550 1551 
8227 1564 92 1531 1533 
8228 1520 466 486 1538 
8229 2230 1070 1074 1556 
8230 1557 1546 1547 1545 
8231 473 1527 1548 1539 
8232 491 96 490 1545 
8233 491 96 1545 993 
8234 1544 1562 853 1073 
8235 1544 1562 1549 1547 
8236 1561 993 1550 1545 
8237 1549 1565 475 483 
8238 1558 482 479 1555 
8239 1557 1520 485 1527 
8240 2230 1526 1529 1521 
8241 1557 484 1562 1547 
8242 1520 1538 486 1563 
8243 1072 1073 853 1562 
8244 1544 1565 1549 1562 
8245 1557 1539 1546 1548 
8246 1525 20 252 28 
8247 1557 484 1547 1546 
8248 2230 1526 1519 1529 
8249 2230 1519 1526 1488 
8250 253 29 21 1521 
8251 277 29 253 1521 
8252 1558 1565 1544 1562 
8253 1561 853 854 993 
8254 1545 1561 853 1562 
8255 1555 482 1549 1565 
8256 992 1561 854 993 
8257 1520 470 1552 471 
8258 465 485 1527 1539 
8259 1557 485 484 1539 
8260 1520 1538 1563 485 
8261 486 487 1536 1559 
8262 1520 465 1538 1527 
8263 1557 1548 1546 489 
8264 1531 1542 1494 1533 
8265 1073 94 95 1544 
8266 1544 1565 488 1549 
8267 1072 1074 1069 1556 
8268 481 1553 479 478 
8269 1558 479 481 1553 
8270 2230 855 854 1074 
8271 1543 1560 480 1541 
8272 1543 1560 1541 496 
8273 1560 496 1543 1071 
8274 2230 1524 1536 1559 
8275 2230 856 855 1070 
8276 448 449 1533 1071 
8277 992 491 1550 993 
8278 2230 1070 855 1074 
8279 2230 472 1521 1518 
8280 448 449 1489 1533 
8281 1488 1542 1493 1494 
8282 1521 1516 277 994 
8283 2230 1521 1529 1518 
8284 1491 423 424 1517 
8285 2230 990 1526 1521 
8286 1557 1550 1552 490 
8287 2230 1550 1518 1563 
8288 2230 1561 1559 1556 
8289 2230 1488 1531 1540 
8290 1488 1531 1542 1494 
8291 1562 1549 1547 483 
8292 1543 497 1071 496 
8293 1560 1069 1554 496 
8294 1491 1528 1522 1517 
8295 1545 1550 491 993 
8296 1532 1488 1540 1542 
8297 2230 1551 995 472 
8298 2230 854 1561 1074 
8299 91 475 1549 482 
8300 1558 1544 1073 1562 
8301 1545 1550 490 491 
8302 1520 471 1552 1550 
8303 1524 1563 486 1559 
8304 28 277 252 1516 
8305 95 993 853 1545 
8306 2230 1524 1529 1519 
8307 1557 1548 489 1552 
8308 2230 1563 1561 1550 
8309 2230 1518 1550 1551 
8310 472 471 1518 1551 
8311 995 992 492 1551 
8312 995 994 472 493 
8313 79 1492 1534 448 
8314 1516 1525 252 28 
8315 2230 994 990 1521 
8316 1485 990 78 447 
8317 2230 1536 1519 1540 
8318 1491 1525 1517 1526 
8319 1485 450 78 856 
8320 1516 1525 28 447 
8321 1525 1491 1517 423 
8322 447 990 277 1516 
8323 1525 1487 20 28 
8324 1523 1484 1495 425 
8325 2230 472 995 1521 
8326 2230 1551 472 1518 
8327 28 277 1516 447 
8328 252 277 253 1516 
8329 1491 1485 1526 1488 
8330 1525 423 20 1487 
8331 2230 992 995 1551 
8332 2230 1488 1494 1531 
8333 2230 1536 1540 1531 
8334 1526 990 1516 1521 
8335 2230 1518 1529 1524 
8336 1484 1493 1491 1522 
8337 1488 1540 1519 1522 
8338 1526 990 1485 1516 
8339 1490 1493 1484 1522 
8340 1485 78 990 856 
8341 2230 1563 1559 1561 
8342 2230 1521 995 994 
8343 2230 1536 1524 1519 
8344 1489 1530 1486 452 
8345 1525 1491 423 1487 
8346 1491 1493 1488 1522 
8347 1485 447 1525 1516 
8348 1485 990 447 1516 
8349 1485 1525 447 1487 
8350 1526 1516 1485 1525 
8351 2230 854 992 1561 
8352 1526 1491 1522 1517 
8353 1491 1525 1526 1485 
8354 1491 1525 1485 1487 
8355 1528 1491 1484 424 
8356 1523 1532 1490 1522 
8357 1523 1490 1484 1522 
8358 1491 1528 1484 1522 
8359 88 1535 74 1495 
8360 1532 1523 469 1522 
8361 1523 1484 425 1528 
8362 425 424 1528 1484 
8363 1523 1532 1535 1490 
8364 73 1495 88 74 
8365 74 1495 1535 1490 
8366 1532 1535 469 1523 
8367 1532 1493 1490 1522 
8368 1523 1535 88 1495 
8369 1523 1490 1535 1495 
8370 1523 1495 73 425 
8371 1523 1484 1490 1495 
8372 1489 1533 449 1494 
8373 468 1519 467 1540 
8374 1532 1540 1488 1522 
8375 1523 1484 1528 1522 
8376 1523 88 73 1495 
8377 1532 1488 1493 1522 
8378 469 88 1523 1535 
8379 1532 469 468 1522 
8380 1486 1493 1532 1542 
8381 1532 1522 468 1540 
8382 1534 448 1071 497 
8383 1486 1532 1537 1542 
8384 1534 1071 1543 497 
8385 453 452 1486 1537 
8386 1537 1535 1532 1490 
8387 1489 1494 1486 1542 
8388 1532 1486 1490 1493 
8389 1489 1533 1494 1542 
8390 1486 1494 1493 1542 
8391 1532 1486 1537 1490 
8392 1489 1486 1530 1542 
8393 453 1537 1486 1490 
8394 453 1535 1537 1490 
8395 453 1490 74 1535 
8396 449 1070 1531 1533 
8397 79 1534 497 448 
8398 1492 1530 1489 451 
8399 1534 1543 1071 1533 
8400 449 1070 450 1494 
8401 449 1071 1070 1533 
8402 1534 1071 448 1533 
8403 1534 448 1492 1489 
8404 1534 1489 1530 1533 
8405 80 451 1534 1492 
8406 1534 1530 1492 451 
8407 80 476 79 1534 
8408 476 497 1534 1543 
8409 476 497 1543 477 
8410 79 1534 476 497 
8411 80 1534 79 1492 
3 10 4 329
8412 492 1009 1550 491 
8413 254 493 472 29 
8414 1566 1010 1009 1578 
8415 492 1550 1578 1551 
8416 279 255 278 1569 
8417 254 1569 493 278 
8418 254 493 29 278 
8419 1010 1569 493 1551 
8420 1010 493 1569 278 
8421 279 22 255 1576 
8422 500 90 1580 1591 
8423 1571 1570 511 1589 
8424 500 1584 1591 1580 
8425 489 490 1552 1570 
8426 1589 1591 1584 1580 
8427 1589 511 1571 1600 
8428 489 490 1570 1586 
8429 489 1589 1570 1580 
8430 1589 511 1600 1602 
8431 1589 1584 1582 1571 
8432 489 470 90 1580 
8433 1602 1550 490 1552 
8434 1552 1568 1550 1581 
8435 1552 1581 1550 471 
8436 1552 470 1581 471 
8437 1552 1581 470 1570 
8438 1552 1568 1581 1570 
8439 1550 471 1578 1551 
8440 1550 1578 471 1581 
8441 472 493 1569 1551 
8442 1570 1602 1568 512 
8443 489 90 1591 1580 
8444 511 1571 1600 510 
8445 1586 1602 513 490 
8446 1570 511 1602 512 
8447 489 1591 1589 1580 
8448 513 100 96 1012 
8449 96 490 1012 491 
8450 525 513 1609 1602 
8451 1589 1602 1570 511 
8452 1570 1602 1586 490 
8453 1010 492 1578 1551 
8454 1586 1600 1582 514 
8455 525 513 1602 1012 
8456 1550 1602 490 1012 
8457 1589 1584 1571 1580 
8458 1013 1009 1012 523 
8459 1013 523 1012 525 
8460 1013 1009 1566 1008 
8461 513 1012 490 1602 
8462 1602 523 525 1012 
8463 1586 1600 1609 1602 
8464 1012 523 1568 1602 
8465 1604 1610 1606 522 
8466 1604 523 1609 522 
8467 1604 1610 522 1607 
8468 1604 522 1609 1607 
8469 1604 524 1599 1606 
8470 1604 1599 523 522 
8471 1609 1607 522 514 
8472 1609 522 523 1602 
8473 1013 1009 523 1566 
8474 1604 1599 522 1597 
8475 98 512 1568 1602 
8476 1011 1566 1013 1599 
8477 98 1568 1566 1009 
8478 98 1599 1566 505 
8479 523 98 1568 1602 
8480 254 1569 472 493 
8481 1550 1581 1568 1578 
8482 1566 1008 1576 1250 
8483 1552 1570 1602 1568 
8484 1013 1599 523 524 
8485 1576 1250 22 290 
8486 254 29 472 21 
8487 1566 505 1599 1248 
8488 1013 1011 1599 524 
8489 1008 307 1250 1011 
8490 1008 307 30 1250 
8491 1576 1010 1566 1569 
8492 1576 1250 1008 30 
8493 472 1569 1578 1551 
8494 1013 524 1604 525 
8495 1566 1250 1576 290 
8496 1013 1604 523 525 
8497 1248 505 1599 506 
8498 1250 1248 1011 307 
8499 1010 493 492 1551 
8500 523 1568 98 1009 
8501 1572 1566 1248 505 
8502 506 1597 1251 1577 
8503 1248 306 1011 307 
8504 1248 1011 306 1246 
8505 1251 1599 1246 1597 
8506 506 1597 1577 507 
8507 1599 1011 1248 1246 
8508 306 524 1246 1011 
8509 306 38 1246 524 
8510 1566 1572 1250 290 
8511 1599 1248 506 1251 
8512 1248 1566 1250 1011 
8513 1599 524 1246 1606 
8514 293 292 1247 1579 
8515 1586 514 1609 1600 
8516 1609 514 522 1600 
8517 336 1603 1598 1295 
8518 336 1295 337 1603 
8519 337 1603 1295 304 
8520 336 1593 1608 41 
8521 1571 1570 1589 1580 
8522 1295 1598 304 1603 
8523 336 317 1593 41 
8524 337 1249 304 36 
8525 1246 1597 1606 1249 
8526 304 1249 1603 1598 
8527 522 1606 1597 1598 
8528 1246 36 1606 38 
8529 337 1606 1249 36 
8530 337 304 1249 1603 
8531 1249 1251 1597 1247 
8532 337 1249 1606 1603 
8533 1246 1597 1249 1251 
8534 1249 1247 1597 1598 
8535 506 291 1251 1248 
8536 1251 1599 1248 1246 
8537 1013 523 1604 524 
8538 1589 1570 1602 1586 
8539 507 292 1579 1247 
8540 1598 521 522 1610 
8541 1248 1566 1011 1599 
8542 506 1572 291 1248 
8543 507 1579 508 1598 
8544 1598 1574 99 521 
8545 1598 305 1579 1574 
8546 1579 1252 293 1574 
8547 1579 1247 293 1252 
8548 1251 507 1577 1597 
8549 1579 305 1252 1574 
8550 508 1574 1598 1579 
8551 293 1574 1252 501 
8552 1595 1593 501 1574 
8553 507 1579 1598 1247 
8554 1599 1246 1597 1606 
8555 1598 1247 1579 305 
8556 293 1252 32 501 
8557 1595 1252 1574 501 
8558 336 317 1295 1593 
8559 32 1595 1252 37 
8560 336 1603 1608 1598 
8561 501 502 1574 1593 
8562 32 1252 1595 501 
8563 1574 1573 99 1593 
8564 1574 1573 1593 502 
8565 99 1601 1573 509 
8566 1579 1247 1252 305 
8567 1595 305 1252 37 
8568 1595 317 305 37 
8569 1295 1574 1595 305 
8570 1593 520 1608 41 
8571 1598 1608 1593 521 
8572 509 510 1601 1567 
8573 1295 305 304 1247 
8574 1601 1605 521 1612 
8575 1601 1607 521 1605 
8576 1601 1600 1585 510 
8577 1601 1585 1567 510 
8578 1601 1605 516 1585 
8579 1601 1600 515 1585 
8580 1250 290 1572 1248 
8581 99 1573 1601 521 
8582 1604 524 523 1599 
8583 1604 1609 523 525 
8584 522 521 1607 1611 
8585 521 1605 1607 1611 
8586 522 1607 1610 1611 
8587 513 96 490 1012 
8588 1604 522 1606 1597 
8589 1593 520 1594 1608 
8590 1603 521 1611 1608 
8591 1246 1249 1606 36 
8592 1295 1598 1593 1574 
8593 1295 1598 305 1247 
8594 1251 1577 507 292 
8595 1601 1585 516 1588 
8596 1601 515 1605 1585 
8597 1601 516 1612 1592 
8598 1594 503 1573 1592 
8599 1594 1612 520 519 
8600 1601 1607 515 1600 
8601 1594 1592 1601 1612 
8602 101 517 1592 1588 
8603 1607 514 1582 1600 
8604 1573 509 1601 1567 
8605 1582 1585 515 1600 
8606 1607 515 1582 514 
8607 1582 1585 1571 1584 
8608 1582 1571 1585 1600 
8609 1013 1566 523 1599 
8610 1586 514 513 1609 
8611 1573 1601 1592 1567 
8612 521 1612 1611 1608 
8613 1571 1584 1575 499 
8614 500 1584 1571 499 
8615 1601 1600 522 1607 
8616 1601 516 1592 1588 
8617 99 1593 1594 521 
8618 1593 1573 1594 502 
8619 99 1594 1573 521 
8620 1583 1592 1596 517 
8621 1594 1612 1601 521 
8622 519 516 101 1592 
8623 101 1592 516 1588 
8624 1601 1605 1612 516 
8625 1594 1612 1608 520 
8626 1596 504 1567 1575 
8627 1575 1584 1587 499 
8628 503 1567 1596 504 
8629 1573 1592 503 1567 
8630 1575 1585 1583 1587 
8631 1585 510 1600 1571 
8632 1567 1583 1585 1588 
8633 1575 504 498 1590 
8634 1594 1601 1573 521 
8635 1575 1587 1583 1590 
8636 1596 1575 1567 1583 
8637 1596 517 518 1583 
8638 1575 1585 1567 1583 
8639 489 1570 1589 1586 
8640 1594 1612 519 1592 
8641 1575 498 1587 1590 
8642 99 1574 1593 521 
8643 1593 1594 521 1608 
8644 1596 1583 518 1590 
8645 489 1570 1552 470 
8646 1589 1582 1586 1600 
8647 1601 522 521 1607 
8648 1585 1587 1575 1584 
8649 1585 1567 1571 1575 
8650 304 1249 1598 1247 
8651 1594 1612 521 1608 
8652 1295 305 1595 317 
8653 516 1585 1605 515 
8654 1585 510 1571 1567 
8655 1588 1601 1585 1567 
8656 1601 515 1607 1605 
8657 292 291 1251 1577 
8658 1295 305 1598 1574 
8659 1594 503 502 1573 
8660 504 498 1590 97 
8661 1583 1592 517 1588 
8662 508 1598 1574 99 
8663 504 1590 518 97 
8664 1590 1596 1575 504 
8665 522 1606 1598 1610 
8666 1248 505 506 1572 
8667 1598 1593 336 1295 
8668 1606 1603 1598 1610 
8669 1612 516 519 1592 
8670 1607 1582 515 1600 
8671 1598 1593 1608 336 
8672 1251 507 1597 1247 
8673 1599 506 1597 1251 
8674 1594 1592 1573 1601 
8675 1606 1598 1603 1249 
8676 1566 1008 1250 1011 
8677 522 1610 521 1611 
8678 1604 1606 1599 1597 
8679 1550 1012 491 1009 
8680 1572 1566 1250 1248 
8681 1597 1247 507 1598 
8682 523 1566 98 1599 
8683 506 1251 291 1577 
8684 290 1248 291 1572 
8685 99 1594 1593 1573 
8686 1251 292 507 1247 
8687 523 1009 98 1566 
8688 1576 1250 30 22 
8689 521 1605 1611 1612 
8690 1598 1593 1574 521 
8691 498 499 1575 1587 
8692 279 278 1010 1569 
8693 279 22 1576 30 
8694 1246 1606 524 38 
8695 1603 1611 521 1610 
8696 1567 1583 1588 1592 
8697 1295 304 1598 1247 
8698 1592 1596 1567 1583 
8699 1602 1550 1552 1568 
8700 500 1580 1571 1584 
8701 513 100 1012 525 
8702 1595 1295 1593 1574 
8703 1012 1568 523 1009 
8704 1589 1600 1586 1602 
8705 1595 1295 317 1593 
8706 1550 1568 1012 1009 
8707 1596 518 504 1590 
8708 1603 521 1598 1610 
8709 492 1578 1550 1009 
8710 1609 1600 522 1602 
8711 1586 1609 513 1602 
8712 1011 1566 1008 1013 
8713 1603 1598 521 1608 
8714 1606 1598 1249 1597 
8715 1590 1596 1583 1575 
8716 1552 1602 1570 490 
8717 1602 523 1609 525 
8718 1585 1571 1584 1575 
8719 503 1567 1592 1596 
8720 1588 1601 1567 1592 
8721 1595 1574 1252 305 
8722 1550 1009 1578 1568 
8723 1550 1602 1012 1568 
8724 1589 1571 1582 1600 
8725 522 514 1607 1600 
8726 1566 1010 1578 1569 
8727 489 1570 470 1580 
8728 1578 1009 1566 1568 
8729 279 30 1576 1008 
8730 1550 1012 490 491 
8731 279 1010 1576 1569 
8732 1599 1011 1246 524 
8733 472 1578 471 1551 
8734 1010 1578 1569 1551 
8735 1010 1578 492 1009 
8736 1576 1010 1008 1566 
8737 1010 1008 1566 1009 
8738 279 1576 1010 1008 
8739 279 1576 255 1569 
8740 255 254 278 1569 
3 11 4 477
8741 1015 30 307 280 
8742 493 994 29 278 
8743 961 975 954 972 
8744 2231 1020 1019 1014 
8745 2231 1010 992 1009 
8746 1021 1018 1034 1014 
8747 285 1032 958 849 
8748 2231 977 986 984 
8749 2231 992 995 991 
8750 2231 972 963 978 
8751 2231 960 955 1621 
8752 1625 1000 103 2232 
8753 977 856 855 991 
8754 992 491 993 1009 
8755 2231 1020 1015 1019 
8756 2231 856 977 991 
8757 1010 995 493 278 
8758 1622 1624 1029 1028 
8759 988 1613 1615 528 
8760 973 993 992 854 
8761 1015 1617 1017 1620 
8762 973 1619 1617 993 
8763 957 1035 1033 415 
8764 2232 307 1015 1008 
8765 982 1615 983 1614 
8766 2231 855 977 979 
8767 2231 1015 1617 1017 
8768 1009 1617 993 992 
8769 987 1615 983 1613 
8770 852 192 999 981 
8771 192 981 95 999 
8772 95 853 993 1003 
8773 973 993 1617 992 
8774 853 981 993 1003 
8775 1003 981 999 95 
8776 96 1012 993 491 
8777 1012 993 95 96 
8778 1012 993 1003 95 
8779 95 100 1003 1012 
8780 1003 981 95 853 
8781 100 1003 1012 525 
8782 973 1003 993 981 
8783 1013 1012 1009 1619 
8784 1013 1008 1619 1009 
8785 1013 1619 1008 1011 
8786 924 1029 837 189 
8787 2232 285 1022 1023 
8788 2231 288 957 1014 
8789 29 277 1016 994 
8790 955 1017 2231 1621 
8791 1010 492 995 992 
8792 2232 1017 1015 280 
8793 2232 1022 280 968 
8794 306 38 524 997 
8795 2232 1017 280 1022 
8796 281 12 969 1023 
8797 524 1619 1000 525 
8798 2232 1032 1024 1028 
8799 1621 956 1622 1623 
8800 103 526 1006 1625 
8801 103 1006 526 1001 
8802 103 1006 1001 1005 
8803 103 1005 1000 1006 
8804 103 1000 1625 1006 
8805 524 2232 1000 1619 
8806 526 1001 1004 998 
8807 526 1006 1004 1001 
8808 526 1001 998 1031 
8809 526 1624 1027 1618 
8810 973 993 854 853 
8811 526 996 1004 1006 
8812 526 996 1614 1004 
8813 1002 526 998 951 
8814 1614 1616 974 1625 
8815 526 1031 998 845 
8816 526 1027 1025 1618 
8817 1614 996 974 985 
8818 192 853 95 981 
8819 974 852 996 999 
8820 974 981 852 999 
8821 524 1619 525 1013 
8822 2232 1622 958 1028 
8823 1625 999 1007 1003 
8824 1625 981 1003 1616 
8825 1625 1003 1007 525 
8826 1007 1625 1000 1006 
8827 1007 996 1625 1006 
8828 103 526 1624 1027 
8829 1001 1027 1005 861 
8830 1001 860 1027 861 
8831 103 1005 1027 1624 
8832 999 974 1625 996 
8833 525 1619 1003 1012 
8834 103 1005 1001 1027 
8835 525 1619 1012 1013 
8836 1625 1003 525 1619 
8837 999 974 981 1625 
8838 135 951 1002 847 
8839 135 1002 191 134 
8840 135 951 191 1002 
8841 191 134 1002 976 
8842 186 951 830 976 
8843 191 1002 951 976 
8844 1004 134 851 985 
8845 2232 524 306 1011 
8846 976 1004 134 1002 
8847 974 996 852 851 
8848 526 976 1004 985 
8849 2232 281 1023 1022 
8850 191 951 186 976 
8851 526 845 951 830 
8852 976 1004 985 134 
8853 1002 526 951 976 
8854 998 1031 860 190 
8855 951 845 998 190 
8856 982 971 1615 527 
8857 526 1027 1001 1031 
8858 103 1001 526 1027 
8859 1001 1027 860 1031 
8860 845 830 1025 187 
8861 835 834 923 1623 
8862 526 998 951 845 
8863 922 837 1025 187 
8864 1025 1618 1027 1029 
8865 951 998 1002 847 
8866 838 186 830 976 
8867 838 922 526 976 
8868 1615 527 971 528 
8869 987 1615 1613 1616 
8870 973 987 1616 981 
8871 526 830 951 976 
8872 924 1618 1025 1029 
8873 2232 967 306 997 
8874 989 988 971 528 
8875 526 1002 1004 976 
8876 2232 1624 1625 1619 
8877 526 1625 996 1006 
8878 45 39 967 40 
8879 993 1012 1619 1009 
8880 1005 1030 1027 1624 
8881 526 1004 1614 985 
8882 1005 1030 861 1027 
8883 2232 1030 1624 1028 
8884 1027 1028 1029 1624 
8885 2232 306 524 997 
8886 1001 860 998 1031 
8887 2232 306 968 307 
8888 951 998 847 190 
8889 45 967 1024 997 
8890 1032 1026 969 850 
8891 1026 969 850 14 
8892 1027 1030 1028 1624 
8893 2232 968 306 967 
8894 1026 13 31 1023 
8895 526 1025 1027 1031 
8896 2232 997 1005 1030 
8897 1026 13 1023 12 
8898 962 848 1029 189 
8899 1024 1032 969 850 
8900 2232 1000 103 1005 
8901 1621 1613 1617 2231 
8902 2231 1016 1014 990 
8903 967 38 997 40 
8904 524 2232 1619 1011 
8905 39 850 1024 967 
8906 1625 1000 2232 1619 
8907 1032 285 958 2232 
8908 961 859 975 972 
8909 1026 1023 969 12 
8910 2232 1619 1620 1624 
8911 526 845 1025 1031 
8912 2232 1624 103 1625 
8913 955 959 1621 960 
8914 2232 968 280 307 
8915 1010 493 995 492 
8916 958 848 849 1028 
8917 1032 1026 1023 969 
8918 2231 1617 1015 1008 
8919 1024 969 967 850 
8920 286 958 1621 955 
8921 1619 1625 1003 1616 
8922 1026 969 14 12 
8923 1622 1029 1624 1618 
8924 2232 1024 967 997 
8925 285 31 1026 849 
8926 2232 1015 307 280 
8927 525 1000 1625 1619 
8928 2232 1030 1005 1624 
8929 1622 848 962 958 
8930 1620 1617 1619 1008 
8931 1026 1032 1023 285 
8932 962 924 835 189 
8933 2232 1005 103 1624 
8934 2231 957 288 960 
8935 1026 1032 285 849 
8936 962 1618 924 1029 
8937 45 967 39 1024 
8938 1027 1624 1029 1618 
8939 2232 1620 1017 1022 
8940 998 190 845 1031 
8941 526 998 1004 1002 
8942 1625 981 999 1003 
8943 2232 997 1030 1024 
8944 2231 288 1019 960 
8945 2232 1011 306 307 
8946 1618 835 924 923 
8947 987 1614 1615 1616 
8948 2231 857 990 1014 
8949 926 923 528 527 
8950 2232 524 1000 997 
8951 45 1024 1030 997 
8952 973 1003 981 1616 
8953 999 1625 1007 996 
8954 280 281 968 1022 
8955 988 983 971 1615 
8956 1026 14 13 12 
8957 1622 848 958 1028 
8958 962 1029 924 189 
8959 1034 276 447 1018 
8960 996 1004 851 985 
8961 982 1614 983 985 
8962 923 527 1618 1623 
8963 2231 977 855 991 
8964 2231 855 979 992 
8965 1619 973 1616 1003 
8966 957 289 1033 1014 
8967 2231 990 857 986 
8968 1619 1013 524 1011 
8969 1614 1004 996 985 
8970 2232 958 1032 1028 
8971 962 1618 835 924 
8972 1621 959 956 1623 
8973 974 981 1625 1616 
8974 2231 963 102 978 
8975 525 1000 1007 1625 
8976 1618 835 923 1623 
8977 1614 1625 974 996 
8978 45 861 1005 1030 
8979 306 967 38 997 
8980 961 975 69 188 
8981 2231 990 856 991 
8982 1020 994 995 278 
8983 1620 1622 1621 958 
8984 2232 1000 1005 997 
8985 1620 1617 1008 1015 
8986 526 1625 1614 996 
8987 95 100 1012 96 
8988 1619 973 1003 993 
8989 979 992 973 1617 
8990 2232 1624 1622 1028 
8991 993 491 1012 1009 
8992 45 1030 1005 997 
8993 526 1025 845 830 
8994 1008 2232 1619 1620 
8995 2231 1033 957 858 
8996 1616 1613 987 973 
8997 988 984 1613 102 
8998 2232 1011 1008 1619 
8999 957 1035 415 416 
9000 45 40 967 997 
9001 974 996 851 985 
9002 993 1619 1012 1003 
9003 988 978 984 102 
9004 1613 973 1617 979 
9005 2231 957 972 858 
9006 492 491 992 1009 
9007 1010 1009 492 992 
9008 995 994 493 278 
9009 1617 1619 1008 1009 
9010 2231 984 972 978 
9011 2231 957 963 972 
9012 2231 979 1613 1617 
9013 2231 995 994 991 
9014 1009 1617 1619 993 
9015 1020 995 1010 278 
9016 1015 30 1008 307 
9017 279 1020 1010 278 
9018 1015 279 1010 1008 
9019 1016 29 994 278 
9020 2231 1014 957 1033 
9021 1016 994 1020 278 
9022 1016 994 277 990 
9023 2231 1621 1017 1617 
9024 994 2231 990 1016 
9025 2231 995 1020 994 
9026 1019 955 287 1017 
9027 973 993 853 981 
9028 988 983 1615 1613 
9029 2231 957 960 963 
9030 2231 1613 984 102 
9031 982 839 971 527 
9032 2231 960 1019 955 
9033 963 961 954 972 
9034 989 102 988 528 
9035 988 980 983 1613 
9036 988 1613 984 980 
9037 982 976 526 985 
9038 982 971 983 1615 
9039 838 922 527 526 
9040 976 922 526 830 
9041 987 974 983 1614 
9042 2231 1015 1020 1010 
9043 2231 855 992 991 
9044 987 980 973 1613 
9045 2231 1033 858 986 
9046 982 526 1614 985 
9047 987 1614 983 1615 
9048 983 985 1614 974 
9049 987 974 1614 1616 
9050 973 1617 1619 1616 
9051 987 1613 983 980 
9052 987 981 974 1616 
9053 979 992 855 854 
9054 979 1613 973 980 
9055 979 973 992 854 
9056 973 1616 1613 1617 
9057 2231 992 979 1617 
9058 2231 1019 1015 1017 
9059 839 528 971 527 
9060 2231 963 960 102 
9061 2231 977 984 979 
9062 984 1613 979 980 
9063 925 102 989 528 
9064 858 859 957 972 
9065 988 1615 971 528 
9066 1622 1618 962 1029 
9067 2231 1008 1010 1009 
9068 2231 992 1010 995 
9069 988 102 1613 528 
9070 989 978 988 102 
9071 955 1017 1019 2231 
9072 1621 1613 2231 102 
9073 2232 1023 281 969 
9074 963 954 102 978 
9075 954 978 975 841 
9076 957 858 1033 1035 
9077 957 1033 289 415 
9078 963 972 954 978 
9079 416 69 961 859 
9080 2231 960 1621 102 
9081 1034 1018 447 990 
9082 834 959 102 1623 
9083 961 859 69 975 
9084 1034 1014 1033 1021 
9085 2231 984 978 102 
9086 447 277 1018 28 
9087 857 1034 78 990 
9088 857 986 990 856 
9089 1018 990 1016 277 
9090 1018 1014 1016 990 
9091 1021 1033 276 27 
9092 1033 289 27 1021 
9093 1018 1034 1014 990 
9094 2231 990 986 856 
9095 857 1033 986 858 
9096 1034 1014 990 857 
9097 447 990 1018 277 
9098 1034 1018 1021 276 
9099 447 1018 276 28 
9100 1034 1021 1033 276 
9101 1014 1033 857 1034 
9102 2231 986 972 984 
9103 857 990 78 856 
9104 78 990 1034 447 
9105 2231 1010 1020 995 
9106 962 956 835 1623 
9107 526 982 527 838 
9108 982 527 1615 1614 
9109 835 956 834 1623 
9110 922 838 830 976 
9111 1622 1029 962 848 
9112 833 978 989 102 
9113 922 924 923 1618 
9114 924 1025 837 1029 
9115 982 526 527 1614 
9116 925 989 840 528 
9117 922 1025 526 830 
9118 527 922 926 923 
9119 526 982 838 976 
9120 840 989 971 528 
9121 922 1618 526 1025 
9122 834 102 925 1623 
9123 833 954 188 841 
9124 2232 969 1024 1032 
9125 834 925 923 1623 
9126 1622 1029 848 1028 
9127 926 528 923 839 
9128 962 835 1618 1623 
9129 926 528 839 527 
9130 923 971 840 839 
9131 923 840 971 528 
9132 923 971 839 528 
9133 922 837 924 1025 
9134 923 528 527 1623 
9135 925 102 528 1623 
9136 926 838 982 839 
9137 926 982 838 527 
9138 926 839 982 527 
9139 922 1618 527 526 
9140 527 922 923 1618 
9141 922 527 926 838 
9142 922 1025 924 1618 
9143 922 187 1025 830 
9144 925 102 833 989 
9145 2232 1620 1015 1017 
9146 285 1022 286 958 
9147 286 1017 1620 1022 
9148 1621 1017 286 955 
9149 286 1017 287 955 
9150 286 1022 1620 958 
9151 286 958 1620 1621 
9152 285 31 1023 1026 
9153 1015 30 279 1008 
9154 1019 288 287 960 
9155 2231 1020 1016 994 
9156 2231 986 857 1033 
9157 2231 1014 1019 288 
9158 2231 856 986 977 
9159 288 289 957 1014 
9160 1019 287 955 960 
9161 1017 1621 1620 1617 
9162 1621 1017 1620 286 
9163 2232 1022 968 281 
9164 2232 958 1620 1022 
9165 2232 1624 1620 1622 
9166 2232 1024 1030 1028 
9167 2232 1622 1620 958 
9168 2232 1032 1023 969 
9169 1032 285 2232 1023 
9170 2231 972 986 858 
9171 1621 960 959 102 
9172 955 1621 959 956 
9173 1621 958 1622 956 
9174 1622 956 962 1623 
9175 1622 962 1618 1623 
9176 1622 958 962 956 
9177 2232 1022 285 958 
9178 2232 1008 1011 307 
9179 2231 1020 1014 1016 
9180 2232 969 968 967 
9181 834 833 925 959 
9182 834 956 959 1623 
9183 925 528 923 1623 
9184 925 840 923 528 
9185 925 841 840 989 
9186 925 833 841 989 
9187 959 102 963 954 
9188 959 102 960 963 
9189 2232 1024 969 967 
9190 958 849 1032 1028 
9191 833 959 954 102 
9192 2232 281 968 969 
9193 955 958 1621 956 
9194 1008 2232 1620 1015 
9195 2231 1033 857 1014 
9196 859 957 416 1035 
9197 859 957 972 961 
9198 961 859 957 416 
9199 1035 858 859 957 
9200 2231 1617 1008 1009 
9201 925 959 833 102 
9202 833 841 989 978 
9203 834 959 925 102 
9204 833 954 841 978 
9205 833 954 978 102 
9206 1621 102 959 1623 
9207 289 1014 1021 1033 
9208 961 954 975 188 
9209 954 972 975 978 
9210 2231 979 984 1613 
9211 1033 289 415 27 
9212 994 2231 991 990 
9213 963 957 961 972 
9214 2231 992 1617 1009 
9215 954 975 188 841 
9216 2231 1008 1015 1010 
9217 1015 1010 279 1020 
3 12 4 312
9218 556 559 1658 1665 
9219 554 1672 1655 1675 
9220 554 1655 1657 1675 
9221 1655 555 1659 1672 
9222 1655 1668 1661 1657 
9223 1655 1672 1668 1675 
9224 1655 1668 1657 1675 
9225 1655 112 1669 1668 
9226 554 1657 553 1675 
9227 1661 1668 542 541 
9228 1655 1661 1669 1656 
9229 533 1661 542 541 
9230 533 534 542 1661 
9231 1661 541 1657 1668 
9232 1661 1669 542 1668 
9233 1655 112 1668 1672 
9234 551 1656 1651 552 
9235 1654 52 1676 110 
9236 1654 1676 1659 110 
9237 1659 1676 555 110 
9238 1659 555 1676 1672 
9239 1654 1321 353 1651 
9240 351 1659 1676 1672 
9241 1654 351 52 353 
9242 1655 1659 1669 1672 
9243 551 1656 1659 1669 
9244 1669 1654 1321 351 
9245 1654 1321 351 353 
9246 551 1654 1659 110 
9247 1661 1656 534 542 
9248 1656 542 1669 1642 
9249 535 543 552 1639 
9250 1656 543 535 1642 
9251 535 1639 552 105 
9252 1656 535 534 1642 
9253 552 1639 1653 105 
9254 552 1653 1639 1651 
9255 1629 1304 338 322 
9256 1629 1304 322 1637 
9257 1629 1639 1652 544 
9258 1629 338 42 322 
9259 1652 46 1327 352 
9260 1652 1304 1327 46 
9261 1321 1652 1651 544 
9262 1323 544 1667 545 
9263 531 1639 105 1653 
9264 1629 338 1652 1653 
9265 1629 1637 1327 1304 
9266 1629 544 1652 1327 
9267 544 1323 1327 1637 
9268 544 1667 1669 1651 
9269 1656 552 535 543 
9270 1656 1651 543 1669 
9271 1661 1657 541 533 
9272 531 1629 1639 1653 
9273 112 560 1668 1672 
9274 544 1323 1667 1327 
9275 112 1674 560 1672 
9276 112 1666 560 1674 
9277 546 1640 1328 545 
9278 1652 46 338 1304 
9279 1323 335 334 1637 
9280 1321 1652 544 1327 
9281 1328 1640 1632 545 
9282 544 1669 543 1651 
9283 1323 1328 1632 545 
9284 546 1318 1328 1329 
9285 1328 1325 1320 1640 
9286 1327 1304 1637 334 
9287 1323 1632 335 1637 
9288 112 1321 1667 1326 
9289 351 1659 1672 1669 
9290 1318 1666 1674 349 
9291 544 1667 1651 1321 
9292 112 351 350 1672 
9293 1656 1669 543 1642 
9294 544 1327 1667 1321 
9295 112 1674 350 1666 
9296 1323 544 545 1637 
9297 353 1651 1321 352 
9298 1655 1669 112 1672 
9299 1667 546 1666 1318 
9300 544 543 1639 1651 
9301 1667 1328 546 1318 
9302 112 350 1326 1318 
9303 1328 1325 1640 1329 
9304 1667 1326 1323 1328 
9305 112 1321 1326 351 
9306 1669 1321 112 351 
9307 559 1663 1677 1665 
9308 1677 1658 553 111 
9309 559 558 1670 1663 
9310 1677 1657 1635 1675 
9311 559 1658 1677 111 
9312 1677 553 1657 1675 
9313 556 559 111 1658 
9314 559 1677 1658 1665 
9315 556 106 1665 1660 
9316 1677 1675 1635 1670 
9317 539 1635 538 1663 
9318 559 1670 1677 1663 
9319 1665 539 1663 1635 
9320 1660 1635 532 106 
9321 532 1636 1657 533 
9322 1658 1660 1665 1635 
9323 1677 1657 553 1658 
9324 1635 1630 538 1663 
9325 1660 1636 1635 1657 
9326 1677 1670 1635 1663 
9327 534 542 1656 1642 
9328 108 1630 560 547 
9329 108 560 1636 541 
9330 560 1635 1630 108 
9331 1660 532 1636 1657 
9332 1665 1635 1660 106 
9333 1660 1636 532 1635 
9334 112 350 1318 1666 
9335 1655 1669 1659 1656 
9336 1668 1672 560 1675 
9337 112 1318 1667 1666 
9338 1669 1667 112 1321 
9339 560 1630 1666 547 
9340 1636 1668 541 560 
9341 1635 1675 560 1670 
9342 560 1670 1666 1630 
9343 1657 1668 1636 560 
9344 1629 1652 1304 1327 
9345 1657 1636 1675 560 
9346 560 1674 1675 1672 
9347 1674 1666 1671 349 
9348 1674 1671 1666 1670 
9349 1327 46 1304 334 
9350 1667 1321 1327 1326 
9351 546 1644 1324 1329 
9352 112 1326 1667 1318 
9353 560 1670 1674 1666 
9354 1630 1666 547 1627 
9355 1635 1670 1630 1663 
9356 1655 1669 1661 1668 
9357 560 1670 1675 1674 
9358 1677 1657 1658 1635 
9359 1630 1638 538 1664 
9360 1635 1636 108 560 
9361 1670 1664 1663 558 
9362 1657 1636 541 533 
9363 1673 1638 549 1671 
9364 1673 549 1638 550 
9365 1673 1664 1662 1638 
9366 557 1662 109 550 
9367 1673 557 1664 558 
9368 1662 1664 537 1638 
9369 546 1627 1324 1644 
9370 538 1638 537 1664 
9371 1662 1631 537 536 
9372 1630 1664 538 1663 
9373 1662 1638 537 1631 
9374 1662 1648 550 1631 
9375 1670 1673 1664 558 
9376 1638 1627 1643 1650 
9377 1638 1645 550 549 
9378 1638 1627 1650 549 
9379 349 1324 1671 51 
9380 1662 550 1638 1631 
9381 1630 1664 1670 1673 
9382 1671 1627 51 1324 
9383 550 1648 1645 1631 
9384 1671 1650 51 1627 
9385 1671 549 1650 1627 
9386 1671 1650 549 51 
9387 1669 351 112 1672 
9388 1643 1650 1647 1645 
9389 51 1650 348 1324 
9390 51 1650 1324 1627 
9391 530 1626 104 529 
9392 530 104 1626 1647 
9393 1643 348 1644 1633 
9394 1626 1634 1631 1646 
9395 1643 1644 348 1324 
9396 1633 1626 347 530 
9397 1643 1647 1626 1645 
9398 1643 1324 348 1650 
9399 348 347 1626 1647 
9400 348 1319 1324 1644 
9401 1643 1650 348 1647 
9402 1643 1626 1631 1645 
9403 1645 1646 1631 1648 
9404 1631 1648 1641 536 
9405 1626 1645 1647 1646 
9406 1638 549 1671 1627 
9407 1662 1648 1631 536 
9408 1673 1662 557 550 
9409 1626 1646 104 1634 
9410 104 1634 1646 540 
9411 348 347 1633 1626 
9412 1662 550 1648 109 
9413 1630 1638 1673 1671 
9414 1626 1646 1647 104 
9415 1641 1649 540 107 
9416 1626 1643 1633 348 
9417 1641 1646 540 1649 
9418 1631 1641 1646 1634 
9419 1641 1646 1634 540 
9420 1641 548 1649 107 
9421 1646 1649 1641 1648 
9422 1662 536 548 1648 
9423 1641 1648 1649 548 
9424 1662 1648 548 109 
9425 1626 1631 1645 1646 
9426 1641 548 107 536 
9427 530 49 347 1633 
9428 530 1647 1626 347 
9429 1633 1626 530 529 
9430 1643 1644 1324 1627 
9431 1638 1643 1631 1645 
9432 1673 1662 550 1638 
9433 1652 1639 1653 1651 
9434 1643 1324 1650 1627 
9435 1318 1674 350 349 
9436 546 1329 1640 1644 
9437 112 350 1674 1672 
9438 348 1319 1644 1633 
9439 1677 1635 1665 1663 
9440 546 1666 1318 1324 
9441 1630 1666 1627 1671 
9442 1654 351 1659 1676 
9443 1324 1329 1644 1319 
9444 546 1328 1640 1329 
9445 1318 1324 1666 349 
9446 1667 546 1328 545 
9447 346 1628 1325 345 
9448 346 1628 1632 1325 
9449 543 1669 542 1642 
9450 546 1627 1666 1324 
9451 1630 1664 1673 1638 
9452 1630 1627 1638 1671 
9453 1666 1671 349 1324 
9454 43 335 1632 321 
9455 1632 1628 1640 1325 
9456 1632 1640 1320 1325 
9457 1328 1320 1632 1640 
9458 1327 1637 1323 334 
9459 1640 1628 1644 1329 
9460 43 1320 1632 335 
9461 1640 1329 1325 1628 
9462 1644 1319 1628 1633 
9463 346 1632 43 1320 
9464 1325 1319 1628 1329 
9465 1628 1633 1319 345 
9466 1319 1322 1633 347 
9467 1633 48 1322 345 
9468 1641 1648 548 536 
9469 1644 1329 1628 1319 
9470 1319 345 1633 1322 
9471 530 49 1633 529 
9472 1666 1671 1324 1627 
9473 1638 550 1645 1631 
9474 1633 49 48 529 
9475 551 1669 1654 1651 
9476 1629 1652 338 1304 
9477 1661 1669 1656 542 
9478 322 334 321 1637 
9479 1325 345 1628 1319 
9480 1652 352 1321 1651 
9481 346 1325 1632 1320 
9482 1669 1667 1321 1651 
9483 1667 1326 1328 1318 
9484 1629 1652 1639 1653 
9485 1652 544 1639 1651 
9486 1667 1326 1327 1323 
9487 348 347 1319 1633 
9488 1629 1637 544 1327 
9489 1318 1666 350 1674 
9490 556 1665 1658 1660 
9491 546 547 1666 1627 
9492 1665 539 1635 106 
9493 1677 1635 1658 1665 
9494 1673 1664 557 1662 
9495 1631 1646 1641 1648 
9496 1650 1645 1643 1638 
9497 1656 1651 552 543 
9498 1633 49 347 1322 
9499 1667 1328 1323 545 
9500 554 555 1655 1672 
9501 551 1656 1669 1651 
9502 1632 321 335 1637 
9503 1633 49 1322 48 
9504 1658 1657 1660 1635 
9505 1630 1663 1670 1664 
9506 322 1304 334 1637 
9507 1635 1675 1636 560 
9508 338 531 1653 1629 
9509 552 1651 1639 543 
9510 334 335 321 1637 
9511 1666 1671 1630 1670 
9512 1652 352 1327 1321 
9513 560 1635 1670 1630 
9514 338 531 1629 42 
9515 1626 1643 348 1647 
9516 1657 541 1636 1668 
9517 546 1324 1318 1329 
9518 551 1659 1654 1669 
9519 112 351 1326 350 
9520 1654 52 351 1676 
9521 1669 1654 351 1659 
9522 1323 1632 1637 545 
9523 1654 1669 1321 1651 
9524 1650 1645 1638 549 
9525 1657 1675 1668 560 
9526 1323 335 1632 1320 
9527 1630 1673 1670 1671 
9528 1635 1675 1657 1636 
9529 1323 1632 1328 1320 
3 13 4 306
9530 580 581 1695 1708 
9531 1708 1718 1697 580 
9532 1720 549 550 1645 
9533 1720 550 1682 1645 
9534 1720 1717 1680 1714 
9535 1720 550 579 1692 
9536 550 109 579 1692 
9537 1720 1682 550 1692 
9538 549 1650 1717 51 
9539 1717 51 1336 357 
9540 1336 348 1679 1333 
9541 1336 1337 1704 357 
9542 1336 1650 1679 348 
9543 1717 1650 1336 51 
9544 1683 341 1333 347 
9545 1683 1681 1333 341 
9546 1683 341 347 49 
9547 1683 1333 348 347 
9548 1679 1647 1683 348 
9549 572 1336 1333 1337 
9550 1679 1647 348 1650 
9551 530 104 1647 1678 
9552 49 530 347 1683 
9553 1647 1645 1678 1646 
9554 1683 1647 530 347 
9555 1647 1679 1645 1650 
9556 1717 1712 1704 1706 
9557 1679 1683 1647 1678 
9558 1720 1694 579 1714 
9559 1720 1650 549 1645 
9560 1683 348 1647 347 
9561 1683 1678 530 1647 
9562 561 1649 540 1646 
9563 1646 104 561 1686 
9564 1686 1648 1682 562 
9565 1645 1686 1646 1648 
9566 1645 1686 1648 1682 
9567 1678 1646 1686 104 
9568 1717 571 1679 1680 
9569 550 1682 1648 1692 
9570 1717 1336 1650 1679 
9571 1649 561 562 1686 
9572 1333 572 1681 1679 
9573 1686 1649 1648 562 
9574 540 107 1649 113 
9575 561 1649 562 113 
9576 1649 113 107 562 
9577 1646 104 540 561 
9578 1678 1645 1686 1646 
9579 1686 1649 1646 1648 
9580 548 1692 1648 562 
9581 548 109 1648 1692 
9582 1649 548 1648 562 
9583 1679 348 1683 1333 
9584 1647 1646 1678 104 
9585 1717 1704 1336 1679 
9586 579 1714 1694 578 
9587 1720 1680 1682 1694 
9588 563 564 1694 1680 
9589 1682 1680 563 1694 
9590 1649 107 548 562 
9591 564 1693 1691 565 
9592 1645 1679 1720 1650 
9593 1694 1691 578 1714 
9594 1694 1691 564 1693 
9595 1693 1715 116 578 
9596 1693 1715 1691 1690 
9597 1693 577 1690 565 
9598 570 569 1690 1702 
9599 570 1680 571 1706 
9600 1694 1691 1693 578 
9601 1691 1680 570 1706 
9602 1694 1680 1691 1714 
9603 1720 579 1694 1692 
9604 1691 570 1715 1706 
9605 1714 1706 1715 1712 
9606 1720 1680 1679 1682 
9607 1645 1679 1682 1720 
9608 1678 1686 1645 1682 
9609 1333 572 1679 1336 
9610 1715 1706 1716 1712 
9611 116 577 582 1690 
9612 582 581 1716 1702 
9613 582 1696 581 1702 
9614 1715 1702 582 1716 
9615 581 1707 1702 1708 
9616 114 1685 577 565 
9617 570 1690 1715 1702 
9618 116 582 1715 1690 
9619 570 1715 1706 1702 
9620 582 1690 569 1702 
9621 582 569 1690 1696 
9622 1682 563 562 1692 
9623 1717 1706 1680 1714 
9624 1685 1696 568 1688 
9625 1690 1696 569 1685 
9626 569 1696 1702 1708 
9627 1715 1706 1702 1716 
9628 1693 116 1715 1690 
9629 1707 1700 354 1709 
9630 355 1707 1713 354 
9631 1687 1699 567 1688 
9632 355 1705 1707 1709 
9633 577 1696 1690 1685 
9634 1719 1702 1705 1706 
9635 1707 580 1708 581 
9636 581 1716 1702 1707 
9637 1707 355 1713 1719 
9638 1715 1690 582 1702 
9639 1712 1719 356 1705 
9640 1694 564 1691 1680 
9641 1712 1704 356 1337 
9642 1705 1330 1701 1709 
9643 1705 355 1330 1709 
9644 356 1705 1719 355 
9645 356 1337 1701 1330 
9646 356 1330 1705 355 
9647 561 1649 1646 1686 
9648 1706 1712 1719 1716 
9649 569 568 1685 1696 
9650 1719 1702 1706 1716 
9651 1707 1719 1713 1716 
9652 1704 1337 572 1701 
9653 572 1335 573 1701 
9654 572 1681 573 1335 
9655 1712 1337 356 357 
9656 1714 1691 1715 1706 
9657 1711 1703 1709 1334 
9658 1711 1701 573 1335 
9659 1711 574 1703 1334 
9660 574 575 1703 1689 
9661 1711 1701 1335 1330 
9662 574 1334 343 344 
9663 1711 1709 1330 1334 
9664 1702 1707 1719 1705 
9665 1687 1695 1699 1688 
9666 1335 1330 1701 1337 
9667 356 1701 1705 1330 
9668 388 367 115 1687 
9669 1717 1714 1712 1706 
9670 1712 1704 1337 357 
9671 1711 1709 1701 1330 
9672 1335 1681 342 1333 
9673 355 354 1338 1709 
9674 1338 1703 1331 1334 
9675 1338 1709 354 1700 
9676 1338 354 1332 1700 
9677 1712 1706 1705 1704 
9678 572 1336 1337 1704 
9679 1376 117 387 62 
9680 1375 1710 358 1374 
9681 1698 1376 1697 115 
9682 1376 1708 115 1700 
9683 1338 1709 1703 1334 
9684 1376 366 115 367 
9685 1338 1703 1709 1710 
9686 1377 1718 1332 53 
9687 355 1707 354 1709 
9688 1703 1331 575 1710 
9689 574 1689 1339 344 
9690 1707 1718 354 1700 
9691 1704 356 1701 1705 
9692 1687 388 367 58 
9693 1703 1689 575 1339 
9694 1711 1330 1335 1334 
9695 572 1681 1335 1333 
9696 1338 1331 1703 1710 
9697 1711 1335 343 1334 
9698 1703 1339 575 1331 
9699 1375 1710 1374 576 
9700 567 1699 566 1688 
9701 572 1337 1335 1701 
9702 1706 1712 1705 1719 
9703 575 576 1710 1684 
9704 1339 364 359 50 
9705 574 1689 1703 1339 
9706 1687 1708 1695 568 
9707 574 1339 1703 1334 
9708 1375 1684 1710 576 
9709 573 343 1335 342 
9710 1647 1679 1678 1645 
9711 1339 1689 50 344 
9712 575 1339 364 359 
9713 1703 1339 1331 1334 
9714 573 1335 1681 342 
9715 1338 1332 1331 1710 
9716 1338 1709 1700 1710 
9717 1338 1700 1332 1710 
9718 1717 1680 1706 571 
9719 114 1696 577 1685 
9720 569 568 1696 1708 
9721 1330 1709 1338 1334 
9722 58 1687 1698 567 
9723 574 344 1339 1334 
9724 582 1690 577 1696 
9725 115 1698 1376 388 
9726 575 1689 364 1339 
9727 1375 1374 365 576 
9728 1336 51 1650 348 
9729 1691 1715 578 1714 
9730 115 1687 1695 1698 
9731 1711 1335 573 343 
9732 1330 1709 355 1338 
9733 1691 570 1690 1715 
9734 1679 572 571 1704 
9735 1717 1679 571 1704 
9736 1720 1680 1717 1679 
9737 1717 1704 1712 357 
9738 1717 1704 571 1706 
9739 550 1682 1645 1648 
9740 342 1333 1681 341 
9741 1679 1682 1678 1645 
9742 1693 577 116 1690 
9743 1693 1690 1691 565 
9744 1720 1679 1717 1650 
9745 583 1376 1377 1718 
9746 1687 388 58 1698 
9747 1697 580 1695 1708 
9748 1336 572 1679 1704 
9749 1702 1719 1707 1716 
9750 358 1377 1710 1332 
9751 1711 573 574 343 
9752 583 1376 387 1377 
9753 550 1648 109 1692 
9754 561 113 540 1649 
9755 1718 1707 580 1708 
9756 1695 1697 1708 115 
9757 1720 1717 549 1650 
9758 582 569 1696 1702 
9759 1720 1680 1694 1714 
9760 1720 1694 1682 1692 
9761 1339 364 50 1689 
9762 358 54 1377 1332 
9763 581 1702 1696 1708 
9764 1679 1683 1681 1333 
9765 1648 1692 1682 562 
9766 1712 1705 356 1704 
9767 115 1687 1708 1695 
9768 1375 575 364 359 
9769 1376 117 1718 583 
9770 1707 580 581 1713 
9771 1693 1691 1715 578 
9772 575 1331 1339 359 
9773 355 1705 1719 1707 
9774 1695 1696 1699 1688 
9775 1704 356 1337 1701 
9776 581 1707 1713 1716 
9777 577 1685 1690 565 
9778 1714 1691 1706 1680 
9779 1682 1694 563 1692 
9780 572 1335 1337 1333 
9781 1711 574 1334 343 
9782 1717 1336 1704 357 
9783 1375 358 1331 359 
9784 1375 1331 575 359 
9785 566 1696 114 1685 
9786 566 1696 1685 1688 
9787 1695 568 1696 1688 
9788 1375 365 1684 576 
9789 1718 1713 580 1707 
9790 1695 1697 115 1698 
9791 1377 583 1718 53 
9792 566 1699 1696 1688 
9793 1695 1708 1696 568 
9794 1695 1708 581 1696 
9795 115 1708 1687 568 
9796 1687 568 1695 1688 
9797 115 1698 388 1687 
9798 1375 364 575 1684 
9799 358 1710 1377 1374 
9800 358 1331 1332 1710 
9801 1377 54 53 1332 
9802 1377 1376 1374 1700 
9803 1377 53 54 387 
9804 1375 1684 365 364 
9805 1374 1700 115 576 
9806 1377 1718 1700 1332 
9807 1374 115 366 576 
9808 1376 117 62 1697 
9809 1374 1376 366 115 
9810 1377 387 583 53 
9811 1374 1700 1376 115 
9812 1376 1718 117 1697 
9813 1376 1700 1718 1697 
9814 1707 1718 1713 354 
9815 1718 1700 1332 354 
9816 1718 1332 53 354 
9817 1377 1374 1710 1700 
9818 1708 1718 1700 1697 
9819 1718 580 117 1697 
9820 1377 1718 1376 1700 
9821 1377 1710 1332 1700 
9822 1376 1708 1697 115 
9823 1376 1697 1708 1700 
9824 1375 1684 575 1710 
9825 1698 1699 1687 1695 
9826 388 367 1376 115 
9827 1376 62 388 1697 
9828 1375 1331 358 1710 
9829 1718 1707 1708 1700 
9830 1374 1710 1700 576 
9831 1374 365 576 366 
9832 1375 1710 575 1331 
9833 1698 1687 1699 567 
9834 1376 1697 388 1698 
9835 1376 117 583 387 
3 14 4 342
9836 1728 619 1770 1727 
9837 1728 1769 1729 1770 
9838 885 890 1762 891 
9839 368 1741 63 59 
9840 1729 615 120 592 
9841 1729 1769 591 123 
9842 1729 1769 123 1750 
9843 1767 1769 1728 1770 
9844 608 123 591 1769 
9845 1728 1770 1729 1727 
9846 1729 1727 1770 891 
9847 1729 616 1751 126 
9848 1729 591 119 123 
9849 1729 119 1750 123 
9850 1728 883 619 1727 
9851 606 889 1732 1740 
9852 1729 615 1751 120 
9853 1729 1751 616 1750 
9854 1749 1744 1758 1748 
9855 1729 120 1751 1750 
9856 1753 614 124 1746 
9857 1729 1750 119 120 
9858 1732 617 593 1740 
9859 1732 1752 592 593 
9860 885 617 125 1752 
9861 885 1752 1732 617 
9862 885 617 1732 889 
9863 1754 1726 1379 1733 
9864 601 1736 1757 1699 
9865 1725 389 1768 1380 
9866 122 607 1762 1727 
9867 1723 369 368 1380 
9868 1723 1379 369 1380 
9869 391 1378 1764 886 
9870 1748 597 1737 604 
9871 1749 1759 1758 1744 
9872 1728 591 1729 1769 
9873 1745 598 1737 597 
9874 1697 1764 1698 1695 
9875 603 1747 596 595 
9876 605 1745 1746 598 
9877 1739 1725 1743 1742 
9878 603 596 1748 604 
9879 603 1747 1758 1748 
9880 1731 1725 1739 1742 
9881 1749 1755 1695 581 
9882 1768 1767 609 1728 
9883 608 591 590 1728 
9884 1731 1728 609 590 
9885 608 591 1728 1769 
9886 567 1724 1757 1721 
9887 116 595 582 1735 
9888 582 577 1735 1696 
9889 582 1735 595 1747 
9890 582 1735 581 1696 
9891 582 1735 1747 581 
9892 116 582 577 1735 
9893 1695 1696 581 1766 
9894 602 1755 581 1766 
9895 1758 1744 1760 1748 
9896 1721 1733 585 600 
9897 602 603 1747 1755 
9898 1730 1735 577 1696 
9899 1738 1726 1379 1380 
9900 566 1730 1696 1699 
9901 1721 1722 585 1733 
9902 1721 585 1724 1736 
9903 1759 1744 1756 1760 
9904 602 581 1747 1735 
9905 612 1764 1759 888 
9906 1695 581 1755 1766 
9907 1699 584 566 601 
9908 1695 1699 1696 1766 
9909 58 370 1721 1378 
9910 1759 613 1756 1744 
9911 1695 1755 1764 1766 
9912 1766 1698 1764 1695 
9913 1765 1698 1764 1757 
9914 58 1721 1698 1378 
9915 620 883 1728 1726 
9916 1764 1761 888 886 
9917 370 1722 1721 1378 
9918 1695 1749 1764 1755 
9919 620 619 1767 883 
9920 58 1698 388 1378 
9921 603 1758 1747 1755 
9922 1723 368 1725 1380 
9923 1743 1725 588 1741 
9924 1741 389 368 63 
9925 1738 1768 1726 1380 
9926 1749 1748 1758 1747 
9927 602 581 1696 1766 
9928 566 1696 1730 114 
9929 610 1768 1725 389 
9930 388 62 391 887 
9931 64 1768 389 1380 
9932 1754 892 1379 1726 
9933 892 1768 64 1380 
9934 892 620 64 1768 
9935 391 1764 887 886 
9936 892 883 620 1726 
9937 1754 599 1726 1733 
9938 1379 64 892 390 
9939 1379 892 64 1380 
9940 1379 1726 892 1380 
9941 370 369 1722 1379 
9942 1738 1379 1723 1380 
9943 609 1728 608 590 
9944 1726 122 1762 1727 
9945 1761 890 888 886 
9946 612 613 1759 1744 
9947 1767 619 1728 883 
9948 1754 390 892 886 
9949 1765 1721 1757 600 
9950 586 1738 1722 1723 
9951 1741 389 610 1725 
9952 1743 1725 1741 1742 
9953 1725 1380 368 389 
9954 368 1741 59 1725 
9955 1756 1746 614 1734 
9956 1741 610 389 63 
9957 892 620 1768 1726 
9958 1741 1725 610 1742 
9959 1754 883 892 1726 
9960 1754 1762 1726 122 
9961 1753 1746 124 611 
9962 610 1742 1768 609 
9963 606 889 614 1756 
9964 588 59 1741 1725 
9965 1745 1748 1760 1744 
9966 1722 1723 1738 1379 
9967 587 1739 588 118 
9968 1731 590 609 1742 
9969 1756 613 1760 1744 
9970 883 1727 1762 891 
9971 1732 125 615 1752 
9972 1765 1722 1721 1733 
9973 1764 1754 1761 886 
9974 1721 585 1736 600 
9975 1741 389 1725 368 
9976 1739 588 1743 1725 
9977 1722 369 1723 1379 
9978 1756 1745 605 1760 
9979 1731 1742 589 590 
9980 1698 1757 1765 1721 
9981 1731 1725 1768 1380 
9982 1754 1765 1379 1378 
9983 1739 587 588 1725 
9984 1731 1742 610 1725 
9985 118 1743 1739 588 
9986 1738 1731 1768 1380 
9987 1728 620 1726 1768 
9988 589 1742 1739 1743 
9989 370 1722 1378 1379 
9990 1731 610 1742 1768 
9991 589 1739 118 1743 
9992 1731 1739 589 1742 
9993 1731 1728 1768 609 
9994 1757 1736 1721 1724 
9995 1731 609 1768 1742 
9996 1732 617 1752 593 
9997 1722 1379 1738 1733 
9998 1728 620 1768 1767 
9999 1731 1726 1768 1728 
10000 1723 1739 1731 1725 
10001 892 1726 1768 1380 
10002 1723 1731 1739 587 
10003 1723 1739 1725 587 
10004 1738 1380 1723 1731 
10005 1723 1725 1731 1380 
10006 1738 1379 1726 1733 
10007 586 587 1738 1723 
10008 1738 1731 1723 587 
10009 1730 577 114 1696 
10010 601 1730 584 566 
10011 586 1722 1738 1733 
10012 602 1747 603 1735 
10013 1765 1378 1722 1379 
10014 585 1722 586 1733 
10015 601 1730 566 1699 
10016 1761 884 1763 1756 
10017 1754 1379 1765 1733 
10018 1754 1379 390 1378 
10019 1759 888 1764 1761 
10020 567 1724 566 1699 
10021 1698 1766 1757 1699 
10022 567 1757 1724 1699 
10023 1765 1721 600 1733 
10024 1749 1758 1759 1755 
10025 1765 1379 1722 1733 
10026 1765 1378 1721 1722 
10027 1761 890 884 888 
10028 1765 600 599 1733 
10029 1754 1765 599 1733 
10030 1745 1737 1748 597 
10031 885 125 1732 1752 
10032 603 1748 1758 604 
10033 614 1734 606 1756 
10034 889 614 1756 884 
10035 889 606 1763 1756 
10036 1754 883 1726 1762 
10037 1761 884 613 888 
10038 603 1747 595 1735 
10039 614 1734 1740 606 
10040 1760 1748 1737 604 
10041 1754 1762 890 883 
10042 1754 883 890 886 
10043 1761 1763 890 1762 
10044 1754 886 892 883 
10045 1759 1761 613 888 
10046 1759 613 1761 1756 
10047 1764 1754 886 1378 
10048 1695 1749 580 1764 
10049 603 1747 1748 596 
10050 1758 1748 1760 604 
10051 1732 125 1729 615 
10052 1754 390 1379 892 
10053 612 580 1749 1764 
10054 612 1749 1759 1764 
10055 612 1759 613 888 
10056 1697 580 1764 1695 
10057 1753 618 124 614 
10058 602 1696 581 1735 
10059 1745 1744 1760 613 
10060 1745 1737 1760 1748 
10061 1754 1726 599 122 
10062 1757 1736 1724 1699 
10063 887 1697 62 117 
10064 1756 613 1745 1760 
10065 1699 584 601 1736 
10066 612 1749 1744 1759 
10067 1746 605 1734 1756 
10068 1753 614 1746 1734 
10069 1753 1746 611 1734 
10070 121 611 1746 1734 
10071 598 121 1746 1734 
10072 1748 596 597 604 
10073 1732 607 1763 606 
10074 1756 606 605 1734 
10075 1756 614 613 884 
10076 605 1737 1745 598 
10077 1758 1744 1759 1760 
10078 1749 1747 1758 1755 
10079 602 1755 1747 581 
10080 606 889 1740 614 
10081 605 598 1746 1734 
10082 1756 1746 1745 614 
10083 1756 614 1745 613 
10084 605 1760 1745 1737 
10085 605 604 1760 1737 
10086 1757 1721 1736 600 
10087 1761 890 1754 1762 
10088 584 1699 566 1724 
10089 1746 605 1756 1745 
10090 1761 884 890 1763 
10091 1751 126 125 891 
10092 606 889 1763 1732 
10093 1730 1696 1699 1766 
10094 1764 1765 1754 1378 
10095 885 1762 890 1763 
10096 1761 884 1756 613 
10097 620 883 1767 1728 
10098 1754 390 886 1378 
10099 1727 885 891 1729 
10100 594 618 1753 1740 
10101 885 1729 1732 125 
10102 593 618 594 1740 
10103 1727 885 1729 1732 
10104 885 891 1729 125 
10105 889 1756 1763 884 
10106 1732 1752 615 592 
10107 1732 889 617 1740 
10108 1753 1740 618 614 
10109 618 1740 889 614 
10110 1753 1740 614 1734 
10111 594 1753 611 1734 
10112 594 611 121 1734 
10113 594 1740 1753 1734 
10114 885 1732 1762 1763 
10115 1732 615 1729 592 
10116 617 618 593 1740 
10117 617 889 618 1740 
10118 1729 125 1751 615 
10119 1732 607 1762 1763 
10120 1729 1751 125 891 
10121 885 890 889 1763 
10122 1729 1770 1769 616 
10123 1729 1770 616 126 
10124 1729 616 1769 1750 
10125 123 1769 616 1750 
10126 1732 1762 607 1727 
10127 885 889 1732 1763 
10128 601 1699 1757 1766 
10129 1767 1769 608 1728 
10130 1767 1728 619 1770 
10131 126 891 1770 619 
10132 890 884 889 1763 
10133 890 891 883 1762 
10134 885 891 1762 1727 
10135 1761 1754 890 886 
10136 885 1762 1732 1727 
10137 1729 126 1751 891 
10138 1726 1762 883 1727 
10139 1738 1768 1731 1726 
10140 1728 1726 883 1727 
10141 619 1727 883 891 
10142 1770 1727 619 891 
10143 584 566 1730 114 
10144 1729 1770 126 891 
10145 609 1728 1767 608 
10146 1731 1725 610 1768 
10147 1730 1696 602 1735 
10148 1730 602 1696 1766 
10149 601 1730 1699 1766 
10150 584 1699 1724 1736 
10151 1749 1759 1764 1755 
10152 1698 1765 1378 1721 
10153 584 1736 1724 585 
10154 601 602 1730 1766 
10155 601 600 1757 1736 
10156 1698 1695 1766 1699 
10157 391 390 1378 886 
10158 1749 1695 580 581 
10159 388 1765 1764 1378 
10160 1698 567 1699 1757 
10161 1766 1698 1757 1764 
10162 1698 1721 567 1757 
10163 58 567 1698 1721 
10164 388 1698 1697 1764 
10165 887 1764 888 886 
10166 887 1764 612 888 
10167 388 887 391 1764 
10168 580 887 1697 1764 
10169 887 117 612 580 
10170 580 887 1764 612 
10171 388 1698 1765 1378 
10172 388 391 1378 1764 
10173 887 1697 117 580 
10174 388 62 887 1697 
10175 1765 1698 388 1764 
10176 1749 581 1747 1755 
10177 388 1697 887 1764 
3 15 4 293
10178 1806 1790 643 132 
10179 1806 93 1804 132 
10180 643 642 1803 1805 
10181 1803 1790 1816 1797 
10182 1803 1790 1805 1816 
10183 1803 1816 1792 1797 
10184 1803 642 1807 1805 
10185 629 1784 1807 630 
10186 1807 1784 1805 630 
10187 1803 1807 642 1792 
10188 1784 1803 1807 1805 
10189 1803 1816 1784 1792 
10190 1806 1544 1790 1804 
10191 1806 1805 1808 1549 
10192 1807 133 642 1792 
10193 1784 1803 1805 1816 
10194 1784 631 632 1816 
10195 1805 1808 631 1816 
10196 632 1810 633 1774 
10197 1784 1816 632 1792 
10198 1805 631 630 1784 
10199 1816 1792 1797 1810 
10200 1816 1797 1813 1810 
10201 1816 1797 1808 1813 
10202 1816 1790 1808 1797 
10203 1805 1549 91 1780 
10204 1805 1780 631 1808 
10205 1808 631 131 1780 
10206 1808 131 1549 1780 
10207 1808 1549 131 1814 
10208 131 475 1549 1780 
10209 1549 1544 1806 488 
10210 1808 1813 1800 1811 
10211 1808 1800 1813 1790 
10212 1808 1790 1813 1797 
10213 1808 1547 1544 1549 
10214 1549 1544 1808 1806 
10215 1808 1545 1814 1811 
10216 1813 1790 1800 1797 
10217 1803 1784 1807 1792 
10218 1544 1804 93 94 
10219 93 94 1804 132 
10220 95 94 1804 1544 
10221 1544 1804 95 1801 
10222 1806 93 1544 1804 
10223 1808 1790 1544 1801 
10224 1806 1805 643 1803 
10225 1544 95 1545 1801 
10226 1808 1545 1544 1547 
10227 1805 1549 488 91 
10228 629 1783 130 133 
10229 1784 1792 632 1774 
10230 1806 1803 643 1790 
10231 1806 1805 1549 488 
10232 1805 1780 1808 1549 
10233 131 1814 474 637 
10234 131 1547 475 474 
10235 131 1547 1549 475 
10236 91 1549 475 1780 
10237 96 95 1801 1545 
10238 1806 1805 1803 1790 
10239 96 95 100 1801 
10240 1546 1586 489 1589 
10241 131 1814 1547 474 
10242 1546 490 1586 1545 
10243 1546 1811 637 1814 
10244 1546 1811 1814 1545 
10245 637 636 1811 1781 
10246 636 635 1812 1778 
10247 1813 1802 1809 1810 
10248 1811 1586 1582 514 
10249 636 1584 1589 1778 
10250 636 1812 1584 1778 
10251 1808 1800 1790 1801 
10252 1548 489 90 1591 
10253 1548 1773 90 89 
10254 1548 1785 1773 89 
10255 1811 1586 1589 1582 
10256 1589 1812 1582 1584 
10257 1813 1811 1809 1793 
10258 636 1812 1589 1584 
10259 1589 1584 1591 1778 
10260 1811 1781 636 1589 
10261 1785 623 1773 89 
10262 1781 1591 1785 1778 
10263 1546 1586 1811 1545 
10264 623 1772 622 1778 
10265 1785 500 623 1778 
10266 623 500 1772 1778 
10267 1546 1781 637 1811 
10268 1785 1591 500 1778 
10269 473 1785 1548 89 
10270 1548 1589 489 1591 
10271 1785 500 1773 623 
10272 1811 1589 1812 1582 
10273 1781 1589 1591 1778 
10274 500 1778 1584 1772 
10275 500 90 1591 1773 
10276 131 1549 1547 1814 
10277 1781 1589 1548 1591 
10278 1586 490 513 1545 
10279 1801 513 100 96 
10280 513 96 1545 490 
10281 1808 1547 1549 1814 
10282 1800 1586 1811 514 
10283 1808 1545 1800 1801 
10284 1800 513 1586 514 
10285 1800 1545 1811 1586 
10286 1813 1797 1800 1793 
10287 629 1792 1784 1774 
10288 1548 1773 1785 1591 
10289 101 638 1787 1588 
10290 101 1787 517 1588 
10291 516 638 1588 1795 
10292 1582 1812 1585 1584 
10293 1546 489 1548 1589 
10294 515 1795 1809 1793 
10295 515 1795 1585 1809 
10296 1811 1582 1809 1793 
10297 500 1584 499 1772 
10298 1800 1545 1586 513 
10299 101 516 638 1588 
10300 498 499 1587 1771 
10301 1587 1778 499 1584 
10302 518 1590 1786 97 
10303 518 1590 1789 1786 
10304 518 1583 1789 1590 
10305 1587 1775 1771 499 
10306 1585 1812 1809 635 
10307 1585 1583 1587 1775 
10308 1587 1778 1775 499 
10309 518 1789 1583 517 
10310 1775 499 622 1771 
10311 1775 1778 622 499 
10312 624 1787 625 1779 
10313 624 97 1786 127 
10314 1786 621 127 97 
10315 1775 624 1789 1786 
10316 1787 1583 517 1588 
10317 1583 1789 1779 1787 
10318 1583 1786 1789 1590 
10319 518 1786 624 97 
10320 1787 1583 1789 517 
10321 1775 498 1786 1590 
10322 1583 1775 1786 1590 
10323 1775 621 1786 498 
10324 518 1786 1789 624 
10325 1786 1590 498 97 
10326 499 1772 1584 1778 
10327 1583 1779 1588 1787 
10328 1775 621 498 1771 
10329 1775 622 621 1771 
10330 1582 514 515 1793 
10331 1585 1779 1809 1795 
10332 1585 1583 1779 1588 
10333 1547 1546 1814 1545 
10334 1546 637 474 1814 
10335 1811 1809 1582 1812 
10336 1808 1544 1545 1801 
10337 1585 1775 1812 635 
10338 638 1795 1788 1787 
10339 638 1588 1795 1787 
10340 1781 1548 473 1785 
10341 1789 1787 624 1779 
10342 1583 1786 1775 1789 
10343 1791 1788 1782 626 
10344 1788 1779 1795 1782 
10345 1777 1776 1799 627 
10346 1777 627 1799 640 
10347 1777 626 627 640 
10348 625 1788 1782 1779 
10349 625 1782 1788 626 
10350 1777 1776 1774 1794 
10351 1791 1788 626 639 
10352 1794 1777 1799 1796 
10353 626 1791 639 640 
10354 1788 639 1791 1795 
10355 1791 1795 1815 1782 
10356 1775 1789 624 1779 
10357 1777 1796 633 1815 
10358 1791 1802 1796 1815 
10359 1795 1588 1779 1787 
10360 1791 1815 1795 1802 
10361 1795 1779 634 1782 
10362 1585 1779 1775 635 
10363 1797 1796 1810 1792 
10364 1808 1805 1790 1816 
10365 1777 634 1782 1815 
10366 1806 1804 1790 132 
10367 1809 634 1795 1779 
10368 1800 1545 513 1801 
10369 1777 1791 1799 1796 
10370 1777 1776 1794 1799 
10371 1809 1793 1795 1802 
10372 633 1810 1815 1796 
10373 1774 1796 1794 1792 
10374 1794 1792 644 1783 
10375 1794 1783 644 645 
10376 1794 1776 1783 645 
10377 629 1783 133 1792 
10378 1794 1777 1796 1774 
10379 1794 1799 1776 1798 
10380 1798 627 1799 1776 
10381 638 639 1788 1795 
10382 1802 1813 1797 1810 
10383 1788 1787 1795 1779 
10384 1777 1799 1791 640 
10385 633 1774 1810 1796 
10386 1802 1815 1810 1796 
10387 1776 1798 128 129 
10388 627 128 1776 1798 
10389 1777 1791 626 640 
10390 1777 1774 633 1796 
10391 1776 1798 129 645 
10392 627 641 128 1798 
10393 1788 1791 1782 1795 
10394 644 133 1783 1792 
10395 1776 645 628 1783 
10396 644 133 130 1783 
10397 1805 630 631 91 
10398 1774 1794 1783 1792 
10399 628 1783 644 130 
10400 628 644 1783 645 
10401 629 1774 1783 1792 
10402 1802 1813 1793 1797 
10403 1805 631 1784 1816 
10404 1805 91 631 1780 
10405 1790 1804 1544 1801 
10406 1777 1782 1791 1815 
10407 1808 1805 1806 1790 
10408 1776 129 628 645 
10409 1808 1545 1547 1814 
10410 1777 1782 626 1791 
10411 1778 1587 1585 1584 
10412 516 1588 1585 1795 
10413 1585 1812 1775 1778 
10414 622 1772 499 1778 
10415 1582 1809 515 1585 
10416 1781 1548 1785 1591 
10417 632 1810 1774 1792 
10418 1798 627 641 1799 
10419 1546 1548 1781 1589 
10420 1775 1778 1812 635 
10421 1785 1591 1773 500 
10422 1786 498 621 97 
10423 1587 498 1775 1590 
10424 1809 1815 1795 634 
10425 625 1788 1779 1787 
10426 1546 490 489 1586 
10427 1585 1812 1778 1584 
10428 1546 473 1781 1548 
10429 1587 1775 1583 1590 
10430 1813 1809 1802 1793 
10431 632 1816 1810 1792 
10432 1583 1789 1775 1779 
10433 1585 1779 1583 1775 
10434 1547 1814 1546 474 
10435 636 1589 1781 1778 
10436 1809 1802 1795 1815 
10437 1587 1775 498 1771 
10438 1546 1781 1811 1589 
10439 629 1807 1784 1792 
10440 500 1778 1591 1584 
10441 516 1585 515 1795 
10442 1777 633 634 1815 
10443 1811 636 1812 1589 
10444 1809 634 1779 635 
10445 1582 515 1809 1793 
10446 1806 488 1544 93 
10447 1585 1779 1795 1588 
10448 1809 1810 1802 1815 
10449 1813 514 1811 1793 
10450 1802 1810 1797 1796 
10451 1795 634 1815 1782 
10452 1546 1781 474 637 
10453 1801 513 96 1545 
10454 1813 514 1800 1811 
10455 1813 1800 514 1793 
10456 1582 1809 1585 1812 
10457 1774 1783 1794 1776 
10458 1548 90 1773 1591 
10459 1799 641 640 627 
10460 1546 1811 1586 1589 
10461 1810 1796 1774 1792 
10462 1777 1791 1796 1815 
10463 1778 1587 1775 1585 
10464 1546 473 474 1781 
10465 1808 1800 1545 1811 
10466 629 133 1807 1792 
10467 1808 1806 1544 1790 
10468 1794 1776 645 1798 
10469 1585 635 1809 1779 
10470 1811 514 1582 1793 
3 16 4 502
10471 862 1039 1054 1851 
10472 862 1054 852 1851 
10473 862 1054 1039 136 
10474 94 95 1804 1055 
10475 1055 999 1790 852 
10476 1055 132 1804 94 
10477 1055 1790 1804 132 
10478 1039 1803 642 647 
10479 1039 1803 643 642 
10480 1039 643 1803 1851 
10481 1039 136 1820 647 
10482 1054 851 1851 659 
10483 1039 1853 1803 647 
10484 999 852 1055 192 
10485 1790 1854 1851 1861 
10486 642 133 647 1792 
10487 647 1803 1792 1853 
10488 1803 1853 1854 1792 
10489 1039 1851 1853 1820 
10490 647 1803 642 1792 
10491 1800 1801 513 1609 
10492 1800 1797 1854 1793 
10493 1854 1856 1861 1800 
10494 1803 1790 1854 1851 
10495 94 95 1055 192 
10496 862 643 1039 1851 
10497 862 852 1790 1851 
10498 132 862 1790 643 
10499 1861 1800 1790 1854 
10500 862 1790 643 1851 
10501 95 100 1801 1003 
10502 1804 999 1003 1801 
10503 999 1003 1801 1800 
10504 1790 1851 999 1861 
10505 1800 1793 1607 514 
10506 1055 999 1804 1790 
10507 1803 1854 1853 1851 
10508 1790 1851 852 999 
10509 1800 1793 1856 1607 
10510 1800 1003 1609 1861 
10511 1800 1609 1856 1861 
10512 513 1003 1609 1801 
10513 513 100 1003 1801 
10514 1800 1790 999 1861 
10515 1800 1801 1609 1003 
10516 513 525 1609 1003 
10517 1604 1610 1862 1606 
10518 1604 1607 1862 1610 
10519 513 100 525 1003 
10520 1604 1862 1000 1606 
10521 1604 1000 524 1606 
10522 524 38 1606 997 
10523 524 1606 1000 997 
10524 852 851 996 1851 
10525 1604 1000 1007 525 
10526 999 1003 1800 1861 
10527 1003 1861 999 1007 
10528 1054 1851 1039 1820 
10529 95 999 1804 1055 
10530 1604 1007 1000 1861 
10531 1007 1863 1000 1861 
10532 1007 1006 1863 140 
10533 1004 659 851 1818 
10534 1004 1006 140 1864 
10535 1004 140 659 1864 
10536 1822 1004 659 1860 
10537 996 659 140 1851 
10538 1000 1005 1863 1006 
10539 1000 997 1863 1005 
10540 1007 140 1863 1861 
10541 996 659 1851 851 
10542 1804 1003 95 1801 
10543 1859 1858 1866 1300 
10544 1859 1298 319 1300 
10545 1859 1303 1298 1300 
10546 1859 1603 1857 1298 
10547 1859 1603 1862 1857 
10548 1859 1837 1858 1300 
10549 1859 1837 1857 1858 
10550 1302 1652 1653 1866 
10551 1866 1299 1652 1038 
10552 1866 1297 1300 1299 
10553 1038 1866 1297 1036 
10554 1301 1863 1005 1297 
10555 1001 1863 1866 1005 
10556 1866 1300 1858 1302 
10557 1859 1303 1300 1297 
10558 1863 140 1006 1864 
10559 1000 1862 1863 1606 
10560 1863 997 1301 1005 
10561 1301 1863 1303 1296 
10562 1859 1863 1303 1297 
10563 1860 658 1843 1865 
10564 1860 1845 551 1843 
10565 1860 1849 1843 658 
10566 1860 1849 1845 1843 
10567 1860 1654 551 1845 
10568 1860 1843 551 1651 
10569 1853 1851 659 1820 
10570 1853 659 1817 1820 
10571 1853 1817 1819 1820 
10572 1853 658 1817 659 
10573 1853 658 1852 1817 
10574 1819 1852 1817 1853 
10575 1004 1818 1822 659 
10576 1054 1820 646 851 
10577 1804 999 95 1003 
10578 996 659 1004 140 
10579 1790 1797 1803 1854 
10580 1819 1852 1824 1817 
10581 1854 1856 1800 1793 
10582 1856 1854 1802 1793 
10583 1856 1855 1802 1854 
10584 1856 1795 1605 1793 
10585 1856 1605 1607 1793 
10586 1609 1003 1007 1861 
10587 1856 1609 1607 1862 
10588 1800 1609 514 1607 
10589 1859 1863 1296 1303 
10590 1603 1859 1296 1298 
10591 1856 1855 1836 1795 
10592 1857 1826 1603 1832 
10593 1826 1832 1298 1603 
10594 1826 320 1298 1832 
10595 657 1858 141 1834 
10596 657 141 1842 1834 
10597 657 141 1852 1842 
10598 653 1858 657 1834 
10599 1840 141 1842 1833 
10600 1840 1834 1842 141 
10601 1611 1832 1857 1603 
10602 1826 320 319 1298 
10603 1840 141 1828 1834 
10604 1857 1837 1826 1840 
10605 1840 1858 1828 141 
10606 1858 1300 1831 1302 
10607 1856 1611 1607 1605 
10608 1866 1652 1036 1038 
10609 1866 1651 1652 1653 
10610 1858 1302 1831 1653 
10611 1858 1831 1828 1653 
10612 657 1848 658 1865 
10613 653 1850 1865 1858 
10614 1858 1828 141 1834 
10615 1857 141 1840 1833 
10616 657 1848 1844 658 
10617 1866 1651 1037 1036 
10618 653 1850 1858 1828 
10619 1828 1653 531 105 
10620 1831 42 531 1302 
10621 1866 1036 861 1297 
10622 1298 1603 337 1296 
10623 1832 1298 1603 336 
10624 1298 336 337 1603 
10625 1603 1859 1862 1296 
10626 1832 1298 336 320 
10627 1856 1855 1795 1802 
10628 1863 997 1606 1296 
10629 1859 1857 1826 1298 
10630 337 1603 1606 1296 
10631 337 1606 36 1296 
10632 1606 38 312 997 
10633 1606 36 312 38 
10634 1604 1862 1609 1861 
10635 336 1832 320 41 
10636 1862 1603 1606 1610 
10637 1862 1856 1611 1607 
10638 336 1608 1832 41 
10639 1859 1296 1298 1303 
10640 1866 1858 1865 1653 
10641 1862 1611 1856 1857 
10642 1856 1829 1605 1795 
10643 1607 1793 515 514 
10644 1611 1832 1603 1608 
10645 1866 1299 1300 1302 
10646 1857 1840 1826 1833 
10647 1837 1828 1858 1831 
10648 1860 1866 1653 1651 
10649 1611 1612 1832 1608 
10650 520 519 1612 1829 
10651 1611 1612 1829 1832 
10652 1853 1820 1819 647 
10653 1858 1840 1857 141 
10654 1612 1839 1829 519 
10655 1612 1605 1829 1839 
10656 1832 1857 1829 1611 
10657 1829 1836 1839 1795 
10658 1857 1855 141 1833 
10659 1829 1839 1605 1795 
10660 1856 1829 1836 1833 
10661 1839 101 519 516 
10662 1839 101 516 638 
10663 516 515 1605 1795 
10664 1839 638 516 1795 
10665 1839 1836 638 1795 
10666 1862 1611 1603 1610 
10667 1612 1839 516 1605 
10668 1859 1866 1863 1297 
10669 1856 1836 1829 1795 
10670 1605 1795 515 1793 
10671 1832 520 1608 1612 
10672 1839 516 1605 1795 
10673 1606 1296 312 36 
10674 1609 1007 1003 525 
10675 1612 516 1839 519 
10676 531 338 1302 42 
10677 1800 1856 1609 1607 
10678 638 1836 639 1795 
10679 1827 1799 1841 640 
10680 1827 1799 1842 1841 
10681 1791 1827 1799 1842 
10682 1856 1802 1795 1793 
10683 1836 1842 1855 1833 
10684 1791 1836 639 1827 
10685 1842 1791 1836 1855 
10686 1856 1836 1855 1833 
10687 1791 1799 1855 1842 
10688 1797 1854 1796 1792 
10689 1800 1609 513 514 
10690 1791 1799 1827 640 
10691 1607 1793 1605 515 
10692 1796 1794 1852 1799 
10693 1794 1819 644 1792 
10694 1866 861 1005 1297 
10695 1862 1296 1606 1603 
10696 1821 1798 1794 645 
10697 643 1790 1803 1851 
10698 95 999 1055 192 
10699 1803 1854 1797 1792 
10700 1863 1606 1862 1296 
10701 1855 1842 1852 141 
10702 1855 1842 141 1833 
10703 1855 1799 1852 1842 
10704 1856 1857 1829 1833 
10705 1862 1611 1857 1603 
10706 657 654 1844 1848 
10707 1841 640 1799 641 
10708 1798 1841 1838 1835 
10709 1796 1852 1855 1799 
10710 1794 1835 1799 1798 
10711 1798 1841 1835 1799 
10712 1842 1835 1841 1799 
10713 1841 641 1799 1798 
10714 1802 1855 1796 1854 
10715 641 1838 128 1798 
10716 657 1842 1830 1834 
10717 1794 1835 1852 1799 
10718 996 140 1004 1006 
10719 128 1838 129 1798 
10720 1838 1798 1835 1847 
10721 1794 1821 1835 1798 
10722 1825 129 1798 645 
10723 648 129 1798 1825 
10724 1825 1798 1847 1821 
10725 1825 1847 648 1821 
10726 648 1821 1847 649 
10727 648 1798 1847 1825 
10728 656 1847 1835 655 
10729 1838 656 137 129 
10730 656 1798 129 1838 
10731 128 137 1838 139 
10732 1838 1835 656 1847 
10733 1796 1794 1792 1852 
10734 657 654 1848 1834 
10735 1794 1852 1835 1821 
10736 1838 137 656 139 
10737 655 654 1846 1830 
10738 1791 1799 1796 1855 
10739 1835 1821 1847 1798 
10740 656 1798 648 129 
10741 1852 650 1824 1817 
10742 1852 1830 1846 654 
10743 1819 133 644 1792 
10744 1802 1796 1797 1854 
10745 1853 1792 1796 1854 
10746 1817 1844 651 658 
10747 648 137 656 129 
10748 648 1798 656 1847 
10749 1794 644 1821 645 
10750 1794 1852 1819 1792 
10751 1846 1824 650 649 
10752 1817 658 651 1823 
10753 1817 1823 1818 659 
10754 1853 1796 1792 1852 
10755 1817 1818 1820 659 
10756 1039 1820 1853 647 
10757 1820 646 851 1818 
10758 1820 851 659 1818 
10759 1854 1790 1797 1800 
10760 999 1851 140 1861 
10761 1852 1846 1835 1847 
10762 1852 1844 1817 658 
10763 128 1838 137 129 
10764 1796 1852 1854 1855 
10765 1852 650 1846 1824 
10766 1838 656 1798 1847 
10767 1841 1838 641 1798 
10768 657 1830 654 1834 
10769 1817 658 1823 659 
10770 952 190 847 998 
10771 952 52 1654 110 
10772 138 847 135 1822 
10773 135 1822 847 1002 
10774 952 847 138 1822 
10775 952 847 1822 1002 
10776 1004 998 1860 1002 
10777 1860 1822 1823 659 
10778 1822 1004 134 1818 
10779 135 1822 1002 134 
10780 1860 1001 1004 1864 
10781 1004 1818 851 134 
10782 1004 1860 1864 659 
10783 1054 1820 851 659 
10784 1004 1864 1001 1006 
10785 851 646 134 1818 
10786 999 140 1007 1861 
10787 1853 1819 1852 1792 
10788 1054 646 1820 136 
10789 1853 1854 1796 1852 
10790 996 1004 659 851 
10791 1822 1004 1002 134 
10792 952 1654 1845 110 
10793 1001 860 1860 998 
10794 1860 1866 1865 1653 
10795 998 190 860 1037 
10796 551 1651 1843 552 
10797 1654 353 52 1037 
10798 1654 1651 353 1037 
10799 952 998 1654 1037 
10800 1845 952 1002 998 
10801 138 1845 1822 652 
10802 1860 1001 998 1004 
10803 1859 319 1826 1837 
10804 1000 1863 1862 1861 
10805 1860 1651 1654 1037 
10806 1849 1823 651 658 
10807 1845 1823 652 1849 
10808 1859 319 1837 1300 
10809 1849 658 1844 1843 
10810 1849 658 651 1844 
10811 1860 1823 658 659 
10812 1844 658 1848 1843 
10813 657 654 1852 1844 
10814 1852 1846 1847 1821 
10815 1848 654 653 1834 
10816 952 138 110 1845 
10817 1848 1850 1843 1865 
10818 657 1844 1852 658 
10819 1847 1821 1846 649 
10820 1848 1843 658 1865 
10821 1831 1302 1300 318 
10822 657 1834 1848 653 
10823 1845 952 1822 1002 
10824 1848 653 1850 1865 
10825 1054 1039 136 1820 
10826 1852 654 1846 1844 
10827 1850 552 1843 1865 
10828 1653 552 1860 1651 
10829 652 1849 1823 651 
10830 653 1858 1834 1828 
10831 1652 46 352 1038 
10832 1857 1826 1832 1829 
10833 952 847 1002 998 
10834 1828 105 1850 1653 
10835 531 338 1653 1302 
10836 1652 338 1299 1302 
10837 1860 1845 998 1654 
10838 952 190 998 1037 
10839 1860 1823 1849 658 
10840 952 1037 1654 52 
10841 353 1651 1036 1037 
10842 551 1845 1654 110 
10843 1652 1299 46 1038 
10844 952 1037 52 190 
10845 1001 1864 1866 1863 
10846 1860 1651 551 1654 
10847 1860 1823 1845 1849 
10848 1001 1036 860 861 
10849 1652 1038 352 1036 
10850 353 1036 1651 352 
10851 1866 1302 1858 1653 
10852 1652 46 1299 338 
10853 1002 1860 1845 998 
10854 1828 1653 1831 531 
10855 1604 1007 1609 525 
10856 312 40 1301 997 
10857 312 1301 1296 997 
10858 1832 336 1603 1608 
10859 1302 1652 1866 1299 
10860 1611 1829 1612 1605 
10861 312 38 40 997 
10862 1606 312 1296 997 
10863 1301 1863 1296 997 
10864 657 653 1848 1865 
10865 1822 1004 1860 1002 
10866 1837 1831 1300 318 
10867 1831 318 42 1302 
10868 1299 333 46 1038 
10869 1297 333 1299 1038 
10870 1297 333 1038 1036 
10871 1831 1302 531 1653 
10872 1652 352 1651 1036 
10873 1652 338 1302 1653 
10874 1828 105 653 1850 
10875 1859 1296 1863 1862 
10876 1857 1826 1298 1603 
10877 1859 1826 319 1298 
10878 1858 657 1865 653 
10879 1038 1866 1299 1297 
10880 1856 1829 1857 1611 
10881 952 1654 998 1845 
10882 1832 1608 520 41 
10883 1837 1831 1858 1300 
10884 1653 552 1865 1860 
10885 1604 1607 1609 1862 
10886 45 1005 1301 997 
10887 999 996 1007 140 
10888 1866 1036 1652 1651 
10889 1036 332 861 1297 
10890 1860 1865 1843 552 
10891 952 1822 138 1845 
10892 45 997 1301 40 
10893 1859 1826 1857 1837 
10894 1001 1006 1863 1005 
10895 1859 1300 1866 1297 
10896 1862 1611 1610 1607 
10897 1860 998 860 1037 
10898 1822 1818 1823 659 
10899 862 1055 1790 852 
10900 1604 1000 1862 1861 
10901 332 1297 1301 1005 
10902 1001 1866 860 1036 
10903 1832 1829 520 1612 
10904 1802 1854 1797 1793 
10905 1791 639 1836 1795 
10906 1794 644 1819 1821 
10907 1821 1798 645 1825 
10908 1866 1005 1863 1297 
10909 1835 655 1846 1830 
10910 332 1297 1005 861 
10911 1791 1795 1836 1855 
10912 1840 1858 1837 1828 
10913 1604 524 1000 525 
10914 1856 1609 1862 1861 
10915 1007 1006 1000 1863 
10916 1000 1863 997 1606 
10917 1604 1609 1007 1861 
10918 1860 552 1843 1651 
10919 1852 1847 1835 1821 
10920 132 862 1055 1790 
10921 1858 1840 1837 1857 
10922 1860 1654 998 1037 
10923 1037 860 1866 1036 
10924 1852 1842 1835 1830 
10925 1001 1005 1866 861 
10926 1037 860 1860 1866 
10927 1856 1829 1611 1605 
10928 1852 650 1817 1844 
10929 1791 1827 639 640 
10930 1852 1835 1846 1830 
10931 1850 105 552 1653 
10932 1001 1863 1006 1864 
10933 1852 1846 650 1844 
10934 1054 1851 1820 659 
10935 1791 1802 1795 1855 
10936 1856 1855 1857 1833 
10937 45 1005 332 1301 
10938 657 1830 1852 654 
10939 1007 996 1006 140 
10940 1850 1653 552 1865 
10941 1001 860 1866 1860 
10942 1821 1852 1824 1819 
10943 1853 647 1819 1792 
10944 1821 1852 1819 1794 
10945 1001 1860 1866 1864 
10946 1800 1790 1801 999 
10947 1842 1791 1827 1836 
10948 45 861 332 1005 
10949 1002 1860 1822 1845 
10950 657 1842 1852 1830 
10951 1835 1846 655 1847 
10952 1857 1826 1829 1833 
10953 1858 1653 1850 1865 
10954 1817 1844 650 651 
10955 1819 647 133 1792 
10956 1858 1653 1828 1850 
10957 1822 652 1845 1823 
10958 1039 1851 1803 1853 
10959 1837 1300 319 318 
10960 1791 1796 1802 1855 
10961 1866 1651 1860 1037 
10962 333 332 1036 1297 
10963 1852 1835 1842 1799 
10964 1846 1821 1824 649 
10965 1860 1823 1822 1845 
10966 999 1851 996 140 
10967 1852 1824 1846 1821 
10968 852 851 1851 1054 
10969 852 996 999 1851 
10970 1790 999 1804 1801 
10971 1301 1863 1297 1303 
10972 1001 1866 1036 861 
3 17 4 467
10973 2233 947 948 950 
10974 2233 1903 1906 1905 
10975 2233 948 664 950 
10976 2233 664 1883 950 
10977 2233 1908 1906 1903 
10978 110 555 1883 2233 
10979 2233 951 947 950 
10980 2233 947 949 948 
10981 902 1888 1905 1891 
10982 900 902 1905 1891 
10983 144 1882 665 1893 
10984 2233 1893 144 669 
10985 2233 940 351 937 
10986 554 1675 1906 1672 
10987 2233 144 1893 1882 
10988 554 1889 1906 1675 
10989 553 554 1675 1889 
10990 554 2233 1893 1882 
10991 554 1893 665 1882 
10992 553 554 1889 1881 
10993 666 1889 1881 553 
10994 666 660 1889 553 
10995 554 1906 1889 1893 
10996 666 143 660 1871 
10997 1889 660 661 1877 
10998 1889 660 1877 553 
10999 554 1889 1881 665 
11000 661 662 1892 1868 
11001 1889 553 1877 1675 
11002 2233 937 351 1908 
11003 1892 1887 1893 1906 
11004 2233 949 907 1903 
11005 907 947 186 953 
11006 1892 1905 1887 1906 
11007 663 1894 1890 1880 
11008 662 1880 1900 1868 
11009 662 1880 1890 1900 
11010 186 951 191 947 
11011 946 1888 145 1885 
11012 1890 1880 1909 1900 
11013 147 945 949 1891 
11014 147 172 949 945 
11015 1885 1884 1907 1894 
11016 949 829 172 953 
11017 946 1888 671 145 
11018 2233 948 670 669 
11019 1890 1894 1909 1880 
11020 947 949 907 2233 
11021 1887 1891 670 1905 
11022 1889 1877 1906 1675 
11023 1887 1890 1891 1905 
11024 2233 1887 1893 669 
11025 172 945 900 949 
11026 952 940 847 190 
11027 952 190 52 940 
11028 952 52 1676 940 
11029 952 110 1676 52 
11030 2233 845 951 940 
11031 110 2233 138 952 
11032 2233 670 949 1905 
11033 138 135 847 950 
11034 2233 555 1883 1882 
11035 1892 1890 1905 1900 
11036 2233 1903 951 845 
11037 135 951 847 950 
11038 2233 907 951 1903 
11039 1745 674 1748 1895 
11040 949 953 947 907 
11041 1892 1900 662 1890 
11042 2233 138 952 950 
11043 172 945 185 900 
11044 2233 952 847 950 
11045 2233 940 951 847 
11046 907 829 953 186 
11047 947 953 846 191 
11048 829 953 949 907 
11049 110 2233 1883 138 
11050 951 907 830 1903 
11051 947 186 951 907 
11052 947 186 953 191 
11053 2233 1906 1893 1887 
11054 907 947 2233 951 
11055 2233 664 948 669 
11056 951 940 845 190 
11057 2233 1905 949 1903 
11058 949 947 953 846 
11059 2233 847 951 950 
11060 2233 1672 351 1676 
11061 555 554 2233 1672 
11062 2233 1676 555 1672 
11063 2233 1883 664 1882 
11064 664 138 1883 950 
11065 2233 554 1906 1672 
11066 2233 940 952 1676 
11067 110 555 2233 1676 
11068 555 554 1882 2233 
11069 350 1674 941 349 
11070 2233 664 144 1882 
11071 149 350 1908 1672 
11072 351 940 1676 52 
11073 2233 1676 952 110 
11074 1908 351 1672 350 
11075 2233 144 664 669 
11076 845 830 187 939 
11077 670 1891 949 1905 
11078 2233 1676 351 940 
11079 554 2233 1906 1893 
11080 845 940 1903 939 
11081 1885 1884 1886 1907 
11082 1905 906 900 1903 
11083 186 830 951 907 
11084 830 1903 904 939 
11085 831 901 944 939 
11086 831 187 904 939 
11087 944 1902 943 939 
11088 941 1904 942 356 
11089 943 942 941 1904 
11090 943 1902 1904 1908 
11091 941 349 1904 357 
11092 941 1904 356 357 
11093 943 1904 1902 942 
11094 350 149 941 1674 
11095 149 941 349 1904 
11096 2233 351 1672 1908 
11097 937 939 1908 1903 
11098 937 2233 1903 1908 
11099 2233 1905 1887 670 
11100 2233 949 670 948 
11101 2233 670 1887 669 
11102 2233 1906 1908 1672 
11103 149 941 1674 349 
11104 349 1671 149 1904 
11105 149 1674 1675 1670 
11106 149 1672 1675 1674 
11107 149 350 1672 1674 
11108 1904 1896 1898 1712 
11109 1908 1902 1903 939 
11110 149 1904 1671 1896 
11111 845 1903 830 939 
11112 937 940 939 1903 
11113 943 942 1902 938 
11114 1902 938 1898 1901 
11115 1904 1898 942 1719 
11116 1902 1898 938 942 
11117 1898 1897 1716 1896 
11118 1898 1712 1716 1719 
11119 1898 1896 1716 1712 
11120 1898 1716 1713 1719 
11121 1895 148 1901 1744 
11122 1902 1899 1903 904 
11123 902 1885 146 668 
11124 1745 613 899 148 
11125 1874 1909 1907 1894 
11126 1745 598 674 1907 
11127 909 1901 1902 1899 
11128 1898 1901 938 354 
11129 905 148 613 1744 
11130 946 945 671 1891 
11131 1904 1898 1902 942 
11132 149 1900 672 1877 
11133 1889 661 1900 1877 
11134 909 901 1902 1901 
11135 1902 901 904 939 
11136 1904 1712 1898 1719 
11137 902 1907 1899 1905 
11138 1898 938 942 355 
11139 1890 1907 1905 1909 
11140 830 1903 907 904 
11141 598 674 1909 1872 
11142 900 907 949 1903 
11143 1867 149 672 1877 
11144 1900 1868 673 672 
11145 1909 1868 1900 1880 
11146 2233 952 940 847 
11147 1745 674 598 597 
11148 663 1890 662 1880 
11149 1900 1868 672 1877 
11150 1898 1713 1901 354 
11151 1906 149 1908 1672 
11152 598 674 1872 597 
11153 1874 1907 1884 1894 
11154 1745 148 1895 1744 
11155 1748 674 597 1897 
11156 1909 1868 1872 673 
11157 1909 1900 1868 673 
11158 1909 1868 1880 1872 
11159 1902 904 1903 939 
11160 597 1875 596 1897 
11161 1897 673 1869 1896 
11162 909 1902 901 904 
11163 595 1897 1896 1716 
11164 1745 1748 674 597 
11165 1872 1875 597 674 
11166 1897 1869 595 1896 
11167 1874 1880 1909 1894 
11168 674 1875 1897 673 
11169 1906 1675 149 1672 
11170 1874 1872 1909 1880 
11171 1898 938 1713 354 
11172 673 672 1876 1896 
11173 2233 1903 845 940 
11174 147 949 670 1891 
11175 1889 1900 1892 1906 
11176 1879 1876 1896 1869 
11177 672 1877 1876 1867 
11178 149 1879 672 1896 
11179 1867 149 1877 1675 
11180 1877 1677 1867 1675 
11181 661 1868 1900 1877 
11182 943 1904 941 1908 
11183 149 1670 1879 1671 
11184 1877 553 1677 1675 
11185 1877 1867 1677 1871 
11186 1889 1900 1906 1877 
11187 666 660 553 1871 
11188 559 1677 1867 1871 
11189 1677 111 553 1871 
11190 1890 1905 1888 1891 
11191 1872 1875 673 1868 
11192 1877 1677 553 1871 
11193 1909 1874 1907 598 
11194 1892 1905 1906 1900 
11195 559 1867 1670 558 
11196 1677 1867 1675 1670 
11197 666 665 1881 1889 
11198 937 2233 940 1903 
11199 672 1868 1876 1877 
11200 1890 1907 1888 1905 
11201 597 674 1875 1897 
11202 2233 1906 1887 1905 
11203 1867 149 1670 1879 
11204 1904 1712 1671 1896 
11205 598 674 1907 1909 
11206 1872 1875 674 673 
11207 1879 1671 1670 1878 
11208 673 1876 1875 1869 
11209 1897 1869 673 1875 
11210 559 1867 1677 1670 
11211 1720 549 1673 550 
11212 1717 1878 1720 1673 
11213 1720 1717 1673 549 
11214 1673 1717 1671 549 
11215 1878 557 1720 1673 
11216 557 579 550 109 
11217 1879 1878 1670 1867 
11218 1717 1878 1714 1720 
11219 1879 1712 1873 1896 
11220 349 51 1671 357 
11221 1671 51 549 1717 
11222 1671 51 1717 357 
11223 1714 1878 1870 579 
11224 149 1670 1675 1867 
11225 1671 357 1717 1712 
11226 1879 1671 1878 1717 
11227 1720 550 1673 557 
11228 1879 1671 1712 1896 
11229 1879 1714 1878 1870 
11230 1878 1671 1673 1717 
11231 1879 1896 1873 1869 
11232 579 1714 578 1870 
11233 116 1873 578 1715 
11234 116 1873 1715 595 
11235 578 1870 1714 1873 
11236 1714 1712 1715 1873 
11237 578 1873 1714 1715 
11238 1714 1878 579 1720 
11239 1879 1712 1717 1714 
11240 1878 557 1673 558 
11241 582 1747 595 1716 
11242 116 595 1715 582 
11243 582 581 1747 1716 
11244 553 111 143 1871 
11245 1879 1873 1714 1870 
11246 1748 597 596 1897 
11247 1898 1716 1897 1747 
11248 596 1747 1897 595 
11249 1748 1897 596 1747 
11250 596 1869 1897 1875 
11251 595 1897 1716 1747 
11252 905 1901 909 148 
11253 1715 595 1873 1896 
11254 1904 942 356 1719 
11255 1879 1712 1714 1873 
11256 1715 582 595 1716 
11257 1898 355 942 1719 
11258 944 938 1902 1901 
11259 1879 1717 1878 1714 
11260 1904 356 1712 1719 
11261 1904 357 1671 1712 
11262 1670 1867 1878 558 
11263 1879 1712 1671 1717 
11264 943 1908 937 939 
11265 1713 938 355 354 
11266 1748 1897 1895 674 
11267 944 938 943 1902 
11268 944 901 1902 939 
11269 1904 1712 356 357 
11270 1718 910 117 580 
11271 905 909 1901 901 
11272 598 1746 1874 1907 
11273 943 1902 1908 939 
11274 1749 580 1713 581 
11275 356 942 355 1719 
11276 910 905 612 1744 
11277 1720 550 557 579 
11278 941 1904 149 1908 
11279 350 941 149 1908 
11280 1908 351 350 937 
11281 951 830 845 1903 
11282 1898 1716 1747 581 
11283 1889 1900 661 1892 
11284 1885 1907 1888 1894 
11285 1890 1894 1907 1909 
11286 1885 667 1884 1894 
11287 673 1875 1876 1868 
11288 350 937 941 1908 
11289 1715 1716 595 1896 
11290 1904 349 1671 357 
11291 672 1876 1879 1867 
11292 559 111 1677 1871 
11293 1715 1873 1712 1896 
11294 902 946 146 1885 
11295 831 939 904 901 
11296 135 951 947 191 
11297 1898 1719 1713 355 
11298 149 1900 1877 1906 
11299 149 1671 1879 1896 
11300 944 938 1901 354 
11301 673 1876 1869 1896 
11302 1873 595 1869 1896 
11303 1670 1878 1673 558 
11304 1867 149 1879 672 
11305 902 1888 1907 1905 
11306 909 1899 148 1901 
11307 1898 355 1713 938 
11308 1745 1895 1748 1744 
11309 1909 673 1872 674 
11310 1715 1712 1716 1896 
11311 1890 1888 1907 1894 
11312 1898 1716 581 1713 
11313 666 553 143 1871 
11314 1718 1713 1749 580 
11315 672 1896 1879 1876 
11316 135 947 951 950 
11317 900 949 829 172 
11318 900 949 1905 1903 
11319 1906 1877 149 1675 
11320 2233 1883 138 950 
11321 949 953 172 846 
11322 905 1901 148 1744 
11323 952 138 847 950 
11324 908 1885 1886 1907 
11325 673 1876 672 1868 
11326 349 1671 1674 149 
11327 661 1868 1892 1900 
11328 900 829 185 172 
11329 944 1901 1902 901 
11330 1877 553 660 1871 
11331 1890 1909 1905 1900 
11332 909 904 906 1899 
11333 554 1889 665 1893 
11334 1670 1673 1878 1671 
11335 1749 1897 1898 1895 
11336 1892 1868 662 1900 
11337 951 847 940 190 
11338 1878 579 1720 557 
11339 899 613 905 148 
11340 596 595 1897 1869 
11341 943 941 937 1908 
11342 830 904 187 939 
11343 1892 1890 1887 1905 
11344 149 1671 1674 1670 
11345 909 1899 1902 904 
11346 1749 1898 1713 1901 
11347 1889 1906 1892 1893 
11348 1749 1898 1897 1747 
11349 1874 1907 1746 1884 
11350 1909 1874 598 1872 
11351 1884 667 142 1894 
11352 1885 1888 667 1894 
11353 1874 663 1880 1894 
11354 908 902 1885 1907 
11355 899 902 1907 1899 
11356 900 949 1891 1905 
11357 145 667 1885 1888 
11358 902 1888 946 1885 
11359 946 671 1888 1891 
11360 902 945 946 1891 
11361 902 946 1888 1891 
11362 671 945 147 1891 
11363 146 1885 946 145 
11364 908 1886 1885 668 
11365 900 945 902 1891 
11366 902 1888 1885 1907 
11367 828 902 946 146 
11368 828 902 945 946 
11369 900 1891 949 945 
11370 906 900 902 1905 
11371 900 829 949 907 
11372 1905 906 1903 1899 
11373 906 902 1899 1905 
11374 900 945 185 828 
11375 900 945 828 902 
11376 910 1749 612 580 
11377 908 1885 902 668 
11378 906 907 900 1903 
11379 906 907 1903 904 
11380 899 1899 906 902 
11381 906 1903 1899 904 
11382 899 1907 148 1899 
11383 832 944 831 901 
11384 899 905 909 148 
11385 910 612 1749 1744 
11386 908 899 902 1907 
11387 1745 1746 598 1907 
11388 1718 910 1749 1901 
11389 899 1899 909 906 
11390 899 909 1899 148 
11391 1745 899 908 1907 
11392 121 1746 611 1884 
11393 1745 1744 613 148 
11394 1745 674 1895 148 
11395 1746 908 1886 1907 
11396 1746 1907 1886 1884 
11397 611 1884 1746 1886 
11398 1874 142 663 1894 
11399 1874 1746 121 1884 
11400 1874 1884 142 1894 
11401 1874 1884 121 142 
11402 598 121 1874 1746 
11403 1745 614 908 899 
11404 1897 1749 1748 1895 
11405 1745 899 613 614 
11406 1745 674 148 1907 
11407 1745 614 1746 908 
11408 1745 908 1746 1907 
11409 1745 148 899 1907 
11410 124 1886 908 668 
11411 124 908 1746 614 
11412 124 1886 611 1746 
11413 124 1886 1746 908 
11414 1749 1713 1898 581 
11415 1718 903 583 910 
11416 1718 354 903 1901 
11417 53 832 903 354 
11418 903 944 832 901 
11419 903 354 832 944 
11420 903 1901 944 901 
11421 903 354 944 1901 
11422 1718 1749 910 580 
11423 903 905 1901 901 
11424 903 905 910 1901 
11425 910 612 117 580 
11426 1718 1901 903 910 
11427 1718 53 903 354 
11428 1718 910 583 117 
11429 1718 53 583 903 
11430 1718 354 1901 1713 
11431 612 1744 905 613 
11432 910 1749 1901 1744 
11433 1749 1895 1901 1744 
11434 1897 1749 1747 1748 
11435 1749 1744 1748 1895 
11436 1749 1898 1747 581 
11437 1718 1749 1713 1901 
11438 1749 1895 1898 1901 
11439 910 1901 905 1744 
3 18 4 428
11440 1914 1918 151 916 
11441 1911 1915 936 151 
11442 917 188 841 833 
11443 677 690 150 868 
11444 915 912 1918 1917 
11445 885 890 878 873 
11446 885 889 890 677 
11447 885 889 677 896 
11448 885 889 711 617 
11449 885 711 889 896 
11450 835 924 923 1918 
11451 1911 906 842 902 
11452 1911 898 843 932 
11453 899 1920 905 613 
11454 831 922 187 837 
11455 1920 612 1914 905 
11456 905 1914 675 909 
11457 812 902 146 668 
11458 124 668 908 865 
11459 892 883 886 876 
11460 910 879 387 117 
11461 899 884 613 614 
11462 918 903 832 901 
11463 914 397 911 1916 
11464 911 1914 916 1916 
11465 879 903 387 882 
11466 910 612 887 117 
11467 870 876 886 1913 
11468 881 886 892 390 
11469 910 1914 887 612 
11470 879 887 391 62 
11471 620 867 619 883 
11472 892 875 867 870 
11473 881 401 875 870 
11474 881 875 892 870 
11475 835 923 834 913 
11476 892 883 876 867 
11477 151 916 921 901 
11478 892 881 390 401 
11479 832 831 921 901 
11480 1911 864 865 863 
11481 151 922 926 904 
11482 922 904 924 831 
11483 892 620 875 64 
11484 892 867 875 620 
11485 892 867 620 883 
11486 916 1918 913 919 
11487 879 1913 880 887 
11488 908 1911 865 863 
11489 1911 932 1915 1912 
11490 842 927 843 933 
11491 1910 1913 880 397 
11492 906 900 842 902 
11493 612 1913 888 1920 
11494 151 838 936 907 
11495 1913 880 886 870 
11496 1913 880 870 1910 
11497 883 873 890 876 
11498 885 125 711 896 
11499 874 872 1917 150 
11500 877 461 1917 869 
11501 874 1912 689 897 
11502 832 921 916 901 
11503 691 677 690 894 
11504 936 838 935 907 
11505 889 676 1919 864 
11506 885 890 873 677 
11507 890 876 1913 886 
11508 871 868 876 1910 
11509 84 895 85 931 
11510 924 921 916 189 
11511 915 1917 869 413 
11512 1917 413 912 872 
11513 924 837 921 189 
11514 874 150 1912 690 
11515 1915 923 151 1918 
11516 912 1910 872 412 
11517 869 1917 874 872 
11518 151 831 924 904 
11519 411 398 914 870 
11520 914 1910 912 412 
11521 884 888 1913 1920 
11522 1915 839 923 840 
11523 691 690 677 868 
11524 880 391 887 886 
11525 914 1910 871 870 
11526 910 1914 612 905 
11527 1911 863 812 927 
11528 1911 842 906 930 
11529 889 865 676 864 
11530 906 930 900 907 
11531 906 900 930 842 
11532 869 413 1917 872 
11533 1917 912 150 872 
11534 890 1913 884 888 
11535 908 668 902 863 
11536 906 936 930 907 
11537 917 934 844 1917 
11538 895 932 931 827 
11539 151 838 926 936 
11540 1915 936 929 933 
11541 1917 1910 150 912 
11542 1917 917 934 841 
11543 1911 898 866 811 
11544 916 1918 919 1916 
11545 1912 877 689 895 
11546 842 900 185 828 
11547 880 887 1913 886 
11548 461 1917 85 877 
11549 150 868 871 1910 
11550 869 461 917 414 
11551 1911 843 898 811 
11552 915 869 414 413 
11553 917 841 915 833 
11554 461 68 844 917 
11555 1917 85 877 895 
11556 874 150 1917 1912 
11557 899 676 675 1920 
11558 1915 839 840 929 
11559 1912 895 689 897 
11560 928 1911 812 927 
11561 1911 930 936 933 
11562 711 1919 896 894 
11563 1911 1915 932 933 
11564 150 871 872 1910 
11565 885 890 891 878 
11566 930 900 935 829 
11567 1919 676 1911 864 
11568 1912 690 677 894 
11569 160 898 843 158 
11570 920 882 53 903 
11571 711 864 889 1919 
11572 711 864 1919 894 
11573 889 614 676 865 
11574 1911 1912 898 932 
11575 930 935 900 907 
11576 150 872 871 868 
11577 151 1918 924 916 
11578 908 902 1911 863 
11579 677 876 868 1910 
11580 461 917 1917 869 
11581 899 676 884 614 
11582 812 863 811 927 
11583 908 1911 899 676 
11584 1911 866 864 863 
11585 1911 902 675 906 
11586 812 146 902 928 
11587 151 923 922 924 
11588 1915 840 931 929 
11589 908 902 899 1911 
11590 828 928 902 146 
11591 1919 866 1911 898 
11592 812 902 668 863 
11593 866 811 898 158 
11594 866 898 710 158 
11595 160 932 843 898 
11596 936 935 930 907 
11597 151 926 838 907 
11598 1915 926 151 923 
11599 1919 864 866 710 
11600 890 889 676 677 
11601 160 893 932 898 
11602 874 1912 1917 877 
11603 843 898 811 158 
11604 151 924 922 904 
11605 842 928 900 828 
11606 1919 710 866 898 
11607 930 185 900 829 
11608 900 902 828 928 
11609 842 902 900 928 
11610 1911 811 866 863 
11611 838 186 935 907 
11612 1919 864 710 894 
11613 1911 930 906 936 
11614 935 829 900 907 
11615 935 186 829 907 
11616 930 185 842 900 
11617 188 934 917 841 
11618 838 830 186 907 
11619 151 926 922 923 
11620 151 831 904 901 
11621 922 831 924 837 
11622 84 895 931 827 
11623 1911 902 842 928 
11624 925 923 1915 1918 
11625 917 461 68 414 
11626 1912 690 894 897 
11627 84 931 85 844 
11628 889 677 1919 676 
11629 893 932 895 827 
11630 160 932 893 827 
11631 689 877 85 895 
11632 917 1917 869 915 
11633 150 872 912 1910 
11634 925 915 841 833 
11635 874 690 1912 897 
11636 869 874 1917 877 
11637 834 925 915 1918 
11638 1917 895 1912 931 
11639 691 677 894 896 
11640 151 904 926 907 
11641 870 876 1913 1910 
11642 881 892 886 870 
11643 151 921 924 831 
11644 151 916 924 921 
11645 905 1920 675 1914 
11646 411 66 398 870 
11647 411 914 871 870 
11648 912 412 872 413 
11649 1918 1916 1917 912 
11650 871 876 870 1910 
11651 871 412 872 1910 
11652 1911 842 930 933 
11653 1917 877 1912 895 
11654 85 931 895 1917 
11655 151 1918 923 924 
11656 677 868 150 1910 
11657 1919 710 898 894 
11658 1912 931 895 932 
11659 1911 864 676 865 
11660 1915 933 929 932 
11661 1912 898 893 894 
11662 1912 894 893 897 
11663 1912 150 677 690 
11664 874 1912 877 689 
11665 1912 897 893 895 
11666 1912 895 893 932 
11667 1912 932 893 898 
11668 1917 1910 912 1916 
11669 926 838 839 936 
11670 68 70 844 917 
11671 934 844 1917 931 
11672 874 689 690 897 
11673 874 150 690 868 
11674 874 872 150 868 
11675 844 461 917 1917 
11676 924 837 831 921 
11677 919 1918 912 1916 
11678 1915 839 929 936 
11679 913 912 919 1918 
11680 832 921 836 916 
11681 879 1913 397 880 
11682 836 916 921 189 
11683 1911 932 843 933 
11684 1911 902 812 863 
11685 1915 839 926 923 
11686 922 838 926 907 
11687 922 830 838 907 
11688 831 922 904 187 
11689 151 921 831 901 
11690 906 151 936 907 
11691 922 926 904 907 
11692 922 904 830 907 
11693 922 187 830 904 
11694 1919 864 1911 866 
11695 890 676 884 1913 
11696 884 1913 676 1920 
11697 1911 928 842 927 
11698 906 151 907 904 
11699 908 1911 676 865 
11700 909 151 906 904 
11701 909 151 904 901 
11702 918 916 1914 901 
11703 1915 151 926 936 
11704 910 887 879 117 
11705 899 1920 613 884 
11706 1914 1918 916 1916 
11707 879 887 880 391 
11708 1913 876 677 1910 
11709 889 1919 677 896 
11710 890 676 889 884 
11711 903 910 1914 879 
11712 1914 151 909 901 
11713 928 1911 902 812 
11714 1914 916 151 901 
11715 1915 926 839 936 
11716 1911 906 675 151 
11717 1911 811 863 927 
11718 1911 842 933 927 
11719 1911 843 811 927 
11720 1911 936 906 151 
11721 899 905 1920 675 
11722 675 1914 151 909 
11723 899 676 1911 675 
11724 908 676 899 614 
11725 675 906 909 151 
11726 1915 931 1912 932 
11727 1915 929 931 932 
11728 1915 931 1917 1912 
11729 1911 936 1915 933 
11730 1911 933 843 927 
11731 1919 677 896 894 
11732 1919 898 1911 1912 
11733 1919 898 1912 894 
11734 1919 1912 677 894 
11735 890 883 876 886 
11736 613 884 1920 888 
11737 899 1920 884 676 
11738 905 901 1914 909 
11739 908 676 614 865 
11740 1920 612 613 888 
11741 899 905 675 909 
11742 899 675 1911 902 
11743 899 906 675 902 
11744 899 909 675 906 
11745 908 865 668 863 
11746 911 879 396 1914 
11747 890 1913 888 886 
11748 889 614 884 676 
11749 885 896 873 692 
11750 885 896 692 125 
11751 890 677 676 1913 
11752 890 677 1913 876 
11753 618 614 889 865 
11754 618 865 889 864 
11755 124 614 618 865 
11756 124 908 614 865 
11757 125 885 878 692 
11758 617 618 889 864 
11759 711 1919 889 896 
11760 878 126 891 125 
11761 885 617 711 125 
11762 883 873 876 867 
11763 619 867 878 883 
11764 878 883 890 891 
11765 878 883 873 890 
11766 711 710 864 894 
11767 885 677 873 896 
11768 711 617 889 864 
11769 876 870 886 892 
11770 876 870 892 867 
11771 873 677 890 876 
11772 873 691 692 896 
11773 873 677 691 896 
11774 873 868 691 677 
11775 873 868 677 876 
11776 878 867 873 883 
11777 878 692 885 873 
11778 619 883 878 891 
11779 878 126 125 692 
11780 126 891 619 878 
11781 125 885 891 878 
11782 835 913 916 1918 
11783 835 916 924 1918 
11784 835 924 916 189 
11785 834 915 925 833 
11786 835 923 913 1918 
11787 834 913 923 1918 
11788 834 923 925 1918 
11789 925 840 841 1915 
11790 1917 841 931 1915 
11791 844 1917 931 85 
11792 925 840 1915 923 
11793 840 841 1915 931 
11794 925 1917 915 1918 
11795 915 1917 925 841 
11796 869 917 915 414 
11797 1915 1917 841 925 
11798 934 844 70 917 
11799 841 915 1917 917 
11800 934 70 188 917 
11801 1917 844 461 85 
11802 934 1917 841 931 
11803 834 915 913 1918 
11804 925 1918 1915 1917 
11805 915 912 1917 413 
11806 915 912 913 1918 
11807 411 871 914 412 
11808 914 412 871 1910 
11809 914 1916 919 912 
11810 881 880 398 870 
11811 401 390 892 64 
11812 401 892 875 64 
11813 914 911 919 1916 
11814 880 914 870 1910 
11815 397 914 1910 1916 
11816 914 880 398 397 
11817 881 880 870 886 
11818 881 390 880 886 
11819 892 881 401 875 
11820 881 66 401 870 
11821 911 396 918 1914 
11822 918 1914 903 901 
11823 396 55 920 882 
11824 920 903 918 396 
11825 911 397 879 1916 
11826 920 903 53 832 
11827 920 882 54 53 
11828 920 882 55 54 
11829 918 920 55 836 
11830 911 1916 879 1914 
11831 881 398 66 870 
11832 396 903 918 1914 
11833 583 117 910 387 
11834 54 387 53 882 
11835 396 55 918 920 
11836 879 903 910 387 
11837 911 1914 918 916 
11838 920 903 396 882 
11839 387 117 879 62 
11840 387 53 882 903 
11841 911 397 396 879 
11842 918 916 832 836 
11843 918 832 916 901 
11844 387 53 903 583 
11845 879 117 887 62 
11846 918 832 920 836 
11847 910 1914 879 887 
11848 397 914 880 1910 
11849 918 903 920 832 
11850 911 916 919 1916 
11851 880 390 391 886 
11852 1910 1913 397 1916 
11853 887 888 1913 886 
11854 887 888 612 1913 
11855 914 912 1910 1916 
11856 879 1916 397 1913 
11857 903 1914 910 905 
11858 396 903 1914 879 
11859 880 914 398 870 
11860 879 1916 1913 1914 
11861 1920 612 905 613 
11862 879 1913 887 1914 
11863 396 882 903 879 
11864 903 910 387 583 
11865 903 1914 905 901 
11866 1920 612 1913 1914 
11867 887 1913 612 1914 
3 19 4 291
11868 689 460 877 1939 
11869 681 1936 1940 1934 
11870 1769 1934 616 1770 
11871 620 1767 619 1921 
11872 1767 1934 608 1769 
11873 1767 608 1934 1921 
11874 1767 1770 619 1921 
11875 1408 400 1927 1433 
11876 1930 876 1927 688 
11877 1931 609 1768 1921 
11878 609 608 1767 1921 
11879 1937 1931 1768 389 
11880 1927 870 411 1944 
11881 1922 401 1927 875 
11882 1768 620 1921 1767 
11883 1768 1921 609 1767 
11884 64 1768 1931 389 
11885 1931 1921 1768 620 
11886 1930 1921 620 867 
11887 875 64 620 1768 
11888 1930 867 875 870 
11889 411 870 871 1944 
11890 63 393 1937 389 
11891 1923 1429 1433 1425 
11892 684 1506 869 1943 
11893 1922 1931 1407 875 
11894 414 1424 413 1943 
11895 1408 401 66 870 
11896 1922 1927 1930 875 
11897 123 616 1769 1934 
11898 1770 878 619 1936 
11899 610 1937 1768 389 
11900 871 872 1945 153 
11901 610 1768 1937 1931 
11902 871 153 1944 693 
11903 610 1768 1931 609 
11904 683 1507 684 438 
11905 683 877 1507 460 
11906 1426 408 1926 409 
11907 878 1925 873 867 
11908 1933 1431 1428 1923 
11909 680 873 1935 691 
11910 691 1935 1941 693 
11911 1930 620 875 867 
11912 1434 686 1924 1933 
11913 683 684 869 1943 
11914 1928 1509 1430 1432 
11915 1933 686 1923 1429 
11916 1429 1945 686 687 
11917 693 872 874 868 
11918 685 1424 1928 1943 
11919 871 693 876 868 
11920 1930 876 688 1925 
11921 871 872 153 693 
11922 1435 413 1424 1943 
11923 1928 1506 684 1943 
11924 869 1942 683 1943 
11925 875 1931 64 1768 
11926 152 1935 1941 682 
11927 394 1407 1922 393 
11928 1933 1431 1932 405 
11929 684 438 1507 1506 
11930 876 1927 1944 870 
11931 1426 1924 1434 1424 
11932 874 1939 689 877 
11933 683 460 1507 438 
11934 689 460 85 877 
11935 1943 872 153 1945 
11936 872 413 412 1945 
11937 1434 1435 686 1429 
11938 414 68 1430 1506 
11939 1426 1926 1928 1432 
11940 1433 1944 411 1945 
11941 869 1942 874 877 
11942 683 684 877 869 
11943 1430 1509 1506 410 
11944 435 67 409 408 
11945 683 438 76 460 
11946 684 438 1506 437 
11947 683 877 684 1507 
11948 873 693 1925 152 
11949 683 1942 877 1939 
11950 874 1942 153 693 
11951 1426 1432 1928 1424 
11952 681 1940 616 1770 
11953 873 867 1925 876 
11954 683 76 1939 460 
11955 693 868 874 1941 
11956 691 1941 868 693 
11957 1936 680 873 1935 
11958 1767 1934 1770 1921 
11959 608 1934 123 1769 
11960 869 874 1942 153 
11961 1943 872 1945 413 
11962 414 1506 869 461 
11963 1941 693 682 1942 
11964 869 1943 872 153 
11965 1426 1432 409 1508 
11966 683 1939 877 460 
11967 684 1506 1507 869 
11968 1941 1942 682 678 
11969 1939 874 1941 1942 
11970 683 678 1939 76 
11971 691 1935 679 1941 
11972 1507 877 85 460 
11973 1507 85 877 461 
11974 693 691 873 868 
11975 873 876 693 868 
11976 152 682 1941 693 
11977 152 1941 1935 693 
11978 683 1942 1939 678 
11979 680 873 691 692 
11980 1941 1939 1942 678 
11981 874 1942 1939 877 
11982 682 1942 683 678 
11983 679 678 1941 682 
11984 691 868 1941 690 
11985 679 682 1941 1935 
11986 693 1935 152 873 
11987 688 1925 876 693 
11988 1922 1927 1408 1929 
11989 688 693 876 1944 
11990 1930 876 867 870 
11991 871 868 872 693 
11992 878 1925 1936 873 
11993 1927 1433 1929 687 
11994 1770 1934 1940 1936 
11995 688 152 1925 693 
11996 1429 411 412 1945 
11997 1435 1943 686 1945 
11998 1928 1424 1506 1943 
11999 1929 1433 400 1425 
12000 1923 1433 1929 1425 
12001 1434 1435 685 686 
12002 1928 1430 1509 1506 
12003 1434 686 1933 1429 
12004 1435 686 1429 1945 
12005 869 1942 1943 153 
12006 871 876 693 1944 
12007 871 1945 1944 153 
12008 414 869 1506 1943 
12009 869 872 874 153 
12010 1927 411 1433 1944 
12011 1922 1407 401 875 
12012 871 1945 872 412 
12013 871 876 1944 870 
12014 693 872 153 874 
12015 690 868 1941 874 
12016 693 1942 1941 874 
12017 874 1941 690 689 
12018 1939 874 689 1941 
12019 1430 1432 1509 410 
12020 869 1506 1507 461 
12021 869 877 1507 684 
12022 869 413 872 1943 
12023 869 461 1507 877 
12024 869 1942 877 683 
12025 1923 1433 1429 687 
12026 691 680 679 1935 
12027 1936 873 1925 1935 
12028 126 878 1940 692 
12029 693 691 1935 873 
12030 873 693 876 1925 
12031 1921 1770 1936 1934 
12032 619 1936 867 1921 
12033 1930 875 1927 870 
12034 876 1927 688 1944 
12035 123 1934 681 616 
12036 873 152 1925 1935 
12037 1927 687 688 1944 
12038 620 619 867 1921 
12039 875 620 1931 1768 
12040 1930 1931 875 620 
12041 878 1936 1940 692 
12042 1936 692 873 680 
12043 619 1936 878 867 
12044 878 873 1936 692 
12045 878 1936 1925 867 
12046 1940 692 1936 680 
12047 681 1770 616 1934 
12048 681 1940 1770 1934 
12049 1921 1770 619 1936 
12050 126 619 1770 878 
12051 1770 1940 878 1936 
12052 616 1940 126 1770 
12053 1767 1934 1769 1770 
12054 126 878 1770 1940 
12055 610 63 1937 389 
12056 681 680 1940 1936 
12057 1426 1938 407 1427 
12058 1426 1938 1926 407 
12059 1426 407 1926 408 
12060 1926 408 435 409 
12061 1926 436 1928 1432 
12062 407 1938 406 1427 
12063 1426 1926 1432 1508 
12064 1926 1508 436 1432 
12065 1926 409 435 1508 
12066 1434 685 1424 1924 
12067 1434 1424 685 1435 
12068 1426 1924 1926 1938 
12069 685 686 1435 1943 
12070 685 1928 684 1943 
12071 1435 412 413 1945 
12072 1435 1429 412 1945 
12073 1435 413 1943 1945 
12074 1938 1933 406 1427 
12075 1426 1924 1938 1427 
12076 1426 1928 1924 1424 
12077 685 1424 1924 1928 
12078 685 1435 1424 1943 
12079 414 413 869 1943 
12080 1430 410 1506 68 
12081 414 1506 1424 1943 
12082 414 1430 1424 1506 
12083 414 68 1506 461 
12084 1509 1432 436 1508 
12085 1509 410 1432 1508 
12086 1434 1428 1933 1427 
12087 1432 1508 410 409 
12088 1928 1509 437 1506 
12089 1928 437 684 1506 
12090 1434 1933 1924 1427 
12091 1926 436 1508 435 
12092 1928 1430 1424 1432 
12093 1426 1434 1924 1427 
12094 1426 1928 1926 1924 
12095 1928 437 1509 436 
12096 1928 436 1509 1432 
12097 1938 1924 1933 1427 
12098 1928 1506 1424 1430 
12099 1426 409 1926 1508 
12100 406 1933 1428 1427 
12101 406 1428 1933 405 
12102 1428 1923 1431 1425 
12103 1428 1429 1923 1425 
12104 1434 685 1924 686 
12105 1431 1923 1932 1425 
12106 1431 1932 399 1425 
12107 1431 1932 405 65 
12108 1932 1425 1923 1929 
12109 1932 399 1425 1929 
12110 1932 395 399 1929 
12111 1933 1923 1428 1429 
12112 1431 1932 65 399 
12113 399 1929 400 1425 
12114 399 395 1409 1929 
12115 1933 1428 1431 405 
12116 1409 1929 1408 400 
12117 1409 1929 395 394 
12118 1409 1922 394 1408 
12119 399 1929 1409 400 
12120 394 1408 1922 1407 
12121 1922 1937 1407 1931 
12122 1922 393 1407 1937 
12123 1407 389 64 1931 
12124 1408 1929 1927 400 
12125 1407 389 1937 393 
12126 1407 64 875 1931 
12127 1922 401 1408 1927 
12128 1930 867 1936 1921 
12129 1930 1925 1936 867 
12130 1930 867 876 1925 
12131 1922 401 1407 1408 
12132 1930 1927 876 870 
12133 1930 1921 1931 620 
12134 1927 875 401 870 
12135 1933 1932 1431 1923 
12136 1434 1933 1428 1429 
12137 1409 1929 1922 1408 
12138 1932 395 65 399 
12139 1923 687 1429 686 
12140 1408 66 400 1433 
12141 1433 66 411 870 
12142 1927 400 1929 1433 
12143 1408 66 1927 870 
12144 1923 687 1929 1433 
12145 1927 1433 687 1944 
12146 1408 1927 401 870 
12147 411 871 412 1945 
12148 1922 1930 1931 875 
12149 1429 1433 1945 687 
12150 1433 687 1944 1945 
12151 1409 1929 394 1922 
12152 1407 1937 389 1931 
12153 1407 64 401 875 
12154 1927 66 1433 870 
12155 1927 1433 411 870 
12156 1429 1433 411 1945 
12157 1408 1927 66 1433 
12158 411 1944 871 1945 
3 20 4 307
12159 716 1949 700 1953 
12160 155 697 1967 1952 
12161 681 1940 680 1948 
12162 1751 1960 615 125 
12163 1963 1975 159 718 
12164 119 1750 698 120 
12165 681 1751 1948 1951 
12166 1951 120 1948 698 
12167 1951 120 698 1750 
12168 1951 119 123 1750 
12169 1951 698 119 1750 
12170 1751 1951 616 1750 
12171 1751 120 1951 1750 
12172 1971 1089 159 827 
12173 691 707 680 1958 
12174 431 1981 1947 1979 
12175 692 1948 1960 896 
12176 1499 457 1971 827 
12177 1504 704 1971 1501 
12178 1947 1982 1957 1978 
12179 1957 1505 703 432 
12180 1956 1954 1984 1947 
12181 458 1503 459 1979 
12182 1965 712 1946 1969 
12183 1948 120 717 698 
12184 1953 155 716 1959 
12185 1950 1956 1965 1961 
12186 1977 720 1980 1089 
12187 1978 1505 1947 1979 
12188 1956 1982 1957 1947 
12189 431 458 1981 1979 
12190 1957 1947 1505 432 
12191 1966 718 1963 159 
12192 1971 895 893 897 
12193 1954 712 709 1955 
12194 1504 434 705 704 
12195 827 1499 84 895 
12196 1978 459 1505 1979 
12197 1505 1947 1503 432 
12198 1975 1956 1961 1982 
12199 1947 1982 1978 1979 
12200 691 1958 896 1974 
12201 1967 1952 1950 701 
12202 678 706 1976 705 
12203 1983 893 898 159 
12204 691 1958 680 896 
12205 1505 1978 1977 1500 
12206 1973 1982 1980 1978 
12207 1959 1967 156 1952 
12208 1983 158 715 1966 
12209 1505 1503 1947 1979 
12210 1962 1958 896 1960 
12211 704 1501 434 433 
12212 1978 1505 1957 1947 
12213 1958 1964 1974 708 
12214 1959 1949 1953 156 
12215 691 707 1958 1974 
12216 1964 718 1959 1970 
12217 678 1976 1939 705 
12218 1505 1503 1979 459 
12219 689 895 460 1939 
12220 1972 159 1974 894 
12221 1977 719 1980 159 
12222 1962 896 1974 894 
12223 431 1947 1503 1979 
12224 1981 82 1502 75 
12225 702 1956 1975 1982 
12226 678 76 705 1939 
12227 1946 1956 1984 713 
12228 1977 703 1973 1505 
12229 1964 708 1949 718 
12230 1504 460 1939 76 
12231 1499 460 85 895 
12232 1978 83 1505 459 
12233 1499 1939 1504 460 
12234 1954 75 1981 1502 
12235 1955 154 1969 157 
12236 1981 458 1502 82 
12237 431 1503 1947 432 
12238 431 1503 458 1979 
12239 431 1502 1981 458 
12240 1946 1984 712 713 
12241 1956 713 1982 1984 
12242 709 82 1981 75 
12243 1505 1977 433 1500 
12244 1505 433 703 432 
12245 1946 712 1984 1954 
12246 709 1955 712 157 
12247 1977 720 456 1500 
12248 1973 1957 1982 1978 
12249 1983 159 898 1966 
12250 1499 1971 895 827 
12251 1978 1500 1505 83 
12252 1956 1982 1947 1979 
12253 893 894 898 159 
12254 1966 159 1963 715 
12255 1975 701 1950 1956 
12256 1973 1957 1978 1505 
12257 1963 1970 1967 718 
12258 1967 155 1952 1959 
12259 1973 1980 1982 714 
12260 1967 1950 1968 1961 
12261 1954 709 1981 75 
12262 1965 1946 695 1969 
12263 1954 431 75 1502 
12264 1956 1947 1984 1979 
12265 1956 1984 1982 1979 
12266 1954 1981 431 1502 
12267 1946 1984 1956 1954 
12268 1984 1947 1954 1979 
12269 1955 1969 712 157 
12270 1955 695 1969 154 
12271 709 694 1955 157 
12272 694 154 1955 157 
12273 1954 694 709 75 
12274 1954 1947 1981 1979 
12275 1954 1955 709 694 
12276 1954 431 1981 1947 
12277 1984 709 1954 712 
12278 1984 1954 709 1981 
12279 1984 1954 1981 1979 
12280 702 1956 1982 1957 
12281 1975 1961 714 1982 
12282 1975 1967 701 718 
12283 1950 1975 1961 1967 
12284 1973 703 1957 1505 
12285 1961 1956 713 1982 
12286 1961 713 714 1982 
12287 1975 1950 1961 1956 
12288 720 1500 1978 83 
12289 1946 712 1954 1955 
12290 1946 1955 695 1969 
12291 1946 712 1955 1969 
12292 1959 156 1953 1952 
12293 1963 1961 1975 1967 
12294 1950 1965 1956 1946 
12295 1965 1961 1956 713 
12296 1965 1956 1946 713 
12297 1965 713 1946 712 
12298 1959 718 1949 156 
12299 1968 1961 1950 1965 
12300 696 1965 1968 1950 
12301 696 695 1965 1946 
12302 696 1965 1950 1946 
12303 1967 1952 697 1968 
12304 1967 1950 1952 1968 
12305 1948 717 1964 1949 
12306 1971 159 893 827 
12307 1751 1940 1960 125 
12308 1963 1975 1961 714 
12309 711 125 1960 896 
12310 1953 155 700 716 
12311 680 1958 692 896 
12312 1948 698 717 699 
12313 717 1960 615 1751 
12314 1952 1950 697 1968 
12315 697 696 1968 1950 
12316 1962 1974 1966 894 
12317 1950 1975 1967 701 
12318 704 1977 1971 1501 
12319 718 1959 1967 156 
12320 1971 457 1089 827 
12321 1972 897 894 690 
12322 1963 1967 1975 718 
12323 1974 159 1966 894 
12324 156 1952 1967 701 
12325 156 701 1967 718 
12326 719 160 893 827 
12327 1973 1957 702 1982 
12328 1966 1963 718 1970 
12329 702 701 1975 1956 
12330 1977 1089 1501 456 
12331 1980 1977 1973 1978 
12332 1974 1966 159 718 
12333 893 1972 1971 897 
12334 1976 1971 895 1939 
12335 1971 457 1501 1089 
12336 1983 898 158 1966 
12337 1504 705 434 76 
12338 1501 457 456 1089 
12339 1505 1978 1973 1977 
12340 1949 718 708 156 
12341 898 894 1966 159 
12342 1983 159 1966 715 
12343 692 1960 125 896 
12344 1977 1500 1501 433 
12345 1962 1970 1966 718 
12346 1964 1949 1959 718 
12347 710 1966 158 898 
12348 710 1966 898 894 
12349 1504 1939 705 76 
12350 1971 1501 1977 1089 
12351 1499 895 1971 1939 
12352 691 1974 896 894 
12353 1959 1952 1953 155 
12354 1962 1966 1974 718 
12355 1948 717 1960 1964 
12356 1962 1966 710 894 
12357 1958 1948 692 896 
12358 1964 1974 708 718 
12359 718 1959 1970 1967 
12360 691 679 680 707 
12361 716 1949 1953 1959 
12362 1964 716 1959 1949 
12363 1962 1974 1964 718 
12364 1962 718 1964 1970 
12365 719 159 1089 827 
12366 719 893 159 827 
12367 1972 894 893 159 
12368 719 893 1983 159 
12369 689 1976 895 1939 
12370 1505 1977 703 433 
12371 1499 85 84 895 
12372 689 895 85 460 
12373 1983 898 160 158 
12374 1971 1089 1977 159 
12375 1499 895 1939 460 
12376 719 160 1983 893 
12377 1983 893 160 898 
12378 1980 1977 1978 720 
12379 1973 1982 1975 714 
12380 1980 1963 715 714 
12381 1980 159 719 1983 
12382 1980 159 1983 715 
12383 1973 1975 1963 714 
12384 1973 1963 1980 714 
12385 720 719 1980 1089 
12386 1499 1971 1504 1939 
12387 456 1500 720 83 
12388 1977 456 720 1089 
12389 1977 456 1501 1500 
12390 1977 720 1500 1978 
12391 1977 1980 719 1089 
12392 1504 434 704 1501 
12393 1504 704 705 1971 
12394 1973 702 1957 703 
12395 1973 715 1980 1963 
12396 1973 1963 1975 159 
12397 1973 715 1963 159 
12398 1973 1982 702 1975 
12399 1973 159 1980 715 
12400 1977 1980 1973 159 
12401 1977 719 159 1089 
12402 1504 1971 705 1939 
12403 704 1977 1501 433 
12404 704 1977 433 703 
12405 1971 893 895 827 
12406 1972 893 894 897 
12407 691 1974 1972 707 
12408 689 895 1976 897 
12409 1976 895 1971 897 
12410 893 1972 159 1971 
12411 1941 897 1976 1972 
12412 1751 1960 1940 1948 
12413 1976 1939 705 1971 
12414 1976 1971 1972 897 
12415 1940 692 680 1958 
12416 1941 897 689 1976 
12417 1499 1501 1504 1971 
12418 1499 1501 1971 457 
12419 827 1499 457 84 
12420 1941 689 897 690 
12421 1941 1976 689 1939 
12422 1941 897 1972 690 
12423 679 1972 1941 706 
12424 1941 1939 678 1976 
12425 1941 1972 1976 706 
12426 679 1941 678 706 
12427 1941 1976 678 706 
12428 691 1972 1974 894 
12429 679 1972 706 707 
12430 1958 1964 1960 1962 
12431 1940 125 692 1960 
12432 1958 1949 1964 708 
12433 1958 1964 1962 1974 
12434 1751 120 615 717 
12435 1751 616 681 1940 
12436 1948 699 717 1949 
12437 1951 123 616 1750 
12438 1949 717 716 699 
12439 699 700 716 1949 
12440 717 1960 1751 1948 
12441 1949 717 1964 716 
12442 1940 1960 692 1948 
12443 1964 1958 1960 1948 
12444 1964 1958 1948 1949 
12445 1958 1960 1948 896 
12446 1962 1958 1974 896 
12447 1958 707 708 1974 
12448 691 1972 679 707 
12449 691 1941 679 1972 
12450 691 1941 1972 690 
12451 691 690 1972 894 
12452 691 896 680 692 
12453 711 1962 710 894 
12454 711 896 1962 894 
12455 711 1960 1962 896 
12456 1751 126 616 1940 
12457 1940 1958 680 1948 
12458 1940 692 1958 1948 
12459 1951 616 123 681 
12460 126 692 1940 125 
12461 1751 1948 1951 120 
12462 1751 616 1951 681 
12463 681 1751 1940 1948 
12464 1751 125 126 1940 
12465 1751 120 717 1948 
3 21 4 433
12466 1993 1070 984 1084 
12467 186 829 976 935 
12468 1076 858 1083 972 
12469 1993 980 979 973 
12470 929 1994 933 936 
12471 1072 495 1040 494 
12472 1072 495 1999 1040 
12473 1992 1072 1040 494 
12474 1070 979 977 855 
12475 987 981 1992 974 
12476 1992 981 1072 494 
12477 1069 1999 496 1986 
12478 1069 496 1071 1986 
12479 979 854 855 1074 
12480 1069 1047 1999 495 
12481 1069 496 1047 495 
12482 1072 495 1069 1999 
12483 1072 981 1073 494 
12484 1069 1047 496 1999 
12485 1993 1069 1070 1084 
12486 1993 1072 973 1074 
12487 1081 1084 1077 1986 
12488 1069 1071 1070 1084 
12489 1077 1986 1071 1049 
12490 496 1047 1049 1986 
12491 1080 448 79 497 
12492 161 1087 1082 1081 
12493 1998 1045 1040 1047 
12494 1046 725 1067 726 
12495 1042 1992 494 981 
12496 1046 725 1050 1067 
12497 1993 988 980 1990 
12498 1992 974 1042 1044 
12499 988 1997 971 1990 
12500 744 164 1061 1053 
12501 1999 1047 1040 495 
12502 1992 1042 1040 1044 
12503 1071 1986 496 1049 
12504 1061 1043 728 164 
12505 496 1047 1986 1999 
12506 1071 496 497 1049 
12507 1991 1992 1040 1044 
12508 1042 862 1055 132 
12509 1042 1055 93 132 
12510 1042 1055 862 852 
12511 1042 862 1044 852 
12512 862 1054 1044 852 
12513 1054 744 136 1044 
12514 1042 852 974 981 
12515 1054 852 974 1044 
12516 1054 851 974 852 
12517 744 974 1054 1053 
12518 1054 136 744 646 
12519 1055 94 93 132 
12520 1042 494 93 1073 
12521 1042 494 1073 981 
12522 1042 93 1055 1073 
12523 1042 1044 974 852 
12524 1042 1073 1055 981 
12525 862 1044 1054 136 
12526 192 1055 1073 981 
12527 973 853 1072 981 
12528 1993 973 979 1074 
12529 1072 981 853 1073 
12530 192 1073 853 981 
12531 1989 983 982 1990 
12532 192 1055 94 1073 
12533 1048 497 1080 79 
12534 722 1994 933 932 
12535 1055 1073 93 94 
12536 1042 981 1055 852 
12537 1054 646 1053 851 
12538 1053 646 1052 985 
12539 1061 164 744 1043 
12540 1991 1040 1043 1044 
12541 744 1991 1044 162 
12542 744 974 1044 1054 
12543 1054 1053 646 744 
12544 1054 1053 974 851 
12545 727 1998 1996 1041 
12546 1989 1052 162 766 
12547 1991 1059 1061 728 
12548 852 192 981 1055 
12549 1991 744 1061 162 
12550 931 1079 1988 989 
12551 766 1065 1052 765 
12552 1059 1045 727 728 
12553 932 1057 843 933 
12554 1051 191 953 976 
12555 1051 191 846 953 
12556 1051 765 1052 976 
12557 1051 134 191 976 
12558 1053 985 851 646 
12559 1052 646 134 985 
12560 765 846 172 953 
12561 1060 829 976 953 
12562 1051 953 765 976 
12563 1052 976 765 1065 
12564 1985 1062 1067 1058 
12565 191 186 953 976 
12566 1991 1040 1998 1043 
12567 974 851 1053 985 
12568 851 134 646 985 
12569 929 1994 932 933 
12570 1989 1060 976 1065 
12571 1988 722 1056 1089 
12572 838 935 186 976 
12573 1051 976 1052 985 
12574 931 840 841 989 
12575 1993 1072 1069 1999 
12576 1985 1041 1046 1067 
12577 1051 1052 134 985 
12578 744 162 1044 974 
12579 988 1990 983 980 
12580 988 984 978 1997 
12581 1075 1082 161 1087 
12582 1989 162 721 766 
12583 982 936 838 935 
12584 457 84 931 827 
12585 1985 1046 1986 1081 
12586 1083 984 986 977 
12587 929 839 1994 936 
12588 1088 1077 1084 1071 
12589 1051 134 976 985 
12590 161 1056 722 1985 
12591 1080 1071 448 497 
12592 935 982 936 930 
12593 1074 1993 1069 1070 
12594 1046 1081 1085 1080 
12595 1088 1084 1070 1071 
12596 1074 1993 1070 979 
12597 721 1998 1059 1991 
12598 1051 846 765 953 
12599 840 929 839 971 
12600 1993 979 984 1070 
12601 1086 931 84 844 
12602 160 932 1063 843 
12603 1992 1040 1072 1999 
12604 1998 1040 1999 1047 
12605 1061 1991 728 1043 
12606 1046 1067 1085 1081 
12607 988 984 1997 1993 
12608 1069 1986 1071 1084 
12609 1080 1049 1071 497 
12610 456 720 1068 83 
12611 1994 1057 936 930 
12612 162 1052 1053 766 
12613 722 1056 1063 1064 
12614 1085 725 87 464 
12615 1992 1042 974 981 
12616 1062 1041 1067 726 
12617 1088 1084 1083 984 
12618 1988 1995 989 1987 
12619 1993 1986 1069 1084 
12620 827 1063 932 722 
12621 1997 984 1987 1993 
12622 1995 971 1997 1990 
12623 929 1994 839 971 
12624 1998 1986 1996 1041 
12625 1998 1999 1041 1047 
12626 977 1070 855 856 
12627 979 973 854 1074 
12628 1989 721 1994 1065 
12629 987 1993 1990 1992 
12630 1042 1992 1040 494 
12631 988 971 983 1990 
12632 1989 1060 1994 930 
12633 1993 1999 1069 1986 
12634 987 980 983 1990 
12635 1989 766 721 1065 
12636 1985 1068 1058 1082 
12637 744 162 974 1053 
12638 1061 1053 766 162 
12639 973 1992 987 981 
12640 1993 1069 1072 1074 
12641 973 1072 1992 981 
12642 1072 1993 1992 1999 
12643 1993 980 973 987 
12644 973 854 1072 853 
12645 973 1074 1072 854 
12646 1072 1993 973 1992 
12647 1070 979 855 1074 
12648 1993 987 973 1992 
12649 1078 934 188 975 
12650 1996 1041 1985 1062 
12651 1088 984 1083 977 
12652 984 979 977 1070 
12653 1083 984 972 986 
12654 977 1083 856 986 
12655 1076 1079 1987 1084 
12656 1993 980 984 979 
12657 987 1993 980 1990 
12658 162 1992 1991 1044 
12659 1987 1993 984 1084 
12660 1987 1986 1993 1084 
12661 1076 978 972 984 
12662 456 1068 1075 1082 
12663 1993 988 1990 1997 
12664 988 984 1993 980 
12665 457 931 1988 827 
12666 978 1987 1997 984 
12667 989 1997 978 1987 
12668 722 933 1057 932 
12669 1079 934 975 978 
12670 1079 1987 1087 161 
12671 989 1997 988 978 
12672 989 988 1997 971 
12673 1078 188 69 975 
12674 1076 984 1083 1084 
12675 1076 978 975 972 
12676 1076 1987 978 984 
12677 1076 1079 978 1987 
12678 1076 972 1083 984 
12679 1076 858 972 859 
12680 1078 975 69 859 
12681 1076 975 1078 859 
12682 1079 989 934 978 
12683 1078 188 70 69 
12684 1076 972 975 859 
12685 1079 934 1078 975 
12686 1079 844 1078 934 
12687 931 929 840 1995 
12688 1078 188 934 70 
12689 1078 70 934 844 
12690 931 1995 840 989 
12691 457 1988 1089 827 
12692 1079 989 978 1987 
12693 1076 978 1079 975 
12694 934 978 989 841 
12695 934 841 975 978 
12696 722 1988 827 1089 
12697 934 841 188 975 
12698 1076 1987 984 1084 
12699 1076 975 1079 1078 
12700 456 1056 1075 1068 
12701 1087 1987 1079 1084 
12702 1987 1084 1087 1081 
12703 856 977 1088 1083 
12704 856 1083 450 857 
12705 856 1083 857 986 
12706 1083 986 972 858 
12707 1088 984 977 1070 
12708 449 1070 1088 450 
12709 857 986 1083 858 
12710 450 857 78 856 
12711 856 977 1070 1088 
12712 1077 1071 1986 1084 
12713 1088 450 1070 856 
12714 1088 1084 984 1070 
12715 1080 1050 1046 1048 
12716 1088 450 856 1083 
12717 449 1071 1088 1070 
12718 449 1077 1088 1071 
12719 448 1077 449 1071 
12720 1080 1077 448 1071 
12721 1081 1985 1058 1082 
12722 1058 1085 1067 1081 
12723 1081 1077 1080 1049 
12724 1080 1049 1077 1071 
12725 1985 1067 1046 1081 
12726 1081 1077 1049 1986 
12727 1048 1049 1080 497 
12728 1048 1080 463 79 
12729 1987 1084 1081 1986 
12730 1068 1082 1985 161 
12731 161 457 1089 1075 
12732 1058 1085 1081 1082 
12733 1085 725 464 1067 
12734 1050 725 1085 1067 
12735 456 1075 1056 1089 
12736 456 1068 1082 83 
12737 1046 1080 1048 1049 
12738 161 1056 1985 1068 
12739 1081 1985 1067 1058 
12740 720 1056 719 1089 
12741 162 1053 744 1061 
12742 1985 1056 1062 1058 
12743 727 1041 1996 1062 
12744 728 1043 1991 1998 
12745 1068 1058 1082 83 
12746 1085 1067 464 1058 
12747 1085 464 1082 1058 
12748 1996 1986 1985 1041 
12749 1059 727 1998 1996 
12750 1046 1081 1080 1049 
12751 1080 1050 1085 1046 
12752 766 162 721 1061 
12753 1046 1986 1081 1049 
12754 464 1082 1058 83 
12755 1050 87 1085 725 
12756 1050 1085 87 463 
12757 1050 1085 463 1080 
12758 1050 463 1048 1080 
12759 1985 1067 1062 1041 
12760 1041 1986 1049 1047 
12761 1991 1992 1998 1040 
12762 1041 1999 1986 1047 
12763 1046 1067 1041 726 
12764 1985 1986 1046 1041 
12765 1046 1041 1986 1049 
12766 1046 1067 1050 1085 
12767 1985 1058 1068 1056 
12768 1991 1044 1043 744 
12769 1998 1986 1041 1999 
12770 1998 1041 1045 1047 
12771 1989 983 162 985 
12772 1996 1062 1985 1056 
12773 721 766 1061 1065 
12774 164 1061 1053 766 
12775 1990 987 1992 162 
12776 1998 1040 1992 1999 
12777 721 1991 1059 1061 
12778 722 1063 1057 1064 
12779 1998 1040 1045 1043 
12780 1989 976 1052 1065 
12781 162 721 1061 1991 
12782 727 1045 1998 1041 
12783 728 1998 1045 1043 
12784 744 1991 1061 1043 
12785 727 1041 1062 726 
12786 1991 1059 728 1998 
12787 1059 1045 728 1998 
12788 1059 727 1045 1998 
12789 721 1059 1998 1996 
12790 929 1995 1994 971 
12791 1994 971 982 839 
12792 1059 1062 727 1996 
12793 1994 1057 930 1060 
12794 722 1063 1056 1089 
12795 1064 1062 1059 1996 
12796 1064 1062 1996 1056 
12797 721 1061 1066 1065 
12798 1066 722 1064 1996 
12799 161 1056 1068 1075 
12800 722 1057 721 1066 
12801 161 1082 1985 1081 
12802 1086 1079 931 844 
12803 721 1059 1066 1061 
12804 1989 162 1052 985 
12805 1994 936 982 930 
12806 976 1060 953 765 
12807 829 976 930 1060 
12808 929 1994 1995 932 
12809 829 976 953 186 
12810 1989 1994 1060 1065 
12811 1995 1994 971 1990 
12812 842 843 1057 933 
12813 932 1057 1063 843 
12814 1989 1052 766 1065 
12815 1994 721 1057 1065 
12816 1994 933 936 1057 
12817 1060 765 172 953 
12818 1060 172 829 953 
12819 1060 765 976 1065 
12820 936 933 930 1057 
12821 185 1060 172 829 
12822 722 1057 1066 1064 
12823 1994 839 982 936 
12824 1989 1052 976 985 
12825 840 989 1995 971 
12826 1994 1057 1060 1065 
12827 976 930 935 829 
12828 930 1060 185 829 
12829 935 982 930 976 
12830 930 1060 842 185 
12831 930 1057 842 1060 
12832 930 842 1057 933 
12833 1994 982 971 1990 
12834 1989 1060 930 976 
12835 982 838 976 935 
12836 982 936 839 838 
12837 982 1990 983 971 
12838 162 1053 1052 985 
12839 162 974 1992 1044 
12840 162 987 1992 974 
12841 162 983 987 974 
12842 162 974 1053 985 
12843 1990 987 162 983 
12844 162 985 983 974 
12845 722 1057 1994 721 
12846 1989 162 983 1990 
12847 1996 1059 1066 721 
12848 1996 1059 1064 1066 
12849 721 1066 1057 1065 
12850 722 1057 1063 932 
12851 722 933 1994 1057 
12852 161 1089 1056 1075 
12853 827 1063 722 1089 
12854 1989 982 983 985 
12855 1989 1994 1990 982 
12856 1989 930 1994 982 
12857 1989 930 982 976 
12858 1989 976 982 985 
12859 1988 722 161 1056 
12860 722 1988 932 827 
12861 722 932 1995 1994 
12862 1995 971 989 1997 
12863 1995 1997 989 1987 
12864 722 1056 1064 1996 
12865 722 1056 1996 1985 
12866 1066 722 1996 721 
12867 1086 931 457 84 
12868 161 1081 1985 1986 
12869 1081 161 1087 1987 
12870 1988 989 1079 1987 
12871 1079 1987 161 1988 
12872 1081 161 1987 1986 
12873 931 1988 1995 989 
12874 931 934 1079 989 
12875 1988 1995 722 932 
12876 931 844 1079 934 
12877 840 1995 929 971 
12878 931 841 934 989 
12879 931 932 1988 827 
12880 931 1995 1988 932 
12881 931 932 929 1995 
12882 161 1089 1988 1056 
12883 160 1063 932 827 
12884 1068 1082 161 1075 
12885 719 1063 160 827 
12886 719 1089 1063 827 
12887 719 1063 1089 1056 
12888 456 1056 720 1089 
12889 161 1086 457 1075 
12890 161 1086 1087 1079 
12891 1086 457 931 1988 
12892 1086 1988 931 1079 
12893 161 457 1988 1089 
12894 1075 161 1086 1087 
12895 161 1086 1079 1988 
12896 456 1068 720 1056 
12897 456 457 1075 1089 
12898 161 1086 1988 457 
3 22 4 232
12899 479 91 741 1555 
12900 479 741 2026 1555 
12901 479 741 742 2026 
12902 1553 495 2019 1554 
12903 1553 1554 742 478 
12904 1553 742 2019 2026 
12905 1553 1554 2019 742 
12906 1553 2019 1040 2026 
12907 477 1049 496 1554 
12908 1046 2002 725 726 
12909 497 496 477 1049 
12910 1049 1047 1554 743 
12911 477 1049 1554 743 
12912 1040 2026 2019 2020 
12913 2018 723 2014 738 
12914 2018 738 2008 723 
12915 2018 2013 164 1043 
12916 2023 1040 2020 1043 
12917 2023 2020 1040 2019 
12918 2018 2013 1043 2024 
12919 496 1554 1049 1047 
12920 1041 1047 1049 743 
12921 2021 1041 743 1047 
12922 488 2026 2020 741 
12923 1040 1042 2020 1044 
12924 479 2026 1553 1555 
12925 1553 2026 488 1555 
12926 2019 742 1554 743 
12927 488 2026 741 1555 
12928 479 742 1553 2026 
12929 2018 2024 2025 2013 
12930 2018 728 2023 1043 
12931 740 2024 2006 739 
12932 1042 93 1806 132 
12933 488 1042 494 93 
12934 862 132 1806 643 
12935 862 1044 1039 643 
12936 862 1039 1044 136 
12937 1806 1044 862 643 
12938 2020 2024 1043 1044 
12939 488 1042 93 1806 
12940 1039 647 2015 136 
12941 1040 1047 2019 495 
12942 629 630 1807 2006 
12943 629 1807 2016 2006 
12944 2020 1039 2015 1044 
12945 1807 642 133 2017 
12946 1807 133 2016 2017 
12947 1039 647 642 2015 
12948 1039 642 643 1805 
12949 1039 2015 642 1805 
12950 1807 642 2017 2015 
12951 642 133 2017 647 
12952 1806 2020 1044 1805 
12953 1807 2016 2006 2017 
12954 1807 2015 2017 2024 
12955 629 130 2016 133 
12956 2020 1805 1806 488 
12957 740 1807 2020 1805 
12958 488 741 91 1555 
12959 1039 136 2015 1044 
12960 740 2020 1807 2024 
12961 741 1805 2020 488 
12962 1553 488 1042 494 
12963 1040 2020 1043 1044 
12964 2020 1805 1039 1044 
12965 2026 488 2020 1042 
12966 2020 2015 2024 1044 
12967 740 1807 630 2006 
12968 2020 2015 1807 2024 
12969 742 478 1554 743 
12970 1806 2020 1042 1044 
12971 2020 1805 1807 2015 
12972 740 2017 2006 2024 
12973 1553 488 2026 1042 
12974 740 630 1807 1805 
12975 1044 643 1806 1805 
12976 1806 1044 1042 862 
12977 740 2017 1807 2006 
12978 2020 2015 1039 1805 
12979 629 2016 130 735 
12980 1553 494 1040 495 
12981 1807 1805 642 2015 
12982 2016 735 2006 2012 
12983 2016 2006 2017 2012 
12984 629 2006 2016 735 
12985 2020 1806 1042 488 
12986 2006 2017 2012 2024 
12987 2006 2012 735 734 
12988 2012 734 739 2014 
12989 741 740 2020 1805 
12990 2015 2013 2024 744 
12991 2015 744 2024 1044 
12992 2015 136 744 1044 
12993 2012 2025 2024 2013 
12994 164 1043 2013 744 
12995 2023 1043 2020 2024 
12996 1041 1049 2004 743 
12997 1553 495 1040 2019 
12998 1043 2024 744 1044 
12999 1040 1042 2026 2020 
13000 2023 1040 1045 2019 
13001 741 630 1805 91 
13002 2006 739 2012 734 
13003 739 2014 738 2025 
13004 739 738 2014 734 
13005 2014 738 733 734 
13006 731 2011 2001 730 
13007 733 723 2008 738 
13008 733 163 2008 723 
13009 2018 738 2014 2025 
13010 2014 723 733 738 
13011 2022 728 2021 2023 
13012 737 2018 2000 2022 
13013 2000 2022 727 2003 
13014 2012 2024 2015 2013 
13015 2018 1043 2023 2024 
13016 741 630 740 1805 
13017 1043 2024 2013 744 
13018 732 2008 163 723 
13019 2022 2021 727 2003 
13020 2012 739 2024 2025 
13021 629 2016 1807 133 
13022 2000 2018 2008 723 
13023 2012 2014 2025 2013 
13024 740 1807 2017 2024 
13025 2012 2017 2015 2024 
13026 2006 2012 739 2024 
13027 2001 2021 726 165 
13028 2018 164 728 1043 
13029 2007 87 454 463 
13030 2005 165 2011 726 
13031 1046 1050 2005 2004 
13032 2019 495 1047 1554 
13033 1046 1041 165 726 
13034 479 478 1553 742 
13035 496 1554 1047 495 
13036 497 1049 477 2004 
13037 1050 1048 2009 2004 
13038 1042 1553 1040 2026 
13039 2021 1047 1045 1041 
13040 1042 1553 494 1040 
13041 1041 2004 165 743 
13042 737 2008 2000 2018 
13043 2021 1045 1047 2019 
13044 477 1554 478 743 
13045 1039 1805 643 1044 
13046 862 132 1042 1806 
13047 2023 1043 728 1045 
13048 477 2004 1049 743 
13049 2019 1554 1047 743 
13050 2014 2018 2013 724 
13051 1046 1049 1048 2004 
13052 1046 1041 2004 165 
13053 2021 743 2019 1047 
13054 1046 2005 2002 726 
13055 488 741 1805 91 
13056 2012 2014 739 2025 
13057 2018 164 2013 724 
13058 2000 2022 2018 728 
13059 642 647 2017 2015 
13060 2000 727 2022 728 
13061 2001 726 2011 165 
13062 2009 79 80 476 
13063 1046 2004 2005 165 
13064 1048 79 2009 476 
13065 1048 497 476 2004 
13066 476 2004 497 477 
13067 1048 476 2009 2004 
13068 2009 79 463 80 
13069 1048 497 79 476 
13070 1046 165 2005 726 
13071 1048 1049 497 2004 
13072 2009 80 463 454 
13073 1048 463 2009 79 
13074 2007 87 1050 725 
13075 1046 725 2005 1050 
13076 731 2010 732 2003 
13077 2007 87 81 454 
13078 2007 1050 87 463 
13079 2007 81 87 729 
13080 1046 1048 1050 2004 
13081 2007 729 87 725 
13082 1050 2009 1048 463 
13083 2007 2009 1050 463 
13084 2007 454 2009 463 
13085 2007 1050 2009 2004 
13086 731 2001 736 2003 
13087 165 2001 2021 736 
13088 2021 743 1041 165 
13089 2005 729 2007 725 
13090 2005 725 2007 1050 
13091 2005 1050 2007 2004 
13092 2002 729 2005 725 
13093 2002 2005 729 730 
13094 2002 2011 2005 730 
13095 2002 2005 2011 726 
13096 1046 725 2002 2005 
13097 731 736 2001 2011 
13098 1046 1041 1049 2004 
13099 2023 1045 1040 1043 
13100 1045 2019 1040 1047 
13101 737 2010 2022 2003 
13102 2001 2021 736 2003 
13103 2018 724 728 164 
13104 2003 737 2010 732 
13105 2021 165 1041 726 
13106 2021 2019 2023 1045 
13107 2021 1045 2023 728 
13108 2022 728 727 2021 
13109 727 1041 2021 1045 
13110 727 2021 1041 726 
13111 727 1045 2021 728 
13112 165 2001 736 2011 
13113 2018 723 724 2014 
13114 2022 736 2021 2003 
13115 737 2018 738 2008 
13116 2014 2018 2025 2013 
13117 2022 2010 736 2003 
13118 2018 728 2022 2023 
13119 737 2022 2000 2003 
13120 2000 728 2018 724 
13121 2000 2018 723 724 
13122 2003 737 732 2000 
13123 737 736 2022 2010 
13124 732 2000 2008 723 
13125 732 2000 737 2008 
13126 731 736 2010 2003 
13127 2001 2021 727 726 
13128 2001 727 2021 2003 
13129 2001 2011 2002 730 
13130 2001 726 2002 2011 
3 23 4 439
13131 2095 2091 2027 734 
13132 1825 1821 2035 645 
13133 1825 648 2030 1821 
13134 1825 1821 2030 2035 
13135 648 2058 1821 649 
13136 648 2058 2030 1821 
13137 2030 129 1825 645 
13138 747 648 2058 2045 
13139 137 648 747 2045 
13140 648 137 129 2045 
13141 1825 2045 648 129 
13142 645 2035 1825 2030 
13143 645 2035 2030 628 
13144 1825 2045 129 2030 
13145 2036 2050 2029 2034 
13146 2036 2058 747 2050 
13147 2036 746 2029 2050 
13148 2036 747 746 2050 
13149 2030 1821 2058 2043 
13150 1825 648 2045 2030 
13151 2047 2056 174 2060 
13152 2047 174 2089 2060 
13153 2047 2056 2043 174 
13154 2047 174 2043 2089 
13155 2058 1821 2047 2043 
13156 2058 2047 1821 649 
13157 2030 1821 2043 2035 
13158 2036 2056 2050 2034 
13159 1824 2035 1819 2089 
13160 1824 1821 1819 2035 
13161 1824 2089 1817 650 
13162 1824 2089 1819 1817 
13163 1819 2016 644 133 
13164 1819 2017 2016 133 
13165 1819 2035 644 2016 
13166 1817 651 2096 1823 
13167 1817 2089 2096 651 
13168 1817 2096 1818 1823 
13169 1817 2096 1820 1818 
13170 1817 2095 2096 2089 
13171 1817 2095 1820 2096 
13172 1824 2089 2043 2035 
13173 2055 2060 2089 2099 
13174 2055 2096 651 2057 
13175 2055 651 2096 2089 
13176 1819 2017 1820 2095 
13177 1817 2055 2089 651 
13178 2036 2058 2050 2056 
13179 2036 2043 2058 2056 
13180 645 2035 644 1821 
13181 2045 747 2036 2058 
13182 1824 2035 2043 1821 
13183 2035 130 628 644 
13184 2043 174 2034 2097 
13185 2043 2097 2089 174 
13186 2043 2041 2027 2097 
13187 2043 2027 2035 2089 
13188 2035 735 2016 2027 
13189 2043 2027 2089 2097 
13190 2035 2095 2089 2027 
13191 735 734 2012 2027 
13192 2012 734 2014 2095 
13193 2012 2015 2017 2095 
13194 2012 734 2095 2027 
13195 2047 2089 650 2055 
13196 2012 2095 2014 2013 
13197 2035 2016 2095 2027 
13198 2013 1053 2015 2093 
13199 2015 2093 2095 2013 
13200 2016 2095 2012 2017 
13201 644 2016 130 133 
13202 1820 2096 1053 1818 
13203 1053 2093 766 1052 
13204 1820 1818 1053 646 
13205 1053 1818 1052 646 
13206 1053 164 2013 744 
13207 1819 1817 2089 2095 
13208 2016 2012 2095 2027 
13209 2015 2095 2093 2096 
13210 164 724 2083 2013 
13211 1053 1818 2096 1052 
13212 2017 2015 1820 2095 
13213 2014 734 733 2039 
13214 2014 733 2092 2039 
13215 2014 2092 734 2039 
13216 2014 723 2092 733 
13217 173 2083 2077 2092 
13218 2092 2031 733 723 
13219 724 2092 2014 723 
13220 163 752 2081 2031 
13221 163 2031 2081 723 
13222 2092 2091 734 2039 
13223 2092 2081 2077 173 
13224 1820 136 2015 647 
13225 2077 2083 173 2085 
13226 2077 2080 173 2081 
13227 2077 2085 173 2080 
13228 1053 2013 164 2093 
13229 1053 2093 164 2083 
13230 1053 164 766 2083 
13231 2078 2084 2086 2085 
13232 2084 2094 2078 2086 
13233 1819 2035 2095 2089 
13234 2090 2071 2076 2094 
13235 2096 1052 2094 2093 
13236 2096 1823 1822 1818 
13237 2089 2060 174 2099 
13238 2055 2049 2060 2099 
13239 2095 2097 2027 2091 
13240 2015 2095 2096 1820 
13241 2013 1053 744 2015 
13242 2089 2027 2095 2097 
13243 2035 130 644 2016 
13244 724 2014 2092 2013 
13245 2047 1821 1824 2043 
13246 2041 2034 2037 2097 
13247 2055 2057 2049 2099 
13248 2092 2093 2083 2013 
13249 2092 2081 173 2088 
13250 2041 2040 2091 2087 
13251 2040 2087 2037 2028 
13252 2040 2042 2031 2088 
13253 2041 2039 2091 2040 
13254 2040 2100 2038 2042 
13255 2100 2088 769 2079 
13256 2100 769 2069 2079 
13257 2100 2042 2079 2069 
13258 2100 2042 2088 2079 
13259 2092 2077 2081 723 
13260 2037 2046 2028 2075 
13261 2037 2028 2087 2075 
13262 2100 2038 2064 2028 
13263 2040 2088 2100 2042 
13264 2100 2069 2038 2042 
13265 2037 767 2033 2065 
13266 767 2065 2066 2062 
13267 664 2059 2071 2052 
13268 2094 2071 2063 948 
13269 2071 948 1822 2059 
13270 2071 948 2094 1822 
13271 2094 1822 947 1051 
13272 2084 2094 2098 2068 
13273 2096 2094 1052 1051 
13274 2094 2084 2082 2073 
13275 174 2037 2033 2034 
13276 2037 767 2065 2075 
13277 173 2085 2086 2080 
13278 2014 734 2092 2095 
13279 2098 769 173 2080 
13280 2037 2087 767 2075 
13281 2074 2067 768 2066 
13282 767 2066 2067 2062 
13283 769 2074 2069 2061 
13284 769 2088 2080 2079 
13285 2061 2067 2068 2098 
13286 2098 2090 768 2067 
13287 2098 2061 768 769 
13288 768 2064 2074 2066 
13289 2086 2085 2084 2080 
13290 2083 2086 173 2085 
13291 769 2080 2061 763 
13292 2094 2076 2063 2071 
13293 2084 762 761 2068 
13294 2084 2068 761 2073 
13295 2084 761 2082 2073 
13296 1822 2096 2094 2071 
13297 2094 2098 2068 2090 
13298 2098 2080 2086 2084 
13299 769 2061 2069 763 
13300 2080 2088 2081 2079 
13301 173 2080 2088 2081 
13302 2084 2094 2086 2098 
13303 2078 2086 2094 2093 
13304 2086 2092 2083 173 
13305 2092 2095 2093 2013 
13306 733 2031 163 723 
13307 2093 2086 2092 2083 
13308 2100 768 2064 2074 
13309 2091 2031 2040 2039 
13310 174 2087 767 2037 
13311 2092 2091 2095 734 
13312 2084 2094 2082 2078 
13313 2094 765 949 2082 
13314 752 753 2079 2042 
13315 2081 2088 2031 2042 
13316 2081 2079 2088 2042 
13317 2087 2066 767 2075 
13318 2081 752 2079 2042 
13319 2069 2072 2038 2042 
13320 2081 2031 752 2042 
13321 2096 1052 1822 1051 
13322 2079 2044 2072 2042 
13323 2100 2064 2069 2074 
13324 168 760 2028 750 
13325 168 2072 751 2038 
13326 751 2038 2072 2044 
13327 764 751 2072 2044 
13328 2072 2042 2044 2038 
13329 753 764 2044 169 
13330 2079 763 2069 764 
13331 168 760 2064 2028 
13332 2079 2044 753 764 
13333 2041 2087 2091 2097 
13334 173 769 2088 2080 
13335 2098 2061 2080 762 
13336 2079 2072 2069 2042 
13337 2067 2070 2076 2090 
13338 2098 2061 762 2068 
13339 2098 173 2086 2080 
13340 2100 2069 769 2074 
13341 2100 2064 2087 2028 
13342 767 2062 2067 2090 
13343 2064 2075 2028 760 
13344 2100 2069 2064 2038 
13345 2087 2064 768 2066 
13346 2067 2061 768 2098 
13347 2040 2038 2100 2028 
13348 168 2028 2064 2038 
13349 768 2074 769 2061 
13350 2079 753 2044 2042 
13351 760 2046 750 759 
13352 760 2046 759 2075 
13353 2098 2061 769 2080 
13354 759 2046 2065 2075 
13355 749 758 2033 748 
13356 2065 755 2062 2048 
13357 2065 754 755 2048 
13358 759 749 758 2033 
13359 767 2065 2062 2048 
13360 2033 2032 748 758 
13361 748 166 167 171 
13362 750 749 759 2046 
13363 2037 2097 2034 174 
13364 2033 2034 2029 2048 
13365 767 2033 2065 2048 
13366 2051 748 170 166 
13367 767 2066 2065 2075 
13368 2033 2032 758 2051 
13369 759 2065 2046 2033 
13370 166 745 2051 2032 
13371 748 170 758 2051 
13372 2087 2064 2066 2075 
13373 2051 2048 2029 2053 
13374 2033 2051 2048 2029 
13375 2029 2051 2053 745 
13376 2029 746 745 2053 
13377 2029 2050 746 2053 
13378 759 2046 749 2033 
13379 2029 2056 2050 2053 
13380 759 758 2065 2033 
13381 758 2051 170 754 
13382 2036 2043 2056 2034 
13383 2030 129 645 628 
13384 2030 2058 2036 2043 
13385 645 2035 628 644 
13386 2065 2051 2033 758 
13387 2047 2089 1824 650 
13388 2033 2032 2051 2029 
13389 2029 2034 2050 2056 
13390 174 2060 2054 2099 
13391 174 2056 2054 2060 
13392 174 2087 2037 2097 
13393 174 2048 2054 2056 
13394 767 2066 768 2067 
13395 2040 2087 2100 2088 
13396 2054 756 755 2062 
13397 2054 2062 755 2048 
13398 2096 2059 1822 1823 
13399 2056 2029 2048 2053 
13400 2092 2081 2031 723 
13401 2096 2052 2099 2071 
13402 767 2054 2062 2099 
13403 2054 756 2070 2049 
13404 2017 647 1820 2015 
13405 2054 2060 2049 2099 
13406 2047 2043 1824 2089 
13407 2058 2043 2047 2056 
13408 2054 2049 2070 2099 
13409 767 2054 174 2048 
13410 767 2062 2090 2099 
13411 648 2058 2045 2030 
13412 2051 2065 754 758 
13413 1819 2095 2035 2016 
13414 2051 748 166 2032 
13415 748 171 170 166 
13416 174 2037 767 2033 
13417 767 2062 2054 2048 
13418 2065 2033 2051 2048 
13419 2098 2080 2084 762 
13420 2070 2049 756 757 
13421 767 2067 768 2090 
13422 2067 2090 2062 2070 
13423 2068 2067 2076 2090 
13424 2070 2049 2071 2099 
13425 2054 2070 2062 2099 
13426 2035 735 130 2016 
13427 2049 2057 2052 2099 
13428 2034 174 2056 2048 
13429 2054 756 2062 2070 
13430 757 2071 2052 144 
13431 2094 2096 2090 2071 
13432 2096 2099 2090 2071 
13433 2055 2096 2057 2099 
13434 147 2073 2082 761 
13435 147 949 2082 2073 
13436 2087 768 767 2066 
13437 2073 2094 949 2082 
13438 2062 2070 2090 2099 
13439 2033 2048 174 2034 
13440 2100 769 768 2074 
13441 670 2063 949 2073 
13442 2041 2037 2040 2087 
13443 769 2069 2079 763 
13444 2094 1822 948 947 
13445 1817 2055 650 2089 
13446 2071 664 669 948 
13447 947 2094 949 948 
13448 2099 2071 2070 2090 
13449 1051 949 2094 765 
13450 664 948 2059 950 
13451 2094 2063 949 948 
13452 670 948 949 2063 
13453 135 1822 947 950 
13454 949 172 765 846 
13455 947 846 1051 191 
13456 191 947 135 1822 
13457 1822 134 135 191 
13458 1822 2059 652 1823 
13459 1053 766 2093 2083 
13460 2078 2086 2093 2083 
13461 1053 1052 2096 2093 
13462 766 2083 2078 2093 
13463 2063 948 2071 669 
13464 2094 2068 2084 2073 
13465 1052 1822 134 1818 
13466 2071 2070 2090 2076 
13467 138 2059 1822 950 
13468 949 1051 947 846 
13469 949 765 1051 846 
13470 147 2073 670 949 
13471 1819 1820 1817 2095 
13472 948 950 1822 2059 
13473 2015 1053 646 1820 
13474 2078 2094 1052 2093 
13475 2096 651 2057 1823 
13476 1822 134 191 1051 
13477 2071 144 664 2052 
13478 1052 1822 1051 134 
13479 652 1823 2059 2057 
13480 664 2059 138 950 
13481 2069 2072 2064 2038 
13482 2078 1052 2094 765 
13483 2071 664 948 2059 
13484 2051 2065 2048 754 
13485 2096 1822 2094 1051 
13486 2094 1052 1051 765 
13487 1817 650 2055 651 
13488 2047 2089 2055 2060 
13489 2012 2015 2095 2013 
13490 646 136 2015 1820 
13491 2055 2089 2096 2099 
13492 2094 2063 2068 2073 
13493 2096 2057 2059 1823 
13494 2037 2033 2046 2065 
13495 764 169 751 2044 
13496 1819 2017 647 1820 
13497 947 2094 1051 949 
13498 2043 2056 2034 174 
13499 2052 2096 2099 2057 
13500 670 948 2063 669 
13501 2087 2028 2064 2075 
13502 2094 2076 2068 2063 
13503 147 172 2082 949 
13504 2040 2100 2087 2028 
13505 2027 2041 2091 2097 
13506 1819 647 2017 133 
13507 2091 2088 2040 2031 
13508 2092 2031 2081 2088 
13509 2079 2072 2044 764 
13510 2056 2029 2034 2048 
13511 2041 2037 2087 2097 
13512 724 2083 2092 2077 
13513 766 1052 2078 765 
13514 766 2078 1052 2093 
13515 1052 1818 134 646 
13516 2052 2096 2057 2059 
13517 1819 644 2035 1821 
13518 769 2079 2080 763 
13519 724 2077 2092 723 
13520 2067 2061 2074 768 
13521 2079 2069 2072 764 
13522 2092 2039 733 2031 
13523 2049 2052 2071 2099 
13524 2028 2046 760 2075 
13525 2033 2048 767 174 
13526 2078 2094 2082 765 
13527 2014 2095 2092 2013 
13528 2049 2052 757 2071 
13529 138 652 1822 2059 
13530 2031 2091 2088 2092 
13531 2071 2096 2052 2059 
13532 2096 1053 2093 2015 
13533 2015 1053 744 646 
13534 646 136 744 2015 
13535 2078 2085 2086 2083 
13536 2016 735 2012 2027 
13537 2100 768 2087 2064 
13538 949 172 2082 765 
13539 1819 2016 2017 2095 
13540 748 758 2032 2051 
13541 2094 2068 2076 2090 
13542 724 2092 2083 2013 
13543 2080 2061 763 762 
13544 2045 2036 2030 2058 
13545 767 174 2054 2099 
13546 2031 2091 2092 2039 
13547 2047 650 1824 649 
13548 2029 2051 745 2032 
13549 2096 1053 2015 1820 
13550 1822 2096 2071 2059 
13551 2070 2071 2049 757 
13552 2098 762 2084 2068 
13553 2037 2065 2046 2075 
13554 2043 2034 2041 2097 
13555 2028 750 760 2046 
13556 2073 2094 2063 949 
13557 652 1823 2057 651 
13558 2047 1824 1821 649 
13559 2071 144 669 664 
13560 2067 2068 2098 2090 
13561 2027 2091 2041 2039 
13562 164 2093 2013 2083 
13563 138 1822 135 950 
13564 191 947 1822 1051 
13565 2027 2039 734 2091 
13566 2091 2087 2040 2088 
13567 948 950 947 1822 
13568 168 2064 2072 2038 
13569 2096 1818 1822 1052 
3 24 4 299
13570 648 137 747 2112 
13571 533 534 1661 783 
13572 648 1847 2058 649 
13573 656 2112 139 137 
13574 2106 648 656 1847 
13575 770 747 2109 771 
13576 747 137 770 2112 
13577 139 770 137 2112 
13578 770 747 2112 2109 
13579 2106 648 2112 656 
13580 747 648 2112 2058 
13581 2058 1847 2106 649 
13582 2106 1847 655 1846 
13583 2106 655 2105 1846 
13584 2047 2056 2060 2101 
13585 779 2105 780 2122 
13586 2106 779 2047 2105 
13587 2105 2047 2122 779 
13588 2112 2058 2106 2109 
13589 2105 1844 1846 654 
13590 2105 780 1844 654 
13591 2047 2101 2060 2117 
13592 2106 2047 779 2101 
13593 1846 2122 650 1844 
13594 2047 2055 650 2122 
13595 2105 1846 1844 2122 
13596 2047 1846 650 649 
13597 650 1844 2055 651 
13598 2047 2122 779 2117 
13599 2109 747 2050 746 
13600 2058 2047 2101 2056 
13601 2047 650 1846 2122 
13602 2055 2117 2060 2049 
13603 651 1849 2116 176 
13604 2058 2047 2106 2101 
13605 2058 2050 2101 2109 
13606 170 754 776 788 
13607 776 788 2110 775 
13608 170 776 754 2051 
13609 166 2103 745 772 
13610 170 2051 166 2103 
13611 170 171 776 166 
13612 2048 2053 2103 2104 
13613 2048 2053 2051 2103 
13614 2051 2048 2110 754 
13615 648 2106 2112 2058 
13616 2104 2102 2056 2101 
13617 745 2104 2053 746 
13618 2104 2056 2050 2101 
13619 2104 2053 2050 2056 
13620 2104 2053 2056 2048 
13621 776 754 2051 2110 
13622 776 754 2110 788 
13623 170 166 776 2103 
13624 746 2104 2109 771 
13625 2104 2048 2102 2110 
13626 746 772 2104 771 
13627 648 656 137 2112 
13628 2058 2101 2050 2056 
13629 2054 2119 755 756 
13630 2055 2117 2116 2122 
13631 2054 778 2060 2056 
13632 2047 2055 2122 2117 
13633 2054 2060 778 2119 
13634 747 2058 2109 2050 
13635 2054 2119 778 2102 
13636 2112 747 2058 2109 
13637 2060 2117 2101 778 
13638 2105 1846 655 654 
13639 2104 2101 2050 2109 
13640 776 2051 2103 2110 
13641 778 777 2102 2119 
13642 2047 779 2101 2117 
13643 745 166 2051 2103 
13644 2060 2117 778 2119 
13645 2110 2124 788 754 
13646 2110 775 2124 2107 
13647 2103 2110 2051 2048 
13648 746 2104 2050 2109 
13649 775 787 788 2124 
13650 2110 2124 754 2048 
13651 2107 786 774 787 
13652 2107 786 787 2125 
13653 170 776 2051 2103 
13654 755 2048 754 2124 
13655 2102 755 2110 2048 
13656 2120 757 665 2123 
13657 175 2123 786 2125 
13658 2123 2115 786 785 
13659 2123 789 756 2125 
13660 755 756 2119 2125 
13661 756 789 2119 2125 
13662 756 2049 2119 789 
13663 2102 2110 755 2107 
13664 786 175 774 2115 
13665 2123 175 786 2115 
13666 755 2124 2110 2048 
13667 755 2107 2110 2124 
13668 2110 2124 775 788 
13669 755 2107 787 2125 
13670 2103 2110 2048 2104 
13671 775 774 787 2107 
13672 175 784 2108 789 
13673 553 666 2123 1881 
13674 2123 1881 2120 1657 
13675 2047 2060 2055 2117 
13676 2107 175 2125 789 
13677 2054 778 2056 2102 
13678 2102 777 755 2119 
13679 2054 2119 756 2049 
13680 2103 745 2104 2053 
13681 2054 2102 2056 2048 
13682 2119 2049 2117 176 
13683 2055 2116 2117 176 
13684 176 2052 2049 2057 
13685 2055 2057 176 2049 
13686 756 757 2049 789 
13687 2060 2117 2119 2049 
13688 2123 757 756 789 
13689 2123 785 2108 2115 
13690 2123 665 2120 1881 
13691 757 2120 665 1882 
13692 176 757 2049 2052 
13693 554 1655 555 1882 
13694 2118 2120 1661 783 
13695 2118 1656 1659 2121 
13696 1661 783 2120 533 
13697 176 1655 2120 1882 
13698 783 784 2120 533 
13699 1661 2120 1657 533 
13700 784 2120 2108 789 
13701 784 532 1657 533 
13702 1882 176 1655 2059 
13703 176 757 1882 2120 
13704 2102 2107 755 777 
13705 777 2125 2119 789 
13706 784 532 2108 1657 
13707 784 2108 2120 1657 
13708 554 665 2120 1882 
13709 774 2115 2108 773 
13710 755 2107 2124 787 
13711 2123 1657 2120 2108 
13712 777 755 2125 2107 
13713 2119 2049 176 789 
13714 1660 2114 2115 785 
13715 1658 2123 785 2108 
13716 553 143 111 2114 
13717 2118 1656 782 534 
13718 1657 553 1658 2123 
13719 2123 553 1881 1657 
13720 2123 175 2108 789 
13721 786 2107 175 2125 
13722 773 106 556 1660 
13723 774 2115 175 2108 
13724 176 1849 1845 2057 
13725 176 1845 1849 2121 
13726 176 2049 757 789 
13727 664 1882 1883 2059 
13728 176 1655 2059 1659 
13729 176 2055 2116 651 
13730 2054 755 2102 2048 
13731 138 1845 1883 110 
13732 138 2059 1883 1845 
13733 138 2059 1845 652 
13734 176 2055 651 2057 
13735 1882 176 2059 2052 
13736 551 1843 1656 552 
13737 551 1843 1659 1656 
13738 551 1845 1659 1843 
13739 1659 1883 1845 110 
13740 1659 555 1883 110 
13741 2118 1656 2121 782 
13742 176 2121 2118 1659 
13743 1845 1843 1849 2121 
13744 2123 2108 2120 789 
13745 176 2121 1659 1845 
13746 176 2118 1655 1659 
13747 2057 1845 652 1849 
13748 1659 2059 555 1882 
13749 1655 1661 2118 2120 
13750 1658 785 2123 553 
13751 2055 2116 651 1844 
13752 176 1882 757 2052 
13753 1848 780 2113 654 
13754 1848 653 2113 1850 
13755 1848 654 2113 653 
13756 2113 2111 781 1850 
13757 653 105 2111 1850 
13758 1848 1850 781 1843 
13759 2106 2047 649 1846 
13760 2113 781 780 2116 
13761 1848 781 2113 2116 
13762 2106 2105 2047 1846 
13763 1849 1844 651 2116 
13764 176 2120 1655 2118 
13765 2116 781 2121 1843 
13766 2055 176 2117 2049 
13767 777 755 2119 2125 
13768 781 782 2121 535 
13769 175 2123 2125 789 
13770 781 535 2121 552 
13771 1659 1883 555 2059 
13772 781 1850 535 552 
13773 2121 535 1656 552 
13774 2121 535 782 1656 
13775 2121 1656 1843 552 
13776 775 787 2124 2107 
13777 1655 2059 1659 1882 
13778 1843 781 552 1850 
13779 1850 535 552 105 
13780 1843 781 2121 552 
13781 2105 1844 780 2122 
13782 1844 2116 1848 780 
13783 2105 2047 1846 2122 
13784 2123 2108 175 2115 
13785 1848 2113 781 1850 
13786 1848 781 2116 1843 
13787 1844 1848 2116 1843 
13788 781 2111 535 1850 
13789 2052 1882 664 2059 
13790 656 2106 1847 655 
13791 2104 2053 746 2050 
13792 648 2106 2058 1847 
13793 2107 2125 777 789 
13794 1848 2116 2113 780 
13795 2118 783 1661 534 
13796 1655 1656 2118 1661 
13797 1655 1657 1661 2120 
13798 2118 1661 1656 534 
13799 554 1881 2120 665 
13800 176 1845 1659 2059 
13801 1655 2118 1656 1659 
13802 1659 1843 2121 1656 
13803 1849 1843 2116 2121 
13804 664 1883 138 2059 
13805 651 1849 176 2057 
13806 176 2052 2057 2059 
13807 2120 757 2123 789 
13808 554 1657 1881 553 
13809 2118 783 534 782 
13810 785 553 666 2123 
13811 176 1849 2116 2121 
13812 143 785 553 666 
13813 2108 1660 1658 1657 
13814 2114 111 1658 556 
13815 553 2114 1658 785 
13816 785 2108 1660 1658 
13817 785 553 2114 143 
13818 1658 2123 2108 1657 
13819 1660 2114 785 1658 
13820 2107 777 175 789 
13821 773 556 2114 1660 
13822 1655 1659 555 1882 
13823 773 1660 532 106 
13824 555 2059 1883 1882 
13825 785 2108 2115 1660 
13826 650 2122 2055 1844 
13827 2113 653 2111 1850 
13828 111 553 2114 1658 
13829 784 1657 2120 533 
13830 786 2107 774 175 
13831 554 1657 2120 1881 
13832 554 2120 1655 1882 
13833 2103 2051 745 2053 
13834 745 2104 746 772 
13835 2054 2060 2119 2049 
13836 2056 778 2101 2102 
13837 2114 1660 556 1658 
13838 652 2057 1849 651 
13839 2054 2119 2102 755 
13840 1659 1845 1883 2059 
13841 2055 2116 1844 2122 
13842 2103 772 2104 745 
13843 1844 2116 780 2122 
13844 779 778 2101 2117 
13845 2108 773 1660 532 
13846 2108 532 1660 1657 
13847 535 1656 534 782 
13848 2052 1882 144 664 
13849 176 757 2120 789 
13850 2108 1660 773 2115 
13851 1850 535 105 2111 
13852 554 1657 1655 2120 
13853 1659 1843 1845 2121 
13854 757 665 144 1882 
13855 2109 747 746 771 
13856 2106 649 1847 1846 
13857 2058 2106 2109 2101 
13858 1849 1843 1844 2116 
13859 2060 2101 2056 778 
13860 773 2114 2115 1660 
13861 2104 2056 2102 2048 
13862 2123 1881 666 665 
13863 2058 2106 2047 649 
13864 757 144 2052 1882 
13865 551 1659 1845 110 
13866 1844 780 1848 654 
13867 2057 1845 2059 652 
13868 176 2057 1845 2059 
3 25 4 307
13869 1963 715 2146 2162 
13870 866 2149 158 1966 
13871 2140 803 2144 2158 
13872 2145 2136 804 2152 
13873 810 2158 2166 802 
13874 1885 2166 2127 2148 
13875 1885 667 2127 1884 
13876 121 1884 2127 142 
13877 145 667 2156 1885 
13878 668 865 2166 863 
13879 1885 2127 1886 1884 
13880 808 2126 2147 2150 
13881 2156 802 2127 798 
13882 812 2154 811 863 
13883 1753 801 2127 865 
13884 804 2136 2164 2152 
13885 1967 180 2137 2132 
13886 865 864 2131 2159 
13887 2133 2129 2150 2126 
13888 1753 1886 124 865 
13889 799 180 1959 2132 
13890 2159 710 1962 1966 
13891 1969 2142 2141 2138 
13892 1967 2167 1968 2130 
13893 2155 2158 2154 2144 
13894 2163 1966 2159 2157 
13895 2152 179 2136 809 
13896 711 2128 1752 617 
13897 1969 2141 154 695 
13898 2151 2133 713 1961 
13899 1965 2135 1969 695 
13900 1967 155 1959 2137 
13901 1963 2146 714 2162 
13902 2151 2161 2133 1961 
13903 1753 618 2131 865 
13904 1885 2127 668 1886 
13905 1959 2132 2137 155 
13906 2155 2154 2158 2163 
13907 180 2167 2130 806 
13908 696 695 792 2135 
13909 2130 696 791 2135 
13910 805 2145 2150 2129 
13911 2163 2162 1966 2157 
13912 1963 1961 1967 2167 
13913 711 2131 617 864 
13914 866 2154 811 2149 
13915 2137 697 2130 1968 
13916 2152 2136 179 796 
13917 2156 2166 2127 802 
13918 1969 2142 157 154 
13919 1966 715 1963 2162 
13920 2151 714 1961 713 
13921 1969 2142 154 2141 
13922 808 2129 2150 178 
13923 807 1969 2147 2126 
13924 2143 2147 808 2126 
13925 712 1969 807 157 
13926 866 2154 2159 863 
13927 805 2150 2151 2133 
13928 2154 2166 2158 2163 
13929 2145 2136 2152 796 
13930 2145 804 2153 2152 
13931 2149 2159 2154 2163 
13932 2150 178 2129 795 
13933 805 2150 2133 2129 
13934 2151 2153 2145 2160 
13935 2151 714 2161 1961 
13936 805 2133 2151 2161 
13937 2151 713 2133 2147 
13938 1963 1961 2167 714 
13939 866 2159 2149 1966 
13940 810 2158 2148 2166 
13941 797 809 2140 803 
13942 2156 802 2140 810 
13943 797 809 803 2136 
13944 2144 2158 803 2164 
13945 2126 1965 2133 2135 
13946 1966 1963 1970 2157 
13947 2153 2164 804 2160 
13948 2153 2152 804 2164 
13949 2134 804 2145 2136 
13950 803 809 2152 2136 
13951 696 1965 695 2135 
13952 2155 2144 2153 2164 
13953 2151 2133 2150 2147 
13954 1963 714 2146 715 
13955 2145 2160 2153 804 
13956 2134 2136 2145 796 
13957 805 2161 2151 2160 
13958 2146 2162 2160 2161 
13959 805 2160 2145 804 
13960 2134 796 2145 795 
13961 1968 2133 2135 2130 
13962 2134 2145 2129 795 
13963 2133 1961 1965 713 
13964 2150 2129 2145 795 
13965 2135 696 1968 2130 
13966 712 2147 807 1969 
13967 808 2126 2150 2129 
13968 793 2126 808 2129 
13969 807 2138 1969 2126 
13970 793 2129 808 178 
13971 2143 808 793 2126 
13972 794 2126 2143 793 
13973 807 794 2142 2138 
13974 2142 177 2138 794 
13975 1969 2138 2135 2126 
13976 1965 1969 2135 2126 
13977 807 794 2138 2143 
13978 2138 2143 794 2126 
13979 1969 2141 695 2138 
13980 2138 792 695 2135 
13981 807 2147 2143 2126 
13982 807 157 1969 2142 
13983 2141 2138 2142 177 
13984 2141 2138 177 792 
13985 2141 695 2138 792 
13986 807 2142 1969 2138 
13987 154 177 2141 2142 
13988 1969 2135 2138 695 
13989 807 2143 2138 2126 
13990 807 808 2143 2147 
13991 1965 713 712 2147 
13992 2155 2163 2158 2164 
13993 803 2152 2164 2136 
13994 2144 2152 2153 2164 
13995 2163 2146 2162 2160 
13996 1965 2147 1969 2126 
13997 1965 2147 712 1969 
13998 696 792 791 2135 
13999 1967 697 2137 1968 
14000 805 2145 2151 2150 
14001 2133 1961 1968 1965 
14002 2159 800 1962 864 
14003 2126 1965 2147 2133 
14004 2133 2150 2147 2126 
14005 2135 696 1965 1968 
14006 2133 1961 2130 1968 
14007 1967 2167 180 2157 
14008 805 2160 2151 2145 
14009 805 2145 2134 804 
14010 2146 2160 2151 2161 
14011 799 1970 1959 180 
14012 2165 1962 1964 1970 
14013 866 158 710 1966 
14014 799 1964 2128 2132 
14015 805 2134 2145 2129 
14016 2133 1961 806 2130 
14017 2133 1961 2161 806 
14018 2133 1965 2147 713 
14019 1968 2133 1965 2135 
14020 805 806 2133 2161 
14021 2167 1968 2130 1961 
14022 2165 2157 1966 1970 
14023 799 1959 1964 2132 
14024 2165 1964 799 1970 
14025 2167 2161 2162 714 
14026 2167 1961 2161 714 
14027 2167 2130 806 1961 
14028 2167 806 2161 1961 
14029 1967 180 1970 2157 
14030 1967 1968 2137 2130 
14031 1753 124 618 865 
14032 696 2130 791 697 
14033 696 2130 697 1968 
14034 790 697 791 2130 
14035 2137 697 790 2130 
14036 2137 155 790 697 
14037 1967 2137 180 2130 
14038 1967 180 2167 2130 
14039 697 155 1967 2137 
14040 2159 864 1962 710 
14041 1967 1968 2167 1961 
14042 711 2128 800 1962 
14043 2159 1966 2165 2157 
14044 2159 1962 800 2165 
14045 2146 2162 2161 714 
14046 2146 2161 2151 714 
14047 2146 2153 2151 2160 
14048 2157 1967 2167 1963 
14049 1963 2162 2167 2157 
14050 1963 2167 2162 714 
14051 1966 1963 2157 2162 
14052 2157 1967 1963 1970 
14053 866 710 2159 1966 
14054 2165 1966 1962 1970 
14055 866 864 2159 710 
14056 866 2149 811 158 
14057 2165 799 1964 2128 
14058 866 811 2154 863 
14059 717 2139 120 615 
14060 711 2128 2131 800 
14061 2160 2155 2164 2163 
14062 1959 2132 1967 2137 
14063 1959 1970 1967 180 
14064 1959 180 1967 2132 
14065 799 1970 180 2157 
14066 716 155 2132 1959 
14067 617 2131 618 864 
14068 2154 2166 2159 863 
14069 1964 2132 1959 716 
14070 711 1960 2128 1962 
14071 2128 1964 716 2132 
14072 711 1752 1960 125 
14073 799 1970 1964 1959 
14074 2159 1962 2165 1966 
14075 2165 1964 1962 2128 
14076 2165 799 2157 1970 
14077 800 2128 2165 1962 
14078 800 799 2165 2128 
14079 865 864 2159 863 
14080 711 2128 1960 1752 
14081 2131 800 2159 864 
14082 2131 2159 800 801 
14083 865 2159 2131 801 
14084 124 1886 668 865 
14085 2156 1885 2127 2148 
14086 2127 668 865 2166 
14087 2166 863 865 2159 
14088 2166 2159 865 801 
14089 2156 2127 2166 2148 
14090 2127 798 142 667 
14091 2155 2158 2144 2164 
14092 2144 803 2152 2164 
14093 2140 802 2158 810 
14094 798 2140 797 810 
14095 803 2164 804 2136 
14096 2127 142 1884 667 
14097 2140 2158 2144 810 
14098 2140 2144 809 810 
14099 2156 802 798 2140 
14100 1885 2166 668 2127 
14101 2154 2166 2163 2159 
14102 2144 803 809 2152 
14103 2144 2158 2148 810 
14104 2140 802 803 2158 
14105 2140 809 2144 803 
14106 797 809 2136 179 
14107 797 2140 809 810 
14108 2127 802 2166 801 
14109 145 1885 2156 2148 
14110 2156 2127 1885 667 
14111 594 2131 1753 618 
14112 2127 668 1886 865 
14113 617 2131 593 618 
14114 121 1884 611 2127 
14115 2127 2166 865 801 
14116 1885 668 2166 2148 
14117 2166 812 668 863 
14118 145 2148 2156 810 
14119 2156 2140 798 810 
14120 2166 2156 2148 810 
14121 2156 798 2127 667 
14122 2166 2156 810 802 
14123 2154 2158 2166 2148 
14124 146 1885 145 2148 
14125 146 668 1885 2148 
14126 866 2154 2149 2159 
14127 812 668 146 2148 
14128 2166 812 2148 668 
14129 2160 2155 2153 2164 
14130 2154 2144 2158 2148 
14131 2155 2146 2163 2160 
14132 2155 2153 2146 2160 
14133 2149 2162 2163 2146 
14134 2149 2162 2146 715 
14135 2149 2159 2163 1966 
14136 2149 1966 2163 2162 
14137 2149 1966 2162 715 
14138 2149 2154 2155 2163 
14139 2149 2163 2155 2146 
14140 2149 158 1966 715 
14141 812 2148 2154 2166 
14142 812 2166 2154 863 
14143 866 2159 864 863 
14144 711 2128 617 2131 
14145 1753 801 865 2131 
14146 611 1884 1886 2127 
14147 1753 2127 801 2131 
14148 1753 611 124 1886 
14149 594 1753 2127 611 
14150 711 1962 800 864 
14151 1753 2127 611 1886 
14152 1753 2127 1886 865 
14153 618 2131 865 864 
14154 593 2131 594 618 
14155 594 2127 121 611 
14156 594 2127 1753 2131 
14157 592 1960 2128 1752 
14158 592 593 1752 2128 
14159 711 800 2131 864 
14160 1752 617 2128 2131 
14161 1752 593 617 2131 
14162 1752 2128 593 2131 
14163 711 1752 125 617 
14164 1960 592 615 1752 
14165 1960 2139 615 592 
14166 120 592 615 2139 
14167 717 2128 2139 1964 
14168 717 716 2128 1964 
14169 592 1960 2139 2128 
14170 1960 2128 1962 1964 
14171 1960 2139 717 615 
14172 1960 717 2139 1964 
14173 1960 615 125 1752 
14174 1960 2139 2128 1964 
14175 711 710 1962 864 
3 26 4 417
14176 2234 2151 182 2188 
14177 2234 2188 182 2189 
14178 2234 2182 2176 2170 
14179 2234 1982 1979 1978 
14180 2173 2234 2182 1984 
14181 2234 1982 1984 1979 
14182 2234 2176 2188 2189 
14183 2001 2200 2197 727 
14184 2193 2083 2195 183 
14185 2178 2189 2170 730 
14186 1060 2193 1057 2196 
14187 2190 2197 2202 1064 
14188 732 723 2081 2201 
14189 2234 2168 2150 2176 
14190 2193 183 2085 2083 
14191 2078 1060 2193 1065 
14192 1060 2193 2196 2082 
14193 2194 2081 2077 723 
14194 2194 2077 2195 723 
14195 2194 2077 183 2195 
14196 2077 2085 183 2083 
14197 2185 816 2192 2196 
14198 2193 2085 2078 2083 
14199 2077 2085 2080 183 
14200 2177 2081 163 752 
14201 732 2201 2200 2000 
14202 2194 2080 816 183 
14203 2194 2080 2077 2081 
14204 2077 183 2195 2083 
14205 2151 817 2145 2153 
14206 1980 182 2191 2190 
14207 2145 2152 816 796 
14208 2187 813 815 2171 
14209 2152 2184 816 796 
14210 2152 2185 179 809 
14211 2150 2175 178 795 
14212 1060 2082 828 945 
14213 2192 2186 2185 2196 
14214 2184 816 2174 2079 
14215 181 764 815 2172 
14216 761 2082 2196 2192 
14217 2186 2196 2144 809 
14218 2192 2186 761 2084 
14219 2183 2148 2196 2082 
14220 2185 762 2080 763 
14221 2183 2186 2144 810 
14222 2152 2184 179 2185 
14223 2183 2144 2148 810 
14224 2183 2196 2186 761 
14225 147 172 945 2082 
14226 2078 1060 2082 2193 
14227 1057 2198 2154 2196 
14228 1060 765 2078 2082 
14229 2183 2144 2186 2196 
14230 2184 763 2079 764 
14231 2192 762 2084 2080 
14232 2234 1980 1982 1978 
14233 1060 2082 945 172 
14234 2183 946 2082 671 
14235 1060 2078 765 1065 
14236 946 2148 2183 2082 
14237 2194 2077 2080 183 
14238 2185 2080 816 763 
14239 2175 2181 2199 2176 
14240 2150 2199 2175 2145 
14241 2154 1057 927 843 
14242 724 2077 2195 2083 
14243 2193 1065 1061 2078 
14244 2146 714 2191 1980 
14245 2154 2148 928 2196 
14246 2180 458 2173 455 
14247 2169 2189 2176 2178 
14248 2184 2079 2174 764 
14249 2002 725 1067 729 
14250 732 2000 723 2201 
14251 731 732 2200 2003 
14252 1067 2170 729 2180 
14253 464 2170 1067 2180 
14254 2152 179 2184 796 
14255 2169 2189 2200 2201 
14256 842 2196 1060 1057 
14257 2178 730 731 2001 
14258 2172 764 2174 753 
14259 2183 2148 2144 2196 
14260 2234 1982 714 713 
14261 2180 458 455 1515 
14262 2154 2196 842 1057 
14263 2148 1060 2082 828 
14264 815 813 181 2172 
14265 2002 729 1067 2170 
14266 808 2150 2168 2175 
14267 2180 458 1515 459 
14268 2183 2082 2196 761 
14269 2174 2199 2181 2201 
14270 766 2078 1065 765 
14271 1978 1980 1068 182 
14272 2145 2199 2171 796 
14273 2234 459 464 1058 
14274 1061 2197 2195 728 
14275 2171 2181 2174 2199 
14276 1063 2191 2198 2190 
14277 464 2180 1515 459 
14278 1066 1064 1057 2202 
14279 815 2171 2172 2174 
14280 2150 2199 2145 2188 
14281 2192 2185 762 2080 
14282 732 723 163 2081 
14283 731 2200 2001 2003 
14284 2194 2079 816 2080 
14285 2234 2150 2168 2147 
14286 2001 2200 2189 2197 
14287 2180 1979 458 459 
14288 2191 2149 715 1983 
14289 1978 1058 1068 83 
14290 1061 2083 164 724 
14291 720 1068 1980 1056 
14292 1983 2149 1063 2198 
14293 1978 459 1058 83 
14294 729 464 87 725 
14295 464 2170 2180 459 
14296 2191 2149 1983 2198 
14297 2180 2170 1979 459 
14298 2180 1979 2170 2173 
14299 2180 1979 2173 458 
14300 2178 730 2001 2189 
14301 2234 2176 2182 2168 
14302 1981 458 2173 1979 
14303 1981 458 82 2173 
14304 82 455 2173 458 
14305 1066 2202 1057 2193 
14306 464 1067 2234 1058 
14307 2001 2002 2189 730 
14308 2234 2173 2170 1979 
14309 1060 2196 928 2148 
14310 714 1980 182 2191 
14311 2234 182 1978 1058 
14312 182 1978 1980 2234 
14313 2175 2199 2188 2176 
14314 2169 2189 2178 731 
14315 464 2180 1067 729 
14316 87 729 81 2180 
14317 2002 729 2170 730 
14318 87 1515 729 2180 
14319 464 2180 729 1515 
14320 2001 2189 2002 1067 
14321 464 729 1067 725 
14322 2001 1062 2189 1067 
14323 464 1067 2170 2234 
14324 464 83 1058 459 
14325 81 1515 2180 455 
14326 87 81 1515 2180 
14327 729 464 1515 87 
14328 2000 2201 2195 723 
14329 2197 727 2200 2000 
14330 2002 726 1067 725 
14331 2189 1067 1062 1058 
14332 2001 2197 1062 727 
14333 2197 1059 727 728 
14334 1061 164 728 724 
14335 2234 2170 2176 2178 
14336 2078 2192 2082 2084 
14337 2190 2197 1064 1062 
14338 1066 1059 2202 2197 
14339 2193 2083 1061 2195 
14340 815 813 2172 2171 
14341 724 1061 2195 728 
14342 2001 1062 1067 726 
14343 2197 2000 2200 2195 
14344 2189 1062 2190 1058 
14345 732 2000 2200 2003 
14346 2000 2195 728 724 
14347 2000 2195 724 2077 
14348 2000 2077 724 723 
14349 2000 2195 2077 723 
14350 2001 1067 2002 726 
14351 2001 726 727 1062 
14352 2200 2000 727 2003 
14353 2177 2081 732 163 
14354 1063 1064 2190 2202 
14355 2190 1058 1062 1056 
14356 2200 2195 2000 2201 
14357 2186 2084 2192 762 
14358 2177 732 2081 2201 
14359 2145 816 2152 817 
14360 808 2150 2175 178 
14361 1058 1068 2190 182 
14362 2177 2079 2081 752 
14363 2193 2078 1061 2083 
14364 1061 766 164 2083 
14365 724 1061 2083 2195 
14366 1061 1065 766 2078 
14367 1061 2078 766 2083 
14368 1064 1062 2197 1059 
14369 2197 727 2000 728 
14370 1061 2197 728 1059 
14371 2197 2000 2195 728 
14372 2202 1059 1064 2197 
14373 2197 1066 1061 2193 
14374 2197 2195 2193 1061 
14375 731 2189 2001 2200 
14376 2192 2078 2193 2085 
14377 1057 2198 2196 2193 
14378 2197 1059 1062 727 
14379 2001 2197 2189 1062 
14380 2234 714 1980 182 
14381 2197 1066 1059 1061 
14382 2189 2197 2190 1062 
14383 2190 1062 1064 1056 
14384 2177 2081 2079 2201 
14385 808 2147 2168 2150 
14386 2234 1979 2170 459 
14387 2182 2168 2179 2147 
14388 2189 2002 2170 730 
14389 2189 2170 2002 1067 
14390 2234 714 2151 713 
14391 2234 2168 2182 2147 
14392 2171 2199 2174 816 
14393 2199 2176 2181 2169 
14394 2175 2181 2145 2199 
14395 2178 2001 731 2189 
14396 2001 2200 727 2003 
14397 2169 2200 732 2201 
14398 2169 2189 731 2200 
14399 2169 2200 731 732 
14400 2199 2176 2169 2189 
14401 2150 2175 2199 2188 
14402 1068 1978 182 1058 
14403 2234 2147 2182 1984 
14404 2234 1058 1978 459 
14405 2171 2199 816 796 
14406 2175 2171 2145 2181 
14407 2184 796 815 2171 
14408 2199 2169 2181 2201 
14409 2199 2189 2169 2201 
14410 2188 2176 2199 2189 
14411 2174 816 2199 2201 
14412 2234 459 2170 464 
14413 2192 2185 2080 816 
14414 2151 182 714 2234 
14415 1057 2198 1063 843 
14416 2194 2195 2201 723 
14417 2184 816 2171 2174 
14418 2192 2186 2196 761 
14419 2192 816 2080 183 
14420 1983 158 1063 2149 
14421 2168 2175 2150 2176 
14422 2145 816 2199 796 
14423 714 2191 2151 2146 
14424 2184 2174 815 764 
14425 816 763 2080 2079 
14426 2194 2201 2081 723 
14427 2192 2084 2078 2085 
14428 2192 2080 2084 2085 
14429 2192 2080 2085 183 
14430 2192 2082 2196 2193 
14431 761 2082 2192 2084 
14432 2078 2192 2193 2082 
14433 2192 2085 2193 183 
14434 2194 2079 2080 2081 
14435 2194 816 2079 2201 
14436 2194 2079 2081 2201 
14437 2174 2079 816 2201 
14438 2177 2169 732 2201 
14439 2177 2201 2181 2169 
14440 2174 2181 2177 2201 
14441 2174 2201 2177 2079 
14442 2174 2079 2177 752 
14443 2174 2079 752 753 
14444 2174 2079 753 764 
14445 2175 2145 2171 795 
14446 815 2172 764 2174 
14447 814 2187 795 2171 
14448 764 181 169 2172 
14449 2172 764 753 169 
14450 2184 2171 815 2174 
14451 2184 763 816 2079 
14452 2184 796 2171 816 
14453 2185 816 2184 763 
14454 2152 2184 2185 816 
14455 2152 816 2185 2196 
14456 2152 2185 809 2196 
14457 179 815 2184 796 
14458 2155 2144 2154 2196 
14459 2186 2196 809 2185 
14460 2152 816 2196 817 
14461 2145 2152 2153 817 
14462 2145 2181 2171 2199 
14463 2234 1984 1982 713 
14464 2234 1982 1980 714 
14465 2145 2199 816 817 
14466 2154 2196 928 842 
14467 1066 2197 2202 2193 
14468 2153 817 2152 2196 
14469 2153 817 2196 2198 
14470 2153 2191 817 2198 
14471 2234 2176 2150 2188 
14472 2145 2199 817 2188 
14473 2150 2176 2175 2188 
14474 2234 2150 2151 2188 
14475 814 813 2187 2171 
14476 2187 2171 815 796 
14477 2171 796 2187 795 
14478 2171 796 795 2145 
14479 814 795 2175 2171 
14480 814 2175 795 178 
14481 2234 2173 2182 2170 
14482 712 807 2179 157 
14483 2151 2188 2145 817 
14484 2151 2188 817 182 
14485 2150 2145 2175 795 
14486 2155 2153 2144 2196 
14487 2234 2178 2176 2189 
14488 182 2189 2190 1058 
14489 709 712 2179 157 
14490 1984 2147 712 713 
14491 2234 2170 2178 2189 
14492 2182 2179 1984 2147 
14493 807 2168 808 2147 
14494 2234 2151 2150 2147 
14495 712 2147 2179 807 
14496 2179 2168 807 2147 
14497 2234 2151 2147 713 
14498 1984 2179 712 2147 
14499 2173 2234 1984 1979 
14500 2190 1056 1980 1068 
14501 709 2173 1981 82 
14502 709 2173 2179 1981 
14503 1984 2179 709 712 
14504 1984 709 2179 1981 
14505 1984 1981 2179 2173 
14506 1984 1979 1981 2173 
14507 2182 2173 1984 2179 
14508 1983 1063 2191 2198 
14509 2234 459 1978 1979 
14510 182 2189 1058 2234 
14511 843 2198 2149 2154 
14512 2234 1067 2189 1058 
14513 2191 2153 817 2151 
14514 1068 2190 1056 1058 
14515 2234 2170 2189 1067 
14516 2151 2188 2150 2145 
14517 2149 2155 2154 2198 
14518 2144 2153 2152 2196 
14519 817 2191 2151 182 
14520 2234 2147 1984 713 
14521 2191 2151 182 714 
14522 1063 158 843 2149 
14523 2155 2154 2198 2196 
14524 2154 2196 2144 2148 
14525 2155 2198 2153 2196 
14526 2144 2196 2152 809 
14527 2192 2186 762 2185 
14528 2186 761 2084 762 
14529 2186 809 2144 810 
14530 147 2082 671 761 
14531 946 145 671 2183 
14532 1060 2082 2196 2148 
14533 145 2183 2148 810 
14534 146 145 946 2148 
14535 1060 765 2082 172 
14536 946 2148 145 2183 
14537 946 945 828 2082 
14538 828 946 2082 2148 
14539 2148 828 146 928 
14540 812 811 2154 927 
14541 842 1060 2196 928 
14542 2183 761 671 2082 
14543 2148 1060 828 928 
14544 2082 671 945 147 
14545 2148 828 946 146 
14546 946 2082 671 945 
14547 843 2149 811 2154 
14548 1983 158 2149 715 
14549 2149 715 2146 2191 
14550 2155 2191 2146 2153 
14551 2191 2149 2155 2146 
14552 2155 2191 2153 2198 
14553 2191 2149 2198 2155 
14554 2154 1057 843 2198 
14555 812 2154 928 927 
14556 812 146 928 2148 
14557 812 928 2154 2148 
14558 842 927 1057 843 
14559 1980 1063 719 1056 
14560 843 2154 811 927 
14561 1060 1065 1057 2193 
14562 843 158 811 2149 
14563 1063 2190 2198 2202 
14564 2190 1980 1063 2191 
14565 1063 2149 843 2198 
14566 1063 2190 1064 1056 
14567 1057 1063 2198 2202 
14568 842 1060 928 828 
14569 1066 1061 2193 1065 
14570 1057 2202 2198 2193 
14571 1057 1064 1063 2202 
14572 1066 1057 1065 2193 
14573 1066 1064 2202 1059 
14574 185 172 1060 945 
14575 842 185 1060 828 
14576 185 945 1060 828 
14577 842 927 928 2154 
14578 842 927 2154 1057 
14579 1983 158 160 1063 
14580 160 843 1063 158 
14581 1980 1983 719 1063 
14582 719 1063 1983 160 
14583 720 1980 719 1056 
14584 1980 2191 1983 1063 
14585 2190 1980 1056 1063 
14586 2191 2151 2146 2153 
14587 1980 2191 2146 715 
14588 1980 182 2190 1068 
14589 1980 715 2146 714 
14590 1980 715 1983 2191 
14591 720 83 1978 1068 
14592 720 1978 1980 1068 
3 27 4 261
14593 2067 2068 2076 2222 
14594 764 181 815 2211 
14595 2074 2067 2066 2220 
14596 2205 2072 2216 2211 
14597 2069 2205 825 2064 
14598 2211 818 169 181 
14599 2205 168 2207 2064 
14600 2069 826 2223 825 
14601 2069 825 2074 2064 
14602 2072 2216 2211 764 
14603 2069 763 826 2216 
14604 2069 2216 2072 764 
14605 818 751 168 2205 
14606 818 751 2211 169 
14607 169 2211 181 764 
14608 2211 2072 751 2205 
14609 2067 2061 2068 2222 
14610 2069 825 2061 2074 
14611 2183 2215 2186 810 
14612 2185 763 826 2223 
14613 2061 2074 825 2223 
14614 2069 2223 2061 825 
14615 2061 2220 2074 2223 
14616 2069 2072 2205 2064 
14617 2067 2218 2225 2220 
14618 2067 2225 2066 2220 
14619 825 2207 2074 2064 
14620 2067 2062 2225 2218 
14621 2067 2076 2218 2222 
14622 2069 763 2216 764 
14623 2074 2066 824 2220 
14624 751 2211 2205 818 
14625 760 759 2209 2075 
14626 2205 2207 825 2064 
14627 759 2065 2209 2075 
14628 2061 2067 2074 2220 
14629 2065 2062 755 2203 
14630 2065 2062 2203 823 
14631 2065 2203 2209 823 
14632 2065 2209 2062 823 
14633 2065 758 2209 2203 
14634 2065 755 754 2203 
14635 2074 2066 2064 2207 
14636 759 2209 2065 758 
14637 2205 2072 168 2064 
14638 758 754 170 788 
14639 2223 2069 2061 763 
14640 2065 754 758 2203 
14641 2066 823 2225 2062 
14642 758 754 788 2203 
14643 2207 2064 760 2075 
14644 2069 826 825 2216 
14645 2061 2222 2067 2220 
14646 755 2124 754 2203 
14647 755 2206 2124 2203 
14648 788 2203 2124 787 
14649 2066 2062 2065 2209 
14650 2066 2225 824 2220 
14651 787 786 2206 2125 
14652 2062 755 2125 756 
14653 788 2203 754 2124 
14654 756 822 2062 2070 
14655 2225 2218 2062 823 
14656 2067 2076 2070 2218 
14657 2124 2206 787 2203 
14658 2223 2069 763 826 
14659 2074 824 2066 2207 
14660 2067 2070 2062 2218 
14661 1889 2204 2212 2214 
14662 825 824 2074 2207 
14663 2204 2214 2123 785 
14664 755 2206 2203 2062 
14665 2066 2207 824 2075 
14666 2183 2217 2186 2215 
14667 2183 1891 2221 1888 
14668 2215 819 2217 184 
14669 2156 819 798 2210 
14670 2066 824 2225 823 
14671 2204 2224 665 1889 
14672 2221 1890 1887 820 
14673 2221 1887 2219 820 
14674 2221 1890 820 2210 
14675 2221 820 819 2210 
14676 2070 757 2123 2224 
14677 2224 2071 757 1893 
14678 665 2204 2214 2123 
14679 2224 1893 2219 2071 
14680 2224 821 2219 1893 
14681 2224 1893 757 665 
14682 824 2075 2207 2209 
14683 755 787 2206 2125 
14684 2204 2206 786 2125 
14685 2207 760 2209 2075 
14686 2123 665 2224 757 
14687 2219 2063 2068 2076 
14688 2219 2068 2222 2076 
14689 2219 2071 2063 2076 
14690 2219 2217 2222 2068 
14691 2219 2222 2218 2076 
14692 2219 1893 1892 1887 
14693 762 2217 2223 184 
14694 2221 1891 1890 1888 
14695 2217 2073 761 2068 
14696 179 2213 809 2185 
14697 2067 2222 2218 2220 
14698 2123 665 666 2214 
14699 822 2070 2224 2218 
14700 2062 2070 822 2218 
14701 2067 2062 2066 2225 
14702 2061 2222 2223 2068 
14703 2219 1887 2063 2071 
14704 2203 823 2062 2206 
14705 2070 2071 2224 2076 
14706 822 2123 2070 756 
14707 2224 1893 1889 821 
14708 2125 2204 822 2123 
14709 2224 2071 2219 2076 
14710 2224 1889 2212 821 
14711 757 144 1893 2071 
14712 144 669 1893 2071 
14713 2204 2224 2123 665 
14714 665 2204 1889 2214 
14715 2125 2204 2206 822 
14716 2212 821 1889 2208 
14717 2212 2208 1889 661 
14718 666 143 785 2214 
14719 2204 786 2123 2125 
14720 666 660 143 2214 
14721 2212 661 1889 660 
14722 661 2208 1892 662 
14723 2221 819 1888 2210 
14724 1892 1890 662 820 
14725 1892 662 2208 820 
14726 1892 1887 1890 820 
14727 1893 669 1887 2071 
14728 2070 756 2123 757 
14729 1887 670 2063 669 
14730 822 2070 2123 2224 
14731 1887 669 2063 2071 
14732 2204 2212 2224 1889 
14733 2204 2123 786 785 
14734 2219 2073 2217 2068 
14735 2062 755 2206 2125 
14736 2183 2217 2215 819 
14737 663 1890 1894 2210 
14738 2123 2214 666 785 
14739 757 1893 144 665 
14740 2221 2219 1887 2073 
14741 2221 1891 2217 2073 
14742 2224 2219 2218 2076 
14743 2224 1893 665 1889 
14744 662 2210 820 1890 
14745 2183 2217 1891 2073 
14746 2073 1891 2183 671 
14747 2183 761 2217 2073 
14748 2183 761 2186 2217 
14749 2219 821 1892 1893 
14750 2221 2217 2219 2073 
14751 2219 1887 1892 820 
14752 763 2223 762 2061 
14753 2066 2064 2207 2075 
14754 1889 1893 1892 821 
14755 762 2068 2223 2217 
14756 2183 819 2221 2217 
14757 2070 2224 2071 757 
14758 1887 2063 670 2073 
14759 762 2068 2217 761 
14760 2219 1893 1887 2071 
14761 147 670 2073 1891 
14762 2219 2208 1892 821 
14763 2125 822 2206 2062 
14764 2062 2206 823 822 
14765 2066 2209 2065 2075 
14766 2219 1887 2073 2063 
14767 2156 798 2215 810 
14768 1887 2073 670 1891 
14769 2219 820 1892 2208 
14770 1890 2210 1888 1894 
14771 663 2210 662 1890 
14772 2221 1888 1890 2210 
14773 1889 821 1892 2208 
14774 2066 2075 824 2209 
14775 666 2214 1889 660 
14776 2219 2073 2068 2063 
14777 142 798 2210 1894 
14778 2156 667 1888 1894 
14779 809 2185 2213 184 
14780 2221 1887 1890 1891 
14781 822 2123 2204 2224 
14782 822 2204 821 2224 
14783 2069 2216 2205 2072 
14784 2185 826 763 2213 
14785 2072 751 764 2211 
14786 2066 2209 823 2062 
14787 2212 660 1889 2214 
14788 822 756 2125 2123 
14789 751 2211 169 764 
14790 2070 2224 2218 2076 
14791 2219 820 2208 821 
14792 2204 821 2224 2212 
14793 2066 2209 824 823 
14794 666 2214 665 1889 
14795 2221 1887 1891 2073 
14796 1889 1892 661 2208 
14797 2223 2222 2217 2068 
14798 825 2223 2074 2220 
14799 825 2074 824 2220 
14800 168 760 2207 2064 
14801 2062 822 823 2218 
14802 2061 2223 2222 2220 
14803 762 2068 2061 2223 
14804 179 2213 2184 815 
14805 2069 2205 2216 825 
14806 755 787 2124 2206 
14807 2125 822 2062 756 
14808 2184 2216 826 763 
14809 2183 2217 2221 1891 
14810 2184 826 2216 2213 
14811 2184 2216 815 2213 
14812 2184 763 826 2213 
14813 751 168 2205 2072 
14814 2184 2216 763 764 
14815 179 2213 2185 2184 
14816 815 2211 2216 764 
14817 2184 815 2216 764 
14818 2185 762 763 2223 
14819 2185 2223 826 184 
14820 2185 826 2213 184 
14821 2185 763 2184 2213 
14822 2185 184 762 2223 
14823 797 809 2213 184 
14824 2215 2183 2156 810 
14825 797 809 179 2213 
14826 798 797 2215 810 
14827 797 809 2215 810 
14828 797 2215 809 184 
14829 2186 761 762 2217 
14830 2183 1888 2221 819 
14831 2186 184 2215 2217 
14832 2186 2185 809 184 
14833 2186 762 2185 184 
14834 2186 184 809 2215 
14835 2186 2215 809 810 
14836 2186 2217 762 184 
14837 671 761 2073 147 
14838 142 2210 663 1894 
14839 2156 1894 1888 2210 
14840 2156 798 1894 2210 
14841 2156 798 667 1894 
14842 2156 1888 819 2210 
14843 2156 2215 798 819 
14844 142 1894 667 798 
14845 145 2156 667 1888 
14846 2156 1888 2183 819 
14847 2215 2183 819 2156 
14848 145 2156 2183 810 
14849 145 2183 2156 1888 
14850 671 761 2183 2073 
14851 671 2183 145 1888 
14852 671 1891 2183 1888 
14853 2073 1891 671 147 
$EndElements
