$MeshFormat
4.1 0 8
$EndMeshFormat
$PhysicalNames
212
2 1 "sphere_walls"
2 2 "inlet"
2 3 "outlet"
2 4 "outer_walls"
2 2000 "interface_00"
2 2001 "interface_01"
2 2002 "interface_02"
2 2003 "interface_03"
2 2004 "interface_04"
2 2005 "interface_05"
2 2006 "interface_06"
2 2007 "interface_07"
2 2008 "interface_08"
2 2009 "interface_09"
2 2010 "interface_10"
2 2011 "interface_11"
2 2012 "interface_12"
2 2013 "interface_13"
2 2014 "interface_14"
2 2015 "interface_15"
2 2016 "interface_16"
2 2017 "interface_17"
2 2018 "interface_18"
2 2019 "interface_19"
2 2020 "interface_20"
2 2021 "interface_21"
2 2022 "interface_22"
2 2023 "interface_23"
2 2024 "interface_24"
2 2025 "interface_25"
2 2026 "interface_26"
2 2027 "interface_27"
2 2028 "interface_28"
2 2029 "interface_29"
2 2030 "interface_30"
2 2031 "interface_31"
2 2032 "interface_32"
2 2033 "interface_33"
2 2034 "interface_34"
2 2035 "interface_35"
2 2036 "interface_36"
2 2037 "interface_37"
2 2038 "interface_38"
2 2039 "interface_39"
2 2040 "interface_40"
2 2041 "interface_41"
2 2042 "interface_42"
2 2043 "interface_43"
2 2044 "interface_44"
2 2045 "interface_45"
2 2046 "interface_46"
2 2047 "interface_47"
2 2048 "interface_48"
2 2049 "interface_49"
2 2050 "interface_50"
2 2051 "interface_51"
2 2052 "interface_52"
2 2053 "interface_53"
2 2054 "interface_54"
2 2055 "interface_55"
2 2056 "interface_56"
2 2057 "interface_57"
2 2058 "interface_58"
2 2059 "interface_59"
2 2060 "interface_60"
2 2061 "interface_61"
2 2062 "interface_62"
2 2063 "interface_63"
2 2064 "interface_64"
2 2065 "interface_65"
2 2066 "interface_66"
2 2067 "interface_67"
2 2068 "interface_68"
2 2069 "interface_69"
2 2070 "interface_70"
2 2071 "interface_71"
2 2072 "interface_72"
2 2073 "interface_73"
2 2074 "interface_74"
2 2075 "interface_75"
2 2076 "interface_76"
2 2077 "interface_77"
2 2078 "interface_78"
2 2079 "interface_79"
2 2080 "interface_80"
2 2081 "interface_81"
2 2082 "interface_82"
2 2083 "interface_83"
2 2084 "interface_84"
2 2085 "interface_85"
2 2086 "interface_86"
2 2087 "interface_87"
2 2088 "interface_88"
2 2089 "interface_89"
2 2090 "interface_90"
2 2091 "interface_91"
2 2092 "interface_92"
2 2093 "interface_93"
2 2094 "interface_94"
2 2095 "interface_95"
2 2096 "interface_96"
2 2097 "interface_97"
2 2098 "interface_98"
2 2099 "interface_99"
2 2100 "interface_100"
2 2101 "interface_101"
2 2102 "interface_102"
2 2103 "interface_103"
2 2104 "interface_104"
2 2105 "interface_105"
2 2106 "interface_106"
2 2107 "interface_107"
2 2108 "interface_108"
2 2109 "interface_109"
2 2110 "interface_110"
2 2111 "interface_111"
2 2112 "interface_112"
2 2113 "interface_113"
2 2114 "interface_114"
2 2115 "interface_115"
2 2116 "interface_116"
2 2117 "interface_117"
2 2118 "interface_118"
2 2119 "interface_119"
2 2120 "interface_120"
2 2121 "interface_121"
2 2122 "interface_122"
2 2123 "interface_123"
2 2124 "interface_124"
2 2125 "interface_125"
2 2126 "interface_126"
2 2127 "interface_127"
2 2128 "interface_128"
2 2129 "interface_129"
2 2130 "interface_130"
2 2131 "interface_131"
2 2132 "interface_132"
2 2133 "interface_133"
2 2134 "interface_134"
2 2135 "interface_135"
2 2136 "interface_136"
2 2137 "interface_137"
2 2138 "interface_138"
2 2139 "interface_139"
2 2140 "interface_140"
2 2141 "interface_141"
2 2142 "interface_142"
2 2143 "interface_143"
3 1000 "pore_00"
3 1001 "pore_01"
3 1002 "pore_02"
3 1003 "pore_03"
3 1004 "pore_04"
3 1005 "pore_05"
3 1006 "pore_06"
3 1007 "pore_07"
3 1008 "pore_08"
3 1009 "pore_09"
3 1010 "pore_10"
3 1011 "pore_11"
3 1012 "pore_12"
3 1013 "pore_13"
3 1014 "pore_14"
3 1015 "pore_15"
3 1016 "pore_16"
3 1017 "pore_17"
3 1018 "pore_18"
3 1019 "pore_19"
3 1020 "pore_20"
3 1021 "pore_21"
3 1022 "pore_22"
3 1023 "pore_23"
3 1024 "pore_24"
3 1025 "pore_25"
3 1026 "pore_26"
3 1027 "pore_27"
3 1028 "pore_28"
3 1029 "pore_29"
3 1030 "pore_30"
3 1031 "pore_31"
3 1032 "pore_32"
3 1033 "pore_33"
3 1034 "pore_34"
3 1035 "pore_35"
3 1036 "pore_36"
3 1037 "pore_37"
3 1038 "pore_38"
3 1039 "pore_39"
3 1040 "pore_40"
3 1041 "pore_41"
3 1042 "pore_42"
3 1043 "pore_43"
3 1044 "pore_44"
3 1045 "pore_45"
3 1046 "pore_46"
3 1047 "pore_47"
3 1048 "pore_48"
3 1049 "pore_49"
3 1050 "pore_50"
3 1051 "pore_51"
3 1052 "pore_52"
3 1053 "pore_53"
3 1054 "pore_54"
3 1055 "pore_55"
3 1056 "pore_56"
3 1057 "pore_57"
3 1058 "pore_58"
3 1059 "pore_59"
3 1060 "pore_60"
3 1061 "pore_61"
3 1062 "pore_62"
3 1063 "pore_63"
$EndPhysicalNames
$Entities
287 1002 780 64
1 0 0 0 0 
2 0 0 0.2 0 
3 0 0.2 0.2 0 
4 0 0.2 0 0 
5 0.2 0 0 0 
6 0.2 0 0.2 0 
7 0.09500000000000003 0.199999999999999 0.1999999999999994 0 
8 0.1999999999999994 0.09500000000000003 0.1999999999999994 0 
9 0.2 0.2 0.09500000000000001 0 
10 0.2 0.2 0 0 
11 0 0 0.5 0 
12 0 0.2 0.5 0 
13 0.2 0 0.5 0 
14 0.09500000000000003 0.199999999999999 0.5000000000000006 0 
15 0.1999999999999994 0.09500000000000003 0.5000000000000006 0 
16 0.2 0.2 0.395 0 
17 0.2 0.2 0.305 0 
18 0 0.5 0.2 0 
19 0 0.5 0 0 
20 0.09500000000000003 0.5000000000000001 0.1999999999999994 0 
21 0.1999999999999994 0.395 0.1999999999999994 0 
22 0.2000000000000003 0.305 0.1999999999999994 0 
23 0.2 0.5 0.09500000000000001 0 
24 0.2 0.5 0 0 
25 0.5 0 0 0 
26 0.5 0 0.2 0 
27 0.5 0.2 0 0 
28 0.5000000000000003 0.09500000000000003 0.1999999999999994 0 
29 0.5 0.2 0.09500000000000001 0 
30 0.305 0.2 0.2 0 
31 0.395 0.199999999999999 0.1999999999999994 0 
32 0 0 0.8 0 
33 0 0.2 0.8 0 
34 0.2 0 0.8 0 
35 0.09500000000000003 0.199999999999999 0.8000000000000004 0 
36 0.1999999999999994 0.09500000000000003 0.8000000000000004 0 
37 0.2 0.2 0.6950000000000001 0 
38 0.2 0.2 0.605 0 
39 0 0.5 0.5 0 
40 0.09500000000000003 0.5000000000000001 0.5000000000000006 0 
41 0.1999999999999994 0.395 0.5000000000000006 0 
42 0.2000000000000003 0.305 0.5000000000000006 0 
43 0.2 0.5 0.395 0 
44 0.2 0.5 0.305 0 
45 0.5 0 0.5 0 
46 0.305 0.2 0.5 0 
47 0.395 0.199999999999999 0.5000000000000006 0 
48 0.5000000000000003 0.09500000000000003 0.5000000000000006 0 
49 0.5 0.2 0.395 0 
50 0.5 0.2 0.305 0 
51 0 0.8 0.2 0 
52 0 0.8 0 0 
53 0.09500000000000003 0.7999999999999998 0.1999999999999994 0 
54 0.1999999999999994 0.695 0.1999999999999994 0 
55 0.1999999999999993 0.605 0.1999999999999994 0 
56 0.2 0.8 0.09500000000000001 0 
57 0.2 0.8 0 0 
58 0.305 0.5 0.2 0 
59 0.395 0.5000000000000001 0.1999999999999994 0 
60 0.5000000000000003 0.395 0.1999999999999994 0 
61 0.5000000000000003 0.305 0.1999999999999994 0 
62 0.5 0.5 0.09500000000000001 0 
63 0.5 0.5 0 0 
64 0.8 0 0 0 
65 0.8 0 0.2 0 
66 0.8 0.2 0 0 
67 0.8000000000000003 0.09500000000000003 0.1999999999999994 0 
68 0.8 0.2 0.09500000000000001 0 
69 0.605 0.2 0.2 0 
70 0.695 0.199999999999999 0.1999999999999994 0 
71 0 0 1 0 
72 0 0.2 1 0 
73 0.2 0 1 0 
74 0.2 0.2 1 0 
75 0.2 0.2 0.905 0 
76 0 0.5 0.8 0 
77 0.09500000000000003 0.5000000000000001 0.8000000000000004 0 
78 0.1999999999999994 0.395 0.8000000000000004 0 
79 0.2000000000000003 0.305 0.7999999999999994 0 
80 0.2 0.5 0.6950000000000001 0 
81 0.2 0.5 0.605 0 
82 0.5 0 0.8 0 
83 0.305 0.2 0.7999999999999999 0 
84 0.395 0.199999999999999 0.8000000000000004 0 
85 0.5000000000000003 0.09500000000000003 0.8000000000000004 0 
86 0.5 0.2 0.6950000000000001 0 
87 0.5 0.2 0.605 0 
88 0 0.8 0.5 0 
89 0.09500000000000003 0.7999999999999998 0.5000000000000006 0 
90 0.1999999999999994 0.695 0.5000000000000006 0 
91 0.1999999999999993 0.605 0.5000000000000006 0 
92 0.2 0.8 0.395 0 
93 0.2 0.8 0.305 0 
94 0.305 0.5 0.5 0 
95 0.395 0.5000000000000001 0.5000000000000006 0 
96 0.5000000000000003 0.395 0.5000000000000006 0 
97 0.5000000000000003 0.305 0.5000000000000006 0 
98 0.5 0.5 0.395 0 
99 0.5 0.5 0.305 0 
100 0.8 0 0.5 0 
101 0.605 0.2 0.5 0 
102 0.695 0.199999999999999 0.5000000000000006 0 
103 0.8000000000000003 0.09500000000000003 0.5000000000000006 0 
104 0.8 0.2 0.395 0 
105 0.8 0.2 0.305 0 
106 0 1 0.2 0 
107 0 1 0 0 
108 0.2 1 0.2 0 
109 0.1999999999999993 0.9049999999999999 0.1999999999999994 0 
110 0.2 1 0 0 
111 0.305 0.8 0.2 0 
112 0.395 0.7999999999999998 0.1999999999999994 0 
113 0.4999999999999994 0.695 0.1999999999999994 0 
114 0.5000000000000003 0.605 0.1999999999999994 0 
115 0.5 0.8 0.09500000000000001 0 
116 0.5 0.8 0 0 
117 0.605 0.5 0.2 0 
118 0.695 0.5000000000000001 0.1999999999999994 0 
119 0.8000000000000003 0.395 0.1999999999999994 0 
120 0.8000000000000003 0.305 0.1999999999999994 0 
121 0.8 0.5 0.09500000000000001 0 
122 0.8 0.5 0 0 
123 1 0 0 0 
124 1 0 0.2 0 
125 1 0.2 0 0 
126 1 0.2 0.2 0 
127 0.905 0.2 0.2 0 
128 0 0.5 1 0 
129 0.2 0.5 1 0 
130 0.2 0.5 0.905 0 
131 0.5 0 1 0 
132 0.5 0.2 1 0 
133 0.5 0.2 0.905 0 
134 0 0.8 0.8 0 
135 0.09500000000000003 0.7999999999999998 0.8000000000000004 0 
136 0.1999999999999994 0.695 0.8000000000000004 0 
137 0.1999999999999993 0.605 0.7999999999999994 0 
138 0.2 0.8 0.6950000000000001 0 
139 0.2 0.8 0.605 0 
140 0.305 0.5 0.7999999999999999 0 
141 0.395 0.5000000000000001 0.8000000000000004 0 
142 0.5000000000000003 0.395 0.8000000000000004 0 
143 0.5000000000000003 0.305 0.7999999999999994 0 
144 0.5 0.5 0.6950000000000001 0 
145 0.5 0.5 0.605 0 
146 0.8 0 0.8 0 
147 0.605 0.2 0.7999999999999999 0 
148 0.695 0.199999999999999 0.8000000000000004 0 
149 0.8000000000000003 0.09500000000000003 0.8000000000000004 0 
150 0.8 0.2 0.6950000000000001 0 
151 0.8 0.2 0.605 0 
152 0 1 0.5 0 
153 0.2 1 0.5 0 
154 0.1999999999999993 0.9049999999999999 0.5000000000000006 0 
155 0.305 0.8 0.5 0 
156 0.395 0.7999999999999998 0.5000000000000006 0 
157 0.4999999999999994 0.695 0.5000000000000006 0 
158 0.5000000000000003 0.605 0.5000000000000006 0 
159 0.5 0.8 0.395 0 
160 0.5 0.8 0.305 0 
161 0.605 0.5 0.5 0 
162 0.695 0.5000000000000001 0.5000000000000006 0 
163 0.8000000000000003 0.395 0.5000000000000006 0 
164 0.8000000000000003 0.305 0.5000000000000006 0 
165 0.8 0.5 0.395 0 
166 0.8 0.5 0.305 0 
167 1 0 0.5 0 
168 0.905 0.2 0.5 0 
169 1 0.2 0.5 0 
170 0.5 1 0.2 0 
171 0.5000000000000003 0.9049999999999999 0.1999999999999994 0 
172 0.5 1 0 0 
173 0.605 0.8 0.2 0 
174 0.695 0.7999999999999998 0.1999999999999994 0 
175 0.8000000000000003 0.695 0.1999999999999994 0 
176 0.8000000000000003 0.605 0.1999999999999994 0 
177 0.8 0.8 0.09500000000000001 0 
178 0.8 0.8 0 0 
179 0.905 0.5 0.2 0 
180 1 0.5 0.2 0 
181 1 0.5 0 0 
182 0 0.8 1 0 
183 0.2 0.8 1 0 
184 0.2 0.8 0.905 0 
185 0.5 0.5 1 0 
186 0.5 0.5 0.905 0 
187 0.8 0 1 0 
188 0.8 0.2 1 0 
189 0.8 0.2 0.905 0 
190 0 1 0.8 0 
191 0.2 1 0.8 0 
192 0.1999999999999993 0.9049999999999999 0.7999999999999994 0 
193 0.305 0.8 0.7999999999999999 0 
194 0.395 0.7999999999999998 0.8000000000000004 0 
195 0.4999999999999994 0.695 0.8000000000000004 0 
196 0.5000000000000003 0.605 0.7999999999999994 0 
197 0.5 0.8 0.6950000000000001 0 
198 0.5 0.8 0.605 0 
199 0.605 0.5 0.7999999999999999 0 
200 0.695 0.5000000000000001 0.8000000000000004 0 
201 0.8000000000000003 0.395 0.8000000000000004 0 
202 0.8000000000000003 0.305 0.7999999999999994 0 
203 0.8 0.5 0.6950000000000001 0 
204 0.8 0.5 0.605 0 
205 1 0 0.8 0 
206 0.905 0.2 0.7999999999999999 0 
207 1 0.2 0.8 0 
208 0.5 1 0.5 0 
209 0.5000000000000003 0.9049999999999999 0.5000000000000006 0 
210 0.605 0.8 0.5 0 
211 0.695 0.7999999999999998 0.5000000000000006 0 
212 0.8000000000000003 0.695 0.5000000000000006 0 
213 0.8000000000000003 0.605 0.5000000000000006 0 
214 0.8 0.8 0.395 0 
215 0.8 0.8 0.305 0 
216 0.905 0.5 0.5 0 
217 1 0.5 0.5 0 
218 0.8 1 0.2 0 
219 0.8000000000000003 0.9049999999999999 0.1999999999999994 0 
220 0.8 1 0 0 
221 0.905 0.8 0.2 0 
222 1 0.8 0.2 0 
223 1 0.8 0 0 
224 0 1 1 0 
225 0.2 1 1 0 
226 0.5 0.8 1 0 
227 0.5 0.8 0.905 0 
228 0.8 0.5 1 0 
229 0.8 0.5 0.905 0 
230 1 0 1 0 
231 1 0.2 1 0 
232 0.5 1 0.8 0 
233 0.5000000000000003 0.9049999999999999 0.7999999999999994 0 
234 0.605 0.8 0.7999999999999999 0 
235 0.695 0.7999999999999998 0.8000000000000004 0 
236 0.8000000000000003 0.695 0.8000000000000004 0 
237 0.8000000000000003 0.605 0.7999999999999994 0 
238 0.8 0.8 0.6950000000000001 0 
239 0.8 0.8 0.605 0 
240 0.905 0.5 0.7999999999999999 0 
241 1 0.5 0.8 0 
242 0.8 1 0.5 0 
243 0.8000000000000003 0.9049999999999999 0.5000000000000006 0 
244 0.905 0.8 0.5 0 
245 1 0.8 0.5 0 
246 1 1 0.2 0 
247 1 1 0 0 
248 0.5 1 1 0 
249 0.8 0.8 1 0 
250 0.8 0.8 0.905 0 
251 1 0.5 1 0 
252 0.8 1 0.8 0 
253 0.8000000000000003 0.9049999999999999 0.7999999999999994 0 
254 0.905 0.8 0.7999999999999999 0 
255 1 0.8 0.8 0 
256 1 1 0.5 0 
257 0.8 1 1 0 
258 1 0.8 1 0 
259 1 1 0.8 0 
260 1 1 1 0 
261 0.2 0.2 0.2 0 
262 0.2 0.5 0.2 0 
263 0.2 0.2 0.5 0 
264 0.2 0.7999999999999999 0.2 0 
265 0.2 0.2 0.7999999999999999 0 
266 0.2 0.5 0.5 0 
267 0.2 0.7999999999999999 0.5 0 
268 0.2 0.5 0.7999999999999999 0 
269 0.2 0.7999999999999999 0.7999999999999999 0 
270 0.5 0.2 0.2 0 
271 0.5 0.5 0.2 0 
272 0.5 0.2 0.5 0 
273 0.5 0.7999999999999999 0.2 0 
274 0.5 0.2 0.7999999999999999 0 
275 0.5 0.5 0.5 0 
276 0.5 0.7999999999999999 0.5 0 
277 0.5 0.5 0.7999999999999999 0 
278 0.5 0.7999999999999999 0.7999999999999999 0 
279 0.7999999999999999 0.2 0.2 0 
280 0.7999999999999999 0.5 0.2 0 
281 0.7999999999999999 0.2 0.5 0 
282 0.7999999999999999 0.7999999999999999 0.2 0 
283 0.7999999999999999 0.2 0.7999999999999999 0 
284 0.7999999999999999 0.5 0.5 0 
285 0.7999999999999999 0.7999999999999999 0.5 0 
286 0.7999999999999999 0.5 0.7999999999999999 0 
287 0.7999999999999999 0.7999999999999999 0.7999999999999999 0 
1 -0.0001001001 -0.0001001001 -0.0001001001000000001 0.0001001001 0.0001001001 0.2001001001 0 2 1 -2 
2 -0.0001001001 -0.0001001001000000001 0.1998998999 0.0001001001 0.2001001001 0.2001001001 0 2 3 -2 
3 -0.0001001001 0.1998998999 -0.0001001001000000001 0.0001001001 0.2001001001 0.2001001001 0 2 3 -4 
4 -0.0001001001 -0.0001001001000000001 -0.0001001001 0.0001001001 0.2001001001 0.0001001001 0 2 1 -4 
5 -0.0001001001000000001 -0.0001001001 -0.0001001001 0.2001001001 0.0001001001 0.0001001001 0 2 1 -5 
6 0.1998998999 -0.0001001001 -0.0001001001000000001 0.2001001001 0.0001001001 0.2001001001 0 2 6 -5 
7 -0.0001001001000000001 -0.0001001001 0.1998998999 0.2001001001 0.0001001001 0.2001001001 0 2 2 -6 
8 -0.0001001501499999988 0.199899849849999 0.1998998498499994 0.09510015015000003 0.20010015015 0.20010015015 0 2 7 -3 
9 0.09494739990000003 0.09494739990000003 0.1999473998999994 0.2000526000999994 0.200052600099999 0.2000526001 0 2 7 -8 
10 0.1998998498499994 -0.0001001501499999988 0.1998998498499994 0.20010015015 0.09510015015000003 0.20010015015 0 2 8 -6 
11 0.09494739990000003 0.199947399899999 0.09494739990000002 0.2000526001 0.2000526001 0.2000526000999994 0 2 7 -9 
12 0.19989984985 0.19989984985 -0.0001001501499999988 0.20010015015 0.20010015015 0.09510015015000002 0 2 9 -10 
13 -0.0001001001000000001 0.1998998999 -0.0001001001 0.2001001001 0.2001001001 0.0001001001 0 2 4 -10 
14 0.1998998999 -0.0001001001000000001 -0.0001001001 0.2001001001 0.2001001001 0.0001001001 0 2 5 -10 
15 0.1999473998999994 0.09494739990000003 0.09494739990000002 0.2000526001 0.2000526001 0.2000526000999994 0 2 8 -9 
16 0.1999998996 0.1999998996 0.09499989960000002 0.2000001004 0.2000001004 0.09500010040000001 0 2 9 -9 
17 -0.0001501001 -0.0001501001 0.1998498999 0.0001501001 0.0001501001 0.5001501001000001 0 2 2 -11 
18 -0.0001501001 -0.0001501000999999946 0.4998498999 0.0001501001 0.2001501001 0.5001501001000001 0 2 12 -11 
19 -0.0001501001 0.1998498999 0.1998498999 0.0001501001 0.2001501001 0.5001501001000001 0 2 12 -3 
20 0.1998498999 -0.0001501001 0.1998498999 0.2001501001 0.0001501001 0.5001501001000001 0 2 13 -6 
21 -0.0001501000999999946 -0.0001501001 0.4998498999 0.2001501001 0.0001501001 0.5001501001000001 0 2 11 -13 
22 -0.0001001501499999988 0.199899849849999 0.49989984985 0.09510015015000003 0.20010015015 0.5001001501500005 0 2 14 -12 
23 0.09494739990000003 0.09494739990000003 0.4999473999 0.2000526000999994 0.200052600099999 0.5000526001000005 0 2 14 -15 
24 0.1998998498499994 -0.0001001501499999988 0.49989984985 0.20010015015 0.09510015015000003 0.5001001501500005 0 2 15 -13 
25 0.09494739990000003 0.199947399899999 0.3949473999 0.2000526001 0.2000526001 0.5000526001000005 0 2 14 -16 
26 0.19984984985 0.19984984985 0.30484984985 0.20015015015 0.20015015015 0.39515015015 0 2 16 -17 
27 0.09494739990000003 0.199947399899999 0.1999473998999994 0.2000526001 0.2000526001 0.3050526001 0 2 17 -7 
28 0.1999473998999994 0.09494739990000003 0.3949473999 0.2000526001 0.2000526001 0.5000526001000005 0 2 15 -16 
29 0.1999473998999994 0.09494739990000003 0.1999473998999994 0.2000526001 0.2000526001 0.3050526001 0 2 17 -8 
30 0.1999998996 0.1999998996 0.3949998996 0.2000001004 0.2000001004 0.3950001004 0 2 16 -16 
31 0.1999998996 0.1999998996 0.3049998996 0.2000001004 0.2000001004 0.3050001004 0 2 17 -17 
32 -0.0001501001 0.1998498999 0.1998498999 0.0001501001 0.5001501001000001 0.2001501001 0 2 18 -3 
33 -0.0001501001 0.4998498999 -0.0001501000999999946 0.0001501001 0.5001501001000001 0.2001501001 0 2 18 -19 
34 -0.0001501001 0.1998498999 -0.0001501001 0.0001501001 0.5001501001000001 0.0001501001 0 2 4 -19 
35 -0.0001501501500000002 0.49984984985 0.1998498498499994 0.09515015015000003 0.5001501501500001 0.20015015015 0 2 20 -18 
36 0.09494739990000003 0.3949473999 0.1999473998999994 0.2000526000999994 0.5000526001000001 0.2000526001 0 2 20 -21 
37 0.1998498498499994 0.30484984985 0.1998498498499994 0.2001501501500003 0.39515015015 0.2001501501499994 0 2 21 -22 
38 0.09494739990000003 0.199947399899999 0.1999473998999994 0.2000526001000003 0.3050526001 0.2000526001 0 2 22 -7 
39 0.09494739990000003 0.4999473999 0.09494739990000002 0.2000526001 0.5000526001000001 0.2000526000999994 0 2 20 -23 
40 0.19989984985 0.49989984985 -0.0001001501499999988 0.20010015015 0.50010015015 0.09510015015000002 0 2 23 -24 
41 -0.0001501000999999946 0.4998498999 -0.0001501001 0.2001501001 0.5001501001000001 0.0001501001 0 2 19 -24 
42 0.1998498999 0.1998498999 -0.0001501001 0.2001501001 0.5001501001000001 0.0001501001 0 2 10 -24 
43 0.1999998996 0.1999998996 0.09499989960000002 0.2000001004 0.2000001004 0.09500010040000001 0 2 9 -9 
44 0.1999473999 0.1999473999 0.09494739990000002 0.2000526001000003 0.3050526001 0.2000526000999994 0 2 9 -22 
45 0.1999473998999994 0.3949473999 0.09494739990000002 0.2000526001 0.5000526001 0.2000526000999994 0 2 21 -23 
46 0.1999998996 0.4999998996 0.09499989960000002 0.2000001004 0.5000001004 0.09500010040000001 0 2 23 -23 
47 0.1998498999 -0.0001501001 -0.0001501001 0.5001501001000001 0.0001501001 0.0001501001 0 2 5 -25 
48 0.4998498999 -0.0001501001 -0.0001501000999999946 0.5001501001000001 0.0001501001 0.2001501001 0 2 26 -25 
49 0.1998498999 -0.0001501001 0.1998498999 0.5001501001000001 0.0001501001 0.2001501001 0 2 6 -26 
50 0.1998498999 0.1998498999 -0.0001501001 0.5001501001000001 0.2001501001 0.0001501001 0 2 10 -27 
51 0.4998498999 -0.0001501000999999946 -0.0001501001 0.5001501001000001 0.2001501001 0.0001501001 0 2 25 -27 
52 0.49984984985 -0.0001501501500000002 0.1998498498499994 0.5001501501500003 0.09515015015000003 0.20015015015 0 2 28 -26 
53 0.4999473999 0.09494739990000003 0.09494739990000002 0.5000526001000003 0.2000526001 0.2000526000999994 0 2 28 -29 
54 0.49984984985 0.19984984985 -0.0001501501500000002 0.50015015015 0.20015015015 0.09515015015000002 0 2 29 -27 
55 0.1999473998999994 0.09494739990000003 0.1999473998999994 0.3050526001 0.2000526001 0.2000526001 0 2 8 -30 
56 0.30484984985 0.199849849849999 0.1998498498499994 0.39515015015 0.20015015015 0.20015015015 0 2 31 -30 
57 0.3949473999 0.09494739990000003 0.1999473998999994 0.5000526001000003 0.200052600099999 0.2000526001 0 2 31 -28 
58 0.1999473999 0.1999473999 0.09494739989999999 0.3050526001 0.2000526001 0.2000526001 0 2 9 -30 
59 0.3949473999 0.199947399899999 0.09494739990000002 0.5000526001 0.2000526001 0.2000526000999994 0 2 31 -29 
60 0.4999998996 0.1999998996 0.09499989960000002 0.5000001004 0.2000001004 0.09500010040000001 0 2 29 -29 
61 0.1999998996 0.1999998996 0.09499989960000002 0.2000001004 0.2000001004 0.09500010040000001 0 2 9 -9 
62 -0.0001501001 -0.0001501001 0.4998498999 0.0001501001 0.0001501001 0.8001501001000001 0 2 11 -32 
63 -0.0001501001 -0.0001501000999999946 0.7998498999 0.0001501001 0.2001501001 0.8001501001000001 0 2 33 -32 
64 -0.0001501001 0.1998498999 0.4998498999 0.0001501001 0.2001501001 0.8001501001000001 0 2 33 -12 
65 0.1998498999 -0.0001501001 0.4998498999 0.2001501001 0.0001501001 0.8001501001000001 0 2 34 -13 
66 -0.0001501000999999946 -0.0001501001 0.7998498999 0.2001501001 0.0001501001 0.8001501001000001 0 2 32 -34 
67 -0.0001001501499999988 0.199899849849999 0.7998998498500001 0.09510015015000003 0.20010015015 0.8001001501500004 0 2 35 -33 
68 0.09494739990000003 0.09494739990000003 0.7999473999 0.2000526000999994 0.200052600099999 0.8000526001000003 0 2 35 -36 
69 0.1998998498499994 -0.0001001501499999988 0.7998998498500001 0.20010015015 0.09510015015000003 0.8001001501500004 0 2 36 -34 
70 0.09494739990000003 0.199947399899999 0.6949473999000001 0.2000526001 0.2000526001 0.8000526001000003 0 2 35 -37 
71 0.19984984985 0.19984984985 0.60484984985 0.20015015015 0.20015015015 0.69515015015 0 2 37 -38 
72 0.09494739990000003 0.199947399899999 0.4999473999000005 0.2000526001 0.2000526001 0.6050526000999999 0 2 38 -14 
73 0.1999473998999994 0.09494739990000003 0.6949473999000001 0.2000526001 0.2000526001 0.8000526001000003 0 2 36 -37 
74 0.1999473998999994 0.09494739990000003 0.4999473999000005 0.2000526001 0.2000526001 0.6050526000999999 0 2 38 -15 
75 0.1999998996 0.1999998996 0.6949998996000001 0.2000001004 0.2000001004 0.6950001004 0 2 37 -37 
76 0.1999998996 0.1999998996 0.6049998996 0.2000001004 0.2000001004 0.6050001004 0 2 38 -38 
77 -0.0001501001 0.1998498999 0.4998498999 0.0001501001 0.5001501001000001 0.5001501001000001 0 2 39 -12 
78 -0.0001501001 0.4998498999 0.1998498999 0.0001501001 0.5001501001000001 0.5001501001000001 0 2 39 -18 
79 -0.0001501501500000002 0.49984984985 0.49984984985 0.09515015015000003 0.5001501501500001 0.5001501501500005 0 2 40 -39 
80 0.09494739990000003 0.3949473999 0.4999473999 0.2000526000999994 0.5000526001000001 0.5000526001000005 0 2 40 -41 
81 0.1998498498499994 0.30484984985 0.4998498498500006 0.2001501501500003 0.39515015015 0.5001501501500005 0 2 41 -42 
82 0.09494739990000003 0.199947399899999 0.4999473999 0.2000526001000003 0.3050526001 0.5000526001000005 0 2 42 -14 
83 0.09494739990000003 0.4999473999 0.3949473999 0.2000526001 0.5000526001000001 0.5000526001000005 0 2 40 -43 
84 0.19984984985 0.49984984985 0.30484984985 0.20015015015 0.50015015015 0.39515015015 0 2 43 -44 
85 0.09494739990000003 0.4999473999 0.1999473998999994 0.2000526001 0.5000526001000001 0.3050526001 0 2 44 -20 
86 0.1999998996 0.1999998996 0.3949998996 0.2000001004 0.2000001004 0.3950001004 0 2 16 -16 
87 0.1999473999 0.1999473999 0.3949473999 0.2000526001000003 0.3050526001 0.5000526001000005 0 2 16 -42 
88 0.1999473999 0.1999473999 0.1999473998999994 0.2000526001000003 0.3050526001 0.3050526001 0 2 22 -17 
89 0.1999473998999994 0.3949473999 0.3949473999 0.2000526001 0.5000526001 0.5000526001000005 0 2 41 -43 
90 0.1999473998999994 0.3949473999 0.1999473998999994 0.2000526001 0.5000526001 0.3050526001 0 2 44 -21 
91 0.1999998996 0.1999998996 0.3049998996 0.2000001004 0.2000001004 0.3050001004 0 2 17 -17 
92 0.1999998996 0.4999998996 0.3949998996 0.2000001004 0.5000001004 0.3950001004 0 2 43 -43 
93 0.1999998996 0.4999998996 0.3049998996 0.2000001004 0.5000001004 0.3050001004 0 2 44 -44 
94 0.4998498999 -0.0001501001 0.1998498999 0.5001501001000001 0.0001501001 0.5001501001000001 0 2 45 -26 
95 0.1998498999 -0.0001501001 0.4998498999 0.5001501001000001 0.0001501001 0.5001501001000001 0 2 13 -45 
96 0.1999473998999994 0.09494739990000003 0.4999473999 0.3050526001 0.2000526001 0.5000526001000005 0 2 15 -46 
97 0.30484984985 0.199849849849999 0.49984984985 0.39515015015 0.20015015015 0.5001501501500005 0 2 47 -46 
98 0.3949473999 0.09494739990000003 0.4999473999 0.5000526001000003 0.200052600099999 0.5000526001000005 0 2 47 -48 
99 0.49984984985 -0.0001501501500000002 0.49984984985 0.5001501501500003 0.09515015015000003 0.5001501501500005 0 2 48 -45 
100 0.1999473999 0.1999473999 0.3949473999 0.3050526001 0.2000526001 0.5000526001000001 0 2 16 -46 
101 0.1999998996 0.1999998996 0.3949998996 0.2000001004 0.2000001004 0.3950001004 0 2 16 -16 
102 0.1999473999 0.1999473999 0.1999473999 0.3050526001 0.2000526001 0.3050526001 0 2 30 -17 
103 0.3949473999 0.199947399899999 0.3949473999 0.5000526001 0.2000526001 0.5000526001000005 0 2 47 -49 
104 0.49984984985 0.19984984985 0.30484984985 0.50015015015 0.20015015015 0.39515015015 0 2 49 -50 
105 0.3949473999 0.199947399899999 0.1999473998999994 0.5000526001 0.2000526001 0.3050526001 0 2 50 -31 
106 0.1999998996 0.1999998996 0.3049998996 0.2000001004 0.2000001004 0.3050001004 0 2 17 -17 
107 0.4999473999 0.09494739990000003 0.3949473999 0.5000526001000003 0.2000526001 0.5000526001000005 0 2 48 -49 
108 0.4999473999 0.09494739990000003 0.1999473998999994 0.5000526001000003 0.2000526001 0.3050526001 0 2 50 -28 
109 0.4999998996 0.1999998996 0.3949998996 0.5000001004 0.2000001004 0.3950001004 0 2 49 -49 
110 0.4999998996 0.1999998996 0.3049998996 0.5000001004 0.2000001004 0.3050001004 0 2 50 -50 
111 -0.0001501001 0.4998498999 0.1998498999 0.0001501001 0.8001501001000001 0.2001501001 0 2 51 -18 
112 -0.0001501001 0.7998498999 -0.0001501000999999946 0.0001501001 0.8001501001000001 0.2001501001 0 2 51 -52 
113 -0.0001501001 0.4998498999 -0.0001501001 0.0001501001 0.8001501001000001 0.0001501001 0 2 19 -52 
114 -0.0001501501500000002 0.7998498498499998 0.1998498498499994 0.09515015015000003 0.80015015015 0.20015015015 0 2 53 -51 
115 0.09494739990000003 0.6949473999 0.1999473998999994 0.2000526000999994 0.8000526000999998 0.2000526001 0 2 53 -54 
116 0.1998498498499993 0.60484984985 0.1998498498499994 0.2001501501499994 0.6951501501499999 0.2001501501499994 0 2 54 -55 
117 0.09494739990000003 0.4999473999000001 0.1999473998999994 0.2000526000999993 0.6050526000999999 0.2000526001 0 2 55 -20 
118 0.09494739990000003 0.7999473998999999 0.09494739990000002 0.2000526001 0.8000526001 0.2000526000999994 0 2 53 -56 
119 0.19989984985 0.7998998498500001 -0.0001001501499999988 0.20010015015 0.80010015015 0.09510015015000002 0 2 56 -57 
120 -0.0001501000999999946 0.7998498999 -0.0001501001 0.2001501001 0.8001501001000001 0.0001501001 0 2 52 -57 
121 0.1998498999 0.4998498999 -0.0001501001 0.2001501001 0.8001501001000001 0.0001501001 0 2 24 -57 
122 0.1999998996 0.4999998996 0.09499989960000002 0.2000001004 0.5000001004 0.09500010040000001 0 2 23 -23 
123 0.1999473998999993 0.4999473999 0.09494739990000002 0.2000526001 0.6050526000999999 0.2000526000999994 0 2 23 -55 
124 0.1999473998999994 0.6949473999 0.09494739990000002 0.2000526001 0.8000526001 0.2000526000999994 0 2 54 -56 
125 0.1999998996 0.7999998996000001 0.09499989960000002 0.2000001004 0.8000001004 0.09500010040000001 0 2 56 -56 
126 0.1999473999000003 0.1999473999 0.1999473998999994 0.3050526001 0.3050526001 0.2000526001 0 2 30 -22 
127 0.1999998996 0.1999998996 0.09499989960000002 0.2000001004 0.2000001004 0.09500010040000001 0 2 9 -9 
128 0.1999473998999994 0.3949473999 0.1999473998999994 0.3050526001 0.5000526001 0.2000526001 0 2 21 -58 
129 0.30484984985 0.49984984985 0.1998498498499994 0.39515015015 0.5001501501500001 0.20015015015 0 2 59 -58 
130 0.3949473999 0.3949473999 0.1999473998999994 0.5000526001000003 0.5000526001000001 0.2000526001 0 2 59 -60 
131 0.4998498498500003 0.30484984985 0.1998498498499994 0.5001501501500003 0.39515015015 0.2001501501499994 0 2 60 -61 
132 0.3949473999 0.199947399899999 0.1999473998999994 0.5000526001000003 0.3050526001 0.2000526001 0 2 61 -31 
133 0.1999473999 0.4999473999 0.09494739990000002 0.3050526001 0.5000526001 0.2000526001 0 2 23 -58 
134 0.1999998996 0.4999998996 0.09499989960000002 0.2000001004 0.5000001004 0.09500010040000001 0 2 23 -23 
135 0.3949473999 0.4999473999 0.09494739990000002 0.5000526001 0.5000526001000001 0.2000526000999994 0 2 59 -62 
136 0.49984984985 0.49984984985 -0.0001501501500000002 0.50015015015 0.50015015015 0.09515015015000002 0 2 62 -63 
137 0.1998498999 0.4998498999 -0.0001501001 0.5001501001000001 0.5001501001000001 0.0001501001 0 2 24 -63 
138 0.4998498999 0.1998498999 -0.0001501001 0.5001501001000001 0.5001501001000001 0.0001501001 0 2 27 -63 
139 0.4999998996 0.1999998996 0.09499989960000002 0.5000001004 0.2000001004 0.09500010040000001 0 2 29 -29 
140 0.4999473999 0.1999473999 0.09494739990000002 0.5000526001000003 0.3050526001 0.2000526000999994 0 2 29 -61 
141 0.4999473999 0.3949473999 0.09494739990000002 0.5000526001000003 0.5000526001 0.2000526000999994 0 2 60 -62 
142 0.4999998996 0.4999998996 0.09499989960000002 0.5000001004 0.5000001004 0.09500010040000001 0 2 62 -62 
143 0.4998498999 -0.0001501001 -0.0001501001 0.8001501001000001 0.0001501001 0.0001501001 0 2 25 -64 
144 0.7998498999 -0.0001501001 -0.0001501000999999946 0.8001501001000001 0.0001501001 0.2001501001 0 2 65 -64 
145 0.4998498999 -0.0001501001 0.1998498999 0.8001501001000001 0.0001501001 0.2001501001 0 2 26 -65 
146 0.4998498999 0.1998498999 -0.0001501001 0.8001501001000001 0.2001501001 0.0001501001 0 2 27 -66 
147 0.7998498999 -0.0001501000999999946 -0.0001501001 0.8001501001000001 0.2001501001 0.0001501001 0 2 64 -66 
148 0.7998498498500001 -0.0001501501500000002 0.1998498498499994 0.8001501501500002 0.09515015015000003 0.20015015015 0 2 67 -65 
149 0.7999473999 0.09494739990000003 0.09494739990000002 0.8000526001000002 0.2000526001 0.2000526000999994 0 2 67 -68 
150 0.7998498498500001 0.19984984985 -0.0001501501500000002 0.80015015015 0.20015015015 0.09515015015000002 0 2 68 -66 
151 0.4999473999000003 0.09494739990000003 0.1999473998999994 0.6050526000999999 0.2000526001 0.2000526001 0 2 28 -69 
152 0.60484984985 0.199849849849999 0.1998498498499994 0.6951501501499999 0.20015015015 0.20015015015 0 2 70 -69 
153 0.6949473999 0.09494739990000003 0.1999473998999994 0.8000526001000002 0.200052600099999 0.2000526001 0 2 70 -67 
154 0.4999473999 0.1999473999 0.09494739989999999 0.6050526001000001 0.2000526001 0.2000526001 0 2 29 -69 
155 0.6949473999 0.199947399899999 0.09494739990000002 0.8000526001 0.2000526001 0.2000526000999994 0 2 70 -68 
156 0.7999998996000001 0.1999998996 0.09499989960000002 0.8000001004 0.2000001004 0.09500010040000001 0 2 68 -68 
157 0.4999998996 0.1999998996 0.09499989960000002 0.5000001004 0.2000001004 0.09500010040000001 0 2 29 -29 
158 -0.0001001001 -0.0001001001 0.7998998999000001 0.0001001001 0.0001001001 1.0001001001 0 2 32 -71 
159 -0.0001001001 -0.0001001001000000001 0.9998998999000001 0.0001001001 0.2001001001 1.0001001001 0 2 71 -72 
160 -0.0001001001 0.1998998999 0.7998998999000001 0.0001001001 0.2001001001 1.0001001001 0 2 72 -33 
161 0.1998998999 -0.0001001001 0.7998998999000001 0.2001001001 0.0001001001 1.0001001001 0 2 73 -34 
162 -0.0001001001000000001 -0.0001001001 0.9998998999000001 0.2001001001 0.0001001001 1.0001001001 0 2 71 -73 
163 -0.0001001001000000001 0.1998998999 0.9998998999000001 0.2001001001 0.2001001001 1.0001001001 0 2 74 -72 
164 0.1998998999 -0.0001001001000000001 0.9998998999000001 0.2001001001 0.2001001001 1.0001001001 0 2 74 -73 
165 0.19989984985 0.19989984985 0.90489984985 0.20010015015 0.20010015015 1.00010015015 0 2 74 -75 
166 0.09494739990000003 0.199947399899999 0.7999473999000004 0.2000526001 0.2000526001 0.9050526001 0 2 75 -35 
167 0.1999473998999994 0.09494739990000003 0.7999473999000004 0.2000526001 0.2000526001 0.9050526001 0 2 75 -36 
168 0.1999998996 0.1999998996 0.9049998996 0.2000001004 0.2000001004 0.9050001004 0 2 75 -75 
169 -0.0001501001 0.1998498999 0.7998498999 0.0001501001 0.5001501001000001 0.8001501001000001 0 2 76 -33 
170 -0.0001501001 0.4998498999 0.4998498999 0.0001501001 0.5001501001000001 0.8001501001000001 0 2 76 -39 
171 -0.0001501501500000002 0.49984984985 0.7998498498500001 0.09515015015000003 0.5001501501500001 0.8001501501500003 0 2 77 -76 
172 0.09494739990000003 0.3949473999 0.7999473999 0.2000526000999994 0.5000526001000001 0.8000526001000003 0 2 77 -78 
173 0.1998498498499994 0.30484984985 0.7998498498499994 0.2001501501500003 0.39515015015 0.8001501501500003 0 2 78 -79 
174 0.09494739990000003 0.199947399899999 0.7999473998999994 0.2000526001000003 0.3050526001 0.8000526001000003 0 2 79 -35 
175 0.09494739990000003 0.4999473999 0.6949473999000001 0.2000526001 0.5000526001000001 0.8000526001000003 0 2 77 -80 
176 0.19984984985 0.49984984985 0.60484984985 0.20015015015 0.50015015015 0.69515015015 0 2 80 -81 
177 0.09494739990000003 0.4999473999 0.4999473999000005 0.2000526001 0.5000526001000001 0.6050526000999999 0 2 81 -40 
178 0.1999998996 0.1999998996 0.6949998996000001 0.2000001004 0.2000001004 0.6950001004 0 2 37 -37 
179 0.1999473999 0.1999473999 0.6949473999000001 0.2000526001000003 0.3050526001 0.8000526000999993 0 2 37 -79 
180 0.1999473998999994 0.3949473999 0.6949473999000001 0.2000526001 0.5000526001 0.8000526001000003 0 2 78 -80 
181 0.1999473998999994 0.3949473999 0.4999473999000005 0.2000526001 0.5000526001 0.6050526000999999 0 2 81 -41 
182 0.1999473999 0.1999473999 0.4999473999000005 0.2000526001000003 0.3050526001 0.6050526000999999 0 2 42 -38 
183 0.1999998996 0.1999998996 0.6049998996 0.2000001004 0.2000001004 0.6050001004 0 2 38 -38 
184 0.1999998996 0.4999998996 0.6949998996000001 0.2000001004 0.5000001004 0.6950001004 0 2 80 -80 
185 0.1999998996 0.4999998996 0.6049998996 0.2000001004 0.5000001004 0.6050001004 0 2 81 -81 
186 0.4998498999 -0.0001501001 0.4998498999 0.5001501001000001 0.0001501001 0.8001501001000001 0 2 82 -45 
187 0.1998498999 -0.0001501001 0.7998498999 0.5001501001000001 0.0001501001 0.8001501001000001 0 2 34 -82 
188 0.1999473998999994 0.09494739990000003 0.7999473999 0.3050526001 0.2000526001 0.8000526001000003 0 2 36 -83 
189 0.30484984985 0.199849849849999 0.79984984985 0.39515015015 0.20015015015 0.8001501501500003 0 2 84 -83 
190 0.3949473999 0.09494739990000003 0.7999473999 0.5000526001000003 0.200052600099999 0.8000526001000003 0 2 84 -85 
191 0.49984984985 -0.0001501501500000002 0.7998498498500001 0.5001501501500003 0.09515015015000003 0.8001501501500003 0 2 85 -82 
192 0.1999473999 0.1999473999 0.6949473999 0.3050526001 0.2000526001 0.8000526001 0 2 37 -83 
193 0.1999998996 0.1999998996 0.6949998996000001 0.2000001004 0.2000001004 0.6950001004 0 2 37 -37 
194 0.3949473999 0.199947399899999 0.6949473999000001 0.5000526001 0.2000526001 0.8000526001000003 0 2 84 -86 
195 0.49984984985 0.19984984985 0.60484984985 0.50015015015 0.20015015015 0.69515015015 0 2 86 -87 
196 0.3949473999 0.199947399899999 0.4999473999000005 0.5000526001 0.2000526001 0.6050526000999999 0 2 87 -47 
197 0.1999473999 0.1999473999 0.4999473999 0.3050526001 0.2000526001 0.6050526001000001 0 2 46 -38 
198 0.1999998996 0.1999998996 0.6049998996 0.2000001004 0.2000001004 0.6050001004 0 2 38 -38 
199 0.4999473999 0.09494739990000003 0.6949473999000001 0.5000526001000003 0.2000526001 0.8000526001000003 0 2 85 -86 
200 0.4999473999 0.09494739990000003 0.4999473999000005 0.5000526001000003 0.2000526001 0.6050526000999999 0 2 87 -48 
201 0.4999998996 0.1999998996 0.6949998996000001 0.5000001004 0.2000001004 0.6950001004 0 2 86 -86 
202 0.4999998996 0.1999998996 0.6049998996 0.5000001004 0.2000001004 0.6050001004 0 2 87 -87 
203 -0.0001501001 0.4998498999 0.4998498999 0.0001501001 0.8001501001000001 0.5001501001000001 0 2 88 -39 
204 -0.0001501001 0.7998498999 0.1998498999 0.0001501001 0.8001501001000001 0.5001501001000001 0 2 88 -51 
205 -0.0001501501500000002 0.7998498498499998 0.49984984985 0.09515015015000003 0.80015015015 0.5001501501500005 0 2 89 -88 
206 0.09494739990000003 0.6949473999 0.4999473999 0.2000526000999994 0.8000526000999998 0.5000526001000005 0 2 89 -90 
207 0.1998498498499993 0.60484984985 0.4998498498500006 0.2001501501499994 0.6951501501499999 0.5001501501500005 0 2 90 -91 
208 0.09494739990000003 0.4999473999000001 0.4999473999 0.2000526000999993 0.6050526000999999 0.5000526001000005 0 2 91 -40 
209 0.09494739990000003 0.7999473998999999 0.3949473999 0.2000526001 0.8000526001 0.5000526001000005 0 2 89 -92 
210 0.19984984985 0.7998498498500001 0.30484984985 0.20015015015 0.80015015015 0.39515015015 0 2 92 -93 
211 0.09494739990000003 0.7999473998999999 0.1999473998999994 0.2000526001 0.8000526001 0.3050526001 0 2 93 -53 
212 0.1999998996 0.4999998996 0.3949998996 0.2000001004 0.5000001004 0.3950001004 0 2 43 -43 
213 0.1999473998999993 0.4999473999 0.3949473999 0.2000526001 0.6050526000999999 0.5000526001000005 0 2 43 -91 
214 0.1999473998999993 0.4999473999 0.1999473998999994 0.2000526001 0.6050526000999999 0.3050526001 0 2 55 -44 
215 0.1999473998999994 0.6949473999 0.3949473999 0.2000526001 0.8000526001 0.5000526001000005 0 2 90 -92 
216 0.1999473998999994 0.6949473999 0.1999473998999994 0.2000526001 0.8000526001 0.3050526001 0 2 93 -54 
217 0.1999998996 0.4999998996 0.3049998996 0.2000001004 0.5000001004 0.3050001004 0 2 44 -44 
218 0.1999998996 0.7999998996000001 0.3949998996 0.2000001004 0.8000001004 0.3950001004 0 2 92 -92 
219 0.1999998996 0.7999998996000001 0.3049998996 0.2000001004 0.8000001004 0.3050001004 0 2 93 -93 
220 0.1999998996 0.1999998996 0.3049998996 0.2000001004 0.2000001004 0.3050001004 0 2 17 -17 
221 0.1999473999000003 0.1999473999 0.4999473999 0.3050526001 0.3050526001 0.5000526001000005 0 2 46 -42 
222 0.1999998996 0.1999998996 0.3949998996 0.2000001004 0.2000001004 0.3950001004 0 2 16 -16 
223 0.1999473998999994 0.3949473999 0.4999473999 0.3050526001 0.5000526001 0.5000526001000005 0 2 41 -94 
224 0.30484984985 0.49984984985 0.49984984985 0.39515015015 0.5001501501500001 0.5001501501500005 0 2 95 -94 
225 0.3949473999 0.3949473999 0.4999473999 0.5000526001000003 0.5000526001000001 0.5000526001000005 0 2 95 -96 
226 0.4998498498500003 0.30484984985 0.4998498498500005 0.5001501501500003 0.39515015015 0.5001501501500005 0 2 96 -97 
227 0.3949473999 0.199947399899999 0.4999473999 0.5000526001000003 0.3050526001 0.5000526001000005 0 2 97 -47 
228 0.1999473999 0.4999473999 0.3949473999 0.3050526001 0.5000526001 0.5000526001 0 2 43 -94 
229 0.1999998996 0.4999998996 0.3949998996 0.2000001004 0.5000001004 0.3950001004 0 2 43 -43 
230 0.1999473999 0.4999473999 0.1999473999 0.3050526001 0.5000526001 0.3050526001 0 2 58 -44 
231 0.3949473999 0.4999473999 0.3949473999 0.5000526001 0.5000526001000001 0.5000526001000005 0 2 95 -98 
232 0.49984984985 0.49984984985 0.30484984985 0.50015015015 0.50015015015 0.39515015015 0 2 98 -99 
233 0.3949473999 0.4999473999 0.1999473998999994 0.5000526001 0.5000526001000001 0.3050526001 0 2 99 -59 
234 0.1999998996 0.4999998996 0.3049998996 0.2000001004 0.5000001004 0.3050001004 0 2 44 -44 
235 0.4999998996 0.1999998996 0.3949998996 0.5000001004 0.2000001004 0.3950001004 0 2 49 -49 
236 0.4999473999 0.1999473999 0.3949473999 0.5000526001000003 0.3050526001 0.5000526001000005 0 2 49 -97 
237 0.4999473999 0.1999473999 0.1999473998999994 0.5000526001000003 0.3050526001 0.3050526001 0 2 61 -50 
238 0.4999473999 0.3949473999 0.3949473999 0.5000526001000003 0.5000526001 0.5000526001000005 0 2 96 -98 
239 0.4999473999 0.3949473999 0.1999473998999994 0.5000526001000003 0.5000526001 0.3050526001 0 2 99 -60 
240 0.4999998996 0.1999998996 0.3049998996 0.5000001004 0.2000001004 0.3050001004 0 2 50 -50 
241 0.4999998996 0.4999998996 0.3949998996 0.5000001004 0.5000001004 0.3950001004 0 2 98 -98 
242 0.4999998996 0.4999998996 0.3049998996 0.5000001004 0.5000001004 0.3050001004 0 2 99 -99 
243 0.7998498999 -0.0001501001 0.1998498999 0.8001501001000001 0.0001501001 0.5001501001000001 0 2 100 -65 
244 0.4998498999 -0.0001501001 0.4998498999 0.8001501001000001 0.0001501001 0.5001501001000001 0 2 45 -100 
245 0.4999473999000003 0.09494739990000003 0.4999473999 0.6050526000999999 0.2000526001 0.5000526001000005 0 2 48 -101 
246 0.60484984985 0.199849849849999 0.49984984985 0.6951501501499999 0.20015015015 0.5001501501500005 0 2 102 -101 
247 0.6949473999 0.09494739990000003 0.4999473999 0.8000526001000002 0.200052600099999 0.5000526001000005 0 2 102 -103 
248 0.7998498498500001 -0.0001501501500000002 0.49984984985 0.8001501501500002 0.09515015015000003 0.5001501501500005 0 2 103 -100 
249 0.4999473999 0.1999473999 0.3949473999 0.6050526001000001 0.2000526001 0.5000526001000001 0 2 49 -101 
250 0.4999998996 0.1999998996 0.3949998996 0.5000001004 0.2000001004 0.3950001004 0 2 49 -49 
251 0.4999473999 0.1999473999 0.1999473999 0.6050526001000001 0.2000526001 0.3050526001 0 2 69 -50 
252 0.6949473999 0.199947399899999 0.3949473999 0.8000526001 0.2000526001 0.5000526001000005 0 2 102 -104 
253 0.7998498498500001 0.19984984985 0.30484984985 0.80015015015 0.20015015015 0.39515015015 0 2 104 -105 
254 0.6949473999 0.199947399899999 0.1999473998999994 0.8000526001 0.2000526001 0.3050526001 0 2 105 -70 
255 0.4999998996 0.1999998996 0.3049998996 0.5000001004 0.2000001004 0.3050001004 0 2 50 -50 
256 0.7999473999 0.09494739990000003 0.3949473999 0.8000526001000002 0.2000526001 0.5000526001000005 0 2 103 -104 
257 0.7999473999 0.09494739990000003 0.1999473998999994 0.8000526001000002 0.2000526001 0.3050526001 0 2 105 -67 
258 0.7999998996000001 0.1999998996 0.3949998996 0.8000001004 0.2000001004 0.3950001004 0 2 104 -104 
259 0.7999998996000001 0.1999998996 0.3049998996 0.8000001004 0.2000001004 0.3050001004 0 2 105 -105 
260 -0.0001001001 0.7998998999000001 0.1998998999 0.0001001001 1.0001001001 0.2001001001 0 2 106 -51 
261 -0.0001001001 0.9998998999000001 -0.0001001001000000001 0.0001001001 1.0001001001 0.2001001001 0 2 107 -106 
262 -0.0001001001 0.7998998999000001 -0.0001001001 0.0001001001 1.0001001001 0.0001001001 0 2 52 -107 
263 -0.0001001001000000001 0.9998998999000001 0.1998998999 0.2001001001 1.0001001001 0.2001001001 0 2 108 -106 
264 0.1998998498499993 0.9048998498499999 0.1998998498499994 0.20010015015 1.00010015015 0.20010015015 0 2 108 -109 
265 0.09494739990000003 0.7999473998999999 0.1999473998999994 0.2000526000999993 0.9050526000999999 0.2000526001 0 2 109 -53 
266 -0.0001001001000000001 0.9998998999000001 -0.0001001001 0.2001001001 1.0001001001 0.0001001001 0 2 107 -110 
267 0.1998998999 0.9998998999000001 -0.0001001001000000001 0.2001001001 1.0001001001 0.2001001001 0 2 110 -108 
268 0.1998998999 0.7998998999000001 -0.0001001001 0.2001001001 1.0001001001 0.0001001001 0 2 57 -110 
269 0.1999998996 0.7999998996000001 0.09499989960000002 0.2000001004 0.8000001004 0.09500010040000001 0 2 56 -56 
270 0.1999473998999993 0.7999473999000001 0.09494739990000002 0.2000526001 0.9050526000999999 0.2000526000999994 0 2 56 -109 
271 0.1999473998999993 0.4999473999 0.1999473998999994 0.3050526001 0.6050526000999999 0.2000526001 0 2 58 -55 
272 0.1999998996 0.4999998996 0.09499989960000002 0.2000001004 0.5000001004 0.09500010040000001 0 2 23 -23 
273 0.1999473998999994 0.6949473999 0.1999473998999994 0.3050526001 0.8000526001 0.2000526001 0 2 54 -111 
274 0.30484984985 0.7998498498499998 0.1998498498499994 0.39515015015 0.80015015015 0.20015015015 0 2 112 -111 
275 0.3949473999 0.6949473999 0.1999473998999994 0.5000526000999994 0.8000526000999998 0.2000526001 0 2 112 -113 
276 0.4998498498499994 0.60484984985 0.1998498498499994 0.5001501501500003 0.6951501501499999 0.2001501501499994 0 2 113 -114 
277 0.3949473999 0.4999473999000001 0.1999473998999994 0.5000526001000003 0.6050526000999999 0.2000526001 0 2 114 -59 
278 0.1999473998999999 0.7999473999 0.09494739989999991 0.3050526001000001 0.8000526001000001 0.2000526001000001 0 2 56 -111 
279 0.1999998996 0.7999998996000001 0.09499989960000002 0.2000001004 0.8000001004 0.09500010040000001 0 2 56 -56 
280 0.3949473999 0.7999473998999999 0.09494739990000002 0.5000526001 0.8000526001 0.2000526000999994 0 2 112 -115 
281 0.49984984985 0.7998498498500001 -0.0001501501500000002 0.50015015015 0.80015015015 0.09515015015000002 0 2 115 -116 
282 0.1998498999 0.7998498999 -0.0001501001 0.5001501001000001 0.8001501001000001 0.0001501001 0 2 57 -116 
283 0.4998498999 0.4998498999 -0.0001501001 0.5001501001000001 0.8001501001000001 0.0001501001 0 2 63 -116 
284 0.4999998996 0.4999998996 0.09499989960000002 0.5000001004 0.5000001004 0.09500010040000001 0 2 62 -62 
285 0.4999473999 0.4999473999 0.09494739990000002 0.5000526001000003 0.6050526000999999 0.2000526000999994 0 2 62 -114 
286 0.4999473998999994 0.6949473999 0.09494739990000002 0.5000526001 0.8000526001 0.2000526000999994 0 2 113 -115 
287 0.4999998996 0.7999998996000001 0.09499989960000002 0.5000001004 0.8000001004 0.09500010040000001 0 2 115 -115 
288 0.4999473999000003 0.1999473999 0.1999473998999994 0.6050526000999999 0.3050526001 0.2000526001 0 2 69 -61 
289 0.4999998996 0.1999998996 0.09499989960000002 0.5000001004 0.2000001004 0.09500010040000001 0 2 29 -29 
290 0.4999473999000003 0.3949473999 0.1999473998999994 0.6050526000999999 0.5000526001 0.2000526001 0 2 60 -117 
291 0.60484984985 0.49984984985 0.1998498498499994 0.6951501501499999 0.5001501501500001 0.20015015015 0 2 118 -117 
292 0.6949473999 0.3949473999 0.1999473998999994 0.8000526001000002 0.5000526001000001 0.2000526001 0 2 118 -119 
293 0.7998498498500003 0.30484984985 0.1998498498499994 0.8001501501500002 0.39515015015 0.2001501501499994 0 2 119 -120 
294 0.6949473999 0.199947399899999 0.1999473998999994 0.8000526001000002 0.3050526001 0.2000526001 0 2 120 -70 
295 0.4999473999 0.4999473999 0.09494739990000002 0.6050526000999999 0.5000526001 0.2000526001 0 2 62 -117 
296 0.4999998996 0.4999998996 0.09499989960000002 0.5000001004 0.5000001004 0.09500010040000001 0 2 62 -62 
297 0.6949473999 0.4999473999 0.09494739990000002 0.8000526001 0.5000526001000001 0.2000526000999994 0 2 118 -121 
298 0.7998498498500001 0.49984984985 -0.0001501501500000002 0.80015015015 0.50015015015 0.09515015015000002 0 2 121 -122 
299 0.4998498999 0.4998498999 -0.0001501001 0.8001501001000001 0.5001501001000001 0.0001501001 0 2 63 -122 
300 0.7998498999 0.1998498999 -0.0001501001 0.8001501001000001 0.5001501001000001 0.0001501001 0 2 66 -122 
301 0.7999998996000001 0.1999998996 0.09499989960000002 0.8000001004 0.2000001004 0.09500010040000001 0 2 68 -68 
302 0.7999473999 0.1999473999 0.09494739990000002 0.8000526001000002 0.3050526001 0.2000526000999994 0 2 68 -120 
303 0.7999473999 0.3949473999 0.09494739990000002 0.8000526001000002 0.5000526001 0.2000526000999994 0 2 119 -121 
304 0.7999998996000001 0.4999998996 0.09499989960000002 0.8000001004 0.5000001004 0.09500010040000001 0 2 121 -121 
305 0.7998998999000001 -0.0001001001 -0.0001001001 1.0001001001 0.0001001001 0.0001001001 0 2 64 -123 
306 0.9998998999000001 -0.0001001001 -0.0001001001000000001 1.0001001001 0.0001001001 0.2001001001 0 2 123 -124 
307 0.7998998999000001 -0.0001001001 0.1998998999 1.0001001001 0.0001001001 0.2001001001 0 2 65 -124 
308 0.7998998999000001 0.1998998999 -0.0001001001 1.0001001001 0.2001001001 0.0001001001 0 2 66 -125 
309 0.9998998999000001 -0.0001001001000000001 -0.0001001001 1.0001001001 0.2001001001 0.0001001001 0 2 123 -125 
310 0.9998998999000001 -0.0001001001000000001 0.1998998999 1.0001001001 0.2001001001 0.2001001001 0 2 124 -126 
311 0.9998998999000001 0.1998998999 -0.0001001001000000001 1.0001001001 0.2001001001 0.2001001001 0 2 125 -126 
312 0.7999473999000003 0.09494739990000003 0.1999473998999994 0.9050526001 0.2000526001 0.2000526001 0 2 67 -127 
313 0.90489984985 0.19989984985 0.19989984985 1.00010015015 0.20010015015 0.20010015015 0 2 126 -127 
314 0.7999473999 0.1999473999 0.09494739989999999 0.9050526001000001 0.2000526001 0.2000526001 0 2 68 -127 
315 0.7999998996000001 0.1999998996 0.09499989960000002 0.8000001004 0.2000001004 0.09500010040000001 0 2 68 -68 
316 -0.0001501001 0.1998498999 0.9998498998999999 0.0001501001 0.5001501001000001 1.0001501001 0 2 72 -128 
317 -0.0001501001 0.4998498999 0.7998498999 0.0001501001 0.5001501001000001 1.0001501001 0 2 128 -76 
318 -0.0001501000999999946 0.4998498999 0.9998498998999999 0.2001501001 0.5001501001000001 1.0001501001 0 2 129 -128 
319 0.1998498999 0.1998498999 0.9998498998999999 0.2001501001 0.5001501001000001 1.0001501001 0 2 129 -74 
320 0.19989984985 0.49989984985 0.90489984985 0.20010015015 0.50010015015 1.00010015015 0 2 129 -130 
321 0.09494739990000003 0.4999473999 0.7999473999000004 0.2000526001 0.5000526001000001 0.9050526001 0 2 130 -77 
322 0.1999473998999994 0.3949473999 0.7999473999000004 0.2000526001 0.5000526001 0.9050526001 0 2 130 -78 
323 0.1999473999 0.1999473999 0.7999473998999994 0.2000526001000003 0.3050526001 0.9050526001 0 2 79 -75 
324 0.1999998996 0.1999998996 0.9049998996 0.2000001004 0.2000001004 0.9050001004 0 2 75 -75 
325 0.1999998996 0.4999998996 0.9049998996 0.2000001004 0.5000001004 0.9050001004 0 2 130 -130 
326 0.4998498999 -0.0001501001 0.7998498999 0.5001501001000001 0.0001501001 1.0001501001 0 2 131 -82 
327 0.1998498999 -0.0001501001 0.9998498998999999 0.5001501001000001 0.0001501001 1.0001501001 0 2 73 -131 
328 0.1998498999 0.1998498999 0.9998498998999999 0.5001501001000001 0.2001501001 1.0001501001 0 2 132 -74 
329 0.4998498999 -0.0001501000999999946 0.9998498998999999 0.5001501001000001 0.2001501001 1.0001501001 0 2 132 -131 
330 0.49984984985 0.19984984985 0.9048498498500001 0.50015015015 0.20015015015 1.00015015015 0 2 132 -133 
331 0.3949473999 0.199947399899999 0.7999473999000004 0.5000526001 0.2000526001 0.9050526001 0 2 133 -84 
332 0.1999473999 0.1999473999 0.7999473998999999 0.3050526001 0.2000526001 0.9050526001000001 0 2 83 -75 
333 0.1999998996 0.1999998996 0.9049998996 0.2000001004 0.2000001004 0.9050001004 0 2 75 -75 
334 0.4999473999 0.09494739990000003 0.7999473999000004 0.5000526001000003 0.2000526001 0.9050526001 0 2 133 -85 
335 0.4999998996 0.1999998996 0.9049998996 0.5000001004 0.2000001004 0.9050001004 0 2 133 -133 
336 -0.0001501001 0.4998498999 0.7998498999 0.0001501001 0.8001501001000001 0.8001501001000001 0 2 134 -76 
337 -0.0001501001 0.7998498999 0.4998498999 0.0001501001 0.8001501001000001 0.8001501001000001 0 2 134 -88 
338 -0.0001501501500000002 0.7998498498499998 0.7998498498500001 0.09515015015000003 0.80015015015 0.8001501501500003 0 2 135 -134 
339 0.09494739990000003 0.6949473999 0.7999473999 0.2000526000999994 0.8000526000999998 0.8000526001000003 0 2 135 -136 
340 0.1998498498499993 0.60484984985 0.7998498498499994 0.2001501501499994 0.6951501501499999 0.8001501501500003 0 2 136 -137 
341 0.09494739990000003 0.4999473999000001 0.7999473998999994 0.2000526000999993 0.6050526000999999 0.8000526001000003 0 2 137 -77 
342 0.09494739990000003 0.7999473998999999 0.6949473999000001 0.2000526001 0.8000526001 0.8000526001000003 0 2 135 -138 
343 0.19984984985 0.7998498498500001 0.60484984985 0.20015015015 0.80015015015 0.69515015015 0 2 138 -139 
344 0.09494739990000003 0.7999473998999999 0.4999473999000005 0.2000526001 0.8000526001 0.6050526000999999 0 2 139 -89 
345 0.1999998996 0.4999998996 0.6949998996000001 0.2000001004 0.5000001004 0.6950001004 0 2 80 -80 
346 0.1999473998999993 0.4999473999 0.6949473999000001 0.2000526001 0.6050526000999999 0.8000526000999993 0 2 80 -137 
347 0.1999473998999993 0.4999473999 0.4999473999000005 0.2000526001 0.6050526000999999 0.6050526000999999 0 2 91 -81 
348 0.1999473998999994 0.6949473999 0.6949473999000001 0.2000526001 0.8000526001 0.8000526001000003 0 2 136 -138 
349 0.1999473998999994 0.6949473999 0.4999473999000005 0.2000526001 0.8000526001 0.6050526000999999 0 2 139 -90 
350 0.1999998996 0.4999998996 0.6049998996 0.2000001004 0.5000001004 0.6050001004 0 2 81 -81 
351 0.1999998996 0.7999998996000001 0.6949998996000001 0.2000001004 0.8000001004 0.6950001004 0 2 138 -138 
352 0.1999998996 0.7999998996000001 0.6049998996 0.2000001004 0.8000001004 0.6050001004 0 2 139 -139 
353 0.1999473999000003 0.1999473999 0.7999473998999994 0.3050526001 0.3050526001 0.8000526000999999 0 2 83 -79 
354 0.1999998996 0.1999998996 0.6949998996000001 0.2000001004 0.2000001004 0.6950001004 0 2 37 -37 
355 0.1999473998999994 0.3949473999 0.7999473999 0.3050526001 0.5000526001 0.8000526001000003 0 2 78 -140 
356 0.30484984985 0.49984984985 0.79984984985 0.39515015015 0.5001501501500001 0.8001501501500003 0 2 141 -140 
357 0.3949473999 0.3949473999 0.7999473999 0.5000526001000003 0.5000526001000001 0.8000526001000003 0 2 141 -142 
358 0.4998498498500003 0.30484984985 0.7998498498499994 0.5001501501500003 0.39515015015 0.8001501501500003 0 2 142 -143 
359 0.3949473999 0.199947399899999 0.7999473998999994 0.5000526001000003 0.3050526001 0.8000526001000003 0 2 143 -84 
360 0.1999473999 0.4999473999 0.6949473999000001 0.3050526001 0.5000526001 0.8000526000999999 0 2 80 -140 
361 0.1999998996 0.4999998996 0.6949998996000001 0.2000001004 0.5000001004 0.6950001004 0 2 80 -80 
362 0.3949473999 0.4999473999 0.6949473999000001 0.5000526001 0.5000526001000001 0.8000526001000003 0 2 141 -144 
363 0.49984984985 0.49984984985 0.60484984985 0.50015015015 0.50015015015 0.69515015015 0 2 144 -145 
364 0.3949473999 0.4999473999 0.4999473999000005 0.5000526001 0.5000526001000001 0.6050526000999999 0 2 145 -95 
365 0.1999473999 0.4999473999 0.4999473999 0.3050526001 0.5000526001 0.6050526000999999 0 2 94 -81 
366 0.1999998996 0.4999998996 0.6049998996 0.2000001004 0.5000001004 0.6050001004 0 2 81 -81 
367 0.1999998996 0.1999998996 0.6049998996 0.2000001004 0.2000001004 0.6050001004 0 2 38 -38 
368 0.4999998996 0.1999998996 0.6949998996000001 0.5000001004 0.2000001004 0.6950001004 0 2 86 -86 
369 0.4999473999 0.1999473999 0.6949473999000001 0.5000526001000003 0.3050526001 0.8000526000999993 0 2 86 -143 
370 0.4999473999 0.3949473999 0.6949473999000001 0.5000526001000003 0.5000526001 0.8000526001000003 0 2 142 -144 
371 0.4999473999 0.3949473999 0.4999473999000005 0.5000526001000003 0.5000526001 0.6050526000999999 0 2 145 -96 
372 0.4999473999 0.1999473999 0.4999473999000005 0.5000526001000003 0.3050526001 0.6050526000999999 0 2 97 -87 
373 0.4999998996 0.1999998996 0.6049998996 0.5000001004 0.2000001004 0.6050001004 0 2 87 -87 
374 0.4999998996 0.4999998996 0.6949998996000001 0.5000001004 0.5000001004 0.6950001004 0 2 144 -144 
375 0.4999998996 0.4999998996 0.6049998996 0.5000001004 0.5000001004 0.6050001004 0 2 145 -145 
376 0.7998498999 -0.0001501001 0.4998498999 0.8001501001000001 0.0001501001 0.8001501001000001 0 2 146 -100 
377 0.4998498999 -0.0001501001 0.7998498999 0.8001501001000001 0.0001501001 0.8001501001000001 0 2 82 -146 
378 0.4999473999000003 0.09494739990000003 0.7999473999 0.6050526000999999 0.2000526001 0.8000526001000003 0 2 85 -147 
379 0.60484984985 0.199849849849999 0.79984984985 0.6951501501499999 0.20015015015 0.8001501501500003 0 2 148 -147 
380 0.6949473999 0.09494739990000003 0.7999473999 0.8000526001000002 0.200052600099999 0.8000526001000003 0 2 148 -149 
381 0.7998498498500001 -0.0001501501500000002 0.7998498498500001 0.8001501501500002 0.09515015015000003 0.8001501501500003 0 2 149 -146 
382 0.4999473999 0.1999473999 0.6949473999 0.6050526001000001 0.2000526001 0.8000526001 0 2 86 -147 
383 0.4999998996 0.1999998996 0.6949998996000001 0.5000001004 0.2000001004 0.6950001004 0 2 86 -86 
384 0.4999473999 0.1999473999 0.4999473999 0.6050526001000001 0.2000526001 0.6050526001000001 0 2 101 -87 
385 0.6949473999 0.199947399899999 0.6949473999000001 0.8000526001 0.2000526001 0.8000526001000003 0 2 148 -150 
386 0.7998498498500001 0.19984984985 0.60484984985 0.80015015015 0.20015015015 0.69515015015 0 2 150 -151 
387 0.6949473999 0.199947399899999 0.4999473999000005 0.8000526001 0.2000526001 0.6050526000999999 0 2 151 -102 
388 0.4999998996 0.1999998996 0.6049998996 0.5000001004 0.2000001004 0.6050001004 0 2 87 -87 
389 0.7999473999 0.09494739990000003 0.6949473999000001 0.8000526001000002 0.2000526001 0.8000526001000003 0 2 149 -150 
390 0.7999473999 0.09494739990000003 0.4999473999000005 0.8000526001000002 0.2000526001 0.6050526000999999 0 2 151 -103 
391 0.7999998996000001 0.1999998996 0.6949998996000001 0.8000001004 0.2000001004 0.6950001004 0 2 150 -150 
392 0.7999998996000001 0.1999998996 0.6049998996 0.8000001004 0.2000001004 0.6050001004 0 2 151 -151 
393 -0.0001501001 0.7998498999 0.4998498999 0.0001501001 1.0001501001 0.5001501001000001 0 2 152 -88 
394 -0.0001501001 0.9998498998999999 0.1998498999 0.0001501001 1.0001501001 0.5001501001000001 0 2 106 -152 
395 -0.0001501000999999946 0.9998498998999999 0.4998498999 0.2001501001 1.0001501001 0.5001501001000001 0 2 153 -152 
396 0.1998998498499993 0.9048998498499999 0.49989984985 0.20010015015 1.00010015015 0.5001001501500005 0 2 153 -154 
397 0.09494739990000003 0.7999473998999999 0.4999473999 0.2000526000999993 0.9050526000999999 0.5000526001000005 0 2 154 -89 
398 0.1998498999 0.9998498998999999 0.1998498999 0.2001501001 1.0001501001 0.5001501001000001 0 2 108 -153 
399 0.1999998996 0.7999998996000001 0.3949998996 0.2000001004 0.8000001004 0.3950001004 0 2 92 -92 
400 0.1999473998999993 0.7999473999000001 0.3949473999 0.2000526001 0.9050526000999999 0.5000526001000005 0 2 92 -154 
401 0.1999473998999993 0.7999473999000001 0.1999473998999994 0.2000526001 0.9050526000999999 0.3050526001 0 2 109 -93 
402 0.1999998996 0.7999998996000001 0.3049998996 0.2000001004 0.8000001004 0.3050001004 0 2 93 -93 
403 0.1999998996 0.4999998996 0.3049998996 0.2000001004 0.5000001004 0.3050001004 0 2 44 -44 
404 0.1999473998999993 0.4999473999 0.4999473999 0.3050526001 0.6050526000999999 0.5000526001000005 0 2 94 -91 
405 0.1999998996 0.4999998996 0.3949998996 0.2000001004 0.5000001004 0.3950001004 0 2 43 -43 
406 0.1999473998999994 0.6949473999 0.4999473999 0.3050526001 0.8000526001 0.5000526001000005 0 2 90 -155 
407 0.30484984985 0.7998498498499998 0.49984984985 0.39515015015 0.80015015015 0.5001501501500005 0 2 156 -155 
408 0.3949473999 0.6949473999 0.4999473999 0.5000526000999994 0.8000526000999998 0.5000526001000005 0 2 156 -157 
409 0.4998498498499994 0.60484984985 0.4998498498500005 0.5001501501500003 0.6951501501499999 0.5001501501500005 0 2 157 -158 
410 0.3949473999 0.4999473999000001 0.4999473999 0.5000526001000003 0.6050526000999999 0.5000526001000005 0 2 158 -95 
411 0.1999473998999999 0.7999473999 0.3949473998999999 0.3050526001000001 0.8000526001000001 0.5000526001000001 0 2 92 -155 
412 0.1999998996 0.7999998996000001 0.3949998996 0.2000001004 0.8000001004 0.3950001004 0 2 92 -92 
413 0.1999473998999999 0.7999473999 0.1999473998999999 0.3050526001000001 0.8000526001000001 0.3050526001000001 0 2 111 -93 
414 0.3949473999 0.7999473998999999 0.3949473999 0.5000526001 0.8000526001 0.5000526001000005 0 2 156 -159 
415 0.49984984985 0.7998498498500001 0.30484984985 0.50015015015 0.80015015015 0.39515015015 0 2 159 -160 
416 0.3949473999 0.7999473998999999 0.1999473998999994 0.5000526001 0.8000526001 0.3050526001 0 2 160 -112 
417 0.1999998996 0.7999998996000001 0.3049998996 0.2000001004 0.8000001004 0.3050001004 0 2 93 -93 
418 0.4999998996 0.4999998996 0.3949998996 0.5000001004 0.5000001004 0.3950001004 0 2 98 -98 
419 0.4999473999 0.4999473999 0.3949473999 0.5000526001000003 0.6050526000999999 0.5000526001000005 0 2 98 -158 
420 0.4999473999 0.4999473999 0.1999473998999994 0.5000526001000003 0.6050526000999999 0.3050526001 0 2 114 -99 
421 0.4999473998999994 0.6949473999 0.3949473999 0.5000526001 0.8000526001 0.5000526001000005 0 2 157 -159 
422 0.4999473998999994 0.6949473999 0.1999473998999994 0.5000526001 0.8000526001 0.3050526001 0 2 160 -113 
423 0.4999998996 0.4999998996 0.3049998996 0.5000001004 0.5000001004 0.3050001004 0 2 99 -99 
424 0.4999998996 0.7999998996000001 0.3949998996 0.5000001004 0.8000001004 0.3950001004 0 2 159 -159 
425 0.4999998996 0.7999998996000001 0.3049998996 0.5000001004 0.8000001004 0.3050001004 0 2 160 -160 
426 0.4999998996 0.1999998996 0.3049998996 0.5000001004 0.2000001004 0.3050001004 0 2 50 -50 
427 0.4999473999000003 0.1999473999 0.4999473999 0.6050526000999999 0.3050526001 0.5000526001000005 0 2 101 -97 
428 0.4999998996 0.1999998996 0.3949998996 0.5000001004 0.2000001004 0.3950001004 0 2 49 -49 
429 0.4999473999000003 0.3949473999 0.4999473999 0.6050526000999999 0.5000526001 0.5000526001000005 0 2 96 -161 
430 0.60484984985 0.49984984985 0.49984984985 0.6951501501499999 0.5001501501500001 0.5001501501500005 0 2 162 -161 
431 0.6949473999 0.3949473999 0.4999473999 0.8000526001000002 0.5000526001000001 0.5000526001000005 0 2 162 -163 
432 0.7998498498500003 0.30484984985 0.4998498498500006 0.8001501501500002 0.39515015015 0.5001501501500005 0 2 163 -164 
433 0.6949473999 0.199947399899999 0.4999473999 0.8000526001000002 0.3050526001 0.5000526001000005 0 2 164 -102 
434 0.4999473999 0.4999473999 0.3949473999 0.6050526000999999 0.5000526001 0.5000526001 0 2 98 -161 
435 0.4999998996 0.4999998996 0.3949998996 0.5000001004 0.5000001004 0.3950001004 0 2 98 -98 
436 0.4999473999 0.4999473999 0.1999473999 0.6050526000999999 0.5000526001 0.3050526001 0 2 117 -99 
437 0.6949473999 0.4999473999 0.3949473999 0.8000526001 0.5000526001000001 0.5000526001000005 0 2 162 -165 
438 0.7998498498500001 0.49984984985 0.30484984985 0.80015015015 0.50015015015 0.39515015015 0 2 165 -166 
439 0.6949473999 0.4999473999 0.1999473998999994 0.8000526001 0.5000526001000001 0.3050526001 0 2 166 -118 
440 0.4999998996 0.4999998996 0.3049998996 0.5000001004 0.5000001004 0.3050001004 0 2 99 -99 
441 0.7999998996000001 0.1999998996 0.3949998996 0.8000001004 0.2000001004 0.3950001004 0 2 104 -104 
442 0.7999473999 0.1999473999 0.3949473999 0.8000526001000002 0.3050526001 0.5000526001000005 0 2 104 -164 
443 0.7999473999 0.1999473999 0.1999473998999994 0.8000526001000002 0.3050526001 0.3050526001 0 2 120 -105 
444 0.7999473999 0.3949473999 0.3949473999 0.8000526001000002 0.5000526001 0.5000526001000005 0 2 163 -165 
445 0.7999473999 0.3949473999 0.1999473998999994 0.8000526001000002 0.5000526001 0.3050526001 0 2 166 -119 
446 0.7999998996000001 0.1999998996 0.3049998996 0.8000001004 0.2000001004 0.3050001004 0 2 105 -105 
447 0.7999998996000001 0.4999998996 0.3949998996 0.8000001004 0.5000001004 0.3950001004 0 2 165 -165 
448 0.7999998996000001 0.4999998996 0.3049998996 0.8000001004 0.5000001004 0.3050001004 0 2 166 -166 
449 0.9998498998999999 -0.0001501001 0.1998498999 1.0001501001 0.0001501001 0.5001501001000001 0 2 124 -167 
450 0.7998498999 -0.0001501001 0.4998498999 1.0001501001 0.0001501001 0.5001501001000001 0 2 100 -167 
451 0.7999473999000003 0.09494739990000003 0.4999473999 0.9050526001 0.2000526001 0.5000526001000005 0 2 103 -168 
452 0.90489984985 0.19989984985 0.49989984985 1.00010015015 0.20010015015 0.50010015015 0 2 169 -168 
453 0.9998498998999999 -0.0001501000999999946 0.4998498999 1.0001501001 0.2001501001 0.5001501001000001 0 2 167 -169 
454 0.7999473999 0.1999473999 0.3949473999 0.9050526001000001 0.2000526001 0.5000526001000001 0 2 104 -168 
455 0.7999998996000001 0.1999998996 0.3949998996 0.8000001004 0.2000001004 0.3950001004 0 2 104 -104 
456 0.7999473999 0.1999473999 0.1999473999 0.9050526001000001 0.2000526001 0.3050526001 0 2 127 -105 
457 0.9998498998999999 0.1998498999 0.1998498999 1.0001501001 0.2001501001 0.5001501001000001 0 2 126 -169 
458 0.7999998996000001 0.1999998996 0.3049998996 0.8000001004 0.2000001004 0.3050001004 0 2 105 -105 
459 0.1999473998999993 0.7999473999000001 0.1999473998999994 0.3050526001 0.9050526000999999 0.2000526001 0 2 111 -109 
460 0.1999998996 0.7999998996000001 0.09499989960000002 0.2000001004 0.8000001004 0.09500010040000001 0 2 56 -56 
461 0.1998498999 0.9998498998999999 0.1998498999 0.5001501001000001 1.0001501001 0.2001501001 0 2 170 -108 
462 0.49984984985 0.9048498498499999 0.1998498498499994 0.5001501501500003 1.00015015015 0.20015015015 0 2 170 -171 
463 0.3949473999 0.7999473998999999 0.1999473998999994 0.5000526001000003 0.9050526000999999 0.2000526001 0 2 171 -112 
464 0.1998498999 0.9998498998999999 -0.0001501001 0.5001501001000001 1.0001501001 0.0001501001 0 2 110 -172 
465 0.4998498999 0.9998498998999999 -0.0001501000999999946 0.5001501001000001 1.0001501001 0.2001501001 0 2 172 -170 
466 0.4998498999 0.7998498999 -0.0001501001 0.5001501001000001 1.0001501001 0.0001501001 0 2 116 -172 
467 0.4999998996 0.7999998996000001 0.09499989960000002 0.5000001004 0.8000001004 0.09500010040000001 0 2 115 -115 
468 0.4999473999 0.7999473999000001 0.09494739990000002 0.5000526001000003 0.9050526000999999 0.2000526000999994 0 2 115 -171 
469 0.4999473999000003 0.4999473999 0.1999473998999994 0.6050526000999999 0.6050526000999999 0.2000526001 0 2 117 -114 
470 0.4999998996 0.4999998996 0.09499989960000002 0.5000001004 0.5000001004 0.09500010040000001 0 2 62 -62 
471 0.4999473998999994 0.6949473999 0.1999473998999994 0.6050526000999999 0.8000526001 0.2000526001 0 2 113 -173 
472 0.60484984985 0.7998498498499998 0.1998498498499994 0.6951501501499999 0.80015015015 0.20015015015 0 2 174 -173 
473 0.6949473999 0.6949473999 0.1999473998999994 0.8000526001000002 0.8000526000999998 0.2000526001 0 2 174 -175 
474 0.7998498498500003 0.60484984985 0.1998498498499994 0.8001501501500002 0.6951501501499999 0.2001501501499994 0 2 175 -176 
475 0.6949473999 0.4999473999000001 0.1999473998999994 0.8000526001000002 0.6050526000999999 0.2000526001 0 2 176 -118 
476 0.4999473998999999 0.7999473999 0.09494739989999991 0.6050526001000001 0.8000526001000001 0.2000526001000001 0 2 115 -173 
477 0.4999998996 0.7999998996000001 0.09499989960000002 0.5000001004 0.8000001004 0.09500010040000001 0 2 115 -115 
478 0.6949473999 0.7999473998999999 0.09494739990000002 0.8000526001 0.8000526001 0.2000526000999994 0 2 174 -177 
479 0.7998498498500001 0.7998498498500001 -0.0001501501500000002 0.80015015015 0.80015015015 0.09515015015000002 0 2 177 -178 
480 0.4998498999 0.7998498999 -0.0001501001 0.8001501001000001 0.8001501001000001 0.0001501001 0 2 116 -178 
481 0.7998498999 0.4998498999 -0.0001501001 0.8001501001000001 0.8001501001000001 0.0001501001 0 2 122 -178 
482 0.7999998996000001 0.4999998996 0.09499989960000002 0.8000001004 0.5000001004 0.09500010040000001 0 2 121 -121 
483 0.7999473999 0.4999473999 0.09494739990000002 0.8000526001000002 0.6050526000999999 0.2000526000999994 0 2 121 -176 
484 0.7999473999 0.6949473999 0.09494739990000002 0.8000526001000002 0.8000526001 0.2000526000999994 0 2 175 -177 
485 0.7999998996000001 0.7999998996000001 0.09499989960000002 0.8000001004 0.8000001004 0.09500010040000001 0 2 177 -177 
486 0.7999473999000003 0.1999473999 0.1999473998999994 0.9050526001 0.3050526001 0.2000526001 0 2 127 -120 
487 0.7999998996000001 0.1999998996 0.09499989960000002 0.8000001004 0.2000001004 0.09500010040000001 0 2 68 -68 
488 0.7999473999000003 0.3949473999 0.1999473998999994 0.9050526001 0.5000526001 0.2000526001 0 2 119 -179 
489 0.9048498498500001 0.49984984985 0.19984984985 1.00015015015 0.50015015015 0.20015015015 0 2 180 -179 
490 0.9998498998999999 0.1998498999 0.1998498999 1.0001501001 0.5001501001000001 0.2001501001 0 2 126 -180 
491 0.7999473999000001 0.4999473999 0.09494739990000002 0.9050526001 0.5000526001 0.2000526001 0 2 121 -179 
492 0.7999998996000001 0.4999998996 0.09499989960000002 0.8000001004 0.5000001004 0.09500010040000001 0 2 121 -121 
493 0.9998498998999999 0.4998498999 -0.0001501000999999946 1.0001501001 0.5001501001000001 0.2001501001 0 2 181 -180 
494 0.7998498999 0.4998498999 -0.0001501001 1.0001501001 0.5001501001000001 0.0001501001 0 2 122 -181 
495 0.9998498998999999 0.1998498999 -0.0001501001 1.0001501001 0.5001501001000001 0.0001501001 0 2 125 -181 
496 -0.0001501001 0.4998498999 0.9998498998999999 0.0001501001 0.8001501001000001 1.0001501001 0 2 128 -182 
497 -0.0001501001 0.7998498999 0.7998498999 0.0001501001 0.8001501001000001 1.0001501001 0 2 182 -134 
498 -0.0001501000999999946 0.7998498999 0.9998498998999999 0.2001501001 0.8001501001000001 1.0001501001 0 2 183 -182 
499 0.1998498999 0.4998498999 0.9998498998999999 0.2001501001 0.8001501001000001 1.0001501001 0 2 183 -129 
500 0.19989984985 0.7998998498500001 0.90489984985 0.20010015015 0.80010015015 1.00010015015 0 2 183 -184 
501 0.09494739990000003 0.7999473998999999 0.7999473999000004 0.2000526001 0.8000526001 0.9050526001 0 2 184 -135 
502 0.1999473998999994 0.6949473999 0.7999473999000004 0.2000526001 0.8000526001 0.9050526001 0 2 184 -136 
503 0.1999473998999993 0.4999473999 0.7999473998999994 0.2000526001 0.6050526000999999 0.9050526001 0 2 137 -130 
504 0.1999998996 0.4999998996 0.9049998996 0.2000001004 0.5000001004 0.9050001004 0 2 130 -130 
505 0.1999998996 0.7999998996000001 0.9049998996 0.2000001004 0.8000001004 0.9050001004 0 2 184 -184 
506 0.1998498999 0.4998498999 0.9998498998999999 0.5001501001000001 0.5001501001000001 1.0001501001 0 2 185 -129 
507 0.4998498999 0.1998498999 0.9998498998999999 0.5001501001000001 0.5001501001000001 1.0001501001 0 2 185 -132 
508 0.49984984985 0.49984984985 0.9048498498500001 0.50015015015 0.50015015015 1.00015015015 0 2 185 -186 
509 0.3949473999 0.4999473999 0.7999473999000004 0.5000526001 0.5000526001000001 0.9050526001 0 2 186 -141 
510 0.1999473999 0.4999473999 0.7999473999 0.3050526001 0.5000526001 0.9050526001 0 2 140 -130 
511 0.1999998996 0.4999998996 0.9049998996 0.2000001004 0.5000001004 0.9050001004 0 2 130 -130 
512 0.1999998996 0.1999998996 0.9049998996 0.2000001004 0.2000001004 0.9050001004 0 2 75 -75 
513 0.4999473999 0.3949473999 0.7999473999000004 0.5000526001000003 0.5000526001 0.9050526001 0 2 186 -142 
514 0.4999473999 0.1999473999 0.7999473998999994 0.5000526001000003 0.3050526001 0.9050526001 0 2 143 -133 
515 0.4999998996 0.4999998996 0.9049998996 0.5000001004 0.5000001004 0.9050001004 0 2 186 -186 
516 0.4999998996 0.1999998996 0.9049998996 0.5000001004 0.2000001004 0.9050001004 0 2 133 -133 
517 0.7998498999 -0.0001501001 0.7998498999 0.8001501001000001 0.0001501001 1.0001501001 0 2 187 -146 
518 0.4998498999 -0.0001501001 0.9998498998999999 0.8001501001000001 0.0001501001 1.0001501001 0 2 131 -187 
519 0.4998498999 0.1998498999 0.9998498998999999 0.8001501001000001 0.2001501001 1.0001501001 0 2 188 -132 
520 0.7998498999 -0.0001501000999999946 0.9998498998999999 0.8001501001000001 0.2001501001 1.0001501001 0 2 188 -187 
521 0.7998498498500001 0.19984984985 0.9048498498500001 0.80015015015 0.20015015015 1.00015015015 0 2 188 -189 
522 0.6949473999 0.199947399899999 0.7999473999000004 0.8000526001 0.2000526001 0.9050526001 0 2 189 -148 
523 0.4999473999 0.1999473999 0.7999473998999999 0.6050526001000001 0.2000526001 0.9050526001000001 0 2 147 -133 
524 0.4999998996 0.1999998996 0.9049998996 0.5000001004 0.2000001004 0.9050001004 0 2 133 -133 
525 0.7999473999 0.09494739990000003 0.7999473999000004 0.8000526001000002 0.2000526001 0.9050526001 0 2 189 -149 
526 0.7999998996000001 0.1999998996 0.9049998996 0.8000001004 0.2000001004 0.9050001004 0 2 189 -189 
527 -0.0001501001 0.7998498999 0.7998498999 0.0001501001 1.0001501001 0.8001501001000001 0 2 190 -134 
528 -0.0001501001 0.9998498998999999 0.4998498999 0.0001501001 1.0001501001 0.8001501001000001 0 2 152 -190 
529 -0.0001501000999999946 0.9998498998999999 0.7998498999 0.2001501001 1.0001501001 0.8001501001000001 0 2 191 -190 
530 0.1998998498499993 0.9048998498499999 0.7998998498499994 0.20010015015 1.00010015015 0.80010015015 0 2 191 -192 
531 0.09494739990000003 0.7999473998999999 0.7999473998999994 0.2000526000999993 0.9050526000999999 0.8000526001000003 0 2 192 -135 
532 0.1998498999 0.9998498998999999 0.4998498999 0.2001501001 1.0001501001 0.8001501001000001 0 2 153 -191 
533 0.1999998996 0.7999998996000001 0.6949998996000001 0.2000001004 0.8000001004 0.6950001004 0 2 138 -138 
534 0.1999473998999993 0.7999473999000001 0.6949473999000001 0.2000526001 0.9050526000999999 0.8000526000999993 0 2 138 -192 
535 0.1999473998999993 0.7999473999000001 0.4999473999000005 0.2000526001 0.9050526000999999 0.6050526000999999 0 2 154 -139 
536 0.1999998996 0.7999998996000001 0.6049998996 0.2000001004 0.8000001004 0.6050001004 0 2 139 -139 
537 0.1999998996 0.4999998996 0.6049998996 0.2000001004 0.5000001004 0.6050001004 0 2 81 -81 
538 0.1999473998999993 0.4999473999 0.7999473998999994 0.3050526001 0.6050526000999999 0.8000526000999999 0 2 140 -137 
539 0.1999998996 0.4999998996 0.6949998996000001 0.2000001004 0.5000001004 0.6950001004 0 2 80 -80 
540 0.1999473998999994 0.6949473999 0.7999473999 0.3050526001 0.8000526001 0.8000526001000003 0 2 136 -193 
541 0.30484984985 0.7998498498499998 0.79984984985 0.39515015015 0.80015015015 0.8001501501500003 0 2 194 -193 
542 0.3949473999 0.6949473999 0.7999473999 0.5000526000999994 0.8000526000999998 0.8000526001000003 0 2 194 -195 
543 0.4998498498499994 0.60484984985 0.7998498498499994 0.5001501501500003 0.6951501501499999 0.8001501501500003 0 2 195 -196 
544 0.3949473999 0.4999473999000001 0.7999473998999994 0.5000526001000003 0.6050526000999999 0.8000526001000003 0 2 196 -141 
545 0.1999473998999999 0.7999473999 0.6949473999 0.3050526001000001 0.8000526001000001 0.8000526001 0 2 138 -193 
546 0.1999998996 0.7999998996000001 0.6949998996000001 0.2000001004 0.8000001004 0.6950001004 0 2 138 -138 
547 0.3949473999 0.7999473998999999 0.6949473999000001 0.5000526001 0.8000526001 0.8000526001000003 0 2 194 -197 
548 0.49984984985 0.7998498498500001 0.60484984985 0.50015015015 0.80015015015 0.69515015015 0 2 197 -198 
549 0.3949473999 0.7999473998999999 0.4999473999000005 0.5000526001 0.8000526001 0.6050526000999999 0 2 198 -156 
550 0.1999473998999999 0.7999473999 0.4999473998999999 0.3050526001000001 0.8000526001000001 0.6050526001000001 0 2 155 -139 
551 0.1999998996 0.7999998996000001 0.6049998996 0.2000001004 0.8000001004 0.6050001004 0 2 139 -139 
552 0.4999998996 0.4999998996 0.6949998996000001 0.5000001004 0.5000001004 0.6950001004 0 2 144 -144 
553 0.4999473999 0.4999473999 0.6949473999000001 0.5000526001000003 0.6050526000999999 0.8000526000999993 0 2 144 -196 
554 0.4999473999 0.4999473999 0.4999473999000005 0.5000526001000003 0.6050526000999999 0.6050526000999999 0 2 158 -145 
555 0.4999473998999994 0.6949473999 0.6949473999000001 0.5000526001 0.8000526001 0.8000526001000003 0 2 195 -197 
556 0.4999473998999994 0.6949473999 0.4999473999000005 0.5000526001 0.8000526001 0.6050526000999999 0 2 198 -157 
557 0.4999998996 0.4999998996 0.6049998996 0.5000001004 0.5000001004 0.6050001004 0 2 145 -145 
558 0.4999998996 0.7999998996000001 0.6949998996000001 0.5000001004 0.8000001004 0.6950001004 0 2 197 -197 
559 0.4999998996 0.7999998996000001 0.6049998996 0.5000001004 0.8000001004 0.6050001004 0 2 198 -198 
560 0.4999473999000003 0.1999473999 0.7999473998999994 0.6050526000999999 0.3050526001 0.8000526000999999 0 2 147 -143 
561 0.4999998996 0.1999998996 0.6949998996000001 0.5000001004 0.2000001004 0.6950001004 0 2 86 -86 
562 0.4999473999000003 0.3949473999 0.7999473999 0.6050526000999999 0.5000526001 0.8000526001000003 0 2 142 -199 
563 0.60484984985 0.49984984985 0.79984984985 0.6951501501499999 0.5001501501500001 0.8001501501500003 0 2 200 -199 
564 0.6949473999 0.3949473999 0.7999473999 0.8000526001000002 0.5000526001000001 0.8000526001000003 0 2 200 -201 
565 0.7998498498500003 0.30484984985 0.7998498498499994 0.8001501501500002 0.39515015015 0.8001501501500003 0 2 201 -202 
566 0.6949473999 0.199947399899999 0.7999473998999994 0.8000526001000002 0.3050526001 0.8000526001000003 0 2 202 -148 
567 0.4999473999 0.4999473999 0.6949473999000001 0.6050526000999999 0.5000526001 0.8000526000999999 0 2 144 -199 
568 0.4999998996 0.4999998996 0.6949998996000001 0.5000001004 0.5000001004 0.6950001004 0 2 144 -144 
569 0.4999473999 0.4999473999 0.4999473999 0.6050526000999999 0.5000526001 0.6050526000999999 0 2 161 -145 
570 0.6949473999 0.4999473999 0.6949473999000001 0.8000526001 0.5000526001000001 0.8000526001000003 0 2 200 -203 
571 0.7998498498500001 0.49984984985 0.60484984985 0.80015015015 0.50015015015 0.69515015015 0 2 203 -204 
572 0.6949473999 0.4999473999 0.4999473999000005 0.8000526001 0.5000526001000001 0.6050526000999999 0 2 204 -162 
573 0.4999998996 0.4999998996 0.6049998996 0.5000001004 0.5000001004 0.6050001004 0 2 145 -145 
574 0.4999998996 0.1999998996 0.6049998996 0.5000001004 0.2000001004 0.6050001004 0 2 87 -87 
575 0.7999998996000001 0.1999998996 0.6949998996000001 0.8000001004 0.2000001004 0.6950001004 0 2 150 -150 
576 0.7999473999 0.1999473999 0.6949473999000001 0.8000526001000002 0.3050526001 0.8000526000999993 0 2 150 -202 
577 0.7999473999 0.3949473999 0.6949473999000001 0.8000526001000002 0.5000526001 0.8000526001000003 0 2 201 -203 
578 0.7999473999 0.3949473999 0.4999473999000005 0.8000526001000002 0.5000526001 0.6050526000999999 0 2 204 -163 
579 0.7999473999 0.1999473999 0.4999473999000005 0.8000526001000002 0.3050526001 0.6050526000999999 0 2 164 -151 
580 0.7999998996000001 0.1999998996 0.6049998996 0.8000001004 0.2000001004 0.6050001004 0 2 151 -151 
581 0.7999998996000001 0.4999998996 0.6949998996000001 0.8000001004 0.5000001004 0.6950001004 0 2 203 -203 
582 0.7999998996000001 0.4999998996 0.6049998996 0.8000001004 0.5000001004 0.6050001004 0 2 204 -204 
583 0.9998498998999999 -0.0001501001 0.4998498999 1.0001501001 0.0001501001 0.8001501001000001 0 2 167 -205 
584 0.7998498999 -0.0001501001 0.7998498999 1.0001501001 0.0001501001 0.8001501001000001 0 2 146 -205 
585 0.7999473999000003 0.09494739990000003 0.7999473999 0.9050526001 0.2000526001 0.8000526001000003 0 2 149 -206 
586 0.90489984985 0.19989984985 0.79989984985 1.00010015015 0.20010015015 0.80010015015 0 2 207 -206 
587 0.9998498998999999 -0.0001501000999999946 0.7998498999 1.0001501001 0.2001501001 0.8001501001000001 0 2 205 -207 
588 0.7999473999 0.1999473999 0.6949473999 0.9050526001000001 0.2000526001 0.8000526001 0 2 150 -206 
589 0.7999998996000001 0.1999998996 0.6949998996000001 0.8000001004 0.2000001004 0.6950001004 0 2 150 -150 
590 0.7999473999 0.1999473999 0.4999473999 0.9050526001000001 0.2000526001 0.6050526001000001 0 2 168 -151 
591 0.9998498998999999 0.1998498999 0.4998498999 1.0001501001 0.2001501001 0.8001501001000001 0 2 169 -207 
592 0.7999998996000001 0.1999998996 0.6049998996 0.8000001004 0.2000001004 0.6050001004 0 2 151 -151 
593 0.1999998996 0.7999998996000001 0.3049998996 0.2000001004 0.8000001004 0.3050001004 0 2 93 -93 
594 0.1999473998999993 0.7999473999000001 0.4999473999 0.3050526001 0.9050526000999999 0.5000526001000005 0 2 155 -154 
595 0.1999998996 0.7999998996000001 0.3949998996 0.2000001004 0.8000001004 0.3950001004 0 2 92 -92 
596 0.1998498999 0.9998498998999999 0.4998498999 0.5001501001000001 1.0001501001 0.5001501001000001 0 2 208 -153 
597 0.49984984985 0.9048498498499999 0.49984984985 0.5001501501500003 1.00015015015 0.5001501501500005 0 2 208 -209 
598 0.3949473999 0.7999473998999999 0.4999473999 0.5000526001000003 0.9050526000999999 0.5000526001000005 0 2 209 -156 
599 0.4998498999 0.9998498998999999 0.1998498999 0.5001501001000001 1.0001501001 0.5001501001000001 0 2 170 -208 
600 0.4999473999 0.7999473999000001 0.1999473998999994 0.5000526001000003 0.9050526000999999 0.3050526001 0 2 171 -160 
601 0.4999473999 0.7999473999000001 0.3949473999 0.5000526001000003 0.9050526000999999 0.5000526001000005 0 2 159 -209 
602 0.4999998996 0.7999998996000001 0.3049998996 0.5000001004 0.8000001004 0.3050001004 0 2 160 -160 
603 0.4999998996 0.7999998996000001 0.3949998996 0.5000001004 0.8000001004 0.3950001004 0 2 159 -159 
604 0.4999998996 0.4999998996 0.3049998996 0.5000001004 0.5000001004 0.3050001004 0 2 99 -99 
605 0.4999473999000003 0.4999473999 0.4999473999 0.6050526000999999 0.6050526000999999 0.5000526001000005 0 2 161 -158 
606 0.4999998996 0.4999998996 0.3949998996 0.5000001004 0.5000001004 0.3950001004 0 2 98 -98 
607 0.4999473998999994 0.6949473999 0.4999473999 0.6050526000999999 0.8000526001 0.5000526001000005 0 2 157 -210 
608 0.60484984985 0.7998498498499998 0.49984984985 0.6951501501499999 0.80015015015 0.5001501501500005 0 2 211 -210 
609 0.6949473999 0.6949473999 0.4999473999 0.8000526001000002 0.8000526000999998 0.5000526001000005 0 2 211 -212 
610 0.7998498498500003 0.60484984985 0.4998498498500005 0.8001501501500002 0.6951501501499999 0.5001501501500005 0 2 212 -213 
611 0.6949473999 0.4999473999000001 0.4999473999 0.8000526001000002 0.6050526000999999 0.5000526001000005 0 2 213 -162 
612 0.4999473998999999 0.7999473999 0.3949473998999999 0.6050526001000001 0.8000526001000001 0.5000526001000001 0 2 159 -210 
613 0.4999998996 0.7999998996000001 0.3949998996 0.5000001004 0.8000001004 0.3950001004 0 2 159 -159 
614 0.4999473998999999 0.7999473999 0.1999473998999999 0.6050526001000001 0.8000526001000001 0.3050526001000001 0 2 173 -160 
615 0.6949473999 0.7999473998999999 0.3949473999 0.8000526001 0.8000526001 0.5000526001000005 0 2 211 -214 
616 0.7998498498500001 0.7998498498500001 0.30484984985 0.80015015015 0.80015015015 0.39515015015 0 2 214 -215 
617 0.6949473999 0.7999473998999999 0.1999473998999994 0.8000526001 0.8000526001 0.3050526001 0 2 215 -174 
618 0.4999998996 0.7999998996000001 0.3049998996 0.5000001004 0.8000001004 0.3050001004 0 2 160 -160 
619 0.7999998996000001 0.4999998996 0.3949998996 0.8000001004 0.5000001004 0.3950001004 0 2 165 -165 
620 0.7999473999 0.4999473999 0.3949473999 0.8000526001000002 0.6050526000999999 0.5000526001000005 0 2 165 -213 
621 0.7999473999 0.4999473999 0.1999473998999994 0.8000526001000002 0.6050526000999999 0.3050526001 0 2 176 -166 
622 0.7999473999 0.6949473999 0.3949473999 0.8000526001000002 0.8000526001 0.5000526001000005 0 2 212 -214 
623 0.7999473999 0.6949473999 0.1999473998999994 0.8000526001000002 0.8000526001 0.3050526001 0 2 215 -175 
624 0.7999998996000001 0.4999998996 0.3049998996 0.8000001004 0.5000001004 0.3050001004 0 2 166 -166 
625 0.7999998996000001 0.7999998996000001 0.3949998996 0.8000001004 0.8000001004 0.3950001004 0 2 214 -214 
626 0.7999998996000001 0.7999998996000001 0.3049998996 0.8000001004 0.8000001004 0.3050001004 0 2 215 -215 
627 0.7999998996000001 0.1999998996 0.3049998996 0.8000001004 0.2000001004 0.3050001004 0 2 105 -105 
628 0.7999473999000003 0.1999473999 0.4999473999 0.9050526001 0.3050526001 0.5000526001000005 0 2 168 -164 
629 0.7999998996000001 0.1999998996 0.3949998996 0.8000001004 0.2000001004 0.3950001004 0 2 104 -104 
630 0.7999473999000003 0.3949473999 0.4999473999 0.9050526001 0.5000526001 0.5000526001000005 0 2 163 -216 
631 0.9048498498500001 0.49984984985 0.49984984985 1.00015015015 0.50015015015 0.50015015015 0 2 217 -216 
632 0.9998498998999999 0.1998498999 0.4998498999 1.0001501001 0.5001501001000001 0.5001501001000001 0 2 169 -217 
633 0.7999473999000001 0.4999473999 0.3949473999 0.9050526001 0.5000526001 0.5000526001 0 2 165 -216 
634 0.7999998996000001 0.4999998996 0.3949998996 0.8000001004 0.5000001004 0.3950001004 0 2 165 -165 
635 0.7999473999000001 0.4999473999 0.1999473999 0.9050526001 0.5000526001 0.3050526001 0 2 179 -166 
636 0.9998498998999999 0.4998498999 0.1998498999 1.0001501001 0.5001501001000001 0.5001501001000001 0 2 180 -217 
637 0.7999998996000001 0.4999998996 0.3049998996 0.8000001004 0.5000001004 0.3050001004 0 2 166 -166 
638 0.4999473999000003 0.7999473999000001 0.1999473998999994 0.6050526000999999 0.9050526000999999 0.2000526001 0 2 173 -171 
639 0.4999998996 0.7999998996000001 0.09499989960000002 0.5000001004 0.8000001004 0.09500010040000001 0 2 115 -115 
640 0.4998498999 0.9998498998999999 0.1998498999 0.8001501001000001 1.0001501001 0.2001501001 0 2 218 -170 
641 0.7998498498500001 0.9048498498499999 0.1998498498499994 0.8001501501500002 1.00015015015 0.20015015015 0 2 218 -219 
642 0.6949473999 0.7999473998999999 0.1999473998999994 0.8000526001000002 0.9050526000999999 0.2000526001 0 2 219 -174 
643 0.4998498999 0.9998498998999999 -0.0001501001 0.8001501001000001 1.0001501001 0.0001501001 0 2 172 -220 
644 0.7998498999 0.9998498998999999 -0.0001501000999999946 0.8001501001000001 1.0001501001 0.2001501001 0 2 220 -218 
645 0.7998498999 0.7998498999 -0.0001501001 0.8001501001000001 1.0001501001 0.0001501001 0 2 178 -220 
646 0.7999998996000001 0.7999998996000001 0.09499989960000002 0.8000001004 0.8000001004 0.09500010040000001 0 2 177 -177 
647 0.7999473999 0.7999473999000001 0.09494739990000002 0.8000526001000002 0.9050526000999999 0.2000526000999994 0 2 177 -219 
648 0.7999473999000003 0.4999473999 0.1999473998999994 0.9050526001 0.6050526000999999 0.2000526001 0 2 179 -176 
649 0.7999998996000001 0.4999998996 0.09499989960000002 0.8000001004 0.5000001004 0.09500010040000001 0 2 121 -121 
650 0.7999473999000003 0.6949473999 0.1999473998999994 0.9050526001 0.8000526001 0.2000526001 0 2 175 -221 
651 0.9048498498500001 0.7998498498500001 0.19984984985 1.00015015015 0.80015015015 0.20015015015 0 2 222 -221 
652 0.9998498998999999 0.4998498999 0.1998498999 1.0001501001 0.8001501001000001 0.2001501001 0 2 180 -222 
653 0.7999473999 0.7999473999 0.09494739989999991 0.9050526001000001 0.8000526001000001 0.2000526001000001 0 2 177 -221 
654 0.7999998996000001 0.7999998996000001 0.09499989960000002 0.8000001004 0.8000001004 0.09500010040000001 0 2 177 -177 
655 0.9998498998999999 0.7998498999 -0.0001501000999999946 1.0001501001 0.8001501001000001 0.2001501001 0 2 223 -222 
656 0.7998498999 0.7998498999 -0.0001501001 1.0001501001 0.8001501001000001 0.0001501001 0 2 178 -223 
657 0.9998498998999999 0.4998498999 -0.0001501001 1.0001501001 0.8001501001000001 0.0001501001 0 2 181 -223 
658 -0.0001001001 0.7998998999000001 0.9998998999000001 0.0001001001 1.0001001001 1.0001001001 0 2 182 -224 
659 -0.0001001001 0.9998998999000001 0.7998998999000001 0.0001001001 1.0001001001 1.0001001001 0 2 190 -224 
660 -0.0001001001000000001 0.9998998999000001 0.9998998999000001 0.2001001001 1.0001001001 1.0001001001 0 2 224 -225 
661 0.1998998999 0.7998998999000001 0.9998998999000001 0.2001001001 1.0001001001 1.0001001001 0 2 225 -183 
662 0.1998998999 0.9998998999000001 0.7998998999000001 0.2001001001 1.0001001001 1.0001001001 0 2 191 -225 
663 0.1999473998999993 0.7999473999000001 0.7999473998999994 0.2000526001 0.9050526000999999 0.9050526001 0 2 192 -184 
664 0.1999998996 0.7999998996000001 0.9049998996 0.2000001004 0.8000001004 0.9050001004 0 2 184 -184 
665 0.1998498999 0.7998498999 0.9998498998999999 0.5001501001000001 0.8001501001000001 1.0001501001 0 2 226 -183 
666 0.4998498999 0.4998498999 0.9998498998999999 0.5001501001000001 0.8001501001000001 1.0001501001 0 2 226 -185 
667 0.49984984985 0.7998498498500001 0.9048498498500001 0.50015015015 0.80015015015 1.00015015015 0 2 226 -227 
668 0.3949473999 0.7999473998999999 0.7999473999000004 0.5000526001 0.8000526001 0.9050526001 0 2 227 -194 
669 0.1999473998999999 0.7999473999 0.7999473998999999 0.3050526001000001 0.8000526001000001 0.9050526001000001 0 2 193 -184 
670 0.1999998996 0.7999998996000001 0.9049998996 0.2000001004 0.8000001004 0.9050001004 0 2 184 -184 
671 0.1999998996 0.4999998996 0.9049998996 0.2000001004 0.5000001004 0.9050001004 0 2 130 -130 
672 0.4999473998999994 0.6949473999 0.7999473999000004 0.5000526001 0.8000526001 0.9050526001 0 2 227 -195 
673 0.4999473999 0.4999473999 0.7999473998999994 0.5000526001000003 0.6050526000999999 0.9050526001 0 2 196 -186 
674 0.4999998996 0.7999998996000001 0.9049998996 0.5000001004 0.8000001004 0.9050001004 0 2 227 -227 
675 0.4999998996 0.4999998996 0.9049998996 0.5000001004 0.5000001004 0.9050001004 0 2 186 -186 
676 0.4998498999 0.4998498999 0.9998498998999999 0.8001501001000001 0.5001501001000001 1.0001501001 0 2 228 -185 
677 0.7998498999 0.1998498999 0.9998498998999999 0.8001501001000001 0.5001501001000001 1.0001501001 0 2 228 -188 
678 0.7998498498500001 0.49984984985 0.9048498498500001 0.80015015015 0.50015015015 1.00015015015 0 2 228 -229 
679 0.6949473999 0.4999473999 0.7999473999000004 0.8000526001 0.5000526001000001 0.9050526001 0 2 229 -200 
680 0.4999473999 0.4999473999 0.7999473999 0.6050526000999999 0.5000526001 0.9050526001 0 2 199 -186 
681 0.4999998996 0.4999998996 0.9049998996 0.5000001004 0.5000001004 0.9050001004 0 2 186 -186 
682 0.4999998996 0.1999998996 0.9049998996 0.5000001004 0.2000001004 0.9050001004 0 2 133 -133 
683 0.7999473999 0.3949473999 0.7999473999000004 0.8000526001000002 0.5000526001 0.9050526001 0 2 229 -201 
684 0.7999473999 0.1999473999 0.7999473998999994 0.8000526001000002 0.3050526001 0.9050526001 0 2 202 -189 
685 0.7999998996000001 0.4999998996 0.9049998996 0.8000001004 0.5000001004 0.9050001004 0 2 229 -229 
686 0.7999998996000001 0.1999998996 0.9049998996 0.8000001004 0.2000001004 0.9050001004 0 2 189 -189 
687 0.9998998999000001 -0.0001001001 0.7998998999000001 1.0001001001 0.0001001001 1.0001001001 0 2 205 -230 
688 0.7998998999000001 -0.0001001001 0.9998998999000001 1.0001001001 0.0001001001 1.0001001001 0 2 187 -230 
689 0.7998998999000001 0.1998998999 0.9998998999000001 1.0001001001 0.2001001001 1.0001001001 0 2 231 -188 
690 0.9998998999000001 -0.0001001001000000001 0.9998998999000001 1.0001001001 0.2001001001 1.0001001001 0 2 230 -231 
691 0.7999473999 0.1999473999 0.7999473998999999 0.9050526001000001 0.2000526001 0.9050526001000001 0 2 206 -189 
692 0.9998998999000001 0.1998998999 0.7998998999000001 1.0001001001 0.2001001001 1.0001001001 0 2 207 -231 
693 0.7999998996000001 0.1999998996 0.9049998996 0.8000001004 0.2000001004 0.9050001004 0 2 189 -189 
694 0.1999998996 0.7999998996000001 0.6049998996 0.2000001004 0.8000001004 0.6050001004 0 2 139 -139 
695 0.1999473998999993 0.7999473999000001 0.7999473998999994 0.3050526001 0.9050526000999999 0.8000526000999999 0 2 193 -192 
696 0.1999998996 0.7999998996000001 0.6949998996000001 0.2000001004 0.8000001004 0.6950001004 0 2 138 -138 
697 0.1998498999 0.9998498998999999 0.7998498999 0.5001501001000001 1.0001501001 0.8001501001000001 0 2 232 -191 
698 0.49984984985 0.9048498498499999 0.7998498498499994 0.5001501501500003 1.00015015015 0.80015015015 0 2 232 -233 
699 0.3949473999 0.7999473998999999 0.7999473998999994 0.5000526001000003 0.9050526000999999 0.8000526001000003 0 2 233 -194 
700 0.4998498999 0.9998498998999999 0.4998498999 0.5001501001000001 1.0001501001 0.8001501001000001 0 2 208 -232 
701 0.4999473999 0.7999473999000001 0.4999473999000005 0.5000526001000003 0.9050526000999999 0.6050526000999999 0 2 209 -198 
702 0.4999473999 0.7999473999000001 0.6949473999000001 0.5000526001000003 0.9050526000999999 0.8000526000999993 0 2 197 -233 
703 0.4999998996 0.7999998996000001 0.6049998996 0.5000001004 0.8000001004 0.6050001004 0 2 198 -198 
704 0.4999998996 0.7999998996000001 0.6949998996000001 0.5000001004 0.8000001004 0.6950001004 0 2 197 -197 
705 0.4999998996 0.4999998996 0.6049998996 0.5000001004 0.5000001004 0.6050001004 0 2 145 -145 
706 0.4999473999000003 0.4999473999 0.7999473998999994 0.6050526000999999 0.6050526000999999 0.8000526000999999 0 2 199 -196 
707 0.4999998996 0.4999998996 0.6949998996000001 0.5000001004 0.5000001004 0.6950001004 0 2 144 -144 
708 0.4999473998999994 0.6949473999 0.7999473999 0.6050526000999999 0.8000526001 0.8000526001000003 0 2 195 -234 
709 0.60484984985 0.7998498498499998 0.79984984985 0.6951501501499999 0.80015015015 0.8001501501500003 0 2 235 -234 
710 0.6949473999 0.6949473999 0.7999473999 0.8000526001000002 0.8000526000999998 0.8000526001000003 0 2 235 -236 
711 0.7998498498500003 0.60484984985 0.7998498498499994 0.8001501501500002 0.6951501501499999 0.8001501501500003 0 2 236 -237 
712 0.6949473999 0.4999473999000001 0.7999473998999994 0.8000526001000002 0.6050526000999999 0.8000526001000003 0 2 237 -200 
713 0.4999473998999999 0.7999473999 0.6949473999 0.6050526001000001 0.8000526001000001 0.8000526001 0 2 197 -234 
714 0.4999998996 0.7999998996000001 0.6949998996000001 0.5000001004 0.8000001004 0.6950001004 0 2 197 -197 
715 0.4999473998999999 0.7999473999 0.4999473998999999 0.6050526001000001 0.8000526001000001 0.6050526001000001 0 2 210 -198 
716 0.6949473999 0.7999473998999999 0.6949473999000001 0.8000526001 0.8000526001 0.8000526001000003 0 2 235 -238 
717 0.7998498498500001 0.7998498498500001 0.60484984985 0.80015015015 0.80015015015 0.69515015015 0 2 238 -239 
718 0.6949473999 0.7999473998999999 0.4999473999000005 0.8000526001 0.8000526001 0.6050526000999999 0 2 239 -211 
719 0.4999998996 0.7999998996000001 0.6049998996 0.5000001004 0.8000001004 0.6050001004 0 2 198 -198 
720 0.7999998996000001 0.4999998996 0.6949998996000001 0.8000001004 0.5000001004 0.6950001004 0 2 203 -203 
721 0.7999473999 0.4999473999 0.6949473999000001 0.8000526001000002 0.6050526000999999 0.8000526000999993 0 2 203 -237 
722 0.7999473999 0.4999473999 0.4999473999000005 0.8000526001000002 0.6050526000999999 0.6050526000999999 0 2 213 -204 
723 0.7999473999 0.6949473999 0.6949473999000001 0.8000526001000002 0.8000526001 0.8000526001000003 0 2 236 -238 
724 0.7999473999 0.6949473999 0.4999473999000005 0.8000526001000002 0.8000526001 0.6050526000999999 0 2 239 -212 
725 0.7999998996000001 0.4999998996 0.6049998996 0.8000001004 0.5000001004 0.6050001004 0 2 204 -204 
726 0.7999998996000001 0.7999998996000001 0.6949998996000001 0.8000001004 0.8000001004 0.6950001004 0 2 238 -238 
727 0.7999998996000001 0.7999998996000001 0.6049998996 0.8000001004 0.8000001004 0.6050001004 0 2 239 -239 
728 0.7999473999000003 0.1999473999 0.7999473998999994 0.9050526001 0.3050526001 0.8000526000999999 0 2 206 -202 
729 0.7999998996000001 0.1999998996 0.6949998996000001 0.8000001004 0.2000001004 0.6950001004 0 2 150 -150 
730 0.7999473999000003 0.3949473999 0.7999473999 0.9050526001 0.5000526001 0.8000526001000003 0 2 201 -240 
731 0.9048498498500001 0.49984984985 0.79984984985 1.00015015015 0.50015015015 0.80015015015 0 2 241 -240 
732 0.9998498998999999 0.1998498999 0.7998498999 1.0001501001 0.5001501001000001 0.8001501001000001 0 2 207 -241 
733 0.7999473999000001 0.4999473999 0.6949473999000001 0.9050526001 0.5000526001 0.8000526000999999 0 2 203 -240 
734 0.7999998996000001 0.4999998996 0.6949998996000001 0.8000001004 0.5000001004 0.6950001004 0 2 203 -203 
735 0.7999473999000001 0.4999473999 0.4999473999 0.9050526001 0.5000526001 0.6050526000999999 0 2 216 -204 
736 0.9998498998999999 0.4998498999 0.4998498999 1.0001501001 0.5001501001000001 0.8001501001000001 0 2 217 -241 
737 0.7999998996000001 0.4999998996 0.6049998996 0.8000001004 0.5000001004 0.6050001004 0 2 204 -204 
738 0.7999998996000001 0.1999998996 0.6049998996 0.8000001004 0.2000001004 0.6050001004 0 2 151 -151 
739 0.4999998996 0.7999998996000001 0.3049998996 0.5000001004 0.8000001004 0.3050001004 0 2 160 -160 
740 0.4999473999000003 0.7999473999000001 0.4999473999 0.6050526000999999 0.9050526000999999 0.5000526001000005 0 2 210 -209 
741 0.4999998996 0.7999998996000001 0.3949998996 0.5000001004 0.8000001004 0.3950001004 0 2 159 -159 
742 0.4998498999 0.9998498998999999 0.4998498999 0.8001501001000001 1.0001501001 0.5001501001000001 0 2 242 -208 
743 0.7998498498500001 0.9048498498499999 0.49984984985 0.8001501501500002 1.00015015015 0.5001501501500005 0 2 242 -243 
744 0.6949473999 0.7999473998999999 0.4999473999 0.8000526001000002 0.9050526000999999 0.5000526001000005 0 2 243 -211 
745 0.7998498999 0.9998498998999999 0.1998498999 0.8001501001000001 1.0001501001 0.5001501001000001 0 2 218 -242 
746 0.7999473999 0.7999473999000001 0.1999473998999994 0.8000526001000002 0.9050526000999999 0.3050526001 0 2 219 -215 
747 0.7999473999 0.7999473999000001 0.3949473999 0.8000526001000002 0.9050526000999999 0.5000526001000005 0 2 214 -243 
748 0.7999998996000001 0.7999998996000001 0.3049998996 0.8000001004 0.8000001004 0.3050001004 0 2 215 -215 
749 0.7999998996000001 0.7999998996000001 0.3949998996 0.8000001004 0.8000001004 0.3950001004 0 2 214 -214 
750 0.7999998996000001 0.4999998996 0.3049998996 0.8000001004 0.5000001004 0.3050001004 0 2 166 -166 
751 0.7999473999000003 0.4999473999 0.4999473999 0.9050526001 0.6050526000999999 0.5000526001000005 0 2 216 -213 
752 0.7999998996000001 0.4999998996 0.3949998996 0.8000001004 0.5000001004 0.3950001004 0 2 165 -165 
753 0.7999473999000003 0.6949473999 0.4999473999 0.9050526001 0.8000526001 0.5000526001000005 0 2 212 -244 
754 0.9048498498500001 0.7998498498500001 0.49984984985 1.00015015015 0.80015015015 0.50015015015 0 2 245 -244 
755 0.9998498998999999 0.4998498999 0.4998498999 1.0001501001 0.8001501001000001 0.5001501001000001 0 2 217 -245 
756 0.7999473999 0.7999473999 0.3949473998999999 0.9050526001000001 0.8000526001000001 0.5000526001000001 0 2 214 -244 
757 0.7999998996000001 0.7999998996000001 0.3949998996 0.8000001004 0.8000001004 0.3950001004 0 2 214 -214 
758 0.7999473999 0.7999473999 0.1999473998999999 0.9050526001000001 0.8000526001000001 0.3050526001000001 0 2 221 -215 
759 0.9998498998999999 0.7998498999 0.1998498999 1.0001501001 0.8001501001000001 0.5001501001000001 0 2 222 -245 
760 0.7999998996000001 0.7999998996000001 0.3049998996 0.8000001004 0.8000001004 0.3050001004 0 2 215 -215 
761 0.7999473999000003 0.7999473999000001 0.1999473998999994 0.9050526001 0.9050526000999999 0.2000526001 0 2 221 -219 
762 0.7999998996000001 0.7999998996000001 0.09499989960000002 0.8000001004 0.8000001004 0.09500010040000001 0 2 177 -177 
763 0.7998998999000001 0.9998998999000001 0.1998998999 1.0001001001 1.0001001001 0.2001001001 0 2 246 -218 
764 0.9998998999000001 0.7998998999000001 0.1998998999 1.0001001001 1.0001001001 0.2001001001 0 2 222 -246 
765 0.7998998999000001 0.9998998999000001 -0.0001001001 1.0001001001 1.0001001001 0.0001001001 0 2 220 -247 
766 0.9998998999000001 0.9998998999000001 -0.0001001001000000001 1.0001001001 1.0001001001 0.2001001001 0 2 247 -246 
767 0.9998998999000001 0.7998998999000001 -0.0001001001 1.0001001001 1.0001001001 0.0001001001 0 2 223 -247 
768 0.1999998996 0.7999998996000001 0.9049998996 0.2000001004 0.8000001004 0.9050001004 0 2 184 -184 
769 0.1998498999 0.9998498998999999 0.9998498998999999 0.5001501001000001 1.0001501001 1.0001501001 0 2 225 -248 
770 0.4998498999 0.7998498999 0.9998498998999999 0.5001501001000001 1.0001501001 1.0001501001 0 2 248 -226 
771 0.4998498999 0.9998498998999999 0.7998498999 0.5001501001000001 1.0001501001 1.0001501001 0 2 232 -248 
772 0.4999473999 0.7999473999000001 0.7999473998999994 0.5000526001000003 0.9050526000999999 0.9050526001 0 2 233 -227 
773 0.4999998996 0.7999998996000001 0.9049998996 0.5000001004 0.8000001004 0.9050001004 0 2 227 -227 
774 0.4998498999 0.7998498999 0.9998498998999999 0.8001501001000001 0.8001501001000001 1.0001501001 0 2 249 -226 
775 0.7998498999 0.4998498999 0.9998498998999999 0.8001501001000001 0.8001501001000001 1.0001501001 0 2 249 -228 
776 0.7998498498500001 0.7998498498500001 0.9048498498500001 0.80015015015 0.80015015015 1.00015015015 0 2 249 -250 
777 0.6949473999 0.7999473998999999 0.7999473999000004 0.8000526001 0.8000526001 0.9050526001 0 2 250 -235 
778 0.4999473998999999 0.7999473999 0.7999473998999999 0.6050526001000001 0.8000526001000001 0.9050526001000001 0 2 234 -227 
779 0.4999998996 0.7999998996000001 0.9049998996 0.5000001004 0.8000001004 0.9050001004 0 2 227 -227 
780 0.4999998996 0.4999998996 0.9049998996 0.5000001004 0.5000001004 0.9050001004 0 2 186 -186 
781 0.7999473999 0.6949473999 0.7999473999000004 0.8000526001000002 0.8000526001 0.9050526001 0 2 250 -236 
782 0.7999473999 0.4999473999 0.7999473998999994 0.8000526001000002 0.6050526000999999 0.9050526001 0 2 237 -229 
783 0.7999998996000001 0.7999998996000001 0.9049998996 0.8000001004 0.8000001004 0.9050001004 0 2 250 -250 
784 0.7999998996000001 0.4999998996 0.9049998996 0.8000001004 0.5000001004 0.9050001004 0 2 229 -229 
785 0.7998498999 0.4998498999 0.9998498998999999 1.0001501001 0.5001501001000001 1.0001501001 0 2 251 -228 
786 0.9998498998999999 0.1998498999 0.9998498998999999 1.0001501001 0.5001501001000001 1.0001501001 0 2 231 -251 
787 0.7999473999000001 0.4999473999 0.7999473999 0.9050526001 0.5000526001 0.9050526001 0 2 240 -229 
788 0.9998498998999999 0.4998498999 0.7998498999 1.0001501001 0.5001501001000001 1.0001501001 0 2 241 -251 
789 0.7999998996000001 0.4999998996 0.9049998996 0.8000001004 0.5000001004 0.9050001004 0 2 229 -229 
790 0.7999998996000001 0.1999998996 0.9049998996 0.8000001004 0.2000001004 0.9050001004 0 2 189 -189 
791 0.4999998996 0.7999998996000001 0.6049998996 0.5000001004 0.8000001004 0.6050001004 0 2 198 -198 
792 0.4999473999000003 0.7999473999000001 0.7999473998999994 0.6050526000999999 0.9050526000999999 0.8000526000999999 0 2 234 -233 
793 0.4999998996 0.7999998996000001 0.6949998996000001 0.5000001004 0.8000001004 0.6950001004 0 2 197 -197 
794 0.4998498999 0.9998498998999999 0.7998498999 0.8001501001000001 1.0001501001 0.8001501001000001 0 2 252 -232 
795 0.7998498498500001 0.9048498498499999 0.7998498498499994 0.8001501501500002 1.00015015015 0.80015015015 0 2 252 -253 
796 0.6949473999 0.7999473998999999 0.7999473998999994 0.8000526001000002 0.9050526000999999 0.8000526001000003 0 2 253 -235 
797 0.7998498999 0.9998498998999999 0.4998498999 0.8001501001000001 1.0001501001 0.8001501001000001 0 2 242 -252 
798 0.7999473999 0.7999473999000001 0.4999473999000005 0.8000526001000002 0.9050526000999999 0.6050526000999999 0 2 243 -239 
799 0.7999473999 0.7999473999000001 0.6949473999000001 0.8000526001000002 0.9050526000999999 0.8000526000999993 0 2 238 -253 
800 0.7999998996000001 0.7999998996000001 0.6049998996 0.8000001004 0.8000001004 0.6050001004 0 2 239 -239 
801 0.7999998996000001 0.7999998996000001 0.6949998996000001 0.8000001004 0.8000001004 0.6950001004 0 2 238 -238 
802 0.7999998996000001 0.4999998996 0.6049998996 0.8000001004 0.5000001004 0.6050001004 0 2 204 -204 
803 0.7999473999000003 0.4999473999 0.7999473998999994 0.9050526001 0.6050526000999999 0.8000526000999999 0 2 240 -237 
804 0.7999998996000001 0.4999998996 0.6949998996000001 0.8000001004 0.5000001004 0.6950001004 0 2 203 -203 
805 0.7999473999000003 0.6949473999 0.7999473999 0.9050526001 0.8000526001 0.8000526001000003 0 2 236 -254 
806 0.9048498498500001 0.7998498498500001 0.79984984985 1.00015015015 0.80015015015 0.80015015015 0 2 255 -254 
807 0.9998498998999999 0.4998498999 0.7998498999 1.0001501001 0.8001501001000001 0.8001501001000001 0 2 241 -255 
808 0.7999473999 0.7999473999 0.6949473999 0.9050526001000001 0.8000526001000001 0.8000526001 0 2 238 -254 
809 0.7999998996000001 0.7999998996000001 0.6949998996000001 0.8000001004 0.8000001004 0.6950001004 0 2 238 -238 
810 0.7999473999 0.7999473999 0.4999473998999999 0.9050526001000001 0.8000526001000001 0.6050526001000001 0 2 244 -239 
811 0.9998498998999999 0.7998498999 0.4998498999 1.0001501001 0.8001501001000001 0.8001501001000001 0 2 245 -255 
812 0.7999998996000001 0.7999998996000001 0.6049998996 0.8000001004 0.8000001004 0.6050001004 0 2 239 -239 
813 0.7999998996000001 0.7999998996000001 0.3049998996 0.8000001004 0.8000001004 0.3050001004 0 2 215 -215 
814 0.7999473999000003 0.7999473999000001 0.4999473999 0.9050526001 0.9050526000999999 0.5000526001000005 0 2 244 -243 
815 0.7999998996000001 0.7999998996000001 0.3949998996 0.8000001004 0.8000001004 0.3950001004 0 2 214 -214 
816 0.7998498999 0.9998498998999999 0.4998498999 1.0001501001 1.0001501001 0.5001501001000001 0 2 256 -242 
817 0.9998498998999999 0.7998498999 0.4998498999 1.0001501001 1.0001501001 0.5001501001000001 0 2 245 -256 
818 0.9998498998999999 0.9998498998999999 0.1998498999 1.0001501001 1.0001501001 0.5001501001000001 0 2 246 -256 
819 0.4999998996 0.7999998996000001 0.9049998996 0.5000001004 0.8000001004 0.9050001004 0 2 227 -227 
820 0.4998498999 0.9998498998999999 0.9998498998999999 0.8001501001000001 1.0001501001 1.0001501001 0 2 248 -257 
821 0.7998498999 0.7998498999 0.9998498998999999 0.8001501001000001 1.0001501001 1.0001501001 0 2 257 -249 
822 0.7998498999 0.9998498998999999 0.7998498999 0.8001501001000001 1.0001501001 1.0001501001 0 2 252 -257 
823 0.7999473999 0.7999473999000001 0.7999473998999994 0.8000526001000002 0.9050526000999999 0.9050526001 0 2 253 -250 
824 0.7999998996000001 0.7999998996000001 0.9049998996 0.8000001004 0.8000001004 0.9050001004 0 2 250 -250 
825 0.7998498999 0.7998498999 0.9998498998999999 1.0001501001 0.8001501001000001 1.0001501001 0 2 258 -249 
826 0.9998498998999999 0.4998498999 0.9998498998999999 1.0001501001 0.8001501001000001 1.0001501001 0 2 251 -258 
827 0.7999473999 0.7999473999 0.7999473998999999 0.9050526001000001 0.8000526001000001 0.9050526001000001 0 2 254 -250 
828 0.9998498998999999 0.7998498999 0.7998498999 1.0001501001 0.8001501001000001 1.0001501001 0 2 255 -258 
829 0.7999998996000001 0.7999998996000001 0.9049998996 0.8000001004 0.8000001004 0.9050001004 0 2 250 -250 
830 0.7999998996000001 0.4999998996 0.9049998996 0.8000001004 0.5000001004 0.9050001004 0 2 229 -229 
831 0.7999998996000001 0.7999998996000001 0.6049998996 0.8000001004 0.8000001004 0.6050001004 0 2 239 -239 
832 0.7999473999000003 0.7999473999000001 0.7999473998999994 0.9050526001 0.9050526000999999 0.8000526000999999 0 2 254 -253 
833 0.7999998996000001 0.7999998996000001 0.6949998996000001 0.8000001004 0.8000001004 0.6950001004 0 2 238 -238 
834 0.7998498999 0.9998498998999999 0.7998498999 1.0001501001 1.0001501001 0.8001501001000001 0 2 259 -252 
835 0.9998498998999999 0.7998498999 0.7998498999 1.0001501001 1.0001501001 0.8001501001000001 0 2 255 -259 
836 0.9998498998999999 0.9998498998999999 0.4998498999 1.0001501001 1.0001501001 0.8001501001000001 0 2 256 -259 
837 0.7999998996000001 0.7999998996000001 0.9049998996 0.8000001004 0.8000001004 0.9050001004 0 2 250 -250 
838 0.7998998999000001 0.9998998999000001 0.9998998999000001 1.0001001001 1.0001001001 1.0001001001 0 2 257 -260 
839 0.9998998999000001 0.7998998999000001 0.9998998999000001 1.0001001001 1.0001001001 1.0001001001 0 2 258 -260 
840 0.9998998999000001 0.9998998999000001 0.7998998999000001 1.0001001001 1.0001001001 1.0001001001 0 2 259 -260 
841 0.19999985 0.19999985 0.09499985000000002 0.20000015 0.20000015 0.20000015 0 2 261 -9 
842 0.19999985 0.19999985 0.19999985 0.20000015 0.30500015 0.20000015 0 2 22 -261 
843 0.19999985 0.09499985000000002 0.19999985 0.20000015 0.20000015 0.20000015 0 2 261 -8 
844 0.19999985 0.19999985 0.19999985 0.20000015 0.20000015 0.30500015 0 2 17 -261 
845 0.19999985 0.49999985 0.09499985000000002 0.20000015 0.50000015 0.20000015 0 2 262 -23 
846 0.19999985 0.49999985 0.19999985 0.20000015 0.60500015 0.20000015 0 2 55 -262 
847 0.19999985 0.39499985 0.19999985 0.20000015 0.50000015 0.20000015 0 2 262 -21 
848 0.19999985 0.09499985000000002 0.49999985 0.20000015 0.20000015 0.50000015 0 2 263 -15 
849 0.19999985 0.19999985 0.39499985 0.20000015 0.20000015 0.50000015 0 2 263 -16 
850 0.19999985 0.19999985 0.49999985 0.20000015 0.20000015 0.60500015 0 2 38 -263 
851 0.19999985 0.79999985 0.09499985000000002 0.20000015 0.8000001499999999 0.20000015 0 2 264 -56 
852 0.19999985 0.79999985 0.19999985 0.20000015 0.9050001499999999 0.20000015 0 2 109 -264 
853 0.19999985 0.69499985 0.19999985 0.20000015 0.8000001499999999 0.20000015 0 2 264 -54 
854 0.19999985 0.49999985 0.19999985 0.20000015 0.50000015 0.30500015 0 2 44 -262 
855 0.19999985 0.09499985000000002 0.79999985 0.20000015 0.20000015 0.8000001499999999 0 2 265 -36 
856 0.19999985 0.19999985 0.6949998500000001 0.20000015 0.20000015 0.8000001499999999 0 2 265 -37 
857 0.19999985 0.19999985 0.79999985 0.20000015 0.20000015 0.90500015 0 2 75 -265 
858 0.19999985 0.19999985 0.49999985 0.20000015 0.30500015 0.50000015 0 2 42 -263 
859 0.19999985 0.79999985 0.19999985 0.20000015 0.8000001499999999 0.30500015 0 2 93 -264 
860 0.19999985 0.19999985 0.79999985 0.20000015 0.30500015 0.8000001499999999 0 2 79 -265 
861 0.19999985 0.49999985 0.39499985 0.20000015 0.50000015 0.50000015 0 2 266 -43 
862 0.19999985 0.49999985 0.49999985 0.20000015 0.60500015 0.50000015 0 2 91 -266 
863 0.19999985 0.39499985 0.49999985 0.20000015 0.50000015 0.50000015 0 2 266 -41 
864 0.19999985 0.49999985 0.49999985 0.20000015 0.50000015 0.60500015 0 2 81 -266 
865 0.19999985 0.79999985 0.49999985 0.20000015 0.9050001499999999 0.50000015 0 2 154 -267 
866 0.19999985 0.79999985 0.49999985 0.20000015 0.8000001499999999 0.60500015 0 2 139 -267 
867 0.19999985 0.79999985 0.39499985 0.20000015 0.8000001499999999 0.50000015 0 2 267 -92 
868 0.19999985 0.69499985 0.49999985 0.20000015 0.8000001499999999 0.50000015 0 2 267 -90 
869 0.19999985 0.49999985 0.79999985 0.20000015 0.50000015 0.90500015 0 2 130 -268 
870 0.19999985 0.39499985 0.79999985 0.20000015 0.50000015 0.8000001499999999 0 2 268 -78 
871 0.19999985 0.49999985 0.79999985 0.20000015 0.60500015 0.8000001499999999 0 2 137 -268 
872 0.19999985 0.49999985 0.6949998500000001 0.20000015 0.50000015 0.8000001499999999 0 2 268 -80 
873 0.19999985 0.79999985 0.79999985 0.20000015 0.9050001499999999 0.8000001499999999 0 2 192 -269 
874 0.19999985 0.79999985 0.79999985 0.20000015 0.8000001499999999 0.90500015 0 2 184 -269 
875 0.19999985 0.79999985 0.6949998500000001 0.20000015 0.8000001499999999 0.8000001499999999 0 2 269 -138 
876 0.19999985 0.69499985 0.79999985 0.20000015 0.8000001499999999 0.8000001499999999 0 2 269 -136 
877 0.49999985 0.19999985 0.09499985000000002 0.50000015 0.20000015 0.20000015 0 2 270 -29 
878 0.49999985 0.19999985 0.19999985 0.50000015 0.30500015 0.20000015 0 2 61 -270 
879 0.49999985 0.09499985000000002 0.19999985 0.50000015 0.20000015 0.20000015 0 2 270 -28 
880 0.49999985 0.19999985 0.19999985 0.50000015 0.20000015 0.30500015 0 2 50 -270 
881 0.49999985 0.49999985 0.09499985000000002 0.50000015 0.50000015 0.20000015 0 2 271 -62 
882 0.49999985 0.49999985 0.19999985 0.50000015 0.60500015 0.20000015 0 2 114 -271 
883 0.49999985 0.39499985 0.19999985 0.50000015 0.50000015 0.20000015 0 2 271 -60 
884 0.49999985 0.09499985000000002 0.49999985 0.50000015 0.20000015 0.50000015 0 2 272 -48 
885 0.49999985 0.19999985 0.39499985 0.50000015 0.20000015 0.50000015 0 2 272 -49 
886 0.49999985 0.19999985 0.49999985 0.50000015 0.20000015 0.60500015 0 2 87 -272 
887 0.49999985 0.79999985 0.09499985000000002 0.50000015 0.8000001499999999 0.20000015 0 2 273 -115 
888 0.49999985 0.79999985 0.19999985 0.50000015 0.9050001499999999 0.20000015 0 2 171 -273 
889 0.49999985 0.69499985 0.19999985 0.50000015 0.8000001499999999 0.20000015 0 2 273 -113 
890 0.49999985 0.49999985 0.19999985 0.50000015 0.50000015 0.30500015 0 2 99 -271 
891 0.49999985 0.09499985000000002 0.79999985 0.50000015 0.20000015 0.8000001499999999 0 2 274 -85 
892 0.49999985 0.19999985 0.6949998500000001 0.50000015 0.20000015 0.8000001499999999 0 2 274 -86 
893 0.49999985 0.19999985 0.79999985 0.50000015 0.20000015 0.90500015 0 2 133 -274 
894 0.49999985 0.19999985 0.49999985 0.50000015 0.30500015 0.50000015 0 2 97 -272 
895 0.49999985 0.79999985 0.19999985 0.50000015 0.8000001499999999 0.30500015 0 2 160 -273 
896 0.49999985 0.19999985 0.79999985 0.50000015 0.30500015 0.8000001499999999 0 2 143 -274 
897 0.49999985 0.49999985 0.39499985 0.50000015 0.50000015 0.50000015 0 2 275 -98 
898 0.49999985 0.49999985 0.49999985 0.50000015 0.60500015 0.50000015 0 2 158 -275 
899 0.49999985 0.39499985 0.49999985 0.50000015 0.50000015 0.50000015 0 2 275 -96 
900 0.49999985 0.49999985 0.49999985 0.50000015 0.50000015 0.60500015 0 2 145 -275 
901 0.49999985 0.79999985 0.49999985 0.50000015 0.9050001499999999 0.50000015 0 2 209 -276 
902 0.49999985 0.79999985 0.49999985 0.50000015 0.8000001499999999 0.60500015 0 2 198 -276 
903 0.49999985 0.79999985 0.39499985 0.50000015 0.8000001499999999 0.50000015 0 2 276 -159 
904 0.49999985 0.69499985 0.49999985 0.50000015 0.8000001499999999 0.50000015 0 2 276 -157 
905 0.49999985 0.49999985 0.79999985 0.50000015 0.50000015 0.90500015 0 2 186 -277 
906 0.49999985 0.39499985 0.79999985 0.50000015 0.50000015 0.8000001499999999 0 2 277 -142 
907 0.49999985 0.49999985 0.79999985 0.50000015 0.60500015 0.8000001499999999 0 2 196 -277 
908 0.49999985 0.49999985 0.6949998500000001 0.50000015 0.50000015 0.8000001499999999 0 2 277 -144 
909 0.49999985 0.79999985 0.79999985 0.50000015 0.9050001499999999 0.8000001499999999 0 2 233 -278 
910 0.49999985 0.79999985 0.79999985 0.50000015 0.8000001499999999 0.90500015 0 2 227 -278 
911 0.49999985 0.79999985 0.6949998500000001 0.50000015 0.8000001499999999 0.8000001499999999 0 2 278 -197 
912 0.49999985 0.69499985 0.79999985 0.50000015 0.8000001499999999 0.8000001499999999 0 2 278 -195 
913 0.79999985 0.19999985 0.09499985000000002 0.8000001499999999 0.20000015 0.20000015 0 2 279 -68 
914 0.79999985 0.19999985 0.19999985 0.8000001499999999 0.30500015 0.20000015 0 2 120 -279 
915 0.79999985 0.09499985000000002 0.19999985 0.8000001499999999 0.20000015 0.20000015 0 2 279 -67 
916 0.79999985 0.19999985 0.19999985 0.8000001499999999 0.20000015 0.30500015 0 2 105 -279 
917 0.79999985 0.49999985 0.09499985000000002 0.8000001499999999 0.50000015 0.20000015 0 2 280 -121 
918 0.79999985 0.49999985 0.19999985 0.8000001499999999 0.60500015 0.20000015 0 2 176 -280 
919 0.79999985 0.39499985 0.19999985 0.8000001499999999 0.50000015 0.20000015 0 2 280 -119 
920 0.79999985 0.09499985000000002 0.49999985 0.8000001499999999 0.20000015 0.50000015 0 2 281 -103 
921 0.79999985 0.19999985 0.39499985 0.8000001499999999 0.20000015 0.50000015 0 2 281 -104 
922 0.79999985 0.19999985 0.49999985 0.8000001499999999 0.20000015 0.60500015 0 2 151 -281 
923 0.79999985 0.79999985 0.09499985000000002 0.8000001499999999 0.8000001499999999 0.20000015 0 2 282 -177 
924 0.79999985 0.79999985 0.19999985 0.8000001499999999 0.9050001499999999 0.20000015 0 2 219 -282 
925 0.79999985 0.69499985 0.19999985 0.8000001499999999 0.8000001499999999 0.20000015 0 2 282 -175 
926 0.79999985 0.49999985 0.19999985 0.8000001499999999 0.50000015 0.30500015 0 2 166 -280 
927 0.79999985 0.09499985000000002 0.79999985 0.8000001499999999 0.20000015 0.8000001499999999 0 2 283 -149 
928 0.79999985 0.19999985 0.6949998500000001 0.8000001499999999 0.20000015 0.8000001499999999 0 2 283 -150 
929 0.79999985 0.19999985 0.79999985 0.8000001499999999 0.20000015 0.90500015 0 2 189 -283 
930 0.79999985 0.19999985 0.49999985 0.8000001499999999 0.30500015 0.50000015 0 2 164 -281 
931 0.79999985 0.79999985 0.19999985 0.8000001499999999 0.8000001499999999 0.30500015 0 2 215 -282 
932 0.79999985 0.19999985 0.79999985 0.8000001499999999 0.30500015 0.8000001499999999 0 2 202 -283 
933 0.79999985 0.49999985 0.39499985 0.8000001499999999 0.50000015 0.50000015 0 2 284 -165 
934 0.79999985 0.49999985 0.49999985 0.8000001499999999 0.60500015 0.50000015 0 2 213 -284 
935 0.79999985 0.39499985 0.49999985 0.8000001499999999 0.50000015 0.50000015 0 2 284 -163 
936 0.79999985 0.49999985 0.49999985 0.8000001499999999 0.50000015 0.60500015 0 2 204 -284 
937 0.79999985 0.79999985 0.49999985 0.8000001499999999 0.9050001499999999 0.50000015 0 2 243 -285 
938 0.79999985 0.79999985 0.49999985 0.8000001499999999 0.8000001499999999 0.60500015 0 2 239 -285 
939 0.79999985 0.79999985 0.39499985 0.8000001499999999 0.8000001499999999 0.50000015 0 2 285 -214 
940 0.79999985 0.69499985 0.49999985 0.8000001499999999 0.8000001499999999 0.50000015 0 2 285 -212 
941 0.79999985 0.49999985 0.79999985 0.8000001499999999 0.50000015 0.90500015 0 2 229 -286 
942 0.79999985 0.39499985 0.79999985 0.8000001499999999 0.50000015 0.8000001499999999 0 2 286 -201 
943 0.79999985 0.49999985 0.79999985 0.8000001499999999 0.60500015 0.8000001499999999 0 2 237 -286 
944 0.79999985 0.49999985 0.6949998500000001 0.8000001499999999 0.50000015 0.8000001499999999 0 2 286 -203 
945 0.79999985 0.79999985 0.79999985 0.8000001499999999 0.9050001499999999 0.8000001499999999 0 2 253 -287 
946 0.79999985 0.79999985 0.79999985 0.8000001499999999 0.8000001499999999 0.90500015 0 2 250 -287 
947 0.79999985 0.79999985 0.6949998500000001 0.8000001499999999 0.8000001499999999 0.8000001499999999 0 2 287 -238 
948 0.79999985 0.69499985 0.79999985 0.8000001499999999 0.8000001499999999 0.8000001499999999 0 2 287 -236 
949 0.19999985 0.19999985 0.19999985 0.30500015 0.20000015 0.20000015 0 2 30 -261 
950 0.09499985000000002 0.19999985 0.19999985 0.20000015 0.20000015 0.20000015 0 2 261 -7 
951 0.49999985 0.19999985 0.19999985 0.60500015 0.20000015 0.20000015 0 2 69 -270 
952 0.39499985 0.19999985 0.19999985 0.50000015 0.20000015 0.20000015 0 2 270 -31 
953 0.09499985000000002 0.19999985 0.49999985 0.20000015 0.20000015 0.50000015 0 2 263 -14 
954 0.79999985 0.19999985 0.19999985 0.90500015 0.20000015 0.20000015 0 2 127 -279 
955 0.69499985 0.19999985 0.19999985 0.8000001499999999 0.20000015 0.20000015 0 2 279 -70 
956 0.09499985000000002 0.19999985 0.79999985 0.20000015 0.20000015 0.8000001499999999 0 2 265 -35 
957 0.19999985 0.19999985 0.49999985 0.30500015 0.20000015 0.50000015 0 2 46 -263 
958 0.19999985 0.19999985 0.79999985 0.30500015 0.20000015 0.8000001499999999 0 2 83 -265 
959 0.49999985 0.19999985 0.49999985 0.60500015 0.20000015 0.50000015 0 2 101 -272 
960 0.39499985 0.19999985 0.49999985 0.50000015 0.20000015 0.50000015 0 2 272 -47 
961 0.79999985 0.19999985 0.49999985 0.90500015 0.20000015 0.50000015 0 2 168 -281 
962 0.69499985 0.19999985 0.49999985 0.8000001499999999 0.20000015 0.50000015 0 2 281 -102 
963 0.39499985 0.19999985 0.79999985 0.50000015 0.20000015 0.8000001499999999 0 2 274 -84 
964 0.49999985 0.19999985 0.79999985 0.60500015 0.20000015 0.8000001499999999 0 2 147 -274 
965 0.79999985 0.19999985 0.79999985 0.90500015 0.20000015 0.8000001499999999 0 2 206 -283 
966 0.69499985 0.19999985 0.79999985 0.8000001499999999 0.20000015 0.8000001499999999 0 2 283 -148 
967 0.19999985 0.49999985 0.19999985 0.30500015 0.50000015 0.20000015 0 2 58 -262 
968 0.09499985000000002 0.49999985 0.19999985 0.20000015 0.50000015 0.20000015 0 2 262 -20 
969 0.49999985 0.49999985 0.19999985 0.60500015 0.50000015 0.20000015 0 2 117 -271 
970 0.39499985 0.49999985 0.19999985 0.50000015 0.50000015 0.20000015 0 2 271 -59 
971 0.09499985000000002 0.49999985 0.49999985 0.20000015 0.50000015 0.50000015 0 2 266 -40 
972 0.79999985 0.49999985 0.19999985 0.90500015 0.50000015 0.20000015 0 2 179 -280 
973 0.69499985 0.49999985 0.19999985 0.8000001499999999 0.50000015 0.20000015 0 2 280 -118 
974 0.09499985000000002 0.49999985 0.79999985 0.20000015 0.50000015 0.8000001499999999 0 2 268 -77 
975 0.19999985 0.49999985 0.49999985 0.30500015 0.50000015 0.50000015 0 2 94 -266 
976 0.19999985 0.49999985 0.79999985 0.30500015 0.50000015 0.8000001499999999 0 2 140 -268 
977 0.49999985 0.49999985 0.49999985 0.60500015 0.50000015 0.50000015 0 2 161 -275 
978 0.39499985 0.49999985 0.49999985 0.50000015 0.50000015 0.50000015 0 2 275 -95 
979 0.79999985 0.49999985 0.49999985 0.90500015 0.50000015 0.50000015 0 2 216 -284 
980 0.69499985 0.49999985 0.49999985 0.8000001499999999 0.50000015 0.50000015 0 2 284 -162 
981 0.39499985 0.49999985 0.79999985 0.50000015 0.50000015 0.8000001499999999 0 2 277 -141 
982 0.49999985 0.49999985 0.79999985 0.60500015 0.50000015 0.8000001499999999 0 2 199 -277 
983 0.79999985 0.49999985 0.79999985 0.90500015 0.50000015 0.8000001499999999 0 2 240 -286 
984 0.69499985 0.49999985 0.79999985 0.8000001499999999 0.50000015 0.8000001499999999 0 2 286 -200 
985 0.19999985 0.79999985 0.19999985 0.30500015 0.8000001499999999 0.20000015 0 2 111 -264 
986 0.09499985000000002 0.79999985 0.19999985 0.20000015 0.8000001499999999 0.20000015 0 2 264 -53 
987 0.49999985 0.79999985 0.19999985 0.60500015 0.8000001499999999 0.20000015 0 2 173 -273 
988 0.39499985 0.79999985 0.19999985 0.50000015 0.8000001499999999 0.20000015 0 2 273 -112 
989 0.09499985000000002 0.79999985 0.49999985 0.20000015 0.8000001499999999 0.50000015 0 2 267 -89 
990 0.79999985 0.79999985 0.19999985 0.90500015 0.8000001499999999 0.20000015 0 2 221 -282 
991 0.69499985 0.79999985 0.19999985 0.8000001499999999 0.8000001499999999 0.20000015 0 2 282 -174 
992 0.09499985000000002 0.79999985 0.79999985 0.20000015 0.8000001499999999 0.8000001499999999 0 2 269 -135 
993 0.19999985 0.79999985 0.49999985 0.30500015 0.8000001499999999 0.50000015 0 2 155 -267 
994 0.19999985 0.79999985 0.79999985 0.30500015 0.8000001499999999 0.8000001499999999 0 2 193 -269 
995 0.49999985 0.79999985 0.49999985 0.60500015 0.8000001499999999 0.50000015 0 2 210 -276 
996 0.39499985 0.79999985 0.49999985 0.50000015 0.8000001499999999 0.50000015 0 2 276 -156 
997 0.79999985 0.79999985 0.49999985 0.90500015 0.8000001499999999 0.50000015 0 2 244 -285 
998 0.69499985 0.79999985 0.49999985 0.8000001499999999 0.8000001499999999 0.50000015 0 2 285 -211 
999 0.39499985 0.79999985 0.79999985 0.50000015 0.8000001499999999 0.8000001499999999 0 2 278 -194 
1000 0.49999985 0.79999985 0.79999985 0.60500015 0.8000001499999999 0.8000001499999999 0 2 234 -278 
1001 0.79999985 0.79999985 0.79999985 0.90500015 0.8000001499999999 0.8000001499999999 0 2 254 -287 
1002 0.69499985 0.79999985 0.79999985 0.8000001499999999 0.8000001499999999 0.8000001499999999 0 2 287 -235 
1 -1e-07 -1.000000000028756e-07 -1.000000000028756e-07 1e-07 0.2000001 0.2000001 1 2 4 -1 4 -3 2 
2 -1.000000000167534e-07 -1.000000000138778e-07 -1.000000000167534e-07 0.2000001 1.000000000138778e-07 0.2000001 1 4 4 -5 1 7 6 
3 -1.000000003914536e-07 -1.000000003914536e-07 0.199999899999999 0.2000001000000004 0.2000001000000004 0.2000001000000004 1 2000 5 2 7 -10 -9 8 
4 -1.000000003914536e-07 0.1999998999999986 -1.000000003914536e-07 0.2000001000000004 0.2000001000000004 0.2000001000000004 1 2001 5 3 13 -12 -11 8 
5 -1.000000000028756e-07 -1.000000000028756e-07 -1e-07 0.2000001 0.2000001 1e-07 1 4 4 -4 5 14 -13 
6 0.1999998999999991 -1.00000000238798e-07 -1.00000000238798e-07 0.2000001000000003 0.2000001000000003 0.2000001000000002 1 2002 5 6 14 -12 -15 10 
7 0.09496103291221775 0.09496103291221775 0.09496103291221773 0.2000389670877823 0.2000389670877823 0.2000389670877823 1 1 4 -15 -9 11 16 
8 -1.000000000138778e-07 -1.000000000167534e-07 0.1999999 1.000000000138778e-07 0.2000001 0.5000001000000001 1 2 4 -17 -2 -19 18 
9 -1.000000000028756e-07 -1e-07 0.1999999 0.2000001 1e-07 0.5000000999999999 1 4 4 -7 17 21 20 
10 -1.000000003775758e-07 -1.000000003775758e-07 0.4999998999999996 0.2000001000000004 0.2000001000000004 0.5000001000000009 1 2003 5 18 21 -24 -23 22 
11 -1.000000004053314e-07 0.1999998999999986 0.199999899999999 0.2000001000000004 0.2000001000000004 0.5000001000000009 1 2004 6 19 -8 -27 -26 -25 22 
12 0.1999998999999991 -1.000000002249202e-07 0.1999998999999992 0.2000001000000002 0.2000001000000002 0.5000001000000008 1 2005 6 20 -10 -29 -26 -28 24 
13 0.09496103291221775 0.09496103291221775 0.3949610329122177 0.2000389670877823 0.2000389670877823 0.5000389670877828 1 1 4 -28 -23 25 30 
14 0.09496103291221773 0.09496103291221773 0.1999610329122171 0.2000389670877823 0.2000389670877823 0.3050389670877823 1 1 4 -29 -31 27 9 
15 -1.000000000138778e-07 0.1999999 -1.000000000167534e-07 1.000000000138778e-07 0.5000001000000001 0.2000001 1 2 4 3 34 -33 32 
16 -1.000000004053314e-07 0.1999998999999986 0.199999899999999 0.2000001000000007 0.5000001000000005 0.2000001000000004 1 2011 6 32 -8 -38 -37 -36 35 
17 -1.000000001416534e-07 0.4999998999999998 -1.000000001416534e-07 0.2000001000000002 0.5000001000000003 0.2000001000000001 1 2012 5 33 41 -40 -39 35 
18 -1.000000000028756e-07 0.1999999 -1e-07 0.2000001 0.5000000999999999 1e-07 1 4 4 -34 13 42 -41 
19 0.0949610329122177 0.1999610329122166 0.09496103291221769 0.2000389670877827 0.3050389670877823 0.2000389670877823 1 1 4 -38 -44 43 -11 
20 0.1999998999999991 0.1999998999999998 -1.000000002249202e-07 0.2000001000000005 0.5000001000000002 0.2000000999999997 1 2013 6 12 42 -40 -45 37 -44 
21 0.09496103291221769 0.3949610329122177 0.09496103291221768 0.2000389670877823 0.5000389670877824 0.2000389670877823 1 1 4 -45 -36 39 46 
22 0.1999999 -1.000000000138778e-07 -1.000000000167534e-07 0.5000001000000001 1.000000000138778e-07 0.2000001 1 4 4 -47 -6 49 48 
23 0.1999999 -1.000000000028756e-07 -1e-07 0.5000000999999999 0.2000001 1e-07 1 4 4 -14 47 51 -50 
24 0.4999998999999998 -1.000000002110424e-07 -1.000000002110424e-07 0.5000001000000005 0.2000001000000002 0.2000001000000002 1 2042 5 48 51 -54 -53 52 
25 0.1999998999999988 -1.000000005718649e-07 0.1999998999999989 0.5000001000000009 0.2000001000000005 0.2000001000000005 1 2040 6 10 49 -52 -57 56 -55 
26 0.1999998999999996 0.1999998999999985 -1.000000004053314e-07 0.5000001000000004 0.2000001000000004 0.2000001000000004 1 2041 6 12 50 -54 -59 56 -58 
27 0.3949610329122177 0.09496103291221769 0.09496103291221768 0.5000389670877827 0.2000389670877823 0.2000389670877823 1 1 4 -53 -57 59 60 
28 0.199961032912217 0.0949610329122177 0.09496103291221769 0.3050389670877823 0.2000389670877823 0.2000389670877823 1 1 4 58 -55 15 61 
29 -1.000000000138778e-07 -1.000000000167534e-07 0.4999999 1.000000000138778e-07 0.2000001 0.8000001000000001 1 2 4 -62 -18 -64 63 
30 -1.000000000028756e-07 -1e-07 0.4999999 0.2000001 1e-07 0.8000001 1 4 4 -21 62 66 65 
31 -1.000000004192092e-07 -1.000000004192092e-07 0.7999998999999995 0.2000001000000004 0.2000001000000004 0.8000001000000008 1 2006 5 63 66 -69 -68 67 
32 -1.000000003775758e-07 0.1999998999999986 0.4999998999999996 0.2000001000000004 0.2000001000000004 0.8000001000000008 1 2007 6 64 -22 -72 -71 -70 67 
33 0.1999998999999991 -1.000000002526757e-07 0.4999998999999998 0.2000001000000003 0.2000001000000003 0.8000001000000007 1 2008 6 65 -24 -74 -71 -73 69 
34 0.09496103291221773 0.09496103291221773 0.6949610329122178 0.2000389670877823 0.2000389670877823 0.8000389670877827 1 1 4 -73 -68 70 75 
35 0.09496103291221775 0.09496103291221775 0.4999610329122177 0.2000389670877823 0.2000389670877823 0.6050389670877823 1 1 4 -74 -76 72 23 
36 -1e-07 0.1999999 0.1999999 1e-07 0.5000000999999999 0.5000000999999999 1 2 4 19 -32 -78 77 
37 -1.000000003775758e-07 0.1999998999999986 0.4999998999999996 0.2000001000000007 0.5000001000000005 0.5000001000000009 1 2014 6 77 -22 -82 -81 -80 79 
38 -1.00000000169409e-07 0.4999998999999998 0.1999998999999993 0.2000001000000002 0.5000001000000003 0.5000001000000007 1 2015 6 78 -35 -85 -84 -83 79 
39 0.09496103291221769 0.1999610329122166 0.3949610329122177 0.2000389670877827 0.3050389670877823 0.5000389670877828 1 1 4 -82 -87 86 -25 
40 0.1999998999999991 0.1999998999999997 0.1999998999999991 0.2000001000000006 0.5000001000000003 0.5000001000000008 1 2016 8 -88 -37 -90 -84 -89 81 -87 26 
41 0.09496103291221769 0.1999610329122166 0.1999610329122171 0.2000389670877827 0.3050389670877823 0.3050389670877823 1 1 4 -27 -91 -88 38 
42 0.0949610329122177 0.3949610329122177 0.3949610329122177 0.2000389670877823 0.5000389670877824 0.5000389670877828 1 1 4 -89 -80 83 92 
43 0.09496103291221769 0.3949610329122177 0.1999610329122171 0.2000389670877823 0.5000389670877824 0.3050389670877823 1 1 4 -90 -93 85 36 
44 0.1999999 -1e-07 0.1999999 0.5000000999999999 1e-07 0.5000000999999999 1 4 4 -49 -20 95 94 
45 0.1999998999999988 -1.000000005441093e-07 0.4999998999999994 0.5000001000000008 0.2000001000000005 0.5000001000000011 1 2043 6 24 95 -99 -98 97 -96 
46 0.1999610329122171 0.09496103291221772 0.3949610329122177 0.3050389670877823 0.2000389670877823 0.5000389670877828 1 1 4 100 -96 28 101 
47 0.1999998999999995 0.1999998999999984 0.1999998999999989 0.5000001000000005 0.2000001000000005 0.5000001000000011 1 2044 8 -102 -56 -105 -104 -103 97 -100 26 
48 0.199961032912217 0.09496103291221768 0.1999610329122171 0.3050389670877823 0.2000389670877824 0.3050389670877823 1 1 4 102 -106 29 55 
49 0.4999998999999998 -1.000000001555312e-07 0.1999998999999993 0.5000001000000005 0.2000001000000002 0.5000001000000007 1 2045 6 94 -52 -108 -104 -107 99 
50 0.3949610329122177 0.0949610329122177 0.3949610329122177 0.5000389670877826 0.2000389670877823 0.5000389670877828 1 1 4 -107 -98 103 109 
51 0.3949610329122177 0.09496103291221769 0.1999610329122171 0.5000389670877826 0.2000389670877823 0.3050389670877823 1 1 4 -108 -110 105 57 
52 -1.000000000138778e-07 0.4999999 -1.000000000167534e-07 1.000000000138778e-07 0.8000001000000001 0.2000001 1 2 4 33 113 -112 111 
53 -1.000000004192092e-07 0.4999998999999996 0.199999899999999 0.2000000999999998 0.8000001000000004 0.2000001000000004 1 2022 6 111 -35 -117 -116 -115 114 
54 -1.000000002249202e-07 0.7999998999999995 -1.000000002249202e-07 0.2000001000000002 0.8000001000000003 0.2000001000000002 1 2023 5 112 120 -119 -118 114 
55 -1.000000000028756e-07 0.4999999 -1e-07 0.2000001 0.8000001 1e-07 1 4 4 -113 41 121 -120 
56 0.09496103291221768 0.4999610329122177 0.09496103291221766 0.2000389670877824 0.6050389670877824 0.2000389670877823 1 1 4 -117 -123 122 -39 
57 0.1999998999999988 0.4999998999999995 -1.000000005024759e-07 0.2000001000000005 0.8000001000000005 0.2000000999999999 1 2024 6 40 121 -119 -124 116 -123 
58 0.09496103291221764 0.6949610329122176 0.09496103291221762 0.2000389670877824 0.8000389670877824 0.2000389670877824 1 1 4 -124 -115 118 125 
59 0.1999610329122176 0.1999610329122176 0.09496103291221768 0.3050389670877823 0.3050389670877823 0.2000389670877823 1 1 4 -126 -58 127 44 
60 0.199999899999999 0.1999998999999986 0.1999998999999991 0.5000001000000007 0.5000001000000005 0.2000001000000003 1 2051 8 -126 -56 -132 -131 -130 129 -128 37 
61 0.199961032912217 0.3949610329122177 0.09496103291221768 0.3050389670877823 0.5000389670877823 0.2000389670877823 1 1 4 133 -128 45 134 
62 0.1999998999999998 0.4999998999999998 -1.000000001971646e-07 0.5000001000000002 0.5000001000000003 0.2000001000000002 1 2052 6 40 137 -136 -135 129 -133 
63 0.1999999 0.1999999 -1e-07 0.5000000999999999 0.5000000999999999 1e-07 1 4 4 -42 50 138 -137 
64 0.3949610329122177 0.1999610329122166 0.09496103291221766 0.5000389670877827 0.3050389670877823 0.2000389670877823 1 1 4 -132 -140 139 -59 
65 0.4999998999999996 0.1999998999999996 -1.000000003914536e-07 0.5000001000000007 0.5000001000000004 0.2000000999999998 1 2053 6 54 138 -136 -141 131 -140 
66 0.3949610329122177 0.3949610329122177 0.09496103291221768 0.5000389670877827 0.5000389670877825 0.2000389670877823 1 1 4 -141 -130 135 142 
67 0.4999999 -1.000000000138778e-07 -1.000000000167534e-07 0.8000001000000001 1.000000000138778e-07 0.2000001 1 4 4 -143 -48 145 144 
68 0.4999999 -1.000000000028756e-07 -1e-07 0.8000001 0.2000001 1e-07 1 4 4 -51 143 147 -146 
69 0.7999998999999997 -1.000000002804313e-07 -1.000000002804313e-07 0.8000001000000005 0.2000001000000003 0.2000001000000003 1 2082 5 144 147 -150 -149 148 
70 0.4999998999999994 -1.000000005718649e-07 0.1999998999999989 0.8000001000000009 0.2000001000000005 0.2000001000000005 1 2080 6 52 145 -148 -153 152 -151 
71 0.4999998999999996 0.1999998999999985 -1.000000004053314e-07 0.8000001000000004 0.2000001000000004 0.2000001000000004 1 2081 6 54 146 -150 -155 152 -154 
72 0.6949610329122177 0.0949610329122177 0.09496103291221769 0.8000389670877825 0.2000389670877823 0.2000389670877823 1 1 4 -149 -153 155 156 
73 0.4999610329122176 0.09496103291221765 0.09496103291221764 0.6050389670877824 0.2000389670877824 0.2000389670877824 1 1 4 154 -151 53 157 
74 -1.000000000138778e-07 -1.000000000167534e-07 0.7999999 1.000000000138778e-07 0.2000001 1.0000001 1 2 4 -158 -63 -160 -159 
75 -1.000000000028756e-07 -1e-07 0.7999999000000001 0.2000001 1e-07 1.0000001 1 4 4 -66 158 162 161 
76 -1.000000000167534e-07 -1.000000000167534e-07 0.9999998999999999 0.2000001 0.2000001 1.0000001 1 4 4 -159 162 -164 163 
77 -1.00000000363698e-07 0.1999998999999986 0.7999998999999997 0.2000001000000004 0.2000001000000004 1.0000001 1 2009 5 160 -67 -166 -165 163 
78 0.1999998999999991 -1.000000002526757e-07 0.7999998999999998 0.2000001000000003 0.2000001000000003 1.0000001 1 2010 5 161 -69 -167 -165 164 
79 0.09496103291221773 0.09496103291221773 0.7999610329122177 0.2000389670877823 0.2000389670877823 0.9050389670877823 1 1 4 -167 -168 166 68 
80 -1e-07 0.1999999 0.4999999 1e-07 0.5000000999999999 0.8000001 1 2 4 64 -77 -170 169 
81 -1.000000004192092e-07 0.1999998999999985 0.799999899999999 0.2000001000000007 0.5000001000000005 0.8000001000000008 1 2017 6 169 -67 -174 -173 -172 171 
82 -1.000000002249202e-07 0.4999998999999998 0.4999998999999998 0.2000001000000002 0.5000001000000004 0.8000001000000007 1 2018 6 170 -79 -177 -176 -175 171 
83 0.09496103291221769 0.1999610329122166 0.6949610329122178 0.2000389670877827 0.3050389670877823 0.8000389670877827 1 1 4 -174 -179 178 -70 
84 0.1999998999999991 0.1999998999999997 0.4999999000000003 0.2000001000000006 0.5000001000000003 0.8000001000000007 1 2019 8 71 -182 -81 -181 -176 -180 173 -179 
85 0.0949610329122177 0.1999610329122166 0.4999610329122177 0.2000389670877826 0.3050389670877823 0.6050389670877823 1 1 4 -72 -183 -182 82 
86 0.0949610329122177 0.3949610329122177 0.6949610329122178 0.2000389670877823 0.5000389670877824 0.8000389670877827 1 1 4 -180 -172 175 184 
87 0.09496103291221769 0.3949610329122177 0.4999610329122177 0.2000389670877823 0.5000389670877824 0.6050389670877823 1 1 4 -181 -185 177 80 
88 0.1999999 -1e-07 0.4999999 0.5000000999999999 1e-07 0.8000001 1 4 4 -95 -65 187 186 
89 0.1999998999999988 -1.000000005441093e-07 0.7999998999999994 0.5000001000000008 0.2000001000000005 0.8000001000000009 1 2046 6 69 187 -191 -190 189 -188 
90 0.1999610329122171 0.09496103291221772 0.6949610329122178 0.3050389670877823 0.2000389670877823 0.8000389670877827 1 1 4 192 -188 73 193 
91 0.1999998999999995 0.1999998999999984 0.4999998999999994 0.5000001000000005 0.2000001000000005 0.8000001000000009 1 2047 8 71 -197 -97 -196 -195 -194 189 -192 
92 0.199961032912217 0.09496103291221768 0.4999610329122177 0.3050389670877823 0.2000389670877823 0.6050389670877824 1 1 4 197 -198 74 96 
93 0.4999998999999998 -1.000000001555312e-07 0.4999998999999998 0.5000001000000005 0.2000001000000002 0.8000001000000005 1 2048 6 186 -99 -200 -195 -199 191 
94 0.3949610329122177 0.0949610329122177 0.6949610329122178 0.5000389670877826 0.2000389670877823 0.8000389670877827 1 1 4 -199 -190 194 201 
95 0.3949610329122177 0.0949610329122177 0.4999610329122177 0.5000389670877826 0.2000389670877823 0.6050389670877823 1 1 4 -200 -202 196 98 
96 -1e-07 0.4999999 0.1999999 1e-07 0.8000001 0.5000000999999999 1 2 4 78 -111 -204 203 
97 -1.000000004053314e-07 0.4999998999999996 0.4999998999999996 0.2000000999999998 0.8000001000000004 0.5000001000000009 1 2025 6 203 -79 -208 -207 -206 205 
98 -1.000000002249202e-07 0.7999998999999995 0.1999998999999992 0.2000001000000002 0.8000001000000003 0.5000001000000008 1 2026 6 204 -114 -211 -210 -209 205 
99 0.09496103291221768 0.4999610329122177 0.3949610329122177 0.2000389670877824 0.6050389670877824 0.5000389670877829 1 1 4 -208 -213 212 -83 
100 0.1999998999999988 0.4999998999999995 0.1999998999999989 0.2000001000000005 0.8000001000000005 0.5000001000000011 1 2027 8 -214 -116 -216 -210 -215 207 -213 84 
101 0.09496103291221764 0.4999610329122176 0.199961032912217 0.2000389670877824 0.6050389670877824 0.3050389670877824 1 1 4 -85 -217 -214 117 
102 0.09496103291221765 0.6949610329122176 0.3949610329122176 0.2000389670877824 0.8000389670877824 0.5000389670877829 1 1 4 -215 -206 209 218 
103 0.09496103291221765 0.6949610329122176 0.199961032912217 0.2000389670877824 0.8000389670877824 0.3050389670877824 1 1 4 -216 -219 211 115 
104 0.1999610329122176 0.1999610329122176 0.1999610329122171 0.3050389670877823 0.3050389670877823 0.3050389670877823 1 1 4 88 -220 -102 126 
105 0.1999610329122176 0.1999610329122176 0.3949610329122177 0.3050389670877823 0.3050389670877823 0.5000389670877828 1 1 4 -221 -100 222 87 
106 0.199999899999999 0.1999998999999986 0.4999998999999997 0.5000001000000007 0.5000001000000005 0.5000001000000009 1 2054 8 -221 -97 -227 -226 -225 224 -223 81 
107 0.199961032912217 0.3949610329122177 0.3949610329122177 0.3050389670877823 0.5000389670877823 0.5000389670877828 1 1 4 228 -223 89 229 
108 0.1999998999999998 0.4999998999999998 0.1999998999999993 0.5000001000000002 0.5000001000000003 0.5000001000000007 1 2055 8 -230 -129 -233 -232 -231 224 -228 84 
109 0.199961032912217 0.3949610329122177 0.1999610329122171 0.3050389670877823 0.5000389670877824 0.3050389670877823 1 1 4 230 -234 90 128 
110 0.3949610329122177 0.1999610329122166 0.3949610329122177 0.5000389670877826 0.3050389670877823 0.5000389670877828 1 1 4 -227 -236 235 -103 
111 0.4999998999999996 0.1999998999999996 0.199999899999999 0.5000001000000007 0.5000001000000004 0.5000001000000009 1 2056 8 -237 -131 -239 -232 -238 226 -236 104 
112 0.3949610329122177 0.1999610329122166 0.1999610329122171 0.5000389670877827 0.3050389670877823 0.3050389670877823 1 1 4 -105 -240 -237 132 
113 0.3949610329122177 0.3949610329122177 0.3949610329122177 0.5000389670877827 0.5000389670877825 0.5000389670877829 1 1 4 -238 -225 231 241 
114 0.3949610329122177 0.3949610329122177 0.1999610329122171 0.5000389670877827 0.5000389670877825 0.3050389670877823 1 1 4 -239 -242 233 130 
115 0.4999999 -1e-07 0.1999999 0.8000001 1e-07 0.5000000999999999 1 4 4 -145 -94 244 243 
116 0.4999998999999994 -1.000000005441093e-07 0.4999998999999994 0.8000001000000008 0.2000001000000005 0.5000001000000011 1 2083 6 99 244 -248 -247 246 -245 
117 0.4999610329122176 0.09496103291221765 0.3949610329122176 0.6050389670877824 0.2000389670877824 0.5000389670877829 1 1 4 249 -245 107 250 
118 0.4999998999999994 0.1999998999999984 0.1999998999999989 0.8000001000000005 0.2000001000000005 0.5000001000000011 1 2084 8 -251 -152 -254 -253 -252 246 -249 104 
119 0.4999610329122177 0.09496103291221768 0.1999610329122171 0.6050389670877824 0.2000389670877824 0.3050389670877823 1 1 4 251 -255 108 151 
120 0.7999998999999997 -1.000000002526757e-07 0.1999998999999992 0.8000001000000005 0.2000001000000003 0.5000001000000008 1 2085 6 243 -148 -257 -253 -256 248 
121 0.6949610329122176 0.09496103291221765 0.3949610329122176 0.8000389670877827 0.2000389670877824 0.5000389670877829 1 1 4 -256 -247 252 258 
122 0.6949610329122176 0.09496103291221764 0.199961032912217 0.8000389670877827 0.2000389670877824 0.3050389670877824 1 1 4 -257 -259 254 153 
123 -1.000000000138778e-07 0.7999999 -1.000000000167534e-07 1.000000000138778e-07 1.0000001 0.2000001 1 2 4 112 262 261 260 
124 -1.000000003220647e-07 0.7999998999999995 0.1999998999999991 0.2000001000000003 1.0000001 0.2000001000000003 1 2033 5 260 -114 -265 -264 263 
125 -1.000000000167534e-07 0.9999998999999999 -1.000000000167534e-07 0.2000001 1.0000001 0.2000001 1 4 4 -266 261 -263 -267 
126 -1.000000000028756e-07 0.7999999000000001 -1e-07 0.2000001 1.0000001 1e-07 1 4 4 -262 120 268 -266 
127 0.09496103291221765 0.7999610329122174 0.09496103291221764 0.2000389670877824 0.9050389670877823 0.2000389670877823 1 1 4 -265 -270 269 -118 
128 0.1999998999999991 0.7999998999999998 -1.000000002526757e-07 0.2000001000000003 1.0000001 0.2000001000000003 1 2034 5 119 268 267 264 -270 
129 0.199961032912217 0.4999610329122177 0.09496103291221766 0.3050389670877823 0.6050389670877824 0.2000389670877823 1 1 4 -271 -133 272 123 
130 0.1999998999999989 0.4999998999999996 0.199999899999999 0.5000001000000007 0.8000001000000004 0.2000001000000004 1 2062 8 116 -271 -129 -277 -276 -275 274 -273 
131 0.199961032912217 0.6949610329122176 0.09496103291221761 0.3050389670877824 0.8000389670877824 0.2000389670877824 1 1 4 278 -273 124 279 
132 0.1999998999999998 0.7999998999999995 -1.00000000238798e-07 0.5000001000000003 0.8000001000000003 0.2000001000000002 1 2063 6 119 282 -281 -280 274 -278 
133 0.1999999 0.4999999 -1e-07 0.5000000999999999 0.8000001 1e-07 1 4 4 -121 137 283 -282 
134 0.3949610329122177 0.4999610329122177 0.09496103291221766 0.5000389670877827 0.6050389670877824 0.2000389670877823 1 1 4 -277 -285 284 -135 
135 0.4999998999999992 0.4999998999999998 -1.000000002249202e-07 0.5000001000000006 0.8000001000000003 0.2000000999999997 1 2064 6 136 283 -281 -286 276 -285 
136 0.3949610329122176 0.6949610329122176 0.09496103291221761 0.5000389670877824 0.8000389670877824 0.2000389670877824 1 1 4 -286 -275 280 287 
137 0.4999610329122176 0.1999610329122176 0.09496103291221762 0.6050389670877824 0.3050389670877824 0.2000389670877824 1 1 4 -288 -154 289 140 
138 0.4999998999999999 0.1999998999999986 0.1999998999999991 0.8000001000000007 0.5000001000000005 0.2000001000000003 1 2091 8 -288 -152 -294 -293 -292 291 -290 131 
139 0.4999610329122176 0.3949610329122176 0.09496103291221764 0.6050389670877824 0.5000389670877824 0.2000389670877824 1 1 4 295 -290 141 296 
140 0.4999998999999998 0.4999998999999998 -1.000000001971646e-07 0.8000001000000002 0.5000001000000003 0.2000001000000002 1 2092 6 136 299 -298 -297 291 -295 
141 0.4999999 0.1999999 -1e-07 0.8000001 0.5000000999999999 1e-07 1 4 4 -138 146 300 -299 
142 0.6949610329122176 0.1999610329122166 0.09496103291221762 0.8000389670877827 0.3050389670877824 0.2000389670877824 1 1 4 -294 -302 301 -155 
143 0.7999998999999997 0.1999998999999997 -1.000000002943091e-07 0.8000001000000005 0.5000001000000003 0.2000000999999997 1 2093 6 150 300 -298 -303 293 -302 
144 0.6949610329122176 0.3949610329122177 0.09496103291221768 0.8000389670877827 0.5000389670877825 0.2000389670877823 1 1 4 -303 -292 297 304 
145 0.7999999000000001 -1e-07 -1.000000000028756e-07 1.0000001 1e-07 0.2000001 1 4 4 -305 -144 307 -306 
146 0.7999999000000001 -1.000000000028756e-07 -1e-07 1.0000001 0.2000001 1e-07 1 4 4 -147 305 309 -308 
147 0.9999999000000001 -1.000000000028756e-07 -1.000000000028756e-07 1.0000001 0.2000001 0.2000001 1 3 4 -306 309 311 -310 
148 0.7999998999999999 -1.00000000169409e-07 0.1999998999999993 1.0000001 0.2000001000000002 0.2000001000000002 1 2120 5 148 307 310 313 -312 
149 0.7999998999999998 0.1999998999999998 -1.00000000238798e-07 1.0000001 0.2000001000000002 0.2000001000000002 1 2121 5 150 308 311 313 -314 
150 0.7999610329122175 0.09496103291221765 0.09496103291221764 0.9050389670877824 0.2000389670877824 0.2000389670877824 1 1 4 314 -312 149 315 
151 -1e-07 0.1999999 0.7999999000000001 1e-07 0.5000000999999999 1.0000001 1 2 4 160 -169 -317 -316 
152 -1.000000000167534e-07 0.1999999 0.9999998999999999 0.2000001 0.5000001000000001 1.0000001 1 4 4 -316 -163 -319 318 
153 -1.000000002249202e-07 0.4999998999999998 0.7999998999999999 0.2000001000000002 0.5000001000000003 1.0000001 1 2020 5 317 -171 -321 -320 318 
154 0.199999899999999 0.1999998999999996 0.799999899999999 0.2000001000000007 0.5000001000000004 1.0000001 1 2021 6 319 165 -323 -173 -322 -320 
155 0.09496103291221769 0.1999610329122166 0.7999610329122171 0.2000389670877827 0.3050389670877823 0.9050389670877823 1 1 4 -166 -324 -323 174 
156 0.09496103291221769 0.3949610329122177 0.7999610329122177 0.2000389670877823 0.5000389670877824 0.9050389670877823 1 1 4 -322 -325 321 172 
157 0.1999999 -1e-07 0.7999999000000001 0.5000000999999999 1e-07 1.0000001 1 4 4 -187 -161 327 326 
158 0.1999999 -1.000000000167534e-07 0.9999998999999999 0.5000001000000001 0.2000001 1.0000001 1 4 4 164 327 -329 328 
159 0.1999998999999995 0.1999998999999984 0.7999998999999994 0.5000001000000005 0.2000001000000005 1.000000100000001 1 2049 6 328 165 -332 -189 -331 -330 
160 0.199961032912217 0.09496103291221768 0.7999610329122175 0.3050389670877823 0.2000389670877824 0.9050389670877824 1 1 4 332 -333 167 188 
161 0.4999998999999998 -1.000000001555312e-07 0.7999998999999999 0.5000001000000005 0.2000001000000002 1.0000001 1 2050 5 326 -191 -334 -330 329 
162 0.3949610329122177 0.09496103291221769 0.7999610329122177 0.5000389670877826 0.2000389670877823 0.9050389670877823 1 1 4 -334 -335 331 190 
163 -1e-07 0.4999999 0.4999999 1e-07 0.8000001 0.8000001 1 2 4 170 -203 -337 336 
164 -1.000000002526757e-07 0.4999998999999998 0.7999998999999991 0.2000000999999996 0.8000001000000003 0.8000001000000007 1 2028 6 336 -171 -341 -340 -339 338 
165 -1.000000002526757e-07 0.7999998999999995 0.4999998999999998 0.2000001000000003 0.8000001000000003 0.8000001000000007 1 2029 6 337 -205 -344 -343 -342 338 
166 0.09496103291221768 0.4999610329122177 0.6949610329122177 0.2000389670877824 0.6050389670877824 0.8000389670877828 1 1 4 -341 -346 345 -175 
167 0.1999998999999988 0.4999998999999995 0.4999999000000001 0.2000001000000005 0.8000001000000005 0.8000001000000009 1 2030 8 -347 -207 -349 -343 -348 340 -346 176 
168 0.09496103291221765 0.4999610329122176 0.4999610329122176 0.2000389670877824 0.6050389670877824 0.6050389670877824 1 1 4 -177 -350 -347 208 
169 0.09496103291221765 0.6949610329122176 0.6949610329122177 0.2000389670877824 0.8000389670877824 0.8000389670877828 1 1 4 -348 -339 342 351 
170 0.09496103291221766 0.6949610329122176 0.4999610329122176 0.2000389670877824 0.8000389670877824 0.6050389670877824 1 1 4 -349 -352 344 206 
171 0.1999610329122176 0.1999610329122176 0.6949610329122177 0.3050389670877823 0.3050389670877823 0.8000389670877823 1 1 4 -353 -192 354 179 
172 0.199999899999999 0.1999998999999986 0.799999899999999 0.5000001000000007 0.5000001000000005 0.8000001000000008 1 2057 8 -353 -189 -359 -358 -357 356 -355 173 
173 0.199961032912217 0.3949610329122177 0.6949610329122178 0.3050389670877823 0.5000389670877823 0.8000389670877827 1 1 4 360 -355 180 361 
174 0.1999998999999998 0.4999998999999998 0.4999998999999998 0.5000001000000003 0.5000001000000004 0.8000001000000007 1 2058 8 176 -365 -224 -364 -363 -362 356 -360 
175 0.199961032912217 0.3949610329122177 0.4999610329122177 0.3050389670877823 0.5000389670877824 0.6050389670877824 1 1 4 365 -366 181 223 
176 0.1999610329122177 0.1999610329122177 0.4999610329122177 0.3050389670877823 0.3050389670877823 0.6050389670877823 1 1 4 182 -367 -197 221 
177 0.3949610329122177 0.1999610329122166 0.6949610329122178 0.5000389670877826 0.3050389670877823 0.8000389670877827 1 1 4 -359 -369 368 -194 
178 0.4999998999999996 0.1999998999999996 0.4999999000000002 0.5000001000000007 0.5000001000000004 0.8000001000000008 1 2059 8 195 -372 -226 -371 -363 -370 358 -369 
179 0.3949610329122177 0.1999610329122166 0.4999610329122177 0.5000389670877827 0.3050389670877823 0.6050389670877824 1 1 4 -196 -373 -372 227 
180 0.3949610329122177 0.3949610329122177 0.6949610329122177 0.5000389670877827 0.5000389670877825 0.8000389670877828 1 1 4 -370 -357 362 374 
181 0.3949610329122177 0.3949610329122177 0.4999610329122177 0.5000389670877826 0.5000389670877824 0.6050389670877823 1 1 4 -371 -375 364 225 
182 0.4999999 -1e-07 0.4999999 0.8000001 1e-07 0.8000001 1 4 4 -244 -186 377 376 
183 0.4999998999999994 -1.000000005441093e-07 0.7999998999999994 0.8000001000000008 0.2000001000000005 0.8000001000000009 1 2086 6 191 377 -381 -380 379 -378 
184 0.4999610329122176 0.09496103291221765 0.6949610329122177 0.6050389670877824 0.2000389670877824 0.8000389670877828 1 1 4 382 -378 199 383 
185 0.4999998999999994 0.1999998999999984 0.4999998999999994 0.8000001000000005 0.2000001000000006 0.8000001000000009 1 2087 8 -384 -246 -387 -386 -385 379 -382 195 
186 0.4999610329122177 0.09496103291221768 0.4999610329122177 0.6050389670877824 0.2000389670877824 0.6050389670877824 1 1 4 384 -388 200 245 
187 0.7999998999999997 -1.000000002526757e-07 0.4999998999999998 0.8000001000000005 0.2000001000000003 0.8000001000000007 1 2088 6 376 -248 -390 -386 -389 381 
188 0.6949610329122176 0.09496103291221764 0.6949610329122177 0.8000389670877827 0.2000389670877824 0.8000389670877828 1 1 4 -389 -380 385 391 
189 0.6949610329122176 0.09496103291221765 0.4999610329122176 0.8000389670877827 0.2000389670877824 0.6050389670877824 1 1 4 -390 -392 387 247 
190 -1e-07 0.7999999000000001 0.1999999 1e-07 1.0000001 0.5000000999999999 1 2 4 204 -260 394 393 
191 -1.000000002943091e-07 0.7999998999999995 0.4999998999999997 0.2000001000000003 1.0000001 0.5000001000000008 1 2035 5 393 -205 -397 -396 395 
192 -1.000000000167534e-07 0.9999998999999999 0.1999999 0.2000001 1.0000001 0.5000001000000001 1 4 4 263 394 -395 -398 
193 0.09496103291221762 0.7999610329122174 0.3949610329122176 0.2000389670877824 0.9050389670877823 0.5000389670877829 1 1 4 -397 -400 399 -209 
194 0.1999998999999991 0.7999998999999998 0.1999998999999992 0.2000001000000003 1.0000001 0.5000001000000008 1 2036 6 -264 398 396 -400 210 -401 
195 0.09496103291221765 0.7999610329122174 0.199961032912217 0.2000389670877824 0.9050389670877823 0.3050389670877824 1 1 4 -211 -402 -401 265 
196 0.1999610329122169 0.4999610329122176 0.199961032912217 0.3050389670877824 0.6050389670877824 0.3050389670877824 1 1 4 214 -403 -230 271 
197 0.199961032912217 0.4999610329122177 0.3949610329122177 0.3050389670877823 0.6050389670877824 0.5000389670877829 1 1 4 -404 -228 405 213 
198 0.199999899999999 0.4999998999999997 0.4999998999999997 0.5000001000000007 0.8000001000000004 0.5000001000000009 1 2065 8 207 -404 -224 -410 -409 -408 407 -406 
199 0.199961032912217 0.6949610329122176 0.3949610329122176 0.3050389670877824 0.8000389670877824 0.5000389670877829 1 1 4 411 -406 215 412 
200 0.1999998999999998 0.7999998999999995 0.1999998999999992 0.5000001000000003 0.8000001000000003 0.5000001000000008 1 2066 8 -413 -274 -416 -415 -414 407 -411 210 
201 0.199961032912217 0.6949610329122176 0.1999610329122171 0.3050389670877823 0.8000389670877824 0.3050389670877823 1 1 4 413 -417 216 273 
202 0.3949610329122177 0.4999610329122177 0.3949610329122177 0.5000389670877827 0.6050389670877824 0.5000389670877829 1 1 4 -410 -419 418 -231 
203 0.4999998999999991 0.4999998999999997 0.1999998999999991 0.5000001000000007 0.8000001000000004 0.5000001000000009 1 2067 8 -420 -276 -422 -415 -421 409 -419 232 
204 0.3949610329122176 0.4999610329122176 0.199961032912217 0.5000389670877827 0.6050389670877824 0.3050389670877824 1 1 4 -233 -423 -420 277 
205 0.3949610329122176 0.6949610329122176 0.3949610329122176 0.5000389670877824 0.8000389670877824 0.5000389670877829 1 1 4 -421 -408 414 424 
206 0.3949610329122177 0.6949610329122176 0.1999610329122171 0.5000389670877824 0.8000389670877824 0.3050389670877823 1 1 4 -422 -425 416 275 
207 0.4999610329122176 0.1999610329122176 0.199961032912217 0.6050389670877824 0.3050389670877824 0.3050389670877824 1 1 4 237 -426 -251 288 
208 0.4999610329122177 0.1999610329122176 0.3949610329122177 0.6050389670877824 0.3050389670877823 0.5000389670877829 1 1 4 -427 -249 428 236 
209 0.4999999 0.1999998999999986 0.4999998999999997 0.8000001000000007 0.5000001000000005 0.5000001000000009 1 2094 8 -427 -246 -433 -432 -431 430 -429 226 
210 0.4999610329122176 0.3949610329122176 0.3949610329122176 0.6050389670877824 0.5000389670877824 0.5000389670877829 1 1 4 434 -429 238 435 
211 0.4999998999999998 0.4999998999999998 0.1999998999999992 0.8000001000000002 0.5000001000000003 0.5000001000000007 1 2095 8 -436 -291 -439 -438 -437 430 -434 232 
212 0.4999610329122177 0.3949610329122177 0.1999610329122171 0.6050389670877824 0.5000389670877824 0.3050389670877823 1 1 4 436 -440 239 290 
213 0.6949610329122176 0.1999610329122166 0.3949610329122176 0.8000389670877827 0.3050389670877824 0.5000389670877829 1 1 4 -433 -442 441 -252 
214 0.7999998999999997 0.1999998999999997 0.1999998999999991 0.8000001000000005 0.5000001000000003 0.5000001000000008 1 2096 8 -443 -293 -445 -438 -444 432 -442 253 
215 0.6949610329122176 0.1999610329122166 0.1999610329122171 0.8000389670877827 0.3050389670877824 0.3050389670877824 1 1 4 -254 -446 -443 294 
216 0.6949610329122176 0.3949610329122176 0.3949610329122176 0.8000389670877827 0.5000389670877825 0.5000389670877829 1 1 4 -444 -431 437 447 
217 0.6949610329122176 0.3949610329122176 0.199961032912217 0.8000389670877827 0.5000389670877825 0.3050389670877824 1 1 4 -445 -448 439 292 
218 0.7999999000000001 -1e-07 0.1999999 1.0000001 1e-07 0.5000000999999999 1 4 4 -307 -243 450 -449 
219 0.7999998999999999 -1.000000001277757e-07 0.4999998999999999 1.0000001 0.2000001000000001 0.5000001000000007 1 2122 5 248 450 453 452 -451 
220 0.7999610329122175 0.09496103291221765 0.3949610329122176 0.9050389670877824 0.2000389670877824 0.5000389670877829 1 1 4 454 -451 256 455 
221 0.7999998999999999 0.1999998999999998 0.1999998999999998 1.0000001 0.2000001000000002 0.5000001000000002 1 2123 6 -313 457 452 -454 253 -456 
222 0.7999610329122175 0.09496103291221769 0.1999610329122171 0.9050389670877824 0.2000389670877823 0.3050389670877823 1 1 4 456 -458 257 312 
223 0.9999999000000001 -1.000000000028756e-07 0.1999999 1.0000001 0.2000001 0.5000000999999999 1 3 4 -449 310 457 -453 
224 0.1999610329122169 0.7999610329122177 0.09496103291221759 0.3050389670877824 0.9050389670877823 0.2000389670877824 1 1 4 -459 -278 460 270 
225 0.1999998999999991 0.7999998999999995 0.1999998999999992 0.5000001000000006 1.0000001 0.2000001000000002 1 2073 6 461 264 -459 -274 -463 -462 
226 0.1999999 0.9999999000000001 -1.000000000028756e-07 0.5000000999999999 1.0000001 0.2000001 1 4 4 -464 267 -461 -465 
227 0.1999999 0.7999999000000001 -1e-07 0.5000000999999999 1.0000001 1e-07 1 4 4 -268 282 466 -464 
228 0.3949610329122176 0.7999610329122174 0.09496103291221764 0.5000389670877827 0.9050389670877823 0.2000389670877824 1 1 4 -463 -468 467 -280 
229 0.4999998999999998 0.7999998999999999 -1.000000001555312e-07 0.5000001000000005 1.0000001 0.2000001000000002 1 2074 5 281 466 465 462 -468 
230 0.4999610329122176 0.4999610329122176 0.09496103291221764 0.6050389670877824 0.6050389670877824 0.2000389670877824 1 1 4 -469 -295 470 285 
231 0.499999899999999 0.4999998999999996 0.199999899999999 0.8000001000000007 0.8000001000000004 0.2000001000000004 1 2102 8 -469 -291 -475 -474 -473 472 -471 276 
232 0.499961032912217 0.6949610329122176 0.09496103291221762 0.6050389670877824 0.8000389670877824 0.2000389670877824 1 1 4 476 -471 286 477 
233 0.4999998999999997 0.7999998999999995 -1.000000002526757e-07 0.8000001000000003 0.8000001000000003 0.2000001000000002 1 2103 6 281 480 -479 -478 472 -476 
234 0.4999999 0.4999999 -1e-07 0.8000001 0.8000001 1e-07 1 4 4 -283 299 481 -480 
235 0.6949610329122176 0.4999610329122176 0.09496103291221764 0.8000389670877827 0.6050389670877824 0.2000389670877824 1 1 4 -475 -483 482 -297 
236 0.7999998999999997 0.4999998999999997 -1.000000003220647e-07 0.8000001000000005 0.8000001000000003 0.2000000999999997 1 2104 6 298 481 -479 -484 474 -483 
237 0.6949610329122176 0.6949610329122176 0.09496103291221757 0.8000389670877827 0.8000389670877824 0.2000389670877824 1 1 4 -484 -473 478 485 
238 0.7999610329122175 0.1999610329122176 0.09496103291221764 0.9050389670877824 0.3050389670877824 0.2000389670877823 1 1 4 -486 -314 487 302 
239 0.7999998999999999 0.1999998999999996 0.199999899999999 1.0000001 0.5000001000000004 0.2000001000000004 1 2127 6 -313 490 489 -488 293 -486 
240 0.7999610329122175 0.3949610329122176 0.09496103291221764 0.9050389670877824 0.5000389670877824 0.2000389670877824 1 1 4 491 -488 303 492 
241 0.7999998999999998 0.4999998999999998 -1.00000000238798e-07 1.0000001 0.5000001000000003 0.2000001000000002 1 2128 5 298 494 493 489 -491 
242 0.7999999000000001 0.1999999 -1e-07 1.0000001 0.5000000999999999 1e-07 1 4 4 -300 308 495 -494 
243 0.9999999000000001 0.1999999 -1.000000000028756e-07 1.0000001 0.5000000999999999 0.2000001 1 3 4 -311 495 493 -490 
244 -1e-07 0.4999999 0.7999999000000001 1e-07 0.8000001 1.0000001 1 2 4 317 -336 -497 -496 
245 -1.000000000167534e-07 0.4999999 0.9999998999999999 0.2000001 0.8000001000000001 1.0000001 1 4 4 -496 -318 -499 498 
246 -1.000000002526757e-07 0.7999998999999995 0.7999998999999998 0.2000001000000003 0.8000001000000003 1.0000001 1 2031 5 497 -338 -501 -500 498 
247 0.1999998999999988 0.4999998999999994 0.7999998999999989 0.2000001000000006 0.8000001000000005 1.000000100000001 1 2032 6 499 320 -503 -340 -502 -500 
248 0.09496103291221765 0.4999610329122176 0.799961032912217 0.2000389670877824 0.6050389670877824 0.9050389670877824 1 1 4 -321 -504 -503 341 
249 0.09496103291221765 0.6949610329122176 0.7999610329122175 0.2000389670877824 0.8000389670877824 0.9050389670877824 1 1 4 -502 -505 501 339 
250 0.1999999 0.1999999 0.9999999000000001 0.5000000999999999 0.5000000999999999 1.0000001 1 4 4 319 -328 -507 506 
251 0.1999998999999998 0.4999998999999998 0.7999998999999997 0.5000001000000003 0.5000001000000004 1.0000001 1 2060 6 506 320 -510 -356 -509 -508 
252 0.199961032912217 0.3949610329122177 0.7999610329122175 0.3050389670877823 0.5000389670877824 0.9050389670877824 1 1 4 510 -511 322 355 
253 0.1999610329122176 0.1999610329122176 0.7999610329122171 0.3050389670877823 0.3050389670877823 0.9050389670877823 1 1 4 323 -512 -332 353 
254 0.4999998999999996 0.1999998999999995 0.7999998999999989 0.5000001000000008 0.5000001000000005 1.000000100000001 1 2061 6 507 330 -514 -358 -513 -508 
255 0.3949610329122177 0.3949610329122177 0.7999610329122175 0.5000389670877827 0.5000389670877825 0.9050389670877824 1 1 4 -513 -515 509 357 
256 0.3949610329122177 0.1999610329122166 0.799961032912217 0.5000389670877827 0.3050389670877823 0.9050389670877824 1 1 4 -331 -516 -514 359 
257 0.4999999 -1e-07 0.7999999000000001 0.8000001 1e-07 1.0000001 1 4 4 -377 -326 518 517 
258 0.4999999 -1.000000000167534e-07 0.9999998999999999 0.8000001000000001 0.2000001 1.0000001 1 4 4 329 518 -520 519 
259 0.4999998999999994 0.1999998999999984 0.7999998999999994 0.8000001000000005 0.2000001000000005 1.000000100000001 1 2089 6 519 330 -523 -379 -522 -521 
260 0.4999610329122177 0.09496103291221768 0.7999610329122175 0.6050389670877824 0.2000389670877824 0.9050389670877824 1 1 4 523 -524 334 378 
261 0.7999998999999997 -1.000000002526757e-07 0.7999998999999998 0.8000001000000005 0.2000001000000003 1.0000001 1 2090 5 517 -381 -525 -521 520 
262 0.6949610329122176 0.09496103291221764 0.7999610329122175 0.8000389670877827 0.2000389670877824 0.9050389670877824 1 1 4 -525 -526 522 380 
263 -1e-07 0.7999999000000001 0.4999999 1e-07 1.0000001 0.8000001 1 2 4 337 -393 528 527 
264 -1.000000002943091e-07 0.7999998999999995 0.7999998999999991 0.2000001000000003 1.0000001 0.8000001000000007 1 2037 5 527 -338 -531 -530 529 
265 -1.000000000167534e-07 0.9999998999999999 0.4999999 0.2000001 1.0000001 0.8000001000000001 1 4 4 395 528 -529 -532 
266 0.09496103291221762 0.7999610329122174 0.6949610329122177 0.2000389670877824 0.9050389670877823 0.8000389670877828 1 1 4 -531 -534 533 -342 
267 0.1999998999999991 0.7999998999999998 0.4999998999999998 0.2000001000000003 1.0000001 0.8000001000000003 1 2038 6 -396 532 530 -534 343 -535 
268 0.09496103291221765 0.7999610329122174 0.4999610329122176 0.2000389670877824 0.9050389670877823 0.6050389670877824 1 1 4 -344 -536 -535 397 
269 0.199961032912217 0.4999610329122177 0.4999610329122177 0.3050389670877823 0.6050389670877824 0.6050389670877824 1 1 4 347 -537 -365 404 
270 0.199961032912217 0.4999610329122177 0.6949610329122177 0.3050389670877823 0.6050389670877824 0.8000389670877823 1 1 4 -538 -360 539 346 
271 0.199999899999999 0.4999998999999997 0.799999899999999 0.5000001000000007 0.8000001000000004 0.8000001000000008 1 2068 8 340 -538 -356 -544 -543 -542 541 -540 
272 0.199961032912217 0.6949610329122176 0.6949610329122177 0.3050389670877824 0.8000389670877824 0.8000389670877828 1 1 4 545 -540 348 546 
273 0.1999998999999997 0.7999998999999995 0.4999998999999997 0.5000001000000003 0.8000001000000003 0.8000001000000007 1 2069 8 343 -550 -407 -549 -548 -547 541 -545 
274 0.199961032912217 0.6949610329122176 0.4999610329122177 0.3050389670877823 0.8000389670877824 0.6050389670877824 1 1 4 550 -551 349 406 
275 0.3949610329122177 0.4999610329122177 0.6949610329122177 0.5000389670877827 0.6050389670877824 0.8000389670877828 1 1 4 -544 -553 552 -362 
276 0.4999998999999991 0.4999998999999997 0.4999999000000002 0.5000001000000007 0.8000001000000004 0.8000001000000008 1 2070 8 -554 -409 -556 -548 -555 543 -553 363 
277 0.3949610329122176 0.4999610329122176 0.4999610329122176 0.5000389670877827 0.6050389670877824 0.6050389670877824 1 1 4 -364 -557 -554 410 
278 0.3949610329122176 0.6949610329122176 0.6949610329122177 0.5000389670877824 0.8000389670877824 0.8000389670877828 1 1 4 -555 -542 547 558 
279 0.3949610329122177 0.6949610329122176 0.4999610329122177 0.5000389670877824 0.8000389670877824 0.6050389670877824 1 1 4 -556 -559 549 408 
280 0.4999610329122176 0.1999610329122176 0.6949610329122177 0.6050389670877824 0.3050389670877824 0.8000389670877823 1 1 4 -560 -382 561 369 
281 0.4999998999999999 0.1999998999999986 0.799999899999999 0.8000001000000007 0.5000001000000005 0.8000001000000008 1 2097 8 -560 -379 -566 -565 -564 563 -562 358 
282 0.4999610329122176 0.3949610329122176 0.6949610329122177 0.6050389670877824 0.5000389670877824 0.8000389670877828 1 1 4 567 -562 370 568 
283 0.4999998999999998 0.4999998999999998 0.4999998999999998 0.8000001000000003 0.5000001000000004 0.8000001000000007 1 2098 8 -569 -430 -572 -571 -570 563 -567 363 
284 0.4999610329122177 0.3949610329122177 0.4999610329122177 0.6050389670877824 0.5000389670877824 0.6050389670877824 1 1 4 569 -573 371 429 
285 0.4999610329122176 0.1999610329122176 0.4999610329122176 0.6050389670877824 0.3050389670877824 0.6050389670877824 1 1 4 372 -574 -384 427 
286 0.6949610329122176 0.1999610329122166 0.6949610329122177 0.8000389670877827 0.3050389670877824 0.8000389670877828 1 1 4 -566 -576 575 -385 
287 0.7999998999999997 0.1999998999999997 0.4999999000000002 0.8000001000000005 0.5000001000000003 0.8000001000000007 1 2099 8 386 -579 -432 -578 -571 -577 565 -576 
288 0.6949610329122176 0.1999610329122166 0.4999610329122176 0.8000389670877827 0.3050389670877824 0.6050389670877824 1 1 4 -387 -580 -579 433 
289 0.6949610329122176 0.3949610329122176 0.6949610329122177 0.8000389670877827 0.5000389670877825 0.8000389670877828 1 1 4 -577 -564 570 581 
290 0.6949610329122176 0.3949610329122176 0.4999610329122176 0.8000389670877827 0.5000389670877825 0.6050389670877824 1 1 4 -578 -582 572 431 
291 0.7999999000000001 -1e-07 0.4999999 1.0000001 1e-07 0.8000001 1 4 4 -450 -376 584 -583 
292 0.7999998999999998 -1.000000002526757e-07 0.7999998999999997 1.0000001 0.2000001000000003 0.8000001000000007 1 2124 5 381 584 587 586 -585 
293 0.7999610329122175 0.09496103291221765 0.6949610329122177 0.9050389670877824 0.2000389670877824 0.8000389670877828 1 1 4 588 -585 389 589 
294 0.7999998999999999 0.1999998999999998 0.4999998999999998 1.0000001 0.2000001000000002 0.8000001000000002 1 2125 6 -452 591 586 -588 386 -590 
295 0.7999610329122177 0.09496103291221769 0.4999610329122177 0.9050389670877823 0.2000389670877823 0.6050389670877823 1 1 4 590 -592 390 451 
296 0.9999999000000001 -1.000000000028756e-07 0.4999999 1.0000001 0.2000001 0.8000001 1 3 4 -583 453 591 -587 
297 0.1999610329122169 0.7999610329122177 0.199961032912217 0.3050389670877824 0.9050389670877823 0.3050389670877824 1 1 4 401 -593 -413 459 
298 0.1999610329122169 0.7999610329122177 0.3949610329122176 0.3050389670877824 0.9050389670877823 0.5000389670877829 1 1 4 -594 -411 595 400 
299 0.1999998999999991 0.7999998999999995 0.4999998999999998 0.5000001000000006 1.0000001 0.5000001000000008 1 2075 6 596 396 -594 -407 -598 -597 
300 0.1999999 0.9999999000000001 0.1999999 0.5000000999999999 1.0000001 0.5000000999999999 1 4 4 461 398 -596 -599 
301 0.4999998999999998 0.7999998999999998 0.1999998999999992 0.5000001000000006 1.0000001 0.5000001000000008 1 2076 6 -462 599 597 -601 415 -600 
302 0.3949610329122176 0.7999610329122174 0.199961032912217 0.5000389670877827 0.9050389670877823 0.3050389670877824 1 1 4 -416 -602 -600 463 
303 0.3949610329122176 0.7999610329122174 0.3949610329122176 0.5000389670877827 0.9050389670877823 0.5000389670877829 1 1 4 -598 -601 603 -414 
304 0.4999610329122176 0.4999610329122176 0.199961032912217 0.6050389670877824 0.6050389670877824 0.3050389670877824 1 1 4 420 -604 -436 469 
305 0.4999610329122176 0.4999610329122176 0.3949610329122176 0.6050389670877824 0.6050389670877824 0.5000389670877829 1 1 4 -605 -434 606 419 
306 0.499999899999999 0.4999998999999996 0.4999998999999996 0.8000001000000007 0.8000001000000004 0.5000001000000009 1 2105 8 -605 -430 -611 -610 -609 608 -607 409 
307 0.499961032912217 0.6949610329122176 0.3949610329122176 0.6050389670877824 0.8000389670877824 0.5000389670877829 1 1 4 612 -607 421 613 
308 0.4999998999999997 0.7999998999999995 0.1999998999999992 0.8000001000000003 0.8000001000000003 0.5000001000000008 1 2106 8 -614 -472 -617 -616 -615 608 -612 415 
309 0.499961032912217 0.6949610329122176 0.199961032912217 0.6050389670877824 0.8000389670877824 0.3050389670877824 1 1 4 614 -618 422 471 
310 0.6949610329122176 0.4999610329122176 0.3949610329122176 0.8000389670877827 0.6050389670877824 0.5000389670877829 1 1 4 -611 -620 619 -437 
311 0.7999998999999997 0.4999998999999997 0.1999998999999991 0.8000001000000005 0.8000001000000003 0.5000001000000008 1 2107 8 -621 -474 -623 -616 -622 610 -620 438 
312 0.6949610329122176 0.4999610329122176 0.199961032912217 0.8000389670877827 0.6050389670877824 0.3050389670877824 1 1 4 -439 -624 -621 475 
313 0.6949610329122176 0.6949610329122176 0.3949610329122176 0.8000389670877827 0.8000389670877824 0.5000389670877829 1 1 4 -622 -609 615 625 
314 0.6949610329122176 0.6949610329122176 0.199961032912217 0.8000389670877827 0.8000389670877824 0.3050389670877824 1 1 4 -623 -626 617 473 
315 0.7999610329122175 0.1999610329122176 0.199961032912217 0.9050389670877824 0.3050389670877824 0.3050389670877824 1 1 4 443 -627 -456 486 
316 0.7999610329122177 0.1999610329122176 0.3949610329122177 0.9050389670877823 0.3050389670877823 0.5000389670877828 1 1 4 -628 -454 629 442 
317 0.7999998999999999 0.1999998999999996 0.4999998999999997 1.0000001 0.5000001000000004 0.5000001000000009 1 2129 6 -452 632 631 -630 432 -628 
318 0.7999610329122175 0.3949610329122176 0.3949610329122176 0.9050389670877824 0.5000389670877824 0.5000389670877829 1 1 4 633 -630 444 634 
319 0.7999998999999999 0.4999998999999998 0.1999998999999998 1.0000001 0.5000001000000002 0.5000001000000002 1 2130 6 -489 636 631 -633 438 -635 
320 0.7999610329122175 0.3949610329122177 0.1999610329122171 0.9050389670877824 0.5000389670877824 0.3050389670877823 1 1 4 635 -637 445 488 
321 0.9999999000000001 0.1999999 0.1999999 1.0000001 0.5000000999999999 0.5000000999999999 1 3 4 -457 490 636 -632 
322 0.4999610329122176 0.7999610329122177 0.09496103291221764 0.6050389670877824 0.9050389670877823 0.2000389670877824 1 1 4 -638 -476 639 468 
323 0.4999998999999998 0.7999998999999995 0.1999998999999992 0.8000001000000005 1.0000001 0.2000001000000002 1 2113 6 640 462 -638 -472 -642 -641 
324 0.4999999 0.9999999000000001 -1.000000000028756e-07 0.8000001 1.0000001 0.2000001 1 4 4 -643 465 -640 -644 
325 0.4999999 0.7999999000000001 -1e-07 0.8000001 1.0000001 1e-07 1 4 4 -466 480 645 -643 
326 0.6949610329122174 0.7999610329122173 0.09496103291221757 0.8000389670877828 0.9050389670877824 0.2000389670877824 1 1 4 -642 -647 646 -478 
327 0.7999998999999997 0.7999998999999998 -1.000000002526757e-07 0.8000001000000005 1.0000001 0.2000001000000003 1 2114 5 479 645 644 641 -647 
328 0.7999610329122175 0.4999610329122176 0.09496103291221761 0.9050389670877824 0.6050389670877824 0.2000389670877824 1 1 4 -648 -491 649 483 
329 0.7999998999999999 0.4999998999999996 0.1999998999999991 1.0000001 0.8000001000000004 0.2000001000000004 1 2134 6 -489 652 651 -650 474 -648 
330 0.7999610329122175 0.6949610329122176 0.09496103291221762 0.9050389670877824 0.8000389670877824 0.2000389670877824 1 1 4 653 -650 484 654 
331 0.7999998999999998 0.7999998999999998 -1.000000003220647e-07 1.0000001 0.8000001000000003 0.2000001000000003 1 2135 5 479 656 655 651 -653 
332 0.7999999000000001 0.4999999 -1e-07 1.0000001 0.8000001 1e-07 1 4 4 -481 494 657 -656 
333 0.9999999000000001 0.4999999 -1.000000000028756e-07 1.0000001 0.8000001 0.2000001 1 3 4 -493 657 655 -652 
334 -1e-07 0.7999999000000001 0.7999999000000001 1e-07 1.0000001 1.0000001 1 2 4 497 -527 659 -658 
335 -1.000000000028756e-07 0.7999999000000001 0.9999999000000001 0.2000001 1.0000001 1.0000001 1 4 4 -658 -498 -661 -660 
336 -1.000000000028756e-07 0.9999999000000001 0.7999999000000001 0.2000001 1.0000001 1.0000001 1 4 4 529 659 660 -662 
337 0.1999998999999991 0.7999998999999998 0.7999998999999991 0.2000001000000003 1.0000001 1.0000001 1 2039 5 -530 662 661 500 -663 
338 0.09496103291221765 0.7999610329122174 0.799961032912217 0.2000389670877824 0.9050389670877823 0.9050389670877824 1 1 4 -501 -664 -663 531 
339 0.1999999 0.4999999 0.9999999000000001 0.5000000999999999 0.8000001 1.0000001 1 4 4 499 -506 -666 665 
340 0.1999998999999997 0.7999998999999995 0.7999998999999997 0.5000001000000003 0.8000001000000003 1.0000001 1 2071 6 665 500 -669 -541 -668 -667 
341 0.199961032912217 0.6949610329122176 0.7999610329122175 0.3050389670877823 0.8000389670877824 0.9050389670877824 1 1 4 669 -670 502 540 
342 0.1999610329122169 0.4999610329122176 0.799961032912217 0.3050389670877824 0.6050389670877824 0.9050389670877824 1 1 4 503 -671 -510 538 
343 0.4999998999999991 0.4999998999999997 0.799999899999999 0.5000001000000007 0.8000001000000004 1.0000001 1 2072 6 666 508 -673 -543 -672 -667 
344 0.3949610329122177 0.6949610329122176 0.7999610329122175 0.5000389670877824 0.8000389670877824 0.9050389670877824 1 1 4 -672 -674 668 542 
345 0.3949610329122176 0.4999610329122176 0.799961032912217 0.5000389670877827 0.6050389670877824 0.9050389670877824 1 1 4 -509 -675 -673 544 
346 0.4999999 0.1999999 0.9999999000000001 0.8000001 0.5000000999999999 1.0000001 1 4 4 507 -519 -677 676 
347 0.4999998999999998 0.4999998999999998 0.7999998999999997 0.8000001000000003 0.5000001000000004 1.0000001 1 2100 6 676 508 -680 -563 -679 -678 
348 0.4999610329122177 0.3949610329122177 0.7999610329122175 0.6050389670877824 0.5000389670877824 0.9050389670877824 1 1 4 680 -681 513 562 
349 0.4999610329122176 0.1999610329122176 0.799961032912217 0.6050389670877824 0.3050389670877824 0.9050389670877824 1 1 4 514 -682 -523 560 
350 0.7999998999999995 0.1999998999999996 0.799999899999999 0.8000001000000007 0.5000001000000004 1.000000100000001 1 2101 6 677 521 -684 -565 -683 -678 
351 0.6949610329122176 0.3949610329122176 0.7999610329122175 0.8000389670877827 0.5000389670877825 0.9050389670877824 1 1 4 -683 -685 679 564 
352 0.6949610329122176 0.1999610329122166 0.799961032912217 0.8000389670877827 0.3050389670877824 0.9050389670877824 1 1 4 -522 -686 -684 566 
353 0.7999999000000001 -1e-07 0.7999999000000001 1.0000001 1e-07 1.0000001 1 4 4 -584 -517 688 -687 
354 0.7999999000000001 -1.000000000028756e-07 0.9999999000000001 1.0000001 0.2000001 1.0000001 1 4 4 520 688 690 689 
355 0.7999998999999998 0.1999998999999997 0.7999998999999997 1.0000001 0.2000001000000003 1.0000001 1 2126 5 -586 692 689 521 -691 
356 0.7999610329122175 0.09496103291221769 0.7999610329122175 0.9050389670877824 0.2000389670877823 0.9050389670877824 1 1 4 691 -693 525 585 
357 0.9999999000000001 -1.000000000028756e-07 0.7999999000000001 1.0000001 0.2000001 1.0000001 1 3 4 -687 587 692 -690 
358 0.199961032912217 0.7999610329122177 0.4999610329122176 0.3050389670877824 0.9050389670877823 0.6050389670877824 1 1 4 535 -694 -550 594 
359 0.1999610329122169 0.7999610329122177 0.6949610329122177 0.3050389670877824 0.9050389670877823 0.8000389670877823 1 1 4 -695 -545 696 534 
360 0.1999998999999991 0.7999998999999995 0.7999998999999991 0.5000001000000006 1.0000001 0.8000001000000007 1 2077 6 697 530 -695 -541 -699 -698 
361 0.1999999 0.9999999000000001 0.4999999 0.5000000999999999 1.0000001 0.8000001 1 4 4 596 532 -697 -700 
362 0.4999998999999998 0.7999998999999999 0.4999998999999998 0.5000001000000005 1.0000001 0.8000001000000002 1 2078 6 -597 700 698 -702 548 -701 
363 0.3949610329122176 0.7999610329122174 0.4999610329122176 0.5000389670877827 0.9050389670877823 0.6050389670877824 1 1 4 -549 -703 -701 598 
364 0.3949610329122176 0.7999610329122174 0.6949610329122177 0.5000389670877827 0.9050389670877823 0.8000389670877828 1 1 4 -699 -702 704 -547 
365 0.4999610329122176 0.4999610329122176 0.4999610329122176 0.6050389670877824 0.6050389670877824 0.6050389670877824 1 1 4 554 -705 -569 605 
366 0.4999610329122176 0.4999610329122176 0.6949610329122177 0.6050389670877824 0.6050389670877824 0.8000389670877823 1 1 4 -706 -567 707 553 
367 0.4999998999999991 0.4999998999999997 0.799999899999999 0.8000001000000007 0.8000001000000004 0.8000001000000008 1 2108 8 -706 -563 -712 -711 -710 709 -708 543 
368 0.499961032912217 0.6949610329122176 0.6949610329122177 0.6050389670877824 0.8000389670877824 0.8000389670877828 1 1 4 713 -708 555 714 
369 0.4999998999999997 0.7999998999999995 0.4999998999999997 0.8000001000000003 0.8000001000000003 0.8000001000000007 1 2109 8 -715 -608 -718 -717 -716 709 -713 548 
370 0.499961032912217 0.6949610329122176 0.4999610329122176 0.6050389670877824 0.8000389670877824 0.6050389670877824 1 1 4 715 -719 556 607 
371 0.6949610329122176 0.4999610329122176 0.6949610329122177 0.8000389670877827 0.6050389670877824 0.8000389670877828 1 1 4 -712 -721 720 -570 
372 0.7999998999999997 0.4999998999999997 0.4999999000000002 0.8000001000000005 0.8000001000000003 0.8000001000000007 1 2110 8 -722 -610 -724 -717 -723 711 -721 571 
373 0.6949610329122176 0.4999610329122176 0.4999610329122176 0.8000389670877827 0.6050389670877824 0.6050389670877824 1 1 4 -572 -725 -722 611 
374 0.6949610329122176 0.6949610329122176 0.6949610329122177 0.8000389670877827 0.8000389670877824 0.8000389670877828 1 1 4 -723 -710 716 726 
375 0.6949610329122176 0.6949610329122176 0.4999610329122176 0.8000389670877827 0.8000389670877824 0.6050389670877824 1 1 4 -724 -727 718 609 
376 0.7999610329122175 0.1999610329122176 0.6949610329122177 0.9050389670877824 0.3050389670877824 0.8000389670877823 1 1 4 -728 -588 729 576 
377 0.7999998999999999 0.1999998999999996 0.799999899999999 1.0000001 0.5000001000000004 0.8000001000000008 1 2131 6 -586 732 731 -730 565 -728 
378 0.7999610329122175 0.3949610329122176 0.6949610329122177 0.9050389670877824 0.5000389670877824 0.8000389670877828 1 1 4 733 -730 577 734 
379 0.7999998999999999 0.4999998999999998 0.4999998999999998 1.0000001 0.5000001000000002 0.8000001000000002 1 2132 6 -631 736 731 -733 571 -735 
380 0.7999610329122177 0.3949610329122177 0.4999610329122177 0.9050389670877823 0.5000389670877823 0.6050389670877823 1 1 4 735 -737 578 630 
381 0.7999610329122175 0.1999610329122176 0.4999610329122176 0.9050389670877824 0.3050389670877824 0.6050389670877824 1 1 4 579 -738 -590 628 
382 0.9999999000000001 0.1999999 0.4999999 1.0000001 0.5000000999999999 0.8000001 1 3 4 -591 632 736 -732 
383 0.4999610329122176 0.7999610329122177 0.199961032912217 0.6050389670877824 0.9050389670877823 0.3050389670877824 1 1 4 600 -739 -614 638 
384 0.4999610329122176 0.7999610329122177 0.3949610329122176 0.6050389670877824 0.9050389670877823 0.5000389670877829 1 1 4 -740 -612 741 601 
385 0.4999998999999998 0.7999998999999997 0.4999998999999998 0.8000001000000004 1.0000001 0.5000001000000007 1 2115 6 742 597 -740 -608 -744 -743 
386 0.4999999 0.9999999000000001 0.1999999 0.8000001 1.0000001 0.5000000999999999 1 4 4 640 599 -742 -745 
387 0.7999998999999997 0.7999998999999998 0.1999998999999992 0.8000001000000005 1.0000001 0.5000001000000008 1 2116 6 -641 745 743 -747 616 -746 
388 0.6949610329122176 0.7999610329122174 0.199961032912217 0.8000389670877827 0.9050389670877823 0.3050389670877824 1 1 4 -617 -748 -746 642 
389 0.6949610329122174 0.7999610329122173 0.3949610329122176 0.8000389670877828 0.9050389670877824 0.5000389670877831 1 1 4 -744 -747 749 -615 
390 0.7999610329122175 0.4999610329122176 0.199961032912217 0.9050389670877824 0.6050389670877824 0.3050389670877824 1 1 4 621 -750 -635 648 
391 0.7999610329122175 0.4999610329122176 0.3949610329122176 0.9050389670877824 0.6050389670877824 0.5000389670877829 1 1 4 -751 -633 752 620 
392 0.7999998999999999 0.4999998999999997 0.4999998999999997 1.0000001 0.8000001000000004 0.5000001000000009 1 2136 6 -631 755 754 -753 610 -751 
393 0.7999610329122175 0.6949610329122176 0.3949610329122176 0.9050389670877824 0.8000389670877824 0.5000389670877829 1 1 4 756 -753 622 757 
394 0.7999998999999998 0.7999998999999998 0.1999998999999997 1.0000001 0.8000001000000003 0.5000001000000003 1 2137 6 -651 759 754 -756 616 -758 
395 0.7999610329122175 0.6949610329122176 0.199961032912217 0.9050389670877824 0.8000389670877824 0.3050389670877824 1 1 4 758 -760 623 650 
396 0.9999999000000001 0.4999999 0.1999999 1.0000001 0.8000001 0.5000000999999999 1 3 4 -636 652 759 -755 
397 0.7999610329122175 0.7999610329122177 0.09496103291221764 0.9050389670877824 0.9050389670877823 0.2000389670877823 1 1 4 -761 -653 762 647 
398 0.7999998999999998 0.7999998999999998 0.1999998999999992 1.0000001 1.0000001 0.2000001000000003 1 2141 5 -651 764 763 641 -761 
399 0.7999999000000001 0.9999999000000001 -1.000000000028756e-07 1.0000001 1.0000001 0.2000001 1 4 4 -765 644 -763 -766 
400 0.7999999000000001 0.7999999000000001 -1e-07 1.0000001 1.0000001 1e-07 1 4 4 -645 656 767 -765 
401 0.9999999000000001 0.7999999000000001 -1.000000000028756e-07 1.0000001 1.0000001 0.2000001 1 3 4 -655 767 766 -764 
402 0.1999610329122169 0.7999610329122177 0.799961032912217 0.3050389670877824 0.9050389670877823 0.9050389670877824 1 1 4 663 -768 -669 695 
403 0.1999999 0.7999999000000001 0.9999999000000001 0.5000000999999999 1.0000001 1.0000001 1 4 4 661 -665 -770 -769 
404 0.1999999 0.9999999000000001 0.7999999000000001 0.5000000999999999 1.0000001 1.0000001 1 4 4 697 662 769 -771 
405 0.4999998999999998 0.7999998999999998 0.7999998999999991 0.5000001000000006 1.0000001 1.0000001 1 2079 5 -698 771 770 667 -772 
406 0.3949610329122176 0.7999610329122174 0.799961032912217 0.5000389670877827 0.9050389670877823 0.9050389670877824 1 1 4 -668 -773 -772 699 
407 0.4999999 0.4999999 0.9999999000000001 0.8000001 0.8000001 1.0000001 1 4 4 666 -676 -775 774 
408 0.4999998999999997 0.7999998999999995 0.7999998999999997 0.8000001000000003 0.8000001000000003 1.0000001 1 2111 6 774 667 -778 -709 -777 -776 
409 0.499961032912217 0.6949610329122176 0.7999610329122175 0.6050389670877824 0.8000389670877824 0.9050389670877824 1 1 4 778 -779 672 708 
410 0.4999610329122176 0.4999610329122176 0.799961032912217 0.6050389670877824 0.6050389670877824 0.9050389670877824 1 1 4 673 -780 -680 706 
411 0.7999998999999995 0.4999998999999996 0.799999899999999 0.8000001000000007 0.8000001000000004 1.000000100000001 1 2112 6 775 678 -782 -711 -781 -776 
412 0.6949610329122176 0.6949610329122176 0.7999610329122175 0.8000389670877827 0.8000389670877824 0.9050389670877824 1 1 4 -781 -783 777 710 
413 0.6949610329122176 0.4999610329122176 0.799961032912217 0.8000389670877827 0.6050389670877824 0.9050389670877824 1 1 4 -679 -784 -782 712 
414 0.7999999000000001 0.1999999 0.9999999000000001 1.0000001 0.5000000999999999 1.0000001 1 4 4 677 -689 786 785 
415 0.7999998999999998 0.4999998999999998 0.7999998999999997 1.0000001 0.5000001000000003 1.0000001 1 2133 5 -731 788 785 678 -787 
416 0.7999610329122175 0.3949610329122177 0.7999610329122175 0.9050389670877824 0.5000389670877824 0.9050389670877824 1 1 4 787 -789 683 730 
417 0.7999610329122175 0.1999610329122176 0.799961032912217 0.9050389670877824 0.3050389670877824 0.9050389670877824 1 1 4 684 -790 -691 728 
418 0.9999999000000001 0.1999999 0.7999999000000001 1.0000001 0.5000000999999999 1.0000001 1 3 4 -692 732 788 -786 
419 0.4999610329122176 0.7999610329122177 0.4999610329122176 0.6050389670877824 0.9050389670877823 0.6050389670877824 1 1 4 701 -791 -715 740 
420 0.4999610329122176 0.7999610329122177 0.6949610329122177 0.6050389670877824 0.9050389670877823 0.8000389670877823 1 1 4 -792 -713 793 702 
421 0.4999998999999997 0.7999998999999995 0.7999998999999991 0.8000001000000005 1.0000001 0.8000001000000007 1 2117 6 794 698 -792 -709 -796 -795 
422 0.4999999 0.9999999000000001 0.4999999 0.8000001 1.0000001 0.8000001 1 4 4 742 700 -794 -797 
423 0.7999998999999997 0.7999998999999998 0.4999998999999997 0.8000001000000005 1.0000001 0.8000001000000003 1 2118 6 -743 797 795 -799 717 -798 
424 0.6949610329122176 0.7999610329122174 0.4999610329122176 0.8000389670877827 0.9050389670877823 0.6050389670877824 1 1 4 -718 -800 -798 744 
425 0.6949610329122176 0.7999610329122174 0.6949610329122177 0.8000389670877827 0.9050389670877823 0.8000389670877828 1 1 4 -796 -799 801 -716 
426 0.7999610329122175 0.4999610329122176 0.4999610329122176 0.9050389670877824 0.6050389670877824 0.6050389670877824 1 1 4 722 -802 -735 751 
427 0.7999610329122175 0.4999610329122176 0.6949610329122177 0.9050389670877824 0.6050389670877824 0.8000389670877823 1 1 4 -803 -733 804 721 
428 0.7999999 0.4999998999999997 0.7999998999999991 1.0000001 0.8000001000000003 0.8000001000000007 1 2138 6 -731 807 806 -805 711 -803 
429 0.7999610329122175 0.6949610329122176 0.6949610329122177 0.9050389670877824 0.8000389670877824 0.8000389670877828 1 1 4 808 -805 723 809 
430 0.7999998999999998 0.7999998999999998 0.4999998999999997 1.0000001 0.8000001000000003 0.8000001000000003 1 2139 6 -754 811 806 -808 717 -810 
431 0.7999610329122175 0.6949610329122176 0.4999610329122176 0.9050389670877824 0.8000389670877824 0.6050389670877824 1 1 4 810 -812 724 753 
432 0.9999999000000001 0.4999999 0.4999999 1.0000001 0.8000001 0.8000001 1 3 4 -736 755 811 -807 
433 0.7999610329122175 0.7999610329122177 0.199961032912217 0.9050389670877824 0.9050389670877823 0.3050389670877824 1 1 4 746 -813 -758 761 
434 0.7999610329122175 0.7999610329122177 0.3949610329122176 0.9050389670877824 0.9050389670877823 0.5000389670877829 1 1 4 -814 -756 815 747 
435 0.7999998999999998 0.7999998999999998 0.4999998999999998 1.0000001 1.0000001 0.5000001000000008 1 2142 5 -754 817 816 743 -814 
436 0.7999999000000001 0.9999999000000001 0.1999999 1.0000001 1.0000001 0.5000000999999999 1 4 4 763 745 -816 -818 
437 0.9999999000000001 0.7999999000000001 0.1999999 1.0000001 1.0000001 0.5000000999999999 1 3 4 -759 764 818 -817 
438 0.4999610329122176 0.7999610329122177 0.799961032912217 0.6050389670877824 0.9050389670877823 0.9050389670877824 1 1 4 772 -819 -778 792 
439 0.4999999 0.7999999000000001 0.9999999000000001 0.8000001 1.0000001 1.0000001 1 4 4 770 -774 -821 -820 
440 0.4999999 0.9999999000000001 0.7999999000000001 0.8000001 1.0000001 1.0000001 1 4 4 794 771 820 -822 
441 0.7999998999999997 0.7999998999999998 0.7999998999999991 0.8000001000000005 1.0000001 1.0000001 1 2119 5 -795 822 821 776 -823 
442 0.6949610329122176 0.7999610329122174 0.799961032912217 0.8000389670877827 0.9050389670877823 0.9050389670877824 1 1 4 -777 -824 -823 796 
443 0.7999999000000001 0.4999999 0.9999999000000001 1.0000001 0.8000001 1.0000001 1 4 4 775 -785 826 825 
444 0.7999998999999998 0.7999998999999998 0.7999998999999997 1.0000001 0.8000001000000003 1.0000001 1 2140 5 -806 828 825 776 -827 
445 0.7999610329122175 0.6949610329122176 0.7999610329122175 0.9050389670877824 0.8000389670877824 0.9050389670877824 1 1 4 827 -829 781 805 
446 0.7999610329122175 0.4999610329122176 0.799961032912217 0.9050389670877824 0.6050389670877824 0.9050389670877824 1 1 4 782 -830 -787 803 
447 0.9999999000000001 0.4999999 0.7999999000000001 1.0000001 0.8000001 1.0000001 1 3 4 -788 807 828 -826 
448 0.7999610329122175 0.7999610329122177 0.4999610329122176 0.9050389670877824 0.9050389670877823 0.6050389670877824 1 1 4 798 -831 -810 814 
449 0.7999610329122175 0.7999610329122177 0.6949610329122177 0.9050389670877824 0.9050389670877823 0.8000389670877823 1 1 4 -832 -808 833 799 
450 0.7999998999999998 0.7999998999999998 0.7999998999999991 1.0000001 1.0000001 0.8000001000000003 1 2143 5 -806 835 834 795 -832 
451 0.7999999000000001 0.9999999000000001 0.4999999 1.0000001 1.0000001 0.8000001 1 4 4 816 797 -834 -836 
452 0.9999999000000001 0.7999999000000001 0.4999999 1.0000001 1.0000001 0.8000001 1 3 4 -811 817 836 -835 
453 0.7999610329122175 0.7999610329122177 0.799961032912217 0.9050389670877824 0.9050389670877823 0.9050389670877824 1 1 4 823 -837 -827 832 
454 0.7999999000000001 0.7999999000000001 0.9999999000000001 1.0000001 1.0000001 1.0000001 1 4 4 821 -825 839 -838 
455 0.7999999000000001 0.9999999000000001 0.7999999000000001 1.0000001 1.0000001 1.0000001 1 4 4 834 822 838 -840 
456 0.9999999000000001 0.7999999000000001 0.7999999000000001 1.0000001 1.0000001 1.0000001 1 3 4 -828 835 840 -839 
457 0.19999985 0.19999985 0.09499985000000001 0.20000015 0.30500015 0.20000015 0 3 841 44 842 
458 0.19999985 0.09499985000000001 0.09499985000000001 0.20000015 0.20000015 0.20000015 0 3 15 -841 843 
459 0.19999985 0.09499985000000001 0.1999998499999994 0.20000015 0.20000015 0.30500015 0 3 29 -843 -844 
460 0.19999985 0.49999985 0.09499985000000001 0.20000015 0.60500015 0.20000015 0 3 845 123 846 
461 0.19999985 0.39499985 0.09499985000000001 0.20000015 0.50000015 0.20000015 0 3 45 -845 847 
462 0.19999985 0.19999985 0.1999998499999994 0.20000015 0.30500015 0.30500015 0 3 -842 88 844 
463 0.19999985 0.09499985000000001 0.39499985 0.20000015 0.20000015 0.5000001500000005 0 3 848 28 -849 
464 0.19999985 0.09499985000000001 0.49999985 0.20000015 0.20000015 0.60500015 0 3 74 -848 -850 
465 0.19999985 0.79999985 0.09499985000000001 0.20000015 0.90500015 0.20000015 0 3 851 270 852 
466 0.19999985 0.69499985 0.09499985000000001 0.20000015 0.80000015 0.20000015 0 3 124 -851 853 
467 0.19999985 0.39499985 0.1999998499999994 0.20000015 0.50000015 0.30500015 0 3 90 -847 -854 
468 0.19999985 0.49999985 0.1999998499999994 0.20000015 0.60500015 0.30500015 0 3 -846 214 854 
469 0.19999985 0.09499985000000001 0.6949998500000001 0.20000015 0.20000015 0.8000001500000004 0 3 855 73 -856 
470 0.19999985 0.09499985000000001 0.79999985 0.20000015 0.20000015 0.90500015 0 3 167 -855 -857 
471 0.19999985 0.19999985 0.49999985 0.20000015 0.30500015 0.60500015 0 3 182 850 -858 
472 0.19999985 0.19999985 0.39499985 0.20000015 0.30500015 0.5000001500000005 0 3 849 87 858 
473 0.19999985 0.69499985 0.1999998499999994 0.20000015 0.80000015 0.30500015 0 3 216 -853 -859 
474 0.19999985 0.79999985 0.1999998499999994 0.20000015 0.90500015 0.30500015 0 3 -852 401 859 
475 0.19999985 0.19999985 0.7999998499999994 0.20000015 0.30500015 0.90500015 0 3 323 857 -860 
476 0.19999985 0.19999985 0.6949998500000001 0.20000015 0.30500015 0.8000001499999999 0 3 856 179 860 
477 0.19999985 0.49999985 0.39499985 0.20000015 0.60500015 0.5000001500000005 0 3 861 213 862 
478 0.19999985 0.39499985 0.39499985 0.20000015 0.50000015 0.5000001500000005 0 3 89 -861 863 
479 0.19999985 0.39499985 0.49999985 0.20000015 0.50000015 0.60500015 0 3 181 -863 -864 
480 0.19999985 0.79999985 0.49999985 0.20000015 0.90500015 0.60500015 0 3 -865 535 866 
481 0.19999985 0.79999985 0.39499985 0.20000015 0.90500015 0.5000001500000005 0 3 400 865 867 
482 0.19999985 0.69499985 0.39499985 0.20000015 0.80000015 0.5000001500000005 0 3 215 -867 868 
483 0.19999985 0.49999985 0.49999985 0.20000015 0.60500015 0.60500015 0 3 -862 347 864 
484 0.19999985 0.39499985 0.79999985 0.20000015 0.50000015 0.90500015 0 3 -869 322 -870 
485 0.19999985 0.49999985 0.7999998499999994 0.20000015 0.60500015 0.90500015 0 3 503 869 -871 
486 0.19999985 0.39499985 0.6949998500000001 0.20000015 0.50000015 0.8000001500000004 0 3 870 180 -872 
487 0.19999985 0.79999985 0.7999998499999994 0.20000015 0.90500015 0.90500015 0 3 -873 663 874 
488 0.19999985 0.79999985 0.6949998500000001 0.20000015 0.90500015 0.8000001499999999 0 3 534 873 875 
489 0.19999985 0.69499985 0.49999985 0.20000015 0.80000015 0.60500015 0 3 -866 349 -868 
490 0.19999985 0.69499985 0.79999985 0.20000015 0.80000015 0.90500015 0 3 -874 502 -876 
491 0.19999985 0.49999985 0.6949998500000001 0.20000015 0.60500015 0.8000001499999999 0 3 346 871 872 
492 0.19999985 0.69499985 0.6949998500000001 0.20000015 0.80000015 0.8000001500000004 0 3 348 -875 876 
493 0.49999985 0.19999985 0.09499985000000001 0.50000015 0.30500015 0.20000015 0 3 877 140 878 
494 0.49999985 0.09499985000000001 0.09499985000000001 0.50000015 0.20000015 0.20000015 0 3 53 -877 879 
495 0.49999985 0.09499985000000001 0.1999998499999994 0.50000015 0.20000015 0.30500015 0 3 108 -879 -880 
496 0.49999985 0.49999985 0.09499985000000001 0.50000015 0.60500015 0.20000015 0 3 881 285 882 
497 0.49999985 0.39499985 0.09499985000000001 0.50000015 0.50000015 0.20000015 0 3 141 -881 883 
498 0.49999985 0.19999985 0.1999998499999994 0.50000015 0.30500015 0.30500015 0 3 -878 237 880 
499 0.49999985 0.09499985000000001 0.39499985 0.50000015 0.20000015 0.5000001500000005 0 3 884 107 -885 
500 0.49999985 0.09499985000000001 0.49999985 0.50000015 0.20000015 0.60500015 0 3 200 -884 -886 
501 0.49999985 0.79999985 0.09499985000000001 0.50000015 0.90500015 0.20000015 0 3 887 468 888 
502 0.49999985 0.69499985 0.09499985000000001 0.50000015 0.80000015 0.20000015 0 3 286 -887 889 
503 0.49999985 0.39499985 0.1999998499999994 0.50000015 0.50000015 0.30500015 0 3 239 -883 -890 
504 0.49999985 0.49999985 0.1999998499999994 0.50000015 0.60500015 0.30500015 0 3 -882 420 890 
505 0.49999985 0.09499985000000001 0.6949998500000001 0.50000015 0.20000015 0.8000001500000004 0 3 891 199 -892 
506 0.49999985 0.09499985000000001 0.79999985 0.50000015 0.20000015 0.90500015 0 3 334 -891 -893 
507 0.49999985 0.19999985 0.49999985 0.50000015 0.30500015 0.60500015 0 3 372 886 -894 
508 0.49999985 0.19999985 0.39499985 0.50000015 0.30500015 0.5000001500000005 0 3 885 236 894 
509 0.49999985 0.69499985 0.1999998499999994 0.50000015 0.80000015 0.30500015 0 3 422 -889 -895 
510 0.49999985 0.79999985 0.1999998499999994 0.50000015 0.90500015 0.30500015 0 3 -888 600 895 
511 0.49999985 0.19999985 0.7999998499999994 0.50000015 0.30500015 0.90500015 0 3 514 893 -896 
512 0.49999985 0.19999985 0.6949998500000001 0.50000015 0.30500015 0.8000001499999999 0 3 892 369 896 
513 0.49999985 0.49999985 0.39499985 0.50000015 0.60500015 0.5000001500000005 0 3 897 419 898 
514 0.49999985 0.39499985 0.39499985 0.50000015 0.50000015 0.5000001500000005 0 3 238 -897 899 
515 0.49999985 0.39499985 0.49999985 0.50000015 0.50000015 0.60500015 0 3 371 -899 -900 
516 0.49999985 0.79999985 0.49999985 0.50000015 0.90500015 0.60500015 0 3 -901 701 902 
517 0.49999985 0.79999985 0.39499985 0.50000015 0.90500015 0.5000001500000005 0 3 601 901 903 
518 0.49999985 0.69499985 0.39499985 0.50000015 0.80000015 0.5000001500000005 0 3 421 -903 904 
519 0.49999985 0.49999985 0.49999985 0.50000015 0.60500015 0.60500015 0 3 -898 554 900 
520 0.49999985 0.39499985 0.79999985 0.50000015 0.50000015 0.90500015 0 3 -905 513 -906 
521 0.49999985 0.49999985 0.7999998499999994 0.50000015 0.60500015 0.90500015 0 3 673 905 -907 
522 0.49999985 0.39499985 0.6949998500000001 0.50000015 0.50000015 0.8000001500000004 0 3 906 370 -908 
523 0.49999985 0.79999985 0.7999998499999994 0.50000015 0.90500015 0.90500015 0 3 -909 772 910 
524 0.49999985 0.79999985 0.6949998500000001 0.50000015 0.90500015 0.8000001499999999 0 3 702 909 911 
525 0.49999985 0.69499985 0.49999985 0.50000015 0.80000015 0.60500015 0 3 -902 556 -904 
526 0.49999985 0.69499985 0.79999985 0.50000015 0.80000015 0.90500015 0 3 -910 672 -912 
527 0.49999985 0.49999985 0.6949998500000001 0.50000015 0.60500015 0.8000001499999999 0 3 553 907 908 
528 0.49999985 0.69499985 0.6949998500000001 0.50000015 0.80000015 0.8000001500000004 0 3 555 -911 912 
529 0.79999985 0.19999985 0.09499985000000001 0.8000001499999999 0.30500015 0.20000015 0 3 913 302 914 
530 0.79999985 0.09499985000000001 0.09499985000000001 0.8000001499999999 0.20000015 0.20000015 0 3 149 -913 915 
531 0.79999985 0.09499985000000001 0.1999998499999994 0.8000001499999999 0.20000015 0.30500015 0 3 257 -915 -916 
532 0.79999985 0.49999985 0.09499985000000001 0.8000001499999999 0.60500015 0.20000015 0 3 917 483 918 
533 0.79999985 0.39499985 0.09499985000000001 0.8000001499999999 0.50000015 0.20000015 0 3 303 -917 919 
534 0.79999985 0.19999985 0.1999998499999994 0.8000001499999999 0.30500015 0.30500015 0 3 -914 443 916 
535 0.79999985 0.09499985000000001 0.39499985 0.8000001499999999 0.20000015 0.5000001500000005 0 3 920 256 -921 
536 0.79999985 0.09499985000000001 0.49999985 0.8000001499999999 0.20000015 0.60500015 0 3 390 -920 -922 
537 0.79999985 0.79999985 0.09499985000000001 0.8000001499999999 0.90500015 0.20000015 0 3 923 647 924 
538 0.79999985 0.69499985 0.09499985000000001 0.8000001499999999 0.80000015 0.20000015 0 3 484 -923 925 
539 0.79999985 0.39499985 0.1999998499999994 0.8000001499999999 0.50000015 0.30500015 0 3 445 -919 -926 
540 0.79999985 0.49999985 0.1999998499999994 0.8000001499999999 0.60500015 0.30500015 0 3 -918 621 926 
541 0.79999985 0.09499985000000001 0.6949998500000001 0.8000001499999999 0.20000015 0.8000001500000004 0 3 927 389 -928 
542 0.79999985 0.09499985000000001 0.79999985 0.8000001499999999 0.20000015 0.90500015 0 3 525 -927 -929 
543 0.79999985 0.19999985 0.49999985 0.8000001499999999 0.30500015 0.60500015 0 3 579 922 -930 
544 0.79999985 0.19999985 0.39499985 0.8000001499999999 0.30500015 0.5000001500000005 0 3 921 442 930 
545 0.79999985 0.69499985 0.1999998499999994 0.8000001499999999 0.80000015 0.30500015 0 3 623 -925 -931 
546 0.79999985 0.79999985 0.1999998499999994 0.8000001499999999 0.90500015 0.30500015 0 3 -924 746 931 
547 0.79999985 0.19999985 0.7999998499999994 0.8000001499999999 0.30500015 0.90500015 0 3 684 929 -932 
548 0.79999985 0.19999985 0.6949998500000001 0.8000001499999999 0.30500015 0.8000001499999999 0 3 928 576 932 
549 0.79999985 0.49999985 0.39499985 0.8000001499999999 0.60500015 0.5000001500000005 0 3 933 620 934 
550 0.79999985 0.39499985 0.39499985 0.8000001499999999 0.50000015 0.5000001500000005 0 3 444 -933 935 
551 0.79999985 0.39499985 0.49999985 0.8000001499999999 0.50000015 0.60500015 0 3 578 -935 -936 
552 0.79999985 0.79999985 0.49999985 0.8000001499999999 0.90500015 0.60500015 0 3 -937 798 938 
553 0.79999985 0.79999985 0.39499985 0.8000001499999999 0.90500015 0.5000001500000005 0 3 747 937 939 
554 0.79999985 0.69499985 0.39499985 0.8000001499999999 0.80000015 0.5000001500000005 0 3 622 -939 940 
555 0.79999985 0.49999985 0.49999985 0.8000001499999999 0.60500015 0.60500015 0 3 -934 722 936 
556 0.79999985 0.39499985 0.79999985 0.8000001499999999 0.50000015 0.90500015 0 3 -941 683 -942 
557 0.79999985 0.49999985 0.7999998499999994 0.8000001499999999 0.60500015 0.90500015 0 3 782 941 -943 
558 0.79999985 0.39499985 0.6949998500000001 0.8000001499999999 0.50000015 0.8000001500000004 0 3 942 577 -944 
559 0.79999985 0.79999985 0.7999998499999994 0.8000001499999999 0.90500015 0.90500015 0 3 -945 823 946 
560 0.79999985 0.79999985 0.6949998500000001 0.8000001499999999 0.90500015 0.8000001499999999 0 3 799 945 947 
561 0.79999985 0.69499985 0.49999985 0.8000001499999999 0.80000015 0.60500015 0 3 -938 724 -940 
562 0.79999985 0.69499985 0.79999985 0.8000001499999999 0.80000015 0.90500015 0 3 -946 781 -948 
563 0.79999985 0.49999985 0.6949998500000001 0.8000001499999999 0.60500015 0.8000001499999999 0 3 721 943 944 
564 0.79999985 0.69499985 0.6949998500000001 0.8000001499999999 0.80000015 0.8000001500000004 0 3 723 -947 948 
565 0.19999985 0.19999985 0.09499985000000001 0.30500015 0.20000015 0.20000015 0 3 841 58 949 
566 0.09499985000000001 0.19999985 0.09499985000000001 0.20000015 0.20000015 0.20000015 0 3 11 -841 950 
567 0.09499985000000001 0.19999985 0.1999998499999995 0.20000015 0.20000015 0.30500015 0 3 27 -950 -844 
568 0.49999985 0.19999985 0.09499985000000001 0.60500015 0.20000015 0.20000015 0 3 877 154 951 
569 0.39499985 0.19999985 0.09499985000000001 0.50000015 0.20000015 0.20000015 0 3 59 -877 952 
570 0.19999985 0.19999985 0.19999985 0.30500015 0.20000015 0.30500015 0 3 -949 102 844 
571 0.09499985000000001 0.19999985 0.39499985 0.20000015 0.20000015 0.5000001500000005 0 3 953 25 -849 
572 0.09499985000000001 0.19999985 0.49999985 0.20000015 0.20000015 0.60500015 0 3 72 -953 -850 
573 0.79999985 0.19999985 0.09499985000000001 0.90500015 0.20000015 0.20000015 0 3 913 314 954 
574 0.69499985 0.19999985 0.09499985000000001 0.80000015 0.20000015 0.20000015 0 3 155 -913 955 
575 0.49999985 0.19999985 0.19999985 0.60500015 0.20000015 0.30500015 0 3 -951 251 880 
576 0.39499985 0.19999985 0.1999998499999995 0.50000015 0.20000015 0.30500015 0 3 105 -952 -880 
577 0.09499985000000001 0.19999985 0.6949998500000001 0.20000015 0.20000015 0.8000001500000005 0 3 956 70 -856 
578 0.09499985000000001 0.19999985 0.79999985 0.20000015 0.20000015 0.90500015 0 3 166 -956 -857 
579 0.19999985 0.19999985 0.49999985 0.30500015 0.20000015 0.60500015 0 3 197 850 -957 
580 0.19999985 0.19999985 0.39499985 0.30500015 0.20000015 0.50000015 0 3 849 100 957 
581 0.79999985 0.19999985 0.19999985 0.90500015 0.20000015 0.30500015 0 3 -954 456 916 
582 0.69499985 0.19999985 0.1999998499999995 0.80000015 0.20000015 0.30500015 0 3 254 -955 -916 
583 0.19999985 0.19999985 0.79999985 0.30500015 0.20000015 0.90500015 0 3 332 857 -958 
584 0.19999985 0.19999985 0.6949998500000001 0.30500015 0.20000015 0.8000001499999999 0 3 856 192 958 
585 0.49999985 0.19999985 0.39499985 0.60500015 0.20000015 0.50000015 0 3 885 249 959 
586 0.39499985 0.19999985 0.39499985 0.50000015 0.20000015 0.5000001500000005 0 3 103 -885 960 
587 0.39499985 0.19999985 0.49999985 0.50000015 0.20000015 0.60500015 0 3 196 -960 -886 
588 0.79999985 0.19999985 0.49999985 0.90500015 0.20000015 0.60500015 0 3 -961 590 922 
589 0.79999985 0.19999985 0.39499985 0.90500015 0.20000015 0.50000015 0 3 454 961 921 
590 0.69499985 0.19999985 0.39499985 0.80000015 0.20000015 0.5000001500000005 0 3 252 -921 962 
591 0.49999985 0.19999985 0.49999985 0.60500015 0.20000015 0.60500015 0 3 -959 384 886 
592 0.39499985 0.19999985 0.79999985 0.50000015 0.20000015 0.90500015 0 3 -893 331 -963 
593 0.49999985 0.19999985 0.79999985 0.60500015 0.20000015 0.90500015 0 3 523 893 -964 
594 0.39499985 0.19999985 0.6949998500000001 0.50000015 0.20000015 0.8000001500000005 0 3 963 194 -892 
595 0.79999985 0.19999985 0.79999985 0.90500015 0.20000015 0.90500015 0 3 -965 691 929 
596 0.79999985 0.19999985 0.6949998500000001 0.90500015 0.20000015 0.8000001499999999 0 3 588 965 928 
597 0.69499985 0.19999985 0.49999985 0.80000015 0.20000015 0.60500015 0 3 -922 387 -962 
598 0.69499985 0.19999985 0.79999985 0.80000015 0.20000015 0.90500015 0 3 -929 522 -966 
599 0.49999985 0.19999985 0.6949998500000001 0.60500015 0.20000015 0.8000001499999999 0 3 382 964 892 
600 0.69499985 0.19999985 0.6949998500000001 0.80000015 0.20000015 0.8000001500000005 0 3 385 -928 966 
601 0.19999985 0.49999985 0.09499985000000001 0.30500015 0.50000015 0.20000015 0 3 845 133 967 
602 0.09499985000000001 0.49999985 0.09499985000000001 0.20000015 0.50000015 0.20000015 0 3 39 -845 968 
603 0.09499985000000001 0.49999985 0.1999998499999995 0.20000015 0.50000015 0.30500015 0 3 85 -968 -854 
604 0.49999985 0.49999985 0.09499985000000001 0.60500015 0.50000015 0.20000015 0 3 881 295 969 
605 0.39499985 0.49999985 0.09499985000000001 0.50000015 0.50000015 0.20000015 0 3 135 -881 970 
606 0.19999985 0.49999985 0.19999985 0.30500015 0.50000015 0.30500015 0 3 -967 230 854 
607 0.09499985000000001 0.49999985 0.39499985 0.20000015 0.50000015 0.5000001500000005 0 3 971 83 -861 
608 0.09499985000000001 0.49999985 0.49999985 0.20000015 0.50000015 0.60500015 0 3 177 -971 -864 
609 0.79999985 0.49999985 0.09499985000000001 0.90500015 0.50000015 0.20000015 0 3 917 491 972 
610 0.69499985 0.49999985 0.09499985000000001 0.80000015 0.50000015 0.20000015 0 3 297 -917 973 
611 0.49999985 0.49999985 0.19999985 0.60500015 0.50000015 0.30500015 0 3 -969 436 890 
612 0.39499985 0.49999985 0.1999998499999995 0.50000015 0.50000015 0.30500015 0 3 233 -970 -890 
613 0.09499985000000001 0.49999985 0.6949998500000001 0.20000015 0.50000015 0.8000001500000005 0 3 974 175 -872 
614 0.09499985000000001 0.49999985 0.79999985 0.20000015 0.50000015 0.90500015 0 3 321 -974 -869 
615 0.19999985 0.49999985 0.49999985 0.30500015 0.50000015 0.60500015 0 3 365 864 -975 
616 0.19999985 0.49999985 0.39499985 0.30500015 0.50000015 0.50000015 0 3 861 228 975 
617 0.79999985 0.49999985 0.19999985 0.90500015 0.50000015 0.30500015 0 3 -972 635 926 
618 0.69499985 0.49999985 0.1999998499999995 0.80000015 0.50000015 0.30500015 0 3 439 -973 -926 
619 0.19999985 0.49999985 0.79999985 0.30500015 0.50000015 0.90500015 0 3 510 869 -976 
620 0.19999985 0.49999985 0.6949998500000001 0.30500015 0.50000015 0.8000001499999999 0 3 872 360 976 
621 0.49999985 0.49999985 0.39499985 0.60500015 0.50000015 0.50000015 0 3 897 434 977 
622 0.39499985 0.49999985 0.39499985 0.50000015 0.50000015 0.5000001500000005 0 3 231 -897 978 
623 0.39499985 0.49999985 0.49999985 0.50000015 0.50000015 0.60500015 0 3 364 -978 -900 
624 0.79999985 0.49999985 0.49999985 0.90500015 0.50000015 0.60500015 0 3 -979 735 936 
625 0.79999985 0.49999985 0.39499985 0.90500015 0.50000015 0.50000015 0 3 633 979 933 
626 0.69499985 0.49999985 0.39499985 0.80000015 0.50000015 0.5000001500000005 0 3 437 -933 980 
627 0.49999985 0.49999985 0.49999985 0.60500015 0.50000015 0.60500015 0 3 -977 569 900 
628 0.39499985 0.49999985 0.79999985 0.50000015 0.50000015 0.90500015 0 3 -905 509 -981 
629 0.49999985 0.49999985 0.79999985 0.60500015 0.50000015 0.90500015 0 3 680 905 -982 
630 0.39499985 0.49999985 0.6949998500000001 0.50000015 0.50000015 0.8000001500000005 0 3 981 362 -908 
631 0.79999985 0.49999985 0.79999985 0.90500015 0.50000015 0.90500015 0 3 -983 787 941 
632 0.79999985 0.49999985 0.6949998500000001 0.90500015 0.50000015 0.8000001499999999 0 3 733 983 944 
633 0.69499985 0.49999985 0.49999985 0.80000015 0.50000015 0.60500015 0 3 -936 572 -980 
634 0.69499985 0.49999985 0.79999985 0.80000015 0.50000015 0.90500015 0 3 -941 679 -984 
635 0.49999985 0.49999985 0.6949998500000001 0.60500015 0.50000015 0.8000001499999999 0 3 567 982 908 
636 0.69499985 0.49999985 0.6949998500000001 0.80000015 0.50000015 0.8000001500000005 0 3 570 -944 984 
637 0.19999985 0.79999985 0.09499985000000001 0.30500015 0.80000015 0.20000015 0 3 851 278 985 
638 0.09499985000000001 0.79999985 0.09499985000000001 0.20000015 0.8000001499999999 0.20000015 0 3 118 -851 986 
639 0.09499985000000001 0.79999985 0.1999998499999995 0.20000015 0.8000001499999999 0.30500015 0 3 211 -986 -859 
640 0.49999985 0.79999985 0.09499985000000001 0.60500015 0.80000015 0.20000015 0 3 887 476 987 
641 0.39499985 0.79999985 0.09499985000000001 0.50000015 0.8000001499999999 0.20000015 0 3 280 -887 988 
642 0.19999985 0.79999985 0.19999985 0.30500015 0.80000015 0.30500015 0 3 -985 413 859 
643 0.09499985000000001 0.79999985 0.39499985 0.20000015 0.8000001499999999 0.5000001500000005 0 3 989 209 -867 
644 0.09499985000000001 0.79999985 0.49999985 0.20000015 0.8000001499999999 0.60500015 0 3 344 -989 -866 
645 0.79999985 0.79999985 0.09499985000000001 0.90500015 0.80000015 0.20000015 0 3 923 653 990 
646 0.69499985 0.79999985 0.09499985000000001 0.80000015 0.8000001499999999 0.20000015 0 3 478 -923 991 
647 0.49999985 0.79999985 0.19999985 0.60500015 0.80000015 0.30500015 0 3 -987 614 895 
648 0.39499985 0.79999985 0.1999998499999995 0.50000015 0.8000001499999999 0.30500015 0 3 416 -988 -895 
649 0.09499985000000001 0.79999985 0.6949998500000001 0.20000015 0.8000001499999999 0.8000001500000005 0 3 992 342 -875 
650 0.09499985000000001 0.79999985 0.79999985 0.20000015 0.8000001499999999 0.90500015 0 3 501 -992 -874 
651 0.19999985 0.79999985 0.49999985 0.30500015 0.80000015 0.60500015 0 3 550 866 -993 
652 0.19999985 0.79999985 0.39499985 0.30500015 0.80000015 0.50000015 0 3 867 411 993 
653 0.79999985 0.79999985 0.19999985 0.90500015 0.80000015 0.30500015 0 3 -990 758 931 
654 0.69499985 0.79999985 0.1999998499999995 0.80000015 0.8000001499999999 0.30500015 0 3 617 -991 -931 
655 0.19999985 0.79999985 0.79999985 0.30500015 0.80000015 0.90500015 0 3 669 874 -994 
656 0.19999985 0.79999985 0.6949998500000001 0.30500015 0.80000015 0.8000001499999999 0 3 875 545 994 
657 0.49999985 0.79999985 0.39499985 0.60500015 0.80000015 0.50000015 0 3 903 612 995 
658 0.39499985 0.79999985 0.39499985 0.50000015 0.8000001499999999 0.5000001500000005 0 3 414 -903 996 
659 0.39499985 0.79999985 0.49999985 0.50000015 0.8000001499999999 0.60500015 0 3 549 -996 -902 
660 0.79999985 0.79999985 0.49999985 0.90500015 0.80000015 0.60500015 0 3 -997 810 938 
661 0.79999985 0.79999985 0.39499985 0.90500015 0.80000015 0.50000015 0 3 756 997 939 
662 0.69499985 0.79999985 0.39499985 0.80000015 0.8000001499999999 0.5000001500000005 0 3 615 -939 998 
663 0.49999985 0.79999985 0.49999985 0.60500015 0.80000015 0.60500015 0 3 -995 715 902 
664 0.39499985 0.79999985 0.79999985 0.50000015 0.8000001499999999 0.90500015 0 3 -910 668 -999 
665 0.49999985 0.79999985 0.79999985 0.60500015 0.80000015 0.90500015 0 3 778 910 -1000 
666 0.39499985 0.79999985 0.6949998500000001 0.50000015 0.8000001499999999 0.8000001500000005 0 3 999 547 -911 
667 0.79999985 0.79999985 0.79999985 0.90500015 0.80000015 0.90500015 0 3 -1001 827 946 
668 0.79999985 0.79999985 0.6949998500000001 0.90500015 0.80000015 0.8000001499999999 0 3 808 1001 947 
669 0.69499985 0.79999985 0.49999985 0.80000015 0.8000001499999999 0.60500015 0 3 -938 718 -998 
670 0.69499985 0.79999985 0.79999985 0.80000015 0.8000001499999999 0.90500015 0 3 -946 777 -1002 
671 0.49999985 0.79999985 0.6949998500000001 0.60500015 0.80000015 0.8000001499999999 0 3 713 1000 911 
672 0.69499985 0.79999985 0.6949998500000001 0.80000015 0.8000001499999999 0.8000001500000005 0 3 716 -947 1002 
673 0.1999998499999993 0.09499985000000001 0.19999985 0.30500015 0.20000015 0.20000015 0 3 843 55 949 
674 0.09499985000000001 0.09499985000000001 0.19999985 0.20000015 0.20000015 0.20000015 0 3 9 -843 950 
675 0.09499985000000001 0.19999985 0.19999985 0.2000001500000003 0.30500015 0.20000015 0 3 38 -950 -842 
676 0.49999985 0.09499985000000001 0.19999985 0.60500015 0.20000015 0.20000015 0 3 879 151 951 
677 0.39499985 0.09499985000000001 0.19999985 0.5000001500000003 0.20000015 0.20000015 0 3 57 -879 952 
678 0.19999985 0.19999985 0.19999985 0.30500015 0.30500015 0.20000015 0 3 -949 126 842 
679 0.09499985000000001 0.39499985 0.19999985 0.20000015 0.50000015 0.20000015 0 3 968 36 -847 
680 0.09499985000000001 0.49999985 0.19999985 0.20000015 0.60500015 0.20000015 0 3 117 -968 -846 
681 0.79999985 0.09499985000000001 0.19999985 0.90500015 0.20000015 0.20000015 0 3 915 312 954 
682 0.69499985 0.09499985000000001 0.19999985 0.8000001500000002 0.20000015 0.20000015 0 3 153 -915 955 
683 0.39499985 0.19999985 0.19999985 0.5000001500000003 0.30500015 0.20000015 0 3 132 -952 -878 
684 0.49999985 0.19999985 0.19999985 0.60500015 0.30500015 0.20000015 0 3 -951 288 878 
685 0.09499985000000001 0.69499985 0.19999985 0.20000015 0.80000015 0.20000015 0 3 986 115 -853 
686 0.09499985000000001 0.79999985 0.19999985 0.20000015 0.90500015 0.20000015 0 3 265 -986 -852 
687 0.1999998499999993 0.49999985 0.19999985 0.30500015 0.60500015 0.20000015 0 3 271 846 -967 
688 0.1999998499999993 0.39499985 0.19999985 0.30500015 0.50000015 0.20000015 0 3 847 128 967 
689 0.69499985 0.19999985 0.19999985 0.8000001500000002 0.30500015 0.20000015 0 3 294 -955 -914 
690 0.79999985 0.19999985 0.19999985 0.90500015 0.30500015 0.20000015 0 3 -954 486 914 
691 0.1999998499999993 0.79999985 0.19999985 0.30500015 0.90500015 0.20000015 0 3 459 852 -985 
692 0.1999998499999993 0.69499985 0.19999985 0.30500015 0.80000015 0.20000015 0 3 853 273 985 
693 0.49999985 0.39499985 0.19999985 0.60500015 0.50000015 0.20000015 0 3 883 290 969 
694 0.39499985 0.39499985 0.19999985 0.5000001500000003 0.50000015 0.20000015 0 3 130 -883 970 
695 0.39499985 0.49999985 0.19999985 0.5000001500000003 0.60500015 0.20000015 0 3 277 -970 -882 
696 0.79999985 0.49999985 0.19999985 0.90500015 0.60500015 0.20000015 0 3 -972 648 918 
697 0.79999985 0.39499985 0.19999985 0.90500015 0.50000015 0.20000015 0 3 488 972 919 
698 0.69499985 0.39499985 0.19999985 0.8000001500000002 0.50000015 0.20000015 0 3 292 -919 973 
699 0.49999985 0.49999985 0.19999985 0.60500015 0.60500015 0.20000015 0 3 -969 469 882 
700 0.39499985 0.79999985 0.19999985 0.5000001500000003 0.90500015 0.20000015 0 3 -888 463 -988 
701 0.49999985 0.79999985 0.19999985 0.60500015 0.90500015 0.20000015 0 3 638 888 -987 
702 0.39499985 0.69499985 0.19999985 0.50000015 0.80000015 0.20000015 0 3 988 275 -889 
703 0.79999985 0.79999985 0.19999985 0.90500015 0.90500015 0.20000015 0 3 -990 761 924 
704 0.79999985 0.69499985 0.19999985 0.90500015 0.80000015 0.20000015 0 3 650 990 925 
705 0.69499985 0.49999985 0.19999985 0.8000001500000002 0.60500015 0.20000015 0 3 -918 475 -973 
706 0.69499985 0.79999985 0.19999985 0.8000001500000002 0.90500015 0.20000015 0 3 -924 642 -991 
707 0.4999998499999995 0.69499985 0.19999985 0.60500015 0.80000015 0.20000015 0 3 471 987 889 
708 0.69499985 0.69499985 0.19999985 0.8000001500000002 0.80000015 0.20000015 0 3 473 -925 991 
709 0.1999998499999993 0.09499985000000001 0.49999985 0.30500015 0.20000015 0.50000015 0 3 848 96 957 
710 0.09499985000000001 0.09499985000000001 0.49999985 0.20000015 0.20000015 0.50000015 0 3 23 -848 953 
711 0.09499985000000001 0.19999985 0.49999985 0.2000001500000003 0.30500015 0.50000015 0 3 82 -953 -858 
712 0.49999985 0.09499985000000001 0.49999985 0.60500015 0.20000015 0.50000015 0 3 884 245 959 
713 0.39499985 0.09499985000000001 0.49999985 0.5000001500000003 0.20000015 0.50000015 0 3 98 -884 960 
714 0.19999985 0.19999985 0.49999985 0.30500015 0.30500015 0.50000015 0 3 -957 221 858 
715 0.09499985000000001 0.39499985 0.49999985 0.20000015 0.50000015 0.50000015 0 3 971 80 -863 
716 0.09499985000000001 0.49999985 0.49999985 0.20000015 0.60500015 0.50000015 0 3 208 -971 -862 
717 0.79999985 0.09499985000000001 0.49999985 0.90500015 0.20000015 0.50000015 0 3 920 451 961 
718 0.69499985 0.09499985000000001 0.49999985 0.8000001500000002 0.20000015 0.50000015 0 3 247 -920 962 
719 0.39499985 0.19999985 0.49999985 0.5000001500000003 0.30500015 0.50000015 0 3 227 -960 -894 
720 0.49999985 0.19999985 0.49999985 0.60500015 0.30500015 0.50000015 0 3 -959 427 894 
721 0.09499985000000001 0.69499985 0.49999985 0.20000015 0.80000015 0.50000015 0 3 989 206 -868 
722 0.09499985000000001 0.79999985 0.49999985 0.20000015 0.90500015 0.50000015 0 3 397 -989 -865 
723 0.1999998499999993 0.49999985 0.49999985 0.30500015 0.60500015 0.50000015 0 3 404 862 -975 
724 0.1999998499999993 0.39499985 0.49999985 0.30500015 0.50000015 0.50000015 0 3 863 223 975 
725 0.69499985 0.19999985 0.49999985 0.8000001500000002 0.30500015 0.50000015 0 3 433 -962 -930 
726 0.79999985 0.19999985 0.49999985 0.90500015 0.30500015 0.50000015 0 3 -961 628 930 
727 0.1999998499999993 0.79999985 0.49999985 0.30500015 0.90500015 0.50000015 0 3 594 865 -993 
728 0.1999998499999993 0.69499985 0.49999985 0.30500015 0.80000015 0.50000015 0 3 868 406 993 
729 0.49999985 0.39499985 0.49999985 0.60500015 0.50000015 0.50000015 0 3 899 429 977 
730 0.39499985 0.39499985 0.49999985 0.5000001500000003 0.50000015 0.50000015 0 3 225 -899 978 
731 0.39499985 0.49999985 0.49999985 0.5000001500000003 0.60500015 0.50000015 0 3 410 -978 -898 
732 0.79999985 0.49999985 0.49999985 0.90500015 0.60500015 0.50000015 0 3 -979 751 934 
733 0.79999985 0.39499985 0.49999985 0.90500015 0.50000015 0.50000015 0 3 630 979 935 
734 0.69499985 0.39499985 0.49999985 0.8000001500000002 0.50000015 0.50000015 0 3 431 -935 980 
735 0.49999985 0.49999985 0.49999985 0.60500015 0.60500015 0.50000015 0 3 -977 605 898 
736 0.39499985 0.79999985 0.49999985 0.5000001500000003 0.90500015 0.50000015 0 3 -901 598 -996 
737 0.49999985 0.79999985 0.49999985 0.60500015 0.90500015 0.50000015 0 3 740 901 -995 
738 0.39499985 0.69499985 0.49999985 0.50000015 0.80000015 0.50000015 0 3 996 408 -904 
739 0.79999985 0.79999985 0.49999985 0.90500015 0.90500015 0.50000015 0 3 -997 814 937 
740 0.79999985 0.69499985 0.49999985 0.90500015 0.80000015 0.50000015 0 3 753 997 940 
741 0.69499985 0.49999985 0.49999985 0.8000001500000002 0.60500015 0.50000015 0 3 -934 611 -980 
742 0.69499985 0.79999985 0.49999985 0.8000001500000002 0.90500015 0.50000015 0 3 -937 744 -998 
743 0.4999998499999995 0.69499985 0.49999985 0.60500015 0.80000015 0.50000015 0 3 607 995 904 
744 0.69499985 0.69499985 0.49999985 0.8000001500000002 0.80000015 0.50000015 0 3 609 -940 998 
745 0.1999998499999993 0.09499985000000001 0.79999985 0.30500015 0.20000015 0.8000001499999999 0 3 855 188 958 
746 0.09499985000000001 0.09499985000000001 0.79999985 0.20000015 0.20000015 0.8000001499999999 0 3 68 -855 956 
747 0.09499985000000001 0.19999985 0.79999985 0.2000001500000003 0.30500015 0.8000001499999999 0 3 174 -956 -860 
748 0.49999985 0.09499985000000001 0.79999985 0.60500015 0.20000015 0.8000001499999999 0 3 891 378 964 
749 0.39499985 0.09499985000000001 0.79999985 0.5000001500000003 0.20000015 0.8000001499999999 0 3 190 -891 963 
750 0.19999985 0.19999985 0.79999985 0.30500015 0.30500015 0.8000001499999999 0 3 -958 353 860 
751 0.09499985000000001 0.39499985 0.79999985 0.20000015 0.50000015 0.8000001499999999 0 3 974 172 -870 
752 0.09499985000000001 0.49999985 0.79999985 0.20000015 0.60500015 0.8000001499999999 0 3 341 -974 -871 
753 0.79999985 0.09499985000000001 0.79999985 0.90500015 0.20000015 0.8000001499999999 0 3 927 585 965 
754 0.69499985 0.09499985000000001 0.79999985 0.8000001500000002 0.20000015 0.8000001499999999 0 3 380 -927 966 
755 0.39499985 0.19999985 0.79999985 0.5000001500000003 0.30500015 0.8000001499999999 0 3 359 -963 -896 
756 0.49999985 0.19999985 0.79999985 0.60500015 0.30500015 0.8000001499999999 0 3 -964 560 896 
757 0.09499985000000001 0.69499985 0.79999985 0.20000015 0.80000015 0.8000001499999999 0 3 992 339 -876 
758 0.09499985000000001 0.79999985 0.79999985 0.20000015 0.90500015 0.8000001499999999 0 3 531 -992 -873 
759 0.1999998499999993 0.49999985 0.79999985 0.30500015 0.60500015 0.8000001499999999 0 3 538 871 -976 
760 0.1999998499999993 0.39499985 0.79999985 0.30500015 0.50000015 0.8000001499999999 0 3 870 355 976 
761 0.69499985 0.19999985 0.79999985 0.8000001500000002 0.30500015 0.8000001499999999 0 3 566 -966 -932 
762 0.79999985 0.19999985 0.79999985 0.90500015 0.30500015 0.8000001499999999 0 3 -965 728 932 
763 0.1999998499999993 0.79999985 0.79999985 0.30500015 0.90500015 0.8000001499999999 0 3 695 873 -994 
764 0.1999998499999993 0.69499985 0.79999985 0.30500015 0.80000015 0.8000001499999999 0 3 876 540 994 
765 0.49999985 0.39499985 0.79999985 0.60500015 0.50000015 0.8000001499999999 0 3 906 562 982 
766 0.39499985 0.39499985 0.79999985 0.5000001500000003 0.50000015 0.8000001499999999 0 3 357 -906 981 
767 0.39499985 0.49999985 0.79999985 0.5000001500000003 0.60500015 0.8000001499999999 0 3 544 -981 -907 
768 0.79999985 0.49999985 0.79999985 0.90500015 0.60500015 0.8000001499999999 0 3 -983 803 943 
769 0.79999985 0.39499985 0.79999985 0.90500015 0.50000015 0.8000001499999999 0 3 730 983 942 
770 0.69499985 0.39499985 0.79999985 0.8000001500000002 0.50000015 0.8000001499999999 0 3 564 -942 984 
771 0.49999985 0.49999985 0.79999985 0.60500015 0.60500015 0.8000001499999999 0 3 -982 706 907 
772 0.39499985 0.79999985 0.79999985 0.5000001500000003 0.90500015 0.8000001499999999 0 3 -909 699 -999 
773 0.49999985 0.79999985 0.79999985 0.60500015 0.90500015 0.8000001499999999 0 3 792 909 -1000 
774 0.39499985 0.69499985 0.79999985 0.50000015 0.80000015 0.8000001499999999 0 3 999 542 -912 
775 0.79999985 0.79999985 0.79999985 0.90500015 0.90500015 0.8000001499999999 0 3 -1001 832 945 
776 0.79999985 0.69499985 0.79999985 0.90500015 0.80000015 0.8000001499999999 0 3 805 1001 948 
777 0.69499985 0.49999985 0.79999985 0.8000001500000002 0.60500015 0.8000001499999999 0 3 -943 712 -984 
778 0.69499985 0.79999985 0.79999985 0.8000001500000002 0.90500015 0.8000001499999999 0 3 -945 796 -1002 
779 0.4999998499999995 0.69499985 0.79999985 0.60500015 0.80000015 0.8000001499999999 0 3 708 1000 912 
780 0.69499985 0.69499985 0.79999985 0.8000001500000002 0.80000015 0.8000001499999999 0 3 710 -948 1002 
1 -3.896708778228231e-05 -3.896708778228231e-05 -3.896708778228231e-05 0.2000389670877823 0.2000389670877823 0.2000389670877823 1 1000 7 -1 -2 3 -4 -5 6 -7 
2 -3.896708778229618e-05 -3.896708778229618e-05 0.1999610329122171 0.2000389670877823 0.2000389670877823 0.5000389670877828 1 1001 8 -8 -9 10 -11 -3 12 -13 -14 
3 -3.896708778233782e-05 0.1999610329122166 -3.896708778233782e-05 0.2000389670877827 0.5000389670877824 0.2000389670877823 1 1004 8 -15 4 16 -17 -18 -19 20 -21 
4 0.199961032912217 -3.896708778233782e-05 -3.896708778233782e-05 0.5000389670877827 0.2000389670877823 0.2000389670877823 1 1016 8 -22 -23 24 25 -6 -26 -27 -28 
5 -3.896708778229618e-05 -3.896708778229618e-05 0.4999610329122177 0.2000389670877823 0.2000389670877823 0.8000389670877827 1 1002 8 -29 -30 31 -32 -10 33 -34 -35 
6 -3.896708778233782e-05 0.1999610329122166 0.1999610329122171 0.2000389670877827 0.5000389670877824 0.5000389670877828 1 1005 10 -36 11 37 -38 -16 -39 40 -41 -42 -43 
7 0.199961032912217 -3.896708778235169e-05 0.1999610329122171 0.5000389670877827 0.2000389670877824 0.5000389670877829 1 1017 10 -12 -44 45 -46 -47 -48 -25 49 -50 -51 
8 -3.896708778239333e-05 0.4999610329122176 -3.896708778239333e-05 0.2000389670877824 0.8000389670877824 0.2000389670877824 1 1008 8 -52 17 53 -54 -55 -56 57 -58 
9 0.199961032912217 0.1999610329122166 -3.896708778235169e-05 0.5000389670877827 0.5000389670877825 0.2000389670877823 1 1020 10 -20 26 -59 60 -61 -62 -63 -64 65 -66 
10 0.4999610329122176 -3.896708778237945e-05 -3.896708778237945e-05 0.8000389670877827 0.2000389670877824 0.2000389670877824 1 1032 8 -67 -68 69 70 -24 -71 -72 -73 
11 -3.896708778229618e-05 -3.896708778229618e-05 0.7999610329122177 0.2000389670877823 0.2000389670877823 1.000038967087782 1 1003 7 -74 -75 76 -77 -31 78 -79 
12 -3.896708778233782e-05 0.1999610329122166 0.4999610329122177 0.2000389670877827 0.5000389670877824 0.8000389670877827 1 1006 10 -80 32 81 -82 -37 -83 84 -85 -86 -87 
13 0.199961032912217 -3.896708778235169e-05 0.4999610329122177 0.5000389670877827 0.2000389670877823 0.8000389670877828 1 1018 10 -33 -88 89 -90 -91 -92 -45 93 -94 -95 
14 -3.896708778239333e-05 0.4999610329122176 0.199961032912217 0.2000389670877824 0.8000389670877824 0.5000389670877829 1 1009 10 -96 38 97 -98 -53 -99 100 -101 -102 -103 
15 0.199961032912217 0.1999610329122166 0.1999610329122171 0.5000389670877827 0.5000389670877825 0.5000389670877829 1 1021 14 -40 -104 47 -105 106 -107 -108 -109 -60 -110 111 -112 -113 -114 
16 0.4999610329122176 -3.896708778239333e-05 0.199961032912217 0.8000389670877827 0.2000389670877824 0.5000389670877829 1 1033 10 -49 -115 116 -117 -118 -119 -70 120 -121 -122 
17 -3.896708778237945e-05 0.7999610329122174 -3.896708778237945e-05 0.2000389670877824 1.000038967087782 0.2000389670877824 1 1012 7 -123 54 124 125 -126 -127 128 
18 0.1999610329122169 0.4999610329122176 -3.896708778240721e-05 0.5000389670877827 0.8000389670877824 0.2000389670877824 1 1024 10 -57 62 -129 130 -131 -132 -133 -134 135 -136 
19 0.4999610329122176 0.1999610329122166 -3.896708778239333e-05 0.8000389670877827 0.5000389670877825 0.2000389670877824 1 1036 10 -65 71 -137 138 -139 -140 -141 -142 143 -144 
20 0.7999610329122175 -3.896708778237945e-05 -3.896708778237945e-05 1.000038967087782 0.2000389670877824 0.2000389670877824 1 1048 7 -145 -146 147 148 -69 -149 -150 
21 -3.896708778233782e-05 0.1999610329122166 0.7999610329122171 0.2000389670877827 0.5000389670877824 1.000038967087782 1 1007 8 -151 77 152 -153 -81 154 -155 -156 
22 0.199961032912217 -3.896708778235169e-05 0.7999610329122175 0.5000389670877827 0.2000389670877824 1.000038967087782 1 1019 8 -78 -157 158 -159 -160 -89 161 -162 
23 -3.896708778237945e-05 0.4999610329122176 0.4999610329122176 0.2000389670877824 0.8000389670877824 0.8000389670877828 1 1010 10 -163 82 164 -165 -97 -166 167 -168 -169 -170 
24 0.199961032912217 0.1999610329122166 0.4999610329122177 0.5000389670877827 0.5000389670877825 0.8000389670877828 1 1022 14 -84 91 -171 172 -173 -174 -175 -106 -176 -177 178 -179 -180 -181 
25 0.4999610329122176 -3.896708778239333e-05 0.4999610329122176 0.8000389670877827 0.2000389670877824 0.8000389670877828 1 1034 10 -93 -182 183 -184 -185 -186 -116 187 -188 -189 
26 -3.896708778240721e-05 0.7999610329122174 0.199961032912217 0.2000389670877824 1.000038967087783 0.5000389670877829 1 1013 8 -190 98 191 192 -124 -193 194 -195 
27 0.1999610329122169 0.4999610329122176 0.199961032912217 0.5000389670877827 0.8000389670877824 0.5000389670877829 1 1025 14 -100 -196 108 -197 198 -199 -200 -201 -130 -202 203 -204 -205 -206 
28 0.4999610329122176 0.1999610329122165 0.199961032912217 0.8000389670877827 0.5000389670877825 0.5000389670877829 1 1037 14 -111 -207 118 -208 209 -210 -211 -212 -138 -213 214 -215 -216 -217 
29 0.7999610329122175 -3.896708778237945e-05 0.199961032912217 1.000038967087782 0.2000389670877824 0.5000389670877829 1 1049 8 -120 -218 219 -220 -221 -222 -148 223 
30 0.1999610329122169 0.7999610329122174 -3.896708778242108e-05 0.5000389670877827 1.000038967087783 0.2000389670877824 1 1028 8 -128 132 -224 225 226 -227 -228 229 
31 0.4999610329122169 0.4999610329122176 -3.896708778244884e-05 0.8000389670877827 0.8000389670877824 0.2000389670877824 1 1040 10 -135 140 -230 231 -232 -233 -234 -235 236 -237 
32 0.7999610329122175 0.1999610329122176 -3.896708778237945e-05 1.000038967087782 0.5000389670877824 0.2000389670877824 1 1052 8 -143 149 -238 239 -240 -241 -242 243 
33 -3.896708778237945e-05 0.4999610329122176 0.799961032912217 0.2000389670877824 0.8000389670877824 1.000038967087782 1 1011 8 -244 153 245 -246 -164 247 -248 -249 
34 0.199961032912217 0.1999610329122166 0.799961032912217 0.5000389670877827 0.5000389670877825 1.000038967087782 1 1023 10 -154 250 -251 -252 -172 -253 159 254 -255 -256 
35 0.4999610329122176 -3.896708778239333e-05 0.7999610329122175 0.8000389670877827 0.2000389670877824 1.000038967087782 1 1035 8 -161 -257 258 -259 -260 -183 261 -262 
36 -3.896708778240721e-05 0.7999610329122174 0.4999610329122176 0.2000389670877824 1.000038967087783 0.8000389670877828 1 1014 8 -263 165 264 265 -191 -266 267 -268 
37 0.1999610329122169 0.4999610329122176 0.4999610329122176 0.5000389670877827 0.8000389670877824 0.8000389670877828 1 1026 14 -167 -269 174 -270 271 -272 -273 -274 -198 -275 276 -277 -278 -279 
38 0.4999610329122176 0.1999610329122165 0.4999610329122176 0.8000389670877827 0.5000389670877825 0.8000389670877828 1 1038 14 -178 185 -280 281 -282 -283 -284 -209 -285 -286 287 -288 -289 -290 
39 0.7999610329122175 -3.896708778237945e-05 0.4999610329122176 1.000038967087782 0.2000389670877824 0.8000389670877828 1 1050 8 -187 -291 292 -293 -294 -295 -219 296 
40 0.1999610329122169 0.7999610329122174 0.199961032912217 0.5000389670877827 1.000038967087783 0.5000389670877829 1 1029 10 -194 -225 -297 200 -298 299 300 301 -302 -303 
41 0.499961032912217 0.4999610329122176 0.199961032912217 0.8000389670877827 0.8000389670877824 0.5000389670877829 1 1041 14 -203 -304 211 -305 306 -307 -308 -309 -231 -310 311 -312 -313 -314 
42 0.7999610329122175 0.1999610329122176 0.199961032912217 1.000038967087782 0.5000389670877824 0.5000389670877829 1 1053 10 -214 -315 221 -316 317 -318 -319 -320 -239 321 
43 0.4999610329122176 0.7999610329122173 -3.896708778244884e-05 0.8000389670877828 1.000038967087783 0.2000389670877825 1 1044 8 -229 233 -322 323 324 -325 -326 327 
44 0.7999610329122175 0.4999610329122176 -3.896708778240721e-05 1.000038967087783 0.8000389670877824 0.2000389670877824 1 1056 8 -236 241 -328 329 -330 -331 -332 333 
45 -3.896708778237945e-05 0.7999610329122174 0.799961032912217 0.2000389670877824 1.000038967087782 1.000038967087782 1 1015 7 -334 246 335 336 -264 337 -338 
46 0.1999610329122169 0.4999610329122176 0.799961032912217 0.5000389670877827 0.8000389670877824 1.000038967087783 1 1027 10 -247 339 -340 -341 -271 -342 251 343 -344 -345 
47 0.4999610329122176 0.1999610329122166 0.799961032912217 0.8000389670877827 0.5000389670877825 1.000038967087782 1 1039 10 -254 346 -347 -348 -281 -349 259 350 -351 -352 
48 0.7999610329122175 -3.896708778233782e-05 0.7999610329122175 1.000038967087782 0.2000389670877823 1.000038967087782 1 1051 7 -261 -353 354 -355 -356 -292 357 
49 0.1999610329122169 0.7999610329122174 0.4999610329122176 0.5000389670877827 1.000038967087783 0.8000389670877828 1 1030 10 -267 -299 -358 273 -359 360 361 362 -363 -364 
50 0.499961032912217 0.4999610329122176 0.4999610329122176 0.8000389670877827 0.8000389670877824 0.8000389670877828 1 1042 14 -276 -365 283 -366 367 -368 -369 -370 -306 -371 372 -373 -374 -375 
51 0.7999610329122175 0.1999610329122176 0.4999610329122176 1.000038967087782 0.5000389670877824 0.8000389670877828 1 1054 10 -287 294 -376 377 -378 -379 -380 -317 -381 382 
52 0.4999610329122176 0.7999610329122173 0.199961032912217 0.8000389670877828 1.000038967087783 0.5000389670877831 1 1045 10 -301 -323 -383 308 -384 385 386 387 -388 -389 
53 0.7999610329122175 0.4999610329122176 0.199961032912217 1.000038967087783 0.8000389670877824 0.5000389670877829 1 1057 10 -311 -390 319 -391 392 -393 -394 -395 -329 396 
54 0.7999610329122175 0.7999610329122177 -3.896708778237945e-05 1.000038967087782 1.000038967087782 0.2000389670877824 1 1060 7 -327 331 -397 398 399 -400 401 
55 0.1999610329122169 0.7999610329122174 0.799961032912217 0.5000389670877827 1.000038967087783 1.000038967087783 1 1031 8 -337 -360 -402 340 403 404 405 -406 
56 0.499961032912217 0.4999610329122176 0.799961032912217 0.8000389670877827 0.8000389670877824 1.000038967087783 1 1043 10 -343 407 -408 -409 -367 -410 347 411 -412 -413 
57 0.7999610329122175 0.1999610329122176 0.799961032912217 1.000038967087782 0.5000389670877824 1.000038967087782 1 1055 8 -350 414 -415 -416 -377 -417 355 418 
58 0.4999610329122176 0.7999610329122174 0.4999610329122176 0.8000389670877827 1.000038967087783 0.8000389670877828 1 1046 10 -362 -385 -419 369 -420 421 422 423 -424 -425 
59 0.7999610329122175 0.4999610329122176 0.4999610329122176 1.000038967087783 0.8000389670877824 0.8000389670877828 1 1058 10 -372 -426 379 -427 428 -429 -430 -431 -392 432 
60 0.7999610329122175 0.7999610329122177 0.199961032912217 1.000038967087782 1.000038967087782 0.5000389670877829 1 1061 8 -387 -398 -433 394 -434 435 436 437 
61 0.4999610329122176 0.7999610329122174 0.799961032912217 0.8000389670877827 1.000038967087783 1.000038967087783 1 1047 8 -405 -421 -438 408 439 440 441 -442 
62 0.7999610329122175 0.4999610329122176 0.799961032912217 1.000038967087783 0.8000389670877824 1.000038967087783 1 1059 8 -411 443 -444 -445 -428 -446 415 447 
63 0.7999610329122175 0.7999610329122177 0.4999610329122176 1.000038967087782 1.000038967087782 0.8000389670877824 1 1062 8 -423 -435 -448 430 -449 450 451 452 
64 0.7999610329122175 0.7999610329122177 0.799961032912217 1.000038967087782 1.000038967087782 1.000038967087782 1 1063 7 -441 -450 -453 444 454 455 456 
$EndEntities
$Nodes
1404 3019 1 3019
0 1 0 1
1
0 0 0
0 2 0 1
2
0 0 0.2
0 3 0 1
3
0 0.2 0.2
0 4 0 1
4
0 0.2 0
0 5 0 1
5
0.2 0 0
0 6 0 1
6
0.2 0 0.2
0 7 0 1
7
0.09500000000000003 0.199999999999999 0.1999999999999994
0 8 0 1
8
0.1999999999999994 0.09500000000000003 0.1999999999999994
0 9 0 1
9
0.2 0.2 0.09500000000000001
0 10 0 1
10
0.2 0.2 0
0 11 0 1
11
0 0 0.5
0 12 0 1
12
0 0.2 0.5
0 13 0 1
13
0.2 0 0.5
0 14 0 1
14
0.09500000000000003 0.199999999999999 0.5000000000000006
0 15 0 1
15
0.1999999999999994 0.09500000000000003 0.5000000000000006
0 16 0 1
16
0.2 0.2 0.395
0 17 0 1
17
0.2 0.2 0.305
0 18 0 1
18
0 0.5 0.2
0 19 0 1
19
0 0.5 0
0 20 0 1
20
0.09500000000000003 0.5000000000000001 0.1999999999999994
0 21 0 1
21
0.1999999999999994 0.395 0.1999999999999994
0 22 0 1
22
0.2000000000000003 0.305 0.1999999999999994
0 23 0 1
23
0.2 0.5 0.09500000000000001
0 24 0 1
24
0.2 0.5 0
0 25 0 1
25
0.5 0 0
0 26 0 1
26
0.5 0 0.2
0 27 0 1
27
0.5 0.2 0
0 28 0 1
28
0.5000000000000003 0.09500000000000003 0.1999999999999994
0 29 0 1
29
0.5 0.2 0.09500000000000001
0 30 0 1
30
0.305 0.2 0.2
0 31 0 1
31
0.395 0.199999999999999 0.1999999999999994
0 32 0 1
32
0 0 0.8
0 33 0 1
33
0 0.2 0.8
0 34 0 1
34
0.2 0 0.8
0 35 0 1
35
0.09500000000000003 0.199999999999999 0.8000000000000004
0 36 0 1
36
0.1999999999999994 0.09500000000000003 0.8000000000000004
0 37 0 1
37
0.2 0.2 0.6950000000000001
0 38 0 1
38
0.2 0.2 0.605
0 39 0 1
39
0 0.5 0.5
0 40 0 1
40
0.09500000000000003 0.5000000000000001 0.5000000000000006
0 41 0 1
41
0.1999999999999994 0.395 0.5000000000000006
0 42 0 1
42
0.2000000000000003 0.305 0.5000000000000006
0 43 0 1
43
0.2 0.5 0.395
0 44 0 1
44
0.2 0.5 0.305
0 45 0 1
45
0.5 0 0.5
0 46 0 1
46
0.305 0.2 0.5
0 47 0 1
47
0.395 0.199999999999999 0.5000000000000006
0 48 0 1
48
0.5000000000000003 0.09500000000000003 0.5000000000000006
0 49 0 1
49
0.5 0.2 0.395
0 50 0 1
50
0.5 0.2 0.305
0 51 0 1
51
0 0.8 0.2
0 52 0 1
52
0 0.8 0
0 53 0 1
53
0.09500000000000003 0.7999999999999998 0.1999999999999994
0 54 0 1
54
0.1999999999999994 0.695 0.1999999999999994
0 55 0 1
55
0.1999999999999993 0.605 0.1999999999999994
0 56 0 1
56
0.2 0.8 0.09500000000000001
0 57 0 1
57
0.2 0.8 0
0 58 0 1
58
0.305 0.5 0.2
0 59 0 1
59
0.395 0.5000000000000001 0.1999999999999994
0 60 0 1
60
0.5000000000000003 0.395 0.1999999999999994
0 61 0 1
61
0.5000000000000003 0.305 0.1999999999999994
0 62 0 1
62
0.5 0.5 0.09500000000000001
0 63 0 1
63
0.5 0.5 0
0 64 0 1
64
0.8 0 0
0 65 0 1
65
0.8 0 0.2
0 66 0 1
66
0.8 0.2 0
0 67 0 1
67
0.8000000000000003 0.09500000000000003 0.1999999999999994
0 68 0 1
68
0.8 0.2 0.09500000000000001
0 69 0 1
69
0.605 0.2 0.2
0 70 0 1
70
0.695 0.199999999999999 0.1999999999999994
0 71 0 1
71
0 0 1
0 72 0 1
72
0 0.2 1
0 73 0 1
73
0.2 0 1
0 74 0 1
74
0.2 0.2 1
0 75 0 1
75
0.2 0.2 0.905
0 76 0 1
76
0 0.5 0.8
0 77 0 1
77
0.09500000000000003 0.5000000000000001 0.8000000000000004
0 78 0 1
78
0.1999999999999994 0.395 0.8000000000000004
0 79 0 1
79
0.2000000000000003 0.305 0.7999999999999994
0 80 0 1
80
0.2 0.5 0.6950000000000001
0 81 0 1
81
0.2 0.5 0.605
0 82 0 1
82
0.5 0 0.8
0 83 0 1
83
0.305 0.2 0.7999999999999999
0 84 0 1
84
0.395 0.199999999999999 0.8000000000000004
0 85 0 1
85
0.5000000000000003 0.09500000000000003 0.8000000000000004
0 86 0 1
86
0.5 0.2 0.6950000000000001
0 87 0 1
87
0.5 0.2 0.605
0 88 0 1
88
0 0.8 0.5
0 89 0 1
89
0.09500000000000003 0.7999999999999998 0.5000000000000006
0 90 0 1
90
0.1999999999999994 0.695 0.5000000000000006
0 91 0 1
91
0.1999999999999993 0.605 0.5000000000000006
0 92 0 1
92
0.2 0.8 0.395
0 93 0 1
93
0.2 0.8 0.305
0 94 0 1
94
0.305 0.5 0.5
0 95 0 1
95
0.395 0.5000000000000001 0.5000000000000006
0 96 0 1
96
0.5000000000000003 0.395 0.5000000000000006
0 97 0 1
97
0.5000000000000003 0.305 0.5000000000000006
0 98 0 1
98
0.5 0.5 0.395
0 99 0 1
99
0.5 0.5 0.305
0 100 0 1
100
0.8 0 0.5
0 101 0 1
101
0.605 0.2 0.5
0 102 0 1
102
0.695 0.199999999999999 0.5000000000000006
0 103 0 1
103
0.8000000000000003 0.09500000000000003 0.5000000000000006
0 104 0 1
104
0.8 0.2 0.395
0 105 0 1
105
0.8 0.2 0.305
0 106 0 1
106
0 1 0.2
0 107 0 1
107
0 1 0
0 108 0 1
108
0.2 1 0.2
0 109 0 1
109
0.1999999999999993 0.9049999999999999 0.1999999999999994
0 110 0 1
110
0.2 1 0
0 111 0 1
111
0.305 0.8 0.2
0 112 0 1
112
0.395 0.7999999999999998 0.1999999999999994
0 113 0 1
113
0.4999999999999994 0.695 0.1999999999999994
0 114 0 1
114
0.5000000000000003 0.605 0.1999999999999994
0 115 0 1
115
0.5 0.8 0.09500000000000001
0 116 0 1
116
0.5 0.8 0
0 117 0 1
117
0.605 0.5 0.2
0 118 0 1
118
0.695 0.5000000000000001 0.1999999999999994
0 119 0 1
119
0.8000000000000003 0.395 0.1999999999999994
0 120 0 1
120
0.8000000000000003 0.305 0.1999999999999994
0 121 0 1
121
0.8 0.5 0.09500000000000001
0 122 0 1
122
0.8 0.5 0
0 123 0 1
123
1 0 0
0 124 0 1
124
1 0 0.2
0 125 0 1
125
1 0.2 0
0 126 0 1
126
1 0.2 0.2
0 127 0 1
127
0.905 0.2 0.2
0 128 0 1
128
0 0.5 1
0 129 0 1
129
0.2 0.5 1
0 130 0 1
130
0.2 0.5 0.905
0 131 0 1
131
0.5 0 1
0 132 0 1
132
0.5 0.2 1
0 133 0 1
133
0.5 0.2 0.905
0 134 0 1
134
0 0.8 0.8
0 135 0 1
135
0.09500000000000003 0.7999999999999998 0.8000000000000004
0 136 0 1
136
0.1999999999999994 0.695 0.8000000000000004
0 137 0 1
137
0.1999999999999993 0.605 0.7999999999999994
0 138 0 1
138
0.2 0.8 0.6950000000000001
0 139 0 1
139
0.2 0.8 0.605
0 140 0 1
140
0.305 0.5 0.7999999999999999
0 141 0 1
141
0.395 0.5000000000000001 0.8000000000000004
0 142 0 1
142
0.5000000000000003 0.395 0.8000000000000004
0 143 0 1
143
0.5000000000000003 0.305 0.7999999999999994
0 144 0 1
144
0.5 0.5 0.6950000000000001
0 145 0 1
145
0.5 0.5 0.605
0 146 0 1
146
0.8 0 0.8
0 147 0 1
147
0.605 0.2 0.7999999999999999
0 148 0 1
148
0.695 0.199999999999999 0.8000000000000004
0 149 0 1
149
0.8000000000000003 0.09500000000000003 0.8000000000000004
0 150 0 1
150
0.8 0.2 0.6950000000000001
0 151 0 1
151
0.8 0.2 0.605
0 152 0 1
152
0 1 0.5
0 153 0 1
153
0.2 1 0.5
0 154 0 1
154
0.1999999999999993 0.9049999999999999 0.5000000000000006
0 155 0 1
155
0.305 0.8 0.5
0 156 0 1
156
0.395 0.7999999999999998 0.5000000000000006
0 157 0 1
157
0.4999999999999994 0.695 0.5000000000000006
0 158 0 1
158
0.5000000000000003 0.605 0.5000000000000006
0 159 0 1
159
0.5 0.8 0.395
0 160 0 1
160
0.5 0.8 0.305
0 161 0 1
161
0.605 0.5 0.5
0 162 0 1
162
0.695 0.5000000000000001 0.5000000000000006
0 163 0 1
163
0.8000000000000003 0.395 0.5000000000000006
0 164 0 1
164
0.8000000000000003 0.305 0.5000000000000006
0 165 0 1
165
0.8 0.5 0.395
0 166 0 1
166
0.8 0.5 0.305
0 167 0 1
167
1 0 0.5
0 168 0 1
168
0.905 0.2 0.5
0 169 0 1
169
1 0.2 0.5
0 170 0 1
170
0.5 1 0.2
0 171 0 1
171
0.5000000000000003 0.9049999999999999 0.1999999999999994
0 172 0 1
172
0.5 1 0
0 173 0 1
173
0.605 0.8 0.2
0 174 0 1
174
0.695 0.7999999999999998 0.1999999999999994
0 175 0 1
175
0.8000000000000003 0.695 0.1999999999999994
0 176 0 1
176
0.8000000000000003 0.605 0.1999999999999994
0 177 0 1
177
0.8 0.8 0.09500000000000001
0 178 0 1
178
0.8 0.8 0
0 179 0 1
179
0.905 0.5 0.2
0 180 0 1
180
1 0.5 0.2
0 181 0 1
181
1 0.5 0
0 182 0 1
182
0 0.8 1
0 183 0 1
183
0.2 0.8 1
0 184 0 1
184
0.2 0.8 0.905
0 185 0 1
185
0.5 0.5 1
0 186 0 1
186
0.5 0.5 0.905
0 187 0 1
187
0.8 0 1
0 188 0 1
188
0.8 0.2 1
0 189 0 1
189
0.8 0.2 0.905
0 190 0 1
190
0 1 0.8
0 191 0 1
191
0.2 1 0.8
0 192 0 1
192
0.1999999999999993 0.9049999999999999 0.7999999999999994
0 193 0 1
193
0.305 0.8 0.7999999999999999
0 194 0 1
194
0.395 0.7999999999999998 0.8000000000000004
0 195 0 1
195
0.4999999999999994 0.695 0.8000000000000004
0 196 0 1
196
0.5000000000000003 0.605 0.7999999999999994
0 197 0 1
197
0.5 0.8 0.6950000000000001
0 198 0 1
198
0.5 0.8 0.605
0 199 0 1
199
0.605 0.5 0.7999999999999999
0 200 0 1
200
0.695 0.5000000000000001 0.8000000000000004
0 201 0 1
201
0.8000000000000003 0.395 0.8000000000000004
0 202 0 1
202
0.8000000000000003 0.305 0.7999999999999994
0 203 0 1
203
0.8 0.5 0.6950000000000001
0 204 0 1
204
0.8 0.5 0.605
0 205 0 1
205
1 0 0.8
0 206 0 1
206
0.905 0.2 0.7999999999999999
0 207 0 1
207
1 0.2 0.8
0 208 0 1
208
0.5 1 0.5
0 209 0 1
209
0.5000000000000003 0.9049999999999999 0.5000000000000006
0 210 0 1
210
0.605 0.8 0.5
0 211 0 1
211
0.695 0.7999999999999998 0.5000000000000006
0 212 0 1
212
0.8000000000000003 0.695 0.5000000000000006
0 213 0 1
213
0.8000000000000003 0.605 0.5000000000000006
0 214 0 1
214
0.8 0.8 0.395
0 215 0 1
215
0.8 0.8 0.305
0 216 0 1
216
0.905 0.5 0.5
0 217 0 1
217
1 0.5 0.5
0 218 0 1
218
0.8 1 0.2
0 219 0 1
219
0.8000000000000003 0.9049999999999999 0.1999999999999994
0 220 0 1
220
0.8 1 0
0 221 0 1
221
0.905 0.8 0.2
0 222 0 1
222
1 0.8 0.2
0 223 0 1
223
1 0.8 0
0 224 0 1
224
0 1 1
0 225 0 1
225
0.2 1 1
0 226 0 1
226
0.5 0.8 1
0 227 0 1
227
0.5 0.8 0.905
0 228 0 1
228
0.8 0.5 1
0 229 0 1
229
0.8 0.5 0.905
0 230 0 1
230
1 0 1
0 231 0 1
231
1 0.2 1
0 232 0 1
232
0.5 1 0.8
0 233 0 1
233
0.5000000000000003 0.9049999999999999 0.7999999999999994
0 234 0 1
234
0.605 0.8 0.7999999999999999
0 235 0 1
235
0.695 0.7999999999999998 0.8000000000000004
0 236 0 1
236
0.8000000000000003 0.695 0.8000000000000004
0 237 0 1
237
0.8000000000000003 0.605 0.7999999999999994
0 238 0 1
238
0.8 0.8 0.6950000000000001
0 239 0 1
239
0.8 0.8 0.605
0 240 0 1
240
0.905 0.5 0.7999999999999999
0 241 0 1
241
1 0.5 0.8
0 242 0 1
242
0.8 1 0.5
0 243 0 1
243
0.8000000000000003 0.9049999999999999 0.5000000000000006
0 244 0 1
244
0.905 0.8 0.5
0 245 0 1
245
1 0.8 0.5
0 246 0 1
246
1 1 0.2
0 247 0 1
247
1 1 0
0 248 0 1
248
0.5 1 1
0 249 0 1
249
0.8 0.8 1
0 250 0 1
250
0.8 0.8 0.905
0 251 0 1
251
1 0.5 1
0 252 0 1
252
0.8 1 0.8
0 253 0 1
253
0.8000000000000003 0.9049999999999999 0.7999999999999994
0 254 0 1
254
0.905 0.8 0.7999999999999999
0 255 0 1
255
1 0.8 0.8
0 256 0 1
256
1 1 0.5
0 257 0 1
257
0.8 1 1
0 258 0 1
258
1 0.8 1
0 259 0 1
259
1 1 0.8
0 260 0 1
260
1 1 1
1 1 0 1
261
0 0 0.09999999999877796
1 2 0 1
262
0 0.1000000000012227 0.2
1 3 0 1
263
0 0.2 0.1000000000028539
1 4 0 1
264
0 0.09999999999996838 0
1 5 0 1
265
0.09999999999996842 0 0
1 6 0 1
266
0.2 0 0.1000000000028538
1 7 0 1
267
0.09999999999877823 0 0.2
1 8 0 1
268
0.05166112819272306 0.2 0.2
1 9 0 2
269
270
0.1090673320584836 0.1475000009424962 0.2
0.1475000009424955 0.109067332058484 0.2
1 10 0 1
271
0.2 0.05166112819272306 0.2
1 11 0 2
272
273
0.1090697153034922 0.2 0.1474958732573141
0.1475082563682412 0.2 0.1090625662859474
1 12 0 1
274
0.2 0.2 0.05197753303714964
1 13 0 1
275
0.09999999999714729 0.2 0
1 14 0 1
276
0.2 0.09999999999714725 0
1 15 0 2
277
278
0.2 0.1090697153034924 0.1474958732573136
0.2 0.147508256368242 0.109062566285947
1 17 0 2
279
280
0 0 0.3000006042619062
0 0 0.3999993957380589
1 18 0 1
281
0 0.1000000000012227 0.5
1 19 0 2
282
283
0 0.2 0.4000137629837247
0 0.2 0.2999862370162762
1 20 0 2
284
285
0.2 0 0.4000000736365815
0.2 0 0.2999999263634194
1 21 0 1
286
0.09999999999877823 0 0.5
1 22 0 1
287
0.05166112819272306 0.2 0.5
1 23 0 2
288
289
0.1090673320584836 0.1475000009424962 0.5
0.1475000009424955 0.109067332058484 0.5
1 24 0 1
290
0.2 0.05166112819272306 0.5
1 25 0 2
291
292
0.1090697153034918 0.2 0.4474958732573146
0.1475082563682409 0.2 0.4090625662859476
1 26 0 1
293
0.2 0.2 0.3499999999999999
1 27 0 2
294
295
0.1475082563682414 0.2 0.2909374337140527
0.109069715303492 0.2 0.2525041267426857
1 28 0 2
296
297
0.2 0.109069715303492 0.4474958732573144
0.2 0.1475082563682413 0.4090625662859473
1 29 0 2
298
299
0.2 0.1475082563682412 0.2909374337140526
0.2 0.1090697153034921 0.2525041267426858
1 32 0 2
300
301
0 0.4000137629851075 0.2
0 0.2999862370148932 0.2
1 33 0 1
302
0 0.5 0.1000000000028539
1 34 0 2
303
304
0 0.2989518394999909 0
0 0.401048160499973 0
1 35 0 1
305
0.05166830706216158 0.5 0.2
1 36 0 2
306
307
0.1090673320584836 0.4475000009424962 0.2
0.1475000009424955 0.4090673320584839 0.2
1 37 0 1
308
0.2 0.35 0.2
1 38 0 2
309
310
0.147500000942496 0.2909326679415164 0.2
0.1090673320584836 0.2524999990575039 0.2
1 39 0 2
311
312
0.1090697153034922 0.5 0.1474958732573141
0.1475082563682412 0.5 0.1090625662859474
1 40 0 1
313
0.2 0.5 0.05197753303714964
1 41 0 1
314
0.09999999999714729 0.5 0
1 42 0 2
315
316
0.2 0.2999862370148929 0
0.2 0.4000137629851059 0
1 44 0 2
317
318
0.2 0.2524917436317583 0.1090625662859471
0.2 0.2909302846965076 0.1474958732573135
1 45 0 2
319
320
0.2 0.4090697153034924 0.1474958732573136
0.2 0.447508256368242 0.109062566285947
1 47 0 2
321
322
0.2989518394999909 0 0
0.401048160499973 0 0
1 48 0 1
323
0.5 0 0.1000000000028538
1 49 0 2
324
325
0.2999862369332193 0 0.2
0.4000137630667793 0 0.2
1 50 0 2
326
327
0.2999999263634187 0.2 0
0.4000000736365799 0.2 0
1 51 0 1
328
0.5 0.09999999999714725 0
1 52 0 1
329
0.5 0.05166112819272306 0.2
1 53 0 2
330
331
0.5 0.1090697153034924 0.1474958732573136
0.5 0.147508256368242 0.109062566285947
1 54 0 1
332
0.5 0.2 0.05198024015104957
1 55 0 2
333
334
0.2524999990575036 0.1090673320584834 0.2
0.2909326679415162 0.1475000009424958 0.2
1 56 0 1
335
0.3500000000000003 0.2 0.2
1 57 0 2
336
337
0.4090673320584837 0.1475000009424959 0.2
0.4475000009424961 0.1090673320584836 0.2
1 58 0 2
338
339
0.2524917436317585 0.2 0.1090625662859472
0.2909302846965077 0.2 0.1474958732573138
1 59 0 2
340
341
0.4090697153034922 0.2 0.1474958732573141
0.4475082563682412 0.2 0.1090625662859474
1 62 0 2
342
343
0 0 0.6000006042619058
0 0 0.6999993957380598
1 63 0 1
344
0 0.1000000000012227 0.8
1 64 0 2
345
346
0 0.2 0.7000137629837243
0 0.2 0.5999862370162772
1 65 0 2
347
348
0.2 0 0.7000000736365813
0.2 0 0.5999999263634201
1 66 0 1
349
0.09999999999877823 0 0.8
1 67 0 1
350
0.0516611281925799 0.2 0.7999999999999999
1 68 0 2
351
352
0.1090673320584836 0.1475000009424962 0.7999999999999999
0.1475000009424955 0.109067332058484 0.7999999999999999
1 69 0 1
353
0.2 0.05166112819257995 0.7999999999999999
1 70 0 2
354
355
0.1090697153034918 0.2 0.7474958732573147
0.1475082563682409 0.2 0.7090625662859475
1 71 0 1
356
0.2 0.2 0.65
1 72 0 2
357
358
0.1475082563682417 0.2 0.5909374337140529
0.1090697153034925 0.2 0.5525041267426865
1 73 0 2
359
360
0.2 0.1090697153034921 0.7474958732573143
0.2 0.1475082563682416 0.7090625662859472
1 74 0 2
361
362
0.2 0.1475082563682416 0.5909374337140528
0.2 0.1090697153034925 0.5525041267426865
1 77 0 2
363
364
0 0.4000137629851075 0.5
0 0.2999862370148932 0.5
1 78 0 2
365
366
0 0.5 0.4000137629837247
0 0.5 0.2999862370162762
1 79 0 1
367
0.05166850344966967 0.5 0.5
1 80 0 2
368
369
0.1090673320584836 0.4475000009424962 0.5
0.1475000009424955 0.4090673320584839 0.5
1 81 0 1
370
0.2 0.3500000000000001 0.5
1 82 0 2
371
372
0.147500000942496 0.2909326679415164 0.5
0.1090673320584836 0.2524999990575039 0.5
1 83 0 2
373
374
0.1090697153034918 0.5 0.4474958732573146
0.1475082563682409 0.5 0.4090625662859476
1 84 0 1
375
0.2 0.5 0.3499999999999999
1 85 0 2
376
377
0.1475082563682414 0.5 0.2909374337140527
0.109069715303492 0.5 0.2525041267426857
1 87 0 2
378
379
0.2 0.2524917436317587 0.4090625662859473
0.2 0.2909302846965079 0.4474958732573143
1 88 0 2
380
381
0.2 0.2909302846965082 0.2525041267426854
0.2 0.2524917436317591 0.2909374337140525
1 89 0 2
382
383
0.2 0.409069715303492 0.4474958732573144
0.2 0.4475082563682413 0.4090625662859473
1 90 0 2
384
385
0.2 0.4475082563682412 0.2909374337140526
0.2 0.4090697153034921 0.2525041267426858
1 94 0 2
386
387
0.5 0 0.4000000736365815
0.5 0 0.2999999263634194
1 95 0 2
388
389
0.2999862369332193 0 0.5
0.4000137630667793 0 0.5
1 96 0 2
390
391
0.2524999990575036 0.1090673320584834 0.5
0.2909326679415162 0.1475000009424958 0.5
1 97 0 1
392
0.3500000000000003 0.2 0.5
1 98 0 2
393
394
0.4090673320584837 0.1475000009424959 0.5
0.4475000009424961 0.1090673320584836 0.5
1 99 0 1
395
0.5 0.05166850344966967 0.5
1 100 0 2
396
397
0.2524917436317585 0.2 0.4090625662859472
0.2909302846965077 0.2 0.4474958732573138
1 102 0 2
398
399
0.290930284696508 0.2 0.2525041267426857
0.2524917436317589 0.2 0.2909374337140526
1 103 0 2
400
401
0.4090697153034918 0.2 0.4474958732573146
0.4475082563682409 0.2 0.4090625662859476
1 104 0 1
402
0.5 0.2 0.349999999996651
1 105 0 2
403
404
0.4475082563682413 0.2 0.2909374337140527
0.409069715303492 0.2 0.2525041267426857
1 107 0 2
405
406
0.5 0.109069715303492 0.4474958732573144
0.5 0.1475082563682413 0.4090625662859473
1 108 0 2
407
408
0.5 0.1475082563682412 0.2909374337140526
0.5 0.1090697153034921 0.2525041267426858
1 111 0 2
409
410
0 0.7000137629851072 0.2
0 0.5999862370148943 0.2
1 112 0 1
411
0 0.8 0.1000000000028539
1 113 0 2
412
413
0 0.5989518394999913 0
0 0.7010481604999742 0
1 114 0 1
414
0.05166830706216158 0.7999999999999999 0.2
1 115 0 2
415
416
0.1090673320584835 0.7475000009424962 0.2
0.1475000009424955 0.7090673320584839 0.2
1 116 0 1
417
0.2 0.6500000000000001 0.2
1 117 0 2
418
419
0.1475000009424954 0.590932667941516 0.2
0.1090673320584833 0.5524999990575035 0.2
1 118 0 2
420
421
0.1090697153034922 0.7999999999999999 0.1474958732573141
0.1475082563682412 0.7999999999999999 0.1090625662859474
1 119 0 1
422
0.2 0.7999999999999999 0.05197753303714964
1 120 0 1
423
0.09999999999714729 0.8 0
1 121 0 2
424
425
0.2 0.5999862370148924 0
0.2 0.7000137629851068 0
1 123 0 2
426
427
0.2 0.5524917436317583 0.1090625662859471
0.2 0.5909302846965075 0.1474958732573135
1 124 0 2
428
429
0.2 0.7090697153034925 0.1474958732573136
0.2 0.747508256368242 0.109062566285947
1 126 0 2
430
431
0.2909326679415165 0.2524999990575039 0.2
0.2524999990575043 0.2909326679415162 0.2
1 128 0 2
432
433
0.2524999990575036 0.4090673320584834 0.2
0.2909326679415162 0.4475000009424958 0.2
1 129 0 1
434
0.3499999999969151 0.5 0.2
1 130 0 2
435
436
0.4090673320584837 0.4475000009424959 0.2
0.4475000009424961 0.4090673320584836 0.2
1 131 0 1
437
0.5 0.3499999999999999 0.2
1 132 0 2
438
439
0.447500000942496 0.2909326679415164 0.2
0.4090673320584836 0.2524999990575039 0.2
1 133 0 2
440
441
0.2524917436317585 0.5 0.1090625662859472
0.2909302846965077 0.5 0.1474958732573138
1 135 0 2
442
443
0.4090697153034922 0.5 0.1474958732573141
0.4475082563682412 0.5 0.1090625662859474
1 136 0 1
444
0.5 0.5 0.05198040156836226
1 137 0 2
445
446
0.2999999263634187 0.5 0
0.4000000736365799 0.5 0
1 138 0 2
447
448
0.5 0.2999862370148929 0
0.5 0.4000137629851059 0
1 140 0 2
449
450
0.5 0.2524917436317583 0.1090625662859471
0.5 0.2909302846965076 0.1474958732573135
1 141 0 2
451
452
0.5 0.4090697153034924 0.1474958732573136
0.5 0.447508256368242 0.109062566285947
1 143 0 2
453
454
0.5989518394999914 0 0
0.7010481604999743 0 0
1 144 0 1
455
0.8 0 0.1000000000028538
1 145 0 2
456
457
0.5999862369332188 0 0.2
0.7000137630667801 0 0.2
1 146 0 2
458
459
0.5999999263634185 0.2 0
0.7000000736365806 0.2 0
1 147 0 1
460
0.8 0.09999999999714725 0
1 148 0 1
461
0.7999999999999999 0.05166112819272306 0.2
1 149 0 2
462
463
0.7999999999999999 0.1090697153034924 0.1474958732573136
0.7999999999999999 0.147508256368242 0.109062566285947
1 150 0 1
464
0.7999999999999999 0.2 0.05197753303714964
1 151 0 2
465
466
0.5524999990575042 0.1090673320584838 0.2
0.5909326679415163 0.147500000942496 0.2
1 152 0 1
467
0.6500000000000004 0.2 0.2
1 153 0 2
468
469
0.7090673320584837 0.1475000009424959 0.2
0.7475000009424961 0.1090673320584836 0.2
1 154 0 2
470
471
0.5524917436317585 0.2 0.1090625662859472
0.5909302846965078 0.2 0.1474958732573138
1 155 0 2
472
473
0.7090697153034922 0.2 0.1474958732573141
0.7475082563682413 0.2 0.1090625662859474
1 158 0 1
474
0 0 0.8999999999987774
1 159 0 1
475
0 0.09999999999877794 1
1 160 0 1
476
0 0.2 0.9000000000012218
1 161 0 1
477
0.2 0 0.9000000000028529
1 162 0 1
478
0.09999999999877797 0 1
1 163 0 1
479
0.1000000000012226 0.2 1
1 164 0 1
480
0.2 0.1000000000028539 1
1 165 0 1
481
0.2 0.2 0.948022466962988
1 166 0 2
482
483
0.1475082563682417 0.2 0.890937433714053
0.1090697153034924 0.2 0.8525041267426865
1 167 0 2
484
485
0.2 0.1475082563682415 0.8909374337140528
0.2 0.1090697153034924 0.8525041267426864
1 169 0 2
486
487
0 0.4000137629851075 0.8
0 0.2999862370148932 0.8
1 170 0 2
488
489
0 0.5 0.7000137629837243
0 0.5 0.5999862370162772
1 171 0 1
490
0.05166112819272306 0.5 0.7999999999999999
1 172 0 2
491
492
0.1090673320584836 0.4475000009424962 0.7999999999999999
0.1475000009424955 0.4090673320584839 0.7999999999999999
1 173 0 1
493
0.2 0.35 0.7999999999999999
1 174 0 2
494
495
0.147500000942496 0.2909326679415164 0.7999999999999999
0.1090673320584836 0.2524999990575039 0.7999999999999999
1 175 0 2
496
497
0.1090697153034918 0.5 0.7474958732573147
0.1475082563682409 0.5 0.7090625662859475
1 176 0 1
498
0.2 0.5 0.65
1 177 0 2
499
500
0.1475082563682417 0.5 0.5909374337140529
0.1090697153034925 0.5 0.5525041267426865
1 179 0 2
501
502
0.2 0.2524917436317583 0.7090625662859471
0.2 0.2909302846965075 0.7474958732573135
1 180 0 2
503
504
0.2 0.4090697153034921 0.7474958732573143
0.2 0.4475082563682416 0.7090625662859472
1 181 0 2
505
506
0.2 0.4475082563682415 0.5909374337140528
0.2 0.4090697153034925 0.5525041267426865
1 182 0 2
507
508
0.2 0.2909302846965078 0.552504126742686
0.2 0.2524917436317587 0.5909374337140526
1 186 0 2
509
510
0.5 0 0.7000000736365813
0.5 0 0.5999999263634201
1 187 0 2
511
512
0.2999862369332193 0 0.8
0.4000137630667793 0 0.8
1 188 0 2
513
514
0.2524999990575036 0.1090673320584834 0.7999999999999999
0.2909326679415162 0.1475000009424958 0.7999999999999999
1 189 0 1
515
0.3500000000000698 0.2 0.7999999999999999
1 190 0 2
516
517
0.4090673320584837 0.1475000009424959 0.7999999999999999
0.4475000009424961 0.1090673320584836 0.7999999999999999
1 191 0 1
518
0.5 0.05166112819272306 0.7999999999999999
1 192 0 2
519
520
0.2524917436317584 0.2 0.7090625662859472
0.2909302846965077 0.2 0.7474958732573139
1 194 0 2
521
522
0.4090697153034918 0.2 0.7474958732573147
0.4475082563682409 0.2 0.7090625662859477
1 195 0 1
523
0.5 0.2 0.6499999999966511
1 196 0 2
524
525
0.4475082563682417 0.2 0.5909374337140529
0.4090697153034925 0.2 0.5525041267426865
1 197 0 2
526
527
0.290930284696508 0.2 0.5525041267426857
0.252491743631759 0.2 0.5909374337140525
1 199 0 2
528
529
0.5 0.1090697153034921 0.7474958732573143
0.5 0.1475082563682416 0.7090625662859472
1 200 0 2
530
531
0.5 0.1475082563682416 0.5909374337140528
0.5 0.1090697153034925 0.5525041267426865
1 203 0 2
532
533
0 0.7000137629851072 0.5
0 0.5999862370148943 0.5
1 204 0 2
534
535
0 0.8 0.4000137629837247
0 0.8 0.2999862370162762
1 205 0 1
536
0.05166830706216169 0.7999999999999999 0.5
1 206 0 2
537
538
0.1090673320584835 0.7475000009424962 0.5
0.1475000009424955 0.7090673320584839 0.5
1 207 0 1
539
0.2 0.6500000000000001 0.5
1 208 0 2
540
541
0.1475000009424954 0.590932667941516 0.5
0.1090673320584833 0.5524999990575035 0.5
1 209 0 2
542
543
0.1090697153034918 0.7999999999999999 0.4474958732573146
0.1475082563682409 0.7999999999999999 0.4090625662859476
1 210 0 1
544
0.2 0.7999999999999999 0.35
1 211 0 2
545
546
0.1475082563682414 0.7999999999999999 0.2909374337140527
0.109069715303492 0.7999999999999999 0.2525041267426857
1 213 0 2
547
548
0.2 0.5524917436317587 0.4090625662859473
0.2 0.590930284696508 0.4474958732573143
1 214 0 2
549
550
0.2 0.5909302846965082 0.2525041267426853
0.2 0.552491743631759 0.2909374337140525
1 215 0 2
551
552
0.2 0.7090697153034919 0.4474958732573144
0.2 0.7475082563682414 0.4090625662859473
1 216 0 2
553
554
0.2 0.7475082563682413 0.2909374337140526
0.2 0.7090697153034921 0.2525041267426858
1 221 0 2
555
556
0.2909326679415165 0.2524999990575039 0.5
0.2524999990575043 0.2909326679415162 0.5
1 223 0 2
557
558
0.2524999990575036 0.4090673320584834 0.5
0.2909326679415162 0.4475000009424958 0.5
1 224 0 1
559
0.3500000000000003 0.5 0.5
1 225 0 2
560
561
0.4090673320584837 0.4475000009424959 0.5
0.4475000009424961 0.4090673320584836 0.5
1 226 0 1
562
0.5 0.3500000000000001 0.5
1 227 0 2
563
564
0.447500000942496 0.2909326679415164 0.5
0.4090673320584836 0.2524999990575039 0.5
1 228 0 2
565
566
0.2524917436317585 0.5 0.4090625662859472
0.2909302846965077 0.5 0.4474958732573138
1 230 0 2
567
568
0.290930284696508 0.5 0.2525041267426857
0.2524917436317589 0.5 0.2909374337140526
1 231 0 2
569
570
0.4090697153034918 0.5 0.4474958732573146
0.4475082563682409 0.5 0.4090625662859476
1 232 0 1
571
0.5 0.5 0.3499999999999999
1 233 0 2
572
573
0.4475082563682413 0.5 0.2909374337140527
0.409069715303492 0.5 0.2525041267426857
1 236 0 2
574
575
0.5 0.2524917436317587 0.4090625662859473
0.5 0.2909302846965079 0.4474958732573143
1 237 0 2
576
577
0.5 0.2909302846965082 0.2525041267426854
0.5 0.2524917436317591 0.2909374337140525
1 238 0 2
578
579
0.5 0.409069715303492 0.4474958732573144
0.5 0.4475082563682413 0.4090625662859473
1 239 0 2
580
581
0.5 0.4475082563682412 0.2909374337140526
0.5 0.4090697153034921 0.2525041267426858
1 243 0 2
582
583
0.8 0 0.4000000736365815
0.8 0 0.2999999263634194
1 244 0 2
584
585
0.5999862369332188 0 0.5
0.7000137630667801 0 0.5
1 245 0 2
586
587
0.5524999990575042 0.1090673320584838 0.5
0.5909326679415163 0.147500000942496 0.5
1 246 0 1
588
0.6500000000000005 0.2 0.5
1 247 0 2
589
590
0.7090673320584837 0.1475000009424959 0.5
0.7475000009424961 0.1090673320584836 0.5
1 248 0 1
591
0.7999999999999999 0.05166830706216169 0.5
1 249 0 2
592
593
0.5524917436317585 0.2 0.4090625662859472
0.5909302846965078 0.2 0.4474958732573138
1 251 0 2
594
595
0.590930284696508 0.2 0.2525041267426857
0.5524917436317589 0.2 0.2909374337140526
1 252 0 2
596
597
0.7090697153034918 0.2 0.4474958732573146
0.747508256368241 0.2 0.4090625662859475
1 253 0 1
598
0.7999999999999999 0.2 0.349999999996416
1 254 0 2
599
600
0.7475082563682415 0.2 0.2909374337140527
0.7090697153034922 0.2 0.2525041267426859
1 256 0 2
601
602
0.7999999999999999 0.109069715303492 0.4474958732573144
0.7999999999999999 0.1475082563682413 0.4090625662859473
1 257 0 2
603
604
0.7999999999999999 0.1475082563682412 0.2909374337140526
0.7999999999999999 0.1090697153034921 0.2525041267426858
1 260 0 1
605
0 0.9000000000028529 0.2
1 261 0 1
606
0 1 0.09999999999996839
1 262 0 1
607
0 0.8999999999999689 0
1 263 0 1
608
0.1000000000028538 1 0.2
1 264 0 1
609
0.2 0.9483388718072769 0.2
1 265 0 2
610
611
0.1475000009424954 0.890932667941516 0.2
0.1090673320584834 0.8524999990575035 0.2
1 266 0 1
612
0.09999999999877796 1 0
1 267 0 1
613
0.2 1 0.09999999999877823
1 268 0 1
614
0.2 0.8999999999987774 0
1 270 0 2
615
616
0.2 0.8524917436317584 0.1090625662859471
0.2 0.8909302846965076 0.1474958732573136
1 271 0 2
617
618
0.2909326679415163 0.5524999990575041 0.2
0.2524999990575037 0.5909326679415166 0.2
1 273 0 2
619
620
0.2524999990575036 0.7090673320584835 0.2
0.2909326679415163 0.7475000009424959 0.2
1 274 0 1
621
0.3499999999969151 0.7999999999999999 0.2
1 275 0 2
622
623
0.4090673320584835 0.7475000009424962 0.2
0.4475000009424954 0.7090673320584839 0.2
1 276 0 1
624
0.5 0.6500000000000001 0.2
1 277 0 2
625
626
0.447500000942496 0.5909326679415163 0.2
0.4090673320584836 0.5524999990575039 0.2
1 278 0 2
627
628
0.2524917436317585 0.8 0.1090625662859472
0.2909302846965077 0.8 0.1474958732573138
1 280 0 2
629
630
0.4090697153034922 0.7999999999999999 0.1474958732573141
0.4475082563682412 0.7999999999999999 0.1090625662859474
1 281 0 1
631
0.5 0.7999999999999999 0.05197753303714964
1 282 0 2
632
633
0.2999999263634187 0.8 0
0.4000000736365799 0.8 0
1 283 0 2
634
635
0.5 0.5999862370148924 0
0.5 0.7000137629851068 0
1 285 0 2
636
637
0.5 0.5524917436317583 0.1090625662859471
0.5 0.5909302846965075 0.1474958732573135
1 286 0 2
638
639
0.5 0.7090697153034925 0.1474958732573136
0.5 0.747508256368242 0.109062566285947
1 288 0 2
640
641
0.5909326679415164 0.2524999990575039 0.2
0.5524999990575041 0.2909326679415163 0.2
1 290 0 2
642
643
0.5524999990575042 0.4090673320584838 0.2
0.5909326679415163 0.447500000942496 0.2
1 291 0 1
644
0.6499999999969153 0.5 0.2
1 292 0 2
645
646
0.7090673320584837 0.4475000009424959 0.2
0.7475000009424961 0.4090673320584836 0.2
1 293 0 1
647
0.7999999999999999 0.3499999999999999 0.2
1 294 0 2
648
649
0.747500000942496 0.2909326679415164 0.2
0.7090673320584836 0.2524999990575039 0.2
1 295 0 2
650
651
0.5524917436317585 0.5 0.1090625662859472
0.5909302846965078 0.5 0.1474958732573138
1 297 0 2
652
653
0.7090697153034922 0.5 0.1474958732573141
0.7475082563682413 0.5 0.1090625662859474
1 298 0 1
654
0.7999999999999999 0.5 0.05197753303714964
1 299 0 2
655
656
0.5999999263634185 0.5 0
0.7000000736365806 0.5 0
1 300 0 2
657
658
0.8 0.2999862370148929 0
0.8 0.4000137629851059 0
1 302 0 2
659
660
0.7999999999999999 0.2524917436317583 0.1090625662859471
0.7999999999999999 0.2909302846965076 0.1474958732573135
1 303 0 2
661
662
0.7999999999999999 0.4090697153034924 0.1474958732573136
0.7999999999999999 0.447508256368242 0.109062566285947
1 305 0 1
663
0.8999999999999689 0 0
1 306 0 1
664
1 0 0.09999999999877794
1 307 0 1
665
0.8999999999971461 0 0.2
1 308 0 1
666
0.8999999999971461 0.2 0
1 309 0 1
667
1 0.09999999999877793 0
1 310 0 1
668
1 0.09999999999714725 0.2
1 311 0 1
669
1 0.2 0.09999999999714725
1 312 0 2
670
671
0.8524999990575042 0.1090673320584837 0.2
0.8909326679415164 0.1475000009424959 0.2
1 313 0 1
672
0.9483388718072772 0.2 0.2
1 314 0 2
673
674
0.8524917436317585 0.2 0.1090625662859472
0.8909302846965078 0.2 0.1474958732573139
1 316 0 2
675
676
0 0.3000006042619062 1
0 0.3999993957380588 1
1 317 0 1
677
0 0.5 0.9000000000012218
1 318 0 1
678
0.1000000000012226 0.5 1
1 319 0 2
679
680
0.2 0.4000000736365815 1
0.2 0.2999999263634194 1
1 320 0 1
681
0.2 0.5 0.9480224669628503
1 321 0 2
682
683
0.1475082563682417 0.5 0.890937433714053
0.1090697153034924 0.5 0.8525041267426865
1 322 0 2
684
685
0.2 0.4475082563682414 0.8909374337140528
0.2 0.4090697153034923 0.8525041267426864
1 323 0 2
686
687
0.2 0.2909302846965082 0.8525041267426854
0.2 0.2524917436317591 0.8909374337140525
1 326 0 1
688
0.5 0 0.9000000000028529
1 327 0 2
689
690
0.3000006042619062 0 1
0.3999993957380589 0 1
1 328 0 2
691
692
0.4000137630681639 0.2 1
0.2999862369318369 0.2 1
1 329 0 1
693
0.5 0.1000000000028539 1
1 330 0 1
694
0.5 0.2 0.9480224669628503
1 331 0 2
695
696
0.4475082563682417 0.2 0.890937433714053
0.4090697153034924 0.2 0.8525041267426865
1 332 0 2
697
698
0.290930284696508 0.2 0.8525041267426857
0.252491743631759 0.2 0.8909374337140525
1 334 0 2
699
700
0.5 0.1475082563682415 0.8909374337140528
0.5 0.1090697153034924 0.8525041267426864
1 336 0 2
701
702
0 0.7000137629851072 0.8
0 0.5999862370148943 0.8
1 337 0 2
703
704
0 0.8 0.7000137629837243
0 0.8 0.5999862370162772
1 338 0 1
705
0.05166112819272306 0.7999999999999999 0.7999999999999999
1 339 0 2
706
707
0.1090673320584835 0.7475000009424962 0.7999999999999999
0.1475000009424955 0.7090673320584839 0.7999999999999999
1 340 0 1
708
0.2 0.6500000000000001 0.7999999999999999
1 341 0 2
709
710
0.1475000009424954 0.590932667941516 0.7999999999999999
0.1090673320584833 0.5524999990575035 0.7999999999999999
1 342 0 2
711
712
0.1090697153034918 0.7999999999999999 0.7474958732573147
0.1475082563682409 0.7999999999999999 0.7090625662859475
1 343 0 1
713
0.2 0.7999999999999999 0.65
1 344 0 2
714
715
0.1475082563682417 0.7999999999999999 0.5909374337140529
0.1090697153034925 0.7999999999999999 0.5525041267426865
1 346 0 2
716
717
0.2 0.5524917436317583 0.7090625662859471
0.2 0.5909302846965074 0.7474958732573135
1 347 0 2
718
719
0.2 0.5909302846965078 0.552504126742686
0.2 0.5524917436317588 0.5909374337140526
1 348 0 2
720
721
0.2 0.7090697153034922 0.7474958732573143
0.2 0.7475082563682417 0.7090625662859472
1 349 0 2
722
723
0.2 0.7475082563682417 0.5909374337140528
0.2 0.7090697153034925 0.5525041267426866
1 353 0 2
724
725
0.2909326679415165 0.2524999990575039 0.7999999999999999
0.2524999990575043 0.2909326679415162 0.7999999999999999
1 355 0 2
726
727
0.2524999990575036 0.4090673320584834 0.7999999999999999
0.2909326679415162 0.4475000009424958 0.7999999999999999
1 356 0 1
728
0.3500000000000002 0.5 0.7999999999999999
1 357 0 2
729
730
0.4090673320584837 0.4475000009424959 0.7999999999999999
0.4475000009424961 0.4090673320584836 0.7999999999999999
1 358 0 1
731
0.5 0.3499999999968503 0.7999999999999999
1 359 0 2
732
733
0.447500000942496 0.2909326679415164 0.7999999999999999
0.4090673320584836 0.2524999990575039 0.7999999999999999
1 360 0 2
734
735
0.2524917436317584 0.5 0.7090625662859472
0.2909302846965077 0.5 0.7474958732573139
1 362 0 2
736
737
0.4090697153034918 0.5 0.7474958732573147
0.4475082563682409 0.5 0.7090625662859477
1 363 0 1
738
0.5 0.5 0.65
1 364 0 2
739
740
0.4475082563682417 0.5 0.5909374337140529
0.4090697153034925 0.5 0.5525041267426865
1 365 0 2
741
742
0.290930284696508 0.5 0.5525041267426857
0.252491743631759 0.5 0.5909374337140525
1 369 0 2
743
744
0.5 0.2524917436317583 0.7090625662859471
0.5 0.2909302846965075 0.7474958732573135
1 370 0 2
745
746
0.5 0.4090697153034921 0.7474958732573143
0.5 0.4475082563682416 0.7090625662859472
1 371 0 2
747
748
0.5 0.4475082563682415 0.5909374337140528
0.5 0.4090697153034925 0.5525041267426865
1 372 0 2
749
750
0.5 0.2909302846965078 0.552504126742686
0.5 0.2524917436317587 0.5909374337140526
1 376 0 2
751
752
0.8 0 0.7000000736365813
0.8 0 0.5999999263634201
1 377 0 2
753
754
0.5999862369332188 0 0.8
0.7000137630667801 0 0.8
1 378 0 2
755
756
0.5524999990575042 0.1090673320584838 0.7999999999999999
0.5909326679415163 0.147500000942496 0.7999999999999999
1 379 0 1
757
0.6500000000000701 0.2 0.7999999999999999
1 380 0 2
758
759
0.7090673320584837 0.1475000009424959 0.7999999999999999
0.7475000009424961 0.1090673320584836 0.7999999999999999
1 381 0 1
760
0.7999999999999999 0.05166112819272306 0.7999999999999999
1 382 0 2
761
762
0.5524917436317585 0.2 0.7090625662859472
0.5909302846965078 0.2 0.7474958732573139
1 384 0 2
763
764
0.590930284696508 0.2 0.5525041267426857
0.5524917436317589 0.2 0.5909374337140525
1 385 0 2
765
766
0.7090697153034919 0.2 0.7474958732573146
0.747508256368241 0.2 0.7090625662859475
1 386 0 1
767
0.7999999999999999 0.2 0.6499999999964161
1 387 0 2
768
769
0.7475082563682418 0.2 0.5909374337140529
0.7090697153034926 0.2 0.5525041267426866
1 389 0 2
770
771
0.7999999999999999 0.1090697153034921 0.7474958732573143
0.7999999999999999 0.1475082563682416 0.7090625662859472
1 390 0 2
772
773
0.7999999999999999 0.1475082563682416 0.5909374337140528
0.7999999999999999 0.1090697153034925 0.5525041267426865
1 393 0 1
774
0 0.9000000000028529 0.5
1 394 0 2
775
776
0 1 0.2989518394999909
0 1 0.401048160499973
1 395 0 1
777
0.1000000000028538 1 0.5
1 396 0 1
778
0.2 0.9483388718072769 0.5
1 397 0 2
779
780
0.1475000009424954 0.890932667941516 0.5
0.1090673320584834 0.8524999990575035 0.5
1 398 0 2
781
782
0.2 1 0.2999862369332193
0.2 1 0.4000137630667793
1 400 0 2
783
784
0.2 0.8524917436317587 0.4090625662859473
0.2 0.890930284696508 0.4474958732573143
1 401 0 2
785
786
0.2 0.8909302846965083 0.2525041267426854
0.2 0.8524917436317591 0.2909374337140525
1 404 0 2
787
788
0.2909326679415163 0.5524999990575041 0.5
0.2524999990575037 0.5909326679415166 0.5
1 406 0 2
789
790
0.2524999990575036 0.7090673320584835 0.5
0.2909326679415163 0.7475000009424959 0.5
1 407 0 1
791
0.3499999999969153 0.7999999999999999 0.5
1 408 0 2
792
793
0.4090673320584835 0.7475000009424962 0.5
0.4475000009424954 0.7090673320584839 0.5
1 409 0 1
794
0.5 0.6500000000000002 0.5
1 410 0 2
795
796
0.447500000942496 0.5909326679415163 0.5
0.4090673320584836 0.5524999990575039 0.5
1 411 0 2
797
798
0.2524917436317585 0.8 0.4090625662859472
0.2909302846965077 0.8 0.4474958732573138
1 413 0 2
799
800
0.290930284696508 0.8 0.2525041267426857
0.2524917436317589 0.8 0.2909374337140526
1 414 0 2
801
802
0.4090697153034918 0.7999999999999999 0.4474958732573146
0.4475082563682409 0.7999999999999999 0.4090625662859476
1 415 0 1
803
0.5 0.7999999999999999 0.3499999999999999
1 416 0 2
804
805
0.4475082563682413 0.7999999999999999 0.2909374337140527
0.409069715303492 0.7999999999999999 0.2525041267426857
1 419 0 2
806
807
0.5 0.5524917436317587 0.4090625662859473
0.5 0.590930284696508 0.4474958732573143
1 420 0 2
808
809
0.5 0.5909302846965082 0.2525041267426853
0.5 0.552491743631759 0.2909374337140525
1 421 0 2
810
811
0.5 0.7090697153034919 0.4474958732573144
0.5 0.7475082563682414 0.4090625662859473
1 422 0 2
812
813
0.5 0.7475082563682413 0.2909374337140526
0.5 0.7090697153034921 0.2525041267426858
1 427 0 2
814
815
0.5909326679415164 0.2524999990575039 0.5
0.5524999990575041 0.2909326679415163 0.5
1 429 0 2
816
817
0.5524999990575042 0.4090673320584838 0.5
0.5909326679415163 0.447500000942496 0.5
1 430 0 1
818
0.6500000000000005 0.5 0.5
1 431 0 2
819
820
0.7090673320584837 0.4475000009424959 0.5
0.7475000009424961 0.4090673320584836 0.5
1 432 0 1
821
0.7999999999999999 0.3500000000031498 0.5
1 433 0 2
822
823
0.747500000942496 0.2909326679415164 0.5
0.7090673320584836 0.2524999990575039 0.5
1 434 0 2
824
825
0.5524917436317585 0.5 0.4090625662859472
0.5909302846965078 0.5 0.4474958732573138
1 436 0 2
826
827
0.590930284696508 0.5 0.2525041267426857
0.5524917436317589 0.5 0.2909374337140526
1 437 0 2
828
829
0.7090697153034918 0.5 0.4474958732573146
0.747508256368241 0.5 0.4090625662859475
1 438 0 1
830
0.7999999999999999 0.5 0.3499999999965802
1 439 0 2
831
832
0.7475082563682415 0.5 0.2909374337140527
0.7090697153034922 0.5 0.2525041267426859
1 442 0 2
833
834
0.7999999999999999 0.2524917436317587 0.4090625662859473
0.7999999999999999 0.2909302846965079 0.4474958732573143
1 443 0 2
835
836
0.7999999999999999 0.2909302846965082 0.2525041267426854
0.7999999999999999 0.2524917436317591 0.2909374337140525
1 444 0 2
837
838
0.7999999999999999 0.409069715303492 0.4474958732573144
0.7999999999999999 0.4475082563682413 0.4090625662859473
1 445 0 2
839
840
0.7999999999999999 0.4475082563682412 0.2909374337140526
0.7999999999999999 0.4090697153034921 0.2525041267426858
1 449 0 2
841
842
1 0 0.3000006042619062
1 0 0.3999993957380589
1 450 0 1
843
0.8999999999971461 0 0.5
1 451 0 2
844
845
0.8524999990575042 0.1090673320584837 0.5
0.8909326679415164 0.1475000009424959 0.5
1 452 0 1
846
0.9483388718072772 0.2 0.5
1 453 0 1
847
1 0.09999999999714725 0.5
1 454 0 2
848
849
0.8524917436317585 0.2 0.4090625662859472
0.8909302846965078 0.2 0.4474958732573139
1 456 0 2
850
851
0.890930284696508 0.2 0.2525041267426857
0.8524917436317591 0.2 0.2909374337140525
1 457 0 2
852
853
1 0.2 0.2999999263634188
1 0.2 0.40000007363658
1 459 0 2
854
855
0.2909326679415163 0.8524999990575042 0.2
0.2524999990575036 0.8909326679415166 0.2
1 461 0 2
856
857
0.4000000736365815 1 0.2
0.2999999263634194 1 0.2
1 462 0 1
858
0.5 0.9483388718072769 0.2
1 463 0 2
859
860
0.447500000942496 0.8909326679415164 0.2
0.4090673320584836 0.852499999057504 0.2
1 464 0 2
861
862
0.3000006042619062 1 0
0.3999993957380589 1 0
1 465 0 1
863
0.5 1 0.09999999999877823
1 466 0 1
864
0.5 0.8999999999987774 0
1 468 0 2
865
866
0.5 0.8524917436317584 0.1090625662859471
0.5 0.8909302846965076 0.1474958732573136
1 469 0 2
867
868
0.5909326679415164 0.5524999990575039 0.2
0.5524999990575041 0.5909326679415162 0.2
1 471 0 2
869
870
0.5524999990575037 0.7090673320584835 0.2
0.5909326679415163 0.7475000009424959 0.2
1 472 0 1
871
0.6499999999969154 0.7999999999999999 0.2
1 473 0 2
872
873
0.7090673320584837 0.7475000009424959 0.2
0.747500000942496 0.7090673320584837 0.2
1 474 0 1
874
0.7999999999999999 0.6500000000000001 0.2
1 475 0 2
875
876
0.747500000942496 0.5909326679415163 0.2
0.7090673320584836 0.5524999990575039 0.2
1 476 0 2
877
878
0.5524917436317585 0.8 0.1090625662859472
0.5909302846965078 0.8 0.1474958732573138
1 478 0 2
879
880
0.7090697153034922 0.7999999999999999 0.1474958732573141
0.7475082563682413 0.7999999999999999 0.1090625662859474
1 479 0 1
881
0.7999999999999999 0.7999999999999999 0.05197753303701186
1 480 0 2
882
883
0.5999999263634185 0.8 0
0.7000000736365806 0.8 0
1 481 0 2
884
885
0.8 0.5999862370148924 0
0.8 0.7000137629851068 0
1 483 0 2
886
887
0.7999999999999999 0.5524917436317583 0.1090625662859471
0.7999999999999999 0.5909302846965075 0.1474958732573135
1 484 0 2
888
889
0.7999999999999999 0.7090697153034925 0.1474958732573136
0.7999999999999999 0.747508256368242 0.109062566285947
1 486 0 2
890
891
0.8909326679415164 0.252499999057504 0.2
0.8524999990575042 0.2909326679415163 0.2
1 488 0 2
892
893
0.8524999990575042 0.4090673320584837 0.2
0.8909326679415164 0.4475000009424959 0.2
1 489 0 1
894
0.9483388718072772 0.5 0.2
1 490 0 2
895
896
1 0.2999999263634187 0.2
1 0.4000000736365799 0.2
1 491 0 2
897
898
0.8524917436317585 0.5 0.1090625662859472
0.8909302846965078 0.5 0.1474958732573139
1 493 0 1
899
1 0.5 0.09999999999714725
1 494 0 1
900
0.8999999999971461 0.5 0
1 495 0 2
901
902
1 0.3000006042619062 0
1 0.3999993957380589 0
1 496 0 2
903
904
0 0.6000006042619057 1
0 0.6999993957380597 1
1 497 0 1
905
0 0.8 0.9000000000012218
1 498 0 1
906
0.1000000000012226 0.8 1
1 499 0 2
907
908
0.2 0.7000000736365813 1
0.2 0.5999999263634201 1
1 500 0 1
909
0.2 0.7999999999999999 0.9480224669628503
1 501 0 2
910
911
0.1475082563682417 0.7999999999999999 0.890937433714053
0.1090697153034924 0.7999999999999999 0.8525041267426865
1 502 0 2
912
913
0.2 0.7475082563682416 0.8909374337140528
0.2 0.7090697153034924 0.8525041267426864
1 503 0 2
914
915
0.2 0.5909302846965082 0.8525041267426854
0.2 0.552491743631759 0.8909374337140525
1 506 0 2
916
917
0.4000137630681639 0.5 1
0.2999862369318369 0.5 1
1 507 0 2
918
919
0.5 0.4000000736365815 1
0.5 0.2999999263634194 1
1 508 0 1
920
0.5 0.5 0.9480195984316377
1 509 0 2
921
922
0.4475082563682417 0.5 0.890937433714053
0.4090697153034924 0.5 0.8525041267426865
1 510 0 2
923
924
0.290930284696508 0.5 0.8525041267426857
0.252491743631759 0.5 0.8909374337140525
1 513 0 2
925
926
0.5 0.4475082563682414 0.8909374337140528
0.5 0.4090697153034923 0.8525041267426864
1 514 0 2
927
928
0.5 0.2909302846965082 0.8525041267426854
0.5 0.2524917436317591 0.8909374337140525
1 517 0 1
929
0.8 0 0.9000000000028529
1 518 0 2
930
931
0.6000006042619058 0 1
0.6999993957380598 0 1
1 519 0 2
932
933
0.7000137630681638 0.2 1
0.5999862369318378 0.2 1
1 520 0 1
934
0.8 0.1000000000028539 1
1 521 0 1
935
0.7999999999999999 0.2 0.9480224669628503
1 522 0 2
936
937
0.7475082563682418 0.2 0.890937433714053
0.7090697153034925 0.2 0.8525041267426865
1 523 0 2
938
939
0.590930284696508 0.2 0.8525041267426857
0.5524917436317589 0.2 0.8909374337140525
1 525 0 2
940
941
0.7999999999999999 0.1475082563682415 0.8909374337140528
0.7999999999999999 0.1090697153034924 0.8525041267426864
1 527 0 1
942
0 0.9000000000028529 0.8
1 528 0 2
943
944
0 1 0.5989518394999914
0 1 0.7010481604999743
1 529 0 1
945
0.1000000000028538 1 0.8
1 530 0 1
946
0.2 0.9483388718072769 0.7999999999999999
1 531 0 2
947
948
0.1475000009424954 0.890932667941516 0.7999999999999999
0.1090673320584834 0.8524999990575035 0.7999999999999999
1 532 0 2
949
950
0.2 1 0.5999862369332188
0.2 1 0.7000137630667801
1 534 0 2
951
952
0.2 0.8524917436317583 0.7090625662859471
0.2 0.8909302846965075 0.7474958732573135
1 535 0 2
953
954
0.2 0.8909302846965078 0.552504126742686
0.2 0.8524917436317588 0.5909374337140526
1 538 0 2
955
956
0.2909326679415163 0.5524999990575041 0.7999999999999999
0.2524999990575037 0.5909326679415166 0.7999999999999999
1 540 0 2
957
958
0.2524999990575036 0.7090673320584835 0.7999999999999999
0.2909326679415163 0.7475000009424959 0.7999999999999999
1 541 0 1
959
0.3500000000000002 0.7999999999999999 0.7999999999999999
1 542 0 2
960
961
0.4090673320584835 0.7475000009424962 0.7999999999999999
0.4475000009424954 0.7090673320584839 0.7999999999999999
1 543 0 1
962
0.5 0.6499999999968504 0.7999999999999999
1 544 0 2
963
964
0.447500000942496 0.5909326679415163 0.7999999999999999
0.4090673320584836 0.5524999990575039 0.7999999999999999
1 545 0 2
965
966
0.2524917436317584 0.8 0.7090625662859472
0.2909302846965077 0.8 0.7474958732573139
1 547 0 2
967
968
0.4090697153034918 0.7999999999999999 0.7474958732573147
0.4475082563682409 0.7999999999999999 0.7090625662859477
1 548 0 1
969
0.5 0.7999999999999999 0.65
1 549 0 2
970
971
0.4475082563682417 0.7999999999999999 0.5909374337140529
0.4090697153034925 0.7999999999999999 0.5525041267426865
1 550 0 2
972
973
0.290930284696508 0.8 0.5525041267426857
0.252491743631759 0.8 0.5909374337140525
1 553 0 2
974
975
0.5 0.5524917436317583 0.7090625662859471
0.5 0.5909302846965074 0.7474958732573135
1 554 0 2
976
977
0.5 0.5909302846965078 0.552504126742686
0.5 0.5524917436317588 0.5909374337140526
1 555 0 2
978
979
0.5 0.7090697153034922 0.7474958732573143
0.5 0.7475082563682417 0.7090625662859472
1 556 0 2
980
981
0.5 0.7475082563682417 0.5909374337140528
0.5 0.7090697153034925 0.5525041267426866
1 560 0 2
982
983
0.5909326679415164 0.2524999990575039 0.7999999999999999
0.5524999990575041 0.2909326679415163 0.7999999999999999
1 562 0 2
984
985
0.5524999990575042 0.4090673320584838 0.7999999999999999
0.5909326679415163 0.447500000942496 0.7999999999999999
1 563 0 1
986
0.6500000000000004 0.5 0.7999999999999999
1 564 0 2
987
988
0.7090673320584837 0.4475000009424959 0.7999999999999999
0.7475000009424961 0.4090673320584836 0.7999999999999999
1 565 0 1
989
0.7999999999999999 0.3499999999999999 0.7999999999999999
1 566 0 2
990
991
0.747500000942496 0.2909326679415164 0.7999999999999999
0.7090673320584836 0.2524999990575039 0.7999999999999999
1 567 0 2
992
993
0.5524917436317583 0.5 0.7090625662859472
0.5909302846965078 0.5 0.7474958732573139
1 569 0 2
994
995
0.590930284696508 0.5 0.5525041267426857
0.5524917436317589 0.5 0.5909374337140525
1 570 0 2
996
997
0.7090697153034919 0.5 0.7474958732573146
0.747508256368241 0.5 0.7090625662859475
1 571 0 1
998
0.7999999999999999 0.5 0.6499999999965803
1 572 0 2
999
1000
0.7475082563682418 0.5 0.5909374337140529
0.7090697153034926 0.5 0.5525041267426866
1 576 0 2
1001
1002
0.7999999999999999 0.2524917436317583 0.7090625662859471
0.7999999999999999 0.2909302846965075 0.7474958732573135
1 577 0 2
1003
1004
0.7999999999999999 0.4090697153034921 0.7474958732573143
0.7999999999999999 0.4475082563682416 0.7090625662859472
1 578 0 2
1005
1006
0.7999999999999999 0.4475082563682415 0.5909374337140528
0.7999999999999999 0.4090697153034925 0.5525041267426865
1 579 0 2
1007
1008
0.7999999999999999 0.2909302846965078 0.552504126742686
0.7999999999999999 0.2524917436317587 0.5909374337140526
1 583 0 2
1009
1010
1 0 0.6000006042619058
1 0 0.6999993957380598
1 584 0 1
1011
0.8999999999971461 0 0.8
1 585 0 2
1012
1013
0.8524999990575042 0.1090673320584837 0.7999999999999999
0.8909326679415164 0.1475000009424959 0.7999999999999999
1 586 0 1
1014
0.9483388718072772 0.2 0.7999999999999999
1 587 0 1
1015
1 0.09999999999714725 0.8
1 588 0 2
1016
1017
0.8524917436317584 0.2 0.7090625662859472
0.8909302846965078 0.2 0.7474958732573139
1 590 0 2
1018
1019
0.890930284696508 0.2 0.5525041267426857
0.8524917436317589 0.2 0.5909374337140525
1 591 0 2
1020
1021
1 0.2 0.5999999263634185
1 0.2 0.7000000736365806
1 594 0 2
1022
1023
0.2909326679415163 0.8524999990575042 0.5
0.2524999990575036 0.8909326679415166 0.5
1 596 0 2
1024
1025
0.4000000736365815 1 0.5
0.2999999263634194 1 0.5
1 597 0 1
1026
0.5 0.9483314965503304 0.5
1 598 0 2
1027
1028
0.447500000942496 0.8909326679415164 0.5
0.4090673320584836 0.852499999057504 0.5
1 599 0 2
1029
1030
0.5 1 0.2999862369332193
0.5 1 0.4000137630667793
1 600 0 2
1031
1032
0.5 0.8909302846965083 0.2525041267426854
0.5 0.8524917436317591 0.2909374337140525
1 601 0 2
1033
1034
0.5 0.8524917436317587 0.4090625662859473
0.5 0.890930284696508 0.4474958732573143
1 605 0 2
1035
1036
0.5909326679415164 0.5524999990575039 0.5
0.5524999990575041 0.5909326679415162 0.5
1 607 0 2
1037
1038
0.5524999990575037 0.7090673320584835 0.5
0.5909326679415163 0.7475000009424959 0.5
1 608 0 1
1039
0.6499999999969155 0.7999999999999999 0.5
1 609 0 2
1040
1041
0.7090673320584837 0.7475000009424959 0.5
0.747500000942496 0.7090673320584837 0.5
1 610 0 1
1042
0.7999999999999999 0.6500000000031501 0.5
1 611 0 2
1043
1044
0.747500000942496 0.5909326679415163 0.5
0.7090673320584836 0.5524999990575039 0.5
1 612 0 2
1045
1046
0.5524917436317585 0.8 0.4090625662859472
0.5909302846965078 0.8 0.4474958732573138
1 614 0 2
1047
1048
0.590930284696508 0.8 0.2525041267426857
0.5524917436317589 0.8 0.2909374337140526
1 615 0 2
1049
1050
0.7090697153034918 0.7999999999999999 0.4474958732573146
0.747508256368241 0.7999999999999999 0.4090625662859475
1 616 0 1
1051
0.7999999999999999 0.7999999999999999 0.3499999999999999
1 617 0 2
1052
1053
0.7475082563682415 0.7999999999999999 0.2909374337140527
0.7090697153034922 0.7999999999999999 0.2525041267426859
1 620 0 2
1054
1055
0.7999999999999999 0.5524917436317587 0.4090625662859473
0.7999999999999999 0.590930284696508 0.4474958732573143
1 621 0 2
1056
1057
0.7999999999999999 0.5909302846965082 0.2525041267426853
0.7999999999999999 0.552491743631759 0.2909374337140525
1 622 0 2
1058
1059
0.7999999999999999 0.7090697153034919 0.4474958732573144
0.7999999999999999 0.7475082563682414 0.4090625662859473
1 623 0 2
1060
1061
0.7999999999999999 0.7475082563682413 0.2909374337140526
0.7999999999999999 0.7090697153034921 0.2525041267426858
1 628 0 2
1062
1063
0.8909326679415164 0.252499999057504 0.5
0.8524999990575042 0.2909326679415163 0.5
1 630 0 2
1064
1065
0.8524999990575042 0.4090673320584837 0.5
0.8909326679415164 0.4475000009424959 0.5
1 631 0 1
1066
0.9483314965503306 0.5 0.5
1 632 0 2
1067
1068
1 0.2999999263634187 0.5
1 0.4000000736365799 0.5
1 633 0 2
1069
1070
0.8524917436317585 0.5 0.4090625662859472
0.8909302846965078 0.5 0.4474958732573139
1 635 0 2
1071
1072
0.890930284696508 0.5 0.2525041267426857
0.8524917436317591 0.5 0.2909374337140525
1 636 0 2
1073
1074
1 0.5 0.2999999263634188
1 0.5 0.40000007363658
1 638 0 2
1075
1076
0.5909326679415164 0.852499999057504 0.2
0.5524999990575042 0.8909326679415163 0.2
1 640 0 2
1077
1078
0.7000000736365813 1 0.2
0.5999999263634201 1 0.2
1 641 0 1
1079
0.7999999999999999 0.9483388718074202 0.2
1 642 0 2
1080
1081
0.747500000942496 0.8909326679415164 0.2
0.7090673320584836 0.852499999057504 0.2
1 643 0 2
1082
1083
0.6000006042619058 1 0
0.6999993957380598 1 0
1 644 0 1
1084
0.8 1 0.09999999999877823
1 645 0 1
1085
0.8 0.8999999999987774 0
1 647 0 2
1086
1087
0.7999999999999999 0.8524917436317584 0.1090625662859471
0.7999999999999999 0.8909302846965076 0.1474958732573136
1 648 0 2
1088
1089
0.8909326679415165 0.5524999990575039 0.2
0.8524999990575041 0.5909326679415163 0.2
1 650 0 2
1090
1091
0.8524999990575042 0.7090673320584838 0.2
0.8909326679415164 0.747500000942496 0.2
1 651 0 1
1092
0.9483388718074204 0.7999999999999999 0.2
1 652 0 2
1093
1094
1 0.5999999263634185 0.2
1 0.7000000736365806 0.2
1 653 0 2
1095
1096
0.8524917436317585 0.8 0.1090625662859472
0.8909302846965078 0.8 0.1474958732573139
1 655 0 1
1097
1 0.8 0.09999999999714725
1 656 0 1
1098
0.8999999999971461 0.8 0
1 657 0 2
1099
1100
1 0.6000006042619057 0
1 0.6999993957380598 0
1 658 0 1
1101
0 0.8999999999987774 1
1 659 0 1
1102
0 1 0.8999999999999689
1 660 0 1
1103
0.09999999999877794 1 1
1 661 0 1
1104
0.2 0.9000000000028527 1
1 662 0 1
1105
0.2 1 0.8999999999971461
1 663 0 2
1106
1107
0.2 0.8909302846965083 0.8525041267426854
0.2 0.8524917436317591 0.8909374337140525
1 665 0 2
1108
1109
0.4000137630681639 0.8 1
0.2999862369318369 0.8 1
1 666 0 2
1110
1111
0.5 0.7000000736365813 1
0.5 0.5999999263634201 1
1 667 0 1
1112
0.5 0.7999999999999999 0.9480224669628503
1 668 0 2
1113
1114
0.4475082563682417 0.7999999999999999 0.890937433714053
0.4090697153034924 0.7999999999999999 0.8525041267426865
1 669 0 2
1115
1116
0.290930284696508 0.8 0.8525041267426857
0.252491743631759 0.8 0.8909374337140525
1 672 0 2
1117
1118
0.5 0.7475082563682416 0.8909374337140528
0.5 0.7090697153034924 0.8525041267426864
1 673 0 2
1119
1120
0.5 0.5909302846965082 0.8525041267426854
0.5 0.552491743631759 0.8909374337140525
1 676 0 2
1121
1122
0.7000137630681638 0.5 1
0.5999862369318378 0.5 1
1 677 0 2
1123
1124
0.8 0.4000000736365815 1
0.8 0.2999999263634194 1
1 678 0 1
1125
0.7999999999999999 0.5 0.9480197598489504
1 679 0 2
1126
1127
0.7475082563682418 0.5 0.890937433714053
0.7090697153034925 0.5 0.8525041267426865
1 680 0 2
1128
1129
0.590930284696508 0.5 0.8525041267426857
0.5524917436317589 0.5 0.8909374337140525
1 683 0 2
1130
1131
0.7999999999999999 0.4475082563682414 0.8909374337140528
0.7999999999999999 0.4090697153034923 0.8525041267426864
1 684 0 2
1132
1133
0.7999999999999999 0.2909302846965082 0.8525041267426854
0.7999999999999999 0.2524917436317591 0.8909374337140525
1 687 0 1
1134
1 0 0.8999999999987774
1 688 0 1
1135
0.8999999999987774 0 1
1 689 0 1
1136
0.9000000000028529 0.2 1
1 690 0 1
1137
1 0.09999999999877793 1
1 691 0 2
1138
1139
0.890930284696508 0.2 0.8525041267426857
0.8524917436317591 0.2 0.8909374337140525
1 692 0 1
1140
1 0.2 0.8999999999971461
1 695 0 2
1141
1142
0.2909326679415163 0.8524999990575042 0.7999999999999999
0.2524999990575036 0.8909326679415166 0.7999999999999999
1 697 0 2
1143
1144
0.4000000736365815 1 0.8
0.2999999263634194 1 0.8
1 698 0 1
1145
0.5 0.9483316929378386 0.7999999999999999
1 699 0 2
1146
1147
0.447500000942496 0.8909326679415164 0.7999999999999999
0.4090673320584836 0.852499999057504 0.7999999999999999
1 700 0 2
1148
1149
0.5 1 0.5999862369332188
0.5 1 0.7000137630667801
1 701 0 2
1150
1151
0.5 0.8909302846965078 0.552504126742686
0.5 0.8524917436317588 0.5909374337140526
1 702 0 2
1152
1153
0.5 0.8524917436317583 0.7090625662859471
0.5 0.8909302846965075 0.7474958732573135
1 706 0 2
1154
1155
0.5909326679415164 0.5524999990575039 0.7999999999999999
0.5524999990575041 0.5909326679415162 0.7999999999999999
1 708 0 2
1156
1157
0.5524999990575037 0.7090673320584835 0.7999999999999999
0.5909326679415163 0.7475000009424959 0.7999999999999999
1 709 0 1
1158
0.6500000000000004 0.7999999999999999 0.7999999999999999
1 710 0 2
1159
1160
0.7090673320584837 0.7475000009424959 0.7999999999999999
0.747500000942496 0.7090673320584837 0.7999999999999999
1 711 0 1
1161
0.7999999999999999 0.6500000000000001 0.7999999999999999
1 712 0 2
1162
1163
0.747500000942496 0.5909326679415163 0.7999999999999999
0.7090673320584836 0.5524999990575039 0.7999999999999999
1 713 0 2
1164
1165
0.5524917436317585 0.8 0.7090625662859472
0.5909302846965078 0.8 0.7474958732573139
1 715 0 2
1166
1167
0.590930284696508 0.8 0.5525041267426857
0.5524917436317589 0.8 0.5909374337140525
1 716 0 2
1168
1169
0.7090697153034919 0.7999999999999999 0.7474958732573146
0.747508256368241 0.7999999999999999 0.7090625662859475
1 717 0 1
1170
0.7999999999999999 0.7999999999999999 0.65
1 718 0 2
1171
1172
0.7475082563682418 0.7999999999999999 0.5909374337140529
0.7090697153034926 0.7999999999999999 0.5525041267426866
1 721 0 2
1173
1174
0.7999999999999999 0.5524917436317583 0.7090625662859471
0.7999999999999999 0.5909302846965074 0.7474958732573135
1 722 0 2
1175
1176
0.7999999999999999 0.5909302846965078 0.552504126742686
0.7999999999999999 0.5524917436317588 0.5909374337140526
1 723 0 2
1177
1178
0.7999999999999999 0.7090697153034922 0.7474958732573143
0.7999999999999999 0.7475082563682417 0.7090625662859472
1 724 0 2
1179
1180
0.7999999999999999 0.7475082563682417 0.5909374337140528
0.7999999999999999 0.7090697153034925 0.5525041267426866
1 728 0 2
1181
1182
0.8909326679415164 0.252499999057504 0.7999999999999999
0.8524999990575042 0.2909326679415163 0.7999999999999999
1 730 0 2
1183
1184
0.8524999990575042 0.4090673320584837 0.7999999999999999
0.8909326679415164 0.4475000009424959 0.7999999999999999
1 731 0 1
1185
0.9483388718072772 0.5 0.7999999999999999
1 732 0 2
1186
1187
1 0.2999999263634187 0.8
1 0.4000000736365799 0.8
1 733 0 2
1188
1189
0.8524917436317584 0.5 0.7090625662859472
0.8909302846965078 0.5 0.7474958732573139
1 735 0 2
1190
1191
0.890930284696508 0.5 0.5525041267426857
0.8524917436317589 0.5 0.5909374337140525
1 736 0 2
1192
1193
1 0.5 0.5999999263634185
1 0.5 0.7000000736365806
1 740 0 2
1194
1195
0.5909326679415164 0.852499999057504 0.5
0.5524999990575042 0.8909326679415163 0.5
1 742 0 2
1196
1197
0.7000000736365813 1 0.5
0.5999999263634201 1 0.5
1 743 0 1
1198
0.7999999999999999 0.9483388718072771 0.5
1 744 0 2
1199
1200
0.747500000942496 0.8909326679415164 0.5
0.7090673320584836 0.852499999057504 0.5
1 745 0 2
1201
1202
0.8 1 0.2999862369332193
0.8 1 0.4000137630667793
1 746 0 2
1203
1204
0.7999999999999999 0.8909302846965083 0.2525041267426854
0.7999999999999999 0.8524917436317591 0.2909374337140525
1 747 0 2
1205
1206
0.7999999999999999 0.8524917436317587 0.4090625662859473
0.7999999999999999 0.890930284696508 0.4474958732573143
1 751 0 2
1207
1208
0.8909326679415165 0.5524999990575039 0.5
0.8524999990575041 0.5909326679415163 0.5
1 753 0 2
1209
1210
0.8524999990575042 0.7090673320584838 0.5
0.8909326679415164 0.747500000942496 0.5
1 754 0 1
1211
0.9483388718072772 0.7999999999999999 0.5
1 755 0 2
1212
1213
1 0.5999999263634185 0.5
1 0.7000000736365806 0.5
1 756 0 2
1214
1215
0.8524917436317585 0.8 0.4090625662859472
0.8909302846965078 0.8 0.4474958732573139
1 758 0 2
1216
1217
0.890930284696508 0.8 0.2525041267426857
0.8524917436317591 0.8 0.2909374337140525
1 759 0 2
1218
1219
1 0.8 0.2999999263634188
1 0.8 0.40000007363658
1 761 0 2
1220
1221
0.8909326679415164 0.852499999057504 0.2
0.8524999990575041 0.8909326679415164 0.2
1 763 0 1
1222
0.9000000000028529 1 0.2
1 764 0 1
1223
1 0.8999999999971461 0.2
1 765 0 1
1224
0.8999999999987774 1 0
1 766 0 1
1225
1 1 0.09999999999877797
1 767 0 1
1226
1 0.8999999999987774 0
1 769 0 2
1227
1228
0.3000006042619062 1 1
0.3999993957380589 1 1
1 770 0 1
1229
0.5 0.9000000000028527 1
1 771 0 1
1230
0.5 1 0.8999999999971461
1 772 0 2
1231
1232
0.5 0.8909302846965083 0.8525041267426854
0.5 0.8524917436317591 0.8909374337140525
1 774 0 2
1233
1234
0.7000137630681638 0.8 1
0.5999862369318378 0.8 1
1 775 0 2
1235
1236
0.8 0.7000000736365813 1
0.8 0.5999999263634201 1
1 776 0 1
1237
0.7999999999999999 0.7999999999999999 0.9480224669628503
1 777 0 2
1238
1239
0.7475082563682418 0.7999999999999999 0.890937433714053
0.7090697153034925 0.7999999999999999 0.8525041267426865
1 778 0 2
1240
1241
0.590930284696508 0.8 0.8525041267426857
0.5524917436317589 0.8 0.8909374337140525
1 781 0 2
1242
1243
0.7999999999999999 0.7475082563682416 0.8909374337140528
0.7999999999999999 0.7090697153034924 0.8525041267426864
1 782 0 2
1244
1245
0.7999999999999999 0.5909302846965082 0.8525041267426854
0.7999999999999999 0.552491743631759 0.8909374337140525
1 785 0 1
1246
0.9000000000028529 0.5 1
1 786 0 2
1247
1248
1 0.3000006042619063 1
1 0.3999993957380588 1
1 787 0 2
1249
1250
0.890930284696508 0.5 0.8525041267426857
0.8524917436317591 0.5 0.8909374337140525
1 788 0 1
1251
1 0.5 0.8999999999971461
1 792 0 2
1252
1253
0.5909326679415164 0.852499999057504 0.7999999999999999
0.5524999990575042 0.8909326679415163 0.7999999999999999
1 794 0 2
1254
1255
0.7000000736365813 1 0.8
0.5999999263634201 1 0.8
1 795 0 1
1256
0.7999999999999999 0.9483388718072769 0.7999999999999999
1 796 0 2
1257
1258
0.747500000942496 0.8909326679415164 0.7999999999999999
0.7090673320584836 0.852499999057504 0.7999999999999999
1 797 0 2
1259
1260
0.8 1 0.5999862369332188
0.8 1 0.7000137630667801
1 798 0 2
1261
1262
0.7999999999999999 0.8909302846965078 0.552504126742686
0.7999999999999999 0.8524917436317588 0.5909374337140526
1 799 0 2
1263
1264
0.7999999999999999 0.8524917436317583 0.7090625662859471
0.7999999999999999 0.8909302846965075 0.7474958732573135
1 803 0 2
1265
1266
0.8909326679415165 0.5524999990575039 0.7999999999999999
0.8524999990575041 0.5909326679415163 0.7999999999999999
1 805 0 2
1267
1268
0.8524999990575042 0.7090673320584838 0.7999999999999999
0.8909326679415164 0.747500000942496 0.7999999999999999
1 806 0 1
1269
0.9483388718072772 0.7999999999999999 0.7999999999999999
1 807 0 2
1270
1271
1 0.5999999263634185 0.8
1 0.7000000736365806 0.8
1 808 0 2
1272
1273
0.8524917436317584 0.8 0.7090625662859472
0.8909302846965078 0.8 0.7474958732573139
1 810 0 2
1274
1275
0.890930284696508 0.8 0.5525041267426857
0.8524917436317589 0.8 0.5909374337140525
1 811 0 2
1276
1277
1 0.8 0.5999999263634185
1 0.8 0.7000000736365806
1 814 0 2
1278
1279
0.8909326679415164 0.852499999057504 0.5
0.8524999990575041 0.8909326679415164 0.5
1 816 0 1
1280
0.9000000000028529 1 0.5
1 817 0 1
1281
1 0.8999999999971461 0.5
1 818 0 2
1282
1283
1 1 0.3000006042619062
1 1 0.3999993957380589
1 820 0 2
1284
1285
0.6000006042619058 1 1
0.6999993957380598 1 1
1 821 0 1
1286
0.8 0.9000000000028527 1
1 822 0 1
1287
0.8 1 0.8999999999971461
1 823 0 2
1288
1289
0.7999999999999999 0.8909302846965083 0.8525041267426854
0.7999999999999999 0.8524917436317591 0.8909374337140525
1 825 0 1
1290
0.9000000000028529 0.8 1
1 826 0 2
1291
1292
1 0.6000006042619058 1
1 0.6999993957380597 1
1 827 0 2
1293
1294
0.890930284696508 0.8 0.8525041267426857
0.8524917436317591 0.8 0.8909374337140525
1 828 0 1
1295
1 0.8 0.8999999999971461
1 832 0 2
1296
1297
0.8909326679415164 0.852499999057504 0.7999999999999999
0.8524999990575041 0.8909326679415164 0.7999999999999999
1 834 0 1
1298
0.9000000000028529 1 0.8
1 835 0 1
1299
1 0.8999999999971461 0.8
1 836 0 2
1300
1301
1 1 0.6000006042619058
1 1 0.6999993957380598
1 838 0 1
1302
0.8999999999987774 1 1
1 839 0 1
1303
1 0.8999999999987774 1
1 840 0 1
1304
1 1 0.8999999999987774
2 1 0 4
1305
1306
1307
1308
0 0.1499999999999842 0.05000000000142695
0 0.1250000000001568 0.1250000000005647
0 0.07083333333388933 0.07083333333354214
0 0.05624999999946721 0.1437500000005331
2 2 0 4
1309
1310
1311
1312
0.1499999999999842 0 0.0500000000014269
0.1249999999998512 0 0.1250000000008701
0.07083333333388932 0 0.07083333333354211
0.05624999999946723 0 0.1437499999994636
2 3 0 3
1313
1314
1315
0.0950000008429096 0.09500000084291027 0.2
0.05845474351568603 0.1570833336311048 0.2
0.1570833336306972 0.0584547435156863 0.2
2 4 0 3
1316
1317
1318
0.0950089959749863 0.2 0.09499469762902846
0.1570862087233958 0.2 0.058505799492021
0.058456639911867 0.2 0.1570817618148661
2 5 0 4
1319
1320
1321
1322
0.1499999999985737 0.1499999999985737 0
0.0749999999989263 0.1250000000003527 0
0.1291666666654567 0.07083333333370208 0
0.05625000000005501 0.05625000000005499 0
2 6 0 3
1323
1324
1325
0.2 0.09500899597498697 0.09499469762902807
0.2 0.157086208723396 0.05850579949202078
0.2 0.05845663991186711 0.157081761814866
2 7 0 2
1326
1327
0.155030060906565 0.155030060906565 0.1164511570644722
0.1326915191079865 0.132691519107987 0.155681416989947
2 8 0 5
1328
1329
1330
1331
1332
0 0.1094479392816949 0.3499999999999976
0 0.07280419036336418 0.4342543506185858
0 0.07280419036336711 0.2657456493814078
0 0.1406273272591307 0.4408360718697118
0 0.1406273272591336 0.2591639281302847
2 9 0 5
1333
1334
1335
1336
1337
0.09055715626112762 0 0.3499999999999885
0.1271966006592698 0 0.4342547862541107
0.127196600659277 0 0.2657452137458822
0.05937129259790033 0 0.4408334659954778
0.05937129259791048 0 0.2591665340045173
2 10 0 3
1338
1339
1340
0.0950000008429096 0.09500000084291027 0.5
0.05845474351568603 0.1570833336311048 0.5
0.1570833336306972 0.0584547435156863 0.5
2 11 0 5
1341
1342
1343
1344
1345
0.09500899597498552 0.2 0.3949946976290288
0.09335298591338564 0.2 0.303727758143809
0.154768356374979 0.2 0.349817493681834
0.05818063823493347 0.2 0.2427030203171285
0.05845663991186684 0.2 0.4570840556450114
2 12 0 5
1346
1347
1348
1349
1350
0.2 0.09500899597498608 0.3949946976290284
0.2 0.09335298591338581 0.3037300397016661
0.2 0.1547683563749793 0.3498178196186706
0.2 0.05818063823493358 0.2427056821346286
0.2 0.05845663991186684 0.4570817740871541
2 13 0 2
1351
1352
0.155030060906565 0.155030060906565 0.4164511570644722
0.1326915191079865 0.132691519107987 0.455681416989947
2 14 0 2
1353
1354
0.1297896701087254 0.1515949480449865 0.2612573303514839
0.1581365174019336 0.1161122278574741 0.2472788590146278
2 15 0 5
1355
1356
1357
1358
1359
0 0.3499999999999819 0.0856948067582082
0 0.434991379786527 0.1257272161304776
0 0.2650086202134609 0.1257272161304822
0 0.2562698851544298 0.05626755335697894
0 0.4437301148455528 0.05626755335697849
2 16 0 5
1360
1361
1362
1363
1364
0.09334897762853012 0.3962735140961313 0.2
0.09500000084290927 0.3049999991570908 0.2
0.1547641400509187 0.3501819304647461 0.2
0.05818076945819595 0.4572978796706225 0.2
0.05845474351568603 0.242914372538248 0.2
2 17 0 3
1365
1366
1367
0.09500899597498624 0.5 0.09499469762902846
0.1570862087233958 0.5 0.058505799492021
0.05845783639010671 0.5 0.1570817618148661
2 18 0 5
1368
1369
1370
1371
1372
0.0856948067582082 0.3499999999999819 0
0.1257272161291447 0.4349913797867785 0
0.1257272161291491 0.265008620213209 0
0.05626755335486308 0.2562698851544041 0
0.05626755335486258 0.4437301148455784 0
2 19 0 2
1373
1374
0.155030060906565 0.244969939093435 0.1164511570644722
0.1326915191079867 0.2673084808920133 0.155681416989947
2 20 0 5
1375
1376
1377
1378
1379
0.2 0.3049910040250131 0.09499469762902785
0.2 0.396281718557737 0.09337070418553245
0.2 0.3501818175118214 0.1547653069041697
0.2 0.2429114974452774 0.05850579949202084
0.2 0.4573006229851808 0.05823513391810486
2 21 0 2
1380
1381
0.1550300609065654 0.4550300609065655 0.1164511570644718
0.1326915191079866 0.4326915191079871 0.1556814169899465
2 22 0 5
1382
1383
1384
1385
1386
0.3499999999999819 0 0.0856948067582082
0.4349913797986452 0 0.125727216125751
0.2650086202013424 0 0.1257272161257554
0.2562698851531932 0 0.05626755335649659
0.4437301148467893 0 0.05626755335649613
2 23 0 5
1387
1388
1389
1390
1391
0.3499999999999819 0.0856948067582082 0
0.4349893485880513 0.1257280086124198 0
0.2650106514119363 0.1257280086124242 0
0.2562700924195804 0.05626763422050338 0
0.4437299075804022 0.05626763422050292 0
2 24 0 3
1392
1393
1394
0.5 0.09500899597498697 0.09499469762902807
0.5 0.1570862087233961 0.05850625067767079
0.5 0.05845663991186711 0.157081761814866
2 25 0 5
1395
1396
1397
1398
1399
0.3049999991570901 0.09500000084290905 0.2
0.3962733538120574 0.09334837938941021 0.2
0.3501819075670211 0.1547640545881873 0.2
0.4572978529702221 0.05817947327343614 0.2
0.2429143725246355 0.05845474351568591 0.2
2 26 0 5
1400
1401
1402
1403
1404
0.3049910040250136 0.2 0.09499469762902801
0.396279497436088 0.2 0.0933709297783577
0.3501815002087288 0.2 0.1547653391317163
0.4572979712401515 0.2 0.05823562270255911
0.2429137790033651 0.2 0.05850579949202084
2 27 0 2
1405
1406
0.4334365769176331 0.1534982308533379 0.1334275118852512
0.4572550165013917 0.1163046260338747 0.15317104781896
2 28 0 2
1407
1408
0.2449699390934348 0.1550300609065653 0.116451157064472
0.267308480892013 0.1326915191079865 0.1556814169899468
2 29 0 5
1409
1410
1411
1412
1413
0 0.1094479392816947 0.6499999999999979
0 0.07280419036336422 0.7342543506185861
0 0.07280419036336713 0.5657456493814077
0 0.1406273272591309 0.7408360718697122
0 0.1406273272591338 0.5591639281302848
2 30 0 5
1414
1415
1416
1417
1418
0.09055715626112829 0 0.6499999999999887
0.12719660065927 0 0.7342547862541109
0.1271966006592773 0 0.5657452137458824
0.05937129259790056 0 0.7408334659954781
0.05937129259791081 0 0.5591665340045175
2 31 0 3
1419
1420
1421
0.0950000008429096 0.09500000084291027 0.7999999999999999
0.05845474351566216 0.1570833336311048 0.7999999999999999
0.1570833336306972 0.05845474351566238 0.7999999999999999
2 32 0 5
1422
1423
1424
1425
1426
0.09335298591338603 0.2 0.6037277581438094
0.09500899597498563 0.2 0.6949946976290289
0.1547683563749792 0.2 0.6498174936818341
0.05818063823493358 0.2 0.5427030203171288
0.05845663991184291 0.2 0.7570840556450114
2 33 0 5
1427
1428
1429
1430
1431
0.2 0.09500899597498647 0.6949946976290283
0.2 0.09335298591338609 0.6037300397016665
0.2 0.1547683563749794 0.6498178196186707
0.2 0.05818063823493363 0.5427056821346289
0.2 0.05845663991184308 0.7570817740871539
2 34 0 2
1432
1433
0.1550300609065651 0.1550300609065652 0.7164511570644722
0.1326915191079865 0.132691519107987 0.7556814169899467
2 35 0 2
1434
1435
0.1297896701087255 0.1515949480449867 0.5612573303514842
0.1581365174019335 0.1161122278574742 0.5472788590146278
2 36 0 8
1436
1437
1438
1439
1440
1441
1442
1443
0 0.3500000000000003 0.4106671509999019
0 0.3500000000000003 0.2891900841252342
0 0.2742329467075532 0.3499762058541895
0 0.425767053292447 0.3499762058541896
0 0.4273011598773407 0.272698840123037
0 0.2726988401226594 0.2726988401230369
0 0.427301159877341 0.4273011598769635
0 0.272698840122659 0.4273011598769636
2 37 0 5
1444
1445
1446
1447
1448
0.09500000084290927 0.3950000008429099 0.5
0.09334837938941026 0.3037266462015548 0.5
0.1547640545881872 0.3498180924349236 0.5
0.05845597272517711 0.4570856274617522 0.5
0.05817947327343614 0.2427021470456587 0.5
2 38 0 5
1449
1450
1451
1452
1453
0.09500899597498552 0.5 0.3949946976290288
0.0933535841525055 0.5 0.3037275978315703
0.1547684418377105 0.5 0.3498174707800856
0.05845786912135792 0.5 0.4570840556450114
0.05818193441969322 0.5 0.2427029935984221
2 39 0 2
1454
1455
0.155030060906565 0.2449699390934349 0.4164511570644722
0.1326915191079867 0.2673084808920133 0.4556814169899471
2 40 0 8
1456
1457
1458
1459
1460
1461
1462
1463
0.2 0.392604606481708 0.3925944064038093
0.2 0.3073953935182923 0.3074055935961905
0.2 0.3829382192004022 0.3170682431940974
0.2 0.3127331932098782 0.3872575344188601
0.2 0.4529370483455133 0.3513803785139867
0.2 0.3507625428130838 0.4535490981910426
0.2 0.3486190875312422 0.2470688700393799
0.2 0.2464445819988126 0.3492375897164358
2 41 0 2
1464
1465
0.1515949480449865 0.2702103298912747 0.2612573303514839
0.1161122278574742 0.2418634825980661 0.2472788590146282
2 42 0 2
1466
1467
0.155030060906565 0.4550300609065651 0.4164511570644722
0.1326915191079864 0.432691519107987 0.455681416989947
2 43 0 2
1468
1469
0.1297896701087253 0.4515949480449865 0.2612573303514839
0.1581365174019337 0.4161122278574741 0.2472788590146278
2 44 0 8
1470
1471
1472
1473
1474
1475
1476
1477
0.3499999999999994 0 0.4095703056656779
0.3499999999999994 0 0.289132947853102
0.4257684035063568 0 0.3497838755864635
0.2742315964936427 0 0.3497838755864636
0.2726947894809288 0 0.2726985264643326
0.2726947894809286 0 0.427301473535668
0.4273052105190711 0 0.2726985264643324
0.4273052105190712 0 0.4273014735356679
2 45 0 5
1478
1479
1480
1481
1482
0.3049999991570901 0.09500000084290905 0.5
0.3962735184948992 0.0933489939941558 0.5
0.3501819310931413 0.1547641423888652 0.5
0.4572978804173625 0.05818080491705152 0.5
0.2429143725246355 0.05845474351568591 0.5
2 46 0 2
1483
1484
0.244969939093435 0.155030060906565 0.4164511570644722
0.2673084808920131 0.1326915191079865 0.4556814169899471
2 47 0 8
1485
1486
1487
1488
1489
1490
1491
1492
0.3829382192004022 0.2 0.3170682431940975
0.3158300688838236 0.2 0.3841626691347928
0.3082105169446777 0.2 0.3085122472682891
0.3914962183134711 0.2 0.3917808270957326
0.2470034390131455 0.2 0.3489535594861545
0.3487355337350114 0.2 0.2472269634211083
0.4527787071786222 0.2 0.3512641528980688
0.3510466124567564 0.2 0.4529907489635934
2 48 0 2
1493
1494
0.2484050519550136 0.1297896701087251 0.2612573303514836
0.287627290946029 0.1581974685669658 0.23998757616123
2 49 0 5
1495
1496
1497
1498
1499
0.5 0.09500899597498608 0.3949946976290284
0.5 0.09335298591338581 0.3037300397016661
0.5 0.1547683563749793 0.3498178196181922
0.5 0.05845786912135792 0.4570817740871541
0.5 0.05818063823493347 0.2427056821346285
2 50 0 2
1500
1501
0.4334365769176329 0.1534982308533376 0.4334275118852516
0.4572550165013918 0.1163046260338746 0.4531710478189601
2 51 0 2
1502
1503
0.4297896701087253 0.1515949480449865 0.2612573303514839
0.4581365174019337 0.116112227857474 0.2472788590146277
2 52 0 5
1504
1505
1506
1507
1508
0 0.6499999999999826 0.08569480675820788
0 0.7349913797865272 0.1257272161304776
0 0.5650086202134613 0.1257272161304821
0 0.5562698851544301 0.0562675533569789
0 0.7437301148455533 0.05626755335697845
2 53 0 5
1509
1510
1511
1512
1513
0.09500000084290922 0.6950000008429102 0.2
0.09334897762852989 0.603726485903869 0.2
0.1547641400509185 0.6498180695352542 0.2
0.05845593999392573 0.7570856274617522 0.2
0.05818076945819589 0.5427021203293778 0.2
2 54 0 3
1514
1515
1516
0.0950089959749863 0.7999999999999999 0.09499469762902846
0.1570862087233958 0.7999999999999999 0.058505799492021
0.05845783639010682 0.7999999999999999 0.1570817618148661
2 55 0 5
1517
1518
1519
1520
1521
0.08569480675820788 0.6499999999999827 0
0.1257272161291446 0.734991379786779 0
0.1257272161291489 0.5650086202132092 0
0.05626755335486303 0.5562698851544043 0
0.05626755335486247 0.743730114845579 0
2 56 0 2
1522
1523
0.155030060906565 0.5449699390934349 0.1164511570644722
0.1326915191079863 0.5673084808920129 0.155681416989947
2 57 0 5
1524
1525
1526
1527
1528
0.2 0.604991004025013 0.09499469762902774
0.2 0.6962817185577371 0.09337070418553245
0.2 0.6501818175118215 0.1547653069041696
0.2 0.5429114974452773 0.05850579949202078
0.2 0.7573006229851809 0.05823513391810486
2 58 0 2
1529
1530
0.155030060906565 0.755030060906565 0.1164511570644722
0.1326915191079864 0.732691519107987 0.155681416989947
2 59 0 2
1531
1532
0.2449699390934346 0.2449699390934346 0.1164511570644718
0.2673084808920134 0.2673084808920131 0.1556814169899467
2 60 0 8
1533
1534
1535
1536
1537
1538
1539
1540
0.3925986153275808 0.3925986153275806 0.2
0.3074013846724193 0.3074013846724191 0.2
0.317065335416895 0.3829346645831047 0.2
0.3872613012010522 0.3127386987989478 0.2
0.3492375265533532 0.2464485830837678 0.2
0.3513805643916272 0.452933325970811 0.2
0.4535514169162322 0.3507624734466469 0.2
0.2470666740291889 0.3486194356079319 0.2
2 61 0 2
1541
1542
0.2465017691466622 0.4334365769176333 0.1334275118852511
0.2836953739657945 0.4572550165010779 0.153171047818655
2 62 0 5
1543
1544
1545
1546
1547
0.3049910040250134 0.5 0.09499469762902796
0.3962795010397367 0.5 0.09337094322980038
0.3501815007230951 0.5 0.1547653410533509
0.4572979718407596 0.5 0.05823565184735163
0.2429137790033651 0.5 0.05850579949202084
2 63 0 8
1548
1549
1550
1551
1552
1553
1554
1555
0.2904296943615632 0.3499999999999995 0
0.4108670521049668 0.3499999999999995 0
0.350216124411088 0.4257684035040657 0
0.350216124411088 0.2742315964959339 0
0.4273014735510847 0.4273052105121974 0
0.4273014735510844 0.2726947894878023 0
0.2726985264489147 0.4273052105121978 0
0.2726985264489148 0.2726947894878021 0
2 64 0 2
1556
1557
0.455030060906565 0.2449699390934349 0.1164511570644722
0.4326915191079866 0.2673084808920133 0.155681416989947
2 65 0 5
1558
1559
1560
1561
1562
0.5 0.3049910040250131 0.09499469762902785
0.5 0.3962817825978246 0.09337094322980016
0.5 0.3501818266604054 0.1547653410533508
0.5 0.4573006336585287 0.05823565184735163
0.5 0.2429114974452774 0.05850625067767079
2 66 0 2
1563
1564
0.4550300609065653 0.4550300609065655 0.1164511570644718
0.4326915191079869 0.4326915191079867 0.1556814169899466
2 67 0 5
1565
1566
1567
1568
1569
0.6499999999999829 0 0.08569480675820788
0.7349913797986458 0 0.125727216125751
0.5650086202013427 0 0.1257272161257552
0.5562698851531935 0 0.05626755335649652
0.7437301148467901 0 0.05626755335649602
2 68 0 5
1570
1571
1572
1573
1574
0.6499999999999829 0.08569480675820788 0
0.7349893485880519 0.1257280086124198 0
0.5650106514119366 0.1257280086124241 0
0.5562700924195807 0.05626763422050333 0
0.7437299075804029 0.05626763422050281 0
2 69 0 3
1575
1576
1577
0.7999999999999999 0.09500899597498697 0.09499469762902807
0.7999999999999999 0.1570862087233961 0.05850579949202084
0.7999999999999999 0.05845663991186711 0.157081761814866
2 70 0 5
1578
1579
1580
1581
1582
0.6049999991570907 0.09500000084290988 0.2
0.6962733538120576 0.09334837938941043 0.2
0.6501819075670212 0.1547640545881874 0.2
0.5429143725246356 0.05845474351568614 0.2
0.7572978529702222 0.0581794732734362 0.2
2 71 0 5
1583
1584
1585
1586
1587
0.6049910040250135 0.2 0.09499469762902807
0.6962794369996492 0.2 0.09337070418553273
0.6501814915749519 0.2 0.1547653069041698
0.5429137790033651 0.2 0.0585062506776709
0.7572979611674118 0.2 0.05823513391810503
2 72 0 2
1588
1589
0.7334365769176332 0.1534982308533379 0.1334275118852512
0.7572550165013917 0.1163046260338747 0.15317104781896
2 73 0 2
1590
1591
0.5449699390934348 0.1550300609065652 0.116451157064472
0.5673084808920134 0.1326915191079869 0.1556814169899468
2 74 0 4
1592
1593
1594
1595
0 0.05000000000061133 0.8499999999993884
0 0.07499999999969487 0.9249999999996941
0 0.1291666666670236 0.8708333333336893
0 0.1437499999994659 0.9437500000005352
2 75 0 4
1596
1597
1598
1599
0.1499999999993891 0 0.8500000000014263
0.1250000000000003 0 0.9250000000010188
0.07083333333393939 0 0.8708333333339389
0.05624999999954205 0 0.9437499999993885
2 76 0 4
1600
1601
1602
1603
0.149999999999389 0.05000000000142696 1
0.1250000000003056 0.1250000000007134 1
0.07083333333393892 0.07083333333393892 1
0.0562499999995416 0.1437500000004587 1
2 77 0 3
1604
1605
1606
0.0950089959749868 0.2 0.9050053023709722
0.1570862087240751 0.2 0.9414942005080021
0.05845663991184324 0.2 0.8429182381858134
2 78 0 3
1607
1608
1609
0.2 0.09500899597498658 0.9050053023709722
0.2 0.157086208724347 0.9414942005080021
0.2 0.05845663991184313 0.8429182381860851
2 79 0 2
1610
1611
0.1297896701087255 0.1515949480449866 0.8612573303514842
0.1581365174019335 0.1161122278574741 0.8472788590146277
2 80 0 8
1612
1613
1614
1615
1616
1617
1618
1619
0 0.3500000000000002 0.7106671509999019
0 0.3500000000000002 0.5891900841252342
0 0.2742329467075532 0.6499762058541896
0 0.425767053292447 0.6499762058541897
0 0.4273011598773409 0.572698840123037
0 0.4273011598773407 0.7273011598769638
0 0.2726988401226593 0.5726988401230371
0 0.2726988401226593 0.7273011598769636
2 81 0 5
1620
1621
1622
1623
1624
0.09500000084290927 0.3950000008429099 0.7999999999999999
0.09334837938939833 0.303726646201558 0.7999999999999999
0.1547640545881855 0.349818092434924 0.7999999999999999
0.05845474351568603 0.4570856274617522 0.7999999999999999
0.05817947327341033 0.2427021470456592 0.7999999999999999
2 82 0 5
1625
1626
1627
1628
1629
0.09335360051813163 0.5 0.6037275934460165
0.09500899597498563 0.5 0.6949946976290289
0.1547684441756571 0.5 0.6498174701535779
0.05818196987854896 0.5 0.5427029928674967
0.05845663991186684 0.5 0.7570840556450112
2 83 0 2
1630
1631
0.1550300609065654 0.2449699390934345 0.7164511570644718
0.1326915191079868 0.2673084808920132 0.7556814169899466
2 84 0 8
1632
1633
1634
1635
1636
1637
1638
1639
0.2 0.3829382192004025 0.6170682431940977
0.2 0.3158300688838235 0.6841626691347926
0.2 0.3914962183134716 0.6917808270957323
0.2 0.3082105169446775 0.6085122472682892
0.2 0.4527787071786225 0.6512641528985471
0.2 0.3487355337350115 0.5472269634211084
0.2 0.2470034390131455 0.6489535594861545
0.2 0.3510466124567564 0.7529907489635932
2 85 0 2
1640
1641
0.1515949480449867 0.2702103298912746 0.5612573303514842
0.1161122278574744 0.2418634825980662 0.5472788590146284
2 86 0 2
1642
1643
0.1550300609065648 0.4550300609065648 0.7164511570644725
0.1326915191079864 0.432691519107987 0.7556814169899471
2 87 0 2
1644
1645
0.1550300609065632 0.4550300609065632 0.5835488429355258
0.1326915191079757 0.4326915191079762 0.5443185830100203
2 88 0 8
1646
1647
1648
1649
1650
1651
1652
1653
0.3499999999999994 0 0.7114506680108258
0.3499999999999994 0 0.5884764936340174
0.4257684035063569 0 0.6499878602741408
0.2742315964936426 0 0.6499878602741408
0.2726947894809285 0 0.5726985264643327
0.4273052105190712 0 0.5726985264643326
0.2726947894809283 0 0.7273014735356682
0.4273052105190716 0 0.7273014735356684
2 89 0 5
1654
1655
1656
1657
1658
0.3049999991570901 0.09500000084290905 0.7999999999999999
0.3962733538120574 0.09334837938941021 0.7999999999999999
0.350181907567031 0.1547640545881873 0.7999999999999999
0.4572978529702222 0.05817947327343614 0.7999999999999999
0.2429143725246355 0.0584547435156621 0.7999999999999999
2 90 0 2
1659
1660
0.2449699390934349 0.1550300609065651 0.7164511570644722
0.267308480892013 0.1326915191079865 0.755681416989947
2 91 0 8
1661
1662
1663
1664
1665
1666
1667
1668
0.3073953935182916 0.2 0.6925944064038092
0.3926046064817086 0.2 0.6074055935961911
0.3829382192004022 0.2 0.6829317568059028
0.3127331932098783 0.2 0.6127424655811398
0.3507625428130839 0.2 0.5464509018089576
0.4529370483455133 0.2 0.6486196214855351
0.3486190875312519 0.2 0.7529311299606201
0.2464445819988125 0.2 0.6507624102835641
2 92 0 2
1669
1670
0.2449699390934373 0.1550300609065628 0.5835488429355254
0.2673084808920241 0.1326915191079756 0.5443185830100198
2 93 0 5
1671
1672
1673
1674
1675
0.5 0.09500899597498647 0.6949946976290283
0.5 0.09335360051813169 0.6037298750038735
0.5 0.1547684441756573 0.6498177960899362
0.5 0.05818196987854901 0.5427056546849967
0.5 0.05845663991186689 0.7570817740871539
2 94 0 2
1676
1677
0.4550300609065651 0.1550300609065652 0.716451157064472
0.4326915191079868 0.1326915191079867 0.7556814169899468
2 95 0 2
1678
1679
0.4297896701087255 0.1515949480449867 0.5612573303514843
0.4581365174019337 0.1161122278574741 0.5472788590146278
2 96 0 8
1680
1681
1682
1683
1684
1685
1686
1687
0 0.6500000000000006 0.4095702599133461
0 0.6500000000000006 0.2891329781752889
0 0.5742329467075531 0.3497838730147727
0 0.7257670532924472 0.3497838730147727
0 0.5726988401226596 0.2726988401230367
0 0.7273011598773409 0.2726988401230369
0 0.7273011598773411 0.4273011598769635
0 0.5726988401226591 0.4273011598769638
2 97 0 5
1688
1689
1690
1691
1692
0.09500000084290922 0.6950000008429102 0.5
0.09334899399415564 0.603726481518713 0.5
0.154764142388865 0.6498180689088033 0.5
0.05818080491705147 0.5427021195985184 0.5
0.05845593999392573 0.7570856274617523 0.5
2 98 0 5
1693
1694
1695
1696
1697
0.09500899597498552 0.7999999999999999 0.3949946976290288
0.0933535841525055 0.7999999999999999 0.3037275978315703
0.1547684418377105 0.7999999999999999 0.3498174707800856
0.05818193441969322 0.7999999999999999 0.2427029935984221
0.0584578363901066 0.7999999999999999 0.4570840556450114
2 99 0 2
1698
1699
0.155030060906565 0.5449699390934349 0.4164511570644722
0.1326915191079862 0.5673084808920128 0.4556814169899471
2 100 0 8
1700
1701
1702
1703
1704
1705
1706
1707
0.2 0.6926046064817081 0.3925944064038093
0.2 0.6073953935182923 0.3074055935961905
0.2 0.6170617807995978 0.3829317568059025
0.2 0.6872668067901218 0.3127424655811398
0.2 0.7535554180011874 0.3507624102835641
0.2 0.6492374571869164 0.2464509018089573
0.2 0.651380912468758 0.4529311299606201
0.2 0.5470629516544868 0.3486196214860132
2 101 0 2
1708
1709
0.1515949480449865 0.5702103298912746 0.2612573303514839
0.1161122278574742 0.541863482598066 0.2472788590146283
2 102 0 2
1710
1711
0.1550300609065648 0.7550300609065648 0.4164511570644724
0.1326915191079863 0.732691519107987 0.4556814169899471
2 103 0 2
1712
1713
0.1550300609065629 0.7550300609065628 0.2835488429355255
0.1326915191079755 0.7326915191079761 0.2443185830100199
2 104 0 2
1714
1715
0.2449699390934373 0.2449699390934373 0.2835488429355253
0.2673084808920244 0.2673084808920241 0.2443185830100198
2 105 0 2
1716
1717
0.244969939093435 0.244969939093435 0.4164511570644722
0.2673084808920135 0.2673084808920132 0.455681416989947
2 106 0 8
1718
1719
1720
1721
1722
1723
1724
1725
0.3925986153275808 0.3925986153275806 0.5
0.3074013846724193 0.3074013846724191 0.5
0.317065335416895 0.3829346645831047 0.5
0.3872613012010522 0.3127386987989478 0.5
0.3492375265533532 0.2464485830837678 0.5
0.351380564392068 0.452933325970811 0.5
0.4535514169162322 0.3507624734466469 0.5
0.2470666740291889 0.348619435607932 0.5
2 107 0 2
1726
1727
0.2449699390934347 0.4550300609065653 0.4164511570644719
0.267308480892013 0.4326915191079866 0.4556814169899468
2 108 0 8
1728
1729
1730
1731
1732
1733
1734
1735
0.3829382192004022 0.5 0.3170682431940975
0.3158300688838236 0.5 0.3841626691347928
0.3082105169446777 0.5 0.3085122472682891
0.3914962183134711 0.5 0.3917808270957326
0.2470034390131455 0.5 0.3489535594861545
0.3487355337345707 0.5 0.2472269634211083
0.4527787071786222 0.5 0.3512641528985472
0.3510466124567564 0.5 0.4529907489635934
2 109 0 2
1736
1737
0.2484050519550136 0.4297896701087252 0.2612573303514836
0.287627290946029 0.4581974685669657 0.23998757616123
2 110 0 2
1738
1739
0.455030060906565 0.2449699390934349 0.4164511570644722
0.4326915191079866 0.2673084808920133 0.455681416989947
2 111 0 8
1740
1741
1742
1743
1744
1745
1746
1747
0.5 0.392604606481708 0.3925944064038093
0.5 0.3073953935182923 0.3074055935961905
0.5 0.3829382192004022 0.3170682431940974
0.5 0.3127331932098782 0.3872575344188601
0.5 0.4529370483455133 0.3513803785139867
0.5 0.3507625428130838 0.4535490981910426
0.5 0.3486190875312422 0.2470688700393799
0.5 0.2464445819988126 0.3492375897159574
2 112 0 2
1748
1749
0.4515949480449865 0.2702103298912747 0.2612573303514839
0.4161122278574742 0.2418634825980661 0.2472788590146282
2 113 0 2
1750
1751
0.4550300609065649 0.4550300609065651 0.4164511570644722
0.4326915191079868 0.4326915191079866 0.455681416989947
2 114 0 2
1752
1753
0.4550300609065629 0.4550300609065628 0.2835488429355255
0.4326915191079759 0.4326915191079757 0.2443185830100199
2 115 0 8
1754
1755
1756
1757
1758
1759
1760
1761
0.6499999999999997 0 0.409570305665678
0.6499999999999997 0 0.2891329478531017
0.7257684035063572 0 0.3497838755864635
0.5742315964936426 0 0.3497838755864635
0.5726947894809288 0 0.2726985264643327
0.5726947894809284 0 0.4273014735356679
0.7273052105190717 0 0.2726985264643322
0.7273052105190718 0 0.4273014735356682
2 116 0 5
1762
1763
1764
1765
1766
0.6049999991570907 0.09500000084290988 0.5
0.6962735141097434 0.09334897762853034 0.5
0.6501819304666906 0.1547641400509189 0.5
0.5429143725246356 0.05845597272517722 0.5
0.7572978796865032 0.05818076945819595 0.5
2 117 0 2
1767
1768
0.5449699390934347 0.1550300609065652 0.4164511570644719
0.5673084808920134 0.1326915191079869 0.4556814169899467
2 118 0 8
1769
1770
1771
1772
1773
1774
1775
1776
0.6829382192004022 0.2 0.3170682431940975
0.6158300688838236 0.2 0.3841626691347928
0.6082105169446776 0.2 0.3085122472682891
0.6914962183134712 0.2 0.3917808270957326
0.5470034390131455 0.2 0.3489535594856761
0.6487355337350115 0.2 0.2472269634211083
0.7527787071786223 0.2 0.3512641528980353
0.6510466124567563 0.2 0.4529907489635934
2 119 0 2
1777
1778
0.5449699390934371 0.155030060906563 0.2835488429355256
0.5673084808920242 0.1326915191079759 0.24431858301002
2 120 0 5
1779
1780
1781
1782
1783
0.7999999999999999 0.09500899597498608 0.3949946976290284
0.7999999999999999 0.09335298591338581 0.3037300397016661
0.7999999999999999 0.1547683563749793 0.3498178196181587
0.7999999999999999 0.05845783639010665 0.4570817740871541
0.7999999999999999 0.05818063823493347 0.2427056821346285
2 121 0 2
1784
1785
0.7550300609065649 0.1550300609065649 0.4164511570644724
0.7326915191079868 0.1326915191079865 0.4556814169899472
2 122 0 2
1786
1787
0.7297896701087254 0.1515949480449865 0.2612573303514839
0.7581365174019337 0.1161122278574741 0.2472788590146277
2 123 0 4
1788
1789
1790
1791
0 0.8500000000014265 0.150000000001427
0 0.8749999999996395 0.07500000000036086
0 0.9291666666668132 0.1291666666659719
0 0.9437499999996772 0.05625000000029526
2 124 0 3
1792
1793
1794
0.0950000008429091 0.9049999991570896 0.2
0.05845593999392568 0.8429166663695742 0.2
0.1570833336313764 0.9415452564843136 0.2
2 125 0 4
1795
1796
1797
1798
0.0500000000014269 1 0.1499999999999842
0.1250000000008701 1 0.1249999999998512
0.07083333333354208 1 0.07083333333388929
0.1437499999994637 1 0.0562499999994672
2 126 0 4
1799
1800
1801
1802
0.1499999999985737 0.8499999999993882 0
0.1250000000002035 0.9250000000002034 0
0.07083333333334915 0.8708333333341719 0
0.05625000000022506 0.9437499999992267 0
2 127 0 2
1803
1804
0.155030060906565 0.844969939093435 0.1164511570644722
0.1326915191079863 0.867308480892013 0.155681416989947
2 128 0 3
1805
1806
1807
0.2 0.9049910040250131 0.09499469762902779
0.2 0.8429137912759247 0.05850579949202078
0.2 0.9415433600881329 0.1570817618141866
2 129 0 2
1808
1809
0.2449699390934348 0.5449699390934347 0.116451157064472
0.267308480892013 0.5673084808920135 0.1556814169899468
2 130 0 8
1810
1811
1812
1813
1814
1815
1816
1817
0.3888442170368867 0.6111557829631132 0.2
0.3131694241964534 0.6868305758035462 0.2
0.3927698433236129 0.6924273873315487 0.2
0.3075726126684514 0.6072301566763871 0.2
0.4538020088922129 0.6505118814706661 0.2
0.3494881185288933 0.5461979911077869 0.2
0.3508484667881402 0.7534654235742981 0.2
0.2465345764257018 0.6491515332114191 0.2
2 131 0 2
1818
1819
0.2449699390934349 0.7550300609065652 0.116451157064472
0.267308480892013 0.7326915191079866 0.1556814169899468
2 132 0 5
1820
1821
1822
1823
1824
0.3049910040250136 0.7999999999999999 0.09499469762902801
0.3962794369996491 0.7999999999999999 0.09337070418553267
0.3501814915745111 0.7999999999999999 0.1547653069041698
0.4572979611674117 0.7999999999999999 0.05823513391810498
0.2429137790033651 0.7999999999999999 0.05850579949202084
2 133 0 8
1825
1826
1827
1828
1829
1830
1831
1832
0.2885493320377162 0.6499999999999997 0
0.4115235063166154 0.6499999999999997 0
0.3500121397257215 0.7257684035040658 0
0.3500121397257215 0.5742315964959338 0
0.4273014735510847 0.7273052105121979 0
0.4273014735510843 0.5726947894878022 0
0.2726985264489146 0.7273052105121984 0
0.2726985264489149 0.5726947894878019 0
2 134 0 2
1833
1834
0.455030060906565 0.5449699390934348 0.1164511570644722
0.4326915191079866 0.5673084808920132 0.155681416989947
2 135 0 5
1835
1836
1837
1838
1839
0.5 0.604991004025013 0.09499469762902774
0.5 0.6962817185577371 0.09337070418553245
0.5 0.6501818175118215 0.1547653069041696
0.5 0.5429114974452773 0.05850627758055621
0.5 0.7573006229851809 0.05823513391810486
2 136 0 2
1840
1841
0.455030060906565 0.755030060906565 0.1164511570644722
0.4326915191079864 0.7326915191079871 0.155681416989947
2 137 0 2
1842
1843
0.5449699390934346 0.2449699390934346 0.1164511570644718
0.5673084808920132 0.2673084808920131 0.1556814169899467
2 138 0 8
1844
1845
1846
1847
1848
1849
1850
1851
0.6170653354168951 0.382934664583105 0.2
0.6841658213443094 0.3158341786556906 0.2
0.6085085051596466 0.3082153725974549 0.2
0.6917846274025451 0.3914914948403534 0.2
0.5472248340987929 0.3487357195972228 0.2
0.7529929215188352 0.3510465247851491 0.2
0.6512642804023365 0.4527751659012072 0.2
0.6489534752148509 0.2470070784811647 0.2
2 139 0 2
1852
1853
0.5449699390934345 0.4550300609065654 0.1164511570644717
0.5673084808920132 0.432691519107987 0.1556814169899465
2 140 0 5
1854
1855
1856
1857
1858
0.6049910040250135 0.5 0.09499469762902807
0.6962794369996492 0.5 0.09337070418553284
0.6501814915745111 0.5 0.1547653069041698
0.5429137790033651 0.5 0.05850627758055627
0.7572979611674118 0.5 0.05823513391810503
2 141 0 8
1859
1860
1861
1862
1863
1864
1865
1866
0.5904296943615632 0.3499999999999995 0
0.7108670521049667 0.3499999999999995 0
0.650216124411088 0.4257684035040657 0
0.6502161244110881 0.2742315964959339 0
0.7273014735510849 0.4273052105121973 0
0.7273014735510848 0.2726947894878025 0
0.5726985264489146 0.4273052105121977 0
0.5726985264489148 0.2726947894878021 0
2 142 0 2
1867
1868
0.7550300609065654 0.2449699390934346 0.1164511570644718
0.7326915191079868 0.2673084808920132 0.1556814169899467
2 143 0 5
1869
1870
1871
1872
1873
0.7999999999999999 0.3049910040250131 0.09499469762902785
0.7999999999999999 0.396281718557737 0.09337070418553245
0.7999999999999999 0.3501818175118214 0.1547653069041697
0.7999999999999999 0.2429114974452774 0.05850579949202084
0.7999999999999999 0.4573006229851808 0.05823513391810486
2 144 0 2
1874
1875
0.7550300609065649 0.4550300609065651 0.1164511570644723
0.7326915191079868 0.4326915191079866 0.1556814169899471
2 145 0 4
1876
1877
1878
1879
0.949999999998573 0 0.149999999999389
0.8749999999994905 0 0.1250000000005093
0.9291666666660003 0 0.07083333333363415
0.8562499999986901 0 0.05624999999995248
2 146 0 4
1880
1881
1882
1883
0.9499999999985731 0.149999999999389 0
0.8749999999987771 0.1249999999997959 0
0.9291666666660003 0.07083333333363441 0
0.8562500000011872 0.05624999999995263 0
2 147 0 4
1884
1885
1886
1887
1 0.1499999999985736 0.1499999999985736
1 0.07499999999877746 0.1250000000002039
1 0.1291666666653988 0.07083333333341271
1 0.0562500000004456 0.05625000000044561
2 148 0 3
1888
1889
1890
0.9049999991570905 0.09500000084290966 0.2
0.8429166663686234 0.05845474351568608 0.2
0.941545256484314 0.1570833336304255 0.2
2 149 0 3
1891
1892
1893
0.9049910040250135 0.2 0.09499469762902818
0.842913791275653 0.2 0.05850579949202084
0.9415433600881331 0.2 0.157081761813915
2 150 0 2
1894
1895
0.8449699390934347 0.1550300609065652 0.116451157064472
0.8673084808920133 0.1326915191079867 0.1556814169899469
2 151 0 5
1896
1897
1898
1899
1900
0 0.3499999999999976 0.8905520607177468
0 0.4342543506186028 0.9271958096369235
0 0.2657456493813908 0.9271958096369206
0 0.4408360718705424 0.8593726727412466
0 0.2591639281294543 0.859372672741244
2 152 0 5
1901
1902
1903
1904
1905
0.09055715626114294 0.3499999999999885 1
0.1271966006596622 0.4342547862541659 1
0.1271966006596695 0.2657452137458269 1
0.05937129259816811 0.4408334659960452 1
0.05937129259817827 0.2591665340039499 1
2 153 0 3
1906
1907
1908
0.0950089959749868 0.5 0.9050053023709722
0.1570862087240751 0.5 0.9414942005079793
0.05845663991186706 0.5 0.8429182381858134
2 154 0 5
1909
1910
1911
1912
1913
0.2 0.303720563000354 0.9066292958144786
0.2 0.3950089959749866 0.9050053023709721
0.2 0.3498185084250487 0.8452346930958319
0.2 0.4570862209966349 0.9414942005079792
0.2 0.2427020388325888 0.9417648660819198
2 155 0 2
1914
1915
0.1515949480449865 0.2702103298912747 0.8612573303514839
0.1161122278574743 0.2418634825980662 0.8472788590146283
2 156 0 2
1916
1917
0.1550300609065631 0.4550300609065631 0.8835488429355257
0.1326915191079756 0.4326915191079762 0.8443185830100202
2 157 0 5
1918
1919
1920
1921
1922
0.3499999999999971 0 0.8905520606838868
0.4342543506163784 0 0.9271958096309985
0.2657456493836149 0 0.927195809630996
0.4408360718864544 0 0.8593726727478983
0.2591639281135423 0 0.8593726727478962
2 158 0 5
1923
1924
1925
1926
1927
0.3499999999999978 0.1094479393167228 1
0.434254350616211 0.07280419037002242 1
0.2657456493837825 0.07280419037002536 1
0.4408360718853924 0.1406273272526168 1
0.2591639281146041 0.1406273272526198 1
2 159 0 5
1928
1929
1930
1931
1932
0.3037182814284236 0.2 0.9066292958144787
0.3950089959749868 0.2 0.9050053023709723
0.3498181824862115 0.2 0.8452346930958319
0.4570885025685654 0.2 0.9414942005079792
0.2426993769986699 0.2 0.9417648660819198
2 160 0 2
1933
1934
0.2484050519550135 0.1297896701087252 0.8612573303514838
0.287627290946029 0.1581974685669657 0.83998757616123
2 161 0 3
1935
1936
1937
0.5 0.09500899597498658 0.9050053023709722
0.5 0.1570862087243471 0.9414942005079792
0.5 0.058456639911867 0.8429182381860851
2 162 0 2
1938
1939
0.4550300609065631 0.1550300609065631 0.8835488429355258
0.4326915191079759 0.1326915191079758 0.8443185830100202
2 163 0 8
1940
1941
1942
1943
1944
1945
1946
1947
0 0.6500000000000007 0.7106671509999016
0 0.6500000000000007 0.5891900841252344
0 0.5742329467075533 0.6499762058541896
0 0.7257670532924473 0.6499762058541896
0 0.7273011598773415 0.5726988401230365
0 0.5726988401226595 0.5726988401230368
0 0.7273011598773415 0.7273011598769643
0 0.5726988401226594 0.727301159876964
2 164 0 5
1948
1949
1950
1951
1952
0.09500000084290922 0.6950000008429102 0.7999999999999999
0.09334837938941004 0.6037266462015548 0.7999999999999999
0.154764054588187 0.6498180924349235 0.7999999999999999
0.05845474351568591 0.7570856274617522 0.7999999999999999
0.05817947327343609 0.5427021470456588 0.7999999999999999
2 165 0 5
1953
1954
1955
1956
1957
0.09335358415250589 0.7999999999999999 0.6037275978315707
0.09500899597498563 0.7999999999999999 0.6949946976290289
0.1547684418377105 0.7999999999999999 0.6498174707800857
0.05818193441969338 0.7999999999999999 0.5427029935984223
0.05845663991186684 0.7999999999999999 0.7570840556450112
2 166 0 2
1958
1959
0.1550300609065647 0.5449699390934351 0.7164511570644725
0.1326915191079861 0.5673084808920129 0.7556814169899473
2 167 0 8
1960
1961
1962
1963
1964
1965
1966
1967
0.2 0.6829382192004025 0.6170682431940977
0.2 0.6158300688838235 0.6841626691347926
0.2 0.6914962183134716 0.6917808270957322
0.2 0.6082105169446775 0.6085122472682892
0.2 0.6487355337350115 0.5472269634211085
0.2 0.6510466124567564 0.7529907489635932
0.2 0.7527787071786225 0.6512641528985471
0.2 0.5470034390131454 0.6489535594861545
2 168 0 2
1968
1969
0.1550300609065632 0.5449699390934367 0.5835488429355259
0.1326915191079755 0.5673084808920236 0.5443185830100203
2 169 0 2
1970
1971
0.1550300609065652 0.7550300609065652 0.716451157064472
0.1326915191079865 0.7326915191079871 0.7556814169899467
2 170 0 2
1972
1973
0.1550300609065633 0.7550300609065632 0.5835488429355259
0.1326915191079756 0.7326915191079763 0.5443185830100202
2 171 0 2
1974
1975
0.2449699390934348 0.2449699390934348 0.716451157064472
0.2673084808920134 0.2673084808920131 0.7556814169899468
2 172 0 8
1976
1977
1978
1979
1980
1981
1982
1983
0.3925986153275808 0.3925986153275806 0.7999999999999999
0.3074013846724193 0.3074013846724191 0.7999999999999999
0.317065335416895 0.3829346645831047 0.7999999999999999
0.3872613012010522 0.3127386987989478 0.7999999999999999
0.349237526553363 0.2464485830837678 0.7999999999999999
0.351380564392068 0.452933325970811 0.7999999999999999
0.4535514169162322 0.3507624734461969 0.7999999999999999
0.2470666740291889 0.3486194356079319 0.7999999999999999
2 173 0 2
1984
1985
0.2449699390934348 0.4550300609065652 0.716451157064472
0.2673084808920131 0.4326915191079865 0.7556814169899468
2 174 0 8
1986
1987
1988
1989
1990
1991
1992
1993
0.3073953935182916 0.5 0.6925944064038092
0.3926046064817086 0.5 0.6074055935961911
0.3829382192004022 0.5 0.6829317568059028
0.3127331932098784 0.5 0.6127424655811398
0.3507625428130839 0.5 0.5464509018089576
0.4529370483455133 0.5 0.6486196214860135
0.3486190875312419 0.5 0.7529311299606201
0.2464445819988125 0.5 0.6507624102835641
2 175 0 2
1994
1995
0.2449699390934373 0.4550300609065628 0.5835488429355253
0.2673084808920241 0.4326915191079755 0.5443185830100198
2 176 0 2
1996
1997
0.244969939093437 0.244969939093437 0.5835488429355257
0.2673084808920243 0.267308480892024 0.54431858301002
2 177 0 2
1998
1999
0.4550300609065655 0.2449699390934345 0.7164511570644717
0.4326915191079868 0.2673084808920132 0.7556814169899467
2 178 0 8
2000
2001
2002
2003
2004
2005
2006
2007
0.5 0.3829382192004025 0.6170682431940977
0.5 0.3158300688838235 0.6841626691347926
0.5 0.3914962183134716 0.6917808270957323
0.5 0.3082105169446775 0.6085122472682892
0.5 0.4527787071786225 0.6512641528985471
0.5 0.3487355337350115 0.5472269634211084
0.5 0.2470034390131455 0.6489535594856761
0.5 0.3510466124563064 0.7529907489635932
2 179 0 2
2008
2009
0.4550300609065633 0.2449699390934367 0.583548842935526
0.4326915191079759 0.2673084808920241 0.5443185830100202
2 180 0 2
2010
2011
0.4550300609065647 0.4550300609065648 0.7164511570644725
0.4326915191079868 0.4326915191079865 0.7556814169899472
2 181 0 2
2012
2013
0.4297896701087255 0.4515949480449866 0.5612573303514842
0.4581365174019337 0.4161122278574741 0.5472788590146278
2 182 0 8
2014
2015
2016
2017
2018
2019
2020
2021
0.6499999999999996 0 0.7095703056656781
0.6499999999999995 0 0.5891329478531018
0.7257684035063571 0 0.6497838755864638
0.5742315964936426 0 0.6497838755864638
0.5726947894809287 0 0.5726985264643328
0.7273052105190718 0 0.5726985264643325
0.5726947894809283 0 0.7273014735356681
0.727305210519072 0 0.7273014735356684
2 183 0 5
2022
2023
2024
2025
2026
0.6049999991570907 0.09500000084290988 0.7999999999999999
0.6962733538120576 0.09334837938941049 0.7999999999999999
0.6501819075670312 0.1547640545881874 0.7999999999999999
0.5429143725246356 0.05845474351568614 0.7999999999999999
0.7572978529702223 0.05817947327343631 0.7999999999999999
2 184 0 2
2027
2028
0.5465017691466625 0.1334365769176329 0.7334275118852517
0.5836953739657945 0.1572550165010783 0.753171047818655
2 185 0 8
2029
2030
2031
2032
2033
2034
2035
2036
0.6073953935182916 0.2 0.6925944064038092
0.6926046064817086 0.2 0.6074055935961912
0.6170617807995977 0.2 0.6170682431940975
0.6872668067901218 0.2 0.6872575344188605
0.5470629516544867 0.2 0.6513803785135082
0.6513809124687582 0.2 0.5470688700393801
0.7535554180011876 0.2 0.649237589715924
0.6492374571869262 0.2 0.7535490981910425
2 186 0 2
2037
2038
0.5449699390934373 0.1550300609065628 0.5835488429355253
0.5673084808920243 0.1326915191079759 0.5443185830100199
2 187 0 5
2039
2040
2041
2042
2043
0.7999999999999999 0.09500899597498647 0.6949946976290283
0.7999999999999999 0.09335358415250594 0.6037298793894277
0.7999999999999999 0.1547684418377108 0.6498177967164103
0.7999999999999999 0.05818193441969338 0.5427056554159224
0.7999999999999999 0.05845663991186689 0.7570817740871539
2 188 0 2
2044
2045
0.733436576917633 0.1534982308533377 0.7334275118852516
0.7572550165013917 0.1163046260338747 0.75317104781896
2 189 0 2
2046
2047
0.7550300609065632 0.1550300609065632 0.5835488429355259
0.732691519107976 0.1326915191079759 0.5443185830100203
2 190 0 5
2048
2049
2050
2051
2052
0 0.9143051932417918 0.349999999999982
0 0.8742727838707756 0.4349913797865737
0 0.8742727838707707 0.2650086202134142
0 0.9437324466451288 0.2562698851544251
0 0.9437324466451293 0.4437301148455575
2 191 0 3
2053
2054
2055
0.0950000008429091 0.9049999991570897 0.5
0.05845593999392568 0.8429166663695743 0.5
0.1570833336313764 0.9415452564843136 0.5
2 192 0 4
2056
2057
2058
2059
0.08569480675820823 1 0.349999999999982
0.122197853058884 1 0.4222009076368841
0.1257272161257554 1 0.2650086202013424
0.05626755335649659 1 0.2562698851531932
2 193 0 2
2060
2061
0.1550300609065648 0.8449699390934352 0.4164511570644724
0.1326915191079862 0.867308480892013 0.4556814169899472
2 194 0 5
2062
2063
2064
2065
2066
0.2 0.9049910040250144 0.3050053023709712
0.2 0.9066470140866143 0.3962722418700336
0.2 0.8452316436250209 0.3501825063201435
0.2 0.9418193617650665 0.4572969796990212
0.2 0.9415433600881332 0.2429159443411461
2 195 0 2
2067
2068
0.1550300609065629 0.8449699390934371 0.2835488429355256
0.1326915191079754 0.8673084808920237 0.24431858301002
2 196 0 2
2069
2070
0.2449699390934373 0.5449699390934373 0.2835488429355253
0.2673084808920241 0.5673084808920245 0.2443185830100197
2 197 0 2
2071
2072
0.244969939093435 0.5449699390934349 0.4164511570644722
0.2673084808920132 0.5673084808920135 0.455681416989947
2 198 0 8
2073
2074
2075
2076
2077
2078
2079
2080
0.3829346645831048 0.6170653354168951 0.5
0.3158341786556904 0.6841658213443095 0.5
0.3914914948403532 0.6917846274025454 0.5
0.3082153725974548 0.6085085051596467 0.5
0.452775165901207 0.6512642804027773 0.5
0.3487357195972228 0.5472248340987929 0.5
0.3510465247847084 0.7529929215188353 0.5
0.2470070784811647 0.6489534752148509 0.5
2 199 0 2
2081
2082
0.2449699390934348 0.7550300609065652 0.416451157064472
0.2673084808920131 0.7326915191079866 0.4556814169899469
2 200 0 8
2083
2084
2085
2086
2087
2088
2089
2090
0.3829382192004022 0.7999999999999999 0.3170682431940975
0.3158300688838236 0.7999999999999999 0.3841626691347928
0.3082105169446777 0.7999999999999999 0.3085122472682891
0.3914962183134711 0.7999999999999999 0.3917808270957326
0.2470034390131455 0.7999999999999999 0.3489535594861545
0.3487355337345707 0.7999999999999999 0.2472269634211083
0.4527787071786222 0.7999999999999999 0.3512641528985472
0.3510466124563156 0.7999999999999999 0.4529907489635934
2 201 0 2
2091
2092
0.2449699390934371 0.7550300609065629 0.2835488429355255
0.267308480892024 0.7326915191079757 0.2443185830100199
2 202 0 2
2093
2094
0.4550300609065649 0.5449699390934349 0.4164511570644722
0.4326915191079866 0.5673084808920132 0.455681416989947
2 203 0 8
2095
2096
2097
2098
2099
2100
2101
2102
0.5 0.6926046064817081 0.3925944064038093
0.5 0.6073953935182923 0.3074055935961905
0.5 0.6170617807995978 0.3829317568059025
0.5 0.6872668067901218 0.3127424655811398
0.5 0.7535554180011874 0.3507624102835641
0.5 0.6492374571869164 0.2464509018089573
0.5 0.651380912468758 0.4529311299606201
0.5 0.5470629516544868 0.3486196214860132
2 204 0 2
2103
2104
0.455030060906563 0.5449699390934371 0.2835488429355256
0.4326915191079758 0.5673084808920241 0.2443185830100199
2 205 0 2
2105
2106
0.4550300609065649 0.755030060906565 0.4164511570644722
0.4326915191079864 0.732691519107987 0.455681416989947
2 206 0 2
2107
2108
0.455030060906563 0.7550300609065629 0.2835488429355255
0.4326915191079755 0.7326915191079763 0.24431858301002
2 207 0 2
2109
2110
0.5449699390934373 0.2449699390934373 0.2835488429355254
0.5673084808920243 0.2673084808920241 0.2443185830100198
2 208 0 2
2111
2112
0.5449699390934348 0.2449699390934348 0.416451157064472
0.5673084808920134 0.2673084808920132 0.4556814169899469
2 209 0 8
2113
2114
2115
2116
2117
2118
2119
2120
0.6170653354168951 0.382934664583105 0.5
0.6841658213443094 0.3158341786556906 0.5
0.6085085051596466 0.3082153725974549 0.5
0.6917846274025451 0.3914914948403534 0.5
0.5472248340987929 0.3487357195972228 0.5
0.7529929215188352 0.3510465247855991 0.5
0.6512642804027772 0.4527751659012072 0.5
0.6489534752148509 0.2470070784811647 0.5
2 210 0 2
2121
2122
0.5449699390934347 0.4550300609065653 0.4164511570644719
0.5673084808920134 0.4326915191079869 0.4556814169899467
2 211 0 8
2123
2124
2125
2126
2127
2128
2129
2130
0.6829382192004022 0.5 0.3170682431940975
0.6158300688838236 0.5 0.3841626691347928
0.6082105169446776 0.5 0.3085122472682891
0.6914962183134712 0.5 0.3917808270957326
0.5470034390131455 0.5 0.3489535594861545
0.6487355337345707 0.5 0.2472269634211083
0.7527787071786223 0.5 0.3512641528980587
0.6510466124567563 0.5 0.4529907489635934
2 212 0 2
2131
2132
0.5449699390934372 0.4550300609065629 0.2835488429355256
0.5673084808920242 0.4326915191079759 0.24431858301002
2 213 0 2
2133
2134
0.755030060906565 0.2449699390934349 0.4164511570644722
0.7326915191079867 0.2673084808920133 0.455681416989947
2 214 0 8
2135
2136
2137
2138
2139
2140
2141
2142
0.7999999999999999 0.392604606481708 0.3925944064038093
0.7999999999999999 0.3073953935182923 0.3074055935961905
0.7999999999999999 0.3829382192004022 0.3170682431940974
0.7999999999999999 0.3127331932098782 0.3872575344188601
0.7999999999999999 0.4529370483455133 0.3513803785134981
0.7999999999999999 0.3507625428135337 0.4535490981910426
0.7999999999999999 0.3486190875312422 0.2470688700393799
0.7999999999999999 0.2464445819988126 0.3492375897159238
2 215 0 2
2143
2144
0.755030060906563 0.244969939093437 0.2835488429355256
0.7326915191079758 0.2673084808920242 0.24431858301002
2 216 0 2
2145
2146
0.7550300609065648 0.4550300609065648 0.4164511570644724
0.7326915191079868 0.4326915191079865 0.4556814169899472
2 217 0 2
2147
2148
0.7550300609065628 0.4550300609065629 0.2835488429355255
0.7326915191079759 0.4326915191079757 0.2443185830100199
2 218 0 5
2149
2150
2151
2152
2153
0.9094428437388468 0 0.3499999999999884
0.8728033993400758 0 0.4342547862542028
0.8728033993400683 0 0.26574521374579
0.9406287074016531 0 0.4408334659964237
0.9406287074016428 0 0.2591665340035714
2 219 0 3
2154
2155
2156
0.9049999991570905 0.09500000084290966 0.5
0.8429166663686234 0.05845593999392584 0.5
0.941545256484314 0.1570833336304255 0.5
2 220 0 2
2157
2158
0.8449699390934347 0.1550300609065652 0.4164511570644719
0.8673084808920133 0.1326915191079867 0.4556814169899469
2 221 0 5
2159
2160
2161
2162
2163
0.9049910040250143 0.2 0.3050053023709713
0.9066470140866142 0.2 0.3962699602983337
0.8452316436250209 0.2 0.3501821803808173
0.9418193617650665 0.2 0.4572943178653713
0.9415433600881332 0.2 0.242918225912846
2 222 0 2
2164
2165
0.8484050519550137 0.1297896701087251 0.2612573303514836
0.8876272909460291 0.1581974685669658 0.23998757616123
2 223 0 5
2166
2167
2168
2169
2170
1 0.09055715626111743 0.3499999999999884
1 0.127196600659008 0.4342547862540735
1 0.1271966006590151 0.265745213745919
1 0.05937129259772181 0.440833465995099
1 0.05937129259773186 0.259166534004896
2 224 0 2
2171
2172
0.2449699390934348 0.8449699390934348 0.116451157064472
0.2673084808920131 0.8673084808920135 0.1556814169899469
2 225 0 5
2173
2174
2175
2176
2177
0.3950000008429094 0.9049999991570905 0.2
0.3037289277596423 0.9066516206105897 0.2
0.3498184183713524 0.8452359454118126 0.2
0.4570833459036645 0.9415452564843139 0.2
0.2427048088634275 0.9418205267265638 0.2
2 226 0 5
2178
2179
2180
2181
2182
0.3499999999999886 1 0.09055715626112762
0.4342547862541106 1 0.1271966006592697
0.2657452137458823 1 0.127196600659277
0.4408334659954777 1 0.05937129259790033
0.2591665340045174 1 0.05937129259791052
2 227 0 5
2183
2184
2185
2186
2187
0.3499999999999884 0.9094428437388569 0
0.4342547862541657 0.8728033993403375 0
0.2657452137458269 0.8728033993403304 0
0.4408334659960447 0.9406287074018316 0
0.2591665340039501 0.9406287074018214 0
2 228 0 2
2188
2189
0.4534982308533382 0.8665634230823666 0.1334275118852506
0.4163046260335745 0.8427449834983255 0.1531710478192382
2 229 0 3
2190
2191
2192
0.5 0.9049910040250132 0.0949946976290279
0.5 0.8429137912759247 0.05850579949202084
0.5 0.9415433600881329 0.1570817618141866
2 230 0 2
2193
2194
0.5449699390934347 0.5449699390934348 0.116451157064472
0.5673084808920134 0.5673084808920131 0.1556814169899469
2 231 0 8
2195
2196
2197
2198
2199
2200
2201
2202
0.6074013846724192 0.607401384672419 0.2
0.6925986153275808 0.6925986153275807 0.2
0.6906030124100362 0.6093969875899637 0.2
0.6109268685299147 0.6890731314700849 0.2
0.6505036405506301 0.7538102498118082 0.2
0.7540288042318013 0.6502850861310777 0.2
0.5461897501881917 0.649496359448929 0.2
0.6497149138684815 0.5459711957681986 0.2
2 232 0 2
2203
2204
0.5449699390934348 0.7550300609065652 0.116451157064472
0.5673084808920131 0.7326915191079867 0.1556814169899468
2 233 0 5
2205
2206
2207
2208
2209
0.6049910040250135 0.7999999999999999 0.09499469762902807
0.6962794369996461 0.7999999999999999 0.09337070418552135
0.6501814915745107 0.7999999999999999 0.1547653069041682
0.5429137790033651 0.7999999999999999 0.05850579949202084
0.7572979611674113 0.7999999999999999 0.05823513391808016
2 234 0 8
2210
2211
2212
2213
2214
2215
2216
2217
0.5885493320377162 0.6499999999999997 0
0.7115235063166154 0.6499999999999997 0
0.6500121397257217 0.7257684035040659 0
0.6500121397257217 0.5742315964959338 0
0.7273014735510848 0.7273052105121977 0
0.7273014735510848 0.5726947894878024 0
0.5726985264489149 0.5726947894878019 0
0.5726985264489147 0.7273052105121983 0
2 235 0 2
2218
2219
0.755030060906565 0.5449699390934349 0.1164511570644722
0.7326915191079867 0.5673084808920132 0.1556814169899471
2 236 0 5
2220
2221
2222
2223
2224
0.7999999999999999 0.604991004025013 0.09499469762902774
0.7999999999999999 0.696281718557734 0.0933707041855209
0.7999999999999999 0.650181817511821 0.154765306904168
0.7999999999999999 0.5429114974452773 0.05850579949202078
0.7999999999999999 0.7573006229851804 0.05823513391808
2 237 0 2
2225
2226
0.755030060906565 0.755030060906565 0.1164511570644723
0.7326915191079868 0.7326915191079866 0.1556814169899471
2 238 0 2
2227
2228
0.8449699390934345 0.2449699390934346 0.1164511570644718
0.8673084808920133 0.2673084808920132 0.1556814169899466
2 239 0 5
2229
2230
2231
2232
2233
0.9049999991570904 0.3049999991570904 0.2
0.9066516206105897 0.3962710722403575 0.2
0.8452359454118126 0.3501815816282068 0.2
0.941545256484314 0.2429166540963355 0.2
0.9418205267265638 0.4572951911365722 0.2
2 240 0 2
2234
2235
0.8449699390934347 0.4550300609065652 0.1164511570644719
0.8673084808920133 0.4326915191079867 0.1556814169899469
2 241 0 3
2236
2237
2238
0.9049910040250135 0.5 0.09499469762902818
0.842913791275653 0.5 0.05850579949202084
0.9415433600881331 0.5 0.1570817618139149
2 242 0 5
2239
2240
2241
2242
2243
0.8905520607177217 0.349999999999997 0
0.9271958096362691 0.4342543506185104 0
0.9271958096362665 0.2657456493814827 0
0.8593726727408002 0.4408360718695958 0
0.8593726727407974 0.2591639281304003 0
2 243 0 5
2244
2245
2246
2247
2248
1 0.3499999999999884 0.09055715626111746
1 0.4342547862540735 0.1271966006590081
1 0.265745213745919 0.1271966006590151
1 0.4408334659950989 0.05937129259772185
1 0.2591665340048959 0.05937129259773187
2 244 0 5
2249
2250
2251
2252
2253
0 0.6499999999999979 0.8905520607177471
0 0.7342543506186032 0.9271958096369236
0 0.5657456493813907 0.9271958096369205
0 0.7408360718705427 0.8593726727412467
0 0.5591639281294543 0.8593726727412436
2 245 0 5
2254
2255
2256
2257
2258
0.09055715626114361 0.6499999999999887 1
0.1271966006596625 0.7342547862541663 1
0.1271966006596698 0.5657452137458271 1
0.05937129259816845 0.7408334659960454 1
0.05937129259817865 0.55916653400395 1
2 246 0 3
2259
2260
2261
0.0950089959749868 0.7999999999999999 0.9050053023709722
0.1570862087240751 0.7999999999999999 0.9414942005079793
0.05845663991186706 0.7999999999999999 0.8429182381858134
2 247 0 5
2262
2263
2264
2265
2266
0.2 0.6950089959749866 0.9050053023709721
0.2 0.603720563000351 0.9066292958144671
0.2 0.6498185084250483 0.8452346930958301
0.2 0.5427020388325884 0.9417648660818949
0.2 0.7570862209966349 0.9414942005079792
2 248 0 2
2267
2268
0.1550300609065633 0.5449699390934367 0.8835488429355259
0.1326915191079755 0.5673084808920237 0.8443185830100203
2 249 0 2
2269
2270
0.1550300609065631 0.7550300609065631 0.8835488429355258
0.1326915191079757 0.7326915191079761 0.8443185830100202
2 250 0 8
2271
2272
2273
2274
2275
2276
2277
2278
0.3500000000000004 0.4095703056661393 1
0.3500000000000004 0.2891329478523917 1
0.2742315964936042 0.349783875586422 1
0.425768403506396 0.349783875586422 1
0.2726947894808124 0.2726985264645936 1
0.2726947894808123 0.4273014735354068 1
0.4273052105191876 0.2726985264645937 1
0.4273052105191879 0.4273014735354068 1
2 251 0 5
2279
2280
2281
2282
2283
0.3037182814284205 0.5 0.9066292958144673
0.3950089959749868 0.5 0.9050053023709723
0.3498181824862011 0.5 0.8452346930958302
0.4570885025685654 0.5 0.9414937224194437
0.2426993769986694 0.5 0.941764866081895
2 252 0 2
2284
2285
0.2484050519550135 0.4297896701087253 0.8612573303514838
0.287627290946029 0.4581974685669657 0.83998757616123
2 253 0 2
2286
2287
0.2449699390934373 0.2449699390934373 0.8835488429355254
0.2673084808920245 0.2673084808920241 0.8443185830100197
2 254 0 5
2288
2289
2290
2291
2292
0.5 0.3037205630003509 0.9066292958144671
0.5 0.3950089959749865 0.9050053023709721
0.5 0.3498185084245983 0.8452346930958301
0.5 0.4570862209966349 0.9414937224194437
0.5 0.2427020388325882 0.9417648660818949
2 255 0 2
2293
2294
0.4297896701087255 0.4515949480449866 0.8612573303514842
0.4581365174019336 0.4161122278574741 0.8472788590146277
2 256 0 2
2295
2296
0.4515949480449865 0.2702103298912747 0.8612573303514839
0.4161122278574743 0.2418634825980662 0.8472788590146282
2 257 0 5
2297
2298
2299
2300
2301
0.6499999999999972 0 0.8905520606838865
0.7342543506163787 0 0.9271958096309985
0.5657456493836148 0 0.9271958096309959
0.7408360718864544 0 0.8593726727478985
0.5591639281135422 0 0.8593726727478961
2 258 0 5
2302
2303
2304
2305
2306
0.6499999999999981 0.1094479393167226 1
0.7342543506162114 0.07280419037002243 1
0.5657456493837825 0.07280419037002542 1
0.7408360718853926 0.1406273272526169 1
0.5591639281146042 0.1406273272526199 1
2 259 0 5
2307
2308
2309
2310
2311
0.695008995974987 0.2 0.9050053023709723
0.6037182814284207 0.2 0.9066292958144673
0.6498181824862111 0.2 0.8452346930958302
0.5426993769986695 0.2 0.941764866081895
0.7570885025685654 0.2 0.9414942005079792
2 260 0 2
2312
2313
0.5449699390934372 0.1550300609065629 0.8835488429355255
0.5673084808920243 0.1326915191079759 0.8443185830100199
2 261 0 3
2314
2315
2316
0.7999999999999999 0.09500899597498658 0.9050053023709722
0.7999999999999999 0.1570862087243471 0.9414942005079792
0.7999999999999999 0.058456639911867 0.8429182381860851
2 262 0 2
2317
2318
0.755030060906563 0.1550300609065631 0.8835488429355257
0.732691519107976 0.1326915191079757 0.8443185830100201
2 263 0 5
2319
2320
2321
2322
2323
0 0.9143051932417922 0.6499999999999829
0 0.8742727838707756 0.7349913797865739
0 0.8742727838707711 0.5650086202134148
0 0.9437324466451288 0.5562698851544253
0 0.9437324466451293 0.7437301148455582
2 264 0 3
2324
2325
2326
0.0950000008429091 0.9049999991570896 0.7999999999999999
0.1570833336313764 0.9415452564843136 0.7999999999999999
0.05845474351568591 0.8429166663695742 0.7999999999999999
2 265 0 5
2327
2328
2329
2330
2331
0.08569480675820788 1 0.6499999999999829
0.125727216125751 1 0.7349913797986458
0.1257272161257553 1 0.5650086202013427
0.05626755335649654 1 0.5562698851531935
0.05626755335649616 1 0.74373011484679
2 266 0 2
2332
2333
0.1550300609065647 0.8449699390934351 0.7164511570644725
0.1326915191079862 0.867308480892013 0.7556814169899473
2 267 0 5
2334
2335
2336
2337
2338
0.2 0.9049910040250138 0.6050053023709717
0.2 0.9066470140866139 0.6962722418700336
0.2 0.8452316436250207 0.6501825063201436
0.2 0.9418193617650663 0.757296979699021
0.2 0.941543360088133 0.5429159443411461
2 268 0 2
2339
2340
0.1515949480449866 0.8702103298912746 0.5612573303514842
0.1161122278574744 0.8418634825980662 0.5472788590146285
2 269 0 2
2341
2342
0.2702103298912745 0.5484050519550134 0.5612573303514841
0.2418634825980659 0.5838877721425256 0.5472788590146287
2 270 0 2
2343
2344
0.2449699390934346 0.5449699390934346 0.7164511570644718
0.267308480892013 0.5673084808920134 0.7556814169899467
2 271 0 8
2345
2346
2347
2348
2349
2350
2351
2352
0.3829346645831048 0.6170653354168951 0.7999999999999999
0.3158341786556904 0.6841658213443095 0.7999999999999999
0.3914914948403532 0.6917846274025454 0.7999999999999999
0.3082153725974548 0.6085085051596467 0.7999999999999999
0.452775165901207 0.6512642804023273 0.7999999999999999
0.3487357195972228 0.5472248340987929 0.7999999999999999
0.3510465247851491 0.7529929215188353 0.7999999999999999
0.2470070784811647 0.6489534752148509 0.7999999999999999
2 272 0 2
2353
2354
0.2449699390934347 0.7550300609065654 0.7164511570644718
0.267308480892013 0.7326915191079867 0.7556814169899465
2 273 0 8
2355
2356
2357
2358
2359
2360
2361
2362
0.3073953935182916 0.7999999999999999 0.6925944064038092
0.3926046064817086 0.7999999999999999 0.6074055935961911
0.3829382192004022 0.7999999999999999 0.6829317568059028
0.3127331932098783 0.7999999999999999 0.6127424655811398
0.3507625428126432 0.7999999999999999 0.5464509018089576
0.4529370483455133 0.7999999999999999 0.6486196214860135
0.3486190875312419 0.7999999999999999 0.7529311299606201
0.2464445819988125 0.7999999999999999 0.6507624102835641
2 274 0 2
2363
2364
0.2449699390934372 0.755030060906563 0.5835488429355254
0.267308480892024 0.7326915191079757 0.5443185830100199
2 275 0 2
2365
2366
0.4550300609065655 0.5449699390934345 0.7164511570644717
0.4326915191079868 0.5673084808920131 0.7556814169899466
2 276 0 8
2367
2368
2369
2370
2371
2372
2373
2374
0.5 0.6829382192004025 0.6170682431940977
0.5 0.6158300688838235 0.6841626691347926
0.5 0.6914962183134716 0.6917808270957322
0.5 0.6082105169446775 0.6085122472682892
0.5 0.6487355337350115 0.5472269634211085
0.5 0.6510466124563065 0.7529907489635932
0.5 0.7527787071786225 0.6512641528985471
0.5 0.5470034390131454 0.6489535594861545
2 277 0 2
2375
2376
0.4550300609065633 0.5449699390934366 0.583548842935526
0.4326915191079758 0.567308480892024 0.5443185830100202
2 278 0 2
2377
2378
0.4550300609065652 0.7550300609065653 0.716451157064472
0.4326915191079864 0.7326915191079872 0.7556814169899467
2 279 0 2
2379
2380
0.4550300609065633 0.7550300609065632 0.5835488429355259
0.4326915191079755 0.7326915191079764 0.5443185830100202
2 280 0 2
2381
2382
0.5449699390934347 0.2449699390934348 0.716451157064472
0.5673084808920134 0.2673084808920131 0.7556814169899468
2 281 0 8
2383
2384
2385
2386
2387
2388
2389
2390
0.6170653354168951 0.382934664583105 0.7999999999999999
0.6841658213443094 0.3158341786556906 0.7999999999999999
0.6085085051596466 0.3082153725974549 0.7999999999999999
0.6917846274025451 0.3914914948403534 0.7999999999999999
0.5472248340987929 0.3487357195967729 0.7999999999999999
0.7529929215188352 0.3510465247851491 0.7999999999999999
0.6512642804027772 0.4527751659012072 0.7999999999999999
0.6489534752148608 0.2470070784811647 0.7999999999999999
2 282 0 2
2391
2392
0.5449699390934348 0.4550300609065651 0.7164511570644722
0.5673084808920134 0.4326915191079868 0.7556814169899471
2 283 0 8
2393
2394
2395
2396
2397
2398
2399
2400
0.6073953935182915 0.5 0.6925944064038091
0.6926046064817086 0.5 0.6074055935961912
0.6170617807995977 0.5 0.6170682431940975
0.6872668067901216 0.5 0.6872575344188605
0.5470629516544867 0.5 0.6513803785139866
0.6513809124687582 0.5 0.5470688700393801
0.7535554180011875 0.5 0.6492375897159475
0.6492374571869162 0.5 0.7535490981910424
2 284 0 2
2401
2402
0.5449699390934372 0.4550300609065628 0.5835488429355254
0.5673084808920243 0.4326915191079759 0.5443185830100199
2 285 0 2
2403
2404
0.5702103298912746 0.2484050519550134 0.5612573303514841
0.541863482598066 0.2838877721425255 0.5472788590146287
2 286 0 2
2405
2406
0.7534982308533381 0.2665634230823663 0.7334275118852506
0.7163046260335745 0.2427449834983254 0.7531710478192383
2 287 0 8
2407
2408
2409
2410
2411
2412
2413
2414
0.7999999999999999 0.3829382192004025 0.6170682431940977
0.7999999999999999 0.3158300688838235 0.6841626691347926
0.7999999999999999 0.3914962183134716 0.6917808270957323
0.7999999999999999 0.3082105169446775 0.6085122472682892
0.7999999999999999 0.4527787071786225 0.6512641528980586
0.7999999999999999 0.3487355337354615 0.5472269634211084
0.7999999999999999 0.2470034390131455 0.6489535594856425
0.7999999999999999 0.3510466124567564 0.7529907489635932
2 288 0 2
2415
2416
0.7515949480449867 0.2702103298912746 0.5612573303514842
0.7161122278574744 0.2418634825980661 0.5472788590146284
2 289 0 2
2417
2418
0.7550300609065649 0.4550300609065648 0.7164511570644725
0.7326915191079868 0.4326915191079865 0.7556814169899472
2 290 0 2
2419
2420
0.7550300609065632 0.4550300609065632 0.5835488429355259
0.732691519107976 0.4326915191079759 0.5443185830100202
2 291 0 5
2421
2422
2423
2424
2425
0.9094428437388462 0 0.6499999999999886
0.8728033993400757 0 0.7342547862542032
0.8728033993400683 0 0.5657452137457901
0.9406287074016532 0 0.7408334659964244
0.9406287074016428 0 0.5591665340035712
2 292 0 3
2426
2427
2428
0.9049999991570905 0.09500000084290966 0.7999999999999999
0.8429166663686234 0.05845474351568608 0.7999999999999999
0.941545256484314 0.1570833336304255 0.7999999999999999
2 293 0 2
2429
2430
0.8449699390934349 0.1550300609065651 0.716451157064472
0.8673084808920134 0.1326915191079868 0.755681416989947
2 294 0 5
2431
2432
2433
2434
2435
0.9066470140866141 0.2 0.6962699602983338
0.9049910040250141 0.2 0.6050053023709715
0.8452316436250207 0.2 0.6501821803808172
0.9418193617650665 0.2 0.7572943178653713
0.9415433600881332 0.2 0.542918225912846
2 295 0 2
2436
2437
0.8484050519550135 0.1297896701087254 0.561257330351484
0.8876272909460291 0.1581974685669659 0.5399875761612301
2 296 0 5
2438
2439
2440
2441
2442
1 0.09055715626111807 0.6499999999999886
1 0.1271966006590082 0.7342547862540738
1 0.1271966006590153 0.5657452137459191
1 0.05937129259772211 0.7408334659950992
1 0.05937129259773211 0.5591665340048959
2 297 0 2
2443
2444
0.2449699390934373 0.8449699390934374 0.2835488429355253
0.2673084808920241 0.8673084808920245 0.2443185830100197
2 298 0 2
2445
2446
0.2449699390934348 0.8449699390934349 0.416451157064472
0.2673084808920131 0.8673084808920135 0.4556814169899469
2 299 0 5
2447
2448
2449
2450
2451
0.3950000008429094 0.9049999991570905 0.5
0.3037289277596423 0.9066516206105897 0.5
0.3498184183713524 0.8452359454118126 0.5
0.4570833459036645 0.9415440272748228 0.5
0.2427048088634275 0.9418205267265638 0.5
2 300 0 8
2452
2453
2454
2455
2456
2457
2458
2459
0.4095703056656779 1 0.3499999999999994
0.289132947853102 1 0.3499999999999993
0.3497838755864635 1 0.4257684035063568
0.3497838755864636 1 0.2742315964936426
0.2726985264643326 1 0.2726947894809287
0.2726985264643324 1 0.427305210519071
0.4273014735356679 1 0.2726947894809286
0.4273014735356681 1 0.4273052105190712
2 301 0 5
2460
2461
2462
2463
2464
0.5 0.9049910040250144 0.3050053023709713
0.5 0.9066463994818688 0.3962724065678266
0.5 0.8452315558243428 0.3501825298483997
0.5 0.9418180301214512 0.4572970071486534
0.5 0.9415433600881332 0.2429159443411461
2 302 0 2
2465
2466
0.4550300609065629 0.844969939093437 0.2835488429355256
0.4326915191079758 0.8673084808920242 0.2443185830100199
2 303 0 2
2467
2468
0.4550300609065649 0.8449699390934349 0.4164511570644722
0.4326915191079866 0.8673084808920133 0.4556814169899471
2 304 0 2
2469
2470
0.5449699390934373 0.5449699390934373 0.2835488429355253
0.5673084808920243 0.5673084808920241 0.2443185830100198
2 305 0 2
2471
2472
0.5449699390934351 0.5449699390934351 0.4164511570644722
0.5673084808920135 0.5673084808920132 0.4556814169899471
2 306 0 8
2473
2474
2475
2476
2477
2478
2479
2480
0.6074013846724192 0.607401384672419 0.5
0.6925986153275808 0.6925986153275807 0.5
0.6906030124100362 0.6093969875899637 0.5
0.6109268685299147 0.6890731314700849 0.5
0.6505036405506301 0.7538102498118082 0.5
0.7540288042318013 0.6502850861315277 0.5
0.5461897501881917 0.6494963594489291 0.5
0.6497149138689222 0.5459711957681986 0.5
2 307 0 2
2481
2482
0.5449699390934351 0.755030060906565 0.4164511570644723
0.5673084808920132 0.7326915191079866 0.4556814169899471
2 308 0 8
2483
2484
2485
2486
2487
2488
2489
2490
0.6829382192004022 0.7999999999999999 0.3170682431940975
0.6158300688838236 0.7999999999999999 0.3841626691347928
0.6082105169446776 0.7999999999999999 0.3085122472682891
0.6914962183134712 0.7999999999999999 0.3917808270957326
0.5470034390131455 0.7999999999999999 0.3489535594861545
0.6487355337345707 0.7999999999999999 0.2472269634211083
0.7527787071786223 0.7999999999999999 0.3512641528985472
0.6510466124563157 0.7999999999999999 0.4529907489635934
2 309 0 2
2491
2492
0.5449699390934372 0.7550300609065629 0.2835488429355255
0.567308480892024 0.7326915191079757 0.2443185830100199
2 310 0 2
2493
2494
0.7550300609065648 0.5449699390934352 0.4164511570644724
0.7326915191079866 0.5673084808920134 0.4556814169899472
2 311 0 8
2495
2496
2497
2498
2499
2500
2501
2502
0.7999999999999999 0.6926046064817081 0.3925944064038093
0.7999999999999999 0.6073953935182923 0.3074055935961905
0.7999999999999999 0.6170617807995978 0.3829317568059025
0.7999999999999999 0.6872668067901218 0.3127424655811398
0.7999999999999999 0.7535554180011874 0.3507624102835641
0.7999999999999999 0.6492374571869164 0.2464509018089573
0.7999999999999999 0.6513809124692079 0.4529311299606201
0.7999999999999999 0.5470629516544868 0.3486196214855247
2 312 0 2
2503
2504
0.7550300609065629 0.5449699390934372 0.2835488429355255
0.7326915191079758 0.5673084808920241 0.2443185830100199
2 313 0 2
2505
2506
0.755030060906565 0.7550300609065651 0.4164511570644722
0.7326915191079868 0.7326915191079867 0.455681416989947
2 314 0 2
2507
2508
0.7550300609065629 0.7550300609065629 0.2835488429355255
0.7326915191079759 0.7326915191079758 0.2443185830100199
2 315 0 2
2509
2510
0.8449699390934373 0.2449699390934373 0.2835488429355254
0.8673084808920243 0.2673084808920242 0.2443185830100198
2 316 0 2
2511
2512
0.844969939093435 0.244969939093435 0.4164511570644722
0.8673084808920134 0.2673084808920133 0.455681416989947
2 317 0 5
2513
2514
2515
2516
2517
0.9049999991570904 0.3049999991570904 0.5
0.9066510060058441 0.3962712369231993 0.5
0.8452358576111347 0.350181605154777 0.5
0.9418191950829484 0.4572952185837125 0.5
0.941545256484314 0.2429166540963355 0.5
2 318 0 2
2518
2519
0.8465017691466625 0.4334365769176328 0.4334275118852517
0.8836953739657947 0.4572550165010782 0.4531710478186551
2 319 0 5
2520
2521
2522
2523
2524
0.9049910040250143 0.5 0.3050053023709713
0.9066463994818686 0.5 0.3962701249961266
0.8452315558243428 0.5 0.3501822039090968
0.9418180301214512 0.5 0.4572943453150034
0.9415433600881332 0.5 0.242918225912846
2 320 0 2
2525
2526
0.8449699390934371 0.4550300609065628 0.2835488429355255
0.8673084808920243 0.4326915191079758 0.2443185830100197
2 321 0 8
2527
2528
2529
2530
2531
2532
2533
2534
1 0.3499999999999994 0.2904342602255214
1 0.3499999999999994 0.4108600240370281
1 0.4257680193165944 0.350215714043758
1 0.2742319806834051 0.3502157140437579
1 0.4273040579497837 0.4273040579497837
1 0.2726959420502162 0.4273040579497835
1 0.2726959420502159 0.2726959420502159
1 0.4273040579497841 0.2726959420502157
2 322 0 2
2535
2536
0.5449699390934347 0.8449699390934349 0.116451157064472
0.5673084808920134 0.8673084808920132 0.1556814169899468
2 323 0 5
2537
2538
2539
2540
2541
0.6950000008429094 0.9049999991570905 0.2
0.6037289277596426 0.9066516206105896 0.2
0.6498184183713525 0.8452359454118126 0.2
0.5427048088634279 0.9418205267265638 0.2
0.7570833459036644 0.9415452564843378 0.2
2 324 0 5
2542
2543
2544
2545
2546
0.6499999999999886 1 0.0905571562611283
0.7342547862541108 1 0.1271966006592701
0.5657452137458824 1 0.1271966006592773
0.7408334659954778 1 0.05937129259790073
0.5591665340045175 1 0.05937129259791082
2 325 0 5
2547
2548
2549
2550
2551
0.6499999999999886 0.9094428437388564 0
0.7342547862541661 0.8728033993403373 0
0.5657452137458269 0.8728033993403302 0
0.7408334659960455 0.9406287074018318 0
0.5591665340039501 0.9406287074018216 0
2 326 0 2
2552
2553
0.755030060906565 0.8449699390934349 0.1164511570644721
0.7326915191079867 0.8673084808920133 0.155681416989947
2 327 0 3
2554
2555
2556
0.7999999999999999 0.9049910040250131 0.09499469762902779
0.7999999999999999 0.8429137912759247 0.05850579949199791
0.7999999999999999 0.9415433600881568 0.1570817618141866
2 328 0 2
2557
2558
0.8449699390934348 0.5449699390934348 0.1164511570644719
0.8673084808920134 0.5673084808920131 0.1556814169899468
2 329 0 5
2559
2560
2561
2562
2563
0.9049999991570905 0.6049999991570901 0.2
0.9066516206106017 0.6962710722403543 0.2
0.8452359454118143 0.6501815816282064 0.2
0.941545256484314 0.5429166540963354 0.2
0.9418205267265897 0.7572951911365717 0.2
2 330 0 2
2564
2565
0.8465017691466622 0.7334365769176333 0.1334275118852511
0.8836953739657945 0.7572550165010781 0.1531710478186549
2 331 0 3
2566
2567
2568
0.9049910040250135 0.7999999999999999 0.09499469762902818
0.8429137912756529 0.7999999999999999 0.05850579949199791
0.9415433600881569 0.7999999999999999 0.1570817618139149
2 332 0 5
2569
2570
2571
2572
2573
0.8905520607177213 0.6499999999999972 0
0.9271958096362689 0.7342543506185107 0
0.9271958096362664 0.5657456493814828 0
0.8593726727407996 0.7408360718695965 0
0.8593726727407975 0.5591639281304004 0
2 333 0 5
2574
2575
2576
2577
2578
1 0.6499999999999886 0.09055715626111809
1 0.734254786254074 0.1271966006590082
1 0.5657452137459189 0.1271966006590153
1 0.7408334659950995 0.05937129259772195
1 0.5591665340048959 0.05937129259773212
2 334 0 4
2579
2580
2581
2582
0 0.8500000000014263 0.8500000000006107
0 0.9250000000008622 0.8749999999998428
0 0.8708333333339386 0.9291666666660606
0 0.943749999999937 0.9437500000004581
2 335 0 4
2583
2584
2585
2586
0.1500000000006113 0.8500000000014263 1
0.1249999999996946 0.9250000000007133 1
0.07083333333383715 0.8708333333331236 1
0.05624999999938868 0.9437499999995421 1
2 336 0 4
2587
2588
2589
2590
0.149999999999389 1 0.949999999998573
0.1250000000005092 1 0.8749999999994905
0.07083333333363412 1 0.9291666666660002
0.05624999999995232 1 0.8562499999986899
2 337 0 3
2591
2592
2593
0.2 0.9049910040250144 0.9050053023709712
0.2 0.8429137912766043 0.9414942005079789
0.2 0.9415433600881332 0.8429182381851337
2 338 0 2
2594
2595
0.1515949480449865 0.8702103298912747 0.8612573303514839
0.1161122278574743 0.8418634825980662 0.8472788590146283
2 339 0 8
2596
2597
2598
2599
2600
2601
2602
2603
0.3500000000000003 0.7106671837010196 1
0.3500000000000004 0.5891900531228457 1
0.2742315964936041 0.6499762061373111 1
0.4257684035063961 0.6499762061373113 1
0.2726947894808123 0.5726985264645937 1
0.4273052105191877 0.5726985264645941 1
0.2726947894808119 0.7273014735354071 1
0.4273052105191882 0.7273014735354073 1
2 340 0 5
2604
2605
2606
2607
2608
0.3037182814284205 0.7999999999999999 0.9066292958144673
0.3950089959749868 0.7999999999999999 0.9050053023709723
0.3498181824862011 0.7999999999999999 0.8452346930958302
0.2426993769986694 0.7999999999999999 0.941764866081895
0.4570885025685654 0.7999999999999999 0.9414942005079792
2 341 0 2
2609
2610
0.2484050519550135 0.7297896701087253 0.8612573303514839
0.287627290946029 0.7581974685669658 0.8399875761612301
2 342 0 2
2611
2612
0.2449699390934373 0.5449699390934373 0.8835488429355254
0.2673084808920241 0.5673084808920245 0.8443185830100197
2 343 0 5
2613
2614
2615
2616
2617
0.5 0.6950089959749866 0.9050053023709721
0.5 0.6037204989602634 0.9066290567701993
0.5 0.6498184992760144 0.8452346589466491
0.5 0.5427020281592404 0.9417643481526482
0.5 0.7570862209966349 0.9414942005079792
2 344 0 2
2618
2619
0.4550300609065632 0.755030060906563 0.8835488429355257
0.4326915191079755 0.7326915191079763 0.8443185830100202
2 345 0 2
2620
2621
0.4515949480449866 0.5702103298912747 0.8612573303514839
0.4161122278574743 0.5418634825980662 0.8472788590146283
2 346 0 8
2622
2623
2624
2625
2626
2627
2628
2629
0.6500000000000007 0.4095703056661392 1
0.6500000000000008 0.289132947852392 1
0.5742315964936044 0.3497838755864221 1
0.7257684035063963 0.349783875586422 1
0.5726947894808124 0.2726985264645933 1
0.5726947894808123 0.4273014735354071 1
0.7273052105191881 0.2726985264645934 1
0.7273052105191883 0.427301473535407 1
2 347 0 5
2630
2631
2632
2633
2634
0.695008995974987 0.5 0.9050053023709723
0.6037182173883331 0.5 0.9066290567701996
0.6498181733376173 0.5 0.8452346589466491
0.5426993663253217 0.5 0.9417643481526483
0.7570885025685654 0.5 0.9414937493223292
2 348 0 2
2635
2636
0.5484050519550137 0.4297896701087253 0.8612573303514838
0.5876272909460291 0.4581974685669659 0.83998757616123
2 349 0 2
2637
2638
0.5449699390934374 0.2449699390934373 0.8835488429355254
0.5673084808920243 0.2673084808920242 0.8443185830100197
2 350 0 5
2639
2640
2641
2642
2643
0.7999999999999999 0.3037205630003509 0.9066292958144671
0.7999999999999999 0.3950089959749866 0.9050053023709721
0.7999999999999999 0.3498185084250482 0.8452346930958301
0.7999999999999999 0.4570862209966349 0.9414937493223292
0.7999999999999999 0.2427020388325882 0.9417648660818949
2 351 0 2
2644
2645
0.7297896701087255 0.4515949480449866 0.8612573303514842
0.7581365174019337 0.416112227857474 0.8472788590146277
2 352 0 2
2646
2647
0.7550300609065633 0.2449699390934367 0.883548842935526
0.7326915191079759 0.2673084808920241 0.8443185830100203
2 353 0 4
2648
2649
2650
2651
0.8499999999985729 0 0.8500000000014264
0.9249999999994898 0 0.8749999999994905
0.8708333333339665 0 0.9291666666665085
0.9437500000000892 0 0.9437500000000892
2 354 0 4
2652
2653
2654
2655
0.8500000000014265 0.150000000001427 1
0.8749999999994904 0.07500000000050984 1
0.9291666666671022 0.1291666666659139 1
0.9437499999992864 0.05624999999964428 1
2 355 0 3
2656
2657
2658
0.9049910040250142 0.2 0.9050053023709715
0.8429137912766043 0.2 0.9414942005079791
0.9415433600881332 0.2 0.8429182381851338
2 356 0 2
2659
2660
0.8484050519550135 0.1297896701087253 0.8612573303514839
0.8876272909460291 0.1581974685669658 0.83998757616123
2 357 0 4
2661
2662
2663
2664
1 0.149999999999389 0.9499999999985731
1 0.1249999999997959 0.8749999999987771
1 0.07083333333334491 0.9291666666659425
1 0.05625000000034368 0.8562500000010566
2 358 0 2
2665
2666
0.244969939093437 0.844969939093437 0.5835488429355257
0.267308480892024 0.8673084808920244 0.54431858301002
2 359 0 2
2667
2668
0.2449699390934348 0.8449699390934349 0.716451157064472
0.2673084808920131 0.8673084808920135 0.755681416989947
2 360 0 5
2669
2670
2671
2672
2673
0.3950000008429094 0.9049999991570905 0.7999999999999999
0.3037289277596423 0.9066516206105897 0.7999999999999999
0.3498184183717931 0.8452359454118126 0.7999999999999999
0.4570833459036645 0.9415440600060743 0.7999999999999999
0.2427048088634275 0.9418205267265638 0.7999999999999999
2 361 0 8
2674
2675
2676
2677
2678
2679
2680
2681
0.409570305665678 1 0.6499999999999996
0.2891329478531017 1 0.6499999999999997
0.3497838755864635 1 0.725768403506357
0.3497838755864635 1 0.5742315964936426
0.2726985264643328 1 0.5726947894809289
0.4273014735356677 1 0.5726947894809286
0.2726985264643325 1 0.7273052105190715
0.4273014735356681 1 0.7273052105190716
2 362 0 5
2682
2683
2684
2685
2686
0.5 0.9049910040250138 0.6050053023709717
0.5 0.9066464158474941 0.6962724021822723
0.5 0.8452315581622891 0.6501825292218919
0.5 0.9415421308786419 0.5429159443411461
0.5 0.9418180655803067 0.7572970064177276
2 363 0 2
2687
2688
0.4550300609065633 0.8449699390934367 0.583548842935526
0.4326915191079759 0.8673084808920241 0.5443185830100202
2 364 0 2
2689
2690
0.4550300609065648 0.8449699390934351 0.7164511570644724
0.4326915191079865 0.8673084808920133 0.7556814169899473
2 365 0 2
2691
2692
0.5449699390934371 0.5449699390934369 0.5835488429355257
0.5673084808920243 0.567308480892024 0.54431858301002
2 366 0 2
2693
2694
0.5449699390934346 0.5449699390934347 0.7164511570644719
0.5673084808920132 0.5673084808920131 0.7556814169899468
2 367 0 8
2695
2696
2697
2698
2699
2700
2701
2702
0.6074013846724192 0.607401384672419 0.7999999999999999
0.6925986153275808 0.6925986153275807 0.7999999999999999
0.6906030124100362 0.6093969875899637 0.7999999999999999
0.6109268685299147 0.6890731314700849 0.7999999999999999
0.6505036405510708 0.7538102498118082 0.7999999999999999
0.7540288042318013 0.6502850861310777 0.7999999999999999
0.5461897501881917 0.6494963594484791 0.7999999999999999
0.6497149138689222 0.5459711957681986 0.7999999999999999
2 368 0 2
2703
2704
0.5449699390934347 0.7550300609065653 0.7164511570644719
0.567308480892013 0.7326915191079867 0.7556814169899467
2 369 0 8
2705
2706
2707
2708
2709
2710
2711
2712
0.6073953935182916 0.7999999999999999 0.6925944064038092
0.6926046064817086 0.7999999999999999 0.6074055935961912
0.6170617807995977 0.7999999999999999 0.6170682431940975
0.6872668067901218 0.7999999999999999 0.6872575344188605
0.5470629516544867 0.7999999999999999 0.6513803785139866
0.6513809124683174 0.7999999999999999 0.5470688700393801
0.7535554180011876 0.7999999999999999 0.649237589716436
0.6492374571869162 0.7999999999999999 0.7535490981910425
2 370 0 2
2713
2714
0.5449699390934372 0.755030060906563 0.5835488429355256
0.5673084808920241 0.7326915191079757 0.5443185830100198
2 371 0 2
2715
2716
0.7550300609065654 0.5449699390934345 0.7164511570644718
0.7326915191079868 0.5673084808920131 0.7556814169899467
2 372 0 8
2717
2718
2719
2720
2721
2722
2723
2724
0.7999999999999999 0.6829382192004025 0.6170682431940977
0.7999999999999999 0.6158300688838235 0.6841626691347926
0.7999999999999999 0.6914962183134716 0.6917808270957322
0.7999999999999999 0.6082105169446775 0.6085122472682892
0.7999999999999999 0.6487355337354614 0.5472269634211085
0.7999999999999999 0.6510466124567564 0.7529907489635932
0.7999999999999999 0.7527787071786225 0.6512641528985471
0.7999999999999999 0.5470034390131454 0.6489535594856659
2 373 0 2
2725
2726
0.7515949480449867 0.5702103298912745 0.5612573303514842
0.7161122278574743 0.5418634825980662 0.5472788590146284
2 374 0 2
2727
2728
0.7550300609065651 0.7550300609065653 0.716451157064472
0.7326915191079868 0.7326915191079867 0.755681416989947
2 375 0 2
2729
2730
0.7550300609065632 0.7550300609065632 0.5835488429355259
0.732691519107976 0.7326915191079759 0.5443185830100202
2 376 0 2
2731
2732
0.8449699390934345 0.2449699390934346 0.7164511570644718
0.8673084808920133 0.2673084808920132 0.7556814169899467
2 377 0 5
2733
2734
2735
2736
2737
0.9049999991570904 0.3049999991570904 0.7999999999999999
0.9066516206105897 0.3962710722403575 0.7999999999999999
0.8452359454118126 0.3501815816282068 0.7999999999999999
0.941545256484314 0.2429166540963355 0.7999999999999999
0.9418205267265638 0.4572951911365722 0.7999999999999999
2 378 0 2
2738
2739
0.8449699390934348 0.4550300609065651 0.716451157064472
0.8673084808920133 0.4326915191079866 0.7556814169899471
2 379 0 5
2740
2741
2742
2743
2744
0.9066470140866141 0.5 0.6962699602983338
0.9049910040250141 0.5 0.6050053023709715
0.8452316436250207 0.5 0.6501821803808407
0.941542130878642 0.5 0.5429182259128459
0.9418193617650665 0.5 0.7572943178653713
2 380 0 2
2745
2746
0.8484050519550135 0.4297896701087254 0.561257330351484
0.887627290946029 0.4581974685669658 0.5399875761612301
2 381 0 2
2747
2748
0.8702103298912747 0.2484050519550134 0.5612573303514841
0.8418634825980661 0.2838877721425255 0.5472788590146288
2 382 0 8
2749
2750
2751
2752
2753
2754
2755
2756
1 0.3499999999999994 0.5904342602255215
1 0.3499999999999994 0.7108600240370282
1 0.4257680193165944 0.650215714043758
1 0.2742319806834051 0.6502157140437581
1 0.2726959420502163 0.7273040579497838
1 0.4273040579497835 0.727304057949784
1 0.427304057949784 0.5726959420502157
1 0.2726959420502159 0.5726959420502159
2 383 0 2
2757
2758
0.5702103298912746 0.8484050519550135 0.261257330351484
0.5418634825980659 0.8838877721425257 0.2472788590146286
2 384 0 2
2759
2760
0.5449699390934351 0.8449699390934351 0.4164511570644722
0.5673084808920134 0.8673084808920133 0.4556814169899471
2 385 0 5
2761
2762
2763
2764
2765
0.6950000008429094 0.9049999991570905 0.5
0.6037287630768008 0.906651006005844 0.5
0.6498183948452322 0.8452358576111345 0.5
0.5427047814162875 0.9418191950829484 0.5
0.7570833459036644 0.9415452564843139 0.5
2 386 0 8
2766
2767
2768
2769
2770
2771
2772
2773
0.7114506680108258 1 0.3499999999999994
0.5884764936340174 1 0.3499999999999994
0.6499878602741409 1 0.4257684035063569
0.6499878602741409 1 0.2742315964936425
0.5726985264643326 1 0.2726947894809285
0.5726985264643326 1 0.4273052105190712
0.7273014735356683 1 0.2726947894809282
0.7273014735356685 1 0.4273052105190716
2 387 0 5
2774
2775
2776
2777
2778
0.7999999999999999 0.9049910040250144 0.3050053023709712
0.7999999999999999 0.9066470140866143 0.3962722418700336
0.7999999999999999 0.8452316436250209 0.3501825063201435
0.7999999999999999 0.9418193617650665 0.4572969796990212
0.7999999999999999 0.9415433600881571 0.2429159443411461
2 388 0 2
2779
2780
0.7515949480449865 0.8702103298912747 0.2612573303514839
0.7161122278574743 0.8418634825980661 0.2472788590146283
2 389 0 2
2781
2782
0.7550300609065648 0.8449699390934352 0.4164511570644724
0.7326915191079866 0.8673084808920134 0.4556814169899472
2 390 0 2
2783
2784
0.8449699390934372 0.5449699390934373 0.2835488429355254
0.8673084808920244 0.5673084808920242 0.2443185830100198
2 391 0 2
2785
2786
0.844969939093435 0.5449699390934349 0.4164511570644722
0.8673084808920134 0.5673084808920132 0.455681416989947
2 392 0 5
2787
2788
2789
2790
2791
0.9049999991570905 0.6049999991570901 0.5
0.9066516206105897 0.6962710722403576 0.5
0.8452359454118126 0.6501815816286568 0.5
0.9415440272748228 0.5429166540963354 0.5
0.9418205267265638 0.7572951911365723 0.5
2 393 0 2
2792
2793
0.8449699390934347 0.7550300609065653 0.4164511570644718
0.8673084808920133 0.7326915191079868 0.4556814169899468
2 394 0 5
2794
2795
2796
2797
2798
0.9049910040250143 0.7999999999999999 0.3050053023709713
0.9066470140866142 0.7999999999999999 0.3962699602983337
0.8452316436250209 0.7999999999999999 0.3501821803813292
0.9418193617650665 0.7999999999999999 0.4572943178653713
0.9415433600881571 0.7999999999999999 0.242918225912846
2 395 0 2
2799
2800
0.8449699390934372 0.7550300609065628 0.2835488429355254
0.8673084808920244 0.7326915191079758 0.2443185830100198
2 396 0 8
2801
2802
2803
2804
2805
2806
2807
2808
1 0.6499999999999997 0.2885574682492467
1 0.6499999999999996 0.4115152318028874
1 0.7257680193165946 0.3500121166753554
1 0.5742319806834052 0.3500121166753554
1 0.5726959420502163 0.4273040579497834
1 0.7273040579497841 0.4273040579497838
1 0.5726959420502159 0.2726959420502159
1 0.7273040579497845 0.2726959420502154
2 397 0 2
2809
2810
0.8449699390934347 0.8449699390934347 0.1164511570644718
0.8673084808920133 0.8673084808920133 0.1556814169899467
2 398 0 3
2811
2812
2813
0.9049999991570905 0.9049999991570903 0.2
0.8429166663695744 0.9415452564843378 0.2
0.9415452564843378 0.8429166663686233 0.2
2 399 0 4
2814
2815
2816
2817
0.8500000000014263 1 0.1499999999993891
0.9250000000010188 1 0.1250000000000005
0.8708333333339388 1 0.07083333333393946
0.9437499999993886 1 0.05624999999954213
2 400 0 4
2818
2819
2820
2821
0.9499999999985731 0.8499999999993884 0
0.9250000000002034 0.9250000000002034 0
0.8708333333336385 0.8708333333341142 0
0.8562499999998339 0.9437499999990958 0
2 401 0 4
2822
2823
2824
2825
1 0.949999999998573 0.1499999999993891
1 0.8749999999987772 0.124999999999796
1 0.9291666666659421 0.070833333333345
1 0.8562500000010569 0.05625000000034399
2 402 0 2
2826
2827
0.2702103298912746 0.8484050519550136 0.861257330351484
0.2418634825980659 0.8838877721425257 0.8472788590146286
2 403 0 5
2828
2829
2830
2831
2832
0.3499999999999977 0.8905520606833129 1
0.4342543506163401 0.9271958096308939 1
0.2657456493836534 0.9271958096308908 1
0.4408360718867173 0.8593726727480084 1
0.2591639281132792 0.8593726727480053 1
2 404 0 5
2833
2834
2835
2836
2837
0.3499999999999885 1 0.9094428437388469
0.4342547862542029 1 0.8728033993400759
0.2657452137457901 1 0.8728033993400686
0.4408334659964239 1 0.9406287074016533
0.2591665340035713 1 0.9406287074016431
2 405 0 3
2838
2839
2840
0.5 0.9049910040250144 0.9050053023709712
0.5 0.8429137912766043 0.9414942005079789
0.5 0.9415421636098935 0.8429182381851337
2 406 0 2
2841
2842
0.4515949480449866 0.8702103298912748 0.8612573303514839
0.4161122278574743 0.8418634825980662 0.8472788590146283
2 407 0 8
2843
2844
2845
2846
2847
2848
2849
2850
0.6500000000000007 0.7106671837010192 1
0.6500000000000008 0.589190053122846 1
0.5742315964936043 0.6499762061373112 1
0.7257684035063964 0.6499762061373112 1
0.5726947894808126 0.5726985264645938 1
0.5726947894808122 0.7273014735354072 1
0.7273052105191884 0.5726985264645934 1
0.7273052105191886 0.7273014735354074 1
2 408 0 5
2851
2852
2853
2854
2855
0.695008995974987 0.7999999999999999 0.9050053023709723
0.6037182814284207 0.7999999999999999 0.9066292958144673
0.6498181824862012 0.7999999999999999 0.8452346930958302
0.5426993769986695 0.7999999999999999 0.941764866081895
0.7570885025685654 0.7999999999999999 0.9414942005079793
2 409 0 2
2856
2857
0.5449699390934372 0.7550300609065629 0.8835488429355255
0.567308480892024 0.7326915191079757 0.8443185830100199
2 410 0 2
2858
2859
0.5449699390934372 0.5449699390934374 0.8835488429355254
0.5673084808920243 0.5673084808920242 0.8443185830100197
2 411 0 5
2860
2861
2862
2863
2864
0.7999999999999999 0.6950089959749866 0.9050053023709721
0.7999999999999999 0.6037205025639122 0.9066290702216421
0.7999999999999999 0.6498184997912713 0.8452346608682837
0.7999999999999999 0.5427020287598485 0.9417643772974408
0.7999999999999999 0.7570862209966349 0.9414942005079792
2 412 0 2
2865
2866
0.7297896701087256 0.7515949480449866 0.8612573303514842
0.7581365174019337 0.7161122278574741 0.8472788590146276
2 413 0 2
2867
2868
0.7550300609065634 0.5449699390934368 0.883548842935526
0.7326915191079759 0.5673084808920241 0.8443185830100203
2 414 0 5
2869
2870
2871
2872
2873
0.9094428437388826 0.3499999999999884 1
0.8728033993409923 0.4342547862540739 1
0.8728033993409849 0.265745213745919 1
0.9406287074022784 0.4408334659950993 1
0.9406287074022683 0.2591665340048958 1
2 415 0 3
2874
2875
2876
0.9049910040250142 0.5 0.9050053023709715
0.8429137912766043 0.5 0.941493749322329
0.9415433600881332 0.5 0.8429182381851338
2 416 0 2
2877
2878
0.8484050519550136 0.4297896701087253 0.8612573303514838
0.8876272909460292 0.4581974685669659 0.83998757616123
2 417 0 2
2879
2880
0.8449699390934372 0.2449699390934373 0.8835488429355254
0.8673084808920244 0.2673084808920242 0.8443185830100198
2 418 0 5
2881
2882
2883
2884
2885
1 0.3499999999999884 0.9094428437388469
1 0.4342547862542026 0.8728033993400757
1 0.26574521374579 0.8728033993400686
1 0.4408334659964238 0.9406287074016533
1 0.2591665340035711 0.9406287074016431
2 419 0 2
2886
2887
0.5449699390934371 0.844969939093437 0.5835488429355257
0.5673084808920242 0.8673084808920242 0.54431858301002
2 420 0 2
2888
2889
0.5449699390934345 0.8449699390934347 0.7164511570644718
0.5673084808920132 0.8673084808920132 0.7556814169899466
2 421 0 5
2890
2891
2892
2893
2894
0.6950000008429094 0.9049999991570905 0.7999999999999999
0.6037287674619569 0.9066510223714697 0.7999999999999999
0.6498183954721238 0.845235859949081 0.7999999999999999
0.5427047821471469 0.9418192305418041 0.7999999999999999
0.7570833459036644 0.9415452564843139 0.7999999999999999
2 422 0 8
2895
2896
2897
2898
2899
2900
2901
2902
0.7106671837003478 1 0.6499999999999997
0.5891900531235448 1 0.6499999999999995
0.6499762061373158 1 0.7257684035063572
0.6499762061373159 1 0.5742315964936426
0.5726985264643332 1 0.5726947894809289
0.5726985264643326 1 0.7273052105190718
0.7273014735356683 1 0.5726947894809284
0.7273014735356685 1 0.7273052105190722
2 423 0 5
2903
2904
2905
2906
2907
0.7999999999999999 0.9049910040250138 0.6050053023709717
0.7999999999999999 0.9066470140866139 0.6962722418700336
0.7999999999999999 0.8452316436250207 0.6501825063201435
0.7999999999999999 0.9418193617650663 0.757296979699021
0.7999999999999999 0.941543360088133 0.5429159443411461
2 424 0 2
2908
2909
0.7515949480449867 0.8702103298912747 0.5612573303514842
0.7161122278574744 0.8418634825980662 0.5472788590146285
2 425 0 2
2910
2911
0.7550300609065648 0.844969939093435 0.7164511570644724
0.7326915191079866 0.8673084808920133 0.7556814169899472
2 426 0 2
2912
2913
0.8702103298912747 0.5484050519550134 0.5612573303514841
0.841863482598066 0.5838877721425255 0.5472788590146287
2 427 0 2
2914
2915
0.8449699390934348 0.5449699390934348 0.7164511570644719
0.8673084808920133 0.5673084808920132 0.7556814169899468
2 428 0 5
2916
2917
2918
2919
2920
0.9049999991570905 0.6049999991570901 0.7999999999999999
0.9066516206105897 0.6962710722403576 0.7999999999999999
0.8452359454118126 0.6501815816282068 0.7999999999999999
0.941545256484314 0.5429166540963354 0.7999999999999999
0.9418205267265638 0.7572951911365723 0.7999999999999999
2 429 0 2
2921
2922
0.8449699390934347 0.7550300609065653 0.7164511570644718
0.8673084808920133 0.7326915191079869 0.7556814169899467
2 430 0 5
2923
2924
2925
2926
2927
0.9066470140866141 0.7999999999999999 0.6962699602983338
0.9049910040250141 0.7999999999999999 0.6050053023709715
0.8452316436250207 0.7999999999999999 0.6501821803813292
0.9418193617650665 0.7999999999999999 0.7572943178653713
0.9415433600881332 0.7999999999999999 0.542918225912846
2 431 0 2
2928
2929
0.8449699390934371 0.755030060906563 0.5835488429355256
0.8673084808920243 0.7326915191079759 0.54431858301002
2 432 0 8
2930
2931
2932
2933
2934
2935
2936
2937
1 0.5904342602255213 0.6499999999999996
1 0.7108600240370284 0.6499999999999994
1 0.650215714043758 0.7257680193165943
1 0.6502157140437579 0.5742319806834051
1 0.5726959420502157 0.5726959420502157
1 0.7273040579497837 0.7273040579497837
1 0.7273040579497838 0.5726959420502161
1 0.5726959420502159 0.7273040579497843
2 433 0 2
2938
2939
0.8449699390934373 0.8449699390934374 0.2835488429355253
0.8673084808920243 0.8673084808920244 0.2443185830100197
2 434 0 2
2940
2941
0.8449699390934348 0.8449699390934349 0.4164511570644719
0.8673084808920133 0.8673084808920133 0.4556814169899468
2 435 0 3
2942
2943
2944
0.9049999991570905 0.9049999991570903 0.5
0.941545256484314 0.8429166663686233 0.5
0.8429166663695745 0.941545256484314 0.5
2 436 0 5
2945
2946
2947
2948
2949
0.8905520606838867 1 0.349999999999997
0.9271958096309985 1 0.4342543506163784
0.927195809630996 1 0.2657456493836148
0.8593726727478983 1 0.4408360718864542
0.8593726727478959 1 0.2591639281135422
2 437 0 5
2950
2951
2952
2953
2954
1 0.9094428437388467 0.3499999999999883
1 0.8728033993400757 0.4342547862542026
1 0.8728033993400687 0.26574521374579
1 0.9406287074016529 0.4408334659964237
1 0.9406287074016428 0.2591665340035711
2 438 0 2
2955
2956
0.5702103298912746 0.8484050519550135 0.8612573303514841
0.5418634825980659 0.8838877721425257 0.8472788590146285
2 439 0 5
2957
2958
2959
2960
2961
0.649999999999998 0.8905520606833132 1
0.7342543506163406 0.9271958096308939 1
0.5657456493836535 0.9271958096308908 1
0.7408360718867175 0.8593726727480082 1
0.5591639281132793 0.8593726727480051 1
2 440 0 5
2962
2963
2964
2965
2966
0.6499999999999888 1 0.9094428437388461
0.7342547862542033 1 0.8728033993400757
0.5657452137457903 1 0.8728033993400682
0.7408334659964244 1 0.9406287074016531
0.5591665340035716 1 0.9406287074016424
2 441 0 3
2967
2968
2969
0.7999999999999999 0.9049910040250144 0.9050053023709712
0.7999999999999999 0.8429137912766043 0.9414942005079789
0.7999999999999999 0.9415433600881332 0.8429182381851337
2 442 0 2
2970
2971
0.7550300609065633 0.8449699390934367 0.883548842935526
0.7326915191079759 0.8673084808920241 0.8443185830100204
2 443 0 5
2972
2973
2974
2975
2976
0.909442843738882 0.6499999999999888 1
0.8728033993409918 0.734254786254074 1
0.8728033993409845 0.5657452137459192 1
0.940628707402278 0.7408334659950995 1
0.9406287074022679 0.5591665340048959 1
2 444 0 3
2977
2978
2979
0.9049910040250142 0.7999999999999999 0.9050053023709717
0.8429137912766043 0.7999999999999999 0.9414942005079789
0.9415433600881331 0.7999999999999999 0.8429182381851338
2 445 0 2
2980
2981
0.8484050519550136 0.7297896701087253 0.8612573303514838
0.8876272909460291 0.7581974685669658 0.83998757616123
2 446 0 2
2982
2983
0.8702103298912747 0.5484050519550134 0.861257330351484
0.841863482598066 0.5838877721425256 0.8472788590146286
2 447 0 5
2984
2985
2986
2987
2988
1 0.6499999999999886 0.9094428437388462
1 0.734254786254203 0.8728033993400757
1 0.56574521374579 0.8728033993400685
1 0.7408334659964244 0.9406287074016532
1 0.5591665340035714 0.9406287074016427
2 448 0 2
2989
2990
0.844969939093437 0.844969939093437 0.5835488429355257
0.8673084808920241 0.8673084808920243 0.5443185830100201
2 449 0 2
2991
2992
0.8449699390934348 0.8449699390934349 0.716451157064472
0.8673084808920133 0.8673084808920133 0.7556814169899468
2 450 0 3
2993
2994
2995
0.9049999991570905 0.9049999991570903 0.7999999999999999
0.941545256484314 0.8429166663686233 0.7999999999999999
0.8429166663695744 0.9415452564843139 0.7999999999999999
2 451 0 5
2996
2997
2998
2999
3000
0.8905520606838864 1 0.6499999999999971
0.9271958096309981 1 0.7342543506163786
0.9271958096309959 1 0.5657456493836148
0.859372672747898 1 0.7408360718864546
0.8593726727478961 1 0.5591639281135421
2 452 0 5
3001
3002
3003
3004
3005
1 0.909442843738846 0.6499999999999886
1 0.8728033993400754 0.7342547862542029
1 0.8728033993400683 0.56574521374579
1 0.9406287074016528 0.7408334659964242
1 0.9406287074016426 0.5591665340035714
2 453 0 2
3006
3007
0.8449699390934372 0.8449699390934374 0.8835488429355254
0.8673084808920243 0.8673084808920244 0.8443185830100197
2 454 0 4
3008
3009
3010
3011
0.8500000000014264 0.8500000000014262 1
0.8749999999994906 0.9250000000009169 1
0.9291666666659931 0.870833333334482 1
0.9437500000003567 0.9437500000003567 1
2 455 0 4
3012
3013
3014
3015
0.8500000000014264 1 0.8499999999985729
0.8749999999994905 1 0.9249999999994898
0.9291666666665085 1 0.8708333333339665
0.943750000000089 1 0.943750000000089
2 456 0 4
3016
3017
3018
3019
1 0.8499999999993884 0.9499999999985731
1 0.9250000000002033 0.9250000000002033
1 0.8708333333340347 0.8708333333340347
1 0.9437499999989177 0.8562499999992983
3 1 0 0
3 2 0 0
3 3 0 0
3 4 0 0
3 5 0 0
3 6 0 0
3 7 0 0
3 8 0 0
3 9 0 0
3 10 0 0
3 11 0 0
3 12 0 0
3 13 0 0
3 14 0 0
3 15 0 0
3 16 0 0
3 17 0 0
3 18 0 0
3 19 0 0
3 20 0 0
3 21 0 0
3 22 0 0
3 23 0 0
3 24 0 0
3 25 0 0
3 26 0 0
3 27 0 0
3 28 0 0
3 29 0 0
3 30 0 0
3 31 0 0
3 32 0 0
3 33 0 0
3 34 0 0
3 35 0 0
3 36 0 0
3 37 0 0
3 38 0 0
3 39 0 0
3 40 0 0
3 41 0 0
3 42 0 0
3 43 0 0
3 44 0 0
3 45 0 0
3 46 0 0
3 47 0 0
3 48 0 0
3 49 0 0
3 50 0 0
3 51 0 0
3 52 0 0
3 53 0 0
3 54 0 0
3 55 0 0
3 56 0 0
3 57 0 0
3 58 0 0
3 59 0 0
3 60 0 0
3 61 0 0
3 62 0 0
3 63 0 0
3 64 0 0
$EndNodes
$Elements
520 19821 1 19821
2 1 2 14
1 262 3 1306 
2 3 263 1306 
3 264 1 1307 
4 1 261 1307 
5 2 262 1308 
6 261 2 1308 
7 263 4 1305 
8 4 264 1305 
9 1306 1305 1307 
10 1305 264 1307 
11 263 1305 1306 
12 1307 261 1308 
13 262 1306 1308 
14 1306 1307 1308 
2 2 2 14
15 6 267 1310 
16 266 6 1310 
17 1 265 1311 
18 261 1 1311 
19 2 261 1312 
20 267 2 1312 
21 5 266 1309 
22 265 5 1309 
23 1309 1310 1311 
24 265 1309 1311 
25 1309 266 1310 
26 261 1311 1312 
27 1310 267 1312 
28 1311 1310 1312 
2 3 2 15
29 2 1313 262 
30 267 1313 2 
31 6 1315 267 
32 262 1314 3 
33 267 1315 1313 
34 1313 1314 262 
35 269 1313 270 
36 269 1314 1313 
37 1313 1315 270 
38 270 1315 8 
39 7 1314 269 
40 8 1315 271 
41 268 1314 7 
42 3 1314 268 
43 271 1315 6 
2 4 2 15
44 4 263 1316 
45 275 4 1316 
46 10 275 1317 
47 263 3 1318 
48 275 1316 1317 
49 1316 263 1318 
50 272 273 1316 
51 1316 273 1317 
52 272 1316 1318 
53 273 9 1317 
54 7 272 1318 
55 9 274 1317 
56 268 7 1318 
57 3 268 1318 
58 274 10 1317 
2 5 2 14
59 264 4 1320 
60 4 275 1320 
61 5 265 1321 
62 276 5 1321 
63 1 264 1322 
64 265 1 1322 
65 10 276 1319 
66 275 10 1319 
67 1320 1319 1321 
68 1319 276 1321 
69 275 1319 1320 
70 1321 265 1322 
71 264 1320 1322 
72 1320 1321 1322 
2 6 2 15
73 5 1323 266 
74 276 1323 5 
75 10 1324 276 
76 266 1325 6 
77 276 1324 1323 
78 1323 1325 266 
79 277 1323 278 
80 1323 1324 278 
81 277 1325 1323 
82 278 1324 9 
83 8 1325 277 
84 9 1324 274 
85 271 1325 8 
86 6 1325 271 
87 274 1324 10 
2 7 2 11
88 272 7 269 
89 270 8 277 
90 272 269 1327 
91 270 277 1327 
92 273 272 1326 
93 277 278 1326 
94 1326 272 1327 
95 277 1326 1327 
96 278 9 1326 
97 9 273 1326 
98 269 270 1327 
2 8 2 18
99 279 280 1328 
100 279 1328 1330 
101 1328 280 1329 
102 282 283 1328 
103 280 11 1329 
104 2 279 1330 
105 11 281 1329 
106 262 2 1330 
107 282 1328 1331 
108 1328 283 1332 
109 281 12 1331 
110 3 262 1332 
111 12 282 1331 
112 283 3 1332 
113 1328 1329 1331 
114 1330 1328 1332 
115 1329 281 1331 
116 262 1330 1332 
2 9 2 18
117 285 284 1333 
118 1333 284 1334 
119 285 1333 1335 
120 280 279 1333 
121 284 13 1334 
122 6 285 1335 
123 13 286 1334 
124 267 6 1335 
125 280 1333 1336 
126 1333 279 1337 
127 11 280 1336 
128 279 2 1337 
129 2 267 1337 
130 286 11 1336 
131 1333 1334 1336 
132 1335 1333 1337 
133 1334 286 1336 
134 267 1335 1337 
2 10 2 15
135 11 1338 281 
136 286 1338 11 
137 13 1340 286 
138 281 1339 12 
139 286 1340 1338 
140 1338 1339 281 
141 288 1338 289 
142 288 1339 1338 
143 1338 1340 289 
144 289 1340 15 
145 14 1339 288 
146 15 1340 290 
147 287 1339 14 
148 12 1339 287 
149 290 1340 13 
2 11 2 23
150 283 282 1341 
151 283 1341 1342 
152 3 283 1344 
153 282 12 1345 
154 293 17 1343 
155 16 293 1343 
156 17 294 1343 
157 292 16 1343 
158 1341 282 1345 
159 283 1342 1344 
160 291 292 1341 
161 294 295 1342 
162 1342 1341 1343 
163 291 1341 1345 
164 1342 295 1344 
165 295 7 1344 
166 14 291 1345 
167 1341 292 1343 
168 294 1342 1343 
169 7 268 1344 
170 287 14 1345 
171 12 287 1345 
172 268 3 1344 
2 12 2 23
173 285 1346 284 
174 285 1347 1346 
175 6 1349 285 
176 284 1350 13 
177 293 1348 17 
178 16 1348 293 
179 297 1348 16 
180 17 1348 298 
181 1346 1350 284 
182 285 1349 1347 
183 296 1346 297 
184 298 1347 299 
185 1347 1348 1346 
186 296 1350 1346 
187 1347 1349 299 
188 299 1349 8 
189 15 1350 296 
190 1346 1348 297 
191 298 1348 1347 
192 8 1349 271 
193 290 1350 15 
194 13 1350 290 
195 271 1349 6 
2 13 2 11
196 291 14 288 
197 289 15 296 
198 291 288 1352 
199 289 296 1352 
200 296 297 1351 
201 292 291 1351 
202 296 1351 1352 
203 1351 291 1352 
204 297 16 1351 
205 16 292 1351 
206 288 289 1352 
2 14 2 11
207 7 295 269 
208 294 17 298 
209 269 295 1353 
210 294 298 1353 
211 270 269 1354 
212 8 270 1354 
213 299 8 1354 
214 269 1353 1354 
215 1353 298 1354 
216 298 299 1354 
217 295 294 1353 
2 15 2 18
218 301 300 1355 
219 1355 300 1356 
220 301 1355 1357 
221 304 303 1355 
222 300 18 1356 
223 3 301 1357 
224 18 302 1356 
225 263 3 1357 
226 304 1355 1359 
227 1355 303 1358 
228 1355 1356 1359 
229 1357 1355 1358 
230 4 263 1358 
231 302 19 1359 
232 19 304 1359 
233 303 4 1358 
234 1356 302 1359 
235 263 1357 1358 
2 16 2 23
236 301 1361 300 
237 300 1361 1360 
238 3 1364 301 
239 300 1363 18 
240 308 1362 22 
241 21 1362 308 
242 22 1362 309 
243 307 1362 21 
244 301 1364 1361 
245 1360 1363 300 
246 309 1361 310 
247 306 1360 307 
248 1361 1362 1360 
249 1361 1364 310 
250 306 1363 1360 
251 310 1364 7 
252 20 1363 306 
253 309 1362 1361 
254 1360 1362 307 
255 7 1364 268 
256 305 1363 20 
257 18 1363 305 
258 268 1364 3 
2 17 2 15
259 19 302 1365 
260 314 19 1365 
261 24 314 1366 
262 302 18 1367 
263 314 1365 1366 
264 1365 302 1367 
265 311 312 1365 
266 1365 312 1366 
267 311 1365 1367 
268 312 23 1366 
269 20 311 1367 
270 23 313 1366 
271 305 20 1367 
272 18 305 1367 
273 313 24 1366 
2 18 2 18
274 316 315 1368 
275 316 1368 1369 
276 1368 315 1370 
277 303 304 1368 
278 24 316 1369 
279 315 10 1370 
280 314 24 1369 
281 10 275 1370 
282 1368 304 1372 
283 303 1368 1371 
284 1369 1368 1372 
285 1368 1370 1371 
286 275 4 1371 
287 19 314 1372 
288 304 19 1372 
289 4 303 1371 
290 314 1369 1372 
291 1370 275 1371 
2 19 2 11
292 22 309 318 
293 310 7 272 
294 318 309 1374 
295 310 272 1374 
296 272 273 1373 
297 317 318 1373 
298 272 1373 1374 
299 1373 318 1374 
300 9 317 1373 
301 273 9 1373 
302 309 310 1374 
2 20 2 23
303 316 1375 315 
304 316 1376 1375 
305 24 1379 316 
306 315 1378 10 
307 308 1377 21 
308 22 1377 308 
309 21 1377 319 
310 318 1377 22 
311 316 1379 1376 
312 1375 1378 315 
313 319 1376 320 
314 317 1375 318 
315 1376 1377 1375 
316 1376 1379 320 
317 317 1378 1375 
318 9 1378 317 
319 320 1379 23 
320 319 1377 1376 
321 1375 1377 318 
322 274 1378 9 
323 23 1379 313 
324 10 1378 274 
325 313 1379 24 
2 21 2 11
326 307 21 319 
327 311 20 306 
328 307 319 1381 
329 311 306 1381 
330 312 311 1380 
331 319 320 1380 
332 319 1380 1381 
333 1380 311 1381 
334 320 23 1380 
335 23 312 1380 
336 306 307 1381 
2 22 2 18
337 325 324 1382 
338 325 1382 1383 
339 1382 324 1384 
340 321 322 1382 
341 26 325 1383 
342 324 6 1384 
343 323 26 1383 
344 6 266 1384 
345 1382 322 1386 
346 321 1382 1385 
347 1383 1382 1386 
348 1382 1384 1385 
349 266 5 1385 
350 25 323 1386 
351 322 25 1386 
352 5 321 1385 
353 323 1383 1386 
354 1384 266 1385 
2 23 2 18
355 326 327 1387 
356 1387 327 1388 
357 326 1387 1389 
358 322 321 1387 
359 327 27 1388 
360 10 326 1389 
361 27 328 1388 
362 276 10 1389 
363 322 1387 1391 
364 1387 321 1390 
365 1387 1388 1391 
366 1389 1387 1390 
367 328 25 1391 
368 5 276 1390 
369 25 322 1391 
370 321 5 1390 
371 1388 328 1391 
372 276 1389 1390 
2 24 2 15
373 25 1392 323 
374 328 1392 25 
375 27 1393 328 
376 323 1394 26 
377 328 1393 1392 
378 1392 1394 323 
379 330 1392 331 
380 1392 1393 331 
381 330 1394 1392 
382 331 1393 29 
383 28 1394 330 
384 29 1393 332 
385 329 1394 28 
386 26 1394 329 
387 332 1393 27 
2 25 2 23
388 325 1395 324 
389 325 1396 1395 
390 26 1398 325 
391 324 1399 6 
392 30 1397 335 
393 335 1397 31 
394 334 1397 30 
395 31 1397 336 
396 1395 1399 324 
397 325 1398 1396 
398 333 1395 334 
399 336 1396 337 
400 1396 1397 1395 
401 333 1399 1395 
402 1396 1398 337 
403 337 1398 28 
404 8 1399 333 
405 1395 1397 334 
406 336 1397 1396 
407 271 1399 8 
408 28 1398 329 
409 6 1399 271 
410 329 1398 26 
2 26 2 23
411 327 326 1400 
412 327 1400 1401 
413 326 10 1404 
414 27 327 1403 
415 30 335 1402 
416 335 31 1402 
417 31 340 1402 
418 339 30 1402 
419 327 1401 1403 
420 1400 326 1404 
421 340 341 1401 
422 338 339 1400 
423 1401 1400 1402 
424 1401 341 1403 
425 338 1400 1404 
426 9 338 1404 
427 341 29 1403 
428 340 1401 1402 
429 1400 339 1402 
430 274 9 1404 
431 29 332 1403 
432 10 274 1404 
433 332 27 1403 
2 27 2 11
434 340 31 336 
435 341 331 29 
436 340 336 1405 
437 331 341 1405 
438 336 337 1406 
439 1405 336 1406 
440 330 331 1406 
441 331 1405 1406 
442 337 28 1406 
443 28 330 1406 
444 341 340 1405 
2 28 2 11
445 334 30 339 
446 277 8 333 
447 334 339 1408 
448 277 333 1408 
449 278 277 1407 
450 339 338 1407 
451 339 1407 1408 
452 1407 277 1408 
453 9 278 1407 
454 338 9 1407 
455 333 334 1408 
2 29 2 18
456 342 343 1409 
457 342 1409 1411 
458 1409 343 1410 
459 345 346 1409 
460 343 32 1410 
461 11 342 1411 
462 32 344 1410 
463 281 11 1411 
464 345 1409 1412 
465 1409 346 1413 
466 344 33 1412 
467 12 281 1413 
468 33 345 1412 
469 346 12 1413 
470 1409 1410 1412 
471 1411 1409 1413 
472 1410 344 1412 
473 281 1411 1413 
2 30 2 18
474 348 347 1414 
475 1414 347 1415 
476 348 1414 1416 
477 343 342 1414 
478 347 34 1415 
479 13 348 1416 
480 34 349 1415 
481 286 13 1416 
482 343 1414 1417 
483 1414 342 1418 
484 32 343 1417 
485 342 11 1418 
486 11 286 1418 
487 349 32 1417 
488 1414 1415 1417 
489 1416 1414 1418 
490 1415 349 1417 
491 286 1416 1418 
2 31 2 15
492 32 1419 344 
493 349 1419 32 
494 34 1421 349 
495 344 1420 33 
496 349 1421 1419 
497 1419 1420 344 
498 351 1419 352 
499 351 1420 1419 
500 1419 1421 352 
501 352 1421 36 
502 35 1420 351 
503 36 1421 353 
504 350 1420 35 
505 33 1420 350 
506 353 1421 34 
2 32 2 23
507 346 345 1423 
508 1422 346 1423 
509 345 33 1426 
510 12 346 1425 
511 356 38 1424 
512 37 356 1424 
513 38 357 1424 
514 355 37 1424 
515 1423 345 1426 
516 346 1422 1425 
517 354 355 1423 
518 357 358 1422 
519 1422 1423 1424 
520 354 1423 1426 
521 1422 358 1425 
522 35 354 1426 
523 358 14 1425 
524 1423 355 1424 
525 357 1422 1424 
526 350 35 1426 
527 14 287 1425 
528 33 350 1426 
529 287 12 1425 
2 33 2 23
530 348 1427 347 
531 348 1428 1427 
532 347 1431 34 
533 13 1430 348 
534 37 1429 356 
535 356 1429 38 
536 360 1429 37 
537 38 1429 361 
538 1427 1431 347 
539 348 1430 1428 
540 359 1427 360 
541 361 1428 362 
542 1428 1429 1427 
543 359 1431 1427 
544 1428 1430 362 
545 36 1431 359 
546 362 1430 15 
547 1427 1429 360 
548 361 1429 1428 
549 353 1431 36 
550 15 1430 290 
551 34 1431 353 
552 290 1430 13 
2 34 2 11
553 354 35 351 
554 352 36 359 
555 354 351 1433 
556 352 359 1433 
557 355 354 1432 
558 359 360 1432 
559 1432 354 1433 
560 359 1432 1433 
561 360 37 1432 
562 37 355 1432 
563 351 352 1433 
2 35 2 11
564 14 358 288 
565 357 38 361 
566 288 358 1434 
567 357 361 1434 
568 289 288 1435 
569 15 289 1435 
570 362 15 1435 
571 288 1434 1435 
572 1434 361 1435 
573 361 362 1435 
574 358 357 1434 
2 36 2 26
575 1437 1436 1439 
576 1436 1437 1438 
577 364 363 1436 
578 300 301 1437 
579 283 282 1438 
580 365 366 1439 
581 366 18 1440 
582 3 283 1441 
583 39 365 1442 
584 282 12 1443 
585 18 300 1440 
586 301 3 1441 
587 363 39 1442 
588 12 364 1443 
589 1437 301 1441 
590 1436 363 1442 
591 300 1437 1440 
592 364 1436 1443 
593 283 1438 1441 
594 1439 366 1440 
595 1438 282 1443 
596 365 1439 1442 
597 1438 1437 1441 
598 1437 1439 1440 
599 1436 1438 1443 
600 1439 1436 1442 
2 37 2 23
601 364 1444 363 
602 364 1445 1444 
603 12 1448 364 
604 363 1447 39 
605 370 1446 42 
606 41 1446 370 
607 42 1446 371 
608 369 1446 41 
609 364 1448 1445 
610 1444 1447 363 
611 371 1445 372 
612 368 1444 369 
613 1445 1446 1444 
614 1445 1448 372 
615 368 1447 1444 
616 372 1448 14 
617 40 1447 368 
618 371 1446 1445 
619 1444 1446 369 
620 14 1448 287 
621 367 1447 40 
622 39 1447 367 
623 287 1448 12 
2 38 2 23
624 366 365 1449 
625 366 1449 1450 
626 18 366 1453 
627 365 39 1452 
628 375 44 1451 
629 43 375 1451 
630 44 376 1451 
631 374 43 1451 
632 1449 365 1452 
633 366 1450 1453 
634 373 374 1449 
635 376 377 1450 
636 1450 1449 1451 
637 373 1449 1452 
638 1450 377 1453 
639 377 20 1453 
640 40 373 1452 
641 1449 374 1451 
642 376 1450 1451 
643 20 305 1453 
644 367 40 1452 
645 39 367 1452 
646 305 18 1453 
2 39 2 11
647 42 371 379 
648 372 14 291 
649 379 371 1455 
650 372 291 1455 
651 291 292 1454 
652 378 379 1454 
653 291 1454 1455 
654 1454 379 1455 
655 16 378 1454 
656 292 16 1454 
657 371 372 1455 
2 40 2 34
658 1456 1459 1458 
659 1458 1459 1457 
660 370 1461 41 
661 42 1461 370 
662 308 1462 22 
663 21 1462 308 
664 17 1463 293 
665 293 1463 16 
666 375 1460 44 
667 43 1460 375 
668 41 1461 382 
669 379 1461 42 
670 22 1462 380 
671 385 1462 21 
672 16 1463 378 
673 383 1460 43 
674 44 1460 384 
675 381 1463 17 
676 384 1458 385 
677 382 1456 383 
678 1458 1460 1456 
679 380 1457 381 
680 1457 1462 1458 
681 378 1459 379 
682 1456 1461 1459 
683 1459 1463 1457 
684 1458 1462 385 
685 384 1460 1458 
686 382 1461 1456 
687 1456 1460 383 
688 380 1462 1457 
689 1459 1461 379 
690 1457 1463 381 
691 378 1463 1459 
2 41 2 11
692 380 309 22 
693 381 17 294 
694 309 380 1464 
695 381 294 1464 
696 310 309 1465 
697 7 310 1465 
698 295 7 1465 
699 309 1464 1465 
700 1464 294 1465 
701 294 295 1465 
702 380 381 1464 
2 42 2 11
703 369 41 382 
704 40 368 373 
705 369 382 1467 
706 373 368 1467 
707 374 373 1466 
708 382 383 1466 
709 382 1466 1467 
710 1466 373 1467 
711 383 43 1466 
712 43 374 1466 
713 368 369 1467 
2 43 2 11
714 20 377 306 
715 376 44 384 
716 306 377 1468 
717 376 384 1468 
718 307 306 1469 
719 21 307 1469 
720 385 21 1469 
721 306 1468 1469 
722 1468 384 1469 
723 384 385 1469 
724 377 376 1468 
2 44 2 26
725 1470 1471 1472 
726 1471 1470 1473 
727 389 388 1470 
728 324 325 1471 
729 387 386 1472 
730 284 285 1473 
731 285 6 1474 
732 26 387 1476 
733 13 284 1475 
734 386 45 1477 
735 6 324 1474 
736 325 26 1476 
737 388 13 1475 
738 45 389 1477 
739 324 1471 1474 
740 1470 388 1475 
741 1471 325 1476 
742 389 1470 1477 
743 387 1472 1476 
744 1472 386 1477 
745 1473 285 1474 
746 284 1473 1475 
747 1472 1471 1476 
748 1470 1472 1477 
749 1471 1473 1474 
750 1473 1470 1475 
2 45 2 23
751 389 1478 388 
752 389 1479 1478 
753 388 1482 13 
754 45 1481 389 
755 46 1480 392 
756 392 1480 47 
757 391 1480 46 
758 47 1480 393 
759 1478 1482 388 
760 389 1481 1479 
761 390 1478 391 
762 393 1479 394 
763 1479 1480 1478 
764 390 1482 1478 
765 1479 1481 394 
766 15 1482 390 
767 394 1481 48 
768 1478 1480 391 
769 393 1480 1479 
770 290 1482 15 
771 48 1481 395 
772 13 1482 290 
773 395 1481 45 
2 46 2 11
774 391 46 397 
775 296 15 390 
776 391 397 1484 
777 296 390 1484 
778 297 296 1483 
779 397 396 1483 
780 1483 296 1484 
781 397 1483 1484 
782 396 16 1483 
783 16 297 1483 
784 390 391 1484 
2 47 2 34
785 1486 1485 1487 
786 1485 1486 1488 
787 31 335 1490 
788 392 47 1492 
789 335 30 1490 
790 46 392 1492 
791 402 50 1491 
792 49 402 1491 
793 293 16 1489 
794 17 293 1489 
795 404 31 1490 
796 47 400 1492 
797 30 398 1490 
798 397 46 1492 
799 50 403 1491 
800 16 396 1489 
801 399 17 1489 
802 401 49 1491 
803 396 397 1486 
804 398 399 1487 
805 403 404 1485 
806 1486 1487 1489 
807 1487 1485 1490 
808 1488 1486 1492 
809 400 401 1488 
810 1485 1488 1491 
811 1486 397 1492 
812 396 1486 1489 
813 398 1487 1490 
814 1487 399 1489 
815 1485 404 1490 
816 403 1485 1491 
817 400 1488 1492 
818 1488 401 1491 
2 48 2 11
819 8 299 333 
820 298 17 399 
821 333 299 1493 
822 298 399 1493 
823 334 333 1494 
824 30 334 1494 
825 398 30 1494 
826 333 1493 1494 
827 1493 399 1494 
828 399 398 1494 
829 299 298 1493 
2 49 2 23
830 387 1495 386 
831 387 1496 1495 
832 26 1499 387 
833 386 1498 45 
834 402 1497 50 
835 49 1497 402 
836 50 1497 407 
837 406 1497 49 
838 1495 1498 386 
839 387 1499 1496 
840 405 1495 406 
841 407 1496 408 
842 1496 1497 1495 
843 405 1498 1495 
844 1496 1499 408 
845 408 1499 28 
846 48 1498 405 
847 1495 1497 406 
848 407 1497 1496 
849 28 1499 329 
850 395 1498 48 
851 45 1498 395 
852 329 1499 26 
2 50 2 11
853 400 47 393 
854 401 406 49 
855 400 393 1500 
856 406 401 1500 
857 393 394 1501 
858 1500 393 1501 
859 405 406 1501 
860 406 1500 1501 
861 394 48 1501 
862 48 405 1501 
863 401 400 1500 
2 51 2 11
864 404 336 31 
865 403 50 407 
866 336 404 1502 
867 403 407 1502 
868 337 336 1503 
869 28 337 1503 
870 408 28 1503 
871 336 1502 1503 
872 1502 407 1503 
873 407 408 1503 
874 404 403 1502 
2 52 2 18
875 410 409 1504 
876 1504 409 1505 
877 410 1504 1506 
878 413 412 1504 
879 409 51 1505 
880 18 410 1506 
881 51 411 1505 
882 302 18 1506 
883 413 1504 1508 
884 1504 412 1507 
885 1504 1505 1508 
886 1506 1504 1507 
887 19 302 1507 
888 411 52 1508 
889 52 413 1508 
890 412 19 1507 
891 1505 411 1508 
892 302 1506 1507 
2 53 2 23
893 410 1509 409 
894 410 1510 1509 
895 18 1513 410 
896 409 1512 51 
897 54 1511 417 
898 417 1511 55 
899 416 1511 54 
900 55 1511 418 
901 410 1513 1510 
902 1509 1512 409 
903 418 1510 419 
904 415 1509 416 
905 1510 1511 1509 
906 1510 1513 419 
907 415 1512 1509 
908 53 1512 415 
909 419 1513 20 
910 418 1511 1510 
911 1509 1511 416 
912 414 1512 53 
913 20 1513 305 
914 51 1512 414 
915 305 1513 18 
2 54 2 15
916 52 411 1514 
917 423 52 1514 
918 57 423 1515 
919 411 51 1516 
920 423 1514 1515 
921 1514 411 1516 
922 420 421 1514 
923 1514 421 1515 
924 420 1514 1516 
925 421 56 1515 
926 53 420 1516 
927 56 422 1515 
928 414 53 1516 
929 51 414 1516 
930 422 57 1515 
2 55 2 18
931 425 424 1517 
932 425 1517 1518 
933 1517 424 1519 
934 412 413 1517 
935 57 425 1518 
936 424 24 1519 
937 423 57 1518 
938 24 314 1519 
939 1517 413 1521 
940 412 1517 1520 
941 1518 1517 1521 
942 1517 1519 1520 
943 314 19 1520 
944 52 423 1521 
945 413 52 1521 
946 19 412 1520 
947 423 1518 1521 
948 1519 314 1520 
2 56 2 11
949 55 418 427 
950 419 20 311 
951 427 418 1523 
952 419 311 1523 
953 311 312 1522 
954 426 427 1522 
955 311 1522 1523 
956 1522 427 1523 
957 312 23 1522 
958 23 426 1522 
959 418 419 1523 
2 57 2 23
960 425 1524 424 
961 425 1525 1524 
962 57 1528 425 
963 424 1527 24 
964 417 1526 54 
965 55 1526 417 
966 427 1526 55 
967 54 1526 428 
968 425 1528 1525 
969 1524 1527 424 
970 428 1525 429 
971 426 1524 427 
972 1525 1526 1524 
973 1525 1528 429 
974 426 1527 1524 
975 23 1527 426 
976 429 1528 56 
977 428 1526 1525 
978 1524 1526 427 
979 313 1527 23 
980 56 1528 422 
981 24 1527 313 
982 422 1528 57 
2 58 2 11
983 416 54 428 
984 53 415 420 
985 416 428 1530 
986 420 415 1530 
987 421 420 1529 
988 428 429 1529 
989 1529 420 1530 
990 428 1529 1530 
991 429 56 1529 
992 56 421 1529 
993 415 416 1530 
2 59 2 11
994 431 22 318 
995 339 30 430 
996 431 318 1532 
997 339 430 1532 
998 338 339 1531 
999 318 317 1531 
1000 318 1531 1532 
1001 1531 339 1532 
1002 317 9 1531 
1003 9 338 1531 
1004 430 431 1532 
2 60 2 34
1005 1534 1536 1535 
1006 1535 1536 1533 
1007 58 1538 434 
1008 31 1537 335 
1009 434 1538 59 
1010 308 1540 21 
1011 60 1539 437 
1012 437 1539 61 
1013 335 1537 30 
1014 22 1540 308 
1015 433 1538 58 
1016 439 1537 31 
1017 61 1539 438 
1018 436 1539 60 
1019 21 1540 432 
1020 30 1537 430 
1021 431 1540 22 
1022 59 1538 435 
1023 430 1534 431 
1024 438 1536 439 
1025 1534 1537 1536 
1026 435 1533 436 
1027 432 1535 433 
1028 1535 1540 1534 
1029 1536 1539 1533 
1030 1533 1538 1535 
1031 1534 1540 431 
1032 430 1537 1534 
1033 438 1539 1536 
1034 1536 1537 439 
1035 1535 1538 433 
1036 435 1538 1533 
1037 1533 1539 436 
1038 432 1540 1535 
2 61 2 11
1039 319 21 432 
1040 320 440 23 
1041 319 432 1541 
1042 440 320 1541 
1043 432 433 1542 
1044 1541 432 1542 
1045 441 440 1542 
1046 440 1541 1542 
1047 433 58 1542 
1048 58 441 1542 
1049 320 319 1541 
2 62 2 23
1050 446 445 1543 
1051 446 1543 1544 
1052 445 24 1547 
1053 63 446 1546 
1054 58 434 1545 
1055 434 59 1545 
1056 441 58 1545 
1057 59 442 1545 
1058 446 1544 1546 
1059 1543 445 1547 
1060 442 443 1544 
1061 440 441 1543 
1062 1544 1543 1545 
1063 1544 443 1546 
1064 440 1543 1547 
1065 23 440 1547 
1066 443 62 1546 
1067 442 1544 1545 
1068 1543 441 1545 
1069 313 23 1547 
1070 62 444 1546 
1071 24 313 1547 
1072 444 63 1546 
2 63 2 26
1073 1549 1548 1550 
1074 1548 1549 1551 
1075 448 447 1549 
1076 315 316 1548 
1077 445 446 1550 
1078 327 326 1551 
1079 27 327 1553 
1080 446 63 1552 
1081 326 10 1555 
1082 24 445 1554 
1083 447 27 1553 
1084 63 448 1552 
1085 10 315 1555 
1086 316 24 1554 
1087 1549 447 1553 
1088 448 1549 1552 
1089 315 1548 1555 
1090 1548 316 1554 
1091 1550 446 1552 
1092 445 1550 1554 
1093 327 1551 1553 
1094 1551 326 1555 
1095 1549 1550 1552 
1096 1551 1549 1553 
1097 1550 1548 1554 
1098 1548 1551 1555 
2 64 2 11
1099 61 438 450 
1100 439 31 340 
1101 450 438 1557 
1102 439 340 1557 
1103 340 341 1556 
1104 449 450 1556 
1105 340 1556 1557 
1106 1556 450 1557 
1107 341 29 1556 
1108 29 449 1556 
1109 438 439 1557 
2 65 2 23
1110 448 1558 447 
1111 448 1559 1558 
1112 447 1562 27 
1113 63 1561 448 
1114 61 1560 437 
1115 437 1560 60 
1116 60 1560 451 
1117 450 1560 61 
1118 448 1561 1559 
1119 1558 1562 447 
1120 451 1559 452 
1121 449 1558 450 
1122 1559 1560 1558 
1123 1559 1561 452 
1124 449 1562 1558 
1125 29 1562 449 
1126 452 1561 62 
1127 451 1560 1559 
1128 1558 1560 450 
1129 332 1562 29 
1130 62 1561 444 
1131 27 1562 332 
1132 444 1561 63 
2 66 2 11
1133 436 60 451 
1134 442 59 435 
1135 442 435 1564 
1136 436 451 1564 
1137 451 452 1563 
1138 443 442 1563 
1139 1563 442 1564 
1140 451 1563 1564 
1141 452 62 1563 
1142 62 443 1563 
1143 435 436 1564 
2 67 2 18
1144 457 456 1565 
1145 457 1565 1566 
1146 1565 456 1567 
1147 453 454 1565 
1148 65 457 1566 
1149 456 26 1567 
1150 455 65 1566 
1151 26 323 1567 
1152 1565 454 1569 
1153 453 1565 1568 
1154 1566 1565 1569 
1155 1565 1567 1568 
1156 323 25 1568 
1157 64 455 1569 
1158 454 64 1569 
1159 25 453 1568 
1160 455 1566 1569 
1161 1567 323 1568 
2 68 2 18
1162 458 459 1570 
1163 1570 459 1571 
1164 458 1570 1572 
1165 454 453 1570 
1166 459 66 1571 
1167 27 458 1572 
1168 66 460 1571 
1169 328 27 1572 
1170 454 1570 1574 
1171 1570 453 1573 
1172 1570 1571 1574 
1173 1572 1570 1573 
1174 25 328 1573 
1175 460 64 1574 
1176 64 454 1574 
1177 453 25 1573 
1178 1571 460 1574 
1179 328 1572 1573 
2 69 2 15
1180 64 1575 455 
1181 460 1575 64 
1182 66 1576 460 
1183 455 1577 65 
1184 460 1576 1575 
1185 1575 1577 455 
1186 462 1575 463 
1187 1575 1576 463 
1188 462 1577 1575 
1189 463 1576 68 
1190 67 1577 462 
1191 68 1576 464 
1192 461 1577 67 
1193 65 1577 461 
1194 464 1576 66 
2 70 2 23
1195 457 1578 456 
1196 457 1579 1578 
1197 65 1582 457 
1198 456 1581 26 
1199 69 1580 467 
1200 467 1580 70 
1201 466 1580 69 
1202 70 1580 468 
1203 1578 1581 456 
1204 457 1582 1579 
1205 465 1578 466 
1206 468 1579 469 
1207 1579 1580 1578 
1208 465 1581 1578 
1209 1579 1582 469 
1210 469 1582 67 
1211 28 1581 465 
1212 1578 1580 466 
1213 468 1580 1579 
1214 329 1581 28 
1215 67 1582 461 
1216 26 1581 329 
1217 461 1582 65 
2 71 2 23
1218 459 458 1583 
1219 459 1583 1584 
1220 66 459 1587 
1221 458 27 1586 
1222 69 467 1585 
1223 467 70 1585 
1224 70 472 1585 
1225 471 69 1585 
1226 459 1584 1587 
1227 1583 458 1586 
1228 472 473 1584 
1229 470 471 1583 
1230 1584 1583 1585 
1231 1584 473 1587 
1232 470 1583 1586 
1233 473 68 1587 
1234 29 470 1586 
1235 472 1584 1585 
1236 1583 471 1585 
1237 68 464 1587 
1238 332 29 1586 
1239 27 332 1586 
1240 464 66 1587 
2 72 2 11
1241 472 70 468 
1242 68 473 463 
1243 472 468 1588 
1244 463 473 1588 
1245 468 469 1589 
1246 1588 468 1589 
1247 462 463 1589 
1248 463 1588 1589 
1249 469 67 1589 
1250 67 462 1589 
1251 473 472 1588 
2 73 2 11
1252 330 28 465 
1253 466 69 471 
1254 330 465 1591 
1255 466 471 1591 
1256 331 330 1590 
1257 471 470 1590 
1258 1590 330 1591 
1259 471 1590 1591 
1260 29 331 1590 
1261 470 29 1590 
1262 465 466 1591 
2 74 2 14
1263 474 71 1593 
1264 71 475 1593 
1265 476 33 1594 
1266 33 344 1594 
1267 475 72 1595 
1268 72 476 1595 
1269 344 32 1592 
1270 32 474 1592 
1271 1592 1593 1594 
1272 344 1592 1594 
1273 1592 474 1593 
1274 476 1594 1595 
1275 1593 475 1595 
1276 1594 1593 1595 
2 75 2 14
1277 73 478 1597 
1278 477 73 1597 
1279 32 349 1598 
1280 474 32 1598 
1281 71 474 1599 
1282 478 71 1599 
1283 34 477 1596 
1284 349 34 1596 
1285 1596 1597 1598 
1286 349 1596 1598 
1287 1596 477 1597 
1288 474 1598 1599 
1289 1597 478 1599 
1290 1598 1597 1599 
2 76 2 14
1291 479 1601 74 
1292 74 1601 480 
1293 71 1602 475 
1294 478 1602 71 
1295 72 1603 479 
1296 475 1603 72 
1297 480 1600 73 
1298 73 1600 478 
1299 1601 1602 1600 
1300 1600 1602 478 
1301 480 1601 1600 
1302 1602 1603 475 
1303 479 1603 1601 
1304 1601 1603 1602 
2 77 2 15
1305 476 72 1604 
1306 72 479 1604 
1307 479 74 1605 
1308 33 476 1606 
1309 1604 479 1605 
1310 476 1604 1606 
1311 482 483 1604 
1312 482 1604 1605 
1313 1604 483 1606 
1314 75 482 1605 
1315 483 35 1606 
1316 481 75 1605 
1317 35 350 1606 
1318 74 481 1605 
1319 350 33 1606 
2 78 2 15
1320 477 1607 73 
1321 73 1607 480 
1322 480 1608 74 
1323 34 1609 477 
1324 1607 1608 480 
1325 477 1609 1607 
1326 484 1607 485 
1327 484 1608 1607 
1328 1607 1609 485 
1329 75 1608 484 
1330 485 1609 36 
1331 481 1608 75 
1332 36 1609 353 
1333 74 1608 481 
1334 353 1609 34 
2 79 2 11
1335 483 351 35 
1336 75 484 482 
1337 351 483 1610 
1338 482 484 1610 
1339 352 351 1611 
1340 36 352 1611 
1341 485 36 1611 
1342 351 1610 1611 
1343 1610 484 1611 
1344 484 485 1611 
1345 483 482 1610 
2 80 2 26
1346 1613 1612 1615 
1347 1612 1613 1614 
1348 487 486 1612 
1349 363 364 1613 
1350 346 345 1614 
1351 488 489 1615 
1352 12 346 1618 
1353 489 39 1616 
1354 76 488 1617 
1355 345 33 1619 
1356 364 12 1618 
1357 39 363 1616 
1358 486 76 1617 
1359 33 487 1619 
1360 1612 486 1617 
1361 363 1613 1616 
1362 1613 364 1618 
1363 487 1612 1619 
1364 346 1614 1618 
1365 488 1615 1617 
1366 1614 345 1619 
1367 1615 489 1616 
1368 1614 1613 1618 
1369 1613 1615 1616 
1370 1615 1612 1617 
1371 1612 1614 1619 
2 81 2 23
1372 487 1620 486 
1373 487 1621 1620 
1374 33 1624 487 
1375 486 1623 76 
1376 493 1622 79 
1377 78 1622 493 
1378 79 1622 494 
1379 492 1622 78 
1380 487 1624 1621 
1381 1620 1623 486 
1382 494 1621 495 
1383 491 1620 492 
1384 1621 1622 1620 
1385 1621 1624 495 
1386 491 1623 1620 
1387 495 1624 35 
1388 77 1623 491 
1389 494 1622 1621 
1390 1620 1622 492 
1391 35 1624 350 
1392 490 1623 77 
1393 76 1623 490 
1394 350 1624 33 
2 82 2 23
1395 489 488 1626 
1396 1625 489 1626 
1397 488 76 1629 
1398 39 489 1628 
1399 498 81 1627 
1400 80 498 1627 
1401 81 499 1627 
1402 497 80 1627 
1403 1626 488 1629 
1404 489 1625 1628 
1405 496 497 1626 
1406 499 500 1625 
1407 1625 1626 1627 
1408 496 1626 1629 
1409 1625 500 1628 
1410 77 496 1629 
1411 500 40 1628 
1412 1626 497 1627 
1413 499 1625 1627 
1414 490 77 1629 
1415 40 367 1628 
1416 76 490 1629 
1417 367 39 1628 
2 83 2 11
1418 79 494 502 
1419 495 35 354 
1420 502 494 1631 
1421 495 354 1631 
1422 354 355 1630 
1423 501 502 1630 
1424 354 1630 1631 
1425 1630 502 1631 
1426 37 501 1630 
1427 355 37 1630 
1428 494 495 1631 
2 84 2 34
1429 1633 1635 1632 
1430 1632 1634 1633 
1431 493 1639 78 
1432 79 1639 493 
1433 41 1637 370 
1434 370 1637 42 
1435 356 1638 37 
1436 80 1636 498 
1437 498 1636 81 
1438 38 1638 356 
1439 78 1639 503 
1440 42 1637 507 
1441 502 1639 79 
1442 506 1637 41 
1443 37 1638 501 
1444 81 1636 505 
1445 504 1636 80 
1446 508 1638 38 
1447 505 1632 506 
1448 507 1635 508 
1449 1635 1637 1632 
1450 501 1633 502 
1451 1633 1638 1635 
1452 1632 1636 1634 
1453 503 1634 504 
1454 1634 1639 1633 
1455 1632 1637 506 
1456 505 1636 1632 
1457 507 1637 1635 
1458 1635 1638 508 
1459 1633 1639 502 
1460 501 1638 1633 
1461 503 1639 1634 
1462 1634 1636 504 
2 85 2 11
1463 507 371 42 
1464 508 38 357 
1465 371 507 1640 
1466 508 357 1640 
1467 372 371 1641 
1468 14 372 1641 
1469 358 14 1641 
1470 371 1640 1641 
1471 1640 357 1641 
1472 357 358 1641 
1473 507 508 1640 
2 86 2 11
1474 492 78 503 
1475 496 77 491 
1476 492 503 1643 
1477 496 491 1643 
1478 497 496 1642 
1479 503 504 1642 
1480 1642 496 1643 
1481 503 1642 1643 
1482 504 80 1642 
1483 80 497 1642 
1484 491 492 1643 
2 87 2 11
1485 369 506 41 
1486 500 368 40 
1487 506 369 1645 
1488 368 500 1645 
1489 500 499 1644 
1490 505 506 1644 
1491 1644 506 1645 
1492 500 1644 1645 
1493 499 81 1644 
1494 81 505 1644 
1495 369 368 1645 
2 88 2 26
1496 1646 1647 1648 
1497 1647 1646 1649 
1498 512 511 1646 
1499 388 389 1647 
1500 510 509 1648 
1501 347 348 1649 
1502 348 13 1650 
1503 45 510 1651 
1504 34 347 1652 
1505 509 82 1653 
1506 13 388 1650 
1507 389 45 1651 
1508 511 34 1652 
1509 82 512 1653 
1510 1647 389 1651 
1511 388 1647 1650 
1512 1646 511 1652 
1513 512 1646 1653 
1514 510 1648 1651 
1515 1648 509 1653 
1516 1649 348 1650 
1517 347 1649 1652 
1518 1648 1647 1651 
1519 1647 1649 1650 
1520 1646 1648 1653 
1521 1649 1646 1652 
2 89 2 23
1522 512 1654 511 
1523 512 1655 1654 
1524 511 1658 34 
1525 82 1657 512 
1526 515 1656 84 
1527 83 1656 515 
1528 84 1656 516 
1529 514 1656 83 
1530 1654 1658 511 
1531 512 1657 1655 
1532 513 1654 514 
1533 516 1655 517 
1534 1655 1656 1654 
1535 513 1658 1654 
1536 1655 1657 517 
1537 36 1658 513 
1538 517 1657 85 
1539 1654 1656 514 
1540 516 1656 1655 
1541 353 1658 36 
1542 85 1657 518 
1543 34 1658 353 
1544 518 1657 82 
2 90 2 11
1545 514 83 520 
1546 359 36 513 
1547 514 520 1660 
1548 359 513 1660 
1549 360 359 1659 
1550 520 519 1659 
1551 520 1659 1660 
1552 1659 359 1660 
1553 519 37 1659 
1554 37 360 1659 
1555 513 514 1660 
2 91 2 34
1556 1663 1662 1664 
1557 1661 1663 1664 
1558 515 84 1667 
1559 392 46 1665 
1560 47 392 1665 
1561 83 515 1667 
1562 523 87 1666 
1563 356 37 1668 
1564 38 356 1668 
1565 86 523 1666 
1566 84 521 1667 
1567 46 526 1665 
1568 525 47 1665 
1569 520 83 1667 
1570 87 524 1666 
1571 37 519 1668 
1572 527 38 1668 
1573 522 86 1666 
1574 526 527 1664 
1575 524 525 1662 
1576 1664 1662 1665 
1577 519 520 1661 
1578 521 522 1663 
1579 1661 1664 1668 
1580 1662 1663 1666 
1581 1663 1661 1667 
1582 526 1664 1665 
1583 1664 527 1668 
1584 1662 525 1665 
1585 524 1662 1666 
1586 1661 520 1667 
1587 521 1663 1667 
1588 519 1661 1668 
1589 1663 522 1666 
2 92 2 11
1590 362 390 15 
1591 391 526 46 
1592 526 391 1670 
1593 390 362 1670 
1594 527 526 1669 
1595 362 361 1669 
1596 1669 526 1670 
1597 362 1669 1670 
1598 361 38 1669 
1599 38 527 1669 
1600 391 390 1670 
2 93 2 23
1601 510 1671 509 
1602 510 1672 1671 
1603 509 1675 82 
1604 45 1674 510 
1605 523 1673 87 
1606 86 1673 523 
1607 87 1673 530 
1608 529 1673 86 
1609 1671 1675 509 
1610 510 1674 1672 
1611 528 1671 529 
1612 530 1672 531 
1613 1672 1673 1671 
1614 528 1675 1671 
1615 1672 1674 531 
1616 85 1675 528 
1617 531 1674 48 
1618 1671 1673 529 
1619 530 1673 1672 
1620 518 1675 85 
1621 48 1674 395 
1622 82 1675 518 
1623 395 1674 45 
2 94 2 11
1624 84 516 521 
1625 517 85 528 
1626 521 516 1677 
1627 517 528 1677 
1628 522 521 1676 
1629 528 529 1676 
1630 1676 521 1677 
1631 528 1676 1677 
1632 529 86 1676 
1633 86 522 1676 
1634 516 517 1677 
2 95 2 11
1635 525 393 47 
1636 524 87 530 
1637 393 525 1678 
1638 524 530 1678 
1639 394 393 1679 
1640 48 394 1679 
1641 531 48 1679 
1642 393 1678 1679 
1643 1678 530 1679 
1644 530 531 1679 
1645 525 524 1678 
2 96 2 26
1646 1680 1681 1682 
1647 1681 1680 1683 
1648 533 532 1680 
1649 409 410 1681 
1650 366 365 1682 
1651 534 535 1683 
1652 535 51 1685 
1653 18 366 1684 
1654 88 534 1686 
1655 365 39 1687 
1656 51 409 1685 
1657 410 18 1684 
1658 532 88 1686 
1659 39 533 1687 
1660 1681 410 1684 
1661 1680 532 1686 
1662 409 1681 1685 
1663 533 1680 1687 
1664 366 1682 1684 
1665 1682 365 1687 
1666 1683 535 1685 
1667 534 1683 1686 
1668 1682 1681 1684 
1669 1680 1682 1687 
1670 1681 1683 1685 
1671 1683 1680 1686 
2 97 2 23
1672 533 1688 532 
1673 533 1689 1688 
1674 532 1692 88 
1675 39 1691 533 
1676 90 1690 539 
1677 539 1690 91 
1678 538 1690 90 
1679 91 1690 540 
1680 533 1691 1689 
1681 1688 1692 532 
1682 540 1689 541 
1683 537 1688 538 
1684 1689 1690 1688 
1685 1689 1691 541 
1686 537 1692 1688 
1687 89 1692 537 
1688 541 1691 40 
1689 540 1690 1689 
1690 1688 1690 538 
1691 536 1692 89 
1692 40 1691 367 
1693 88 1692 536 
1694 367 1691 39 
2 98 2 23
1695 535 534 1693 
1696 535 1693 1694 
1697 51 535 1696 
1698 534 88 1697 
1699 544 93 1695 
1700 92 544 1695 
1701 93 545 1695 
1702 543 92 1695 
1703 1693 534 1697 
1704 535 1694 1696 
1705 542 543 1693 
1706 545 546 1694 
1707 1694 1693 1695 
1708 542 1693 1697 
1709 1694 546 1696 
1710 546 53 1696 
1711 89 542 1697 
1712 1693 543 1695 
1713 545 1694 1695 
1714 53 414 1696 
1715 536 89 1697 
1716 88 536 1697 
1717 414 51 1696 
2 99 2 11
1718 91 540 548 
1719 541 40 373 
1720 548 540 1699 
1721 541 373 1699 
1722 373 374 1698 
1723 547 548 1698 
1724 1698 548 1699 
1725 373 1698 1699 
1726 43 547 1698 
1727 374 43 1698 
1728 540 541 1699 
2 100 2 34
1729 1701 1703 1702 
1730 1702 1703 1700 
1731 539 1706 90 
1732 91 1706 539 
1733 54 1705 417 
1734 417 1705 55 
1735 375 1707 43 
1736 44 1707 375 
1737 92 1704 544 
1738 544 1704 93 
1739 90 1706 551 
1740 548 1706 91 
1741 55 1705 549 
1742 554 1705 54 
1743 43 1707 547 
1744 552 1704 92 
1745 550 1707 44 
1746 93 1704 553 
1747 553 1703 554 
1748 549 1701 550 
1749 1701 1705 1703 
1750 551 1700 552 
1751 547 1702 548 
1752 1703 1704 1700 
1753 1702 1707 1701 
1754 1700 1706 1702 
1755 1703 1705 554 
1756 553 1704 1703 
1757 549 1705 1701 
1758 1701 1707 550 
1759 1702 1706 548 
1760 551 1706 1700 
1761 547 1707 1702 
1762 1700 1704 552 
2 101 2 11
1763 55 549 418 
1764 550 44 376 
1765 418 549 1708 
1766 550 376 1708 
1767 419 418 1709 
1768 20 419 1709 
1769 377 20 1709 
1770 418 1708 1709 
1771 1708 376 1709 
1772 376 377 1709 
1773 549 550 1708 
2 102 2 11
1774 538 90 551 
1775 89 537 542 
1776 538 551 1711 
1777 542 537 1711 
1778 543 542 1710 
1779 551 552 1710 
1780 551 1710 1711 
1781 1710 542 1711 
1782 552 92 1710 
1783 92 543 1710 
1784 537 538 1711 
2 103 2 11
1785 416 554 54 
1786 546 415 53 
1787 554 416 1713 
1788 415 546 1713 
1789 546 545 1712 
1790 553 554 1712 
1791 1712 554 1713 
1792 546 1712 1713 
1793 545 93 1712 
1794 93 553 1712 
1795 416 415 1713 
2 104 2 11
1796 30 398 430 
1797 431 380 22 
1798 380 431 1715 
1799 430 398 1715 
1800 381 380 1714 
1801 398 399 1714 
1802 1714 380 1715 
1803 398 1714 1715 
1804 399 17 1714 
1805 17 381 1714 
1806 431 430 1715 
2 105 2 11
1807 556 42 379 
1808 46 555 397 
1809 556 379 1717 
1810 397 555 1717 
1811 379 378 1716 
1812 396 397 1716 
1813 379 1716 1717 
1814 1716 397 1717 
1815 16 396 1716 
1816 378 16 1716 
1817 555 556 1717 
2 106 2 34
1818 1719 1721 1720 
1819 1720 1721 1718 
1820 47 1722 392 
1821 559 1723 95 
1822 370 1725 41 
1823 94 1723 559 
1824 96 1724 562 
1825 562 1724 97 
1826 392 1722 46 
1827 42 1725 370 
1828 95 1723 560 
1829 564 1722 47 
1830 561 1724 96 
1831 41 1725 557 
1832 97 1724 563 
1833 558 1723 94 
1834 46 1722 555 
1835 556 1725 42 
1836 555 1719 556 
1837 563 1721 564 
1838 1719 1722 1721 
1839 560 1718 561 
1840 557 1720 558 
1841 1720 1725 1719 
1842 1721 1724 1718 
1843 1718 1723 1720 
1844 1719 1725 556 
1845 555 1722 1719 
1846 563 1724 1721 
1847 1721 1722 564 
1848 1720 1723 558 
1849 560 1723 1718 
1850 1718 1724 561 
1851 557 1725 1720 
2 107 2 11
1852 558 94 566 
1853 382 41 557 
1854 558 566 1727 
1855 382 557 1727 
1856 383 382 1726 
1857 566 565 1726 
1858 566 1726 1727 
1859 1726 382 1727 
1860 565 43 1726 
1861 43 383 1726 
1862 557 558 1727 
2 108 2 34
1863 1729 1728 1730 
1864 1728 1729 1731 
1865 434 58 1733 
1866 559 95 1735 
1867 59 434 1733 
1868 94 559 1735 
1869 571 99 1734 
1870 98 571 1734 
1871 375 43 1732 
1872 44 375 1732 
1873 58 567 1733 
1874 95 569 1735 
1875 566 94 1735 
1876 573 59 1733 
1877 99 572 1734 
1878 570 98 1734 
1879 43 565 1732 
1880 568 44 1732 
1881 565 566 1729 
1882 567 568 1730 
1883 572 573 1728 
1884 1729 1730 1732 
1885 1730 1728 1733 
1886 1731 1729 1735 
1887 569 570 1731 
1888 1728 1731 1734 
1889 1729 566 1735 
1890 565 1729 1732 
1891 567 1730 1733 
1892 1730 568 1732 
1893 1728 573 1733 
1894 572 1728 1734 
1895 569 1731 1735 
1896 1731 570 1734 
2 109 2 11
1897 21 385 432 
1898 384 44 568 
1899 432 385 1736 
1900 384 568 1736 
1901 433 432 1737 
1902 58 433 1737 
1903 567 58 1737 
1904 432 1736 1737 
1905 1736 568 1737 
1906 568 567 1737 
1907 385 384 1736 
2 110 2 11
1908 97 563 575 
1909 564 47 400 
1910 575 563 1739 
1911 564 400 1739 
1912 400 401 1738 
1913 574 575 1738 
1914 400 1738 1739 
1915 1738 575 1739 
1916 49 574 1738 
1917 401 49 1738 
1918 563 564 1739 
2 111 2 34
1919 1740 1743 1742 
1920 1742 1743 1741 
1921 562 1745 96 
1922 97 1745 562 
1923 437 1746 61 
1924 60 1746 437 
1925 50 1747 402 
1926 402 1747 49 
1927 98 1744 571 
1928 571 1744 99 
1929 96 1745 578 
1930 575 1745 97 
1931 61 1746 576 
1932 581 1746 60 
1933 577 1747 50 
1934 579 1744 98 
1935 99 1744 580 
1936 49 1747 574 
1937 580 1742 581 
1938 578 1740 579 
1939 1742 1744 1740 
1940 576 1741 577 
1941 1741 1746 1742 
1942 574 1743 575 
1943 1740 1745 1743 
1944 1743 1747 1741 
1945 1742 1746 581 
1946 580 1744 1742 
1947 578 1745 1740 
1948 1740 1744 579 
1949 576 1746 1741 
1950 1743 1745 575 
1951 1741 1747 577 
1952 574 1747 1743 
2 112 2 11
1953 576 438 61 
1954 577 50 403 
1955 438 576 1748 
1956 577 403 1748 
1957 439 438 1749 
1958 31 439 1749 
1959 404 31 1749 
1960 438 1748 1749 
1961 1748 403 1749 
1962 403 404 1749 
1963 576 577 1748 
2 113 2 11
1964 569 95 560 
1965 561 96 578 
1966 569 560 1751 
1967 561 578 1751 
1968 570 569 1750 
1969 578 579 1750 
1970 1750 569 1751 
1971 578 1750 1751 
1972 579 98 1750 
1973 98 570 1750 
1974 560 561 1751 
2 114 2 11
1975 573 435 59 
1976 436 581 60 
1977 435 573 1753 
1978 581 436 1753 
1979 573 572 1752 
1980 580 581 1752 
1981 573 1752 1753 
1982 1752 581 1753 
1983 572 99 1752 
1984 99 580 1752 
1985 436 435 1753 
2 115 2 26
1986 1754 1755 1756 
1987 1755 1754 1757 
1988 585 584 1754 
1989 456 457 1755 
1990 386 387 1757 
1991 583 582 1756 
1992 387 26 1758 
1993 45 386 1759 
1994 65 583 1760 
1995 582 100 1761 
1996 26 456 1758 
1997 584 45 1759 
1998 457 65 1760 
1999 100 585 1761 
2000 456 1755 1758 
2001 1754 584 1759 
2002 1755 457 1760 
2003 585 1754 1761 
2004 1757 387 1758 
2005 386 1757 1759 
2006 583 1756 1760 
2007 1756 582 1761 
2008 1756 1755 1760 
2009 1754 1756 1761 
2010 1755 1757 1758 
2011 1757 1754 1759 
2 116 2 23
2012 585 1762 584 
2013 585 1763 1762 
2014 100 1766 585 
2015 584 1765 45 
2016 101 1764 588 
2017 588 1764 102 
2018 587 1764 101 
2019 102 1764 589 
2020 1762 1765 584 
2021 585 1766 1763 
2022 586 1762 587 
2023 589 1763 590 
2024 1763 1764 1762 
2025 586 1765 1762 
2026 1763 1766 590 
2027 590 1766 103 
2028 48 1765 586 
2029 1762 1764 587 
2030 589 1764 1763 
2031 103 1766 591 
2032 395 1765 48 
2033 45 1765 395 
2034 591 1766 100 
2 117 2 11
2035 587 101 593 
2036 405 48 586 
2037 405 586 1768 
2038 587 593 1768 
2039 406 405 1767 
2040 593 592 1767 
2041 1767 405 1768 
2042 593 1767 1768 
2043 592 49 1767 
2044 49 406 1767 
2045 586 587 1768 
2 118 2 34
2046 1770 1769 1771 
2047 1769 1770 1772 
2048 70 467 1774 
2049 588 102 1776 
2050 467 69 1774 
2051 101 588 1776 
2052 598 105 1775 
2053 50 402 1773 
2054 402 49 1773 
2055 104 598 1775 
2056 600 70 1774 
2057 102 596 1776 
2058 69 594 1774 
2059 593 101 1776 
2060 105 599 1775 
2061 595 50 1773 
2062 49 592 1773 
2063 597 104 1775 
2064 592 593 1770 
2065 594 595 1771 
2066 599 600 1769 
2067 1770 1771 1773 
2068 1771 1769 1774 
2069 1772 1770 1776 
2070 596 597 1772 
2071 1769 1772 1775 
2072 1770 593 1776 
2073 592 1770 1773 
2074 594 1771 1774 
2075 1771 595 1773 
2076 1769 600 1774 
2077 599 1769 1775 
2078 596 1772 1776 
2079 1772 597 1775 
2 119 2 11
2080 408 465 28 
2081 466 594 69 
2082 465 408 1778 
2083 594 466 1778 
2084 595 594 1777 
2085 408 407 1777 
2086 1777 594 1778 
2087 408 1777 1778 
2088 407 50 1777 
2089 50 595 1777 
2090 466 465 1778 
2 120 2 23
2091 583 1779 582 
2092 583 1780 1779 
2093 65 1783 583 
2094 582 1782 100 
2095 598 1781 105 
2096 104 1781 598 
2097 105 1781 603 
2098 602 1781 104 
2099 1779 1782 582 
2100 583 1783 1780 
2101 601 1779 602 
2102 603 1780 604 
2103 1780 1781 1779 
2104 601 1782 1779 
2105 1780 1783 604 
2106 604 1783 67 
2107 103 1782 601 
2108 1779 1781 602 
2109 603 1781 1780 
2110 67 1783 461 
2111 591 1782 103 
2112 100 1782 591 
2113 461 1783 65 
2 121 2 11
2114 596 102 589 
2115 590 103 601 
2116 596 589 1785 
2117 590 601 1785 
2118 597 596 1784 
2119 601 602 1784 
2120 1784 596 1785 
2121 601 1784 1785 
2122 104 597 1784 
2123 602 104 1784 
2124 589 590 1785 
2 122 2 11
2125 70 600 468 
2126 599 105 603 
2127 468 600 1786 
2128 599 603 1786 
2129 469 468 1787 
2130 67 469 1787 
2131 604 67 1787 
2132 468 1786 1787 
2133 1786 603 1787 
2134 603 604 1787 
2135 600 599 1786 
2 123 2 14
2136 52 411 1789 
2137 607 52 1789 
2138 106 606 1790 
2139 605 106 1790 
2140 107 607 1791 
2141 606 107 1791 
2142 51 605 1788 
2143 411 51 1788 
2144 1789 1788 1790 
2145 1788 605 1790 
2146 411 1788 1789 
2147 1790 606 1791 
2148 607 1789 1791 
2149 1789 1790 1791 
2 124 2 15
2150 106 1792 608 
2151 605 1792 106 
2152 51 1793 605 
2153 608 1794 108 
2154 605 1793 1792 
2155 1792 1794 608 
2156 610 1792 611 
2157 1792 1793 611 
2158 610 1794 1792 
2159 611 1793 53 
2160 109 1794 610 
2161 53 1793 414 
2162 609 1794 109 
2163 108 1794 609 
2164 414 1793 51 
2 125 2 14
2165 613 1796 108 
2166 108 1796 608 
2167 606 1797 107 
2168 107 1797 612 
2169 612 1798 110 
2170 110 1798 613 
2171 608 1795 106 
2172 106 1795 606 
2173 1796 1797 1795 
2174 1795 1797 606 
2175 608 1796 1795 
2176 1797 1798 612 
2177 613 1798 1796 
2178 1796 1798 1797 
2 126 2 14
2179 110 614 1800 
2180 612 110 1800 
2181 52 607 1801 
2182 423 52 1801 
2183 607 107 1802 
2184 107 612 1802 
2185 57 423 1799 
2186 614 57 1799 
2187 1800 1799 1801 
2188 1799 423 1801 
2189 614 1799 1800 
2190 1801 607 1802 
2191 612 1800 1802 
2192 1800 1801 1802 
2 127 2 11
2193 616 109 610 
2194 611 53 420 
2195 616 610 1804 
2196 611 420 1804 
2197 420 421 1803 
2198 615 616 1803 
2199 420 1803 1804 
2200 1803 616 1804 
2201 56 615 1803 
2202 421 56 1803 
2203 610 611 1804 
2 128 2 15
2204 613 1805 110 
2205 110 1805 614 
2206 614 1806 57 
2207 108 1807 613 
2208 1805 1806 614 
2209 613 1807 1805 
2210 615 1805 616 
2211 615 1806 1805 
2212 1805 1807 616 
2213 56 1806 615 
2214 616 1807 109 
2215 422 1806 56 
2216 109 1807 609 
2217 57 1806 422 
2218 609 1807 108 
2 129 2 11
2219 441 58 617 
2220 618 55 427 
2221 441 617 1809 
2222 618 427 1809 
2223 440 441 1808 
2224 427 426 1808 
2225 1808 441 1809 
2226 427 1808 1809 
2227 23 440 1808 
2228 426 23 1808 
2229 617 618 1809 
2 130 2 34
2230 434 1815 58 
2231 111 1816 621 
2232 624 1814 114 
2233 55 1817 417 
2234 417 1817 54 
2235 59 1815 434 
2236 113 1814 624 
2237 621 1816 112 
2238 1811 1813 1810 
2239 1810 1812 1811 
2240 58 1815 617 
2241 620 1816 111 
2242 114 1814 625 
2243 54 1817 619 
2244 618 1817 55 
2245 623 1814 113 
2246 626 1815 59 
2247 112 1816 622 
2248 619 1811 620 
2249 617 1813 618 
2250 625 1810 626 
2251 622 1812 623 
2252 1810 1814 1812 
2253 1813 1815 1810 
2254 1812 1816 1811 
2255 1811 1817 1813 
2256 617 1815 1813 
2257 1812 1814 623 
2258 625 1814 1810 
2259 1811 1816 620 
2260 1810 1815 626 
2261 1813 1817 618 
2262 619 1817 1811 
2263 622 1816 1812 
2 131 2 11
2264 620 111 628 
2265 428 54 619 
2266 620 628 1819 
2267 428 619 1819 
2268 429 428 1818 
2269 628 627 1818 
2270 628 1818 1819 
2271 1818 428 1819 
2272 56 429 1818 
2273 627 56 1818 
2274 619 620 1819 
2 132 2 23
2275 633 632 1820 
2276 633 1820 1821 
2277 116 633 1823 
2278 632 57 1824 
2279 111 621 1822 
2280 621 112 1822 
2281 628 111 1822 
2282 112 629 1822 
2283 633 1821 1823 
2284 1820 632 1824 
2285 629 630 1821 
2286 627 628 1820 
2287 1821 1820 1822 
2288 1821 630 1823 
2289 627 1820 1824 
2290 630 115 1823 
2291 56 627 1824 
2292 629 1821 1822 
2293 1820 628 1822 
2294 115 631 1823 
2295 422 56 1824 
2296 57 422 1824 
2297 631 116 1823 
2 133 2 26
2298 1826 1825 1827 
2299 1825 1826 1828 
2300 635 634 1826 
2301 424 425 1825 
2302 632 633 1827 
2303 446 445 1828 
2304 63 446 1830 
2305 633 116 1829 
2306 445 24 1832 
2307 57 632 1831 
2308 634 63 1830 
2309 116 635 1829 
2310 24 424 1832 
2311 425 57 1831 
2312 1826 634 1830 
2313 635 1826 1829 
2314 424 1825 1832 
2315 1825 425 1831 
2316 1827 633 1829 
2317 446 1828 1830 
2318 632 1827 1831 
2319 1828 445 1832 
2320 1826 1827 1829 
2321 1828 1826 1830 
2322 1827 1825 1831 
2323 1825 1828 1832 
2 134 2 11
2324 626 59 442 
2325 637 114 625 
2326 626 442 1834 
2327 637 625 1834 
2328 442 443 1833 
2329 636 637 1833 
2330 442 1833 1834 
2331 1833 637 1834 
2332 443 62 1833 
2333 62 636 1833 
2334 625 626 1834 
2 135 2 23
2335 635 1835 634 
2336 635 1836 1835 
2337 116 1839 635 
2338 634 1838 63 
2339 624 1837 113 
2340 114 1837 624 
2341 637 1837 114 
2342 113 1837 638 
2343 635 1839 1836 
2344 1835 1838 634 
2345 638 1836 639 
2346 636 1835 637 
2347 1836 1837 1835 
2348 1836 1839 639 
2349 636 1838 1835 
2350 639 1839 115 
2351 62 1838 636 
2352 638 1837 1836 
2353 1835 1837 637 
2354 115 1839 631 
2355 444 1838 62 
2356 63 1838 444 
2357 631 1839 116 
2 136 2 11
2358 623 113 638 
2359 112 622 629 
2360 623 638 1841 
2361 629 622 1841 
2362 630 629 1840 
2363 638 639 1840 
2364 1840 629 1841 
2365 638 1840 1841 
2366 639 115 1840 
2367 115 630 1840 
2368 622 623 1841 
2 137 2 11
2369 641 61 450 
2370 471 69 640 
2371 641 450 1843 
2372 471 640 1843 
2373 470 471 1842 
2374 450 449 1842 
2375 450 1842 1843 
2376 1842 471 1843 
2377 449 29 1842 
2378 29 470 1842 
2379 640 641 1843 
2 138 2 34
2380 117 1850 644 
2381 70 1851 467 
2382 61 1848 437 
2383 437 1848 60 
2384 647 1849 120 
2385 119 1849 647 
2386 467 1851 69 
2387 644 1850 118 
2388 1845 1847 1844 
2389 1844 1846 1845 
2390 643 1850 117 
2391 649 1851 70 
2392 641 1848 61 
2393 646 1849 119 
2394 120 1849 648 
2395 60 1848 642 
2396 69 1851 640 
2397 118 1850 645 
2398 648 1845 649 
2399 645 1847 646 
2400 640 1846 641 
2401 642 1844 643 
2402 1844 1848 1846 
2403 1846 1851 1845 
2404 1845 1849 1847 
2405 1847 1850 1844 
2406 1846 1848 641 
2407 648 1849 1845 
2408 642 1848 1844 
2409 1845 1851 649 
2410 1847 1849 646 
2411 640 1851 1846 
2412 645 1850 1847 
2413 1844 1850 643 
2 139 2 11
2414 451 60 642 
2415 643 117 651 
2416 451 642 1853 
2417 643 651 1853 
2418 452 451 1852 
2419 651 650 1852 
2420 651 1852 1853 
2421 1852 451 1853 
2422 62 452 1852 
2423 650 62 1852 
2424 642 643 1853 
2 140 2 23
2425 656 655 1854 
2426 656 1854 1855 
2427 122 656 1858 
2428 655 63 1857 
2429 117 644 1856 
2430 644 118 1856 
2431 651 117 1856 
2432 118 652 1856 
2433 656 1855 1858 
2434 1854 655 1857 
2435 652 653 1855 
2436 650 651 1854 
2437 1855 1854 1856 
2438 1855 653 1858 
2439 650 1854 1857 
2440 653 121 1858 
2441 62 650 1857 
2442 652 1855 1856 
2443 1854 651 1856 
2444 121 654 1858 
2445 444 62 1857 
2446 63 444 1857 
2447 654 122 1858 
2 141 2 26
2448 1860 1859 1861 
2449 1859 1860 1862 
2450 658 657 1860 
2451 447 448 1859 
2452 655 656 1861 
2453 459 458 1862 
2454 66 459 1864 
2455 656 122 1863 
2456 458 27 1866 
2457 63 655 1865 
2458 657 66 1864 
2459 122 658 1863 
2460 27 447 1866 
2461 448 63 1865 
2462 1860 657 1864 
2463 658 1860 1863 
2464 1859 448 1865 
2465 447 1859 1866 
2466 1861 656 1863 
2467 655 1861 1865 
2468 459 1862 1864 
2469 1862 458 1866 
2470 1860 1861 1863 
2471 1862 1860 1864 
2472 1861 1859 1865 
2473 1859 1862 1866 
2 142 2 11
2474 660 120 648 
2475 649 70 472 
2476 660 648 1868 
2477 649 472 1868 
2478 472 473 1867 
2479 659 660 1867 
2480 472 1867 1868 
2481 1867 660 1868 
2482 68 659 1867 
2483 473 68 1867 
2484 648 649 1868 
2 143 2 23
2485 658 1869 657 
2486 658 1870 1869 
2487 122 1873 658 
2488 657 1872 66 
2489 120 1871 647 
2490 647 1871 119 
2491 119 1871 661 
2492 660 1871 120 
2493 658 1873 1870 
2494 1869 1872 657 
2495 661 1870 662 
2496 659 1869 660 
2497 1870 1871 1869 
2498 1870 1873 662 
2499 659 1872 1869 
2500 68 1872 659 
2501 662 1873 121 
2502 661 1871 1870 
2503 1869 1871 660 
2504 464 1872 68 
2505 121 1873 654 
2506 66 1872 464 
2507 654 1873 122 
2 144 2 11
2508 118 645 652 
2509 646 119 661 
2510 652 645 1875 
2511 646 661 1875 
2512 661 662 1874 
2513 653 652 1874 
2514 1874 652 1875 
2515 661 1874 1875 
2516 662 121 1874 
2517 121 653 1874 
2518 645 646 1875 
2 145 2 14
2519 665 65 1877 
2520 65 455 1877 
2521 663 123 1878 
2522 123 664 1878 
2523 455 64 1879 
2524 64 663 1879 
2525 124 665 1876 
2526 664 124 1876 
2527 1876 1877 1878 
2528 664 1876 1878 
2529 1876 665 1877 
2530 663 1878 1879 
2531 1877 455 1879 
2532 1878 1877 1879 
2 146 2 14
2533 460 66 1881 
2534 66 666 1881 
2535 123 663 1882 
2536 667 123 1882 
2537 663 64 1883 
2538 64 460 1883 
2539 666 125 1880 
2540 125 667 1880 
2541 1881 1880 1882 
2542 1880 667 1882 
2543 666 1880 1881 
2544 1882 663 1883 
2545 460 1881 1883 
2546 1881 1882 1883 
2 147 2 14
2547 664 1885 124 
2548 124 1885 668 
2549 125 1886 667 
2550 669 1886 125 
2551 123 1887 664 
2552 667 1887 123 
2553 126 1884 669 
2554 668 1884 126 
2555 1885 1886 1884 
2556 1884 1886 669 
2557 668 1885 1884 
2558 1886 1887 667 
2559 664 1887 1885 
2560 1885 1887 1886 
2 148 2 15
2561 124 1888 665 
2562 668 1888 124 
2563 126 1890 668 
2564 665 1889 65 
2565 668 1890 1888 
2566 1888 1889 665 
2567 670 1888 671 
2568 1888 1890 671 
2569 670 1889 1888 
2570 67 1889 670 
2571 671 1890 127 
2572 127 1890 672 
2573 461 1889 67 
2574 65 1889 461 
2575 672 1890 126 
2 149 2 15
2576 669 125 1891 
2577 125 666 1891 
2578 666 66 1892 
2579 126 669 1893 
2580 1891 666 1892 
2581 669 1891 1893 
2582 673 674 1891 
2583 673 1891 1892 
2584 1891 674 1893 
2585 68 673 1892 
2586 674 127 1893 
2587 464 68 1892 
2588 127 672 1893 
2589 66 464 1892 
2590 672 126 1893 
2 150 2 11
2591 462 67 670 
2592 671 127 674 
2593 462 670 1895 
2594 671 674 1895 
2595 674 673 1894 
2596 463 462 1894 
2597 674 1894 1895 
2598 1894 462 1895 
2599 68 463 1894 
2600 673 68 1894 
2601 670 671 1895 
2 151 2 18
2602 675 676 1896 
2603 675 1896 1898 
2604 1896 676 1897 
2605 486 487 1896 
2606 676 128 1897 
2607 72 675 1898 
2608 128 677 1897 
2609 476 72 1898 
2610 486 1896 1899 
2611 1896 487 1900 
2612 677 76 1899 
2613 33 476 1900 
2614 76 486 1899 
2615 487 33 1900 
2616 1896 1897 1899 
2617 1898 1896 1900 
2618 1897 677 1899 
2619 476 1898 1900 
2 152 2 18
2620 679 1901 680 
2621 679 1902 1901 
2622 1901 1903 680 
2623 675 1901 676 
2624 129 1902 679 
2625 680 1903 74 
2626 678 1902 129 
2627 74 1903 479 
2628 1901 1904 676 
2629 675 1905 1901 
2630 676 1904 128 
2631 72 1905 675 
2632 479 1905 72 
2633 128 1904 678 
2634 1902 1904 1901 
2635 1901 1905 1903 
2636 678 1904 1902 
2637 1903 1905 479 
2 153 2 15
2638 677 128 1906 
2639 128 678 1906 
2640 678 129 1907 
2641 76 677 1908 
2642 1906 678 1907 
2643 677 1906 1908 
2644 682 683 1906 
2645 682 1906 1907 
2646 1906 683 1908 
2647 130 682 1907 
2648 683 77 1908 
2649 681 130 1907 
2650 77 490 1908 
2651 129 681 1907 
2652 490 76 1908 
2 154 2 23
2653 680 1910 679 
2654 1909 1910 680 
2655 74 1913 680 
2656 679 1912 129 
2657 493 1911 79 
2658 78 1911 493 
2659 79 1911 686 
2660 685 1911 78 
2661 680 1913 1909 
2662 1910 1912 679 
2663 686 1909 687 
2664 684 1910 685 
2665 1909 1911 1910 
2666 1909 1913 687 
2667 684 1912 1910 
2668 687 1913 75 
2669 130 1912 684 
2670 686 1911 1909 
2671 1910 1911 685 
2672 75 1913 481 
2673 681 1912 130 
2674 129 1912 681 
2675 481 1913 74 
2 155 2 11
2676 686 494 79 
2677 687 75 482 
2678 494 686 1914 
2679 687 482 1914 
2680 495 494 1915 
2681 35 495 1915 
2682 483 35 1915 
2683 494 1914 1915 
2684 1914 482 1915 
2685 482 483 1915 
2686 686 687 1914 
2 156 2 11
2687 492 685 78 
2688 683 491 77 
2689 685 492 1917 
2690 491 683 1917 
2691 683 682 1916 
2692 684 685 1916 
2693 1916 685 1917 
2694 683 1916 1917 
2695 682 130 1916 
2696 130 684 1916 
2697 492 491 1917 
2 157 2 18
2698 690 689 1918 
2699 1918 689 1920 
2700 690 1918 1919 
2701 511 512 1918 
2702 131 690 1919 
2703 689 73 1920 
2704 688 131 1919 
2705 73 477 1920 
2706 1918 512 1921 
2707 511 1918 1922 
2708 82 688 1921 
2709 477 34 1922 
2710 512 82 1921 
2711 34 511 1922 
2712 1919 1918 1921 
2713 1918 1920 1922 
2714 688 1919 1921 
2715 1920 477 1922 
2 158 2 18
2716 690 1923 689 
2717 1923 1925 689 
2718 690 1924 1923 
2719 692 1923 691 
2720 131 1924 690 
2721 689 1925 73 
2722 693 1924 131 
2723 73 1925 480 
2724 1923 1926 691 
2725 692 1927 1923 
2726 132 1926 693 
2727 480 1927 74 
2728 691 1926 132 
2729 74 1927 692 
2730 1924 1926 1923 
2731 1923 1927 1925 
2732 693 1926 1924 
2733 1925 1927 480 
2 159 2 23
2734 692 691 1929 
2735 1928 692 1929 
2736 74 692 1932 
2737 691 132 1931 
2738 84 515 1930 
2739 515 83 1930 
2740 696 84 1930 
2741 83 697 1930 
2742 692 1928 1932 
2743 1929 691 1931 
2744 697 698 1928 
2745 695 696 1929 
2746 1928 1929 1930 
2747 1928 698 1932 
2748 695 1929 1931 
2749 698 75 1932 
2750 133 695 1931 
2751 697 1928 1930 
2752 1929 696 1930 
2753 75 481 1932 
2754 694 133 1931 
2755 132 694 1931 
2756 481 74 1932 
2 160 2 11
2757 36 485 513 
2758 484 75 698 
2759 513 485 1933 
2760 484 698 1933 
2761 514 513 1934 
2762 83 514 1934 
2763 697 83 1934 
2764 513 1933 1934 
2765 1933 698 1934 
2766 698 697 1934 
2767 485 484 1933 
2 161 2 15
2768 688 1935 131 
2769 131 1935 693 
2770 693 1936 132 
2771 82 1937 688 
2772 1935 1936 693 
2773 688 1937 1935 
2774 699 1935 700 
2775 699 1936 1935 
2776 1935 1937 700 
2777 133 1936 699 
2778 700 1937 85 
2779 694 1936 133 
2780 85 1937 518 
2781 132 1936 694 
2782 518 1937 82 
2 162 2 11
2783 84 696 516 
2784 517 700 85 
2785 516 696 1939 
2786 700 517 1939 
2787 696 695 1938 
2788 699 700 1938 
2789 1938 700 1939 
2790 696 1938 1939 
2791 695 133 1938 
2792 133 699 1938 
2793 517 516 1939 
2 163 2 26
2794 1940 1941 1942 
2795 1941 1940 1943 
2796 702 701 1940 
2797 532 533 1941 
2798 489 488 1942 
2799 703 704 1943 
2800 39 489 1945 
2801 704 88 1944 
2802 488 76 1947 
2803 134 703 1946 
2804 533 39 1945 
2805 88 532 1944 
2806 76 702 1947 
2807 701 134 1946 
2808 1941 533 1945 
2809 702 1940 1947 
2810 532 1941 1944 
2811 1940 701 1946 
2812 489 1942 1945 
2813 1942 488 1947 
2814 1943 704 1944 
2815 703 1943 1946 
2816 1942 1941 1945 
2817 1941 1943 1944 
2818 1940 1942 1947 
2819 1943 1940 1946 
2 164 2 23
2820 702 1948 701 
2821 702 1949 1948 
2822 76 1952 702 
2823 701 1951 134 
2824 136 1950 708 
2825 708 1950 137 
2826 707 1950 136 
2827 137 1950 709 
2828 702 1952 1949 
2829 1948 1951 701 
2830 709 1949 710 
2831 706 1948 707 
2832 1949 1950 1948 
2833 1949 1952 710 
2834 706 1951 1948 
2835 135 1951 706 
2836 710 1952 77 
2837 709 1950 1949 
2838 1948 1950 707 
2839 705 1951 135 
2840 77 1952 490 
2841 134 1951 705 
2842 490 1952 76 
2 165 2 23
2843 704 703 1954 
2844 1953 704 1954 
2845 703 134 1957 
2846 88 704 1956 
2847 713 139 1955 
2848 138 713 1955 
2849 139 714 1955 
2850 712 138 1955 
2851 1954 703 1957 
2852 704 1953 1956 
2853 711 712 1954 
2854 714 715 1953 
2855 1953 1954 1955 
2856 711 1954 1957 
2857 1953 715 1956 
2858 135 711 1957 
2859 715 89 1956 
2860 1954 712 1955 
2861 714 1953 1955 
2862 705 135 1957 
2863 89 536 1956 
2864 134 705 1957 
2865 536 88 1956 
2 166 2 11
2866 137 709 717 
2867 710 77 496 
2868 717 709 1959 
2869 710 496 1959 
2870 496 497 1958 
2871 716 717 1958 
2872 1958 717 1959 
2873 496 1958 1959 
2874 80 716 1958 
2875 497 80 1958 
2876 709 710 1959 
2 167 2 34
2877 708 1965 136 
2878 137 1965 708 
2879 90 1964 539 
2880 539 1964 91 
2881 498 1967 80 
2882 138 1966 713 
2883 713 1966 139 
2884 81 1967 498 
2885 1960 1962 1961 
2886 1961 1963 1960 
2887 136 1965 720 
2888 717 1965 137 
2889 91 1964 718 
2890 723 1964 90 
2891 80 1967 716 
2892 721 1966 138 
2893 139 1966 722 
2894 719 1967 81 
2895 720 1962 721 
2896 722 1960 723 
2897 718 1963 719 
2898 716 1961 717 
2899 1962 1965 1961 
2900 1963 1964 1960 
2901 1961 1967 1963 
2902 1960 1966 1962 
2903 718 1964 1963 
2904 1960 1964 723 
2905 1961 1965 717 
2906 720 1965 1962 
2907 1963 1967 719 
2908 1962 1966 721 
2909 722 1966 1960 
2910 716 1967 1961 
2 168 2 11
2911 91 718 540 
2912 541 500 40 
2913 540 718 1969 
2914 500 541 1969 
2915 718 719 1968 
2916 499 500 1968 
2917 718 1968 1969 
2918 1968 500 1969 
2919 81 499 1968 
2920 719 81 1968 
2921 541 540 1969 
2 169 2 11
2922 707 136 720 
2923 711 135 706 
2924 707 720 1971 
2925 711 706 1971 
2926 712 711 1970 
2927 720 721 1970 
2928 1970 711 1971 
2929 720 1970 1971 
2930 721 138 1970 
2931 138 712 1970 
2932 706 707 1971 
2 170 2 11
2933 538 723 90 
2934 89 715 537 
2935 723 538 1973 
2936 537 715 1973 
2937 715 714 1972 
2938 722 723 1972 
2939 1972 723 1973 
2940 715 1972 1973 
2941 714 139 1972 
2942 139 722 1972 
2943 538 537 1973 
2 171 2 11
2944 725 79 502 
2945 83 724 520 
2946 725 502 1975 
2947 520 724 1975 
2948 519 520 1974 
2949 502 501 1974 
2950 1974 520 1975 
2951 502 1974 1975 
2952 501 37 1974 
2953 37 519 1974 
2954 724 725 1975 
2 172 2 34
2955 1977 1979 1978 
2956 1978 1979 1976 
2957 731 1982 143 
2958 84 1980 515 
2959 728 1981 141 
2960 493 1983 78 
2961 140 1981 728 
2962 142 1982 731 
2963 515 1980 83 
2964 79 1983 493 
2965 143 1982 732 
2966 733 1980 84 
2967 141 1981 729 
2968 727 1981 140 
2969 78 1983 726 
2970 725 1983 79 
2971 83 1980 724 
2972 730 1982 142 
2973 724 1977 725 
2974 732 1979 733 
2975 1977 1980 1979 
2976 729 1976 730 
2977 726 1978 727 
2978 1978 1983 1977 
2979 1979 1982 1976 
2980 1976 1981 1978 
2981 1977 1983 725 
2982 724 1980 1977 
2983 732 1982 1979 
2984 1979 1980 733 
2985 1978 1981 727 
2986 729 1981 1976 
2987 1976 1982 730 
2988 726 1983 1978 
2 173 2 11
2989 727 140 735 
2990 503 78 726 
2991 727 735 1985 
2992 503 726 1985 
2993 504 503 1984 
2994 735 734 1984 
2995 735 1984 1985 
2996 1984 503 1985 
2997 734 80 1984 
2998 80 504 1984 
2999 726 727 1985 
2 174 2 34
3000 1988 1987 1989 
3001 1986 1988 1989 
3002 559 94 1990 
3003 728 141 1992 
3004 95 559 1990 
3005 140 728 1992 
3006 498 80 1993 
3007 81 498 1993 
3008 738 145 1991 
3009 144 738 1991 
3010 141 736 1992 
3011 94 741 1990 
3012 740 95 1990 
3013 735 140 1992 
3014 80 734 1993 
3015 742 81 1993 
3016 145 739 1991 
3017 737 144 1991 
3018 741 742 1989 
3019 739 740 1987 
3020 1989 1987 1990 
3021 734 735 1986 
3022 736 737 1988 
3023 1986 1989 1993 
3024 1987 1988 1991 
3025 1988 1986 1992 
3026 741 1989 1990 
3027 1989 742 1993 
3028 1987 740 1990 
3029 739 1987 1991 
3030 1986 735 1992 
3031 736 1988 1992 
3032 734 1986 1993 
3033 1988 737 1991 
2 175 2 11
3034 41 506 557 
3035 558 741 94 
3036 741 558 1995 
3037 557 506 1995 
3038 742 741 1994 
3039 506 505 1994 
3040 1994 741 1995 
3041 506 1994 1995 
3042 505 81 1994 
3043 81 742 1994 
3044 558 557 1995 
2 176 2 11
3045 556 507 42 
3046 526 555 46 
3047 507 556 1997 
3048 555 526 1997 
3049 526 527 1996 
3050 508 507 1996 
3051 1996 507 1997 
3052 526 1996 1997 
3053 38 508 1996 
3054 527 38 1996 
3055 556 555 1997 
2 177 2 11
3056 143 732 744 
3057 733 84 521 
3058 744 732 1999 
3059 733 521 1999 
3060 521 522 1998 
3061 743 744 1998 
3062 521 1998 1999 
3063 1998 744 1999 
3064 86 743 1998 
3065 522 86 1998 
3066 732 733 1999 
2 178 2 34
3067 2001 2003 2000 
3068 2000 2002 2001 
3069 143 2007 731 
3070 731 2007 142 
3071 96 2005 562 
3072 562 2005 97 
3073 87 2006 523 
3074 523 2006 86 
3075 144 2004 738 
3076 738 2004 145 
3077 744 2007 143 
3078 97 2005 749 
3079 748 2005 96 
3080 142 2007 745 
3081 750 2006 87 
3082 145 2004 747 
3083 746 2004 144 
3084 86 2006 743 
3085 747 2000 748 
3086 749 2003 750 
3087 2003 2005 2000 
3088 743 2001 744 
3089 2001 2006 2003 
3090 2000 2004 2002 
3091 745 2002 746 
3092 2002 2007 2001 
3093 2000 2005 748 
3094 747 2004 2000 
3095 749 2005 2003 
3096 2003 2006 750 
3097 2001 2007 744 
3098 743 2006 2001 
3099 745 2007 2002 
3100 2002 2004 746 
2 179 2 11
3101 97 749 563 
3102 564 525 47 
3103 563 749 2009 
3104 525 564 2009 
3105 749 750 2008 
3106 524 525 2008 
3107 749 2008 2009 
3108 2008 525 2009 
3109 87 524 2008 
3110 750 87 2008 
3111 564 563 2009 
2 180 2 11
3112 141 729 736 
3113 730 142 745 
3114 736 729 2011 
3115 730 745 2011 
3116 737 736 2010 
3117 745 746 2010 
3118 2010 736 2011 
3119 745 2010 2011 
3120 746 144 2010 
3121 144 737 2010 
3122 729 730 2011 
2 181 2 11
3123 95 740 560 
3124 739 145 747 
3125 560 740 2012 
3126 739 747 2012 
3127 561 560 2013 
3128 96 561 2013 
3129 748 96 2013 
3130 560 2012 2013 
3131 2012 747 2013 
3132 747 748 2013 
3133 740 739 2012 
2 182 2 26
3134 2014 2015 2016 
3135 2015 2014 2017 
3136 754 753 2014 
3137 584 585 2015 
3138 509 510 2017 
3139 752 751 2016 
3140 510 45 2018 
3141 100 752 2019 
3142 82 509 2020 
3143 751 146 2021 
3144 45 584 2018 
3145 585 100 2019 
3146 753 82 2020 
3147 146 754 2021 
3148 584 2015 2018 
3149 2015 585 2019 
3150 2014 753 2020 
3151 754 2014 2021 
3152 2017 510 2018 
3153 752 2016 2019 
3154 509 2017 2020 
3155 2016 751 2021 
3156 2016 2015 2019 
3157 2015 2017 2018 
3158 2014 2016 2021 
3159 2017 2014 2020 
2 183 2 23
3160 754 2022 753 
3161 754 2023 2022 
3162 146 2026 754 
3163 753 2025 82 
3164 757 2024 148 
3165 147 2024 757 
3166 148 2024 758 
3167 756 2024 147 
3168 2022 2025 753 
3169 754 2026 2023 
3170 755 2022 756 
3171 758 2023 759 
3172 2023 2024 2022 
3173 755 2025 2022 
3174 2023 2026 759 
3175 85 2025 755 
3176 759 2026 149 
3177 2022 2024 756 
3178 758 2024 2023 
3179 518 2025 85 
3180 149 2026 760 
3181 82 2025 518 
3182 760 2026 146 
2 184 2 11
3183 528 85 755 
3184 86 529 761 
3185 528 755 2027 
3186 761 529 2027 
3187 755 756 2028 
3188 2027 755 2028 
3189 762 761 2028 
3190 761 2027 2028 
3191 756 147 2028 
3192 147 762 2028 
3193 529 528 2027 
2 185 2 34
3194 2031 2029 2032 
3195 2030 2031 2032 
3196 757 148 2036 
3197 588 101 2034 
3198 102 588 2034 
3199 147 757 2036 
3200 767 151 2035 
3201 87 523 2033 
3202 523 86 2033 
3203 150 767 2035 
3204 148 765 2036 
3205 101 763 2034 
3206 769 102 2034 
3207 762 147 2036 
3208 151 768 2035 
3209 764 87 2033 
3210 86 761 2033 
3211 766 150 2035 
3212 761 762 2029 
3213 763 764 2031 
3214 2029 2031 2033 
3215 768 769 2030 
3216 2031 2030 2034 
3217 2032 2029 2036 
3218 765 766 2032 
3219 2030 2032 2035 
3220 2029 762 2036 
3221 761 2029 2033 
3222 763 2031 2034 
3223 2031 764 2033 
3224 2030 769 2034 
3225 768 2030 2035 
3226 765 2032 2036 
3227 2032 766 2035 
2 186 2 11
3228 48 531 586 
3229 587 763 101 
3230 586 531 2038 
3231 763 587 2038 
3232 764 763 2037 
3233 531 530 2037 
3234 2037 763 2038 
3235 531 2037 2038 
3236 530 87 2037 
3237 87 764 2037 
3238 587 586 2038 
2 187 2 23
3239 752 2039 751 
3240 752 2040 2039 
3241 751 2043 146 
3242 100 2042 752 
3243 767 2041 151 
3244 150 2041 767 
3245 151 2041 772 
3246 771 2041 150 
3247 2039 2043 751 
3248 752 2042 2040 
3249 770 2039 771 
3250 772 2040 773 
3251 2040 2041 2039 
3252 770 2043 2039 
3253 2040 2042 773 
3254 149 2043 770 
3255 773 2042 103 
3256 2039 2041 771 
3257 772 2041 2040 
3258 760 2043 149 
3259 103 2042 591 
3260 146 2043 760 
3261 591 2042 100 
2 188 2 11
3262 148 758 765 
3263 150 766 771 
3264 765 758 2044 
3265 771 766 2044 
3266 758 759 2045 
3267 2044 758 2045 
3268 770 771 2045 
3269 771 2044 2045 
3270 759 149 2045 
3271 149 770 2045 
3272 766 765 2044 
2 189 2 11
3273 769 589 102 
3274 590 773 103 
3275 589 769 2047 
3276 773 590 2047 
3277 772 773 2046 
3278 769 768 2046 
3279 769 2046 2047 
3280 2046 773 2047 
3281 768 151 2046 
3282 151 772 2046 
3283 590 589 2047 
2 190 2 18
3284 535 534 2048 
3285 2048 534 2049 
3286 535 2048 2050 
3287 776 775 2048 
3288 534 88 2049 
3289 51 535 2050 
3290 88 774 2049 
3291 605 51 2050 
3292 776 2048 2052 
3293 2048 775 2051 
3294 2048 2049 2052 
3295 2050 2048 2051 
3296 106 605 2051 
3297 774 152 2052 
3298 152 776 2052 
3299 775 106 2051 
3300 2049 774 2052 
3301 605 2050 2051 
2 191 2 15
3302 152 2053 777 
3303 774 2053 152 
3304 88 2054 774 
3305 777 2055 153 
3306 774 2054 2053 
3307 2053 2055 777 
3308 779 2053 780 
3309 2053 2054 780 
3310 779 2055 2053 
3311 780 2054 89 
3312 154 2055 779 
3313 89 2054 536 
3314 778 2055 154 
3315 153 2055 778 
3316 536 2054 88 
2 192 2 16
3317 777 2057 776 
3318 781 2056 782 
3319 2056 2057 782 
3320 781 2058 2056 
3321 776 2057 2056 
3322 776 2056 775 
3323 782 2057 153 
3324 108 2058 781 
3325 153 2057 777 
3326 608 2058 108 
3327 2056 2059 775 
3328 2058 2059 2056 
3329 106 2059 608 
3330 775 2059 106 
3331 608 2059 2058 
3332 777 776 152 
2 193 2 11
3333 154 779 784 
3334 780 89 542 
3335 784 779 2061 
3336 780 542 2061 
3337 542 543 2060 
3338 783 784 2060 
3339 2060 784 2061 
3340 542 2060 2061 
3341 92 783 2060 
3342 543 92 2060 
3343 779 780 2061 
2 194 2 23
3344 782 2062 781 
3345 782 2063 2062 
3346 153 2065 782 
3347 781 2066 108 
3348 544 2064 92 
3349 93 2064 544 
3350 92 2064 783 
3351 786 2064 93 
3352 2062 2066 781 
3353 782 2065 2063 
3354 785 2062 786 
3355 783 2063 784 
3356 2063 2064 2062 
3357 785 2066 2062 
3358 2063 2065 784 
3359 784 2065 154 
3360 109 2066 785 
3361 2062 2064 786 
3362 783 2064 2063 
3363 154 2065 778 
3364 609 2066 109 
3365 108 2066 609 
3366 778 2065 153 
2 195 2 11
3367 109 785 610 
3368 611 546 53 
3369 610 785 2068 
3370 546 611 2068 
3371 785 786 2067 
3372 545 546 2067 
3373 785 2067 2068 
3374 2067 546 2068 
3375 93 545 2067 
3376 786 93 2067 
3377 611 610 2068 
2 196 2 11
3378 58 567 617 
3379 618 549 55 
3380 617 567 2070 
3381 549 618 2070 
3382 550 549 2069 
3383 567 568 2069 
3384 2069 549 2070 
3385 567 2069 2070 
3386 44 550 2069 
3387 568 44 2069 
3388 618 617 2070 
2 197 2 11
3389 94 787 566 
3390 788 91 548 
3391 566 787 2072 
3392 788 548 2072 
3393 548 547 2071 
3394 565 566 2071 
3395 548 2071 2072 
3396 2071 566 2072 
3397 43 565 2071 
3398 547 43 2071 
3399 787 788 2072 
2 198 2 34
3400 155 2079 791 
3401 794 2077 158 
3402 91 2080 539 
3403 539 2080 90 
3404 95 2078 559 
3405 157 2077 794 
3406 559 2078 94 
3407 791 2079 156 
3408 2074 2076 2073 
3409 2073 2075 2074 
3410 790 2079 155 
3411 158 2077 795 
3412 90 2080 789 
3413 796 2078 95 
3414 788 2080 91 
3415 793 2077 157 
3416 94 2078 787 
3417 156 2079 792 
3418 789 2074 790 
3419 787 2076 788 
3420 795 2073 796 
3421 792 2075 793 
3422 2073 2077 2075 
3423 2076 2078 2073 
3424 2075 2079 2074 
3425 2074 2080 2076 
3426 787 2078 2076 
3427 795 2077 2073 
3428 2075 2077 793 
3429 2074 2079 790 
3430 2073 2078 796 
3431 2076 2080 788 
3432 789 2080 2074 
3433 792 2079 2075 
2 199 2 11
3434 790 155 798 
3435 551 90 789 
3436 790 798 2082 
3437 551 789 2082 
3438 552 551 2081 
3439 798 797 2081 
3440 2081 551 2082 
3441 798 2081 2082 
3442 797 92 2081 
3443 92 552 2081 
3444 789 790 2082 
2 200 2 34
3445 2084 2083 2085 
3446 2083 2084 2086 
3447 621 111 2088 
3448 155 791 2090 
3449 112 621 2088 
3450 791 156 2090 
3451 803 160 2089 
3452 159 803 2089 
3453 544 92 2087 
3454 93 544 2087 
3455 111 799 2088 
3456 798 155 2090 
3457 805 112 2088 
3458 156 801 2090 
3459 160 804 2089 
3460 802 159 2089 
3461 92 797 2087 
3462 800 93 2087 
3463 797 798 2084 
3464 799 800 2085 
3465 804 805 2083 
3466 2084 2085 2087 
3467 2085 2083 2088 
3468 2086 2084 2090 
3469 801 802 2086 
3470 2083 2086 2089 
3471 2084 798 2090 
3472 797 2084 2087 
3473 799 2085 2088 
3474 2085 800 2087 
3475 2083 805 2088 
3476 804 2083 2089 
3477 801 2086 2090 
3478 2086 802 2089 
2 201 2 11
3479 620 799 111 
3480 54 554 619 
3481 799 620 2092 
3482 619 554 2092 
3483 800 799 2091 
3484 554 553 2091 
3485 2091 799 2092 
3486 554 2091 2092 
3487 553 93 2091 
3488 93 800 2091 
3489 620 619 2092 
2 202 2 11
3490 796 95 569 
3491 158 795 807 
3492 796 569 2094 
3493 807 795 2094 
3494 569 570 2093 
3495 806 807 2093 
3496 569 2093 2094 
3497 2093 807 2094 
3498 98 806 2093 
3499 570 98 2093 
3500 795 796 2094 
2 203 2 34
3501 2096 2098 2097 
3502 2097 2098 2095 
3503 794 2101 157 
3504 158 2101 794 
3505 113 2100 624 
3506 624 2100 114 
3507 571 2102 98 
3508 99 2102 571 
3509 159 2099 803 
3510 803 2099 160 
3511 157 2101 810 
3512 807 2101 158 
3513 114 2100 808 
3514 813 2100 113 
3515 98 2102 806 
3516 811 2099 159 
3517 809 2102 99 
3518 160 2099 812 
3519 812 2098 813 
3520 808 2096 809 
3521 2096 2100 2098 
3522 810 2095 811 
3523 806 2097 807 
3524 2098 2099 2095 
3525 2097 2102 2096 
3526 2095 2101 2097 
3527 2098 2100 813 
3528 812 2099 2098 
3529 808 2100 2096 
3530 2096 2102 809 
3531 2097 2101 807 
3532 810 2101 2095 
3533 806 2102 2097 
3534 2095 2099 811 
2 204 2 11
3535 626 573 59 
3536 808 625 114 
3537 573 626 2104 
3538 625 808 2104 
3539 808 809 2103 
3540 572 573 2103 
3541 808 2103 2104 
3542 2103 573 2104 
3543 99 572 2103 
3544 809 99 2103 
3545 626 625 2104 
2 205 2 11
3546 793 157 810 
3547 801 156 792 
3548 793 810 2106 
3549 801 792 2106 
3550 810 811 2105 
3551 802 801 2105 
3552 810 2105 2106 
3553 2105 801 2106 
3554 811 159 2105 
3555 159 802 2105 
3556 792 793 2106 
2 206 2 11
3557 623 813 113 
3558 805 622 112 
3559 813 623 2108 
3560 622 805 2108 
3561 805 804 2107 
3562 812 813 2107 
3563 2107 813 2108 
3564 805 2107 2108 
3565 160 812 2107 
3566 804 160 2107 
3567 623 622 2108 
2 207 2 11
3568 594 640 69 
3569 641 576 61 
3570 576 641 2110 
3571 640 594 2110 
3572 577 576 2109 
3573 594 595 2109 
3574 2109 576 2110 
3575 594 2109 2110 
3576 595 50 2109 
3577 50 577 2109 
3578 641 640 2110 
2 208 2 11
3579 815 97 575 
3580 101 814 593 
3581 593 814 2112 
3582 815 575 2112 
3583 575 574 2111 
3584 592 593 2111 
3585 575 2111 2112 
3586 2111 593 2112 
3587 49 592 2111 
3588 574 49 2111 
3589 814 815 2112 
2 209 2 34
3590 163 2118 821 
3591 102 2120 588 
3592 562 2117 96 
3593 821 2118 164 
3594 818 2119 162 
3595 97 2117 562 
3596 588 2120 101 
3597 161 2119 818 
3598 2114 2116 2113 
3599 2113 2115 2114 
3600 820 2118 163 
3601 823 2120 102 
3602 815 2117 97 
3603 96 2117 816 
3604 101 2120 814 
3605 162 2119 819 
3606 817 2119 161 
3607 164 2118 822 
3608 822 2114 823 
3609 819 2116 820 
3610 814 2115 815 
3611 816 2113 817 
3612 2113 2117 2115 
3613 2115 2120 2114 
3614 2114 2118 2116 
3615 2116 2119 2113 
3616 2115 2117 815 
3617 822 2118 2114 
3618 816 2117 2113 
3619 2114 2120 823 
3620 2116 2118 820 
3621 814 2120 2115 
3622 819 2119 2116 
3623 2113 2119 817 
2 210 2 11
3624 817 161 825 
3625 578 96 816 
3626 578 816 2122 
3627 817 825 2122 
3628 579 578 2121 
3629 825 824 2121 
3630 2121 578 2122 
3631 825 2121 2122 
3632 824 98 2121 
3633 98 579 2121 
3634 816 817 2122 
2 211 2 34
3635 2124 2123 2125 
3636 2123 2124 2126 
3637 644 117 2128 
3638 818 162 2130 
3639 118 644 2128 
3640 161 818 2130 
3641 830 166 2129 
3642 571 98 2127 
3643 99 571 2127 
3644 165 830 2129 
3645 117 826 2128 
3646 162 828 2130 
3647 825 161 2130 
3648 832 118 2128 
3649 166 831 2129 
3650 98 824 2127 
3651 827 99 2127 
3652 829 165 2129 
3653 824 825 2124 
3654 826 827 2125 
3655 831 832 2123 
3656 2124 2125 2127 
3657 2125 2123 2128 
3658 2126 2124 2130 
3659 828 829 2126 
3660 2123 2126 2129 
3661 2124 825 2130 
3662 824 2124 2127 
3663 826 2125 2128 
3664 2125 827 2127 
3665 2123 832 2128 
3666 831 2123 2129 
3667 828 2126 2130 
3668 2126 829 2129 
2 212 2 11
3669 581 642 60 
3670 643 826 117 
3671 642 581 2132 
3672 826 643 2132 
3673 827 826 2131 
3674 581 580 2131 
3675 2131 826 2132 
3676 581 2131 2132 
3677 580 99 2131 
3678 99 827 2131 
3679 643 642 2132 
2 213 2 11
3680 834 164 822 
3681 823 102 596 
3682 834 822 2134 
3683 823 596 2134 
3684 596 597 2133 
3685 833 834 2133 
3686 596 2133 2134 
3687 2133 834 2134 
3688 104 833 2133 
3689 597 104 2133 
3690 822 823 2134 
2 214 2 34
3691 2135 2138 2137 
3692 2137 2138 2136 
3693 821 2140 163 
3694 164 2140 821 
3695 647 2141 120 
3696 119 2141 647 
3697 105 2142 598 
3698 830 2139 166 
3699 598 2142 104 
3700 165 2139 830 
3701 163 2140 837 
3702 120 2141 835 
3703 840 2141 119 
3704 834 2140 164 
3705 836 2142 105 
3706 166 2139 839 
3707 838 2139 165 
3708 104 2142 833 
3709 839 2137 840 
3710 837 2135 838 
3711 2137 2139 2135 
3712 835 2136 836 
3713 2136 2141 2137 
3714 833 2138 834 
3715 2135 2140 2138 
3716 2138 2142 2136 
3717 2137 2141 840 
3718 839 2139 2137 
3719 837 2140 2135 
3720 2135 2139 838 
3721 835 2141 2136 
3722 2138 2140 834 
3723 2136 2142 836 
3724 833 2142 2138 
2 215 2 11
3725 120 835 648 
3726 649 600 70 
3727 648 835 2144 
3728 600 649 2144 
3729 835 836 2143 
3730 599 600 2143 
3731 835 2143 2144 
3732 2143 600 2144 
3733 105 599 2143 
3734 836 105 2143 
3735 649 648 2144 
2 216 2 11
3736 820 163 837 
3737 828 162 819 
3738 828 819 2146 
3739 820 837 2146 
3740 829 828 2145 
3741 837 838 2145 
3742 2145 828 2146 
3743 837 2145 2146 
3744 165 829 2145 
3745 838 165 2145 
3746 819 820 2146 
2 217 2 11
3747 646 840 119 
3748 118 832 645 
3749 645 832 2148 
3750 840 646 2148 
3751 839 840 2147 
3752 832 831 2147 
3753 2147 840 2148 
3754 832 2147 2148 
3755 831 166 2147 
3756 166 839 2147 
3757 646 645 2148 
2 218 2 18
3758 582 583 2149 
3759 582 2149 2150 
3760 2149 583 2151 
3761 841 842 2149 
3762 100 582 2150 
3763 583 65 2151 
3764 843 100 2150 
3765 65 665 2151 
3766 2149 842 2152 
3767 841 2149 2153 
3768 842 167 2152 
3769 124 841 2153 
3770 665 124 2153 
3771 167 843 2152 
3772 2150 2149 2152 
3773 2149 2151 2153 
3774 843 2150 2152 
3775 2151 665 2153 
2 219 2 15
3776 167 2154 843 
3777 847 2154 167 
3778 843 2155 100 
3779 169 2156 847 
3780 2154 2155 843 
3781 847 2156 2154 
3782 844 2154 845 
3783 844 2155 2154 
3784 2154 2156 845 
3785 103 2155 844 
3786 845 2156 168 
3787 591 2155 103 
3788 168 2156 846 
3789 100 2155 591 
3790 846 2156 169 
2 220 2 11
3791 845 168 849 
3792 601 103 844 
3793 601 844 2158 
3794 845 849 2158 
3795 602 601 2157 
3796 849 848 2157 
3797 2157 601 2158 
3798 849 2157 2158 
3799 104 602 2157 
3800 848 104 2157 
3801 844 845 2158 
2 221 2 23
3802 853 852 2159 
3803 853 2159 2160 
3804 169 853 2162 
3805 852 126 2163 
3806 105 598 2161 
3807 598 104 2161 
3808 851 105 2161 
3809 104 848 2161 
3810 2159 852 2163 
3811 853 2160 2162 
3812 850 851 2159 
3813 848 849 2160 
3814 2160 2159 2161 
3815 850 2159 2163 
3816 2160 849 2162 
3817 849 168 2162 
3818 127 850 2163 
3819 2159 851 2161 
3820 848 2160 2161 
3821 168 846 2162 
3822 672 127 2163 
3823 126 672 2163 
3824 846 169 2162 
2 222 2 11
3825 67 604 670 
3826 603 105 851 
3827 670 604 2164 
3828 603 851 2164 
3829 671 670 2165 
3830 127 671 2165 
3831 850 127 2165 
3832 670 2164 2165 
3833 2164 851 2165 
3834 851 850 2165 
3835 604 603 2164 
2 223 2 18
3836 853 2166 852 
3837 853 2167 2166 
3838 2166 2168 852 
3839 841 2166 842 
3840 169 2167 853 
3841 852 2168 126 
3842 847 2167 169 
3843 126 2168 668 
3844 2166 2169 842 
3845 841 2170 2166 
3846 842 2169 167 
3847 124 2170 841 
3848 668 2170 124 
3849 167 2169 847 
3850 2167 2169 2166 
3851 2166 2170 2168 
3852 847 2169 2167 
3853 2168 2170 668 
2 224 2 11
3854 111 854 628 
3855 855 109 616 
3856 628 854 2172 
3857 855 616 2172 
3858 616 615 2171 
3859 627 628 2171 
3860 2171 628 2172 
3861 616 2171 2172 
3862 56 627 2171 
3863 615 56 2171 
3864 854 855 2172 
2 225 2 23
3865 857 2173 856 
3866 857 2174 2173 
3867 108 2177 857 
3868 856 2176 170 
3869 621 2175 111 
3870 112 2175 621 
3871 111 2175 854 
3872 860 2175 112 
3873 2173 2176 856 
3874 857 2177 2174 
3875 859 2173 860 
3876 854 2174 855 
3877 2174 2175 2173 
3878 859 2176 2173 
3879 2174 2177 855 
3880 855 2177 109 
3881 171 2176 859 
3882 2173 2175 860 
3883 854 2175 2174 
3884 109 2177 609 
3885 858 2176 171 
3886 170 2176 858 
3887 609 2177 108 
2 226 2 18
3888 856 2178 857 
3889 856 2179 2178 
3890 2178 2180 857 
3891 861 2178 862 
3892 170 2179 856 
3893 857 2180 108 
3894 863 2179 170 
3895 108 2180 613 
3896 2178 2181 862 
3897 861 2182 2178 
3898 862 2181 172 
3899 110 2182 861 
3900 613 2182 110 
3901 172 2181 863 
3902 2179 2181 2178 
3903 2178 2182 2180 
3904 863 2181 2179 
3905 2180 2182 613 
2 227 2 18
3906 633 632 2183 
3907 633 2183 2184 
3908 2183 632 2185 
3909 861 862 2183 
3910 116 633 2184 
3911 632 57 2185 
3912 864 116 2184 
3913 57 614 2185 
3914 2183 862 2186 
3915 861 2183 2187 
3916 862 172 2186 
3917 110 861 2187 
3918 614 110 2187 
3919 172 864 2186 
3920 2184 2183 2186 
3921 2183 2185 2187 
3922 864 2184 2186 
3923 2185 614 2187 
2 228 2 11
3924 171 859 866 
3925 865 630 115 
3926 866 859 2188 
3927 630 865 2188 
3928 859 860 2189 
3929 2188 859 2189 
3930 629 630 2189 
3931 630 2188 2189 
3932 860 112 2189 
3933 112 629 2189 
3934 865 866 2188 
2 229 2 15
3935 863 2190 172 
3936 172 2190 864 
3937 864 2191 116 
3938 170 2192 863 
3939 2190 2191 864 
3940 863 2192 2190 
3941 865 2190 866 
3942 865 2191 2190 
3943 2190 2192 866 
3944 115 2191 865 
3945 866 2192 171 
3946 631 2191 115 
3947 171 2192 858 
3948 116 2191 631 
3949 858 2192 170 
2 230 2 11
3950 868 114 637 
3951 117 867 651 
3952 868 637 2194 
3953 651 867 2194 
3954 650 651 2193 
3955 637 636 2193 
3956 2193 651 2194 
3957 637 2193 2194 
3958 62 650 2193 
3959 636 62 2193 
3960 867 868 2194 
2 231 2 34
3961 173 2199 871 
3962 644 2202 117 
3963 874 2200 176 
3964 175 2200 874 
3965 624 2201 113 
3966 871 2199 174 
3967 118 2202 644 
3968 114 2201 624 
3969 2196 2198 2197 
3970 2197 2198 2195 
3971 870 2199 173 
3972 117 2202 867 
3973 176 2200 875 
3974 873 2200 175 
3975 113 2201 869 
3976 868 2201 114 
3977 174 2199 872 
3978 876 2202 118 
3979 869 2198 870 
3980 872 2196 873 
3981 867 2195 868 
3982 875 2197 876 
3983 2196 2199 2198 
3984 2197 2200 2196 
3985 2198 2201 2195 
3986 2195 2202 2197 
3987 872 2199 2196 
3988 2196 2200 873 
3989 2198 2199 870 
3990 869 2201 2198 
3991 2195 2201 868 
3992 875 2200 2197 
3993 2197 2202 876 
3994 867 2202 2195 
2 232 2 11
3995 870 173 878 
3996 113 869 638 
3997 870 878 2204 
3998 638 869 2204 
3999 639 638 2203 
4000 878 877 2203 
4001 878 2203 2204 
4002 2203 638 2204 
4003 115 639 2203 
4004 877 115 2203 
4005 869 870 2204 
2 233 2 23
4006 883 882 2205 
4007 883 2205 2206 
4008 178 883 2209 
4009 882 116 2208 
4010 173 871 2207 
4011 871 174 2207 
4012 878 173 2207 
4013 174 879 2207 
4014 883 2206 2209 
4015 2205 882 2208 
4016 879 880 2206 
4017 877 878 2205 
4018 2206 2205 2207 
4019 2206 880 2209 
4020 877 2205 2208 
4021 880 177 2209 
4022 115 877 2208 
4023 879 2206 2207 
4024 2205 878 2207 
4025 177 881 2209 
4026 631 115 2208 
4027 116 631 2208 
4028 881 178 2209 
2 234 2 26
4029 2211 2210 2212 
4030 2210 2211 2213 
4031 885 884 2211 
4032 634 635 2210 
4033 882 883 2212 
4034 656 655 2213 
4035 122 656 2215 
4036 883 178 2214 
4037 655 63 2216 
4038 116 882 2217 
4039 884 122 2215 
4040 178 885 2214 
4041 63 634 2216 
4042 635 116 2217 
4043 2211 884 2215 
4044 885 2211 2214 
4045 634 2210 2216 
4046 2210 635 2217 
4047 2212 883 2214 
4048 656 2213 2215 
4049 2213 655 2216 
4050 882 2212 2217 
4051 2211 2212 2214 
4052 2213 2211 2215 
4053 2212 2210 2217 
4054 2210 2213 2216 
2 235 2 11
4055 876 118 652 
4056 887 176 875 
4057 876 652 2219 
4058 887 875 2219 
4059 652 653 2218 
4060 886 887 2218 
4061 652 2218 2219 
4062 2218 887 2219 
4063 121 886 2218 
4064 653 121 2218 
4065 875 876 2219 
2 236 2 23
4066 885 2220 884 
4067 885 2221 2220 
4068 178 2224 885 
4069 884 2223 122 
4070 874 2222 175 
4071 176 2222 874 
4072 887 2222 176 
4073 175 2222 888 
4074 885 2224 2221 
4075 2220 2223 884 
4076 888 2221 889 
4077 886 2220 887 
4078 2221 2222 2220 
4079 2221 2224 889 
4080 886 2223 2220 
4081 889 2224 177 
4082 121 2223 886 
4083 888 2222 2221 
4084 2220 2222 887 
4085 177 2224 881 
4086 654 2223 121 
4087 122 2223 654 
4088 881 2224 178 
2 237 2 11
4089 879 174 872 
4090 873 175 888 
4091 879 872 2226 
4092 873 888 2226 
4093 880 879 2225 
4094 888 889 2225 
4095 2225 879 2226 
4096 888 2225 2226 
4097 889 177 2225 
4098 177 880 2225 
4099 872 873 2226 
2 238 2 11
4100 891 120 660 
4101 127 890 674 
4102 891 660 2228 
4103 674 890 2228 
4104 673 674 2227 
4105 660 659 2227 
4106 2227 674 2228 
4107 660 2227 2228 
4108 659 68 2227 
4109 68 673 2227 
4110 890 891 2228 
2 239 2 23
4111 896 2229 895 
4112 896 2230 2229 
4113 180 2233 896 
4114 895 2232 126 
4115 647 2231 119 
4116 120 2231 647 
4117 891 2231 120 
4118 119 2231 892 
4119 896 2233 2230 
4120 2229 2232 895 
4121 892 2230 893 
4122 890 2229 891 
4123 2230 2231 2229 
4124 2230 2233 893 
4125 890 2232 2229 
4126 127 2232 890 
4127 893 2233 179 
4128 892 2231 2230 
4129 2229 2231 891 
4130 179 2233 894 
4131 672 2232 127 
4132 126 2232 672 
4133 894 2233 180 
2 240 2 11
4134 119 892 661 
4135 893 179 898 
4136 661 892 2235 
4137 893 898 2235 
4138 898 897 2234 
4139 662 661 2234 
4140 898 2234 2235 
4141 2234 661 2235 
4142 121 662 2234 
4143 897 121 2234 
4144 892 893 2235 
2 241 2 15
4145 899 181 2236 
4146 181 900 2236 
4147 900 122 2237 
4148 180 899 2238 
4149 2236 900 2237 
4150 899 2236 2238 
4151 897 898 2236 
4152 897 2236 2237 
4153 2236 898 2238 
4154 121 897 2237 
4155 898 179 2238 
4156 654 121 2237 
4157 179 894 2238 
4158 122 654 2237 
4159 894 180 2238 
2 242 2 18
4160 902 901 2239 
4161 2239 901 2241 
4162 902 2239 2240 
4163 657 658 2239 
4164 181 902 2240 
4165 901 125 2241 
4166 900 181 2240 
4167 125 666 2241 
4168 2239 658 2242 
4169 657 2239 2243 
4170 122 900 2242 
4171 666 66 2243 
4172 658 122 2242 
4173 66 657 2243 
4174 2240 2239 2242 
4175 2239 2241 2243 
4176 900 2240 2242 
4177 2241 666 2243 
2 243 2 18
4178 895 2244 896 
4179 2244 2245 896 
4180 895 2246 2244 
4181 902 2244 901 
4182 896 2245 180 
4183 126 2246 895 
4184 180 2245 899 
4185 669 2246 126 
4186 902 2247 2244 
4187 2244 2248 901 
4188 181 2247 902 
4189 901 2248 125 
4190 125 2248 669 
4191 899 2247 181 
4192 2244 2247 2245 
4193 2246 2248 2244 
4194 2245 2247 899 
4195 669 2248 2246 
2 244 2 18
4196 903 904 2249 
4197 903 2249 2251 
4198 2249 904 2250 
4199 701 702 2249 
4200 904 182 2250 
4201 128 903 2251 
4202 182 905 2250 
4203 677 128 2251 
4204 701 2249 2252 
4205 2249 702 2253 
4206 905 134 2252 
4207 76 677 2253 
4208 134 701 2252 
4209 702 76 2253 
4210 2249 2250 2252 
4211 2251 2249 2253 
4212 2250 905 2252 
4213 677 2251 2253 
2 245 2 18
4214 907 2254 908 
4215 907 2255 2254 
4216 2254 2256 908 
4217 903 2254 904 
4218 183 2255 907 
4219 908 2256 129 
4220 906 2255 183 
4221 129 2256 678 
4222 2254 2257 904 
4223 903 2258 2254 
4224 904 2257 182 
4225 128 2258 903 
4226 678 2258 128 
4227 182 2257 906 
4228 2255 2257 2254 
4229 2254 2258 2256 
4230 906 2257 2255 
4231 2256 2258 678 
2 246 2 15
4232 905 182 2259 
4233 182 906 2259 
4234 906 183 2260 
4235 134 905 2261 
4236 2259 906 2260 
4237 905 2259 2261 
4238 910 911 2259 
4239 910 2259 2260 
4240 2259 911 2261 
4241 184 910 2260 
4242 911 135 2261 
4243 909 184 2260 
4244 135 705 2261 
4245 183 909 2260 
4246 705 134 2261 
2 247 2 23
4247 908 2262 907 
4248 908 2263 2262 
4249 129 2265 908 
4250 907 2266 183 
4251 708 2264 137 
4252 136 2264 708 
4253 137 2264 914 
4254 913 2264 136 
4255 908 2265 2263 
4256 2262 2266 907 
4257 914 2263 915 
4258 912 2262 913 
4259 2263 2264 2262 
4260 2263 2265 915 
4261 912 2266 2262 
4262 915 2265 130 
4263 184 2266 912 
4264 914 2264 2263 
4265 2262 2264 913 
4266 130 2265 681 
4267 909 2266 184 
4268 183 2266 909 
4269 681 2265 129 
2 248 2 11
4270 710 683 77 
4271 914 709 137 
4272 709 914 2268 
4273 683 710 2268 
4274 914 915 2267 
4275 682 683 2267 
4276 914 2267 2268 
4277 2267 683 2268 
4278 130 682 2267 
4279 915 130 2267 
4280 710 709 2268 
2 249 2 11
4281 707 913 136 
4282 911 706 135 
4283 913 707 2270 
4284 706 911 2270 
4285 912 913 2269 
4286 911 910 2269 
4287 2269 913 2270 
4288 911 2269 2270 
4289 910 184 2269 
4290 184 912 2269 
4291 707 706 2270 
2 250 2 26
4292 2271 2273 2272 
4293 2272 2274 2271 
4294 691 2272 692 
4295 917 2271 916 
4296 680 2273 679 
4297 918 2274 919 
4298 919 2277 132 
4299 74 2275 680 
4300 185 2278 918 
4301 679 2276 129 
4302 132 2277 691 
4303 692 2275 74 
4304 129 2276 917 
4305 916 2278 185 
4306 691 2277 2272 
4307 2272 2275 692 
4308 917 2276 2271 
4309 2271 2278 916 
4310 2273 2276 679 
4311 680 2275 2273 
4312 2274 2277 919 
4313 918 2278 2274 
4314 2273 2275 2272 
4315 2271 2276 2273 
4316 2272 2277 2274 
4317 2274 2278 2271 
2 251 2 23
4318 917 916 2280 
4319 2279 917 2280 
4320 129 917 2283 
4321 916 185 2282 
4322 728 140 2281 
4323 141 728 2281 
4324 140 923 2281 
4325 922 141 2281 
4326 917 2279 2283 
4327 2280 916 2282 
4328 923 924 2279 
4329 921 922 2280 
4330 2279 2280 2281 
4331 2279 924 2283 
4332 921 2280 2282 
4333 924 130 2283 
4334 186 921 2282 
4335 923 2279 2281 
4336 2280 922 2281 
4337 130 681 2283 
4338 920 186 2282 
4339 185 920 2282 
4340 681 129 2283 
2 252 2 11
4341 78 685 726 
4342 684 130 924 
4343 726 685 2284 
4344 684 924 2284 
4345 727 726 2285 
4346 140 727 2285 
4347 923 140 2285 
4348 726 2284 2285 
4349 2284 924 2285 
4350 924 923 2285 
4351 685 684 2284 
2 253 2 11
4352 697 724 83 
4353 725 686 79 
4354 686 725 2287 
4355 724 697 2287 
4356 687 686 2286 
4357 697 698 2286 
4358 2286 686 2287 
4359 697 2286 2287 
4360 698 75 2286 
4361 75 687 2286 
4362 725 724 2287 
2 254 2 23
4363 919 2289 918 
4364 2288 2289 919 
4365 132 2292 919 
4366 918 2291 185 
4367 731 2290 143 
4368 142 2290 731 
4369 143 2290 927 
4370 926 2290 142 
4371 919 2292 2288 
4372 2289 2291 918 
4373 927 2288 928 
4374 925 2289 926 
4375 2288 2290 2289 
4376 2288 2292 928 
4377 925 2291 2289 
4378 928 2292 133 
4379 186 2291 925 
4380 927 2290 2288 
4381 2289 2290 926 
4382 133 2292 694 
4383 920 2291 186 
4384 185 2291 920 
4385 694 2292 132 
2 255 2 11
4386 141 922 729 
4387 921 186 925 
4388 729 922 2293 
4389 921 925 2293 
4390 730 729 2294 
4391 142 730 2294 
4392 926 142 2294 
4393 729 2293 2294 
4394 2293 925 2294 
4395 925 926 2294 
4396 922 921 2293 
2 256 2 11
4397 927 732 143 
4398 928 133 695 
4399 732 927 2295 
4400 928 695 2295 
4401 733 732 2296 
4402 84 733 2296 
4403 696 84 2296 
4404 732 2295 2296 
4405 2295 695 2296 
4406 695 696 2296 
4407 927 928 2295 
2 257 2 18
4408 931 930 2297 
4409 2297 930 2299 
4410 931 2297 2298 
4411 753 754 2297 
4412 187 931 2298 
4413 930 131 2299 
4414 929 187 2298 
4415 131 688 2299 
4416 2297 754 2300 
4417 753 2297 2301 
4418 146 929 2300 
4419 688 82 2301 
4420 754 146 2300 
4421 82 753 2301 
4422 2298 2297 2300 
4423 2297 2299 2301 
4424 929 2298 2300 
4425 2299 688 2301 
2 258 2 18
4426 931 2302 930 
4427 2302 2304 930 
4428 931 2303 2302 
4429 933 2302 932 
4430 187 2303 931 
4431 930 2304 131 
4432 131 2304 693 
4433 934 2303 187 
4434 2302 2305 932 
4435 933 2306 2302 
4436 188 2305 934 
4437 693 2306 132 
4438 932 2305 188 
4439 132 2306 933 
4440 2303 2305 2302 
4441 2302 2306 2304 
4442 934 2305 2303 
4443 2304 2306 693 
2 259 2 23
4444 933 932 2307 
4445 933 2307 2308 
4446 132 933 2310 
4447 932 188 2311 
4448 148 757 2309 
4449 757 147 2309 
4450 937 148 2309 
4451 147 938 2309 
4452 933 2308 2310 
4453 2307 932 2311 
4454 938 939 2308 
4455 936 937 2307 
4456 2308 2307 2309 
4457 2308 939 2310 
4458 936 2307 2311 
4459 939 133 2310 
4460 189 936 2311 
4461 938 2308 2309 
4462 2307 937 2309 
4463 133 694 2310 
4464 935 189 2311 
4465 188 935 2311 
4466 694 132 2310 
2 260 2 11
4467 700 755 85 
4468 756 938 147 
4469 755 700 2313 
4470 938 756 2313 
4471 939 938 2312 
4472 700 699 2312 
4473 700 2312 2313 
4474 2312 938 2313 
4475 699 133 2312 
4476 133 939 2312 
4477 756 755 2313 
2 261 2 15
4478 929 2314 187 
4479 187 2314 934 
4480 934 2315 188 
4481 146 2316 929 
4482 2314 2315 934 
4483 929 2316 2314 
4484 940 2314 941 
4485 940 2315 2314 
4486 2314 2316 941 
4487 189 2315 940 
4488 941 2316 149 
4489 935 2315 189 
4490 149 2316 760 
4491 188 2315 935 
4492 760 2316 146 
2 262 2 11
4493 148 937 758 
4494 759 941 149 
4495 758 937 2318 
4496 941 759 2318 
4497 940 941 2317 
4498 937 936 2317 
4499 937 2317 2318 
4500 2317 941 2318 
4501 936 189 2317 
4502 189 940 2317 
4503 759 758 2318 
2 263 2 18
4504 704 703 2319 
4505 2319 703 2320 
4506 704 2319 2321 
4507 944 943 2319 
4508 703 134 2320 
4509 88 704 2321 
4510 134 942 2320 
4511 774 88 2321 
4512 944 2319 2323 
4513 2319 943 2322 
4514 2319 2320 2323 
4515 2321 2319 2322 
4516 152 774 2322 
4517 942 190 2323 
4518 190 944 2323 
4519 943 152 2322 
4520 2320 942 2323 
4521 774 2321 2322 
2 264 2 15
4522 190 2324 945 
4523 942 2324 190 
4524 134 2326 942 
4525 945 2325 191 
4526 942 2326 2324 
4527 2324 2325 945 
4528 947 2324 948 
4529 2324 2326 948 
4530 947 2325 2324 
4531 948 2326 135 
4532 192 2325 947 
4533 946 2325 192 
4534 135 2326 705 
4535 191 2325 946 
4536 705 2326 134 
2 265 2 18
4537 949 2327 950 
4538 2327 2328 950 
4539 949 2329 2327 
4540 944 2327 943 
4541 950 2328 191 
4542 153 2329 949 
4543 191 2328 945 
4544 777 2329 153 
4545 944 2331 2327 
4546 2327 2330 943 
4547 2327 2331 2328 
4548 2329 2330 2327 
4549 152 2330 777 
4550 945 2331 190 
4551 190 2331 944 
4552 943 2330 152 
4553 2328 2331 945 
4554 777 2330 2329 
2 266 2 11
4555 192 947 952 
4556 948 135 711 
4557 952 947 2333 
4558 948 711 2333 
4559 711 712 2332 
4560 951 952 2332 
4561 711 2332 2333 
4562 2332 952 2333 
4563 138 951 2332 
4564 712 138 2332 
4565 947 948 2333 
2 267 2 23
4566 950 2334 949 
4567 950 2335 2334 
4568 191 2337 950 
4569 949 2338 153 
4570 713 2336 138 
4571 139 2336 713 
4572 138 2336 951 
4573 954 2336 139 
4574 2334 2338 949 
4575 950 2337 2335 
4576 953 2334 954 
4577 951 2335 952 
4578 2335 2336 2334 
4579 953 2338 2334 
4580 2335 2337 952 
4581 952 2337 192 
4582 154 2338 953 
4583 2334 2336 954 
4584 951 2336 2335 
4585 192 2337 946 
4586 778 2338 154 
4587 153 2338 778 
4588 946 2337 191 
2 268 2 11
4589 953 779 154 
4590 954 139 714 
4591 779 953 2339 
4592 954 714 2339 
4593 780 779 2340 
4594 89 780 2340 
4595 715 89 2340 
4596 779 2339 2340 
4597 2339 714 2340 
4598 714 715 2340 
4599 953 954 2339 
2 269 2 11
4600 94 741 787 
4601 742 81 719 
4602 787 741 2341 
4603 742 719 2341 
4604 788 787 2342 
4605 91 788 2342 
4606 718 91 2342 
4607 787 2341 2342 
4608 2341 719 2342 
4609 719 718 2342 
4610 741 742 2341 
2 270 2 11
4611 140 955 735 
4612 956 137 717 
4613 735 955 2344 
4614 956 717 2344 
4615 734 735 2343 
4616 717 716 2343 
4617 2343 735 2344 
4618 717 2343 2344 
4619 716 80 2343 
4620 80 734 2343 
4621 955 956 2344 
2 271 2 34
4622 962 2349 196 
4623 137 2352 708 
4624 708 2352 136 
4625 141 2350 728 
4626 728 2350 140 
4627 195 2349 962 
4628 959 2351 194 
4629 193 2351 959 
4630 2346 2348 2345 
4631 2345 2347 2346 
4632 196 2349 963 
4633 136 2352 957 
4634 964 2350 141 
4635 956 2352 137 
4636 140 2350 955 
4637 194 2351 960 
4638 958 2351 193 
4639 961 2349 195 
4640 957 2346 958 
4641 955 2348 956 
4642 963 2345 964 
4643 960 2347 961 
4644 2345 2349 2347 
4645 2348 2350 2345 
4646 2347 2351 2346 
4647 2346 2352 2348 
4648 955 2350 2348 
4649 963 2349 2345 
4650 2347 2349 961 
4651 2346 2351 958 
4652 2345 2350 964 
4653 2348 2352 956 
4654 957 2352 2346 
4655 960 2351 2347 
2 272 2 11
4656 958 193 966 
4657 720 136 957 
4658 958 966 2354 
4659 720 957 2354 
4660 721 720 2353 
4661 966 965 2353 
4662 2353 720 2354 
4663 966 2353 2354 
4664 965 138 2353 
4665 138 721 2353 
4666 957 958 2354 
2 273 2 34
4667 2357 2356 2358 
4668 2355 2357 2358 
4669 791 155 2359 
4670 959 194 2361 
4671 156 791 2359 
4672 193 959 2361 
4673 713 138 2362 
4674 139 713 2362 
4675 969 198 2360 
4676 197 969 2360 
4677 155 972 2359 
4678 194 967 2361 
4679 966 193 2361 
4680 971 156 2359 
4681 138 965 2362 
4682 973 139 2362 
4683 198 970 2360 
4684 968 197 2360 
4685 972 973 2358 
4686 970 971 2356 
4687 2358 2356 2359 
4688 965 966 2355 
4689 967 968 2357 
4690 2355 2358 2362 
4691 2356 2357 2360 
4692 2357 2355 2361 
4693 972 2358 2359 
4694 2358 973 2362 
4695 2356 971 2359 
4696 970 2356 2360 
4697 2355 966 2361 
4698 967 2357 2361 
4699 965 2355 2362 
4700 2357 968 2360 
2 274 2 11
4701 723 789 90 
4702 790 972 155 
4703 972 790 2364 
4704 789 723 2364 
4705 973 972 2363 
4706 723 722 2363 
4707 2363 972 2364 
4708 723 2363 2364 
4709 722 139 2363 
4710 139 973 2363 
4711 790 789 2364 
2 275 2 11
4712 975 196 963 
4713 964 141 736 
4714 964 736 2366 
4715 975 963 2366 
4716 736 737 2365 
4717 974 975 2365 
4718 736 2365 2366 
4719 2365 975 2366 
4720 144 974 2365 
4721 737 144 2365 
4722 963 964 2366 
2 276 2 34
4723 196 2372 962 
4724 962 2372 195 
4725 794 2371 158 
4726 157 2371 794 
4727 738 2374 144 
4728 197 2373 969 
4729 969 2373 198 
4730 145 2374 738 
4731 2367 2369 2368 
4732 2368 2370 2367 
4733 975 2372 196 
4734 981 2371 157 
4735 158 2371 976 
4736 195 2372 978 
4737 144 2374 974 
4738 979 2373 197 
4739 198 2373 980 
4740 977 2374 145 
4741 978 2369 979 
4742 980 2367 981 
4743 976 2370 977 
4744 974 2368 975 
4745 2369 2372 2368 
4746 2370 2371 2367 
4747 2368 2374 2370 
4748 2367 2373 2369 
4749 976 2371 2370 
4750 2367 2371 981 
4751 2368 2372 975 
4752 978 2372 2369 
4753 2370 2374 977 
4754 2369 2373 979 
4755 980 2373 2367 
4756 974 2374 2368 
2 277 2 11
4757 796 740 95 
4758 158 976 795 
4759 795 976 2376 
4760 740 796 2376 
4761 976 977 2375 
4762 739 740 2375 
4763 976 2375 2376 
4764 2375 740 2376 
4765 145 739 2375 
4766 977 145 2375 
4767 796 795 2376 
2 278 2 11
4768 961 195 978 
4769 967 194 960 
4770 961 978 2378 
4771 967 960 2378 
4772 978 979 2377 
4773 968 967 2377 
4774 978 2377 2378 
4775 2377 967 2378 
4776 979 197 2377 
4777 197 968 2377 
4778 960 961 2378 
2 279 2 11
4779 793 981 157 
4780 971 792 156 
4781 981 793 2380 
4782 792 971 2380 
4783 971 970 2379 
4784 980 981 2379 
4785 2379 981 2380 
4786 971 2379 2380 
4787 970 198 2379 
4788 198 980 2379 
4789 793 792 2380 
2 280 2 11
4790 983 143 744 
4791 762 147 982 
4792 983 744 2382 
4793 762 982 2382 
4794 761 762 2381 
4795 744 743 2381 
4796 2381 762 2382 
4797 744 2381 2382 
4798 743 86 2381 
4799 86 761 2381 
4800 982 983 2382 
2 281 2 34
4801 143 2387 731 
4802 148 2390 757 
4803 731 2387 142 
4804 989 2388 202 
4805 986 2389 200 
4806 201 2388 989 
4807 757 2390 147 
4808 199 2389 986 
4809 2384 2386 2383 
4810 2383 2385 2384 
4811 983 2387 143 
4812 991 2390 148 
4813 988 2388 201 
4814 202 2388 990 
4815 200 2389 987 
4816 985 2389 199 
4817 147 2390 982 
4818 142 2387 984 
4819 990 2384 991 
4820 987 2386 988 
4821 982 2385 983 
4822 984 2383 985 
4823 2383 2387 2385 
4824 2385 2390 2384 
4825 2384 2388 2386 
4826 2386 2389 2383 
4827 2385 2387 983 
4828 990 2388 2384 
4829 984 2387 2383 
4830 2384 2390 991 
4831 2386 2388 988 
4832 982 2390 2385 
4833 987 2389 2386 
4834 2383 2389 985 
2 282 2 11
4835 985 199 993 
4836 745 142 984 
4837 745 984 2392 
4838 985 993 2392 
4839 993 992 2391 
4840 746 745 2391 
4841 2391 745 2392 
4842 993 2391 2392 
4843 992 144 2391 
4844 144 746 2391 
4845 984 985 2392 
2 283 2 34
4846 2395 2393 2396 
4847 2394 2395 2396 
4848 986 200 2400 
4849 818 161 2398 
4850 162 818 2398 
4851 199 986 2400 
4852 998 204 2399 
4853 738 144 2397 
4854 145 738 2397 
4855 203 998 2399 
4856 200 996 2400 
4857 161 994 2398 
4858 1000 162 2398 
4859 993 199 2400 
4860 204 999 2399 
4861 144 992 2397 
4862 995 145 2397 
4863 997 203 2399 
4864 992 993 2393 
4865 994 995 2395 
4866 2393 2395 2397 
4867 999 1000 2394 
4868 2395 2394 2398 
4869 2396 2393 2400 
4870 996 997 2396 
4871 2394 2396 2399 
4872 2393 993 2400 
4873 992 2393 2397 
4874 994 2395 2398 
4875 2395 995 2397 
4876 2394 1000 2398 
4877 999 2394 2399 
4878 996 2396 2400 
4879 2396 997 2399 
2 284 2 11
4880 96 748 816 
4881 817 994 161 
4882 816 748 2402 
4883 994 817 2402 
4884 995 994 2401 
4885 748 747 2401 
4886 2401 994 2402 
4887 748 2401 2402 
4888 747 145 2401 
4889 145 995 2401 
4890 817 816 2402 
2 285 2 11
4891 101 763 814 
4892 764 87 750 
4893 814 763 2403 
4894 764 750 2403 
4895 815 814 2404 
4896 97 815 2404 
4897 749 97 2404 
4898 814 2403 2404 
4899 2403 750 2404 
4900 750 749 2404 
4901 763 764 2403 
2 286 2 11
4902 1002 202 990 
4903 1001 766 150 
4904 1002 990 2405 
4905 766 1001 2405 
4906 990 991 2406 
4907 2405 990 2406 
4908 765 766 2406 
4909 766 2405 2406 
4910 991 148 2406 
4911 148 765 2406 
4912 1001 1002 2405 
2 287 2 34
4913 2408 2410 2407 
4914 2407 2409 2408 
4915 163 2412 821 
4916 989 2414 201 
4917 202 2414 989 
4918 821 2412 164 
4919 151 2413 767 
4920 998 2411 204 
4921 203 2411 998 
4922 767 2413 150 
4923 1006 2412 163 
4924 201 2414 1003 
4925 1002 2414 202 
4926 164 2412 1007 
4927 1008 2413 151 
4928 204 2411 1005 
4929 1004 2411 203 
4930 150 2413 1001 
4931 1005 2407 1006 
4932 1007 2410 1008 
4933 2410 2412 2407 
4934 1001 2408 1002 
4935 2408 2413 2410 
4936 2407 2411 2409 
4937 1003 2409 1004 
4938 2409 2414 2408 
4939 2407 2412 1006 
4940 1005 2411 2407 
4941 1007 2412 2410 
4942 2410 2413 1008 
4943 2408 2414 1002 
4944 1001 2413 2408 
4945 1003 2414 2409 
4946 2409 2411 1004 
2 288 2 11
4947 164 1007 822 
4948 1008 151 768 
4949 822 1007 2415 
4950 1008 768 2415 
4951 823 822 2416 
4952 102 823 2416 
4953 769 102 2416 
4954 822 2415 2416 
4955 2415 768 2416 
4956 768 769 2416 
4957 1007 1008 2415 
2 289 2 11
4958 996 200 987 
4959 988 201 1003 
4960 996 987 2418 
4961 988 1003 2418 
4962 997 996 2417 
4963 1003 1004 2417 
4964 2417 996 2418 
4965 1003 2417 2418 
4966 1004 203 2417 
4967 203 997 2417 
4968 987 988 2418 
2 290 2 11
4969 820 1006 163 
4970 1000 819 162 
4971 1006 820 2420 
4972 819 1000 2420 
4973 1005 1006 2419 
4974 1000 999 2419 
4975 1000 2419 2420 
4976 2419 1006 2420 
4977 999 204 2419 
4978 204 1005 2419 
4979 820 819 2420 
2 291 2 18
4980 751 752 2421 
4981 751 2421 2422 
4982 2421 752 2423 
4983 1009 1010 2421 
4984 146 751 2422 
4985 752 100 2423 
4986 1011 146 2422 
4987 100 843 2423 
4988 2421 1010 2424 
4989 1009 2421 2425 
4990 1010 205 2424 
4991 167 1009 2425 
4992 843 167 2425 
4993 205 1011 2424 
4994 2422 2421 2424 
4995 2421 2423 2425 
4996 1011 2422 2424 
4997 2423 843 2425 
2 292 2 15
4998 205 2426 1011 
4999 1015 2426 205 
5000 207 2428 1015 
5001 1011 2427 146 
5002 1015 2428 2426 
5003 2426 2427 1011 
5004 1012 2426 1013 
5005 2426 2428 1013 
5006 1012 2427 2426 
5007 149 2427 1012 
5008 1013 2428 206 
5009 206 2428 1014 
5010 760 2427 149 
5011 146 2427 760 
5012 1014 2428 207 
2 293 2 11
5013 1013 206 1017 
5014 149 1012 770 
5015 770 1012 2430 
5016 1013 1017 2430 
5017 771 770 2429 
5018 1017 1016 2429 
5019 2429 770 2430 
5020 1017 2429 2430 
5021 1016 150 2429 
5022 150 771 2429 
5023 1012 1013 2430 
2 294 2 23
5024 1021 1020 2432 
5025 2431 1021 2432 
5026 207 1021 2434 
5027 1020 169 2435 
5028 151 767 2433 
5029 767 150 2433 
5030 1019 151 2433 
5031 150 1016 2433 
5032 2432 1020 2435 
5033 1021 2431 2434 
5034 1018 1019 2432 
5035 1016 1017 2431 
5036 2431 2432 2433 
5037 1018 2432 2435 
5038 2431 1017 2434 
5039 1017 206 2434 
5040 168 1018 2435 
5041 2432 1019 2433 
5042 1016 2431 2433 
5043 206 1014 2434 
5044 846 168 2435 
5045 169 846 2435 
5046 1014 207 2434 
2 295 2 11
5047 773 844 103 
5048 772 151 1019 
5049 844 773 2436 
5050 772 1019 2436 
5051 845 844 2437 
5052 168 845 2437 
5053 1018 168 2437 
5054 844 2436 2437 
5055 2436 1019 2437 
5056 1019 1018 2437 
5057 773 772 2436 
2 296 2 18
5058 1021 2438 1020 
5059 1021 2439 2438 
5060 2438 2440 1020 
5061 1009 2438 1010 
5062 207 2439 1021 
5063 1020 2440 169 
5064 1015 2439 207 
5065 169 2440 847 
5066 2438 2441 1010 
5067 1009 2442 2438 
5068 1010 2441 205 
5069 167 2442 1009 
5070 847 2442 167 
5071 205 2441 1015 
5072 2439 2441 2438 
5073 2438 2442 2440 
5074 1015 2441 2439 
5075 2440 2442 847 
2 297 2 11
5076 111 799 854 
5077 855 785 109 
5078 854 799 2444 
5079 785 855 2444 
5080 799 800 2443 
5081 786 785 2443 
5082 799 2443 2444 
5083 2443 785 2444 
5084 800 93 2443 
5085 93 786 2443 
5086 855 854 2444 
2 298 2 11
5087 155 1022 798 
5088 1023 154 784 
5089 798 1022 2446 
5090 1023 784 2446 
5091 784 783 2445 
5092 797 798 2445 
5093 2445 798 2446 
5094 784 2445 2446 
5095 92 797 2445 
5096 783 92 2445 
5097 1022 1023 2446 
2 299 2 23
5098 1025 2447 1024 
5099 1025 2448 2447 
5100 153 2451 1025 
5101 1024 2450 208 
5102 791 2449 155 
5103 156 2449 791 
5104 155 2449 1022 
5105 1028 2449 156 
5106 2447 2450 1024 
5107 1025 2451 2448 
5108 1027 2447 1028 
5109 1022 2448 1023 
5110 2448 2449 2447 
5111 1027 2450 2447 
5112 2448 2451 1023 
5113 1023 2451 154 
5114 209 2450 1027 
5115 2447 2449 1028 
5116 1022 2449 2448 
5117 154 2451 778 
5118 1026 2450 209 
5119 208 2450 1026 
5120 778 2451 153 
2 300 2 26
5121 2453 2454 2452 
5122 2452 2455 2453 
5123 1029 2452 1030 
5124 782 2453 781 
5125 1024 2454 1025 
5126 857 2455 856 
5127 108 2456 857 
5128 1025 2457 153 
5129 856 2458 170 
5130 208 2459 1024 
5131 781 2456 108 
5132 153 2457 782 
5133 170 2458 1029 
5134 1030 2459 208 
5135 782 2457 2453 
5136 2453 2456 781 
5137 1029 2458 2452 
5138 2452 2459 1030 
5139 2454 2457 1025 
5140 1024 2459 2454 
5141 857 2456 2455 
5142 2455 2458 856 
5143 2453 2457 2454 
5144 2454 2459 2452 
5145 2455 2456 2453 
5146 2452 2458 2455 
2 301 2 23
5147 1030 2460 1029 
5148 1030 2461 2460 
5149 1029 2464 170 
5150 208 2463 1030 
5151 160 2462 803 
5152 803 2462 159 
5153 159 2462 1033 
5154 1032 2462 160 
5155 2460 2464 1029 
5156 1030 2463 2461 
5157 1031 2460 1032 
5158 1033 2461 1034 
5159 2461 2462 2460 
5160 1031 2464 2460 
5161 2461 2463 1034 
5162 171 2464 1031 
5163 1034 2463 209 
5164 2460 2462 1032 
5165 1033 2462 2461 
5166 858 2464 171 
5167 209 2463 1026 
5168 170 2464 858 
5169 1026 2463 208 
2 302 2 11
5170 860 805 112 
5171 1031 859 171 
5172 805 860 2466 
5173 859 1031 2466 
5174 1031 1032 2465 
5175 804 805 2465 
5176 1031 2465 2466 
5177 2465 805 2466 
5178 160 804 2465 
5179 1032 160 2465 
5180 860 859 2466 
2 303 2 11
5181 1028 156 801 
5182 209 1027 1034 
5183 1028 801 2468 
5184 1034 1027 2468 
5185 1033 1034 2467 
5186 801 802 2467 
5187 801 2467 2468 
5188 2467 1034 2468 
5189 159 1033 2467 
5190 802 159 2467 
5191 1027 1028 2468 
2 304 2 11
5192 826 867 117 
5193 868 808 114 
5194 867 826 2470 
5195 808 868 2470 
5196 809 808 2469 
5197 826 827 2469 
5198 2469 808 2470 
5199 826 2469 2470 
5200 827 99 2469 
5201 99 809 2469 
5202 868 867 2470 
2 305 2 11
5203 161 1035 825 
5204 1036 158 807 
5205 1036 807 2472 
5206 825 1035 2472 
5207 807 806 2471 
5208 824 825 2471 
5209 807 2471 2472 
5210 2471 825 2472 
5211 806 98 2471 
5212 98 824 2471 
5213 1035 1036 2472 
2 306 2 34
5214 212 2478 1042 
5215 210 2477 1039 
5216 794 2479 157 
5217 162 2480 818 
5218 1042 2478 213 
5219 818 2480 161 
5220 1039 2477 211 
5221 158 2479 794 
5222 2474 2476 2475 
5223 2475 2476 2473 
5224 1041 2478 212 
5225 1038 2477 210 
5226 157 2479 1037 
5227 1044 2480 162 
5228 161 2480 1035 
5229 1036 2479 158 
5230 211 2477 1040 
5231 213 2478 1043 
5232 1037 2476 1038 
5233 1040 2474 1041 
5234 1035 2473 1036 
5235 1043 2475 1044 
5236 2474 2477 2476 
5237 2475 2478 2474 
5238 2476 2479 2473 
5239 2473 2480 2475 
5240 1040 2477 2474 
5241 2474 2478 1041 
5242 2476 2477 1038 
5243 1037 2479 2476 
5244 2473 2479 1036 
5245 1043 2478 2475 
5246 2475 2480 1044 
5247 1035 2480 2473 
2 307 2 11
5248 1038 210 1046 
5249 810 157 1037 
5250 1038 1046 2482 
5251 810 1037 2482 
5252 811 810 2481 
5253 1046 1045 2481 
5254 1046 2481 2482 
5255 2481 810 2482 
5256 1045 159 2481 
5257 159 811 2481 
5258 1037 1038 2482 
2 308 2 34
5259 2484 2483 2485 
5260 2483 2484 2486 
5261 871 173 2488 
5262 210 1039 2490 
5263 174 871 2488 
5264 1039 211 2490 
5265 1051 215 2489 
5266 803 159 2487 
5267 160 803 2487 
5268 214 1051 2489 
5269 173 1047 2488 
5270 1046 210 2490 
5271 1053 174 2488 
5272 211 1049 2490 
5273 215 1052 2489 
5274 159 1045 2487 
5275 1050 214 2489 
5276 1048 160 2487 
5277 1045 1046 2484 
5278 1047 1048 2485 
5279 1052 1053 2483 
5280 2484 2485 2487 
5281 2485 2483 2488 
5282 2486 2484 2490 
5283 1049 1050 2486 
5284 2483 2486 2489 
5285 2484 1046 2490 
5286 1045 2484 2487 
5287 1047 2485 2488 
5288 2485 1048 2487 
5289 2483 1053 2488 
5290 1052 2483 2489 
5291 1049 2486 2490 
5292 2486 1050 2489 
2 309 2 11
5293 870 1047 173 
5294 113 813 869 
5295 1047 870 2492 
5296 869 813 2492 
5297 1048 1047 2491 
5298 813 812 2491 
5299 2491 1047 2492 
5300 813 2491 2492 
5301 812 160 2491 
5302 160 1048 2491 
5303 870 869 2492 
2 310 2 11
5304 1044 162 828 
5305 1055 213 1043 
5306 1044 828 2494 
5307 1055 1043 2494 
5308 828 829 2493 
5309 1054 1055 2493 
5310 828 2493 2494 
5311 2493 1055 2494 
5312 165 1054 2493 
5313 829 165 2493 
5314 1043 1044 2494 
2 311 2 34
5315 2496 2498 2497 
5316 2497 2498 2495 
5317 1042 2501 212 
5318 213 2501 1042 
5319 175 2500 874 
5320 874 2500 176 
5321 166 2502 830 
5322 830 2502 165 
5323 214 2499 1051 
5324 1051 2499 215 
5325 212 2501 1058 
5326 176 2500 1056 
5327 1061 2500 175 
5328 1055 2501 213 
5329 1057 2502 166 
5330 1059 2499 214 
5331 215 2499 1060 
5332 165 2502 1054 
5333 1060 2498 1061 
5334 1056 2496 1057 
5335 2496 2500 2498 
5336 1058 2495 1059 
5337 1054 2497 1055 
5338 2498 2499 2495 
5339 2497 2502 2496 
5340 2495 2501 2497 
5341 2498 2500 1061 
5342 1060 2499 2498 
5343 1056 2500 2496 
5344 2496 2502 1057 
5345 2497 2501 1055 
5346 1058 2501 2495 
5347 1054 2502 2497 
5348 2495 2499 1059 
2 312 2 11
5349 876 832 118 
5350 1056 875 176 
5351 832 876 2504 
5352 875 1056 2504 
5353 1056 1057 2503 
5354 831 832 2503 
5355 1056 2503 2504 
5356 2503 832 2504 
5357 166 831 2503 
5358 1057 166 2503 
5359 876 875 2504 
2 313 2 11
5360 1049 211 1040 
5361 1041 212 1058 
5362 1049 1040 2506 
5363 1041 1058 2506 
5364 1058 1059 2505 
5365 1050 1049 2505 
5366 2505 1049 2506 
5367 1058 2505 2506 
5368 1059 214 2505 
5369 214 1050 2505 
5370 1040 1041 2506 
2 314 2 11
5371 1053 872 174 
5372 873 1061 175 
5373 872 1053 2508 
5374 1061 873 2508 
5375 1060 1061 2507 
5376 1053 1052 2507 
5377 2507 1061 2508 
5378 1053 2507 2508 
5379 215 1060 2507 
5380 1052 215 2507 
5381 873 872 2508 
2 315 2 11
5382 850 890 127 
5383 891 835 120 
5384 890 850 2510 
5385 835 891 2510 
5386 836 835 2509 
5387 850 851 2509 
5388 2509 835 2510 
5389 850 2509 2510 
5390 105 836 2509 
5391 851 105 2509 
5392 891 890 2510 
2 316 2 11
5393 1063 164 834 
5394 168 1062 849 
5395 849 1062 2512 
5396 1063 834 2512 
5397 834 833 2511 
5398 848 849 2511 
5399 834 2511 2512 
5400 2511 849 2512 
5401 833 104 2511 
5402 104 848 2511 
5403 1062 1063 2512 
2 317 2 23
5404 1068 2513 1067 
5405 1068 2514 2513 
5406 1067 2517 169 
5407 217 2516 1068 
5408 821 2515 163 
5409 164 2515 821 
5410 163 2515 1064 
5411 1063 2515 164 
5412 1068 2516 2514 
5413 2513 2517 1067 
5414 1064 2514 1065 
5415 1062 2513 1063 
5416 2514 2515 2513 
5417 2514 2516 1065 
5418 1062 2517 2513 
5419 168 2517 1062 
5420 1065 2516 216 
5421 1064 2515 2514 
5422 2513 2515 1063 
5423 846 2517 168 
5424 216 2516 1066 
5425 169 2517 846 
5426 1066 2516 217 
2 318 2 11
5427 837 163 1064 
5428 165 838 1069 
5429 837 1064 2518 
5430 1069 838 2518 
5431 1064 1065 2519 
5432 2518 1064 2519 
5433 1070 1069 2519 
5434 1069 2518 2519 
5435 1065 216 2519 
5436 216 1070 2519 
5437 838 837 2518 
2 319 2 23
5438 1074 1073 2520 
5439 1074 2520 2521 
5440 1073 180 2524 
5441 217 1074 2523 
5442 166 830 2522 
5443 830 165 2522 
5444 1072 166 2522 
5445 165 1069 2522 
5446 2520 1073 2524 
5447 1074 2521 2523 
5448 1071 1072 2520 
5449 1069 1070 2521 
5450 2521 2520 2522 
5451 1071 2520 2524 
5452 2521 1070 2523 
5453 179 1071 2524 
5454 1070 216 2523 
5455 2520 1072 2522 
5456 1069 2521 2522 
5457 894 179 2524 
5458 216 1066 2523 
5459 180 894 2524 
5460 1066 217 2523 
2 320 2 11
5461 840 892 119 
5462 893 1071 179 
5463 1071 893 2526 
5464 892 840 2526 
5465 1072 1071 2525 
5466 840 839 2525 
5467 2525 1071 2526 
5468 840 2525 2526 
5469 839 166 2525 
5470 166 1072 2525 
5471 893 892 2526 
2 321 2 26
5472 2527 2529 2528 
5473 2528 2530 2527 
5474 896 2527 895 
5475 1067 2528 1068 
5476 1074 2529 1073 
5477 852 2530 853 
5478 853 2532 169 
5479 169 2532 1067 
5480 1068 2531 217 
5481 217 2531 1074 
5482 895 2533 126 
5483 126 2533 852 
5484 180 2534 896 
5485 1073 2534 180 
5486 1067 2532 2528 
5487 2528 2531 1068 
5488 2527 2533 895 
5489 896 2534 2527 
5490 1074 2531 2529 
5491 2529 2534 1073 
5492 2530 2532 853 
5493 852 2533 2530 
5494 2529 2531 2528 
5495 2528 2532 2530 
5496 2527 2534 2529 
5497 2530 2533 2527 
2 322 2 11
5498 1076 171 866 
5499 173 1075 878 
5500 1076 866 2536 
5501 878 1075 2536 
5502 877 878 2535 
5503 866 865 2535 
5504 2535 878 2536 
5505 866 2535 2536 
5506 115 877 2535 
5507 865 115 2535 
5508 1075 1076 2536 
2 323 2 23
5509 1078 2537 1077 
5510 1078 2538 2537 
5511 1077 2541 218 
5512 170 2540 1078 
5513 871 2539 173 
5514 174 2539 871 
5515 173 2539 1075 
5516 1081 2539 174 
5517 2537 2541 1077 
5518 1078 2540 2538 
5519 1080 2537 1081 
5520 1075 2538 1076 
5521 2538 2539 2537 
5522 1080 2541 2537 
5523 2538 2540 1076 
5524 219 2541 1080 
5525 1076 2540 171 
5526 2537 2539 1081 
5527 1075 2539 2538 
5528 1079 2541 219 
5529 171 2540 858 
5530 218 2541 1079 
5531 858 2540 170 
2 324 2 18
5532 1077 2542 1078 
5533 1077 2543 2542 
5534 2542 2544 1078 
5535 1082 2542 1083 
5536 218 2543 1077 
5537 1078 2544 170 
5538 1084 2543 218 
5539 170 2544 863 
5540 2542 2545 1083 
5541 1082 2546 2542 
5542 1083 2545 220 
5543 172 2546 1082 
5544 863 2546 172 
5545 220 2545 1084 
5546 2543 2545 2542 
5547 2542 2546 2544 
5548 1084 2545 2543 
5549 2544 2546 863 
2 325 2 18
5550 883 882 2547 
5551 883 2547 2548 
5552 2547 882 2549 
5553 1082 1083 2547 
5554 178 883 2548 
5555 882 116 2549 
5556 1085 178 2548 
5557 116 864 2549 
5558 2547 1083 2550 
5559 1082 2547 2551 
5560 1083 220 2550 
5561 172 1082 2551 
5562 864 172 2551 
5563 220 1085 2550 
5564 2548 2547 2550 
5565 2547 2549 2551 
5566 1085 2548 2550 
5567 2549 864 2551 
2 326 2 11
5568 1087 219 1080 
5569 1081 174 879 
5570 1081 879 2553 
5571 1087 1080 2553 
5572 879 880 2552 
5573 1086 1087 2552 
5574 879 2552 2553 
5575 2552 1087 2553 
5576 880 177 2552 
5577 177 1086 2552 
5578 1080 1081 2553 
2 327 2 15
5579 1084 2554 220 
5580 220 2554 1085 
5581 1085 2555 178 
5582 218 2556 1084 
5583 2554 2555 1085 
5584 1084 2556 2554 
5585 1086 2554 1087 
5586 1086 2555 2554 
5587 2554 2556 1087 
5588 177 2555 1086 
5589 1087 2556 219 
5590 881 2555 177 
5591 219 2556 1079 
5592 178 2555 881 
5593 1079 2556 218 
2 328 2 11
5594 1089 176 887 
5595 179 1088 898 
5596 1089 887 2558 
5597 898 1088 2558 
5598 897 898 2557 
5599 887 886 2557 
5600 2557 898 2558 
5601 887 2557 2558 
5602 121 897 2557 
5603 886 121 2557 
5604 1088 1089 2558 
2 329 2 23
5605 1094 2559 1093 
5606 1094 2560 2559 
5607 222 2563 1094 
5608 1093 2562 180 
5609 176 2561 874 
5610 874 2561 175 
5611 175 2561 1090 
5612 1089 2561 176 
5613 1094 2563 2560 
5614 2559 2562 1093 
5615 1090 2560 1091 
5616 1088 2559 1089 
5617 2560 2561 2559 
5618 2560 2563 1091 
5619 1088 2562 2559 
5620 1091 2563 221 
5621 179 2562 1088 
5622 1090 2561 2560 
5623 2559 2561 1089 
5624 221 2563 1092 
5625 894 2562 179 
5626 180 2562 894 
5627 1092 2563 222 
2 330 2 11
5628 888 175 1090 
5629 889 1095 177 
5630 888 1090 2564 
5631 1095 889 2564 
5632 1090 1091 2565 
5633 2564 1090 2565 
5634 1096 1095 2565 
5635 1095 2564 2565 
5636 1091 221 2565 
5637 221 1096 2565 
5638 889 888 2564 
2 331 2 15
5639 1097 223 2566 
5640 223 1098 2566 
5641 1098 178 2567 
5642 222 1097 2568 
5643 2566 1098 2567 
5644 1097 2566 2568 
5645 1095 1096 2566 
5646 1095 2566 2567 
5647 2566 1096 2568 
5648 177 1095 2567 
5649 1096 221 2568 
5650 881 177 2567 
5651 221 1092 2568 
5652 178 881 2567 
5653 1092 222 2568 
2 332 2 18
5654 1100 1099 2569 
5655 2569 1099 2571 
5656 1100 2569 2570 
5657 884 885 2569 
5658 223 1100 2570 
5659 1099 181 2571 
5660 1098 223 2570 
5661 181 900 2571 
5662 2569 885 2572 
5663 884 2569 2573 
5664 178 1098 2572 
5665 900 122 2573 
5666 885 178 2572 
5667 122 884 2573 
5668 2570 2569 2572 
5669 2569 2571 2573 
5670 1098 2570 2572 
5671 2571 900 2573 
2 333 2 18
5672 1093 2574 1094 
5673 2574 2575 1094 
5674 1093 2576 2574 
5675 1100 2574 1099 
5676 1094 2575 222 
5677 180 2576 1093 
5678 222 2575 1097 
5679 899 2576 180 
5680 1100 2577 2574 
5681 2574 2578 1099 
5682 223 2577 1100 
5683 1099 2578 181 
5684 181 2578 899 
5685 1097 2577 223 
5686 2574 2577 2575 
5687 2576 2578 2574 
5688 2575 2577 1097 
5689 899 2578 2576 
2 334 2 14
5690 1102 190 2580 
5691 190 942 2580 
5692 182 1101 2581 
5693 905 182 2581 
5694 1101 224 2582 
5695 224 1102 2582 
5696 942 134 2579 
5697 134 905 2579 
5698 2580 2579 2581 
5699 2579 905 2581 
5700 942 2579 2580 
5701 2581 1101 2582 
5702 1102 2580 2582 
5703 2580 2581 2582 
2 335 2 14
5704 1103 2584 225 
5705 225 2584 1104 
5706 906 2585 182 
5707 182 2585 1101 
5708 1101 2586 224 
5709 224 2586 1103 
5710 1104 2583 183 
5711 183 2583 906 
5712 2584 2585 2583 
5713 2583 2585 906 
5714 1104 2584 2583 
5715 2585 2586 1101 
5716 1103 2586 2584 
5717 2584 2586 2585 
2 336 2 14
5718 191 2588 1105 
5719 945 2588 191 
5720 224 2589 1102 
5721 1103 2589 224 
5722 190 2590 945 
5723 1102 2590 190 
5724 1105 2587 225 
5725 225 2587 1103 
5726 2588 2589 2587 
5727 2587 2589 1103 
5728 1105 2588 2587 
5729 2589 2590 1102 
5730 945 2590 2588 
5731 2588 2590 2589 
2 337 2 15
5732 225 2591 1105 
5733 1104 2591 225 
5734 183 2592 1104 
5735 1105 2593 191 
5736 1104 2592 2591 
5737 2591 2593 1105 
5738 1106 2591 1107 
5739 2591 2592 1107 
5740 1106 2593 2591 
5741 1107 2592 184 
5742 192 2593 1106 
5743 184 2592 909 
5744 946 2593 192 
5745 191 2593 946 
5746 909 2592 183 
2 338 2 11
5747 192 1106 947 
5748 1107 184 910 
5749 947 1106 2594 
5750 1107 910 2594 
5751 948 947 2595 
5752 135 948 2595 
5753 911 135 2595 
5754 947 2594 2595 
5755 2594 910 2595 
5756 910 911 2595 
5757 1106 1107 2594 
2 339 2 26
5758 2596 2598 2597 
5759 2597 2599 2596 
5760 916 2597 917 
5761 1109 2596 1108 
5762 908 2598 907 
5763 1110 2599 1111 
5764 1111 2601 185 
5765 129 2600 908 
5766 907 2602 183 
5767 226 2603 1110 
5768 185 2601 916 
5769 917 2600 129 
5770 183 2602 1109 
5771 1108 2603 226 
5772 916 2601 2597 
5773 2597 2600 917 
5774 1109 2602 2596 
5775 2596 2603 1108 
5776 908 2600 2598 
5777 2599 2601 1111 
5778 2598 2602 907 
5779 1110 2603 2599 
5780 2598 2600 2597 
5781 2597 2601 2599 
5782 2596 2602 2598 
5783 2599 2603 2596 
2 340 2 23
5784 1109 1108 2605 
5785 2604 1109 2605 
5786 183 1109 2607 
5787 1108 226 2608 
5788 959 193 2606 
5789 194 959 2606 
5790 193 1115 2606 
5791 1114 194 2606 
5792 1109 2604 2607 
5793 2605 1108 2608 
5794 1115 1116 2604 
5795 1113 1114 2605 
5796 2604 2605 2606 
5797 2604 1116 2607 
5798 1113 2605 2608 
5799 1116 184 2607 
5800 227 1113 2608 
5801 1115 2604 2606 
5802 2605 1114 2606 
5803 184 909 2607 
5804 1112 227 2608 
5805 226 1112 2608 
5806 909 183 2607 
2 341 2 11
5807 136 913 957 
5808 912 184 1116 
5809 957 913 2609 
5810 912 1116 2609 
5811 958 957 2610 
5812 193 958 2610 
5813 1115 193 2610 
5814 957 2609 2610 
5815 2609 1116 2610 
5816 1116 1115 2610 
5817 913 912 2609 
2 342 2 11
5818 140 923 955 
5819 956 914 137 
5820 955 923 2612 
5821 914 956 2612 
5822 915 914 2611 
5823 923 924 2611 
5824 923 2611 2612 
5825 2611 914 2612 
5826 924 130 2611 
5827 130 915 2611 
5828 956 955 2612 
2 343 2 23
5829 1111 2613 1110 
5830 1111 2614 2613 
5831 1110 2617 226 
5832 185 2616 1111 
5833 962 2615 196 
5834 195 2615 962 
5835 196 2615 1119 
5836 1118 2615 195 
5837 1111 2616 2614 
5838 2613 2617 1110 
5839 1119 2614 1120 
5840 1117 2613 1118 
5841 2614 2615 2613 
5842 2614 2616 1120 
5843 1117 2617 2613 
5844 227 2617 1117 
5845 1120 2616 186 
5846 1119 2615 2614 
5847 2613 2615 1118 
5848 1112 2617 227 
5849 186 2616 920 
5850 226 2617 1112 
5851 920 2616 185 
2 344 2 11
5852 961 1118 195 
5853 194 1114 960 
5854 1118 961 2619 
5855 960 1114 2619 
5856 1114 1113 2618 
5857 1117 1118 2618 
5858 2618 1118 2619 
5859 1114 2618 2619 
5860 1113 227 2618 
5861 227 1117 2618 
5862 961 960 2619 
2 345 2 11
5863 1119 963 196 
5864 1120 186 921 
5865 963 1119 2620 
5866 1120 921 2620 
5867 964 963 2621 
5868 141 964 2621 
5869 922 141 2621 
5870 963 2620 2621 
5871 2620 921 2621 
5872 921 922 2621 
5873 1119 1120 2620 
2 346 2 26
5874 2622 2624 2623 
5875 2623 2625 2622 
5876 932 2623 933 
5877 1122 2622 1121 
5878 919 2624 918 
5879 1123 2625 1124 
5880 1124 2628 188 
5881 132 2626 919 
5882 918 2627 185 
5883 228 2629 1123 
5884 188 2628 932 
5885 933 2626 132 
5886 185 2627 1122 
5887 1121 2629 228 
5888 932 2628 2623 
5889 2623 2626 933 
5890 1122 2627 2622 
5891 2622 2629 1121 
5892 919 2626 2624 
5893 2624 2627 918 
5894 2625 2628 1124 
5895 1123 2629 2625 
5896 2624 2626 2623 
5897 2622 2627 2624 
5898 2623 2628 2625 
5899 2625 2629 2622 
2 347 2 23
5900 1122 1121 2630 
5901 1122 2630 2631 
5902 1121 228 2634 
5903 185 1122 2633 
5904 986 199 2632 
5905 200 986 2632 
5906 199 1128 2632 
5907 1127 200 2632 
5908 1122 2631 2633 
5909 2630 1121 2634 
5910 1128 1129 2631 
5911 1126 1127 2630 
5912 2631 2630 2632 
5913 2631 1129 2633 
5914 1126 2630 2634 
5915 229 1126 2634 
5916 1129 186 2633 
5917 1128 2631 2632 
5918 2630 1127 2632 
5919 1125 229 2634 
5920 186 920 2633 
5921 228 1125 2634 
5922 920 185 2633 
2 348 2 11
5923 926 984 142 
5924 925 186 1129 
5925 984 926 2635 
5926 925 1129 2635 
5927 985 984 2636 
5928 199 985 2636 
5929 1128 199 2636 
5930 984 2635 2636 
5931 2635 1129 2636 
5932 1129 1128 2636 
5933 926 925 2635 
2 349 2 11
5934 147 938 982 
5935 983 927 143 
5936 927 983 2638 
5937 982 938 2638 
5938 928 927 2637 
5939 938 939 2637 
5940 2637 927 2638 
5941 938 2637 2638 
5942 939 133 2637 
5943 133 928 2637 
5944 983 982 2638 
2 350 2 23
5945 1124 2640 1123 
5946 2639 2640 1124 
5947 188 2643 1124 
5948 1123 2642 228 
5949 989 2641 202 
5950 201 2641 989 
5951 202 2641 1132 
5952 1131 2641 201 
5953 1124 2643 2639 
5954 2640 2642 1123 
5955 1132 2639 1133 
5956 1130 2640 1131 
5957 2639 2641 2640 
5958 2639 2643 1133 
5959 1130 2642 2640 
5960 1133 2643 189 
5961 229 2642 1130 
5962 1132 2641 2639 
5963 2640 2641 1131 
5964 189 2643 935 
5965 1125 2642 229 
5966 228 2642 1125 
5967 935 2643 188 
2 351 2 11
5968 200 1127 987 
5969 1126 229 1130 
5970 987 1127 2644 
5971 1126 1130 2644 
5972 988 987 2645 
5973 201 988 2645 
5974 1131 201 2645 
5975 987 2644 2645 
5976 2644 1130 2645 
5977 1130 1131 2645 
5978 1127 1126 2644 
2 352 2 11
5979 1132 990 202 
5980 991 937 148 
5981 990 1132 2647 
5982 937 991 2647 
5983 1132 1133 2646 
5984 936 937 2646 
5985 1132 2646 2647 
5986 2646 937 2647 
5987 189 936 2646 
5988 1133 189 2646 
5989 991 990 2647 
2 353 2 14
5990 1011 205 2649 
5991 205 1134 2649 
5992 1135 187 2650 
5993 187 929 2650 
5994 230 1135 2651 
5995 1134 230 2651 
5996 929 146 2648 
5997 146 1011 2648 
5998 2648 2649 2650 
5999 929 2648 2650 
6000 2648 1011 2649 
6001 1135 2650 2651 
6002 2649 1134 2651 
6003 2650 2649 2651 
2 354 2 14
6004 187 2653 934 
6005 1135 2653 187 
6006 231 2654 1137 
6007 1136 2654 231 
6008 230 2655 1135 
6009 1137 2655 230 
6010 188 2652 1136 
6011 934 2652 188 
6012 2653 2654 2652 
6013 2652 2654 1136 
6014 934 2653 2652 
6015 2654 2655 1137 
6016 1135 2655 2653 
6017 2653 2655 2654 
2 355 2 15
6018 231 1140 2656 
6019 1136 231 2656 
6020 188 1136 2657 
6021 1140 207 2658 
6022 1136 2656 2657 
6023 2656 1140 2658 
6024 1138 1139 2656 
6025 2656 1139 2657 
6026 1138 2656 2658 
6027 1139 189 2657 
6028 206 1138 2658 
6029 189 935 2657 
6030 1014 206 2658 
6031 207 1014 2658 
6032 935 188 2657 
2 356 2 11
6033 149 941 1012 
6034 940 189 1139 
6035 1012 941 2659 
6036 940 1139 2659 
6037 1013 1012 2660 
6038 206 1013 2660 
6039 1138 206 2660 
6040 1012 2659 2660 
6041 2659 1139 2660 
6042 1139 1138 2660 
6043 941 940 2659 
2 357 2 14
6044 207 2662 1015 
6045 1140 2662 207 
6046 1134 2663 230 
6047 230 2663 1137 
6048 205 2664 1134 
6049 1015 2664 205 
6050 231 2661 1140 
6051 1137 2661 231 
6052 2661 2663 2662 
6053 1137 2663 2661 
6054 2661 2662 1140 
6055 1134 2664 2663 
6056 2662 2664 1015 
6057 2663 2664 2662 
2 358 2 11
6058 155 972 1022 
6059 1023 953 154 
6060 1022 972 2666 
6061 953 1023 2666 
6062 954 953 2665 
6063 972 973 2665 
6064 972 2665 2666 
6065 2665 953 2666 
6066 973 139 2665 
6067 139 954 2665 
6068 1023 1022 2666 
2 359 2 11
6069 966 193 1141 
6070 1142 192 952 
6071 966 1141 2668 
6072 1142 952 2668 
6073 965 966 2667 
6074 952 951 2667 
6075 2667 966 2668 
6076 952 2667 2668 
6077 138 965 2667 
6078 951 138 2667 
6079 1141 1142 2668 
2 360 2 23
6080 1144 2669 1143 
6081 1144 2670 2669 
6082 191 2673 1144 
6083 1143 2672 232 
6084 194 2671 959 
6085 959 2671 193 
6086 1147 2671 194 
6087 193 2671 1141 
6088 2669 2672 1143 
6089 1144 2673 2670 
6090 1146 2669 1147 
6091 1141 2670 1142 
6092 2670 2671 2669 
6093 1146 2672 2669 
6094 2670 2673 1142 
6095 1142 2673 192 
6096 233 2672 1146 
6097 2669 2671 1147 
6098 1141 2671 2670 
6099 192 2673 946 
6100 1145 2672 233 
6101 232 2672 1145 
6102 946 2673 191 
2 361 2 26
6103 2675 2676 2674 
6104 2674 2677 2675 
6105 1148 2674 1149 
6106 950 2675 949 
6107 1143 2676 1144 
6108 1025 2677 1024 
6109 153 2678 1025 
6110 1024 2679 208 
6111 1144 2680 191 
6112 232 2681 1143 
6113 949 2678 153 
6114 191 2680 950 
6115 208 2679 1148 
6116 1149 2681 232 
6117 2675 2678 949 
6118 1148 2679 2674 
6119 950 2680 2675 
6120 2674 2681 1149 
6121 1025 2678 2677 
6122 2677 2679 1024 
6123 2676 2680 1144 
6124 1143 2681 2676 
6125 2675 2680 2676 
6126 2677 2678 2675 
6127 2676 2681 2674 
6128 2674 2679 2677 
2 362 2 23
6129 1149 2682 1148 
6130 1149 2683 2682 
6131 232 2686 1149 
6132 1148 2685 208 
6133 969 2684 197 
6134 198 2684 969 
6135 197 2684 1152 
6136 1151 2684 198 
6137 2682 2685 1148 
6138 1149 2686 2683 
6139 1150 2682 1151 
6140 1152 2683 1153 
6141 2683 2684 2682 
6142 1150 2685 2682 
6143 2683 2686 1153 
6144 1153 2686 233 
6145 209 2685 1150 
6146 2682 2684 1151 
6147 1152 2684 2683 
6148 233 2686 1145 
6149 1026 2685 209 
6150 208 2685 1026 
6151 1145 2686 232 
2 363 2 11
6152 1028 971 156 
6153 1150 1027 209 
6154 1027 1150 2688 
6155 971 1028 2688 
6156 1150 1151 2687 
6157 970 971 2687 
6158 1150 2687 2688 
6159 2687 971 2688 
6160 198 970 2687 
6161 1151 198 2687 
6162 1028 1027 2688 
2 364 2 11
6163 233 1146 1153 
6164 1147 194 967 
6165 1153 1146 2690 
6166 1147 967 2690 
6167 967 968 2689 
6168 1152 1153 2689 
6169 967 2689 2690 
6170 2689 1153 2690 
6171 197 1152 2689 
6172 968 197 2689 
6173 1146 1147 2690 
2 365 2 11
6174 1036 976 158 
6175 994 1035 161 
6176 976 1036 2692 
6177 1035 994 2692 
6178 977 976 2691 
6179 994 995 2691 
6180 2691 976 2692 
6181 994 2691 2692 
6182 145 977 2691 
6183 995 145 2691 
6184 1036 1035 2692 
2 366 2 11
6185 1155 196 975 
6186 199 1154 993 
6187 1155 975 2694 
6188 993 1154 2694 
6189 992 993 2693 
6190 975 974 2693 
6191 2693 993 2694 
6192 975 2693 2694 
6193 974 144 2693 
6194 144 992 2693 
6195 1154 1155 2694 
2 367 2 34
6196 196 2701 962 
6197 1161 2700 237 
6198 236 2700 1161 
6199 200 2702 986 
6200 962 2701 195 
6201 234 2699 1158 
6202 1158 2699 235 
6203 986 2702 199 
6204 2696 2698 2697 
6205 2697 2698 2695 
6206 1155 2701 196 
6207 237 2700 1162 
6208 1160 2700 236 
6209 235 2699 1159 
6210 1163 2702 200 
6211 1157 2699 234 
6212 199 2702 1154 
6213 195 2701 1156 
6214 1156 2698 1157 
6215 1159 2696 1160 
6216 1154 2695 1155 
6217 1162 2697 1163 
6218 2696 2699 2698 
6219 2697 2700 2696 
6220 2698 2701 2695 
6221 2695 2702 2697 
6222 1159 2699 2696 
6223 2696 2700 1160 
6224 2698 2699 1157 
6225 1156 2701 2698 
6226 2695 2701 1155 
6227 1162 2700 2697 
6228 2697 2702 1163 
6229 1154 2702 2695 
2 368 2 11
6230 1157 234 1165 
6231 978 195 1156 
6232 1157 1165 2704 
6233 978 1156 2704 
6234 979 978 2703 
6235 1165 1164 2703 
6236 1165 2703 2704 
6237 2703 978 2704 
6238 197 979 2703 
6239 1164 197 2703 
6240 1156 1157 2704 
2 369 2 34
6241 2707 2705 2708 
6242 2706 2707 2708 
6243 1039 210 2710 
6244 1158 235 2712 
6245 234 1158 2712 
6246 211 1039 2710 
6247 969 197 2709 
6248 198 969 2709 
6249 1170 239 2711 
6250 238 1170 2711 
6251 210 1166 2710 
6252 235 1168 2712 
6253 1165 234 2712 
6254 1172 211 2710 
6255 197 1164 2709 
6256 1167 198 2709 
6257 239 1171 2711 
6258 1169 238 2711 
6259 1164 1165 2705 
6260 1166 1167 2707 
6261 2705 2707 2709 
6262 1171 1172 2706 
6263 2707 2706 2710 
6264 2708 2705 2712 
6265 1168 1169 2708 
6266 2706 2708 2711 
6267 2705 1165 2712 
6268 1164 2705 2709 
6269 1166 2707 2710 
6270 2707 1167 2709 
6271 2706 1172 2710 
6272 1171 2706 2711 
6273 1168 2708 2712 
6274 2708 1169 2711 
2 370 2 11
6275 157 981 1037 
6276 1038 1166 210 
6277 1166 1038 2714 
6278 1037 981 2714 
6279 1167 1166 2713 
6280 981 980 2713 
6281 2713 1166 2714 
6282 981 2713 2714 
6283 980 198 2713 
6284 198 1167 2713 
6285 1038 1037 2714 
2 371 2 11
6286 237 1162 1174 
6287 1163 200 996 
6288 1174 1162 2716 
6289 1163 996 2716 
6290 996 997 2715 
6291 1173 1174 2715 
6292 996 2715 2716 
6293 2715 1174 2716 
6294 203 1173 2715 
6295 997 203 2715 
6296 1162 1163 2716 
2 372 2 34
6297 212 2721 1042 
6298 1161 2722 236 
6299 237 2722 1161 
6300 1042 2721 213 
6301 204 2724 998 
6302 998 2724 203 
6303 238 2723 1170 
6304 1170 2723 239 
6305 2717 2719 2718 
6306 2718 2720 2717 
6307 1180 2721 212 
6308 236 2722 1177 
6309 1174 2722 237 
6310 213 2721 1175 
6311 1176 2724 204 
6312 1178 2723 238 
6313 239 2723 1179 
6314 203 2724 1173 
6315 1177 2719 1178 
6316 1179 2717 1180 
6317 1175 2720 1176 
6318 1173 2718 1174 
6319 2719 2722 2718 
6320 2720 2721 2717 
6321 2718 2724 2720 
6322 2717 2723 2719 
6323 1175 2721 2720 
6324 2717 2721 1180 
6325 2718 2722 1174 
6326 1177 2722 2719 
6327 2720 2724 1176 
6328 2719 2723 1178 
6329 1179 2723 2717 
6330 1173 2724 2718 
2 373 2 11
6331 1175 1043 213 
6332 204 999 1176 
6333 1043 1175 2725 
6334 1176 999 2725 
6335 1044 1043 2726 
6336 162 1044 2726 
6337 1000 162 2726 
6338 1043 2725 2726 
6339 2725 999 2726 
6340 999 1000 2726 
6341 1175 1176 2725 
2 374 2 11
6342 1168 235 1159 
6343 1160 236 1177 
6344 1168 1159 2728 
6345 1160 1177 2728 
6346 1177 1178 2727 
6347 1169 1168 2727 
6348 2727 1168 2728 
6349 1177 2727 2728 
6350 1178 238 2727 
6351 238 1169 2727 
6352 1159 1160 2728 
2 375 2 11
6353 1172 1040 211 
6354 1041 1180 212 
6355 1180 1041 2730 
6356 1040 1172 2730 
6357 1179 1180 2729 
6358 1172 1171 2729 
6359 2729 1180 2730 
6360 1172 2729 2730 
6361 239 1179 2729 
6362 1171 239 2729 
6363 1041 1040 2730 
2 376 2 11
6364 1182 202 1002 
6365 1017 206 1181 
6366 1182 1002 2732 
6367 1017 1181 2732 
6368 1016 1017 2731 
6369 1002 1001 2731 
6370 2731 1017 2732 
6371 1002 2731 2732 
6372 1001 150 2731 
6373 150 1016 2731 
6374 1181 1182 2732 
2 377 2 23
6375 1187 2733 1186 
6376 1187 2734 2733 
6377 241 2737 1187 
6378 1186 2736 207 
6379 989 2735 201 
6380 202 2735 989 
6381 1182 2735 202 
6382 201 2735 1183 
6383 1187 2737 2734 
6384 2733 2736 1186 
6385 1183 2734 1184 
6386 1181 2733 1182 
6387 2734 2735 2733 
6388 2734 2737 1184 
6389 1181 2736 2733 
6390 206 2736 1181 
6391 1184 2737 240 
6392 1183 2735 2734 
6393 2733 2735 1182 
6394 240 2737 1185 
6395 1014 2736 206 
6396 207 2736 1014 
6397 1185 2737 241 
2 378 2 11
6398 201 1183 1003 
6399 1184 240 1189 
6400 1003 1183 2739 
6401 1184 1189 2739 
6402 1004 1003 2738 
6403 1189 1188 2738 
6404 1189 2738 2739 
6405 2738 1003 2739 
6406 1188 203 2738 
6407 203 1004 2738 
6408 1183 1184 2739 
2 379 2 23
6409 1193 1192 2741 
6410 2740 1193 2741 
6411 241 1193 2744 
6412 1192 217 2743 
6413 204 998 2742 
6414 998 203 2742 
6415 1191 204 2742 
6416 203 1188 2742 
6417 2741 1192 2743 
6418 1193 2740 2744 
6419 1190 1191 2741 
6420 1188 1189 2740 
6421 2740 2741 2742 
6422 1190 2741 2743 
6423 2740 1189 2744 
6424 1189 240 2744 
6425 216 1190 2743 
6426 2741 1191 2742 
6427 1188 2740 2742 
6428 240 1185 2744 
6429 1066 216 2743 
6430 217 1066 2743 
6431 1185 241 2744 
2 380 2 11
6432 1006 1064 163 
6433 1005 204 1191 
6434 1064 1006 2745 
6435 1005 1191 2745 
6436 1065 1064 2746 
6437 216 1065 2746 
6438 1190 216 2746 
6439 1064 2745 2746 
6440 2745 1191 2746 
6441 1191 1190 2746 
6442 1006 1005 2745 
2 381 2 11
6443 1018 1062 168 
6444 1019 151 1008 
6445 1062 1018 2747 
6446 1019 1008 2747 
6447 1063 1062 2748 
6448 164 1063 2748 
6449 1007 164 2748 
6450 1062 2747 2748 
6451 2747 1008 2748 
6452 1008 1007 2748 
6453 1018 1019 2747 
2 382 2 26
6454 2749 2751 2750 
6455 2750 2752 2749 
6456 1068 2749 1067 
6457 1186 2750 1187 
6458 1193 2751 1192 
6459 1020 2752 1021 
6460 1021 2753 207 
6461 207 2753 1186 
6462 241 2754 1193 
6463 1187 2754 241 
6464 1067 2756 169 
6465 217 2755 1068 
6466 169 2756 1020 
6467 1192 2755 217 
6468 1186 2753 2750 
6469 2750 2754 1187 
6470 2749 2756 1067 
6471 1068 2755 2749 
6472 1193 2754 2751 
6473 2751 2755 1192 
6474 2752 2753 1021 
6475 1020 2756 2752 
6476 2751 2754 2750 
6477 2749 2755 2751 
6478 2750 2753 2752 
6479 2752 2756 2749 
2 383 2 11
6480 1047 1075 173 
6481 1048 160 1032 
6482 1075 1047 2757 
6483 1048 1032 2757 
6484 1076 1075 2758 
6485 171 1076 2758 
6486 1031 171 2758 
6487 1075 2757 2758 
6488 2757 1032 2758 
6489 1032 1031 2758 
6490 1047 1048 2757 
2 384 2 11
6491 1046 210 1194 
6492 1195 209 1034 
6493 1195 1034 2760 
6494 1046 1194 2760 
6495 1034 1033 2759 
6496 1045 1046 2759 
6497 1034 2759 2760 
6498 2759 1046 2760 
6499 1033 159 2759 
6500 159 1045 2759 
6501 1194 1195 2760 
2 385 2 23
6502 1197 2761 1196 
6503 1197 2762 2761 
6504 1196 2765 242 
6505 208 2764 1197 
6506 1039 2763 210 
6507 211 2763 1039 
6508 210 2763 1194 
6509 1200 2763 211 
6510 2761 2765 1196 
6511 1197 2764 2762 
6512 1199 2761 1200 
6513 1194 2762 1195 
6514 2762 2763 2761 
6515 1199 2765 2761 
6516 2762 2764 1195 
6517 243 2765 1199 
6518 1195 2764 209 
6519 2761 2763 1200 
6520 1194 2763 2762 
6521 1198 2765 243 
6522 209 2764 1026 
6523 242 2765 1198 
6524 1026 2764 208 
2 386 2 26
6525 2767 2768 2766 
6526 2766 2769 2767 
6527 1201 2766 1202 
6528 1030 2767 1029 
6529 1196 2768 1197 
6530 1078 2769 1077 
6531 1197 2771 208 
6532 170 2770 1078 
6533 1077 2772 218 
6534 242 2773 1196 
6535 208 2771 1030 
6536 1029 2770 170 
6537 218 2772 1201 
6538 1202 2773 242 
6539 1030 2771 2767 
6540 2767 2770 1029 
6541 1201 2772 2766 
6542 2766 2773 1202 
6543 2768 2771 1197 
6544 1196 2773 2768 
6545 1078 2770 2769 
6546 2769 2772 1077 
6547 2767 2771 2768 
6548 2769 2770 2767 
6549 2768 2773 2766 
6550 2766 2772 2769 
2 387 2 23
6551 1202 2774 1201 
6552 1202 2775 2774 
6553 1201 2778 218 
6554 242 2777 1202 
6555 1051 2776 214 
6556 215 2776 1051 
6557 214 2776 1205 
6558 1204 2776 215 
6559 2774 2778 1201 
6560 1202 2777 2775 
6561 1203 2774 1204 
6562 1205 2775 1206 
6563 2775 2776 2774 
6564 1203 2778 2774 
6565 2775 2777 1206 
6566 219 2778 1203 
6567 1206 2777 243 
6568 2774 2776 1204 
6569 1205 2776 2775 
6570 1079 2778 219 
6571 243 2777 1198 
6572 218 2778 1079 
6573 1198 2777 242 
2 388 2 11
6574 1203 1080 219 
6575 215 1052 1204 
6576 1080 1203 2779 
6577 1204 1052 2779 
6578 1081 1080 2780 
6579 174 1081 2780 
6580 1053 174 2780 
6581 1080 2779 2780 
6582 2779 1052 2780 
6583 1052 1053 2780 
6584 1203 1204 2779 
2 389 2 11
6585 1206 243 1199 
6586 1200 211 1049 
6587 1200 1049 2782 
6588 1206 1199 2782 
6589 1049 1050 2781 
6590 1205 1206 2781 
6591 1049 2781 2782 
6592 2781 1206 2782 
6593 214 1205 2781 
6594 1050 214 2781 
6595 1199 1200 2782 
2 390 2 11
6596 1071 1088 179 
6597 1089 1056 176 
6598 1056 1089 2784 
6599 1088 1071 2784 
6600 1057 1056 2783 
6601 1071 1072 2783 
6602 2783 1056 2784 
6603 1071 2783 2784 
6604 1072 166 2783 
6605 166 1057 2783 
6606 1089 1088 2784 
2 391 2 11
6607 216 1207 1070 
6608 1208 213 1055 
6609 1208 1055 2786 
6610 1070 1207 2786 
6611 1069 1070 2785 
6612 1055 1054 2785 
6613 1055 2785 2786 
6614 2785 1070 2786 
6615 1054 165 2785 
6616 165 1069 2785 
6617 1207 1208 2786 
2 392 2 23
6618 1213 2787 1212 
6619 1213 2788 2787 
6620 245 2791 1213 
6621 1212 2790 217 
6622 1042 2789 212 
6623 213 2789 1042 
6624 212 2789 1209 
6625 1208 2789 213 
6626 1213 2791 2788 
6627 2787 2790 1212 
6628 1209 2788 1210 
6629 1207 2787 1208 
6630 2788 2789 2787 
6631 2788 2791 1210 
6632 1207 2790 2787 
6633 1210 2791 244 
6634 216 2790 1207 
6635 1209 2789 2788 
6636 2787 2789 1208 
6637 244 2791 1211 
6638 1066 2790 216 
6639 217 2790 1066 
6640 1211 2791 245 
2 393 2 11
6641 1210 244 1215 
6642 1058 212 1209 
6643 1210 1215 2793 
6644 1058 1209 2793 
6645 1059 1058 2792 
6646 1215 1214 2792 
6647 2792 1058 2793 
6648 1215 2792 2793 
6649 1214 214 2792 
6650 214 1059 2792 
6651 1209 1210 2793 
2 394 2 23
6652 1219 1218 2794 
6653 1219 2794 2795 
6654 1218 222 2798 
6655 245 1219 2797 
6656 1051 214 2796 
6657 215 1051 2796 
6658 214 1214 2796 
6659 1217 215 2796 
6660 2794 1218 2798 
6661 1219 2795 2797 
6662 1216 1217 2794 
6663 1214 1215 2795 
6664 2795 2794 2796 
6665 1216 2794 2798 
6666 2795 1215 2797 
6667 221 1216 2798 
6668 1215 244 2797 
6669 2794 1217 2796 
6670 1214 2795 2796 
6671 1092 221 2798 
6672 244 1211 2797 
6673 222 1092 2798 
6674 1211 245 2797 
2 395 2 11
6675 1091 1216 221 
6676 175 1061 1090 
6677 1090 1061 2800 
6678 1216 1091 2800 
6679 1217 1216 2799 
6680 1061 1060 2799 
6681 2799 1216 2800 
6682 1061 2799 2800 
6683 1060 215 2799 
6684 215 1217 2799 
6685 1091 1090 2800 
2 396 2 26
6686 2801 2803 2802 
6687 2802 2804 2801 
6688 1094 2801 1093 
6689 1212 2802 1213 
6690 1219 2803 1218 
6691 1073 2804 1074 
6692 1074 2805 217 
6693 217 2805 1212 
6694 1213 2806 245 
6695 1093 2807 180 
6696 245 2806 1219 
6697 180 2807 1073 
6698 222 2808 1094 
6699 1218 2808 222 
6700 1212 2805 2802 
6701 2802 2806 1213 
6702 2801 2807 1093 
6703 1094 2808 2801 
6704 1219 2806 2803 
6705 2804 2805 1074 
6706 1073 2807 2804 
6707 2803 2808 1218 
6708 2803 2806 2802 
6709 2802 2805 2804 
6710 2801 2808 2803 
6711 2804 2807 2801 
2 397 2 11
6712 1221 219 1087 
6713 221 1220 1096 
6714 1221 1087 2810 
6715 1096 1220 2810 
6716 1095 1096 2809 
6717 1087 1086 2809 
6718 1087 2809 2810 
6719 2809 1096 2810 
6720 177 1095 2809 
6721 1086 177 2809 
6722 1220 1221 2810 
2 398 2 15
6723 246 2811 1223 
6724 1222 2811 246 
6725 218 2812 1222 
6726 1223 2813 222 
6727 1222 2812 2811 
6728 2811 2813 1223 
6729 1220 2811 1221 
6730 2811 2812 1221 
6731 1220 2813 2811 
6732 221 2813 1220 
6733 1221 2812 219 
6734 1092 2813 221 
6735 219 2812 1079 
6736 222 2813 1092 
6737 1079 2812 218 
2 399 2 14
6738 1225 2815 246 
6739 246 2815 1222 
6740 220 2816 1224 
6741 1084 2816 220 
6742 1224 2817 247 
6743 247 2817 1225 
6744 1222 2814 218 
6745 218 2814 1084 
6746 2815 2816 2814 
6747 2814 2816 1084 
6748 1222 2815 2814 
6749 2816 2817 1224 
6750 1225 2817 2815 
6751 2815 2817 2816 
2 400 2 14
6752 247 1226 2819 
6753 1224 247 2819 
6754 178 1085 2820 
6755 1098 178 2820 
6756 1085 220 2821 
6757 220 1224 2821 
6758 223 1098 2818 
6759 1226 223 2818 
6760 2819 2818 2820 
6761 2818 1098 2820 
6762 1226 2818 2819 
6763 2820 1085 2821 
6764 1224 2819 2821 
6765 2819 2820 2821 
2 401 2 14
6766 1097 2823 222 
6767 222 2823 1223 
6768 247 2824 1226 
6769 1225 2824 247 
6770 1226 2825 223 
6771 223 2825 1097 
6772 1223 2822 246 
6773 246 2822 1225 
6774 2823 2824 2822 
6775 2822 2824 1225 
6776 1223 2823 2822 
6777 2824 2825 1226 
6778 1097 2825 2823 
6779 2823 2825 2824 
2 402 2 11
6780 193 1115 1141 
6781 1116 184 1107 
6782 1141 1115 2826 
6783 1116 1107 2826 
6784 1142 1141 2827 
6785 192 1142 2827 
6786 1106 192 2827 
6787 1141 2826 2827 
6788 2826 1107 2827 
6789 1107 1106 2827 
6790 1115 1116 2826 
2 403 2 18
6791 1227 2828 1228 
6792 1227 2830 2828 
6793 2828 2829 1228 
6794 1108 2828 1109 
6795 1228 2829 248 
6796 225 2830 1227 
6797 248 2829 1229 
6798 1104 2830 225 
6799 1108 2831 2828 
6800 2828 2832 1109 
6801 1229 2831 226 
6802 183 2832 1104 
6803 226 2831 1108 
6804 1109 2832 183 
6805 2828 2831 2829 
6806 2830 2832 2828 
6807 2829 2831 1229 
6808 1104 2832 2830 
2 404 2 18
6809 1144 2833 1143 
6810 2833 2834 1143 
6811 1144 2835 2833 
6812 1228 2833 1227 
6813 1143 2834 232 
6814 191 2835 1144 
6815 232 2834 1230 
6816 1105 2835 191 
6817 1228 2836 2833 
6818 2833 2837 1227 
6819 248 2836 1228 
6820 1227 2837 225 
6821 225 2837 1105 
6822 1230 2836 248 
6823 2833 2836 2834 
6824 2835 2837 2833 
6825 2834 2836 1230 
6826 1105 2837 2835 
2 405 2 15
6827 248 2838 1230 
6828 1229 2838 248 
6829 226 2839 1229 
6830 1230 2840 232 
6831 1229 2839 2838 
6832 2838 2840 1230 
6833 1231 2838 1232 
6834 2838 2839 1232 
6835 1231 2840 2838 
6836 1232 2839 227 
6837 233 2840 1231 
6838 227 2839 1112 
6839 1145 2840 233 
6840 232 2840 1145 
6841 1112 2839 226 
2 406 2 11
6842 233 1231 1146 
6843 1232 227 1113 
6844 1146 1231 2841 
6845 1232 1113 2841 
6846 1147 1146 2842 
6847 194 1147 2842 
6848 1114 194 2842 
6849 1146 2841 2842 
6850 2841 1113 2842 
6851 1113 1114 2842 
6852 1231 1232 2841 
2 407 2 26
6853 2843 2845 2844 
6854 2844 2846 2843 
6855 1121 2844 1122 
6856 1234 2843 1233 
6857 1111 2845 1110 
6858 1235 2846 1236 
6859 185 2847 1111 
6860 1236 2849 228 
6861 1110 2848 226 
6862 249 2850 1235 
6863 1122 2847 185 
6864 228 2849 1121 
6865 226 2848 1234 
6866 1233 2850 249 
6867 2844 2847 1122 
6868 1121 2849 2844 
6869 1234 2848 2843 
6870 2843 2850 1233 
6871 1111 2847 2845 
6872 2845 2848 1110 
6873 2846 2849 1236 
6874 1235 2850 2846 
6875 2845 2847 2844 
6876 2843 2848 2845 
6877 2844 2849 2846 
6878 2846 2850 2843 
2 408 2 23
6879 1234 1233 2851 
6880 1234 2851 2852 
6881 226 1234 2854 
6882 1233 249 2855 
6883 1158 234 2853 
6884 235 1158 2853 
6885 234 1240 2853 
6886 1239 235 2853 
6887 1234 2852 2854 
6888 2851 1233 2855 
6889 1240 1241 2852 
6890 1238 1239 2851 
6891 2852 2851 2853 
6892 2852 1241 2854 
6893 1238 2851 2855 
6894 1241 227 2854 
6895 250 1238 2855 
6896 1240 2852 2853 
6897 2851 1239 2853 
6898 227 1112 2854 
6899 1237 250 2855 
6900 249 1237 2855 
6901 1112 226 2854 
2 409 2 11
6902 1157 1240 234 
6903 1118 1156 195 
6904 1240 1157 2857 
6905 1156 1118 2857 
6906 1241 1240 2856 
6907 1118 1117 2856 
6908 2856 1240 2857 
6909 1118 2856 2857 
6910 1117 227 2856 
6911 227 1241 2856 
6912 1157 1156 2857 
2 410 2 11
6913 199 1128 1154 
6914 1155 1119 196 
6915 1119 1155 2859 
6916 1154 1128 2859 
6917 1128 1129 2858 
6918 1120 1119 2858 
6919 2858 1119 2859 
6920 1128 2858 2859 
6921 1129 186 2858 
6922 186 1120 2858 
6923 1155 1154 2859 
2 411 2 23
6924 1236 2860 1235 
6925 1236 2861 2860 
6926 1235 2864 249 
6927 228 2863 1236 
6928 1161 2862 237 
6929 236 2862 1161 
6930 237 2862 1244 
6931 1243 2862 236 
6932 1236 2863 2861 
6933 2860 2864 1235 
6934 1244 2861 1245 
6935 1242 2860 1243 
6936 2861 2862 2860 
6937 2861 2863 1245 
6938 1242 2864 2860 
6939 250 2864 1242 
6940 1245 2863 229 
6941 1244 2862 2861 
6942 2860 2862 1243 
6943 1237 2864 250 
6944 229 2863 1125 
6945 249 2864 1237 
6946 1125 2863 228 
2 412 2 11
6947 235 1239 1159 
6948 1238 250 1242 
6949 1159 1239 2865 
6950 1238 1242 2865 
6951 1160 1159 2866 
6952 236 1160 2866 
6953 1243 236 2866 
6954 1159 2865 2866 
6955 2865 1242 2866 
6956 1242 1243 2866 
6957 1239 1238 2865 
2 413 2 11
6958 1163 1127 200 
6959 237 1244 1162 
6960 1127 1163 2868 
6961 1162 1244 2868 
6962 1244 1245 2867 
6963 1126 1127 2867 
6964 1244 2867 2868 
6965 2867 1127 2868 
6966 229 1126 2867 
6967 1245 229 2867 
6968 1163 1162 2868 
2 414 2 18
6969 1124 2869 1123 
6970 2869 2870 1123 
6971 1124 2871 2869 
6972 1248 2869 1247 
6973 1123 2870 228 
6974 188 2871 1124 
6975 228 2870 1246 
6976 1136 2871 188 
6977 1248 2872 2869 
6978 2869 2873 1247 
6979 251 2872 1248 
6980 1247 2873 231 
6981 231 2873 1136 
6982 1246 2872 251 
6983 2869 2872 2870 
6984 2871 2873 2869 
6985 2870 2872 1246 
6986 1136 2873 2871 
2 415 2 15
6987 251 1251 2874 
6988 1246 251 2874 
6989 228 1246 2875 
6990 1251 241 2876 
6991 1246 2874 2875 
6992 2874 1251 2876 
6993 1249 1250 2874 
6994 2874 1250 2875 
6995 1249 2874 2876 
6996 1250 229 2875 
6997 240 1249 2876 
6998 229 1125 2875 
6999 1185 240 2876 
7000 241 1185 2876 
7001 1125 228 2875 
2 416 2 11
7002 1131 1183 201 
7003 1130 229 1250 
7004 1183 1131 2877 
7005 1130 1250 2877 
7006 1184 1183 2878 
7007 240 1184 2878 
7008 1249 240 2878 
7009 1183 2877 2878 
7010 2877 1250 2878 
7011 1250 1249 2878 
7012 1131 1130 2877 
2 417 2 11
7013 1182 1132 202 
7014 206 1138 1181 
7015 1181 1138 2880 
7016 1132 1182 2880 
7017 1133 1132 2879 
7018 1138 1139 2879 
7019 2879 1132 2880 
7020 1138 2879 2880 
7021 189 1133 2879 
7022 1139 189 2879 
7023 1182 1181 2880 
2 418 2 18
7024 1187 2881 1186 
7025 1187 2882 2881 
7026 2881 2883 1186 
7027 1247 2881 1248 
7028 241 2882 1187 
7029 1186 2883 207 
7030 1251 2882 241 
7031 207 2883 1140 
7032 2881 2884 1248 
7033 1247 2885 2881 
7034 1248 2884 251 
7035 231 2885 1247 
7036 1140 2885 231 
7037 251 2884 1251 
7038 2882 2884 2881 
7039 2881 2885 2883 
7040 1251 2884 2882 
7041 2883 2885 1140 
2 419 2 11
7042 1195 1150 209 
7043 1166 1194 210 
7044 1150 1195 2887 
7045 1194 1166 2887 
7046 1151 1150 2886 
7047 1166 1167 2886 
7048 2886 1150 2887 
7049 1166 2886 2887 
7050 198 1151 2886 
7051 1167 198 2886 
7052 1195 1194 2887 
2 420 2 11
7053 1253 233 1153 
7054 234 1252 1165 
7055 1253 1153 2889 
7056 1165 1252 2889 
7057 1164 1165 2888 
7058 1153 1152 2888 
7059 2888 1165 2889 
7060 1153 2888 2889 
7061 1152 197 2888 
7062 197 1164 2888 
7063 1252 1253 2889 
2 421 2 23
7064 1255 2890 1254 
7065 1255 2891 2890 
7066 1254 2894 252 
7067 232 2893 1255 
7068 235 2892 1158 
7069 1158 2892 234 
7070 1258 2892 235 
7071 234 2892 1252 
7072 2890 2894 1254 
7073 1255 2893 2891 
7074 1257 2890 1258 
7075 1252 2891 1253 
7076 2891 2892 2890 
7077 1257 2894 2890 
7078 2891 2893 1253 
7079 253 2894 1257 
7080 1253 2893 233 
7081 2890 2892 1258 
7082 1252 2892 2891 
7083 1256 2894 253 
7084 233 2893 1145 
7085 252 2894 1256 
7086 1145 2893 232 
2 422 2 26
7087 2895 2898 2896 
7088 2896 2897 2895 
7089 1259 2895 1260 
7090 1149 2896 1148 
7091 1197 2898 1196 
7092 1254 2897 1255 
7093 208 2899 1197 
7094 1255 2900 232 
7095 1196 2901 242 
7096 252 2902 1254 
7097 1148 2899 208 
7098 232 2900 1149 
7099 242 2901 1259 
7100 1260 2902 252 
7101 2896 2899 1148 
7102 1149 2900 2896 
7103 1259 2901 2895 
7104 2895 2902 1260 
7105 1197 2899 2898 
7106 2898 2901 1196 
7107 2897 2900 1255 
7108 1254 2902 2897 
7109 2896 2900 2897 
7110 2898 2899 2896 
7111 2897 2902 2895 
7112 2895 2901 2898 
2 423 2 23
7113 1260 2903 1259 
7114 1260 2904 2903 
7115 252 2906 1260 
7116 1259 2907 242 
7117 1170 2905 238 
7118 239 2905 1170 
7119 238 2905 1263 
7120 1262 2905 239 
7121 2903 2907 1259 
7122 1260 2906 2904 
7123 1261 2903 1262 
7124 1263 2904 1264 
7125 2904 2905 2903 
7126 1261 2907 2903 
7127 2904 2906 1264 
7128 1264 2906 253 
7129 243 2907 1261 
7130 2903 2905 1262 
7131 1263 2905 2904 
7132 253 2906 1256 
7133 1198 2907 243 
7134 242 2907 1198 
7135 1256 2906 252 
2 424 2 11
7136 243 1261 1199 
7137 1262 239 1171 
7138 1199 1261 2908 
7139 1262 1171 2908 
7140 1200 1199 2909 
7141 211 1200 2909 
7142 1172 211 2909 
7143 1199 2908 2909 
7144 2908 1171 2909 
7145 1171 1172 2909 
7146 1261 1262 2908 
2 425 2 11
7147 1264 253 1257 
7148 1258 235 1168 
7149 1264 1257 2911 
7150 1258 1168 2911 
7151 1168 1169 2910 
7152 1263 1264 2910 
7153 1168 2910 2911 
7154 2910 1264 2911 
7155 238 1263 2910 
7156 1169 238 2910 
7157 1257 1258 2911 
2 426 2 11
7158 216 1190 1207 
7159 1191 204 1176 
7160 1207 1190 2912 
7161 1191 1176 2912 
7162 1208 1207 2913 
7163 213 1208 2913 
7164 1175 213 2913 
7165 1207 2912 2913 
7166 2912 1176 2913 
7167 1176 1175 2913 
7168 1190 1191 2912 
2 427 2 11
7169 1266 237 1174 
7170 240 1265 1189 
7171 1266 1174 2915 
7172 1189 1265 2915 
7173 1188 1189 2914 
7174 1174 1173 2914 
7175 2914 1189 2915 
7176 1174 2914 2915 
7177 1173 203 2914 
7178 203 1188 2914 
7179 1265 1266 2915 
2 428 2 23
7180 1271 2916 1270 
7181 1271 2917 2916 
7182 255 2920 1271 
7183 1270 2919 241 
7184 237 2918 1161 
7185 1161 2918 236 
7186 236 2918 1267 
7187 1266 2918 237 
7188 1271 2920 2917 
7189 2916 2919 1270 
7190 1267 2917 1268 
7191 1265 2916 1266 
7192 2917 2918 2916 
7193 2917 2920 1268 
7194 1265 2919 2916 
7195 1268 2920 254 
7196 240 2919 1265 
7197 1267 2918 2917 
7198 2916 2918 1266 
7199 1185 2919 240 
7200 254 2920 1269 
7201 241 2919 1185 
7202 1269 2920 255 
2 429 2 11
7203 1177 236 1267 
7204 1268 254 1273 
7205 1177 1267 2922 
7206 1268 1273 2922 
7207 1178 1177 2921 
7208 1273 1272 2921 
7209 2921 1177 2922 
7210 1273 2921 2922 
7211 1272 238 2921 
7212 238 1178 2921 
7213 1267 1268 2922 
2 430 2 23
7214 1277 1276 2924 
7215 2923 1277 2924 
7216 255 1277 2926 
7217 1276 245 2927 
7218 1170 238 2925 
7219 239 1170 2925 
7220 238 1272 2925 
7221 1275 239 2925 
7222 2924 1276 2927 
7223 1277 2923 2926 
7224 1274 1275 2924 
7225 1272 1273 2923 
7226 2923 2924 2925 
7227 1274 2924 2927 
7228 2923 1273 2926 
7229 1273 254 2926 
7230 244 1274 2927 
7231 2924 1275 2925 
7232 1272 2923 2925 
7233 254 1269 2926 
7234 1211 244 2927 
7235 245 1211 2927 
7236 1269 255 2926 
2 431 2 11
7237 212 1180 1209 
7238 1210 1274 244 
7239 1209 1180 2929 
7240 1274 1210 2929 
7241 1275 1274 2928 
7242 1180 1179 2928 
7243 2928 1274 2929 
7244 1180 2928 2929 
7245 1179 239 2928 
7246 239 1275 2928 
7247 1210 1209 2929 
2 432 2 26
7248 2931 2932 2930 
7249 2930 2933 2931 
7250 1277 2931 1276 
7251 1192 2930 1193 
7252 1270 2932 1271 
7253 1213 2933 1212 
7254 1271 2935 255 
7255 255 2935 1277 
7256 1276 2936 245 
7257 245 2936 1213 
7258 1193 2937 241 
7259 241 2937 1270 
7260 217 2934 1192 
7261 1212 2934 217 
7262 1277 2935 2931 
7263 2931 2936 1276 
7264 1192 2934 2930 
7265 2930 2937 1193 
7266 2932 2935 1271 
7267 1213 2936 2933 
7268 1270 2937 2932 
7269 2933 2934 1212 
7270 2931 2935 2932 
7271 2932 2937 2930 
7272 2933 2936 2931 
7273 2930 2934 2933 
2 433 2 11
7274 1216 1220 221 
7275 1221 1203 219 
7276 1220 1216 2939 
7277 1203 1221 2939 
7278 1204 1203 2938 
7279 1216 1217 2938 
7280 2938 1203 2939 
7281 1216 2938 2939 
7282 215 1204 2938 
7283 1217 215 2938 
7284 1221 1220 2939 
2 434 2 11
7285 244 1278 1215 
7286 1279 243 1206 
7287 1279 1206 2941 
7288 1215 1278 2941 
7289 1214 1215 2940 
7290 1206 1205 2940 
7291 1206 2940 2941 
7292 2940 1215 2941 
7293 214 1214 2940 
7294 1205 214 2940 
7295 1278 1279 2941 
2 435 2 15
7296 256 2942 1281 
7297 1280 2942 256 
7298 242 2944 1280 
7299 1281 2943 245 
7300 1280 2944 2942 
7301 2942 2943 1281 
7302 1278 2942 1279 
7303 2942 2944 1279 
7304 1278 2943 2942 
7305 244 2943 1278 
7306 1279 2944 243 
7307 1211 2943 244 
7308 243 2944 1198 
7309 245 2943 1211 
7310 1198 2944 242 
2 436 2 18
7311 1282 2945 1283 
7312 1282 2947 2945 
7313 2945 2946 1283 
7314 1202 2945 1201 
7315 1283 2946 256 
7316 246 2947 1282 
7317 256 2946 1280 
7318 1222 2947 246 
7319 1202 2948 2945 
7320 2945 2949 1201 
7321 1280 2948 242 
7322 218 2949 1222 
7323 242 2948 1202 
7324 1201 2949 218 
7325 2945 2948 2946 
7326 2947 2949 2945 
7327 2946 2948 1280 
7328 1222 2949 2947 
2 437 2 18
7329 1218 2950 1219 
7330 2950 2951 1219 
7331 1218 2952 2950 
7332 1283 2950 1282 
7333 1219 2951 245 
7334 222 2952 1218 
7335 245 2951 1281 
7336 1223 2952 222 
7337 1283 2953 2950 
7338 2950 2954 1282 
7339 256 2953 1283 
7340 1282 2954 246 
7341 246 2954 1223 
7342 1281 2953 256 
7343 2950 2953 2951 
7344 2952 2954 2950 
7345 2951 2953 1281 
7346 1223 2954 2952 
2 438 2 11
7347 234 1240 1252 
7348 1241 227 1232 
7349 1252 1240 2955 
7350 1241 1232 2955 
7351 1253 1252 2956 
7352 233 1253 2956 
7353 1231 233 2956 
7354 1252 2955 2956 
7355 2955 1232 2956 
7356 1232 1231 2956 
7357 1240 1241 2955 
2 439 2 18
7358 1284 2957 1285 
7359 1284 2959 2957 
7360 2957 2958 1285 
7361 1233 2957 1234 
7362 1285 2958 257 
7363 248 2959 1284 
7364 1229 2959 248 
7365 257 2958 1286 
7366 1233 2960 2957 
7367 2957 2961 1234 
7368 1286 2960 249 
7369 226 2961 1229 
7370 249 2960 1233 
7371 1234 2961 226 
7372 2957 2960 2958 
7373 2959 2961 2957 
7374 2958 2960 1286 
7375 1229 2961 2959 
2 440 2 18
7376 1255 2962 1254 
7377 2962 2963 1254 
7378 1255 2964 2962 
7379 1285 2962 1284 
7380 1254 2963 252 
7381 232 2964 1255 
7382 252 2963 1287 
7383 1230 2964 232 
7384 1285 2965 2962 
7385 2962 2966 1284 
7386 257 2965 1285 
7387 1284 2966 248 
7388 248 2966 1230 
7389 1287 2965 257 
7390 2962 2965 2963 
7391 2964 2966 2962 
7392 2963 2965 1287 
7393 1230 2966 2964 
2 441 2 15
7394 257 2967 1287 
7395 1286 2967 257 
7396 249 2968 1286 
7397 1287 2969 252 
7398 1286 2968 2967 
7399 2967 2969 1287 
7400 1288 2967 1289 
7401 2967 2968 1289 
7402 1288 2969 2967 
7403 1289 2968 250 
7404 253 2969 1288 
7405 250 2968 1237 
7406 1256 2969 253 
7407 252 2969 1256 
7408 1237 2968 249 
2 442 2 11
7409 1258 1239 235 
7410 1288 1257 253 
7411 1239 1258 2971 
7412 1257 1288 2971 
7413 1288 1289 2970 
7414 1238 1239 2970 
7415 1288 2970 2971 
7416 2970 1239 2971 
7417 250 1238 2970 
7418 1289 250 2970 
7419 1258 1257 2971 
2 443 2 18
7420 1236 2972 1235 
7421 2972 2973 1235 
7422 1236 2974 2972 
7423 1292 2972 1291 
7424 1235 2973 249 
7425 228 2974 1236 
7426 249 2973 1290 
7427 1246 2974 228 
7428 1292 2975 2972 
7429 2972 2976 1291 
7430 258 2975 1292 
7431 1291 2976 251 
7432 251 2976 1246 
7433 1290 2975 258 
7434 2972 2975 2973 
7435 2974 2976 2972 
7436 2973 2975 1290 
7437 1246 2976 2974 
2 444 2 15
7438 258 1295 2977 
7439 1290 258 2977 
7440 249 1290 2978 
7441 1295 255 2979 
7442 1290 2977 2978 
7443 2977 1295 2979 
7444 1293 1294 2977 
7445 2977 1294 2978 
7446 1293 2977 2979 
7447 1294 250 2978 
7448 254 1293 2979 
7449 250 1237 2978 
7450 1269 254 2979 
7451 255 1269 2979 
7452 1237 249 2978 
2 445 2 11
7453 236 1243 1267 
7454 1242 250 1294 
7455 1267 1243 2980 
7456 1242 1294 2980 
7457 1268 1267 2981 
7458 254 1268 2981 
7459 1293 254 2981 
7460 1267 2980 2981 
7461 2980 1294 2981 
7462 1294 1293 2981 
7463 1243 1242 2980 
2 446 2 11
7464 1249 1265 240 
7465 1250 229 1245 
7466 1265 1249 2982 
7467 1250 1245 2982 
7468 1266 1265 2983 
7469 237 1266 2983 
7470 1244 237 2983 
7471 1265 2982 2983 
7472 2982 1245 2983 
7473 1245 1244 2983 
7474 1249 1250 2982 
2 447 2 18
7475 1271 2984 1270 
7476 1271 2985 2984 
7477 2984 2986 1270 
7478 1291 2984 1292 
7479 255 2985 1271 
7480 1270 2986 241 
7481 1295 2985 255 
7482 241 2986 1251 
7483 2984 2987 1292 
7484 1291 2988 2984 
7485 1292 2987 258 
7486 251 2988 1291 
7487 1251 2988 251 
7488 258 2987 1295 
7489 2985 2987 2984 
7490 2984 2988 2986 
7491 1295 2987 2985 
7492 2986 2988 1251 
2 448 2 11
7493 1279 1261 243 
7494 244 1274 1278 
7495 1261 1279 2990 
7496 1278 1274 2990 
7497 1274 1275 2989 
7498 1262 1261 2989 
7499 2989 1261 2990 
7500 1274 2989 2990 
7501 239 1262 2989 
7502 1275 239 2989 
7503 1279 1278 2990 
2 449 2 11
7504 1297 253 1264 
7505 1273 254 1296 
7506 1297 1264 2992 
7507 1273 1296 2992 
7508 1272 1273 2991 
7509 1264 1263 2991 
7510 2991 1273 2992 
7511 1264 2991 2992 
7512 238 1272 2991 
7513 1263 238 2991 
7514 1296 1297 2992 
2 450 2 15
7515 259 2993 1299 
7516 1298 2993 259 
7517 252 2995 1298 
7518 1299 2994 255 
7519 1298 2995 2993 
7520 2993 2994 1299 
7521 1296 2993 1297 
7522 1296 2994 2993 
7523 2993 2995 1297 
7524 254 2994 1296 
7525 1297 2995 253 
7526 1269 2994 254 
7527 253 2995 1256 
7528 255 2994 1269 
7529 1256 2995 252 
2 451 2 18
7530 1300 2996 1301 
7531 1300 2998 2996 
7532 2996 2997 1301 
7533 1260 2996 1259 
7534 1301 2997 259 
7535 256 2998 1300 
7536 259 2997 1298 
7537 1280 2998 256 
7538 1260 2999 2996 
7539 2996 3000 1259 
7540 1298 2999 252 
7541 242 3000 1280 
7542 252 2999 1260 
7543 1259 3000 242 
7544 2996 2999 2997 
7545 2998 3000 2996 
7546 2997 2999 1298 
7547 1280 3000 2998 
2 452 2 18
7548 1276 3001 1277 
7549 3001 3002 1277 
7550 1276 3003 3001 
7551 1301 3001 1300 
7552 1277 3002 255 
7553 245 3003 1276 
7554 255 3002 1299 
7555 1281 3003 245 
7556 1301 3004 3001 
7557 3001 3005 1300 
7558 259 3004 1301 
7559 1300 3005 256 
7560 256 3005 1281 
7561 1299 3004 259 
7562 3001 3004 3002 
7563 3003 3005 3001 
7564 3002 3004 1299 
7565 1281 3005 3003 
2 453 2 11
7566 1293 1296 254 
7567 1297 1288 253 
7568 1296 1293 3007 
7569 1288 1297 3007 
7570 1289 1288 3006 
7571 1293 1294 3006 
7572 3006 1288 3007 
7573 1293 3006 3007 
7574 250 1289 3006 
7575 1294 250 3006 
7576 1297 1296 3007 
2 454 2 14
7577 257 3009 1302 
7578 1286 3009 257 
7579 1303 3010 258 
7580 258 3010 1290 
7581 260 3011 1303 
7582 1302 3011 260 
7583 1290 3008 249 
7584 249 3008 1286 
7585 3008 3010 3009 
7586 1290 3010 3008 
7587 3008 3009 1286 
7588 1303 3011 3010 
7589 3009 3011 1302 
7590 3010 3011 3009 
2 455 2 14
7591 257 3013 1287 
7592 1302 3013 257 
7593 259 3014 1304 
7594 1298 3014 259 
7595 260 3015 1302 
7596 1304 3015 260 
7597 252 3012 1298 
7598 1287 3012 252 
7599 3013 3014 3012 
7600 3012 3014 1298 
7601 1287 3013 3012 
7602 3014 3015 1304 
7603 1302 3015 3013 
7604 3013 3015 3014 
2 456 2 14
7605 260 3017 1304 
7606 1303 3017 260 
7607 1299 3018 255 
7608 255 3018 1295 
7609 259 3019 1299 
7610 1304 3019 259 
7611 1295 3016 258 
7612 258 3016 1303 
7613 3016 3018 3017 
7614 1295 3018 3016 
7615 3016 3017 1303 
7616 1299 3019 3018 
7617 3017 3019 1304 
7618 3018 3019 3017 
3 1 4 108
7619 5 265 1309 1321 
7620 5 1321 1309 276 
7621 1321 1311 1322 265 
7622 1309 1310 1321 1311 
7623 276 1319 1324 10 
7624 276 1319 1323 1324 
7625 1321 1311 1310 1327 
7626 1323 1324 1326 278 
7627 1323 1326 277 278 
7628 1323 1319 1326 1324 
7629 266 6 1325 1310 
7630 5 1309 266 1323 
7631 1309 1323 1321 1310 
7632 1325 1315 6 271 
7633 1325 1310 6 1315 
7634 1321 1323 1319 1326 
7635 1323 1310 1325 1327 
7636 1325 1310 1315 1327 
7637 1321 1319 1320 1326 
7638 1315 1313 1310 267 
7639 1325 277 270 8 
7640 1325 270 1315 8 
7641 270 1327 1313 269 
7642 6 267 1315 1310 
7643 5 276 1309 1323 
7644 1313 1327 1314 269 
7645 2 261 1308 1312 
7646 1313 2 1308 1312 
7647 262 1314 1306 3 
7648 1308 1312 261 1307 
7649 1313 1312 1308 1327 
7650 261 1307 1311 1 
7651 1322 1320 264 1307 
7652 1322 1311 1320 1307 
7653 1309 276 1321 1323 
7654 1321 1323 276 1319 
7655 1322 1307 264 1 
7656 1322 1311 1307 1 
7657 1313 1308 262 1306 
7658 1323 1310 266 1325 
7659 264 4 1305 1320 
7660 1323 277 1326 1327 
7661 1307 1320 1305 1306 
7662 1307 1327 1320 1306 
7663 1321 1320 1311 1327 
7664 1311 1320 1307 1327 
7665 1313 1327 1308 1306 
7666 1320 275 1316 1319 
7667 1312 1327 1311 1307 
7668 264 1305 1307 1320 
7669 275 1317 1319 10 
7670 1305 1316 1320 275 
7671 1316 1317 1326 1319 
7672 1318 1306 3 263 
7673 1305 263 1316 4 
7674 1313 1327 1306 1314 
7675 1316 275 1317 1319 
7676 1305 1320 4 275 
7677 1318 1314 1306 1327 
7678 1313 1308 2 262 
7679 1316 273 272 1326 
7680 1318 3 1314 268 
7681 1318 1327 272 269 
7682 1318 7 1314 269 
7683 1312 1311 261 1307 
7684 1308 1327 1312 1307 
7685 1310 1311 1312 1327 
7686 9 1324 1326 1317 
7687 1316 1317 273 1326 
7688 1320 1316 1326 1319 
7689 1305 4 1316 275 
7690 1323 1325 277 1327 
7691 1326 1317 1324 1319 
7692 1318 1314 7 268 
7693 1325 1315 271 8 
7694 1321 1326 1320 1327 
7695 1325 277 1327 270 
7696 1325 1327 1315 270 
7697 9 1326 273 1317 
7698 1305 1316 263 1306 
7699 1310 1312 1313 1327 
7700 1316 1318 1306 1327 
7701 1324 1319 274 10 
7702 9 274 1324 1317 
7703 1324 274 1319 1317 
7704 1310 267 1313 1312 
7705 1316 1326 272 1327 
7706 1316 272 1318 1327 
7707 1319 1317 274 10 
7708 1320 1316 1306 1327 
7709 1321 1310 1323 1327 
7710 1313 262 1314 1306 
7711 1315 1327 1310 1313 
7712 1313 267 2 1312 
7713 1318 272 7 269 
7714 1309 266 1323 1310 
7715 1318 3 1306 1314 
7716 9 1326 1324 278 
7717 1322 265 1311 1 
7718 1318 1314 1327 269 
7719 1305 1320 1316 1306 
7720 1320 1326 1316 1327 
7721 1308 1327 1307 1306 
7722 1321 1323 1326 1327 
7723 1315 270 1327 1313 
7724 1309 1321 265 1311 
7725 1321 1320 1322 1311 
7726 1316 1306 1318 263 
3 2 4 147
7727 1315 1335 1313 267 
7728 1315 270 1354 8 
7729 1349 1354 1347 299 
7730 1349 1347 1335 285 
7731 1354 298 1347 299 
7732 1354 1347 298 1353 
7733 1354 1347 1333 1335 
7734 1354 1347 1353 1333 
7735 1354 270 1313 269 
7736 6 1335 1315 267 
7737 6 1315 1349 271 
7738 1313 1330 262 1337 
7739 1313 262 2 1337 
7740 262 1332 1314 3 
7741 1313 1337 1353 1330 
7742 1313 1337 267 1335 
7743 1313 2 267 1337 
7744 1315 1354 1313 1335 
7745 1349 1315 8 271 
7746 2 1337 1330 279 
7747 1344 1332 1342 283 
7748 1314 295 1353 269 
7749 1344 1342 1353 295 
7750 1344 1353 1342 1332 
7751 1314 7 1344 295 
7752 1314 1353 1344 1332 
7753 1313 1314 262 1332 
7754 1313 1332 262 1330 
7755 1314 1344 3 1332 
7756 1349 1347 1354 1335 
7757 1352 289 288 1338 
7758 1352 291 1345 288 
7759 1352 291 1351 1341 
7760 1352 289 1338 1340 
7761 1352 1338 1334 1340 
7762 1352 1338 288 1339 
7763 297 1351 1348 1346 
7764 297 296 1351 1346 
7765 1351 292 1343 1341 
7766 1352 1339 1345 1331 
7767 1351 1353 1348 1347 
7768 1352 1333 1336 1329 
7769 1352 1350 289 1340 
7770 293 17 1348 1343 
7771 1352 1341 1345 291 
7772 1348 17 298 1343 
7773 1349 1354 1315 1335 
7774 1352 288 1345 1339 
7775 297 1348 1351 16 
7776 294 1353 1342 295 
7777 294 1342 1353 1343 
7778 1354 1353 1313 1337 
7779 1353 1328 1342 1332 
7780 1313 1330 1353 1332 
7781 1314 1344 7 268 
7782 1314 269 7 295 
7783 1352 1328 1333 1329 
7784 1313 1314 1353 269 
7785 3 1332 1344 283 
7786 287 12 1345 1339 
7787 1351 1341 1342 1328 
7788 1353 1333 1328 1330 
7789 282 1328 1341 1331 
7790 1352 1350 1346 296 
7791 1352 1333 1351 1346 
7792 1351 1343 1348 1353 
7793 282 1341 1345 1331 
7794 1331 1338 281 1329 
7795 281 1336 11 1329 
7796 1338 1340 286 1334 
7797 1336 280 11 1329 
7798 1352 1328 1351 1333 
7799 1336 1333 280 1329 
7800 281 1336 1338 11 
7801 1338 1336 286 11 
7802 1314 295 1344 1353 
7803 1352 1336 1338 1329 
7804 1353 1328 1332 1330 
7805 1352 1336 1333 1334 
7806 280 279 1328 1333 
7807 6 285 1349 1335 
7808 14 288 1345 291 
7809 1330 1333 279 1337 
7810 1352 1341 1351 1328 
7811 1353 1333 1330 1337 
7812 1333 285 1335 1347 
7813 1333 284 1346 1334 
7814 2 1337 262 1330 
7815 6 1335 1349 1315 
7816 1351 291 292 1341 
7817 1346 285 1333 1347 
7818 284 1350 1346 1334 
7819 284 13 1350 1334 
7820 1354 1313 1335 1337 
7821 1352 1338 1339 1331 
7822 1351 1342 1353 1328 
7823 289 15 1340 1350 
7824 1339 1331 281 12 
7825 1352 1350 1340 1334 
7826 1340 15 290 1350 
7827 286 1340 13 1334 
7828 281 1338 1336 1329 
7829 1351 1343 16 1348 
7830 1340 1350 13 1334 
7831 296 15 289 1350 
7832 1333 1354 1335 1337 
7833 1352 1331 1328 1329 
7834 1351 1328 1353 1333 
7835 298 1343 17 294 
7836 1315 1313 1354 270 
7837 1354 1313 1353 269 
7838 1352 1334 1333 1346 
7839 1314 3 1344 268 
7840 1352 1334 1338 1336 
7841 1341 283 1342 1328 
7842 1351 1346 1333 1347 
7843 16 1343 293 1348 
7844 1352 1350 296 289 
7845 1351 1341 1343 1342 
7846 1352 1346 1350 1334 
7847 1345 1331 1339 12 
7848 1352 1345 1341 1331 
7849 1348 1353 298 1347 
7850 282 1331 1345 12 
7851 1351 1333 1353 1347 
7852 1351 1343 1353 1342 
7853 1346 285 284 1333 
7854 298 1343 294 1353 
7855 1352 1331 1341 1328 
7856 1333 1354 1337 1353 
7857 1313 1353 1314 1332 
7858 1351 1343 292 16 
7859 1349 8 1354 299 
7860 1352 1346 1351 296 
7861 1340 290 13 1350 
7862 280 1328 1329 1333 
7863 1351 1348 1346 1347 
7864 1348 1343 298 1353 
7865 1342 283 1332 1328 
7866 1339 281 1331 1338 
7867 1328 279 1330 1333 
7868 1341 283 1328 282 
7869 1338 286 1336 1334 
7870 1352 1338 1331 1329 
7871 1349 8 1315 1354 
7872 14 1339 287 1345 
7873 14 1339 1345 288 
3 3 4 145
7874 1316 1357 1374 1358 
7875 275 1370 1317 10 
7876 4 303 1358 1371 
7877 1318 3 1357 263 
7878 1316 1371 275 4 
7879 1318 1364 3 268 
7880 3 301 1364 1357 
7881 1318 310 272 1374 
7882 1316 1371 4 1358 
7883 1364 301 1361 1357 
7884 1373 1375 317 1378 
7885 9 273 1373 1317 
7886 1373 1378 1317 1370 
7887 1373 1378 1370 1375 
7888 1373 1375 1374 318 
7889 1373 317 1375 318 
7890 1373 1374 1375 1368 
7891 1373 1375 1370 1368 
7892 1364 1374 1357 1361 
7893 9 1317 1373 1378 
7894 1316 1317 1373 273 
7895 1316 1317 275 1370 
7896 1316 1357 1358 263 
7897 1316 1318 1374 1357 
7898 1316 1318 1357 263 
7899 1316 272 1373 1374 
7900 315 1375 1370 1378 
7901 315 1370 10 1378 
7902 1316 275 1371 1370 
7903 1318 1364 1374 1357 
7904 1375 316 315 1368 
7905 1377 1374 309 1362 
7906 1375 1368 1374 1381 
7907 1375 1374 1377 1381 
7908 1377 1374 1362 1381 
7909 1316 1373 272 273 
7910 309 1361 1362 1374 
7911 1371 1373 1370 1368 
7912 1374 1358 1357 1355 
7913 1377 1381 1362 307 
7914 1362 1381 1360 307 
7915 1316 1358 4 263 
7916 1318 7 1364 268 
7917 300 1361 301 1355 
7918 1361 1357 301 1355 
7919 300 1361 1355 1360 
7920 1368 1358 1355 303 
7921 1316 1374 1318 272 
7922 9 274 1317 1378 
7923 1377 319 1381 307 
7924 303 1355 1368 304 
7925 1317 1378 274 10 
7926 1368 1358 303 1371 
7927 315 1368 1370 1375 
7928 1368 1369 1376 316 
7929 1375 1376 1368 1381 
7930 1359 1368 1355 304 
7931 1359 1368 304 1372 
7932 304 1372 19 1359 
7933 314 1366 1369 24 
7934 1365 1380 1369 1366 
7935 1316 1370 1373 1317 
7936 309 1361 1374 310 
7937 1365 1356 302 1359 
7938 1367 302 1356 18 
7939 1365 312 311 1380 
7940 1356 300 1363 18 
7941 1367 1356 1363 18 
7942 1356 300 1355 1360 
7943 1365 1366 312 1380 
7944 1365 1381 1372 1380 
7945 1365 1359 1372 1381 
7946 1367 1363 305 18 
7947 1374 1368 1358 1355 
7948 1374 1357 1361 1355 
7949 1367 1363 1356 1381 
7950 1365 1380 1372 1369 
7951 1368 1381 1359 1355 
7952 1381 319 1376 1380 
7953 1368 1380 1376 1369 
7954 1364 310 1374 1361 
7955 1377 1362 308 21 
7956 320 1379 1380 23 
7957 320 1379 1376 1380 
7958 1356 1381 1360 1355 
7959 1356 1381 1363 1360 
7960 1365 1380 311 1381 
7961 1365 19 314 1372 
7962 1380 1372 1368 1381 
7963 1374 1381 1368 1355 
7964 1368 1381 1372 1359 
7965 1365 1367 1356 1381 
7966 1376 1379 1369 1380 
7967 1369 24 1366 1379 
7968 1365 302 19 1359 
7969 1366 1379 24 313 
7970 1365 19 1372 1359 
7971 1366 1380 1379 23 
7972 1375 316 1368 1376 
7973 1374 1361 1381 1355 
7974 1375 1377 1374 318 
7975 1377 22 308 1362 
7976 1377 309 22 1362 
7977 1374 1371 1358 1368 
7978 1377 309 1374 318 
7979 1377 307 1362 21 
7980 1356 1381 1355 1359 
7981 1363 306 1360 1381 
7982 1365 1372 314 1369 
7983 1377 307 21 319 
7984 1371 1373 1368 1374 
7985 1367 311 306 1381 
7986 306 307 1360 1381 
7987 1318 310 7 272 
7988 1361 1355 1360 1381 
7989 1316 1374 1373 1371 
7990 1362 1381 1361 1360 
7991 1316 1358 1374 1371 
7992 1366 1379 313 23 
7993 1365 1356 1367 302 
7994 1369 1379 1366 1380 
7995 319 320 1376 1380 
7996 1367 306 1363 1381 
7997 1316 1373 1370 1371 
7998 1376 1369 1379 316 
7999 1375 1377 1376 1381 
8000 1365 314 1366 1369 
8001 1369 24 1379 316 
8002 1365 311 1367 1381 
8003 1318 310 1364 7 
8004 1318 1364 310 1374 
8005 312 1380 1366 23 
8006 1368 1380 1381 1376 
8007 1318 1357 3 1364 
8008 1365 1381 1356 1359 
8009 1377 318 22 309 
8010 1362 1381 1374 1361 
8011 1380 1372 1369 1368 
8012 1356 1363 300 1360 
8013 1377 1376 1381 319 
8014 1317 1370 1378 10 
8015 9 1373 317 1378 
8016 20 1367 311 306 
8017 20 1363 1367 306 
8018 20 305 1367 1363 
3 4 4 144
8019 1386 323 1392 1383 
8020 1386 25 322 1391 
8021 1386 1391 322 1382 
8022 322 1387 321 1382 
8023 322 1391 1387 1382 
8024 1393 332 27 1403 
8025 1393 27 1388 1403 
8026 1388 27 327 1403 
8027 1388 1405 1391 1392 
8028 1388 1401 327 1387 
8029 1393 331 1405 1392 
8030 328 1388 1393 27 
8031 1388 1403 327 1401 
8032 1400 327 1401 1387 
8033 341 340 1401 1405 
8034 1393 1405 1388 1392 
8035 1388 1391 1405 1387 
8036 1401 1405 1402 1400 
8037 1401 1402 1405 340 
8038 331 330 1406 1392 
8039 331 1406 1405 1392 
8040 1386 1392 1405 1406 
8041 1388 1405 1401 1387 
8042 340 336 31 1402 
8043 1386 1405 1392 1391 
8044 1393 341 1403 1405 
8045 31 1402 336 1397 
8046 337 1406 1398 1396 
8047 337 28 1398 1406 
8048 26 1383 1394 323 
8049 1398 325 1396 1383 
8050 1398 1396 1406 1383 
8051 336 1406 337 1396 
8052 26 1398 1394 1383 
8053 1394 1383 1392 323 
8054 1394 28 330 1406 
8055 1405 1382 1396 1408 
8056 1405 1408 1400 1387 
8057 1398 1406 1394 1383 
8058 1382 1396 1406 1405 
8059 325 1382 1396 1383 
8060 1395 325 324 1382 
8061 1384 1325 266 6 
8062 1384 1325 1323 266 
8063 1384 1323 1385 266 
8064 1395 1408 334 1397 
8065 1395 1408 333 334 
8066 1384 1385 1408 1382 
8067 1396 1408 1395 1397 
8068 333 1325 1399 8 
8069 1384 1399 1395 1408 
8070 1405 1391 1382 1387 
8071 1405 1396 336 1397 
8072 31 1402 1397 335 
8073 1397 30 335 1402 
8074 339 1400 1402 1408 
8075 1405 1408 1396 1397 
8076 1403 1405 341 1401 
8077 1396 1395 1408 1382 
8078 1389 1408 1387 1400 
8079 1405 1408 1397 1402 
8080 333 277 1325 8 
8081 338 1400 1407 1404 
8082 338 1407 9 1404 
8083 1405 1406 336 1396 
8084 1389 1408 1400 1407 
8085 1400 1389 326 1387 
8086 1389 276 1324 10 
8087 1389 1324 276 1323 
8088 1389 276 1390 1323 
8089 1385 321 1390 1382 
8090 1385 5 1390 321 
8091 1384 1408 1323 1325 
8092 1390 1382 321 1387 
8093 1390 276 5 1323 
8094 1389 1408 1407 1323 
8095 1384 324 1399 6 
8096 1385 1323 5 266 
8097 1323 278 1407 1324 
8098 1323 278 277 1407 
8099 1325 6 1399 271 
8100 1385 1323 1390 5 
8101 1384 1408 1395 1382 
8102 1406 1386 1383 1382 
8103 1325 271 1399 8 
8104 1405 336 1402 1397 
8105 1384 1399 1408 1325 
8106 9 1404 1324 274 
8107 9 1324 1407 278 
8108 1389 1324 1404 10 
8109 1400 327 1387 326 
8110 339 1407 338 1400 
8111 1389 1404 326 10 
8112 1384 324 1395 1399 
8113 1389 1408 1323 1390 
8114 1324 274 1404 10 
8115 9 1404 1407 1324 
8116 339 1408 1407 1400 
8117 1408 1385 1390 1382 
8118 1393 29 341 331 
8119 1394 1406 330 1392 
8120 1393 29 1403 341 
8121 1400 1389 1404 326 
8122 1405 1382 1408 1387 
8123 1401 1405 1400 1387 
8124 1405 1408 1402 1400 
8125 333 1325 1408 1399 
8126 1384 1399 1325 6 
8127 1389 1324 1407 1404 
8128 1384 1395 324 1382 
8129 1395 1399 333 1408 
8130 334 1397 1408 1402 
8131 1398 1394 1406 28 
8132 26 325 1398 1383 
8133 1405 336 340 1402 
8134 26 1394 1398 329 
8135 1395 325 1382 1396 
8136 1382 1396 1383 1406 
8137 333 277 1408 1325 
8138 1393 1403 1388 1405 
8139 1394 1383 1406 1392 
8140 1388 1405 1403 1401 
8141 334 1408 339 1402 
8142 334 339 30 1402 
8143 328 25 1392 1391 
8144 328 1393 1388 1392 
8145 1408 1407 1323 277 
8146 1398 329 1394 28 
8147 1408 1382 1390 1387 
8148 1386 1392 1406 1383 
8149 1408 1390 1385 1323 
8150 1386 323 25 1392 
8151 1408 1390 1389 1387 
8152 1393 341 1405 331 
8153 1384 1323 1408 1385 
8154 1389 1324 1323 1407 
8155 1386 1382 1405 1391 
8156 1386 25 1391 1392 
8157 1408 277 1323 1325 
8158 328 1388 1391 1392 
8159 1393 332 1403 29 
8160 1406 1386 1382 1405 
8161 334 30 1397 1402 
8162 1400 1404 1389 1407 
3 5 4 147
8163 287 12 1339 1425 
8164 1435 1338 288 289 
8165 1415 1421 349 34 
8166 1418 1435 1414 1416 
8167 359 1433 1432 1427 
8168 1434 1339 288 1338 
8169 1413 1425 1422 1434 
8170 1430 1428 1435 1416 
8171 1435 1340 1338 289 
8172 1430 348 1416 13 
8173 1428 1432 1414 1427 
8174 1413 1411 281 1338 
8175 358 288 1434 1339 
8176 1430 348 1428 1416 
8177 1412 1420 1426 33 
8178 1415 1433 1417 1419 
8179 1412 1433 1423 1426 
8180 1413 1339 1434 1338 
8181 1414 1409 1434 1411 
8182 1430 362 1435 1428 
8183 1414 1418 342 1411 
8184 359 352 1433 1431 
8185 1426 1420 350 33 
8186 1413 1434 1411 1338 
8187 1412 1419 1433 1420 
8188 1412 1423 345 1426 
8189 1409 1423 1412 1433 
8190 1414 1434 1418 1411 
8191 1424 355 1432 37 
8192 354 1426 1433 351 
8193 1433 352 351 1419 
8194 1433 351 1420 1419 
8195 1433 1420 351 1426 
8196 351 35 1426 1420 
8197 1414 1432 1433 1427 
8198 1433 1431 352 1421 
8199 1426 350 1420 35 
8200 1423 346 1409 345 
8201 1414 1409 343 1410 
8202 1409 1422 1423 1432 
8203 1433 352 1419 1421 
8204 1412 1420 1433 1426 
8205 1423 346 1422 1409 
8206 1427 348 1414 1428 
8207 1430 290 1340 15 
8208 1410 1433 1409 1412 
8209 1412 33 1426 345 
8210 1412 1420 33 344 
8211 1417 1410 343 32 
8212 1414 342 1409 1411 
8213 359 1431 1433 1427 
8214 1417 1419 344 32 
8215 352 36 1421 1431 
8216 359 1432 360 1427 
8217 1421 34 1431 353 
8218 1421 353 1431 36 
8219 1415 1433 1414 1417 
8220 1414 1409 1410 1433 
8221 1415 1433 1419 1421 
8222 1415 1433 1431 1427 
8223 1424 38 1429 361 
8224 1430 13 1340 290 
8225 1435 1340 289 15 
8226 1428 1434 1414 1432 
8227 347 1431 1415 34 
8228 1435 1338 1434 288 
8229 347 1414 1415 1427 
8230 1430 1435 362 15 
8231 1430 1435 1340 1416 
8232 1435 1434 1428 361 
8233 1435 1428 362 361 
8234 1435 1416 1338 1340 
8235 1418 1435 1434 1414 
8236 1435 1416 1428 1414 
8237 1435 1428 1434 1414 
8238 1428 1414 1416 348 
8239 1430 1340 1435 15 
8240 1428 1434 1429 361 
8241 1416 286 1338 1340 
8242 1416 286 1418 1338 
8243 1416 13 286 1340 
8244 1435 1338 1418 1434 
8245 1428 1429 1432 1427 
8246 358 1434 1425 1339 
8247 1409 1412 1423 345 
8248 1423 1432 354 1433 
8249 1423 1433 354 1426 
8250 1424 361 1429 1434 
8251 1422 1424 1423 1432 
8252 347 1415 1431 1427 
8253 1430 13 1416 1340 
8254 1424 1429 1432 1434 
8255 358 14 1339 1425 
8256 1409 1422 1413 346 
8257 1422 1434 1424 1432 
8258 1435 1338 1416 1418 
8259 1409 1434 1422 1432 
8260 1424 361 1434 357 
8261 1427 348 347 1414 
8262 1424 38 361 357 
8263 1414 1432 1409 1433 
8264 359 36 352 1431 
8265 354 1426 351 35 
8266 1414 1410 1417 1433 
8267 1424 1432 1429 37 
8268 1412 1419 1420 344 
8269 1432 1429 37 360 
8270 1432 1429 360 1427 
8271 1424 1429 356 37 
8272 1424 356 1429 38 
8273 1423 355 354 1432 
8274 1423 1432 1424 355 
8275 1414 343 1417 1410 
8276 358 1339 14 288 
8277 1413 1339 281 12 
8278 1413 281 1339 1338 
8279 14 287 1339 1425 
8280 1422 357 1424 1434 
8281 1409 1434 1413 1422 
8282 1409 1432 1423 1433 
8283 1409 1413 1434 1411 
8284 1422 358 357 1434 
8285 1422 358 1434 1425 
8286 1413 1425 1339 12 
8287 1413 1434 1339 1425 
8288 1413 346 1422 1425 
8289 1413 346 1425 12 
8290 1414 1434 1409 1432 
8291 1418 11 281 1338 
8292 1418 281 11 1411 
8293 1418 1338 281 1411 
8294 1418 1434 1338 1411 
8295 1418 11 1338 286 
8296 342 1411 1418 11 
8297 1410 1433 1412 1419 
8298 1417 344 1410 32 
8299 1410 1419 1412 344 
8300 1417 1419 1410 344 
8301 1415 1419 1417 349 
8302 1417 1433 1410 1419 
8303 1417 1419 32 349 
8304 1415 1419 349 1421 
8305 1414 342 343 1409 
8306 1428 1434 1432 1429 
8307 1415 1431 1433 1421 
8308 1415 1414 1433 1427 
8309 1415 1431 1421 34 
3 6 4 220
8310 1361 300 1437 1360 
8311 283 1341 1438 282 
8312 3 1441 1364 301 
8313 1364 7 1344 268 
8314 3 1364 1344 268 
8315 1344 1441 283 1342 
8316 1344 295 1465 1342 
8317 1344 1465 1441 1342 
8318 1364 1441 1361 301 
8319 1364 1361 1465 310 
8320 1465 295 294 1342 
8321 1465 294 1464 1342 
8322 1437 1465 1464 1438 
8323 1364 1465 7 310 
8324 1465 1437 1361 1441 
8325 308 22 1462 1362 
8326 308 1462 21 1362 
8327 1462 21 1362 1469 
8328 1462 1457 1464 380 
8329 1462 1362 22 309 
8330 1362 1469 21 307 
8331 1364 1441 1344 1465 
8332 1361 300 301 1437 
8333 1465 1438 1342 1464 
8334 1465 309 1361 1464 
8335 1361 1437 301 1441 
8336 300 1440 1363 18 
8337 300 1360 1363 1440 
8338 300 1437 1360 1440 
8339 1363 1440 1453 18 
8340 1363 1453 305 18 
8341 1453 1440 366 18 
8342 1453 1440 1450 366 
8343 1360 1437 1468 1440 
8344 1363 1453 1440 1468 
8345 309 1362 1361 1464 
8346 1469 384 1468 1458 
8347 1469 385 384 1458 
8348 1361 1469 1360 1437 
8349 1465 1464 1361 1437 
8350 1462 21 1469 385 
8351 1469 1462 1457 1464 
8352 1462 309 22 380 
8353 42 370 1461 1446 
8354 1467 369 368 1444 
8355 1467 368 1447 1444 
8356 1467 1447 1442 1444 
8357 1467 1436 1444 1442 
8358 1467 1466 382 1456 
8359 1467 1452 1447 368 
8360 1439 1467 1436 1456 
8361 1467 382 369 1461 
8362 1456 1459 1436 1458 
8363 1456 1466 1460 1458 
8364 1456 1460 1466 383 
8365 1467 373 1466 1449 
8366 1467 1442 1452 1449 
8367 1467 1455 1461 1446 
8368 1467 1446 369 1444 
8369 1466 1449 1450 1439 
8370 369 1446 1461 41 
8371 382 383 1456 1466 
8372 369 1461 382 41 
8373 1456 1439 1466 1458 
8374 1466 43 383 1460 
8375 1467 1452 373 1449 
8376 375 44 1460 1451 
8377 1460 1458 1468 384 
8378 1460 1468 1451 384 
8379 1460 1451 44 384 
8380 1462 385 1469 1458 
8381 1466 1451 43 1460 
8382 1466 1468 1460 1458 
8383 44 1451 376 384 
8384 376 1451 1468 384 
8385 1362 1469 1361 1464 
8386 1360 1437 1469 1468 
8387 376 1468 1450 377 
8388 1469 1458 1468 1437 
8389 1456 1436 1439 1458 
8390 1466 1451 374 43 
8391 1453 1468 306 377 
8392 1450 1439 366 1440 
8393 1453 1440 1468 1450 
8394 1449 1439 366 1450 
8395 1439 1449 366 365 
8396 1466 1451 1460 1468 
8397 1468 1439 1440 1437 
8398 1439 1449 365 1442 
8399 1466 1439 1468 1458 
8400 365 1452 1442 1449 
8401 367 1447 1452 40 
8402 1447 368 1452 40 
8403 39 1452 1447 1442 
8404 1452 40 368 373 
8405 1467 369 1446 1461 
8406 1467 1455 1444 1436 
8407 39 1442 1447 363 
8408 1436 1444 364 1445 
8409 1439 1458 1436 1437 
8410 1466 1449 1451 1450 
8411 14 372 291 1345 
8412 364 1443 1448 12 
8413 364 1448 1443 1445 
8414 1443 1455 1445 1448 
8415 1443 1455 1345 1341 
8416 1467 1459 1456 1461 
8417 1443 282 1438 1341 
8418 1447 1442 1444 363 
8419 1467 1456 382 1461 
8420 1443 12 1345 1448 
8421 1436 1445 364 1443 
8422 1436 1459 1437 1458 
8423 1443 12 282 1345 
8424 1466 374 1449 373 
8425 1465 1361 309 310 
8426 1464 381 380 1457 
8427 1467 1436 1456 1459 
8428 1438 283 1441 1342 
8429 1362 1360 1361 1469 
8430 1363 306 1453 1468 
8431 1468 1458 1439 1437 
8432 381 1463 294 17 
8433 1464 294 1463 1343 
8434 1464 294 1343 1342 
8435 378 1459 1463 1454 
8436 378 1463 16 1454 
8437 43 1451 375 1460 
8438 1459 379 1455 1454 
8439 1467 1444 1455 1446 
8440 1467 1442 1439 1436 
8441 1436 1443 1455 1445 
8442 1444 1436 364 363 
8443 1446 1455 371 1445 
8444 1446 379 371 1455 
8445 42 371 1446 379 
8446 1444 1436 1455 1445 
8447 1461 379 1446 1455 
8448 372 1455 1448 1445 
8449 1455 291 1341 1454 
8450 1455 291 1345 1341 
8451 1438 1455 1436 1443 
8452 1438 1437 1459 1457 
8453 372 1345 1455 291 
8454 1459 379 1461 1455 
8455 1464 1463 381 1457 
8456 292 1341 291 1454 
8457 292 16 1343 1454 
8458 1437 1465 1438 1441 
8459 1464 1343 1463 1454 
8460 1438 1455 1454 1459 
8461 372 1455 1345 1448 
8462 16 1463 1343 1454 
8463 1343 1342 1341 1454 
8464 1364 1465 1361 1441 
8465 1438 1342 1464 1454 
8466 1454 1463 1464 1457 
8467 1467 1455 1459 1461 
8468 1438 1341 1342 1454 
8469 1362 1360 1469 307 
8470 287 1345 12 1448 
8471 3 1344 1441 283 
8472 1467 1452 368 373 
8473 14 1345 287 1448 
8474 283 1341 1342 1438 
8475 1465 1342 1438 1441 
8476 1464 381 1463 294 
8477 1464 1342 1343 1454 
8478 372 371 1455 1445 
8479 1467 1449 1439 1442 
8480 16 1343 1463 293 
8481 378 379 1459 1454 
8482 1455 1454 1341 1438 
8483 1459 1438 1455 1436 
8484 1438 1464 1437 1457 
8485 14 372 1345 1448 
8486 1457 1438 1454 1459 
8487 1454 1463 1457 1459 
8488 1463 294 17 1343 
8489 1463 293 1343 17 
8490 1363 1360 306 1468 
8491 1467 1449 1466 1439 
8492 1444 1455 1446 1445 
8493 1467 1455 1436 1459 
8494 1461 1446 370 41 
8495 1363 1440 1360 1468 
8496 1466 374 1451 1449 
8497 39 1452 367 1447 
8498 1443 1345 1455 1448 
8499 1437 1459 1457 1458 
8500 1466 1450 1468 1439 
8501 1457 1438 1464 1454 
8502 1443 1345 282 1341 
8503 1457 1437 1469 1464 
8504 1344 7 1465 295 
8505 1467 1442 1447 1452 
8506 3 1344 1364 1441 
8507 306 1469 1360 307 
8508 1469 1462 1458 1457 
8509 1361 1464 1469 1437 
8510 1462 1362 309 1464 
8511 1439 1467 1456 1466 
8512 365 1452 39 1442 
8513 20 377 1453 306 
8514 292 1343 1341 1454 
8515 1468 1439 1450 1440 
8516 1436 1459 1438 1437 
8517 1443 1438 1455 1341 
8518 1462 1469 1362 1464 
8519 376 1450 1468 1451 
8520 1444 1436 363 1442 
8521 1466 1451 1468 1450 
8522 1364 1465 1344 7 
8523 1453 1450 1468 377 
8524 1462 309 380 1464 
8525 306 1468 1360 1469 
8526 1457 1437 1458 1469 
8527 42 1461 379 1446 
8528 20 305 1363 1453 
8529 20 1363 306 1453 
3 7 4 219
8530 325 1395 324 1471 
8531 48 1481 394 1501 
8532 336 1397 1502 404 
8533 337 1396 1398 1503 
8534 337 1398 28 1503 
8535 336 1396 337 1503 
8536 1499 329 1398 28 
8537 1398 1396 325 1476 
8538 26 1398 325 1476 
8539 1398 1503 1396 1476 
8540 1499 329 26 1398 
8541 1499 1398 1476 1503 
8542 1499 408 28 1503 
8543 325 1476 1396 1471 
8544 1502 1476 1471 1396 
8545 325 1395 1471 1396 
8546 333 1399 299 8 
8547 333 299 1399 1493 
8548 334 1397 30 1494 
8549 1395 1471 1474 324 
8550 1395 1474 1399 324 
8551 1395 334 333 1494 
8552 1396 1397 1395 1494 
8553 31 1397 336 404 
8554 1490 398 30 1494 
8555 1397 1490 335 30 
8556 1490 1487 398 1494 
8557 336 1397 1396 1502 
8558 1490 1485 1487 1494 
8559 1396 1502 1397 1494 
8560 31 1490 1397 404 
8561 1397 1490 1494 1502 
8562 1395 1397 334 1494 
8563 1395 1493 333 1399 
8564 1502 1476 1396 1503 
8565 1399 1349 299 8 
8566 6 1474 1349 285 
8567 1349 285 1474 1347 
8568 1494 1396 1471 1395 
8569 1399 6 1349 271 
8570 1397 1490 30 1494 
8571 1397 1490 1502 404 
8572 1490 1485 1502 404 
8573 297 1348 1483 1346 
8574 297 1483 296 1346 
8575 1483 296 1346 1484 
8576 1483 1347 1493 1473 
8577 297 1483 1348 16 
8578 47 393 1480 1492 
8579 1483 397 1484 1486 
8580 1489 298 17 399 
8581 1489 298 1348 17 
8582 1489 1493 399 1487 
8583 293 17 1489 1348 
8584 298 1493 1347 299 
8585 1493 1347 1474 1473 
8586 1395 1471 1493 1474 
8587 1493 1473 1474 1471 
8588 1399 1493 1349 1474 
8589 1483 1348 1347 1346 
8590 16 1348 293 1489 
8591 1399 1349 8 271 
8592 1483 396 397 1486 
8593 1483 1493 1487 1473 
8594 1483 1348 16 1489 
8595 285 1346 1473 1347 
8596 1349 1347 1493 299 
8597 1493 1471 1487 1473 
8598 285 1346 284 1473 
8599 284 1346 1475 1473 
8600 284 1475 1346 1350 
8601 1484 1473 1486 1470 
8602 1493 1494 399 1487 
8603 1482 390 1350 15 
8604 13 290 1482 1350 
8605 13 1475 1482 388 
8606 1470 1478 389 1479 
8607 284 1350 13 1475 
8608 1478 1470 389 388 
8609 1475 1478 1470 1484 
8610 1470 1477 1479 389 
8611 1482 1350 390 1484 
8612 1482 1478 388 1475 
8613 47 393 1492 400 
8614 1349 1493 1347 1474 
8615 1482 1478 1475 1484 
8616 1493 1494 1487 1471 
8617 388 1470 1475 1478 
8618 1483 1487 1489 1486 
8619 1348 1347 298 1493 
8620 1483 1348 1489 1493 
8621 391 46 1480 397 
8622 1480 392 1492 46 
8623 1480 46 1492 397 
8624 1480 1500 393 1479 
8625 1480 1500 1492 393 
8626 1492 400 1500 1488 
8627 1492 1500 400 393 
8628 1483 1484 1346 1473 
8629 1483 1347 1348 1493 
8630 1478 1484 390 391 
8631 1470 1501 1479 1477 
8632 399 398 1487 1494 
8633 47 1492 1480 392 
8634 1489 1493 1348 298 
8635 1490 1494 1502 1485 
8636 1487 1494 1485 1471 
8637 1502 1476 1503 1496 
8638 1472 1495 387 1496 
8639 1472 386 1495 1477 
8640 1495 1472 387 386 
8641 1472 1495 1496 1500 
8642 1496 407 408 1503 
8643 1488 1470 1484 1486 
8644 1496 407 1502 1497 
8645 1476 1496 1472 387 
8646 1496 1502 407 1503 
8647 1470 1473 1486 1471 
8648 1472 1495 1501 1477 
8649 1502 1485 403 404 
8650 1502 1471 1485 1494 
8651 1502 1491 403 1485 
8652 1502 403 1491 1497 
8653 1502 1491 1500 1497 
8654 403 50 1491 1497 
8655 1499 1476 1496 1503 
8656 1499 1496 408 1503 
8657 1491 402 49 1497 
8658 1502 1488 1485 1471 
8659 50 402 1491 1497 
8660 406 1501 1495 405 
8661 406 1501 1500 1495 
8662 1500 401 1488 400 
8663 1486 1487 1471 1473 
8664 1500 1501 393 1479 
8665 1470 1471 1488 1472 
8666 1491 1488 1500 401 
8667 1502 1500 1488 1472 
8668 1491 401 406 49 
8669 1482 390 1478 1484 
8670 1483 1493 1489 1487 
8671 1484 397 1480 1492 
8672 393 1501 394 1479 
8673 1491 1500 406 401 
8674 1470 1501 1500 1479 
8675 1501 1470 1500 1472 
8676 1502 1476 1496 1472 
8677 1484 397 391 1480 
8678 48 1481 1501 1498 
8679 1495 1477 386 1498 
8680 1479 1481 389 1477 
8681 1470 1500 1484 1479 
8682 386 45 1498 1477 
8683 1499 1476 26 387 
8684 1496 1500 1495 1497 
8685 1471 1488 1472 1502 
8686 48 1498 1501 405 
8687 1498 45 1481 1477 
8688 1488 1485 1471 1486 
8689 1346 1350 1475 1484 
8690 1399 1474 6 324 
8691 407 403 1502 1497 
8692 1482 1475 1350 1484 
8693 285 1474 1347 1473 
8694 1499 1398 26 1476 
8695 1476 1472 1502 1471 
8696 1501 1470 1472 1477 
8697 1501 1477 1495 1498 
8698 1478 1480 1484 391 
8699 1484 397 1492 1486 
8700 1472 1500 1496 1502 
8701 1489 1493 298 399 
8702 1499 28 1398 1503 
8703 1499 1496 1476 387 
8704 336 1502 1396 1503 
8705 1470 1484 1473 1475 
8706 1472 1495 1500 1501 
8707 407 50 403 1497 
8708 1491 1502 1488 1485 
8709 1481 45 389 1477 
8710 1491 406 1500 1497 
8711 394 1479 1501 1481 
8712 1484 1492 1500 1488 
8713 1488 1470 1472 1500 
8714 1483 1489 396 1486 
8715 1395 333 1493 1494 
8716 1500 1491 1502 1488 
8717 1501 1498 1495 405 
8718 1478 1484 1480 1479 
8719 1395 1493 1399 1474 
8720 1471 1488 1486 1470 
8721 1491 49 406 1497 
8722 1501 1481 1479 1477 
8723 31 335 1397 1490 
8724 1496 1502 1500 1497 
8725 1488 1470 1500 1484 
8726 290 15 1482 1350 
8727 1470 1484 1478 1479 
8728 1346 1475 1473 1484 
8729 1483 1489 16 396 
8730 296 390 15 1350 
8731 1483 1346 1347 1473 
8732 1498 45 395 1481 
8733 1399 1349 6 1474 
8734 1346 296 1350 1484 
8735 1501 1498 1481 1477 
8736 1483 1487 1486 1473 
8737 1399 299 1349 1493 
8738 1395 1493 1471 1494 
8739 406 1495 1500 1497 
8740 1484 1500 1480 1479 
8741 1494 1396 1502 1471 
8742 296 1484 390 1350 
8743 1484 1492 1480 1500 
8744 1486 1471 1487 1485 
8745 1473 1483 1484 1486 
8746 13 1482 1475 1350 
8747 1484 1492 1488 1486 
8748 48 1481 1498 395 
3 8 4 144
8749 1523 1365 1507 1520 
8750 1507 1520 1365 19 
8751 1523 1507 1506 1504 
8752 20 419 1367 1513 
8753 1519 1520 1523 1517 
8754 1523 311 1365 1522 
8755 20 1367 305 1513 
8756 1523 1517 1507 1504 
8757 1517 1529 1530 1525 
8758 312 23 1366 1522 
8759 1365 1522 311 312 
8760 1523 1367 419 1513 
8761 1524 1517 1523 1530 
8762 1527 1524 1519 1522 
8763 1521 1529 1518 1514 
8764 1523 419 1367 311 
8765 1523 1510 1506 1513 
8766 55 1526 1511 417 
8767 1367 18 305 1513 
8768 53 1516 1512 414 
8769 1505 51 1512 1516 
8770 1527 313 1366 24 
8771 415 420 1530 1516 
8772 1523 419 1510 1513 
8773 1505 1512 1530 1516 
8774 1523 1530 1504 1509 
8775 1527 23 1366 313 
8776 1523 1365 1506 1507 
8777 1523 1367 1506 1365 
8778 1530 428 416 1526 
8779 427 418 55 1511 
8780 1527 1519 1366 1522 
8781 418 1523 1510 1511 
8782 1523 1506 1367 1513 
8783 1365 1522 312 1366 
8784 1524 1530 1523 1526 
8785 1518 1528 425 57 
8786 1524 1523 427 1526 
8787 1519 1365 314 1366 
8788 1519 1365 1520 314 
8789 1519 1366 314 24 
8790 1519 1522 1365 1366 
8791 1523 1519 1522 1365 
8792 1524 425 424 1517 
8793 1524 425 1517 1525 
8794 1523 1519 1524 1522 
8795 1527 424 1519 1524 
8796 1524 1525 1530 1526 
8797 427 1523 418 1511 
8798 1524 1522 426 427 
8799 418 1510 1523 419 
8800 1523 1526 1530 1511 
8801 1510 1506 410 1504 
8802 1510 410 1506 1513 
8803 1523 1517 1504 1530 
8804 1509 410 1504 1510 
8805 1509 410 409 1504 
8806 20 1367 419 311 
8807 410 1506 1513 18 
8808 1506 18 1367 1513 
8809 1506 302 1367 18 
8810 1517 1507 1504 412 
8811 1507 412 1520 19 
8812 1507 1365 302 19 
8813 1520 314 1365 19 
8814 1517 1507 412 1520 
8815 1506 302 1507 1365 
8816 1504 1509 1505 409 
8817 1527 426 1524 1522 
8818 1517 1518 1525 425 
8819 1527 1519 424 24 
8820 1521 1514 1518 423 
8821 1521 52 413 1508 
8822 1504 1521 1517 413 
8823 1521 423 52 1514 
8824 1523 1530 1509 1511 
8825 1521 1514 52 1508 
8826 1505 411 1514 1508 
8827 1505 411 1516 1514 
8828 1505 411 51 1516 
8829 1505 1514 1530 1508 
8830 1509 1512 415 1530 
8831 1527 23 426 1522 
8832 1504 1505 1530 1508 
8833 1529 1521 1518 1517 
8834 1509 1511 1530 416 
8835 1509 1530 415 416 
8836 1521 1514 1530 1529 
8837 1521 1504 1517 1530 
8838 1504 413 1517 412 
8839 1523 1506 1510 1504 
8840 415 53 420 1516 
8841 1504 1530 1505 1509 
8842 1517 1529 1525 1518 
8843 416 428 54 1526 
8844 427 1526 1523 1511 
8845 1524 427 1523 1522 
8846 428 1525 1529 429 
8847 1523 1520 1507 1517 
8848 1530 416 1511 1526 
8849 1525 429 1528 1529 
8850 1523 1509 1510 1511 
8851 1527 1366 1519 24 
8852 1521 1504 1530 1508 
8853 1524 1525 1517 1530 
8854 1523 1519 1517 1524 
8855 1518 1515 57 423 
8856 1518 1515 1528 57 
8857 1523 1504 1510 1509 
8858 1518 1529 1515 1514 
8859 1506 302 1365 1367 
8860 415 1512 53 1516 
8861 1515 56 421 1529 
8862 1523 1367 1365 311 
8863 1528 56 422 1515 
8864 1530 1529 428 1525 
8865 421 1529 420 1514 
8866 1518 1529 1528 1515 
8867 1528 56 1515 1529 
8868 1530 420 1529 1514 
8869 1525 425 1518 1528 
8870 1515 1529 421 1514 
8871 1530 420 1514 1516 
8872 1530 428 1526 1525 
8873 1525 1518 1529 1528 
8874 427 55 1526 1511 
8875 1505 51 409 1512 
8876 1511 1526 54 417 
8877 1512 51 414 1516 
8878 1511 1526 416 54 
8879 1505 1516 1530 1514 
8880 1529 1521 1517 1530 
8881 1504 1521 413 1508 
8882 411 52 1514 1508 
8883 1505 1512 1509 1530 
8884 1523 1519 1365 1520 
8885 415 1530 1512 1516 
8886 1528 56 1529 429 
8887 1528 1515 422 57 
8888 1518 1514 1515 423 
8889 1505 1512 409 1509 
8890 1521 1530 1514 1508 
8891 1527 1366 23 1522 
8892 1519 1524 424 1517 
3 9 4 218
8893 59 1538 434 1545 
8894 61 1560 450 438 
8895 61 437 1560 1539 
8896 327 1400 1551 326 
8897 327 1403 27 1553 
8898 27 1403 1562 1553 
8899 27 1562 1403 332 
8900 27 1562 447 1553 
8901 1562 1558 447 1553 
8902 1403 341 29 1556 
8903 1562 1556 29 449 
8904 341 1401 340 1556 
8905 1562 449 1558 1556 
8906 1403 1562 1553 1556 
8907 1401 340 1556 1557 
8908 340 1557 1402 439 
8909 340 1402 31 439 
8910 31 1402 1537 439 
8911 31 1402 335 1537 
8912 327 1401 1403 1553 
8913 1403 1401 341 1556 
8914 1403 29 1562 1556 
8915 327 1401 1553 1551 
8916 338 1531 1400 1404 
8917 338 9 1531 1404 
8918 339 1400 338 1531 
8919 339 1532 1400 1531 
8920 1531 1378 317 1375 
8921 1531 1555 1404 1378 
8922 1531 1404 9 1378 
8923 1531 9 317 1378 
8924 1531 1378 1375 1555 
8925 1548 1531 1555 1551 
8926 9 1404 274 1378 
8927 1400 326 1404 1555 
8928 1537 1532 339 430 
8929 274 1378 1404 10 
8930 1531 1375 1532 1548 
8931 1400 326 1555 1551 
8932 1531 1532 1375 318 
8933 315 1555 1375 1378 
8934 315 10 1555 1378 
8935 1400 1555 1531 1551 
8936 1377 308 1540 21 
8937 1377 318 1540 22 
8938 1377 1540 308 22 
8939 1377 1376 319 1541 
8940 1375 1377 1532 1541 
8941 1377 1540 318 1532 
8942 1540 431 22 318 
8943 1377 1540 1532 1541 
8944 1540 318 1532 431 
8945 1540 431 1532 1534 
8946 315 1548 1375 1555 
8947 316 1375 1548 1376 
8948 1377 319 21 432 
8949 320 1541 1376 1379 
8950 320 1541 1547 440 
8951 320 1541 1379 1547 
8952 320 1547 23 440 
8953 1375 1548 1376 1541 
8954 1376 1379 1554 316 
8955 319 1376 320 1541 
8956 320 1547 1379 23 
8957 24 1379 1554 1547 
8958 1547 1554 445 1543 
8959 24 313 1379 1547 
8960 1550 1543 446 445 
8961 1543 1550 446 1544 
8962 445 1543 1554 1550 
8963 1554 1550 1543 1541 
8964 1543 1542 1550 1544 
8965 1550 1552 446 1544 
8966 1549 1563 1550 1564 
8967 1550 1541 1535 1542 
8968 1563 1552 1546 1561 
8969 1563 1561 452 1559 
8970 1563 1552 1561 1559 
8971 1543 1541 1550 1542 
8972 1563 1546 62 1561 
8973 1563 1546 443 62 
8974 1563 62 452 1561 
8975 1544 1564 1563 442 
8976 1544 1545 1564 442 
8977 1547 1541 1543 440 
8978 444 1546 63 1561 
8979 1543 440 1541 1542 
8980 1561 1552 448 1559 
8981 62 1546 444 1561 
8982 1550 1564 1544 1542 
8983 1549 1558 448 1559 
8984 448 1549 1559 1552 
8985 1563 1559 1564 1549 
8986 1563 1564 1559 451 
8987 1559 1564 1558 1560 
8988 1544 442 1563 443 
8989 63 1561 1546 1552 
8990 1559 1564 1560 451 
8991 1379 1547 313 23 
8992 1549 1553 447 1558 
8993 1563 1552 1559 1549 
8994 1549 1536 1548 1551 
8995 1401 1402 340 1557 
8996 1562 1558 1553 1556 
8997 1549 1558 1564 1557 
8998 1549 1557 1536 1551 
8999 1549 1563 1552 1550 
9000 446 63 1546 1552 
9001 1549 1536 1557 1564 
9002 1550 1548 1549 1535 
9003 1531 1375 317 318 
9004 1532 430 1534 431 
9005 1404 1378 1555 10 
9006 1375 1532 1548 1541 
9007 1533 1564 1536 1535 
9008 1549 1535 1548 1536 
9009 1534 1537 1532 1536 
9010 1536 1532 1548 1551 
9011 1532 1536 1557 1551 
9012 1532 1548 1535 1536 
9013 1548 1535 1541 1532 
9014 1557 439 438 1536 
9015 1557 1536 438 1539 
9016 1558 449 450 1556 
9017 1557 1560 1564 1539 
9018 1551 1401 1553 1556 
9019 60 1560 437 1539 
9020 1560 451 1564 1539 
9021 1556 1549 1551 1557 
9022 1403 1553 1401 1556 
9023 1537 1532 1536 1557 
9024 1532 1534 1536 1535 
9025 1535 1532 1534 1540 
9026 1376 1548 1554 1541 
9027 1540 1535 1532 1541 
9028 1557 438 1560 1539 
9029 1544 1563 1552 1546 
9030 1550 1563 1544 1564 
9031 1564 1542 1538 1545 
9032 59 1538 442 435 
9033 1543 1544 1545 1542 
9034 1559 1564 1549 1558 
9035 1564 435 1538 1533 
9036 1564 435 442 1538 
9037 1537 439 1402 1557 
9038 434 1545 1538 58 
9039 1538 58 1542 433 
9040 1535 1533 1564 1538 
9041 1564 1549 1535 1550 
9042 1564 1539 436 1533 
9043 59 442 1538 1545 
9044 60 451 1560 1539 
9045 1557 438 450 1560 
9046 1564 1536 1539 1533 
9047 1540 1535 1541 432 
9048 1402 1557 1400 1532 
9049 1537 439 1557 1536 
9050 1401 1400 1402 1557 
9051 339 1402 1400 1532 
9052 1537 339 30 430 
9053 61 1560 438 1539 
9054 1558 450 1557 1556 
9055 335 30 1537 1402 
9056 1401 1400 1557 1551 
9057 1549 1558 1557 1556 
9058 1564 1539 451 436 
9059 60 436 451 1539 
9060 1564 1538 442 1545 
9061 1564 1538 1542 1535 
9062 1551 1401 1556 1557 
9063 1400 1404 1531 1555 
9064 1535 432 433 1542 
9065 1558 1549 448 447 
9066 1536 1557 1564 1539 
9067 1558 1560 1557 450 
9068 1379 1554 1547 1541 
9069 1550 1541 1548 1535 
9070 1404 1555 326 10 
9071 1538 58 1545 1542 
9072 1554 1548 1550 1541 
9073 1550 1542 1535 1564 
9074 1548 1531 1551 1532 
9075 24 1554 1379 316 
9076 1400 1531 1532 1551 
9077 1543 441 440 1542 
9078 1556 1549 1553 1551 
9079 63 448 1561 1552 
9080 1549 1553 1558 1556 
9081 1544 1564 1545 1542 
9082 1545 1542 58 441 
9083 1549 1535 1536 1564 
9084 1558 1564 1557 1560 
9085 1403 29 332 1562 
9086 1564 436 435 1533 
9087 1377 21 1540 432 
9088 1537 1402 339 1532 
9089 1377 1541 319 432 
9090 1538 1542 1535 433 
9091 327 1400 1401 1551 
9092 24 445 1547 1554 
9093 1377 1540 1541 432 
9094 1531 1555 1375 1548 
9095 1543 1545 441 1542 
9096 1550 1552 1544 1563 
9097 1537 1534 1532 430 
9098 1376 1554 1548 316 
9099 1375 1377 318 1532 
9100 1544 443 1563 1546 
9101 1537 1402 30 339 
9102 1400 1532 1557 1551 
9103 1563 1559 452 451 
9104 1376 1554 1379 1541 
9105 446 1546 1544 1552 
9106 1375 1376 1377 1541 
9107 1535 1542 1541 432 
9108 1537 1402 1532 1557 
9109 1547 1541 1554 1543 
9110 316 1375 315 1548 
3 10 4 144
9111 464 68 1587 1576 
9112 1587 473 1576 68 
9113 1587 1571 1584 459 
9114 1576 1575 1571 460 
9115 1576 463 68 473 
9116 66 1571 1587 459 
9117 463 1575 1589 1588 
9118 463 462 1589 1575 
9119 1576 463 473 1588 
9120 1589 1577 462 67 
9121 1589 1575 462 1577 
9122 1589 1579 1582 469 
9123 1589 1582 67 469 
9124 1589 1577 67 1582 
9125 1589 1577 1582 1566 
9126 1587 1576 473 1588 
9127 1589 1575 1577 1566 
9128 1589 468 1579 469 
9129 67 1577 461 1582 
9130 65 1582 1566 457 
9131 65 1566 1577 455 
9132 1577 1575 455 1566 
9133 1589 1566 1582 1579 
9134 455 1566 1575 1569 
9135 65 1566 1582 1577 
9136 1569 1589 1588 1565 
9137 1575 1574 1569 1588 
9138 1576 1575 463 1588 
9139 1587 1571 1576 1588 
9140 1589 1588 1575 1569 
9141 64 1569 1574 454 
9142 1576 1571 1575 1588 
9143 455 1575 64 1569 
9144 65 1582 461 1577 
9145 1589 1565 1579 1588 
9146 1581 465 1394 28 
9147 465 466 1578 1591 
9148 465 330 1394 28 
9149 465 330 1591 1394 
9150 1567 1392 1568 323 
9151 1567 1394 1392 323 
9152 1567 26 1394 323 
9153 1581 1591 1567 1394 
9154 1567 1394 1591 1392 
9155 1578 1591 466 1580 
9156 1578 1579 1591 1580 
9157 1578 1591 1579 1565 
9158 1578 457 1565 1579 
9159 1581 456 1567 1578 
9160 1589 1579 468 1588 
9161 1575 1574 64 1569 
9162 1582 1579 1566 457 
9163 1575 1574 1571 460 
9164 1567 1591 1578 1565 
9165 1567 1578 456 1565 
9166 1566 1565 457 1579 
9167 1581 1394 329 28 
9168 1579 468 1588 1580 
9169 70 467 1585 1580 
9170 1578 457 456 1565 
9171 468 1585 472 1588 
9172 1581 1578 1567 1591 
9173 468 70 1585 1580 
9174 472 1588 1584 473 
9175 472 1588 1585 1584 
9176 1585 466 69 471 
9177 1585 1591 1588 1580 
9178 1585 1580 69 466 
9179 1585 1580 466 1591 
9180 1579 1588 1591 1580 
9181 1589 1575 1566 1569 
9182 1581 465 1578 1591 
9183 1579 1565 1591 1588 
9184 1567 1568 1591 1565 
9185 471 470 1583 1590 
9186 1591 1590 471 1583 
9187 1583 459 1570 458 
9188 1583 1590 470 1586 
9189 1583 1572 458 1570 
9190 1572 1591 1583 1590 
9191 470 1586 1590 29 
9192 1590 1586 1572 1393 
9193 1585 1583 1591 471 
9194 1590 29 1393 331 
9195 1590 29 1586 1393 
9196 1590 331 1393 1392 
9197 1590 1393 1572 1392 
9198 1590 330 331 1392 
9199 1572 27 328 1393 
9200 1572 1393 328 1392 
9201 1572 328 1573 1392 
9202 1572 1591 1392 1573 
9203 1583 458 1572 1586 
9204 1586 332 1393 29 
9205 1591 1570 1583 1588 
9206 1585 1588 1591 1583 
9207 1586 27 1393 332 
9208 1583 459 1584 1570 
9209 1584 459 1571 1570 
9210 1571 1570 1574 1588 
9211 1591 1573 1572 1570 
9212 1572 1591 1570 1583 
9213 1570 454 1574 1565 
9214 1581 1394 1567 26 
9215 468 1585 70 472 
9216 1591 1573 1570 1565 
9217 1591 1394 330 1392 
9218 1574 1565 1569 1588 
9219 1570 453 1565 1573 
9220 1572 1586 458 27 
9221 1589 1565 1566 1579 
9222 1573 1392 328 25 
9223 1572 1393 1586 27 
9224 66 1576 464 1587 
9225 1583 1572 1590 1586 
9226 66 1576 1587 1571 
9227 1572 1591 1590 1392 
9228 1591 330 1590 1392 
9229 1581 465 1591 1394 
9230 1587 1584 1571 1588 
9231 1585 1588 1583 1584 
9232 1583 1570 1584 1588 
9233 1570 453 454 1565 
9234 1591 1565 1570 1588 
9235 1591 1573 1565 1568 
9236 1581 1394 26 329 
9237 1585 467 69 1580 
9238 1565 1573 453 1568 
9239 1575 1588 1571 1574 
9240 1575 64 1574 460 
9241 1573 1392 25 1568 
9242 453 1568 1573 25 
9243 1581 26 1567 456 
9244 66 460 1576 1571 
9245 1567 1591 1568 1392 
9246 1570 1565 1574 1588 
9247 1585 1591 466 471 
9248 1591 1392 1573 1568 
9249 25 323 1568 1392 
9250 468 1580 1585 1588 
9251 1587 473 1584 1588 
9252 1584 1570 1571 1588 
9253 1569 1589 1565 1566 
9254 1574 1565 454 1569 
3 11 4 108
9255 1601 1610 1608 1607 
9256 1596 477 34 1609 
9257 1592 1598 32 349 
9258 1610 1597 1593 1598 
9259 1610 1606 1420 1594 
9260 350 1606 33 1420 
9261 1611 1609 485 1607 
9262 1596 1609 1611 1607 
9263 1593 1598 1592 1419 
9264 1593 475 71 1602 
9265 74 1601 1608 480 
9266 351 1611 1419 352 
9267 1610 1597 1598 1611 
9268 1601 1597 1600 1602 
9269 481 1608 1605 75 
9270 481 1608 74 1605 
9271 74 1605 1601 479 
9272 484 1605 1608 75 
9273 1605 484 1608 1610 
9274 1601 1603 479 1604 
9275 484 1605 75 482 
9276 1605 1601 479 1604 
9277 1601 1600 1607 480 
9278 1608 1610 484 1607 
9279 484 1607 1611 485 
9280 484 1607 1610 1611 
9281 1601 1600 1597 1607 
9282 482 483 1610 1604 
9283 1601 1607 1608 480 
9284 1605 1601 1604 1610 
9285 1605 482 484 1610 
9286 1610 351 1611 1419 
9287 1610 1593 1594 1419 
9288 1610 1606 1594 1604 
9289 1610 483 1606 1604 
9290 1610 1593 1597 1602 
9291 1610 1604 1594 1595 
9292 1605 1604 482 1610 
9293 33 1420 1594 344 
9294 33 1594 1420 1606 
9295 33 476 1594 1606 
9296 1594 1604 476 1595 
9297 483 351 1606 35 
9298 1610 1420 351 1419 
9299 476 1604 72 1595 
9300 74 1601 1605 1608 
9301 1593 1603 475 1602 
9302 351 1420 1606 35 
9303 72 1595 1603 475 
9304 1610 1594 1593 1595 
9305 1610 1594 1420 1419 
9306 1610 1606 351 1420 
9307 478 1602 1599 71 
9308 1593 1597 1599 1598 
9309 474 32 1592 1598 
9310 1594 1604 1606 476 
9311 1592 32 344 1419 
9312 1593 1598 1599 474 
9313 1592 1598 349 1419 
9314 1592 349 32 1419 
9315 1593 474 1599 71 
9316 1419 352 1611 1421 
9317 349 1419 1596 1421 
9318 1419 1611 1596 1421 
9319 1594 1419 1593 1592 
9320 478 1600 1597 1602 
9321 1593 71 1599 1602 
9322 1601 1603 1610 1602 
9323 1593 1603 1595 475 
9324 1601 1610 1597 1602 
9325 1610 1593 1603 1595 
9326 1611 1609 36 485 
9327 1596 1609 34 353 
9328 1419 1611 1598 1596 
9329 1610 1603 1593 1602 
9330 349 1421 1596 34 
9331 1420 1419 1594 344 
9332 1596 1421 1609 353 
9333 1610 1606 483 351 
9334 1596 1421 1611 1609 
9335 1596 1597 477 1607 
9336 1593 1599 1597 1602 
9337 1596 34 1421 353 
9338 1594 1419 1592 344 
9339 1598 1597 1596 1611 
9340 477 1597 73 1600 
9341 1607 73 480 1600 
9342 477 73 1607 1600 
9343 72 1595 1604 1603 
9344 1596 1611 1597 1607 
9345 1605 1608 1601 1610 
9346 478 73 1597 1600 
9347 1611 1609 1421 36 
9348 478 1597 1599 1602 
9349 1421 1609 353 36 
9350 1611 1421 352 36 
9351 1601 1597 1610 1607 
9352 350 1606 1420 35 
9353 477 1607 1597 1600 
9354 349 1596 1419 1598 
9355 1596 477 1609 1607 
9356 1610 1597 1611 1607 
9357 72 1604 479 1603 
9358 1610 1598 1593 1419 
9359 1610 1603 1604 1595 
9360 1593 1598 474 1592 
9361 1610 1598 1419 1611 
9362 1601 1604 1610 1603 
3 12 4 221
9363 346 1423 1614 345 
9364 364 1444 1613 1445 
9365 1423 1630 354 355 
9366 1640 1444 1446 1445 
9367 500 1645 1628 1447 
9368 1628 39 1447 1616 
9369 1447 363 1444 1616 
9370 39 363 1447 1616 
9371 506 1446 1645 369 
9372 1645 1447 1444 1616 
9373 1615 1643 1617 1612 
9374 1635 1613 1632 1645 
9375 1612 1615 1643 1634 
9376 1628 489 1616 1625 
9377 1618 1425 12 1448 
9378 1613 1616 1625 1645 
9379 1640 1444 1645 1446 
9380 370 1446 1637 41 
9381 1618 1448 364 1445 
9382 1645 1637 1632 1635 
9383 287 12 1425 1448 
9384 346 1423 1422 1614 
9385 1424 37 1630 355 
9386 1422 346 1618 1425 
9387 1422 1641 1640 357 
9388 1422 1618 1641 1425 
9389 1424 1640 1630 1638 
9390 1635 1613 1645 1640 
9391 1612 1620 1617 486 
9392 507 1640 1637 371 
9393 1628 1616 1645 1625 
9394 1626 1615 1643 1617 
9395 1617 1643 1629 1623 
9396 1615 1634 1632 1642 
9397 1617 1629 76 1623 
9398 1423 355 1424 1630 
9399 1645 1637 1635 1640 
9400 500 368 1645 1447 
9401 1617 1629 488 76 
9402 500 1645 1644 1625 
9403 1626 1644 1627 1642 
9404 1617 1643 1626 1629 
9405 1629 77 490 1623 
9406 1641 1640 1445 1613 
9407 1640 1446 371 1445 
9408 1423 1619 345 1426 
9409 503 492 1643 1639 
9410 1626 497 496 1642 
9411 506 1446 369 41 
9412 1613 1644 1615 1632 
9413 1625 1644 1613 1645 
9414 1643 1620 492 491 
9415 503 1634 1639 1643 
9416 1626 1643 496 1629 
9417 1643 491 1629 1623 
9418 1643 1620 491 1623 
9419 1643 1622 492 1620 
9420 78 1622 492 1639 
9421 1625 1644 1615 1613 
9422 1615 1644 1626 1642 
9423 1643 1639 1622 1631 
9424 1642 1615 1634 1643 
9425 1643 1622 1620 1631 
9426 491 77 1629 1623 
9427 1620 1622 1621 1631 
9428 1643 492 1622 1639 
9429 1634 1612 1615 1632 
9430 1629 490 76 1623 
9431 1615 1632 1644 1642 
9432 1617 1626 488 1629 
9433 364 1444 363 1613 
9434 1617 76 486 1623 
9435 1621 1631 1622 494 
9436 1621 494 495 1631 
9437 1612 1643 1617 1620 
9438 1615 488 1617 1626 
9439 1640 371 1446 1637 
9440 1622 493 79 1639 
9441 1621 1631 495 1624 
9442 502 494 1622 1631 
9443 1633 1612 1632 1613 
9444 502 1631 1622 1639 
9445 78 493 1622 1639 
9446 495 1624 1426 35 
9447 495 1624 1631 1426 
9448 1426 1624 350 35 
9449 1423 354 1630 1631 
9450 1426 350 1624 33 
9451 1619 1621 1612 487 
9452 1619 345 1426 33 
9453 1613 1616 1444 363 
9454 1630 1635 1638 1640 
9455 1626 497 1642 1627 
9456 1636 1627 1644 1642 
9457 1615 1625 1626 1644 
9458 489 1626 1615 1625 
9459 1628 1447 39 367 
9460 1626 1642 496 1643 
9461 1645 1444 1447 368 
9462 506 1645 1446 1637 
9463 1613 1645 1644 1632 
9464 503 78 492 1639 
9465 1626 1627 1644 1625 
9466 506 1446 41 1637 
9467 502 79 1622 494 
9468 1645 368 369 1444 
9469 1645 1444 369 1446 
9470 1631 1612 1643 1634 
9471 502 1622 79 1639 
9472 1632 1645 506 1637 
9473 1636 1644 505 1632 
9474 500 1644 499 1625 
9475 1644 506 1632 1645 
9476 500 368 1447 40 
9477 1628 1616 489 39 
9478 499 1644 1627 1625 
9479 81 499 1644 1627 
9480 1612 1631 1643 1620 
9481 1636 81 505 1644 
9482 80 1636 504 1642 
9483 505 1632 1644 506 
9484 1636 81 1644 1627 
9485 1636 1644 1632 1642 
9486 1636 498 81 1627 
9487 1633 502 1639 1631 
9488 80 1636 1642 1627 
9489 489 1626 488 1615 
9490 500 1447 1628 40 
9491 1634 1636 1632 1642 
9492 503 1634 1643 1642 
9493 80 498 1636 1627 
9494 504 1634 503 1642 
9495 504 1636 1634 1642 
9496 497 1627 80 1642 
9497 496 1629 1643 491 
9498 496 1629 491 77 
9499 1612 1632 1613 1615 
9500 1640 1613 1444 1445 
9501 1634 1639 1631 1633 
9502 1620 487 1612 1621 
9503 1615 1642 1626 1643 
9504 1617 1620 1643 1623 
9505 1617 486 1620 1623 
9506 1612 1631 1620 1621 
9507 1613 1616 1645 1444 
9508 1640 1446 1645 1637 
9509 1422 1630 1424 1640 
9510 1613 1616 1615 1625 
9511 1422 1630 1423 1424 
9512 1628 1447 1645 1616 
9513 489 1615 1616 1625 
9514 1628 1447 367 40 
9515 500 1628 1645 1625 
9516 1613 1641 1614 1618 
9517 1613 1641 1640 1614 
9518 1618 364 1613 1445 
9519 1618 12 364 1448 
9520 1619 1631 1612 1621 
9521 1422 1640 1424 357 
9522 1633 1614 1612 1613 
9523 1422 1641 1618 1614 
9524 1619 1631 1621 1624 
9525 1619 1621 487 1624 
9526 1633 1614 1630 1631 
9527 1619 1426 1624 33 
9528 1619 1426 1631 1624 
9529 1630 1638 1635 1633 
9530 1620 487 486 1612 
9531 1619 33 1624 487 
9532 1635 1630 1614 1640 
9533 1640 1614 1635 1613 
9534 1631 1612 1634 1633 
9535 1634 1639 1643 1631 
9536 1423 1619 1426 1631 
9537 1633 1632 1612 1634 
9538 1422 1614 1630 1640 
9539 1640 1444 1613 1645 
9540 1635 1614 1633 1613 
9541 1635 1613 1633 1632 
9542 1641 1445 1618 1613 
9543 507 1637 42 371 
9544 1422 1618 346 1614 
9545 1635 1630 1633 1614 
9546 42 1637 370 1446 
9547 42 1637 1446 371 
9548 507 1637 1640 1635 
9549 507 1635 1640 508 
9550 1423 345 1619 1614 
9551 1422 358 1641 357 
9552 1638 508 1640 1635 
9553 1638 1640 508 357 
9554 1638 508 38 357 
9555 1424 1640 1638 357 
9556 1423 1631 1614 1619 
9557 1641 1448 1618 1445 
9558 1631 1614 1619 1612 
9559 1630 1423 1631 1614 
9560 1612 1631 1614 1633 
9561 1424 1630 37 1638 
9562 1630 1633 1631 502 
9563 1630 501 1633 502 
9564 1422 1641 1614 1640 
9565 1630 37 1638 501 
9566 1630 501 1638 1633 
9567 1422 1614 1423 1630 
9568 1423 1426 354 1631 
9569 1424 37 356 1638 
9570 1424 1638 356 38 
9571 1424 1638 38 357 
9572 354 1426 495 1631 
9573 354 495 1426 35 
9574 1422 1425 1641 358 
9575 346 12 1618 1425 
9576 14 1448 287 1425 
9577 1641 1640 371 1445 
9578 1641 371 372 1445 
9579 1641 372 1448 1445 
9580 1641 1618 1448 1425 
9581 1641 372 14 1448 
9582 1641 1448 14 1425 
9583 1641 14 358 1425 
3 13 4 217
9584 348 1427 347 1649 
9585 389 1478 1647 1479 
9586 1657 1677 1675 1653 
9587 510 1672 1651 1648 
9588 1651 389 1481 45 
9589 1674 1651 510 1672 
9590 1674 1481 1679 48 
9591 1674 1481 1651 1679 
9592 1678 1651 1679 1672 
9593 531 530 1679 1672 
9594 1674 510 1651 45 
9595 1674 1481 48 395 
9596 1679 530 1678 1672 
9597 1679 394 48 1481 
9598 1679 1479 394 1481 
9599 1678 1662 524 525 
9600 1679 1479 1678 393 
9601 1678 1478 1670 1480 
9602 1652 1658 34 511 
9603 47 1480 1665 392 
9604 47 1665 393 525 
9605 47 393 1665 1480 
9606 1661 1646 1649 1664 
9607 1656 514 1660 1654 
9608 1670 1430 1650 1428 
9609 1656 516 1655 1677 
9610 1670 1478 1647 1650 
9611 1678 1676 1648 1672 
9612 1646 1654 1652 511 
9613 1429 38 1669 361 
9614 1649 1659 1669 1427 
9615 1678 1647 1664 1670 
9616 1649 1659 1427 1660 
9617 1678 524 1666 530 
9618 1650 388 1482 1478 
9619 1678 1666 524 1662 
9620 526 1480 391 46 
9621 1659 1649 1661 1660 
9622 526 1665 1480 46 
9623 87 1666 1673 523 
9624 1664 1678 1663 1647 
9625 1651 389 1647 1479 
9626 1663 1678 1648 1647 
9627 1678 1480 1665 393 
9628 1678 1651 1647 1479 
9629 1678 393 1665 525 
9630 1678 1670 1665 1480 
9631 1651 389 1479 1481 
9632 1646 1647 1664 1663 
9633 1671 1677 1648 1653 
9634 1678 1647 1670 1478 
9635 1664 1678 1662 1663 
9636 1678 1479 1647 1478 
9637 1678 1479 1478 1480 
9638 1659 1669 1429 1668 
9639 1663 1678 1666 1676 
9640 1678 1648 1676 1663 
9641 1655 1653 1657 512 
9642 1656 1655 1654 1677 
9643 1678 1479 1480 393 
9644 1678 1672 530 1673 
9645 1678 1664 1662 1665 
9646 1679 1479 393 394 
9647 1673 523 1666 86 
9648 1650 348 1430 13 
9649 521 1656 1667 1677 
9650 510 1671 1672 1648 
9651 1673 1671 1676 1672 
9652 1678 1676 1673 1666 
9653 1657 85 1675 517 
9654 1673 1666 1676 86 
9655 1666 86 522 1676 
9656 1678 1673 1676 1672 
9657 1647 388 1650 1478 
9658 1661 1646 1677 1660 
9659 524 87 1666 530 
9660 1673 529 1676 1671 
9661 522 1676 521 1663 
9662 1646 1660 1652 1654 
9663 1673 1676 529 86 
9664 1667 1677 1656 1660 
9665 1648 1647 1646 1663 
9666 1677 1667 1663 1661 
9667 1666 1676 522 1663 
9668 1678 1673 530 1666 
9669 1674 1651 1481 45 
9670 1646 1677 1660 1654 
9671 1650 388 13 1482 
9672 1657 517 1675 1677 
9673 521 1677 1667 1663 
9674 1676 1671 529 528 
9675 521 1667 1656 84 
9676 521 516 1656 1677 
9677 1676 1671 1677 1648 
9678 520 1660 1661 1667 
9679 1677 1648 1653 1646 
9680 510 1671 1648 509 
9681 509 82 1675 1653 
9682 1429 38 1668 1669 
9683 1651 1679 1481 1479 
9684 1652 1658 1431 34 
9685 1659 1429 1669 1427 
9686 1650 1428 1430 348 
9687 520 1661 1660 1659 
9688 1646 1677 1648 1663 
9689 1431 353 34 1658 
9690 1431 36 353 1658 
9691 1646 1664 1661 1663 
9692 1649 1428 1650 348 
9693 359 360 1659 1427 
9694 1431 1658 1660 513 
9695 1431 36 1658 513 
9696 1658 1654 1660 513 
9697 1652 1660 1658 1654 
9698 359 1659 1660 1427 
9699 359 1660 1431 1427 
9700 1671 1677 1675 528 
9701 1676 1671 1648 1672 
9702 1671 509 1675 1653 
9703 1667 1656 515 83 
9704 1667 84 515 1656 
9705 1667 1656 83 514 
9706 1667 1660 1656 514 
9707 1660 514 513 1654 
9708 1656 1654 1660 1677 
9709 1671 1648 509 1653 
9710 1661 1646 1663 1677 
9711 1670 362 390 1482 
9712 1649 1661 1664 1659 
9713 1646 1649 1664 1647 
9714 1649 1670 1428 1669 
9715 1655 516 517 1677 
9716 518 82 1657 1675 
9717 518 1675 1657 85 
9718 1657 1653 82 512 
9719 1657 1675 82 1653 
9720 1674 531 1679 1672 
9721 1655 1677 1657 1653 
9722 521 1676 1677 1663 
9723 1677 1663 1676 1648 
9724 1655 517 1657 1677 
9725 1646 1677 1655 1653 
9726 1646 1677 1654 1655 
9727 1675 1677 517 528 
9728 1654 512 1646 1655 
9729 1675 528 517 85 
9730 1678 1670 1664 1665 
9731 1649 1669 1428 1427 
9732 348 1427 1649 1428 
9733 1678 1651 1479 1679 
9734 1649 1650 1670 1647 
9735 1652 1654 1658 511 
9736 1646 1653 1655 512 
9737 1649 347 1652 1427 
9738 1652 1660 1431 1658 
9739 1678 1651 1672 1648 
9740 1674 1679 1651 1672 
9741 1652 1431 347 34 
9742 1652 1431 1660 1427 
9743 1652 347 1431 1427 
9744 1671 1675 1677 1653 
9745 1649 1664 1669 1659 
9746 1649 1660 1652 1646 
9747 1661 1668 1664 1659 
9748 519 1668 1659 37 
9749 1677 1667 1661 1660 
9750 1676 1677 1671 528 
9751 521 1656 516 84 
9752 1661 519 1668 1659 
9753 1674 1679 531 48 
9754 1664 527 526 1669 
9755 1664 1668 527 1669 
9756 1664 526 1670 1669 
9757 1664 1670 526 1665 
9758 527 1668 38 1669 
9759 1670 1649 1664 1669 
9760 1670 391 1478 390 
9761 526 1480 1665 1670 
9762 1670 1480 1478 391 
9763 1670 1478 1482 390 
9764 1670 1478 1650 1482 
9765 1427 1649 1660 1652 
9766 389 1478 388 1647 
9767 1674 1481 395 45 
9768 1649 1428 1670 1650 
9769 1670 1649 1647 1664 
9770 1646 1649 1660 1661 
9771 1654 512 511 1646 
9772 1430 1482 13 290 
9773 1430 1482 290 15 
9774 1430 362 1482 15 
9775 362 361 1428 1669 
9776 1670 1669 362 1428 
9777 362 390 1482 15 
9778 1428 1669 1429 1427 
9779 1428 361 1429 1669 
9780 1670 1482 1650 1430 
9781 87 1666 530 1673 
9782 1670 1482 1430 362 
9783 359 36 1431 513 
9784 359 1431 1660 513 
9785 520 519 1661 1659 
9786 1678 1665 1662 525 
9787 1670 362 1430 1428 
9788 1651 1648 1678 1647 
9789 1665 392 1480 46 
9790 1650 13 1430 1482 
9791 520 1667 83 514 
9792 1664 1669 1659 1668 
9793 1663 1678 1662 1666 
9794 1429 1668 356 37 
9795 1429 356 1668 38 
9796 1659 360 1429 1427 
9797 1659 1429 360 37 
9798 1659 1668 1429 37 
9799 520 1660 1667 514 
9800 526 1480 1670 391 
3 14 4 221
9801 366 1449 1682 365 
9802 410 1509 1681 1510 
9803 1684 410 1510 1513 
9804 1684 1709 1453 1513 
9805 305 18 1453 1513 
9806 1684 18 1453 366 
9807 1682 366 1684 1450 
9808 554 54 1511 416 
9809 1708 1511 1509 1713 
9810 1698 374 373 1449 
9811 1708 376 550 1707 
9812 1708 1450 376 1451 
9813 91 540 1690 548 
9814 1681 1509 1708 1510 
9815 1684 1453 1709 1450 
9816 55 1511 418 1705 
9817 1687 1699 1452 1449 
9818 1707 43 547 1698 
9819 1684 1453 18 1513 
9820 1682 1684 1709 1450 
9821 541 1452 373 40 
9822 1691 367 1452 40 
9823 1707 1698 547 1702 
9824 1698 1450 1451 1449 
9825 1680 1689 1687 1699 
9826 1709 1681 1684 1682 
9827 1681 1702 1680 1682 
9828 541 1452 1691 1699 
9829 1698 373 1699 1449 
9830 1452 1449 1699 373 
9831 1711 1706 1690 1699 
9832 1700 1710 1683 1711 
9833 1701 1705 1713 1703 
9834 1711 1680 1699 1688 
9835 1687 1691 1452 1699 
9836 1681 1701 1682 1708 
9837 1708 418 1510 1511 
9838 366 1449 1450 1682 
9839 1693 1683 1694 1712 
9840 1687 365 1682 1449 
9841 549 55 418 1705 
9842 1706 1699 1702 548 
9843 535 1685 1694 1683 
9844 554 1713 1511 1705 
9845 20 305 1453 1513 
9846 1708 1511 1510 1509 
9847 1699 1706 1700 1711 
9848 1690 540 1689 1699 
9849 1701 1682 1708 1698 
9850 1689 1699 541 1691 
9851 1709 419 20 1513 
9852 89 1697 1692 536 
9853 535 1696 1694 1685 
9854 1709 1681 1682 1708 
9855 1449 1698 1682 1699 
9856 1711 1690 538 1688 
9857 1509 1713 1511 416 
9858 1693 535 1694 1683 
9859 551 538 1711 1706 
9860 1708 376 1707 1451 
9861 1709 1453 20 377 
9862 1682 1709 1708 1450 
9863 541 373 1452 1699 
9864 1682 1450 1708 1698 
9865 1698 1707 1708 1701 
9866 91 1706 1690 539 
9867 89 1697 542 537 
9868 1693 535 1683 534 
9869 542 1697 1711 537 
9870 1697 1692 1711 537 
9871 1710 1693 1683 1711 
9872 535 1696 1685 51 
9873 1693 1711 542 1697 
9874 1693 542 1710 543 
9875 1693 1712 1694 1695 
9876 1693 1710 542 1711 
9877 1694 1685 1696 1713 
9878 1695 1710 1712 1704 
9879 1695 1710 1704 92 
9880 1695 1704 1712 93 
9881 1712 553 93 1704 
9882 1712 553 1704 1703 
9883 546 53 415 1512 
9884 1712 1703 1704 1710 
9885 1694 546 1712 1713 
9886 1695 1704 93 544 
9887 1704 552 92 1710 
9888 1704 552 1710 1700 
9889 1704 1700 1710 1703 
9890 1681 1712 1694 1683 
9891 1712 1703 1713 554 
9892 1693 1683 1711 1686 
9893 1683 1711 1686 1680 
9894 1693 1711 1697 1686 
9895 1680 1683 1711 1700 
9896 1712 553 1703 554 
9897 1695 1710 92 543 
9898 1695 93 1712 545 
9899 1710 551 1711 1700 
9900 1693 1710 1695 543 
9901 1712 1703 1710 1683 
9902 1695 1704 544 92 
9903 1711 537 1692 1688 
9904 1711 1692 1686 1688 
9905 1711 538 537 1688 
9906 1697 1686 88 534 
9907 1711 1688 1686 1680 
9908 90 539 1690 1706 
9909 1690 1689 1688 1699 
9910 1697 1686 1711 1692 
9911 1690 1706 548 1699 
9912 90 538 551 1706 
9913 1700 1680 1703 1702 
9914 1700 1680 1683 1703 
9915 1710 1703 1700 1683 
9916 1711 1706 538 1690 
9917 1703 1702 1681 1701 
9918 1697 88 1692 536 
9919 1713 1681 1701 1703 
9920 1701 1705 1708 1713 
9921 1712 1681 1703 1683 
9922 1703 1683 1681 1680 
9923 1710 552 551 1700 
9924 1690 548 540 1699 
9925 1700 1680 1702 1699 
9926 1681 1712 1713 1694 
9927 1685 51 1696 1512 
9928 1685 409 51 1512 
9929 1685 1696 1713 1512 
9930 1685 1713 1509 1512 
9931 1685 1509 409 1512 
9932 410 1509 409 1681 
9933 1712 1703 1681 1713 
9934 88 532 1686 1692 
9935 1694 1696 546 1713 
9936 1681 1510 1684 410 
9937 1681 1510 1708 1709 
9938 89 1692 1697 537 
9939 1694 1685 1681 1683 
9940 1686 1688 532 1680 
9941 1687 39 1691 533 
9942 1687 1691 1689 533 
9943 1688 1680 533 532 
9944 1687 1699 1689 1691 
9945 541 1691 1452 40 
9946 1680 1682 1699 1687 
9947 1691 367 39 1452 
9948 1687 1452 365 1449 
9949 1681 1702 1682 1701 
9950 1687 1691 39 1452 
9951 1708 1510 418 1709 
9952 1708 1701 550 549 
9953 1708 1701 549 1705 
9954 1708 549 418 1705 
9955 1708 1707 550 1701 
9956 1684 410 1513 18 
9957 550 1707 376 44 
9958 1708 1705 1511 1713 
9959 1708 1450 1709 376 
9960 1713 1681 1708 1701 
9961 1682 1449 1699 1687 
9962 1708 1705 418 1511 
9963 1707 44 375 1451 
9964 1707 376 44 1451 
9965 1707 375 43 1451 
9966 1701 1682 1698 1702 
9967 547 1702 1698 548 
9968 1698 548 1702 1699 
9969 1698 1451 374 1449 
9970 1698 1682 1699 1702 
9971 1697 1692 88 1686 
9972 1698 1707 1701 1702 
9973 1680 533 1687 1689 
9974 1698 43 374 1451 
9975 1682 1450 1698 1449 
9976 1689 540 541 1699 
9977 90 1690 538 1706 
9978 1687 39 365 1452 
9979 91 1690 1706 548 
9980 1693 1683 1712 1710 
9981 551 1706 1711 1700 
9982 1711 1690 1688 1699 
9983 1700 1680 1699 1711 
9984 1703 1681 1702 1680 
9985 1510 419 1709 1513 
9986 1684 1510 1709 1513 
9987 418 1709 1510 419 
9988 1709 376 1450 377 
9989 1707 43 1698 1451 
9990 55 417 1511 1705 
9991 1708 1707 1698 1451 
9992 1685 1509 1681 409 
9993 1682 1699 1702 1680 
9994 1685 1713 1681 1509 
9995 1699 1706 1702 1700 
9996 1684 366 1453 1450 
9997 1509 415 1512 1713 
9998 546 1696 53 1512 
9999 1511 54 1705 417 
10000 554 416 1511 1713 
10001 554 1511 54 1705 
10002 1709 1450 1453 377 
10003 1703 1713 554 1705 
10004 1709 20 1453 1513 
10005 1694 1685 1713 1681 
10006 1693 1697 534 1686 
10007 1693 1712 1695 1710 
10008 546 1713 1696 1512 
10009 1693 534 1683 1686 
10010 1686 532 1688 1692 
10011 1696 414 1512 51 
10012 1680 1689 1699 1688 
10013 546 415 1713 1512 
10014 1680 1688 533 1689 
10015 1681 1684 1510 1709 
10016 1509 415 1713 416 
10017 1681 1708 1509 1713 
10018 1694 1695 1712 545 
10019 1694 1712 546 545 
10020 53 1512 1696 414 
10021 1708 1698 1450 1451 
3 15 4 322
10022 61 1746 438 576 
10023 61 438 1746 1539 
10024 60 581 436 1539 
10025 1749 1490 404 1485 
10026 1749 31 1537 439 
10027 1749 1490 31 404 
10028 1749 1537 31 1490 
10029 1749 1536 438 439 
10030 1749 404 403 1485 
10031 1490 430 30 398 
10032 1490 430 1537 30 
10033 335 30 1490 1537 
10034 1490 1715 1537 430 
10035 1485 1717 1486 1488 
10036 1488 1486 1492 1717 
10037 1715 1749 1485 1490 
10038 1749 1537 1536 439 
10039 308 1462 1540 21 
10040 308 22 1540 1462 
10041 1540 431 1462 22 
10042 1540 21 1462 432 
10043 1462 21 385 432 
10044 1462 380 22 431 
10045 1540 431 1534 1715 
10046 1749 1715 1536 1537 
10047 1738 1747 1748 1743 
10048 1462 385 1736 432 
10049 1540 1462 1736 432 
10050 1540 1736 1715 1535 
10051 1715 1748 1536 1535 
10052 1534 1715 431 430 
10053 1749 1748 438 1536 
10054 1540 1736 1535 432 
10055 1748 1488 1491 1738 
10056 61 1746 437 1539 
10057 438 1539 1536 1748 
10058 438 1746 1539 1748 
10059 1746 576 1741 1748 
10060 438 576 1746 1748 
10061 1536 1535 1753 1533 
10062 1536 1748 1753 1535 
10063 1536 1753 1539 1533 
10064 1753 435 436 1533 
10065 60 1746 581 1539 
10066 1746 1748 1753 1539 
10067 1753 1538 435 1533 
10068 1753 1539 436 581 
10069 59 1733 434 1538 
10070 1535 1753 1538 1737 
10071 1538 433 1535 1737 
10072 1538 58 1737 1733 
10073 1538 433 1737 58 
10074 1753 1730 1736 1729 
10075 380 1462 1714 1715 
10076 1536 1539 1753 1748 
10077 1488 1485 1717 1748 
10078 1490 1715 430 398 
10079 1535 1736 1737 432 
10080 1457 380 1462 1714 
10081 1735 1750 1729 1731 
10082 1737 58 567 1733 
10083 1737 567 1730 1733 
10084 1737 1730 568 1736 
10085 1753 1728 573 1733 
10086 568 1736 1732 384 
10087 568 1732 44 384 
10088 568 1736 1730 1732 
10089 59 1733 1538 573 
10090 1729 1736 1732 1730 
10091 573 572 1728 1752 
10092 1728 1752 572 1734 
10093 1742 1750 1740 1744 
10094 571 1744 98 1734 
10095 571 99 1744 1734 
10096 1740 1745 1750 1743 
10097 1753 581 1752 1742 
10098 99 1752 1744 1734 
10099 1753 1748 1736 1535 
10100 1753 1752 573 1728 
10101 1746 1748 1741 1742 
10102 1743 1748 1742 1741 
10103 1741 1747 1748 577 
10104 1746 1539 1753 581 
10105 1537 1536 1534 1715 
10106 1753 1538 1737 1733 
10107 1747 1491 1738 1748 
10108 577 1747 403 50 
10109 42 1725 556 379 
10110 556 1717 379 1725 
10111 1717 379 1459 1716 
10112 564 563 1739 1721 
10113 564 1739 1722 1721 
10114 1739 1721 563 1724 
10115 1739 400 1488 1738 
10116 1739 1751 1724 1745 
10117 1458 1717 1459 1714 
10118 574 1738 1743 1747 
10119 574 1738 575 1743 
10120 1724 97 1745 562 
10121 1745 578 1751 561 
10122 1751 1753 1729 1750 
10123 1751 1743 1753 1750 
10124 1724 1751 1721 1718 
10125 1739 1724 563 1745 
10126 1715 1736 1717 1748 
10127 1743 1742 1753 1750 
10128 1717 1751 1720 1739 
10129 1752 1753 1750 1728 
10130 1742 1752 1753 1750 
10131 569 1735 1751 1723 
10132 1724 1751 1718 561 
10133 1743 1742 1748 1753 
10134 1724 1745 1751 561 
10135 1718 1751 1720 1723 
10136 1739 1717 1751 1748 
10137 1751 560 569 1723 
10138 1462 1714 1715 1458 
10139 1753 1750 1728 1729 
10140 1750 1742 1752 1744 
10141 1744 1734 1750 98 
10142 1750 1752 1728 1734 
10143 99 1734 572 1752 
10144 1752 581 580 1742 
10145 1739 1743 575 1738 
10146 95 1723 569 560 
10147 559 94 1735 1723 
10148 1456 1717 1458 1729 
10149 1735 566 1729 1727 
10150 1729 1751 1735 1727 
10151 1730 1737 1753 1736 
10152 47 1492 564 400 
10153 1718 560 1751 1723 
10154 95 569 1723 1735 
10155 1735 1723 558 1727 
10156 1735 558 566 1727 
10157 1720 557 558 1727 
10158 1729 1732 1726 565 
10159 1723 1720 558 1727 
10160 1718 561 1751 560 
10161 95 1723 559 1735 
10162 1736 1729 1732 1458 
10163 1717 1458 1729 1736 
10164 1729 1732 1458 1456 
10165 1456 1726 1727 1729 
10166 382 1456 1726 1727 
10167 43 375 1732 1460 
10168 1750 1751 1735 1729 
10169 1753 1733 1730 1728 
10170 1732 1460 375 44 
10171 1460 1456 1458 1732 
10172 1729 566 1726 1727 
10173 1732 383 1456 1726 
10174 383 382 1456 1726 
10175 385 1458 1736 384 
10176 1736 1737 1753 1535 
10177 1729 1753 1730 1728 
10178 1737 567 568 1730 
10179 1456 1717 1461 1459 
10180 578 1740 1745 1750 
10181 383 1456 1460 1732 
10182 42 379 1461 1725 
10183 380 1457 381 1714 
10184 1462 1736 385 1458 
10185 1717 1722 1739 1721 
10186 1748 1749 1715 1536 
10187 381 1714 1463 17 
10188 1714 1486 1489 1487 
10189 378 1463 1459 1716 
10190 378 1716 16 1463 
10191 1486 1716 1714 1489 
10192 378 1716 1459 379 
10193 1729 1726 566 565 
10194 1461 370 1725 41 
10195 1732 1736 1458 384 
10196 1717 1719 1721 1720 
10197 557 41 1461 1725 
10198 1717 1727 1456 1461 
10199 557 1725 1461 1727 
10200 1716 1486 397 396 
10201 1716 1489 1486 396 
10202 1487 1490 1714 1485 
10203 1463 1714 1489 17 
10204 16 1716 396 1489 
10205 1489 17 1714 399 
10206 1489 1714 1487 399 
10207 1463 1489 293 17 
10208 1457 1714 1459 1463 
10209 1462 380 431 1715 
10210 1714 1716 1459 1463 
10211 1714 1487 399 398 
10212 1717 1751 1748 1729 
10213 1717 1492 1739 1722 
10214 1540 1462 431 1715 
10215 1717 1722 555 397 
10216 1717 1716 1486 397 
10217 1714 1458 1457 1459 
10218 16 293 1463 1489 
10219 1492 46 1722 397 
10220 1492 46 392 1722 
10221 47 1722 564 1492 
10222 555 397 1722 46 
10223 564 1492 1739 400 
10224 1717 1461 1459 379 
10225 1716 1717 1714 1459 
10226 47 1722 1492 392 
10227 1490 1715 1749 1537 
10228 1739 1751 1745 1743 
10229 1717 1729 1727 1751 
10230 1739 1745 563 575 
10231 563 1745 1724 97 
10232 16 1463 1716 1489 
10233 1717 1486 1716 1714 
10234 1727 1717 1751 1720 
10235 1537 1715 1534 430 
10236 1490 398 1714 1715 
10237 1748 1729 1736 1717 
10238 403 1491 50 1747 
10239 1748 403 577 1747 
10240 1491 49 402 1747 
10241 1491 1738 1488 401 
10242 1459 1456 1717 1458 
10243 1749 1485 1748 1715 
10244 1535 1753 1533 1538 
10245 1723 1751 1727 1735 
10246 1727 1456 1729 1717 
10247 1748 1743 1747 1741 
10248 1733 1730 1737 1753 
10249 31 1537 335 1490 
10250 574 1738 1747 49 
10251 1490 1714 1485 1715 
10252 1535 1737 433 432 
10253 1491 49 1747 1738 
10254 1488 400 401 1738 
10255 1738 1488 1739 1748 
10256 1739 1745 575 1743 
10257 1736 1717 1458 1715 
10258 1741 1748 576 577 
10259 1739 1724 1751 1721 
10260 1750 1734 570 98 
10261 1745 578 1750 1751 
10262 1485 1748 1488 1491 
10263 1746 1742 1753 1748 
10264 1717 1714 1485 1486 
10265 556 555 1717 1719 
10266 1715 1462 1458 1736 
10267 557 1461 382 1727 
10268 1491 401 49 1738 
10269 1748 1736 1729 1753 
10270 1491 1485 1748 403 
10271 1492 1488 1717 1739 
10272 1714 1485 1715 1717 
10273 96 578 1745 561 
10274 1717 555 1722 1719 
10275 1540 1715 1534 1535 
10276 1750 1731 569 570 
10277 1748 1747 1491 403 
10278 59 435 573 1538 
10279 434 58 1538 1733 
10280 1456 1732 1726 1729 
10281 1753 573 1538 1733 
10282 1536 1535 1534 1715 
10283 60 437 1746 1539 
10284 1717 1486 1492 397 
10285 398 1487 1490 1714 
10286 1717 1722 1721 1719 
10287 1488 1739 1748 1717 
10288 556 1717 1725 1719 
10289 1746 581 1753 1742 
10290 1751 1720 1723 1727 
10291 1751 1753 1748 1729 
10292 1727 382 1456 1461 
10293 1739 400 1492 1488 
10294 1717 1721 1739 1720 
10295 1731 1735 1750 569 
10296 1735 558 94 566 
10297 1752 580 1744 1742 
10298 1460 383 1732 43 
10299 1717 1725 1461 379 
10300 1744 1750 579 98 
10301 1751 569 1750 1735 
10302 1540 1736 1462 1715 
10303 1716 1714 1489 1463 
10304 1753 573 435 1538 
10305 1735 558 1723 94 
10306 1751 1743 1748 1753 
10307 1726 1732 383 43 
10308 1750 578 1740 579 
10309 1717 1719 1720 1725 
10310 1720 1725 557 1727 
10311 43 565 1726 1732 
10312 1734 1750 1752 1744 
10313 557 41 382 1461 
10314 1749 403 1748 1485 
10315 50 1747 1491 402 
10316 1717 397 1492 1722 
10317 1731 1750 1728 1734 
10318 1750 1740 1744 579 
10319 384 1732 1460 1458 
10320 1751 1748 1743 1739 
10321 1717 1461 1725 1727 
10322 1717 1715 1714 1458 
10323 1750 1740 1743 1742 
10324 1750 1745 1751 1743 
10325 1750 1729 1731 1728 
10326 1739 1720 1721 1751 
10327 1717 1725 1720 1727 
10328 1732 1460 44 384 
10329 564 1722 1739 1492 
10330 1753 436 1539 1533 
10331 1721 1720 1718 1751 
10332 1458 1462 1714 1457 
10333 99 1744 1752 580 
10334 1739 1738 1748 1743 
10335 1714 1485 1486 1487 
10336 1715 1748 1535 1736 
10337 1734 1731 1750 570 
10338 381 1714 1457 1463 
10339 563 575 1745 97 
10340 1485 1715 1717 1748 
10341 96 1745 1724 561 
10342 96 562 1724 1745 
10343 42 1725 1461 370 
3 16 4 220
10344 1785 1754 1768 1770 
10345 387 1495 1757 1496 
10346 67 1582 461 1783 
10347 67 1582 1783 1787 
10348 67 1783 604 1787 
10349 1582 469 1579 1787 
10350 1582 457 1760 1579 
10351 65 1760 1582 457 
10352 65 1760 583 1783 
10353 1582 1760 1783 1787 
10354 1582 1579 1760 1787 
10355 65 1783 461 1582 
10356 582 1761 100 1782 
10357 582 1779 1761 1782 
10358 100 1761 585 1766 
10359 100 591 1782 1766 
10360 582 1779 1756 1761 
10361 601 590 1785 1782 
10362 100 1782 1761 1766 
10363 601 1785 1784 1779 
10364 601 1784 602 1779 
10365 103 1782 591 1766 
10366 104 1781 1784 1775 
10367 1784 597 1775 1772 
10368 1784 1775 1781 1786 
10369 1784 1772 1785 596 
10370 104 1784 597 1775 
10371 1781 105 1775 598 
10372 104 1781 602 1784 
10373 1781 599 603 1786 
10374 1781 1786 603 1780 
10375 1784 597 1772 596 
10376 1781 105 603 599 
10377 603 1787 604 1780 
10378 603 1786 1787 1780 
10379 1756 1779 1785 1761 
10380 67 469 1582 1787 
10381 65 1783 1582 1760 
10382 103 590 601 1782 
10383 1786 1760 1755 1579 
10384 1760 1579 457 1755 
10385 1779 583 582 1756 
10386 1786 1787 1579 468 
10387 1786 1774 1769 600 
10388 1786 1769 599 600 
10389 1786 1760 1579 1787 
10390 1786 468 1580 600 
10391 1786 1579 1578 1580 
10392 1784 1756 1786 1780 
10393 1786 1580 1774 600 
10394 1769 1770 1771 1755 
10395 1772 1785 1776 1770 
10396 588 1776 1764 101 
10397 1776 593 1764 101 
10398 1764 101 593 587 
10399 1776 1768 1764 593 
10400 589 1763 1785 590 
10401 1784 1775 1786 1769 
10402 596 589 1776 1785 
10403 1772 1769 1754 1770 
10404 1786 1778 1578 1755 
10405 1785 1761 1763 1754 
10406 1785 590 1763 1766 
10407 1763 1766 585 1761 
10408 1764 1768 1762 587 
10409 1756 1769 1786 1755 
10410 601 1782 1785 1779 
10411 583 1760 1756 1780 
10412 1786 1760 1780 1756 
10413 1754 1757 1770 1755 
10414 1762 1768 586 587 
10415 1784 1785 1772 1756 
10416 1764 1785 589 1763 
10417 1776 1770 1785 1768 
10418 1754 584 1762 1759 
10419 457 1578 456 1755 
10420 1759 1765 1498 45 
10421 1765 1498 586 1768 
10422 1768 1757 1770 1754 
10423 1759 1498 1495 386 
10424 48 1765 395 1498 
10425 593 1767 592 1770 
10426 1762 1768 1759 1765 
10427 1785 1768 1754 1762 
10428 1754 1759 1762 1768 
10429 104 598 1781 1775 
10430 1785 1761 1782 1766 
10431 592 1773 1770 1767 
10432 1769 1754 1770 1755 
10433 102 1764 588 1776 
10434 1767 405 406 1495 
10435 1767 1495 406 1497 
10436 1768 1767 593 1770 
10437 1767 1497 406 49 
10438 1767 1773 1497 49 
10439 1767 1497 1777 1495 
10440 1773 49 402 1497 
10441 1770 1757 1777 1771 
10442 1773 402 50 1497 
10443 595 1777 594 1771 
10444 594 1777 1778 1771 
10445 594 1778 1774 1771 
10446 1777 50 407 1497 
10447 1777 407 1496 1497 
10448 1776 1785 1764 1768 
10449 1777 1497 1496 1495 
10450 1755 1777 1496 1757 
10451 1758 1499 26 387 
10452 1758 1496 1499 387 
10453 1758 1757 1496 387 
10454 1759 1768 1495 1498 
10455 1754 1768 1757 1759 
10456 584 1765 1759 45 
10457 1581 26 1499 329 
10458 1758 1778 1499 1496 
10459 1581 329 1499 28 
10460 465 1778 1578 466 
10461 1758 456 1581 1578 
10462 1578 466 1778 1580 
10463 1758 1778 1581 1499 
10464 1754 1756 1772 1785 
10465 1760 1755 1756 1786 
10466 1579 1787 469 468 
10467 1756 1754 1769 1755 
10468 468 600 70 1580 
10469 1775 599 1786 1769 
10470 70 1774 1580 600 
10471 70 1774 467 1580 
10472 467 1580 1774 69 
10473 1781 1775 105 599 
10474 1771 1786 1769 1755 
10475 1774 1778 466 1580 
10476 1581 465 408 1778 
10477 594 69 1774 466 
10478 1581 1578 465 1778 
10479 1499 408 1496 1778 
10480 1758 456 1578 1755 
10481 1581 408 1499 1778 
10482 1767 1495 1777 1757 
10483 1496 1758 1755 1757 
10484 1770 1757 1771 1755 
10485 1759 1498 1765 1768 
10486 1785 1763 1761 1766 
10487 1581 465 28 408 
10488 1496 1758 1778 1755 
10489 1785 1754 1763 1762 
10490 1581 28 1499 408 
10491 1777 408 1496 407 
10492 1777 1778 1496 408 
10493 1773 1777 595 1771 
10494 1770 1757 1767 1777 
10495 1767 1497 1773 1777 
10496 1773 50 1777 1497 
10497 1777 1757 1755 1771 
10498 1759 1495 1757 386 
10499 1762 1759 584 1765 
10500 1777 1755 1778 1771 
10501 586 405 1768 1498 
10502 48 405 586 1498 
10503 1768 405 1767 1495 
10504 1786 1578 1778 1580 
10505 1772 1785 596 1776 
10506 1774 466 69 1580 
10507 1786 1778 1774 1580 
10508 1784 1786 1781 1780 
10509 1759 1498 386 45 
10510 1781 1775 599 1786 
10511 1786 1774 1778 1771 
10512 1758 1578 1778 1755 
10513 1776 1770 1768 593 
10514 1784 1781 1779 1780 
10515 48 586 1765 1498 
10516 1765 395 1498 45 
10517 1764 1768 1785 1762 
10518 583 1783 1760 1780 
10519 1769 1754 1756 1772 
10520 1760 1783 1787 1780 
10521 1764 593 1768 587 
10522 1757 1767 1768 1770 
10523 1773 50 595 1777 
10524 1786 1760 1787 1780 
10525 1771 1786 1755 1778 
10526 1786 1769 1774 1771 
10527 1784 1786 1756 1769 
10528 1783 604 1787 1780 
10529 1784 1779 1756 1780 
10530 1755 1777 1778 1496 
10531 1767 1768 1495 1757 
10532 1770 1777 1773 1771 
10533 457 1578 1755 1579 
10534 1762 1754 585 584 
10535 1758 1578 1581 1778 
10536 1785 1756 1761 1754 
10537 602 1784 1781 1779 
10538 1764 1762 1785 1763 
10539 1785 1782 590 1766 
10540 1754 1762 585 1763 
10541 1763 1761 585 1754 
10542 1758 1581 26 1499 
10543 1786 468 1579 1580 
10544 1759 1757 1495 1768 
10545 1770 1777 1767 1773 
10546 1758 26 1581 456 
10547 1777 1496 1757 1495 
10548 1784 1772 1775 1769 
10549 1779 583 1756 1780 
10550 387 1495 386 1757 
10551 1784 1756 1779 1785 
10552 1786 1578 1579 1755 
10553 1785 1770 1772 1754 
10554 1776 589 1764 1785 
10555 1768 405 1495 1498 
10556 1762 1768 1765 586 
10557 592 1773 1767 49 
10558 1772 1784 1756 1769 
10559 594 1774 1778 466 
10560 1785 1782 1761 1779 
10561 102 1776 596 589 
10562 102 1764 1776 589 
10563 103 590 1782 1766 
3 17 4 109
10564 1799 1800 1805 614 
10565 1515 1799 423 1514 
10566 1799 1801 423 1514 
10567 53 1516 414 1793 
10568 1795 1790 1796 1792 
10569 1789 1790 1797 1791 
10570 1797 1795 606 1790 
10571 51 411 1788 1516 
10572 1797 606 1791 1790 
10573 1804 1793 1788 1516 
10574 52 607 1789 1801 
10575 414 1516 1788 1793 
10576 1795 605 1790 1792 
10577 1805 110 614 1798 
10578 1789 1791 1797 1802 
10579 411 1514 52 1789 
10580 52 1514 423 1801 
10581 1804 1797 1800 1801 
10582 1794 1807 108 609 
10583 1804 1514 1788 1789 
10584 422 1806 1515 56 
10585 422 1799 1515 1806 
10586 57 1515 1799 423 
10587 57 1799 1806 614 
10588 1806 56 615 1803 
10589 1806 1803 615 1805 
10590 422 1799 57 1515 
10591 1515 421 1803 1514 
10592 1799 1805 1806 614 
10593 1799 1801 1803 1800 
10594 1799 1803 1801 1514 
10595 615 1805 1803 616 
10596 1515 1803 1799 1514 
10597 1803 1800 1804 1805 
10598 1803 1805 1804 616 
10599 1803 420 1804 1514 
10600 1803 421 420 1514 
10601 1803 1804 1800 1801 
10602 1801 1804 1514 1803 
10603 1799 1800 1803 1805 
10604 1515 1806 1799 1803 
10605 1804 1514 420 1516 
10606 1804 1516 1788 1514 
10607 1804 1516 420 611 
10608 420 53 611 1516 
10609 611 1516 53 1793 
10610 1804 1788 1793 1792 
10611 1804 1793 611 1792 
10612 1804 610 1794 1792 
10613 1804 1794 1796 1792 
10614 1804 1516 611 1793 
10615 51 1788 605 1793 
10616 1788 605 1793 1792 
10617 1788 1790 605 1792 
10618 1788 1514 1516 411 
10619 1804 1794 1807 1796 
10620 422 57 1799 1806 
10621 1804 1800 1796 1805 
10622 414 1788 51 1793 
10623 1802 1789 1791 607 
10624 1515 56 1803 421 
10625 1797 606 107 1791 
10626 612 1798 1800 110 
10627 1797 1798 1796 1800 
10628 1802 1791 107 607 
10629 1802 1789 607 1801 
10630 1789 1802 1797 1801 
10631 1797 107 1802 1791 
10632 1797 1802 1800 1801 
10633 1804 1807 610 616 
10634 1797 107 612 1802 
10635 1797 612 1798 1800 
10636 1797 1802 612 1800 
10637 1797 1796 1795 1790 
10638 1804 1790 1788 1792 
10639 1795 1796 608 1792 
10640 606 1790 1795 106 
10641 1788 1514 411 1789 
10642 608 108 1794 1796 
10643 1515 56 1806 1803 
10644 1804 611 610 1792 
10645 414 1516 51 1788 
10646 1795 608 106 1792 
10647 1794 108 1807 1796 
10648 608 1796 1794 1792 
10649 1804 1797 1789 1790 
10650 1804 1789 1797 1801 
10651 108 613 1807 1796 
10652 610 1807 1794 109 
10653 610 1807 109 616 
10654 1804 1796 1790 1792 
10655 1794 1807 609 109 
10656 1807 1796 613 1805 
10657 1804 1800 1797 1796 
10658 613 1805 1796 1798 
10659 1804 1794 610 1807 
10660 613 110 1805 1798 
10661 1795 1790 605 106 
10662 1805 614 1800 1798 
10663 1801 1804 1789 1514 
10664 1800 1798 614 110 
10665 1804 1789 1788 1790 
10666 1799 1803 1806 1805 
10667 1804 1807 616 1805 
10668 1796 1798 1805 1800 
10669 1804 1796 1797 1790 
10670 1804 1796 1807 1805 
10671 1795 605 1792 106 
10672 52 1789 1514 1801 
3 18 4 215
10673 635 1835 1826 634 
10674 1810 1826 1841 1834 
10675 625 114 637 1837 
10676 446 1543 1828 445 
10677 1841 1821 1827 1820 
10678 1841 1819 1811 1816 
10679 1835 1838 636 1833 
10680 1841 1820 1819 1822 
10681 1840 115 1839 1823 
10682 1835 1830 634 1838 
10683 1833 1828 1834 1826 
10684 1809 1526 1524 427 
10685 55 417 1817 1526 
10686 1832 1809 1825 1524 
10687 1832 1809 1808 1543 
10688 1832 424 1527 1524 
10689 1832 24 1527 424 
10690 443 62 1546 1833 
10691 1809 1545 1543 1834 
10692 1544 443 1546 1833 
10693 637 1835 636 1833 
10694 446 1546 63 1830 
10695 1544 442 1833 1834 
10696 434 1815 1545 58 
10697 626 1810 625 1834 
10698 1544 1546 1830 1833 
10699 1544 1545 442 1834 
10700 1545 441 58 1815 
10701 1841 1822 1816 629 
10702 1829 1839 1836 635 
10703 446 1544 1546 1830 
10704 1819 1822 1820 628 
10705 1832 1809 1543 1828 
10706 619 1819 1526 428 
10707 1819 1524 1526 1525 
10708 1826 1830 1835 1833 
10709 115 1839 1823 631 
10710 626 1545 59 1815 
10711 1811 1825 1819 1827 
10712 1832 1527 1808 1524 
10713 1819 1825 1811 1809 
10714 1826 1835 1834 1833 
10715 1841 1827 1819 1820 
10716 1824 422 1528 56 
10717 1544 442 443 1833 
10718 1835 1830 1838 1833 
10719 1820 633 1827 632 
10720 1841 1811 1812 1816 
10721 1809 1819 1526 1817 
10722 1832 1808 1527 1547 
10723 1837 1814 1841 1834 
10724 1838 1830 1546 1833 
10725 1809 1815 1545 1834 
10726 1543 1545 1544 1834 
10727 425 1524 1825 1525 
10728 617 1815 58 441 
10729 617 1809 1815 441 
10730 617 1809 1813 1815 
10731 1828 1809 1826 1825 
10732 1811 1819 1809 1817 
10733 1813 1809 618 1817 
10734 1826 1810 1809 1834 
10735 1809 1826 1834 1828 
10736 1815 1834 1809 1810 
10737 617 618 1813 1809 
10738 618 1817 427 55 
10739 618 1817 1809 427 
10740 626 1810 1834 1815 
10741 626 1545 1815 1834 
10742 59 1545 434 1815 
10743 626 442 59 1545 
10744 626 442 1545 1834 
10745 625 1810 1814 1834 
10746 637 1837 1835 1834 
10747 637 1834 1835 1833 
10748 625 114 1837 1814 
10749 1810 1841 1814 1834 
10750 1810 1812 1814 1841 
10751 625 1837 637 1834 
10752 1837 624 1814 114 
10753 1837 1814 624 113 
10754 1837 1841 638 1836 
10755 1814 1812 623 1841 
10756 623 622 1841 1812 
10757 638 1840 639 1836 
10758 1829 1841 1826 1836 
10759 1841 1821 629 1840 
10760 1841 1812 622 1816 
10761 1841 622 629 1816 
10762 622 629 1816 112 
10763 1841 1826 1835 1834 
10764 1841 1810 1811 1826 
10765 1811 1841 1826 1827 
10766 620 1816 1811 1819 
10767 620 1822 111 1816 
10768 1837 1835 1841 1836 
10769 1841 1826 1827 1829 
10770 1809 1526 1819 1524 
10771 1809 441 1545 1815 
10772 1813 1809 1810 1815 
10773 619 54 428 1526 
10774 1810 1809 1811 1826 
10775 1809 1811 1813 1810 
10776 1831 1819 1818 1525 
10777 1819 1525 428 1818 
10778 620 1822 1819 628 
10779 1831 1819 1827 1820 
10780 1832 1809 1524 1808 
10781 1809 1832 1825 1828 
10782 1831 57 425 1528 
10783 1831 57 1824 632 
10784 1831 1528 1824 57 
10785 1819 1525 1825 1524 
10786 1831 1818 1824 1528 
10787 1831 1525 1818 1528 
10788 1831 1819 1525 1825 
10789 1829 633 1823 116 
10790 1829 1823 1839 116 
10791 639 1839 1836 1840 
10792 639 1840 115 1839 
10793 638 1841 1840 1836 
10794 1829 1839 635 116 
10795 1819 1820 1818 628 
10796 1829 1823 1840 1839 
10797 1827 1829 633 1821 
10798 1829 1836 1826 635 
10799 1820 633 1821 1827 
10800 623 1837 1841 638 
10801 1829 1821 1840 1823 
10802 623 1837 1814 1841 
10803 1833 1828 1826 1830 
10804 634 63 1838 1830 
10805 625 1814 1837 1834 
10806 1838 1830 63 1546 
10807 1838 63 444 1546 
10808 1837 623 113 638 
10809 1838 444 62 1546 
10810 1838 1546 62 1833 
10811 1837 623 1814 113 
10812 1841 1810 1812 1811 
10813 1829 1841 1836 1840 
10814 1828 1543 1544 1834 
10815 1825 424 1832 1524 
10816 1832 1543 1547 445 
10817 1832 1543 1808 1547 
10818 1527 23 313 1547 
10819 446 1543 1544 1828 
10820 1828 1833 1544 1830 
10821 1826 634 1835 1830 
10822 1832 1527 24 1547 
10823 1524 427 426 1808 
10824 1828 1544 446 1830 
10825 1808 1547 1543 440 
10826 1809 427 1524 1808 
10827 427 1526 55 1817 
10828 1808 440 1543 441 
10829 1809 1524 1819 1825 
10830 1809 441 1543 1545 
10831 1809 1811 1826 1825 
10832 1527 1808 23 1547 
10833 1808 23 1547 440 
10834 1527 313 24 1547 
10835 1527 1808 426 23 
10836 619 1526 1819 1817 
10837 1809 1808 1543 441 
10838 1837 1841 1835 1834 
10839 1841 1820 1822 1821 
10840 428 1818 1525 429 
10841 1525 1818 1528 429 
10842 1831 1819 1820 1818 
10843 619 1817 54 1526 
10844 1831 1824 1820 632 
10845 1831 425 1525 1528 
10846 620 1816 1819 1822 
10847 1831 1820 1824 1818 
10848 1824 1818 1820 627 
10849 1824 56 1528 1818 
10850 425 1524 424 1825 
10851 54 1526 1817 417 
10852 1819 1827 1825 1831 
10853 1528 1818 56 429 
10854 1819 1525 1526 428 
10855 1527 1808 1524 426 
10856 1811 1826 1825 1827 
10857 1831 1820 1827 632 
10858 1828 1834 1544 1833 
10859 1809 1543 1828 1834 
10860 620 111 1822 628 
10861 1818 628 1820 627 
10862 1822 621 1816 112 
10863 1822 1816 629 112 
10864 1828 1543 1832 445 
10865 1829 1841 1840 1821 
10866 1841 1821 1822 629 
10867 1824 57 1528 422 
10868 1822 621 111 1816 
10869 619 1819 1811 1817 
10870 1811 1813 1817 1809 
10871 629 1840 1821 630 
10872 1809 1526 427 1817 
10873 1832 1547 24 445 
10874 1821 630 1840 1823 
10875 1829 1836 1839 1840 
10876 1824 627 56 1818 
10877 1839 116 1823 631 
10878 1829 633 1821 1823 
10879 1825 1831 425 1525 
10880 1838 62 636 1833 
10881 1840 630 115 1823 
10882 1841 1822 1819 1816 
10883 1829 1841 1821 1827 
10884 635 1835 1836 1826 
10885 1841 1827 1811 1819 
10886 1841 1826 1836 1835 
10887 620 1811 619 1819 
3 19 4 220
10888 118 1856 652 1850 
10889 118 1850 652 645 
10890 1857 1561 62 444 
10891 1857 1561 63 1865 
10892 1857 1561 444 63 
10893 650 651 1852 1854 
10894 1852 1559 452 1561 
10895 1852 452 62 1561 
10896 1852 1853 1854 651 
10897 1852 1559 1561 1865 
10898 1852 451 452 1559 
10899 1852 1853 451 1559 
10900 1854 1861 656 1855 
10901 1854 655 1861 1865 
10902 1854 1875 1855 1856 
10903 653 1874 1858 121 
10904 1875 1863 1861 1855 
10905 656 1858 1863 122 
10906 1854 1853 1856 651 
10907 1863 1873 122 1858 
10908 1863 658 122 1873 
10909 1869 658 657 1860 
10910 1863 1870 1873 1874 
10911 1842 1862 1859 1843 
10912 1862 1584 1868 1583 
10913 1862 1584 459 1864 
10914 459 1583 1862 458 
10915 1862 1583 1866 458 
10916 1866 1586 27 458 
10917 1866 447 27 1562 
10918 1866 27 1586 1562 
10919 1862 1868 1843 1583 
10920 1866 1586 1842 1562 
10921 1866 1583 1586 458 
10922 1862 1867 1868 1584 
10923 1860 1869 1867 1864 
10924 1862 1867 1584 1864 
10925 1843 1846 641 640 
10926 1847 1868 1849 1845 
10927 1843 1583 471 1842 
10928 1843 1846 640 1851 
10929 1848 60 1560 437 
10930 1868 1851 1845 1846 
10931 1848 641 61 450 
10932 1868 1846 1859 1862 
10933 1843 641 1848 450 
10934 1868 1851 1846 1843 
10935 1848 60 642 1560 
10936 1843 1585 1868 1851 
10937 1848 61 1560 450 
10938 1868 648 1845 649 
10939 1868 1845 1851 649 
10940 1844 1853 1859 1846 
10941 1875 1847 646 645 
10942 1875 652 1850 645 
10943 1875 1850 1847 645 
10944 1847 1868 1859 1860 
10945 1868 660 1869 1871 
10946 1843 1560 1853 1558 
10947 1853 1847 1861 1875 
10948 1875 661 1870 1874 
10949 1855 1863 656 1858 
10950 646 661 119 1849 
10951 1875 1850 652 1856 
10952 1847 1859 1861 1860 
10953 1875 1871 661 1849 
10954 1855 1874 1863 1858 
10955 118 644 1856 1850 
10956 1852 1559 1859 1853 
10957 1861 1854 656 655 
10958 1854 1875 1853 1861 
10959 1856 1853 643 651 
10960 1850 1844 643 1853 
10961 1856 643 1850 117 
10962 1856 1853 1850 643 
10963 1868 1871 648 660 
10964 1875 646 1847 1849 
10965 1862 1866 1583 1842 
10966 1853 1560 1559 1558 
10967 1853 451 1559 1560 
10968 1853 642 451 1560 
10969 1861 1852 1865 1859 
10970 1852 1859 1559 1865 
10971 642 1560 60 451 
10972 1855 1858 653 1874 
10973 1843 1585 471 1583 
10974 1868 1584 1585 1583 
10975 1857 63 655 1865 
10976 1854 1855 1875 1861 
10977 1855 652 1875 1874 
10978 1854 1853 1875 1856 
10979 1875 1850 1856 1853 
10980 1859 1844 1845 1847 
10981 1868 1875 1871 1869 
10982 1843 1560 1558 450 
10983 1855 656 1863 1861 
10984 654 1858 1873 121 
10985 1873 121 1874 662 
10986 1873 121 1858 1874 
10987 1857 1852 1561 1865 
10988 1870 662 1874 661 
10989 1867 1862 1868 1860 
10990 1862 1846 1859 1843 
10991 1855 1874 653 652 
10992 1875 1863 1855 1874 
10993 1868 1871 1875 1849 
10994 1863 1860 658 1870 
10995 1873 1874 1870 662 
10996 1863 658 1873 1870 
10997 1875 1863 1874 1870 
10998 1863 1860 1875 1861 
10999 1875 1871 1870 661 
11000 1875 1863 1870 1860 
11001 119 647 1849 1871 
11002 1853 1847 1844 1859 
11003 119 1849 661 1871 
11004 1849 1871 647 120 
11005 1868 1845 1859 1846 
11006 1868 1869 660 1867 
11007 660 659 1867 1869 
11008 657 1864 1872 1869 
11009 657 1864 66 1872 
11010 1872 1587 1867 1864 
11011 66 464 1872 1587 
11012 66 1872 1864 1587 
11013 1587 459 1584 1864 
11014 1587 473 68 1867 
11015 1872 1864 1867 1869 
11016 1587 1584 1867 1864 
11017 66 1587 1864 459 
11018 1872 1867 68 659 
11019 1872 1867 659 1869 
11020 1860 1869 1868 1867 
11021 459 1583 1584 1862 
11022 640 471 1851 69 
11023 1868 1849 648 1871 
11024 1587 473 1867 1584 
11025 1868 1585 472 649 
11026 1868 1851 1585 649 
11027 1859 1558 1853 1559 
11028 1585 467 1851 69 
11029 1585 1851 471 69 
11030 1843 1848 1560 450 
11031 1868 1845 648 1849 
11032 643 1853 1844 642 
11033 1869 658 1860 1870 
11034 1846 1859 1843 1853 
11035 1847 1850 1853 1844 
11036 1872 1587 464 68 
11037 471 1842 1583 470 
11038 1860 1864 657 1869 
11039 1583 470 1842 1586 
11040 1842 450 1558 449 
11041 70 1851 1585 467 
11042 1843 1851 640 471 
11043 1842 1862 1866 1859 
11044 1848 642 1844 1853 
11045 1842 1586 470 29 
11046 1586 1562 332 29 
11047 1859 1558 1842 1843 
11048 1842 1558 1562 449 
11049 70 472 1585 649 
11050 1867 473 472 1584 
11051 1586 1562 27 332 
11052 1866 1562 1842 1558 
11053 1859 1860 1868 1862 
11054 1866 447 1562 1558 
11055 1857 1854 650 1852 
11056 1856 1850 644 117 
11057 1857 655 1854 1865 
11058 1857 1852 650 62 
11059 1847 1850 1875 1853 
11060 1561 1559 448 1865 
11061 1852 1861 1854 1853 
11062 63 1561 448 1865 
11063 1875 1870 1871 1869 
11064 1861 1852 1859 1853 
11065 1846 1862 1868 1843 
11066 1859 1558 1843 1853 
11067 1859 448 1559 1865 
11068 1866 1586 1583 1842 
11069 1866 1859 447 1558 
11070 1843 1560 1848 1853 
11071 1875 1847 1868 1849 
11072 1843 1868 1585 1583 
11073 1848 1560 61 437 
11074 1857 1561 1852 62 
11075 1852 1854 1861 1865 
11076 448 1558 1859 1559 
11077 1845 1847 1868 1859 
11078 1853 1848 1843 1846 
11079 1868 1584 1867 472 
11080 1859 1853 1847 1861 
11081 448 1558 447 1859 
11082 1853 1848 1846 1844 
11083 1863 1874 1873 1858 
11084 1872 1867 1587 68 
11085 1847 1860 1875 1868 
11086 1843 1558 1842 450 
11087 1860 1870 1875 1869 
11088 648 1871 1849 120 
11089 1842 1562 29 449 
11090 1857 1854 1852 1865 
11091 1848 642 1853 1560 
11092 1842 1562 1586 29 
11093 1860 1875 1868 1869 
11094 1861 1847 1860 1875 
11095 1867 1862 1860 1864 
11096 70 1585 1851 649 
11097 1843 471 1585 1851 
11098 648 1871 120 660 
11099 1843 1846 1848 641 
11100 1855 1856 1875 652 
11101 1875 661 646 1849 
11102 1856 643 117 651 
11103 1862 1583 1843 1842 
11104 1868 1584 472 1585 
11105 122 1873 654 1858 
11106 1859 1558 1866 1842 
11107 1844 1845 1846 1859 
3 20 4 108
11108 672 1884 1890 1893 
11109 126 669 1884 1893 
11110 127 1893 671 674 
11111 127 1890 671 1893 
11112 671 670 1895 1888 
11113 671 1895 1890 1888 
11114 126 1890 672 1884 
11115 1890 1893 1884 1895 
11116 674 1893 1895 1891 
11117 674 1891 1895 1894 
11118 1884 1888 1895 1885 
11119 1886 667 1887 1882 
11120 1886 1880 667 1882 
11121 1886 125 1880 669 
11122 1886 667 1880 125 
11123 1880 1891 125 666 
11124 1880 1891 666 1881 
11125 1886 1882 1887 1885 
11126 1886 669 1880 1891 
11127 666 1881 1892 66 
11128 666 1891 1892 1881 
11129 1884 1893 669 1891 
11130 1886 1882 1895 1894 
11131 1892 68 464 1576 
11132 463 462 1575 1894 
11133 673 68 1892 1894 
11134 671 1893 1890 1895 
11135 1884 669 1886 1891 
11136 1895 1888 1877 1885 
11137 67 1577 1889 461 
11138 67 1577 670 1889 
11139 1895 1889 1877 1888 
11140 1895 1885 1877 1878 
11141 671 674 1893 1895 
11142 1895 1575 462 1894 
11143 1877 455 1577 1575 
11144 1576 1575 1881 1894 
11145 1895 670 1577 1889 
11146 1886 1894 1881 1882 
11147 462 670 67 1577 
11148 1877 1876 1878 1885 
11149 1877 1889 65 665 
11150 455 64 1575 1879 
11151 64 1883 1879 663 
11152 1879 663 1883 1878 
11153 1575 1879 64 1883 
11154 1883 1878 663 1882 
11155 1886 1891 1881 1894 
11156 1892 66 1881 1576 
11157 1884 1888 1885 668 
11158 1878 1876 664 1885 
11159 1878 664 1887 1885 
11160 1878 123 1887 664 
11161 1575 64 460 1883 
11162 1878 1887 123 1882 
11163 1886 1885 1895 1882 
11164 1886 1880 1881 1891 
11165 1884 1895 1886 1885 
11166 1895 1575 1894 1882 
11167 1892 1894 1881 1891 
11168 1878 123 663 1882 
11169 1575 1881 1894 1882 
11170 1877 1879 455 1575 
11171 664 1885 1876 124 
11172 1886 1881 1880 1882 
11173 1880 125 1891 669 
11174 1895 1577 1877 1889 
11175 1876 124 668 1888 
11176 1895 1885 1878 1882 
11177 1895 670 1889 1888 
11178 1876 668 1885 1888 
11179 1575 1881 1883 460 
11180 1878 1885 1887 1882 
11181 1877 455 65 1577 
11182 1895 1575 1877 1577 
11183 1575 1883 1881 1882 
11184 1886 1894 1895 1891 
11185 1895 1878 1877 1575 
11186 1876 124 1885 668 
11187 1877 1879 1575 1878 
11188 672 1890 127 1893 
11189 1884 1895 1893 1891 
11190 126 1890 1884 668 
11191 1889 1577 65 461 
11192 1877 65 1889 1577 
11193 1877 1888 1876 1885 
11194 1877 665 1876 1888 
11195 1877 1889 665 1888 
11196 1576 68 463 1894 
11197 1895 462 1575 1577 
11198 1895 1878 1575 1882 
11199 1892 1894 1576 1881 
11200 1890 1884 1888 1895 
11201 1876 124 1888 665 
11202 1895 670 462 1577 
11203 126 1884 672 1893 
11204 674 673 1891 1894 
11205 1887 667 123 1882 
11206 1576 1881 1575 460 
11207 1890 1888 1884 668 
11208 1892 68 1576 1894 
11209 1575 1878 1883 1882 
11210 1575 1878 1879 1883 
11211 1892 464 66 1576 
11212 1576 463 1575 1894 
11213 66 1881 1576 460 
11214 1884 1886 1895 1891 
11215 673 1894 1892 1891 
3 21 4 147
11216 487 1620 1896 1621 
11217 1917 491 1620 1623 
11218 1899 76 1908 1623 
11219 1917 1916 1901 1910 
11220 129 678 1907 1902 
11221 1917 1901 1904 1897 
11222 1917 1908 1899 1906 
11223 1901 1903 1905 1914 
11224 1900 1624 1915 1606 
11225 1914 686 1911 1909 
11226 1620 1899 486 1896 
11227 1917 1906 683 1908 
11228 1915 483 1606 35 
11229 1900 1915 1621 1896 
11230 1914 687 1909 1913 
11231 1898 1896 1914 1915 
11232 1903 1605 74 479 
11233 1915 483 1604 1606 
11234 1622 1911 79 493 
11235 1914 1909 1911 1910 
11236 1900 1624 1621 1915 
11237 1905 72 476 1604 
11238 681 1907 1912 129 
11239 681 1912 1907 130 
11240 1912 129 1902 679 
11241 1912 1902 129 1907 
11242 1912 679 1902 1910 
11243 1912 1902 1907 1916 
11244 1907 682 130 1916 
11245 1907 1906 1902 678 
11246 1902 1904 1906 1916 
11247 1902 1906 1904 678 
11248 1902 1901 1904 1916 
11249 1907 1916 1906 682 
11250 1912 130 684 1916 
11251 684 1916 685 1910 
11252 1902 1910 1901 1916 
11253 685 1916 1917 1910 
11254 685 1917 492 1911 
11255 78 1911 1622 493 
11256 78 1911 492 1622 
11257 685 1910 1917 1911 
11258 685 492 78 1911 
11259 492 1622 1917 1620 
11260 683 682 1906 1916 
11261 1620 1621 1914 1896 
11262 491 1908 77 1623 
11263 1917 1914 1911 1910 
11264 490 1908 76 1623 
11265 486 76 1899 1623 
11266 1917 1901 1914 1910 
11267 487 1620 486 1896 
11268 1620 486 1899 1623 
11269 1899 1906 677 1897 
11270 1899 1906 1908 677 
11271 1917 1623 1620 1899 
11272 1899 677 1908 76 
11273 677 1906 1904 1897 
11274 128 1897 1904 676 
11275 1904 1901 676 1897 
11276 677 1904 128 1897 
11277 1917 1908 491 1623 
11278 676 1896 1897 1901 
11279 676 1896 1901 675 
11280 1905 1903 479 1604 
11281 1901 1914 1898 1896 
11282 1904 1917 1906 1916 
11283 1905 675 1898 72 
11284 1901 1914 1905 1898 
11285 1905 479 72 1604 
11286 1917 1899 1620 1896 
11287 1900 1621 487 1896 
11288 1900 487 1621 1624 
11289 1900 1624 33 487 
11290 1621 494 1914 1915 
11291 1917 683 1906 1916 
11292 1917 1897 1899 1896 
11293 495 1915 1624 35 
11294 1914 687 686 1909 
11295 1917 1896 1620 1914 
11296 1621 1915 1914 1896 
11297 1917 1914 1620 1622 
11298 1917 1906 1899 1897 
11299 1620 1914 1621 1622 
11300 494 686 79 1911 
11301 1917 1914 1901 1896 
11302 492 1911 1917 1622 
11303 1621 1624 495 1915 
11304 1621 1622 1914 494 
11305 492 1620 1917 491 
11306 1914 686 494 1911 
11307 1904 1917 1897 1906 
11308 1622 1911 494 79 
11309 1909 680 1903 1913 
11310 1914 482 1605 1604 
11311 1910 680 1901 1909 
11312 1914 1915 482 1604 
11313 1898 1915 1900 1896 
11314 1901 1898 1905 675 
11315 1901 1903 1909 680 
11316 1901 1903 1914 1909 
11317 1912 1910 1902 1916 
11318 1913 1605 481 74 
11319 1913 75 481 1605 
11320 1905 1914 1903 1604 
11321 687 75 1913 1605 
11322 1914 1913 1903 1605 
11323 482 1604 1915 483 
11324 1914 1909 1903 1913 
11325 687 75 1605 482 
11326 1901 1898 675 1896 
11327 1621 1915 495 494 
11328 1900 476 1606 1604 
11329 1915 1606 1624 35 
11330 1905 72 1898 476 
11331 1914 482 687 1605 
11332 1917 1623 1899 1908 
11333 1900 476 33 1606 
11334 1624 33 350 1606 
11335 1624 1606 350 35 
11336 1898 1900 1604 476 
11337 677 1906 128 1904 
11338 1910 680 679 1901 
11339 1914 687 1913 1605 
11340 1900 1606 1915 1604 
11341 1917 1904 1901 1916 
11342 1903 1913 680 74 
11343 1905 1898 1914 1604 
11344 1914 1605 1903 1604 
11345 1900 33 1624 1606 
11346 1903 1604 1605 479 
11347 128 678 1904 1906 
11348 1914 494 1622 1911 
11349 1917 1911 1914 1622 
11350 1898 1604 1900 1915 
11351 1905 476 1898 1604 
11352 1903 1605 1913 74 
11353 683 77 491 1908 
11354 1902 1910 679 1901 
11355 490 77 1908 1623 
11356 1912 684 1910 1916 
11357 1912 1907 130 1916 
11358 1898 1915 1914 1604 
11359 1901 1909 1914 1910 
11360 1907 1916 1902 1906 
11361 1917 1901 1897 1896 
11362 1917 683 491 1908 
3 22 4 145
11363 512 1654 1918 1655 
11364 1937 85 518 1657 
11365 1930 1939 1656 696 
11366 1928 1934 698 697 
11367 1933 513 1658 1609 
11368 1924 131 1919 1935 
11369 1933 1928 1923 1934 
11370 1609 1607 477 1922 
11371 1933 1920 1607 1922 
11372 1930 1939 696 1929 
11373 700 699 1938 1935 
11374 1933 1925 1918 1923 
11375 1655 1939 1657 517 
11376 1930 1656 1934 83 
11377 1926 1924 1935 693 
11378 696 1939 1938 1929 
11379 1937 85 1657 517 
11380 1930 1939 1929 1934 
11381 1918 1935 1919 1921 
11382 1933 1925 1607 1920 
11383 1926 693 1936 132 
11384 1918 1919 1924 690 
11385 1607 1925 73 1920 
11386 1918 1654 1934 1939 
11387 1918 1655 1921 512 
11388 1608 1607 484 1933 
11389 1938 1918 1939 1935 
11390 1658 511 1654 1922 
11391 1924 131 1935 693 
11392 1924 690 1919 131 
11393 1932 692 1927 1928 
11394 1932 692 74 1927 
11395 1932 1927 1933 1928 
11396 1932 1608 75 698 
11397 484 1933 1607 485 
11398 1608 1933 484 698 
11399 1608 698 484 75 
11400 1933 1654 513 1934 
11401 1933 485 1609 1607 
11402 1933 513 1609 485 
11403 1933 698 1928 1934 
11404 1932 1608 481 75 
11405 74 1608 1927 480 
11406 1608 1607 1933 1927 
11407 34 1658 353 1609 
11408 36 485 1609 513 
11409 1658 513 36 1609 
11410 353 1609 1658 36 
11411 477 1607 1920 1922 
11412 1933 1658 1654 1922 
11413 477 1920 1607 73 
11414 1933 1925 1923 1927 
11415 1933 1654 1918 1922 
11416 34 1922 1609 477 
11417 1608 480 1607 1927 
11418 1933 1923 1928 1927 
11419 1607 1927 480 1925 
11420 689 1918 1920 1925 
11421 73 1925 689 1920 
11422 34 511 1658 1922 
11423 1935 1938 1918 1924 
11424 1918 1655 1939 1921 
11425 1923 1928 1927 692 
11426 1923 1938 1926 1924 
11427 689 1918 1923 690 
11428 1607 1925 480 73 
11429 1918 1655 1654 1939 
11430 1933 1918 1654 1934 
11431 689 1923 1918 1925 
11432 1923 1926 1929 691 
11433 1918 1938 1929 1923 
11434 1929 1934 1918 1923 
11435 1933 1923 1918 1934 
11436 1928 697 1930 1934 
11437 1932 74 481 1608 
11438 1929 692 1923 691 
11439 1923 1926 1938 1929 
11440 1929 1934 1939 1918 
11441 1930 1656 515 84 
11442 1930 696 1656 84 
11443 1656 1939 516 696 
11444 513 1934 1654 514 
11445 1933 1607 1609 1922 
11446 1933 1925 1920 1918 
11447 1933 1658 513 1654 
11448 1933 1609 1658 1922 
11449 34 1922 1658 1609 
11450 1933 1927 1607 1925 
11451 1918 1924 1923 690 
11452 512 1654 511 1918 
11453 1655 1939 517 516 
11454 700 517 1937 1939 
11455 700 85 1937 517 
11456 700 1939 1937 1935 
11457 1937 688 1935 1921 
11458 1937 1921 82 688 
11459 1937 1935 1939 1921 
11460 1937 1939 1657 1921 
11461 1937 1921 1657 82 
11462 1657 82 1921 512 
11463 1918 1922 1654 511 
11464 1656 514 1654 1934 
11465 1939 1654 1656 1655 
11466 1656 1939 1655 516 
11467 1656 696 516 84 
11468 1655 1657 1921 512 
11469 1656 514 1934 83 
11470 1930 1656 1939 1934 
11471 1930 697 83 1934 
11472 1939 1654 1934 1656 
11473 696 1929 1938 695 
11474 699 1936 1938 1935 
11475 699 133 1938 1936 
11476 1938 1929 1931 695 
11477 1938 1931 133 695 
11478 1938 1936 133 1931 
11479 1938 1936 1931 1926 
11480 1930 515 1656 83 
11481 133 1936 694 1931 
11482 694 1931 1936 132 
11483 1938 1935 1926 1924 
11484 1938 1923 1918 1924 
11485 1931 1926 1936 132 
11486 1931 691 1926 132 
11487 1929 1926 1931 691 
11488 1932 1933 698 1928 
11489 1938 1931 1929 1926 
11490 1932 74 1608 1927 
11491 1923 1928 1929 1934 
11492 1929 692 1928 1923 
11493 1919 1935 688 1921 
11494 1918 1939 1935 1921 
11495 1919 131 688 1935 
11496 1926 1935 1936 693 
11497 700 1938 1939 1935 
11498 1928 1930 1929 1934 
11499 1935 1919 1924 1918 
11500 1938 1936 1926 1935 
11501 1929 1938 1918 1939 
11502 1937 517 1657 1939 
11503 1937 1657 518 82 
11504 1655 1921 1657 1939 
11505 1933 1918 1920 1922 
11506 1932 1933 1608 698 
11507 1932 1608 1933 1927 
3 23 4 220
11508 533 1688 1941 1689 
11509 80 1958 1967 1627 
11510 1963 1942 1968 1961 
11511 500 1968 1969 1625 
11512 1961 1941 1942 1940 
11513 500 1628 1625 1969 
11514 1973 1964 1960 1963 
11515 1628 1691 541 40 
11516 1628 39 1691 367 
11517 1628 39 489 1945 
11518 488 1629 1626 1947 
11519 1956 536 89 1692 
11520 1628 1969 1691 1945 
11521 1948 702 1940 1949 
11522 707 1948 1971 1950 
11523 1942 1626 489 1625 
11524 702 1940 1949 1947 
11525 1959 1940 1962 1961 
11526 1969 1941 1973 1688 
11527 1960 1966 1972 1970 
11528 1941 1689 1945 533 
11529 1969 1689 1690 540 
11530 1969 1973 1690 1688 
11531 1629 1952 490 77 
11532 1629 1947 1952 1959 
11533 1629 710 1952 77 
11534 1941 1960 1972 1943 
11535 1941 532 1944 1688 
11536 1973 1690 538 723 
11537 1973 1688 538 1690 
11538 1960 1973 1972 723 
11539 1969 1973 1964 1690 
11540 1963 1941 1973 1969 
11541 1691 39 1945 533 
11542 1968 1958 1961 1942 
11543 1626 1958 497 1627 
11544 1629 76 1952 1947 
11545 1626 1959 1942 1947 
11546 496 1959 1629 710 
11547 1626 1942 489 488 
11548 488 1947 1626 1942 
11549 1626 1968 1625 1942 
11550 1626 1958 496 497 
11551 1626 1947 1629 1959 
11552 80 1967 498 1627 
11553 134 1957 1946 703 
11554 705 135 1951 1957 
11555 1951 706 1957 135 
11556 134 1957 1951 1946 
11557 1957 1954 1946 703 
11558 134 1951 701 1946 
11559 1957 1971 1946 1954 
11560 1957 706 1971 711 
11561 134 1957 705 1951 
11562 1951 1948 1971 706 
11563 1957 135 706 711 
11564 708 136 1965 1950 
11565 1965 137 1950 717 
11566 1962 1965 1959 1961 
11567 1971 1970 720 1962 
11568 1951 1971 1957 706 
11569 1943 1971 1940 1962 
11570 1971 1940 1948 1946 
11571 1971 1940 1946 1943 
11572 1971 711 1970 1954 
11573 1950 137 709 717 
11574 1950 709 1959 717 
11575 1951 1946 1948 701 
11576 1950 709 1949 1959 
11577 1971 1959 1950 1948 
11578 1951 1971 1948 1946 
11579 1948 1946 1940 701 
11580 702 1947 1952 76 
11581 702 1949 1952 1947 
11582 1952 1947 1949 1959 
11583 1952 1949 710 1959 
11584 1948 702 701 1940 
11585 1629 1959 1952 710 
11586 710 1959 1949 709 
11587 1949 1940 1959 1947 
11588 1965 717 1950 1959 
11589 1942 1959 1958 1961 
11590 1959 1958 1961 717 
11591 1951 1946 1957 1971 
11592 708 1965 137 1950 
11593 1948 1959 1949 1940 
11594 1950 1949 1948 1959 
11595 1965 1971 720 1962 
11596 1965 1950 1971 1959 
11597 1965 1971 707 720 
11598 1965 1950 707 1971 
11599 1969 541 1689 540 
11600 1969 718 1963 1968 
11601 1942 1969 1941 1963 
11602 1963 719 1968 718 
11603 1963 1941 1961 1960 
11604 1963 1968 1967 1961 
11605 1963 1967 1968 719 
11606 1942 1969 1963 1968 
11607 1969 1691 1689 541 
11608 1969 1625 1968 1942 
11609 1967 716 1961 1958 
11610 1969 1964 1963 718 
11611 1961 1960 1940 1962 
11612 1961 716 717 1958 
11613 1942 1959 1961 1940 
11614 1961 1960 1941 1940 
11615 1969 1945 1941 1689 
11616 1969 1689 1691 1945 
11617 1965 717 1959 1961 
11618 500 541 1628 1969 
11619 1968 1958 1967 1961 
11620 1629 76 490 1952 
11621 1941 1944 1953 1973 
11622 1941 1944 1973 1688 
11623 1969 1690 1689 1688 
11624 1940 1962 1960 1943 
11625 1943 1971 1962 1970 
11626 1959 1940 1971 1962 
11627 1946 1954 1943 703 
11628 1971 1946 1954 1943 
11629 720 1970 721 1962 
11630 721 1966 1962 1970 
11631 721 1966 1970 138 
11632 1971 1959 1948 1940 
11633 1962 1966 1960 1970 
11634 722 1972 1960 1966 
11635 722 139 1972 1966 
11636 722 1960 1972 723 
11637 1959 1940 1942 1947 
11638 1964 90 1690 723 
11639 1964 1690 90 539 
11640 1964 1690 1973 723 
11641 1973 537 538 1688 
11642 1941 1944 1943 1953 
11643 1969 1689 1941 1688 
11644 714 1972 1953 715 
11645 714 1953 1972 1955 
11646 714 1972 139 1955 
11647 1969 1690 1964 540 
11648 1972 1954 1955 1953 
11649 1972 1966 139 1955 
11650 1966 1970 138 1955 
11651 1969 1964 718 540 
11652 712 1970 1954 1955 
11653 1966 1955 138 713 
11654 1941 1972 1960 1973 
11655 1972 1970 1966 1955 
11656 1960 1964 1973 723 
11657 1962 1970 1960 1943 
11658 1962 1965 1971 1959 
11659 1972 1954 1970 1955 
11660 704 1944 1953 1943 
11661 1954 704 1953 1943 
11662 704 1944 1956 1953 
11663 1956 88 1692 1944 
11664 89 537 715 1692 
11665 1953 1972 1941 1973 
11666 138 1970 712 1955 
11667 712 1954 1970 711 
11668 1973 1956 715 1692 
11669 1941 1943 1940 1960 
11670 704 1956 1944 88 
11671 1973 1944 1956 1692 
11672 1973 1953 1972 715 
11673 1954 704 1943 703 
11674 1973 715 1956 1953 
11675 1965 1950 136 707 
11676 1956 89 715 1692 
11677 533 1688 532 1941 
11678 1956 1692 88 536 
11679 1957 711 1971 1954 
11680 1972 1943 1970 1954 
11681 707 1971 1948 706 
11682 139 1955 1966 713 
11683 1965 707 136 720 
11684 1972 1943 1954 1953 
11685 1960 1970 1972 1943 
11686 88 532 1692 1944 
11687 1973 1944 1692 1688 
11688 90 538 1690 723 
11689 1953 1972 1943 1941 
11690 1973 1692 537 1688 
11691 91 1690 1964 539 
11692 1973 715 537 1692 
11693 1689 1691 1945 533 
11694 1973 1964 1963 1969 
11695 1968 1627 1967 1958 
11696 1969 1942 1941 1945 
11697 1963 1942 1961 1941 
11698 1626 1629 496 1959 
11699 1628 1691 1969 541 
11700 1973 1956 1944 1953 
11701 1963 1941 1960 1973 
11702 1626 1942 1959 1958 
11703 91 1964 1690 540 
11704 1971 1954 1970 1943 
11705 91 718 1964 540 
11706 1969 1625 1942 1945 
11707 532 1688 1692 1944 
11708 500 1628 541 40 
11709 500 499 1968 1625 
11710 499 1627 1968 1625 
11711 81 1968 1627 1967 
11712 81 719 1968 1967 
11713 81 1968 499 1627 
11714 80 716 1967 1958 
11715 498 1967 81 1627 
11716 1626 1627 1968 1958 
11717 1626 1959 496 1958 
11718 1628 1945 1691 39 
11719 497 1958 80 1627 
11720 496 710 1629 77 
11721 1626 1968 1627 1625 
11722 1626 1958 1968 1942 
11723 488 1629 1947 76 
11724 489 1942 1625 1945 
11725 1628 1625 1969 1945 
11726 1628 1945 489 1625 
11727 1628 367 1691 40 
3 24 4 323
11728 2011 1982 2007 730 
11729 1661 1974 1663 1664 
11730 1985 1984 1633 1639 
11731 503 1639 1985 726 
11732 1639 1985 1984 503 
11733 1635 1997 1633 1996 
11734 2005 1724 2009 2013 
11735 1663 1633 1975 1999 
11736 2012 2011 2010 1988 
11737 1663 1997 1664 1633 
11738 1661 519 520 1974 
11739 507 42 1637 1725 
11740 1636 81 498 1993 
11741 507 556 42 1725 
11742 2009 1722 1997 1721 
11743 1988 1984 1986 1989 
11744 47 1665 1722 392 
11745 1724 561 1718 2013 
11746 1721 2009 1718 1720 
11747 2005 563 2009 1724 
11748 1997 2000 2012 1999 
11749 2012 2004 2000 747 
11750 557 41 1725 1637 
11751 1663 2008 1662 1997 
11752 2006 1666 523 86 
11753 1632 1637 506 1995 
11754 1725 41 370 1637 
11755 1997 1722 555 1719 
11756 507 1725 1997 556 
11757 47 564 1665 525 
11758 1997 1725 1720 1719 
11759 2008 524 87 1666 
11760 1665 1997 2009 1722 
11761 1668 37 501 1638 
11762 1665 2009 564 1722 
11763 2012 2013 2009 1718 
11764 507 1637 1635 1997 
11765 2002 2000 1999 2012 
11766 87 523 2006 1666 
11767 2008 524 1662 525 
11768 749 2003 2005 2008 
11769 1997 2012 1720 1632 
11770 1666 86 1998 522 
11771 2008 1999 2000 1997 
11772 1997 1999 1633 1663 
11773 1991 2012 2010 1988 
11774 735 1985 1984 1992 
11775 2011 1999 1982 1979 
11776 1978 2011 1976 1979 
11777 1718 561 560 2013 
11778 1978 1983 726 1639 
11779 520 1975 724 1667 
11780 1988 1992 1978 2011 
11781 736 1981 729 141 
11782 1633 1975 1974 1663 
11783 2010 2002 2012 2004 
11784 1992 1985 1988 1978 
11785 2008 1666 1663 1662 
11786 2005 2008 2000 2009 
11787 1998 2008 1666 1663 
11788 521 733 1980 84 
11789 1998 521 1999 1663 
11790 741 1990 1995 558 
11791 506 41 557 1637 
11792 1998 522 521 1663 
11793 2006 2001 1998 743 
11794 1668 1638 1633 1996 
11795 1999 1980 1975 1667 
11796 2008 2006 87 750 
11797 2003 2005 2008 2000 
11798 1978 2011 1981 1976 
11799 2001 2008 2003 2006 
11800 1636 505 1994 1632 
11801 521 1667 1999 1663 
11802 1998 2001 744 743 
11803 47 1722 1665 564 
11804 2005 97 1724 562 
11805 1997 556 1725 1719 
11806 2009 1721 1997 1720 
11807 2007 2002 1999 2011 
11808 1639 1975 502 1633 
11809 2006 1998 86 743 
11810 2008 1662 524 1666 
11811 1664 526 1996 1997 
11812 2008 87 2006 1666 
11813 2009 1724 563 1721 
11814 1983 1639 1975 502 
11815 140 728 1981 1992 
11816 729 730 1976 2011 
11817 1977 1979 1975 1978 
11818 2005 749 2008 2009 
11819 1978 1975 1999 1979 
11820 1976 1982 2011 730 
11821 1976 1979 2011 1982 
11822 1988 1985 1984 1633 
11823 2007 1982 1999 744 
11824 2011 1999 2007 1982 
11825 2007 730 1982 142 
11826 2007 143 1982 744 
11827 2009 2012 1718 1720 
11828 1982 143 732 744 
11829 731 1982 2007 143 
11830 732 1999 733 1979 
11831 736 2011 1981 1992 
11832 1982 732 1999 744 
11833 521 1980 1999 1667 
11834 733 1999 1980 1979 
11835 2008 2003 2000 2001 
11836 521 1980 733 1999 
11837 1997 2008 1665 2009 
11838 724 1667 1980 83 
11839 724 1667 1975 1980 
11840 724 1980 1975 1977 
11841 501 1633 1668 1638 
11842 1639 1978 1983 1975 
11843 1632 1997 2012 1633 
11844 724 1977 1975 725 
11845 1982 1999 732 1979 
11846 78 1983 1639 726 
11847 78 493 1639 1983 
11848 1989 1632 1994 1995 
11849 502 79 725 1983 
11850 502 1639 79 1983 
11851 1720 1632 1637 1997 
11852 79 1983 1639 493 
11853 502 725 1975 1983 
11854 1997 1662 1664 1665 
11855 1992 1981 1978 2011 
11856 1975 725 1977 1983 
11857 80 1984 504 1636 
11858 1981 1992 728 141 
11859 1997 1720 1721 1719 
11860 1985 1988 1978 1633 
11861 2012 1997 1999 1633 
11862 1997 1721 1722 1719 
11863 2006 2008 1998 2001 
11864 1632 1995 2012 1720 
11865 1980 83 1667 515 
11866 1980 515 1667 84 
11867 2006 1998 1666 86 
11868 1633 1985 1639 1978 
11869 1634 1636 1984 1632 
11870 2009 1997 2008 2000 
11871 1997 2008 1999 1663 
11872 1664 1663 1633 1974 
11873 1998 744 2001 1999 
11874 1666 522 1998 1663 
11875 2008 750 749 2003 
11876 2001 744 2007 1999 
11877 1984 1634 1639 503 
11878 96 561 1724 2013 
11879 2012 747 739 1991 
11880 145 1991 2004 738 
11881 731 142 2007 1982 
11882 519 1974 1668 37 
11883 144 1991 2004 2010 
11884 1667 1975 1974 520 
11885 2012 2010 2004 1991 
11886 2002 2007 745 2011 
11887 1981 2011 729 1976 
11888 1664 526 527 1996 
11889 527 38 1668 1996 
11890 1633 1664 1668 1996 
11891 2002 2010 746 2004 
11892 1664 1665 526 1997 
11893 2011 2010 2002 2012 
11894 1999 2001 1998 2008 
11895 2002 2010 745 746 
11896 1974 1661 519 1668 
11897 1663 1975 1667 1999 
11898 1664 1996 527 1668 
11899 526 46 555 1722 
11900 526 1665 46 1722 
11901 140 1981 727 1992 
11902 2000 2009 1997 2012 
11903 1975 1977 1978 1983 
11904 506 557 1995 1637 
11905 736 1992 1981 141 
11906 1997 1633 1996 1664 
11907 736 1981 2011 729 
11908 2012 747 2000 2013 
11909 145 1991 747 2004 
11910 1636 1989 1994 742 
11911 1636 1989 742 1993 
11912 1995 558 1990 1723 
11913 1633 1984 1634 1639 
11914 1994 741 742 1989 
11915 80 1993 1984 1636 
11916 1720 1632 1995 1637 
11917 1664 1661 1974 1668 
11918 525 1665 2008 2009 
11919 1989 2012 1990 1987 
11920 1975 1999 1633 1978 
11921 1989 1988 2012 1987 
11922 727 1985 1978 726 
11923 1978 1992 1985 727 
11924 1978 1992 727 1981 
11925 80 1993 1636 498 
11926 1632 1636 1989 1994 
11927 1999 2002 2012 2011 
11928 1984 1636 1993 1989 
11929 735 140 727 1992 
11930 735 727 1985 1992 
11931 2011 1633 1999 1978 
11932 1988 1633 1989 2012 
11933 1988 2011 736 1992 
11934 1988 736 2011 2010 
11935 2002 1999 2001 2007 
11936 739 747 145 1991 
11937 747 748 2000 2013 
11938 144 738 2004 1991 
11939 2005 97 563 1724 
11940 2002 2011 745 2010 
11941 2008 2001 2000 1999 
11942 737 1991 144 2010 
11943 737 736 1988 2010 
11944 737 1988 1991 2010 
11945 746 2010 144 2004 
11946 2008 2003 2006 750 
11947 745 730 2011 2007 
11948 745 730 2007 142 
11949 2002 2012 2004 2000 
11950 2012 2009 1997 1720 
11951 2008 1662 1997 1665 
11952 2013 2000 2009 2005 
11953 507 1997 1725 1637 
11954 742 81 1636 1993 
11955 1997 555 556 1719 
11956 2008 1666 2006 1998 
11957 1974 1664 1668 1633 
11958 2005 97 749 563 
11959 1663 1998 2008 1999 
11960 1665 564 2009 525 
11961 2009 1721 564 1722 
11962 2009 563 564 1721 
11963 2001 2002 2000 1999 
11964 2005 563 749 2009 
11965 2012 2013 2000 2009 
11966 2005 1724 96 562 
11967 2005 96 1724 2013 
11968 1662 1663 1997 1664 
11969 747 2012 2004 1991 
11970 748 2005 2013 96 
11971 748 2005 2000 2013 
11972 1988 2012 1987 1991 
11973 1995 1990 1989 2012 
11974 2013 2009 1718 1724 
11975 1633 1984 1989 1632 
11976 2012 739 1987 1991 
11977 2012 1723 1718 1720 
11978 740 1723 95 560 
11979 2012 740 560 1723 
11980 2012 560 1718 1723 
11981 2009 1718 1724 1721 
11982 2012 739 740 1987 
11983 2012 1718 560 2013 
11984 1990 1987 2012 740 
11985 1990 740 2012 1723 
11986 1990 95 740 1723 
11987 1990 559 95 1723 
11988 1990 94 1723 558 
11989 1990 94 559 1723 
11990 1997 1632 1635 1633 
11991 1975 1979 1980 1999 
11992 1984 1992 1988 1986 
11993 1995 1723 1990 2012 
11994 1995 1723 2012 1720 
11995 1984 735 1992 1986 
11996 1995 558 1723 1720 
11997 1637 1725 1720 1997 
11998 1995 558 1720 557 
11999 1720 1637 557 1725 
12000 1720 1637 1995 557 
12001 741 94 1990 558 
12002 741 1995 1990 1989 
12003 1985 1984 1992 1988 
12004 1636 81 1994 505 
12005 1984 1988 1633 1989 
12006 1994 1995 741 1989 
12007 1994 1632 505 506 
12008 1994 1995 1632 506 
12009 1993 1984 1989 1986 
12010 1632 1633 1984 1634 
12011 80 1984 1993 734 
12012 742 81 1994 1636 
12013 1638 1635 1996 508 
12014 1989 1633 1632 2012 
12015 1632 2012 1995 1989 
12016 2012 2011 1633 1999 
12017 1639 1633 1978 1975 
12018 1978 2011 1633 1988 
12019 503 78 1639 726 
12020 1988 2012 2011 1633 
12021 1984 734 735 1986 
12022 1984 1986 1993 734 
12023 1999 1978 1979 2011 
12024 504 1634 1984 503 
12025 504 1636 1984 1634 
12026 501 1633 1974 1668 
12027 1665 1722 392 46 
12028 1665 2008 1662 525 
12029 1974 502 1633 501 
12030 726 1978 1639 1985 
12031 1638 1633 1996 1635 
12032 1979 1980 1977 1975 
12033 1635 1637 1632 1997 
12034 1667 1661 520 1974 
12035 42 1637 1725 370 
12036 521 1980 1667 84 
12037 1996 507 1635 1997 
12038 1996 1635 507 508 
12039 1668 37 1974 501 
12040 1668 38 1638 1996 
12041 1668 38 356 1638 
12042 1975 1974 1663 1667 
12043 1638 508 1996 38 
12044 1974 1633 502 1975 
12045 1974 1667 1661 1663 
12046 1668 1638 356 37 
12047 526 1997 1665 1722 
12048 520 1667 724 83 
12049 1636 1984 1632 1989 
12050 526 555 1997 1722 
3 25 4 220
12051 2028 761 762 2029 
12052 2026 760 2043 149 
12053 2021 2044 2045 2039 
12054 2047 769 2034 2030 
12055 150 2035 767 2041 
12056 763 1764 2038 587 
12057 2016 2040 2046 2039 
12058 2016 2039 2021 751 
12059 2019 2047 2040 2042 
12060 2047 590 2042 1766 
12061 2015 2047 1762 2038 
12062 1764 1762 2038 587 
12063 2030 2034 2047 2038 
12064 100 591 1766 2042 
12065 2047 1763 590 1766 
12066 1674 1765 531 2038 
12067 1762 587 586 2038 
12068 2047 1762 1764 1763 
12069 1762 586 1765 2038 
12070 2041 2046 2040 2039 
12071 2039 752 2016 2040 
12072 1674 48 1765 395 
12073 510 1672 2017 2018 
12074 1674 2018 510 45 
12075 1674 2018 2038 1672 
12076 531 2037 1672 2038 
12077 531 2037 530 1672 
12078 1674 1765 2018 45 
12079 1674 1672 510 2018 
12080 2021 2044 2039 2016 
12081 2015 2019 2040 2016 
12082 1674 2038 2018 1765 
12083 530 2037 1673 1672 
12084 1675 2027 755 2025 
12085 763 101 2034 1764 
12086 87 764 2033 2037 
12087 2015 2019 2047 2040 
12088 2034 1764 102 589 
12089 87 1673 530 2037 
12090 1673 2033 2027 2037 
12091 1673 1671 2027 529 
12092 1675 528 755 2027 
12093 87 2033 1673 2037 
12094 2028 2014 2029 2032 
12095 531 1765 586 2038 
12096 1673 2033 523 86 
12097 766 771 2044 2041 
12098 2030 2032 2016 2046 
12099 2047 1764 2034 589 
12100 2044 771 2045 2039 
12101 2021 2043 2026 146 
12102 2029 2017 2037 2031 
12103 2047 2034 769 589 
12104 2026 146 2043 760 
12105 2038 2017 2015 2031 
12106 2021 2043 751 2039 
12107 2015 2016 2030 2032 
12108 2015 2047 2019 1763 
12109 1673 1671 1672 2037 
12110 2037 2033 2027 2029 
12111 2015 2047 1763 1762 
12112 1671 2020 2017 2027 
12113 2047 773 2046 2040 
12114 1674 531 1672 2038 
12115 2018 1765 1762 584 
12116 2044 2016 2046 2039 
12117 1673 529 2033 86 
12118 1671 2027 529 528 
12119 1671 1675 2027 528 
12120 1671 1675 2020 2027 
12121 509 1675 82 2020 
12122 1671 2017 510 1672 
12123 518 2025 82 1675 
12124 518 2025 1675 85 
12125 1671 2020 509 2017 
12126 82 1675 2025 2020 
12127 82 753 2020 2025 
12128 1675 2020 2027 2025 
12129 1675 755 85 2025 
12130 1675 85 755 528 
12131 1671 2027 2017 2037 
12132 1671 2017 1672 2037 
12133 756 2028 2022 755 
12134 756 2028 2024 2022 
12135 756 2024 2028 147 
12136 2028 147 2036 762 
12137 2028 2036 147 2024 
12138 2028 2036 2029 762 
12139 2028 2027 2022 755 
12140 2036 765 148 2024 
12141 2028 2014 2027 2029 
12142 2028 2014 2023 2022 
12143 2036 2024 2044 765 
12144 148 765 758 2024 
12145 758 2044 2024 765 
12146 2036 2044 2032 765 
12147 2036 148 757 2024 
12148 2028 2044 2024 2023 
12149 758 759 2023 2045 
12150 2023 2026 2021 2045 
12151 2023 2026 754 2021 
12152 2028 2014 2032 2044 
12153 754 2021 2026 146 
12154 2021 2044 2014 2023 
12155 2023 2021 754 2014 
12156 2028 2023 2014 2044 
12157 753 2022 2014 2020 
12158 2022 2027 2020 2025 
12159 758 2023 2044 2045 
12160 2028 2027 761 2029 
12161 2028 2023 2024 2022 
12162 147 2024 2036 757 
12163 2017 2027 2020 2014 
12164 753 2022 2020 2025 
12165 2017 2037 2038 1672 
12166 758 2024 2044 2023 
12167 2022 754 753 2014 
12168 2028 2014 2022 2027 
12169 2037 2033 2029 2031 
12170 2029 2014 2031 2032 
12171 1671 1675 509 2020 
12172 2033 2031 2037 764 
12173 2037 2031 763 764 
12174 2037 763 2031 2038 
12175 2038 2017 2031 2037 
12176 2031 2032 2015 2030 
12177 2031 2038 763 2034 
12178 2038 2015 2030 2031 
12179 531 1765 48 586 
12180 2017 2015 2018 2038 
12181 2018 2015 1762 2038 
12182 2018 1762 1765 2038 
12183 2038 2015 2047 2030 
12184 585 1762 584 2015 
12185 2015 1763 2019 585 
12186 2019 2042 752 100 
12187 2019 2040 752 2042 
12188 2019 2040 2016 752 
12189 2019 100 1766 2042 
12190 2047 1763 589 590 
12191 2047 2046 769 2030 
12192 2034 101 588 1764 
12193 763 1764 2034 2038 
12194 2015 2046 2047 2030 
12195 769 2046 768 2030 
12196 2047 773 2040 2042 
12197 2047 1763 1764 589 
12198 768 151 2035 2046 
12199 768 2035 2030 2046 
12200 2030 2035 2032 2046 
12201 2032 2035 2044 2046 
12202 2032 766 2044 2035 
12203 2032 2044 766 765 
12204 2030 2034 2038 2031 
12205 2040 2046 2015 2016 
12206 766 2035 150 2041 
12207 2027 761 2029 2033 
12208 766 2044 2035 2041 
12209 766 150 771 2041 
12210 2022 755 2027 2025 
12211 2022 2014 2020 2027 
12212 2019 1766 100 585 
12213 2019 585 1763 1766 
12214 2018 1762 2015 584 
12215 2047 2038 2034 1764 
12216 2019 2047 1766 1763 
12217 2019 1766 2047 2042 
12218 2015 2016 2032 2014 
12219 2031 2014 2015 2032 
12220 2021 2045 2026 2043 
12221 770 2045 2043 149 
12222 770 2043 2045 2039 
12223 770 2045 771 2039 
12224 2032 2016 2044 2014 
12225 2044 2021 2014 2016 
12226 2044 2046 2035 2041 
12227 767 2041 2035 151 
12228 2032 2044 2016 2046 
12229 2034 102 1764 588 
12230 1674 395 1765 45 
12231 763 101 1764 587 
12232 2041 2040 2046 772 
12233 2041 772 2046 151 
12234 773 103 2042 590 
12235 103 2042 590 1766 
12236 103 591 2042 1766 
12237 2017 2015 2031 2014 
12238 2040 2046 2047 2015 
12239 2021 751 2043 146 
12240 2027 761 2033 529 
12241 2015 2046 2030 2016 
12242 2026 2043 2045 149 
12243 2044 2046 2041 2039 
12244 2021 2044 2023 2045 
12245 2018 1765 584 45 
12246 2017 2038 2018 1672 
12247 759 2026 2023 2045 
12248 2035 151 2041 2046 
12249 2028 2029 2036 2032 
12250 2022 754 2014 2023 
12251 2021 2045 2043 2039 
12252 2039 752 751 2016 
12253 2044 2041 771 2039 
12254 759 149 2026 2045 
12255 2047 590 773 2042 
12256 2047 1764 1762 2038 
12257 1673 2027 1671 2037 
12258 2046 773 772 2040 
12259 2017 2029 2014 2031 
12260 2034 102 769 589 
12261 2028 2036 2044 2032 
12262 1674 48 531 1765 
12263 2029 2017 2027 2037 
12264 2028 2036 2024 2044 
12265 761 86 2033 529 
12266 1673 2027 2033 529 
12267 2017 2029 2027 2014 
12268 2017 1671 510 509 
12269 585 1762 2015 1763 
12270 87 523 1673 2033 
3 26 4 144
12271 1694 2048 2067 2068 
12272 2058 2056 2059 2068 
12273 2050 51 605 1793 
12274 2065 782 2063 2057 
12275 2056 2067 2060 2048 
12276 2050 1696 535 51 
12277 774 88 2049 2054 
12278 2049 534 1697 88 
12279 2052 777 152 2053 
12280 2052 774 2049 2053 
12281 1693 2067 1694 2048 
12282 1693 2060 1695 2067 
12283 2051 2068 2050 1792 
12284 2049 2054 2061 2053 
12285 784 2061 2063 2060 
12286 2062 2068 2058 2066 
12287 2063 2056 2060 2061 
12288 2050 2048 1694 2068 
12289 2065 784 2055 2061 
12290 2051 2048 2050 2068 
12291 89 1697 780 542 
12292 154 778 2065 2055 
12293 89 1697 2054 780 
12294 89 2054 1697 536 
12295 154 2065 784 2055 
12296 154 779 2055 784 
12297 2065 2063 784 2061 
12298 2055 2057 777 153 
12299 2055 777 2057 2053 
12300 779 2061 780 2053 
12301 2055 2053 2057 2061 
12302 2065 2055 778 153 
12303 2065 782 2057 153 
12304 2063 2060 2064 783 
12305 2063 2060 2062 2064 
12306 2062 2064 2067 786 
12307 2062 786 2067 785 
12308 781 2066 2058 108 
12309 2058 2066 1794 108 
12310 2058 1794 608 108 
12311 2062 782 781 2056 
12312 2056 776 775 2048 
12313 2056 775 2051 2048 
12314 2056 775 2059 2051 
12315 2056 2057 2052 2048 
12316 2056 2052 776 2048 
12317 2056 2057 776 2052 
12318 2056 2051 2068 2048 
12319 2058 2068 1794 2066 
12320 2062 2058 781 2066 
12321 2056 2060 2061 2048 
12322 2062 785 2067 2068 
12323 2062 782 2056 2063 
12324 2059 2051 106 1792 
12325 2056 2061 2057 2048 
12326 776 152 2052 777 
12327 2052 2061 2049 2048 
12328 2052 2057 2061 2048 
12329 776 2052 2057 777 
12330 2052 152 774 2053 
12331 2055 779 2053 2061 
12332 2052 2049 2061 2053 
12333 774 2054 2049 2053 
12334 2052 2061 2057 2053 
12335 784 2060 2063 783 
12336 2054 88 1697 536 
12337 2049 1697 1693 2061 
12338 2055 784 779 2061 
12339 535 1693 1694 2048 
12340 2049 2061 2054 1697 
12341 2049 2061 1693 2048 
12342 2054 780 2061 2053 
12343 1693 542 543 2060 
12344 2050 605 1792 1793 
12345 2058 608 1794 1792 
12346 2050 2068 1793 1792 
12347 2059 2051 775 106 
12348 2050 1696 51 1793 
12349 2058 1794 2068 1792 
12350 2050 1793 2068 1696 
12351 2059 2068 2051 1792 
12352 1694 546 2067 545 
12353 1695 544 93 2064 
12354 2067 2064 93 786 
12355 1694 2067 546 2068 
12356 546 1793 2068 611 
12357 1695 2067 93 545 
12358 2062 2056 781 2058 
12359 1693 2061 542 2060 
12360 1695 93 2067 2064 
12361 2064 2060 92 783 
12362 1695 92 2064 2060 
12363 1693 1697 542 2061 
12364 1694 2067 1695 545 
12365 1695 543 92 2060 
12366 1694 546 1696 2068 
12367 2063 2057 2056 2061 
12368 2065 2057 2063 2061 
12369 1693 543 1695 2060 
12370 2063 2057 782 2056 
12371 2062 785 2068 2066 
12372 2052 2057 777 2053 
12373 2062 2060 2056 2067 
12374 2063 2056 2062 2060 
12375 2050 1694 535 1696 
12376 2049 1693 534 2048 
12377 535 1693 2048 534 
12378 2065 2057 2055 153 
12379 1693 2060 2067 2048 
12380 2062 2056 2058 2068 
12381 2062 2060 2067 2064 
12382 2065 2055 2057 2061 
12383 2049 534 1693 1697 
12384 2049 1697 2054 88 
12385 546 1793 611 53 
12386 2054 2061 780 1697 
12387 1693 1695 1694 2067 
12388 2068 610 611 1792 
12389 2056 2068 2067 2048 
12390 2068 1794 610 1792 
12391 546 1793 53 1696 
12392 2068 611 1793 1792 
12393 1693 2061 2060 2048 
12394 1696 1793 414 51 
12395 2051 1792 2050 605 
12396 2050 535 1694 2048 
12397 2051 1792 605 106 
12398 2058 2068 2059 1792 
12399 2059 106 608 1792 
12400 2056 2051 2059 2068 
12401 1794 108 2066 609 
12402 1794 609 2066 109 
12403 2058 2059 608 1792 
12404 2068 610 2066 785 
12405 780 2061 542 1697 
12406 2050 2068 1694 1696 
12407 610 109 2066 785 
12408 53 414 1696 1793 
12409 2068 2066 610 1794 
12410 546 2068 1793 1696 
12411 610 109 1794 2066 
12412 1695 2064 2067 2060 
12413 1695 544 2064 92 
12414 2062 2067 2056 2068 
3 27 4 327
12415 2105 2095 811 810 
12416 2084 2082 2074 2090 
12417 159 2089 803 2099 
12418 813 113 2100 1814 
12419 156 792 2079 2090 
12420 2096 2104 2103 2097 
12421 807 2094 2097 2093 
12422 2104 2103 2097 2094 
12423 2098 2104 1814 2100 
12424 2104 2106 2094 2097 
12425 2077 2075 793 2106 
12426 2101 2106 2077 793 
12427 2102 1734 571 98 
12428 2107 2105 2089 2083 
12429 617 1733 2070 567 
12430 2086 2083 2106 2084 
12431 2083 2108 2104 2092 
12432 2094 2077 2106 2073 
12433 2106 2090 792 801 
12434 2108 1816 2092 2088 
12435 2103 2093 1734 2102 
12436 1702 2069 1707 1701 
12437 550 2069 1707 44 
12438 434 1815 58 1733 
12439 549 1817 618 55 
12440 617 2070 1733 1815 
12441 2101 2077 2106 2097 
12442 2083 2084 2073 2106 
12443 2101 2097 807 2077 
12444 1814 2098 2100 813 
12445 2108 2104 2092 1810 
12446 570 1734 1731 2093 
12447 570 2093 1731 569 
12448 1812 2108 1810 1814 
12449 2102 1734 98 2093 
12450 2104 2092 1810 2070 
12451 2073 2104 2092 2083 
12452 1735 2073 796 2094 
12453 2082 789 2080 2074 
12454 1707 1732 43 375 
12455 1730 567 2069 1733 
12456 2072 2069 2070 1728 
12457 1728 2072 2069 1729 
12458 1733 2070 1728 2104 
12459 1707 547 2071 1702 
12460 1703 554 2092 1705 
12461 1707 2071 43 1732 
12462 2072 2076 2074 2080 
12463 2071 1702 547 548 
12464 2073 2084 2092 1702 
12465 2108 1811 1812 1810 
12466 2070 2104 1733 1815 
12467 1814 2108 2098 813 
12468 2097 807 2077 2094 
12469 1728 2103 2093 1734 
12470 2103 2096 2097 2102 
12471 2105 811 2095 2099 
12472 2070 1701 1702 1703 
12473 2094 1728 2093 1731 
12474 2106 2083 2105 2108 
12475 158 794 2101 2077 
12476 2096 2104 2098 2100 
12477 2091 1703 554 2092 
12478 2073 1735 2078 2072 
12479 2074 2082 789 790 
12480 2070 1813 1810 1815 
12481 2069 1733 2070 1728 
12482 2079 790 2090 2074 
12483 2080 1702 2074 2072 
12484 789 2080 1706 2082 
12485 2101 2106 793 810 
12486 1707 2069 2071 1732 
12487 797 2084 1704 2087 
12488 2071 2069 1729 1732 
12489 1703 2084 1704 2081 
12490 91 548 2080 788 
12491 2094 2104 2103 1728 
12492 98 570 2093 1734 
12493 2080 2072 2076 788 
12494 2072 1735 2078 566 
12495 788 2080 2072 548 
12496 1702 2073 2072 2104 
12497 2069 2070 1702 2072 
12498 1735 2073 2078 796 
12499 2084 2092 1702 1703 
12500 1728 2072 2104 2070 
12501 2073 2077 2106 2075 
12502 95 569 1735 796 
12503 2099 2098 2105 2107 
12504 2097 2106 2108 2104 
12505 1701 2069 2070 1702 
12506 549 1817 55 1705 
12507 548 1706 2080 1702 
12508 1735 2094 2072 2073 
12509 2072 1729 1735 566 
12510 2094 2072 1728 1729 
12511 626 2104 625 1810 
12512 157 2077 2101 794 
12513 95 1735 2078 796 
12514 95 559 2078 1735 
12515 156 801 792 2090 
12516 2097 2108 2105 2098 
12517 2105 2089 802 159 
12518 2105 2086 802 2089 
12519 2105 159 811 2099 
12520 2103 2094 1728 2093 
12521 2086 2090 2106 801 
12522 2086 2090 2084 2106 
12523 803 2089 160 2099 
12524 2089 804 2107 2083 
12525 2105 2086 2106 801 
12526 2089 160 2107 804 
12527 2107 2098 812 2099 
12528 2107 160 2099 812 
12529 2097 2096 2104 2098 
12530 2108 2107 2083 2105 
12531 2105 2108 2107 2098 
12532 2107 813 812 2098 
12533 2107 805 2108 2083 
12534 2107 804 805 2083 
12535 2105 802 2086 801 
12536 2105 2089 2083 2086 
12537 2089 2099 2107 160 
12538 805 2088 2108 2083 
12539 2108 2107 2098 813 
12540 2105 2089 159 2099 
12541 805 112 1816 2088 
12542 805 1816 2108 2088 
12543 805 1816 622 2108 
12544 2085 2084 2092 2083 
12545 1702 1706 2081 1700 
12546 800 2087 93 2091 
12547 2085 2092 2088 2083 
12548 1703 2081 1702 2084 
12549 2081 1702 1700 1703 
12550 2084 2090 798 2082 
12551 2081 1704 552 92 
12552 2081 2082 551 1706 
12553 2081 798 2084 797 
12554 2084 2106 2074 2073 
12555 1704 1700 2081 552 
12556 1706 2081 2082 1702 
12557 2085 800 2091 2087 
12558 155 791 2079 2090 
12559 155 2079 790 2090 
12560 797 92 1704 2081 
12561 2092 2108 1810 1811 
12562 798 2090 155 790 
12563 156 2079 791 2090 
12564 799 2088 2085 2092 
12565 93 1704 2087 544 
12566 799 2091 2085 800 
12567 2091 1703 1704 553 
12568 2091 554 1703 553 
12569 2092 2084 2091 1703 
12570 93 2091 1704 553 
12571 93 1704 2091 2087 
12572 2084 2091 2085 2092 
12573 1700 2081 552 551 
12574 1706 2081 1700 551 
12575 2092 2104 1702 2070 
12576 2092 1702 1703 2070 
12577 799 620 111 2088 
12578 2108 2098 2104 1814 
12579 2095 2101 2105 2097 
12580 2081 1702 2084 2082 
12581 2082 2080 1702 2074 
12582 2084 1704 2091 1703 
12583 1702 2084 2082 2074 
12584 551 1706 2082 789 
12585 90 1706 551 789 
12586 90 789 2080 1706 
12587 90 2080 539 1706 
12588 2091 2087 2084 2085 
12589 91 1706 539 2080 
12590 2106 2074 2090 2084 
12591 1810 2092 1811 2070 
12592 2074 1702 2084 2073 
12593 2075 2106 2073 2074 
12594 550 1701 2069 549 
12595 2069 2070 549 1701 
12596 550 1707 2069 1701 
12597 554 619 1705 54 
12598 1730 1728 2069 1729 
12599 567 2069 1733 2070 
12600 1707 44 1732 375 
12601 2071 1732 1729 565 
12602 2071 43 1732 565 
12603 2071 1702 2072 2069 
12604 2071 565 1729 566 
12605 2071 2072 1702 548 
12606 2069 1732 568 1730 
12607 1705 1703 2070 2092 
12608 554 619 2092 1705 
12609 2104 2108 1814 1810 
12610 2087 797 92 1704 
12611 2084 2083 2073 2092 
12612 1700 2081 1703 1704 
12613 91 1706 2080 548 
12614 787 566 2078 94 
12615 787 566 2072 2078 
12616 787 2072 2076 2078 
12617 790 2082 2090 2074 
12618 798 2082 2081 2084 
12619 2106 2079 792 2090 
12620 2069 1707 44 1732 
12621 2076 2078 2072 2073 
12622 2075 2106 2079 792 
12623 2071 1729 2072 566 
12624 787 2072 788 2076 
12625 2078 1735 559 94 
12626 2078 566 1735 94 
12627 806 2097 2102 2093 
12628 806 807 2097 2093 
12629 806 2102 98 2093 
12630 2094 795 2073 796 
12631 2094 2077 2073 795 
12632 2094 569 1731 2093 
12633 2094 1735 569 796 
12634 2094 1735 1731 569 
12635 158 2077 807 795 
12636 2097 2108 2098 2104 
12637 2098 2105 2095 2099 
12638 157 2101 2077 793 
12639 807 2094 795 2077 
12640 157 2101 793 810 
12641 793 792 2106 2075 
12642 2083 2105 2086 2106 
12643 2093 2103 2094 2097 
12644 158 2101 807 2077 
12645 798 2090 790 2082 
12646 2080 548 1702 2072 
12647 2084 1704 2081 797 
12648 2104 1702 2073 2092 
12649 2077 2106 2097 2094 
12650 2094 1729 1735 2072 
12651 1729 1731 2094 1735 
12652 2097 2106 2105 2108 
12653 2105 2089 2099 2107 
12654 1728 2093 1731 1734 
12655 808 625 2100 114 
12656 808 2100 625 2104 
12657 1731 2094 1728 1729 
12658 809 2102 2103 99 
12659 2103 572 99 1734 
12660 2103 99 2102 1734 
12661 2096 2104 808 2103 
12662 2103 1728 572 1734 
12663 2102 99 571 1734 
12664 2103 1728 2104 573 
12665 617 1813 2070 1815 
12666 549 2070 618 1817 
12667 2070 1813 618 1817 
12668 1704 2091 2087 2084 
12669 1703 2070 1701 1705 
12670 2106 2083 2108 2104 
12671 617 567 58 1733 
12672 617 58 1815 1733 
12673 549 1705 2070 1817 
12674 2072 2104 2094 1728 
12675 626 2104 1810 1815 
12676 626 2104 1815 573 
12677 626 1815 59 573 
12678 59 1733 573 1815 
12679 59 434 1733 1815 
12680 625 1814 2100 114 
12681 625 1814 2104 2100 
12682 2101 2105 2097 2106 
12683 2105 2095 2097 2098 
12684 2097 2093 2103 2102 
12685 2104 1815 573 1733 
12686 2104 573 1728 1733 
12687 624 2100 1814 114 
12688 624 1814 2100 113 
12689 2096 808 2104 2100 
12690 2096 2103 809 2102 
12691 1814 2108 623 1812 
12692 2073 2106 2104 2083 
12693 2106 2094 2073 2104 
12694 2103 1728 573 572 
12695 813 1814 2108 623 
12696 2101 810 2105 2106 
12697 2072 1702 2104 2070 
12698 813 113 1814 623 
12699 622 1816 1812 2108 
12700 1812 1811 2108 1816 
12701 620 1816 111 2088 
12702 799 2085 2091 2092 
12703 620 2092 1816 2088 
12704 620 1816 2092 1811 
12705 2087 92 544 1704 
12706 2070 2092 1817 1705 
12707 2092 619 1817 1705 
12708 2092 1817 619 1811 
12709 1728 2069 1733 1730 
12710 619 54 1817 1705 
12711 623 2108 622 1812 
12712 810 2095 2101 2105 
12713 799 2092 620 2088 
12714 1706 2082 2080 1702 
12715 2069 44 568 1732 
12716 1707 43 2071 547 
12717 2069 1730 1729 1732 
12718 2070 1813 1817 1811 
12719 2104 2094 2073 2072 
12720 2070 1810 1813 1811 
12721 2072 2071 2069 1729 
12722 55 1705 1817 417 
12723 549 1701 2070 1705 
12724 2073 2074 1702 2072 
12725 620 1811 2092 619 
12726 2070 1810 2104 1815 
12727 2070 1817 2092 1811 
12728 2074 2075 2106 2079 
12729 2069 2071 1702 1707 
12730 2073 2072 2076 2074 
12731 617 618 2070 1813 
12732 2108 1811 2092 1816 
12733 625 1814 1810 2104 
12734 1816 621 2088 112 
12735 2069 1730 568 567 
12736 111 2088 1816 621 
12737 2090 2079 2074 2106 
12738 2096 2103 808 809 
12739 54 417 1817 1705 
12740 805 112 622 1816 
12741 2108 2088 2092 2083 
3 28 4 324
12742 118 2128 1850 832 
12743 1848 1746 60 437 
12744 1848 61 1746 437 
12745 1848 61 641 1746 
12746 641 1846 2110 640 
12747 595 1773 2109 50 
12748 1773 2109 1771 595 
12749 2109 1741 1742 1746 
12750 641 576 2110 1746 
12751 1746 2110 1742 2109 
12752 1774 1769 1851 2110 
12753 2132 2110 1848 1844 
12754 2144 1845 648 649 
12755 2144 1845 649 1851 
12756 2144 1851 649 600 
12757 648 120 1849 2141 
12758 648 835 120 2141 
12759 1847 2148 1845 1849 
12760 2148 2144 2137 1769 
12761 2144 1849 648 1845 
12762 2122 2126 2130 2146 
12763 1847 646 2148 1849 
12764 1847 2148 646 645 
12765 1769 1845 2110 1844 
12766 2132 1769 2123 2146 
12767 1850 832 2148 645 
12768 2109 1769 1742 2112 
12769 2123 2148 1769 1844 
12770 2122 2146 2123 2126 
12771 2148 2137 2123 1769 
12772 1850 1844 2123 2132 
12773 1851 2144 1769 600 
12774 2147 2148 2137 2123 
12775 1847 1850 2148 645 
12776 646 840 2148 1849 
12777 2112 2122 1742 1743 
12778 1848 642 2132 1844 
12779 118 2128 644 1850 
12780 118 832 1850 645 
12781 643 1844 2132 642 
12782 1848 1746 641 2110 
12783 2131 2125 826 827 
12784 2131 827 2127 2125 
12785 2131 1742 580 581 
12786 1769 2132 1844 2110 
12787 2131 99 2127 827 
12788 2131 1744 99 580 
12789 815 2117 575 97 
12790 815 2117 2112 575 
12791 815 2115 2112 2117 
12792 815 2115 814 2112 
12793 814 2120 2112 2115 
12794 2112 1770 593 2111 
12795 2112 2134 2114 2120 
12796 814 593 2120 101 
12797 2117 562 1745 97 
12798 2117 1745 575 97 
12799 2112 2134 1776 1770 
12800 96 1745 2117 562 
12801 2121 1744 1740 579 
12802 2121 1744 579 98 
12803 2127 824 2121 2124 
12804 2121 579 1740 578 
12805 2113 2146 2132 2122 
12806 2131 1744 580 1742 
12807 2137 2139 839 2147 
12808 2124 2130 825 2122 
12809 825 2130 817 2122 
12810 161 818 2119 2130 
12811 161 2119 817 2130 
12812 2122 2132 2112 1742 
12813 2113 2130 817 2119 
12814 2113 2130 2122 817 
12815 2121 2122 2124 825 
12816 816 578 2122 1745 
12817 2113 2122 2132 2112 
12818 162 2119 2130 828 
12819 2119 2146 819 2116 
12820 162 2130 2119 818 
12821 829 165 2145 2129 
12822 829 2129 2145 2126 
12823 829 2145 828 2126 
12824 828 2145 2146 2126 
12825 2119 2146 828 819 
12826 2147 166 831 2139 
12827 819 2146 820 2116 
12828 2119 2146 2130 828 
12829 820 2116 2146 2118 
12830 820 2118 2146 837 
12831 2112 575 2117 1745 
12832 643 826 2128 117 
12833 2130 828 2146 2126 
12834 2122 1740 1745 578 
12835 2112 1776 2134 2120 
12836 823 2134 1776 2120 
12837 1850 2132 643 1844 
12838 1850 2123 832 2128 
12839 2132 2128 1850 643 
12840 2138 2146 2123 1769 
12841 2138 2135 2137 2123 
12842 1769 1742 2110 2109 
12843 2121 2131 2122 1742 
12844 2137 2123 1769 2138 
12845 2139 2145 2123 2135 
12846 826 2128 2132 643 
12847 2124 2123 2131 2125 
12848 2129 2139 2145 2123 
12849 2139 2145 165 2129 
12850 2139 165 2145 838 
12851 2143 2144 2141 835 
12852 2137 840 2141 2148 
12853 2146 2140 2134 2138 
12854 835 836 2136 2143 
12855 1850 1844 1847 2148 
12856 2141 2137 2143 2136 
12857 2143 2144 1769 2137 
12858 2136 2143 836 2142 
12859 836 105 2142 2143 
12860 840 2148 1849 2141 
12861 2138 833 2133 2142 
12862 2144 2137 2141 2148 
12863 2138 2133 833 834 
12864 833 104 2133 2142 
12865 2139 838 2145 2135 
12866 2134 834 2138 2140 
12867 2143 2141 2136 835 
12868 2122 1745 2112 2113 
12869 2112 1776 2120 593 
12870 837 2145 838 2135 
12871 822 2134 2118 2140 
12872 2139 831 2129 166 
12873 2131 2123 2128 2125 
12874 2146 2145 837 2135 
12875 2137 2143 2136 2138 
12876 2123 2137 2139 2135 
12877 2146 2118 2134 2140 
12878 2146 837 2140 2135 
12879 2112 2111 2109 1770 
12880 2132 2131 2123 2128 
12881 2121 2131 2124 2122 
12882 2134 2133 2138 834 
12883 2131 2132 1742 581 
12884 2123 2126 2145 2129 
12885 1845 2110 1851 1769 
12886 1742 2110 2132 1769 
12887 840 1849 119 2141 
12888 646 119 840 1849 
12889 1769 1851 600 1774 
12890 2134 1776 1772 596 
12891 1846 1845 1844 2110 
12892 119 2141 1849 647 
12893 2144 2143 1769 600 
12894 1844 1846 2110 1848 
12895 2146 2114 2113 2112 
12896 96 578 816 1745 
12897 2111 1743 2109 1747 
12898 2133 596 1772 597 
12899 840 2147 2137 839 
12900 1769 2138 2133 2142 
12901 2122 1740 1743 1745 
12902 2134 1772 2133 596 
12903 1772 1769 2134 2133 
12904 2142 1775 2133 1769 
12905 2133 104 597 1775 
12906 2133 1769 1775 1772 
12907 599 1769 1775 2142 
12908 2142 105 599 2143 
12909 2142 598 1775 105 
12910 1769 2146 2134 2138 
12911 2134 1770 1769 1772 
12912 163 820 837 2118 
12913 2132 1742 1769 2112 
12914 1849 647 2141 120 
12915 2144 648 1849 2141 
12916 2133 2142 104 1775 
12917 2110 640 1846 1851 
12918 2120 1776 588 101 
12919 102 588 2120 1776 
12920 1848 1746 2110 1742 
12921 1745 2113 816 2117 
12922 2112 1743 575 1745 
12923 2114 2118 822 2134 
12924 2133 1772 1775 597 
12925 2114 822 823 2134 
12926 2146 2140 2138 2135 
12927 2144 835 648 2141 
12928 593 592 2111 1770 
12929 2111 1743 574 575 
12930 2111 1770 592 1773 
12931 2143 2136 2138 2142 
12932 1743 2122 1745 2112 
12933 1773 1747 402 49 
12934 823 1776 2134 596 
12935 1746 2109 1741 576 
12936 2111 1747 574 1743 
12937 2132 2123 1769 1844 
12938 2134 1772 1776 1770 
12939 2110 1846 1845 1851 
12940 640 594 69 1774 
12941 2109 1771 1770 1773 
12942 2111 2109 1770 1773 
12943 70 1851 1774 600 
12944 1769 2148 1845 1844 
12945 1851 69 467 1774 
12946 640 69 1851 1774 
12947 2128 1850 2123 2132 
12948 2110 2109 594 1774 
12949 1769 2109 1771 1770 
12950 70 1774 1851 467 
12951 1743 2112 2111 2109 
12952 1769 2143 2137 2138 
12953 2112 2146 2114 2134 
12954 1848 2110 641 1846 
12955 2109 1743 2112 1742 
12956 2131 1744 2127 99 
12957 1770 2112 1769 2109 
12958 641 61 576 1746 
12959 1848 60 1746 581 
12960 1769 2146 2112 2134 
12961 2145 2146 2123 2135 
12962 2123 832 2148 1850 
12963 1844 2123 2148 1850 
12964 2127 98 571 1744 
12965 2121 2122 1740 1742 
12966 2139 839 2147 166 
12967 2127 1744 571 99 
12968 2127 1744 2121 98 
12969 2131 2121 1744 1742 
12970 2127 2121 824 98 
12971 1848 2132 642 581 
12972 2110 1774 640 1851 
12973 1747 577 1741 2109 
12974 2112 1769 2134 1770 
12975 1747 2109 1773 50 
12976 2138 2143 2142 1769 
12977 577 1741 2109 576 
12978 1773 1747 50 402 
12979 2109 1747 577 50 
12980 2111 1773 49 1747 
12981 1743 2109 1747 1741 
12982 1741 1743 2109 1742 
12983 96 816 2117 1745 
12984 2146 2123 2126 2145 
12985 2110 1848 1742 2132 
12986 2112 1743 2111 575 
12987 2146 2118 2114 2134 
12988 1848 581 1742 2132 
12989 2143 599 1769 600 
12990 2112 2113 2115 2114 
12991 2109 2111 1747 1773 
12992 2114 823 2120 2134 
12993 1771 2109 1774 594 
12994 2121 2124 824 825 
12995 2132 2122 2131 1742 
12996 2123 2139 831 2129 
12997 830 2129 2139 165 
12998 816 2122 817 2113 
12999 2111 49 574 1747 
13000 2142 105 1775 599 
13001 599 1769 2142 2143 
13002 1740 1742 2122 1743 
13003 2112 2114 2115 2120 
13004 166 2139 830 2129 
13005 2146 2118 2140 837 
13006 163 837 2140 2118 
13007 1844 1847 2148 1845 
13008 832 2148 2147 2123 
13009 2144 1845 1851 1769 
13010 2121 1740 2122 578 
13011 2131 2127 2124 2125 
13012 1848 642 60 581 
13013 2137 2147 2123 2139 
13014 2113 2117 1745 2112 
13015 2146 2123 2135 2138 
13016 2113 2146 2119 2116 
13017 2146 2118 2116 2114 
13018 2131 2121 2127 1744 
13019 594 1771 2109 595 
13020 2121 1740 1744 1742 
13021 2122 2113 2146 2130 
13022 2146 2132 2112 2113 
13023 2147 2123 2139 831 
13024 825 2130 161 817 
13025 2124 2122 2126 2130 
13026 576 1746 2109 2110 
13027 2132 1769 2146 2112 
13028 2130 2119 2113 2146 
13029 581 1742 1746 1848 
13030 644 117 1850 2128 
13031 822 834 2134 2140 
13032 2120 593 1776 101 
13033 2128 2132 2131 826 
13034 70 649 1851 600 
13035 1845 2144 1849 2148 
13036 2123 2131 2122 2124 
13037 2131 2128 826 2125 
13038 102 2120 823 1776 
13039 2144 2141 1849 2148 
13040 2110 640 1774 594 
13041 2111 1773 592 49 
13042 2122 2123 2124 2126 
13043 2138 2133 2134 1769 
13044 2112 2117 2115 2113 
13045 1745 2113 2122 816 
13046 2112 1770 1776 593 
13047 2146 2132 2122 2123 
13048 2148 1845 2144 1769 
13049 832 2147 831 2123 
13050 2109 1774 1769 1771 
13051 2137 2143 2144 2141 
13052 1774 2110 2109 1769 
13053 2131 2124 2127 2121 
13054 2148 840 2147 2137 
13055 2113 2114 2146 2116 
13056 2128 643 117 1850 
13057 814 593 2112 2120 
13058 104 1775 2142 598 
13059 102 823 596 1776 
13060 2122 2123 2132 2131 
13061 163 2140 821 2118 
13062 164 834 822 2140 
13063 164 2118 821 2140 
13064 164 822 2118 2140 
13065 162 819 2119 828 
3 29 4 144
13066 126 2168 1890 668 
13067 2163 127 2165 850 
13068 672 1890 2163 127 
13069 2163 2165 127 1890 
13070 126 2163 2168 852 
13071 2165 671 1890 1888 
13072 2165 2168 2159 2164 
13073 2165 2164 1888 2168 
13074 2165 2164 670 1888 
13075 2165 1888 1890 2168 
13076 1890 1888 668 2168 
13077 2163 2159 2168 852 
13078 2165 670 671 1888 
13079 127 1890 2165 671 
13080 670 2164 1889 1888 
13081 2165 2159 851 2164 
13082 670 604 1889 2164 
13083 1889 665 1888 2151 
13084 1889 2151 2164 1783 
13085 1889 2151 1888 2164 
13086 1889 2164 604 1783 
13087 1889 2151 65 665 
13088 67 1889 670 604 
13089 67 1889 604 1783 
13090 2163 2159 2165 2168 
13091 67 461 1889 1783 
13092 65 583 2151 1783 
13093 668 2170 1888 124 
13094 126 2168 2163 1890 
13095 1888 2164 2170 2168 
13096 1889 461 65 1783 
13097 2163 2168 2165 1890 
13098 1888 2153 665 124 
13099 2153 841 2170 2149 
13100 124 2170 2153 841 
13101 668 2168 1888 2170 
13102 841 2166 2149 842 
13103 2149 2150 2152 2158 
13104 2149 2169 2166 2158 
13105 2153 2149 2170 2164 
13106 2165 851 2159 850 
13107 2149 2157 2166 2164 
13108 2159 2164 2161 851 
13109 2159 2161 2157 2160 
13110 2170 2149 2166 2164 
13111 2149 1779 2158 2157 
13112 2167 2162 853 2160 
13113 2167 169 853 2162 
13114 2167 2169 847 2154 
13115 2167 847 2156 2154 
13116 2167 2156 2162 2158 
13117 2167 2156 2158 2154 
13118 2167 2158 2162 2160 
13119 2163 2165 2159 850 
13120 2167 847 169 2156 
13121 2162 169 846 2156 
13122 2162 2156 846 168 
13123 168 845 849 2156 
13124 2162 2156 168 849 
13125 2167 2158 2169 2154 
13126 2162 849 2160 2158 
13127 2167 169 2162 2156 
13128 2162 2156 849 2158 
13129 167 842 2152 2169 
13130 2152 2150 843 2154 
13131 2170 2166 2168 2164 
13132 847 2169 167 2154 
13133 2153 2151 2149 2164 
13134 126 2163 672 1890 
13135 843 100 2155 2150 
13136 843 2155 2154 2150 
13137 2149 2151 583 1780 
13138 2154 2150 2155 2158 
13139 2154 2155 844 2158 
13140 845 2158 2156 2154 
13141 2149 2169 2152 842 
13142 844 601 2158 1782 
13143 844 2158 2155 1782 
13144 103 601 844 1782 
13145 2149 2152 2169 2158 
13146 2166 2159 2168 2164 
13147 2152 2154 2169 2158 
13148 2155 2150 1782 2158 
13149 2166 2158 2167 2160 
13150 2155 1782 2150 100 
13151 2150 582 100 1782 
13152 601 2158 1782 1779 
13153 2150 2158 1779 1782 
13154 2166 2169 2167 2158 
13155 583 1779 582 2149 
13156 2149 1779 2150 2158 
13157 2149 2166 2157 2158 
13158 2149 582 2150 1779 
13159 849 2156 845 2158 
13160 849 2158 2157 2160 
13161 2149 1779 2157 1780 
13162 2166 2167 853 2160 
13163 103 2155 591 1782 
13164 104 2161 1781 598 
13165 2157 602 1781 1779 
13166 104 2157 1781 2161 
13167 104 2161 848 2157 
13168 103 844 2155 1782 
13169 2152 2150 2154 2158 
13170 1781 598 2161 105 
13171 2157 1779 1781 1780 
13172 104 1781 2157 602 
13173 2157 2164 1781 2161 
13174 848 2157 2161 2160 
13175 1781 851 2161 2164 
13176 1781 105 851 603 
13177 2149 2164 2151 1780 
13178 2166 852 2168 2159 
13179 2164 603 604 1780 
13180 167 2152 843 2154 
13181 2170 2149 841 2166 
13182 1888 2151 2153 2164 
13183 2149 2157 2164 1780 
13184 1889 65 2151 1783 
13185 2166 2159 2164 2157 
13186 1781 603 2164 1780 
13187 1781 105 2161 851 
13188 2157 1781 2164 1780 
13189 2155 1782 100 591 
13190 2150 1779 582 1782 
13191 1888 2151 665 2153 
13192 1888 2153 124 2170 
13193 2159 2164 2157 2161 
13194 845 2158 2154 844 
13195 2159 853 2160 2166 
13196 1888 2164 2153 2170 
13197 2164 604 1783 1780 
13198 2149 2166 2169 842 
13199 1781 603 851 2164 
13200 167 2169 2152 2154 
13201 2151 1783 583 1780 
13202 601 602 2157 1779 
13203 2166 2157 2158 2160 
13204 849 2157 848 2160 
13205 2159 853 2166 852 
13206 601 2157 2158 1779 
13207 2166 2159 2157 2160 
13208 2164 1783 2151 1780 
13209 583 1779 2149 1780 
3 30 4 145
13210 2179 863 2192 2190 
13211 2192 859 2176 2188 
13212 2179 2190 2188 2181 
13213 2178 2179 2188 2181 
13214 633 1820 2183 632 
13215 2183 2184 2188 1821 
13216 1823 116 2191 631 
13217 2188 2191 865 630 
13218 2178 2180 2174 857 
13219 2183 2188 2184 2186 
13220 2188 2191 1823 2184 
13221 1824 2171 1806 56 
13222 2178 2172 2183 2189 
13223 2188 2191 630 1823 
13224 2179 170 2192 863 
13225 1824 1806 422 56 
13226 2178 2180 2172 2174 
13227 633 1820 1821 2183 
13228 2184 2190 2191 864 
13229 2171 1805 615 616 
13230 2178 2183 2188 2189 
13231 613 2182 1805 110 
13232 1806 2171 2185 1805 
13233 1806 56 2171 615 
13234 861 2178 2182 2183 
13235 2177 855 1807 2172 
13236 1822 2175 621 112 
13237 1820 2189 2172 1822 
13238 2178 2174 2189 2173 
13239 1805 2172 2187 2182 
13240 2178 2188 2183 2181 
13241 2188 630 1821 1823 
13242 2171 2185 2187 2183 
13243 1805 110 2187 614 
13244 1822 2189 629 1821 
13245 2190 2186 2181 172 
13246 57 1806 2185 614 
13247 1824 2171 56 627 
13248 1824 2171 627 1820 
13249 1824 57 422 1806 
13250 2171 627 1820 628 
13251 2171 1820 2172 628 
13252 2171 2185 2183 1820 
13253 2171 2183 2172 1820 
13254 1806 1805 2185 614 
13255 2171 2187 1805 2172 
13256 1824 2185 2171 1820 
13257 1824 632 57 2185 
13258 1824 632 2185 1820 
13259 108 2177 2180 857 
13260 2177 855 109 1807 
13261 2177 2172 2180 2174 
13262 109 855 616 1807 
13263 616 1805 1807 2172 
13264 1807 1805 613 2180 
13265 613 2180 1805 2182 
13266 1807 2172 1805 2180 
13267 108 2180 1807 613 
13268 616 1807 855 2172 
13269 2171 1805 616 2172 
13270 861 110 2187 2182 
13271 861 2182 2187 2183 
13272 2187 2183 2182 2172 
13273 1805 2182 2187 110 
13274 2182 2183 2178 2172 
13275 2182 2178 2180 2172 
13276 861 2178 2183 862 
13277 2178 2183 862 2181 
13278 2183 2186 862 2181 
13279 2183 2188 2186 2181 
13280 2178 2179 2173 2188 
13281 2171 2183 2187 2172 
13282 2173 857 856 2178 
13283 1824 57 1806 2185 
13284 1805 2187 2185 614 
13285 108 2180 2177 1807 
13286 628 854 111 2175 
13287 2178 2188 2173 2189 
13288 2172 2174 2175 2189 
13289 2171 2185 1805 2187 
13290 1822 2175 111 621 
13291 2175 2189 860 112 
13292 2178 2174 2172 2189 
13293 2183 2184 1821 633 
13294 108 2177 609 1807 
13295 1806 615 2171 1805 
13296 2177 2172 1807 2180 
13297 609 1807 2177 109 
13298 2173 857 2178 2174 
13299 2173 2189 859 860 
13300 2175 2189 2173 860 
13301 2179 856 2176 170 
13302 1820 2189 1822 1821 
13303 866 859 2192 2188 
13304 866 171 2192 859 
13305 866 865 2188 2190 
13306 866 2188 2192 2190 
13307 2172 2175 1822 2189 
13308 2179 863 2190 2181 
13309 2192 170 2176 858 
13310 2192 2176 171 858 
13311 2173 2188 2176 859 
13312 2179 2190 2192 2188 
13313 2183 2188 2189 1821 
13314 2172 854 628 2175 
13315 2173 2188 859 2189 
13316 1822 2189 112 629 
13317 1824 2185 1806 2171 
13318 1822 2189 2175 112 
13319 629 1821 2189 630 
13320 1822 2175 628 111 
13321 1820 1822 2172 628 
13322 2189 1821 2188 630 
13323 2179 2176 2192 170 
13324 2188 865 2191 2190 
13325 2172 854 2175 2174 
13326 115 1823 2191 631 
13327 115 1823 630 2191 
13328 2188 2191 2184 2190 
13329 2188 2181 2190 2186 
13330 2188 1821 2184 1823 
13331 2172 855 854 2174 
13332 2178 2173 2179 856 
13333 2172 628 1822 2175 
13334 2183 2189 1820 1821 
13335 116 864 2184 2191 
13336 2183 1820 2185 632 
13337 2177 855 2172 2174 
13338 1823 2184 116 633 
13339 2190 172 2181 863 
13340 862 172 2181 2186 
13341 1823 2191 116 2184 
13342 2177 857 2174 2180 
13343 2179 2188 2192 2176 
13344 2175 2189 2174 2173 
13345 2173 2188 2179 2176 
13346 864 2186 2190 172 
13347 2183 2172 1820 2189 
13348 1805 2172 2182 2180 
13349 865 2191 115 630 
13350 2173 2176 2179 856 
13351 2192 171 2176 859 
13352 2188 2190 2184 2186 
13353 2184 2190 864 2186 
13354 1821 2184 1823 633 
3 31 4 218
13355 115 2203 1839 2208 
13356 2225 2221 2224 889 
13357 2225 2209 2224 2214 
13358 2225 2224 177 889 
13359 2225 2209 177 2224 
13360 2225 2221 888 2226 
13361 2225 888 2221 889 
13362 2225 2224 2221 2214 
13363 880 879 2206 2225 
13364 2205 2207 878 2204 
13365 2211 2225 2214 2212 
13366 2224 178 885 2214 
13367 2224 885 2221 2214 
13368 2212 2204 2211 2226 
13369 1838 1857 2193 62 
13370 1838 2193 636 62 
13371 2220 885 2211 2221 
13372 883 2214 2206 2212 
13373 2221 2220 2226 2211 
13374 2220 885 884 2211 
13375 888 2200 175 873 
13376 885 2221 2214 2211 
13377 2209 178 881 2224 
13378 175 2222 874 2200 
13379 874 176 2200 2222 
13380 2200 875 2222 176 
13381 2222 875 887 176 
13382 887 2218 2220 886 
13383 887 2220 2218 2219 
13384 2221 2226 2222 888 
13385 2218 653 1855 1858 
13386 2218 2223 1858 2215 
13387 2218 653 1858 121 
13388 2218 1858 2223 121 
13389 2218 1855 2215 1858 
13390 2218 652 1855 653 
13391 2199 872 2196 2226 
13392 884 2220 2211 2215 
13393 2223 1858 122 654 
13394 2218 2215 2211 2220 
13395 2200 2219 2222 875 
13396 637 1835 1837 2194 
13397 868 2194 2201 2195 
13398 637 2194 1837 2201 
13399 868 867 2194 2195 
13400 2216 2194 1835 2193 
13401 2198 2194 2210 2197 
13402 2216 2194 2193 1854 
13403 2194 867 2202 2195 
13404 2194 651 2193 1854 
13405 2194 1854 2219 1856 
13406 867 651 2202 117 
13407 2194 2204 2198 2210 
13408 2194 2213 2216 2210 
13409 2202 117 1856 644 
13410 876 875 2219 2197 
13411 2200 2222 2226 888 
13412 2202 651 1856 117 
13413 2197 2219 2226 2200 
13414 876 1856 2219 652 
13415 2200 2222 2219 2226 
13416 2226 2211 2197 2198 
13417 2197 2194 2210 2213 
13418 873 2226 2196 872 
13419 2211 2198 2226 2204 
13420 2200 2197 2196 2226 
13421 2219 2211 2226 2220 
13422 2218 1855 2219 2213 
13423 2199 2204 2207 2226 
13424 871 174 2199 2207 
13425 177 2224 2209 881 
13426 2204 2210 2212 2211 
13427 2198 2204 869 870 
13428 2203 2212 2205 2204 
13429 1838 444 1857 62 
13430 2226 2199 2198 2196 
13431 2205 2212 2226 2204 
13432 2206 2214 2225 2212 
13433 2221 2222 2226 2220 
13434 2219 1855 1854 2213 
13435 2218 2223 886 121 
13436 2223 1858 2215 122 
13437 884 2215 2223 2220 
13438 2223 1858 654 121 
13439 2216 655 1857 63 
13440 1835 2193 1838 2216 
13441 2194 2198 2204 2201 
13442 2193 62 1857 650 
13443 2193 650 1857 1854 
13444 1838 63 2216 1857 
13445 2194 2202 2197 2195 
13446 1835 2204 2194 2210 
13447 2218 652 2219 1855 
13448 2200 2226 873 888 
13449 2202 1856 118 644 
13450 2215 1858 1855 656 
13451 2194 2195 2198 2201 
13452 2216 2194 1854 2213 
13453 118 1856 876 652 
13454 2213 2218 2211 2219 
13455 2197 2226 2198 2196 
13456 2218 2211 2219 2220 
13457 2200 2219 875 2197 
13458 2202 876 1856 2219 
13459 2219 1856 1855 652 
13460 2202 876 118 1856 
13461 2219 1856 1854 1855 
13462 2202 2197 876 2219 
13463 2194 2202 867 651 
13464 637 1835 2194 2193 
13465 2197 2210 2211 2213 
13466 2222 2219 887 875 
13467 2200 2196 873 2226 
13468 2205 2226 2207 2204 
13469 2218 2215 1855 2213 
13470 2222 887 2219 2220 
13471 2215 656 1855 2213 
13472 656 1854 1855 2213 
13473 2211 2197 2219 2226 
13474 656 1854 2213 655 
13475 2213 2218 2215 2211 
13476 2215 1858 656 122 
13477 888 2200 2222 175 
13478 2198 2194 2197 2195 
13479 2194 2197 2202 2219 
13480 1835 1838 634 2216 
13481 2216 2213 1854 655 
13482 2194 651 1854 1856 
13483 2194 2213 2219 1854 
13484 637 636 1835 2193 
13485 2199 2204 2226 2198 
13486 2199 2204 2198 870 
13487 2197 2210 2198 2211 
13488 2194 2202 651 1856 
13489 2216 1854 1857 655 
13490 2205 883 2206 2212 
13491 1838 1857 2216 2193 
13492 1839 635 116 2217 
13493 2204 2210 2211 2198 
13494 2218 2223 2215 2220 
13495 2193 651 650 1854 
13496 2225 2211 2221 2226 
13497 2199 2226 2207 879 
13498 2222 2219 2226 2220 
13499 2209 178 2224 2214 
13500 2194 2213 2197 2219 
13501 2218 2223 2220 886 
13502 2212 2203 2210 2204 
13503 1835 2210 635 1836 
13504 1837 2194 1835 2204 
13505 2199 2226 879 872 
13506 2197 2211 2219 2213 
13507 637 1837 114 2201 
13508 2216 1854 2193 1857 
13509 884 2223 2215 122 
13510 2225 2221 2211 2214 
13511 2211 2225 2212 2226 
13512 2194 2219 2202 1856 
13513 2198 869 2204 2201 
13514 2206 2209 2225 2214 
13515 1837 113 624 2201 
13516 1837 624 114 2201 
13517 1837 1835 1836 2204 
13518 1837 1836 638 2204 
13519 1837 869 113 2201 
13520 1837 638 113 869 
13521 1837 2194 2204 2201 
13522 637 114 868 2201 
13523 1837 2204 638 869 
13524 639 1836 1839 2203 
13525 639 115 2203 1839 
13526 1837 2204 869 2201 
13527 1836 2210 2203 2204 
13528 1836 1835 2210 2204 
13529 1836 1839 2217 635 
13530 1836 2217 1839 2203 
13531 1836 2217 2203 2210 
13532 2210 1835 635 634 
13533 1836 635 2217 2210 
13534 634 2216 1838 63 
13535 1838 63 1857 444 
13536 637 868 2194 2201 
13537 2216 2194 2210 1835 
13538 638 1836 2203 2204 
13539 115 2208 1839 631 
13540 638 1836 639 2203 
13541 1839 2217 2208 2203 
13542 115 2203 2208 877 
13543 1839 2217 116 2208 
13544 116 2217 882 2208 
13545 1835 636 1838 2193 
13546 1835 2216 634 2210 
13547 883 178 2209 2214 
13548 880 2225 2206 2209 
13549 880 177 2225 2209 
13550 2206 2225 879 2226 
13551 2206 879 2207 2226 
13552 882 2212 2205 2217 
13553 882 2205 2208 2217 
13554 2208 2205 2203 2217 
13555 2208 2205 877 2203 
13556 877 878 2203 2205 
13557 1839 2208 116 631 
13558 2212 2203 2217 2210 
13559 2203 2204 2205 878 
13560 2203 2205 2212 2217 
13561 878 2204 2207 870 
13562 878 2207 173 870 
13563 883 2209 2206 2214 
13564 2205 883 2212 882 
13565 879 2199 872 174 
13566 173 2207 2199 870 
13567 879 2199 174 2207 
13568 2199 2207 2204 870 
13569 2206 2205 2212 2226 
13570 2206 2207 2205 2226 
13571 2206 2212 2225 2226 
13572 173 2207 871 2199 
3 32 4 147
13573 180 899 2245 2238 
13574 180 2238 2233 894 
13575 2233 893 179 2238 
13576 2233 2238 2245 2235 
13577 893 2235 2230 892 
13578 2230 2229 2235 2244 
13579 2230 892 2235 2231 
13580 2230 2235 2229 2231 
13581 2245 899 2247 2236 
13582 2245 2238 899 2236 
13583 893 2235 898 2238 
13584 2233 2238 179 894 
13585 2233 896 2230 2245 
13586 902 181 2240 2247 
13587 902 2247 2240 2244 
13588 899 2236 181 2247 
13589 902 2244 2239 901 
13590 900 122 2242 2237 
13591 900 2236 2240 2247 
13592 181 2247 900 2240 
13593 2234 662 1873 1870 
13594 2234 2237 2242 1873 
13595 2234 121 1873 662 
13596 2234 121 2237 1873 
13597 900 2242 2240 2236 
13598 2237 654 122 1873 
13599 900 2237 2242 2236 
13600 2234 2242 2237 2236 
13601 2242 2239 1870 658 
13602 2240 2235 2244 2247 
13603 2234 2235 1870 2239 
13604 2242 1870 1873 658 
13605 2242 1873 122 658 
13606 658 1869 657 2239 
13607 658 1869 2239 1870 
13608 2234 1870 2235 661 
13609 2234 662 1870 661 
13610 1870 2239 2235 1869 
13611 2234 1870 2242 2239 
13612 2240 2236 2234 2235 
13613 2235 2228 2231 1871 
13614 2235 2231 892 1871 
13615 2245 2235 2238 2236 
13616 2245 2247 2235 2236 
13617 2235 892 661 1871 
13618 898 2236 2238 2235 
13619 898 2236 2234 897 
13620 2240 2244 2235 2239 
13621 1870 2235 1871 1869 
13622 2230 2245 896 2244 
13623 647 2231 120 1871 
13624 2229 896 895 2244 
13625 2235 2229 2231 2228 
13626 2228 890 2229 891 
13627 2228 660 891 1871 
13628 179 2238 893 898 
13629 2235 2229 2228 2244 
13630 120 660 1871 891 
13631 2240 2235 2234 2239 
13632 2231 891 120 1871 
13633 892 119 661 1871 
13634 892 2231 119 1871 
13635 2234 1873 2242 1870 
13636 657 1872 2243 1869 
13637 657 2243 2239 1869 
13638 2240 2236 2235 2247 
13639 2239 2244 2241 901 
13640 181 2236 900 2247 
13641 2237 121 654 1873 
13642 2228 1891 2248 2246 
13643 2243 1891 2227 1892 
13644 180 896 2233 2245 
13645 2228 2232 890 1893 
13646 2248 669 2246 1891 
13647 2248 1891 125 669 
13648 902 2244 2240 2239 
13649 2235 2239 2228 1869 
13650 657 66 2243 1872 
13651 2243 1892 2227 1872 
13652 2241 125 2248 666 
13653 2228 2239 2227 1869 
13654 2246 126 2232 1893 
13655 2233 2245 2230 2235 
13656 2244 2229 2246 895 
13657 2248 666 125 1891 
13658 2228 2232 2229 890 
13659 2228 674 2227 1891 
13660 2246 895 2229 2232 
13661 2228 2241 2239 2244 
13662 2228 2227 2241 1891 
13663 890 1893 2232 127 
13664 674 673 2227 1891 
13665 2243 2227 2239 1869 
13666 2228 2246 2244 2229 
13667 126 672 2232 1893 
13668 2227 1891 673 1892 
13669 2235 2244 2228 2239 
13670 2228 660 1869 2227 
13671 1892 1872 66 464 
13672 1892 68 1872 464 
13673 2241 666 2248 1891 
13674 2229 896 2244 2230 
13675 2228 1893 674 1891 
13676 2228 2246 2232 1893 
13677 2227 1872 1892 68 
13678 2228 2246 2248 2244 
13679 2228 1869 660 1871 
13680 2232 1893 672 127 
13681 2241 2244 2248 901 
13682 2233 893 2238 2235 
13683 2228 2241 2248 1891 
13684 2243 1891 2241 2227 
13685 890 1893 127 674 
13686 2235 1869 2228 1871 
13687 2227 659 1872 68 
13688 180 2245 2233 2238 
13689 2227 1892 673 68 
13690 660 1869 2227 659 
13691 2228 2232 2246 2229 
13692 2234 2237 121 897 
13693 2231 891 2228 2229 
13694 2240 2239 2234 2242 
13695 2241 2248 125 901 
13696 2227 1872 659 1869 
13697 2243 66 666 1892 
13698 2246 669 1893 1891 
13699 2234 2236 2237 897 
13700 2243 66 1892 1872 
13701 1870 1871 2235 661 
13702 2243 666 1891 1892 
13703 2228 1893 890 674 
13704 2233 2230 893 2235 
13705 2246 669 126 1893 
13706 2245 2244 2235 2247 
13707 2243 2241 2239 2227 
13708 2246 126 895 2232 
13709 2240 2242 2234 2236 
13710 2231 2228 891 1871 
13711 2230 2235 2245 2244 
13712 119 2231 647 1871 
13713 898 2235 2234 2236 
13714 2228 2246 1893 1891 
13715 2228 2248 2241 2244 
13716 2243 666 2241 1891 
13717 2242 1873 2237 122 
13718 2243 1872 2227 1869 
13719 2228 2227 2239 2241 
3 33 4 147
13720 702 1948 701 2249 
13721 2250 2254 2257 904 
13722 2270 2254 2249 2268 
13723 702 1948 2249 1949 
13724 2262 2254 2270 2268 
13725 2254 2251 2249 2268 
13726 2264 1950 709 2268 
13727 2262 2263 2254 2268 
13728 2261 706 1951 135 
13729 2267 2251 2258 2254 
13730 2259 911 910 2269 
13731 1908 76 2253 1952 
13732 129 2265 1907 2256 
13733 2270 2250 2252 2249 
13734 2254 2263 2267 2268 
13735 683 77 1908 710 
13736 2254 903 2249 2251 
13737 2263 2265 908 2256 
13738 1908 76 677 2253 
13739 2262 2270 2264 2268 
13740 2254 903 2251 2258 
13741 2262 2269 913 2270 
13742 683 2267 1906 682 
13743 2270 2257 2250 2254 
13744 1907 2265 2267 2256 
13745 2266 2255 2269 2262 
13746 2264 914 2263 2268 
13747 2254 2267 2263 2256 
13748 681 1907 129 2265 
13749 681 1907 2265 130 
13750 129 2256 908 2265 
13751 1907 2265 130 2267 
13752 1907 130 682 2267 
13753 490 76 1908 1952 
13754 1908 2253 677 1906 
13755 677 1906 2253 2251 
13756 678 1906 2258 2256 
13757 128 678 1906 2258 
13758 128 2258 2251 903 
13759 1907 2267 1906 2256 
13760 1906 2251 2258 2267 
13761 1907 682 1906 2267 
13762 1906 2267 2258 2256 
13763 677 2251 128 2258 
13764 677 1906 2251 2258 
13765 1906 2253 2251 2268 
13766 683 1906 2267 2268 
13767 1907 1906 678 2256 
13768 1908 1952 2253 2268 
13769 2259 905 2250 2257 
13770 2259 2257 182 905 
13771 2259 2252 2261 2270 
13772 2259 2252 905 2261 
13773 182 904 2250 2257 
13774 182 2250 905 2257 
13775 2261 1951 2270 2252 
13776 2261 134 1951 2252 
13777 2261 1951 134 705 
13778 2261 1951 705 135 
13779 2259 2252 2270 2250 
13780 905 134 2261 2252 
13781 2259 906 2257 2255 
13782 1951 1948 2252 701 
13783 134 701 1951 2252 
13784 2261 706 911 2270 
13785 2259 2270 911 2269 
13786 2259 2260 906 2255 
13787 2259 2269 2260 2255 
13788 184 2266 2260 2269 
13789 184 909 2260 2266 
13790 2257 2270 2259 2269 
13791 2260 2269 2266 2255 
13792 2259 2257 906 182 
13793 2260 2255 2266 183 
13794 2260 2266 909 183 
13795 2266 2255 907 183 
13796 184 2266 2269 912 
13797 2255 2254 2257 2269 
13798 2255 2262 2254 2269 
13799 907 2254 2255 2262 
13800 912 2262 2269 913 
13801 2261 706 135 911 
13802 2266 2262 907 2255 
13803 2262 2264 2263 2268 
13804 2264 136 708 1950 
13805 2264 2270 1950 2268 
13806 913 136 2264 707 
13807 184 2260 910 2269 
13808 2264 707 136 1950 
13809 707 1948 1950 2270 
13810 1951 2270 2252 1948 
13811 707 1948 2270 706 
13812 2262 2269 2270 2254 
13813 2264 709 1950 137 
13814 1951 706 2270 1948 
13815 1948 2249 2252 701 
13816 2259 2269 2255 2257 
13817 2262 908 907 2254 
13818 2254 2256 2263 908 
13819 2270 2249 1948 2268 
13820 1906 2251 2267 2268 
13821 677 128 1906 2258 
13822 130 2265 915 2267 
13823 2267 2251 2254 2268 
13824 2249 2253 1949 2268 
13825 2254 2258 2267 2256 
13826 2249 2251 2253 2268 
13827 1908 2253 1906 2268 
13828 1908 77 1952 710 
13829 2253 702 1952 76 
13830 1952 710 1949 2268 
13831 2253 1952 1949 2268 
13832 683 710 1908 2268 
13833 710 709 1949 2268 
13834 2253 1952 702 1949 
13835 683 2268 1908 1906 
13836 490 1952 1908 77 
13837 2254 904 2249 903 
13838 1948 2249 1949 2268 
13839 1950 1949 709 2268 
13840 2249 1949 2253 702 
13841 1950 2270 1948 2268 
13842 1950 1948 1949 2268 
13843 1908 710 1952 2268 
13844 2270 2269 2257 2254 
13845 915 2265 2263 2267 
13846 2262 913 2264 2270 
13847 2262 908 2254 2263 
13848 2263 2265 2256 2267 
13849 129 1907 678 2256 
13850 2266 2269 912 2262 
13851 914 2267 915 2263 
13852 913 2264 2270 707 
13853 2264 709 914 2268 
13854 2264 1950 708 137 
13855 914 2267 2263 2268 
13856 2264 914 709 137 
13857 2270 2254 2250 2249 
13858 2259 905 2252 2250 
13859 2250 2249 2254 904 
13860 2257 2270 2250 2259 
13861 2261 1951 706 2270 
13862 2259 910 2260 2269 
13863 906 2255 2260 183 
13864 2270 2252 1948 2249 
13865 2264 2270 707 1950 
13866 2259 2270 2261 911 
3 34 4 219
13867 2280 2285 2293 2271 
13868 692 1929 2272 691 
13869 680 1910 2273 1909 
13870 2287 1909 1911 686 
13871 2287 1930 1928 697 
13872 1930 696 84 2296 
13873 2287 2296 1928 1930 
13874 2285 2280 2293 2281 
13875 1928 1929 1930 2296 
13876 2275 2287 2286 1909 
13877 2287 1911 1983 686 
13878 2295 1929 1931 2277 
13879 2294 1982 730 142 
13880 2294 2290 2289 2288 
13881 2295 1931 928 2292 
13882 2275 2287 1909 2273 
13883 79 1983 1911 686 
13884 2287 2296 2272 1928 
13885 2273 2275 680 1909 
13886 924 1912 2283 130 
13887 2285 2279 924 2284 
13888 2287 1980 1930 697 
13889 1982 1979 732 2295 
13890 2293 2280 2282 921 
13891 2279 2283 924 2284 
13892 1930 83 697 1980 
13893 2294 1979 1982 2295 
13894 2276 129 917 2283 
13895 1981 2281 922 141 
13896 1978 2272 1977 1979 
13897 1981 922 729 141 
13898 2285 1976 1981 2293 
13899 729 2294 1976 730 
13900 922 2281 2293 2280 
13901 922 2280 2293 921 
13902 926 2289 2294 2290 
13903 926 2290 2294 142 
13904 926 925 2294 2289 
13905 2293 2274 2294 2289 
13906 1981 2293 922 2281 
13907 2294 1982 1976 730 
13908 2293 2271 1976 2274 
13909 1981 141 728 2281 
13910 729 2294 2293 1976 
13911 1978 2271 2272 1979 
13912 2285 2279 2280 2281 
13913 2285 2293 1981 2281 
13914 2290 732 143 927 
13915 2293 2271 2274 2278 
13916 2290 732 1982 143 
13917 2290 1982 731 143 
13918 732 733 2296 1979 
13919 2295 2288 928 927 
13920 732 2296 2295 1979 
13921 733 2296 1980 84 
13922 733 1980 2296 1979 
13923 724 1980 697 83 
13924 724 1980 2287 697 
13925 724 1980 1977 2287 
13926 1977 2273 1978 2284 
13927 1978 2271 2273 2272 
13928 725 2287 1977 1983 
13929 725 1983 79 686 
13930 1977 2296 1980 1979 
13931 1977 2296 2287 1980 
13932 2294 1979 2295 2274 
13933 2293 1976 2294 2274 
13934 724 1977 725 2287 
13935 2287 1928 2286 697 
13936 2273 1910 2276 2284 
13937 2275 74 680 1913 
13938 2275 74 1932 692 
13939 2275 1913 1932 74 
13940 692 1929 1928 2272 
13941 2272 691 1929 2277 
13942 2295 1929 2296 695 
13943 2295 2277 2288 2274 
13944 928 695 133 1931 
13945 928 133 2292 1931 
13946 1976 2274 2271 1979 
13947 2295 2272 2274 1979 
13948 2289 2274 919 918 
13949 2274 2289 919 2288 
13950 2288 2294 2274 2289 
13951 919 2277 2292 132 
13952 2294 2295 2290 2288 
13953 2294 1982 2290 2295 
13954 2274 2289 2278 918 
13955 2287 1911 1909 2284 
13956 2288 919 2274 2277 
13957 2278 918 2289 2291 
13958 2278 185 918 2291 
13959 2278 916 2280 2271 
13960 2278 916 2282 2280 
13961 2294 2290 1982 142 
13962 1981 2293 729 922 
13963 2295 1929 2272 2296 
13964 2288 2292 919 2277 
13965 2275 2287 1928 2286 
13966 2278 185 2282 916 
13967 2293 2289 2294 925 
13968 2275 2286 1932 1913 
13969 2278 185 2291 2282 
13970 921 2291 186 2282 
13971 2291 186 2282 920 
13972 2295 928 1931 695 
13973 921 2291 925 186 
13974 680 1910 679 2273 
13975 2294 1979 1976 1982 
13976 2293 2278 2280 2271 
13977 1977 2273 2284 2287 
13978 2280 2271 917 2279 
13979 2294 1976 1979 2274 
13980 2290 2288 2295 927 
13981 2280 2285 2271 2279 
13982 2291 920 2282 185 
13983 2293 2291 925 921 
13984 2271 917 2279 2276 
13985 2279 2283 2276 917 
13986 2273 2276 2271 2284 
13987 2293 2282 2291 921 
13988 2279 2276 2283 2284 
13989 2271 2280 917 916 
13990 2287 2272 2273 2275 
13991 2273 1909 1910 2284 
13992 2276 1910 1912 2284 
13993 2276 679 1912 1910 
13994 924 1912 684 2284 
13995 2283 129 681 1912 
13996 2285 2284 1978 2271 
13997 2276 1912 2283 2284 
13998 2293 2280 2278 2282 
13999 2283 1912 681 130 
14000 684 1910 685 2284 
14001 685 1910 1911 2284 
14002 685 1911 726 2284 
14003 78 1911 1983 726 
14004 78 493 1983 1911 
14005 685 1911 78 726 
14006 2293 2291 2278 2289 
14007 2275 2287 2272 1928 
14008 725 2287 1983 686 
14009 2296 1977 2272 1979 
14010 686 2286 1909 687 
14011 79 1911 1983 493 
14012 2295 2292 928 2288 
14013 2273 679 2276 1910 
14014 1909 687 2286 1913 
14015 1912 1910 684 2284 
14016 2276 129 1912 679 
14017 2275 1932 1928 692 
14018 2275 1909 2286 1913 
14019 2275 1928 1932 2286 
14020 2275 680 1909 1913 
14021 1932 74 1913 481 
14022 1932 75 1913 2286 
14023 1932 2286 1928 698 
14024 687 1913 75 2286 
14025 2286 697 1928 698 
14026 2295 2292 2288 2277 
14027 2287 1983 1911 2284 
14028 2285 1976 1978 1981 
14029 2296 1977 2287 2272 
14030 2287 1909 686 2286 
14031 1911 1910 1909 2284 
14032 1978 1976 2271 1979 
14033 1932 75 2286 698 
14034 1932 481 1913 75 
14035 2272 1929 1928 2296 
14036 1930 515 1980 84 
14037 1930 83 1980 515 
14038 2287 1909 2273 2284 
14039 2287 2296 1930 1980 
14040 1981 1976 729 2293 
14041 1978 2273 2271 2284 
14042 1983 726 1911 2284 
14043 2295 2274 2272 2277 
14044 2296 1929 696 695 
14045 1930 696 2296 1929 
14046 133 694 2292 1931 
14047 2288 2294 2295 2274 
14048 2292 2277 1931 132 
14049 1931 2277 691 132 
14050 1930 84 1980 2296 
14051 2295 2272 1929 2277 
14052 2295 1931 2292 2277 
14053 2292 1931 694 132 
14054 1929 691 1931 2277 
14055 2290 2295 732 927 
14056 2290 142 731 1982 
14057 1977 2284 1983 2287 
14058 2271 2276 2279 2284 
14059 2290 2295 1982 732 
14060 2293 2278 2274 2289 
14061 2293 2282 2278 2291 
14062 1977 2272 1978 2273 
14063 2293 2291 2289 925 
14064 2272 2271 2274 1979 
14065 2295 2296 2272 1979 
14066 2295 1931 1929 695 
14067 2275 1928 2272 692 
14068 2276 129 2283 1912 
14069 1977 2272 2273 2287 
14070 2271 1976 1978 2285 
14071 924 2283 1912 2284 
14072 924 684 1912 130 
14073 1977 2284 1978 1983 
14074 140 2281 1981 728 
14075 1978 726 1983 2284 
14076 2285 2284 2271 2279 
14077 2271 1976 2285 2293 
14078 2285 2279 923 924 
14079 140 923 2285 2281 
14080 2285 2281 923 2279 
14081 140 2285 727 1981 
14082 2285 726 1978 2284 
14083 727 1978 2285 726 
14084 140 2281 2285 1981 
14085 727 1981 2285 1978 
3 35 4 145
14086 754 2022 753 2297 
14087 1937 82 2025 2301 
14088 2297 2301 2313 2022 
14089 2297 2302 931 2303 
14090 2318 2300 2023 2026 
14091 1936 1935 2306 693 
14092 2315 2311 189 2317 
14093 133 2310 1936 2312 
14094 2297 2313 2302 2307 
14095 131 1935 2304 2299 
14096 2313 2024 2318 2022 
14097 759 2316 2026 149 
14098 2305 188 934 2315 
14099 2297 2022 2313 2318 
14100 933 2310 2306 132 
14101 2307 2317 2302 2297 
14102 2315 189 940 2317 
14103 2302 2313 2312 2308 
14104 1936 693 2306 132 
14105 1936 2306 2310 132 
14106 2313 2304 1935 2299 
14107 1937 688 2301 1935 
14108 700 1937 85 755 
14109 1937 2301 2313 1935 
14110 700 2313 1937 755 
14111 1937 518 85 2025 
14112 699 2312 1936 1935 
14113 699 2312 133 1936 
14114 1937 755 2313 2025 
14115 694 1936 2310 132 
14116 133 2310 694 1936 
14117 133 2310 2312 939 
14118 700 2312 699 1935 
14119 688 131 2299 1935 
14120 688 2301 1935 2299 
14121 1937 82 518 2025 
14122 131 2299 2304 930 
14123 1937 2313 2301 2025 
14124 2304 2306 1935 693 
14125 2313 2304 2312 1935 
14126 2304 2302 930 2297 
14127 2304 2312 2302 2313 
14128 2298 929 2300 2314 
14129 2298 2303 931 187 
14130 2297 931 2298 2303 
14131 2297 2318 2314 2300 
14132 2298 929 2314 187 
14133 2298 2314 2303 187 
14134 2303 2314 934 187 
14135 2303 2314 2305 934 
14136 2298 2314 2300 2297 
14137 2303 2317 2305 2314 
14138 2303 2317 2302 2305 
14139 2304 2297 930 2299 
14140 2304 2302 2297 2313 
14141 2297 2298 2314 2303 
14142 2304 1935 2306 2312 
14143 936 2311 2307 2317 
14144 936 2311 2317 189 
14145 936 2307 937 2317 
14146 2297 2023 2318 2300 
14147 2305 2307 2311 2317 
14148 2307 2313 2308 2309 
14149 2307 933 2302 932 
14150 2305 932 188 2311 
14151 2306 2308 2312 2310 
14152 2312 2310 2308 939 
14153 2312 2308 938 939 
14154 2312 938 2308 2313 
14155 930 931 2297 2302 
14156 938 2309 756 147 
14157 938 2309 2313 756 
14158 700 2313 2312 1935 
14159 2313 755 756 2022 
14160 131 2304 1935 693 
14161 2313 1935 2301 2299 
14162 2297 2022 2318 2023 
14163 2313 755 2022 2025 
14164 2313 756 2024 2022 
14165 2313 2024 756 2309 
14166 1936 2312 2306 1935 
14167 147 2024 757 2309 
14168 757 148 2309 2024 
14169 2309 2024 937 2318 
14170 2309 148 937 2024 
14171 758 2318 2023 759 
14172 758 2023 2318 2024 
14173 2318 2022 2024 2023 
14174 2318 2314 941 2317 
14175 2318 759 941 2316 
14176 2304 2313 2297 2299 
14177 2305 2315 934 2314 
14178 937 2024 148 758 
14179 2305 188 2315 2311 
14180 2318 2023 759 2026 
14181 2318 2316 2300 2026 
14182 759 941 2316 149 
14183 2023 2300 754 2026 
14184 2318 759 2316 2026 
14185 754 2026 2300 146 
14186 2300 2026 2316 146 
14187 2300 2316 929 146 
14188 2297 2302 2303 2317 
14189 2297 2313 2301 2299 
14190 2300 2316 2314 929 
14191 2302 932 2305 2307 
14192 1936 2310 2306 2312 
14193 1937 688 82 2301 
14194 700 1937 2313 1935 
14195 2297 2022 753 2301 
14196 2317 2297 2318 2314 
14197 2313 2024 2309 2318 
14198 2313 2022 2301 2025 
14199 82 2301 753 2025 
14200 2305 2307 932 2311 
14201 2314 2317 2315 940 
14202 2314 941 2317 940 
14203 2314 2317 2297 2303 
14204 2297 754 2023 2300 
14205 2307 933 2308 2302 
14206 2305 2315 2314 2317 
14207 2316 146 2026 760 
14208 937 2024 758 2318 
14209 2304 2306 2302 2312 
14210 753 2301 2022 2025 
14211 2302 2308 2307 2313 
14212 2302 2307 2305 2317 
14213 2308 2313 938 2309 
14214 2307 2318 937 2317 
14215 2315 189 2311 935 
14216 2302 2312 2306 2308 
14217 2307 2317 2297 2318 
14218 2302 2306 933 2308 
14219 2318 2314 2300 2316 
14220 2316 760 2026 149 
14221 1937 85 755 2025 
14222 756 2024 147 2309 
14223 2318 941 2314 2316 
14224 2307 2318 2309 937 
14225 2297 2313 2307 2318 
14226 933 2308 2306 2310 
14227 754 2022 2297 2023 
14228 2307 2318 2313 2309 
14229 2315 935 2311 188 
14230 2305 2311 2315 2317 
3 36 4 144
14231 2329 153 2338 2055 
14232 704 1954 2319 703 
14233 2339 1955 954 2336 
14234 704 2319 1953 2321 
14235 2339 2329 2327 2334 
14236 2333 2327 2319 2323 
14237 2333 2335 2332 2327 
14238 954 1955 714 139 
14239 1956 2321 2340 2054 
14240 2332 1953 1954 2319 
14241 949 2338 2329 153 
14242 2337 2328 950 2335 
14243 2333 2319 2320 2323 
14244 2339 2321 2322 2053 
14245 2333 1954 2332 711 
14246 2339 1955 2336 2332 
14247 946 2325 191 2337 
14248 192 947 2325 952 
14249 192 2325 946 2337 
14250 191 950 2337 2328 
14251 192 2325 2337 952 
14252 2325 2324 945 2328 
14253 2325 2333 2324 2328 
14254 2324 948 2326 2333 
14255 2324 2331 2333 2323 
14256 2324 2328 2333 2331 
14257 2324 945 2328 2331 
14258 191 2328 2337 2325 
14259 942 2326 134 2320 
14260 2324 2323 2333 2320 
14261 2324 2333 2326 2320 
14262 134 2320 1957 703 
14263 2326 135 1957 948 
14264 2326 134 2320 1957 
14265 2326 948 1957 2333 
14266 1957 2320 1954 703 
14267 1957 948 135 711 
14268 2324 190 2331 2323 
14269 2326 705 134 1957 
14270 2326 2333 1957 2320 
14271 2326 135 705 1957 
14272 2324 942 2323 2320 
14273 2324 942 190 2323 
14274 2333 2335 2327 2328 
14275 2325 952 947 2333 
14276 2325 2333 947 2324 
14277 2337 2333 2325 2328 
14278 2333 1954 2320 2319 
14279 1957 2333 1954 2320 
14280 2333 2332 2335 952 
14281 2324 190 945 2331 
14282 947 948 2324 2333 
14283 1957 2333 948 711 
14284 2339 779 2340 2053 
14285 2339 954 953 2334 
14286 2339 2338 2334 953 
14287 2339 2338 2329 2334 
14288 2339 2338 953 779 
14289 2339 2340 714 1953 
14290 2339 2327 2322 2319 
14291 714 2340 715 1953 
14292 2339 2322 2321 2319 
14293 2339 714 954 1955 
14294 139 2336 1955 713 
14295 951 2335 2332 952 
14296 954 1955 139 2336 
14297 2336 2334 2332 2335 
14298 138 1955 712 2332 
14299 712 1954 2332 1955 
14300 712 2332 1954 711 
14301 2339 1953 2332 2319 
14302 2333 2327 2323 2331 
14303 2324 2326 942 2320 
14304 2333 2332 1954 2319 
14305 1957 1954 2333 711 
14306 2332 1953 1955 1954 
14307 2336 138 951 2332 
14308 2332 2334 2327 2335 
14309 704 1953 1956 2321 
14310 1956 1953 715 2340 
14311 1956 715 89 2340 
14312 2321 2339 1953 2340 
14313 2339 1953 714 1955 
14314 1954 2320 2319 703 
14315 2340 780 2054 2053 
14316 2321 88 774 2054 
14317 2330 2329 2053 777 
14318 2330 152 2322 943 
14319 704 2321 1956 88 
14320 2322 774 152 2053 
14321 2339 2329 2055 2053 
14322 943 944 2319 2327 
14323 2322 2327 943 2319 
14324 2319 944 2323 2327 
14325 2330 943 2322 2327 
14326 2337 2325 2333 952 
14327 2330 2053 2322 152 
14328 2321 2054 774 2053 
14329 2330 2053 152 777 
14330 2333 2327 2332 2319 
14331 190 2331 2323 944 
14332 2339 2322 2330 2053 
14333 2337 2335 2333 2328 
14334 2339 2340 2321 2053 
14335 1956 88 2321 2054 
14336 2339 2055 779 2053 
14337 949 2334 2329 2338 
14338 2340 2054 2321 2053 
14339 2339 2332 2334 2327 
14340 2339 2327 2330 2322 
14341 2340 779 780 2053 
14342 953 2338 154 779 
14343 2339 2336 954 2334 
14344 2334 950 2327 2335 
14345 2339 2055 2338 779 
14346 2329 153 2055 777 
14347 154 2338 2055 779 
14348 154 2055 2338 778 
14349 2339 1955 2332 1953 
14350 2339 2319 2332 2327 
14351 2336 1955 138 2332 
14352 2333 2327 2331 2328 
14353 2327 2329 949 2334 
14354 2321 2339 2319 1953 
14355 2337 2333 2335 952 
14356 2336 2332 951 2335 
14357 191 2328 2325 945 
14358 704 1954 1953 2319 
14359 2339 2330 2329 2053 
14360 2339 2329 2330 2327 
14361 2334 950 949 2327 
14362 2338 153 778 2055 
14363 2323 2327 944 2331 
14364 2329 777 2055 2053 
14365 1956 89 536 2054 
14366 2336 138 1955 713 
14367 89 2054 2340 780 
14368 2339 2055 2329 2338 
14369 1956 89 2054 2340 
14370 2327 950 2328 2335 
14371 1956 88 2054 536 
14372 1956 2321 1953 2340 
14373 2339 2332 2336 2334 
14374 2321 774 2322 2053 
3 37 4 322
14375 2359 2358 2380 2356 
14376 2355 2354 1961 2357 
14377 156 791 2079 2359 
14378 2360 969 2373 198 
14379 197 2373 2360 969 
14380 1993 2343 2341 1967 
14381 1965 136 957 720 
14382 158 2371 2077 795 
14383 2380 2364 2079 2074 
14384 2380 2077 2376 2073 
14385 1961 2355 2357 1960 
14386 145 2374 1991 738 
14387 1990 94 2078 559 
14388 735 955 1992 2344 
14389 2353 1965 1961 2354 
14390 1963 2364 1964 1960 
14391 2367 2368 2366 2375 
14392 2357 2377 2378 2369 
14393 1964 2364 2080 723 
14394 735 955 140 1992 
14395 2357 2346 2361 2354 
14396 91 2342 1964 718 
14397 2364 2342 1964 2080 
14398 2342 2364 2076 2080 
14399 972 2358 973 2363 
14400 2366 2357 2344 2378 
14401 2375 1991 1987 739 
14402 1961 2344 2343 2341 
14403 2356 2357 2358 2380 
14404 140 2350 1992 955 
14405 2353 720 1962 1965 
14406 740 2375 2376 1990 
14407 2344 2366 2378 2345 
14408 2360 2356 970 2379 
14409 2360 198 2373 2379 
14410 2364 2076 2080 2074 
14411 1963 1960 1961 2357 
14412 2364 2357 1963 2341 
14413 2380 2077 2073 2075 
14414 2378 2349 2347 2345 
14415 1965 720 957 2354 
14416 140 2350 728 1992 
14417 1966 721 2353 138 
14418 976 2371 2375 2370 
14419 723 789 2080 90 
14420 2356 2359 971 2380 
14421 2361 2355 2354 966 
14422 1962 2353 1965 1961 
14423 1961 1962 2353 1960 
14424 1990 2376 740 796 
14425 2377 968 2373 2357 
14426 2346 2351 2378 2361 
14427 1960 2353 2355 1966 
14428 157 2371 981 2077 
14429 2346 2361 2378 2357 
14430 2361 2357 2354 2355 
14431 2380 2359 2364 2358 
14432 2366 2349 963 2372 
14433 2380 2074 2079 2075 
14434 736 141 964 2350 
14435 2375 2365 1988 1991 
14436 2380 2371 981 2367 
14437 2343 1961 2341 1967 
14438 1989 2341 1987 1990 
14439 91 2342 788 2080 
14440 2356 971 970 2379 
14441 736 964 2366 2350 
14442 2366 975 2365 2368 
14443 2344 717 1961 2343 
14444 2368 2365 2366 2375 
14445 2357 1963 1960 2364 
14446 144 2374 1991 2365 
14447 156 2079 971 2359 
14448 2352 2354 2346 2344 
14449 2378 961 2347 2349 
14450 2380 2079 792 2075 
14451 2079 2359 2380 971 
14452 2380 793 981 2077 
14453 2366 2368 2369 2372 
14454 2364 1960 2358 2363 
14455 736 2366 1992 2350 
14456 2079 790 2364 2359 
14457 2377 2378 2369 978 
14458 1992 955 2350 2344 
14459 963 196 2372 2349 
14460 196 2372 975 963 
14461 740 2375 1987 739 
14462 2369 2349 978 2378 
14463 2376 2341 2380 2073 
14464 1990 95 559 2078 
14465 728 141 1992 2350 
14466 2375 2374 1991 145 
14467 2365 2375 2374 1991 
14468 736 1992 141 2350 
14469 2344 2378 2346 2345 
14470 158 2371 795 976 
14471 194 960 2351 967 
14472 194 2351 2361 967 
14473 2361 958 193 966 
14474 2361 958 2351 193 
14475 959 193 2361 2351 
14476 2361 2346 958 2354 
14477 2351 960 2378 967 
14478 2361 2346 2351 958 
14479 2351 2347 2378 960 
14480 708 1965 2352 137 
14481 708 136 2352 1965 
14482 2352 957 1965 136 
14483 2352 717 2344 956 
14484 2352 1965 957 2354 
14485 2352 1965 2354 2344 
14486 1965 1961 2344 717 
14487 2353 1961 1960 2355 
14488 2352 2344 2348 956 
14489 2352 2344 2346 2348 
14490 2352 957 2346 2354 
14491 2352 956 137 717 
14492 197 2377 968 2373 
14493 2361 2351 2378 967 
14494 2346 2354 957 958 
14495 2362 2355 1966 2358 
14496 2378 960 2347 961 
14497 979 2373 2369 2377 
14498 2354 2355 2353 966 
14499 1962 2353 1960 1966 
14500 2352 717 1965 2344 
14501 2357 2373 2369 2367 
14502 2378 2357 967 2377 
14503 2351 2346 2378 2347 
14504 2349 962 2372 195 
14505 2349 2372 978 195 
14506 961 2349 978 195 
14507 2357 2378 2366 2369 
14508 2358 2355 1960 2357 
14509 2366 963 2345 964 
14510 2366 964 2345 2350 
14511 2379 2357 2373 2360 
14512 2373 2369 2377 2357 
14513 2352 137 1965 717 
14514 2375 976 2370 977 
14515 196 2372 2349 962 
14516 979 2377 197 2373 
14517 1990 2375 2341 1987 
14518 2364 2341 2076 2073 
14519 2350 955 2348 2344 
14520 1990 740 2375 1987 
14521 1990 2376 2078 2341 
14522 741 2341 1989 1990 
14523 2343 1986 735 734 
14524 2346 2345 2378 2347 
14525 2367 2380 2341 2357 
14526 2361 2378 2357 967 
14527 2348 2344 955 956 
14528 2341 1989 1988 1986 
14529 2357 2344 2378 2346 
14530 2354 2357 2346 2344 
14531 2369 2377 978 979 
14532 1988 2366 736 2365 
14533 144 974 2374 2365 
14534 2365 975 974 2368 
14535 1993 2341 1989 742 
14536 2371 2375 2376 976 
14537 2345 2378 2349 2366 
14538 2374 2368 2365 974 
14539 2341 1986 1993 1989 
14540 2374 2375 2368 2370 
14541 2349 2345 2366 963 
14542 980 2379 2373 198 
14543 980 2373 2379 2367 
14544 980 2379 981 2367 
14545 2369 2367 2366 2357 
14546 157 981 793 2077 
14547 2359 2380 2364 2079 
14548 2080 2364 2074 789 
14549 2366 2349 2369 2378 
14550 158 2077 2371 794 
14551 2380 792 793 2075 
14552 2074 2364 2076 2073 
14553 2367 2371 2375 2376 
14554 2368 2369 2367 2366 
14555 2376 2073 795 796 
14556 2376 796 2078 2073 
14557 2376 2073 2077 795 
14558 2378 978 961 2349 
14559 2367 2366 2341 2375 
14560 2370 2375 2367 2371 
14561 2357 2367 2379 2373 
14562 735 1986 2344 1992 
14563 2376 2078 2341 2073 
14564 2380 2077 2371 2376 
14565 2341 1988 2366 1986 
14566 741 2341 1990 2078 
14567 1990 95 2078 796 
14568 1988 2375 1991 1987 
14569 2341 2078 787 2076 
14570 2341 787 2342 2076 
14571 2341 2078 2076 2073 
14572 2344 2343 2341 1986 
14573 2342 2076 787 788 
14574 2342 719 1963 718 
14575 2342 1963 1964 718 
14576 741 2341 742 1989 
14577 2341 1967 719 742 
14578 2358 972 2364 2363 
14579 1967 2343 1961 716 
14580 1961 2343 717 716 
14581 1966 965 2362 138 
14582 2073 2074 2364 2380 
14583 1986 2343 1993 734 
14584 80 2343 1993 1967 
14585 2344 2341 2357 2366 
14586 965 2353 138 1966 
14587 1960 1966 2358 2363 
14588 2354 2353 2355 1961 
14589 2375 2376 1990 2341 
14590 2341 2367 2357 2366 
14591 2366 2350 2345 2344 
14592 722 1960 2363 1966 
14593 722 2363 139 1966 
14594 722 2363 1960 723 
14595 2357 1961 2341 2344 
14596 789 2080 2364 723 
14597 1964 539 90 2080 
14598 1963 2341 2342 2364 
14599 972 2364 2359 2358 
14600 2380 2073 2341 2364 
14601 2366 2341 1986 2344 
14602 1963 2341 1961 1967 
14603 139 2363 973 1966 
14604 1966 2362 973 139 
14605 2355 1966 965 2362 
14606 2353 2355 965 966 
14607 1962 1966 721 2353 
14608 742 1993 2341 1967 
14609 139 1966 2362 713 
14610 2358 1966 973 2363 
14611 1966 138 2362 713 
14612 1961 1963 2357 2341 
14613 2376 2341 2367 2380 
14614 2362 2358 1966 973 
14615 1965 2353 720 2354 
14616 2080 723 90 1964 
14617 2357 2373 2360 968 
14618 2361 2354 958 966 
14619 2345 2344 2350 2348 
14620 194 2351 959 2361 
14621 2353 720 721 1962 
14622 2373 2360 968 197 
14623 967 2357 968 2377 
14624 2349 2372 2369 978 
14625 975 2372 2366 963 
14626 2356 2357 2379 2360 
14627 2357 2380 2364 2358 
14628 2368 975 2372 2366 
14629 2360 970 198 2379 
14630 2364 723 1960 2363 
14631 2372 2366 2349 2369 
14632 2380 2079 971 792 
14633 2346 2344 2345 2348 
14634 2380 2073 2074 2075 
14635 2380 981 2379 2367 
14636 2380 2077 981 2371 
14637 2380 793 2077 2075 
14638 155 2079 2359 790 
14639 156 792 971 2079 
14640 972 2364 790 2359 
14641 1960 2358 2357 2364 
14642 2380 2356 2379 971 
14643 2379 2357 2380 2367 
14644 2341 1963 719 1967 
14645 2357 2380 2356 2379 
14646 723 1960 1964 2364 
14647 2342 788 2080 2076 
14648 91 1964 2342 2080 
14649 91 539 1964 2080 
14650 2341 2342 2364 2076 
14651 1965 1961 2354 2344 
14652 972 790 155 2359 
14653 1966 2353 2355 965 
14654 2366 2350 2344 1992 
14655 2344 2357 1961 2354 
14656 157 794 2371 2077 
14657 2371 2376 2077 795 
14658 2371 976 2376 795 
14659 2079 2364 790 2074 
14660 790 789 2074 2364 
14661 155 2359 2079 791 
14662 2375 2368 2370 2367 
14663 1988 1992 736 2366 
14664 1966 2358 2355 1960 
14665 1967 81 742 1993 
14666 1963 719 2342 2341 
14667 1988 2366 1986 1992 
14668 2365 2366 2375 1988 
14669 1967 719 742 81 
14670 2375 2368 2365 2374 
14671 2366 1986 1992 2344 
14672 1990 740 95 796 
14673 2376 2341 2375 2367 
14674 1988 1989 2341 1987 
14675 2366 2375 1988 2341 
14676 144 1991 2374 738 
14677 737 2365 144 1991 
14678 737 2365 1988 736 
14679 737 2365 1991 1988 
14680 2374 977 145 2375 
14681 2370 977 2374 2375 
14682 2367 2371 2376 2380 
14683 1987 1988 2375 2341 
14684 1986 2344 2343 735 
14685 1990 2078 2376 796 
14686 741 1990 94 2078 
14687 739 2375 1991 145 
14688 741 787 2341 2078 
14689 741 94 787 2078 
14690 2343 2341 1986 1993 
14691 80 2343 1967 716 
14692 80 734 1993 2343 
14693 2380 2341 2357 2364 
14694 80 1993 498 1967 
14695 2342 1963 2364 1964 
14696 498 1967 1993 81 
3 38 4 324
14697 204 2411 998 2399 
14698 2031 2403 2032 2416 
14699 768 2413 1008 2415 
14700 2113 2119 2395 2420 
14701 2403 2382 2392 2001 
14702 2401 2000 2402 2391 
14703 2402 2403 2404 2115 
14704 747 2000 748 2401 
14705 993 992 2393 2391 
14706 2383 2400 2389 2418 
14707 145 738 2004 2397 
14708 145 2004 2401 2397 
14709 2420 2114 2116 2118 
14710 163 821 2412 2118 
14711 2399 2407 1005 2411 
14712 747 2004 2000 2401 
14713 2383 2382 2385 2387 
14714 2114 2395 2408 2407 
14715 2394 2407 2395 2420 
14716 2403 2120 814 2115 
14717 2402 2001 2003 2403 
14718 163 2412 1006 2118 
14719 822 2412 2114 2415 
14720 2003 2402 2005 2000 
14721 2118 822 2412 2114 
14722 2400 2418 996 2389 
14723 2034 769 102 2416 
14724 2403 2405 2032 2114 
14725 2396 2394 2407 2395 
14726 2403 814 2404 2115 
14727 2006 750 2403 764 
14728 2402 2001 2403 2392 
14729 144 2397 992 2391 
14730 2407 2396 2417 2399 
14731 2005 2117 96 816 
14732 2381 2001 2403 2006 
14733 2383 2387 2007 2382 
14734 2005 562 2117 97 
14735 2419 2399 1005 204 
14736 2007 2387 143 744 
14737 993 2393 2392 2391 
14738 2419 2407 1006 1005 
14739 2420 2116 2119 819 
14740 144 2397 2004 738 
14741 2032 766 2413 2405 
14742 87 2006 764 750 
14743 2006 86 523 2033 
14744 2416 2031 2403 2034 
14745 2391 745 2007 2392 
14746 2409 1004 2411 2417 
14747 996 987 2389 2418 
14748 2383 2392 2405 2382 
14749 2400 2383 985 2392 
14750 2401 2397 2004 2391 
14751 2418 2396 2417 2408 
14752 2386 2383 2418 2384 
14753 2395 2115 2402 2113 
14754 2393 2395 2392 2391 
14755 1003 2409 2414 2417 
14756 2402 2395 994 2401 
14757 2029 2036 2032 2382 
14758 2384 2418 2388 2405 
14759 2412 1007 822 164 
14760 2006 2033 2381 86 
14761 2404 2003 2402 2005 
14762 2001 2382 2381 2403 
14763 2031 2033 2029 2403 
14764 2114 2403 2115 2120 
14765 2006 2381 743 86 
14766 2414 2388 2405 990 
14767 2113 2395 2114 2420 
14768 2006 2381 2001 743 
14769 2391 2007 2001 2392 
14770 2003 2006 2403 2001 
14771 2420 2398 1000 819 
14772 745 142 2007 984 
14773 2007 2002 2391 2001 
14774 731 2387 2007 142 
14775 2001 2007 744 2382 
14776 2007 2383 984 2387 
14777 2006 2403 750 2003 
14778 147 757 2036 2390 
14779 2036 2390 757 148 
14780 2382 2406 2405 2384 
14781 2406 2382 2036 2390 
14782 2390 148 2406 991 
14783 2390 982 2385 2382 
14784 2384 2385 2382 2390 
14785 2390 991 2406 2384 
14786 2383 2384 2385 2382 
14787 2036 2029 762 2382 
14788 2406 766 2032 2405 
14789 2406 765 2032 766 
14790 2406 990 2384 991 
14791 2406 990 2405 2384 
14792 147 2390 762 982 
14793 2384 2382 2406 2390 
14794 2036 2406 765 2032 
14795 2389 2386 2383 2418 
14796 2381 2382 2029 2403 
14797 2405 2032 2382 2403 
14798 2029 2033 761 2381 
14799 147 2390 2036 762 
14800 2000 2402 2391 2001 
14801 731 2007 2387 143 
14802 2006 2403 2381 2033 
14803 87 764 2006 2033 
14804 2033 2403 2031 764 
14805 2031 2403 763 764 
14806 2032 2403 2029 2382 
14807 750 2003 2403 2404 
14808 2031 763 2403 2034 
14809 2034 101 2120 588 
14810 2034 2120 102 588 
14811 2034 2030 769 2416 
14812 763 2034 101 2120 
14813 769 768 2416 2030 
14814 2034 102 2120 2416 
14815 102 2120 2416 823 
14816 763 101 814 2120 
14817 2031 2416 2030 2034 
14818 2416 2114 823 2120 
14819 2030 2416 2035 768 
14820 2403 2120 763 814 
14821 2416 823 2114 822 
14822 2407 2395 2420 2114 
14823 2416 2035 768 2415 
14824 761 86 2381 2033 
14825 2416 2032 2030 2035 
14826 2407 2114 2412 2415 
14827 2029 2381 2403 2033 
14828 762 2036 2382 2390 
14829 2390 762 982 2382 
14830 2413 2035 2032 2415 
14831 2414 1003 2417 2418 
14832 2418 996 2396 2400 
14833 2035 768 2415 2413 
14834 768 2413 2035 151 
14835 1001 2413 2405 2408 
14836 766 1001 2413 2405 
14837 2413 1008 2415 2410 
14838 2412 2118 2114 2420 
14839 2419 2394 2407 2399 
14840 767 151 2035 2413 
14841 766 2413 2035 2032 
14842 768 1008 2413 151 
14843 2395 2408 2405 2114 
14844 2403 2034 763 2120 
14845 2415 2416 2035 2032 
14846 2036 765 2406 148 
14847 150 2413 767 2035 
14848 202 2414 1002 990 
14849 202 2388 2414 990 
14850 202 2388 989 2414 
14851 2036 2406 2390 148 
14852 2414 201 1003 988 
14853 2414 2388 201 988 
14854 2405 2383 2382 2384 
14855 2392 2396 2405 2395 
14856 2403 2395 2392 2405 
14857 2418 2388 2405 2414 
14858 2392 2396 2400 2383 
14859 2388 2405 990 2384 
14860 2396 2400 2383 2418 
14861 2384 2405 2383 2418 
14862 989 2414 2388 201 
14863 2410 2415 2407 2412 
14864 2415 2412 1007 822 
14865 2396 2417 2408 2407 
14866 2394 2407 2399 2396 
14867 204 999 2419 2399 
14868 2419 999 1000 2394 
14869 2419 1000 2420 2394 
14870 2419 999 2394 2399 
14871 163 820 2118 1006 
14872 2412 821 164 2118 
14873 2396 2395 2408 2405 
14874 2407 2396 2395 2408 
14875 2114 2403 2405 2395 
14876 2407 2419 2399 1005 
14877 1007 2410 2415 1008 
14878 1006 2420 2412 2407 
14879 2405 2032 2114 2415 
14880 2403 2416 2034 2120 
14881 2114 2403 2120 2416 
14882 822 2412 164 2118 
14883 2420 2407 2114 2412 
14884 2393 2392 2395 2396 
14885 2420 2412 2118 1006 
14886 2412 2410 2415 1007 
14887 2410 2413 2408 2415 
14888 2408 2405 1001 1002 
14889 2414 2405 1002 990 
14890 2414 2405 2408 1002 
14891 2417 2409 2408 2407 
14892 2406 2405 2032 2382 
14893 2414 2417 2408 2418 
14894 1003 1004 2409 2417 
14895 2382 2403 2392 2405 
14896 2417 2418 996 2396 
14897 2411 998 2399 203 
14898 2415 2416 2114 822 
14899 2411 2399 2417 203 
14900 2417 2399 997 203 
14901 2417 2396 997 2399 
14902 2409 2414 2417 2408 
14903 2416 2032 2114 2403 
14904 2403 2029 2031 2032 
14905 2408 2114 2407 2415 
14906 2388 2418 2386 988 
14907 745 2007 2002 2391 
14908 2420 2116 820 2118 
14909 2420 820 1006 2118 
14910 2420 2116 819 820 
14911 1000 2398 162 819 
14912 2420 2394 1000 2398 
14913 2413 2408 2415 2405 
14914 2395 2398 2420 2119 
14915 2420 2395 2394 2398 
14916 2420 2116 2113 2119 
14917 2398 818 162 2119 
14918 2398 2119 162 819 
14919 2402 2113 816 817 
14920 2402 2113 817 2119 
14921 2002 2391 2001 2000 
14922 2402 817 994 2119 
14923 2005 2404 749 97 
14924 2115 2402 2113 2117 
14925 994 2401 2395 995 
14926 2119 2402 2113 2395 
14927 2398 2119 161 818 
14928 994 2395 2119 2398 
14929 994 817 161 2119 
14930 2398 2119 994 161 
14931 2420 2119 2398 819 
14932 2395 2119 2402 994 
14933 2403 2115 2395 2114 
14934 2001 2003 2000 2402 
14935 2005 749 2404 2003 
14936 2404 814 815 2115 
14937 2418 2386 2384 2388 
14938 2115 2402 2403 2395 
14939 2404 2115 815 2117 
14940 2404 2117 815 97 
14941 2420 2419 2407 1006 
14942 2393 2391 992 2397 
14943 2005 2117 2404 97 
14944 2007 744 2382 2387 
14945 2402 2401 2391 2395 
14946 2418 2414 1003 988 
14947 2113 2395 2115 2114 
14948 2007 984 142 2387 
14949 2007 2001 2392 2382 
14950 984 2383 2392 985 
14951 2405 2396 2383 2418 
14952 2007 2383 2392 984 
14953 1001 150 766 2413 
14954 150 766 2413 2035 
14955 2001 744 2381 2382 
14956 993 2400 199 985 
14957 199 2400 2389 985 
14958 199 986 2389 2400 
14959 2402 2404 2005 2117 
14960 2389 986 200 2400 
14961 2389 2418 987 2386 
14962 987 2418 988 2386 
14963 2396 2393 2392 2400 
14964 2396 2383 2392 2405 
14965 2417 2396 996 997 
14966 2408 2418 2396 2405 
14967 2385 2387 2382 983 
14968 2385 2382 982 983 
14969 2032 2406 2382 2036 
14970 2032 2031 2416 2030 
14971 762 2381 2029 761 
14972 2408 2405 2114 2415 
14973 143 2387 983 744 
14974 2382 983 2387 744 
14975 993 2392 2393 2400 
14976 2117 2402 2113 816 
14977 2411 2399 2407 2417 
14978 762 2029 2381 2382 
14979 996 2389 200 2400 
14980 2391 2401 2397 2395 
14981 2403 2404 2003 2402 
14982 2382 2392 2007 2383 
14983 2395 2397 995 2401 
14984 2420 2114 2113 2116 
14985 2392 2395 2403 2402 
14986 996 200 2389 987 
14987 2408 2414 2418 2405 
14988 2394 2420 2419 2407 
14989 2411 2417 1004 203 
14990 2407 2417 2409 2411 
14991 2415 2413 2405 2032 
14992 993 2392 2400 985 
14993 2408 2410 2415 2407 
14994 988 2388 2418 2414 
14995 745 2007 2392 984 
14996 2032 2415 2416 2114 
14997 2000 2002 2391 2004 
14998 2383 985 2389 2400 
14999 144 2004 2397 2391 
15000 2392 2395 2402 2391 
15001 2002 746 745 2391 
15002 1005 2399 2411 204 
15003 746 2004 144 2391 
15004 2002 2004 746 2391 
15005 2402 2001 2392 2391 
15006 2117 2402 2404 2115 
15007 2000 2391 2401 2004 
15008 2006 2403 2033 764 
15009 2001 743 2381 744 
15010 749 2003 750 2404 
15011 2391 2393 2395 2397 
15012 2402 2117 2005 816 
15013 145 2401 995 2397 
15014 2005 562 96 2117 
15015 748 2005 96 816 
15016 748 2402 2005 816 
15017 748 2401 2000 2402 
15018 748 2402 2000 2005 
15019 145 2004 747 2401 
15020 87 2006 523 2033 
3 39 4 144
15021 2041 2436 772 1019 
15022 2435 2156 846 169 
15023 752 2039 2421 2040 
15024 2435 2156 169 2440 
15025 169 2156 847 2440 
15026 2156 2154 847 2440 
15027 2437 2154 2156 2440 
15028 2437 844 845 2154 
15029 2432 1021 2438 1020 
15030 2442 2425 2154 167 
15031 2422 2039 2043 2430 
15032 2442 2438 2421 1009 
15033 2155 591 100 2042 
15034 2423 2154 2425 843 
15035 2442 2440 2154 2436 
15036 2429 2041 150 2433 
15037 2437 844 2154 2436 
15038 2432 1021 2431 2438 
15039 2154 844 2155 2436 
15040 2437 2435 2432 2440 
15041 752 2039 751 2421 
15042 2442 2425 2421 2436 
15043 2439 2426 2428 2430 
15044 2041 2040 772 2436 
15045 2423 2154 2155 2436 
15046 2041 1019 772 151 
15047 2422 2427 1011 2426 
15048 1017 2428 2434 206 
15049 770 149 2043 1012 
15050 2423 2436 2155 2042 
15051 2429 2431 1016 1017 
15052 2429 2421 2040 2436 
15053 2431 2430 2439 2434 
15054 2428 2434 206 1014 
15055 1017 1013 2428 206 
15056 1019 2432 2437 1018 
15057 751 146 2422 2043 
15058 751 2043 2422 2039 
15059 2422 2427 2043 146 
15060 771 2041 2429 2039 
15061 771 150 2429 2041 
15062 770 1012 2043 2430 
15063 2429 2436 2041 2433 
15064 770 771 2429 2039 
15065 2429 2039 2421 2430 
15066 2429 2431 1017 2430 
15067 2429 2039 2041 2040 
15068 767 2041 151 2433 
15069 150 2041 767 2433 
15070 2429 150 1016 2433 
15071 2041 1019 151 2433 
15072 772 2040 773 2436 
15073 2041 2436 1019 2433 
15074 1019 2436 2432 2433 
15075 773 2040 2042 2436 
15076 103 591 2155 2042 
15077 773 2155 844 2436 
15078 751 2422 2421 2039 
15079 2040 2436 2423 2042 
15080 773 103 2155 2042 
15081 2429 2432 2438 2436 
15082 2040 2421 2423 2436 
15083 2423 2421 2425 2436 
15084 2442 847 2154 2440 
15085 2442 2425 167 1009 
15086 2425 2154 167 843 
15087 2442 2154 2425 2436 
15088 2437 2435 1018 2432 
15089 2437 1018 2435 168 
15090 2437 2154 845 2156 
15091 2429 2432 2436 2433 
15092 2435 168 846 2156 
15093 2437 2156 2435 2440 
15094 1020 2438 2432 2440 
15095 2429 2421 2438 2430 
15096 2437 845 168 2156 
15097 2432 2440 2438 2436 
15098 1021 2439 2431 2438 
15099 1021 2434 2431 2439 
15100 1017 2430 2431 2434 
15101 1021 2434 2439 207 
15102 2429 2438 2432 2431 
15103 2437 168 2435 2156 
15104 2437 2436 2154 2440 
15105 2439 2430 2438 2441 
15106 2439 2434 2428 207 
15107 2439 2428 1015 207 
15108 2442 2154 847 167 
15109 2438 1010 2421 1009 
15110 2438 2441 2421 1010 
15111 2438 2430 2421 2441 
15112 2435 1020 2432 2440 
15113 773 2155 2436 2042 
15114 752 2423 2040 2421 
15115 2423 2155 843 100 
15116 2422 1011 2427 146 
15117 2429 2040 2041 2436 
15118 1010 205 2441 2424 
15119 2441 2426 205 1015 
15120 2441 2426 2424 205 
15121 2424 1011 205 2426 
15122 2441 2430 2424 2426 
15123 2422 2426 2424 2430 
15124 2426 2430 2427 1012 
15125 2426 2430 1012 1013 
15126 2431 2438 2439 2430 
15127 2439 2434 2430 2428 
15128 2422 2427 2426 2430 
15129 2422 2043 2427 2430 
15130 2422 2421 2039 2430 
15131 2421 2424 1010 2441 
15132 752 2042 2423 100 
15133 2043 2427 760 146 
15134 2442 2438 2440 2436 
15135 770 2429 2430 2039 
15136 2043 149 2427 1012 
15137 2043 1012 2427 2430 
15138 2426 2428 2430 1013 
15139 2429 1016 2431 2433 
15140 2422 2424 2421 2430 
15141 2422 1011 2424 2426 
15142 2043 149 760 2427 
15143 2442 2421 2425 1009 
15144 1017 1013 2430 2428 
15145 2439 2441 2426 2430 
15146 2442 2421 2438 2436 
15147 2428 207 2434 1014 
15148 2439 2426 2441 1015 
15149 2423 2155 100 2042 
15150 2421 2424 2441 2430 
15151 1017 2428 2430 2434 
15152 2429 2436 2438 2421 
15153 2429 2039 2040 2421 
15154 752 2042 2040 2423 
15155 2429 2431 2432 2433 
15156 2429 2438 2431 2430 
15157 2439 2428 2426 1015 
15158 2423 2154 843 2155 
15159 2435 169 1020 2440 
15160 1019 2437 2432 2436 
15161 773 2155 103 844 
15162 2437 2432 2436 2440 
15163 2423 2425 2154 2436 
15164 770 2430 2043 2039 
3 40 4 218
15165 2462 2465 2467 2460 
15166 802 2089 2086 2467 
15167 2462 160 803 2089 
15168 782 2062 781 2453 
15169 802 159 2089 2467 
15170 2464 859 171 1031 
15171 2465 2467 2452 2083 
15172 782 2062 2453 2063 
15173 2468 2086 2467 801 
15174 156 791 2449 2090 
15175 2468 2454 2084 2446 
15176 2468 2084 2086 2090 
15177 2458 2466 2173 2176 
15178 2459 2452 2461 2468 
15179 2458 2176 2173 856 
15180 2457 2063 2065 782 
15181 1030 2460 2452 1029 
15182 1025 2447 2454 1024 
15183 2462 2465 2089 2467 
15184 93 2087 2064 544 
15185 857 2173 2455 2174 
15186 154 778 2451 2065 
15187 2446 2448 2454 2457 
15188 2459 2447 1024 2454 
15189 2461 1034 2468 2467 
15190 2066 609 108 2177 
15191 2453 2063 2457 782 
15192 2088 112 621 2175 
15193 2452 2466 2083 2455 
15194 2465 2083 2452 2466 
15195 2456 2066 2062 781 
15196 2468 2090 2086 801 
15197 2453 2085 2444 2455 
15198 2447 2468 1027 1028 
15199 2066 785 109 855 
15200 156 2449 1028 2090 
15201 2175 860 2173 2466 
15202 2066 855 2177 2444 
15203 805 2088 2175 112 
15204 2459 2468 2447 2454 
15205 2462 1032 160 2465 
15206 2462 160 2089 2465 
15207 2461 2462 1033 2467 
15208 2444 2466 2173 2455 
15209 2468 2446 2084 2090 
15210 2453 2457 2446 2454 
15211 2447 2446 2468 2449 
15212 2175 2174 854 2444 
15213 209 1027 2450 1034 
15214 154 2065 1023 784 
15215 209 2450 2463 1034 
15216 209 2463 2450 1026 
15217 208 1030 2463 2459 
15218 2450 2447 2468 1027 
15219 2450 2468 1034 1027 
15220 2450 1024 2459 2447 
15221 2463 2459 1030 2461 
15222 1030 2460 2461 2452 
15223 1030 2461 2459 2452 
15224 1025 2447 2448 2454 
15225 2450 2468 2463 1034 
15226 2450 2447 2459 2468 
15227 2461 2468 2452 2467 
15228 2447 2454 2468 2446 
15229 2463 2468 2459 2461 
15230 2447 2454 2446 2448 
15231 2447 2446 2449 2448 
15232 2450 2459 2463 2468 
15233 2461 1033 1034 2467 
15234 208 2463 2450 2459 
15235 2461 2462 2467 2460 
15236 2468 2086 2452 2467 
15237 2084 2468 2086 2452 
15238 1028 2449 2468 2090 
15239 2086 2467 2089 2083 
15240 2086 2084 2452 2083 
15241 2086 2452 2467 2083 
15242 2461 2452 2460 2467 
15243 2463 2468 2461 1034 
15244 159 1033 2462 2467 
15245 2462 1032 2465 2460 
15246 2084 2468 2452 2454 
15247 2089 2467 2465 2083 
15248 2089 2465 804 2083 
15249 1028 2468 801 2090 
15250 2089 2465 160 804 
15251 804 2465 805 2083 
15252 805 2465 2466 2083 
15253 159 2462 2089 2467 
15254 2465 2466 2452 2460 
15255 1029 2460 2452 2458 
15256 1029 2460 2458 2464 
15257 208 2450 1024 2459 
15258 2458 2466 2464 2460 
15259 2453 2445 2062 2443 
15260 2453 2084 2445 2443 
15261 2456 2174 857 2455 
15262 2456 2174 2177 857 
15263 2456 2177 108 857 
15264 2456 2444 2174 2455 
15265 2456 2444 2177 2174 
15266 799 2444 2088 854 
15267 799 2088 111 854 
15268 799 2085 2088 2444 
15269 2085 800 2087 2443 
15270 800 93 2087 2443 
15271 2084 2445 797 798 
15272 2085 2088 2466 2083 
15273 2084 2087 797 2445 
15274 797 2087 92 2445 
15275 2453 2085 2455 2083 
15276 2084 2446 798 2090 
15277 2084 2445 2443 2087 
15278 2084 2445 798 2446 
15279 798 2446 2449 2090 
15280 798 1022 155 2449 
15281 155 2449 791 2090 
15282 798 1022 2449 2446 
15283 156 1028 801 2090 
15284 2447 2468 1028 2449 
15285 1022 2448 2446 1023 
15286 2449 2446 1022 2448 
15287 2453 2444 2456 2455 
15288 2453 2445 2063 2062 
15289 2446 784 2065 2063 
15290 2446 2065 2457 2063 
15291 2458 2173 2466 2455 
15292 2452 2453 2455 2083 
15293 2452 2454 2453 2084 
15294 1029 2464 2458 170 
15295 208 1026 2450 2463 
15296 2457 2448 1025 2451 
15297 2446 2448 2457 2451 
15298 2453 2084 2085 2083 
15299 799 800 2085 2443 
15300 2454 1025 2457 2448 
15301 2453 2443 2085 2084 
15302 2451 2065 778 153 
15303 2453 2062 2456 2444 
15304 2468 2449 2446 2090 
15305 2457 2065 2451 153 
15306 2446 1023 2065 784 
15307 2446 2445 784 2063 
15308 154 2451 1023 2065 
15309 2446 1023 2448 2451 
15310 784 783 2063 2445 
15311 2062 786 2443 2064 
15312 2062 2443 786 785 
15313 2062 785 2066 2444 
15314 2456 2066 781 108 
15315 2446 2451 2457 2065 
15316 2453 2443 2062 2444 
15317 2062 2064 2443 2445 
15318 799 2443 2085 2444 
15319 2085 2088 2444 2466 
15320 2457 2451 1025 153 
15321 2064 544 2087 92 
15322 2063 783 2064 2445 
15323 93 2443 2064 2087 
15324 2453 2444 2085 2443 
15325 2085 2087 2084 2443 
15326 802 2086 801 2467 
15327 2456 2444 2066 2177 
15328 798 2449 155 2090 
15329 93 2064 2443 786 
15330 2452 2455 2458 2466 
15331 2453 2446 2063 2445 
15332 2446 2065 1023 2451 
15333 2064 92 2087 2445 
15334 2453 2063 2446 2457 
15335 2064 783 92 2445 
15336 2456 2177 2066 108 
15337 159 2089 2462 803 
15338 2465 2466 2460 1031 
15339 2443 2445 2064 2087 
15340 2456 2444 2062 2066 
15341 2453 2456 2062 781 
15342 2063 2064 2062 2445 
15343 2062 2443 785 2444 
15344 2453 2445 2084 2446 
15345 2066 109 2177 855 
15346 2066 109 609 2177 
15347 2177 2174 2444 855 
15348 2453 2446 2084 2454 
15349 2457 782 2065 153 
15350 805 2175 860 112 
15351 805 2466 2088 2083 
15352 805 2175 2088 2466 
15353 805 860 2175 2466 
15354 111 2175 2088 621 
15355 854 855 2444 2174 
15356 2088 2466 2175 2444 
15357 2466 2455 2085 2083 
15358 857 2173 856 2455 
15359 2175 2173 2444 2466 
15360 2459 2452 2468 2454 
15361 2175 2174 2444 2173 
15362 2176 859 2464 2466 
15363 2176 170 2464 858 
15364 2452 2466 2458 2460 
15365 2176 2464 171 858 
15366 2176 171 2464 859 
15367 2458 2173 2455 856 
15368 2458 170 2176 856 
15369 2452 2084 2453 2083 
15370 2458 2466 2176 2464 
15371 2088 2444 2175 854 
15372 2444 2173 2174 2455 
15373 2066 855 2444 785 
15374 2464 2466 859 1031 
15375 2173 859 2176 2466 
15376 111 2088 2175 854 
15377 2465 2460 1032 1031 
15378 2173 860 859 2466 
15379 2466 2455 2444 2085 
15380 2464 2460 2466 1031 
15381 2465 2460 2452 2467 
15382 2458 2464 2176 170 
3 41 4 325
15383 1048 2487 2491 2485 
15384 2100 868 2201 2470 
15385 2099 159 2481 1045 
15386 160 812 2491 2099 
15387 2484 1046 1045 2481 
15388 2499 2505 2507 2498 
15389 2484 1046 2481 2482 
15390 2099 159 1045 2487 
15391 157 1037 2101 810 
15392 2101 2482 2481 810 
15393 210 1046 2477 1038 
15394 1045 2484 2481 2099 
15395 2484 1046 2482 2490 
15396 2497 2505 2501 2495 
15397 2098 2483 2484 2494 
15398 210 1046 2490 2477 
15399 2484 2098 2494 2097 
15400 2484 2482 2506 2490 
15401 211 1049 1040 2490 
15402 211 2477 1039 2490 
15403 211 1040 2477 2490 
15404 2477 2474 2506 1040 
15405 1049 2506 1040 2490 
15406 1050 2505 2486 2489 
15407 1050 2489 214 2505 
15408 1049 2486 2505 2506 
15409 1049 2486 1050 2505 
15410 1049 2486 2506 2490 
15411 2505 2489 2483 2486 
15412 2483 2507 1052 2489 
15413 1052 2507 215 2489 
15414 2505 2501 2506 2497 
15415 2199 2198 2508 2492 
15416 2483 2488 1053 2508 
15417 2484 2506 2486 2490 
15418 2483 1053 1052 2507 
15419 2507 2498 2508 1061 
15420 215 2499 1051 2489 
15421 1051 214 2489 2499 
15422 2505 2489 2499 2507 
15423 2489 2499 214 2505 
15424 160 2491 2487 2099 
15425 2499 1059 214 2505 
15426 2499 1059 2505 2495 
15427 215 2507 2499 2489 
15428 2484 2482 2481 2097 
15429 2495 2497 2505 2498 
15430 2505 2495 2498 2499 
15431 2505 2483 2506 2486 
15432 2483 1053 2507 2508 
15433 1046 2482 2477 1038 
15434 2470 2497 2496 2508 
15435 2492 2491 2483 2488 
15436 2501 2506 2497 2494 
15437 2507 1060 2498 1061 
15438 2199 2196 2508 2198 
15439 175 1061 2200 2500 
15440 175 2200 874 2500 
15441 874 2200 176 2500 
15442 2200 875 176 2500 
15443 2200 2508 873 2196 
15444 2200 1061 2508 2500 
15445 2200 2196 2197 2508 
15446 2200 2197 875 2504 
15447 176 875 1056 2500 
15448 2483 2491 2098 2484 
15449 213 2478 1042 2501 
15450 213 2478 1055 1043 
15451 1054 2493 2502 165 
15452 2497 1055 2501 2494 
15453 2493 2129 829 2126 
15454 1055 2494 2478 2501 
15455 1055 1043 2478 2494 
15456 2478 2506 1041 2501 
15457 2505 2507 2498 2508 
15458 212 1042 2478 2501 
15459 212 1041 1058 2501 
15460 2478 1043 2475 2494 
15461 2505 2497 2508 2498 
15462 2497 2493 1054 1055 
15463 2494 2508 2497 2470 
15464 2505 1059 1058 2495 
15465 2497 2496 2508 2498 
15466 2496 2508 2498 2500 
15467 2200 2504 2500 2508 
15468 1056 2500 875 2504 
15469 2507 1060 2499 2498 
15470 2503 2496 2123 2502 
15471 2496 1057 2502 2503 
15472 832 2123 2503 2504 
15473 832 2123 2202 2128 
15474 2502 830 165 2129 
15475 831 832 2123 2503 
15476 2493 2502 165 2129 
15477 2129 2502 831 2123 
15478 2502 831 166 2129 
15479 2503 2502 2123 831 
15480 831 2503 2502 166 
15481 2497 2123 2493 2494 
15482 2506 1040 2474 1041 
15483 2478 2494 2506 2501 
15484 2497 2493 1055 2494 
15485 1058 1041 2506 2501 
15486 2477 2476 2506 2474 
15487 2478 1041 2506 2474 
15488 2506 2494 2475 2476 
15489 2478 2474 2506 2475 
15490 2475 2472 2473 2476 
15491 2475 2494 2472 2476 
15492 2475 1044 2494 1043 
15493 2478 2475 2506 2494 
15494 2493 2126 829 828 
15495 2492 2488 1047 2491 
15496 2493 165 829 2129 
15497 2480 818 161 2130 
15498 2494 2130 2480 2472 
15499 2480 1035 2473 2472 
15500 2473 2472 1035 1036 
15501 2480 825 2472 2130 
15502 2101 2482 2472 2097 
15503 2480 161 825 2130 
15504 2491 2485 2484 2483 
15505 2098 2508 2492 2483 
15506 2471 824 2127 2124 
15507 2472 825 2124 2130 
15508 2471 825 824 2124 
15509 2471 2127 2469 2124 
15510 2470 2469 2124 2472 
15511 2096 2102 2469 2097 
15512 2471 2127 824 98 
15513 2102 2097 2471 2469 
15514 2479 1037 2476 2482 
15515 158 807 2479 1036 
15516 2476 1037 1038 2482 
15517 2473 2472 2479 2476 
15518 2477 2506 2476 2482 
15519 2477 2482 2476 1038 
15520 2484 2481 2098 2097 
15521 2469 2127 99 827 
15522 2100 868 114 2201 
15523 813 113 869 2201 
15524 2097 2472 2470 2494 
15525 813 869 2492 2201 
15526 868 2201 2470 2195 
15527 868 2470 867 2195 
15528 2469 2124 2127 2125 
15529 867 2202 2195 2470 
15530 2202 117 644 2128 
15531 2202 118 2128 644 
15532 2202 2197 2195 2470 
15533 2202 2504 876 2197 
15534 867 2128 2202 2470 
15535 876 2504 875 2197 
15536 2497 2496 2123 2470 
15537 2200 2504 875 2500 
15538 2129 2493 2123 2126 
15539 1056 2504 2496 2500 
15540 1058 2505 2501 2506 
15541 2202 2128 118 832 
15542 2202 876 2504 832 
15543 2202 118 876 832 
15544 2493 2502 2129 2123 
15545 2200 2508 1061 873 
15546 175 2200 1061 873 
15547 2199 2198 2492 870 
15548 2495 1058 2505 2501 
15549 2199 2508 2488 2492 
15550 2198 869 2492 870 
15551 2125 2470 2469 2124 
15552 2198 2470 2492 2201 
15553 2198 2201 2492 869 
15554 2202 2504 2197 2470 
15555 2200 2197 2504 2508 
15556 867 826 2128 2470 
15557 867 117 2202 2128 
15558 2469 826 2125 827 
15559 2128 2470 826 2125 
15560 2471 2472 2469 2097 
15561 2472 2124 2471 2469 
15562 2473 2479 2472 1036 
15563 2508 2470 2098 2492 
15564 2102 2127 2471 98 
15565 2496 2123 2470 2504 
15566 2469 2125 2127 827 
15567 2472 2469 2097 2470 
15568 2123 2497 2470 2494 
15569 210 2490 1039 2477 
15570 2101 2479 2472 2482 
15571 2472 825 2471 2124 
15572 2477 2490 2506 2482 
15573 813 2100 113 2201 
15574 2494 2124 2130 2472 
15575 162 828 2130 1044 
15576 162 818 2480 2130 
15577 2496 2123 2502 2497 
15578 2494 2480 2130 1044 
15579 2123 2125 2124 2470 
15580 2480 1035 2472 825 
15581 2506 2505 2497 2508 
15582 2504 2500 2508 2496 
15583 2493 2123 2126 2494 
15584 2123 2493 2502 2497 
15585 2493 2494 2126 828 
15586 2099 2487 2484 2491 
15587 2483 2492 2488 2508 
15588 867 117 2128 826 
15589 2502 2129 166 830 
15590 2124 2126 2123 2494 
15591 2498 1061 2500 2508 
15592 2097 2484 2482 2494 
15593 2483 2508 2505 2506 
15594 2123 2124 2494 2470 
15595 2497 1054 2493 2502 
15596 2502 166 2503 1057 
15597 2475 2472 2480 2473 
15598 2123 2202 2128 2470 
15599 2508 2505 2507 2483 
15600 2494 2476 2482 2472 
15601 2123 2504 2202 2470 
15602 158 2479 807 2101 
15603 2469 2125 826 2470 
15604 813 2492 2100 2201 
15605 2491 2485 2487 2484 
15606 2472 2482 2479 2476 
15607 2126 2494 2124 2130 
15608 2494 828 2130 2126 
15609 2496 2504 2503 2123 
15610 2506 2475 2474 2476 
15611 2504 832 2123 2202 
15612 2488 1047 2491 2485 
15613 813 2098 2492 2491 
15614 2197 2508 2196 2198 
15615 2470 2098 2494 2508 
15616 2494 2482 2097 2472 
15617 2508 2506 2494 2497 
15618 1046 2477 2482 2490 
15619 2198 2195 2470 2201 
15620 2470 2508 2197 2198 
15621 2197 2198 2195 2470 
15622 2484 2494 2483 2506 
15623 2095 2481 2097 2098 
15624 2472 2470 2494 2124 
15625 2507 2505 2489 2483 
15626 2470 2123 2125 2128 
15627 2482 2481 2097 2101 
15628 1056 2503 2496 2504 
15629 215 2499 2507 1060 
15630 162 2130 2480 1044 
15631 2475 2480 2494 1044 
15632 2508 2198 2470 2492 
15633 2199 2492 2488 870 
15634 2494 2476 2506 2482 
15635 2477 1040 2506 2490 
15636 2098 2494 2508 2483 
15637 2098 2470 2096 2100 
15638 2101 1037 2482 810 
15639 2470 2508 2504 2197 
15640 873 872 2196 2508 
15641 1045 2484 2099 2487 
15642 807 2472 2101 2479 
15643 2483 2506 2486 2484 
15644 2506 2483 2508 2494 
15645 2494 2130 828 1044 
15646 807 2097 2101 2472 
15647 1056 1057 2496 2503 
15648 2475 2472 2494 2480 
15649 2199 1053 2488 2508 
15650 2480 161 1035 825 
15651 2508 2504 2496 2470 
15652 212 2478 1041 2501 
15653 213 1055 2478 2501 
15654 158 2479 2101 794 
15655 157 2101 1037 2479 
15656 157 794 2101 2479 
15657 159 803 2487 2099 
15658 803 160 2487 2099 
15659 160 2491 1048 2487 
15660 806 2471 2102 2097 
15661 806 2097 807 2471 
15662 806 98 2102 2471 
15663 807 2097 2472 2471 
15664 807 1036 2472 2479 
15665 2098 2095 2481 2099 
15666 2101 1037 2479 2482 
15667 811 2095 2481 810 
15668 811 2481 2095 2099 
15669 2481 2098 2099 2484 
15670 2095 810 2101 2481 
15671 2101 2095 2481 2097 
15672 812 2098 2491 2099 
15673 812 2098 813 2491 
15674 813 2492 2098 2100 
15675 2484 2098 2099 2491 
15676 2096 2097 2469 2470 
15677 2096 809 808 2469 
15678 2096 808 2470 2469 
15679 2096 2470 808 2100 
15680 2098 2494 2097 2470 
15681 808 114 2100 868 
15682 809 2102 99 2469 
15683 808 868 2100 2470 
15684 624 113 2100 2201 
15685 624 2100 114 2201 
15686 2098 2096 2470 2097 
15687 2102 99 2469 2127 
15688 2096 2102 809 2469 
15689 2098 2470 2100 2492 
15690 2102 571 2127 98 
15691 2484 2482 2494 2506 
15692 2102 99 2127 571 
15693 2100 2492 2470 2201 
15694 159 2481 811 2099 
15695 173 2488 1047 870 
15696 2199 1053 174 2488 
15697 2199 872 174 1053 
15698 2199 2508 2196 872 
15699 173 2199 871 2488 
15700 2199 872 1053 2508 
15701 871 2488 2199 174 
15702 2102 2469 2471 2127 
15703 173 2199 2488 870 
15704 1047 2488 2492 870 
15705 2483 2491 2485 2488 
15706 2491 2098 2492 2483 
15707 1047 1048 2491 2485 
3 42 4 219
15708 163 2140 2515 821 
15709 2139 165 1069 2522 
15710 2139 165 838 1069 
15711 2139 2518 838 2135 
15712 2139 2518 2525 2522 
15713 839 2525 2139 2137 
15714 1072 2525 2520 2522 
15715 2525 2526 2137 840 
15716 2525 2526 1071 2520 
15717 2139 2135 2525 2518 
15718 166 2525 1072 2522 
15719 2137 2138 2136 2527 
15720 2525 2520 2529 2526 
15721 2137 840 2526 2141 
15722 2525 2518 2521 2522 
15723 2137 2138 2528 2135 
15724 2525 2520 2521 2529 
15725 2136 2527 2510 2526 
15726 2136 2138 2142 2509 
15727 2136 2142 836 2509 
15728 2510 2530 2136 2509 
15729 2137 2529 2528 2527 
15730 836 2142 105 2509 
15731 2136 2530 2138 2509 
15732 2138 2511 833 2142 
15733 2138 2509 2511 2142 
15734 2138 834 833 2511 
15735 2510 2530 2527 2136 
15736 2138 2509 2530 2511 
15737 835 2510 2136 2509 
15738 833 2511 104 2142 
15739 2136 2527 2138 2530 
15740 834 1063 2512 2515 
15741 834 2512 2140 2515 
15742 2512 2140 2135 2138 
15743 164 821 2515 2140 
15744 2512 2513 1063 1062 
15745 2512 2528 2513 2532 
15746 2512 2532 2513 2517 
15747 2512 2513 1062 2517 
15748 2512 2515 1063 2513 
15749 835 2141 2136 2510 
15750 2512 2528 2532 2530 
15751 2140 2135 837 2518 
15752 2140 2518 837 1064 
15753 2512 849 2162 2517 
15754 2512 2528 2514 2513 
15755 2529 2525 2526 2137 
15756 830 165 2139 2522 
15757 837 838 2518 2135 
15758 2515 2518 2140 1064 
15759 2515 2514 2518 1064 
15760 2139 1069 838 2518 
15761 2136 2527 2526 2137 
15762 2526 2141 2136 2137 
15763 2518 2519 1064 2514 
15764 1069 2521 1070 2519 
15765 2518 2521 1069 2519 
15766 2518 2522 1069 2521 
15767 2512 2528 2518 2514 
15768 1064 1065 2514 2519 
15769 1070 2523 2519 2521 
15770 2531 2518 2519 2521 
15771 2514 2516 2519 1065 
15772 2519 2531 2521 2523 
15773 2518 2529 2531 2528 
15774 2519 2516 2531 2523 
15775 2531 2518 2528 2514 
15776 216 2519 2516 1065 
15777 2531 217 1074 2523 
15778 2528 2513 1068 2514 
15779 2514 2531 2519 2516 
15780 1062 849 2517 168 
15781 2512 2162 849 2160 
15782 1067 2517 2532 169 
15783 2532 2517 2162 169 
15784 2532 2162 853 169 
15785 2514 2528 2531 1068 
15786 2512 1062 849 2517 
15787 2531 1068 217 2516 
15788 2512 2530 2160 2511 
15789 2135 2525 2529 2137 
15790 2533 2232 895 126 
15791 2533 2232 2229 895 
15792 2533 2229 2527 895 
15793 2533 2163 126 852 
15794 2533 2232 126 2163 
15795 2530 2511 2159 2160 
15796 2533 2159 2163 852 
15797 2138 2527 2528 2530 
15798 2530 2510 2533 2159 
15799 2530 2509 2510 2159 
15800 2534 2233 180 896 
15801 2534 2230 2233 896 
15802 2534 2524 180 2233 
15803 1071 2520 2526 2524 
15804 2525 2521 2520 2522 
15805 1072 2520 2525 1071 
15806 2534 2524 1073 180 
15807 1071 893 179 2524 
15808 2529 2528 2518 2135 
15809 2534 2520 2529 1073 
15810 1071 2526 893 2524 
15811 2512 2518 2515 2514 
15812 2534 2524 2233 2526 
15813 2233 179 2524 894 
15814 2233 2524 179 893 
15815 893 2230 2526 892 
15816 2233 2526 893 2230 
15817 2527 2230 2534 896 
15818 2230 2229 2526 2231 
15819 2230 2526 892 2231 
15820 853 2159 2160 2530 
15821 2534 2524 2520 1073 
15822 2533 2159 2510 2163 
15823 2526 2510 2231 2229 
15824 840 2526 2141 2231 
15825 166 830 2139 2522 
15826 2530 2512 2528 2138 
15827 2532 2160 853 2162 
15828 835 2141 2510 891 
15829 2510 891 2229 890 
15830 2141 120 2231 891 
15831 2231 2229 2510 891 
15832 2510 850 890 2163 
15833 890 127 2163 850 
15834 890 127 2232 2163 
15835 853 2159 2530 852 
15836 2139 2137 2525 2135 
15837 2512 2140 2515 2518 
15838 2533 2510 2527 2229 
15839 2512 2162 2532 2517 
15840 2534 2526 2233 2230 
15841 2510 850 2159 2509 
15842 2510 850 2163 2159 
15843 2232 127 672 2163 
15844 896 2229 2527 2230 
15845 2527 2510 2526 2229 
15846 166 2139 2525 2522 
15847 2510 890 2229 2232 
15848 126 2163 2232 672 
15849 840 2141 119 2231 
15850 2159 2509 850 851 
15851 2159 851 2161 2509 
15852 2530 2509 2159 2511 
15853 2159 2511 2161 2160 
15854 2162 2517 846 169 
15855 2531 2518 2514 2519 
15856 164 2515 834 2140 
15857 2162 168 2517 849 
15858 2135 2525 2518 2529 
15859 1074 2520 2529 2521 
15860 2527 2526 2534 2230 
15861 2532 2160 2530 853 
15862 2531 2516 217 2523 
15863 163 1064 2140 837 
15864 2514 1068 2531 2516 
15865 2512 2160 849 2511 
15866 2513 2528 1067 2532 
15867 2531 2518 2521 2529 
15868 2521 2531 1074 2523 
15869 2530 2512 2138 2511 
15870 2511 848 2161 2160 
15871 2533 2232 2510 2229 
15872 2161 598 2142 105 
15873 2159 2161 2511 2509 
15874 835 2136 836 2509 
15875 2161 105 2509 851 
15876 163 1064 2515 2140 
15877 2141 120 647 2231 
15878 2135 2528 2518 2512 
15879 839 2525 166 2139 
15880 2513 2532 1067 2517 
15881 2161 105 2142 2509 
15882 2138 2512 834 2511 
15883 2511 2509 2161 2142 
15884 2512 2530 2532 2160 
15885 896 2229 895 2527 
15886 2135 2528 2512 2138 
15887 104 2142 2511 2161 
15888 835 120 2141 891 
15889 2510 2163 890 2232 
15890 2137 2528 2138 2527 
15891 840 119 892 2231 
15892 849 848 2511 2160 
15893 2138 2140 834 2512 
15894 216 2519 1070 2523 
15895 839 840 2525 2137 
15896 119 2231 2141 647 
15897 180 894 2233 2524 
15898 104 2161 2511 848 
15899 2513 2528 1068 1067 
15900 2512 2514 2515 2513 
15901 2526 2510 2141 2231 
15902 216 2516 2519 2523 
15903 217 2516 1066 2523 
15904 2521 1074 2531 2529 
15905 840 892 2526 2231 
15906 2525 2521 2518 2529 
15907 216 2523 1066 2516 
15908 2529 2528 2135 2137 
15909 1074 2520 1073 2529 
15910 2526 2141 2510 2136 
15911 2139 1069 2518 2522 
15912 2512 2140 2518 2135 
15913 2530 2527 2533 2510 
15914 2233 893 2526 2524 
15915 2527 2526 2230 2229 
15916 2533 2510 2232 2163 
15917 104 2142 2161 598 
15918 2526 2529 2137 2527 
15919 2162 168 846 2517 
15920 2534 2520 2524 2526 
15921 2141 2231 2510 891 
15922 2520 2529 2526 2534 
15923 2530 2159 2533 852 
15924 2527 2526 2529 2534 
15925 2512 2532 2162 2160 
15926 164 1063 834 2515 
3 43 4 145
15927 878 2536 2539 2207 
15928 2190 2544 2546 863 
15929 2542 2538 1078 2544 
15930 2205 2553 2536 2207 
15931 2546 2536 2542 2544 
15932 2542 1077 2537 2543 
15933 2548 2552 2554 2550 
15934 2548 1085 2555 178 
15935 2556 1079 2541 219 
15936 2553 2541 1080 2556 
15937 2553 1087 2554 2556 
15938 220 1085 2554 2550 
15939 2542 2537 2553 2543 
15940 2556 218 1084 2543 
15941 878 2539 173 2207 
15942 2547 883 2548 2206 
15943 2556 2541 218 2543 
15944 2554 2556 1084 2543 
15945 2553 2556 1080 1087 
15946 2547 2206 2548 2552 
15947 2554 1086 1087 2552 
15948 2554 2555 1086 2552 
15949 2548 2206 883 2209 
15950 177 2209 2552 2555 
15951 2545 2554 220 1084 
15952 866 2192 171 1076 
15953 2553 2550 2554 2552 
15954 2546 2547 2551 1082 
15955 2548 2555 2554 2552 
15956 2555 881 2209 178 
15957 2546 2551 2547 2536 
15958 2206 2553 2207 879 
15959 2206 2553 879 2552 
15960 2547 2549 882 2205 
15961 2192 858 171 2540 
15962 2556 218 2541 1079 
15963 2545 2553 2554 2543 
15964 2548 2552 2206 2209 
15965 116 864 2191 2549 
15966 2551 2547 2536 2535 
15967 177 2552 1086 2555 
15968 2192 2536 2190 2544 
15969 865 2535 115 2191 
15970 2192 171 1076 2540 
15971 116 2208 2191 631 
15972 2190 2551 2536 2535 
15973 2536 2539 2207 2553 
15974 2542 2538 2536 2537 
15975 177 2209 2555 881 
15976 2192 2544 2190 863 
15977 2192 2544 170 2540 
15978 866 865 2190 2535 
15979 866 2536 2192 1076 
15980 866 2190 2536 2535 
15981 115 2191 2208 631 
15982 115 877 2208 2535 
15983 115 2208 2191 2535 
15984 866 2192 2536 2190 
15985 2192 170 2544 863 
15986 116 2549 2191 2208 
15987 2191 2549 864 2190 
15988 864 2190 2549 2551 
15989 116 2208 882 2549 
15990 2191 2535 2208 2549 
15991 2191 2190 2535 2549 
15992 2190 2551 2546 2536 
15993 2190 2536 2546 2544 
15994 172 1082 2546 2551 
15995 2190 2551 172 2546 
15996 2192 1076 2536 2540 
15997 2542 1083 2545 2547 
15998 2545 2543 2554 1084 
15999 2545 2547 1083 2550 
16000 2545 1083 220 2550 
16001 2545 220 2554 2550 
16002 2192 2540 2536 2544 
16003 2542 2553 2545 2543 
16004 1082 1083 2542 2547 
16005 2542 2547 2545 2553 
16006 2546 2547 1082 2542 
16007 2548 2209 883 178 
16008 2548 2555 2552 2209 
16009 2548 2554 1085 2550 
16010 2548 2555 1085 2554 
16011 2548 2555 2209 178 
16012 880 2206 2552 2209 
16013 880 2552 177 2209 
16014 880 2552 2206 879 
16015 2547 2549 2205 2535 
16016 882 2549 2208 2205 
16017 864 2190 2551 172 
16018 2190 2546 172 863 
16019 2546 2547 2542 2536 
16020 2208 2535 877 2205 
16021 2208 2549 2535 2205 
16022 877 878 2205 2535 
16023 2547 2536 2205 2553 
16024 2205 878 2536 2535 
16025 2547 2206 2553 2205 
16026 2536 1076 1075 2538 
16027 2536 2538 2540 1076 
16028 2536 2540 2538 2544 
16029 878 2539 1075 173 
16030 2536 1075 2539 2538 
16031 2206 2553 2205 2207 
16032 871 174 2207 2539 
16033 2547 2553 2206 2552 
16034 2547 2553 2552 2550 
16035 883 2205 2206 2547 
16036 2207 2539 1081 2553 
16037 2207 1081 879 2553 
16038 2207 2539 174 1081 
16039 1081 2553 2537 1080 
16040 1081 2537 2553 2539 
16041 2553 2543 2537 2541 
16042 2553 2537 1080 2541 
16043 2536 2539 2553 2537 
16044 2553 2552 2554 1087 
16045 2536 2538 2539 2537 
16046 2547 2205 2536 2535 
16047 2537 1078 2542 2538 
16048 1080 2556 2541 219 
16049 173 2539 871 2207 
16050 1080 1087 2556 219 
16051 2537 2543 1077 2541 
16052 1077 218 2541 2543 
16053 2542 2536 2547 2553 
16054 1078 2544 2538 2540 
16055 2542 2537 2536 2553 
16056 2190 2549 2551 2535 
16057 2192 170 858 2540 
16058 2545 2554 2553 2550 
16059 2205 2536 878 2207 
16060 2207 174 879 1081 
16061 865 2535 2191 2190 
16062 2545 2553 2547 2550 
16063 2542 2536 2538 2544 
16064 883 2205 2547 882 
16065 2547 2552 2548 2550 
16066 2551 2549 2547 2535 
16067 170 2544 1078 2540 
16068 2537 1078 1077 2542 
16069 2553 2541 2556 2543 
16070 2553 2556 2554 2543 
16071 878 2539 2536 1075 
3 44 4 146
16072 177 1095 889 2567 
16073 177 889 2224 2567 
16074 881 2567 2224 178 
16075 177 2224 881 2567 
16076 1095 2564 889 2567 
16077 2566 1098 2577 2570 
16078 2566 223 1097 2577 
16079 2566 1098 223 2577 
16080 2566 2568 1096 2565 
16081 1098 178 2572 2567 
16082 2564 2575 2566 2565 
16083 1095 2565 2566 1096 
16084 1097 222 2568 2575 
16085 2564 2575 2577 2566 
16086 2566 1098 2572 2567 
16087 1095 2566 2564 2567 
16088 2566 2572 2570 2564 
16089 2566 2572 1098 2570 
16090 1098 223 2577 2570 
16091 221 2565 2563 1091 
16092 2568 222 1092 2563 
16093 2568 2575 2563 2565 
16094 2568 221 1096 2565 
16095 2563 2575 222 1094 
16096 2563 1094 2560 2575 
16097 2568 222 2563 2575 
16098 2566 1097 2568 2575 
16099 2563 2560 1091 2565 
16100 2559 1094 1093 2574 
16101 1094 2574 2560 2575 
16102 1091 2560 1090 2565 
16103 2575 2577 2574 2564 
16104 2574 2576 2558 2578 
16105 2574 2578 2558 2571 
16106 2574 2558 2569 2571 
16107 2574 2559 2558 2576 
16108 2577 1100 2570 223 
16109 2568 1092 221 2563 
16110 2560 2574 2559 2558 
16111 2569 2564 2572 2221 
16112 2569 2557 2573 2571 
16113 2569 2220 2573 2557 
16114 2569 2564 2221 2220 
16115 2224 889 2221 2564 
16116 2566 2577 1097 2575 
16117 2566 2572 2564 2567 
16118 2569 2558 2564 2220 
16119 2569 2558 2557 2571 
16120 2221 2564 889 888 
16121 2569 2557 2558 2220 
16122 175 1090 2222 888 
16123 2224 2572 2567 2564 
16124 2224 178 2572 885 
16125 2561 2222 2558 1089 
16126 2222 176 887 1089 
16127 175 2222 2561 874 
16128 175 2561 2222 1090 
16129 2564 2558 2222 2220 
16130 2222 2558 887 2220 
16131 2558 1088 2559 1089 
16132 887 2220 2558 2557 
16133 2222 887 2558 1089 
16134 2574 2570 2569 2564 
16135 2569 2220 884 2573 
16136 884 2223 2573 2220 
16137 2223 2557 2573 2220 
16138 2569 2221 2572 885 
16139 2573 122 900 2237 
16140 2557 2236 898 897 
16141 2557 897 2237 2236 
16142 2223 2557 2220 886 
16143 2573 2557 2236 2571 
16144 2558 2578 2236 2571 
16145 2578 899 2576 2236 
16146 2574 2569 2570 1100 
16147 2574 2559 2576 1093 
16148 2578 1099 181 2571 
16149 2574 2564 2569 2558 
16150 2574 2577 2570 2564 
16151 2564 2575 2560 2574 
16152 2578 900 2236 2571 
16153 2564 888 2222 1090 
16154 2574 2569 1100 1099 
16155 2578 181 900 2571 
16156 2578 181 899 2236 
16157 2560 2564 1090 2565 
16158 2574 1099 2578 2571 
16159 2558 2576 2238 2236 
16160 1088 179 2238 2562 
16161 2564 2222 2561 1090 
16162 2576 2238 180 2562 
16163 2576 899 180 2238 
16164 2560 2561 2564 2558 
16165 2576 899 2238 2236 
16166 2558 2238 898 2236 
16167 2568 221 2565 2563 
16168 887 2220 2557 886 
16169 2560 2564 2574 2558 
16170 2561 2558 2559 1089 
16171 2221 2222 2564 888 
16172 2573 2237 900 2236 
16173 2574 2570 2577 1100 
16174 884 2573 2223 122 
16175 2223 121 2557 886 
16176 2223 2237 2573 2557 
16177 885 2220 884 2569 
16178 2563 2575 2560 2565 
16179 2559 1094 2574 2560 
16180 2558 2236 2557 2571 
16181 2558 898 2557 2236 
16182 2573 2236 2557 2237 
16183 2578 900 181 2236 
16184 2557 121 2237 897 
16185 2574 2569 1099 2571 
16186 2223 654 2237 121 
16187 2223 2237 2557 121 
16188 2223 122 2237 654 
16189 885 2220 2569 2221 
16190 1088 2238 179 898 
16191 2564 2558 2561 2222 
16192 2558 2562 2576 2559 
16193 179 894 2238 2562 
16194 2564 2575 2565 2560 
16195 2560 1090 2564 2561 
16196 2564 2577 2570 2566 
16197 1095 2566 2565 2564 
16198 2570 2572 2569 2564 
16199 2566 2575 2568 2565 
16200 2576 180 1093 2562 
16201 2224 2572 178 2567 
16202 180 2562 2238 894 
16203 2224 885 2572 2221 
16204 2558 2562 2559 1088 
16205 2576 2562 1093 2559 
16206 2558 2562 1088 2238 
16207 2558 2576 2562 2238 
16208 2560 2559 2561 2558 
16209 2573 2236 900 2571 
16210 2558 2238 1088 898 
16211 2561 176 2222 1089 
16212 2561 176 874 2222 
16213 2558 2236 2578 2576 
16214 2224 2221 2572 2564 
16215 2224 2567 889 2564 
16216 2223 122 2573 2237 
16217 2221 2220 2564 2222 
3 45 4 109
16218 2259 2595 2261 2579 
16219 2583 183 2260 909 
16220 2584 2594 2583 2585 
16221 2594 2260 910 2592 
16222 2593 2325 192 947 
16223 2582 2586 1101 2581 
16224 2591 2583 2584 2594 
16225 2587 2591 2588 1105 
16226 2587 2588 2591 2584 
16227 2587 2584 1103 2589 
16228 2587 2588 2584 2589 
16229 1104 2583 2592 183 
16230 1104 2583 2591 2592 
16231 1104 2584 2591 2583 
16232 225 2591 2587 1105 
16233 2591 2592 2594 1107 
16234 2593 191 2588 1105 
16235 2593 946 192 2325 
16236 2593 2594 2325 947 
16237 2591 1105 2593 2588 
16238 2593 1106 2594 947 
16239 2593 192 1106 947 
16240 2593 191 946 2325 
16241 2593 2588 2325 2594 
16242 947 2324 2595 2594 
16243 2588 945 2324 2590 
16244 2588 2584 2589 2594 
16245 2325 2324 2588 945 
16246 2588 2589 2580 2594 
16247 2591 2593 1106 2594 
16248 2588 2590 2580 2589 
16249 2324 2590 190 942 
16250 2324 942 2326 2579 
16251 942 2326 2579 134 
16252 1102 224 2582 2589 
16253 2588 2590 2324 2580 
16254 2582 2589 2586 2581 
16255 2582 2589 224 2586 
16256 2580 2595 2581 2579 
16257 2324 2590 945 190 
16258 2586 2589 1103 2584 
16259 2586 2585 2589 2584 
16260 2580 2589 1102 2582 
16261 225 2587 2584 1103 
16262 225 2584 2587 1104 
16263 2587 2591 1104 2584 
16264 224 1103 2586 2589 
16265 2586 2585 1101 2581 
16266 2586 2589 2585 2581 
16267 2588 2580 2324 2594 
16268 1101 182 2581 2585 
16269 2582 2586 224 1101 
16270 2589 2584 2585 2594 
16271 2259 2261 905 2579 
16272 190 1102 2580 2590 
16273 2259 911 2595 910 
16274 2580 2581 2595 2594 
16275 2324 2595 2580 2579 
16276 905 2579 2261 134 
16277 2261 134 2579 705 
16278 2261 705 2579 2326 
16279 2581 905 2259 182 
16280 2580 2589 2581 2594 
16281 2324 2580 942 2579 
16282 2325 2588 2324 2594 
16283 2324 2595 2579 2326 
16284 2261 2326 2579 2595 
16285 2326 2595 135 948 
16286 2581 2595 2259 2579 
16287 2581 182 2259 2585 
16288 2594 2259 2581 2595 
16289 2261 911 135 2595 
16290 2261 705 2326 135 
16291 2259 910 2595 2594 
16292 2259 2583 2594 2585 
16293 2594 2259 2585 2581 
16294 2324 2580 2595 2594 
16295 2591 2588 2593 2594 
16296 2259 2583 906 2260 
16297 2591 2584 2588 2594 
16298 225 1104 2587 2591 
16299 2592 910 1107 184 
16300 2594 2260 2592 2583 
16301 2592 909 2583 2260 
16302 2591 2583 2594 2592 
16303 2259 910 2594 2260 
16304 2592 183 2583 909 
16305 2261 135 2326 2595 
16306 184 909 2592 2260 
16307 2592 910 184 2260 
16308 906 2260 2583 183 
16309 2591 2594 1106 1107 
16310 2580 2589 2590 1102 
16311 2324 2590 942 2580 
16312 947 2595 2324 948 
16313 2259 182 906 2585 
16314 2580 2589 2582 2581 
16315 2324 2595 2326 948 
16316 2259 911 2261 2595 
16317 2594 2592 910 1107 
16318 190 2580 942 2590 
16319 2581 2579 2259 905 
16320 2589 2585 2581 2594 
16321 2259 906 2583 2585 
16322 2593 2588 191 2325 
16323 2259 2260 2594 2583 
16324 2579 134 2326 705 
16325 191 945 2325 2588 
16326 2325 2324 947 2594 
3 46 4 220
16327 923 2612 2350 955 
16328 2596 2618 2599 2619 
16329 917 2280 2597 916 
16330 908 2262 2598 2263 
16331 140 955 923 2350 
16332 196 962 2349 2615 
16333 2262 2263 2609 2598 
16334 2283 2611 130 2265 
16335 2263 2600 908 2265 
16336 226 2608 1112 2617 
16337 2345 964 963 2621 
16338 2621 2350 964 141 
16339 923 2279 2612 2611 
16340 2610 2346 2609 957 
16341 2597 2596 2599 2345 
16342 923 2350 2612 2281 
16343 2347 2596 2619 2610 
16344 2282 2601 185 2616 
16345 2620 2349 2347 2619 
16346 2621 2612 2350 2281 
16347 2350 955 2612 2348 
16348 2347 2599 2345 2620 
16349 2597 2346 2596 2345 
16350 185 2601 1111 2616 
16351 2279 2600 917 2597 
16352 2280 2597 2601 2620 
16353 2347 2599 2620 2619 
16354 226 2608 2617 2603 
16355 2282 186 1120 2616 
16356 2283 129 2600 2265 
16357 2348 2598 2346 2609 
16358 2599 2613 2620 2619 
16359 2613 2620 2619 2615 
16360 2263 2600 2265 2611 
16361 2612 2600 2279 2597 
16362 728 141 2350 2281 
16363 922 2281 2280 2621 
16364 922 2621 2280 921 
16365 922 2281 2621 141 
16366 2282 2601 2280 916 
16367 2282 920 186 2616 
16368 2282 185 920 2616 
16369 2282 921 2280 2620 
16370 2280 2279 2621 2281 
16371 2280 2621 2279 2597 
16372 917 2280 2279 2597 
16373 924 130 2283 2611 
16374 2279 924 2283 2611 
16375 2612 2600 2611 2279 
16376 2279 2612 2621 2281 
16377 129 2265 908 2600 
16378 2280 2621 2597 2620 
16379 130 2611 915 2265 
16380 917 2600 2283 129 
16381 2279 2283 917 2600 
16382 2282 1120 186 921 
16383 2282 2620 2601 2616 
16384 2282 185 2601 916 
16385 2280 2597 916 2601 
16386 1111 2613 2599 1110 
16387 1112 227 2617 2608 
16388 2617 227 2618 2608 
16389 2617 2618 227 1117 
16390 1113 2618 227 2608 
16391 1113 2605 2618 2608 
16392 1113 1114 2618 2605 
16393 226 2603 1108 2608 
16394 2617 2613 2618 1117 
16395 2618 2605 2603 2608 
16396 2617 2603 2618 2613 
16397 2618 2603 2605 2596 
16398 2618 2605 2619 2596 
16399 2618 2619 2605 1114 
16400 2605 1109 2596 1108 
16401 2605 2596 2603 1108 
16402 2605 2603 2608 1108 
16403 2618 2603 2599 2613 
16404 2605 2606 2610 2604 
16405 194 2606 959 2351 
16406 2605 2619 2610 2606 
16407 1114 2619 2351 960 
16408 2618 1117 2613 1118 
16409 2351 2610 193 958 
16410 2351 2606 193 2610 
16411 2605 2604 2610 2596 
16412 2351 2346 2610 958 
16413 2610 2604 2606 1115 
16414 2610 1116 2604 1115 
16415 2610 2604 1116 2609 
16416 2610 958 2346 957 
16417 2605 1109 2604 2596 
16418 2604 2596 1109 2602 
16419 2618 2613 2599 2619 
16420 2604 2602 2609 2596 
16421 2604 1109 2607 2602 
16422 193 2610 2606 1115 
16423 1109 183 2607 2602 
16424 1116 2607 184 2266 
16425 184 2607 909 2266 
16426 2351 2606 2610 2619 
16427 909 2266 2607 183 
16428 1116 2609 2604 2607 
16429 907 2262 2602 2598 
16430 2266 907 2262 2602 
16431 1116 2266 184 912 
16432 912 2609 2262 913 
16433 2266 2602 2262 2609 
16434 2266 907 2602 183 
16435 908 2262 907 2598 
16436 2604 2602 2607 2609 
16437 2262 2609 2602 2598 
16438 2262 2609 2263 2264 
16439 2610 2596 2609 2346 
16440 2610 2596 2604 2609 
16441 913 2264 136 957 
16442 2609 2596 2598 2346 
16443 2264 2352 708 136 
16444 2264 2352 136 957 
16445 2609 2264 913 957 
16446 2264 2263 914 2612 
16447 2264 914 2352 2612 
16448 2264 2352 914 137 
16449 2352 914 956 2612 
16450 2352 914 137 956 
16451 2609 2264 2352 2612 
16452 2609 2352 957 2346 
16453 2609 2352 2264 957 
16454 2264 708 2352 137 
16455 2609 2598 2263 2612 
16456 1114 2606 2351 2619 
16457 2262 913 2609 2264 
16458 2352 2348 2612 956 
16459 915 2263 2265 2611 
16460 2283 2611 2265 2600 
16461 2612 2600 2263 2611 
16462 2612 2600 2598 2263 
16463 2263 2598 908 2600 
16464 2280 921 2621 2620 
16465 2283 130 681 2265 
16466 2282 2620 1120 921 
16467 1120 2614 2620 2616 
16468 1120 2620 2614 1119 
16469 1111 2599 2614 2601 
16470 2282 2280 2601 2620 
16471 2283 681 129 2265 
16472 1111 2613 2614 2599 
16473 2279 2611 2283 2600 
16474 2614 2620 2601 2599 
16475 2279 2612 2597 2621 
16476 2597 2348 2346 2345 
16477 2614 2620 2613 2615 
16478 2618 1118 2613 2619 
16479 2599 2347 2596 2619 
16480 226 2603 2617 1110 
16481 2617 2618 2603 2608 
16482 1114 2351 194 960 
16483 1111 2601 2614 2616 
16484 2605 2606 1114 2619 
16485 2617 2613 1110 2603 
16486 2599 2603 1110 2613 
16487 2614 2620 2599 2613 
16488 2266 2607 2602 2609 
16489 2597 2621 2345 2620 
16490 2599 2345 2596 2347 
16491 2348 2597 2612 2621 
16492 2597 2598 2348 2612 
16493 2348 2598 2609 2612 
16494 2266 2262 912 2609 
16495 2347 961 960 2619 
16496 2351 2347 2610 2346 
16497 2347 2596 2610 2346 
16498 2609 2598 2596 2602 
16499 1118 2615 2349 195 
16500 1118 2349 961 195 
16501 2614 2601 2620 2616 
16502 2605 2610 2619 2596 
16503 2597 2599 2601 2620 
16504 2619 961 1118 2349 
16505 2349 2615 962 195 
16506 2609 2263 2264 2612 
16507 2349 2620 2345 963 
16508 2597 2598 2596 2346 
16509 2620 2349 2345 2347 
16510 2613 2615 2619 1118 
16511 2619 2620 2349 2615 
16512 2347 961 2619 2349 
16513 2349 2615 2620 963 
16514 2345 2621 963 2620 
16515 196 1119 2615 963 
16516 2615 963 1119 2620 
16517 2282 1120 2620 2616 
16518 2614 2620 2615 1119 
16519 2600 2598 2597 2612 
16520 959 193 2351 2606 
16521 2612 2348 955 956 
16522 2619 2349 1118 2615 
16523 2597 2345 2599 2620 
16524 923 924 2279 2611 
16525 2597 2348 2598 2346 
16526 196 2349 963 2615 
16527 2609 2352 2348 2612 
16528 2596 2618 2603 2599 
16529 2345 964 2621 2350 
16530 2345 2621 2348 2350 
16531 2621 2350 141 2281 
16532 2609 2352 2346 2348 
16533 914 2612 2263 2611 
16534 2351 2610 2347 2619 
16535 914 2263 915 2611 
16536 1116 2266 912 2609 
16537 2351 2619 2347 960 
16538 1116 2607 2266 2609 
16539 2348 2597 2621 2345 
16540 1114 2606 194 2351 
16541 2266 2602 2607 183 
16542 2621 2348 2350 2612 
16543 2596 2345 2346 2347 
16544 923 2612 2279 2281 
16545 140 2350 923 2281 
16546 140 728 2350 2281 
3 47 4 217
16547 2630 2636 2644 2622 
16548 2308 939 2310 2637 
16549 919 2289 2624 2288 
16550 2307 2647 2638 2623 
16551 2636 2389 199 2632 
16552 2635 2633 2631 1129 
16553 2308 2309 938 2638 
16554 2640 2629 1123 2642 
16555 928 2637 2288 2292 
16556 2383 2385 2638 2387 
16557 2308 2638 938 2637 
16558 2384 2622 2383 2638 
16559 2634 2629 228 1121 
16560 2636 2644 2632 2630 
16561 2630 2622 1122 2631 
16562 2388 2647 2641 2645 
16563 2291 186 2633 1129 
16564 2288 2635 2289 2624 
16565 2641 2645 1131 201 
16566 2311 2643 935 189 
16567 2390 2647 2309 991 
16568 2288 2624 919 2626 
16569 2635 2633 2627 2631 
16570 2307 2646 2623 2628 
16571 2645 2647 2625 2384 
16572 2390 2638 2309 2647 
16573 989 2388 2641 201 
16574 928 2292 133 2637 
16575 2636 199 2389 985 
16576 926 2289 2290 2635 
16577 926 925 2289 2635 
16578 926 984 2290 142 
16579 2290 927 143 2387 
16580 2290 143 731 2387 
16581 2290 731 142 2387 
16582 2290 2387 2638 927 
16583 2290 2638 2288 927 
16584 2290 2289 2288 2635 
16585 2290 2387 2635 2638 
16586 2290 142 984 2387 
16587 2288 2638 2637 927 
16588 2288 919 2292 2626 
16589 919 2292 2626 132 
16590 2289 925 2291 2635 
16591 2290 2635 2288 2638 
16592 2289 2635 2291 2627 
16593 918 2627 2291 185 
16594 919 2289 918 2624 
16595 2626 2638 2637 2288 
16596 926 2290 984 2635 
16597 185 2633 1122 2627 
16598 2291 2633 2635 1129 
16599 2626 2638 2288 2624 
16600 2289 2291 918 2627 
16601 2291 2633 185 2627 
16602 133 2310 2292 694 
16603 2292 2626 2310 2637 
16604 2292 694 2310 132 
16605 2290 984 2635 2387 
16606 928 2288 2637 927 
16607 932 188 2311 2628 
16608 932 2307 2628 2311 
16609 932 2628 2307 2623 
16610 936 2646 2307 2311 
16611 936 2646 2311 189 
16612 933 2307 2623 932 
16613 933 2307 2308 2623 
16614 933 2626 2308 2310 
16615 757 148 2390 2309 
16616 2390 2309 148 991 
16617 938 2309 147 2390 
16618 938 2309 2390 2638 
16619 933 2623 2308 2626 
16620 2307 937 2309 2647 
16621 933 2626 2310 132 
16622 2307 2309 2308 2638 
16623 2390 2384 2647 991 
16624 2647 2623 2384 2638 
16625 2307 2638 2308 2623 
16626 2626 2638 2623 2308 
16627 2307 2311 2646 2628 
16628 2390 2638 2385 982 
16629 938 2638 2390 982 
16630 2626 2638 2308 2637 
16631 2309 2647 937 991 
16632 2646 2639 2643 1133 
16633 2646 2628 2311 2643 
16634 2646 1133 2643 189 
16635 2646 2643 2311 189 
16636 2646 2639 1132 2647 
16637 2646 1132 2639 1133 
16638 2646 2643 2639 2628 
16639 2311 188 2643 2628 
16640 2311 188 935 2643 
16641 2643 2628 188 1124 
16642 2643 2639 2628 1124 
16643 2646 2639 2647 2625 
16644 2625 2646 2628 2623 
16645 2308 938 939 2637 
16646 936 937 2307 2646 
16647 2307 2623 2646 2647 
16648 2640 1124 1123 2625 
16649 2640 1124 2625 2639 
16650 2639 2625 2628 1124 
16651 2639 2625 2645 2647 
16652 2639 2645 2641 2647 
16653 1132 2641 990 2647 
16654 2641 2640 1131 2645 
16655 2639 2640 2645 2625 
16656 2639 2640 2641 2645 
16657 2645 2386 987 988 
16658 2645 2386 2644 987 
16659 2645 2640 1130 2644 
16660 2645 2625 2644 2386 
16661 2645 2625 2640 2644 
16662 229 1130 2634 1126 
16663 2634 1130 2642 2644 
16664 1130 2640 2642 2644 
16665 229 1125 2634 2642 
16666 2388 2645 2386 2384 
16667 2646 2628 2639 2625 
16668 1123 228 2642 2629 
16669 2634 2630 2629 1121 
16670 2634 228 2642 1125 
16671 229 2634 1130 2642 
16672 2634 2642 228 2629 
16673 2640 2629 2642 2644 
16674 2640 1123 2629 2625 
16675 2639 2641 1132 2647 
16676 1132 2641 202 990 
16677 2388 2645 2641 201 
16678 2388 990 2641 2647 
16679 147 2309 757 2390 
16680 202 2641 2388 990 
16681 2388 988 2645 201 
16682 2289 2624 2635 2627 
16683 2291 2627 2635 2633 
16684 2291 925 186 1129 
16685 1128 2636 2631 1129 
16686 1128 2636 2632 2631 
16687 1128 2632 2636 199 
16688 2636 2389 2383 985 
16689 2291 920 2633 186 
16690 2635 2383 2636 2622 
16691 984 2636 2383 985 
16692 2383 2386 2622 2384 
16693 2384 2647 2638 2390 
16694 2389 200 986 2632 
16695 2389 200 1127 987 
16696 199 2632 2389 986 
16697 2636 2644 2389 2632 
16698 1127 2630 2644 1126 
16699 2634 1130 2644 1126 
16700 2389 1127 2632 2644 
16701 2644 2630 2622 2629 
16702 2389 987 2644 2386 
16703 2635 2627 2622 2631 
16704 2388 2386 2645 988 
16705 2388 990 2647 2384 
16706 2630 2636 2622 2631 
16707 2388 2647 2645 2384 
16708 990 2647 2384 991 
16709 2645 2625 2386 2384 
16710 202 2641 989 2388 
16711 2385 2387 983 2638 
16712 2622 2386 2636 2644 
16713 2385 983 982 2638 
16714 2638 2384 2390 2385 
16715 2307 2647 2309 2638 
16716 2309 937 148 991 
16717 938 2390 147 982 
16718 143 983 2387 927 
16719 983 2638 2387 927 
16720 2635 2638 2387 2383 
16721 2635 2627 2624 2622 
16722 2292 2310 2626 132 
16723 2638 2623 2624 2626 
16724 2291 2635 925 1129 
16725 2288 2638 2635 2624 
16726 133 2637 2310 939 
16727 2307 2646 937 2647 
16728 2624 2638 2622 2623 
16729 2625 2646 2623 2647 
16730 2623 2384 2625 2647 
16731 133 2637 2292 2310 
16732 2636 2632 2631 2630 
16733 2622 2627 1122 2631 
16734 2634 2644 2630 1126 
16735 2623 2622 2625 2384 
16736 2634 2644 2642 2629 
16737 2622 1121 2629 2630 
16738 1122 2631 2627 2633 
16739 2644 2622 2625 2629 
16740 2622 2386 2383 2636 
16741 2636 2386 2389 2644 
16742 2638 2622 2635 2624 
16743 2622 2630 1122 1121 
16744 2635 2636 1129 2631 
16745 2288 2292 2637 2626 
16746 2638 2384 2622 2623 
16747 2389 200 2632 1127 
16748 2635 2622 2636 2631 
16749 2640 2629 2644 2625 
16750 2634 2630 2644 2629 
16751 2632 2644 1127 2630 
16752 2644 2622 2386 2625 
16753 984 2383 2635 2387 
16754 2389 987 1127 2644 
16755 2622 2383 2638 2635 
16756 1131 2645 2640 1130 
16757 984 2636 2635 2383 
16758 2289 918 2624 2627 
16759 2308 2310 2626 2637 
16760 2636 2386 2383 2389 
16761 2291 920 185 2633 
16762 2385 2638 2384 2383 
16763 2386 2625 2622 2384 
3 48 4 108
16764 2316 2648 760 2427 
16765 2650 2314 929 187 
16766 2649 2663 2651 1134 
16767 2314 2648 929 2316 
16768 2662 2659 2663 2654 
16769 2663 2655 2654 2653 
16770 934 2652 2314 2315 
16771 2662 2654 2663 2661 
16772 2316 941 1012 149 
16773 2662 1140 2656 2661 
16774 2659 2654 2652 2653 
16775 205 1015 2426 2664 
16776 760 2648 146 2427 
16777 2649 2651 2663 2650 
16778 2658 1014 2428 206 
16779 205 2664 2649 1134 
16780 205 2664 1011 2649 
16781 1011 2427 146 2648 
16782 1011 2649 2426 2648 
16783 1011 2426 2427 2648 
16784 2426 2659 2662 2660 
16785 1015 2428 2662 207 
16786 2649 2664 2663 1134 
16787 2663 230 2651 1134 
16788 1137 2654 231 2661 
16789 2663 2651 2655 2653 
16790 205 2426 1011 2664 
16791 2653 2651 2655 1135 
16792 230 2655 2651 1135 
16793 2662 2656 2659 2654 
16794 2663 2651 230 2655 
16795 2663 2654 1137 2661 
16796 2663 2654 2659 2653 
16797 2650 929 2314 2648 
16798 2650 1135 2653 187 
16799 2663 2659 2650 2653 
16800 934 2652 2315 188 
16801 2314 2315 2659 940 
16802 2662 2658 2656 1140 
16803 2314 2659 941 940 
16804 929 146 2316 2648 
16805 2663 2650 2651 2653 
16806 2650 2653 2314 187 
16807 2663 2655 1137 2654 
16808 2316 2427 760 149 
16809 2426 2659 2427 2648 
16810 2316 146 760 2648 
16811 2316 2659 2427 1012 
16812 2426 1013 1012 2660 
16813 2426 1012 2427 2659 
16814 2426 2660 1012 2659 
16815 1011 2426 2649 2664 
16816 2426 1013 2660 2428 
16817 2426 1015 2662 2664 
16818 2316 1012 2427 149 
16819 2426 2649 2659 2648 
16820 2316 2648 2427 2659 
16821 2650 2648 2314 2659 
16822 934 2314 2652 2653 
16823 934 2314 2653 187 
16824 2314 2648 2316 2659 
16825 2650 2659 2314 2653 
16826 2315 2652 935 188 
16827 2315 189 935 2657 
16828 2659 2657 2652 2656 
16829 2315 189 2657 1139 
16830 2657 2652 2656 1136 
16831 935 2657 188 2652 
16832 1139 1138 2656 2660 
16833 2662 2660 2656 2658 
16834 2656 1140 231 2661 
16835 2656 231 1136 2661 
16836 2649 2648 2650 2659 
16837 2654 1136 231 2661 
16838 2649 2650 2663 2659 
16839 2653 2651 1135 2650 
16840 2659 1139 2657 2656 
16841 2659 1139 2656 2660 
16842 1139 2315 2659 2657 
16843 2663 230 1137 2655 
16844 188 2652 2657 1136 
16845 2662 2660 2658 2428 
16846 2662 2658 1140 207 
16847 2426 2649 2662 2659 
16848 2658 207 2428 1014 
16849 2662 2660 2659 2656 
16850 2652 2654 2656 1136 
16851 2426 2662 2649 2664 
16852 2660 206 2428 1013 
16853 1139 2315 940 2659 
16854 2426 2662 1015 2428 
16855 2316 2659 1012 941 
16856 2314 2659 2652 2653 
16857 2314 2652 2659 2315 
16858 2656 1136 2654 2661 
16859 2662 2656 2654 2661 
16860 2658 2660 1138 206 
16861 2662 2428 2658 207 
16862 2426 2660 2662 2428 
16863 2662 2659 2649 2663 
16864 2314 2659 2316 941 
16865 2656 1138 2658 2660 
16866 2662 2663 2649 2664 
16867 2315 189 1139 940 
16868 2659 2657 2315 2652 
16869 2659 2656 2652 2654 
16870 2658 2428 2660 206 
16871 2315 2657 935 2652 
3 49 4 217
16872 2334 953 2666 2665 
16873 2447 2677 1025 2448 
16874 2674 2687 2357 2356 
16875 2666 2358 972 2359 
16876 2666 2677 2447 2448 
16877 2666 2358 2675 2665 
16878 139 713 2362 2336 
16879 2690 2683 2686 1153 
16880 2334 2665 2666 2675 
16881 2334 2666 2678 2675 
16882 232 2681 2672 1143 
16883 2666 2449 972 1022 
16884 2358 2674 2675 2357 
16885 2674 2682 2688 2679 
16886 2358 2688 2356 2359 
16887 2678 2448 2666 2451 
16888 139 2336 2362 2665 
16889 2668 2361 1141 966 
16890 2686 2683 2681 1149 
16891 2686 2681 232 1149 
16892 2358 2675 2674 2677 
16893 954 2334 2336 2665 
16894 2668 2337 2680 2335 
16895 2688 2685 1150 1027 
16896 2334 2666 953 2338 
16897 2690 2671 2669 2668 
16898 2362 2667 965 2355 
16899 2682 2674 1149 1148 
16900 950 2334 2675 2335 
16901 1144 2676 2670 2680 
16902 2668 966 2667 2355 
16903 2690 2668 2669 2676 
16904 2690 2681 2686 2683 
16905 2667 2675 2358 2665 
16906 2688 2679 2447 2677 
16907 2674 1148 2682 2679 
16908 209 1027 1150 2685 
16909 209 2450 2685 1026 
16910 233 1153 1146 2672 
16911 233 2686 2672 1145 
16912 233 2672 2686 1153 
16913 194 2671 1147 967 
16914 1147 1146 2690 2669 
16915 2690 2357 2689 967 
16916 2690 2361 2357 967 
16917 2690 967 2671 2361 
16918 2690 2671 2668 2361 
16919 2690 2668 2357 2361 
16920 2672 2681 2669 1143 
16921 2690 2686 2672 1153 
16922 1147 2690 2671 2669 
16923 2690 2672 2686 2681 
16924 1144 191 2680 2673 
16925 2670 2668 1142 2673 
16926 2670 2668 2671 1141 
16927 2670 2680 2668 2673 
16928 1142 952 192 2337 
16929 2669 2668 2670 2676 
16930 2671 2361 193 1141 
16931 2671 2361 959 193 
16932 2690 2669 2672 2681 
16933 2669 2671 2670 2668 
16934 2670 1142 2668 1141 
16935 2361 966 193 1141 
16936 2668 2357 2361 2355 
16937 2668 952 2337 2335 
16938 1144 2680 2670 2673 
16939 2690 2674 2676 2681 
16940 2668 2335 2680 2675 
16941 2669 1144 1143 2676 
16942 946 2337 191 2673 
16943 191 2680 2337 950 
16944 1142 2668 2337 2673 
16945 192 2337 946 2673 
16946 2668 2667 2335 2675 
16947 2357 2668 2676 2675 
16948 194 2671 967 2361 
16949 2670 2676 2668 2680 
16950 1147 2671 2690 967 
16951 954 953 2334 2665 
16952 2336 2334 2667 2665 
16953 951 2667 2335 952 
16954 2667 966 965 2355 
16955 2690 2674 2681 2683 
16956 2362 2667 2336 138 
16957 2362 138 2336 713 
16958 2690 2689 2674 2683 
16959 2362 2667 138 965 
16960 2668 2361 2671 1141 
16961 2668 2675 2680 2676 
16962 139 2362 973 2665 
16963 2336 2335 951 2667 
16964 2336 2335 2667 2334 
16965 2667 2665 2334 2675 
16966 949 2678 2334 2338 
16967 2335 950 2680 2675 
16968 2668 2355 2667 2675 
16969 949 2675 2334 2678 
16970 949 2678 2338 153 
16971 953 1023 154 2338 
16972 2362 2336 2667 2665 
16973 2678 153 1025 2451 
16974 2678 2448 1025 2677 
16975 2678 2451 1025 2448 
16976 2666 2448 1022 1023 
16977 2666 1023 2451 2448 
16978 154 2338 2451 778 
16979 972 2665 973 2358 
16980 2666 2665 972 2358 
16981 2666 2675 2358 2677 
16982 972 2449 155 1022 
16983 2668 2335 2667 952 
16984 2336 2667 951 138 
16985 2666 2359 972 2449 
16986 954 2336 139 2665 
16987 2362 2358 973 2665 
16988 2667 2334 2335 2675 
16989 2337 2680 2335 950 
16990 2362 2358 2667 2355 
16991 2666 2677 2358 2688 
16992 2666 2448 2447 2449 
16993 2688 2358 2356 2674 
16994 2690 2676 2669 2681 
16995 950 2334 949 2675 
16996 2668 2680 2337 2673 
16997 2681 2683 2674 1149 
16998 2686 232 2672 1145 
16999 2690 2357 2668 2676 
17000 2669 2681 2676 1143 
17001 2678 2666 2448 2677 
17002 2686 2672 232 2681 
17003 1153 2683 1152 2689 
17004 2690 2669 1146 2672 
17005 2668 2355 2361 966 
17006 1152 2684 2689 2683 
17007 2689 968 967 2357 
17008 2689 2360 968 2357 
17009 2689 2687 2360 2357 
17010 2690 2357 2674 2689 
17011 2674 2682 2689 2687 
17012 1142 2337 192 2673 
17013 2674 2683 2689 2682 
17014 1152 197 2689 2684 
17015 2689 197 968 2360 
17016 2690 2672 1146 1153 
17017 197 969 2360 2684 
17018 2689 2682 2684 2687 
17019 2360 2684 969 198 
17020 2360 2356 2687 970 
17021 2689 2684 2360 2687 
17022 2674 2679 2688 2677 
17023 2360 2357 2687 2356 
17024 2360 2687 2684 198 
17025 2674 2687 2689 2357 
17026 2689 2684 2682 2683 
17027 2669 1144 2676 2670 
17028 1151 1150 2687 2682 
17029 2674 2688 2687 2356 
17030 2687 1150 2688 2682 
17031 2687 970 2356 971 
17032 2687 2356 2688 971 
17033 2674 2682 2687 2688 
17034 2360 970 2687 198 
17035 2688 2358 2674 2677 
17036 2684 2687 1151 198 
17037 2356 2688 971 2359 
17038 2678 2675 2666 2677 
17039 2666 2677 2688 2447 
17040 2667 2355 2358 2675 
17041 2357 2668 2675 2355 
17042 156 971 1028 2359 
17043 972 2359 155 2449 
17044 971 2688 1028 2359 
17045 2358 2675 2355 2357 
17046 2684 2682 1151 2687 
17047 2688 2449 1028 2359 
17048 2688 2449 2447 1028 
17049 2358 2356 2674 2357 
17050 2666 2447 2688 2449 
17051 2688 1028 2447 1027 
17052 156 1028 2449 2359 
17053 194 959 2671 2361 
17054 209 1027 2685 2450 
17055 2688 2450 2685 1027 
17056 2688 2447 2450 1027 
17057 2688 2682 1150 2685 
17058 2679 1024 2447 2677 
17059 2679 1024 2450 2447 
17060 2679 1024 208 2450 
17061 2688 2447 2679 2450 
17062 2688 2450 2679 2685 
17063 2674 2682 1149 2683 
17064 2690 2683 1153 2689 
17065 2685 2450 208 1026 
17066 2682 2685 2679 1148 
17067 2690 2357 2676 2674 
17068 2679 208 2685 2450 
17069 2679 208 1148 2685 
17070 2689 2684 197 2360 
17071 2677 2447 1025 1024 
17072 2666 2449 2688 2359 
17073 2688 2679 2682 2685 
17074 2338 153 2678 2451 
17075 155 2359 791 2449 
17076 2338 2451 2666 1023 
17077 154 2451 2338 1023 
17078 2675 2674 2676 2357 
17079 2666 2448 2449 1022 
17080 2338 2678 2666 2451 
17081 191 2673 2337 2680 
17082 2338 153 2451 778 
17083 2362 2667 2358 2665 
17084 2334 2666 2338 2678 
17085 2666 2688 2358 2359 
17086 156 2449 791 2359 
17087 1142 2337 2668 952 
17088 953 1023 2338 2666 
3 50 4 326
17089 2714 1038 2477 2476 
17090 2703 2373 979 197 
17091 2714 1038 1166 2477 
17092 2398 2692 1035 994 
17093 2373 2703 2713 2709 
17094 2730 2476 2477 2474 
17095 2729 2711 2717 1179 
17096 2727 2711 2717 2708 
17097 2718 2720 2725 2717 
17098 2475 2730 2478 2474 
17099 2721 2725 2720 2717 
17100 2704 2712 2728 2708 
17101 212 2478 2721 1180 
17102 212 1042 2721 2478 
17103 2693 2368 2694 2396 
17104 2723 2727 2711 2717 
17105 1157 234 2712 1165 
17106 2394 2692 2398 2395 
17107 2368 2367 2691 2370 
17108 2721 2725 1175 2720 
17109 2714 2473 2479 2476 
17110 144 2374 2693 2397 
17111 2714 1166 2710 2477 
17112 2718 2727 2717 2708 
17113 2730 2477 2710 1040 
17114 2705 2707 2703 2709 
17115 158 2479 2371 1036 
17116 2395 2397 2693 2374 
17117 2716 2715 2725 2718 
17118 2714 2367 2692 2725 
17119 2718 2728 2704 2716 
17120 2475 2476 2714 2730 
17121 2396 2399 2715 997 
17122 996 200 1163 2702 
17123 996 2400 200 2702 
17124 2691 977 2370 976 
17125 2694 2400 993 2693 
17126 2393 2397 992 2693 
17127 2368 2691 2395 2374 
17128 2691 2367 2371 2370 
17129 1036 2473 2371 2692 
17130 2721 1043 1175 2725 
17131 2730 2721 1180 2717 
17132 2703 2705 1164 1165 
17133 2692 2398 2395 994 
17134 2730 2707 2710 2714 
17135 2709 2703 1164 197 
17136 2704 1157 2699 2712 
17137 2728 2708 2712 1168 
17138 2715 2724 1173 203 
17139 2727 2719 2717 2723 
17140 2367 2703 2373 2369 
17141 2730 2478 2721 2725 
17142 2728 2696 1159 2699 
17143 1160 1177 236 2722 
17144 2692 2480 2398 1035 
17145 2691 977 2374 2370 
17146 2694 975 2372 2368 
17147 2722 2727 2728 1177 
17148 1160 236 2700 2722 
17149 2374 2395 2397 995 
17150 2708 2718 2704 2707 
17151 2704 2368 2372 2369 
17152 211 2710 2477 1040 
17153 2709 2373 2703 197 
17154 2725 2396 2394 2399 
17155 2728 2708 2718 2704 
17156 2367 2692 2371 2714 
17157 2730 2478 1041 1180 
17158 2725 2475 2478 1043 
17159 2711 2717 2708 2729 
17160 2728 2700 2716 2722 
17161 2714 2710 2730 2477 
17162 2714 2367 2713 981 
17163 144 974 2693 2374 
17164 204 2724 999 2399 
17165 998 2724 2399 203 
17166 204 1176 999 2724 
17167 996 2716 2396 2400 
17168 1000 2394 999 2726 
17169 999 2724 2725 2399 
17170 999 2725 2724 1176 
17171 999 2725 2394 2399 
17172 999 2726 2394 2725 
17173 2726 2692 2475 2480 
17174 2394 2725 2726 2692 
17175 2725 2396 2399 2715 
17176 1000 162 2398 2726 
17177 996 2715 2396 2716 
17178 994 995 2395 2691 
17179 2473 1035 2480 2692 
17180 1035 2398 994 161 
17181 2726 2394 2692 2398 
17182 2374 2395 995 2691 
17183 2691 2395 2692 2367 
17184 2398 2726 162 2480 
17185 2398 161 2480 818 
17186 2369 2368 2367 2704 
17187 2367 2396 2725 2716 
17188 2716 2367 2396 2368 
17189 993 2693 2393 992 
17190 2692 2691 2367 2371 
17191 145 2397 2374 738 
17192 993 1154 199 2400 
17193 2716 2368 2694 2704 
17194 2395 2393 2693 2397 
17195 2394 2367 2396 2725 
17196 2367 2704 2725 2714 
17197 144 2374 2397 738 
17198 199 1154 2702 2400 
17199 199 2702 986 2400 
17200 996 2716 2400 2702 
17201 986 2702 200 2400 
17202 996 2396 2715 997 
17203 996 1163 2716 2702 
17204 2701 2372 196 962 
17205 2701 195 2372 962 
17206 2701 195 1156 2372 
17207 2701 196 2372 975 
17208 2701 1155 196 975 
17209 1156 2698 2704 1157 
17210 2701 2372 2694 975 
17211 1156 978 2372 195 
17212 2704 2703 2369 978 
17213 1156 978 2704 2372 
17214 2704 2369 2372 978 
17215 2704 2705 2707 2703 
17216 2701 2372 1156 2704 
17217 2704 2705 2703 1165 
17218 2728 1160 1159 2696 
17219 1159 1168 2699 235 
17220 2728 1160 2696 2700 
17221 2730 2717 2729 2707 
17222 2728 1160 2700 2722 
17223 2707 2729 2710 2706 
17224 2728 1177 1160 2722 
17225 2710 2729 2730 1172 
17226 2728 1159 1168 2699 
17227 2698 2696 2728 2699 
17228 2697 2716 2700 1162 
17229 2697 1163 2716 1162 
17230 2728 2700 2697 2716 
17231 2697 2702 2716 1163 
17232 2728 2727 2708 1168 
17233 2729 2706 2708 2711 
17234 2693 2396 2393 2395 
17235 2719 2718 2727 2717 
17236 2716 2700 1174 2722 
17237 2716 1162 1174 2700 
17238 2716 2400 2702 2694 
17239 2697 2694 2702 2695 
17240 1154 2695 2694 1155 
17241 2707 2730 2717 2725 
17242 2716 1174 2715 2718 
17243 2698 2716 2728 2697 
17244 2702 2694 1154 2695 
17245 2697 2694 2716 2702 
17246 993 2694 1154 2400 
17247 2698 2694 2697 2695 
17248 2702 2400 1154 2694 
17249 2714 2703 2704 2707 
17250 2704 2698 2728 2699 
17251 2693 2368 974 975 
17252 2693 2368 2374 974 
17253 2374 2368 2693 2395 
17254 2714 2473 2692 2371 
17255 2714 1038 2476 1037 
17256 2367 2691 2395 2368 
17257 2480 2398 1035 161 
17258 2395 2692 994 2691 
17259 2703 2704 2367 2714 
17260 2396 2367 2395 2368 
17261 2368 2694 2396 2716 
17262 2694 2400 2396 2716 
17263 2479 1036 2473 2371 
17264 2726 162 2480 1044 
17265 2369 2703 2704 2367 
17266 2726 2480 2475 1044 
17267 2398 162 818 2480 
17268 2473 2479 2371 2714 
17269 2730 1041 2474 1040 
17270 2730 2710 1172 1040 
17271 2711 2717 1179 2723 
17272 2701 2704 2694 2372 
17273 2715 1174 1173 2718 
17274 2715 2396 2716 2725 
17275 2718 2725 2720 2724 
17276 2704 2728 2712 2699 
17277 1000 2398 2394 2726 
17278 2715 2718 1173 2724 
17279 2715 2725 2724 2399 
17280 2724 1176 2725 2720 
17281 2692 2475 2714 2725 
17282 2729 2710 2706 1172 
17283 1177 1178 2719 2727 
17284 2725 2707 2730 2714 
17285 2717 2707 2725 2718 
17286 2719 2727 1178 2723 
17287 2704 2716 2368 2367 
17288 2708 2707 2717 2718 
17289 1179 239 2729 2711 
17290 1179 2717 2729 1180 
17291 212 1041 2478 1180 
17292 2721 213 2478 1042 
17293 2721 1043 2725 2478 
17294 1175 2720 2725 1176 
17295 2721 213 1043 2478 
17296 2692 2394 2725 2367 
17297 2715 997 2399 203 
17298 2704 2718 2716 2725 
17299 2715 2399 2724 203 
17300 2701 2694 1155 975 
17301 2726 1044 2475 1043 
17302 204 2399 998 2724 
17303 2395 2394 2692 2367 
17304 2713 2367 2714 2703 
17305 2701 2704 1156 2698 
17306 1174 1162 237 2700 
17307 1174 2700 237 2722 
17308 2728 2700 2696 2697 
17309 2718 2725 2724 2715 
17310 2700 236 1161 2722 
17311 2721 1043 213 1175 
17312 237 2700 1161 2722 
17313 2704 2705 2708 2707 
17314 1178 238 2723 2727 
17315 2473 2692 2475 2714 
17316 2716 2718 2728 2722 
17317 2729 1172 2706 1171 
17318 239 2711 2723 1170 
17319 2707 2729 2708 2717 
17320 2714 2725 2707 2704 
17321 2711 2727 238 1169 
17322 2730 1041 2478 2474 
17323 2718 2727 2722 2719 
17324 2711 2708 2727 1169 
17325 1179 239 2711 2723 
17326 2729 2706 2711 1171 
17327 2723 1170 2711 238 
17328 2727 1169 2708 1168 
17329 2730 2474 2477 1040 
17330 2723 2711 2727 238 
17331 2727 2728 2718 2722 
17332 2704 2712 2708 2705 
17333 2718 2704 2707 2725 
17334 2730 2476 2474 2475 
17335 2729 239 1171 2711 
17336 2710 2477 210 1039 
17337 2710 2477 1166 210 
17338 2730 1180 2721 2478 
17339 2698 2697 2728 2696 
17340 1166 1167 2713 2707 
17341 2713 2703 2707 2709 
17342 2713 2367 980 981 
17343 2714 2730 2476 2477 
17344 2713 2373 980 2367 
17345 2367 2395 2394 2396 
17346 976 2371 2692 1036 
17347 2713 198 980 2373 
17348 2714 2476 2479 1037 
17349 2709 2373 969 198 
17350 1172 2710 211 1040 
17351 2709 2373 197 969 
17352 2709 1164 2703 2705 
17353 2703 979 2369 978 
17354 2703 2373 2369 979 
17355 2704 2699 1157 2698 
17356 2729 2730 2707 2710 
17357 2693 2694 2400 2396 
17358 2714 2730 2725 2475 
17359 2703 2713 2367 2373 
17360 144 2693 992 2397 
17361 2699 1168 2712 235 
17362 2704 2368 2694 2372 
17363 2699 234 1158 2712 
17364 2698 2716 2697 2694 
17365 2714 2713 2703 2707 
17366 2728 2712 2699 1168 
17367 2701 2694 2704 2698 
17368 2704 1157 2712 1165 
17369 2706 2707 2729 2708 
17370 2701 1155 2694 2695 
17371 2727 2722 2719 1177 
17372 2396 2693 2368 2395 
17373 2704 2716 2698 2694 
17374 2699 2712 1158 235 
17375 2694 2693 975 2368 
17376 2726 2475 2725 1043 
17377 2714 2707 2710 1166 
17378 2730 2725 2721 2717 
17379 157 981 2479 1037 
17380 1157 234 2699 2712 
17381 2714 2479 981 1037 
17382 2713 2707 1167 2709 
17383 2714 2371 981 2479 
17384 2371 2692 2691 976 
17385 2480 2473 2692 2475 
17386 2713 2709 198 2373 
17387 158 794 2371 2479 
17388 2691 2368 2370 2374 
17389 2716 1174 2718 2722 
17390 2725 2726 2692 2475 
17391 2480 2726 2692 2398 
17392 2367 2704 2716 2725 
17393 2704 2728 2698 2716 
17394 2730 1180 2729 2717 
17395 2701 2694 2698 2695 
17396 2475 2730 2725 2478 
17397 2713 2709 1167 198 
17398 1036 1035 2473 2692 
17399 2371 2691 2370 976 
17400 1166 1038 210 2477 
17401 211 2477 2710 1039 
17402 2714 2367 981 2371 
17403 2704 2712 2705 1165 
17404 2400 2693 2396 2393 
17405 157 2479 981 2371 
17406 157 2479 2371 794 
17407 2476 2714 2473 2475 
17408 158 1036 2371 976 
17409 2714 2707 1166 2713 
17410 2400 993 2693 2393 
17411 2708 2727 2728 2718 
17412 145 2374 2691 977 
17413 995 145 2374 2691 
17414 995 145 2397 2374 
3 51 4 220
17415 2742 998 2411 203 
17416 2755 2745 2741 2746 
17417 1068 2513 2749 2514 
17418 163 1006 2412 2515 
17419 2412 1007 164 2748 
17420 1063 1062 2513 2748 
17421 2515 2513 2514 2748 
17422 2745 2515 2412 1006 
17423 2413 1019 1008 2747 
17424 2750 2409 2407 2408 
17425 1063 2513 2515 2748 
17426 2412 2410 1007 2748 
17427 2745 2515 2514 2748 
17428 2741 2742 2745 2738 
17429 2731 2413 2747 2433 
17430 2741 1191 2745 2742 
17431 2513 1062 2747 2748 
17432 2740 2742 2738 1188 
17433 2749 2513 2747 2748 
17434 2749 2745 2755 2514 
17435 2435 2517 1062 2747 
17436 2749 2410 2407 2748 
17437 2435 2756 169 2517 
17438 2513 1062 2517 2747 
17439 2756 2513 2517 2747 
17440 2743 217 2755 2516 
17441 2731 2433 2432 2431 
17442 2756 2517 1067 169 
17443 1017 1181 2736 2732 
17444 2749 2514 2513 2748 
17445 2739 2751 2740 2754 
17446 2755 1068 2514 2516 
17447 2743 2755 2746 2516 
17448 2735 1183 2414 201 
17449 2435 169 846 2517 
17450 2743 2746 2755 2741 
17451 2731 2408 2750 2752 
17452 2733 2739 2750 2732 
17453 2435 2432 2756 2747 
17454 2735 2414 989 201 
17455 2735 2739 2414 1183 
17456 2755 2516 217 1068 
17457 2731 2408 1002 2732 
17458 2414 1002 2408 2732 
17459 2749 2513 2756 2747 
17460 2755 2745 2746 2514 
17461 2735 2414 2739 2732 
17462 2735 2734 2739 1183 
17463 2434 2753 2736 207 
17464 2750 2407 2749 2408 
17465 1016 2731 1017 2431 
17466 1016 150 2731 2433 
17467 1016 2731 2431 2433 
17468 2731 1017 2431 2732 
17469 2731 150 2413 2433 
17470 2731 2413 150 1001 
17471 2731 2408 2413 1001 
17472 2731 2410 2752 2747 
17473 2731 2432 2433 2747 
17474 2413 2433 1019 2747 
17475 1019 2432 1018 2747 
17476 1019 2432 2747 2433 
17477 2731 2432 2747 2752 
17478 2731 1002 2408 1001 
17479 1018 2432 2435 2747 
17480 1018 2435 1062 2747 
17481 1018 1062 2435 168 
17482 2435 2517 846 168 
17483 2435 2432 1020 2756 
17484 1020 2756 2432 2752 
17485 2731 2431 2432 2752 
17486 1021 2432 2431 2752 
17487 2432 2747 2752 2756 
17488 1021 2431 2753 2752 
17489 1021 2431 2434 2753 
17490 1017 2434 2431 2732 
17491 2731 2747 2413 2410 
17492 2431 2753 2752 2750 
17493 2431 2434 2753 2732 
17494 1017 2736 2434 2732 
17495 767 151 2413 2433 
17496 2435 2756 2517 2747 
17497 206 1014 2434 2736 
17498 1017 206 2434 2736 
17499 2434 2736 1014 207 
17500 150 767 2413 2433 
17501 2736 1186 207 2753 
17502 2736 2733 1186 2753 
17503 2736 2732 2733 2753 
17504 2736 2732 1181 2733 
17505 2434 2736 2753 2732 
17506 1017 1181 206 2736 
17507 1186 2753 2733 2750 
17508 1021 2753 2434 207 
17509 2731 2750 2408 2732 
17510 2733 2732 2750 2753 
17511 2733 2739 2735 2734 
17512 202 2735 1182 1002 
17513 202 989 2735 2414 
17514 202 2735 1002 2414 
17515 1182 1002 2735 2732 
17516 2733 2735 2739 2732 
17517 2735 1002 2414 2732 
17518 2414 1183 1003 201 
17519 2414 1183 2739 1003 
17520 2733 1187 2750 2734 
17521 2739 1184 1183 2734 
17522 2739 2738 1189 2740 
17523 2751 2739 2738 2409 
17524 2739 2409 1003 2738 
17525 2409 2414 2732 2739 
17526 2739 1184 2744 1189 
17527 2739 2740 2751 2738 
17528 1181 1182 2733 2732 
17529 1187 2750 2734 2754 
17530 1187 2754 2734 2737 
17531 2733 1187 1186 2750 
17532 2739 1184 2734 2737 
17533 1184 2744 240 2737 
17534 1184 1189 240 2744 
17535 2739 2744 1184 2737 
17536 240 2737 2744 1185 
17537 2744 1193 241 2754 
17538 1193 2754 2740 2751 
17539 2751 2741 1193 1192 
17540 1189 1188 2740 2738 
17541 2744 1193 2754 2740 
17542 2739 2734 2754 2737 
17543 2751 2741 2755 2745 
17544 2751 2755 2749 2745 
17545 2751 2741 1192 2755 
17546 2751 2738 2741 2745 
17547 1187 2754 2737 241 
17548 2733 2750 2739 2734 
17549 2733 2732 1182 2735 
17550 2751 2407 2409 2738 
17551 2751 2745 2749 2407 
17552 2752 2747 2749 2756 
17553 2752 2410 2749 2747 
17554 2731 2408 2752 2410 
17555 2739 2750 2751 2754 
17556 2743 2746 216 2516 
17557 2743 2755 1192 2741 
17558 2751 2739 2409 2750 
17559 2744 2737 2754 241 
17560 2751 2749 2750 2407 
17561 2756 2517 2513 1067 
17562 2741 1190 2746 1191 
17563 2746 2516 2514 1065 
17564 2746 1065 216 2516 
17565 2743 1066 217 2516 
17566 2435 2756 1020 169 
17567 2746 2514 1064 1065 
17568 2746 2514 2745 1064 
17569 2749 2407 2745 2748 
17570 2743 2516 216 1066 
17571 2745 1006 2407 1005 
17572 2745 1005 2407 2411 
17573 2745 2412 2407 1006 
17574 2745 2742 1005 2411 
17575 2745 2742 1191 1005 
17576 1191 2742 204 1005 
17577 2743 1192 2755 217 
17578 2745 2411 2407 2738 
17579 2745 2411 2738 2742 
17580 2743 216 2746 1190 
17581 204 2411 2742 998 
17582 2745 2514 2515 1064 
17583 1068 2513 1067 2749 
17584 2407 2410 2412 2748 
17585 163 2515 1064 1006 
17586 163 2515 2412 821 
17587 2749 2514 2755 1068 
17588 2412 164 821 2515 
17589 1007 2410 1008 2748 
17590 2413 151 1019 2433 
17591 164 1063 2515 2748 
17592 1008 2410 2747 2748 
17593 2413 1008 1019 151 
17594 2412 164 2515 2748 
17595 2413 2747 1008 2410 
17596 2749 2745 2514 2748 
17597 2750 2731 2752 2431 
17598 2732 2750 2408 2409 
17599 2739 2744 2754 2740 
17600 2731 2410 2413 2408 
17601 1003 2738 2409 1004 
17602 2741 1191 2746 2745 
17603 2738 2411 1004 203 
17604 2749 2408 2407 2410 
17605 2755 2514 2746 2516 
17606 2738 1188 2742 203 
17607 2752 2408 2749 2410 
17608 2744 1185 2737 241 
17609 2409 1004 2738 2411 
17610 204 2411 1005 2742 
17611 2750 2749 2752 2408 
17612 2745 2407 2412 2748 
17613 2407 2411 2409 2738 
17614 2745 2412 2515 2748 
17615 2750 2731 2431 2732 
17616 2745 1064 2515 1006 
17617 2435 168 1062 2517 
17618 2414 1003 2739 2409 
17619 2749 2756 2513 1067 
17620 2739 2754 2744 2737 
17621 2743 2746 2741 1190 
17622 2740 2742 2741 2738 
17623 2741 2751 1193 2740 
17624 2740 2741 2751 2738 
17625 2749 2747 2410 2748 
17626 2431 2753 2750 2732 
17627 2751 2407 2750 2409 
17628 2739 2754 2734 2750 
17629 2732 2750 2409 2739 
17630 2409 2414 2408 2732 
17631 2739 1189 2744 2740 
17632 2738 2742 2411 203 
17633 2751 2738 2745 2407 
17634 1021 2432 2752 1020 
3 52 4 219
17635 2769 2767 2757 2485 
17636 159 1045 2487 2759 
17637 2484 2760 1046 2490 
17638 2484 2782 2760 2490 
17639 2759 1045 2484 1046 
17640 210 2763 1046 1194 
17641 2484 2486 2782 2490 
17642 2760 1195 1194 2762 
17643 210 2490 1046 2763 
17644 1046 2763 2760 1194 
17645 2484 2768 2760 2782 
17646 209 1195 2463 2764 
17647 2771 2768 1197 2762 
17648 2780 2769 2483 2779 
17649 2760 2782 2763 2490 
17650 2767 2766 2484 2483 
17651 2485 2767 2759 2484 
17652 2773 1202 2777 2775 
17653 2773 2766 1202 2775 
17654 2773 1202 242 2777 
17655 2768 2782 2773 2761 
17656 2773 2777 2782 2775 
17657 2768 2761 1197 2762 
17658 2758 2767 2757 2769 
17659 2761 2782 2765 1199 
17660 2761 1200 2782 1199 
17661 2768 2773 2782 2766 
17662 2760 2761 2768 2762 
17663 2773 2782 2777 2765 
17664 211 2763 1200 2490 
17665 2760 1194 2763 2762 
17666 2782 2781 2486 2766 
17667 1046 2760 2763 2490 
17668 210 2490 2763 1039 
17669 1050 2489 2486 2781 
17670 1050 214 2489 2781 
17671 2486 2489 2483 2781 
17672 2486 2781 2483 2766 
17673 2483 2489 1052 2779 
17674 2483 2489 2779 2781 
17675 2780 2779 1080 2537 
17676 2769 2767 2485 2483 
17677 2759 2487 2485 2484 
17678 2767 2757 2460 2758 
17679 2537 2772 1077 2769 
17680 2761 2768 1197 1196 
17681 1080 1203 219 2778 
17682 1080 2541 2779 2778 
17683 1203 2778 2779 2774 
17684 1203 2779 1204 2774 
17685 2769 2772 2766 2779 
17686 2779 1204 2774 2776 
17687 2537 2541 2772 2779 
17688 2782 2781 1049 2486 
17689 1052 2779 2489 2776 
17690 215 2489 1051 2776 
17691 1051 2489 214 2776 
17692 2760 2782 2761 2763 
17693 2489 214 2776 2781 
17694 2483 2779 2769 2766 
17695 2776 1205 2781 214 
17696 2767 2757 2759 2460 
17697 2483 2779 2766 2781 
17698 2782 2484 2766 2486 
17699 2780 2537 1081 2539 
17700 2779 2781 2776 2774 
17701 2766 2781 2779 2774 
17702 2776 2781 2775 2774 
17703 2782 1200 2763 2490 
17704 2761 2763 2782 1200 
17705 2773 2765 2761 2782 
17706 2765 242 1198 2777 
17707 2760 2782 2768 2761 
17708 2766 2774 2772 1201 
17709 2782 1206 2775 2777 
17710 1078 2537 2769 2538 
17711 2758 2767 2769 2770 
17712 2782 2781 2766 2775 
17713 2772 1201 2778 218 
17714 2773 2782 2766 2775 
17715 2774 1202 1201 2766 
17716 2780 2769 2537 2538 
17717 1080 219 2541 2778 
17718 2541 1079 2778 219 
17719 2541 218 2778 1079 
17720 1052 2489 215 2776 
17721 2767 2766 2483 2769 
17722 2772 2778 1201 2774 
17723 871 2488 174 2539 
17724 2773 242 1196 2765 
17725 2773 242 2765 2777 
17726 1076 2540 171 2758 
17727 2772 2779 2778 2774 
17728 2780 2779 2483 1052 
17729 2782 1049 1200 2490 
17730 174 2539 2780 1081 
17731 2485 2767 2757 2759 
17732 2780 1080 1081 2537 
17733 1052 215 1204 2776 
17734 2766 2779 2772 2774 
17735 2776 2775 2781 1205 
17736 2782 2765 1206 2777 
17737 1049 2781 1050 2486 
17738 2760 2763 2761 2762 
17739 2759 2487 2757 2485 
17740 2767 2460 2770 2758 
17741 2772 2778 2779 2541 
17742 2782 2486 1049 2490 
17743 2537 2772 2769 2779 
17744 2768 2761 2773 1196 
17745 208 1026 2463 2764 
17746 2772 2778 2541 218 
17747 1029 2464 170 2770 
17748 2767 2768 2484 2766 
17749 2766 2775 2781 2774 
17750 174 2780 2539 2488 
17751 1052 1204 2779 2776 
17752 2764 2762 2771 1197 
17753 2760 2764 1195 2762 
17754 2782 1206 2781 2775 
17755 2781 1206 1205 2775 
17756 2767 2483 2484 2485 
17757 2537 1077 2772 2541 
17758 2759 2484 2760 1046 
17759 2538 2770 2540 2758 
17760 1075 173 2488 1047 
17761 2760 2771 2764 2762 
17762 2773 2765 1196 2761 
17763 2760 2768 2771 2762 
17764 2782 2484 2768 2766 
17765 2769 2538 2758 2770 
17766 2464 2758 2540 2770 
17767 2782 1206 2765 1199 
17768 2484 2766 2486 2483 
17769 2757 2487 1048 2485 
17770 2774 1202 2766 2775 
17771 2487 2484 2759 1045 
17772 2779 2781 2489 2776 
17773 243 2765 1206 1199 
17774 243 2765 1198 2777 
17775 243 1206 2765 2777 
17776 211 1200 1049 2490 
17777 209 1034 2463 1195 
17778 211 1039 2763 2490 
17779 209 2463 1026 2764 
17780 208 2771 2463 1030 
17781 208 1197 2764 2771 
17782 1030 2461 2767 2771 
17783 2767 2460 1030 1029 
17784 2463 2461 1030 2771 
17785 2460 2767 1030 2461 
17786 2461 2767 2759 2460 
17787 2461 2759 1034 1033 
17788 2461 2759 2462 2460 
17789 2463 1195 2760 2764 
17790 2461 2760 1034 2759 
17791 2463 1195 1034 2760 
17792 208 2463 2771 2764 
17793 2461 2759 2767 2760 
17794 2462 2487 2757 2759 
17795 2462 2757 2460 2759 
17796 160 1032 2487 1048 
17797 1029 2770 2767 2460 
17798 1029 2460 2464 2770 
17799 2463 2760 2461 2771 
17800 2463 1034 2461 2760 
17801 2461 2759 1033 2462 
17802 2463 2764 2760 2771 
17803 159 2462 1033 2759 
17804 2462 1032 2757 2487 
17805 159 803 2462 2487 
17806 2462 2487 803 160 
17807 1032 2460 2757 2758 
17808 1032 2460 2758 1031 
17809 2462 2757 1032 2460 
17810 170 2540 1078 2770 
17811 170 2540 2464 858 
17812 2464 2758 2770 2460 
17813 2464 171 2758 1031 
17814 2464 2758 2460 1031 
17815 2464 2540 171 858 
17816 1032 1048 2757 2487 
17817 159 2487 2462 2759 
17818 1075 2538 2758 2757 
17819 1075 2758 2538 1076 
17820 1075 2757 2539 2538 
17821 1075 2488 2539 2757 
17822 1075 2488 2757 1047 
17823 2780 1053 2483 2488 
17824 174 1053 2780 2488 
17825 2780 1052 2483 1053 
17826 2780 2757 2539 2488 
17827 2780 2757 2488 2485 
17828 2780 2769 2538 2757 
17829 2780 2537 2769 2779 
17830 1080 2541 2537 2779 
17831 1080 2779 1203 2778 
17832 2780 2537 2539 2538 
17833 1077 218 2772 2541 
17834 1078 2770 2538 2769 
17835 1078 2538 2770 2540 
17836 1078 2537 1077 2769 
17837 2538 2540 1076 2758 
17838 170 2770 2464 2540 
17839 2780 2488 2483 2485 
17840 2485 2780 2769 2483 
17841 2769 2538 2757 2758 
17842 2464 2758 171 2540 
17843 2462 2487 160 1032 
17844 2767 2771 2760 2768 
17845 2461 2767 2771 2760 
17846 2767 2760 2484 2768 
17847 2767 2760 2759 2484 
17848 2757 1047 2488 2485 
17849 2757 1048 1047 2485 
17850 2780 2539 2757 2538 
17851 2485 2780 2757 2769 
17852 1075 2488 173 2539 
17853 173 2488 871 2539 
3 53 4 220
17854 1217 2799 1216 2794 
17855 2796 2794 2792 2799 
17856 215 2499 1060 2799 
17857 2796 2792 1214 214 
17858 2796 2792 2794 2795 
17859 2796 1214 2792 2795 
17860 1051 214 2499 2796 
17861 2499 2498 2792 2495 
17862 1214 2792 2795 1215 
17863 1217 2796 215 2799 
17864 2792 1058 2495 2793 
17865 2792 2495 1058 1059 
17866 2802 2792 2795 2803 
17867 2792 2795 1215 2793 
17868 2792 2495 2802 2793 
17869 2792 2799 2794 2803 
17870 2499 1059 2792 214 
17871 2792 2803 2498 2799 
17872 2499 2792 2498 2799 
17873 2499 2498 1060 2799 
17874 2797 2795 1219 2806 
17875 2791 1210 2797 2793 
17876 1215 2795 2797 2793 
17877 1219 2795 2803 2806 
17878 2797 2795 2806 2793 
17879 2794 1219 2795 2803 
17880 2499 2792 2796 214 
17881 2791 2806 2788 2793 
17882 1215 2797 244 1210 
17883 2792 2498 2803 2495 
17884 2791 1211 245 2797 
17885 2791 245 2806 2797 
17886 1218 2794 2808 2803 
17887 1218 2808 2794 2798 
17888 215 2796 2499 2799 
17889 2794 1219 2803 1218 
17890 2794 2800 2803 2799 
17891 2794 2803 2800 2808 
17892 2794 2800 2798 2808 
17893 245 2806 2797 1219 
17894 1218 2808 2798 222 
17895 1216 2794 2800 2798 
17896 1217 2796 2799 2794 
17897 2802 2792 2793 2795 
17898 221 1092 2798 2563 
17899 221 2798 1091 2563 
17900 2795 2806 2793 2802 
17901 1216 1091 2798 2800 
17902 2563 1094 222 2808 
17903 2798 2563 1092 222 
17904 2563 2800 2560 2808 
17905 1094 2808 2560 2801 
17906 2563 2800 1091 2560 
17907 2563 1094 2808 2560 
17908 2798 1091 2563 2800 
17909 1216 2800 2794 2799 
17910 1094 2559 2801 2560 
17911 2560 2561 2800 1090 
17912 1091 1090 2560 2800 
17913 2798 2563 222 2808 
17914 2798 2800 2563 2808 
17915 2561 2500 176 1089 
17916 2561 2500 874 176 
17917 175 2561 1090 1061 
17918 2800 2784 2801 2498 
17919 175 874 2561 2500 
17920 2561 1089 2784 2500 
17921 2800 1061 2498 2799 
17922 176 2500 1056 1089 
17923 175 2561 1061 2500 
17924 2784 2559 1088 1089 
17925 2784 2496 1056 2783 
17926 2784 1089 1056 2500 
17927 2800 2561 2784 2500 
17928 2784 1088 2559 2562 
17929 2800 2500 2498 1061 
17930 2560 2559 2800 2561 
17931 1088 2524 179 2562 
17932 1088 2524 1071 179 
17933 2784 2520 1071 2524 
17934 2784 2807 2804 2520 
17935 2807 180 2524 2562 
17936 2807 180 1073 2524 
17937 1093 180 2807 2562 
17938 2807 1073 2520 2524 
17939 2784 2807 2520 2524 
17940 2784 2520 2804 2783 
17941 2803 2800 2498 2799 
17942 2806 2788 2802 1213 
17943 2806 2802 2788 2793 
17944 1210 2793 2788 1209 
17945 244 1211 2791 2797 
17946 2791 2806 245 1213 
17947 1212 217 2790 2805 
17948 2790 217 1066 2523 
17949 2790 2805 217 2523 
17950 1212 2805 2790 2787 
17951 2805 1074 217 2523 
17952 2805 2523 2521 1074 
17953 2790 1066 216 2523 
17954 2788 2793 2789 1209 
17955 2805 2786 2787 2802 
17956 2790 2786 2805 2523 
17957 2804 2783 2785 2497 
17958 2805 2523 2786 2521 
17959 1207 1208 2787 2786 
17960 2804 2783 2497 2496 
17961 2787 2789 2786 1208 
17962 2790 1207 2786 1070 
17963 1093 2807 2559 2562 
17964 2788 2802 2787 2793 
17965 2787 2793 2786 2789 
17966 2786 2523 1070 2521 
17967 2786 1070 2785 2521 
17968 2790 2786 1207 2787 
17969 2785 1055 2497 1054 
17970 2785 1054 2497 2502 
17971 2785 1070 1069 2521 
17972 2803 2800 2801 2498 
17973 2497 2498 2495 2802 
17974 2785 2502 2783 2522 
17975 2785 2783 2520 2522 
17976 2786 2501 1055 2789 
17977 2785 2521 1069 2522 
17978 213 2789 1055 2501 
17979 212 1058 1209 2501 
17980 212 2789 1042 2501 
17981 213 1042 2789 2501 
17982 2785 2520 2521 2522 
17983 1209 2501 1058 2793 
17984 2785 2522 1069 165 
17985 2790 2786 2523 1070 
17986 1058 2501 2495 2793 
17987 2791 2806 1213 2788 
17988 2495 2802 2793 2786 
17989 2560 2800 2801 2808 
17990 2801 2498 2497 2802 
17991 2499 2495 2792 1059 
17992 2785 2502 2497 2783 
17993 2497 2502 2496 2783 
17994 215 2796 1051 2499 
17995 2800 1090 2561 1061 
17996 2498 1061 1060 2799 
17997 2785 2502 2522 165 
17998 2800 2784 2498 2500 
17999 2783 2520 1072 1071 
18000 2786 2497 2785 1055 
18001 2787 2786 2793 2802 
18002 2804 2784 2783 2496 
18003 2502 165 830 2522 
18004 2786 2501 2495 2497 
18005 2499 2796 2792 2799 
18006 2789 1209 2793 2501 
18007 2786 2804 2785 2497 
18008 2496 2783 2502 1057 
18009 2786 2501 2793 2495 
18010 1056 2783 2496 1057 
18011 2804 2521 2805 2786 
18012 2502 830 166 2522 
18013 2792 2794 2795 2803 
18014 2785 1054 2502 165 
18015 2790 216 1207 1070 
18016 2804 2801 2497 2802 
18017 2786 2501 2497 1055 
18018 1212 2802 2805 2787 
18019 2804 2521 2786 2785 
18020 2804 1074 2805 2521 
18021 2800 2784 2561 2559 
18022 2786 2804 2497 2802 
18023 2788 2793 2787 2789 
18024 2804 2497 2801 2496 
18025 2783 1072 2520 2522 
18026 180 2524 2562 894 
18027 2804 2786 2805 2802 
18028 179 2562 2524 894 
18029 2800 2801 2784 2559 
18030 2784 2496 2498 2500 
18031 2804 2807 1073 2520 
18032 1094 2559 1093 2801 
18033 2783 166 2502 1057 
18034 2786 2789 2793 2501 
18035 2784 2801 2804 2807 
18036 2784 2496 2801 2498 
18037 2804 2521 2785 2520 
18038 2784 1071 1088 2524 
18039 2786 1055 1208 2789 
18040 2803 2802 2495 2498 
18041 2791 2797 2806 2793 
18042 2784 2807 2559 2801 
18043 2792 2495 2803 2802 
18044 1215 2797 1210 2793 
18045 2800 1061 2561 2500 
18046 2787 2802 1213 1212 
18047 1093 2801 2559 2807 
18048 2784 2559 2807 2562 
18049 2495 2802 2786 2497 
18050 2520 2804 1074 1073 
18051 213 2789 1208 1055 
18052 2802 2787 1213 2788 
18053 2790 2805 2786 2787 
18054 2784 1056 2496 2500 
18055 2784 2520 2783 1071 
18056 244 2791 1210 2797 
18057 2790 2523 216 1070 
18058 2800 2803 2801 2808 
18059 2804 2520 1074 2521 
18060 2561 2559 2784 1089 
18061 2801 2802 2803 2498 
18062 2560 2801 2800 2559 
18063 2804 2784 2496 2801 
18064 2783 2502 166 2522 
18065 2795 2806 2802 2803 
18066 1216 1091 221 2798 
18067 2791 2788 1210 2793 
18068 2784 1088 2562 2524 
18069 2804 2520 2785 2783 
18070 2783 166 1072 2522 
18071 2784 2562 2807 2524 
18072 212 1209 2789 2501 
18073 2801 2496 2497 2498 
3 54 4 109
18074 1222 2812 218 2814 
18075 1222 2815 2811 2814 
18076 1222 2811 2812 2814 
18077 246 2811 1222 2822 
18078 246 1223 2811 2822 
18079 1222 2822 2811 2815 
18080 2811 2823 2815 2822 
18081 1226 2825 2818 223 
18082 1226 2825 2819 2818 
18083 247 2819 2817 1224 
18084 2815 2816 2819 2810 
18085 2824 1226 2825 2819 
18086 2824 247 1226 2819 
18087 2815 2817 2824 2819 
18088 2811 1221 2812 2810 
18089 2811 2813 2810 2823 
18090 2815 2816 2817 2819 
18091 2817 2816 1224 2819 
18092 2816 2810 2554 2809 
18093 2815 2814 2816 2810 
18094 2824 2810 2819 2566 
18095 2819 2810 2816 2809 
18096 2816 2814 2554 2810 
18097 2819 2825 2566 2818 
18098 2816 2554 2814 1084 
18099 2815 2817 1225 2824 
18100 1085 2820 2555 178 
18101 2819 2809 2820 2566 
18102 2819 2554 2816 2821 
18103 2554 2556 2814 1084 
18104 2556 2814 2812 2810 
18105 2556 218 1079 2814 
18106 246 2822 2815 1225 
18107 2556 2812 1079 219 
18108 2556 2810 1221 1087 
18109 2811 2815 2823 2810 
18110 2816 2821 2554 1084 
18111 2819 2816 2554 2809 
18112 2815 2824 2823 2810 
18113 2819 2566 2820 2818 
18114 2815 2824 2822 2823 
18115 2554 2814 2556 2810 
18116 2815 2819 2824 2810 
18117 2811 2822 1223 2823 
18118 2821 2554 220 1085 
18119 2819 2566 2810 2809 
18120 2554 2809 1087 1086 
18121 2556 1087 1221 219 
18122 2810 1096 2568 1220 
18123 2819 2554 2821 2820 
18124 2810 1096 2566 2568 
18125 2810 2566 2823 2568 
18126 2555 2567 2820 2809 
18127 2824 2817 247 2819 
18128 2555 2567 881 178 
18129 2555 2820 2567 178 
18130 1085 2820 2554 2555 
18131 2824 2566 2825 2823 
18132 2820 178 1098 2567 
18133 2554 2809 1086 2555 
18134 177 881 2555 2567 
18135 2556 2810 2812 1221 
18136 1079 2814 218 2812 
18137 2824 2566 2819 2825 
18138 2820 1098 2566 2567 
18139 2815 1225 2822 2824 
18140 1224 2821 2819 2816 
18141 2811 1221 2810 1220 
18142 2811 2814 2815 2810 
18143 2819 2554 2820 2809 
18144 2566 223 1098 2818 
18145 2566 1097 2825 2823 
18146 2809 1096 1095 2566 
18147 2568 1096 221 1220 
18148 2820 2818 2566 1098 
18149 177 2555 2809 2567 
18150 2823 2813 2568 222 
18151 2823 2568 1097 222 
18152 1223 2813 2823 222 
18153 2568 222 2813 1092 
18154 2810 2568 2823 2813 
18155 2554 2809 2555 2820 
18156 2566 1097 2818 2825 
18157 2818 223 2825 1097 
18158 2811 2812 2814 2810 
18159 2811 1223 2813 2823 
18160 2811 2810 2813 1220 
18161 246 2822 1222 2815 
18162 1224 2821 2816 220 
18163 2820 2566 2809 2567 
18164 177 2555 1086 2809 
18165 2568 1092 2813 221 
18166 2556 1221 2812 219 
18167 2816 220 2821 1084 
18168 2556 2814 1079 2812 
18169 2554 2810 1087 2809 
18170 177 2809 1095 2567 
18171 2554 2810 2556 1087 
18172 2824 2810 2566 2823 
18173 2566 1097 2823 2568 
18174 2566 223 2818 1097 
18175 2556 218 2814 1084 
18176 2821 1084 220 2554 
18177 2809 2566 1095 2567 
18178 2810 1096 2809 2566 
18179 1225 247 2824 2817 
18180 2568 221 2813 1220 
18181 2810 2568 2813 1220 
18182 2821 2554 1085 2820 
3 55 4 146
18183 1109 2605 2828 1108 
18184 2838 2840 2841 2834 
18185 2826 1107 2591 2827 
18186 2670 2671 2826 1141 
18187 2835 2827 2593 2673 
18188 2838 1232 2839 2841 
18189 2826 2832 2604 2828 
18190 2841 1146 2842 2669 
18191 2826 2830 2833 2837 
18192 2826 1116 2592 1107 
18193 2839 2841 1113 2608 
18194 2828 1227 2833 2830 
18195 1113 2841 2605 2608 
18196 2837 1104 225 2591 
18197 2835 2670 2827 2673 
18198 2837 2830 1227 225 
18199 233 1145 2672 2840 
18200 233 2672 1146 2840 
18201 233 2840 1146 1231 
18202 2836 2829 1228 2833 
18203 2836 1230 2838 2834 
18204 2836 1228 2829 248 
18205 2836 2841 2833 2834 
18206 1230 232 2840 2834 
18207 1230 2840 2838 2834 
18208 2836 2829 1229 248 
18209 2836 2841 2829 2833 
18210 2838 1231 2841 2840 
18211 1229 2839 226 2831 
18212 2829 2838 1229 2831 
18213 2836 1229 2829 2838 
18214 2829 2828 2841 2831 
18215 2838 1231 1232 2841 
18216 2839 227 1112 2608 
18217 226 1108 2831 2608 
18218 2839 1112 226 2608 
18219 1113 1114 2605 2842 
18220 1113 2842 2605 2841 
18221 2836 2838 2841 2834 
18222 2839 2831 2841 2608 
18223 2836 1229 2838 248 
18224 2605 2828 2841 2842 
18225 2838 2841 2839 2831 
18226 2605 2841 2828 2831 
18227 2829 2833 2841 2828 
18228 2841 2833 2842 2828 
18229 2839 1232 1113 2841 
18230 2841 2669 2842 2833 
18231 2841 2669 2833 2834 
18232 2605 2828 2826 2604 
18233 2842 2826 2671 2606 
18234 2605 2841 2831 2608 
18235 2842 2669 1147 2671 
18236 194 2606 2671 959 
18237 2842 2826 2670 2671 
18238 2838 2839 1229 2831 
18239 232 2840 2672 1145 
18240 2836 2838 1230 248 
18241 2839 226 2831 2608 
18242 2672 1143 2669 2834 
18243 2835 191 1144 2673 
18244 2835 2593 191 2673 
18245 2835 191 2593 1105 
18246 2835 2593 2591 1105 
18247 2605 2831 1108 2608 
18248 2826 2835 2833 2670 
18249 2670 2826 2827 1141 
18250 2670 1142 2827 2673 
18251 1142 192 2827 2673 
18252 2670 2827 1142 1141 
18253 2842 194 1114 2606 
18254 2671 193 2606 1141 
18255 2671 193 959 2606 
18256 2841 2840 2672 2834 
18257 2841 2672 1146 2669 
18258 193 2606 1141 1115 
18259 2606 2604 2826 1115 
18260 2606 2826 1141 1115 
18261 2826 2604 1116 1115 
18262 2842 2826 2828 2833 
18263 1116 1107 184 2592 
18264 1116 184 2607 2592 
18265 2826 2830 2828 2833 
18266 1109 2605 2604 2828 
18267 2826 2605 2604 2606 
18268 2605 2831 2828 1108 
18269 1109 183 2832 2607 
18270 2841 1231 1146 2840 
18271 2835 2837 2826 2833 
18272 2604 2607 1109 2832 
18273 2832 2591 1104 2830 
18274 2833 1227 2837 2830 
18275 2826 2830 2832 2828 
18276 2836 2838 2829 2841 
18277 2826 2591 1107 2592 
18278 2835 2670 1144 2833 
18279 2837 2830 1104 2591 
18280 2826 2835 2827 2591 
18281 2826 2591 2832 2830 
18282 2826 2835 2591 2837 
18283 2835 2673 1144 2670 
18284 2593 946 191 2673 
18285 2591 1107 1106 2827 
18286 2591 1106 2593 2827 
18287 2826 2592 2832 2591 
18288 1228 2833 2828 1227 
18289 2593 192 946 2673 
18290 2593 2827 1106 192 
18291 2826 1116 2604 2607 
18292 2837 2591 225 1105 
18293 2593 2827 192 2673 
18294 2605 2828 2842 2826 
18295 2837 2830 225 1104 
18296 2832 183 1104 2592 
18297 2591 2826 2837 2830 
18298 2826 2605 2606 2842 
18299 184 2607 2592 909 
18300 2826 2604 2832 2607 
18301 2832 183 2592 2607 
18302 2592 183 909 2607 
18303 2826 2592 1116 2607 
18304 1228 2833 2829 2828 
18305 2832 1104 2591 2592 
18306 2604 2832 1109 2828 
18307 1113 2839 2608 227 
18308 2841 2672 2669 2834 
18309 2829 2841 2838 2831 
18310 2842 2670 2826 2833 
18311 2841 2840 1146 2672 
18312 2842 194 2606 2671 
18313 2605 2606 2842 1114 
18314 2826 2832 2592 2607 
18315 1113 2839 227 1232 
18316 1144 2669 2833 2670 
18317 2842 2670 2669 2671 
18318 2842 1147 194 2671 
18319 2835 2591 2837 1105 
18320 2669 1143 2833 2834 
18321 2826 2835 2670 2827 
18322 232 2834 2672 2840 
18323 2842 2669 2670 2833 
18324 2671 1141 2606 2826 
18325 232 1143 2672 2834 
18326 2835 2827 2591 2593 
18327 2842 1146 1147 2669 
18328 1144 2669 1143 2833 
3 56 4 218
18329 2857 2701 2859 2615 
18330 249 1237 2864 2855 
18331 2857 2701 2695 2859 
18332 1122 2630 2844 1121 
18333 1157 2853 234 1240 
18334 2857 1240 2852 2853 
18335 2632 2631 2630 2859 
18336 186 2858 1120 2616 
18337 2857 2865 2699 2853 
18338 2857 2698 2701 1156 
18339 2846 2865 2850 2860 
18340 2702 1128 1154 199 
18341 2849 2868 2844 2846 
18342 2859 2843 2857 2845 
18343 2857 2698 1157 2699 
18344 2846 2843 2850 2865 
18345 1159 2699 2696 2865 
18346 199 2632 986 2702 
18347 2845 2613 2856 2857 
18348 2861 2860 2862 2866 
18349 2857 1156 2701 2615 
18350 2868 2849 2867 2861 
18351 1128 2859 2632 2702 
18352 2632 2868 1127 1163 
18353 2697 2868 2859 2702 
18354 2846 2850 1235 2860 
18355 2846 2868 2697 2866 
18356 2632 2702 2868 1163 
18357 2868 2700 2697 2866 
18358 185 2847 1122 2633 
18359 920 2633 186 2616 
18360 186 2633 1129 2858 
18361 185 2633 920 2616 
18362 185 1111 2847 2616 
18363 229 2867 2634 2863 
18364 2634 2867 2849 2863 
18365 2634 228 1125 2863 
18366 229 2867 2863 1245 
18367 228 2863 2849 1236 
18368 2634 1121 228 2849 
18369 229 1126 2634 2867 
18370 2634 228 2863 2849 
18371 2634 2630 1121 2849 
18372 1128 1129 2631 2858 
18373 1128 2631 2859 2858 
18374 1128 2631 2632 2859 
18375 986 2702 2632 200 
18376 1127 2868 2630 2867 
18377 1121 2630 2844 2849 
18378 2634 2867 2630 2849 
18379 2634 2867 1126 2630 
18380 1127 2630 1126 2867 
18381 229 2634 1125 2863 
18382 1122 2631 2847 2844 
18383 1122 2847 2631 2633 
18384 185 2847 2633 2616 
18385 186 2633 2858 2616 
18386 2859 2847 2631 2844 
18387 2630 2859 2844 2868 
18388 2633 2847 2858 2616 
18389 2868 2849 2844 2630 
18390 2847 1111 2614 2616 
18391 2847 1111 2845 2614 
18392 2859 2847 2858 2631 
18393 2847 2614 2858 2616 
18394 2849 2863 2867 2861 
18395 2630 2859 2631 2844 
18396 2850 249 1235 2864 
18397 2850 1235 2860 2864 
18398 2850 1233 249 2855 
18399 2850 249 2864 2855 
18400 2850 2860 2865 2864 
18401 2850 2855 2851 1233 
18402 2846 2696 2865 2866 
18403 2850 2855 2864 2865 
18404 2846 2860 2861 2866 
18405 2860 1236 1235 2846 
18406 2848 1234 2854 226 
18407 2848 1110 226 2617 
18408 2848 226 2854 2617 
18409 2701 962 196 2615 
18410 1119 2701 1155 196 
18411 1156 2615 1118 195 
18412 2845 2613 1111 1110 
18413 2857 2613 2856 1118 
18414 2857 2698 1156 1157 
18415 2696 2697 2700 2866 
18416 2696 2700 1160 2866 
18417 1159 2699 1239 235 
18418 2850 2843 2851 2865 
18419 2845 2859 2843 2844 
18420 2868 1163 2697 1162 
18421 2868 2702 2697 1163 
18422 2868 1244 2861 2867 
18423 2868 2697 2700 1162 
18424 2631 2858 2633 2847 
18425 2857 2859 2613 2615 
18426 1128 2859 2702 1154 
18427 2632 2702 1163 200 
18428 2844 2697 2868 2859 
18429 2632 1163 1127 200 
18430 2868 2861 2862 2866 
18431 1154 2859 2695 1155 
18432 2702 1128 199 2632 
18433 2843 2698 2857 2865 
18434 1159 2866 2696 1160 
18435 2860 1236 2846 2861 
18436 2857 2853 1157 1240 
18437 2701 1155 2695 2859 
18438 1119 2701 196 2615 
18439 2857 2852 1240 2856 
18440 2701 1155 2859 1119 
18441 2701 2615 1156 195 
18442 2859 2615 2614 2613 
18443 2845 2613 2857 2859 
18444 2702 2695 1154 2859 
18445 2847 2845 2844 2859 
18446 2632 2859 2868 2702 
18447 2849 1236 2863 2861 
18448 2846 2861 2868 2866 
18449 2861 1245 2867 1244 
18450 2851 1234 2852 2843 
18451 2844 2843 2846 2697 
18452 2632 2859 2630 2868 
18453 1122 2630 2631 2844 
18454 2857 2695 2698 2843 
18455 2843 2852 2848 1234 
18456 1160 2866 2700 236 
18457 2844 2697 2846 2868 
18458 237 1162 2862 2700 
18459 2863 2867 2861 1245 
18460 2843 2852 2857 2856 
18461 237 2700 2862 1161 
18462 237 1244 2862 1162 
18463 2862 1161 2700 236 
18464 1243 2860 1242 2866 
18465 2862 2860 1243 2866 
18466 1242 2860 2865 2866 
18467 1242 2865 2860 2864 
18468 2632 2630 1127 2868 
18469 2846 2696 2843 2865 
18470 1242 1238 2855 250 
18471 2862 236 2700 2866 
18472 2868 2849 2630 2867 
18473 2846 2697 2843 2696 
18474 2868 2849 2861 2846 
18475 2864 2855 1237 250 
18476 2846 2697 2696 2866 
18477 2856 2843 2845 2857 
18478 2855 1238 2865 2851 
18479 2855 1242 2865 1238 
18480 2850 2851 2843 1233 
18481 2855 1242 2864 2865 
18482 2862 1243 236 2866 
18483 1242 2855 2864 250 
18484 2856 2843 2848 2845 
18485 2701 1119 2859 2615 
18486 2857 2699 1157 2853 
18487 2857 2615 2613 1118 
18488 2857 2865 2698 2699 
18489 1159 2699 2865 1239 
18490 2865 1238 1239 2851 
18491 2865 2852 2851 2853 
18492 2845 2613 2859 2614 
18493 2699 2853 1158 234 
18494 2868 2862 1244 1162 
18495 2857 2701 2698 2695 
18496 2845 2613 2848 2856 
18497 2848 2854 2856 2617 
18498 2852 1241 2856 2854 
18499 2695 2859 2697 2843 
18500 2699 235 1158 2853 
18501 2856 1118 2613 1117 
18502 2701 962 2615 195 
18503 1159 2696 2866 2865 
18504 1240 2856 2852 1241 
18505 2851 1234 2843 1233 
18506 2843 2857 2695 2859 
18507 2865 1239 2699 2853 
18508 2695 2698 2843 2697 
18509 2848 1234 2852 2854 
18510 1239 235 2699 2853 
18511 2854 2617 226 1112 
18512 2868 2700 2862 1162 
18513 2865 2851 1239 2853 
18514 2848 2617 2856 2613 
18515 2848 2852 2856 2854 
18516 2856 2617 2854 227 
18517 2856 2617 227 1117 
18518 2848 1110 2617 2613 
18519 2859 1119 2614 2615 
18520 2843 2851 2865 2852 
18521 1157 2853 2699 234 
18522 2613 2845 1111 2614 
18523 2846 2865 2860 2866 
18524 1120 2858 2614 2616 
18525 2857 2852 2865 2853 
18526 2843 2697 2698 2696 
18527 1120 1119 2614 2858 
18528 2850 2851 2855 2865 
18529 2859 2697 2702 2695 
18530 2856 2854 1241 227 
18531 2859 2847 2845 2614 
18532 2868 2862 2861 1244 
18533 2856 2613 2617 1117 
18534 2843 2696 2698 2865 
18535 2859 2847 2614 2858 
18536 2843 2865 2857 2852 
18537 2848 2845 1110 2613 
18538 2859 2697 2843 2844 
18539 2857 1156 2615 1118 
18540 2859 2614 1119 2858 
18541 2631 2858 1129 2633 
18542 2868 2862 2700 2866 
18543 2854 2617 1112 227 
18544 2849 2846 1236 2861 
18545 2843 2848 2852 2856 
18546 2698 2865 2696 2699 
3 57 4 144
18547 2877 2734 2878 2882 
18548 1187 2733 1186 2881 
18549 2658 2883 2736 2880 
18550 2735 2734 1183 2877 
18551 2656 2658 1138 2880 
18552 1183 1184 2878 2734 
18553 2879 2869 2880 2639 
18554 2876 2737 2878 240 
18555 2656 1140 2883 2885 
18556 2881 2877 2869 2872 
18557 2877 1250 1130 2875 
18558 2881 2880 2873 2869 
18559 2656 2873 1136 231 
18560 935 2657 2643 188 
18561 2657 1136 2656 2871 
18562 2643 2871 2879 2639 
18563 1182 2641 2880 2735 
18564 2643 1133 2879 189 
18565 2643 2871 2639 1124 
18566 188 2657 2871 1136 
18567 2657 2879 1139 189 
18568 2643 188 2871 1124 
18569 1139 1138 2879 2656 
18570 2657 2656 2879 2871 
18571 2879 2873 2656 2880 
18572 2879 2871 2656 2873 
18573 2879 2656 1138 2880 
18574 2879 2871 2869 2639 
18575 2656 231 1140 2885 
18576 1140 207 2658 2883 
18577 2656 2883 2880 2885 
18578 2656 1136 2873 2871 
18579 2643 2871 188 2657 
18580 2658 207 2736 2883 
18581 2657 2656 1139 2879 
18582 2879 2639 2880 1132 
18583 2736 2883 207 1186 
18584 2736 1186 2733 2883 
18585 2656 2883 1140 2658 
18586 2736 2733 1181 2880 
18587 2656 2873 231 2885 
18588 2658 2880 2736 1181 
18589 2736 2883 2733 2880 
18590 1186 2881 2733 2883 
18591 2883 2881 2880 2885 
18592 2658 1014 206 2736 
18593 2881 2882 2877 2884 
18594 2656 2880 2873 2885 
18595 2658 206 1138 1181 
18596 2881 2880 2869 2877 
18597 2881 2872 2869 1248 
18598 1181 2880 2733 1182 
18599 231 2885 2873 1247 
18600 2869 2870 2640 1123 
18601 1124 2640 1123 2869 
18602 2643 2879 2657 189 
18603 2643 2879 1133 2639 
18604 1124 2640 2869 2639 
18605 2879 1133 2639 1132 
18606 2869 2639 2871 1124 
18607 2639 2877 2880 2641 
18608 2658 2736 206 1181 
18609 2733 2735 1182 2880 
18610 202 2641 2735 989 
18611 2658 207 1014 2736 
18612 1132 1182 202 2641 
18613 2880 2877 2735 2641 
18614 2869 2880 2639 2877 
18615 1132 2880 1182 2641 
18616 202 2641 1182 2735 
18617 2735 989 2641 201 
18618 2735 1131 2641 2877 
18619 2735 201 2641 1131 
18620 2733 2735 2880 2877 
18621 2875 1130 2642 229 
18622 229 1125 2642 2875 
18623 2875 1130 229 1250 
18624 935 2643 2657 189 
18625 1123 2642 228 2870 
18626 2881 2882 1187 2734 
18627 2869 2870 2877 2640 
18628 2735 201 1131 1183 
18629 2639 2877 2641 2640 
18630 2875 2870 2874 1246 
18631 2877 2875 1130 2642 
18632 2643 2871 2657 2879 
18633 2642 2875 1125 228 
18634 2877 2874 2870 2872 
18635 1250 1249 2874 2878 
18636 2881 2734 2877 2882 
18637 2869 2877 2639 2640 
18638 2870 2872 2874 1246 
18639 2874 2876 2882 2878 
18640 2874 1249 2876 2878 
18641 2874 1251 2884 2882 
18642 2874 2876 1251 2882 
18643 1251 2882 2876 241 
18644 2881 2884 2872 1248 
18645 2876 2737 241 2882 
18646 2876 241 2737 1185 
18647 2877 2884 2874 2872 
18648 2881 2873 2885 1247 
18649 2874 251 2872 2884 
18650 2881 2869 2873 1247 
18651 1187 2737 2734 2882 
18652 2733 2880 2883 2881 
18653 2878 2737 1184 240 
18654 1187 241 2737 2882 
18655 2881 2884 2877 2872 
18656 2881 1248 2869 1247 
18657 1183 2878 2877 2734 
18658 2878 2734 2737 2882 
18659 2878 2737 2734 1184 
18660 2876 2882 2878 2737 
18661 2876 2737 240 1185 
18662 2876 2878 1249 240 
18663 2877 2642 2640 2870 
18664 2877 2642 1130 2640 
18665 2733 2881 2734 2877 
18666 2656 2883 2658 2880 
18667 2658 1138 2880 1181 
18668 1187 2733 2881 2734 
18669 1131 2640 2877 1130 
18670 2735 1183 1131 2877 
18671 2639 2880 1132 2641 
18672 2877 2875 2642 2870 
18673 2877 2874 2875 2870 
18674 2640 2642 1123 2870 
18675 2879 2871 2873 2869 
18676 2641 1131 2640 2877 
18677 2879 2869 2873 2880 
18678 2642 2875 228 2870 
18679 2877 2875 2874 1250 
18680 228 2870 2875 1246 
18681 2877 2874 2882 2878 
18682 2733 2734 2735 2877 
18683 2733 2880 2881 2877 
18684 2877 2882 2874 2884 
18685 2874 251 2884 1251 
18686 2874 251 1246 2872 
18687 2869 2872 2877 2870 
18688 2872 1248 2884 251 
18689 2877 2878 1250 2874 
18690 2881 2873 2880 2885 
3 58 4 219
18691 1167 2709 2886 198 
18692 2709 197 2888 2684 
18693 1197 2761 2898 2762 
18694 2887 2762 1195 2764 
18695 2908 2761 2898 2901 
18696 2764 2762 1197 2899 
18697 2908 2898 2895 2901 
18698 2895 2708 2897 2896 
18699 2902 2897 2895 2911 
18700 2898 2908 2895 2706 
18701 1196 2765 242 2901 
18702 2709 197 1164 2888 
18703 211 2763 2710 2909 
18704 2887 2762 2764 2899 
18705 1196 2761 2765 2901 
18706 2908 2761 2909 2898 
18707 2907 1199 243 1261 
18708 2908 2711 1262 2905 
18709 2907 2765 2901 242 
18710 2908 1171 2706 2909 
18711 2909 2762 2761 2763 
18712 2909 2887 2762 2763 
18713 2905 238 2711 1170 
18714 2907 2908 1261 2903 
18715 239 2905 1262 2711 
18716 2906 2902 2904 2911 
18717 2905 2903 2910 2904 
18718 2907 243 1199 2765 
18719 2895 2706 2708 2707 
18720 2710 2707 2887 1166 
18721 2886 198 2709 2684 
18722 2909 2707 2898 2887 
18723 2898 2908 2706 2909 
18724 2908 2765 2761 2901 
18725 1149 2682 2896 2683 
18726 2887 2886 2707 2896 
18727 2892 2889 2911 2712 
18728 1197 2761 1196 2898 
18729 2908 1171 2711 2706 
18730 252 2906 2902 1260 
18731 1164 2705 2888 1165 
18732 2907 2765 2908 2901 
18733 2896 2682 1148 2899 
18734 2898 2887 2896 2899 
18735 1148 2685 208 2899 
18736 2892 2712 2911 1168 
18737 2898 2762 2887 2899 
18738 2887 2682 2896 2899 
18739 2895 2896 2898 2707 
18740 2897 2911 2890 2889 
18741 2892 2911 1258 1168 
18742 2890 1255 2897 2891 
18743 2710 1166 2887 2763 
18744 2897 1255 2900 2891 
18745 2910 2895 2904 2903 
18746 2890 1255 1254 2897 
18747 2706 2909 2710 2707 
18748 2910 2708 2895 2706 
18749 2705 2897 2889 2911 
18750 2887 2764 2685 2899 
18751 2898 2896 2887 2707 
18752 2908 1199 2761 2765 
18753 2897 2890 2891 2889 
18754 2892 2712 1168 235 
18755 253 1257 2894 1264 
18756 253 2894 2906 1264 
18757 252 2902 2906 2894 
18758 2894 1254 2902 2890 
18759 2894 1257 2890 2911 
18760 2894 2890 2902 2911 
18761 252 2906 1256 2894 
18762 2906 2894 2911 1264 
18763 2907 243 2765 1198 
18764 2907 1259 242 2901 
18765 2907 1199 1261 2908 
18766 1261 2903 2908 1262 
18767 2907 1259 2901 2903 
18768 2907 1198 2765 242 
18769 2907 2901 2908 2903 
18770 2908 1199 2909 2761 
18771 2907 1199 2908 2765 
18772 239 2711 1262 1171 
18773 239 1170 2905 2711 
18774 2711 1169 2910 2708 
18775 2908 2711 2905 2910 
18776 2905 2910 238 1263 
18777 2908 2905 2903 2910 
18778 1263 2904 2910 1264 
18779 2910 2911 2708 1168 
18780 2910 2708 1169 1168 
18781 2910 1264 2904 2911 
18782 2910 2911 2895 2708 
18783 2910 2911 2904 2895 
18784 2904 2902 1260 2895 
18785 2903 1260 2895 2904 
18786 2903 1260 1259 2895 
18787 2904 2911 2902 2895 
18788 2711 2708 2910 2706 
18789 253 2894 1256 2906 
18790 2906 2911 2904 1264 
18791 252 2902 2894 1254 
18792 2895 1259 2903 2901 
18793 2908 2905 1262 2903 
18794 2908 2706 2910 2895 
18795 2902 1254 2897 2890 
18796 2708 2911 2712 1168 
18797 2706 2909 1171 1172 
18798 2905 2910 1263 2904 
18799 2908 2895 2903 2901 
18800 2708 2896 2707 2705 
18801 2706 2898 2909 2707 
18802 2905 2910 2711 238 
18803 2908 2895 2910 2903 
18804 211 2763 2909 1200 
18805 2710 1039 210 2763 
18806 1172 2909 211 2710 
18807 2906 1260 2904 2902 
18808 2706 2909 1172 2710 
18809 2908 1171 1262 2711 
18810 2909 1200 2761 1199 
18811 2909 2763 2761 1200 
18812 2895 2911 2897 2708 
18813 2898 2899 1197 2762 
18814 2898 2761 1196 2901 
18815 209 2685 1150 1195 
18816 209 1026 2685 2764 
18817 209 2685 1195 2764 
18818 2887 2762 1194 1195 
18819 2887 2886 1166 2707 
18820 1166 2886 1167 2707 
18821 1166 2763 210 1194 
18822 2887 2763 1166 1194 
18823 211 1039 2710 2763 
18824 2707 2888 2709 2705 
18825 2707 2888 2886 2709 
18826 1167 2709 2707 2886 
18827 2886 1150 1151 2682 
18828 2886 1151 2684 2682 
18829 2886 2684 2888 2682 
18830 2886 2684 2709 2888 
18831 2886 198 2684 1151 
18832 2709 198 969 2684 
18833 2709 969 197 2684 
18834 2709 2888 1164 2705 
18835 2888 197 1152 2684 
18836 2705 2889 2888 1165 
18837 2888 2684 1152 2683 
18838 2888 1152 1153 2683 
18839 2888 1153 2889 2683 
18840 2888 2889 2896 2683 
18841 2900 2893 1255 232 
18842 2900 1255 2893 2891 
18843 2900 1149 2686 232 
18844 2900 2889 2893 2686 
18845 2897 2896 2708 2705 
18846 2893 232 2686 1145 
18847 2893 1253 233 2686 
18848 233 2686 1253 1153 
18849 2900 2686 1149 2683 
18850 2900 2896 2889 2683 
18851 1253 2889 2891 1252 
18852 2891 2889 2892 1252 
18853 2891 2889 2890 2892 
18854 2897 2900 2896 2889 
18855 2893 233 1145 2686 
18856 2900 1149 2896 2683 
18857 2900 2891 2893 2889 
18858 2890 1258 2892 2911 
18859 2890 2911 1257 1258 
18860 2902 2890 2897 2911 
18861 2890 2911 2892 2889 
18862 2900 2889 2686 2683 
18863 1253 2686 2889 1153 
18864 2894 1257 2911 1264 
18865 2892 1252 2712 234 
18866 2892 2712 1158 234 
18867 2906 2894 2902 2911 
18868 2892 2889 2712 1252 
18869 2892 1168 1258 235 
18870 2712 234 1252 1165 
18871 2895 2708 2896 2707 
18872 2712 1252 2889 1165 
18873 2911 2712 2889 2705 
18874 2886 2682 2888 2896 
18875 2889 1153 2686 2683 
18876 2893 2891 1253 2889 
18877 2705 2897 2911 2708 
18878 1149 2682 1148 2896 
18879 2908 2706 2711 2910 
18880 2888 2896 2682 2683 
18881 2892 1158 2712 235 
18882 2887 2685 1150 2682 
18883 2705 2896 2888 2889 
18884 2707 2888 2705 2896 
18885 2900 2686 2893 232 
18886 2909 2762 2898 2761 
18887 2893 1253 2686 2889 
18888 2897 2891 2900 2889 
18889 2897 2896 2705 2889 
18890 2710 210 1166 2763 
18891 2710 2707 2909 2887 
18892 2705 2712 2889 1165 
18893 2888 2682 2684 2683 
18894 2887 2685 2682 2899 
18895 2909 2887 2898 2762 
18896 2887 1195 2685 2764 
18897 2887 2763 1194 2762 
18898 2710 2887 2909 2763 
18899 2895 2898 2706 2707 
18900 2887 1195 1150 2685 
18901 2682 2685 1148 2899 
18902 2707 2886 2888 2896 
18903 2911 2712 2705 2708 
18904 2887 2682 2886 2896 
18905 2685 1026 208 2764 
18906 2685 2764 208 2899 
18907 208 2764 1197 2899 
18908 2711 238 2910 1169 
18909 2887 1150 2886 2682 
3 59 4 218
18910 2924 2925 2928 2921 
18911 2929 2791 2936 2788 
18912 2927 244 2791 1210 
18913 2929 2721 2717 1180 
18914 2927 1274 244 1210 
18915 2929 2928 2924 1274 
18916 2929 2913 2721 2789 
18917 2924 2921 2928 2931 
18918 2936 2927 1276 245 
18919 2929 2931 2924 2928 
18920 2928 2921 2723 2717 
18921 1213 2787 1212 2933 
18922 2932 2930 2937 2915 
18923 2932 2937 2916 2915 
18924 2916 2922 2915 2918 
18925 2913 2787 2788 2933 
18926 213 2789 2913 1208 
18927 2929 1209 2789 1180 
18928 2718 2915 2932 2922 
18929 2929 2931 2717 2933 
18930 212 2721 2789 1180 
18931 2929 2789 2721 1180 
18932 2925 1272 2921 2923 
18933 2929 2721 2913 2717 
18934 2743 2741 2934 2912 
18935 2741 2934 2912 2930 
18936 1213 2787 2933 2788 
18937 1173 2724 2914 203 
18938 1191 1176 204 2724 
18939 2743 1190 2741 2912 
18940 2912 2787 2790 1207 
18941 2929 1274 2924 2927 
18942 2912 2913 2787 1207 
18943 2718 2931 2932 2930 
18944 2937 2916 2915 2919 
18945 1191 204 2742 2724 
18946 2935 2917 2920 2922 
18947 2743 216 2790 1066 
18948 2930 2933 2717 2931 
18949 2740 2914 2915 2930 
18950 2929 1210 2927 2791 
18951 1193 2741 2930 1192 
18952 1273 2922 2921 2923 
18953 2934 2787 1212 2790 
18954 2743 1207 2790 216 
18955 2935 2932 2917 2922 
18956 1174 237 1266 2918 
18957 2912 2930 2934 2933 
18958 2932 2915 2916 2922 
18959 2936 2791 2927 245 
18960 2925 238 2723 2921 
18961 2744 2740 1189 2915 
18962 2924 1277 2923 2931 
18963 2926 2922 1273 2923 
18964 2929 1209 2788 2789 
18965 2741 2912 2742 2914 
18966 2935 2922 2923 2931 
18967 1265 1266 2916 2915 
18968 2929 2936 2931 2933 
18969 1268 254 2920 2926 
18970 1265 2915 2916 2919 
18971 2718 2719 2931 2717 
18972 2724 2718 2914 2720 
18973 1268 2926 2922 1273 
18974 2929 2927 2936 2791 
18975 2927 2791 244 1211 
18976 2935 2923 1277 2931 
18977 2744 2937 1193 2740 
18978 1174 2918 1266 2915 
18979 2720 2913 2717 2933 
18980 240 1185 2744 2919 
18981 2744 2915 1189 2919 
18982 241 1270 2937 2919 
18983 2744 1185 241 2919 
18984 1189 2915 1265 2919 
18985 2744 241 2937 2919 
18986 1193 2930 2740 2937 
18987 2740 2930 2741 2914 
18988 2744 2937 2740 2915 
18989 1189 2740 2914 2915 
18990 1192 2934 2741 2930 
18991 2743 2790 2912 2934 
18992 2744 2937 2915 2919 
18993 2743 2790 2934 217 
18994 2740 2742 1188 2914 
18995 2743 1190 1207 216 
18996 204 998 2742 2724 
18997 1191 1176 2724 2912 
18998 2742 2912 2724 2914 
18999 1189 2914 2740 1188 
19000 1193 2741 2740 2930 
19001 2743 2934 1192 217 
19002 2742 2724 998 203 
19003 2743 1207 2912 2790 
19004 2740 2741 2742 2914 
19005 1191 2724 2742 2912 
19006 2914 2718 1174 2915 
19007 1173 1174 2914 2718 
19008 2914 2718 2915 2930 
19009 2724 2914 2912 2720 
19010 2914 2912 2720 2930 
19011 2718 1174 2915 2722 
19012 2741 2912 1191 2742 
19013 2718 2930 2720 2717 
19014 2718 2930 2932 2915 
19015 2922 2718 2719 2931 
19016 1177 2719 2922 2722 
19017 1177 2719 2921 2922 
19018 1177 2922 1267 2722 
19019 2719 2717 2723 2921 
19020 2724 2912 1176 2720 
19021 1179 2717 2928 2723 
19022 1179 2928 239 2723 
19023 1179 2928 2717 1180 
19024 212 2789 1209 1180 
19025 2929 1209 1210 2788 
19026 212 2789 2721 1042 
19027 2721 2789 213 1042 
19028 2721 2720 1175 2913 
19029 2721 1175 213 2913 
19030 2929 2717 2913 2933 
19031 1175 2720 1176 2913 
19032 2721 213 2789 2913 
19033 2929 2924 2936 2927 
19034 2914 2720 2718 2930 
19035 1176 2913 2720 2912 
19036 1188 2914 2742 203 
19037 2718 2931 2930 2717 
19038 2718 2915 2922 2722 
19039 2933 2912 2930 2720 
19040 2740 2915 2937 2930 
19041 2912 2934 2787 2933 
19042 2720 2717 2930 2933 
19043 2913 2787 1207 1208 
19044 2913 2789 2787 1208 
19045 2934 2790 1212 217 
19046 2743 2741 1192 2934 
19047 2936 2933 2788 1213 
19048 2936 2788 2791 1213 
19049 2936 2791 245 1213 
19050 2935 2920 1271 255 
19051 2935 2917 1271 2920 
19052 2935 2917 2932 1271 
19053 2916 1271 1270 2932 
19054 2935 2923 2926 1277 
19055 2935 2926 255 1277 
19056 2937 1270 2916 2919 
19057 2741 2912 2914 2930 
19058 2742 2914 2724 203 
19059 2744 2937 241 1193 
19060 2743 1066 2790 217 
19061 240 2919 1189 1265 
19062 2929 2913 2788 2933 
19063 2934 1212 2787 2933 
19064 2916 2915 1266 2918 
19065 240 2744 1189 2919 
19066 2916 2922 2918 2917 
19067 2912 2787 2913 2933 
19068 2933 2912 2720 2913 
19069 2743 1207 1190 2912 
19070 2915 2918 2922 2722 
19071 1174 2918 2915 2722 
19072 2719 2723 1178 2921 
19073 1177 1267 236 2722 
19074 1161 236 2918 2722 
19075 1174 237 2918 2722 
19076 2912 2787 2934 2790 
19077 1267 2922 1268 2917 
19078 1177 2921 2719 1178 
19079 2913 2789 2788 2787 
19080 237 1161 2918 2722 
19081 1268 2922 2920 2917 
19082 2918 1267 2922 2722 
19083 2935 2920 255 2926 
19084 2916 1271 2932 2917 
19085 2935 2922 2920 2926 
19086 2932 2922 2916 2917 
19087 1173 2914 2724 2718 
19088 2920 254 1269 2926 
19089 2932 2916 2937 1270 
19090 255 2926 2920 1269 
19091 1268 2926 2920 2922 
19092 2918 2922 1267 2917 
19093 2935 2932 2922 2931 
19094 2924 1275 1274 2928 
19095 2924 1277 2931 1276 
19096 2924 1275 2928 2925 
19097 2935 2922 2926 2923 
19098 2929 2717 2928 1180 
19099 2936 1276 2924 2931 
19100 2927 245 2791 1211 
19101 2929 1274 2927 1210 
19102 2929 1210 2791 2788 
19103 2929 2931 2928 2717 
19104 2929 2788 2913 2789 
19105 2929 2788 2936 2933 
19106 2929 2931 2936 2924 
19107 239 2723 2925 1170 
19108 239 2723 2928 2925 
19109 1178 2723 238 2921 
19110 2719 2717 2921 2931 
19111 2925 1170 2723 238 
19112 2936 2927 2924 1276 
19113 2719 2931 2921 2922 
19114 2924 2921 2931 2923 
19115 2922 2718 2931 2932 
19116 2921 2931 2923 2922 
19117 2928 2931 2921 2717 
19118 1273 2921 1272 2923 
19119 2924 2925 2921 2923 
19120 2721 2720 2913 2717 
19121 1268 254 2926 1273 
19122 2928 2921 2925 2723 
19123 239 2925 2928 1275 
19124 2718 2922 2719 2722 
19125 2741 2912 1190 1191 
19126 2918 236 1267 2722 
19127 2925 1272 238 2921 
3 60 4 147
19128 1201 2949 2778 218 
19129 1201 2949 2774 2778 
19130 1203 2778 2774 2939 
19131 1203 1221 2778 2939 
19132 2938 2774 2776 2940 
19133 2938 2940 2945 2774 
19134 2938 2940 2950 2945 
19135 2938 2940 2796 2794 
19136 2938 2945 2950 2939 
19137 1203 1204 2938 2774 
19138 2938 2776 215 2796 
19139 1204 215 2938 2776 
19140 2938 2794 1216 2939 
19141 2938 2776 2796 2940 
19142 2796 2940 2795 2794 
19143 2938 2794 1217 1216 
19144 1205 1206 2940 2775 
19145 2796 2795 2940 1214 
19146 2940 2775 2941 2945 
19147 2940 2795 2941 1215 
19148 2940 1214 2795 1215 
19149 2940 1206 2941 2775 
19150 2940 2775 2945 2774 
19151 2940 2941 2950 2945 
19152 2938 2950 2940 2794 
19153 1051 214 2796 2776 
19154 215 2776 1051 2796 
19155 2941 1279 1278 2942 
19156 2941 2777 1206 2944 
19157 1198 2777 242 2944 
19158 242 2948 2777 1202 
19159 2941 2946 2948 2942 
19160 242 2944 2948 1280 
19161 2941 2951 2953 2942 
19162 2777 2775 1202 2948 
19163 2941 1215 2943 1278 
19164 242 2944 2777 2948 
19165 1280 2946 2953 2942 
19166 1280 2953 256 2942 
19167 1280 2946 256 2953 
19168 1283 256 2946 2953 
19169 1283 2946 2950 2953 
19170 1281 245 2943 2951 
19171 1281 2953 2951 2942 
19172 2941 2946 2950 2945 
19173 2943 244 1278 1215 
19174 1202 2948 2775 2945 
19175 2941 2777 2944 2948 
19176 2943 244 1215 2797 
19177 2941 2775 1206 2777 
19178 2943 245 2797 2951 
19179 1281 2951 2943 2942 
19180 2797 2951 1219 2795 
19181 2941 2775 2777 2948 
19182 2941 2953 2950 2946 
19183 2941 2943 2951 2942 
19184 2941 2953 2951 2950 
19185 2941 2943 2797 2951 
19186 2941 2945 2948 2946 
19187 1218 2798 2794 2952 
19188 2938 215 1217 2796 
19189 1216 2939 2794 2798 
19190 1218 2798 2952 222 
19191 2940 2950 2941 2795 
19192 2776 1205 2940 2775 
19193 2952 2939 2950 2954 
19194 1218 2952 2794 2950 
19195 2952 2811 2954 1223 
19196 1283 1282 2950 2945 
19197 2954 2811 246 1223 
19198 2952 2811 2813 2939 
19199 1219 2794 2795 2950 
19200 2949 2939 2811 2947 
19201 2949 2774 2778 2939 
19202 2954 1222 2811 2947 
19203 2954 1222 246 2811 
19204 2949 2945 2939 2947 
19205 2811 2939 2812 1221 
19206 2949 2812 2811 2939 
19207 2794 2939 2952 2798 
19208 2954 2947 2811 2939 
19209 2952 2954 2811 2939 
19210 2811 2813 2939 1220 
19211 2949 2811 1222 2947 
19212 1282 246 2954 2947 
19213 1204 2938 2774 2776 
19214 2778 2812 1079 218 
19215 2776 2940 2774 2775 
19216 2949 2812 1222 2811 
19217 2949 2939 2778 2812 
19218 2948 2946 1280 2942 
19219 2952 2798 2939 2813 
19220 2778 1221 2812 2939 
19221 1203 2938 2939 2774 
19222 2778 219 2812 1221 
19223 2952 2813 1223 222 
19224 2941 1206 1279 2944 
19225 2811 2939 1221 1220 
19226 2939 2813 2798 1220 
19227 2952 2813 2811 1223 
19228 1201 2774 2949 2945 
19229 245 1219 2797 2951 
19230 2938 2950 2794 2939 
19231 1203 219 2778 1221 
19232 2954 246 1222 2947 
19233 2941 2953 2946 2942 
19234 2950 2947 1282 2954 
19235 2813 2798 221 1092 
19236 2950 2947 2939 2945 
19237 2950 2947 2954 2939 
19238 2813 1220 221 2798 
19239 1202 2774 1201 2945 
19240 2943 2797 245 1211 
19241 2941 2951 2797 2795 
19242 2941 2944 1279 2942 
19243 2938 2945 2939 2774 
19244 2796 2940 2776 214 
19245 2941 2797 1215 2795 
19246 1216 2939 2798 1220 
19247 2796 1214 2940 214 
19248 1283 2950 2946 2945 
19249 2941 2945 2775 2948 
19250 2941 2951 2795 2950 
19251 2948 1280 2944 2942 
19252 2943 1211 244 2797 
19253 2794 2950 2952 2939 
19254 1219 2950 2795 2951 
19255 1216 2798 221 1220 
19256 1219 2794 2950 1218 
19257 2813 222 2798 1092 
19258 1202 2774 2945 2775 
19259 256 2953 1281 2942 
19260 2941 1278 2943 2942 
19261 2952 2798 2813 222 
19262 2941 2948 2944 2942 
19263 2950 1282 2947 2945 
19264 2940 2950 2795 2794 
19265 2941 2797 2943 1215 
19266 2778 219 1079 2812 
19267 2949 2812 2778 218 
19268 2949 1222 2812 218 
19269 2776 2940 1205 214 
19270 2938 2796 1217 2794 
19271 2949 2774 2939 2945 
19272 243 1279 1206 2944 
19273 243 2777 1198 2944 
19274 243 1206 2777 2944 
3 61 4 147
19275 2890 2892 2971 2955 
19276 2963 2962 2971 2965 
19277 2966 2838 1229 248 
19278 2955 2851 2852 2853 
19279 2969 2971 2967 2963 
19280 2894 2971 2890 1257 
19281 2959 1229 2966 2838 
19282 2955 2839 2961 2838 
19283 2970 2958 2971 2957 
19284 2955 2839 2838 1232 
19285 2968 1289 2970 2967 
19286 2955 2961 2852 2957 
19287 2969 2967 2971 1288 
19288 1255 2890 1254 2962 
19289 2967 2965 2971 2958 
19290 2955 2838 2959 2966 
19291 1255 2890 2962 2891 
19292 2852 2961 1234 2957 
19293 2955 2854 2961 2839 
19294 2955 2854 2852 2961 
19295 2893 2956 233 1253 
19296 2890 2971 2962 2955 
19297 2893 2840 2964 232 
19298 233 1231 2956 2840 
19299 2971 2957 2955 2851 
19300 1234 2851 2852 2957 
19301 249 2855 1233 2960 
19302 249 1286 2968 2960 
19303 249 2968 2855 2960 
19304 2968 1286 2967 2960 
19305 2968 250 2970 1289 
19306 2855 2851 2970 1238 
19307 2855 1238 2970 250 
19308 2970 2957 2851 2960 
19309 2970 2958 2957 2960 
19310 2970 2958 2967 2971 
19311 2970 2851 2971 1239 
19312 2970 2957 2971 2851 
19313 2970 2967 2958 2960 
19314 2968 2967 2970 2960 
19315 1237 250 2855 2968 
19316 2855 2970 2851 2960 
19317 252 2963 2894 2969 
19318 252 2894 2963 1254 
19319 253 2969 1257 1288 
19320 253 2969 1256 2894 
19321 2894 2890 2963 1254 
19322 2894 2969 2971 1257 
19323 252 2963 2969 1287 
19324 2969 2971 1257 1288 
19325 1287 2965 2967 257 
19326 1287 2963 2967 2965 
19327 252 2894 1256 2969 
19328 2967 2965 1286 257 
19329 2967 2958 1286 2965 
19330 2967 2965 2963 2971 
19331 249 2968 1237 2855 
19332 2855 2851 1233 2960 
19333 257 2965 2958 1285 
19334 2894 2971 2963 2890 
19335 2893 2956 2964 2840 
19336 1253 2891 2956 1252 
19337 2956 1231 2838 2840 
19338 2893 2964 2956 2891 
19339 2893 233 2840 1145 
19340 2956 1252 2891 2955 
19341 2956 2838 2964 2840 
19342 2956 1232 2838 1231 
19343 2964 2838 1230 2840 
19344 2964 2838 2966 1230 
19345 2964 2840 1230 232 
19346 2893 2956 1253 2891 
19347 2891 1252 2892 2955 
19348 2891 2892 2890 2955 
19349 2891 2890 2962 2955 
19350 2893 232 2964 1255 
19351 2967 1286 2958 2960 
19352 2890 2971 2892 1258 
19353 2890 1257 2971 1258 
19354 2963 2890 2962 1254 
19355 2956 2891 2964 2962 
19356 2892 1252 234 2853 
19357 2892 234 1158 2853 
19358 2892 1158 235 2853 
19359 2892 235 1258 2853 
19360 2892 1258 2971 2853 
19361 2971 2962 2958 2965 
19362 2971 2962 2957 2958 
19363 2970 2967 1289 1288 
19364 2963 2962 2890 2971 
19365 2971 2851 2955 2853 
19366 1258 1239 2853 235 
19367 2892 2971 2955 2853 
19368 2892 2955 1252 2853 
19369 234 2853 1252 1240 
19370 2956 2955 2891 2962 
19371 2962 2956 2955 2966 
19372 2962 2956 2966 2964 
19373 1252 2853 2955 1240 
19374 2955 2957 2852 2851 
19375 2955 2959 2962 2966 
19376 1234 2851 2957 1233 
19377 2955 2959 2957 2962 
19378 1241 227 2839 1232 
19379 1241 227 2854 2839 
19380 2955 1241 2839 1232 
19381 2961 226 2854 1234 
19382 2961 2854 226 2839 
19383 2969 2967 1287 2963 
19384 2961 1229 2838 2839 
19385 2851 2957 1233 2960 
19386 2855 2970 2968 250 
19387 2961 226 1229 2839 
19388 2894 2971 2969 2963 
19389 2971 2955 2957 2962 
19390 2852 1234 2961 2854 
19391 2854 1112 2839 227 
19392 1286 2958 257 2965 
19393 2958 2962 1285 2965 
19394 2955 2852 1240 2853 
19395 253 2969 2894 1257 
19396 2957 1285 2958 2962 
19397 2855 2968 2970 2960 
19398 1284 2966 2959 248 
19399 2959 2966 1229 248 
19400 2957 1284 1285 2962 
19401 2962 2959 1284 2966 
19402 2966 1230 2838 248 
19403 2956 1232 2955 2838 
19404 2957 1284 2962 2959 
19405 2956 2964 2838 2966 
19406 2955 2961 2959 2838 
19407 2955 2838 2966 2956 
19408 2854 226 2839 1112 
19409 2961 1229 2959 2838 
19410 2955 1241 2852 2854 
19411 2955 2959 2961 2957 
19412 2955 1241 1240 2852 
19413 2970 2971 2967 1288 
19414 2955 1241 2854 2839 
19415 2964 2962 2891 1255 
19416 2893 233 2956 2840 
19417 2971 2853 1258 1239 
19418 2893 1255 2964 2891 
19419 2971 2853 1239 2851 
19420 2970 2851 1239 1238 
19421 2893 2840 232 1145 
3 62 4 144
19422 2988 2986 2982 2984 
19423 2916 2984 2982 2986 
19424 1271 2916 2984 2917 
19425 2916 1270 2986 2919 
19426 2978 1242 250 1294 
19427 2985 2979 2920 2981 
19428 2983 1266 237 2918 
19429 1265 2916 2982 2919 
19430 1291 2984 2972 1292 
19431 2916 2983 2917 2918 
19432 2980 2987 2975 2984 
19433 2985 255 2920 2979 
19434 2983 2862 237 1244 
19435 2918 1243 1267 236 
19436 2916 1266 2983 2918 
19437 2861 2982 2972 2974 
19438 2862 2980 1243 2860 
19439 1265 2916 1266 2983 
19440 2980 2973 2975 2977 
19441 1236 2860 2972 2861 
19442 229 1245 2875 1250 
19443 1125 228 2875 2863 
19444 229 1125 2875 2863 
19445 228 2974 2863 1236 
19446 228 2875 2863 2974 
19447 2875 1246 2874 2974 
19448 2875 2982 2863 2974 
19449 229 2875 1245 2863 
19450 2874 2988 251 1251 
19451 2874 2982 2876 1249 
19452 2874 2988 1251 2986 
19453 2875 2874 2982 2974 
19454 2875 1245 2863 2982 
19455 2874 1246 2976 2974 
19456 2875 1250 1245 2982 
19457 2874 2876 2982 2986 
19458 251 2976 1291 2988 
19459 1251 241 2876 2986 
19460 2876 2986 241 2919 
19461 2876 241 1185 2919 
19462 2874 2976 2982 2974 
19463 2876 1185 240 2919 
19464 2876 2919 240 1265 
19465 2874 1251 2876 2986 
19466 2874 251 2988 2976 
19467 1250 2874 1249 2982 
19468 2874 2982 2988 2986 
19469 241 2986 1270 2919 
19470 2876 2919 1265 2982 
19471 2875 2874 1250 2982 
19472 228 1246 2875 2974 
19473 2874 1246 251 2976 
19474 2876 240 1249 1265 
19475 1291 2984 2988 2976 
19476 2876 1265 1249 2982 
19477 2861 2983 1245 1244 
19478 2861 2862 2983 1244 
19479 2863 2861 2974 2982 
19480 2874 2976 2988 2982 
19481 1291 2984 2976 2972 
19482 2976 2984 2982 2972 
19483 2916 2983 2982 2984 
19484 2916 1270 2984 2986 
19485 1265 2982 2916 2983 
19486 2982 2984 2983 2972 
19487 2916 2986 2982 2919 
19488 2983 2980 2984 2917 
19489 2983 2980 2972 2984 
19490 2983 237 2862 2918 
19491 2983 2918 2980 2917 
19492 2861 2983 2862 2860 
19493 2861 2982 1245 2983 
19494 2983 2980 2862 2860 
19495 2916 2917 2983 2984 
19496 2980 1242 1243 2860 
19497 2980 1267 2981 2917 
19498 2861 2972 2982 2983 
19499 1267 2917 1268 2981 
19500 2918 1243 2980 1267 
19501 2983 2918 2862 2980 
19502 2980 2860 2973 2864 
19503 2978 1242 2864 250 
19504 2861 2972 2983 2860 
19505 2918 1267 2980 2917 
19506 2860 2973 1235 2972 
19507 1235 249 2973 2864 
19508 1236 2861 2972 2974 
19509 2973 249 2978 2864 
19510 2976 2972 2982 2974 
19511 2972 2984 2975 1292 
19512 2988 2982 2976 2984 
19513 2980 2975 2973 2972 
19514 2980 2978 1242 2864 
19515 2973 249 1290 2978 
19516 2973 2978 1290 2977 
19517 2980 2978 2973 2977 
19518 2987 1295 2985 2977 
19519 2987 258 1295 2977 
19520 2980 2987 2985 2977 
19521 2980 2985 2981 2977 
19522 2980 1294 2978 2977 
19523 2975 258 2987 2977 
19524 2975 2984 2987 1292 
19525 2975 1290 258 2977 
19526 2980 2985 2987 2984 
19527 1268 2920 2981 2917 
19528 1268 2981 2920 254 
19529 1271 2916 1270 2984 
19530 2860 2864 1235 2973 
19531 2985 2920 1271 2917 
19532 2980 2975 2987 2977 
19533 2920 2979 1269 254 
19534 2983 2972 2980 2860 
19535 254 2979 1293 2981 
19536 1293 1294 2981 2977 
19537 2862 2918 1161 236 
19538 2980 1242 2978 1294 
19539 2980 2973 2860 2972 
19540 1293 2981 2979 2977 
19541 2920 2979 254 2981 
19542 2862 1243 2918 236 
19543 2973 1290 2975 2977 
19544 2975 1292 2987 258 
19545 2980 2975 2972 2984 
19546 2978 2864 249 1237 
19547 2978 250 2864 1237 
19548 2985 1295 255 2979 
19549 2984 2985 1271 2917 
19550 2980 2973 2978 2864 
19551 1236 2860 1235 2972 
19552 2980 2981 1294 2977 
19553 2985 2979 2981 2977 
19554 2980 1242 2860 2864 
19555 237 1161 2862 2918 
19556 255 1269 2920 2979 
19557 2985 2981 2920 2917 
19558 2863 2861 1236 2974 
19559 2876 2982 2986 2919 
19560 2862 2980 2918 1243 
19561 2980 2985 2984 2917 
19562 2985 255 1271 2920 
19563 2980 2981 2985 2917 
19564 2985 1295 2979 2977 
19565 2863 1245 2861 2982 
3 63 4 147
19566 1261 2989 2990 2903 
19567 2907 3000 1259 2903 
19568 2907 3000 2990 2944 
19569 2944 2942 1280 3000 
19570 2907 1261 243 1279 
19571 3003 2943 1281 245 
19572 3005 2998 1280 2942 
19573 3003 2927 2943 245 
19574 2924 2990 1274 2989 
19575 2989 2996 2991 3001 
19576 2990 2944 3000 2942 
19577 2927 1278 2990 2943 
19578 2998 3000 2990 2996 
19579 3003 2924 1276 3001 
19580 2927 1278 2943 244 
19581 2927 1278 1274 2990 
19582 2989 2903 2991 2996 
19583 2992 3002 2923 3001 
19584 1301 2997 2996 3001 
19585 259 1301 3004 2997 
19586 3005 256 1281 2942 
19587 2992 2997 3004 3001 
19588 1299 2993 3004 3002 
19589 3003 3001 3005 2990 
19590 1269 2994 2926 254 
19591 1260 2903 2996 2904 
19592 2927 244 2943 1211 
19593 1300 2998 3001 2996 
19594 1259 3000 2996 2903 
19595 255 2926 1269 2994 
19596 2991 2904 2996 2903 
19597 2907 243 1198 2944 
19598 242 3000 2944 1280 
19599 1277 2924 2923 3001 
19600 2992 3004 2993 3002 
19601 1260 2903 1259 2996 
19602 2998 2990 3000 2942 
19603 3003 2990 3005 2942 
19604 2990 2996 2989 3001 
19605 2992 1264 2995 2906 
19606 2993 3004 1298 259 
19607 2905 238 2925 2991 
19608 2993 2999 1298 2997 
19609 2992 2906 2995 2999 
19610 2998 2996 2990 3001 
19611 2926 254 2994 1273 
19612 254 1296 2994 1273 
19613 1296 2994 1273 2992 
19614 1296 2994 2992 2993 
19615 1296 2993 2992 1297 
19616 2994 3002 2992 2993 
19617 2994 2993 1299 3002 
19618 2926 2992 3002 2923 
19619 2926 1273 2994 2992 
19620 2926 1277 2923 3002 
19621 2992 1273 2991 2923 
19622 253 1264 2995 1297 
19623 2995 1298 2993 2999 
19624 2995 252 1298 2999 
19625 2992 2995 1264 1297 
19626 2992 1264 2906 2904 
19627 2995 1256 252 2906 
19628 2906 2999 2904 1260 
19629 2992 2923 2991 3001 
19630 252 2999 2906 1260 
19631 255 2926 2994 3002 
19632 255 2994 1299 3002 
19633 2992 2996 2904 2999 
19634 2992 2996 2997 3001 
19635 2993 2997 1298 3004 
19636 2992 2904 2991 1264 
19637 2992 2999 2995 2993 
19638 2992 2993 2995 1297 
19639 1298 259 3004 2997 
19640 2992 3004 3002 3001 
19641 3004 2997 1301 3001 
19642 1299 3004 2993 259 
19643 1301 2996 1300 3001 
19644 2992 2999 2993 2997 
19645 255 1277 2926 3002 
19646 3003 2942 1281 2943 
19647 3003 2942 3005 1281 
19648 2924 2989 1274 1275 
19649 3003 2927 2924 2990 
19650 1277 3001 2923 3002 
19651 1277 2924 3001 1276 
19652 2924 2991 2989 2925 
19653 2927 1211 2943 245 
19654 3003 1276 2927 245 
19655 2924 2990 2927 1274 
19656 2927 1274 1278 244 
19657 3005 1300 2998 3001 
19658 3005 2998 1300 256 
19659 3003 2943 2990 2942 
19660 3005 2990 2998 2942 
19661 3005 3001 2998 2990 
19662 2998 3000 1280 2942 
19663 2907 242 1259 3000 
19664 2907 2944 242 3000 
19665 2907 1261 2990 2903 
19666 2907 2990 1261 1279 
19667 2907 2990 3000 2903 
19668 2907 2944 2990 1279 
19669 2907 1279 243 2944 
19670 2907 2944 1198 242 
19671 2990 1278 1279 2942 
19672 2990 2943 1278 2942 
19673 2990 1279 2944 2942 
19674 239 2989 2905 2925 
19675 2989 1262 2905 2903 
19676 239 2905 2989 1262 
19677 3005 1280 256 2942 
19678 2989 2905 2991 2903 
19679 2989 2991 2905 2925 
19680 2990 2903 2989 2996 
19681 2924 2991 2923 3001 
19682 2990 2903 2996 3000 
19683 1261 1262 2989 2903 
19684 2924 2990 2989 3001 
19685 239 2925 1275 2989 
19686 2924 2989 2991 3001 
19687 3003 1276 2924 2927 
19688 2905 1170 2925 238 
19689 2925 2991 1272 2923 
19690 3005 1280 2998 256 
19691 2905 1263 2991 2904 
19692 2925 2991 238 1272 
19693 3003 2924 3001 2990 
19694 1273 2923 1272 2991 
19695 2991 2904 1263 1264 
19696 2905 2991 2903 2904 
19697 2926 2992 2994 3002 
19698 2992 2991 2996 3001 
19699 2992 2997 2996 2999 
19700 2992 2996 2991 2904 
19701 2992 2904 2906 2999 
19702 2924 2991 2925 2923 
19703 2992 2997 2993 3004 
19704 2905 1263 238 2991 
19705 239 2925 2905 1170 
19706 2924 2989 1275 2925 
19707 2904 1260 2999 2996 
19708 2995 252 2999 2906 
19709 3003 2927 2990 2943 
19710 253 1256 2995 2906 
19711 253 2995 1264 2906 
19712 2926 1273 2992 2923 
3 64 4 109
19713 1304 3017 3015 3014 
19714 1304 259 3019 3014 
19715 1303 3010 3017 3016 
19716 258 2977 1290 3016 
19717 3015 3013 3014 3017 
19718 3015 3013 3009 1302 
19719 3015 3013 3017 3009 
19720 3011 3015 3009 1302 
19721 3017 2977 3016 3010 
19722 1304 3019 3017 3014 
19723 3017 2977 3018 3016 
19724 2967 3013 257 3009 
19725 3007 3014 2993 3012 
19726 3007 2995 2993 1297 
19727 2967 257 1286 3009 
19728 2979 3007 2977 3018 
19729 3011 3009 3015 3017 
19730 2993 259 1298 3019 
19731 1290 2977 3008 3010 
19732 3007 3017 3009 3010 
19733 2995 1298 252 3012 
19734 3011 3009 3017 3010 
19735 3007 3017 3019 3014 
19736 2995 252 1256 3012 
19737 3007 3017 3014 3013 
19738 3006 3008 2977 3010 
19739 1295 258 3016 2977 
19740 3007 2969 2967 3012 
19741 2994 2993 3007 3018 
19742 3006 2977 3008 2978 
19743 253 2995 2969 1297 
19744 254 2979 1296 1293 
19745 1296 3007 2994 2993 
19746 1296 3007 2993 1297 
19747 1296 1293 2979 3007 
19748 1296 2979 2994 3007 
19749 1293 2979 3007 2977 
19750 255 2994 1269 2979 
19751 2979 1295 3018 2977 
19752 1293 3007 3006 2977 
19753 1293 3006 1294 2977 
19754 1295 3016 3018 2977 
19755 254 2994 1296 2979 
19756 1290 249 3008 2978 
19757 258 3010 1303 3016 
19758 1294 3006 2978 2977 
19759 1294 2978 3006 250 
19760 1269 2994 254 2979 
19761 255 3018 2979 1295 
19762 3006 1289 2968 2967 
19763 3006 2978 3008 2968 
19764 3006 250 2968 1289 
19765 3006 250 2978 2968 
19766 3006 2967 3007 1288 
19767 3006 1289 2967 1288 
19768 1290 3010 3016 2977 
19769 1290 2978 3008 2977 
19770 3008 2968 249 1286 
19771 255 3018 2994 2979 
19772 2978 250 1237 2968 
19773 3008 3009 2967 1286 
19774 3006 3009 3008 3010 
19775 3008 2967 2968 1286 
19776 3007 3009 2967 3006 
19777 3007 3009 3013 2967 
19778 3006 3008 3009 2967 
19779 3006 2977 3007 3010 
19780 3008 2978 1237 2968 
19781 3008 1237 2978 249 
19782 3007 1288 2969 1297 
19783 3007 2969 2995 1297 
19784 3007 3012 2995 2969 
19785 252 1287 2969 3012 
19786 253 2969 2995 1256 
19787 2995 2993 1298 3012 
19788 2995 1256 2969 3012 
19789 1287 2967 3012 3013 
19790 1287 257 2967 3013 
19791 3007 3009 3017 3013 
19792 3007 3013 3014 3012 
19793 3007 3019 3017 3018 
19794 260 3017 3011 3015 
19795 260 3015 3011 1302 
19796 260 1304 3017 3015 
19797 1299 3019 2993 3018 
19798 2994 3007 2979 3018 
19799 1299 259 2993 3019 
19800 2993 3019 1298 3014 
19801 1303 3010 3011 3017 
19802 2993 3014 1298 3012 
19803 260 1303 3011 3017 
19804 1298 259 3014 3019 
19805 3006 3007 3009 3010 
19806 2994 3018 1299 2993 
19807 3007 3019 2993 3014 
19808 255 1299 2994 3018 
19809 253 1297 2969 1288 
19810 2969 3012 1287 2967 
19811 3007 2967 3013 3012 
19812 3007 3018 3017 2977 
19813 258 1290 3010 3016 
19814 3007 2993 3019 3018 
19815 3008 1237 249 2968 
19816 3006 2968 3008 2967 
19817 3007 2967 2969 1288 
19818 257 3009 3013 1302 
19819 252 2969 1256 3012 
19820 3007 2995 3012 2993 
19821 3007 2977 3017 3010 
$EndElements
