method,time,outlet_concentration,mass,budget_mass,raw_mass,mass_rate,transport_rate,dirichlet_source_rate,mass_balance_residual_rate,mass_balance_relative_residual,limiter_mass_change_abs,limiter_mass_residual,min_c,max_c,raw_min_c_before_limiter,raw_max_c_before_limiter,raw_below_zero_before_limiter,raw_above_one_before_limiter
FEM,0.0,0.0,88.99999999999999,88.99999999999999,88.99999999999999,0.0,0.0,0.0,0.0,0.0,0.0,0.0,0.0,1.0,0.0,1.0,0,0
FEM,0.2,1.1240377837651522e-05,117.46033879349845,117.4603387934984,117.46033879349845,142.30169396749233,-154.81658990304743,-12.51489593555539,3.0708900073702254e-15,9.917832479365878e-18,5.0191098351892265,-1.4210854715202004e-14,0.0,1.0,-0.10376639286923153,1.0,788,0
FEM,0.4,0.00011360009119186304,146.15375821241685,146.15375821241673,146.15375821241688,143.4670970945921,-153.80714479208405,-10.340047697492412,1.509667827404039e-14,4.9076648209184315e-17,3.1497918604909785,2.842170943040401e-14,0.0,1.0,-0.07663056362583917,1.0,725,0
FEM,0.6000000000000001,0.0005945473160022168,174.89240435831027,174.89240435831016,174.89240435831033,143.69323072946742,-152.18699871132716,-8.493767981860099,1.5560590715139683e-14,5.1123259039543375e-17,2.3943027545762456,0.0,0.0,1.0,-0.06916855406710731,1.0,691,0
FEM,0.8,0.0021304072909635193,203.46678251661746,203.4667825166172,203.46678251661746,142.87189079153592,-149.86490117190806,-6.9930103803728585,7.0673667539106005e-15,2.3579125928237525e-17,2.057422474698484,0.0,0.0,1.0,-0.061859880836784197,1.0,659,0
FEM,1.0,0.005877537530837103,231.67078086118966,231.67078086118931,231.67078086118968,141.01999172286114,-146.80888187107573,-5.788890148215156,1.1670819430925678e-14,3.974834247826609e-17,1.8655283377064218,2.842170943040401e-14,0.0,1.0,-0.05475054248085091,1.0,626,0
FEM,1.2000000000000002,0.013325133819195612,259.3079642211343,259.30796422113394,259.3079642211344,138.1859167997237,-143.00836832698297,-4.822451527259884,-1.5354239715026023e-14,5.368301133231283e-17,1.8403081214825083,0.0,0.0,1.0,-0.04810559154970821,1.0,558,0
FEM,1.4000000000000001,0.02598550594839051,286.2005808719551,286.2005808719546,286.20058087195514,134.46308325410428,-138.51151242941205,-4.0484291753087,-2.542824944638168e-15,9.179110458179528e-18,1.824752574165927,0.0,0.0,1.0,-0.05215506932951627,1.0,552,0
FEM,1.6,0.044957849225984295,312.1953280716026,312.195328071602,312.19532807160266,129.97373599823788,-133.39849397527516,-3.4247579770383454,1.2280415345183973e-14,4.602906291978096e-17,1.793911955949909,-5.684341886080802e-14,0.0,1.0,-0.059704498694931434,1.0054748919960863,529,1
FEM,1.8,0.07080464430872165,337.1627780727962,337.1627780727954,337.16277807279624,124.8372500059682,-127.75699976580432,-2.9197497598371784,2.2504579807812195e-14,8.807572128754592e-17,1.7066208723931604,0.0,0.0,1.0,-0.06374593239627696,1.0182741988223423,511,2
FEM,2.0,0.10355591436017504,361.0015886077513,361.0015886077503,361.0015886077513,119.19405267477543,-121.7020102235181,-2.5079575487435233,-4.614181039194912e-14,1.8956880953406126e-16,1.6195807561396125,-5.684341886080802e-14,0.0,1.0,-0.06872109668567912,1.0210996237182544,520,5
FEM,2.2,0.14210718773373024,383.6374970502385,383.63749705023736,383.63749705023855,113.17954221243639,-115.35111383119694,-2.1715716187616456,-6.566025994242614e-14,2.846104288100419e-16,1.4408535746909479,0.0,0.0,1.0,-0.07274033989265069,1.0232344317516242,495,13
FEM,2.4000000000000004,0.18488947948435208,405.0329717863586,405.03297178635734,405.0329717863587,106.97737368060103,-108.87139320013199,-1.8940195195320222,-3.12235772342855e-14,1.433966091390456e-16,1.1549138305179567,0.0,0.0,1.0,-0.07495968300752628,1.027382145821288,456,24
FEM,2.6,0.2301893360815031,425.183852683296,425.1838526832947,425.18385268329615,100.75440448468783,-102.4152801079927,-1.6608756233060493,-2.2779915845809697e-14,1.1121346258970867e-16,0.7710943612552807,5.684341886080802e-14,0.0,1.0,-0.0760133141428805,1.0562633711617684,433,33
FEM,2.8000000000000003,0.2762237850097512,444.11261897233425,444.1126189723327,444.1126189723343,94.64383144519161,-96.1055265177226,-1.4616950725323536,-2.296935664106951e-14,1.195007065323846e-16,0.4743976413836306,-5.684341886080802e-14,0.0,1.0,-0.0753568799370648,1.0675188322624236,416,44
FEM,3.0,0.32139290127436754,461.8671888562941,461.86718885629233,461.8671888562941,88.77284941979923,-90.06538970328904,-1.2925402834908986,-4.3909803745899266e-14,2.437662452278019e-16,0.16805943928954792,-1.1368683772161603e-13,0.0,1.0,-0.07299188781522528,1.070440616589509,402,55
FEM,3.2,0.3643970555484868,478.51821691367195,478.51821691366996,478.518216913672,83.25514028688957,-84.40791258825321,-1.152772301365025,-8.319528963479927e-14,4.928168881549655e-16,0.12198060227092311,0.0,0.00014774714897851677,1.0,-0.06980735799054229,1.0702448639002158,399,67
FEM,3.4000000000000004,0.4043484726871835,494.1497792516516,494.1497792516495,494.1497792516517,78.15781168989872,-79.19832280317304,-1.0405111132754352,-7.583023073262076e-14,4.787363421891943e-16,0.3723941634313509,0.0,0.00045961956205320154,1.0,-0.06171278530105498,1.0681417958825488,235,76
FEM,3.6,0.44088973078679894,508.85252619355,508.8525261935476,508.85252619355,73.51373470949198,-74.46723181916316,-0.9534971096726605,-5.385913205225093e-14,3.6162974463078176e-16,0.5961200529807802,5.684341886080802e-14,0.0007491358492621247,1.0,-0.05022077452690255,1.0650126900280144,209,88
FEM,3.8000000000000003,0.4739995812149274,522.7113607892863,522.7113607892836,522.7113607892863,69.29417297868184,-70.17933101168163,-0.8851580330013707,-6.309198768896657e-14,4.4950547960099495e-16,0.745608481290333,0.0,0.0009534217759526858,1.0,-0.03944489479152335,1.0612006005548187,178,93
FEM,4.0,0.5038712106708036,535.804713755042,535.8047137550391,535.804713755042,65.46676482877842,-66.29806020767995,-0.8312953789026155,-2.985993071726034e-14,2.251946031582469e-16,0.8308955447470228,0.0,0.0010804515690393441,1.0,-0.03811128002995569,1.057413138198941,154,95
FEM,4.2,0.5307948462600545,548.2049904605517,548.2049904605485,548.2049904605517,62.00138352754834,-62.787376622432916,-0.7859930948854646,-4.568002605950111e-14,3.6376759562829106e-16,0.8784067747094466,0.0,0.0011608796553052784,1.0,-0.03930592495104121,1.0538715364046027,141,98
FEM,4.4,0.5551149595054441,559.9767317471787,559.9767317471752,559.9767317471787,58.85870643313524,-59.605162672093805,-0.7464562389603742,7.044508748034473e-14,5.909310898779322e-16,0.903447454031948,0.0,0.001212800447322763,1.0,-0.03920130413878198,1.0506284537797854,137,100
FEM,4.6000000000000005,0.5771386410690827,571.1764926447861,571.1764926447822,571.1764926447861,55.99880448803674,-56.71030815882167,-0.7115036707866882,-3.234633155942135e-14,2.851891711541437e-16,0.9274660534572368,0.0,0.001264006573168353,1.0,-0.03810177153003403,1.047675058367358,130,102
FEM,4.800000000000001,0.5971377754838821,581.8534726164297,581.8534726164255,581.8534726164297,53.38489985821809,-54.06543362002273,-0.6805337618061628,2.914517043504927e-14,2.695360832568553e-16,0.9532601477586696,0.0,0.0013182968162846664,1.0,-0.03606517168137382,1.0449697677335301,122,104
FEM,5.0,0.6153450737204296,592.0506221771909,592.0506221771865,592.0506221771909,50.98574780380602,-51.63884235236511,-0.6530945485604082,-6.092787949510403e-14,5.899423449440739e-16,0.9646298387175434,0.0,0.001353080214935998,1.0,-0.0333508540569949,1.0424146815850674,112,105
FEM,5.2,0.6319470678656534,601.8051336831447,601.8051336831398,601.8051336831447,48.772557529769074,-49.40109892832456,-0.6285413985578355,-2.924201679410654e-14,2.9596524600123496e-16,0.9687082117336558,-2.2737367544323206e-13,0.001377642765956829,1.0,-0.030210524100560375,1.0400485061558822,103,106
FEM,5.4,0.6471201153664484,611.1509506039081,611.1509506039029,611.1509506039081,46.72908460381677,-47.33521364175891,-0.6061290379439486,-2.3934413478921002e-14,2.528182682353599e-16,0.966983515688413,0.0,0.0013937174550870683,1.0,-0.026808163092014118,1.0377758259484018,88,111
FEM,5.6000000000000005,0.6610034115954014,620.1194722461124,620.1194722461069,620.1194722461124,44.842608211021684,-45.42801040005443,-0.585402189034611,-8.050255340813495e-14,8.860453352370109e-16,0.9693295710334273,-1.1368683772161603e-13,0.0014153898999405606,1.0,-0.023252264655042126,1.0357042498682403,78,114
FEM,5.800000000000001,0.67372543081375,628.7393577613867,628.7393577613807,628.7393577613867,43.099427576371454,-43.6656264442269,-0.566198867857597,-5.791661638124279e-14,6.631831614189358e-16,0.9668910523392917,1.1368683772161603e-13,0.0014298309440814788,1.0,-0.019610950061537187,1.0338287606086278,75,113
FEM,6.0,0.6854373881281492,637.0362964222645,637.0362964222584,637.0362964222645,41.484693304389,-42.03291379775205,-0.548220493363875,-7.166251099477439e-15,8.524570927867275e-17,0.9587866774332949,0.0,0.001435475959294329,1.0,-0.017584921539999264,1.032116335905095,64,113
FEM,6.2,0.6961915206289092,645.0333943721564,645.0333943721499,645.0333943721564,39.985489749459475,-40.516835453461084,-0.5313457040030857,6.917426700892015e-15,8.536484431067505e-17,0.9501142180833998,1.1368683772161603e-13,0.001439748667536755,1.0,-0.01598801989482655,1.0305477919106558,55,117
FEM,6.4,0.7061443945811186,652.7521130570866,652.75211305708,652.7521130570867,38.593593424651544,-39.10914022071267,-0.5155467960622753,-1.0792582105789705e-14,1.3798030389931283e-16,0.9403212527122373,1.1368683772161603e-13,0.0014417943177994197,1.0,-0.014294194113106467,1.0291084794441219,48,116
FEM,6.6000000000000005,0.71538077138799,660.2117834420881,660.2117834420811,660.2117834420881,37.298351925007296,-37.79896761708572,-0.5006156920799266,-4.636655642764609e-14,6.133309895835192e-16,0.9274263005345341,0.0,0.0014385044178897954,1.0,-0.012794072172878153,1.0277848392553068,42,116
FEM,6.800000000000001,0.72396824306342,667.4300095938738,667.4300095938665,667.4300095938738,36.091130758928784,-36.57758618878158,-0.48645542985461016,-8.273546778236884e-16,1.1309585514385572e-17,0.9133951590262085,-1.1368683772161603e-13,0.0014328140618385696,1.0,-0.012227846343902114,1.0266927493754339,38,117
FEM,7.0,0.7319700283298688,674.4227942978071,674.4227942977994,674.4227942978071,34.963923519666196,-35.436916771442874,-0.4729932517784104,7.478837427826734e-14,1.0552325243280526e-15,0.8981050200608262,0.0,0.0014244888019992138,1.0,-0.011551979940823727,1.026005329362243,30,116
FEM,7.2,0.7394449534837193,681.2046383919878,681.2046383919799,681.2046383919878,33.90922047090385,-34.36939481137732,-0.46017434047516864,3.318894638282277e-14,4.828270408159093e-16,0.8814227823768304,0.0,0.001413268546204385,1.0,-0.010788295516002721,1.0253496562897242,27,115
FEM,7.4,0.7464461031551967,687.7885866715405,687.7885866715322,687.7885866715405,32.91974139776357,-33.367690761464786,-0.44794936370305277,3.98357562214624e-15,5.969210831255107e-17,0.8647403458778626,-1.1368683772161603e-13,0.0014013510986104817,1.0,-0.009954882493834152,1.0247197987855938,27,115
FEM,7.6000000000000005,0.75301931672955,694.1864334274583,694.1864334274496,694.1864334274583,31.98923377958863,-32.42550956562711,-0.4362757860404692,-1.0740854820140422e-13,1.656235316580192e-15,0.8481939495784456,0.0,0.0013889750503670525,1.0,-0.009064190207125539,1.024113393732059,25,115
FEM,7.800000000000001,0.7592045728298018,700.4088901568136,700.4088901568045,700.4088901568136,31.11228364677686,-31.5373985248242,-0.42511487804938275,7.010874086138541e-14,1.111517502088799e-15,0.8327602924354094,0.0,0.001377775322223051,1.0,-0.008244838212190879,1.0235284529976882,24,116
FEM,8.0,0.7650372270608847,706.4656966089107,706.4656966089011,706.4656966089105,30.284032260484537,-30.69845718737379,-0.41442492689113786,-8.070540763460698e-14,1.3144863786151192e-15,0.8175124483265104,-1.1368683772161603e-13,0.0013662738654509452,1.0,-0.008142422916577442,1.022963922139843,21,117
FEM,8.200000000000001,0.7705490598676742,712.3657175322415,712.3657175322319,712.3657175322417,29.500104616654994,-29.90428278686711,-0.40417817021337454,-1.271597844382244e-13,2.1261132618446502e-15,0.8026015613022544,0.0,0.0013547461053469523,1.0,-0.007968973221037312,1.0224161390283262,18,118
FEM,8.4,0.7757565173063071,718.1170983709435,718.1170983709334,718.1170983709435,28.75690419350974,-29.15125417533784,-0.39434998183060216,3.630776235219457e-15,6.227478607577308e-17,0.7880720003475981,0.0,0.0013432946843649654,1.0,-0.007732080491610398,1.0218875627130843,16,119
FEM,8.6,0.7806944598482182,723.7273587949535,723.727358794943,723.7273587949535,28.051302120049968,-28.436217932117586,-0.3849158120691405,-6.466615437572543e-15,1.1370385915963498e-16,0.7732843118053548,0.0,0.0013308488672689744,1.0,-0.0074392536202698804,1.021377539937476,15,120
FEM,8.8,0.7853888203019381,729.2033687035284,729.2033687035175,729.2033687035284,27.380049542874758,-27.755908679032405,-0.3758591361596656,-1.1260523763434449e-14,2.028491283360605e-16,0.7595125056658382,0.0,0.0013196149738728903,1.0,-0.0070983884176602,1.0208849668913527,15,121
FEM,9.0,0.7898592794278778,734.5515175129274,734.5515175129161,734.5515175129274,26.740744046994678,-27.107898271776996,-0.36715422478396764,-1.2999562364057748e-13,2.3977444200444825e-15,0.746275389496077,-1.1368683772161603e-13,0.0013088078751815272,1.0,-0.006713574287106612,1.0204088800085274,14,121
FEM,9.200000000000001,0.7941230726207578,739.7776677595218,739.7776677595102,739.7776677595218,26.130751232972216,-26.489532374811255,-0.35878114184057774,-8.962795783329369e-14,1.691761797926599e-15,0.7332580026981071,0.0,0.0012979037916634978,1.0,-0.006291036480399569,1.019948413375229,11,122
FEM,9.4,0.7981957060208837,744.8872381773688,744.8872381773568,744.8872381773688,25.547852089234766,-25.89857405547017,-0.35072196623718976,4.397350539253608e-14,8.489561104474533e-16,0.7206379865669981,0.0,0.0012872365007386229,1.0,-0.005836320321075618,1.019502710413623,12,122
FEM,9.600000000000001,0.8020909801092876,749.8852655033174,749.8852655033052,749.8852655033174,24.990136629743347,-25.333095986307853,-0.342959356566064,-5.13621263575903e-14,1.0137356757608536e-15,0.7079698620584642,0.0,0.0012760290025923282,1.0,-0.005353669619208828,1.0190698542912286,10,122
FEM,9.8,0.8058213210081714,754.7764062698641,754.7764062698513,754.7764062698641,24.455703832733207,-24.791182648635917,-0.3354788159048137,7.208209723552628e-14,1.4537849657505022e-15,0.6956103261309173,-2.2737367544323206e-13,0.0012649318681726646,1.0,-0.00483941035968888,1.0186488998575765,9,122
FEM,10.0,0.8093977241319852,759.5650181917904,759.5650181917772,759.5650181917904,23.94305960963152,-24.27132628335955,-0.32826667373008,-4.643421064320918e-15,9.565651687325092e-17,0.6834166571254627,0.0,0.001253703157056297,1.0,-0.004285180522223257,1.0182399723972018,6,122
FEM,10.200000000000001,0.8128300857595183,764.255189299723,764.2551892997094,764.2551892997232,23.45085553966385,-23.77216544912953,-0.3213099094684261,-2.046691809087786e-14,4.304807261810918e-16,0.6712568398578467,0.0,0.001242111180952249,1.0,-0.0036949474523407222,1.0178431005375224,4,123
FEM,10.4,0.8161275651426089,768.8507609975286,768.8507609975144,768.8507609975286,22.977858489027767,-23.292454807567225,-0.31459631854226133,3.1418877916022936e-14,6.7444325159351e-16,0.6591665818808682,1.1368683772161603e-13,0.0012302281468727265,1.0,-0.0030741907994376134,1.017457878347493,3,123
FEM,10.600000000000001,0.8192986334981065,773.3553412430169,773.3553412430024,773.3553412430169,22.522901227441707,-22.83101541511642,-0.30811418767633614,-8.125423077431915e-14,1.7794703673257963e-15,0.6469869769630361,-2.2737367544323206e-13,0.0012177623761978477,1.0,-0.0024265792204772887,1.0170841977365934,3,123
FEM,10.8,0.8223514612167319,777.7723170719728,777.7723170719578,777.7723170719728,22.08487914477928,-22.3867317682048,-0.3018526234277796,-3.0109378532094944e-14,6.72482675091879e-16,0.6354334499774275,1.1368683772161603e-13,0.0012060693379825189,1.0,-0.0017557601919494762,1.0167215137533117,3,125
FEM,11.0,0.8252928413531749,782.1048829310805,782.104882931065,782.1048829310804,21.662829295538018,-21.95863428430763,-0.29580498877120914,3.800150298605143e-14,8.652975065304307e-16,0.6243066080550078,0.0,0.0011948007667576376,1.0,-0.0013929808497464592,1.0163692749866453,3,124
FEM,11.200000000000001,0.8281291645643721,786.3560506924053,786.3560506923895,786.3560506924053,21.255838806624183,-21.5458005512866,-0.28996174466387625,-1.279677318971606e-13,2.9696676062824386e-15,0.6134021830025631,1.1368683772161603e-13,0.0011835860721286695,1.0,-0.0013460012243919537,1.0160265392779186,2,124
FEM,11.4,0.8308670984896891,790.5286459579563,790.5286459579402,790.5286459579563,20.862976327754836,-21.147284246317426,-0.28430791856449306,-9.927323720015924e-14,2.347186429327022e-15,0.6026338501005732,0.0,0.0011722706542137084,1.0,-0.001274179024561288,1.0156923097378185,1,125
FEM,11.600000000000001,0.8335130237034469,794.6253201035818,794.6253201035654,794.6253201035819,20.483370728127852,-20.76220595346272,-0.2788352253365619,-3.2397261956473855e-14,7.801979719565714e-16,0.592201550094728,1.1368683772161603e-13,0.0011612549199566803,1.0,-0.0011794425998736817,1.015366646484521,1,126
FEM,11.8,0.8360722252435407,798.648578917288,798.6485789172712,798.6485789172879,20.116294068530465,-20.389833405104994,-0.2735393365764006,-1.7344719410727905e-13,4.253276391749361e-15,0.5819180660972736,-1.1368683772161603e-13,0.0011501872303499553,1.0,-0.001062985035341708,1.0150495938910438,1,127
FEM,12.0,0.8385495222598208,802.6007868241766,802.6007868241593,802.6007868241766,19.761039534442943,-20.029447506806896,-0.26840797236595476,-9.157822070116062e-14,2.286089535670759e-15,0.5718596304934639,0.0,0.001139228257310582,1.0,-0.0009265625820298705,1.0147410490528717,1,127
FEM,12.200000000000001,0.8409496086877465,806.4841769333652,806.4841769333477,806.4841769333652,19.416950545943337,-19.680384600778005,-0.2634340548359503,-5.7742005621364e-14,1.4669938314894381e-15,0.5620284664138376,-2.2737367544323206e-13,0.0011283948175650682,1.0,-0.0007713410570423466,1.0144407992245177,1,127
FEM,12.4,0.84327683209201,810.300862478133,810.3008624781149,810.300862478133,19.083427723838895,-19.342038452509,-0.2586107286727215,6.976624139509724e-15,1.8034872996036935e-16,0.5524192037067898,-1.1368683772161603e-13,0.0011176883434957266,1.0,-0.0005985168778957098,1.0141485856721293,1,127
FEM,12.600000000000001,0.845535190744504,814.0528466730948,814.0528466730763,814.0528466730948,18.759920974808892,-19.013852424750254,-0.25393144994355743,-5.4222685369476054e-14,1.425873204393116e-15,0.5430838482636776,0.0,0.0011072266216579675,1.0,-0.00040921698786437733,1.013864141628776,1,128
FEM,12.8,0.8477280841832213,817.7420354048211,817.7420354048024,817.7420354048213,18.445943658632586,-18.695333632815824,-0.24938997418511755,-6.957325340839482e-14,1.8607117362770604e-15,0.5339948830667256,0.0,0.0010969673444053457,1.0,-0.00020437933512638468,1.0135872023097154,1,128
FEM,13.0,0.849858465791315,821.3702488586556,821.3702488586363,821.3702488586556,18.141067269172595,-18.386047660566707,-0.24498039139737848,-3.611260596114718e-15,9.820654941136733e-17,0.5252345483902447,0.0,0.0011020513889369087,1.0,1.4974366258666575e-05,1.0133175108564478,0,130
FEM,13.200000000000001,0.8519293501213583,824.9392231347406,824.9392231347209,824.9392231347406,17.844871380424934,-18.08556701971541,-0.24069563929243137,-1.0499370470262726e-13,2.9026931969610353e-15,0.5166164914928688,-1.1368683772161603e-13,0.0013384537714008317,1.0,0.00026150268478208443,1.0130547275566932,0,130
FEM,13.4,0.8539438538326283,828.4506097532227,828.4506097532023,828.4506097532227,17.55693309241053,-17.793463830819633,-0.2365307384123281,-2.0171364578658313e-14,5.668195009821007e-16,0.5081029646811426,-1.1368683772161603e-13,0.0017944140775734735,1.0,0.0007278766621742751,1.012798255356519,0,130
FEM,13.600000000000001,0.8559049203417614,831.9059797943358,831.9059797943152,831.905979794336,17.276850205566348,-17.509332005037397,-0.23248179947321707,-2.1797234156517575e-14,6.22446194699067e-16,0.49975481131013927,0.0,0.0024595577995188845,1.0,0.001403569767200753,1.012547792299735,0,130
FEM,13.8,0.8578152012444844,835.3068302441254,835.3068302441045,835.3068302441256,17.004252248949,-17.232796441162158,-0.22854419221565078,-4.7146314630097663e-14,1.3679240856545151e-15,0.4915719225355132,0.0,0.003324506872912793,1.0,0.002279179737986324,1.012303235682863,0,130
FEM,14.0,0.8596770825535134,838.6545904816854,838.6545904816641,838.6545904816855,16.738801187800618,-16.963514683570402,-0.2247134957725457,-2.851711922158273e-14,8.405427693943628e-16,0.4835518831872596,0.0,0.00438067730694074,1.0,0.0033461047322930343,1.0120645316934787,0,130
FEM,14.200000000000001,0.8614927394067646,841.9506276076411,841.9506276076193,841.950627607641,16.48018562977768,-16.701171128082073,-0.2209854983062606,-7.204913748948272e-14,2.1570085396087027e-15,0.47569114305008275,-1.1368683772161603e-13,0.0056201262886345065,1.0,0.004596387859335038,1.0118316305152624,0,130
FEM,14.4,0.8632641820041237,845.1962507444816,845.1962507444593,845.1962507444816,16.22811568420275,-16.445471878676532,-0.21735619447603527,-8.244056479145279e-14,2.506482191561221e-15,0.4679857239323161,-1.1368683772161603e-13,0.007035435397232939,1.0,0.006022598772949025,1.0116044607683627,0,130
FEM,14.600000000000001,0.864993286635417,848.392714662905,848.3927146628822,848.392714662905,15.982319592116596,-16.196141371569897,-0.21382177945554168,6.341628611128414e-14,1.957759093860416e-15,0.4604315574752052,1.1368683772161603e-13,0.008619620608901094,1.0,0.007617742836477693,1.011382917679314,0,130
FEM,14.8,0.8666818386716595,851.5412230027449,851.5412230027218,851.541223002745,15.742541699200387,-15.95292033983366,-0.2103786406355986,-3.386353697454325e-14,1.0613585554610082e-15,0.45310455701291996,0.0,0.010366237200133525,1.0,0.009375190964553075,1.0111668647991943,0,131
FEM,15.0,0.8683315076430653,854.6429305791619,854.6429305791384,854.6429305791619,15.508537882084852,-15.715559665660585,-0.20702178357823436,-5.366193600586655e-14,1.7072868274337293e-15,0.4459564615601724,-2.2737367544323206e-13,0.012269055709255905,1.0,0.011288799634822459,1.010956033415209,0,133
FEM,15.200000000000001,0.8699438436110111,857.6989517134731,857.6989517134488,857.698951713473,15.280105671555475,-15.48385438619291,-0.2037487146409144,-6.388466144979787e-14,2.062944401839545e-15,0.4389657192992906,0.0,0.014322076236285404,1.0,0.01335259874914182,1.0107793626801729,0,133
FEM,15.4,0.8715202452320804,860.7103524438878,860.7103524438631,860.7103524438878,15.057003652073604,-15.257560833752287,-0.20055718168046055,-5.1841777398697886e-14,1.698888110739567e-15,0.4320759032407292,2.2737367544323206e-13,0.016519416793484194,1.0,0.015560814977151711,1.0106581650400748,0,133
FEM,15.600000000000001,0.873062024337176,863.6781543097985,863.6781543097736,863.6781543097986,14.839009329554074,-15.036453589470995,-0.19744425991875125,3.5807294629375264e-14,1.1906828434081855e-15,0.4253793346106257,1.1368683772161603e-13,0.018855616076922897,1.0,0.017907767249354636,1.0105391914456645,0,134
FEM,15.8,0.8745668701594931,866.6033614514619,866.6033614514367,866.6033614514621,14.626035708317886,-14.820442841268616,-0.1944071329529104,-2.808430571432652e-14,9.47485375947122e-16,0.41888296884599263,0.0,0.021325424695012453,1.0,0.02038817443859021,1.0104223903332141,0,134
FEM,16.0,0.8760377094049135,869.4869803563813,869.4869803563558,869.4869803563815,14.41809452459836,-14.609537640211517,-0.19144311561610186,-5.720727710989415e-14,1.9578743187748186e-15,0.41248895337753266,0.0,0.02392354023103982,1.0,0.022996937945021393,1.010307711061508,0,134
FEM,16.2,0.8774775888796351,872.3299607125892,872.3299607125632,872.3299607125892,14.214901781039657,-14.403451471488058,-0.18854969045109293,6.789534212625625e-14,2.3569122394257446e-15,0.4061970030476228,0.0,0.02664484658172435,1.0,0.025728929538067262,1.010195106391425,0,134
FEM,16.400000000000002,0.8788878764946829,875.133199910402,875.1331999103755,875.133199910402,14.016195989063931,-14.201920445443843,-0.1857244563822836,-2.2631202467593425e-14,7.96765569647023e-16,0.40018204910188504,1.1368683772161603e-13,0.029484783891079065,1.0,0.028579181574028906,1.010084530146586,0,136
FEM,16.6,0.880269563931133,877.8975293597316,877.8975293597053,877.8975293597321,13.821647246650173,-14.004611757401825,-0.18296451075272907,-9.491886443502295e-14,3.3888431210830266e-15,0.3942071237912614,2.2737367544323206e-13,0.03243838919711895,1.0,0.03154325315364022,1.0099759331349967,0,135
FEM,16.8,0.8816234130172594,880.6237707344825,880.6237707344554,880.6237707344825,13.631206873754422,-13.811474849031462,-0.18026797528089852,4.618787990962048e-14,1.672083554235809e-15,0.38832143381603207,-1.1368683772161603e-13,0.03550093540332503,1.0,0.03461629513826302,1.009869272781063,0,135
FEM,17.0,0.882950160239999,883.3127299326579,883.3127299326303,883.3127299326579,13.444795990877196,-13.622429380528317,-0.17763338965376727,-9.202317727274867e-14,3.3776345871271752e-15,0.38252649242326775,1.1368683772161603e-13,0.03758279500216431,1.0,0.036707679200308235,1.0097645063597511,0,135
FEM,17.2,0.8842506624526955,885.9651887573518,885.9651887573239,885.9651887573518,13.262294123469474,-13.437352686999109,-0.17505856353141738,1.6327651036762703e-14,6.075471641285016e-16,0.3768253837258717,-1.1368683772161603e-13,0.03793507611534522,1.0,0.03706785052943198,1.0096615921042467,0,135
FEM,17.400000000000002,0.8855258846096823,888.5819034026923,888.5819034026639,888.5819034026924,13.083573226703038,-13.256114744448716,-0.17254151774861493,-2.2299002921943867e-14,8.410836565547829e-16,0.3712185810840093,1.1368683772161603e-13,0.03836344036185759,1.0,0.037504119686828305,1.0095604891515413,0,135
FEM,17.6,0.8867768192052425,891.1636042450212,891.1636042449925,891.1636042450214,12.908504211645209,-13.078584612703956,-0.1700804010612793,-3.495424436006367e-14,1.3363160232991606e-15,0.36570514904701634,1.1368683772161603e-13,0.03886893975334972,1.0,0.03801753570744813,1.0094611575839345,0,135
FEM,17.8,0.8880044187932914,893.7109967083379,893.7109967083086,893.7109967083379,12.736962316583345,-12.904635776362948,-0.16767345978220155,3.687805269492195e-14,1.4288684056649902e-15,0.36028356816325424,-1.1368683772161603e-13,0.03945240824936543,1.0,0.03860893082011411,1.0093635584413903,0,135
FEM,18.0,0.889209564701943,896.2247626682308,896.2247626682007,896.2247626682307,12.56882979946397,-12.734148822962066,-0.16531902350131564,-3.7659111939980505e-14,1.4786662408118429e-15,0.354952134525661,-1.1368683772161603e-13,0.040114472822109996,1.0,0.039278930627342355,1.0092676537144358,0,135
FEM,18.2,0.8903930629479573,898.7055619627711,898.7055619627404,898.7055619627711,12.403996472701238,-12.567011969433015,-0.16301549673480392,-5.448159284826559e-14,2.1676430714308088e-15,0.3497091187374503,0.0,0.0408555649809589,1.0,0.04002796528149886,1.0091734063279367,0,135
FEM,18.400000000000002,0.8915556602359884,901.1540337900901,901.154033790059,901.1540337900901,12.242359136595269,-12.403120489679086,-0.160761353086083,9.319931978946094e-14,3.7570916071889196e-15,0.3445804070687472,1.1368683772161603e-13,0.04167599795880777,1.0,0.04085628098898452,1.0090807801214874,0,137
FEM,18.6,0.8926980471429563,903.5707977436709,903.5707977436396,903.5707977436712,12.083819767905197,-12.242374302602258,-0.15855453469947134,-1.0214919188289429e-14,4.171951835403825e-16,0.3395618537074354,1.1368683772161603e-13,0.04257590763675232,1.0,0.04176401705096304,1.0089897392137628,0,136
FEM,18.8,0.8938208541334782,905.9564549368288,905.956454936797,905.9564549368289,11.928285965789769,-12.084679359486096,-0.15639339369903538,-6.102843924660206e-14,2.525033450667841e-15,0.33459674280027374,0.0,0.043555137306392294,1.0,0.04275114653780805,1.0089002486657805,0,136
FEM,19.0,0.8949246807545462,908.3115897876223,908.31158978759,908.3115897876226,11.775674253968873,-11.929952181588774,-0.15427792762312414,-8.184468727745475e-14,3.43021858058043e-15,0.32970898989924585,2.2737367544323206e-13,0.044613440556649606,1.0,0.04381736078947039,1.008812275622559,0,136
FEM,19.200000000000003,0.8960100940953863,910.6367704581204,910.6367704580874,910.6367704581203,11.625903352489786,-11.778109968096373,-0.15220661560944493,-2.3024117334902172e-14,9.774113757328346e-16,0.32489832813428166,-1.1368683772161603e-13,0.04575043430448689,1.0,0.04496227195164468,1.0087257874859952,0,136
FEM,19.400000000000002,0.8970776322497679,912.932549418229,912.9325494181955,912.932549418229,11.47889480054289,-11.629072893643912,-0.1501780931034028,-2.4142146615169224e-14,1.0380082245576987e-15,0.3201642246124257,-1.1368683772161603e-13,0.0469656083240907,1.0,0.04618536564067133,1.0086407524415373,0,136
FEM,19.6,0.8981278069598388,915.1994640002431,915.1994640002093,915.1994640002433,11.334572910071756,-11.482764014149417,-0.14819110408045977,-4.301637171466588e-14,1.873084375053538e-15,0.3155058220320368,2.2737367544323206e-13,0.04825833422757127,1.0,0.047486010095225274,1.0085571394462305,0,136
FEM,19.8,0.8991611058489227,917.43803694125,917.4380369412158,917.4380369412501,11.192864705034822,-11.339109174867652,-0.1462444698351978,1.594340978683384e-14,7.030274398525783e-16,0.31092205629613523,0.0,0.04962787432350918,1.0,0.04886346477523463,1.0084749182180333,0,136
FEM,20.0,0.9001779943670485,919.6487769220546,919.64877692202,919.6487769220546,11.053699904023233,-11.198036975077919,-0.14433707105722654,-1.3795648651226955e-13,6.159851356951515e-15,0.30641176101676076,0.0,0.0510733903286904,1.0,0.050316888837120835,1.0083940592225709,0,136
FEM,20.200000000000003,0.9011789174704998,921.8321791037681,921.832179103733,921.832179103768,10.917010908567022,-11.05947874621086,-0.14246783764606435,-4.9593575773831944e-14,2.2421298920086284e-15,0.30197372824625285,-1.1368683772161603e-13,0.05259395183113609,1.0,0.0518453494609583,1.0083145336576906,0,136
FEM,20.400000000000002,0.9021643010458209,923.9887256567636,923.988725656728,923.9887256567636,10.782732764977254,-10.923368507629732,-0.14063574265469458,6.409022618170113e-14,2.933629225130005e-15,0.29760673750820366,0.0,0.054188544429077445,1.0,0.05344782992770687,1.0082363134368437,0,136
FEM,20.6,0.9031345531061177,926.1188862752745,926.1188862752382,926.1188862752742,10.65080309255336,-10.789642890923169,-0.1388397983721371,3.023145969671681e-14,1.400948113034672e-15,0.2933095688584903,-2.2737367544323206e-13,0.05585607750851866,1.0,0.055123237372326855,1.0081593711720347,0,136
FEM,20.8,0.9040895159553509,928.223118672485,928.2231186724485,928.223118672485,10.521161986052903,-10.658241039571053,-0.13707905351909672,-1.748800756984359e-13,8.203983896083208e-15,0.28908961276874956,0.0,0.057595413206412226,1.0,0.05687041017773947,1.008083680156698,0,137
FEM,21.0,0.905027770828349,930.301874353709,930.301874353672,930.3018743537089,10.393778406119054,-10.529130994064833,-0.13535258794767485,5.167220817892115e-14,2.4537736403908172e-15,0.2849713668094881,-1.1368683772161603e-13,0.05940541671318092,1.0,0.05868814652738783,1.008009214165436,0,136
FEM,21.200000000000003,0.9059522283247506,932.3556107126759,932.3556107126382,932.3556107126758,10.268681794834151,-10.402341362104927,-0.13365956727414674,-4.0391301414643976e-14,1.9414524100209012e-15,0.2809059349267494,0.0,0.06128477844723866,1.0,0.060575254276980336,1.007935947078617,0,136
FEM,21.400000000000002,0.9068632378466727,934.3847484399371,934.3847484398989,934.3847484399371,10.145688636305863,-10.277688049424992,-0.13199941312136104,-1.2021460216171675e-13,5.848329000821804e-15,0.27690063669979414,-1.1368683772161603e-13,0.06323216127411872,1.0,0.06253037310415481,1.0078638544302267,0,136
FEM,21.6,0.9077611075587101,936.389699096911,936.3896990968725,936.3896990969112,10.024753284870371,-10.155124444831522,-0.13037115996330664,-1.058276730137031e-13,5.210555202381255e-15,0.27295553898886693,0.0,0.06524618821439805,1.0,0.06455212107348543,1.0077929121838238,0,136
FEM,21.8,0.9086461322942346,938.3708651116917,938.3708651116528,938.370865111692,9.905830073904554,-10.03460399208474,-0.12877391818320766,-4.06515099360405e-14,2.0255662290260855e-15,0.2690704891899709,0.0,0.06732544734256703,1.0,0.0666390819132496,1.0077230968732849,0,136
FEM,22.0,0.9095186005908622,940.328639847883,940.3286398478432,940.3286398478829,9.788873680955703,-9.91608054420271,-0.12720686325084465,-6.438122604479624e-14,3.246304109662729e-15,0.26524818037387465,-1.1368683772161603e-13,0.06946850427539387,1.0,0.06878980968168627,1.0076543855925142,0,137
FEM,22.200000000000003,0.9103787909757871,942.263406924428,942.2634069243876,942.2634069244278,9.673835382724292,-9.79950460091532,-0.12566921819331756,-3.426989594879082e-14,1.748552469968015e-15,0.2614834961947292,-2.2737367544323206e-13,0.07015191709863627,1.0,0.06947977075706828,1.0075867559213973,0,137
FEM,22.400000000000002,0.9112269749402112,944.1755420426047,944.1755420425637,944.1755420426048,9.560675590884102,-9.684835835968642,-0.12416024508770016,-6.446145700556016e-14,3.327958165596642e-15,0.2577765488695154,1.1368683772161603e-13,0.07075673715690266,1.0,0.07009103165507069,1.007520186074951,0,137
FEM,22.6,0.9120634148758292,946.0654126996741,946.0654126996327,946.065412699674,9.449353285346547,-9.572032521868188,-0.12267923652335794,1.5159748456561317e-13,7.918771912823175e-15,0.25412680302076807,-1.1368683772161603e-13,0.07140235664477355,1.0,0.07074306983994605,1.007454654778568,0,137
FEM,22.8,0.9128883638653161,947.9333782913704,947.9333782913286,947.9333782913704,9.339827958481806,-9.461053470230084,-0.12122551175058119,-5.509134815007144e-14,2.9114806466010264e-15,0.2505334288678119,-1.1368683772161603e-13,0.07208863329898972,1.0,0.07143574195166412,1.0073901412676636,0,137
FEM,23.0,0.9137020672209563,949.7797903375126,949.7797903374703,949.7797903375126,9.232060230710886,-9.351858644792756,-0.11979841408400677,-2.716490227205881e-14,1.4523798585846622e-15,0.24699557717621978,0.0,0.07281536578409323,1.0,0.07216884563185434,1.007326625280031,0,137
FEM,23.200000000000003,0.9145047696721762,951.6049927079968,951.6049927079541,951.6049927079969,9.126011852421243,-9.244409161381775,-0.11839730896283357,-1.479372180313021e-14,8.001442571867476e-16,0.2435392035440606,1.1368683772161603e-13,0.07358236865228009,1.0,0.072942124019357,1.0072640870427148,0,138
FEM,23.400000000000002,0.9152967010280987,953.4093274067263,953.4093274066834,953.4093274067263,9.021673493647882,-9.138695067198512,-0.11702157355245772,-8.1302152510343e-15,4.44823642284293e-16,0.240133743252498,2.2737367544323206e-13,0.07438932872391042,1.0,0.07375534050727053,1.0072025067113128,0,138
FEM,23.6,0.9160780825591013,955.1931278992919,955.1931278992486,955.1931278992919,8.919002462827734,-9.03467307731983,-0.11567061449364927,-2.3132971233019717e-14,1.2802328891727985e-15,0.23677744171379922,-1.1368683772161603e-13,0.07523588428892779,1.0,0.07460813495535511,1.0071418655194497,0,138
FEM,23.8,0.9168491318127135,956.9567187958714,956.9567187958277,956.9567187958714,8.81795448289779,-8.93229833995986,-0.11434385706443558,-1.5947312914654788e-14,8.92676907314559e-16,0.23348747212014664,0.0,0.07612167938556091,1.0,0.07550010269668679,1.0070821451683343,0,139
FEM,24.0,0.9176100557237606,958.7004196454286,958.7004196453844,958.7004196454286,8.718504247785859,-8.831544985906529,-0.11304073812309001,8.449144162092637e-14,4.783502872699347e-15,0.2302481734903958,-2.2737367544323206e-13,0.07704628059007752,1.0,0.07643084859942151,1.0070233274313822,0,139
FEM,24.200000000000003,0.9183610548053746,960.4245423384956,960.4245423384508,960.4245423384957,8.62061346533551,-8.732374181495434,-0.11176071616323749,1.227316859253591e-15,7.027395034526441e-17,0.227057077819721,0.0,0.07800921533790611,1.0,0.07739990367528923,1.00696539481194,0,140
FEM,24.400000000000002,0.9191023225365639,962.1293910583688,962.1293910583234,962.1293910583688,8.52424359936606,-8.634746865538695,-0.11050326617545936,-3.485232935585003e-14,2.0181442431705843e-15,0.22391628516368195,-1.1368683772161603e-13,0.0790099875053265,1.0,0.078406763195085,1.0069083302601416,0,139
FEM,24.6,0.9198340429024516,963.8152634557357,963.8152634556899,963.8152634557357,8.429361986834465,-8.538629879559167,-0.10926789272696207,-1.6505460193050325e-13,9.66516901766697e-15,0.22082729433054793,0.0,0.08004807905410621,1.0,0.0794509020740913,1.0068521148942104,0,139
FEM,24.8,0.9205563938575005,965.4824516207888,965.4824516207425,965.4824516207889,8.33594082526588,-8.443995248385697,-0.10805442312252853,-4.079245621846361e-14,2.415471291640984e-15,0.21778382246748146,0.0,0.0811229319767073,1.0,0.08053177632994699,1.006796684706915,0,139
FEM,25.0,0.9212695525103862,967.1312410386076,967.1312410385608,967.1312410386076,8.243947089094377,-8.350809319723961,-0.1068622306324041,1.0785079426756106e-13,6.457505502658746e-15,0.21478568113707258,1.1368683772161603e-13,0.08223396745983728,1.0,0.08164880484923676,1.0067420161760299,0,139
FEM,25.200000000000003,0.9219736924265343,968.7619110597375,968.7619110596902,968.7619110597375,8.153350105649224,-8.2590408688665,-0.1056907632195766,-1.0470747532909108e-13,6.3389609636019955e-15,0.2118324522426751,0.0,0.08338058788930215,1.0,0.08280138837633974,1.0066881046094556,0,139
FEM,25.400000000000002,0.9226689828820274,970.3747352344733,970.3747352344254,970.3747352344732,8.064120873678462,-8.168660391136402,-0.10453951746022888,-1.8338542490115017e-13,1.1224938736595731e-14,0.20892359651520648,-1.1368683772161603e-13,0.0845621789850999,1.0,0.08398891136375566,1.006634948896588,0,139
FEM,25.6,0.9233555896317654,971.9699815728718,971.9699815728235,971.9699815728718,7.976231691992552,-8.079639715035714,-0.1034080230456528,3.024490380365563e-15,1.8716740393366214e-16,0.20606409535184783,2.2737367544323206e-13,0.08577812728863932,1.0,0.08521074394166496,1.0065825463654103,0,140
FEM,25.8,0.9240336726650119,973.5479130659635,973.5479130659148,973.5479130659635,7.889657465458413,-7.991953297014028,-0.10229583155715105,4.6906055428674875e-14,2.9345801761751732e-15,0.2032500201677293,0.0,0.08702779788488343,1.0,0.08646625923577357,1.006530891526527,0,140
FEM,26.0,0.9247033875598487,975.1087876549245,975.1087876548754,975.1087876549246,7.8043729448057775,-7.905575459250336,-0.10120251444722447,9.67555029152134e-14,6.119447180912251e-15,0.20048332227543117,1.1368683772161603e-13,0.0883105525598901,1.0,0.08775481095766549,1.0064799765101289,0,141
FEM,26.200000000000003,0.9253648860522669,976.6528585311016,976.6528585310521,976.6528585311016,7.72035438088551,-7.82048203878918,-0.10012765790590003,-3.937388609598358e-14,2.5173567243480366e-15,0.19777045246973954,-2.2737367544323206e-13,0.08962576423353436,1.0,0.0890757514131492,1.0064297915741955,0,141
FEM,26.400000000000002,0.9260183081708091,978.1803749817802,978.1803749817301,978.1803749817802,7.63758225339302,-7.736653112234826,-0.09907085884451822,-1.1720615797350398e-13,7.574732657208861e-15,0.19508709324770873,1.1368683772161603e-13,0.09097273310438234,1.0,0.09042844579458123,1.0063803256255883,0,141
FEM,26.6,0.9266637899814352,979.6915813662968,979.6915813662463,979.6915813662968,7.556031922582633,-7.6540636556984225,-0.09803173311772206,1.6350636122819395e-14,1.0681016554287696e-15,0.19244209457610706,-1.1368683772161603e-13,0.09235078026460136,1.0,0.09181218827330453,1.0063315673015325,0,141
FEM,26.8,0.9273014635898068,981.186717263188,981.1867172631371,981.1867172631881,7.4756794844569185,-7.57268938911329,-0.09700990465936085,-4.829686997553928e-14,3.1888849188085465e-15,0.18983597526096246,-1.1368683772161603e-13,0.09375922608695396,1.0,0.09322629541050068,1.0062835046653735,0,141
FEM,27.0,0.9279314589895916,982.6660176139126,982.6660176138611,982.6660176139126,7.396501753622715,-7.492506760981289,-0.09600500736122705,-7.071383409384957e-14,4.718970322595726e-15,0.18726859612024715,0.0,0.09519738974942377,1.0,0.0946700844413161,1.006236125608008,0,141
FEM,27.200000000000003,0.9285539048462657,984.1297128499172,984.1297128498652,984.1297128499172,7.318476180022913,-7.413492864805235,-0.0950166847847399,-1.0364625824266227e-13,6.990379577668099e-15,0.1847395196880372,-1.1368683772161603e-13,0.09666458964416635,1.0,0.09614287269660869,1.0061894180166313,0,141
FEM,27.400000000000002,0.9291689283407475,985.5780290130006,985.5780290129483,985.5780290130007,7.241580815417592,-7.335625405261837,-0.09404458984661779,3.0107860649053464e-14,2.0521672649377826e-15,0.18224819545912418,0.0,0.0981601442111441,1.0,0.09764397792462443,1.0061433698796185,0,141
FEM,27.6,0.9297766545961312,987.0111878770938,987.011187877041,987.0111878770939,7.165794320466716,-7.2588827049628115,-0.09308838449906416,7.659194459219698e-14,5.275739235999524e-15,0.17979403826063742,1.1368683772161603e-13,0.09968337290972093,1.0,0.09917271904464069,1.006097969349614,0,141
FEM,27.8,0.9303772061052522,988.4294070715605,988.4294070715071,988.4294070715604,7.091095972332937,-7.183243711749537,-0.09214773941957748,-2.4398452008744798e-14,1.6982893096632317e-15,0.17737645856675596,1.1368683772161603e-13,0.10024925093521957,1.0,0.09974351749541807,1.0060532047800377,0,141
FEM,28.0,0.9309707023488648,989.8329002029374,989.8329002028838,989.8329002029375,7.017465656884951,-7.108687990599314,-0.09122233371545838,-5.276204820270358e-14,3.711096075145878e-15,0.17499487351744863,0.0,0.10048378154284766,1.0,0.09998274013215418,1.006009064744892,0,141
FEM,28.200000000000003,0.9315572599563893,991.2218769721869,991.2218769721329,991.2218769721869,6.9448838462477624,-7.035195700888643,-0.09031185464313884,-8.836160969583062e-14,6.279968138246328e-15,0.17265020928675767,-1.1368683772161603e-13,0.10072495315407178,1.0,0.10022856285816063,1.0059655380481467,0,142
FEM,28.400000000000002,0.9321369922079347,992.5965432167952,992.5965432167407,992.5965432167952,6.873331223041532,-6.962747442911905,-0.08941621987320209,4.8200159141753574e-14,3.4612887755114305e-15,0.17034116699767335,0.0,0.10097306058696776,1.0,0.10048128281544295,1.0059226136983448,0,142
FEM,28.6,0.9327100088884185,993.9571010619866,993.9571010619317,993.9571010619867,6.802789225957326,-6.89132443459933,-0.08853520864418957,-1.2640929969442993e-14,9.171625925761501e-16,0.1680653219681291,0.0,0.1012283762529983,1.0,0.10074117805288388,1.0058802809504153,0,142
FEM,28.8,0.9332764170257627,995.3037491023802,995.3037491023247,995.3037491023802,6.733240201967874,-6.8209085152691955,-0.08766831330434696,2.929427533882034e-14,2.1473880842439146e-15,0.16582296573699382,0.0,0.10149115846494842,1.0,0.10100850472227739,1.0058385293235879,0,142
FEM,29.0,0.9338363208853769,996.6366824399145,996.6366824398585,996.6366824399142,6.664666687670433,-6.7514818783203445,-0.08681519065100607,-5.516680862127643e-14,4.085533340348426e-15,0.16361366787623513,-1.1368683772161603e-13,0.10176164986068074,1.0,0.10128350538898509,1.0057973485454708,0,142
FEM,29.200000000000003,0.9343898221140726,997.9560927703733,997.9560927703167,997.9560927703732,6.597051652293544,-6.683027184743281,-0.08597553245238967,1.2242810931706316e-14,9.159629755549302e-16,0.1614369767914914,-1.1368683772161603e-13,0.10204007783726478,1.0,0.10156640745308325,1.00575672856086,0,142
FEM,29.400000000000002,0.9349370203960562,999.2621684658227,999.2621684657657,999.2621684658227,6.530378477247041,-6.615527532501822,-0.08514905525670152,-2.4412763477421606e-14,1.8451108666299952e-15,0.1592948808017806,0.0,0.10232666222503796,1.0,0.10185742357941295,1.0057166595268814,0,143
FEM,29.6,0.9354780038154132,1000.5550953817104,1000.555095381653,1000.5550953817105,6.464634579439235,-6.548970070697411,-0.08433549126097223,1.2326077658553203e-14,9.410699335535326e-16,0.1572151370128259,0.0,0.10262169205045683,1.0,0.10215675936749057,1.0056771317621678,0,143
FEM,29.8,0.9360126679104526,1001.8350651698236,1001.8350651697656,1001.8350651698236,6.3998489405656755,-6.483383516421078,-0.0835345758583836,3.0448733812082907e-14,2.3482132234623726e-15,0.15515020505290625,0.0,0.10292530387086307,1.0,0.10246469012317448,1.0056381352637775,0,143
FEM,30.0,0.9365411397794208,1003.1022598031511,1003.1022598030927,1003.1022598031511,6.335973166637814,-6.418719232107556,-0.08274606547182639,-5.425347671117464e-14,4.226191764221471e-15,0.15311742259780248,0.0,0.10323767337997378,1.0,0.10278133915810479,1.0055996611055988,0,144
FEM,30.200000000000003,0.9370635757112474,1004.3568571558826,1004.3568571558236,1004.3568571558825,6.2729867636568315,-6.354956481598389,-0.08196971794379042,-3.6436131889416856e-14,2.8667491268363566e-15,0.15111529570151594,0.0,0.10355896028138123,1.0,0.10310686933242691,1.005561700219563,0,144
FEM,30.400000000000002,0.9375801167648097,1005.5990311204895,1005.59903112043,1005.5990311204894,6.210869823033818,-6.292075120092996,-0.08120529706080495,-2.39270409041481e-14,1.901363258341977e-15,0.14914149210767486,0.0,0.10388930623335567,1.0,0.10344142804293342,1.0055242437434986,0,144
FEM,30.6,0.9380908836029366,1006.8289518614598,1006.8289518614,1006.8289518614598,6.149603704851643,-6.230056277278624,-0.08045257242860307,7.792377854087817e-14,6.2538583178662895e-15,0.147197960581138,0.0,0.10422884813461664,1.0,0.10378514513081483,1.0054872830314867,0,143
FEM,30.8,0.9385959808433958,1008.0467863857366,1008.0467863856765,1008.0467863857368,6.089172621385046,-6.168884087918496,-0.0797114665360887,-6.40477254565397e-14,5.191192162449673e-15,0.14528757043774476,0.0,0.10457772144532397,1.0,0.10413814612942084,1.0054508095702532,0,143
FEM,31.0,0.9390955006535029,1009.2526988546823,1009.2526988546216,1009.2526988546824,6.029562344729129,-6.1085445481500145,-0.07898220342446241,5.636376781970043e-14,4.613518602950502e-15,0.14340403815856317,-1.1368683772161603e-13,0.1049360329589314,1.0,0.10450055556258153,1.0054148149586812,0,143
FEM,31.200000000000003,0.9395895305710646,1010.446850616825,1010.4468506167636,1010.446850616825,5.970758810713619,-6.049023175646131,-0.07826436493576239,5.726842611242233e-14,4.7336920730420064e-15,0.14155803347750878,0.0,0.10530391259230108,1.0,0.10487246970381707,1.0053792910715558,0,144
FEM,31.400000000000002,0.9400781264567488,1011.6294002940376,1011.6294002939756,1011.6294002940376,5.912748386062958,-5.990305984518201,-0.07755759845862786,-6.918337430716903e-14,5.774611053755202e-15,0.13973506340539704,-1.1368683772161603e-13,0.1056814373248056,1.0,0.10525400836585515,1.0053442297452004,0,144
FEM,31.6,0.9405613299470973,1012.8005047431606,1012.8005047430976,1012.8005047431603,5.8555222456135425,-5.9323838491499,-0.07686160353964397,-3.118425656589707e-14,2.6283073852644482e-15,0.13793796017239396,-1.1368683772161603e-13,0.1060686841448833,1.0,0.10564523882903712,1.0053096232336054,0,144
FEM,31.8,0.941039199776767,1013.9603184832451,1013.9603184831817,1013.9603184832451,5.799068700422936,-5.875244813932635,-0.07617611351202563,-1.4974219780805598e-13,1.2743485807853118e-14,0.13616670238764209,0.0,0.10646572178572994,1.0,0.10604622878567391,1.0052754638866968,0,144
FEM,32.0,0.9415118158654574,1015.1089934421284,1015.1089934420645,1015.1089934421286,5.743374794417377,-5.818875681231603,-0.07550088681781865,-4.866766711852932e-15,4.1818789216865917e-16,0.13442097408824474,1.1368683772161603e-13,0.1068726102062028,1.0,0.10645703806655253,1.0052417441991952,0,144
FEM,32.2,0.9419792681412107,1016.2466788373488,1016.2466788372844,1016.2466788373488,5.688426976101937,-5.763262676657554,-0.0748357005579465,-1.183862036180372e-14,1.0270762436137322e-15,0.1327004138146302,0.0,0.10728940081861808,1.0,0.10687771811257864,1.0052084568124886,0,144
FEM,32.4,0.9424416464699791,1017.3735212016494,1017.3735212015847,1017.3735212016496,5.634211821504209,-5.708392167471594,-0.07418034596995202,-4.380176776841438e-14,3.836611648548102e-15,0.1310046499687591,0.0,0.10771613681372168,1.0,0.10730831219242516,1.0051755945120608,0,144
FEM,32.6,0.9428990358722474,1018.4896644830019,1018.4896644829365,1018.4896644830019,5.580716406762463,-5.654251032025911,-0.07353462526710658,-2.903319945568583e-14,2.5673780038444705e-15,0.1293333117860128,0.0,0.1081528535085185,1.0,0.10774885571679658,1.0051431502243573,0,144
FEM,32.800000000000004,0.9433515156006865,1019.5952501596948,1019.5952501596291,1019.5952501596948,5.527928383464769,-5.6008267328831,-0.07289834942010831,-4.646456830403878e-14,4.148009795699675e-15,0.12768603276254006,1.1368683772161603e-13,0.10859957869368767,1.0,0.10819937657518096,1.0051111170135691,0,144
FEM,33.0,0.9437991599223735,1020.6904173429668,1020.6904173429009,1020.6904173429671,5.47583591636112,-5.5481072529505795,-0.07227133659195677,-6.688139625454781e-14,6.02740657356291e-15,0.12606245155984602,-2.2737367544323206e-13,0.10905633297253339,1.0,0.10865989547185355,1.0050794880784386,0,144
FEM,33.2,0.9442420392669665,1021.7753028610042,1021.7753028609377,1021.7753028610043,5.424427590187406,-5.496081001209845,-0.0716534110259364,3.270560905432873e-14,2.975357263395398e-15,0.12446221212633275,-1.1368683772161603e-13,0.10952313008882208,1.0,0.10913042625319039,1.0050482567491528,0,144
FEM,33.4,0.9446802211953474,1022.8500413270835,1022.8500413270167,1022.8500413270838,5.37369233039783,-5.444736732643303,-0.0710444022483249,1.0356472623929136e-13,9.510535708581982e-15,0.12288496362703082,0.0,0.10999997724283973,1.0,0.10961097622380774,1.0050174164843249,0,144
FEM,33.6,0.9451137710750085,1023.9147651965575,1023.91476519649,1023.9147651965576,5.323619347370254,-5.394063491856674,-0.07044414449012777,9.455110305811587e-15,8.764366900836963e-16,0.1213303603502712,-1.1368683772161603e-13,0.11048687539572989,1.0,0.11010154645105963,1.0049869608680504,0,144
FEM,33.800000000000004,0.9455427529190347,1024.9696048166054,1024.9696048165376,1024.9696048166056,5.27419810024071,-5.344050576499374,-0.06985247626130878,-6.652404321849659e-14,6.2241217842343824e-15,0.11980015425956352,0.0,0.11098382622689855,1.0,0.11060213205810641,1.004956883607067,0,145
FEM,34.0,0.9459672263056603,1026.0146893357166,1026.0146893356484,1026.0146893357169,5.2254225955573474,-5.294691835066452,-0.06926923951202327,-1.287156145557411e-13,1.215515638731127e-14,0.11829719447064241,0.0,0.11149083598766445,1.0,0.11111272916931154,1.0049271784910465,0,145
FEM,34.2,0.9463872395561295,1027.0501477337011,1027.0501477336325,1027.0501477337011,5.1772919899224235,-5.245986269051322,-0.06869427913156123,-5.636636990491439e-14,5.372332962195621e-15,0.11681225586062235,-2.2737367544323206e-13,0.1120078771830698,1.0,0.11163333875236152,1.0048978393712096,0,145
FEM,34.4,0.9468028515069894,1028.0761044766116,1028.0761044765425,1028.0761044766118,5.129783714553469,-5.1979111602962575,-0.06812744574576794,5.333060382195498e-14,5.1300033972589185e-15,0.11534859903395048,0.0,0.11253492861479308,1.0,0.11216392829790617,1.0048688603707732,0,145
FEM,34.6,0.9472141274042037,1029.0926819686335,1029.092681968564,1029.0926819686335,5.08288746010976,-5.150456052554681,-0.06756859244766517,-7.157642534227904e-14,6.94855218760262e-15,0.11390586252878104,0.0,0.11292637673793426,1.0,0.11255882418637699,1.004840235661269,0,146
FEM,34.800000000000004,0.9476211298769074,1030.1000006184033,1030.1000006183333,1030.1000006184036,5.0365932488500675,-5.103610825645337,-0.06701757679818963,-8.518359628784111e-15,8.345424366977033e-16,0.11248371264946397,2.2737367544323206e-13,0.11331652612167951,1.0,0.11295238793507148,1.004811959524463,0,146
FEM,35.0,0.9480239181690593,1031.0981789155794,1031.0981789155092,1031.0981789155796,4.990891485881548,-5.057365744289065,-0.06647425840978446,-1.6984330608593723e-13,1.679167719654165e-14,0.11108183079432009,-2.2737367544323206e-13,0.1137169649781819,1.0,0.11335621274230102,1.0047840263495365,0,146
FEM,35.2,0.9484225489480981,1032.0873334927355,1032.0873334926644,1032.0873334927355,4.9457728857805705,-5.01171138440197,-0.06593849862548713,-4.7818519977038676e-14,4.770677749505441e-15,0.10969991409160654,0.0,0.1141277457640814,1.0,0.1137703511953248,1.0047564306305574,0,146
FEM,35.4,0.9488170770608332,1033.0675791741428,1033.0675791740714,1033.0675791741428,4.901228407036342,-4.966638569779896,-0.06541016274512981,-5.763618748932942e-14,5.8023335782892e-15,0.10833766242330951,0.0,0.11454891293933323,1.0,0.11419484788993853,1.0047291669640181,0,146
FEM,35.6,0.949207556003967,1034.0390290159794,1034.0390290159075,1034.0390290159796,4.857249209184147,-4.922138328148016,-0.06488911896682731,6.382047668118673e-14,6.483003161065203e-15,0.10699478058631992,2.2737367544323206e-13,0.11498050327347072,1.0,0.11462973972968248,1.0047022300466364,0,146
FEM,35.800000000000004,0.9495940381790536,1035.0017943417965,1035.0017943417238,1035.0017943417965,4.813826629085725,-4.8782018673750365,-0.06437523829370576,-9.563530523060138e-15,9.802311162045014e-16,0.10567097795455907,0.0,0.1154225461429388,1.0,0.11507505622419785,1.0046756146732023,0,146
FEM,36.0,0.9499765750241176,1035.955984775354,1035.955984775281,1035.9559847753542,4.770952167788209,-4.834820562236644,-0.06386839445117942,-2.9335041340505796e-14,3.033725963857358e-15,0.10436596835074885,2.2737367544323206e-13,0.11587506382012643,1.0,0.11553081977860166,1.0046493157344647,0,146
FEM,36.2,0.9503552170830207,1036.901708271899,1036.9017082718256,1036.9017082718992,4.728617482726349,-4.7919859465344,-0.06336846381177028,8.311927535142871e-15,8.672737804198793e-16,0.1030794699786379,0.0,0.11633807175475809,1.0,0.115997045975018,1.0046233282150856,0,146
FEM,36.4,0.9507300140457227,1037.8390711483858,1037.8390711483116,1037.8390711483858,4.686814382433795,-4.749689707755177,-0.06287532532531506,-1.2170993379800876e-13,1.2812408945286822e-14,0.10181120536253861,0.0,0.11681157884811942,1.0,0.11647374384691292,1.004597647191646,0,146
FEM,36.6,0.9511010147756105,1038.7681781128751,1038.7681781128003,1038.7681781128754,4.645534822448099,-4.707923682897192,-0.062388860453229666,-5.371224298666988e-14,5.7044513255143196e-15,0.10056090129341896,-2.2737367544323206e-13,0.1172955877204181,1.0,0.11696091614653627,1.0045722678307043,0,146
FEM,36.800000000000004,0.951468267540847,1039.6891322932224,1039.6891322931472,1039.6891322932227,4.604770901737538,-4.6666798548404245,-0.06190895310594159,-5.3382645526234285e-14,5.719552999853491e-15,0.09932943092053255,2.2737367544323206e-13,0.11779009878218666,1.0,0.11745855960560751,1.004547185386893,0,147
FEM,37.0,0.9518318194438032,1040.602035214612,1040.602035214536,1040.602035214612,4.564514606947796,-4.625950224845681,-0.06143561790160821,-8.538916101974436e-14,9.229364440746715e-15,0.09811447257698047,-2.2737367544323206e-13,0.11829509982572063,1.0,0.11796666899931077,1.0045223951815403,0,147
FEM,37.2,0.952191716977802,1041.5069869229728,1041.5069869228964,1041.506986922973,4.52475854180534,-4.5857271521147425,-0.06096861031316238,-1.6826470772279833e-13,1.8346567746091566e-14,0.09691661897568468,2.2737367544323206e-13,0.11881057596295094,1.0,0.11848522673306595,1.004497892655742,0,147
FEM,37.4,0.952548005890291,1042.4040859729353,1042.4040859728582,1042.404085972935,4.485495249811038,-4.546003064368691,-0.060507814560397215,-1.616554112793267e-13,1.7779949660210712e-14,0.09573563828689707,-2.2737367544323206e-13,0.11933650710875122,1.0,0.11901421277200104,1.0044736733185433,0,147
FEM,37.6,0.9529007311961099,1043.2934294508016,1043.293429450724,1043.2934294508016,4.446717389331525,-4.506770512535802,-0.060053123206153504,-5.0980920873744395e-14,5.656036926212225e-15,0.09457128521512478,0.0,0.11987286815659833,1.0,0.1195536021180179,1.004449732759519,0,147
FEM,37.800000000000004,0.9532499371933029,1044.175112998274,1044.175112998196,1044.175112998274,4.408417737362242,-4.46802217021083,-0.05960443285142218,-1.7483063607937055e-13,1.9564656286280855e-14,0.09342331769675992,0.0,0.1204196292033716,1.0,0.12010336497876627,1.004426066647403,0,147
FEM,38.0,0.953595667478434,1045.0492308365071,1045.0492308364292,1045.0492308365074,4.3705891911668004,-4.429750833909161,-0.05916164274326512,-8.983959409736286e-14,1.0140479393292666e-14,0.09229149696693795,0.0,0.12097675576782065,1.0,0.12066346698578308,1.0044026707284734,0,147
FEM,38.2,0.9539379649873925,1045.9158757902355,1045.9158757901569,1045.9158757902353,4.333224768640775,-4.3919494227485885,-0.058724654110557245,-1.299871668636321e-13,1.4798345148319395e-14,0.09117573304615666,0.0,0.12154420949756338,1.0,0.1212338694063511,1.0043795408249718,0,146
FEM,38.400000000000006,0.9542768719763637,1046.7751393108197,1046.7751393107408,1046.7751393108197,4.296317602920681,-4.354610981826156,-0.05829337890691235,-3.664429870653407e-14,4.207528394552574e-15,0.09007575448958863,0.0,0.12212194774926642,1.0,0.12181452984380242,1.0043566728311075,0,146
FEM,38.6,0.9546124324104134,1047.6271114979888,1047.627111497909,1047.6271114979888,4.259860935845836,-4.317728660926491,-0.057867725084819334,-1.7426164677925016e-14,2.0179782064138944e-15,0.08900470971093465,0.0,0.12270996968103674,1.0,0.12240540181141107,1.0043340627147037,0,147
FEM,38.800000000000004,0.9549446779243774,1048.4718830369463,1048.4718830368656,1048.4718830369463,4.223857694787512,-4.2813052820319655,-0.05744758724854393,-1.6050528961475408e-14,1.8744901267412004e-15,0.08795240128711189,-2.2737367544323206e-13,0.12330823681678861,1.0,0.12300648080388087,1.0043117062901439,0,148
FEM,39.0,0.9552736199720937,1049.3095428996025,1049.3095428995211,1049.3095428996025,4.18829931328105,-4.24533218217438,-0.05703286889663315,-3.1096653030360244e-14,3.662452276516678e-15,0.08692868097864292,0.0,0.12391674180570633,1.0,0.1236177248620433,1.00428959961157,0,148
FEM,39.2,0.9555992677144601,1050.140179186336,1050.1401791862543,1050.1401791863364,4.153181433669033,-4.209804908930238,-0.056623475264546475,3.036113027654608e-14,3.606002051559339e-15,0.08590853775285676,0.0,0.12453538877465613,1.0,0.12423912336186381,1.004267738633557,0,148
FEM,39.400000000000006,0.9559216303314432,1050.9638785569691,1050.963878556887,1050.9638785569696,4.118496853168381,-4.174716172954632,-0.05621931979050832,3.56398938139435e-15,4.26854094235362e-16,0.0849022234056059,2.2737367544323206e-13,0.1251641145598776,1.0,0.12487057737093676,1.0042461197947872,0,148
FEM,39.6,0.9562407321709101,1051.7807267562503,1051.7807267561673,1051.7807267562503,4.084240996405697,-4.140061312000185,-0.05582031559859659,-3.516284485804988e-14,4.246657501920453e-15,0.08390955996082972,0.0,0.12580285304143202,1.0,0.12551202079464563,1.0042247394230794,0,148
FEM,39.800000000000004,0.9565566146472811,1052.590808231766,1052.5908082316826,1052.590808231766,4.050407377578722,-4.105833755141468,-0.05542637756465263,1.0732734145868505e-13,1.3070103158007932e-14,0.08293046726544279,2.2737367544323206e-13,0.12645153554888566,1.0,0.1261633846589901,1.0042035939100837,0,148
FEM,40.0,0.9568693305955026,1053.3942059364513,1053.394205936368,1053.3942059364517,4.0169885234286085,-4.072025945600487,-0.05503742217313855,-1.008767722132653e-13,1.2386558136035374e-14,0.0819648196666092,2.2737367544323206e-13,0.12711009081705862,1.0,0.12682459756155615,1.004182679708435,0,148
FEM,40.2,0.9571789373451253,1054.1910012618664,1054.1910012617825,1054.1910012618664,3.9839766270756627,-4.038629994544834,-0.05465336747268638,2.977305901818994e-14,3.686034504075991e-15,0.08101245177840619,0.0,0.12777844514932357,1.0,0.12749558581675605,1.0041619933313524,0,148
FEM,40.400000000000006,0.9574854916955471,1054.9812740585878,1054.9812740585035,1054.981274058588,3.9513639836081893,-4.00563811665954,-0.05427413305528051,7.679794300496923e-14,9.586230803717286e-15,0.08007317898091221,0.0,0.12845652258370868,1.0,0.1281762735518619,1.0041415313521485,0,148
FEM,40.6,0.9577890472507234,1055.7651027033999,1055.7651027033153,1055.7651027034,3.919143224061372,-3.9730428640966693,-0.053899640037682744,-1.9481378316088538e-13,2.4516949580547844e-14,0.07914681042370884,0.0,0.12914424498782873,1.0,0.1288665827570184,1.0041212904034182,0,148
FEM,40.800000000000004,0.9580896537715055,1056.542564183405,1056.54256418332,1056.5425641834051,3.8873074000264296,-3.940837211064057,-0.05352981103982859,4.6395179364999706e-14,5.886462302316173e-15,0.0782347323704463,2.2737367544323206e-13,0.12984153765917916,1.0,0.12956643331973403,1.0041012671760383,0,148
FEM,41.0,0.958387357280791,1057.313734252798,1057.3137342527125,1057.313734252798,3.855850346965326,-3.909014969862639,-0.05316462290036976,-5.4990734188464785e-14,7.0338352004796274e-15,0.07733863308521868,0.0,0.13054833048821038,1.0,0.13027574861807656,1.0040814583920785,0,148
FEM,41.2,0.9586821993223881,1058.0786874556893,1058.0786874556034,1058.0786874556893,3.8247660144566,-3.8775703403552058,-0.05280432590139644,-9.903536324351592e-15,1.2770285842758963e-15,0.07645275215031865,0.0,0.13126453178193015,1.0,0.13099445670487112,1.0040618607990697,0,148
FEM,41.400000000000006,0.9589742188290086,1058.8374971579083,1058.837497157822,1058.8374971579087,3.7940485110971167,-3.8464972021627233,-0.05244869106880813,-1.1205533029245984e-13,1.4565892603458703e-14,0.07557815775089717,0.0,0.13199005236906758,1.0,0.13172246416944125,1.0040424712917215,0,148
FEM,41.6,0.9592634526000423,1059.590235584284,1059.590235584197,1059.590235584284,3.7636921318789973,-3.815789681310875,-0.05209754943622683,2.6922908347160046e-14,3.5278291776678342e-15,0.07471500433302848,0.0,0.13272480251188642,1.0,0.132459680247671,1.0040232867978198,0,148
FEM,41.800000000000004,0.9595499357632681,1060.3369738650017,1060.3369738649144,1060.3369738650017,3.733691403588182,-3.785442173985217,-0.05175077039865762,5.860069374197252e-14,7.740270627389698e-15,0.07386331943053015,0.0,0.13312270043014846,1.0,0.13285991770147246,1.004004304292445,0,148
FEM,42.0,0.9598337021188015,1061.077782074914,1061.077782074826,1061.077782074914,3.7040410495615106,-3.7554492974253364,-0.051408247867512614,-1.3514363239597316e-14,1.799300452392723e-15,0.0730230553840551,0.0,0.13335015532922045,1.0,0.1330896381145065,1.0039855207991437,0,148
FEM,42.2,0.9601147843938932,1061.8127292650142,1061.812729264926,1061.8127292650142,3.6747359505011445,-3.7258058420257427,-0.05106989152565436,-3.462594794223506e-14,4.646772994940045e-15,0.07219411837377299,0.0,0.13357828200763094,1.0,0.13332000851588002,1.0039669333902503,0,148
FEM,42.400000000000006,0.9603932144340311,1062.5418834882612,1062.5418834881725,1062.5418834882612,3.645771116234755,-3.6965067375580603,-0.05073562132514729,-9.033225556454028e-14,1.2218597445894543e-14,0.07137638717722472,0.0,0.1338071403920649,1.0,0.13355108887550915,1.003948539186733,0,148
FEM,42.6,0.9606690233461695,1063.2653118217659,1063.265311821677,1063.265311821766,3.6171416675244927,-3.6675470315595007,-0.05040536403782154,-1.2216443134871469e-13,1.6654787286629767e-14,0.07056972501504738,0.0,0.13403678912005915,1.0,0.13378293793588872,1.003930335357755,0,148
FEM,42.800000000000004,0.9609422416040728,1063.9830803866626,1063.983080386573,1063.9830803866626,3.588842824483436,-3.638921875579065,-0.05007905109862859,-4.3961362328204245e-14,6.040437776805873e-15,0.06977398674189156,0.0,0.13426728551919104,1.0,0.13401561316609392,1.0039123191200374,0,148
FEM,43.0,0.9612128991237785,1064.6952543664302,1064.69525436634,1064.6952543664302,3.560869898838064,-3.6106265160938946,-0.049756617258779445,-9.120829091990856e-14,1.2630535242751128e-14,0.06898902311422618,0.0,0.1344986856019189,1.0,0.13424917074158332,1.003894487737152,0,148
FEM,43.2,0.9614810253164718,1065.401898024123,1065.401898024032,1065.401898024123,3.533218288464468,-3.5826562882041273,-0.04943799974347586,4.189357194483989e-15,5.846719385662517e-16,0.06821468331122567,0.0,0.13473104406981218,1.0,0.1344836655394759,1.003876838518723,0,148
FEM,43.400000000000006,0.9617466491252419,1066.1030747187856,1066.1030747186942,1066.1030747187856,3.5058834733126787,-3.55500661103261,-0.04912313772246104,7.619078978837734e-14,1.0715984261731003e-14,0.06745081642884615,0.0,0.13496441432342773,1.0,0.1347191511430612,1.0038593688196387,0,148
FEM,43.6,0.9620097990509332,1066.7988469212307,1066.798846921139,1066.798846921231,3.4788610122268437,-3.5276729841981975,-0.04881197197415055,4.318247148749066e-14,6.120532101601313e-15,0.06669727237977029,0.0,0.13519884847560198,1.0,0.13495567985180357,1.0038420760392381,0,148
FEM,43.800000000000004,0.9622705031709382,1067.489276229293,1067.4892762292006,1067.489276229293,3.452146540311105,-3.5006509849768577,-0.04850444466883402,-1.7220599946021764e-14,2.459628226280894e-15,0.06595390243251094,0.0,0.13543439736677867,1.0,0.13519330269464933,1.003824957620503,0,148
FEM,44.0,0.9625287891535631,1068.1744233826294,1068.1744233825368,1068.1744233826294,3.42573576668201,-3.4739362659061896,-0.04820049922560297,-1.3689570310670973e-14,1.9703254842381503e-15,0.06522055954246928,0.0,0.13567111058155015,1.0,0.13543206944527825,1.0038080110492564,0,148
FEM,44.2,0.9627846842696325,1068.8543482771238,1068.8543482770306,1068.8543482771238,3.399624472472169,-3.4475245526836247,-0.0479000802146733,-6.009168856957459e-14,8.715193706564022e-15,0.06449709854882649,0.0,0.13590903646586858,1.0,0.13567202863849911,1.003791233853383,0,148
FEM,44.400000000000006,0.963038215402376,1069.5291099789197,1069.5291099788258,1069.5291099789197,3.3738085089794367,-3.4214116422640046,-0.04760313328815243,-1.257978096691481e-13,1.8383904484793258e-14,0.06378337629121186,0.0,0.1361482221446063,1.0,0.13591322758727842,1.0037746236020493,0,148
FEM,44.6,0.96328940905621,1070.1987667381145,1070.1987667380204,1070.198766738115,3.3482837959763856,-3.395593401101273,-0.04730960512848681,-8.322769556867726e-14,1.2255250516984806e-14,0.06307925167175259,2.2737367544323206e-13,0.13638871353923943,1.0,0.13615571240008717,1.0037581779049383,0,148
FEM,44.800000000000004,0.9635382913647881,1070.8633760021332,1070.8633760020386,1070.8633760021335,3.323046320094818,-3.370065763499433,-0.047019443408459045,1.1741475847149019e-14,1.7420247364772677e-15,0.06238458568600365,0.0,0.1366305553855348,1.0,0.13639952799836325,1.003741894411512,0,148
FEM,45.0,0.9637848880985498,1071.5229944287921,1071.5229944286975,1071.5229944287926,3.2980921332966773,-3.344824730052352,-0.046732596758483215,2.0729945537922845e-15,3.098808937828812e-16,0.06169924142432105,2.2737367544323206e-13,0.1368737912511311,1.0,0.13664471813397525,1.003725770810273,0,148
FEM,45.2,0.964029224671898,1072.1776778990761,1072.1776778989813,1072.1776778990766,3.2734173514222675,-3.3198663661581023,-0.046449014738926174,-6.365567795096894e-15,9.587084377827607e-16,0.06102308406570724,4.547473508864641e-13,0.1371184635529914,1.0,0.1368913254065862,1.003709804828047,0,148
FEM,45.400000000000006,0.9642713261501028,1072.8274815296331,1072.827481529538,1072.8274815296331,3.2490181527850837,-3.29518680059941,-0.04616864781581833,-1.2316189734740135e-13,1.868815105185687e-14,0.0603559808573655,0.0,0.13736461357468685,1.0,0.13713939128090175,1.0036939942292809,0,148
FEM,45.6,0.9645112172559717,1073.4724596850024,1073.4724596849069,1073.4724596850024,3.224890776846223,-3.2707822241826605,-0.045891447338915786,-2.134369070372344e-13,3.262780772426534e-14,0.05969780108534823,0.0,0.13761228148348753,1.0,0.13738895610376023,1.0036783368153575,0,148
FEM,45.800000000000004,0.9647489223763254,1074.1126659895847,1074.112665989489,1074.1126659895847,3.201031522911535,-3.246648888431686,-0.04561736552167272,-2.0459762356539457e-13,3.150904680428483e-14,0.059048416047289554,-2.2737367544323206e-13,0.1378615063472804,1.0,0.13764005912104355,1.0036628304239101,0,148
FEM,46.0,0.9649844655682885,1074.7481533393668,1074.7481533392706,1074.748153339367,3.1774367489117594,-3.2227831043312705,-0.04534635542237915,-1.2823249406768156e-13,1.9894682626219244e-14,0.05840769901760786,0.0,0.13811232615129873,1.0,0.13789273849442954,1.0036474729281726,0,148
FEM,46.2,0.9652178705654052,1075.3789739134056,1075.378973913309,1075.3789739134058,3.1541028701951745,-3.1991812411184952,-0.045078370926368995,-3.199957659960617e-14,5.001213464918177e-15,0.057775525212945905,0.0,0.13836477781467443,1.0,0.13814703131796824,1.003632262236326,0,148
FEM,46.400000000000006,0.9654491607835773,1076.0051791850838,1076.0051791849867,1076.005179185084,3.131026358391864,-3.175839725118024,-0.04481336672912052,-2.596967779711079e-14,4.088631676167722e-15,0.057151771758754764,2.2737367544323206e-13,0.1385025679378729,1.0,0.1382866152051223,1.003617196290864,0,148
FEM,46.6,0.9656783593268304,1076.6268199331444,1076.6268199330468,1076.6268199331444,3.108203740302997,-3.152755038620114,-0.044551298319883796,-7.298935761346215e-14,1.1575488218928646e-14,0.056536317652899334,0.0,0.1386309179438745,1.0,0.13841673861091539,1.0036022730679737,0,148
FEM,46.800000000000004,0.9659054889929046,1077.243946252511,1077.243946252413,1077.2439462525113,3.085631596834446,-3.129923718797393,-0.044292121965946424,8.794354133812021e-14,1.4048831415589343e-14,0.05592904373361321,0.0,0.13875891583845162,1.0,0.1385464920047096,1.0035874905769229,0,148
FEM,47.0,0.9661305722786684,1077.856607564904,1077.8566075648057,1077.8566075649042,3.0633065619656463,-3.1073423566602187,-0.0440357946973937,-5.525007534812332e-14,8.890245908964018e-15,0.05532983264583816,0.0,0.1388866231863655,1.0,0.13867593713219803,1.0035728468594638,0,148
FEM,47.2,0.9663536316086296,1078.4648526292558,1078.4648526291564,1078.4648526292556,3.0412253217582474,-3.085007596046111,-0.043782274292141585,1.1891529427821013e-15,1.9273095863772757e-16,0.05474006571444068,0.0,0.13901410637554354,1.0,0.1388051348473997,1.003558339989258,0,149
FEM,47.400000000000006,0.9665746887145261,1079.0687294558047,1079.0687294557051,1079.0687294558047,3.0193841327445625,-3.0629158686601556,-0.04353173591656372,-8.693566699857769e-15,1.419165114655812e-15,0.054156949193383465,0.0,0.13914142069284308,1.0,0.13893415082667715,1.0035439680478715,0,149
FEM,47.6,0.9667937652180969,1079.6682854841097,1079.6682854840099,1079.6682854841101,2.9977801415270733,-3.0410641100782385,-0.043283968554095435,3.5747446669454064e-14,5.87745693209295e-15,0.053581535718648925,2.2737367544323206e-13,0.13926862497053577,1.0,0.13906303964340166,1.0035297291895668,0,148
FEM,47.800000000000004,0.9670108824942536,1080.263567531364,1080.2635675312638,1080.2635675313645,2.976410236274205,-3.0194491472519545,-0.04303891098217251,-3.022842393063385e-14,5.0056189815488444e-15,0.05301396484901582,0.0,0.1393957781140679,1.0,0.13919185941622966,1.0035156215806473,0,148
FEM,48.0,0.967226061567967,1080.8546217993262,1080.8546217992252,1080.8546217993262,2.955271339810679,-2.9980678539514187,-0.04279651414467467,-6.959103432402358e-14,1.1605980537141236e-14,0.05245368789587665,0.0,0.13952293645329988,1.0,0.1393206683368962,1.0035016434132042,0,148
FEM,48.2,0.9674393232150245,1081.441493882824,1081.4414938827226,1081.441493882824,2.934360417489188,-2.9769171499467433,-0.04255673246026159,-5.524226909248142e-14,9.27843576255466e-15,0.05190071571837519,0.0,0.13965015588392113,1.0,0.13944952202158603,1.0034877929153685,0,148
FEM,48.400000000000006,0.9676506879598193,1082.0242287785502,1082.0242287784483,1082.0242287785502,2.91367447863081,-2.955994001520928,-0.04231952289275483,5.358127136423363e-14,9.063156308274123e-15,0.05135498960248675,0.0,0.13977749159833627,1.0,0.13957847565289455,1.0034740683420196,0,148
FEM,48.6,0.9678601760712192,1082.6028708916747,1082.6028708915726,1082.602870891675,2.8932105656235763,-2.9352954100729676,-0.04208484445190153,1.4840559336981585e-13,2.527949876194288e-14,0.05081642538448364,-2.2737367544323206e-13,0.1399049979849583,1.0,0.1397075837110267,1.003460467975409,0,148
FEM,48.800000000000004,0.9680678075621723,1083.177464042512,1083.177464042409,1083.177464042512,2.8729657541862252,-2.914818412015201,-0.041852657833288585,-2.287840056292012e-14,3.924498429918639e-15,0.05028492915584908,0.0,0.1400327285877728,1.0,0.13983689987340808,1.0034469901250953,0,148
FEM,49.0,0.9682736021906874,1083.7480514737836,1083.7480514736803,1083.7480514737838,2.852937156359303,-2.894560081501808,-0.04162292514477396,4.0929933053934775e-14,7.070147431986059e-15,0.04976040363794668,2.2737367544323206e-13,0.1401607360906395,1.0,0.13996647697455822,1.0034336331276277,0,148
FEM,49.2,0.9684775816437187,1084.314675858529,1084.314675858425,1084.314675858529,2.833121923727049,-2.874517533417567,-0.0413956096934707,-2.919192665373771e-14,5.077708922341465e-15,0.04925796354882642,0.0,0.14028913183182196,1.0,0.1400963669906918,1.0034203953461527,0,148
FEM,49.400000000000006,0.9686797619595183,1084.8773785395958,1084.877378539491,1084.8773785395956,2.8135134053331967,-2.8546842614182424,-0.04117085608855268,2.091122414116242e-14,3.6626159368603205e-15,0.04876212485987776,-2.2737367544323206e-13,0.14041796636069798,1.0,0.14022668055838203,1.0034072749341627,0,148
FEM,49.6,0.9688801515132524,1085.436200650588,1085.436200650483,1085.436200650588,2.79411055496098,-2.8350592574768854,-0.040948702517467336,-1.117517536841639e-13,1.970889204333399e-14,0.04827017552384119,0.0,0.14054727907766804,1.0,0.14035746752691328,1.0033942703137035,0,149
FEM,49.800000000000004,0.9690787465565208,1085.9911835319726,1085.9911835318674,1085.9911835319729,2.774914406924154,-2.8156434411502005,-0.04072903422841954,-2.7873536811995336e-14,4.949763241434638e-15,0.04778815075292119,0.0,0.14067713259535017,1.0,0.14048876658612966,1.0033813799733298,0,149
FEM,50.0,0.9692755156137824,1086.542369040438,1086.5423690403322,1086.5423690404382,2.755927542327754,-2.7964392924300654,-0.04051175010536146,-1.943792349301532e-13,3.475477466223385e-14,0.04731040516935525,2.2737367544323206e-13,0.14080756683685142,1.0,0.14062063965498145,1.003368602329033,0,149
FEM,50.2,0.9694704866930268,1087.0897984690541,1087.089798468948,1087.0897984690544,2.737147143081984,-2.7774439081861075,-0.040296765107691326,-2.7956803538842223e-14,5.032829548136994e-15,0.046838639633051966,2.2737367544323206e-13,0.1409386279231194,1.0,0.14075312597002826,1.00335593590518,0,149
FEM,50.400000000000006,0.9696636889142694,1087.633512393878,1087.6335123937715,1087.6335123938784,2.718569624121301,-2.7586536325831332,-0.04008400846497816,-8.655402783386279e-14,1.5687730204963505e-14,0.046372807810258085,2.2737367544323206e-13,0.14107036129699915,1.0,0.1408862709625911,1.003343379221185,0,149
FEM,50.6,0.9698551480424763,1088.173550742738,1088.1735507426313,1088.1735507427384,2.700191744302174,-2.7400651666622124,-0.039873422363894094,-9.050486055039997e-14,1.6515092715948803e-14,0.04591286573941163,2.2737367544323206e-13,0.14120281172821236,1.0,0.14102011938379305,1.0033309308189007,0,149
FEM,50.800000000000004,0.9700448885270717,1088.709952830341,1088.709952830234,1088.7099528303413,2.6820104380169596,-2.7216753976315573,-0.039664959618484076,-2.0886070650760757e-14,3.8369878106921226e-15,0.0454587584517854,2.2737367544323206e-13,0.14133602326842887,1.0,0.14115471531284682,1.0033185892625487,0,149
FEM,51.0,0.9702329346586129,1089.2427573652635,1089.242757365156,1089.2427573652635,2.66402267461217,-2.7034812558146513,-0.03945858120435215,-4.419121318877117e-14,8.173020081738935e-15,0.04501042003084764,0.0,0.141470039209234,1.0,0.1412901021152847,1.003306353138721,0,149
FEM,51.2,0.9704193106550055,1089.7720024515065,1089.7720024513983,1089.7720024515065,2.6462254312150435,-2.6854796852173948,-0.039254254005919226,-1.938553484404082e-14,3.609324425490608e-15,0.04456777720542923,0.0,0.14160490205630052,1.0,0.1414263224032338,1.0032942210562952,0,149
FEM,51.400000000000006,0.9706040403443134,1090.2977255949866,1090.297725594878,1090.2977255949868,2.628615717401317,-2.6676676663430285,-0.03905194894423244,-1.2398936044544229e-14,2.3239281640983882e-15,0.04413075285583553,0.0,0.14174065351841028,1.0,0.141563418010687,1.0032821916462586,0,149
FEM,51.6,0.9707871468403688,1090.819963716479,1090.8199637163698,1090.819963716479,2.611190607461822,-2.650042246988427,-0.03885163952988582,-8.626085956642271e-14,1.627537441420005e-14,0.04369926852245801,-2.2737367544323206e-13,0.14187733450634224,1.0,0.14170142998245547,1.003270263561431,0,149
FEM,51.800000000000004,0.9709686523424653,1091.338753169092,1091.3387531689818,1091.338753169092,2.5939472630648197,-2.632600563876025,-0.03865330081530663,-6.723961665233702e-14,1.2770569446601984e-14,0.04327324592577639,0.0,0.1420149851369679,1.0,0.14184039857217492,1.0032584354761003,0,149
FEM,52.0,0.9711485780625305,1091.854129757859,1091.8541297577488,1091.8541297578593,2.5768829438368357,-2.615339852520208,-0.03845690868523532,-1.3336554083309693e-14,2.5496789777537898e-15,0.042852607771009785,-2.2737367544323206e-13,0.1421536447394118,1.0,0.1419803632451842,1.0032467060856376,0,149
FEM,52.2,0.9713269442428097,1092.3661287595746,1092.3661287594637,1092.3661287595748,2.559995008579108,-2.598257447986967,-0.03826243941271459,-3.731997350042704e-14,7.181731265565368e-15,0.042437278093757566,2.2737367544323206e-13,0.1422933518615245,1.0,0.14212136268353245,1.0032350741060656,0,149
FEM,52.400000000000006,0.9715037702250942,1092.8747849417073,1092.874784941596,1092.8747849417077,2.543280910665544,-2.5813507800716806,-0.03806986940936775,4.103054701554143e-14,7.94749542221774e-15,0.04202718235387608,4.547473508864641e-13,0.14243414427599396,1.0,0.14226343479162934,1.003223538273653,0,149
FEM,52.6,0.9716790745424229,1093.3801325798354,1093.3801325797235,1093.3801325798354,2.5267381906405717,-2.5646173657462654,-0.03787917510903833,2.5826563110342704e-14,5.035168882358932e-15,0.04162224741003282,0.0,0.1425760589860379,1.0,0.14240661670195853,1.00321209734449,0,149
FEM,52.800000000000004,0.9718528750149964,1093.8822054734023,1093.88220547329,1093.8822054734023,2.5103644678347337,-2.548054800768085,-0.03769033293598358,-4.8031890964583823e-14,9.425207603478601e-15,0.041222401445566395,0.0,0.14271913223089083,1.0,0.14255094478078742,1.003200750094105,0,149
FEM,53.0,0.9720251898580221,1094.3810369598477,1094.381036959735,1094.381036959848,2.4941574322281213,-2.5316607515467453,-0.037503319321836516,1.102859123469635e-13,2.178133706886145e-14,0.040835201049049114,2.2737367544323206e-13,0.14286343067292395,1.0,0.14269645463398486,1.003189495317078,0,150
FEM,53.2,0.9721960359315109,1094.876661151698,1094.876661151585,1094.8766611516985,2.478120959253829,-2.5154390676594574,-0.03731810840849562,1.1231380409038039e-13,2.2324890619358372e-14,0.040454597899496805,0.0,0.14300899592658178,1.0,0.14284321229542798,1.0031782894991677,0,150
FEM,53.400000000000006,0.9723654286173684,1095.3691117070807,1095.3691117069668,1095.3691117070805,2.462252776912237,-2.4993874535605443,-0.03713467665224145,3.369700352084948e-14,6.741052387219781e-15,0.04007297202247193,-2.2737367544323206e-13,0.1431558378947349,1.0,0.14299125875491236,1.0031671289447248,0,150
FEM,53.6,0.9725333836581235,1095.8584206308433,1095.8584206307294,1095.8584206308435,2.4465446188139595,-2.483497621142419,-0.03695300233008887,-1.339813676670687e-14,2.6974329777169825e-15,0.03969604772487386,-2.2737367544323206e-13,0.14330398941857014,1.0,0.14314060329540906,1.003156054497384,0,150
FEM,53.800000000000004,0.9726999164288725,1096.344619499053,1096.3446194989383,1096.344619499053,2.430994341048063,-2.4677674025697627,-0.03677306152464583,-4.9231452248221785e-14,9.974897187823731e-15,0.039323775490629743,-2.2737367544323206e-13,0.1434534826726262,1.0,0.1432912781448003,1.0031450693965738,0,150
FEM,54.0,0.9728650419752228,1096.8277394785782,1096.827739478463,1096.8277394785782,2.4155998976266346,-2.4521947287452903,-0.036594831122566666,-7.849623728795052e-15,1.6005302590315073e-15,0.03895610061749533,0.0,0.14360434914745232,1.0,0.14344331487066722,1.0031341744432585,0,150
FEM,54.2,0.9730287750445888,1097.3078113382448,1097.3078113381293,1097.307811338245,2.4003592983342514,-2.436777586882428,-0.03641828855080298,-7.89767556907961e-14,1.6205162940577406e-14,0.03859296606992798,0.0,0.14375661964421654,1.0,0.14359674436329944,1.0031233692153072,0,150
FEM,54.400000000000006,0.9731911301119351,1097.784865456309,1097.7848654561928,1097.784865456309,2.3852705903209426,-2.4215140019574903,-0.036243411639977324,-8.490257108473287e-14,1.753088584580549e-14,0.03823431391902077,-2.2737367544323206e-13,0.1439103242754167,1.0,0.14375159683052322,1.0031126526987724,0,150
FEM,54.6,0.9733521214009796,1098.2589318264754,1098.2589318263585,1098.2589318264754,2.370331850831917,-2.4064020293846085,-0.036070178556296115,1.9930238015497537e-14,4.141086520895967e-15,0.0378800860726181,0.0,0.14406549246870878,1.0,0.14390790179852492,1.0031020236163921,0,150
FEM,54.800000000000004,0.9735117629017201,1098.730040063451,1098.7300400633342,1098.7300400634513,2.3555411848792573,-2.3914397526478197,-0.03589856776981718,1.0528036775703242e-14,2.2011921404341798e-15,0.037530224656165706,0.0,0.14422215297234953,1.0,0.1440656881157059,1.0030914805966333,0,150
FEM,55.0,0.9736700683850041,1099.1982194084208,1099.1982194083034,1099.1982194084208,2.3408967248485624,-2.376625282887481,-0.0357285580417332,-8.58427912087123e-14,1.8059807708594003e-14,0.03718467220642171,-4.547473508864641e-13,0.14438033386142637,1.0,0.14422498395808653,1.0030810222581485,0,150
FEM,55.2,0.973827051414732,1099.6634987345521,1099.6634987344344,1099.6634987345524,2.3263966306581096,-2.361956759075774,-0.03556012842073164,4.849419477093164e-15,1.0265682168939404e-15,0.03684337177401241,2.2737367544323206e-13,0.14454006254446147,1.0,0.1443858168354557,1.0030706472495226,0,150
FEM,55.400000000000006,0.9739827253581638,1100.1259065525476,1100.1259065524293,1100.1259065525476,2.3120390899771337,-2.3474323482177724,-0.03539325824345561,8.636320825150534e-15,1.839524966864808e-15,0.036506266984361616,0.0,0.14470136577019363,1.0,0.14454821359786724,1.003060354265696,0,150
FEM,55.6,0.9741371033946996,1100.5854710161975,1100.5854710160793,1100.585471016198,2.297822318251974,-2.333050245385607,-0.03522792713613282,-1.6661845514409634e-13,3.570828692471395e-14,0.036173302064981434,2.2737367544323206e-13,0.14486426963438906,1.0,0.1447122004423033,1.0030501420525988,0,150
FEM,55.800000000000004,0.9742901985234388,1101.0422199279064,1101.0422199277878,1101.0422199279064,2.2837445585446403,-2.3188086735578537,-0.03506411501595833,-1.164181598345415e-13,2.510301111989695e-14,0.035844421870934944,-2.2737367544323206e-13,0.14502879958667358,1.0,0.14487780291936558,1.0030400094061573,0,150
FEM,56.0,0.9744420235697483,1101.4961807441478,1101.4961807440284,1101.4961807441475,2.2698040812053932,-2.3047058832947016,-0.03490180209186781,2.3768313706096222e-14,5.156474385379044e-15,0.03551957189369981,0.0,0.14519498043732695,1.0,0.14504504593999734,1.003029955168875,0,150
FEM,56.2,0.9745925911910264,1101.9473805808348,1101.947380580715,1101.9473805808348,2.2559991834350512,-2.29074015229709,-0.034740968864163564,-9.076940588048643e-15,1.981224404466463e-15,0.03519869827277981,0.0,0.14536283636406122,1.0,0.14521395378217736,1.0030199782256426,0,150
FEM,56.400000000000006,0.9747419138818111,1102.3958462185894,1102.3958462184687,1102.3958462185892,2.2423281887722624,-2.276909784892375,-0.034581596123349705,-5.924080670460796e-16,1.3009036874811015e-16,0.034881747802045164,0.0,0.14553239091877831,1.0,0.14538455009761495,1.003010077499566,0,150
FEM,56.6,0.9748900039783511,1102.841604107896,1102.8416041077753,1102.841604107896,2.2287894465330282,-2.263213111480461,-0.03442366494797131,-9.680624357688572e-14,2.13869041067788e-14,0.03456866793317204,0.0,0.14570366703431123,1.0,0.1455568579184409,1.0030002519481358,0,150
FEM,56.800000000000004,0.9750368736627277,1103.2846803741497,1103.284680374028,1103.2846803741495,2.215381331267281,-2.2496484879660485,-0.03426715670187146,2.4868128389865518e-14,5.527114240930174e-15,0.03425940678243833,-4.547473508864641e-13,0.14587668703117695,1.0,0.1457308996638952,1.0029905005598603,0,150
FEM,57.0,0.9751825349666063,1103.7251008225821,1103.7251008224603,1103.7251008225824,2.202102242163164,-2.236214295191658,-0.034112053030888906,-3.5920919017051745e-14,8.031636121428572e-15,0.03395391312665265,-2.2737367544323206e-13,0.14605147262431276,1.0,0.14590669714704507,1.0029808223513728,0,150
FEM,57.2,0.9753269997746788,1104.1628909430874,1104.162890942965,1104.1628909430876,2.188950602527484,-2.2229089383826945,-0.03395833585912722,-1.9071549894889017e-14,4.289773090918417e-15,0.03365213640949945,0.0,0.14622804492984912,1.0,0.14608427158149445,1.002971216364963,0,150
FEM,57.400000000000006,0.9754702798278423,1104.598075914933,1104.59807591481,1104.5980759149331,2.175924859228644,-2.209730846609574,-0.03380598738497365,1.09724729302485e-13,2.4827623117706177e-14,0.03335402673724359,2.2737367544323206e-13,0.14640642447188992,1.0,0.146263643588147,1.0029616816664693,0,150
FEM,57.6,0.9756123867261531,1105.0306806113722,1105.0306806112485,1105.0306806113722,2.1630234821964223,-2.1966784722700936,-0.03365499007700278,-1.1594891713428979e-14,2.6391872683665403e-15,0.0330595348793837,0.0,0.14658663118932408,1.0,0.14644483320197899,1.0029522173435086,0,150
FEM,57.800000000000004,0.9757533319315933,1105.4607296041572,1105.460729604033,1105.4607296041575,2.1502449639262977,-2.1837502905928545,-0.03350532666969047,-8.569533971325427e-16,1.9621139853386767e-16,0.032768612262543975,2.2737367544323206e-13,0.14676868444265012,1.0,0.14662785987885468,1.0029428225039323,0,150
FEM,58.0,0.9758931267706702,1105.8882471679585,1105.8882471678335,1105.8882471679585,2.1375878190065123,-2.1709447991613047,-0.03335698015916606,9.210514295698857e-15,2.1213147149683064e-15,0.03248121097089924,0.0,0.1469526030208446,1.0,0.1468127425023576,1.0029334962745304,0,150
FEM,58.2,0.9760317824368747,1106.3132572846907,1106.3132572845655,1106.3132572846907,2.12505058366105,-2.15826051745843,-0.03320993379897194,6.090527387980771e-14,1.4109805880039766e-14,0.03219728373869696,0.0,0.14713840514824228,1.0,0.14699949939066792,1.0029242377998897,0,150
FEM,58.400000000000006,0.9761693099930174,1106.735783647758,1106.7357836476322,1106.735783647758,2.112631815335817,-2.145695986429466,-0.03306417109584441,-3.422262473407045e-14,7.974714253672283e-15,0.03191678394750786,0.0,0.14732610849145053,1.0,0.14718814830345392,1.00291504624142,0,150
FEM,58.6,0.9763057203734521,1107.15584966621,1107.1558496660837,1107.15584966621,2.100330092260947,-2.1332497680630667,-0.03291967580551726,5.839599637180726e-14,1.3687097789956108e-14,0.03163966561896754,0.0,0.14751573016627795,1.0,0.14737870644879775,1.0029059207764908,0,150
FEM,58.800000000000004,0.9764410244493771,1107.5734784688225,1107.5734784686956,1107.5734784688225,2.088144013061992,-2.1209204449883785,-0.03277643192871542,-1.270624230831352e-13,2.9954547183348424e-14,0.03136641019136782,-2.2737367544323206e-13,0.14770728903002076,1.0,0.14757119049013415,1.0028968605976798,0,151
FEM,59.0,0.9765752330556542,1107.988692983988,1107.9886929838606,1107.9886929839881,2.0760725758282206,-2.108706996856675,-0.032634421032294005,-6.134155683401588e-14,1.4544826978190488e-14,0.031097717672309226,0.0,0.1479008066525349,1.0,0.14776561883838826,1.0028878602431066,0,150
FEM,59.2,0.9767083567007234,1108.4015158028606,1108.4015158027325,1108.4015158028606,2.0641140943632763,-2.0966076767194792,-0.03249358235943043,-1.2090935891384547e-13,2.883452165522376e-14,0.030831854531699024,2.2737367544323206e-13,0.1480962967466808,1.0,0.14796201262294878,1.0028789282240926,0,150
FEM,59.400000000000006,0.9768404057821304,1108.811969255902,1108.8119692557736,1108.8119692559023,2.0522672652089113,-2.084621197141665,-0.032353931935638125,-1.7420960507497085e-14,4.178447511560334e-15,0.030568855746195518,2.2737367544323206e-13,0.14829377283467135,1.0,0.14816038512284752,1.002870061602212,0,150
FEM,59.6,0.9769713922854651,1109.2200754235091,1109.2200754233806,1109.2200754235096,2.0405308380372844,-2.072746308316148,-0.032215470281375606,4.805184028455756e-15,1.1591346247183685e-15,0.030323122363824923,0.0,0.14849331104841143,1.0,0.1483607494326349,1.002861258394638,0,151
FEM,59.800000000000004,0.9771013282963683,1109.6258589294398,1109.6258589293113,1109.6258589294403,2.0289175296557005,-2.060995712513062,-0.03207818285980521,-5.950882148164638e-14,1.443691054772972e-14,0.030096742988690764,0.0,0.14869499667094896,1.0,0.14856318125687656,1.002852517050392,0,151
FEM,60.0,0.9772302229152435,1110.0293466536502,1110.0293466535206,1110.0293466536502,2.017438621052179,-2.0493806733706776,-0.03194205232365583,-3.274030352384827e-14,7.987853098555409e-15,0.029866137029557833,0.0,0.14889881159562507,1.0,0.1487677654591071,1.0028438363036032,0,151
HODDPNM,0.0,0.0,88.99999999999999,88.99999999999999,88.99999999999999,0.0,0.0,0.0,0.0,0.0,0.0,0.0,0.0,1.0,0.0,1.0,0,0
HODDPNM,0.2,1.1240377837650787e-05,117.46033879349874,117.46033879349872,117.46033879349876,142.3016939674939,-154.8165899030489,-12.51489593555524,-1.2299509267134839e-14,3.97228400226267e-17,5.019109835189481,0.0,0.0,1.0,-0.10376639286926279,1.0,788,0
HODDPNM,0.4,0.00011360009119185975,146.1537582124175,146.1537582124174,146.1537582124175,143.4670970945938,-153.80714479208564,-10.34004769749235,1.0686106598473823e-14,3.473865473843603e-17,3.149791860491007,0.0,0.0,1.0,-0.07663056362584054,1.0,725,0
HODDPNM,0.6000000000000001,0.0005945473160022024,174.89240435831135,174.89240435831113,174.89240435831135,143.69323072946926,-152.18699871132878,-8.493767981860092,5.460968653626077e-15,1.7941639889963714e-17,2.394302754576131,2.842170943040401e-14,0.0,1.0,-0.069168554067111,1.0,691,0
HODDPNM,0.8,0.002130407290963473,203.4667825166188,203.46678251661848,203.46678251661882,142.87189079153734,-149.8649011719097,-6.993010380372885,-2.0222807827667076e-15,6.7470126992809014e-18,2.057422474698427,0.0,0.0,1.0,-0.06185988083678966,1.0,659,0
HODDPNM,1.0,0.005877537530836971,231.6707808611913,231.6707808611909,231.67078086119136,141.01999172286284,-146.80888187107738,-5.788890148215215,4.665409692429462e-15,1.5889398628233056e-17,1.8655283377063367,0.0,0.0,1.0,-0.05475054248085776,1.0,626,0
HODDPNM,1.2000000000000002,0.01332513381919531,259.30796422113633,259.30796422113576,259.3079642211364,138.18591679972542,-143.0083683269844,-4.822451527259964,-4.201867240156322e-15,1.4690983784070813e-17,1.8403081214822228,0.0,0.0,1.0,-0.04810559154971669,1.0,558,0
HODDPNM,1.4000000000000001,0.025985505948390063,286.2005808719574,286.2005808719566,286.2005808719574,134.4630832541054,-138.5115124294132,-4.048429175308788,2.362250086771463e-14,8.527269846884677e-17,1.824752574165587,-5.684341886080802e-14,0.0,1.0,-0.05215506932949528,1.0,552,0
HODDPNM,1.6,0.044957849225983615,312.1953280716051,312.19532807160414,312.1953280716051,129.97373599823845,-133.398493975276,-3.424757977038455,3.934471383665859e-14,1.4747060729167823e-16,1.7939119559497376,5.684341886080802e-14,0.0,1.0,-0.05970449869490368,1.0054748919961172,529,1
HODDPNM,1.8,0.07080464430872177,337.1627780727987,337.16277807279766,337.16277807279874,124.8372500059682,-127.75699976580488,-2.919749759837317,4.323033214786398e-14,1.6918968129773972e-16,1.7066208723932164,5.684341886080802e-14,0.0,1.0,-0.0637459323962436,1.0182741988223594,511,2
HODDPNM,2.0,0.10355591436017607,361.0015886077538,361.00158860775264,361.0015886077539,119.194052674776,-121.70201022351868,-2.5079575487437014,1.4012376777276928e-14,5.756838671580546e-17,1.619580756139612,0.0,0.0,1.0,-0.06872109668565644,1.0210996237182521,520,5
HODDPNM,2.2,0.14210718773373227,383.63749705024117,383.6374970502398,383.6374970502412,113.17954221243724,-115.35111383119768,-2.1715716187618526,-6.252548097414287e-14,2.710224413855289e-16,1.4408535746907765,0.0,0.0,1.0,-0.07274033989262625,1.0232344317516227,495,13
HODDPNM,2.4000000000000004,0.18488947948435516,405.03297178636143,405.03297178636,405.03297178636154,106.97737368060189,-108.87139320013313,-1.8940195195322558,-2.685331494054725e-16,1.2332585333588938e-18,1.1549138305177862,5.684341886080802e-14,0.0,1.0,-0.07495968300750128,1.0273821458212986,456,24
HODDPNM,2.6,0.23018933608150738,425.18385268329905,425.1838526832976,425.18385268329916,100.75440448468868,-102.41528010799415,-1.6608756233063018,-2.3104864182450987e-14,1.12799887663674e-16,0.7710943612551096,0.0,0.0,1.0,-0.07601331414285564,1.0562633711617777,433,33
HODDPNM,2.8000000000000003,0.2762237850097564,444.1126189723377,444.11261897233595,444.1126189723377,94.64383144519331,-96.10552651772454,-1.4616950725326239,-3.255019614232761e-14,1.6934612046646562e-16,0.47439764138369067,-5.684341886080802e-14,0.0,1.0,-0.07535687993704297,1.0675188322624274,416,44
HODDPNM,3.0,0.3213929012743735,461.8671888562981,461.8671888562961,461.8671888562982,88.77284941980236,-90.06538970329188,-1.292540283491203,4.4254401387732655e-14,2.456792866467481e-16,0.1680594392897189,0.0,0.0,1.0,-0.07299188781520724,1.0704406165895077,402,55
HODDPNM,3.2,0.36439705554849344,478.51821691367684,478.5182169136745,478.51821691367684,83.25514028689355,-84.40791258825735,-1.1527723013653435,-5.901775856704296e-14,3.4959849590720037e-16,0.12198060227075302,0.0,0.00014774714897831113,1.0,-0.06980735799052769,1.0702448639002107,399,67
HODDPNM,3.4000000000000004,0.4043484726871905,494.14977925165755,494.14977925165505,494.1497792516576,78.15781168990384,-79.19832280317854,-1.0405111132757698,-2.054047273795153e-15,1.2967744777246103e-17,0.3723941634312382,0.0,0.00045961956205306466,1.0,-0.061712785301020756,1.068141795882542,235,76
HODDPNM,3.6,0.4408897307868063,508.8525261935573,508.85252619355447,508.85252619355725,73.51373470949852,-74.46723181917014,-0.9534971096729967,8.322596762146486e-14,5.588093285350187e-16,0.5961200529807796,-5.684341886080802e-14,0.0007491358492621315,1.0,-0.05022077452685808,1.0650126900280084,209,88
HODDPNM,3.8000000000000003,0.4739995812149344,522.7113607892952,522.7113607892921,522.7113607892952,69.29417297868952,-70.17933101169005,-0.885158033001711,2.088364474839982e-14,1.4878771603651345e-16,0.7456084812897639,0.0,0.0009534217759519702,1.0,-0.03944489479149369,1.0612006005548098,178,93
HODDPNM,4.0,0.5038712106708105,535.8047137550527,535.8047137550495,535.8047137550528,65.46676482878809,-66.29806020768996,-0.8312953789029567,3.3405637739521155e-14,2.5193525749374894e-16,0.830895544746796,1.1368683772161603e-13,0.0010804515690390638,1.0,-0.03811128002995193,1.0574131381989313,154,95
HODDPNM,4.2,0.5307948462600616,548.2049904605647,548.2049904605612,548.2049904605647,62.00138352755971,-62.787376622444505,-0.7859930948858168,2.5978934173158386e-14,2.0688023270486131e-16,0.8784067747093334,0.0,0.0011608796553051483,1.0,-0.039305924951038296,1.0538715364045943,141,98
HODDPNM,4.4,0.5551149595054518,559.9767317471941,559.9767317471905,559.9767317471942,58.858706433147745,-59.605162672107014,-0.7464562389607114,9.718777432138337e-14,8.15263057463833e-16,0.903447454031722,1.1368683772161603e-13,0.0012128004473224829,1.0,-0.039201304138780646,1.0506284537797768,137,100
HODDPNM,4.6000000000000005,0.577138641069092,571.1764926448042,571.1764926448003,571.1764926448043,55.99880448805095,-56.71030815883631,-0.7115036707870346,5.385402952577667e-14,4.748169360580754e-16,0.9274660534572381,1.1368683772161603e-13,0.0012640065731683843,1.0,-0.038101771530033336,1.0476750583673482,130,102
HODDPNM,4.800000000000001,0.5971377754838938,581.853472616451,581.8534726164468,581.853472616451,53.38489985823401,-54.065433620038625,-0.6805337618065042,9.751363128432389e-14,9.018112383008807e-16,0.9532601477584424,0.0,0.001318296816284391,1.0,-0.0360651716813743,1.0449697677335208,122,104
HODDPNM,5.0,0.6153450737204446,592.0506221772155,592.050622177211,592.0506221772155,50.985747803822505,-51.63884235238223,-0.6530945485607474,3.0458491631635276e-15,2.949184203606556e-17,0.9646298387172005,-2.2737367544323206e-13,0.0013530802149355672,1.0,-0.03335085405699787,1.0424146815850581,112,105
HODDPNM,5.2,0.6319470678656726,601.8051336831728,601.8051336831679,601.8051336831728,48.772557529786695,-49.40109892834273,-0.6285413985581572,-4.486184644256208e-14,4.540571709511372e-16,0.9687082117333152,-1.1368683772161603e-13,0.0013776427659563998,1.0,-0.03021052410056616,1.0400485061558722,103,106
HODDPNM,5.4,0.6471201153664727,611.1509506039399,611.1509506039347,611.1509506039399,46.72908460383553,-47.33521364177799,-0.606129037944269,-1.3223965108707936e-13,1.3968422334357261e-15,0.9669835156882982,0.0,0.0013937174550869686,1.0,-0.02680816309202223,1.0377758259483911,88,111
HODDPNM,5.6000000000000005,0.6610034115954302,620.1194722461481,620.1194722461425,620.1194722461481,44.84260821104101,-45.428010400074406,-0.5854021890349207,-4.051571361393669e-14,4.459331726959106e-16,0.9693295710332002,-1.1368683772161603e-13,0.001415389899940303,1.0,-0.02325226465505205,1.0357042498682296,78,114
HODDPNM,5.800000000000001,0.6737254308137844,628.7393577614264,628.7393577614205,628.7393577614264,43.09942757639135,-43.66562644424759,-0.5661988678579004,-5.6387186586626115e-15,6.456701893263843e-17,0.9668910523390648,0.0,0.0014298309440812272,1.0,-0.01961095006154928,1.0338287606086176,75,113
HODDPNM,6.0,0.6854373881281902,637.0362964223087,637.0362964223023,637.0362964223086,41.48469330441117,-42.03291379777326,-0.5482204933641825,8.369715510936349e-15,9.956144785969531e-17,0.958786677433409,-2.2737367544323206e-13,0.0014354759592945937,1.0,-0.017584921540001183,1.0321163359050853,64,113
HODDPNM,6.2,0.6961915206289551,645.0333943722048,645.0333943721981,645.0333943722048,39.98548974948051,-40.5168354534828,-0.5313457040033829,6.520261761067125e-14,8.046361084336067e-16,0.9501142180834,0.0,0.0014397486675368609,1.0,-0.015988019894828804,1.0305477919106454,55,117
HODDPNM,6.4,0.7061443945811715,652.7521130571397,652.7521130571325,652.7521130571397,38.59359342467428,-39.10914022073482,-0.5155467960625757,-1.537864887518614e-14,1.9661195296531108e-16,0.9403212527124655,0.0,0.001441794317799885,1.0,-0.014294194113109544,1.0291084794441128,48,116
HODDPNM,6.6000000000000005,0.7153807713880501,660.2117834421456,660.2117834421381,660.2117834421456,37.298351925029465,-37.798967617108225,-0.5006156920802287,-2.247453525366927e-14,2.972903318594423e-16,0.9274263005345347,0.0,0.0014385044178899238,1.0,-0.012794072172876678,1.0277848392552977,42,116
HODDPNM,6.800000000000001,0.7239682430634871,667.4300095939358,667.4300095939279,667.4300095939359,36.09113075895152,-36.57758618880432,-0.48645542985489926,2.4936541546949353e-14,3.408718855617272e-16,0.9133951590259829,1.1368683772161603e-13,0.0014328140618383527,1.0,-0.012227846343899168,1.026692749375438,38,117
HODDPNM,7.0,0.7319700283299432,674.4227942978735,674.4227942978654,674.4227942978735,34.963923519688365,-35.436916771465796,-0.4729932517786921,-3.9983749818006675e-14,5.64153903059102e-16,0.8981050200607106,0.0,0.0014244888019991837,1.0,-0.011551979940819721,1.0260053293622458,30,116
HODDPNM,7.2,0.7394449534838013,681.2046383920588,681.2046383920504,681.2046383920588,33.909220470926584,-34.36939481140034,-0.460174340475449,7.294273692004527e-14,1.0611582967973637e-15,0.8814227823768312,0.0,0.0014132685462045459,1.0,-0.010788295515997253,1.0253496562897277,27,115
HODDPNM,7.4,0.7464461031552864,687.788586671616,687.7885866716073,687.788586671616,32.91974139778631,-33.36769076148787,-0.44794936370332555,-4.6454376803617414e-14,6.960981677706123e-16,0.8647403458778624,-1.1368683772161603e-13,0.001401351098610653,1.0,-0.009954882493827017,1.024719798785597,27,115
HODDPNM,7.6000000000000005,0.7530193167296472,694.1864334275383,694.1864334275292,694.1864334275383,31.989233779611368,-32.4255095656502,-0.4362757860407356,-1.436825918660345e-13,2.2155795512653977e-15,0.8481939495783304,0.0,0.0013889750503670484,1.0,-0.009064190207117058,1.0241133937320612,25,115
HODDPNM,7.800000000000001,0.7592045728299065,700.4088901568982,700.4088901568888,700.4088901568982,31.112283646799597,-31.5373985248473,-0.42511487804965153,1.0870861502643159e-14,1.7234873532891465e-16,0.8327602924354095,0.0,0.0013777753222232437,1.0,-0.008244838212183947,1.0235284529976911,24,116
HODDPNM,8.0,0.765037227060997,706.4656966089997,706.4656966089899,706.4656966089997,30.284032260507274,-30.69845718739681,-0.41442492689139326,-4.038869932943001e-15,6.578294648958823e-17,0.8175124483263975,0.0,0.001366273865450959,1.0,-0.00814242291656855,1.0229639221398459,21,117
HODDPNM,8.200000000000001,0.770549059867794,712.3657175323353,712.3657175323252,712.3657175323353,29.5001046166783,-29.904282786890054,-0.40417817021361546,-1.0103528257088268e-13,1.689311248340206e-15,0.8026015613022548,0.0,0.0013547461053471665,1.0,-0.007968973221027463,1.0224161390283288,18,118
HODDPNM,8.4,0.7757565173064384,718.1170983710416,718.1170983710311,718.1170983710417,28.75690419353191,-29.151254175360698,-0.39434998183084735,1.0021909517543559e-13,1.7189499733452207e-15,0.7880720003475983,0.0,0.0013432946843651903,1.0,-0.0077320804916013825,1.0218875627130861,16,119
HODDPNM,8.6,0.7806944598483571,723.7273587950561,723.7273587950453,723.7273587950563,28.051302120073274,-28.436217932140153,-0.3849158120693841,2.303929616531697e-14,4.0510478960839046e-16,0.7732843118054706,0.0,0.0013308488672694055,1.0,-0.007439253620259343,1.0213775399374787,15,120
HODDPNM,8.8,0.7853888203020846,729.2033687036356,729.2033687036243,729.2033687036355,27.380049542896927,-27.755908679054784,-0.37585913615990596,6.013093668821856e-14,1.0832096578699379e-15,0.7595125056657264,0.0,0.0013196149738729389,1.0,-0.007098388417651051,1.0208849668913542,15,121
HODDPNM,9.0,0.7898592794280317,734.551517513039,734.5515175130273,734.551517513039,26.740744047016847,-27.107898271799186,-0.3671542247842011,-4.39572423599488e-14,8.107829297425977e-16,0.7462753894961887,0.0,0.0013088078751819824,1.0,-0.006713574287097769,1.0204088800085294,14,121
HODDPNM,9.200000000000001,0.7941230726209191,739.7776677596378,739.7776677596257,739.7776677596378,26.130751232993816,-26.489532374833196,-0.358781141840806,1.352000109089424e-14,2.551951635004846e-16,0.7332580026981076,0.0,0.0012979037916637643,1.0,-0.006291036480391104,1.0199484133752306,11,122
HODDPNM,9.4,0.798195706021052,744.887238177489,744.8872381774767,744.8872381774892,25.547852089256935,-25.898574055491906,-0.35072196623741186,-3.4142176932872026e-14,6.591516749091138e-16,0.7206379865669998,1.1368683772161603e-13,0.0012872365007388998,1.0,-0.005836320321066723,1.0195027104136247,12,122
HODDPNM,9.600000000000001,0.8020909801094631,749.8852655034418,749.8852655034293,749.885265503442,24.990136629764947,-25.33309598632931,-0.34295935656627996,-2.3507888344265204e-14,4.639758274501871e-16,0.7079698620583477,0.0,0.00127602900259241,1.0,-0.005353669619200537,1.0190698542912304,10,122
HODDPNM,9.8,0.8058213210083538,754.776406269993,754.7764062699797,754.776406269993,24.455703832755944,-24.791182648657085,-0.33547881590502787,1.573999177523211e-13,3.1745141000934655e-15,0.6956103261309177,0.0,0.0012649318681729608,1.0,-0.004839410359683403,1.018648899857578,9,122
HODDPNM,10.0,0.8093977241321747,759.5650181919232,759.5650181919098,759.5650181919234,23.943059609651982,-24.271326283380468,-0.32826667373029006,2.588749527243639e-14,5.332937922342055e-16,0.6834166571252357,1.1368683772161603e-13,0.0012537031570561857,1.0,-0.004285180522215049,1.0182399723972042,6,122
HODDPNM,10.200000000000001,0.8128300857597139,764.2551892998599,764.255189299846,764.2551892998599,23.450855539683744,-23.77216544915018,-0.3213099094686258,7.508815617895959e-14,1.579329328234177e-15,0.6712568398576197,1.1368683772161603e-13,0.0012421111809521432,1.0,-0.0036949474523357913,1.0178431005375244,4,123
HODDPNM,10.4,0.8161275651428113,768.8507609976693,768.850760997655,768.8507609976693,22.977858489047094,-23.292454807587557,-0.31459631854245673,-9.423885283244005e-16,2.0229480664643714e-17,0.6591665818808667,0.0,0.0012302281468730498,1.0,-0.003074190799430787,1.0174578783474943,3,123
HODDPNM,10.600000000000001,0.8192986334983152,773.3553412431618,773.355341243147,773.3553412431618,22.52290122746217,-22.83101541513645,-0.3081141876765322,-1.9786255966991462e-14,4.333196664102956e-16,0.6469869769629214,-1.1368683772161603e-13,0.0012177623761979656,1.0,-0.0024265792204706677,1.0170841977365943,3,123
HODDPNM,10.8,0.8223514612169466,777.7723170721215,777.7723170721063,777.7723170721215,22.084879144798606,-22.386731768224507,-0.3018526234279647,-4.413591887797441e-14,9.857606580300042e-16,0.6354334499774279,1.1368683772161603e-13,0.0012060693379828595,1.0,-0.0017557601919463862,1.0167215137533119,3,125
HODDPNM,11.0,0.8252928413533954,782.1048829312327,782.1048829312174,782.1048829312329,21.662829295556776,-21.958634284327054,-0.29580498877138955,-5.1085654803606495e-14,1.163224773957539e-15,0.6243066080546674,2.2737367544323206e-13,0.0011948007667573338,1.0,-0.001392980849773878,1.0163692749866464,3,124
HODDPNM,11.200000000000001,0.8281291645645982,786.3560506925614,786.3560506925458,786.3560506925616,21.25583880664408,-21.545800551305728,-0.28996174466406155,-8.261425397948496e-14,1.9171776370702946e-15,0.6134021830026763,-1.1368683772161603e-13,0.0011835860721292454,1.0,-0.0013460012244207273,1.0160265392779189,2,124
HODDPNM,11.4,0.8308670984899209,790.5286459581162,790.5286459581,790.5286459581163,20.862976327774163,-21.14728424633625,-0.2843079185646714,-5.231470638633606e-14,1.236913113214439e-15,0.6026338501004601,1.1368683772161603e-13,0.0011722706542138521,1.0,-0.0012741790245902286,1.0156923097378194,1,125
HODDPNM,11.600000000000001,0.8335130237036839,794.6253201037454,794.6253201037289,794.6253201037455,20.48337072814661,-20.76220595348124,-0.27883522533673377,3.872965316509269e-14,9.32696006673531e-16,0.5922015500946141,1.1368683772161603e-13,0.0011612549199568304,1.0,-0.0011794425999037458,1.01536664648452,1,126
HODDPNM,11.8,0.8360722252437829,798.6485789174551,798.6485789174382,798.6485789174551,20.116294068548655,-20.389833405123184,-0.27353933657657276,-9.147088468608455e-14,2.243051300828599e-15,0.5819180660971605,0.0,0.0011501872303501107,1.0,-0.001062985035372252,1.0150495938910449,1,127
HODDPNM,12.0,0.8385495222600682,802.6007868243473,802.6007868243299,802.6007868243473,19.761039534461133,-20.029447506824734,-0.268407972366117,8.719305659432575e-14,2.1766216108709572e-15,0.5718596304933499,0.0,0.001139228257310743,1.0,-0.0009265625820605354,1.0147410490528728,1,127
HODDPNM,12.200000000000001,0.8409496086879987,806.4841769335394,806.4841769335218,806.4841769335396,19.416950545961527,-19.68038460079555,-0.2634340548361021,6.054553559897702e-14,1.5382203353009259e-15,0.5620284664138361,0.0,0.001128394817565463,1.0,-0.0007713410570731995,1.0144407992245184,1,127
HODDPNM,12.4,0.8432768320922668,810.3008624783106,810.3008624782924,810.3008624783106,19.083427723855948,-19.342038452526186,-0.2586107286728755,-9.23649177975161e-14,2.3876727890964978e-15,0.5524192037066764,-2.2737367544323206e-13,0.0011176883434958985,1.0,-0.0005985168779264817,1.0141485856721306,1,127
HODDPNM,12.600000000000001,0.8455351907447655,814.0528466732757,814.0528466732571,814.0528466732758,18.759920974825945,-19.013852424767165,-0.25393144994371936,-2.2655271755822604e-14,5.957570104601919e-16,0.5430838482635643,0.0,0.0011072266216581442,1.0,-0.0004092169878955253,1.0138641416287777,1,128
HODDPNM,12.8,0.8477280841834869,817.7420354050058,817.7420354049866,817.7420354050057,18.445943658650208,-18.69533363283242,-0.24938997418527192,-1.6774082123305334e-13,4.486168167078231e-15,0.5339948830669528,-1.1368683772161603e-13,0.001096967344406228,1.0,-0.0002043793351572985,1.013587202309716,1,128
HODDPNM,13.0,0.8498584657915846,821.3702488588432,821.3702488588237,821.3702488588433,18.141067269187374,-18.386047660583003,-0.24498039139752933,-1.6132928326584306e-14,4.387274694487525e-16,0.5252345483900166,0.0,0.0011020513889072438,1.0,1.4974366229017282e-05,1.0133175108564483,0,130
HODDPNM,13.200000000000001,0.8519293501216321,824.9392231349314,824.9392231349115,824.9392231349314,17.84487138044085,-18.08556701973134,-0.24069563929258164,1.0312844328508319e-13,2.8511255182810735e-15,0.5166164914926417,0.0,0.001338453771343617,1.0,0.00026150268472485325,1.0130547275566943,0,130
HODDPNM,13.4,0.8539438538329059,828.4506097534161,828.4506097533961,828.4506097534163,17.556933092424742,-17.79346383083525,-0.23653073841246805,-3.248226340679672e-14,9.127582947201283e-16,0.508102964680802,0.0,0.0017944140774919508,1.0,0.0007278766620929474,1.0127982553565194,0,130
HODDPNM,13.600000000000001,0.8559049203420425,831.9059797945324,831.905979794512,831.9059797945324,17.276850205581695,-17.509332005052748,-0.23248179947335817,1.7427032039663004e-14,4.976498256653326e-16,0.49975481131002575,0.0,0.002459557799416973,1.0,0.0014035697670985346,1.012547792299736,0,130
HODDPNM,13.8,0.857815201244769,835.3068302443248,835.3068302443043,835.306830244325,17.004252248963212,-17.232796441177197,-0.22854419221578073,-1.0021497520718015e-14,2.907681743623297e-16,0.4915719225354006,0.0,0.0033245068727925688,1.0,0.0022791797378657708,1.0123032356828627,0,130
HODDPNM,14.0,0.8596770825538012,838.6545904818878,838.6545904818668,838.6545904818879,16.738801187815397,-16.96351468358513,-0.2247134957726804,1.1244911252150658e-14,3.3144402742878813e-16,0.48355188318714537,2.2737367544323206e-13,0.004380677306804822,1.0,0.0033461047321567687,1.0120645316934787,0,130
HODDPNM,14.200000000000001,0.8614927394070554,841.9506276078462,841.9506276078248,841.9506276078462,16.48018562979189,-16.701171128096487,-0.2209854983063917,-7.703560012117805e-14,2.3062933590200877e-15,0.47569114304997107,0.0,0.005620126288484922,1.0,0.00459638785918509,1.0118316305152633,0,130
HODDPNM,14.4,0.8632641820044175,845.1962507446893,845.1962507446677,845.1962507446895,16.22811568421639,-16.445471878690686,-0.21735619447616497,-4.8907492639083117e-14,1.4869592371640154e-15,0.4679857239320884,0.0,0.007035435397071375,1.0,0.0060225987727873295,1.0116044607683627,0,130
HODDPNM,14.600000000000001,0.8649932866357137,848.3927146631156,848.3927146630933,848.3927146631156,15.982319592131375,-16.196141371583717,-0.21382177945566802,5.6751478516581244e-15,1.7520061480861858e-16,0.46043155747520426,1.1368683772161603e-13,0.008619620608729965,1.0,0.0076177428363059276,1.0113829176793148,0,130
HODDPNM,14.8,0.8666818386719592,851.5412230029582,851.5412230029357,851.5412230029582,15.742541699212893,-15.952920339847271,-0.21037864063572526,-1.3809266230513373e-14,4.328131130956615e-16,0.45310455701269237,-1.1368683772161603e-13,0.010366237199954236,1.0,0.009375190964373637,1.0111668647991943,0,131
HODDPNM,15.0,0.8683315076433673,854.6429305793779,854.6429305793548,854.6429305793778,15.508537882097926,-15.715559665673837,-0.2070217835783646,-1.0041143264083452e-13,3.194650231265605e-15,0.44595646156005797,-1.1368683772161603e-13,0.012269055709070808,1.0,0.011288799634636958,1.0109560334152088,0,133
HODDPNM,15.200000000000001,0.8699438436113156,857.6989517136913,857.6989517136678,857.6989517136913,15.280105671566844,-15.483854386205927,-0.20374871464103145,-8.292368527951233e-14,2.6777468713920866e-15,0.438965719299064,1.1368683772161603e-13,0.01432207623609519,1.0,0.013352598748951446,1.0107793626801673,0,133
HODDPNM,15.4,0.871520245232387,860.7103524441085,860.7103524440847,860.7103524441085,15.05700365208611,-15.257560833764991,-0.20055718168057923,2.286799222206426e-14,7.493986906300287e-16,0.43207590324061573,0.0,0.01651941679329062,1.0,0.015560814976957722,1.0106581650400683,0,133
HODDPNM,15.600000000000001,0.8730620243374848,863.6781543100217,863.6781543099976,863.6781543100219,14.839009329567148,-15.036453589483443,-0.19744425991887027,-7.334974641559633e-14,2.4390640379088843e-15,0.425379334610626,2.2737367544323206e-13,0.018855616076727623,1.0,0.01790776724915869,1.010539191445659,0,134
HODDPNM,15.8,0.8745668701598136,866.6033614516875,866.6033614516631,866.6033614516876,14.626035708329823,-14.820442841280826,-0.19440713295302062,-1.126342942525671e-13,3.7999638559661704e-15,0.4188829688457656,-1.1368683772161603e-13,0.02132542469481654,1.0,0.020388174438394135,1.0104223903332075,0,134
HODDPNM,16.0,0.8760377094052372,869.4869803566096,869.4869803565845,869.4869803566095,14.418094524609728,-14.609537640223092,-0.19144311561621022,-5.505752104228989e-14,1.8843005986274248e-15,0.41248895337753133,0.0,0.023923540230845045,1.0,0.02299693794482595,1.0103077110615017,0,134
HODDPNM,16.2,0.8774775888799607,872.3299607128197,872.3299607127941,872.3299607128197,14.214901781050457,-14.403451471499384,-0.1885496904511993,1.1559893667301147e-13,4.012890136150423e-15,0.40619700304762185,0.0,0.02664484658153129,1.0,0.025728929537873535,1.0101951063914185,0,134
HODDPNM,16.400000000000002,0.8788878764950102,875.1331999106347,875.1331999106086,875.1331999106346,14.016195989074731,-14.201920445454938,-0.18572445638238225,-8.238158419326957e-14,2.9003677534198543e-15,0.40018204910188715,0.0,0.029484783890889148,1.0,0.02857918157383832,1.0100845301465806,0,136
HODDPNM,16.6,0.8802695639314617,877.8975293599667,877.8975293599406,877.8975293599669,13.821647246660973,-14.004611757412665,-0.18296451075283085,-5.1013013258049966e-14,1.821293376128282e-15,0.39420712379126066,0.0,0.032438389196933225,1.0,0.031543253153453826,1.0099759331349907,0,135
HODDPNM,16.8,0.8816234130175895,880.6237707347194,880.6237707346928,880.6237707347195,13.631206873764086,-13.811474849042039,-0.1802679752809932,5.505405159533794e-14,1.993054767758941e-15,0.3883214338156896,0.0,0.035500935403143856,1.0,0.03461629513808196,1.0098692727810565,0,135
HODDPNM,17.0,0.8829501602403305,883.3127299328969,883.3127299328697,883.3127299328969,13.444795990887428,-13.622429380538662,-0.1776333896538607,-8.262964965033426e-14,3.0328529274070984e-15,0.3825264924232654,0.0,0.03758279500188734,1.0,0.03670767920003051,1.009764506359745,0,135
HODDPNM,17.2,0.8842506624530279,885.9651887575927,885.9651887575652,885.9651887575928,13.262294123479705,-13.437352687009216,-0.17505856353150884,-4.483392823662058e-14,1.6682574790182144e-15,0.3768253837256461,0.0,0.03793507611507446,1.0,0.037067850529161,1.0096615921042407,0,135
HODDPNM,17.400000000000002,0.8855258846100158,888.5819034029352,888.5819034029072,888.5819034029353,13.083573226712701,-13.256114744458586,-0.17254151774871565,-8.811961577093186e-15,3.3237346488630397e-16,0.37121858108389444,1.1368683772161603e-13,0.03836344036159408,1.0,0.03750411968656432,1.009560489151536,0,135
HODDPNM,17.6,0.8867768192055772,891.163604245266,891.1636042452376,891.163604245266,12.908504211654304,-13.078584612713591,-0.17008040106137615,-2.634134230183882e-14,1.0070410171231565e-15,0.3657051490467885,0.0,0.038868939753094134,1.0,0.038017535707192344,1.0094611575839298,0,135
HODDPNM,17.8,0.888004418793627,893.7109967085844,893.7109967085556,893.7109967085844,12.736962316591871,-12.904635776372395,-0.1676734597822866,-1.2653463346556926e-13,4.902681317718314e-15,0.36028356816302454,0.0,0.03945240824911881,1.0,0.03860893081986729,1.0093635584413851,0,135
HODDPNM,18.0,0.8892095647022794,896.2247626684789,896.2247626684496,896.2247626684789,12.568829799472496,-12.73414882297126,-0.16531902350140454,3.075361146298583e-14,1.2075252099891392e-15,0.35495213452532126,0.0,0.04011447282187279,1.0,0.03927893062710524,1.0092676537144303,0,135
HODDPNM,18.2,0.8903930629482942,898.7055619630206,898.7055619629909,898.7055619630207,12.403996472709196,-12.56701196944201,-0.16301549673489094,-5.473919928444815e-15,2.177892382753659e-16,0.34970911873711014,1.1368683772161603e-13,0.04085556498073187,1.0,0.04002796528127192,1.009173406327931,0,135
HODDPNM,18.400000000000002,0.891555660236326,901.1540337903414,901.1540337903112,901.1540337903415,12.242359136604364,-12.403120489687872,-0.16076135308617212,1.2193458048814776e-13,4.915479962865506e-15,0.3445804070685188,1.1368683772161603e-13,0.04167599795859222,1.0,0.04085628098876882,1.0090807801214818,0,137
HODDPNM,18.6,0.8926980471432943,903.5707977439242,903.5707977438935,903.5707977439242,12.083819767914292,-12.242374302610823,-0.15855453469955097,-1.68662826760535e-14,6.888485133335001e-16,0.3395618537075493,0.0,0.04257590763654977,1.0,0.04176401705075953,1.0089897392137581,0,136
HODDPNM,18.8,0.8938208541338168,905.9564549370837,905.9564549370526,905.9564549370838,11.928285965797727,-12.084679359494494,-0.1563933936991191,-8.092658487779403e-14,3.348313284547557e-15,0.33459674280015944,1.1368683772161603e-13,0.04355513730620284,1.0,0.0427511465376182,1.008900248665775,0,136
HODDPNM,19.0,0.8949246807548853,908.3115897878793,908.3115897878474,908.3115897878793,11.775674253977968,-11.929952181596946,-0.1542779276232058,5.2185252646941294e-14,2.1871526328258307e-15,0.3297089898994733,0.0,0.04461344055647518,1.0,0.04381736078929476,1.0088122756225535,0,136
HODDPNM,19.200000000000003,0.8960100940957255,910.6367704583787,910.6367704583464,910.6367704583787,11.625903352497176,-11.778109968104346,-0.1522066156095155,1.3598497328182191e-14,5.772784158496644e-16,0.3248983281340535,1.1368683772161603e-13,0.045750434304326904,1.0,0.0449622719514846,1.00872578748599,0,136
HODDPNM,19.400000000000002,0.8970776322501075,912.9325494184889,912.932549418456,912.932549418489,11.478894800551416,-11.629072893651713,-0.15017809310347835,9.637212902702252e-14,4.143586075533962e-15,0.32016422461231275,-1.1368683772161603e-13,0.04696560832394626,1.0,0.04618536564052653,1.008640752441532,0,136
HODDPNM,19.6,0.8981278069601786,915.1994640005043,915.1994640004713,915.1994640005047,11.334572910079146,-11.482764014156984,-0.1481911040805325,-5.7549451315530575e-15,2.505905862237162e-16,0.3155058220319231,1.1368683772161603e-13,0.0482583342274431,1.0,0.04748601009509676,1.008557139446225,0,136
HODDPNM,19.8,0.8991611058492627,917.438036941513,917.4380369414793,917.438036941513,11.192864705043348,-11.339109174875077,-0.14624446983527378,-7.009540517466384e-14,3.090869136791124e-15,0.31092205629624825,-1.1368683772161603e-13,0.0496278743233984,1.0,0.04886346477512296,1.008474918218028,0,136
HODDPNM,20.0,0.9001779943673888,919.6487769223191,919.6487769222848,919.6487769223191,11.053699904030623,-11.198036975085095,-0.14433707105729882,6.720535586368648e-14,3.0007650453916858e-15,0.3064117610166473,0.0,0.051073390328597236,1.0,0.05031688883702736,1.0083940592225653,0,136
HODDPNM,20.200000000000003,0.9011789174708402,921.8321791040341,921.8321791039991,921.8321791040341,10.91701090857498,-11.059478746217877,-0.1424678376461364,1.0647732695545642e-13,4.813849250890507e-15,0.30197372824625224,0.0,0.05259395183106121,1.0,0.05184534946088284,1.0083145336576844,0,136
HODDPNM,20.400000000000002,0.9021643010461614,923.9887256570312,923.9887256569955,923.988725657031,10.782732764984075,-10.923368507636539,-0.14063574265476692,-6.987032480365585e-14,3.1982041416437643e-15,0.2976067375082047,-2.2737367544323206e-13,0.054188544429022045,1.0,0.0534478299276509,1.0082363134368382,0,136
HODDPNM,20.6,0.9031345531064581,926.1188862755432,926.118886275507,926.1188862755431,10.650803092559613,-10.789642890929812,-0.1388397983722071,3.078527016642241e-14,1.4266120981769852e-15,0.2933095688582613,-1.1368683772161603e-13,0.055856077508482094,1.0,0.0551232373722903,1.0081593711720296,0,136
HODDPNM,20.8,0.9040895159556911,928.2231186727554,928.2231186727187,928.2231186727554,10.52116198606086,-10.658241039577575,-0.13707905351916413,-4.5564246820006815e-14,2.1375124962367835e-15,0.2890896127689746,0.0,0.05759541320639633,1.0,0.05687041017772247,1.0080836801566926,0,137
HODDPNM,21.0,0.9050277708286892,930.3018743539803,930.3018743539434,930.3018743539806,10.393778406125875,-10.529130994071128,-0.1353525879477429,-6.185676970638099e-14,2.937410966831201e-15,0.28497136680925905,1.1368683772161603e-13,0.05940541671318531,1.0,0.05868814652739228,1.0080092141654298,0,136
HODDPNM,21.200000000000003,0.9059522283250905,932.3556107129484,932.3556107129108,932.3556107129484,10.268681794840404,-10.402341362111045,-0.1336595672742064,-8.677954188573977e-15,4.171154303866928e-16,0.28090593492640725,0.0,0.06128477844726367,1.0,0.060575254277005705,1.0079359470786113,0,136
HODDPNM,21.400000000000002,0.9068632378470123,934.3847484402106,934.3847484401726,934.3847484402107,10.145688636311547,-10.27768804943095,-0.1319994131214135,-6.704359289955164e-14,3.261608670018795e-15,0.2769006366994511,1.1368683772161603e-13,0.06323216127416455,1.0,0.06253037310420102,1.0078638544302219,0,136
HODDPNM,21.6,0.9077611075590493,936.3896990971859,936.3896990971474,936.389699097186,10.024753284877193,-10.155124444837362,-0.13037115996336635,-1.2533984267149023e-13,6.171260793125508e-15,0.2729555389888685,1.1368683772161603e-13,0.06524618821446623,1.0,0.06455212107355314,1.0077929121838174,0,136
HODDPNM,21.8,0.9086461322945734,938.3708651119678,938.3708651119289,938.3708651119678,9.905830073909101,-10.034603992090446,-0.12877391818326522,1.4020035132844555e-14,6.985843758206202e-16,0.2690704891898574,0.0,0.06732544734265747,1.0,0.06663908191333988,1.0077230968732795,0,136
HODDPNM,22.0,0.9095186005912006,940.32863984816,940.3286398481204,940.3286398481598,9.78887368096025,-9.916080544208263,-0.12720686325090208,-6.4167421376382094e-15,3.2355234051548394e-16,0.2652481803736466,-2.2737367544323206e-13,0.0694685042755071,1.0,0.06878980968179965,1.007654385592508,0,137
HODDPNM,22.200000000000003,0.910378790976125,942.2634069247058,942.2634069246658,942.2634069247058,9.67383538272884,-9.799504600920685,-0.12566921819337296,1.139279642847768e-14,5.812945088778475e-16,0.26148349619438727,0.0,0.07015191709847367,1.0,0.06947977075690592,1.007586755921392,0,137
HODDPNM,22.400000000000002,0.9112269749405487,944.1755420428835,944.175542042843,944.1755420428835,9.56067559088865,-9.684835835973828,-0.12416024508775235,3.490307001752235e-14,1.801944328672668e-15,0.25777654886951495,0.0,0.0707567371567519,1.0,0.07009103165491931,1.0075201860749468,0,137
HODDPNM,22.6,0.9120634148761663,946.0654126999539,946.0654126999129,946.0654126999539,9.449353285351663,-9.57203252187324,-0.12267923652341695,9.014533911000377e-14,4.708787757668093e-15,0.2541268030206543,-2.2737367544323206e-13,0.07140235664463486,1.0,0.07074306983980704,1.0074546547785632,0,137
HODDPNM,22.8,0.9128883638656525,947.9333782916513,947.9333782916098,947.9333782916514,9.33982795848749,-9.461053470234958,-0.12122551175063671,3.0704605524789486e-15,1.6226842825369751e-16,0.2505334288675841,0.0,0.07208863329886311,1.0,0.0714357419515375,1.0073901412676587,0,137
HODDPNM,23.0,0.913702067221292,949.7797903377943,949.7797903377525,949.7797903377945,9.232060230716002,-9.35185864479751,-0.11979841408405557,-9.892260621757742e-15,5.288927579791592e-16,0.24699557717622278,-1.1368683772161603e-13,0.07281536578397993,1.0,0.07216884563174045,1.007326625280026,0,137
HODDPNM,23.200000000000003,0.9145047696725115,951.6049927082797,951.6049927082372,951.6049927082797,9.126011852426927,-9.244409161386415,-0.11839730896288606,5.585592752210822e-14,3.0210653026591614e-15,0.24353920354417485,-1.1368683772161603e-13,0.07358236865218072,1.0,0.07294212401925675,1.0072640870427096,0,138
HODDPNM,23.400000000000002,0.9152967010284334,953.4093274070101,953.4093274069673,953.4093274070103,9.021673493652997,-9.138695067203003,-0.11702157355249823,-1.140112310116237e-13,6.237828824203373e-15,0.24013374325250023,0.0,0.07438932872382517,1.0,0.07375534050718471,1.0072025067113084,0,138
HODDPNM,23.6,0.9160780825594352,955.1931278995769,955.1931278995335,955.1931278995769,8.919002462833987,-9.034673077324221,-0.11567061449369578,-3.578734530940153e-15,1.9805556328992113e-16,0.2367774417139121,-1.1368683772161603e-13,0.07523588428885715,1.0,0.07460813495528361,1.0071418655194453,0,138
HODDPNM,23.8,0.9168491318130467,956.9567187961574,956.9567187961134,956.9567187961575,8.817954482902906,-8.932298339964145,-0.11434385706448033,5.079704018529085e-15,2.843447355425297e-16,0.2334874721200326,1.1368683772161603e-13,0.07612167938550463,1.0,0.07550010269663027,1.0070821451683298,0,139
HODDPNM,24.0,0.917610055724093,958.7004196457152,958.7004196456709,958.7004196457153,8.718504247789838,-8.83154498591065,-0.11304073812314039,4.0648040489088544e-14,2.3012983885566335e-15,0.23024817349016724,1.1368683772161603e-13,0.0770462805900358,1.0,0.07643084859937986,1.0070233274313771,0,139
HODDPNM,24.200000000000003,0.9183610548057064,960.424542338783,960.4245423387381,960.4245423387831,8.620613465339488,-8.73237418149947,-0.11176071616328233,6.591211951234577e-14,3.7740091149538494e-15,0.2270570778196087,1.1368683772161603e-13,0.07800921533787958,1.0,0.07739990367526248,1.0069653948119344,0,140
HODDPNM,24.400000000000002,0.9191023225368952,962.129391058657,962.1293910586115,962.1293910586569,8.52424359936947,-8.634746865542606,-0.11050326617550321,-5.930802723930206e-14,3.4342655414697572e-15,0.22391628516356718,-2.2737367544323206e-13,0.0790099875053154,1.0,0.07840676319507368,1.0069083302601367,0,139
HODDPNM,24.6,0.9198340429027821,963.8152634560248,963.8152634559788,963.8152634560247,8.429361986838444,-8.538629879562897,-0.1092678927270008,2.8056983819579884e-14,1.6429441383054754e-15,0.22082729433054837,-1.1368683772161603e-13,0.08004807905411121,1.0,0.0794509020740958,1.0068521148942056,0,139
HODDPNM,24.8,0.9205563938578301,965.4824516210783,965.4824516210322,965.4824516210786,8.335940825268722,-8.443995248389303,-0.1080544231225688,-3.1085377327766395e-14,1.8406794659016592e-15,0.21778382246725436,0.0,0.08112293197672786,1.0,0.08053177632996768,1.0067966847069107,0,139
HODDPNM,25.0,0.9212695525107151,967.131241038898,967.1312410388512,967.131241038898,8.243947089098356,-8.350809319727446,-0.10686223063244751,-2.591286560327255e-14,1.551518218842116e-15,0.21478568113707236,0.0,0.08223396745987452,1.0,0.0816488048492735,1.006742016176025,0,139
HODDPNM,25.200000000000003,0.9219736924268622,968.7619110600285,968.7619110599812,968.7619110600285,8.153350105652635,-8.259040868869878,-0.10569076321961934,-9.202751408143861e-14,5.571319693325232e-15,0.2118324522425616,0.0,0.08338058788935598,1.0,0.08280138837639342,1.006688104609451,0,139
HODDPNM,25.400000000000002,0.9226689828823542,970.3747352347647,970.3747352347171,970.3747352347648,8.064120873681304,-8.16866039113966,-0.10453951746026523,-1.147506568932588e-13,7.023835696347013e-15,0.20892359651486403,0.0,0.08456217898516992,1.0,0.08398891136382616,1.0066349488965833,0,139
HODDPNM,25.6,0.9233555896320916,971.969981573164,971.9699815731158,971.969981573164,7.9762316919965315,-8.079639715038851,-0.10340802304569051,1.9906298831529057e-13,1.2318803519464347e-14,0.20606409535196152,0.0,0.08577812728872693,1.0,0.08521074394175182,1.006582546365406,0,140
HODDPNM,25.8,0.9240336726653371,973.5479130662563,973.5479130662078,973.5479130662565,7.889657465462392,-7.991953297017069,-0.10229583155718465,-5.3900894164682356e-14,3.372197769523501e-15,0.20325002016761545,0.0,0.08702779788498814,1.0,0.08646625923587815,1.006530891526522,0,140
HODDPNM,26.0,0.924703387560173,975.1087876552181,975.108787655169,975.1087876552181,7.80437294480862,-7.905575459253264,-0.10120251444727014,4.454292837352547e-14,2.8171844417335725e-15,0.2004833222754328,-1.1368683772161603e-13,0.08831055256001266,1.0,0.08775481095778763,1.0064799765101236,0,141
HODDPNM,26.200000000000003,0.9253648860525899,976.6528585313956,976.6528585313462,976.6528585313959,7.720354380888921,-7.820482038792022,-0.10012765790593575,-2.9112129373842777e-14,1.8612746138557883e-15,0.1977704524695125,1.1368683772161603e-13,0.08962576423367395,1.0,0.08907575141328902,1.0064297915741913,0,141
HODDPNM,26.400000000000002,0.9260183081711312,978.1803749820747,978.1803749820248,978.1803749820747,7.637582253395294,-7.736653112237569,-0.09907085884454789,-7.970664059331334e-14,5.151235258772584e-15,0.1950870932474797,0.0,0.09097273310453907,1.0,0.0904284457947382,1.0063803256255848,0,141
HODDPNM,26.6,0.9266637899817565,979.6915813665917,979.6915813665414,979.6915813665918,7.5560319225854755,-7.654063655701066,-0.09803173311775584,-2.35007326099268e-14,1.5351801126202518e-15,0.19244209457599495,0.0,0.09235078026477599,1.0,0.09181218827347909,1.006331567301528,0,141
HODDPNM,26.8,0.9273014635901271,981.1867172634835,981.1867172634327,981.1867172634835,7.475679484459192,-7.572689389115816,-0.09700990465939296,2.02021559203569e-14,1.3338825140107854e-15,0.1898359752608499,-1.1368683772161603e-13,0.09375922608714643,1.0,0.09322629541069309,1.0062835046653686,0,141
HODDPNM,27.0,0.9279314589899106,982.6660176142086,982.6660176141571,982.6660176142085,7.396501753624989,-7.492506760983691,-0.09600500736126187,-4.035877534946941e-14,2.693275871276212e-15,0.1872685961202475,0.0,0.09519738974963497,1.0,0.09467008444152694,1.0062361256080037,0,141
HODDPNM,27.200000000000003,0.9285539048465837,984.1297128502135,984.1297128501617,984.1297128502138,7.318476180025755,-7.413492864807605,-0.09501668478476888,-5.131355410026295e-14,3.460821709550842e-15,0.18473951968803667,0.0,0.09666458964439596,1.0,0.09614287269683795,1.0061894180166266,0,141
HODDPNM,27.400000000000002,0.9291689283410645,985.5780290132977,985.5780290132452,985.5780290132977,7.241580815421003,-7.335625405264121,-0.09404458984664994,-8.160486175690096e-14,5.562229343003312e-15,0.18224819545912332,1.1368683772161603e-13,0.09816014421139227,1.0,0.09764397792487226,1.0061433698796145,0,141
HODDPNM,27.6,0.9297766545964467,987.0111878773913,987.0111878773384,987.0111878773914,7.165794320468422,-7.258882704964968,-0.09308838449908825,6.845609148986576e-14,4.715332529276911e-15,0.1797940382606378,-1.1368683772161603e-13,0.09968337290998762,1.0,0.09917271904490704,1.0060979693496097,0,141
HODDPNM,27.8,0.9303772061055667,988.4294070718582,988.4294070718048,988.4294070718583,7.091095972335211,-7.183243711751608,-0.09214773941959842,-1.241307404087344e-13,8.640298546855089e-15,0.1773764585665275,2.2737367544323206e-13,0.10024925093510029,1.0,0.0997435174952989,1.0060532047800332,0,141
HODDPNM,28.0,0.9309707023491782,989.8329002032359,989.832900203182,989.8329002032358,7.017465656887794,-7.108687990601325,-0.09122233371548888,-3.462638162310405e-14,2.435497356817473e-15,0.17499487351756204,0.0,0.1004837815427256,1.0,0.09998274013203123,1.0060090647448878,0,141
HODDPNM,28.200000000000003,0.9315572599567016,991.2218769724857,991.2218769724315,991.2218769724858,6.944883846249468,-7.035195700890483,-0.09031185464315603,-3.507957813120299e-14,2.4931487070613718e-15,0.17265020928664432,-1.1368683772161603e-13,0.10072495315394621,1.0,0.10022856285803484,1.005965538048143,0,142
HODDPNM,28.400000000000002,0.9321369922082458,992.5965432170944,992.5965432170395,992.5965432170944,6.873331223043806,-6.96274744291372,-0.08941621987323076,-9.396129707628376e-15,6.747429649476209e-16,0.1703411669975607,0.0,0.10097306058683875,1.0,0.10048128281531374,1.0059226136983406,0,142
HODDPNM,28.6,0.9327100088887288,993.9571010622859,993.9571010622309,993.9571010622863,6.802789225959032,-6.891324434601092,-0.08853520864420761,8.019106212397986e-14,5.818261996295729e-15,0.16806532196801616,1.1368683772161603e-13,0.10122837625286576,1.0,0.10074117805275112,1.0058802809504106,0,142
HODDPNM,28.8,0.9332764170260717,995.3037491026798,995.3037491026242,995.3037491026798,6.733240201969579,-6.82090851527084,-0.08766831330437311,-1.1529492638384653e-13,8.451581349148337e-15,0.16582296573687982,-1.1368683772161603e-13,0.1014911584648127,1.0,0.10100850472214146,1.0058385293235836,0,142
HODDPNM,29.0,0.9338363208856846,996.6366824402146,996.6366824401584,996.6366824402146,6.664666687673844,-6.751481878321886,-0.08681519065102333,9.266198919277713e-14,6.862344509157467e-15,0.1636136678762334,0.0,0.10176164986054194,1.0,0.10128350538884574,1.0057973485454663,0,142
HODDPNM,29.200000000000003,0.9343898221143793,997.9560927706739,997.9560927706169,997.9560927706738,6.597051652295818,-6.683027184744738,-0.08597553245240847,-2.0539993317303384e-14,1.5367282482543545e-15,0.16143697679160718,-1.1368683772161603e-13,0.10204007783712361,1.0,0.10156640745294121,1.0057567285608564,0,142
HODDPNM,29.400000000000002,0.9349370203963614,999.2621684661235,999.2621684660662,999.2621684661236,6.530378477248746,-6.615527532503201,-0.08514905525671965,-1.4725200225829127e-14,1.112927136458825e-15,0.15929488080144033,1.1368683772161603e-13,0.10232666222489295,1.0,0.10185742357926841,1.0057166595268774,0,143
HODDPNM,29.6,0.9354780038157181,1000.5550953820117,1000.5550953819537,1000.5550953820117,6.46463457944094,-6.548970070698523,-0.08433549126098647,2.2462066928685687e-14,1.714931255311418e-15,0.15721513701271253,1.1368683772161603e-13,0.10262169205030905,1.0,0.10215675936734257,1.0056771317621638,0,143
HODDPNM,29.8,0.9360126679107571,1001.8350651701248,1001.8350651700664,1001.835065170125,6.399848940566244,-6.483383516422073,-0.08353457585840435,-8.347055685531402e-14,6.437268182876338e-15,0.15515020505279134,0.0,0.10292530387071257,1.0,0.10246469012302377,1.0056381352637742,0,143
HODDPNM,30.0,0.9365411397797246,1003.1022598034526,1003.1022598033937,1003.1022598034526,6.335973166638951,-6.418719232108405,-0.08274606547184266,-3.8404175672912544e-14,2.9915762229321324e-15,0.1531174225976882,1.1368683772161603e-13,0.1032376733798204,1.0,0.10278133915795121,1.0055996611055955,0,144
HODDPNM,30.200000000000003,0.9370635757115501,1004.356857156184,1004.3568571561248,1004.3568571561841,6.2729867636574,-6.354956481599153,-0.081969717943806,-1.3090136613547187e-13,1.029915519598577e-14,0.1511152957010612,2.2737367544323206e-13,0.10355896028122416,1.0,0.10310686933227066,1.0055617002195594,0,144
HODDPNM,30.400000000000002,0.9375801167651113,1005.599031120791,1005.5990311207313,1005.5990311207911,6.210869823035523,-6.292075120093639,-0.08120529706082122,1.6622120346809766e-14,1.3208774553345464e-15,0.14914149210744687,0.0,0.10388930623319577,1.0,0.10344142804277368,1.0055242437434944,0,144
HODDPNM,30.6,0.9380908836032373,1006.8289518617614,1006.8289518617014,1006.8289518617617,6.149603704853348,-6.230056277279214,-0.08045257242861586,9.947771772989e-15,7.983693349019946e-16,0.1471979605810255,0.0,0.1042288481344541,1.0,0.10378514513065211,1.0054872830314832,0,143
HODDPNM,30.8,0.9385959808436952,1008.0467863860385,1008.046786385978,1008.0467863860387,6.089172621386183,-6.168884087919025,-0.07971146653610613,-1.0200174038743626e-15,8.267438562119097e-17,0.14528757043763108,1.1368683772161603e-13,0.10457772144515912,1.0,0.10413814612925579,1.0054508095702492,0,143
HODDPNM,31.0,0.9390955006538009,1009.2526988549841,1009.2526988549231,1009.2526988549843,6.029562344728561,-6.108544548150434,-0.07898220342447937,-2.0806273370865824e-14,1.7030467083326077e-15,0.14340403815810845,2.2737367544323206e-13,0.10493603295876308,1.0,0.10450055556241407,1.005414814958677,0,143
HODDPNM,31.200000000000003,0.9395895305713616,1010.4468506171268,1010.4468506170653,1010.4468506171268,5.9707588107130505,-6.049023175646504,-0.07826436493577887,2.2219205642048934e-14,1.8365945208723667e-15,0.1415580334773945,0.0,0.10530391259213044,1.0,0.10487246970364625,1.0053792910715518,0,144
HODDPNM,31.400000000000002,0.9400781264570445,1011.6294002943391,1011.6294002942773,1011.6294002943392,5.91274838606239,-5.990305984518493,-0.07755759845863834,1.976543928527974e-14,1.6497854480520602e-15,0.13973506340482716,0.0,0.10568143732463128,1.0,0.10525400836568204,1.0053442297451967,0,144
HODDPNM,31.6,0.9405613299473913,1012.8005047434615,1012.8005047433994,1012.8005047434617,5.855522245612974,-5.932383849150199,-0.07686160353965718,3.6029339234300295e-14,3.0366662163519676e-15,0.13793796017193952,1.1368683772161603e-13,0.10606868414470619,1.0,0.10564523882886089,1.0053096232336018,0,144
HODDPNM,31.8,0.9410391997770597,1013.9603184835463,1013.9603184834835,1013.9603184835463,5.799068700424073,-5.8752448139328735,-0.07617611351204068,-2.2514282105312589e-13,1.916029273530423e-14,0.13616670238752743,-1.1368683772161603e-13,0.10646572178555072,1.0,0.10604622878549452,1.005275463886694,0,144
HODDPNM,32.0,0.9415118158657488,1015.1089934424296,1015.1089934423663,1015.1089934424297,5.743374794416809,-5.818875681231781,-0.07550088681783491,8.50951253905663e-14,7.31199032701553e-15,0.1344209740880158,0.0,0.10687261020602146,1.0,0.10645703806637138,1.0052417441991912,0,144
HODDPNM,32.2,0.9419792681415011,1016.24667883765,1016.2466788375863,1016.24667883765,5.688426976102505,-5.7632626766576465,-0.07483570055796138,7.165622262217397e-14,6.216636881082855e-15,0.13270041381451836,1.1368683772161603e-13,0.10728940081843502,1.0,0.10687771811239541,1.0052084568124857,0,144
HODDPNM,32.4,0.9424416464702681,1017.3735212019504,1017.3735212018865,1017.3735212019508,5.634211821503641,-5.708392167471615,-0.0741803459699707,-1.1153404588792881e-13,9.769304789838084e-15,0.13100464996841782,2.2737367544323206e-13,0.10771613681353613,1.0,0.10730831219224017,1.005175594512057,0,144
HODDPNM,32.6,0.9428990358725351,1018.4896644833029,1018.4896644832382,1018.489664483303,5.580716406763031,-5.654251032025865,-0.07353462526711646,1.7528513363007647e-14,1.550029638206628e-15,0.12933331178601398,-1.1368683772161603e-13,0.10815285350833176,1.0,0.10774885571660933,1.0051431502243537,0,144
HODDPNM,32.800000000000004,0.9433515156009727,1019.5952501599961,1019.5952501599309,1019.5952501599961,5.527928383465905,-5.600826732883014,-0.072898349420115,1.9245889604224686e-14,1.7181293514424378e-15,0.1276860327625403,0.0,0.10859957869349976,1.0,0.10819937657499254,1.0051111170135658,0,144
HODDPNM,33.0,0.9437991599226585,1020.6904173432683,1020.6904173432025,1020.6904173432685,5.475835916361689,-5.548107252950459,-0.07227133659196702,-4.212689225235877e-14,3.796510263022019e-15,0.12606245155973203,-1.1368683772161603e-13,0.10905633297234398,1.0,0.10865989547166399,1.0050794880784355,0,144
HODDPNM,33.2,0.9442420392672503,1021.7753028613056,1021.7753028612392,1021.7753028613056,5.424427590186269,-5.496081001209628,-0.07165341102594476,5.0535964302156344e-14,4.597454467194173e-15,0.12446221212621832,0.0,0.1095231300886313,1.0,0.10913042625299946,1.0050482567491494,0,144
HODDPNM,33.4,0.9446802211956299,1022.8500413273852,1022.8500413273182,1022.8500413273852,5.37369233039783,-5.444736732643065,-0.0710444022483282,7.2625933045245e-14,6.669370495896247e-15,0.12288496362725793,-2.2737367544323206e-13,0.10999997724264872,1.0,0.1096109762236155,1.0050174164843213,0,144
HODDPNM,33.6,0.9451137710752898,1023.9147651968592,1023.9147651967914,1023.9147651968592,5.323619347370254,-5.394063491856386,-0.07044414449013844,-2.468858451010192e-14,2.2884959129018414e-15,0.12133036035038533,-2.2737367544323206e-13,0.11048687539553852,1.0,0.11010154645086741,1.0049869608680464,0,144
HODDPNM,33.800000000000004,0.9455427529193147,1024.9696048169076,1024.969604816839,1024.9696048169076,5.274198100241847,-5.3440505764990505,-0.06985247626131334,1.588573023125761e-14,1.4863005134261312e-15,0.11980015425956467,0.0,0.1109838262267067,1.0,0.11060213205791408,1.0049568836070641,0,145
HODDPNM,34.0,0.9459672263059392,1026.0146893360188,1026.0146893359497,1026.0146893360188,5.225422595556211,-5.294691835065862,-0.06926923951203337,-8.194313283471644e-14,7.738234385238654e-15,0.11829719447087,-4.547473508864641e-13,0.1114908359874729,1.0,0.11111272916911878,1.004927178491043,0,145
HODDPNM,34.2,0.9463872395564072,1027.0501477340035,1027.0501477339335,1027.0501477340035,5.17729198992356,-5.245986269050675,-0.06869427913156809,-2.2864522775112306e-14,2.1792396703356425e-15,0.11681225586062195,0.0,0.11200787718287794,1.0,0.11163333875216917,1.0048978393712058,0,145
HODDPNM,34.4,0.9468028515072658,1028.0761044769138,1028.0761044768435,1028.076104476914,5.129783714552332,-5.197911160295533,-0.06812744574577244,7.457316014702897e-14,7.173377713401568e-15,0.11534859903372197,0.0,0.11253492861459986,1.0,0.1121639282977132,1.0048688603707694,0,145
HODDPNM,34.6,0.9472141274044792,1029.0926819689357,1029.0926819688648,1029.0926819689357,5.08288746010976,-5.150456052553935,-0.06756859244767056,2.018871181341808e-14,1.959895551715303e-15,0.11390586252855375,2.2737367544323206e-13,0.11292637673799928,1.0,0.11255882418644236,1.0048402356612656,0,146
HODDPNM,34.800000000000004,0.9476211298771814,1030.100000618705,1030.100000618634,1030.1000006187053,5.036593248847794,-5.103610825644587,-0.06701757679819724,-6.284122527899783e-14,6.156545573893002e-15,0.11248371264923647,0.0,0.11331652612174889,1.0,0.11295238793514122,1.0048119595244593,0,146
HODDPNM,35.0,0.9480239181693322,1031.0981789158814,1031.0981789158097,1031.0981789158814,4.990891485881548,-5.057365744288216,-0.06647425840978985,5.218915577476224e-15,5.159717372002264e-16,0.11108183079432,0.0,0.11371696497825648,1.0,0.11335621274237523,1.0047840263495327,0,146
HODDPNM,35.2,0.9484225489483695,1032.087333493037,1032.087333492965,1032.087333493037,4.945772885778297,-5.011711384401082,-0.06593849862548884,-2.7975885497077968e-14,2.7910511351616515e-15,0.10969991409115207,0.0,0.11412774576415961,1.0,0.11377035119540414,1.0047564306305534,0,146
HODDPNM,35.4,0.9488170770611033,1033.0675791744438,1033.0675791743718,1033.067579174444,4.901228407035205,-4.966638569778972,-0.06541016274513359,4.5998795050739005e-14,4.630777376335212e-15,0.10833766242308271,0.0,0.11454891293941616,1.0,0.11419484789002185,1.0047291669640144,0,146
HODDPNM,35.6,0.9492075560042359,1034.0390290162804,1034.039029016208,1034.0390290162804,4.85724920918301,-4.9221383281470565,-0.06488911896683056,4.559026767214647e-14,4.631144497852428e-15,0.10699478058609291,0.0,0.11498050327355826,1.0,0.1146297397297704,1.0047022300466326,0,146
HODDPNM,35.800000000000004,0.9495940381793211,1035.001794342097,1035.001794342024,1035.001794342097,4.813826629082314,-4.878201867374067,-0.06437523829371217,-7.110891736550329e-14,7.288435298370186e-15,0.10567097795387706,2.2737367544323206e-13,0.11542254614302962,1.0,0.11507505622429055,1.0046756146731985,0,146
HODDPNM,36.0,0.9499765750243837,1035.9559847756539,1035.9559847755809,1035.955984775654,4.770952167785936,-4.834820562235656,-0.06386839445118461,-1.9129055978117648e-13,1.978259144458232e-14,0.10436596835052148,2.2737367544323206e-13,0.1158750638202222,1.0,0.11553081977869784,1.0046493157344603,0,146
HODDPNM,36.2,0.9503552170832856,1036.901708272199,1036.9017082721252,1036.901708272199,4.7286174827252125,-4.791985946533348,-0.06336846381177058,8.712388449572117e-14,9.090582220792603e-15,0.10307946997863739,0.0,0.11633807175485934,1.0,0.11599704597511891,1.004623328215082,0,146
HODDPNM,36.4,0.9507300140459862,1037.8390711486852,1037.839071148611,1037.8390711486852,4.686814382431521,-4.749689707754065,-0.06287532532532342,-4.384079904662386e-14,4.615122433686469e-15,0.10181120536208299,-2.2737367544323206e-13,0.11681157884822521,1.0,0.11647374384701988,1.0045976471916438,0,146
HODDPNM,36.6,0.9511010147758727,1038.768178113174,1038.7681781130996,1038.7681781131741,4.645534822444688,-4.7079236828960624,-0.06238886045322435,3.909633033982729e-14,4.152183953390855e-15,0.1005609012927385,0.0,0.11729558772052757,1.0,0.11696091614664766,1.0045722678307014,0,146
HODDPNM,36.800000000000004,0.951468267541108,1039.6891322935212,1039.6891322934462,1039.689132293521,4.6047709017352645,-4.6666798548392485,-0.0619089531059413,-5.338958442013819e-14,5.7202964506728614e-15,0.09932943092053484,-2.2737367544323206e-13,0.11779009878230196,1.0,0.11745855960572248,1.0045471853868897,0,147
HODDPNM,37.0,0.9518318194440627,1040.6020352149103,1040.6020352148348,1040.6020352149103,4.564514606945522,-4.625950224844438,-0.061435617901605,-1.1960918366860085e-15,1.2928066435538476e-16,0.09811447257675328,0.0,0.11829509982584117,1.0,0.11796666899943176,1.0045223951815372,0,147
HODDPNM,37.2,0.9521917169780605,1041.506986923271,1041.506986923195,1041.506986923271,4.524758541803067,-4.585727152113485,-0.06096861031317029,-1.2626618500766185e-13,1.376730241674213e-14,0.09691661897545498,-2.2737367544323206e-13,0.1188105759630767,1.0,0.11848522673319216,1.0044978926557382,0,147
HODDPNM,37.4,0.9525480058905479,1042.4040859732327,1042.4040859731563,1042.4040859732327,4.485495249808764,-4.5460030643674045,-0.06050781456040499,-2.58118179607969e-14,2.8389573868868164e-15,0.09573563828666881,-2.2737367544323206e-13,0.11933650710888222,1.0,0.11901421277213248,1.0044736733185398,0,147
HODDPNM,37.6,0.9529007311963655,1043.293429451099,1043.293429451022,1043.293429451099,4.446717389331525,-4.50677051253448,-0.060053123206153636,-3.2170446861989888e-15,3.569124140280079e-16,0.09457128521489758,0.0,0.1198728681567348,1.0,0.11955360211815483,1.0044497327595159,0,147
HODDPNM,37.800000000000004,0.9532499371935574,1044.175112998571,1044.1751129984934,1044.175112998571,4.408417737359969,-4.468022170209444,-0.05960443285142077,1.941762722834639e-14,2.172955559375832e-15,0.09342331769676065,-4.547473508864641e-13,0.12041962920351423,1.0,0.1201033649789086,1.0044260666473996,0,147
HODDPNM,38.0,0.9535956674786872,1045.0492308368043,1045.0492308367263,1045.0492308368043,4.3705891911668004,-4.42975083390774,-0.05916164274326443,-1.369650920457488e-13,1.545968353313543e-14,0.09229149696693661,-2.2737367544323206e-13,0.12097675576796958,1.0,0.12066346698593171,1.0044026707284703,0,147
HODDPNM,38.2,0.9539379649876444,1045.915875790532,1045.9158757904536,1045.915875790532,4.333224768638502,-4.391949422747167,-0.05872465411055603,8.075224516845836e-14,9.193212101920154e-15,0.09117573304593041,0.0,0.12154420949771776,1.0,0.12123386940650595,1.0043795408249687,0,146
HODDPNM,38.400000000000006,0.9542768719766141,1046.7751393111166,1046.775139311037,1046.7751393111162,4.296317602920681,-4.354610981824699,-0.05829337890690455,-7.625584191872647e-14,8.755758233855823e-15,0.09007575448958947,-4.547473508864641e-13,0.12212194774942732,1.0,0.12181452984396303,1.0043566728311044,0,146
HODDPNM,38.6,0.9546124324106625,1047.6271114982846,1047.627111498205,1047.6271114982849,4.259860935841289,-4.317728660924992,-0.057867725084819244,-7.112366251504909e-15,8.236235773533184e-16,0.08900470971025173,2.2737367544323206e-13,0.12270996968120187,1.0,0.12240540181157825,1.0043340627147006,0,147
HODDPNM,38.800000000000004,0.9549446779246253,1048.4718830372417,1048.4718830371614,1048.4718830372417,4.223857694785238,-4.281305282030438,-0.05744758724854595,7.788041045397875e-15,9.095404943537804e-16,0.08795240128642995,0.0,0.12330823681695775,1.0,0.12300648080405206,1.0043117062901399,0,148
HODDPNM,39.0,0.9552736199723406,1049.3095428998972,1049.3095428998167,1049.3095428998972,4.188299313277639,-4.245332182172682,-0.05703286889662406,3.489569744274945e-14,4.109890103450513e-15,0.0869286809779613,0.0,0.1239167418058794,1.0,0.12361772486221842,1.0042895996115664,0,148
HODDPNM,39.2,0.9555992677147067,1050.1401791866306,1050.1401791865494,1050.1401791866306,4.153181433666759,-4.209804908928447,-0.056623475264539785,-1.817990202823694e-15,2.1592333162130128e-16,0.08590853775285734,0.0,0.12453538877483589,1.0,0.12423912336204329,1.0042677386335543,0,148
HODDPNM,39.400000000000006,0.9559216303316892,1050.9638785572633,1050.963878557182,1050.9638785572636,4.11849685316497,-4.174716172952735,-0.0562193197905104,-1.629417087367635e-13,1.951530379387e-14,0.08490222340537978,2.2737367544323206e-13,0.12516411456006366,1.0,0.12487057737112332,1.0042461197947845,0,148
HODDPNM,39.6,0.9562407321711557,1051.7807267565443,1051.780726756462,1051.780726756544,4.084240996403423,-4.14006131199821,-0.05582031559858939,-1.0887037799056642e-13,1.3148401652289768e-14,0.08390955996083094,-2.2737367544323206e-13,0.12580285304162536,1.0,0.12551202079483872,1.004224739423077,0,148
HODDPNM,39.800000000000004,0.956556614647526,1052.5908082320598,1052.5908082319768,1052.5908082320598,4.050407377577585,-4.105833755139372,-0.0554263775646503,2.799149800836176e-14,3.408747123932424e-15,0.0829304672652151,0.0,0.1264515355490849,1.0,0.12616338465918986,1.0042035939100802,0,148
HODDPNM,40.0,0.9568693305957466,1053.3942059367448,1053.3942059366618,1053.394205936745,4.016988523426335,-4.072025945598334,-0.055037422173126835,-1.1063979593606277e-13,1.3585350070723862e-14,0.08196481966660846,0.0,0.12711009081726457,1.0,0.12682459756176184,1.004182679708432,0,148
HODDPNM,40.2,0.9571789373453686,1054.1910012621595,1054.1910012620758,1054.1910012621595,3.983976627073389,-4.038629994542603,-0.054653367472679584,4.1147640850169864e-14,5.0942573231213275e-15,0.08101245177817756,-2.2737367544323206e-13,0.12777844514953596,1.0,0.127495585816969,1.0041619933313497,0,148
HODDPNM,40.400000000000006,0.9574854916957892,1054.9812740588804,1054.9812740587963,1054.9812740588804,3.9513639836047787,-4.005638116657302,-0.05427413305528207,1.5665420349808556e-13,1.955421320345824e-14,0.08007317898045667,0.0,0.1284565225839266,1.0,0.12817627355208114,1.0041415313521456,0,148
HODDPNM,40.6,0.9577890472509647,1055.7651027036923,1055.7651027036077,1055.7651027036923,3.9191432240590984,-3.9730428640943103,-0.05389964003767611,-9.918368210071193e-14,1.2482080548014797e-14,0.07914681042370814,-2.2737367544323206e-13,0.12914424498805363,1.0,0.12886658275724305,1.0041212904034145,0,148
HODDPNM,40.800000000000004,0.958089653771746,1056.5425641836973,1056.542564183612,1056.5425641836973,3.8873074000252927,-3.940837211061705,-0.05352981103982479,-9.22300430472589e-14,1.1701833659651623e-14,0.07823473237067462,0.0,0.12984153765941217,1.0,0.12956643331996598,1.004101267176035,0,148
HODDPNM,41.0,0.9583873572810305,1057.3137342530895,1057.313734253004,1057.3137342530897,3.8558503469619154,-3.9090149698602374,-0.05316462290036564,-6.768110377697312e-14,8.657053541467415e-15,0.07733863308476374,2.2737367544323206e-13,0.13054833048844927,1.0,0.13027574861831678,1.004081458392075,0,148
HODDPNM,41.2,0.9586821993226261,1058.0786874559803,1058.0786874558942,1058.0786874559806,3.824766014455463,-3.8775703403527757,-0.05280432590139693,-8.628254360987242e-14,1.1125851504472917e-14,0.07645275214986173,2.2737367544323206e-13,0.1312645317821745,1.0,0.13099445670511684,1.0040618607990668,0,148
HODDPNM,41.400000000000006,0.9589742188292454,1058.837497158199,1058.8374971581125,1058.8374971581993,3.794048511094843,-3.846497202160201,-0.05244869106881023,1.9274512541578304e-14,2.5054629613073742e-15,0.07557815775089827,0.0,0.13199005236931935,1.0,0.1317224641696928,1.0040424712917182,0,148
HODDPNM,41.6,0.9592634526002777,1059.5902355845737,1059.590235584487,1059.5902355845742,3.7636921318755867,-3.8157896813083596,-0.05209754943622231,3.9924660799606215e-15,5.231506992531462e-16,0.0747150043325743,2.2737367544323206e-13,0.13272480251214439,1.0,0.13245968024793034,1.004023286797817,0,148
HODDPNM,41.800000000000004,0.9595499357635023,1060.3369738652914,1060.3369738652036,1060.3369738652914,3.733691403588182,-3.785442173982723,-0.05175077039865463,-7.908691063152062e-14,1.0446191884139797e-14,0.07386331943007532,0.0,0.13312270043013133,1.0,0.13285991770145664,1.0040043042924427,0,148
HODDPNM,42.0,0.9598337021190347,1061.0777820752023,1061.0777820751148,1061.0777820752028,3.704041049556963,-3.755449297422828,-0.051408247867509305,7.372661509075229e-14,9.81595133521453e-15,0.07302305538360065,2.2737367544323206e-13,0.13335015532920208,1.0,0.13308963811448943,1.0039855207991406,0,148
HODDPNM,42.2,0.9601147843941249,1061.8127292653026,1061.8127292652143,1061.8127292653023,3.6747359505000077,-3.725805842023199,-0.05106989152565058,-9.684267276988123e-14,1.2996204965589599e-14,0.072194118373545,-2.2737367544323206e-13,0.13357828200761263,1.0,0.1333200085158622,1.0039669333902472,0,148
HODDPNM,42.400000000000006,0.9603932144342616,1062.541883488549,1062.5418834884604,1062.541883488549,3.6457711162324813,-3.6965067375555023,-0.05073562132514291,-7.3972945824341e-14,1.0005790747352733e-14,0.07137638717699626,0.0,0.13380714039204614,1.0,0.13355108887549091,1.0039485391867309,0,148
HODDPNM,42.6,0.9606690233463988,1063.265311822053,1063.2653118219641,1063.2653118220533,3.617141667521082,-3.6675470315569214,-0.05040536403781274,-2.888835004544177e-14,3.938374858845439e-15,0.07056972501482062,0.0,0.13403678912004005,1.0,0.13378293793587012,1.0039303353577516,0,148
HODDPNM,42.800000000000004,0.9609422416043008,1063.983080386949,1063.9830803868597,1063.9830803869493,3.588842824481162,-3.638921875576507,-0.05007905109861745,4.832072242333396e-14,6.639428390539008e-15,0.06977398674143678,2.2737367544323206e-13,0.1342672855191707,1.0,0.1340156131660749,1.0039123191200356,0,148
HODDPNM,43.0,0.9612128991240049,1064.6952543667162,1064.6952543666262,1064.6952543667162,3.56086989883579,-3.6106265160913154,-0.04975661725877101,5.1655728305899373e-14,7.153291551433583e-15,0.06898902311400047,0.0,0.13449868560189818,1.0,0.13424917074156312,1.003894487737149,0,148
HODDPNM,43.2,0.9614810253166972,1065.4018980244077,1065.4018980243177,1065.4018980244082,3.5332182884599206,-3.5826562882015622,-0.04943799974346317,-3.1911973064069343e-14,4.453674940735181e-15,0.06821468331031495,0.0,0.13473104406978872,1.0,0.13448366553945545,1.0038768385187204,0,148
HODDPNM,43.400000000000006,0.961746649125466,1066.1030747190698,1066.103074718979,1066.10307471907,3.505883473311542,-3.5550066110300023,-0.04912313772245709,-2.1614654510671016e-15,3.040030142784515e-16,0.06745081642861939,-2.2737367544323206e-13,0.13496441432340417,1.0,0.13471915114303817,1.0038593688196367,0,148
HODDPNM,43.6,0.9620097990511558,1066.7988469215143,1066.7988469214233,1066.7988469215147,3.47886101222457,-3.527672984195604,-0.048811971974139265,1.2877893196261425e-13,1.825267428975171e-14,0.06669727237931558,0.0,0.13519884847557742,1.0,0.13495567985178036,1.0038420760392353,0,148
HODDPNM,43.800000000000004,0.9622705031711599,1067.4892762295763,1067.4892762294844,1067.4892762295763,3.4521465403099683,-3.5006509849742145,-0.04850444466883757,-5.603070091231288e-14,8.002897340062717e-15,0.06595390243273833,-2.2737367544323206e-13,0.1354343973667559,1.0,0.1351933026946254,1.0038249576204992,0,148
HODDPNM,44.0,0.9625287891537834,1068.1744233829127,1068.17442338282,1068.1744233829127,3.42573576668201,-3.4739362659035677,-0.0482004992255953,2.1334496669300762e-14,3.0706517098032135e-15,0.06522055954246861,-2.2737367544323206e-13,0.135671110581528,1.0,0.13543206944525582,1.0038080110492538,0,148
HODDPNM,44.2,0.9627846842698515,1068.8543482774066,1068.8543482773132,1068.8543482774066,3.3996244724698954,-3.4475245526809886,-0.04790008021467256,9.530657513190377e-14,1.3822465028963834e-14,0.06449709854859792,0.0,0.13590903646584643,1.0,0.13567202863847752,1.00379123385338,0,148
HODDPNM,44.400000000000006,0.963038215402594,1069.5291099792016,1069.5291099791077,1069.5291099792018,3.373808508976026,-3.4214116422613117,-0.04760313328814628,-2.2011906186669705e-14,3.21678717561623e-15,0.06378337629053074,2.2737367544323206e-13,0.13614822214458253,1.0,0.13591322758725685,1.0037746236020466,0,148
HODDPNM,44.6,0.9632894090564267,1070.1987667383962,1070.1987667383016,1070.1987667383962,3.348283795972975,-3.3955934010985658,-0.04730960512847535,-2.429133283410323e-14,3.5768906881244985e-15,0.06307925167175302,0.0,0.13638871353921625,1.0,0.1361557124000637,1.0037581779049356,0,148
HODDPNM,44.800000000000004,0.9635382913650038,1070.8633760024145,1070.8633760023192,1070.8633760024145,3.3230463200914073,-3.370065763496747,-0.047019443408450025,-8.487568287085523e-14,1.2592585549836554e-14,0.062384585686003344,0.0,0.1366305553855123,1.0,0.13639952799834043,1.0037418944115095,0,148
HODDPNM,45.0,0.9637848880987643,1071.5229944290732,1071.5229944289774,1071.5229944290736,3.2980921332955404,-3.3448247300496305,-0.0467325967584719,1.6579619621648334e-14,2.478398863875816e-15,0.06169924142432031,0.0,0.13687379125110916,1.0,0.136644718133953,1.003725770810271,0,148
HODDPNM,45.2,0.9640292246721114,1072.1776778993571,1072.1776778992607,1072.1776778993571,3.273417351419994,-3.3198663661554164,-0.046449014738916446,1.5635062688978962e-14,2.35477289814484e-15,0.06102308406593637,0.0,0.13711846355297086,1.0,0.13689132540656454,1.0037098048280444,0,148
HODDPNM,45.400000000000006,0.964271326150315,1072.8274815299137,1072.8274815298169,1072.8274815299137,3.24901815278281,-3.2951868005966887,-0.04616864781580764,-1.1593764143169594e-13,1.759196798959442e-14,0.060355980857365536,0.0,0.13736461357466706,1.0,0.13713939128088168,1.0036939942292789,0,148
HODDPNM,45.6,0.9645112172561826,1073.472459685282,1073.472459685185,1073.4724596852825,3.2248907768439494,-3.2707822241799605,-0.04589144733890571,7.685692360315244e-15,1.1749012672708245e-15,0.05969780108489392,2.2737367544323206e-13,0.1376122814834668,1.0,0.1373889561037409,1.0036783368153552,0,148
HODDPNM,45.800000000000004,0.964748922376535,1074.1126659898641,1074.1126659897664,1074.1126659898641,3.201031522910398,-3.2466488884289717,-0.045617365521665676,-5.0937552786844975e-14,7.844635274291857e-15,0.059048416047062895,0.0,0.1378615063472598,1.0,0.13764005912102353,1.0036628304239077,0,148
HODDPNM,46.0,0.9649844655684972,1074.7481533396453,1074.7481533395476,1074.7481533396458,3.177436748908349,-3.2227831043284993,-0.04534635542236256,-5.957821042068545e-14,9.243285770712569e-15,0.05840769901715358,2.2737367544323206e-13,0.13811232615127705,1.0,0.1378927384944093,1.0036474729281704,0,148
HODDPNM,46.2,0.9652178705656129,1075.3789739136837,1075.3789739135855,1075.3789739136837,3.154102870191764,-3.199181241115724,-0.04507837092635988,-7.552639069707823e-14,1.1804018748045335e-14,0.0577755252129465,-2.2737367544323206e-13,0.13836477781465378,1.0,0.1381470313179473,1.0036322622363238,0,148
HODDPNM,46.400000000000006,0.9654491607837838,1076.0051791853616,1076.0051791852627,1076.0051791853616,3.1310263583895903,-3.1758397251152815,-0.04481336672911074,-3.227192818533453e-14,5.080849630115654e-15,0.057151771758526884,0.0,0.13850256793784158,1.0,0.13828661520509156,1.0036171962908613,0,148
HODDPNM,46.6,0.965678359327036,1076.6268199334218,1076.6268199333222,1076.6268199334218,3.1082037403007234,-3.1527550386173004,-0.0445512983198754,-2.501471252358556e-15,3.967119585437748e-16,0.056536317653126236,0.0,0.13863091794384463,1.0,0.13841673861088438,1.0036022730679708,0,148
HODDPNM,46.800000000000004,0.9659054889931086,1077.2439462527882,1077.243946252688,1077.2439462527882,3.0856315968321724,-3.1299237187945863,-0.04429212196593891,2.8451199729495613e-14,4.545030851492584e-15,0.05592904373361354,-2.2737367544323206e-13,0.1387589158384221,1.0,0.1385464920046798,1.0035874905769189,0,148
HODDPNM,47.0,0.966130572278871,1077.8566075651806,1077.85660756508,1077.8566075651809,3.0633065619633726,-3.1073423566573766,-0.044035794697380864,-8.742138957185119e-14,1.4066906625931692e-14,0.05532983264561034,2.2737367544323206e-13,0.13888662318633527,1.0,0.13867593713216841,1.0035728468594614,0,148
HODDPNM,47.2,0.9663536316088314,1078.4648526295316,1078.4648526294302,1078.4648526295318,3.0412253217559737,-3.0850075960433045,-0.043782274292124605,1.4133659520521036e-14,2.2907009270637238e-15,0.054740065714214414,0.0,0.1390141063755127,1.0,0.13880513484736948,1.003558339989255,0,149
HODDPNM,47.400000000000006,0.9665746887147266,1079.0687294560803,1079.0687294559784,1079.0687294560805,3.0193841327445625,-3.062915868657342,-0.04353173591656176,-2.7614195652336804e-14,4.50782797119803e-15,0.054156949193383236,0.0,0.1391414206928124,1.0,0.13893415082664623,1.0035439680478693,0,149
HODDPNM,47.6,0.9667937652182965,1079.6682854843853,1079.6682854842827,1079.6682854843855,2.9977801415259364,-3.0410641100754106,-0.043283968554081405,1.5372338818542275e-13,2.5274604977251593e-14,0.05358153571864894,2.2737367544323206e-13,0.13926862497050543,1.0,0.13906303964337108,1.0035297291895642,0,148
HODDPNM,47.800000000000004,0.9670108824944521,1080.2635675316392,1080.2635675315362,1080.2635675316392,2.9764102362696576,-3.019449147249098,-0.04303891098215482,-2.9265652401466724e-14,4.846190641779207e-15,0.053013964848788946,0.0,0.13939577811403683,1.0,0.13919185941619922,1.003515621580644,0,148
HODDPNM,48.0,0.9672260615681645,1080.8546217996006,1080.854621799497,1080.8546217996009,2.955271339808405,-2.9980678539485908,-0.04279651414465748,-5.81461961912666e-14,9.697278217809859e-15,0.05245368789610343,0.0,0.13952293645327005,1.0,0.1393206683368652,1.0035016434132014,0,148
HODDPNM,48.2,0.9674393232152207,1081.4414938830978,1081.4414938829937,1081.441493883098,2.9343604174869142,-2.9769171499439295,-0.042556732460253585,-3.168038748002644e-14,5.321005907169084e-15,0.051900715717919585,0.0,0.1396501558838899,1.0,0.1394495220215563,1.0034877929153663,0,148
HODDPNM,48.400000000000006,0.9676506879600142,1082.0242287788235,1082.0242287787187,1082.0242287788233,2.9136744786273994,-2.9559940015181354,-0.04231952289274133,-3.691751765400042e-14,6.2445183642165454e-15,0.05135498960225977,-4.547473508864641e-13,0.13977749159830427,1.0,0.1395784756528632,1.0034740683420171,0,148
HODDPNM,48.6,0.9678601760714132,1082.6028708919475,1082.6028708918423,1082.6028708919475,2.8932105656201657,-2.9352954100701467,-0.04208484445189511,1.0798393429434228e-13,1.839404884493832e-14,0.05081642538425608,-2.2737367544323206e-13,0.13990499798492584,1.0,0.13970758371099487,1.0034604679754073,0,148
HODDPNM,48.800000000000004,0.9680678075623652,1083.1774640427839,1083.1774640426781,1083.1774640427839,2.8729657541816778,-2.914818412012309,-0.041852657833281015,1.5770371120105153e-14,2.7052064470133772e-15,0.05028492915562249,-4.547473508864641e-13,0.14003272858773994,1.0,0.13983689987337583,1.0034469901250926,0,148
HODDPNM,49.0,0.9682736021908793,1083.748051474055,1083.748051473949,1083.7480514740555,2.8529371563581662,-2.894560081498952,-0.04162292514475705,-4.397610747775005e-14,7.59633696305015e-15,0.04976040363794696,0.0,0.14016073609060695,1.0,0.1399664769745254,1.0034336331276248,0,148
HODDPNM,49.2,0.9684775816439092,1084.3146758588,1084.3146758586934,1084.3146758588,2.833121923724775,-2.874517533414725,-0.041395609693459755,5.605758912619052e-14,9.750782257286116e-15,0.04925796354837168,-2.2737367544323206e-13,0.1402891318317881,1.0,0.14009636699065947,1.0034203953461496,0,148
HODDPNM,49.400000000000006,0.9686797619597078,1084.8773785398657,1084.8773785397586,1084.877378539866,2.813513405329786,-2.854684261415443,-0.04117085608853765,-3.7963555910014435e-14,6.649344101398405e-15,0.04876212485919508,0.0,0.14041796636066162,1.0,0.1402266805583481,1.0034072749341607,0,148
HODDPNM,49.6,0.968880151513441,1085.4362006508577,1085.43620065075,1085.4362006508577,2.7941105549598433,-2.8350592574741142,-0.04094870251744793,-9.875607276388365e-14,1.7416932733147645e-14,0.04827017552384014,-2.2737367544323206e-13,0.1405472790776322,1.0,0.14035746752687722,1.003394270313702,0,149
HODDPNM,49.800000000000004,0.9690787465567086,1085.9911835322418,1085.9911835321336,1085.9911835322418,2.774914406920743,-2.8156434411473654,-0.04072903422840736,-6.69794081309405e-14,1.189415661658235e-14,0.047788150752694394,-2.2737367544323206e-13,0.14067713259531353,1.0,0.1404887665860937,1.003381379973327,0,149
HODDPNM,50.0,0.9692755156139695,1086.5423690407067,1086.542369040598,1086.542369040707,2.7559275423254803,-2.7964392924272374,-0.04051175010534392,-1.6968284416440937e-13,3.0339089538578936e-14,0.04731040516912681,0.0,0.1408075668368143,1.0,0.14062063965494498,1.00336860232903,0,149
HODDPNM,50.2,0.9694704866932131,1087.0897984693224,1087.089798469213,1087.0897984693224,2.737147143078573,-2.777443908183244,-0.04029676510767799,-3.4555691641458e-14,6.220772189066914e-15,0.04683863963282328,0.0,0.1409386279230819,1.0,0.14075312596999143,1.003355935905177,0,149
HODDPNM,50.400000000000006,0.9696636889144549,1087.633512394146,1087.6335123940362,1087.633512394146,2.7185696241178903,-2.758653632580227,-0.040084008464958965,2.6575096290226696e-14,4.816678682738039e-15,0.04637280781025829,-2.2737367544323206e-13,0.1410703612969622,1.0,0.1408862709625539,1.0033433792211826,0,149
HODDPNM,50.6,0.9698551480426609,1088.1735507430053,1088.1735507428953,1088.1735507430055,2.7001917442976264,-2.7400651666592992,-0.039873422363875435,-3.401792736390519e-14,6.207503342952667e-15,0.04591286573918333,0.0,0.14120281172817525,1.0,0.1410201193837566,1.0033309308188985,0,149
HODDPNM,50.800000000000004,0.9700448885272558,1088.709952830608,1088.7099528304973,1088.709952830608,2.682010438013549,-2.7216753976285446,-0.03966495961847472,2.2765643536981628e-14,4.182284844989833e-15,0.045458758451784965,-2.2737367544323206e-13,0.14133602326839245,1.0,0.14115471531281018,1.0033185892625471,0,149
HODDPNM,51.0,0.9702329346587966,1089.24275736553,1089.2427573654188,1089.24275736553,2.664022674609896,-2.7034812558115746,-0.03945858120433471,-1.502704211064909e-14,2.7792022005587473e-15,0.045010420030620335,0.0,0.14147003920919693,1.0,0.1412901021152483,1.0033063531387185,0,149
HODDPNM,51.2,0.9704193106551879,1089.772002451772,1089.7720024516605,1089.772002451772,2.646225431210496,-2.6854796852143394,-0.03925425400590751,-2.9015852220926064e-14,5.402359284389641e-15,0.044567777204975706,0.0,0.14160490205626194,1.0,0.14142632240319683,1.003294221056292,0,149
HODDPNM,51.400000000000006,0.9706040403444951,1090.297725595252,1090.2977255951396,1090.297725595252,2.628615717399043,-2.667667666339966,-0.03905194894421601,-2.2035324953595392e-14,4.130073103111491e-15,0.04413075285583608,0.0,0.14174065351837226,1.0,0.14156341801064876,1.003282191646256,0,149
HODDPNM,51.6,0.9707871468405497,1090.8199637167438,1090.8199637166306,1090.8199637167436,2.6111906074584113,-2.650042246985379,-0.03885163952987897,-9.831545300098554e-15,1.8549789746328142e-15,0.04369926852223118,-2.2737367544323206e-13,0.14187733450630394,1.0,0.14170142998241786,1.0032702635614288,0,149
HODDPNM,51.800000000000004,0.9709686523426454,1091.3387531693552,1091.3387531692422,1091.3387531693559,2.5939472630602722,-2.6326005638729413,-0.03865330081528685,2.4815219323848225e-14,4.7130619935994135e-15,0.04327324592509274,4.547473508864641e-13,0.1420149851369274,1.0,0.14184039857213696,1.0032584354760987,0,149
HODDPNM,52.0,0.9711485780627097,1091.8541297581223,1091.8541297580086,1091.8541297581223,2.576882943835699,-2.615339852517117,-0.03845690868521781,5.961724169889493e-14,1.1397608926708587e-14,0.042852607770781766,0.0,0.1421536447393709,1.0,0.141980363245144,1.0032467060856352,0,149
HODDPNM,52.2,0.9713269442429882,1092.3661287598368,1092.3661287597229,1092.366128759837,2.5599950085734235,-2.5982574479838476,-0.03826243941269983,-2.6497901095545728e-14,5.0991677356867626e-15,0.04243727809330368,0.0,0.14229335186148254,1.0,0.1421213626834921,1.003235074106063,0,149
HODDPNM,52.400000000000006,0.9715037702252712,1092.874784941969,1092.8747849418546,1092.8747849419692,2.5432809106621335,-2.5813507800686324,-0.03806986940935665,-4.1446013288037875e-14,8.027970008576861e-15,0.04202718235365009,0.0,0.14243414427595144,1.0,0.1422634347915875,1.0032235382736499,0,149
HODDPNM,52.6,0.9716790745425988,1093.3801325800964,1093.3801325799814,1093.3801325800964,2.526738190637161,-2.5646173657431603,-0.037879175109032014,-2.8487628922491126e-14,5.55397255415123e-15,0.041622247410033036,0.0,0.1425760589859961,1.0,0.1424066167019165,1.0032120973444876,0,149
HODDPNM,52.800000000000004,0.9718528750151718,1093.882205473663,1093.8822054735472,1093.882205473663,2.51036446783246,-2.548054800764966,-0.03769033293596452,-7.729927808952652e-14,1.5168291919441374e-14,0.0412224014453387,-2.2737367544323206e-13,0.1427191322308485,1.0,0.14255094478074581,1.0032007500941025,0,149
HODDPNM,53.0,0.9720251898581965,1094.3810369601078,1094.3810369599914,1094.3810369601078,2.4941574322247106,-2.531660751543626,-0.037503319321824664,1.1379786002407855e-14,2.247494257566448e-15,0.04083520104882234,0.0,0.142863430672881,1.0,0.14269645463394262,1.003189495317076,0,150
HODDPNM,53.2,0.9721960359316841,1094.876661151958,1094.876661151841,1094.876661151958,2.4781209592504183,-2.5154390676563096,-0.03731810840847758,-8.090143138739236e-14,1.6080976165868416e-14,0.04045459789949726,-2.2737367544323206e-13,0.1430089959265394,1.0,0.14284321229538538,1.0031782894991654,0,150
HODDPNM,53.400000000000006,0.9723654286175408,1095.369111707339,1095.3691117072221,1095.3691117073395,2.4622527769076896,-2.499387453557432,-0.03713467665222673,-4.6189614633096454e-14,9.2401869440712e-15,0.04007297202178792,4.547473508864641e-13,0.14315583789469044,1.0,0.14299125875487048,1.003167128944722,0,150
HODDPNM,53.6,0.9725333836582947,1095.8584206311016,1095.858420630984,1095.8584206311016,2.4465446188128226,-2.483497621139307,-0.03695300233006685,3.06213387979426e-14,6.16496237751034e-15,0.03969604772487419,0.0,0.1433039894185261,1.0,0.14314060329536482,1.0031560544973817,0,150
HODDPNM,53.800000000000004,0.9726999164290427,1096.3446194993107,1096.3446194991925,1096.3446194993107,2.430994341045789,-2.4677674025667002,-0.03677306152463111,-9.125946526244988e-14,1.8490289070084773e-14,0.03932377549062911,0.0,0.14345348267258248,1.0,0.14329127814475637,1.003145069396572,0,150
HODDPNM,54.0,0.9728650419753925,1096.827739478835,1096.8277394787165,1096.8277394788352,2.415599897622087,-2.4521947287421426,-0.03659483112254807,1.4149705712673821e-13,2.885110539309565e-14,0.038956100616812955,2.2737367544323206e-13,0.1436043491474062,1.0,0.14344331487062373,1.003134174443257,0,150
HODDPNM,54.2,0.9730287750447575,1097.3078113385013,1097.3078113383822,1097.3078113385013,2.4003592983319777,-2.436777586879302,-0.036418288550785265,-3.544126797594416e-14,7.272158970673113e-15,0.038592966069926904,0.0,0.14375661964417102,1.0,0.1435967443632537,1.0031233692153054,0,150
HODDPNM,54.400000000000006,0.9731911301121028,1097.7848654565644,1097.784865456445,1097.7848654565646,2.385270590316395,-2.4215140019544066,-0.03624341163995864,-4.280777121667967e-14,8.839050937164159e-15,0.03823431391833739,0.0,0.14391032427536898,1.0,0.14375159683047814,1.0031126526987701,0,150
HODDPNM,54.6,0.9733521214011465,1098.2589318267303,1098.25893182661,1098.25893182673,2.3703318508285065,-2.4064020293814607,-0.03607017855627871,8.272462576064399e-14,1.7188446641613393e-14,0.03788008607261842,-2.2737367544323206e-13,0.14406549246866182,1.0,0.14390790179847776,1.0031020236163906,0,150
HODDPNM,54.800000000000004,0.9735117629018859,1098.7300400637057,1098.730040063585,1098.730040063706,2.3555411848781205,-2.3914397526447146,-0.03589856776980087,-3.5289479671796187e-14,7.378291598762958e-15,0.037530224656392525,0.0,0.14422215297230398,1.0,0.1440656881156592,1.0030914805966316,0,150
HODDPNM,55.0,0.9736700683851689,1099.198219408675,1099.1982194085535,1099.198219408675,2.3408967248462886,-2.376625282884376,-0.03572855804171905,-8.844487642267751e-15,1.8607240497599473e-15,0.03718467220619409,0.0,0.1443803338613803,1.0,0.1442249839580412,1.0030810222581457,0,150
HODDPNM,55.2,0.9738270514148961,1099.6634987348054,1099.663498734684,1099.6634987348057,2.326396630653562,-2.3619567590726405,-0.0355601284207118,-4.9659928946788057e-14,1.0512455140429526e-14,0.036843371774012104,0.0,0.1445400625444161,1.0,0.14438581683541013,1.003070647249521,0,150
HODDPNM,55.400000000000006,0.9739827253583268,1100.1259065528006,1100.1259065526783,1100.1259065528004,2.31203908997486,-2.34743234821466,-0.03539325824344792,-2.1542403277896582e-13,4.588503539678986e-14,0.03650626698413417,-2.2737367544323206e-13,0.14470136577014794,1.0,0.1445482135978223,1.0030603542656944,0,150
HODDPNM,55.6,0.9741371033948617,1100.5854710164504,1100.5854710163276,1100.5854710164504,2.2978223182485635,-2.333050245382502,-0.03522792713611594,-2.056653458648583e-13,4.407649305277684e-14,0.03617330206498161,0.0,0.14486426963434404,1.0,0.14471220044225808,1.003050142052597,0,150
HODDPNM,55.800000000000004,0.9742901985236,1101.0422199281586,1101.0422199280354,1101.0422199281586,2.2837445585412297,-2.3188086735547273,-0.0350641150159462,-1.0793536203701493e-13,2.3273882676894882e-14,0.03584442187093487,-2.2737367544323206e-13,0.14502879958662931,1.0,0.14487780291932112,1.0030400094061558,0,150
HODDPNM,56.0,0.9744420235699086,1101.4961807443988,1101.4961807442753,1101.496180744399,2.2698040812019826,-2.3047058832915965,-0.03490180209184814,-1.6176643358178922e-13,3.509481074233101e-14,0.03551957189324713,2.2737367544323206e-13,0.1451949804372814,1.0,0.14504504593995352,1.003029955168872,0,150
HODDPNM,56.2,0.9745925911911854,1101.9473805810853,1101.9473805809612,1101.9473805810853,2.2559991834327775,-2.2907401522940276,-0.034740968864144975,2.576931723563547e-15,5.624670526208066e-16,0.03519869827232702,0.0,0.14536283636401412,1.0,0.14521395378213198,1.0030199782256402,0,150
HODDPNM,56.400000000000006,0.9747419138819692,1102.3958462188389,1102.3958462187143,1102.3958462188389,2.242328188767715,-2.2769097848892983,-0.034581596123333586,-2.857783454324192e-14,6.2755746259442526e-15,0.03488174780159132,0.0,0.1455323909187303,1.0,0.14538455009756868,1.0030100774995643,0,150
HODDPNM,56.6,0.9748900039785087,1102.8416041081455,1102.8416041080202,1102.8416041081455,2.2287894465330282,-2.2632131114773983,-0.034423664947951675,2.847375113468331e-14,6.290558982329654e-15,0.03456866793340063,0.0,0.14570366703426502,1.0,0.1455568579183935,1.0030002519481342,0,150
HODDPNM,56.800000000000004,0.9750368736628843,1103.2846803743982,1103.2846803742725,1103.2846803743982,2.2153813312638704,-2.249648487962972,-0.034267156701851376,2.1106380532209812e-14,4.69103965466811e-15,0.0342594067819825,0.0,0.14587668703113005,1.0,0.14573089966385006,1.0029905005598583,0,150
HODDPNM,57.0,0.975182534966762,1103.7251008228304,1103.725100822704,1103.7251008228304,2.2021022421608905,-2.2362142951885957,-0.0341120530308726,9.095762337762991e-14,2.0337412110563044e-14,0.03395391312642502,0.0,0.14605147262426577,1.0,0.14590669714699886,1.0029808223513712,0,150
HODDPNM,57.2,0.9753269997748336,1104.162890943335,1104.1628909432081,1104.162890943335,2.1889506025229366,-2.222908938379618,-0.033958335859112426,-8.523130118343047e-14,1.9171118463699404e-14,0.03365213640927256,-2.2737367544323206e-13,0.14622804492980193,1.0,0.14608427158144807,1.0029712163649598,0,150
HODDPNM,57.400000000000006,0.9754702798279963,1104.5980759151798,1104.5980759150525,1104.5980759151798,2.1759248592240965,-2.2097308466064547,-0.03380598738495863,-1.3202546694790485e-13,2.987365342493688e-14,0.033354026737469344,-2.2737367544323206e-13,0.14640642447184454,1.0,0.14626364358810048,1.0029616816664677,0,150
HODDPNM,57.6,0.9756123867263061,1105.0306806116187,1105.0306806114904,1105.0306806116187,2.1630234821941485,-2.1966784722670027,-0.03365499007698258,1.616562786410647e-13,3.6795616810065346e-14,0.033059534879157824,-2.2737367544323206e-13,0.14658663118927848,1.0,0.1464448332019342,1.0029522173435055,0,150
HODDPNM,57.800000000000004,0.9757533319317454,1105.4607296044032,1105.4607296042745,1105.4607296044032,2.150244963922887,-2.1837502905897566,-0.03350532666967247,5.256385604557323e-14,1.2035225884582204e-14,0.03276861226231642,-2.2737367544323206e-13,0.1467686844426046,1.0,0.14662785987880997,1.0029428225039312,0,150
HODDPNM,58.0,0.9758931267708213,1105.8882471682034,1105.8882471680745,1105.8882471682036,2.137587819001965,-2.170944799158299,-0.0333569801591548,8.728347905551104e-14,2.0102648185549252e-14,0.03248121097044518,0.0,0.1469526030207981,1.0,0.14681274250231288,1.0029334962745284,0,150
HODDPNM,58.2,0.9760317824370249,1106.3132572849354,1106.3132572848058,1106.3132572849354,2.125050583659913,-2.1582605174554175,-0.033209933798961075,4.471856912546812e-14,1.0359863594723812e-14,0.03219728373869711,0.0,0.14713840514819665,1.0,0.1469994993906221,1.002924237799888,0,150
HODDPNM,58.400000000000006,0.9761693099931666,1106.7357836480016,1106.7357836478718,1106.7357836480019,2.1126318153324064,-2.145695986426432,-0.033064171095829556,2.0350041096683924e-14,4.742060670618936e-15,0.031916783947054,2.2737367544323206e-13,0.14732610849140376,1.0,0.14718814830340893,1.0029150462414178,0,150
HODDPNM,58.6,0.9763057203736006,1107.155849666453,1107.1558496663226,1107.1558496664532,2.1003300922575363,-2.1332497680600184,-0.03291967580550514,1.3259532360976323e-13,3.107824634389899e-14,0.03163966561874026,-2.2737367544323206e-13,0.1475157301662309,1.0,0.1473787064487515,1.0029059207764888,0,150
HODDPNM,58.800000000000004,0.9764410244495246,1107.5734784690649,1107.573478468934,1107.573478469065,2.0881440130608553,-2.1209204449854013,-0.0327764319286965,1.1943571132100317e-15,2.815657503874654e-16,0.03136641019114069,0.0,0.14770728902997382,1.0,0.14757119049008804,1.0028968605976778,0,151
HODDPNM,59.0,0.9765752330558007,1107.9886929842296,1107.9886929840982,1107.9886929842296,2.076072575823673,-2.1087069968536483,-0.032634421032284575,-1.2956649642070772e-14,3.0721787477814573e-15,0.031097717671854718,-2.2737367544323206e-13,0.14790080665248692,1.0,0.14776561883834208,1.0028878602431044,0,150
HODDPNM,59.2,0.9767083567008691,1108.4015158031016,1108.4015158029697,1108.4015158031016,2.0641140943598657,-2.0966076767164736,-0.03249358235941947,-1.126789633820735e-14,2.687173299834188e-15,0.030831854531469693,0.0,0.1480962967466326,1.0,0.14796201262290143,1.0028789282240909,0,150
HODDPNM,59.400000000000006,0.9768404057822753,1108.8119692561427,1108.8119692560103,1108.8119692561427,2.0522672652055007,-2.0846211971386452,-0.03235393193562119,1.230239868310612e-13,2.950751604172765e-14,0.030568855746195927,-2.2737367544323206e-13,0.14829377283462408,1.0,0.14816038512280008,1.0028700616022093,0,150
HODDPNM,59.6,0.9769713922856094,1109.2200754237494,1109.2200754236167,1109.2200754237497,2.0405308380350107,-2.072746308313171,-0.032215470281360105,-7.729841072778854e-14,1.864637520223962e-14,0.030323122363597417,0.0,0.14849331104836433,1.0,0.1483607494325886,1.0028612583946364,0,151
HODDPNM,59.800000000000004,0.9771013282965118,1109.62585892968,1109.6258589295467,1109.6258589296801,2.0289175296534268,-2.0609957125099925,-0.03207818285978606,1.5016807242140828e-13,3.643095216302224e-14,0.030096742988691052,2.2737367544323206e-13,0.14869499667090275,1.0,0.14856318125683018,1.0028525170503906,0,151
HODDPNM,60.0,0.977230222915386,1110.0293466538888,1110.0293466537555,1110.0293466538892,2.0174386210464945,-2.049380673367523,-0.03194205232363994,-1.3594247255666048e-13,3.316672063984933e-14,0.029866137028877107,0.0,0.14889881159557675,1.0,0.14876776545906162,1.0028438363036012,0,151
