$MeshFormat
4.1 0 8
$EndMeshFormat
$PhysicalNames
5
2 1 "sphere_walls"
2 2 "inlet"
2 3 "outlet"
2 4 "outer_walls"
3 1000 "fluid"
$EndPhysicalNames
$Entities
53 75 36 1
45 0.653367023935 0.404527200765 0.782439849525 0 
46 0.653367023935 0.404527200765 0.6142291440909999 0 
47 0.53308481637 0.197341275614 0.367440283022 0 
48 0.53308481637 0.197341275614 0.209923565714 0 
49 0.7730937117509999 0.840918133612 0.7126242238379999 0 
50 0.7730937117509999 0.840918133612 0.549319551674 0 
51 0.406145288086 0.239228181591 0.80172251906 0 
52 0.406145288086 0.239228181591 0.6259413845480001 0 
53 0.77947105876 0.863882348867 0.417283747935 0 
54 0.77947105876 0.863882348867 0.246969000007 0 
55 0.844048515165 0.352413257282 0.493635312228 0 
56 0.844048515165 0.352413257282 0.310583248872 0 
57 0.381479890328 0.5282454348 0.598139571425 0 
58 0.381479890328 0.5282454348 0.433809437971 0 
59 0.406608917449 0.688567638892 0.24929365645 0 
60 0.406608917449 0.688567638892 0.05985971687800001 0 
61 0.5187875055359999 0.719575248996 0.7156623149769999 0 
62 0.5187875055359999 0.719575248996 0.5555821979909999 0 
63 0 0 1 0 
64 0 0 0 0 
65 0 1 1 0 
66 0 1 0 0 
67 1.491862189340054e-16 0.677830945616 0.335470708381837 0 
68 -1.040834085586084e-17 0.677830945616 0.102976828564163 0 
69 -1.179611963664229e-16 0.349694676678 0.3239588500186371 0 
70 6.938893903907228e-18 0.349694676678 0.120090099695363 0 
71 -1.387778780781446e-17 0.255098198896 0.6868739602892897 0 
72 -6.938893903907228e-17 0.255098198896 0.4725210251427103 0 
73 1 0 0 0 
74 1 0 1 0 
75 0.255561032155 0 0.3832094442487317 0 
76 0.751519743114 0 0.5247352308254563 0 
77 0.5578836200540001 0 0.7972373259802884 0 
78 1 1 1 0 
79 0.6903092780778989 0.374669048605 1 0 
80 0.5702328030853454 0.720323126604 1 0 
81 0.874019051223449 0.629324556256 1 0 
82 1 1 0 0 
83 0.3665086428605733 0.3193032506199999 7.632783294297951e-17 0 
84 0.8288467042522371 0.383092875425 1.179611963664229e-16 0 
85 0.8828832556261988 0.651078306967 2.775557561562891e-17 0 
86 0.26420348121 1 0.3614794036805369 0 
87 0.211711346721 1 0.658111399002854 0 
88 0.538536537859 1 0.63261441447424 0 
89 1 0.741012904832 0.4788160744965543 0 
90 1 0.694507435115 0.8823258572520449 0 
91 1 0.219943441316 0.763304823926087 0 
92 0.58705099692 0.374669048605 0.929513654692 0 
93 0.458669960743 0.720323126604 0.9196920685900001 0 
94 0.76275587548 0.629324556256 0.90738267374 0 
95 0.245717562709 0.31930325062 0.09117158068799999 0 
96 0.723490293832 0.383092875425 0.07573915306699999 0 
97 0.764156614542 0.651078306967 0.090109483612 0 
67 0.653366923535 0.404527100365 0.782439749125 0.653367124335 0.404527301165 0.782439949925 0 2 45 -45 
68 0.653282818482283 0.404442995312283 0.6141449386382829 0.7375565821047171 0.404611406217717 0.782524054977717 0 2 46 -45 
69 0.653366923535 0.404527100365 0.614229043691 0.653367124335 0.404527301165 0.6142292444909999 0 2 46 -46 
70 0.5330847159700001 0.197341175214 0.367440182622 0.53308491677 0.197341376014 0.367440383422 0 2 47 -47 
71 0.5330059579113461 0.197262417155346 0.209844707255346 0.6119220334826541 0.197420134072654 0.367519141480654 0 2 48 -47 
72 0.5330847159700001 0.197341175214 0.209923465314 0.53308491677 0.197341376014 0.209923666114 0 2 48 -48 
73 0.773093611351 0.840918033212 0.712624123438 0.7730938121509999 0.8409182340119999 0.7126243242379999 0 2 49 -49 
74 0.773011959314918 0.840836381175918 0.549237799237918 0.8548278002690819 0.840999886048082 0.7127059762740819 0 2 50 -49 
75 0.773093611351 0.840918033212 0.5493194512740001 0.7730938121509999 0.8409182340119999 0.549319652074 0 2 50 -50 
76 0.406145187686 0.239228081191 0.80172241866 0.406145388486 0.239228281991 0.80172261946 0 2 51 -51 
77 0.406057297418744 0.239140190923744 0.6258533938807441 0.494123846009256 0.239316172258256 0.801810509727256 0 2 52 -51 
78 0.406145187686 0.239228081191 0.6259412841480001 0.406145388486 0.239228281991 0.6259414849480001 0 2 52 -52 
79 0.77947095836 0.863882248467 0.417283647535 0.77947115916 0.863882449267 0.417283848335 0 2 53 -53 
80 0.779385801286036 0.863797091393036 0.246883742533036 0.8647136901979641 0.863967606340964 0.417369005408964 0 2 54 -53 
81 0.77947095836 0.863882248467 0.246968899607 0.77947115916 0.863882449267 0.246969100407 0 2 54 -54 
82 0.844048414765 0.352413156882 0.493635211828 0.844048615565 0.352413357682 0.493635412628 0 2 55 -55 
83 0.843956889033322 0.352321631150322 0.310491622740322 0.935666172974678 0.352504883413678 0.493726938359678 0 2 56 -55 
84 0.844048414765 0.352413156882 0.310583148472 0.844048615565 0.352413357682 0.310583349272 0 2 56 -56 
85 0.381479789928 0.5282453344 0.598139471025 0.381479990728 0.5282455351999999 0.5981396718249999 0 2 57 -57 
86 0.381397625161273 0.5281631696332729 0.433727172804273 0.463727222221727 0.528327699966727 0.598221836591727 0 2 58 -57 
87 0.381479789928 0.5282453344 0.433809337571 0.381479990728 0.5282455351999999 0.433809538371 0 2 58 -58 
88 0.406608817049 0.688567538492 0.24929355605 0.406609017849 0.688567739292 0.24929375685 0 2 59 -59 
89 0.406514100379214 0.688472821822214 0.05976489980821401 0.501420704304786 0.688662455961786 0.249388473519786 0 2 60 -59 
90 0.406608817049 0.688567538492 0.05985961647800001 0.406609017849 0.688567739292 0.05985981727800001 0 2 60 -60 
91 0.518787405136 0.719575148596 0.715662214577 0.5187876059359999 0.719575349396 0.7156624153769999 0 2 61 -61 
92 0.5187073653775069 0.719495108837507 0.5555020578325069 0.598907704187493 0.719655389154493 0.7157424551354929 0 2 62 -61 
93 0.518787405136 0.719575148596 0.555582097591 0.5187876059359999 0.719575349396 0.5555822983909999 0 2 62 -62 
94 -0.0005001001 -0.0005001001 -0.0005001001000000116 0.0005001001 0.0005001001 1.0005001001 0 2 64 -63 
95 -0.0005001001 -0.0005001001000000116 0.9994998999 0.0005001001 1.0005001001 1.0005001001 0 2 63 -65 
96 -0.0005001001 -0.0005001001000000116 -0.0005001001 0.0005001001 1.0005001001 0.0005001001 0 2 64 -66 
97 -0.0005001001 0.9994998999 -0.0005001001000000116 0.0005001001 1.0005001001 1.0005001001 0 2 66 -65 
98 -0.0001163470399088475 0.5614676586672541 0.1028604815242541 0.0001163470399089862 0.6779472926559088 0.3355870554217458 0 2 67 -68 
99 -0.0001163470399088475 0.6777145985760912 0.1028604815242541 0.0001163470399089862 0.7941942325647459 0.3355870554217458 0 2 68 -67 
100 -0.000102034475161755 0.2476582670412014 0.1199880652202014 0.000102034475161644 0.3497967111531617 0.3240608844937987 0 2 69 -70 
101 -0.000102034475161755 0.3495926422028384 0.1199880652202014 0.000102034475161644 0.4517310863147987 0.3240608844937987 0 2 70 -69 
102 -0.0001072765675733591 0.147814454755137 0.472413748575137 0.0001072765675732897 0.2552054754635733 0.686981236856863 0 2 71 -72 
103 -0.0001072765675733591 0.2549909223284267 0.472413748575137 0.0001072765675732897 0.362381943036863 0.686981236856863 0 2 72 -71 
104 -0.0005001001169638863 -0.0005001001169639385 -0.0005001001169639385 1.000500100116964 0.0005001001169639385 0.0005001001169639385 0 2 64 -73 
105 0.99949989988989 -0.0005001001101100275 -0.00050010011010998 1.00050010011011 0.0005001001101100275 1.00050010011011 0 2 73 -74 
106 -0.0005001001169638863 -0.0005001001169639385 0.9994998998830361 1.000500100116964 0.0005001001169639385 1.000500100116964 0 2 63 -74 
107 0.1379594985595706 -0.0001177173696977145 0.1481240944275706 0.3731625657504294 0.0001177173696977145 0.3833271616184294 0 2 75 -75 
108 0.6208522426024727 -0.0001307044810709923 0.2635309342834727 0.8821872436255274 0.0001307044810709923 0.5248659353065273 0 2 76 -76 
109 0.4375950937081311 -0.0001205680195806066 0.5567808413081311 0.678172146399869 0.0001205680195806066 0.797357893999869 0 2 77 -77 
110 -0.0005001001000000116 0.9994998999 0.9994998999 1.0005001001 1.0005001001 1.0005001001 0 2 65 -78 
111 0.99949989988989 -0.00050010011010998 0.99949989988989 1.00050010011011 1.00050010011011 1.00050010011011 0 2 74 -78 
112 0.4836893573809431 0.2713074090659431 0.9998966416188421 0.6904126364590568 0.4780306881440569 1.000103358381158 0 2 79 -79 
113 0.3469954554583122 0.6086486213193122 0.9998883370576577 0.5703444660276877 0.8319976318886878 1.000111662942342 0 2 80 -80 
114 0.6513813364608075 0.5179500172368076 0.9998886367242565 0.8741304144991925 0.7406990952751925 1.000111363275743 0 2 81 -81 
115 -0.0005001001000000116 0.9994998999 -0.0005001001 1.0005001001 1.0005001001 0.0005001001 0 2 66 -82 
116 0.99949989988989 -0.00050010011010998 -0.0005001001101100275 1.00050010011011 1.00050010011011 0.0005001001101100275 0 2 73 -82 
117 0.1248055913772751 0.1983912792882751 -0.0001208911801515733 0.3666295340407248 0.4402152219517249 0.0001208911801516496 0 2 83 -83 
118 0.6180284269013427 0.2776310084943427 -0.000105456510420237 0.8289521607626573 0.4885547423556572 0.000105456510420355 0 2 84 -84 
119 0.645311146716717 0.5322328391417169 -0.0001188267410841988 0.8830020823672831 0.769923774792283 0.0001188267410842265 0 2 85 -85 
120 0.99949989988989 0.99949989988989 -0.00050010011010998 1.00050010011011 1.00050010011011 1.00050010011011 0 2 82 -78 
121 0.1562167114747411 0.9998919472602781 0.1456139169497412 0.3721902509452588 1.000108052739722 0.3615874564202589 0 2 86 -86 
122 0.09683680179858384 0.9998850716884379 0.4284772374695838 0.3265858916434162 1.000114928311562 0.6582263273144161 0 2 87 -87 
123 0.4256731859469265 0.9998870820731667 0.4070006285769265 0.6513998897710734 1.000112917926833 0.6327273324010734 0 2 88 -88 
124 -0.0001163470399088498 0.6777145985760912 0.1028604815242541 0.09594453234373872 0.6779472926559088 0.3355870554217458 0 2 68 -67 
125 -0.000102034475161758 0.3495926422028384 0.1199880652202014 0.06720984649924021 0.3497967111531617 0.3240608844937987 0 2 70 -69 
126 -0.0001072765675733597 0.2549909223284266 0.472413748575137 0.07225484764831322 0.2552054754635733 0.686981236856863 0 2 72 -71 
127 0.9998778296080807 0.6189516593025264 0.2348157538295265 1.000122170391919 0.8630741503614736 0.4789382448884735 0 2 89 -89 
128 0.9998812603569852 0.5758021330639403 0.6450339927929404 1.000118739643015 0.8132127371660597 0.8824445968950597 0 2 90 -90 
129 0.9998749914896251 0.09497104572253814 0.5134850412495382 1.000125008510375 0.3449158369094618 0.7634298324364619 0 2 91 -91 
130 0.586947638538842 0.3745656902238421 0.929410296310842 0.6904126364590568 0.3747724069861579 1.000103358381158 0 2 92 -79 
131 0.58705089652 0.374668948205 0.929513554292 0.5870510973199999 0.374669149005 0.929513755092 0 2 92 -92 
132 0.4585582978006577 0.7202114636616577 0.9195804056476578 0.5703444660276877 0.7204347895463423 1.000111662942342 0 2 93 -80 
133 0.458669860343 0.720323026204 0.9196919681900001 0.458670061143 0.720323227004 0.9196921689900001 0 2 93 -93 
134 0.7626445122042566 0.6292131929802566 0.9072713104642566 0.8741304144991925 0.6294359195317435 1.000111363275743 0 2 94 -81 
135 0.76275577508 0.6293244558560001 0.9073825733400001 0.76275597588 0.629324656656 0.90738277414 0 2 94 -94 
136 0.2455966715288484 0.3191823594398484 -0.0001208911801514959 0.3666295340407248 0.3194241418001516 0.09129247186815156 0 2 83 -95 
137 0.245717462309 0.31930315022 0.091171480288 0.245717663109 0.31930335102 0.09117168108799999 0 2 95 -95 
138 0.7233848373215798 0.3829874189145798 -0.0001054565104201197 0.8289521607626573 0.3831983319354202 0.07584460957742023 0 2 84 -96 
139 0.7234901934320001 0.383092775025 0.075739052667 0.723490394232 0.383092975825 0.07573925346699999 0 2 96 -96 
140 0.7640377878009158 0.6509594802259158 -0.0001188267410841687 0.8830020823672831 0.6511971337080842 0.09022831035308419 0 2 85 -97 
141 0.764156514142 0.651078206567 0.090109383212 0.764156714942 0.651078407367 0.09010958401199999 0 2 97 -97 
25 0.5691279293700503 0.3202982728031044 0.6140555127322561 0.7376460080107439 0.4887561287268956 0.7826134808837438 1 1 4 -67 -68 69 68 
26 0.4542012121425973 0.1184671916483138 0.20976096660368 0.6120057741343201 0.2762153595796861 0.36760288213232 1 1 4 -70 -71 72 71 
27 0.6913115316190567 0.7591458235639761 0.5491509815306954 0.8549146179763045 0.9226904436600238 0.7127927939813046 1 1 4 -73 -74 75 74 
28 0.3181149643462449 0.151208482008693 0.6257599433008143 0.4942172965891857 0.327247881173307 0.8019039603071858 1 1 4 -76 -77 78 77 
29 0.6941782713057708 0.7785998551835032 0.2467931980530382 0.8648042346779619 0.9491648425504968 0.4174595498889618 1 1 4 -79 -80 81 80 
30 0.7523769503176022 0.2607527560447427 0.3103943067100635 0.9357634890049366 0.4440737585192573 0.4938242543899365 1 1 4 -82 -83 84 83 
31 0.299184164831557 0.4459596413660398 0.4336398099301584 0.4638145850958416 0.6105312282339601 0.5983091994658416 1 1 4 -85 -86 87 86 
32 0.3117413441520406 0.5937115149238074 0.0596641909754613 0.5015214131375387 0.7834237628601927 0.2494891823525387 1 1 4 -88 -89 90 89 
33 0.4386201648722884 0.6394175835250894 0.5554169543984041 0.5989928076215958 0.7997329144669106 0.7158275585695958 1 1 4 -91 -92 93 92 
34 -1.000000002396119e-07 -1.000000001138979e-07 -1.000000001138979e-07 1.000000002708369e-07 1.0000001 1.0000001 1 2 10 -94 96 97 -95 -98 -99 -100 -101 -102 -103 
35 -1.000000000583867e-07 -1.000000000555111e-07 -1.000000000583867e-07 1.0000001 1.000000000555111e-07 1.0000001 1 4 7 -104 94 106 -105 -107 -108 -109 
36 -1.000000000583867e-07 -1.000000000583867e-07 0.9999998999999999 1.0000001 1.0000001 1.0000001 1 4 7 -95 106 111 -110 -112 -113 -114 
37 -1.000000000583867e-07 -1.000000000583867e-07 -1.000000000589806e-07 1.0000001 1.0000001 1.000000001769418e-07 1 4 7 -96 104 116 -115 -117 -118 -119 
38 -1.000000000583867e-07 0.9999998999999999 -1.000000000583867e-07 1.0000001 1.0000001 1.0000001 1 4 7 -115 97 110 -120 -121 -122 -123 
39 -0.0001365523837470253 0.5614474533234159 0.1028402761804159 0.09596473768757689 0.677967497999747 0.335607260765584 1 1 2 124 98 
40 -0.0001365650698817306 0.6776943805461183 0.1028402634942812 0.09596475037371159 0.7942144505947187 0.3356072734517188 1 1 2 99 -124 
41 -0.0001144082209362657 0.2476458932954269 0.1199756914744269 0.06722222024501473 0.3498090848989362 0.3240732582395732 1 1 2 125 100 
42 -0.0001144107031561814 0.349580265974844 0.119975688992207 0.06722222272723463 0.4517434625427931 0.3240732607217931 1 1 2 101 -125 
43 -0.0001103967173469028 0.1478113346053635 0.4724106284253635 0.07225796779808677 0.2552085956133468 0.6869843570066365 1 1 2 126 102 
44 -0.0001103967173452375 0.2549878021786547 0.4724106284253651 0.0722579677980851 0.3623850631866349 0.6869843570066348 1 1 2 103 -126 
45 0.9999998999999999 -1.000000000583867e-07 -1.000000000583867e-07 1.0000001 1.0000001 1.0000001 1 3 7 -105 116 120 -111 -127 -128 -129 
46 0.1379338480417281 -0.0001433678875401856 0.1480984439097281 0.3731882162682719 0.08740953900674486 0.3833528121362719 1 1 1 107 
47 0.6208208328878586 -0.0001621141956850772 0.2634995245688587 0.8822186533401415 0.10619829388259 0.5248973450211414 1 1 1 108 
48 0.4375706449127861 -0.0001450168149255832 0.5567563925127861 0.678196595195214 0.08412364188464677 0.797382342795214 1 1 1 109 
49 0.4836884595744996 0.2713065112594997 0.9294093985043986 0.6904135342655002 0.4780315859505003 1.000104256187601 1 1 4 -112 -130 131 130 
50 0.3469999404373955 0.6086531062983955 0.9195848906267411 0.5703399810486044 0.8319931469096045 1.000107177963259 1 1 4 -113 -132 133 132 
51 0.6513868741333306 0.5179555549093307 0.9072768481367797 0.8741248768266694 0.7406935576026694 1.00010582560322 1 1 4 -114 -134 135 134 
52 0.124808515081443 0.198394202992443 -0.0001179674759837004 0.366626610336557 0.440212298247557 0.0912895481639837 1 1 4 136 -137 -136 117 
53 0.6180307014374504 0.2776332830304504 -0.0001031819743125828 0.8289498862265496 0.4885524678195496 0.07584233504131258 1 1 4 138 -139 -138 118 
54 0.6453136371024762 0.5322353295274762 -0.0001163363553249586 0.8829995919815238 0.7699212844065237 0.09022581996732496 1 1 4 140 -141 -140 119 
55 0.1561666684458571 0.9163143480954441 0.1455638739208571 0.3722402939741429 1.000158095768606 0.361637499449143 1 1 1 -121 
56 0.09680415911053726 0.9064429646030482 0.4284445947815372 0.3266185343314628 1.000147570999609 0.6582589700024627 1 1 1 -122 
57 0.4256700866161176 0.9085613346913579 0.4069975292461175 0.6514029891018824 1.000116017257642 0.6327304317318824 1 1 1 -123 
58 0.9123969243700912 0.6189306246148472 0.2347947191418472 1.000143205079599 0.8630951850491528 0.4789592795761529 1 1 1 -127 
59 0.9026740518233053 0.5757760717307125 0.6450079314597126 1.000144800976243 0.8132387984992875 0.8824706582282875 1 1 1 -128 
60 0.8975879253611578 0.09494373191824793 0.513457727445248 1.000152322314665 0.344943150713752 0.7634571462407521 1 1 1 -129 
1 -0.0001955259025387956 -0.0001955259025386846 -0.0001955259025386846 1.000195525902539 1.000195525902539 1.000195525902539 1 1000 36 -34 -35 36 -37 38 -39 -40 -41 -42 -43 -44 45 -46 -47 -48 -49 -50 -51 -52 -53 -54 -55 -56 -57 -58 -59 -60 -26 -30 -32 -29 -31 -28 -25 -33 -27 
$EndEntities
$Nodes
141 1934 1 1934
0 45 0 1
1
0.653367023935 0.404527200765 0.782439849525
0 46 0 1
2
0.653367023935 0.404527200765 0.6142291440909999
0 47 0 1
3
0.53308481637 0.197341275614 0.367440283022
0 48 0 1
4
0.53308481637 0.197341275614 0.209923565714
0 49 0 1
5
0.7730937117509999 0.840918133612 0.7126242238379999
0 50 0 1
6
0.7730937117509999 0.840918133612 0.549319551674
0 51 0 1
7
0.406145288086 0.239228181591 0.80172251906
0 52 0 1
8
0.406145288086 0.239228181591 0.6259413845480001
0 53 0 1
9
0.77947105876 0.863882348867 0.417283747935
0 54 0 1
10
0.77947105876 0.863882348867 0.246969000007
0 55 0 1
11
0.844048515165 0.352413257282 0.493635312228
0 56 0 1
12
0.844048515165 0.352413257282 0.310583248872
0 57 0 1
13
0.381479890328 0.5282454348 0.598139571425
0 58 0 1
14
0.381479890328 0.5282454348 0.433809437971
0 59 0 1
15
0.406608917449 0.688567638892 0.24929365645
0 60 0 1
16
0.406608917449 0.688567638892 0.05985971687800001
0 61 0 1
17
0.5187875055359999 0.719575248996 0.7156623149769999
0 62 0 1
18
0.5187875055359999 0.719575248996 0.5555821979909999
0 63 0 1
19
0 0 1
0 64 0 1
20
0 0 0
0 65 0 1
21
0 1 1
0 66 0 1
22
0 1 0
0 67 0 1
23
1.491862189340054e-16 0.677830945616 0.335470708381837
0 68 0 1
24
-1.040834085586084e-17 0.677830945616 0.102976828564163
0 69 0 1
25
-1.179611963664229e-16 0.349694676678 0.3239588500186371
0 70 0 1
26
6.938893903907228e-18 0.349694676678 0.120090099695363
0 71 0 1
27
-1.387778780781446e-17 0.255098198896 0.6868739602892897
0 72 0 1
28
-6.938893903907228e-17 0.255098198896 0.4725210251427103
0 73 0 1
29
1 0 0
0 74 0 1
30
1 0 1
0 75 0 1
31
0.255561032155 0 0.3832094442487317
0 76 0 1
32
0.751519743114 0 0.5247352308254563
0 77 0 1
33
0.5578836200540001 0 0.7972373259802884
0 78 0 1
34
1 1 1
0 79 0 1
35
0.6903092780778989 0.374669048605 1
0 80 0 1
36
0.5702328030853454 0.720323126604 1
0 81 0 1
37
0.874019051223449 0.629324556256 1
0 82 0 1
38
1 1 0
0 83 0 1
39
0.3665086428605733 0.3193032506199999 7.632783294297951e-17
0 84 0 1
40
0.8288467042522371 0.383092875425 1.179611963664229e-16
0 85 0 1
41
0.8828832556261988 0.651078306967 2.775557561562891e-17
0 86 0 1
42
0.26420348121 1 0.3614794036805369
0 87 0 1
43
0.211711346721 1 0.658111399002854
0 88 0 1
44
0.538536537859 1 0.63261441447424
0 89 0 1
45
1 0.741012904832 0.4788160744965543
0 90 0 1
46
1 0.694507435115 0.8823258572520449
0 91 0 1
47
1 0.219943441316 0.763304823926087
0 92 0 1
48
0.58705099692 0.374669048605 0.929513654692
0 93 0 1
49
0.458669960743 0.720323126604 0.9196920685900001
0 94 0 1
50
0.76275587548 0.629324556256 0.90738267374
0 95 0 1
51
0.245717562709 0.31930325062 0.09117158068799999
0 96 0 1
52
0.723490293832 0.383092875425 0.07573915306699999
0 97 0 1
53
0.764156614542 0.651078306967 0.090109483612
1 68 0 4
54
55
56
57
0.7027532327834197 0.404527200765 0.6302557722956293
0.7333644822481293 0.404527200765 0.6723707332308505
0.7333540560909464 0.404527200765 0.7243303626819149
0.702747233742163 0.404527200765 0.7664175727891243
1 71 0 3
58
59
60
0.5887521996564824 0.197341275614 0.2329681783450663
0.6118431749412995 0.197341275614 0.2886783151131589
0.5887507569555605 0.197341275614 0.3443971118539715
1 74 0 3
61
62
63
0.8308057253609789 0.840918133612 0.5732100710192535
0.8547460477409162 0.840918133612 0.6309680099090874
0.8308041705756442 0.840918133612 0.6887352578957081
1 77 0 4
64
65
66
67
0.4577518414934958 0.239228181591 0.6426876234426983
0.4897434814677376 0.239228181591 0.6867009017710385
0.4897320996203968 0.239228181591 0.7409980474030127
0.4577453046860178 0.239228181591 0.7849810213654451
1 80 0 4
68
69
70
71
0.8294743859172041 0.863882348867 0.2631956434246453
0.860469263018289 0.863882348867 0.3058381780006211
0.8604585751840315 0.863882348867 0.3584474781254949
0.8294682397230597 0.863882348867 0.401061562635365
1 83 0 4
72
73
74
75
0.897787385858608 0.352413257282 0.3280204942777311
0.9311050235633751 0.352413257282 0.373857221860306
0.9310926847103189 0.352413257282 0.4303993322093383
0.8977803125128505 0.352413257282 0.4762031968217951
1 86 0 3
76
77
78
0.4395541482126674 0.5282454348 0.457849821805123
0.4636449569611996 0.5282454348 0.5159705786020268
0.4395525729840146 0.5282454348 0.5741007614103171
1 89 0 4
79
80
81
82
0.4622192265795853 0.688567638892 0.07790336742032322
0.4967009013707871 0.688567638892 0.1253407704225258
0.4966876912198978 0.688567638892 0.1838532793853782
0.462211666528256 0.688567638892 0.2312554885604259
1 92 0 3
83
84
85
0.5753604326872021 0.719575248996 0.5790014575042289
0.5988275639422058 0.719575248996 0.6356185290165532
0.5753589409162961 0.719575248996 0.6922445459341434
1 94 0 11
86
87
88
89
90
91
92
93
94
95
96
0 0 0.08333333372339999
0 0 0.1666666686644716
0 0 0.2499999999999994
0 0 0.3333333337233996
0 0 0.4166666686644716
0 0 0.4999999999999998
0 0 0.5833333337234007
0 0 0.6666666686644726
0 0 0.7500000000000012
0 0 0.8333333337233999
0 0 0.9166666686644714
1 95 0 11
97
98
99
100
101
102
103
104
105
106
107
0 0.08333333487522832 1
0 0.1666666649448984 1
0 0.2499999999999984 1
0 0.3333333348752276 1
0 0.4166666649448981 1
0 0.4999999999999965 1
0 0.5833333348752231 1
0 0.6666666649448938 1
0 0.7499999999999928 1
0 0.8333333348752262 1
0 0.9166666649448982 1
1 96 0 11
108
109
110
111
112
113
114
115
116
117
118
0 0.08333330637693352 0
0 0.1666666444039139 0
0 0.2499999782210928 0
0 0.3333333136348428 0
0 0.4166666516618269 0
0 0.4999999854807279 0
0 0.5833333208927527 0
0 0.6666666589197371 0
0 0.749999992740363 0
0 0.8333333281506673 0
0 0.9166666661776496 0
1 97 0 11
119
120
121
122
123
124
125
126
127
128
129
0 1 0.08333333115870717
0 1 0.1666666637023856
0 1 0.2499999999999988
0 1 0.3333333311587073
0 1 0.4166666637023852
0 1 0.4999999999999989
0 1 0.5833333311587049
0 1 0.6666666637023831
0 1 0.7499999999999966
0 1 0.833333331158706
0 1 0.9166666637023844
1 98 0 5
130
131
132
133
134
0 0.6196329669818107 0.3198535171612643
0 0.5770951945687071 0.2772380727358851
0 0.5615840064795408 0.2192371689626174
0 0.5770788387310406 0.1612378736673623
0 0.6195967167106404 0.1186149933986212
1 99 0 5
135
136
137
138
139
0 0.7360437316970183 0.118602584943614
0 0.7785401193799562 0.1611633399700165
0 0.7940778705671637 0.2192827393749988
0 0.7785211355883422 0.277317113027281
0 0.7360020280198414 0.3198690674696957
1 100 0 4
140
141
142
143
0 0.2897186090500695 0.3044470940308849
0 0.2527381384440046 0.2534894797556671
0 0.2527329436794126 0.1905754816536558
0 0.2897284418854993 0.1395947015684362
1 101 0 4
144
145
146
147
0 0.4096378067046055 0.1395778982015268
0 0.4466500800636014 0.1905559732414372
0 0.4466554583682389 0.2534764009285649
0 0.4096916815770896 0.3044318546401965
1 102 0 5
148
149
150
151
152
0 0.2014285339558688 0.6724679743720876
0 0.162236903753017 0.633209875076125
0 0.1479217351307202 0.579668922485054
0 0.1622326782336924 0.5261924436682052
0 0.2014285339558686 0.4869270110599126
1 103 0 5
153
154
155
156
157
0 0.3087537327990814 0.4869188373955886
0 0.3479646251806767 0.5261940155336605
0 0.3622746662233546 0.57970475335772
0 0.347959832161468 0.6332092883199427
0 0.3087537327990815 0.6724761480364114
1 104 0 11
158
159
160
161
162
163
164
165
166
167
168
0.08333314374461187 0 0
0.1666662918042013 0 0
0.2499994316351284 0 0
0.3333325755146898 0 0
0.4166657235742797 0 0
0.4999988632702559 0 0
0.5833320072844875 0 0
0.6666651553443544 0 0
0.7499982949053813 0 0
0.8333314390516791 0 0
0.9166645871144293 0 0
1 105 0 11
169
170
171
172
173
174
175
176
177
178
179
1 0 0.08333348360405965
1 0 0.166666800755132
1 0 0.2500001206863105
1 0 0.333333443384839
1 0 0.4166667605359119
1 0 0.5000000804575382
1 0 0.5833334031656171
1 0 0.6666667203166902
1 0 0.7500000402287683
1 0 0.8333333629464003
1 0 0.9166666800974719
1 106 0 11
180
181
182
183
184
185
186
187
188
189
190
0.08333333869961672 0 1
0.1666666618292438 0 1
0.2499999999999998 0 1
0.3333333386996168 0 1
0.4166666618292436 0 1
0.5000000000000008 0 1
0.5833333386996178 0 1
0.6666666618292444 0 1
0.7500000000000008 0 1
0.8333333386996156 0 1
0.9166666618292434 0 1
1 107 0 11
191
192
193
194
195
196
197
198
199
200
201
0.3143283947381781 0 0.3674548970166321
0.3573562811893805 0 0.3243786275114316
0.3730448442401129 0 0.2657568195501032
0.357396295960619 0 0.2071421310242592
0.314440069926733 0 0.1640609537942576
0.2555505619174532 0 0.1482418122638257
0.1966991962468551 0 0.1640509932880568
0.1536945199775794 0 0.2071964833874518
0.1380772530499585 0 0.2658190205243844
0.1537884393129944 0 0.3244179309355356
0.1968106133413744 0 0.3674646832780253
1 108 0 12
202
203
204
205
206
207
208
209
210
211
212
213
0.8122204076110364 0 0.5097635006562505
0.8589572765691664 0 0.4683404034967208
0.8810848095750886 0 0.4100965060877909
0.873644237743291 0 0.3480956916072327
0.8381366209621167 0 0.2965389673085275
0.7827397332556375 0 0.2674499936469803
0.7199768476560959 0 0.2675299664848926
0.6646535907514211 0 0.296760625441453
0.6293011909678494 0 0.3483456199501552
0.6219813133317716 0 0.4103121037580772
0.6441902067825298 0 0.4684966565016369
0.6908190781627659 0 0.5097635004176827
1 109 0 11
214
215
216
217
218
219
220
221
222
223
224
0.6180811964586223 0 0.7810722041697329
0.6620014247918863 0 0.7370678755093789
0.6780515442461966 0 0.6769787936672385
0.6619534518663246 0 0.6169876872941511
0.6180211020460198 0 0.5730317712382424
0.5576928085529117 0 0.5569015608200579
0.4974187079135621 0 0.5732217263319281
0.4536859208693053 0 0.6172097176974188
0.4377157819062987 0 0.6772393182833409
0.4538674621746167 0 0.7372439229769916
0.4977317729025051 0 0.7810986591663994
1 110 0 11
225
226
227
228
229
230
231
232
233
234
235
0.08333333927886902 1 1
0.1666666706156095 1 1
0.2499999999999991 1 1
0.3333333392788688 1 1
0.4166666706156098 1 1
0.4999999999999987 1 1
0.5833333392788659 1 1
0.6666666706156072 1 1
0.7499999999999983 1 1
0.8333333392788675 1 1
0.9166666706156074 1 1
1 111 0 11
236
237
238
239
240
241
242
243
244
245
246
1 0.08333648415941823 1
1 0.1666695299521893 1
1 0.2500025776207996 1
1 0.3333356251502559 1
1 0.4166686709449005 1
1 0.5000017184138664 1
1 0.5833347661473259 1
1 0.6666678119382504 1
1 0.7500008592069322 1
1 0.8333339071443977 1
1 0.9166669529353204 1
1 112 0 9
247
248
249
250
251
252
253
254
255
0.6705765183127502 0.4353795081960205 1
0.6190186759737992 0.4728542823400021 1
0.5550833178662024 0.4728542823400027 1
0.5035254755272504 0.4353795081960215 1
0.483792715762101 0.3746690486050016 1
0.5035254755272485 0.3139585890139811 1
0.5550833178661985 0.2764838148699986 1
0.6190186759737965 0.276483814869997 1
0.6705765183127496 0.3139585890139786 1
1 113 0 10
256
257
258
259
260
261
262
263
264
265
0.5526434541685383 0.78045007833867 1
0.5048559548145574 0.8218766678673409 1
0.442844776926843 0.8307578645657839 1
0.3857037918381339 0.8047162897562932 1
0.3515943913179583 0.7516454864098339 1
0.3515943913179576 0.6890007667981688 1
0.3857037918381316 0.6359299634517088 1
0.4428447769268406 0.6098883886422164 1
0.5048559548145553 0.6187695853406581 1
0.5526434541685381 0.6601961748693297 1
1 114 0 10
266
267
268
269
270
271
272
273
274
275
0.8565505295333828 0.689174845708298 1
0.8095186339642312 0.7302836504251886 1
0.746724942241432 0.7394267971778732 1
0.6894848120341612 0.7130553483102585 1
0.6559488548342867 0.6604975352170132 1
0.6559488548342869 0.5981515772949858 1
0.6894848120341621 0.5455937642017408 1
0.7467249422414333 0.5192223153341268 1
0.8095186339642302 0.528365462086811 1
0.8565505295333833 0.5694742668037028 1
1 115 0 11
276
277
278
279
280
281
282
283
284
285
286
0.08333333085374396 1 0
0.1666666662725395 1 0
0.2499999999999979 1 0
0.3333333308537422 1 0
0.4166666662725377 1 0
0.4999999999999959 1 0
0.5833333308537392 1 0
0.6666666662725349 1 0
0.7499999999999958 1 0
0.8333333308537422 1 0
0.9166666662725381 1 0
1 116 0 11
287
288
289
290
291
292
293
294
295
296
297
1 0.08333684611727939 0
1 0.1666698614673238 0
1 0.2500028784197972 0
1 0.3333358868619857 0
1 0.4166689022169982 0
1 0.5000019189465306 0
1 0.5833349276164228 0
1 0.6666679429666715 0
1 0.7500009594732636 0
1 0.8333339683709676 0
1 0.9166669837211939 0
1 117 0 11
298
299
300
301
302
303
304
305
306
307
308
0.3501440252013585 0.3800123848216657 0
0.3061154971837778 0.4239100121383849 0
0.2460813071685837 0.4400937830890306 0
0.1852793051141136 0.4238867199785844 0
0.1409314320887735 0.3793894543095711 0
0.1249264825574267 0.3193032506200004 0
0.1409314320887731 0.2592170469304295 0
0.1852793051141137 0.2147197812614155 0
0.2460813071685835 0.1985127181509694 0
0.3061154971837768 0.2146964891016145 0
0.3501440252013581 0.2585941164183336 0
1 118 0 10
309
310
311
312
313
314
315
316
317
318
0.8120703978263163 0.4401326719971613 0
0.7673918104342686 0.4788667239258207 0
0.7082939671627944 0.4873475869367596 0
0.6544726068218149 0.4626952126796406 0
0.6224618639541781 0.412979821957884 0
0.6224618639541776 0.353205928892118 0
0.6544726068218135 0.3034905381703605 0
0.7082939671627922 0.2788381639132407 0
0.767391810434268 0.2873190269241789 0
0.8120703978263156 0.3260530788528376 0
1 119 0 11
319
320
321
322
323
324
325
326
327
328
329
0.8668007946329784 0.710745614569966 0
0.8235222465072233 0.7538972597165093 0
0.7645091589450754 0.7698044246310591 0
0.704751889035432 0.7538746779662988 0
0.6611637805551365 0.710141759714791 0
0.6454299734578012 0.6510783069670021 0
0.6611637805551345 0.5920148542192125 0
0.7047518890354276 0.5482819359677037 0
0.7645091589450718 0.5323521893029408 0
0.8235222465072209 0.5482593542174893 0
0.8668007946329774 0.5914109993640324 0
1 120 0 11
330
331
332
333
334
335
336
337
338
339
340
1 1 0.08333328173620887
1 1 0.1666665660604446
1 1 0.2499998443378871
1 1 0.3333331261110552
1 1 0.4166664104352915
1 1 0.4999996886757749
1 1 0.5833329704859024
1 1 0.6666662548101383
1 1 0.7499995330136603
1 1 0.833332814860746
1 1 0.9166660991849804
1 121 0 10
341
342
343
344
345
346
347
348
349
350
0.3225219208258961 1 0.3443573788975869
0.3622836123865112 1 0.2985240152460215
0.3710137667533551 1 0.2384553744482027
0.346002517446982 1 0.1832676556732197
0.2948420622777362 1 0.1501642572669323
0.2338113954696674 1 0.150091562908613
0.1825687132188111 1 0.1830770577679632
0.1574266211013819 1 0.2382214888532616
0.1660301127114132 1 0.2983198917119661
0.2057854586149879 1 0.3442933116149898
1 122 0 10
351
352
353
354
355
356
357
358
359
360
0.2737633037090504 1 0.6398884295195202
0.3160283859927176 1 0.5911819498833765
0.3253432784396698 1 0.5273033027582849
0.298642240654646 1 0.4684332313878101
0.244293515718285 1 0.433314643806418
0.1794265398798806 1 0.4332270310783111
0.1249243576258388 1 0.4682665766024
0.09810532884449702 1 0.5271208764741563
0.1073264044895683 1 0.5910335759825402
0.1496450796186021 1 0.6398792297458175
1 123 0 10
361
362
363
364
365
366
367
368
369
370
0.5995149742040167 1 0.6147022146816331
0.6410903151409497 1 0.5667188962296588
0.6501426797498745 1 0.5038412012015612
0.6238943488224289 1 0.4461978113786714
0.570392658812825 1 0.4117073906683364
0.5067054704898383 1 0.4117000146131138
0.4532056100207234 1 0.4461666730882624
0.4269360548014732 1 0.5038018341446709
0.4359688710103753 1 0.5666884834878519
0.4775595560280457 1 0.6147031498793286
1 124 0 4
371
372
373
374
0.0575713987310528 0.677830945616 0.1320157101376936
0.09140284176750332 0.677830945616 0.1869577319583376
0.09140323366292992 0.677830945616 0.251488421210694
0.05757228183364292 0.677830945616 0.3064310157086606
1 125 0 3
375
376
377
0.04885004100226807 0.349694676678 0.1609767674433416
0.06715731472828741 0.349694676678 0.2220226077004216
0.04885253289037743 0.349694676678 0.2830684009986776
1 126 0 4
378
379
380
381
0.04413653211157725 0.255098198896 0.5041754595130613
0.06896273671611466 0.255098198896 0.5525219070840846
0.06896273671611453 0.255098198896 0.6068730783479159
0.04413653211157702 0.255098198896 0.6552195259189389
1 127 0 11
382
383
384
385
386
387
388
389
390
391
392
1 0.679995842315446 0.4624518833383492
1 0.6355215136935323 0.4180382979151369
1 0.6190743579215942 0.3572359182646957
1 0.6352357553017287 0.2962112538129941
1 0.6796613583745648 0.2514961387026016
1 0.7408848961135531 0.2349379914117065
1 0.8021630955578644 0.2513791689566997
1 0.8466975433189586 0.2960502352392231
1 0.8629518610334608 0.3570473105457769
1 0.8465922260755359 0.4178863836466353
1 0.8020756897384762 0.4624254448466884
1 128 0 11
393
394
395
396
397
398
399
400
401
402
403
1 0.6351805256791292 0.8664188478258137
1 0.5918744631664188 0.823146751049083
1 0.5759211528169715 0.7639970437322967
1 0.5916667862877785 0.704692078715268
1 0.6349311535164569 0.6612042303311798
1 0.6942550779148868 0.6451530009496352
1 0.753692855212495 0.6609781210883439
1 0.7971901007128697 0.7044177728686394
1 0.8130939961166435 0.763721031202488
1 0.7972683124399567 0.8229252296187616
1 0.753875728675234 0.8663949254908525
1 129 0 11
404
405
406
407
408
409
410
411
412
413
414
1 0.157483706852252 0.74655762940616
1 0.111894513694106 0.7010058125312053
1 0.09509636678280446 0.6387367967844154
1 0.1116705078521563 0.5762976271537144
1 0.1572167554628595 0.5305119277036404
1 0.2196767738965913 0.5136103345539939
1 0.2822597184510726 0.5302744822452494
1 0.3280538973520502 0.5760154689275714
1 0.3447908283912176 0.6384560350790922
1 0.3281215822214887 0.700782069948269
1 0.2824292789551811 0.746542542921516
1 130 0 2
415
416
0.6300284255466602 0.374669048605 0.9381818200344637
0.6663869212276392 0.374669048605 0.9629341811037023
1 132 0 2
417
418
0.5060719744352458 0.720323126604 0.9296644516076475
0.5455577910619103 0.720323126604 0.9580222485031997
1 134 0 2
419
420
0.8131120044204362 0.629324556256 0.9192067235180963
0.8530755483555641 0.629324556256 0.9523829387144404
1 136 0 2
421
422
0.3410438957478574 0.31930325062 0.04735459984159502
0.2980318394477824 0.31930325062 0.07975840859637504
1 138 0 2
423
424
0.8054921705852842 0.383092875425 0.03962123852988271
0.7682192036595333 0.383092875425 0.06634176907576227
1 140 0 2
425
426
0.8579975806021533 0.651078306967 0.04677342134092612
0.8157000832703525 0.651078306967 0.07881618457912237
2 25 0 25
427
428
429
430
431
432
433
434
435
436
437
438
439
440
441
442
443
444
445
446
447
448
449
450
451
0.6662116597286526 0.3636595590728333 0.7707124046908621
0.7045177092601154 0.4493831725687348 0.6488849311884261
0.7112448889261478 0.4487118279806155 0.7404246597624782
0.6988343551129754 0.3544189831170967 0.7482904641728066
0.7129265242412404 0.3569074253657546 0.6628558656358795
0.7229669390831412 0.3580266056695345 0.7065355225237316
0.6784759980541359 0.3242918297257637 0.695981836923608
0.6413271684108781 0.3391342983132852 0.6468318702385738
0.6390826550866002 0.3326714880967589 0.7396433786518968
0.6090170558744015 0.3340508878906483 0.6865074087339488
0.5820624934727057 0.3712267270555581 0.7280069207388062
0.5912487327136202 0.3740300960537219 0.6505332954045188
0.66343616918046 0.4454188698080529 0.7711369285843509
0.6717836125986708 0.4838763190520221 0.7192690864795531
0.6070909085923486 0.4592126693106989 0.7423995740731311
0.6163656999705067 0.4787206514532958 0.6841943321877062
0.5730178305652148 0.4290030688534301 0.702652987492674
0.6147172378491409 0.4021977771455085 0.7729969249547544
0.600652151764289 0.4283850623251647 0.6372963525910221
0.6458207143842327 0.4687395974113127 0.644542939061904
0.674431945336302 0.4815783574986321 0.6720077292886633
0.7193072333356516 0.4566855815087408 0.6960756346961895
0.6428328040621568 0.4561557018059112 0.6327811715865422
0.5735040578732827 0.3814311111857436 0.6855992051496614
0.5824757794673909 0.4125340291644427 0.7428769766723557
2 26 0 18
452
453
454
455
456
457
458
459
460
461
462
463
464
465
466
467
468
469
0.5294534230178297 0.1388078571410288 0.341251221130102
0.5855459612918159 0.2477526148808344 0.258525594938037
0.487920067669331 0.1763338354658874 0.2276760886545129
0.588722743130606 0.1442332206340951 0.2717457305835353
0.5561483735181065 0.2480045687654692 0.3443971118539667
0.5775484793473205 0.1493734096449311 0.3325561259776568
0.5340170614903971 0.1186748610586762 0.2923704468252352
0.5371387669309349 0.138999539746412 0.2359307499860188
0.4872645436144087 0.1365602517052218 0.2684569696072139
0.4570311897929027 0.1813946385051841 0.2758589096186024
0.4706179832672381 0.235207254234747 0.2592380543255462
0.4621077970807445 0.2259988480939038 0.3072260698118804
0.5211208088977728 0.2751557932935661 0.2908365522646635
0.4767456513389707 0.150870511700749 0.3181648964501601
0.5254910500578932 0.2603454411543081 0.242037643950797
0.5916946920407691 0.2461575469344938 0.3082965410120497
0.4986164495730948 0.2537603053069747 0.331480333646025
0.4841184075818617 0.2134830849332033 0.3482185673718469
2 27 0 25
470
471
472
473
474
475
476
477
478
479
480
481
482
483
484
485
486
487
488
489
490
491
492
493
494
0.7996657949378952 0.8815949139100577 0.5653485083296086
0.7455501106785669 0.8799189355114858 0.564734500437299
0.6946818574728955 0.82321749967421 0.6453027165707458
0.7017285068696225 0.8179013135736122 0.59865567641854
0.6945013537300582 0.8610595082961174 0.6217702425666883
0.7447046103863353 0.8655533686093362 0.7034582182465187
0.7917602529786038 0.8786630647506766 0.7009289059856431
0.7459767046496816 0.7753664360368684 0.5905398848556562
0.7387698536598946 0.8197928521726885 0.5599599223029905
0.7151232767888746 0.7838099852716582 0.6376943910908734
0.7116239160327085 0.8572302745975807 0.5797617104621657
0.7819219707625172 0.9195998927356912 0.6110132652665876
0.8326109062473689 0.8875941485627713 0.6002122197596668
0.825235516854405 0.9004498720926729 0.6510793058318038
0.7334349878858993 0.8069553270379659 0.6937478176866217
0.7608022880100499 0.9125473972235014 0.6681911500343192
0.7192845962932044 0.8998132194358147 0.6135635004928731
0.7084705801213251 0.8713114344777408 0.6705597913189086
0.7660741552321945 0.7610431991674617 0.6463934525730958
0.8007150938483241 0.7703651113640719 0.6005345046496146
0.7948141041892777 0.7815075821083727 0.6826024495388233
0.8297975976879011 0.7833774148623733 0.6428394482921489
0.8336975335892268 0.8023535027167719 0.5921511457465644
0.7910182181223652 0.7949486736627444 0.5659132618024452
0.786493855570172 0.8204147610465199 0.5530799636128997
2 28 0 26
495
496
497
498
499
500
501
502
503
504
505
506
507
508
509
510
511
512
513
514
515
516
517
518
519
520
0.4131146885249038 0.1951715525508527 0.7895630069116804
0.4643444527451931 0.2866372599011247 0.6681155615337913
0.4642167584259236 0.2927307104989957 0.7524316350357303
0.4509447712451209 0.1900992162422195 0.7713132782067147
0.4687068801519562 0.1898303290382684 0.6768096453667596
0.4789805825422483 0.1908733395634601 0.7228641689484619
0.4341948577195963 0.1559337124891344 0.7137621450002831
0.4066370114619987 0.1793682328944231 0.6494790453991908
0.3988753649357589 0.1613856004193076 0.7539870584095059
0.3643532785442747 0.1627268541655819 0.7026191620889127
0.3387359334939052 0.2016189082789639 0.6718048975769992
0.3218769037472458 0.2145184767991393 0.7174405114358428
0.3275069099730947 0.2643138267076798 0.683641428300205
0.3305151405048147 0.2692710633075709 0.7470322205919739
0.3656904309599666 0.3170881735611369 0.7087350902300606
0.3791788620145461 0.3104387278178639 0.7577252517891454
0.3673148476294739 0.3019786049220428 0.6660895903384361
0.3461103719146322 0.208610506463883 0.7702510852844836
0.4266691842921861 0.3235793268233082 0.7275580508527908
0.4180055268417668 0.2816802689376962 0.7898708025919108
0.4742671846024826 0.2944736256966901 0.7081662715143821
0.4226465140010154 0.3172816308411773 0.6769521413918913
0.4252282868678125 0.3108911025574503 0.7610020347870847
0.3610034159640761 0.250303750574971 0.7884261537609258
0.4062390533917006 0.2928963025459143 0.6442296830635517
0.36336650004698 0.2326576619977041 0.637336491946776
2 29 0 26
521
522
523
524
525
526
527
528
529
530
531
532
533
534
535
536
537
538
539
540
541
542
543
544
545
546
0.7732588323051146 0.8125424860897337 0.3997828967380564
0.7889672639461701 0.9107008301075395 0.2616307695560016
0.8526707608308387 0.820594304705482 0.33656790409647
0.801839857971641 0.8191613297750817 0.2631956434246456
0.8307749510503208 0.9169018996149307 0.2895985452609037
0.8475394235881535 0.9149085661662487 0.3359736065082671
0.7939847690957613 0.947107304855113 0.3214148262998735
0.8018379079030505 0.9085974711822152 0.4010615626353672
0.8222869928753249 0.8182815778769059 0.3899116991962308
0.8084332917443537 0.7843169449522556 0.3230536731113813
0.8437496972747366 0.8260928323948522 0.2909925993333906
0.8423091037661581 0.8987372600377498 0.3778242252063451
0.7691694613935288 0.7862675149052838 0.3656165662851519
0.7386223901477662 0.7891622582751435 0.3323959569771689
0.7173380297723808 0.8290251136625754 0.378776542279074
0.7024831222871635 0.8310187019983887 0.3164861472273033
0.7019159423020069 0.8921274501881722 0.3530833895740959
0.7083824950699666 0.8959612803972465 0.2979337343418288
0.7341563652675736 0.8468937610914183 0.2620568029752864
0.733133743870612 0.8856812531903067 0.4001663575070766
0.7481228246482801 0.9352626787645197 0.3663888178745309
0.7408805707643872 0.9143797537144668 0.2754468831442817
0.75980939674138 0.7955898679628756 0.2852079933609458
0.7385217659447167 0.937230622170961 0.3181634028795675
0.8138074009459871 0.9355477690509914 0.3627345672463847
0.7863084237093715 0.936320784673127 0.287880449876737
2 30 0 26
547
548
549
550
551
552
553
554
555
556
557
558
559
560
561
562
563
564
565
566
567
568
569
570
571
572
0.8576458614448115 0.3068394053062264 0.4803087093520023
0.8997128492594936 0.3036017012516889 0.3482954497772455
0.8937838618395555 0.2977591433294333 0.4561124063293832
0.9204949845760512 0.3021727213419538 0.3991360099998483
0.8715382673980515 0.2655669743803342 0.3932182095767416
0.8369170796291711 0.2898917746979541 0.3356471009482639
0.8333395687423195 0.2736878729759385 0.4475476652825292
0.7898583374543142 0.3216919591271092 0.4691662783510115
0.9219173555910821 0.4005116759323291 0.4021262734102546
0.8680889226270809 0.4004749367403022 0.3280204942768615
0.8680866780980667 0.4004681505697325 0.4762031968227294
0.7761551775810398 0.2926508195469341 0.416107859849166
0.7535977591633702 0.3529043673338391 0.4160890525214196
0.7837262991002711 0.3864607211917361 0.4619341493344581
0.8254516677961438 0.437439178835093 0.4304247252173365
0.7686305470689034 0.3211076276655205 0.3607679922622094
0.7714688746250701 0.3939694117691437 0.3649300352906156
0.793613074800663 0.3608454415004989 0.3262002619864396
0.824572865593805 0.4015700488591324 0.3274010253813465
0.8352865027499391 0.4375638742042606 0.3697115329289229
0.8807321963449375 0.4326939989310252 0.4263234196033183
0.9151338212934006 0.3950977724939808 0.3633545919501412
0.9115850159346104 0.3898731420827237 0.451227429631935
0.7793074017658134 0.4150696723382522 0.4182268598612542
0.8126054421797241 0.2683109931173923 0.3843566244571386
0.8875016605417624 0.4279883583044663 0.3742302070892082
2 31 0 20
573
574
575
576
577
578
579
580
581
582
583
584
585
586
587
588
589
590
591
592
0.3904262752357444 0.4806075366132287 0.5823197460019675
0.3833263677864492 0.5750761855946344 0.4484869540589477
0.428504843338092 0.4726361793222579 0.5540187248879607
0.3670441146098317 0.4547344552823092 0.5497212446889496
0.4055411480672976 0.4753902051168588 0.4578498218051201
0.4285051857648992 0.5838524291876459 0.4779274029095978
0.3233129905424931 0.4867625141773232 0.5565562401981958
0.3189315841934022 0.4764013235466968 0.5036864731916877
0.436795966720261 0.5848262487247543 0.5381068651331237
0.3002224495790644 0.5319646530725071 0.5275716564443138
0.3771380080292411 0.6102674923209213 0.5181258597107203
0.335263612702384 0.530620036105654 0.5838679148445196
0.3182792781017313 0.5205009765988043 0.4640437414487745
0.3220027601335965 0.5842276593078004 0.5070548795237807
0.3387297019979288 0.5875321141967778 0.5535059479702682
0.3758471746171024 0.5749166294004784 0.5833627106285398
0.3794273423908447 0.4479437453803978 0.4986966601109053
0.4409038536994384 0.4747493998627041 0.4970518988132405
0.3467060422937605 0.4950956425392249 0.4493189051116829
0.3560295219454306 0.5994510362367839 0.4838320209192102
2 32 0 37
593
594
595
596
597
598
599
600
601
602
603
604
605
606
607
608
609
610
611
612
613
614
615
616
617
618
619
620
621
622
623
624
625
626
627
628
629
0.380878432190685 0.6410262554918297 0.07680096192798951
0.341137600210308 0.6350548120732267 0.1119013032405725
0.4056595035891645 0.6057632829923236 0.1086001532713603
0.3466195431602709 0.6827377934424825 0.08151101592921828
0.4045717937152874 0.7714899699807856 0.1088487794394462
0.3811863677819917 0.7315644197762227 0.07410137885182275
0.4343673399511034 0.7344904514357901 0.07652625659660912
0.4687535561654275 0.6353179226416588 0.1068921402835961
0.4320584254069891 0.6394726758245731 0.07767862744566681
0.3808976073900817 0.7360623444712449 0.2323872633386209
0.3411481049648107 0.742026774333716 0.1973353960946658
0.4056471406861585 0.7713336798508366 0.200621901560889
0.4900054141254305 0.6436706439743453 0.1538095133431417
0.4555190427194158 0.6074739894027401 0.1528667088900709
0.3118919609111416 0.688541553754347 0.1546194559646566
0.3408715559764169 0.7392460034948568 0.1089520547943083
0.3466585674160751 0.6943651206133831 0.2276769541194755
0.4046323865171415 0.6056814676844641 0.2003727597868398
0.3812673984237365 0.6455742603498187 0.2350793647589736
0.4344158967319459 0.6427201640056038 0.2326541181992466
0.4899992415336016 0.733475299752618 0.1553892200693851
0.4687367489285784 0.7418056627811304 0.2022961767437099
0.455495994789703 0.7696738378774785 0.1563494022796978
0.3409374890538162 0.6378773286782833 0.2002829259362859
0.4320547862942313 0.7376307360597428 0.2314962850798911
0.4687548771551692 0.7425569574644876 0.1077329300072192
0.4687623109502249 0.6346126198467013 0.2014500902266322
0.4166078152823628 0.7135433455058837 0.245392657102559
0.3812167916841637 0.6964641859758538 0.2454842708291138
0.3230240386460929 0.7331190605462005 0.1543687695290532
0.4165981353222072 0.6635676605195221 0.0637663294733179
0.3230472917750152 0.6439734585973479 0.1549204365889847
0.3600497205591812 0.6060869212538612 0.153886202547794
0.4011043564086975 0.7830318150198681 0.15876280678635
0.3600086376841906 0.7710242136446336 0.1553714012963511
0.4011468226443305 0.5940959372553954 0.1505063702547751
0.381186566246999 0.6806465344916953 0.06367968709919793
2 33 0 27
630
631
632
633
634
635
636
637
638
639
640
641
642
643
644
645
646
647
648
649
650
651
652
653
654
655
656
0.4931960691138538 0.7687092732677974 0.5778525671627605
0.5359642695933973 0.7523577254364301 0.564652692736489
0.4771462473233558 0.7190123565974953 0.5672694969919467
0.4931736306907082 0.6704505402761957 0.6933899236704717
0.5359787165550846 0.686798132824328 0.7065907979846457
0.4771812656035453 0.7202129327086666 0.7039956805735428
0.4657029253338998 0.6605106381470749 0.6456127546494917
0.5098604277074166 0.6402904738081642 0.6292470962178099
0.5513816348849553 0.6598722694930843 0.6778074189706
0.5568801404936159 0.6492222455599754 0.6332104038601041
0.4657296364320453 0.7786625657632232 0.6256241323119219
0.5099458846299861 0.7988687456106555 0.6420080295725791
0.4498661070061156 0.7374995739982488 0.5990850102623498
0.4609572005326091 0.6801152752961096 0.5968282200559405
0.4387474709408801 0.7196362336058105 0.63563257405332
0.5140808727715592 0.6748278776275488 0.5694260985350867
0.4498508006426046 0.7017462359575743 0.6721772558148634
0.461094364770653 0.7591840752116662 0.6744687924686907
0.5142497640461091 0.764369826864811 0.7017982767578786
0.5846617286047904 0.6847068949544207 0.6647975128680865
0.5869476353044604 0.6808457743639456 0.6194780479795688
0.5513817197446229 0.7792764383899813 0.5934346262041509
0.5569394338155691 0.7898963650413309 0.6380268292636406
0.5545237237784899 0.7769035449028794 0.6785501047610947
0.5544445332285682 0.6622256313320505 0.5926570531970017
0.5846611901288568 0.7544438983956228 0.6064461372977569
0.5869723369866364 0.758261164745148 0.6517665943849786
2 34 0 128
657
658
659
660
661
662
663
664
665
666
667
668
669
670
671
672
673
674
675
676
677
678
679
680
681
682
683
684
685
686
687
688
689
690
691
692
693
694
695
696
697
698
699
700
701
702
703
704
705
706
707
708
709
710
711
712
713
714
715
716
717
718
719
720
721
722
723
724
725
726
727
728
729
730
731
732
733
734
735
736
737
738
739
740
741
742
743
744
745
746
747
748
749
750
751
752
753
754
755
756
757
758
759
760
761
762
763
764
765
766
767
768
769
770
771
772
773
774
775
776
777
778
779
780
781
782
783
784
0 0.4041305118587755 0.6130160122771235
0 0.9252384503484445 0.6252206686622218
0 0.6405831357913663 0.382928623909585
0 0.6194100800634781 0.9220821016295568
0 0.9303294141737966 0.7970058748708603
0 0.2163174287389432 0.7271939829828044
0 0.4540726274476655 0.9138519665142494
0 0.9193407189669637 0.4703418295313595
0 0.21498630233675 0.3017119239722219
0 0.3578671090341655 0.4782999460066482
0 0.1900782420421026 0.2342330559377148
0 0.2923841255358204 0.9220605026075848
0 0.7925856457331547 0.9255748995138509
0 0.7940908925948068 0.3353939716111376
0 0.5576058954723121 0.377071421295293
0 0.5873715429742613 0.4442067600781108
0 0.6716817892407199 0.4547795545626094
0 0.6192857359769068 0.5225826023246219
0 0.7058348658077312 0.5322322131584508
0 0.6541080552897424 0.6025140081367218
0 0.1470513073587503 0.4753704958959346
0 0.8398050999997115 0.2618931790190725
0 0.2960593957091479 0.7349634077366722
0 0.7399125545583424 0.6126598436223947
0 0.688376264399469 0.6821057358490342
0 0.6026566371464006 0.6721927188421329
0 0.142988390927191 0.7064525855540807
0 0.1726816880537773 0.7914062177811129
0 0.3759275894069916 0.6902129323387367
0 0.3980825754841988 0.5414989174309852
0 0.8366028714407869 0.1767773787264494
0 0.7739804333561182 0.6922176812223793
0 0.7224362469983606 0.7613972121287829
0 0.2314003445924777 0.1312958995131927
0 0.3719184318361761 0.7732752595758488
0 0.2943885921916923 0.4332761481036628
0 0.4543675100657451 0.7440610542310306
0 0.4707819902378039 0.1305401352368353
0 0.7913260694903536 0.5438161794280982
0 0.4744088498254763 0.5797109292569301
0 0.07319006573053786 0.1365569066521367
0 0.1372108528656363 0.2963574619451761
0 0.5122949067729784 0.4317881861294922
0 0.2127380468070986 0.4328974684393485
0 0.1242377604397677 0.9316484953872419
0 0.1060528115106719 0.6190527265762604
0 0.1130700477280566 0.5333807649698983
0 0.4030444159265549 0.3773042591892113
0 0.8025785992460202 0.1008671172112653
0 0.5541206483321428 0.1048541619680907
0 0.8673856200998726 0.3349891261379128
0 0.8042103880212472 0.7686759327785175
0 0.4705520652089922 0.2990819408973378
0 0.2967988704900125 0.8209484142272067
0 0.07796902121935229 0.3700999813672975
0 0.8797416532877756 0.1028522663099952
0 0.3676755476992958 0.8640834727379993
0 0.8366148167423483 0.4095608656152994
0 0.7231218020316179 0.3798065532086164
0 0.8570477069141818 0.6986262602106335
0 0.08668756570224179 0.7889253937602413
0 0.9191421174511231 0.1951796634454647
0 0.3028329319657919 0.07794963526347906
0 0.226192331567904 0.8540459962119915
0 0.756340868217661 0.8405905239927982
0 0.671580654189599 0.8344786496152038
0 0.8517682094818879 0.8427759787499096
0 0.1132119989365583 0.2177550428939448
0 0.7616999999483306 0.4677018696295177
0 0.5281181037248468 0.5064903319958585
0 0.3955349613621594 0.07737390246438167
0 0.6372397546654667 0.7517009314971093
0 0.590200677810701 0.8243220181359563
0 0.5361429135786477 0.8826364537462633
0 0.4744349585723824 0.8427340554609042
0 0.5649263857500806 0.5906753898154598
0 0.5153590904373341 0.6645041774093944
0 0.5474914484177552 0.739895616116685
0 0.8275822703501332 0.6209989896083211
0 0.8772385960547473 0.5520363756893044
0 0.5076700626666815 0.24618265189109
0 0.7091171325542522 0.9176966494628438
0 0.8757398743327491 0.9285159847886028
0 0.06974335165826569 0.4599070461475117
0 0.06371497351399835 0.6926828959581655
0 0.1675987985709098 0.3647202556445986
0 0.6291622871557443 0.06107257877511225
0 0.435975248920395 0.4626444141428148
0 0.07023137572291212 0.8748358985164291
0 0.7219926965457709 0.06095255156236158
0 0.9331327966342262 0.8754687722597461
0 0.1260805137057213 0.07005945114259045
0 0.3045063731162812 0.3683504924945231
0 0.06290168499990946 0.2793131923770088
0 0.3728264601005815 0.9399991883719667
0 0.9331868538958097 0.7127783048612693
0 0.8372440402405487 0.4886914239787158
0 0.9284123715046384 0.2904509924651116
0 0.2083333113125033 0.06133342217540445
0 0.9293719954252515 0.3803667068344261
0 0.2037345166932431 0.9316222407293041
0 0.4797951483769001 0.05963900930488454
0 0.1472942063633076 0.8620807070643868
0 0.9476669865842858 0.121716152341149
0 0.9455394267145869 0.5416666655793521
0 0.1643798298470651 0.161886445997928
0 0.5322925862911215 0.3157840962357399
0 0.06100423393516169 0.938995767013298
0 0.06057992456337404 0.0605799320300736
0 0.9394511621825302 0.0605488370891924
0 0.9394200604400236 0.9394200601007667
0 0.04901823697790997 0.2083333343322355
0 0.2397405058097947 0.7863344651689335
0 0.5238154629558367 0.8004450887250807
0 0.4744938285956348 0.3668723103614407
0 0.5196476044184684 0.1754346608279055
0 0.2413951910120019 0.3721678959160009
0 0.1264095589678316 0.4153240944503006
0 0.04323505130591614 0.6206804583567999
0 0.04966648712526076 0.545696934634032
0 0.4158792309760374 0.8187752255526839
0 0.3527866977467136 0.4107857696998237
0 0.8706312568389455 0.7647534062595768
0 0.4448387103188644 0.658301021102643
0 0.5492822780476535 0.0451131500096175
0 0.8605730115816927 0.05123616200880491
0 0.7936955256529028 0.04261116615648636
0 0.53947032726289 0.9475442602831016
2 35 0 120
785
786
787
788
789
790
791
792
793
794
795
796
797
798
799
800
801
802
803
804
805
806
807
808
809
810
811
812
813
814
815
816
817
818
819
820
821
822
823
824
825
826
827
828
829
830
831
832
833
834
835
836
837
838
839
840
841
842
843
844
845
846
847
848
849
850
851
852
853
854
855
856
857
858
859
860
861
862
863
864
865
866
867
868
869
870
871
872
873
874
875
876
877
878
879
880
881
882
883
884
885
886
887
888
889
890
891
892
893
894
895
896
897
898
899
900
901
902
903
904
0.3932320281595912 0 0.6310909431775791
0.4099456802554037 0 0.2150097649506966
0.2047610297155218 0 0.4266674636642869
0.208762111277511 0 0.9308742573663986
0.7220208744202643 0 0.7209113179504272
0.08059676901199085 0 0.7122587774472853
0.3850354954685014 0 0.3813741486158214
0.6567374295135858 0 0.2374230757732808
0.5002755102608313 0 0.5069017035847508
0.4392226474308687 0 0.8013445783941762
0.8429582484676469 0 0.2352382869173108
0.5736116597545986 0 0.3756843426617243
0.7809205067886091 0 0.9309134674059091
0.9301462528041724 0 0.7916667009424321
0.5491722160415132 0 0.06885355860799248
0.7912360555599665 0 0.5739898096897463
0.392338770832076 0 0.7237150054776157
0.3196644270675038 0 0.6792968378224156
0.4374575964074682 0 0.5573420174560522
0.2744400196701176 0 0.4439240739430194
0.2107758961254803 0 0.509198113293387
0.6781501771216005 0 0.7971060733161756
0.4372448006700614 0 0.2975611401527518
0.37209530104896 0 0.1492297944218197
0.3153721908493692 0 0.7623946707792157
0.6019583223531727 0 0.8411999130503811
0.7826451870233504 0 0.1906177873506896
0.5984849812617518 0 0.2931237130937259
0.5154832432517009 0 0.8421728977605523
0.1379085362212362 0 0.1484571142513895
0.1380896841066528 0 0.3831299037015609
0.2437059657574727 0 0.720400176297231
0.871420331554937 0 0.5294799196242325
0.8760322443336981 0 0.06940635934577631
0.8674962881137462 0 0.599850552620586
0.06844960174894178 0 0.5283450277663685
0.3725644215337722 0 0.9262282423864766
0.07140668595771874 0 0.8766194498705449
0.7788344104176277 0 0.7900654885156065
0.7127318294084173 0 0.08180422156373415
0.5789605212434453 0 0.2052945139600171
0.2999239704392276 0 0.5228680948516278
0.2143878911348545 0 0.1042858715538547
0.3023760670882634 0 0.1108748915419449
0.2460941571391422 0 0.6398035298214274
0.8072399487259579 0 0.7206364268353358
0.2442538494905263 0 0.8032130985050274
0.9041805328472423 0 0.2916863999995685
0.6670194684686435 0 0.8725940229089471
0.09227989893056092 0 0.2196725844441784
0.4569118423253326 0 0.3825692729534691
0.5215443862130739 0 0.2684978431924824
0.4535052089584062 0 0.1474401029165301
0.09211679283250532 0 0.3083639103930402
0.1632603289585794 0 0.758987469512991
0.7249905051327058 0 0.6340313777720219
0.4304341156600416 0 0.4616802946209034
0.9204617378436755 0 0.4583814604984635
0.1381138127006094 0 0.4689718614399001
0.6556116282548715 0 0.1526210213923569
0.579344161078616 0 0.4655795347173222
0.3200773049677544 0 0.8492321525500823
0.9190636354912491 0 0.2053834799178163
0.5461873393973289 0 0.920333997479746
0.9309985499340008 0 0.3726596055777111
0.1671217249222604 0 0.8501402971072991
0.4545840202098553 0 0.9065185363440103
0.1625854569964693 0 0.6746228389521982
0.1795092382303981 0 0.5918398790543589
0.08976778858435963 0 0.6130711659309747
0.07216878260787185 0 0.7916666668617002
0.9341039377002481 0 0.7110052619629446
0.9330118705256292 0 0.8746166778297582
0.8631532235056361 0 0.8331715220109449
0.7976994602137655 0 0.07271583259202211
0.2916666693498083 0 0.9284150325488341
0.6266983858456042 0 0.07126466074483095
0.8479924921483508 0 0.1475284828200985
0.133680599749494 0 0.06894935186490082
0.4583322934222679 0 0.06856914206069384
0.3749991495444847 0 0.06839004134222289
0.8680328896625424 0 0.9235414054331026
0.9325341428157317 0 0.124258154495644
0.1263117436259073 0 0.9328423445476408
0.06899061741709078 0 0.1247095013917272
0.6966463153969511 0 0.5650036528574379
0.6258019496537849 0 0.9304581344861858
0.067699858047069 0 0.4453522437943727
0.5296128949870501 0 0.1448086751075221
0.7972278429228425 0 0.6486334514607706
0.06154604972621004 0 0.3750000011939356
0.6330804672109878 0 0.5229456594271209
0.509471786243604 0 0.4293298388768274
0.9384863117129597 0 0.6265280846590765
0.313726452310289 0 0.5932566658903899
0.3919638280260723 0 0.85555003838712
0.7224900200093805 0 0.1444819598720386
0.3704354257408098 0 0.535599912714803
0.9418837391447248 0 0.5416667418115776
0.5133031121316007 0 0.3373980240309564
0.7031747167664364 0 0.9302530538934914
0.862719349122675 0 0.7548739013142882
0.346358281100078 0 0.4507820150552673
0.7972061936537832 0 0.8622822594816226
0.8664387678685959 0 0.6785717734687287
0.2463763320015721 0 0.8723749676155284
0.4813962129755227 0 0.2112503957059663
0.9394200596091322 0 0.9394200645971025
0.06057993906909329 0 0.9394200629416031
0.06048070377875957 0 0.06048075587672207
0.9394197458953206 0 0.06057972731467638
0.2500059428489075 0 0.5713932565822383
0.1372334541027174 0 0.5344316359087383
0.3717949484212281 0 0.798447289117642
0.7200334742854868 0 0.2100206340867065
0.7800577206805059 0 0.1318200590038922
0.732623903151989 0 0.8592072431030391
0.2860054555466464 0 0.04973237515360038
0.2083328617196648 0 0.04442172017840371
0.5902966881963669 0 0.1264822869139031
2 36 0 126
905
906
907
908
909
910
911
912
913
914
915
916
917
918
919
920
921
922
923
924
925
926
927
928
929
930
931
932
933
934
935
936
937
938
939
940
941
942
943
944
945
946
947
948
949
950
951
952
953
954
955
956
957
958
959
960
961
962
963
964
965
966
967
968
969
970
971
972
973
974
975
976
977
978
979
980
981
982
983
984
985
986
987
988
989
990
991
992
993
994
995
996
997
998
999
1000
1001
1002
1003
1004
1005
1006
1007
1008
1009
1010
1011
1012
1013
1014
1015
1016
1017
1018
1019
1020
1021
1022
1023
1024
1025
1026
1027
1028
1029
1030
0.4362131912179364 0.3383735024243508 1
0.07216878290315511 0.4583333324724473 1
0.07188697475986333 0.2916666670695645 1
0.3241799757838187 0.6185423573790547 1
0.9278314646167215 0.2083360537864945 1
0.2916666693498083 0.07216878132503417 1
0.07216878290315874 0.7916666674376093 1
0.6772517035530453 0.2505708007121414 1
0.4357852237326511 0.4276601322502969 1
0.3640580198053319 0.3698473229406825 1
0.4481305133312281 0.2554697281762436 1
0.3229557256881162 0.8075486990068932 1
0.9302767769951221 0.3804110309914493 1
0.7024610551334901 0.78040352850245 1
0.599535554628948 0.2202458369388111 1
0.7302589660502401 0.3153121366945657 1
0.07216878082228846 0.6249999999100584 1
0.7859511809614882 0.7886262607149223 1
0.2906116290399648 0.733262482173704 1
0.7923557960653451 0.07204019174542856 1
0.3925610481174643 0.5685634925493104 1
0.3086832026906539 0.5435503581437171 1
0.5642866093234619 0.8421568470051293 1
0.1344911217558513 0.07166026041047237 1
0.2248244862529919 0.9259173878622377 1
0.7882501588363563 0.4697159752473391 1
0.4511573593232002 0.07432130551231234 1
0.8694814105471484 0.7500171089201735 1
0.8648427278567657 0.9243091181555499 1
0.8693211246116199 0.5081943727297663 1
0.2356708638181887 0.6102329580658196 1
0.2260167475915547 0.5213108392083159 1
0.7670392594669264 0.234165395254328 1
0.2388999530729473 0.7848577864403152 1
0.3934612724394302 0.8687455753351195 1
0.6596319438097786 0.162129999157015 1
0.4986539121844987 0.4925558782828791 1
0.7157630229893928 0.9190933733558596 1
0.5736125916806984 0.5311185780530207 1
0.4822444693282428 0.8783109310739963 1
0.5768519011470881 0.1451970744519379 1
0.364525311534377 0.2910353106567936 1
0.292136213363632 0.3295569009287181 1
0.287623621352356 0.2474276145713536 1
0.3625335987730881 0.2026900308296399 1
0.215701775358954 0.2909632203681813 1
0.2130841067849135 0.2048848801407146 1
0.2174230987574648 0.3687562650566005 1
0.8163706424881445 0.304935817421928 1
0.2179965142195897 0.7023906134834403 1
0.2953621081221188 0.472978705158968 1
0.3097763034499209 0.8914599083941589 1
0.1576859069170373 0.5728699495519128 1
0.442867160652179 0.1650457153165562 1
0.3679939381218831 0.1209673334151351 1
0.9152147716486438 0.6745453703205111 1
0.9171166614679576 0.5842712279796956 1
0.8614881435574935 0.8340483011615658 1
0.7915188724948761 0.8737582914704 1
0.6135095962812869 0.7656194254693183 1
0.1554858251372134 0.7659693126755142 1
0.6238446270634256 0.07349085741094924 1
0.8572970108160965 0.428290106531767 1
0.2895661729849363 0.1598842394297495 1
0.2130751284202316 0.11891220833873 1
0.140324383809914 0.1631317802045765 1
0.1857360304631773 0.8495586476371857 1
0.912554409432095 0.2959015847720233 1
0.8747311500336534 0.0672652208856275 1
0.8392567167372009 0.1527182156392834 1
0.7486158873033589 0.1486103128257579 1
0.07022308692751816 0.2077441853473553 1
0.06286749679046581 0.8746166587845696 1
0.07142990023400983 0.3742124550406856 1
0.07216878226145787 0.7083333324724436 1
0.0751796658507828 0.5382901941682127 1
0.6250000049472365 0.9278312192075865 1
0.6584036297732585 0.8446292107578057 1
0.7819807005563215 0.3844781727546757 1
0.8500586147752844 0.2367789606546024 1
0.1466613868957152 0.491989911853553 1
0.3718460535613437 0.4921340917487326 1
0.5642866093234605 0.5984894062028696 1
0.1434030720799458 0.3312566675478965 1
0.1424180518953891 0.2493711977774374 1
0.9314352185750412 0.4583351946793836 1
0.1488070358106841 0.6530448232310798 1
0.5394313526052376 0.9321934495146258 1
0.9310841780453054 0.1236802844712605 1
0.1279045132801817 0.9220438556962935 1
0.06760308857961862 0.1255193606204575 1
0.9333641605418859 0.8732409957436391 1
0.6821887094475034 0.4891445167272653 1
0.9343654152359462 0.7942041819778033 1
0.5416666693498092 0.0652505091194226 1
0.1415696299782729 0.4119413977973168 1
0.7108025732934049 0.07228473781854702 1
0.4844052925244988 0.5614172882775782 1
0.5168965055990559 0.2175121869779468 1
0.3672062651218446 0.9431165654574623 1
0.6164414401356921 0.6915026944543198 1
0.7916666696394328 0.9438018244280112 1
0.2219770572154667 0.4440876832187283 1
0.2522305129539705 0.8534408394149237 1
0.4498350050183939 0.9370610868968674 1
0.5058879192142663 0.1334653582756352 1
0.373966324317025 0.05126732101289055 1
0.7308195522705012 0.8413021329602876 1
0.9394191907756365 0.06058166820164596 1
0.06057993898442829 0.06057993794021435 1
0.9394202348041938 0.9394203118893368 1
0.06057994125603818 0.9394200598972222 1
0.9390890163309261 0.5229874145993243 1
0.4349924143163432 0.5120851674667937 1
0.6440507287940901 0.527372543723403 1
0.2907343636786687 0.4032268468326686 1
0.8648066032577251 0.3589057827787532 1
0.2786581711991873 0.6686424250115736 1
0.2103666061691969 0.05123320102480683 1
0.291666669639434 0.9534932848396278 1
0.1194562516363587 0.8333333332802393 1
0.7131346985332773 0.1988691269873106 1
0.6090538426592529 0.6417674776077036 1
0.9416945164565504 0.7306722368152446 1
0.7265722443677896 0.4395183420033772 1
0.3515571537800228 0.4331694197862697 1
2 37 0 126
1031
1032
1033
1034
1035
1036
1037
1038
1039
1040
1041
1042
1043
1044
1045
1046
1047
1048
1049
1050
1051
1052
1053
1054
1055
1056
1057
1058
1059
1060
1061
1062
1063
1064
1065
1066
1067
1068
1069
1070
1071
1072
1073
1074
1075
1076
1077
1078
1079
1080
1081
1082
1083
1084
1085
1086
1087
1088
1089
1090
1091
1092
1093
1094
1095
1096
1097
1098
1099
1100
1101
1102
1103
1104
1105
1106
1107
1108
1109
1110
1111
1112
1113
1114
1115
1116
1117
1118
1119
1120
1121
1122
1123
1124
1125
1126
1127
1128
1129
1130
1131
1132
1133
1134
1135
1136
1137
1138
1139
1140
1141
1142
1143
1144
1145
1146
1147
1148
1149
1150
1151
1152
1153
1154
1155
1156
0.2901135008293261 0.4839913318556111 0
0.6011241787343183 0.703650950838653 0
0.5954124440638862 0.4655596338361473 0
0.2921170988111967 0.9236741971498649 0
0.07164262583203618 0.7057011300547936 0
0.5891937656896176 0.3059638100068556 0
0.4522088048692254 0.9208430244782511 0
0.7374156988502175 0.2128977286709951 0
0.3661462216147079 0.1985154790055139 0
0.409884749978955 0.3676407453106713 0
0.5430995290939844 0.07337645086096088 0
0.8221881946667029 0.2188563548607736 0
0.6236257217724579 0.2339436962966553 0
0.7209267900070314 0.8132463782645428 0
0.87499999856314 0.9278312172543267 0
0.06720449424784231 0.5419291155627006 0
0.4119191852372041 0.2448143679922953 0
0.6453756022369872 0.7731198282189544 0
0.3682127701077842 0.4407073185734035 0
0.3659174898038565 0.5268979205804519 0
0.2928974891762732 0.5735305078671681 0
0.3663462616500943 0.6135793582167246 0
0.2919860239098448 0.6571708125548036 0
0.3667188383280582 0.6993143576786642 0
0.5787918329576447 0.6275294315693705 0
0.5635974193804569 0.7769934796260833 0
0.2922563552073749 0.742888610327787 0
0.5693818147073147 0.3852573363152014 0
0.07065505271233313 0.8710512065016414 0
0.2901135008293252 0.1546151693843888 0
0.2017393253604276 0.1543156239662612 0
0.2015640520350985 0.4815794892735608 0
0.8796017077337341 0.07000419432621632 0
0.7061773249474489 0.07428200505320112 0
0.367009615880076 0.7855026768824344 0
0.2194132996262884 0.6185330141915576 0
0.6275129570499409 0.9291870171041358 0
0.8803025824697888 0.7691308440403779 0
0.8692493496504888 0.4289532132460406 0
0.1234136299822828 0.1965533606906367 0
0.8721362852907217 0.347826433266436 0
0.4437953708657679 0.4828722749446433 0
0.8077912643089105 0.8129560156140676 0
0.882531941482097 0.5323548546749483 0
0.43916374948694 0.6551458156880976 0
0.4230750656486508 0.1551663540720025 0
0.126918840878212 0.4387971748884305 0
0.5523102960940243 0.2314749923967598 0
0.1259740945531276 0.1119714691625702 0
0.3792880230644243 0.07218712786157168 0
0.7851116775837961 0.1600114512975756 0
0.9149322459642381 0.213808729413754 0
0.7565970938107662 0.8792922421382523 0
0.6416344340967467 0.5252994106360849 0
0.590203046509105 0.1587188616405661 0
0.5212161149469852 0.3086379630826722 0
0.07956205363356478 0.3661363791854423 0
0.2923757236315359 0.8312353897416502 0
0.2182097693018699 0.7871179733406998 0
0.3700199233734013 0.8719933442189901 0
0.4411713917579621 0.8284856925816981 0
0.5156245487070582 0.8481824997500351 0
0.6722160923217252 0.1616439206136918 0
0.2169655368908394 0.8721868540728371 0
0.07785905749257127 0.2757697510355596 0
0.9269454637678306 0.6978623001603117 0
0.4373936812016856 0.7413744637162216 0
0.4881531888133308 0.4030257186823715 0
0.9279677463765315 0.6083136141161587 0
0.5611360196329618 0.5433565719554171 0
0.2184863461617009 0.7010973147886249 0
0.1442112157274136 0.6604344747491209 0
0.5167840735478463 0.7001871968598467 0
0.6269488592501842 0.07800353969473664 0
0.7921289208729124 0.08554407859213946 0
0.4629994623746388 0.07431116541519067 0
0.4359821598613338 0.5714978277535415 0
0.07260220753791313 0.7892868581598054 0
0.2073083379330751 0.07726298676173465 0
0.2954744537801409 0.07218369513126238 0
0.1456842564433253 0.8306881320193685 0
0.5996408994068287 0.8437774295558982 0
0.145625797678715 0.7451517808745521 0
0.0686343415377777 0.6249999899062449 0
0.1360917730841816 0.922624385773046 0
0.9303879532770096 0.2978774399683285 0
0.1432697929381065 0.5835542213332621 0
0.8196416029131632 0.4940005768334328 0
0.9330683563480799 0.1255690598786234 0
0.9373515791106191 0.8747902358646906 0
0.8545051838615769 0.145632311394847 0
0.5182488035872198 0.4780115986313755 0
0.5108782059791998 0.1500774304458562 0
0.7104078218276501 0.9370596427163852 0
0.9335160684206849 0.3829127837818227 0
0.504531291024185 0.6076727012015883 0
0.938930628460296 0.4670933493579695 0
0.5450381592751512 0.9277613180245532 0
0.6700035484057929 0.8657425987431384 0
0.3728691648360207 0.9433021131694211 0
0.06094051025727677 0.1378867124412357 0
0.05964386768445222 0.4592875819171101 0
0.05244263954642617 0.2053752893584877 0
0.8773909615281817 0.8423125939743019 0
0.212368215011751 0.9436970873991497 0
0.1376681238246796 0.5086850539167285 0
0.9441158476601447 0.7924234908532217 0
0.9494290198194195 0.5392050730392833 0
0.7922565839572682 0.9381454393500747 0
0.4949142229190018 0.779044666506777 0
0.2274076951643663 0.5469627405253077 0
0.4466550609037199 0.3068322730069952 0
0.4805803569265613 0.2228034920968345 0
0.8531844812432092 0.2819568438810514 0
0.939420252683552 0.9394203393604218 0
0.9394188161572748 0.06058157518354458 0
0.06100423528022138 0.9389957639243428 0
0.3526564766517492 0.1340866875093923 0
0.06046213806590645 0.06046218270085661 0
0.1249997177744066 0.04823753767786587 0
0.4956811066960867 0.5383152832173888 0
0.6829038534841761 0.2294151997651939 0
0.8249389738645085 0.8823517623969536 0
0.7331335108601453 0.1356252782177461 0
0.6062103314052085 0.5778400788577138 0
0.4293677433540706 0.4229020825922244 0
2 38 0 128
1157
1158
1159
1160
1161
1162
1163
1164
1165
1166
1167
1168
1169
1170
1171
1172
1173
1174
1175
1176
1177
1178
1179
1180
1181
1182
1183
1184
1185
1186
1187
1188
1189
1190
1191
1192
1193
1194
1195
1196
1197
1198
1199
1200
1201
1202
1203
1204
1205
1206
1207
1208
1209
1210
1211
1212
1213
1214
1215
1216
1217
1218
1219
1220
1221
1222
1223
1224
1225
1226
1227
1228
1229
1230
1231
1232
1233
1234
1235
1236
1237
1238
1239
1240
1241
1242
1243
1244
1245
1246
1247
1248
1249
1250
1251
1252
1253
1254
1255
1256
1257
1258
1259
1260
1261
1262
1263
1264
1265
1266
1267
1268
1269
1270
1271
1272
1273
1274
1275
1276
1277
1278
1279
1280
1281
1282
1283
1284
0.6269386589648034 1 0.382734227294168
0.6618574174097713 1 0.6267158568780294
0.492540098031943 1 0.6764539331839009
0.2472171316068208 1 0.7124275839004431
0.793529611750784 1 0.07596957759872919
0.7953820366281589 1 0.9263920406553714
0.5315457420844655 1 0.08023663775663006
0.9357926989653089 1 0.2915886350755235
0.9274338023803246 1 0.4583330493086016
0.6255077928881638 1 0.9222768705101685
0.9265481264543425 1 0.7085237271472122
0.3744819077459304 1 0.9231389612774741
0.418613215690581 1 0.2760420271224517
0.1731652113998601 1 0.7090693863394544
0.6869391542330237 1 0.4522877849000078
0.5845299921380892 1 0.6764393289396373
0.6550164059484618 1 0.708583058838393
0.699974060586143 1 0.5431057885202046
0.7133412339301964 1 0.3658264808840515
0.6616163587585957 1 0.3018046097165036
0.2083333353078043 1 0.9278312197711823
0.4063021085362153 1 0.1892011377810061
0.5390026297809732 1 0.3547055577460525
0.5347046063247094 1 0.7491550219429813
0.4527186575841899 1 0.7563706960519482
0.7440735738368145 1 0.2872279174329599
0.6895271498519164 1 0.2210386136505006
0.4798404405171851 1 0.2262843664298336
0.7601743656223329 1 0.6212087834622179
0.1190823082525347 1 0.4098689171843164
0.4971020728149501 1 0.8308130798384388
0.3515797881314254 1 0.6398350484253348
0.7674194232569054 1 0.487081068022711
0.3490094151857511 1 0.1225352857856055
0.3820956238693497 1 0.3558753320607382
0.7957995428735747 1 0.3488548626715864
0.1275559776450808 1 0.06063464286912116
0.210868333871887 1 0.780979100528691
0.2926306441647108 1 0.7797974321486196
0.9315085683620328 1 0.8747257393653544
0.07524404244087129 1 0.8670280652711613
0.9249273576224917 1 0.1295342975957763
0.1222411889629877 1 0.1888755828326302
0.7744153745047494 1 0.2098693038155769
0.1079501103972067 1 0.2790772723939557
0.3812266640054933 1 0.4392967995509712
0.6116168713395449 1 0.2405625049913821
0.6378396103095318 1 0.150339342785954
0.4341279784293772 1 0.1085134490486533
0.5830409096502467 1 0.8250282105258983
0.2612332448239907 1 0.09423737415680564
0.1295598088594767 1 0.7813945766448357
0.4131207043735159 1 0.8355404169421544
0.08625933361350756 1 0.6921775734740944
0.4151822926699567 1 0.6267144064696896
0.3154972410472783 1 0.4004594648973435
0.5414733335187059 1 0.909056325107219
0.672849940152642 1 0.8475517172759205
0.2510620446078121 1 0.8544265824313639
0.4579536211829806 1 0.9188660562210029
0.4662639421405549 1 0.3515695191544568
0.7351839805383877 1 0.1441092190487359
0.8251793808152551 1 0.2724041932962501
0.8595910231523353 1 0.1913760809735423
0.2919563205776264 1 0.9271112744804346
0.1666779283391818 1 0.8574899058738087
0.7083333353078028 1 0.9278312197711811
0.9312176949272605 1 0.3750045533342958
0.9271501428215445 1 0.542055155306012
0.8534474353983965 1 0.5076145674382896
0.8532109336428234 1 0.5860048215851328
0.9262034549626895 1 0.625732364137437
0.9278312630433075 1 0.7916661739372031
0.853125704058064 1 0.7504880389281322
0.618537508812268 1 0.06871117414612539
0.551683294906453 1 0.171496650319784
0.1776403510185328 1 0.1223853236271348
0.3777592406322814 1 0.5655283595559594
0.8442025963644777 1 0.4181086348399027
0.8446865885943581 1 0.8477417976514057
0.7899211550751778 1 0.7843521047255384
0.7799990189622668 1 0.708146757422681
0.8503115268574262 1 0.6678112554902249
0.3333215810972255 1 0.8496649390247909
0.1268058761874194 1 0.9319615417646625
0.07453079222485753 1 0.1266131435173301
0.8763092094657239 1 0.9319226983014042
0.8790937431909304 1 0.06557118114173952
0.9347225495711162 1 0.2083332051991658
0.06058584939142157 1 0.4744861417963573
0.7002928962805837 1 0.07318821892992408
0.3704574877979328 1 0.7726079024918497
0.5423825825451621 1 0.2670384423766107
0.7557478847282708 1 0.8476048492729485
0.05095001486561491 1 0.624999997430544
0.8693233616403973 1 0.325897842818984
0.8058810859850811 1 0.1497334919910224
0.06580503682501286 1 0.3681860135836066
0.7877706700244749 1 0.5523741701530822
0.3814767540544312 1 0.05652764062141057
0.6436311151379576 1 0.7798417463149865
0.05622494097399836 1 0.7916666655793506
0.1508559977447415 1 0.3610649723503766
0.1999661294332399 1 0.05557927478563023
0.4077529560449926 1 0.6973477522180808
0.05880565921722436 1 0.2171498880042755
0.7185199618871155 1 0.7609438661784069
0.7615403901316355 1 0.4144317662636519
0.0528279329318503 1 0.5501623204737167
0.2097699754617436 1 0.3889063000430877
0.4845772730704246 1 0.1536826469880656
0.7162382240262199 1 0.6825829178641765
0.594892231484382 1 0.3137323985093485
0.3237002657035765 1 0.7098246401501261
0.06057993753986662 1 0.06057993762313399
0.9394200526668784 1 0.06057993313740405
0.9394201441596861 1 0.9394199881344095
0.06057994114218071 1 0.9394200596718228
0.4583333331362669 1 0.04848507924523002
0.04651216128788879 1 0.2895493010281088
0.3732760133803515 1 0.5031734917225074
0.426252864754278 1 0.3942462031792915
0.3139934704420779 1 0.05661068747407591
0.5995006136065313 1 0.7371600797005619
0.4787383489022617 1 0.2909040407586748
0.5849015390281795 1 0.1176959512521233
0.8837482558965066 1 0.2494261776963456
0.8595013197552588 1 0.1248400373663002
2 39 0 6
1285
1286
1287
1288
1289
1290
0.05214459096657022 0.590375387384134 0.1909985920371388
0.06671618840915192 0.622720939056098 0.274174367657364
0.04704941137382498 0.6275684614969763 0.1376531162885465
0.08436934121523076 0.6268971067802449 0.2192231193002147
0.04714779540259817 0.5840069557164261 0.2382880739542095
0.0773030485858878 0.635113481685042 0.1719983407702909
2 40 0 6
1291
1292
1293
1294
1295
1296
0.05214241756228422 0.7652750620654759 0.2474901145468183
0.06671582885930465 0.7329403884723077 0.1642720200449192
0.04836494662595431 0.7303045134909957 0.2982289984742987
0.08437643228471214 0.7287498997679965 0.2192231192571505
0.04714867113357578 0.7716565004805107 0.2001703685723697
0.07585733371322188 0.7222477155797244 0.2678933708829279
2 41 0 3
1297
1298
1299
0.04310908305700356 0.2807300129498103 0.2231768925612895
0.04059703037506474 0.3034594687609147 0.2772512445568645
0.04095175034516388 0.299170119720697 0.1712802901974788
2 42 0 3
1300
1301
1302
0.04310927342557241 0.4186590857742151 0.2208711730040822
0.03808664200677711 0.402825418784137 0.2747706509768633
0.03862593012449433 0.3961697210855157 0.164089052988755
2 43 0 5
1303
1304
1305
1306
1307
0.06239400219300781 0.2084919622080571 0.5796974927160002
0.04129599634190038 0.2048808085132832 0.6402886625951574
0.04129599903303166 0.2048808038478835 0.5191063304672993
0.03494287609764817 0.1722485333577766 0.5605818029474781
0.03263862984684386 0.1709919413547222 0.6023152492193877
2 44 0 5
1308
1309
1310
1311
1312
0.06239400219566593 0.3017044355779064 0.5796974927160004
0.04129463658354604 0.3053186777196156 0.6402880045851634
0.04129463390901551 0.3053186730796357 0.5191069732604079
0.03494278002531169 0.3379488478787699 0.5988093136760666
0.03264255903716054 0.3391998995047473 0.5570760096153761
2 45 0 125
1313
1314
1315
1316
1317
1318
1319
1320
1321
1322
1323
1324
1325
1326
1327
1328
1329
1330
1331
1332
1333
1334
1335
1336
1337
1338
1339
1340
1341
1342
1343
1344
1345
1346
1347
1348
1349
1350
1351
1352
1353
1354
1355
1356
1357
1358
1359
1360
1361
1362
1363
1364
1365
1366
1367
1368
1369
1370
1371
1372
1373
1374
1375
1376
1377
1378
1379
1380
1381
1382
1383
1384
1385
1386
1387
1388
1389
1390
1391
1392
1393
1394
1395
1396
1397
1398
1399
1400
1401
1402
1403
1404
1405
1406
1407
1408
1409
1410
1411
1412
1413
1414
1415
1416
1417
1418
1419
1420
1421
1422
1423
1424
1425
1426
1427
1428
1429
1430
1431
1432
1433
1434
1435
1436
1437
1 0.5709001900866025 0.3198101597058706
1 0.2598827375255555 0.4628263304698216
1 0.294599017858518 0.08307704631012562
1 0.569168625389793 0.6458207290577256
1 0.532690771815124 0.8073829841611624
1 0.06475761300179551 0.2916073566605166
1 0.4601861225940261 0.06990934481493705
1 0.8130384012200456 0.6450511764828294
1 0.3763041281630752 0.9307782495661563
1 0.3894256390916336 0.584818555410537
1 0.7857187172289415 0.1902531866252211
1 0.1742346969532422 0.8089311261628525
1 0.6289625327056999 0.07063915304824785
1 0.1669824793388778 0.4657193869444999
1 0.217133134868806 0.3916509524280559
1 0.3003988431631022 0.3883749666316913
1 0.2598116713407773 0.3173955243363282
1 0.346485892246476 0.3164138935441972
1 0.3911011448375532 0.3894863647298409
1 0.4154653434136915 0.643411363081214
1 0.5746976844408151 0.401865573042204
1 0.5821615798887017 0.2388431936736206
1 0.619295384754837 0.4787609890295778
1 0.3344890679423227 0.7703735893703756
1 0.2656964917403149 0.8090140382704183
1 0.1261331731673809 0.07156152788299555
1 0.8631165976532155 0.2351467389933429
1 0.9356573966857811 0.5358914742167774
1 0.5324962830556236 0.4777220504862116
1 0.8564516959581084 0.7203092261082957
1 0.5090000817396612 0.2650422934733718
1 0.8564534941174874 0.8070285745068922
1 0.3006001137212273 0.2437149897424608
1 0.7385465552802715 0.5988654019455458
1 0.2173071810454541 0.2453216279705442
1 0.8660795103364723 0.1595984742503311
1 0.6960189074117009 0.1846456865645358
1 0.574419042362293 0.8768628562672389
1 0.3581710747417773 0.519685768966752
1 0.532481503647789 0.7207209585391693
1 0.813175569587397 0.8821969205989316
1 0.6499362835972925 0.5989397183742539
1 0.1194396136518321 0.9266431562506195
1 0.5318740453051327 0.1771507674115338
1 0.4462937278249482 0.2030793486843875
1 0.4957514464782249 0.8783710884614011
1 0.09904063895145088 0.7647471517791593
1 0.1329953045790165 0.3918401546741806
1 0.7417627131745834 0.1240889663135378
1 0.8122762466724569 0.5592548992929074
1 0.2236199918923829 0.87930330527433
1 0.4669466567790724 0.7571704810836333
1 0.09306939526268471 0.5191862910542455
1 0.4726804142325088 0.6033585916802094
1 0.9098994893925597 0.3085534078010545
1 0.9030724676695085 0.6551309201646991
1 0.4324092296205406 0.5157558059141627
1 0.9167844581690274 0.8737176984166115
1 0.5000659518420004 0.357553993175076
1 0.9098603674547329 0.4004986208481752
1 0.2559119699076959 0.1639498197987131
1 0.3543208184696791 0.1663576488494206
1 0.1549833512022327 0.1623336006674491
1 0.6943274395468074 0.5245297760240153
1 0.8737316516367182 0.4896757296421446
1 0.5682036506555996 0.5546763873916704
1 0.6130340031742922 0.1562921797414035
1 0.4312235077141223 0.3021122289578797
1 0.6446414007553677 0.9264563302758608
1 0.3416109288758511 0.848863212610559
1 0.3781375620038179 0.08224134326941632
1 0.07079449295288169 0.2076013570545253
1 0.5453422095275271 0.08521190494695198
1 0.2080500420038247 0.08015366577654723
1 0.2916691013855277 0.9278314648663087
1 0.7348042388967222 0.9273681933026057
1 0.1042296721636878 0.8421690457766947
1 0.1804312254196393 0.3215308787699938
1 0.4627463059980252 0.4320857187116267
1 0.8703108612771715 0.07754217076321633
1 0.06672184808758555 0.1250001421795959
1 0.931783138441804 0.7894363153384432
1 0.9351965995516972 0.125993034588236
1 0.9320976609305754 0.207989568705654
1 0.3757848119952906 0.2463356219556692
1 0.1342182964800182 0.2602286188259558
1 0.9382614604138843 0.7163084498870473
1 0.7992123945888838 0.06768207791562263
1 0.4210681098948854 0.869035002213524
1 0.06342231951206835 0.3689768385892377
1 0.07312591676821772 0.4447901108248889
1 0.9438498831554464 0.4685463847636327
1 0.5424389702749871 0.9393083130420545
1 0.4585241297213596 0.9400989649297622
1 0.05337804792403116 0.7136754671427504
1 0.4277837863110276 0.1308474374729649
1 0.6942332774838524 0.06402719182232341
1 0.0519238068036404 0.5848317188115905
1 0.393041232417262 0.4611439543052108
1 0.4983265222855185 0.5385112549851863
1 0.8698010488943848 0.9400830939618677
1 0.4740870053388809 0.6814517486278113
1 0.3929571111606683 0.7144383696578303
1 0.2058235549181468 0.9433782423403466
1 0.8798591654670319 0.5810897892819114
1 0.7570011347701873 0.5285189207147428
1 0.4036421778700923 0.7975941102257635
1 0.05800809277088705 0.9402098719548173
1 0.6748022867900259 0.1199386354980097
1 0.06058044337334308 0.06057952521837699
1 0.9395155632643131 0.06048450952004948
1 0.9398619541778963 0.9418453652401819
1 0.4873548177519763 0.1301689403651227
1 0.7997225953812592 0.9469073386735392
1 0.3279139204339244 0.4533613801201747
1 0.6372365497277583 0.2122567917309114
1 0.1614434916784219 0.8767081533369278
1 0.6329406896386341 0.5392267177048793
1 0.8074743450254798 0.1268683553782872
1 0.0471188005730476 0.8750299001090687
1 0.4642373639961296 0.822988811283258
1 0.9413788289176815 0.6015345358921101
1 0.045615263609269 0.7934253725337292
1 0.2806491284735191 0.8662530052554039
1 0.1151649517985076 0.3268367695039769
2 46 0 17
1438
1439
1440
1441
1442
1443
1444
1445
1446
1447
1448
1449
1450
1451
1452
1453
1454
0.1669315645420948 0.04602987120839665 0.2896506928182647
0.3196486824187728 0.04738445045661394 0.3297412953532671
0.3197117751615924 0.04737498911922097 0.2017609456717999
0.1914180699363157 0.04740502299460432 0.2017920090326651
0.2320494476149479 0.04711561543713973 0.3534573783664949
0.1870260477654179 0.03812768158824072 0.3361143277744276
0.2094588076233923 0.07147771772359157 0.3046062916257767
0.2634029806922992 0.07981769534633563 0.3072450568104393
0.2457450045725193 0.08692925056695663 0.2653934362225905
0.3107672896713531 0.07406462489000386 0.2711928485886584
0.3487051994724178 0.04168437059363836 0.2867092879163693
0.1598589032680848 0.03733711257025037 0.241061892506906
0.2822274015241334 0.03815405361883943 0.171191821120494
0.2588532479206708 0.07376799823926151 0.2097647769597611
0.2345350161049599 0.03963302561292315 0.1709312365782325
0.1947323591926184 0.0705475007585291 0.2541105286059644
0.3514452185160244 0.03781526905306794 0.2432832301563209
2 47 0 21
1455
1456
1457
1458
1459
1460
1461
1462
1463
1464
1465
1466
1467
1468
1469
1470
1471
1472
1473
1474
1475
0.6501424354236316 0.0497180073627807 0.4339549904688444
0.8232691548766273 0.05072799807375036 0.4751518903632571
0.8582365449253183 0.05128713192343089 0.3791835472336219
0.749984272971681 0.0638667874212273 0.2968471349008625
0.6623300461685997 0.05079543068515953 0.3330746554281648
0.7246638715152608 0.05408977981287978 0.4963971798519989
0.6768266093932376 0.04239510840508671 0.4799455638278929
0.6968342513116961 0.08035573180912393 0.4508753490646194
0.7607549096634871 0.08856131187082483 0.4596518889824356
0.7334837329984639 0.1046262601739391 0.402256202487393
0.8122616161035145 0.09084648197892348 0.4062537362010557
0.7693015842791384 0.09668844324856346 0.3483213626670565
0.813045795833696 0.04505377151511872 0.3005567587472021
0.7102855276735343 0.08895693677672736 0.3434304620880823
0.6738324601662609 0.08107419067357308 0.3906885732484953
0.8248448374257346 0.0748389134615545 0.3496664467820204
0.6382488061819641 0.04183503996690802 0.3808181468213261
0.8580327587917246 0.04453533069828794 0.4300300130917568
0.6967113203322346 0.04601825457683546 0.297194074523779
0.772890632727815 0.05288283758602348 0.4986206750897468
0.8490285550265182 0.0401585672460181 0.3331229880310242
2 48 0 18
1476
1477
1478
1479
1480
1481
1482
1483
1484
1485
1486
1487
1488
1489
1490
1491
1492
1493
0.5345732128697617 0.04707024281419174 0.763951640282537
0.5343895242209972 0.04713101811957059 0.5903003029874083
0.6448020116144955 0.04705978606483933 0.7002857411540542
0.6215234568898551 0.04704929008251034 0.6134636502615157
0.4709639115668326 0.04701235527344867 0.7004658944316972
0.4844475921801644 0.03407156590276984 0.6071044449936321
0.5089772033771409 0.07154166746461603 0.6515969760343656
0.5682842074160559 0.07369272540983143 0.6277618130361959
0.5600166966239031 0.08401333935317533 0.6781042335532663
0.6128600517790281 0.07102854580173291 0.6653868649624703
0.5869193453823089 0.07190391835641619 0.7230458574049998
0.5856956916510362 0.04007679421291599 0.7694916858130963
0.4622701147686706 0.03701180671425955 0.6510148257556923
0.520585965174861 0.07351902834006342 0.7115528879233473
0.626383731273211 0.03805880010004332 0.7474823675514795
0.4881910603423313 0.03765534560899315 0.7467771429193751
0.5850720867221803 0.03387447267047594 0.5791948326147397
0.6526419912626631 0.03813438689898588 0.6514040006569927
2 49 0 12
1494
1495
1496
1497
1498
1499
1500
1501
1502
1503
1504
1505
0.6076655652827075 0.3369583214497338 0.9381818200344637
0.5971239398996934 0.4296445631994137 0.9446308980883148
0.5217599963810079 0.3534474726666652 0.9533249987413552
0.5466614092077864 0.4302370951901728 0.9533586383364644
0.6471200660946171 0.344669434764936 0.9521555760463547
0.6459031616818161 0.4387261162728034 0.9716388905022366
0.5907361915091831 0.2938468133541502 0.9645758864580869
0.5927316266305062 0.4603916948446567 0.9702975076513839
0.5022586687724527 0.3950584896551737 0.9719200628308173
0.5449776705880243 0.3051913016621273 0.9649163465378388
0.6386702347404245 0.3073281377948036 0.9690159568966656
0.6702639014095857 0.3397523102079865 0.975969212108314
2 50 0 12
1506
1507
1508
1509
1510
1511
1512
1513
1514
1515
1516
1517
0.4813219781548733 0.6786837581019192 0.9296644516076477
0.4813219781548732 0.7619624951060806 0.9296644516076475
0.3740329821347666 0.7212928785114878 0.9556304114692556
0.4249896929687861 0.6464211566675052 0.9522225827438631
0.4249896929687879 0.7942250965404959 0.9522225827438634
0.5213710814825869 0.7722329031102424 0.9524001401540629
0.5213710814826421 0.6684133500976681 0.9524001401541584
0.3865167415701243 0.7656273445953381 0.9562089167280245
0.4112558918251673 0.7338346311577756 0.9305209254584141
0.4740944169096858 0.6354108446658195 0.9573850427127739
0.4740944169097752 0.8052354085423755 0.9573850427129984
0.3796236523188952 0.6701711224500695 0.9660854638092152
2 51 0 13
1518
1519
1520
1521
1522
1523
1524
1525
1526
1527
1528
1529
1530
0.7865457459399096 0.673706780010188 0.9192067235180975
0.7865457459399084 0.5849423325018146 0.9192067235180962
0.6747708122165449 0.6293245562559996 0.949393952662324
0.7260304009794216 0.5496106598792815 0.9491251911248454
0.7260304009794208 0.7090384526327184 0.9491251911248455
0.8283446684503766 0.5742902834666254 0.9465631921160775
0.8283446684502597 0.6843588290450821 0.9465631921157561
0.7851450417350684 0.5400295783068632 0.9547518646825358
0.7160217533743206 0.6016083438867416 0.9212835925958369
0.7835936844217265 0.7188079274386672 0.9544985937661731
0.7159015432500775 0.6560477537687757 0.9210681411386934
0.6831278866424019 0.5758453504861957 0.9605224567111236
0.6826932767707207 0.6795651554612264 0.9583412437939295
2 52 0 15
1531
1532
1533
1534
1535
1536
1537
1538
1539
1540
1541
1542
1543
1544
1545
0.2706297206895443 0.2733014252708384 0.07975840859637309
0.1548524160357521 0.343506678318265 0.04883792457128622
0.2739681424807252 0.3746496603726592 0.07472339811948553
0.1729202357669121 0.2503768751465952 0.04123732949738073
0.3121137680291826 0.2527090548765927 0.04883214672203921
0.3196132573713701 0.3807616655920236 0.04642865218991265
0.2215549657860488 0.4099510291680882 0.0490863265022518
0.2744047308867785 0.4159339711339838 0.04050592102832829
0.197924303747251 0.3640355321378746 0.07276428773940105
0.2599022517275989 0.22504283049541 0.04735996471616063
0.1741947862349387 0.3937786857933884 0.03708048713497967
0.1845567733140079 0.2918682597149092 0.07178896575441032
0.1457890617337184 0.292006608824814 0.03659842119147474
0.2097505833972499 0.2497226971780899 0.06375719886303244
0.2101785224756874 0.2203226375970586 0.03424071716253307
2 53 0 12
1546
1547
1548
1549
1550
1551
1552
1553
1554
1555
1556
1557
0.7448675703613696 0.3438030876609176 0.06634176907576143
0.7448675703613697 0.4223826631890798 0.06634176907576238
0.6468078313065727 0.3830928754250008 0.04505002412698725
0.691553751114382 0.4528171200645866 0.04504248573543305
0.6915537511143806 0.3133686307854139 0.04504248573543301
0.7826359945948818 0.4320822871064713 0.04493823416552134
0.7826359945949815 0.3341034637434793 0.04493823416541776
0.7380052553978198 0.3018904508513368 0.03908479583079007
0.6769745730236242 0.3734910740034323 0.06507973146936985
0.7379718164292662 0.4632737671787023 0.04018964844814388
0.6515736243483508 0.4253517279786088 0.03804863118637476
0.6462392081210002 0.3434206896102888 0.03396117619027683
2 54 0 15
1558
1559
1560
1561
1562
1563
1564
1565
1566
1567
1568
1569
1570
1571
1572
0.7886911542994438 0.6964080491617338 0.07881618457912251
0.6746048134278262 0.6272227635065494 0.04812261313764783
0.7917007817307292 0.5952811516394821 0.07325149338486425
0.6950672498077082 0.719015004267623 0.0430420560287187
0.833086979006878 0.5851420317760461 0.04492006190404514
0.8295947499943189 0.7167088868629724 0.04811701188368112
0.7403402246248322 0.5617358666567787 0.04836412241243551
0.7181136331295245 0.6114878861136518 0.0741155787492261
0.7780990211156696 0.7438729039083513 0.04677904440954593
0.6926567319972913 0.5814123685742398 0.03915820288700446
0.7034025636263289 0.6791653452101143 0.07035560633830376
0.6680453120773528 0.6834002739943791 0.0369357376354935
0.7913317722516392 0.5525698939495615 0.03578280838239328
0.7284682338006412 0.716702570862855 0.06489726336024809
0.7313044518450112 0.7477950784290125 0.03584803441029642
2 55 0 16
1573
1574
1575
1576
1577
1578
1579
1580
1581
1582
1583
1584
1585
1586
1587
1588
0.1914585069225854 0.9515645029048342 0.2174900563965904
0.2878072716981119 0.9489960133923893 0.3287025756592059
0.3407102374300389 0.9538342026663154 0.220682948764353
0.2643054047547635 0.9564857946295092 0.1680306088389257
0.2023839245518276 0.9521147731460178 0.3070589211112255
0.3512516449273917 0.9595013998663487 0.266487484068146
0.3054267736073709 0.9257372852206127 0.2706272511582376
0.2873621693172494 0.9264296392874772 0.2136778928731624
0.2297058489361445 0.921904810391406 0.2549958484830316
0.2527680717128132 0.928643232772056 0.303031529817545
0.3321582714186417 0.958903663067462 0.3087691141122436
0.1792800862372907 0.9563587907311669 0.2631989804342579
0.2407608317987504 0.9620161112659865 0.3403833401358888
0.3168267535129874 0.9640979880147613 0.1788927185939585
0.218541422263399 0.9616485424077359 0.1764823033331223
0.2320427999336136 0.9330511581845159 0.204663362585782
2 56 0 17
1589
1590
1591
1592
1593
1594
1595
1596
1597
1598
1599
1600
1601
1602
1603
1604
1605
0.2369178074595898 0.9480251762299892 0.6291835793994743
0.130332781607037 0.9479931923811328 0.5062687810695651
0.2931128651311184 0.9482910137377087 0.5057162747095901
0.1371375309129999 0.9479086701763518 0.5925814189678641
0.214593721273255 0.9533486466140492 0.449694116576982
0.2683501283668908 0.9644175679167719 0.4596408834187284
0.2345217622595867 0.9233968893975678 0.4872535227168437
0.2504690551342449 0.9131976285080223 0.5395236066279882
0.1831570626777991 0.9127770325955457 0.5186876706780563
0.1957645188119612 0.9133147164547064 0.5792458219224779
0.1751859869236576 0.950394594374619 0.6271459542998218
0.2966663396555627 0.9470625962127726 0.5686194808807115
0.1506144225680053 0.9242714427948203 0.5538021728409162
0.1655124574556057 0.9453317837601083 0.4695066254352625
0.115469758798077 0.9577327181888712 0.5540965181754958
0.2573478260923533 0.9253356303972254 0.5877352566348548
0.2840848961847753 0.9611984004048275 0.6110669859062197
2 57 0 16
1606
1607
1608
1609
1610
1611
1612
1613
1614
1615
1616
1617
1618
1619
1620
1621
0.4584559693872069 0.9488632268884357 0.4847044391155221
0.5632176579025538 0.9489947889098058 0.6038858273264439
0.6182904989026703 0.9493605646514756 0.4829474822231741
0.4654131677301464 0.9487372683723834 0.5676461333495633
0.5412582853626522 0.9541640642480348 0.4281604293292207
0.5939837093526267 0.9652010713657202 0.43763857793756
0.5605428586640356 0.9249872723257082 0.4650040478977551
0.5749547970956839 0.9146106717243269 0.5173527486933048
0.5101960061544943 0.9148744288146453 0.4956356037280923
0.5228687280375548 0.9152950591052774 0.5550249923946656
0.5022629726755681 0.9513973130179227 0.6017627483711868
0.6198709016401702 0.9489332314955993 0.5521799028579651
0.4931084632559588 0.9465135220383334 0.447565741685586
0.4444030978737253 0.9581506469697428 0.5296772507992323
0.4781775735755959 0.925946586054577 0.5261585925581101
0.5756521303703287 0.9228060753708081 0.5608504105379589
2 58 0 18
1622
1623
1624
1625
1626
1627
1628
1629
1630
1631
1632
1633
1634
1635
1636
1637
1638
1639
0.9485228135619123 0.7100562860361902 0.4406649153893911
0.9502754594280973 0.7168576247221092 0.2690305584801225
0.9487323943532108 0.8266126267450664 0.3306051019348079
0.9516914924434796 0.8064356406188103 0.4222666487241266
0.9467940940169178 0.655191501005902 0.3398464327186015
0.9607388632187508 0.7610916833619719 0.2584374291092889
0.925329859644213 0.7590164214885886 0.3037891748264834
0.9586060309113584 0.8042162140860939 0.281040801065347
0.9214998722622502 0.7873270219807551 0.366639434866152
0.9148071841980721 0.7168394179368541 0.3538638398912801
0.9227265315895559 0.745382576317679 0.4070101979031332
0.9346913760786945 0.6804627391180698 0.3963447529504989
0.9602617060209877 0.6707378579811318 0.2856174565335562
0.9619278410726624 0.7666073365537212 0.4550010168445061
0.9581191225606845 0.8365140333947133 0.3802150518475947
0.9647466580731625 0.6416743706282628 0.3861028235289515
0.9298958344998249 0.6994629529175971 0.3073471087111179
0.9669772301745315 0.6655390657770565 0.4301029120986045
2 59 0 20
1640
1641
1642
1643
1644
1645
1646
1647
1648
1649
1650
1651
1652
1653
1654
1655
1656
1657
1658
1659
0.9502175477480709 0.6696327935421975 0.8565119567751092
0.9502328685037471 0.6016628408949103 0.7390887963591374
0.9501328393485898 0.7623338776258772 0.69582292580324
0.9502184974977907 0.7894771201212843 0.7781063784087138
0.951021377798055 0.6692621945125874 0.670435117991374
0.9620358357471189 0.619021928852361 0.6921538002866653
0.9212908116786849 0.6510594620846777 0.7163026313093219
0.913604683476489 0.6450983528996761 0.7717067724875056
0.9039768895264246 0.7008067439878763 0.7478474069442721
0.9124279769509648 0.704479933253957 0.810051497051429
0.9449599052632827 0.7228293448343041 0.8510498246233633
0.94865494094141 0.6049407592082948 0.7949043031629979
0.9174219512783058 0.7497075053706211 0.7805794261141425
0.9585513202581711 0.7136273999706223 0.6636636190287719
0.9267634905591836 0.7183453777716533 0.6954707702452909
0.9601963567711593 0.792840109247764 0.7333581652624568
0.9223480098739502 0.7540739645058422 0.7353633791972334
0.9591969675452439 0.6248175188031513 0.8386240690973252
0.9252697392771873 0.6516358004138034 0.8194084444484628
0.947671524647526 0.7674950524181792 0.8230495047242303
2 60 0 20
1660
1661
1662
1663
1664
1665
1666
1667
1668
1669
1670
1671
1672
1673
1674
1675
1676
1677
1678
1679
0.9476007650805857 0.1937616739142321 0.7361040150657111
0.9479682048306062 0.1218671682969122 0.6128033106876054
0.9475058848995426 0.2913359479899275 0.5669819077836631
0.9423936431983367 0.3161016653779911 0.6503182182528238
0.9484374937252498 0.1933708842795029 0.5402582678276395
0.9600611576065641 0.1404500429477049 0.5631252485733598
0.9175657819227246 0.1736383687055964 0.5882160193059178
0.9108446513708894 0.1641012965153043 0.6462399925159991
0.8986012865816777 0.2258778383945889 0.6243756289259637
0.906947175636767 0.2236882257035953 0.6859947698742138
0.954499203960395 0.2584178516844237 0.7372524535843217
0.90891296478779 0.2698621417866702 0.6540217467866936
0.9498803425059195 0.1231203723060473 0.6730023323143993
0.9563730125843934 0.2400773044589 0.533119439028571
0.9229241633993087 0.2450285621442135 0.5666116141636759
0.9171795478844582 0.2812278080032763 0.6096574203552387
0.9554154566824417 0.3207781266876819 0.603795196059583
0.9259993698681835 0.1657440563566472 0.6973804038140446
0.938422670951528 0.2924079292275105 0.6973139493647382
0.9612759118163289 0.1410262031867429 0.7154153666025818
3 1 0 255
1680
1681
1682
1683
1684
1685
1686
1687
1688
1689
1690
1691
1692
1693
1694
1695
1696
1697
1698
1699
1700
1701
1702
1703
1704
1705
1706
1707
1708
1709
1710
1711
1712
1713
1714
1715
1716
1717
1718
1719
1720
1721
1722
1723
1724
1725
1726
1727
1728
1729
1730
1731
1732
1733
1734
1735
1736
1737
1738
1739
1740
1741
1742
1743
1744
1745
1746
1747
1748
1749
1750
1751
1752
1753
1754
1755
1756
1757
1758
1759
1760
1761
1762
1763
1764
1765
1766
1767
1768
1769
1770
1771
1772
1773
1774
1775
1776
1777
1778
1779
1780
1781
1782
1783
1784
1785
1786
1787
1788
1789
1790
1791
1792
1793
1794
1795
1796
1797
1798
1799
1800
1801
1802
1803
1804
1805
1806
1807
1808
1809
1810
1811
1812
1813
1814
1815
1816
1817
1818
1819
1820
1821
1822
1823
1824
1825
1826
1827
1828
1829
1830
1831
1832
1833
1834
1835
1836
1837
1838
1839
1840
1841
1842
1843
1844
1845
1846
1847
1848
1849
1850
1851
1852
1853
1854
1855
1856
1857
1858
1859
1860
1861
1862
1863
1864
1865
1866
1867
1868
1869
1870
1871
1872
1873
1874
1875
1876
1877
1878
1879
1880
1881
1882
1883
1884
1885
1886
1887
1888
1889
1890
1891
1892
1893
1894
1895
1896
1897
1898
1899
1900
1901
1902
1903
1904
1905
1906
1907
1908
1909
1910
1911
1912
1913
1914
1915
1916
1917
1918
1919
1920
1921
1922
1923
1924
1925
1926
1927
1928
1929
1930
1931
1932
1933
1934
0.09954987687559083 0.4098546636830006 0.5904404905863104
0.1480561336574629 0.5160308405200386 0.6581463894593308
0.1782802445195703 0.126369189376195 0.2055073205885252
0.2401526667811707 0.1656494246118804 0.1162472451357446
0.1253321431093271 0.9064504613096502 0.8793593507504998
0.2019534567501439 0.8140556633068183 0.7948538851341281
0.1356344957002672 0.9126678929794279 0.7190155533854619
0.8064839071082959 0.4919145890117017 0.0972083055321102
0.8965004412390352 0.6097781814737827 0.1348147910036867
0.1858751222997241 0.5562323505094323 0.1076719749337215
0.08474878926212513 0.4962523500632005 0.2251634288395987
0.1603823100157586 0.6372124717919906 0.2738594431706202
0.1925662817466076 0.324667394937084 0.2989399825415697
0.2786798471548108 0.4752248308810692 0.2286516869340317
0.352180157327068 0.358336573287669 0.2860968741101524
0.6186756961559655 0.5024783670907431 0.08191164975430563
0.6052500136068449 0.6732385645812394 0.08216890316405309
0.1559935376931083 0.285931769910814 0.5196245335860195
0.2405496156205054 0.4080942296196671 0.5522776307093969
0.1831670933207268 0.2679256240770753 0.6259454601176635
0.3256612888806788 0.5506955922017329 0.08277166445890979
0.2044923486698 0.3072100684506862 0.8882343617186753
0.1740513928661953 0.3641514944776226 0.7546508976514372
0.09729879593795052 0.5769693005422734 0.8748258119250256
0.09008552295516892 0.2395424160702204 0.1203280567741486
0.180670212352435 0.2673587385108714 0.1859931512586078
0.1451355147580252 0.3774185394743231 0.1485629747406063
0.2587364150460297 0.7468914552497229 0.8918028351676197
0.396574906517192 0.7071341908188686 0.8466562107678886
0.3917469764260857 0.8668125788396457 0.8704347052219403
0.09364363914307061 0.8266572935287686 0.5546168452521012
0.921915730427353 0.8603462865701499 0.6743216565775971
0.8289180148482105 0.8881944771429591 0.878848401872276
0.5913571000392525 0.3315933966589387 0.3690523265281542
0.542242239632144 0.4346622056188742 0.1755638040654597
0.477566284072636 0.3443222476864324 0.2454656372523694
0.5608312411743641 0.5223139134603427 0.3510466630521923
0.3990026124500201 0.4539365811916575 0.1641364591392684
0.9055447914117776 0.846889882856643 0.1325069719818609
0.4736817840970414 0.8313931771879727 0.1079315952096267
0.6582730330802631 0.5185698803628453 0.1925199631741057
0.6452837812148959 0.6998218696493979 0.1924736304483951
0.6508353627528831 0.831249323826759 0.24503870674855
0.6272859928353095 0.8995435512733125 0.3896087499908508
0.5541407217374843 0.7635599947297297 0.2603115587419754
0.09691385316237401 0.1061735292437648 0.883123317734572
0.3659641359288164 0.1479959827739454 0.8512261993337193
0.3059049114757958 0.1038310207682943 0.7636506077733642
0.5647484499601603 0.9075206928198281 0.7030042231823317
0.8024495991173809 0.272724150099232 0.1035345230204469
0.202569845166457 0.6737358020098604 0.1066143579142261
0.1783200010569144 0.7837956324064455 0.147401011667725
0.2510967362296851 0.4706243627578766 0.08600648586125992
0.8381177347663583 0.6789113113665912 0.6950638403866184
0.7801922101299721 0.5971139645903315 0.7973633038853828
0.8668360070570704 0.5091432804890652 0.75416209526158
0.905923317290775 0.8706854836376977 0.4404010719574351
0.8777263391119272 0.7454325156947743 0.4754129347223339
0.8612593139573381 0.6042286296128265 0.3507428080750319
0.8578454655670041 0.6276934395861673 0.4830335232567128
0.7883741933391657 0.4313157471755414 0.5460126547100804
0.72110006436828 0.329791262407135 0.5164349878624735
0.8850456820601408 0.3553345631565463 0.6108860880886789
0.6755210990139107 0.8593553410223107 0.4921845808818147
0.6688258619194426 0.7442747879972986 0.525863060895819
0.5936375328524047 0.6905310616417223 0.4268696364532603
0.8204778635436166 0.9138682080459127 0.4822634744822809
0.773492685547029 0.8043037376264344 0.4814317172613926
0.8966456205557876 0.7579893303302517 0.9122171414597218
0.8779027609270618 0.8879110789914746 0.7637795242647603
0.7892201318532276 0.8601366303073139 0.104470938777122
0.6153815854875813 0.8470925397525036 0.5897710255341814
0.4771700884353622 0.5277573768900647 0.2141240572390569
0.1848423970615384 0.8987198002927576 0.1149097858376013
0.1113922535817 0.22285644284153 0.377255633984104
0.1521903154128222 0.1106676594163396 0.4734317676064514
0.2076612791915546 0.1025277176217553 0.6036838814823992
0.737591106592312 0.1943609551272854 0.3858673724968102
0.8773230370718014 0.1146577393531659 0.4776407291136124
0.8017493935174089 0.1365843053032774 0.2591846803659577
0.6637552872146485 0.1068873558505577 0.2271112798484492
0.680260492979827 0.2961700980628625 0.4227524821742796
0.6787688081715948 0.4035637437177347 0.3692529677201054
0.6017018674380483 0.4437398522702368 0.4475089760847396
0.4896337842455204 0.3719143763501553 0.5953933252551586
0.3649241369406101 0.4336544178369134 0.6545602374787147
0.6710031227910552 0.4083479261996362 0.1483738830929398
0.2865002525541901 0.5130822063006593 0.3472421690409244
0.270406327835723 0.4113174732338811 0.3982371370410283
0.4401029579087247 0.4600406123650622 0.3123493706835354
0.9130949730337278 0.6817379966755015 0.5988951119088807
0.4092443935047425 0.8828023220823111 0.2820933307249951
0.5263927915055454 0.8919738606033121 0.2158528798270231
0.3829239112826801 0.8926274456179905 0.147451217612762
0.8744845375544306 0.2357123695027799 0.2462518330449255
0.7507592638573892 0.1226974169820498 0.1331341873870754
0.8789509389918975 0.09822882103947368 0.09796110455743176
0.5071525318479122 0.1238062728393386 0.8626680667981264
0.4647741970232147 0.4130895237333798 0.86545736299667
0.7160034853594136 0.1654559123759613 0.8983107982084166
0.8841907450802353 0.182917529544017 0.3474745737768959
0.0934843439590432 0.1872966859433998 0.2625132440085231
0.2574408966193909 0.2118344463935613 0.2749602075530108
0.2855546196712897 0.7974560689237776 0.08919457576802579
0.1026500906051159 0.4730730410488627 0.112859192062662
0.6920758300095177 0.7927853459338789 0.08811111338676209
0.7589595509468334 0.733051984662435 0.1635029836023043
0.7699010595133613 0.4979071056804456 0.4235725105146885
0.9192390328228889 0.4750071878828306 0.49728115313817
0.6810953667519251 0.2740832179369825 0.5935157302496157
0.7959242861918946 0.1919537804734906 0.7208751504553501
0.7677038561776696 0.6898919122925056 0.5394420068899263
0.6747884330049935 0.6882756634483435 0.6239665032071644
0.379396739085283 0.2322367632392502 0.2369603595463237
0.3330777687297301 0.1310762313873851 0.3362095092874032
0.404107307765117 0.1108921786898905 0.2371485295797361
0.3689162025157904 0.7688154385026023 0.524773644548556
0.2648610273794166 0.8968656332242002 0.6897523828196747
0.3973203441795484 0.8239125393266322 0.7210706207001936
0.3133268108455016 0.7464470583761377 0.7741246057807791
0.9010384451710444 0.5859938807375961 0.6579040200269213
0.839801097200132 0.4519799161066017 0.642806813100101
0.8817865253334345 0.3283138840789871 0.1679440884366437
0.6677259243950477 0.230614794859648 0.1028429541714758
0.7674020536404281 0.3660123349032508 0.1863154038942975
0.5628506369440435 0.09553435406417379 0.1133533577506372
0.4359108467959291 0.254065352862294 0.8740657719605919
0.3495087885500958 0.4175539843052182 0.8928072727677681
0.8672746356458148 0.3528658754506949 0.9019516393247543
0.8849612878816076 0.5224591249677942 0.8901009557623443
0.8818421443069023 0.2305219740180092 0.8636714021298405
0.1309584768350159 0.3674680095085471 0.422439168258506
0.09872767642779889 0.6263536258413197 0.4184426767148167
0.1771603629417529 0.4778995903582463 0.4831682075658628
0.343058837046808 0.2451215652285729 0.3719212397016107
0.3473327452243685 0.6750826817174722 0.3226231969872794
0.301128437465485 0.7392270799021532 0.4115540370103844
0.2230573644534455 0.8060798914091361 0.3165402134816048
0.2210520325283863 0.6177953869628792 0.3768469801593681
0.5272193268771544 0.4647253431524386 0.5570343514315942
0.4886747701536938 0.5511175878407509 0.6602492803712695
0.6945978660283165 0.6154556324190352 0.4562483421314847
0.6625568886699233 0.6171133563799349 0.3086197038064673
0.2690238813002563 0.3324898239425684 0.6549676010070574
0.3161389347748984 0.3815623525684858 0.7524958833845652
0.2470599084655672 0.2639981091189654 0.7430660024214676
0.1075482763071668 0.2350167869945965 0.7695935541507593
0.2884929141951104 0.2267318388407317 0.8676898900781458
0.5198418281302764 0.5487909406200328 0.1097337941260198
0.5595833437612339 0.3522900932490384 0.08939250536083329
0.1777035145269987 0.605986416426989 0.5621547673115644
0.1088539179969409 0.6409681450232596 0.6829659695761894
0.2239987325950285 0.6335789210650881 0.789036181930407
0.1009929659545988 0.7558365228467374 0.7331096212453792
0.9117551902307814 0.09891815949189606 0.7641285360258459
0.1031351969790841 0.7656901095396556 0.8901976617169589
0.3739709736493337 0.1500140957436468 0.131627767540088
0.1042192988758801 0.9158209370816965 0.3206863153704702
0.1222732661229189 0.8008412953644923 0.2456177952431602
0.2890284428261719 0.08844612315315284 0.4278121901037004
0.4767800828352627 0.6908686883583161 0.4943126751954509
0.5153932857209054 0.5837993131946438 0.4407632420071121
0.4574154434102125 0.7148292423634066 0.3159316571834689
0.3744302755815793 0.9052846285129297 0.4923192619906563
0.2966412097025187 0.8166355513216303 0.6104573708738712
0.4044870828964042 0.9024305861134652 0.6016270390464681
0.2966008609334543 0.6238277370587765 0.6120927547105803
0.3683050388987676 0.5343394333051923 0.6973467262876734
0.7318173589972292 0.2204846196331768 0.2172020179772378
0.8320702922791693 0.7712258722039813 0.8250505488875304
0.6674868017052348 0.7826582976357703 0.8732215016384847
0.7048947828054526 0.8952330098505695 0.7980863492791419
0.8120789891187223 0.338722514316063 0.714278126850989
0.1992988238663713 0.1501778205790993 0.3586221764062297
0.1018101698472021 0.0996073621698545 0.3542915816933216
0.1247553824981193 0.7333983843228726 0.3598646282500537
0.1296469988690228 0.8395393374957464 0.4054798825157546
0.3828781863966203 0.2959343515034729 0.1432125261322691
0.7749998082635151 0.1125244310632064 0.5910996945784541
0.3736941095765838 0.597097018015323 0.8791119044945196
0.5294980275074512 0.888599122333382 0.9121263502316157
0.5790859980864234 0.2332987604828562 0.8017591286246427
0.6254723870861542 0.09853332666015675 0.855609496974691
0.6357249099219885 0.561541316047509 0.6389038969456236
0.6430202526035637 0.5169618584315963 0.5388197946267489
0.2729156809351617 0.8852051197640203 0.8837198723601558
0.5951170955311071 0.83389741036781 0.7922315295911482
0.4139529316473572 0.6340858291779452 0.7351554691482824
0.6187914293532578 0.608038766314044 0.756237724007659
0.4918162334519117 0.5572484116671592 0.8135286490859849
0.4829262515311677 0.7537518435756277 0.7942637817060432
0.533272397881329 0.5153234472077122 0.9180772822225304
0.3457588111708691 0.3370677988263838 0.5728618113608289
0.2094427449223301 0.7241990840798438 0.6755071929822167
0.1509885207747061 0.5014514389870112 0.3297896155219294
0.3394094238293786 0.5777176613868966 0.2613423183541458
0.2353750302371381 0.6755016923871597 0.2175942029658736
0.5844537005796288 0.4492870161013724 0.8572223449921136
0.3676247804594405 0.583542989176014 0.3608682848320705
0.7896668703316965 0.2445230692591338 0.5561149806620586
0.9062629157733405 0.5082242512141681 0.3256743502681607
0.5419518894593451 0.6514603095377086 0.2420146132606631
0.8920395487078969 0.6363509115882121 0.2507331047622566
0.5773596244822977 0.247425643959508 0.1745865380219656
0.8317894900303613 0.1127065804693257 0.8473842393428244
0.5656524199834075 0.7941403633728664 0.134810299258347
0.5405701385389138 0.2963572604111542 0.6536942998147897
0.6105228246444012 0.3414240409743691 0.5639978553970149
0.4747181535695782 0.4576019861904171 0.724468564427171
0.5082243582534596 0.7882795538475458 0.411539624336129
0.5302775989851107 0.2825387942933294 0.8839111530938846
0.1923542436192411 0.1439889867115177 0.7320273478726882
0.2581166943913008 0.1059511652659207 0.8657859546918073
0.6369902301676644 0.3415368208999985 0.225515097532691
0.6548021634201948 0.5403667626973518 0.8570567704051937
0.738825276962765 0.4505067602190221 0.8887855583848031
0.7699580996341895 0.3386218791763427 0.838989452392364
0.6688209216219854 0.3143848027304741 0.8849817278359096
0.6692523050931036 0.1093006486655077 0.7543553570144719
0.676313670929328 0.2607265271636129 0.7451236381819931
0.76406752698351 0.7175487034766297 0.7596552576371349
0.2892752186355908 0.8860900254740072 0.4150237594124621
0.539340759207714 0.361272497294058 0.8185969582026442
0.6501799735893248 0.8962340298501125 0.1529615332157497
0.7793941010249792 0.6289348839405575 0.2099510413935971
0.875620622057394 0.5145670982063446 0.2091863391641761
0.8257378905035235 0.7297247028238245 0.2527212294036282
0.09893996611808088 0.886541515072621 0.1865171647124145
0.4077381130287672 0.09173307582343637 0.6579679466676954
0.2627171129352617 0.2457894392962889 0.4878782312902484
0.3358837611007279 0.7908813530376877 0.303637814712087
0.1738566948842278 0.7286035143478156 0.5081176716581989
0.6687771063389681 0.1003507576200766 0.5312201805555276
0.5501384231866685 0.1155753020660757 0.4976273013794312
0.4813941118018953 0.1720909174959888 0.6001047328523824
0.6179446075067883 0.1803103369992612 0.6402473154985108
0.8590058994202489 0.663005938371289 0.8518980493047104
0.3901885029576966 0.1936473020860955 0.5629316168898484
0.3306771821549621 0.09603964312183469 0.5407256347801391
0.4616579966836131 0.2364249383555445 0.4870819772521425
0.4352057548879444 0.09443326202528769 0.3929971828670221
0.6290185302589952 0.2153466552985858 0.4889025898373359
0.7545160113765059 0.4502308135103426 0.295297251547336
0.6523393001642658 0.7168213061892905 0.7429645044068862
0.4893877209075483 0.3817150988827963 0.3977144515972487
0.7050629607570222 0.7190908108585166 0.3978657330173709
0.2789284192288522 0.8370722157009149 0.2031155265041379
0.6899081895256705 0.2817617399152135 0.3085430410749612
0.4847485729947277 0.8378648213920935 0.5313655267495804
0.3034624467225125 0.5210669053961218 0.8052110501063621
0.5487637356396039 0.6576875474217402 0.8661447986887723
0.7476679026078606 0.5333985431082013 0.6937877270185751
0.8005999680859701 0.5747522019210163 0.5971545520828734
0.891449827251678 0.2142881853267248 0.4837510518133856
0.4844181634502389 0.2602827616244898 0.1414472762948052
$EndNodes
$Elements
37 9904 1 9904
2 25 2 58
1 434 449 2 
2 445 449 434 
3 54 434 2 
4 431 434 54 
5 440 448 447 
6 429 448 440 
7 435 444 437 
8 427 444 435 
9 430 435 433 
10 57 430 56 
11 436 438 434 
12 430 433 432 
13 442 445 443 
14 442 443 441 
15 433 436 434 
16 440 442 441 
17 441 444 439 
18 435 437 436 
19 445 450 443 
20 440 441 439 
21 433 434 431 
22 56 432 55 
23 435 436 433 
24 438 450 445 
25 437 451 443 
26 430 432 56 
27 443 450 437 
28 439 444 1 
29 447 448 428 
30 54 428 55 
31 429 440 439 
32 55 432 431 
33 432 433 431 
34 55 431 54 
35 56 429 57 
36 54 449 428 
37 440 447 442 
38 57 439 1 
39 437 450 436 
40 429 439 57 
41 2 449 54 
42 436 450 438 
43 442 446 445 
44 427 435 430 
45 443 451 441 
46 428 448 55 
47 441 451 444 
48 55 448 56 
49 446 447 428 
50 428 449 446 
51 442 447 446 
52 427 430 57 
53 1 427 57 
54 56 448 429 
55 444 451 437 
56 446 449 445 
57 1 444 427 
58 438 445 434 
2 26 2 42
59 4 466 58 
60 464 467 453 
61 58 466 453 
62 453 466 464 
63 452 465 458 
64 456 467 464 
65 465 469 463 
66 461 465 463 
67 452 458 457 
68 58 459 4 
69 455 459 58 
70 59 457 455 
71 452 469 465 
72 458 465 460 
73 3 457 60 
74 456 469 3 
75 60 457 59 
76 468 469 456 
77 457 458 455 
78 3 469 452 
79 464 468 456 
80 458 459 455 
81 460 465 461 
82 463 464 462 
83 461 463 462 
84 58 453 59 
85 59 455 58 
86 60 456 3 
87 464 466 462 
88 461 462 454 
89 462 466 454 
90 454 466 4 
91 59 467 60 
92 453 467 59 
93 458 460 459 
94 460 461 454 
95 4 459 454 
96 60 467 456 
97 463 468 464 
98 459 460 454 
99 463 469 468 
100 452 457 3 
2 27 2 56
101 6 471 470 
102 470 61 6 
103 472 474 473 
104 475 5 476 
105 477 473 478 
106 472 473 479 
107 478 473 480 
108 481 483 482 
109 484 5 475 
110 485 483 481 
111 481 486 485 
112 486 481 471 
113 485 486 487 
114 477 489 488 
115 477 488 479 
116 490 484 488 
117 488 484 479 
118 491 63 490 
119 483 485 476 
120 470 471 481 
121 63 491 62 
122 486 471 480 
123 488 491 490 
124 492 491 489 
125 491 488 489 
126 491 492 62 
127 63 476 5 
128 492 61 62 
129 483 63 62 
130 487 484 475 
131 483 62 482 
132 484 490 5 
133 61 470 482 
134 62 61 482 
135 476 485 475 
136 485 487 475 
137 490 63 5 
138 477 493 489 
139 480 473 474 
140 479 473 477 
141 487 472 484 
142 478 480 471 
143 472 487 474 
144 483 476 63 
145 492 489 493 
146 472 479 484 
147 477 478 493 
148 474 486 480 
149 486 474 487 
150 492 493 61 
151 6 494 478 
152 493 494 61 
153 6 478 471 
154 481 482 470 
155 494 6 61 
156 494 493 478 
2 28 2 60
157 503 512 504 
158 504 512 506 
159 64 502 8 
160 515 516 513 
161 499 502 64 
162 8 519 64 
163 496 516 515 
164 498 503 501 
165 497 515 513 
166 67 498 66 
167 64 519 496 
168 8 520 519 
169 498 501 500 
170 504 505 502 
171 501 504 502 
172 503 504 501 
173 504 506 505 
174 502 520 8 
175 506 507 505 
176 508 509 507 
177 509 516 511 
178 506 512 508 
179 509 511 507 
180 506 508 507 
181 508 510 509 
182 495 512 503 
183 511 520 507 
184 66 500 65 
185 513 516 509 
186 519 520 511 
187 501 502 499 
188 510 513 509 
189 498 500 66 
190 508 518 510 
191 64 496 65 
192 65 500 499 
193 500 501 499 
194 65 499 64 
195 66 497 67 
196 505 520 502 
197 497 514 67 
198 67 514 7 
199 513 517 497 
200 496 515 65 
201 495 503 498 
202 512 518 508 
203 507 520 505 
204 65 515 66 
205 495 518 512 
206 510 518 514 
207 510 517 513 
208 514 518 7 
209 495 498 67 
210 7 518 495 
211 7 495 67 
212 66 515 497 
213 497 517 514 
214 496 519 516 
215 516 519 511 
216 514 517 510 
2 29 2 60
217 524 531 530 
218 530 543 524 
219 536 543 534 
220 539 543 536 
221 10 539 522 
222 530 531 523 
223 541 545 527 
224 521 540 535 
225 9 540 521 
226 9 529 71 
227 544 546 542 
228 68 525 69 
229 524 539 10 
230 521 535 533 
231 71 529 70 
232 525 526 69 
233 70 529 523 
234 69 526 70 
235 527 544 541 
236 527 546 544 
237 534 543 530 
238 537 538 536 
239 535 540 537 
240 538 539 536 
241 529 530 523 
242 535 537 536 
243 528 545 541 
244 535 536 534 
245 533 535 534 
246 537 544 538 
247 528 541 540 
248 524 543 539 
249 525 527 526 
250 541 544 537 
251 540 541 537 
252 68 524 10 
253 71 528 9 
254 533 534 530 
255 525 546 527 
256 70 523 69 
257 539 542 522 
258 528 540 9 
259 529 533 530 
260 538 542 539 
261 538 544 542 
262 526 532 70 
263 527 545 526 
264 69 531 68 
265 70 532 71 
266 522 525 68 
267 10 522 68 
268 542 546 522 
269 68 531 524 
270 71 532 528 
271 521 533 529 
272 523 531 69 
273 526 545 532 
274 532 545 528 
275 522 546 525 
276 521 529 9 
2 30 2 60
277 72 548 12 
278 557 560 11 
279 563 570 566 
280 557 561 560 
281 563 566 565 
282 548 552 12 
283 549 553 551 
284 562 564 552 
285 549 551 550 
286 11 560 554 
287 552 564 12 
288 566 570 561 
289 552 571 562 
290 561 567 566 
291 553 571 551 
292 75 549 74 
293 567 572 566 
294 549 550 74 
295 558 571 553 
296 73 550 548 
297 563 565 564 
298 74 550 73 
299 559 570 563 
300 560 570 559 
301 563 564 562 
302 554 560 559 
303 559 562 558 
304 559 563 562 
305 554 559 558 
306 551 552 548 
307 554 558 553 
308 562 571 558 
309 550 551 548 
310 547 554 553 
311 73 548 72 
312 73 555 74 
313 12 556 72 
314 75 557 11 
315 557 567 561 
316 561 570 560 
317 11 554 547 
318 73 568 555 
319 547 553 549 
320 555 572 567 
321 551 571 552 
322 567 569 555 
323 72 568 73 
324 547 549 75 
325 566 572 556 
326 568 572 555 
327 74 569 75 
328 565 566 556 
329 11 547 75 
330 555 569 74 
331 75 569 557 
332 557 569 567 
333 12 565 556 
334 556 568 72 
335 556 572 568 
336 564 565 12 
2 31 2 46
337 14 591 574 
338 589 590 575 
339 576 589 575 
340 585 592 574 
341 584 587 582 
342 581 588 78 
343 574 591 585 
344 578 581 77 
345 586 592 585 
346 583 588 581 
347 78 588 13 
348 579 584 582 
349 78 575 77 
350 76 578 77 
351 577 590 589 
352 582 587 586 
353 586 587 583 
354 575 590 77 
355 578 583 581 
356 77 581 78 
357 580 591 589 
358 582 586 585 
359 582 585 580 
360 579 582 580 
361 587 588 583 
362 579 580 576 
363 573 579 576 
364 578 592 583 
365 76 577 14 
366 77 590 76 
367 573 576 575 
368 585 591 580 
369 580 589 576 
370 76 590 577 
371 583 592 586 
372 574 578 76 
373 573 575 78 
374 584 588 587 
375 577 591 14 
376 589 591 577 
377 574 592 578 
378 14 574 76 
379 13 573 78 
380 573 584 579 
381 13 588 584 
382 13 584 573 
2 32 2 82
383 593 595 594 
384 593 594 596 
385 597 599 598 
386 600 595 601 
387 602 604 603 
388 599 16 598 
389 605 606 600 
390 607 608 596 
391 602 603 609 
392 80 605 600 
393 610 612 611 
394 601 595 593 
395 613 615 614 
396 612 15 611 
397 81 613 614 
398 607 616 609 
399 80 600 79 
400 600 601 79 
401 614 604 617 
402 81 614 82 
403 599 618 79 
404 618 80 79 
405 612 619 82 
406 619 81 82 
407 617 604 602 
408 614 617 82 
409 617 602 620 
410 620 602 621 
411 622 607 603 
412 601 593 623 
413 607 624 616 
414 625 624 594 
415 605 81 619 
416 80 613 81 
417 79 16 599 
418 82 15 612 
419 624 625 616 
420 594 595 625 
421 594 607 596 
422 626 597 627 
423 626 604 615 
424 604 626 627 
425 603 607 609 
426 597 626 615 
427 628 610 625 
428 628 595 606 
429 606 605 619 
430 595 628 625 
431 610 628 606 
432 603 604 627 
433 624 607 594 
434 607 622 608 
435 596 608 598 
436 597 608 627 
437 608 597 598 
438 595 600 606 
439 609 616 611 
440 81 605 80 
441 610 619 612 
442 604 614 615 
443 619 610 606 
444 610 616 625 
445 616 610 611 
446 618 597 615 
447 597 618 599 
448 615 613 618 
449 16 629 598 
450 596 629 593 
451 629 596 598 
452 613 80 618 
453 15 621 611 
454 609 621 602 
455 621 609 611 
456 627 622 603 
457 623 593 629 
458 622 627 608 
459 15 620 621 
460 617 620 82 
461 623 16 79 
462 620 15 82 
463 601 623 79 
464 16 623 629 
2 33 2 60
465 630 631 18 
466 630 18 632 
467 633 634 17 
468 633 17 635 
469 636 637 633 
470 637 638 633 
471 638 637 639 
472 640 641 630 
473 642 632 643 
474 642 643 644 
475 632 645 643 
476 643 645 637 
477 646 635 647 
478 646 647 644 
479 635 648 647 
480 647 648 641 
481 649 639 650 
482 641 651 630 
483 652 641 653 
484 651 641 652 
485 649 650 84 
486 648 85 653 
487 639 637 654 
488 655 652 656 
489 85 648 17 
490 645 83 654 
491 83 645 18 
492 653 641 648 
493 655 656 84 
494 644 647 640 
495 647 641 640 
496 644 643 636 
497 643 637 636 
498 633 638 634 
499 638 85 634 
500 650 654 83 
501 630 651 631 
502 654 650 639 
503 84 650 83 
504 651 83 631 
505 656 653 85 
506 654 637 645 
507 653 656 652 
508 84 656 85 
509 649 85 638 
510 18 645 632 
511 639 649 638 
512 85 649 84 
513 655 83 651 
514 17 648 635 
515 652 655 651 
516 83 655 84 
517 631 83 18 
518 642 644 640 
519 633 646 636 
520 646 633 635 
521 634 85 17 
522 642 630 632 
523 646 644 636 
524 630 642 640 
2 34 2 342
525 660 722 729 
526 713 663 777 
527 714 670 715 
528 714 715 725 
529 683 149 702 
530 157 679 685 
531 663 731 777 
532 710 668 713 
533 712 687 718 
534 712 718 760 
535 668 710 720 
536 744 704 778 
537 755 748 762 
538 660 729 730 
539 696 726 744 
540 704 744 771 
541 663 713 751 
542 131 737 763 
543 698 711 742 
544 684 683 717 
545 716 658 735 
546 686 696 744 
547 687 678 718 
548 690 755 762 
549 685 679 691 
550 711 698 750 
551 683 702 741 
552 722 660 738 
553 718 678 754 
554 104 105 738 
555 684 717 759 
556 717 683 741 
557 748 697 762 
558 666 744 778 
559 130 131 763 
560 661 723 747 
561 736 664 753 
562 733 693 734 
563 714 664 756 
564 111 719 727 
565 148 149 683 
566 735 658 736 
567 664 736 761 
568 156 157 685 
569 717 745 759 
570 726 696 732 
571 694 706 758 
572 664 714 753 
573 122 754 756 
574 671 763 771 
575 699 671 771 
576 112 111 727 
577 674 726 732 
578 758 706 781 
579 721 669 723 
580 675 695 725 
581 732 696 733 
582 658 716 752 
583 660 104 738 
584 105 669 738 
585 723 661 779 
586 719 110 755 
587 713 668 751 
588 665 667 698 
589 719 26 727 
590 690 143 719 
591 665 141 667 
592 144 694 727 
593 682 733 734 
594 690 719 755 
595 697 724 762 
596 111 110 719 
597 682 732 733 
598 146 709 737 
599 673 675 725 
600 693 731 770 
601 667 142 762 
602 685 691 693 
603 707 714 756 
604 142 690 762 
605 691 679 710 
606 669 721 738 
607 729 728 734 
608 715 673 725 
609 754 707 756 
610 737 709 763 
611 678 707 754 
612 728 682 734 
613 674 672 726 
614 705 712 782 
615 731 693 777 
616 693 733 780 
617 698 724 750 
618 705 782 783 
619 659 673 715 
620 663 730 731 
621 695 735 736 
622 775 702 776 
623 702 703 776 
624 723 669 739 
625 730 729 770 
626 725 695 753 
627 698 667 724 
628 721 722 738 
629 741 702 775 
630 695 680 735 
631 723 739 747 
632 680 688 735 
633 731 730 770 
634 691 710 713 
635 721 689 722 
636 726 699 744 
637 688 716 735 
638 701 757 759 
639 676 674 732 
640 688 681 689 
641 708 721 723 
642 675 680 695 
643 675 676 680 
644 682 676 732 
645 681 682 728 
646 675 674 676 
647 688 689 708 
648 681 676 682 
649 708 689 721 
650 688 708 716 
651 680 681 688 
652 722 689 728 
653 705 687 712 
654 680 676 681 
655 673 674 675 
656 689 681 728 
657 722 728 729 
658 714 725 753 
659 707 670 714 
660 744 699 771 
661 678 670 707 
662 89 90 711 
663 94 95 717 
664 673 672 674 
665 124 123 664 
666 121 120 718 
667 126 125 658 
668 703 677 740 
669 105 106 669 
670 99 100 668 
671 101 102 663 
672 97 98 701 
673 103 104 660 
674 106 107 739 
675 128 127 661 
676 750 724 768 
677 672 699 726 
678 734 693 770 
679 86 87 697 
680 671 130 763 
681 669 106 739 
682 706 743 781 
683 95 96 745 
684 672 671 699 
685 665 698 742 
686 659 672 673 
687 742 711 774 
688 94 717 741 
689 668 720 757 
690 743 114 781 
691 757 720 759 
692 700 742 774 
693 677 700 774 
694 724 697 768 
695 25 749 778 
696 711 90 740 
697 93 94 741 
698 703 740 776 
699 709 147 771 
700 90 91 740 
701 147 704 771 
702 89 711 750 
703 704 25 778 
704 128 661 747 
705 122 121 754 
706 126 658 752 
707 743 24 746 
708 706 134 743 
709 661 127 752 
710 123 122 756 
711 138 670 678 
712 23 659 715 
713 668 100 751 
714 101 663 751 
715 686 657 696 
716 670 139 715 
717 135 705 746 
718 749 140 773 
719 137 678 687 
720 727 694 758 
721 109 108 748 
722 136 687 705 
723 717 95 745 
724 140 665 773 
725 736 658 761 
726 129 128 747 
727 706 694 772 
728 99 668 757 
729 701 98 757 
730 708 723 779 
731 730 663 784 
732 660 730 784 
733 684 720 769 
734 88 89 750 
735 718 120 760 
736 124 664 761 
737 658 125 761 
738 19 97 764 
739 96 19 764 
740 695 736 753 
741 20 86 765 
742 108 20 765 
743 720 710 769 
744 22 118 766 
745 119 22 766 
746 710 679 769 
747 127 126 752 
748 100 101 751 
749 107 21 767 
750 21 129 767 
751 733 696 780 
752 697 87 768 
753 663 102 784 
754 103 660 784 
755 720 684 759 
756 693 691 777 
757 113 112 758 
758 115 743 746 
759 109 748 755 
760 666 686 744 
761 116 115 746 
762 763 709 771 
763 115 114 743 
764 685 693 780 
765 93 741 775 
766 110 109 755 
767 661 752 779 
768 121 718 754 
769 740 91 776 
770 98 99 757 
771 679 662 769 
772 112 727 758 
773 745 701 759 
774 659 671 672 
775 696 657 780 
776 28 692 700 
777 27 662 679 
778 664 123 756 
779 677 152 700 
780 153 666 692 
781 702 150 703 
782 666 154 686 
783 155 657 686 
784 151 677 703 
785 88 750 768 
786 132 133 772 
787 662 683 684 
788 729 734 770 
789 25 140 749 
790 141 142 667 
791 752 716 779 
792 26 144 727 
793 143 26 719 
794 142 143 690 
795 724 667 762 
796 140 141 665 
797 144 145 694 
798 120 119 760 
799 700 692 773 
800 146 147 709 
801 147 25 704 
802 125 124 761 
803 145 146 737 
804 24 135 746 
805 746 705 783 
806 133 134 706 
807 23 130 659 
808 138 139 670 
809 134 24 743 
810 137 138 678 
811 136 137 687 
812 139 23 715 
813 135 136 705 
814 133 706 772 
815 691 713 777 
816 659 130 671 
817 745 96 764 
818 87 88 768 
819 711 740 774 
820 716 708 779 
821 92 93 775 
822 742 700 773 
823 91 92 776 
824 145 737 772 
825 86 697 765 
826 694 145 772 
827 97 701 764 
828 114 113 781 
829 739 107 767 
830 118 117 782 
831 117 116 783 
832 665 742 773 
833 102 103 784 
834 92 775 776 
835 740 677 774 
836 27 148 662 
837 152 28 700 
838 157 27 679 
839 28 153 692 
840 782 117 783 
841 149 150 702 
842 154 155 686 
843 155 156 657 
844 150 151 703 
845 153 154 666 
846 151 152 677 
847 692 749 773 
848 662 684 769 
849 662 148 683 
850 113 758 781 
851 657 156 685 
852 701 745 764 
853 748 108 765 
854 129 747 767 
855 697 748 765 
856 692 666 778 
857 747 739 767 
858 737 132 772 
859 712 760 766 
860 116 746 783 
861 712 766 782 
862 760 119 766 
863 749 692 778 
864 766 118 782 
865 657 685 780 
866 131 132 737 
2 35 2 329
867 836 807 891 
868 807 786 891 
869 171 172 832 
870 858 823 886 
871 219 845 876 
872 823 830 886 
873 89 88 838 
874 793 803 841 
875 853 852 854 
876 88 834 838 
877 88 87 834 
878 839 790 852 
879 785 879 882 
880 839 850 855 
881 852 790 854 
882 803 785 882 
883 864 837 865 
884 837 808 865 
885 834 87 869 
886 790 839 855 
887 850 822 855 
888 807 836 884 
889 858 866 888 
890 185 184 851 
891 853 854 897 
892 171 832 847 
893 793 841 877 
894 794 813 851 
895 866 797 888 
896 854 820 897 
897 219 793 845 
898 864 799 873 
899 797 885 901 
900 794 851 880 
901 837 864 873 
902 31 191 804 
903 813 810 848 
904 832 172 849 
905 218 219 876 
906 217 218 870 
907 789 840 874 
908 848 810 871 
909 830 789 874 
910 184 821 851 
911 848 185 851 
912 815 843 872 
913 815 872 875 
914 822 850 868 
915 804 191 887 
916 819 817 883 
917 170 171 847 
918 878 819 883 
919 814 834 869 
920 858 857 866 
921 873 825 891 
922 888 797 901 
923 796 877 884 
924 207 208 899 
925 825 836 891 
926 847 862 867 
927 173 174 842 
928 824 844 861 
929 859 818 862 
930 850 788 868 
931 812 796 884 
932 841 803 882 
933 836 812 884 
934 846 821 860 
935 827 814 863 
936 877 835 884 
937 870 218 876 
938 813 848 851 
939 843 820 872 
940 885 833 901 
941 835 807 884 
942 173 842 849 
943 828 827 902 
944 806 789 823 
945 810 806 833 
946 841 835 877 
947 847 795 862 
948 805 853 897 
949 89 838 875 
950 902 827 903 
951 787 805 843 
952 785 801 802 
953 800 817 819 
954 832 795 847 
955 862 818 867 
956 170 847 867 
957 823 789 830 
958 802 801 809 
959 792 812 825 
960 800 840 870 
961 831 809 846 
962 816 809 831 
963 829 852 853 
964 786 808 837 
965 815 787 843 
966 802 809 816 
967 829 816 852 
968 824 859 900 
969 802 816 829 
970 820 843 897 
971 878 856 889 
972 792 825 844 
973 816 831 839 
974 839 831 850 
975 791 835 841 
976 816 839 852 
977 810 833 871 
978 840 800 874 
979 825 812 836 
980 791 807 835 
981 853 805 896 
982 844 824 881 
983 879 826 882 
984 881 824 900 
985 166 167 859 
986 163 164 799 
987 93 92 854 
988 92 91 820 
989 176 177 856 
990 178 179 857 
991 826 804 887 
992 94 93 790 
993 177 178 798 
994 182 181 788 
995 186 185 848 
996 189 188 797 
997 184 183 821 
998 165 166 824 
999 167 168 818 
1000 95 94 855 
1001 96 95 822 
1002 821 846 880 
1003 32 800 870 
1004 183 182 860 
1005 164 165 861 
1006 798 857 858 
1007 859 862 900 
1008 92 820 854 
1009 842 174 883 
1010 824 166 859 
1011 167 818 859 
1012 827 863 903 
1013 790 93 854 
1014 796 845 877 
1015 789 216 840 
1016 177 798 856 
1017 798 178 857 
1018 799 164 861 
1019 94 790 855 
1020 215 789 806 
1021 805 804 826 
1022 165 824 861 
1023 33 810 813 
1024 882 826 887 
1025 182 788 860 
1026 821 183 860 
1027 808 828 865 
1028 822 95 855 
1029 794 224 813 
1030 819 878 889 
1031 793 220 803 
1032 214 806 810 
1033 823 858 888 
1034 187 871 885 
1035 191 791 887 
1036 221 785 803 
1037 223 794 801 
1038 843 805 897 
1039 163 799 864 
1040 158 159 863 
1041 785 222 801 
1042 172 173 849 
1043 162 163 864 
1044 189 797 866 
1045 161 162 865 
1046 800 202 817 
1047 187 186 871 
1048 197 814 827 
1049 205 832 849 
1050 206 795 832 
1051 788 181 868 
1052 193 786 807 
1053 791 192 807 
1054 792 209 812 
1055 196 827 828 
1056 814 198 834 
1057 786 194 808 
1058 802 829 879 
1059 817 203 842 
1060 808 195 828 
1061 210 796 812 
1062 201 787 815 
1063 842 204 849 
1064 817 842 883 
1065 834 199 838 
1066 200 815 838 
1067 796 211 845 
1068 811 207 899 
1069 162 864 865 
1070 190 189 866 
1071 820 91 872 
1072 181 180 868 
1073 851 821 880 
1074 169 170 867 
1075 792 844 899 
1076 845 212 876 
1077 176 856 878 
1078 788 850 890 
1079 213 870 876 
1080 871 833 885 
1081 798 858 886 
1082 87 86 869 
1083 180 19 893 
1084 19 96 893 
1085 797 188 885 
1086 86 20 894 
1087 20 158 894 
1088 168 29 895 
1089 29 169 895 
1090 30 190 892 
1091 179 30 892 
1092 850 831 890 
1093 863 814 869 
1094 844 881 899 
1095 879 829 896 
1096 800 819 874 
1097 845 793 877 
1098 91 90 872 
1099 186 848 871 
1100 838 815 875 
1101 865 828 902 
1102 795 811 862 
1103 90 89 875 
1104 829 853 896 
1105 863 159 903 
1106 872 90 875 
1107 785 802 879 
1108 844 825 904 
1109 161 865 902 
1110 175 176 878 
1111 787 804 805 
1112 213 32 870 
1113 174 175 883 
1114 846 809 898 
1115 175 878 883 
1116 801 794 898 
1117 809 801 898 
1118 831 846 890 
1119 205 206 832 
1120 202 203 817 
1121 188 187 885 
1122 208 209 792 
1123 32 202 800 
1124 215 216 789 
1125 209 210 812 
1126 791 841 887 
1127 204 205 849 
1128 206 207 795 
1129 210 211 796 
1130 224 33 813 
1131 826 879 896 
1132 203 204 842 
1133 216 217 840 
1134 833 806 901 
1135 211 212 845 
1136 33 214 810 
1137 219 220 793 
1138 837 873 891 
1139 220 221 803 
1140 214 215 806 
1141 223 224 794 
1142 222 223 801 
1143 221 222 785 
1144 806 823 901 
1145 795 207 811 
1146 825 873 904 
1147 197 198 814 
1148 193 194 786 
1149 196 197 827 
1150 192 193 807 
1151 201 31 787 
1152 191 192 791 
1153 194 195 808 
1154 195 196 828 
1155 856 798 886 
1156 198 199 834 
1157 200 201 815 
1158 199 200 838 
1159 786 837 891 
1160 846 860 890 
1161 787 31 804 
1162 799 861 904 
1163 805 826 896 
1164 860 788 890 
1165 818 168 895 
1166 96 822 893 
1167 857 179 892 
1168 160 161 902 
1169 159 160 903 
1170 830 874 889 
1171 874 819 889 
1172 841 882 887 
1173 863 869 894 
1174 880 846 898 
1175 160 902 903 
1176 158 863 894 
1177 862 811 900 
1178 861 844 904 
1179 873 799 904 
1180 868 180 893 
1181 190 866 892 
1182 212 213 876 
1183 169 867 895 
1184 866 857 892 
1185 822 868 893 
1186 867 818 895 
1187 869 86 894 
1188 840 217 870 
1189 856 886 889 
1190 886 830 889 
1191 794 880 898 
1192 811 881 900 
1193 881 811 899 
1194 208 792 899 
1195 823 888 901 
2 36 2 336
1196 937 975 974 
1197 979 991 965 
1198 974 984 937 
1199 243 961 242 
1200 960 961 243 
1201 269 1005 270 
1202 252 1003 253 
1203 964 1005 269 
1204 946 949 915 
1205 949 958 915 
1206 974 993 909 
1207 940 1001 975 
1208 953 984 972 
1209 964 982 927 
1210 954 991 935 
1211 909 984 974 
1212 927 982 981 
1213 965 991 954 
1214 966 1001 940 
1215 271 987 943 
1216 983 1021 967 
1217 933 963 962 
1218 953 1021 983 
1219 972 1021 953 
1220 987 1002 943 
1221 271 1027 987 
1222 943 1002 941 
1223 952 1020 1007 
1224 921 980 957 
1225 981 992 927 
1226 959 968 910 
1227 1007 1020 955 
1228 935 1022 954 
1229 935 991 957 
1230 943 1019 271 
1231 966 999 186 
1232 933 1006 963 
1233 994 1025 971 
1234 949 968 959 
1235 915 1003 252 
1236 956 1024 929 
1237 911 979 965 
1238 958 959 931 
1239 929 994 971 
1240 918 982 964 
1241 929 1008 956 
1242 957 991 921 
1243 187 966 186 
1244 930 983 967 
1245 969 970 928 
1246 944 1009 939 
1247 973 993 974 
1248 919 940 912 
1249 912 937 920 
1250 980 985 957 
1251 913 914 905 
1252 937 1026 975 
1253 939 1009 1004 
1254 912 920 255 
1255 918 964 269 
1256 249 943 941 
1257 250 941 913 
1258 251 913 905 
1259 951 969 968 
1260 254 919 912 
1261 951 970 969 
1262 949 959 958 
1263 1003 1010 945 
1264 939 956 916 
1265 972 984 909 
1266 916 938 923 
1267 945 999 966 
1268 913 1018 986 
1269 932 962 922 
1270 953 983 920 
1271 927 992 944 
1272 905 946 915 
1273 908 926 925 
1274 968 969 910 
1275 919 1003 945 
1276 930 967 934 
1277 921 991 979 
1278 970 989 976 
1279 951 989 970 
1280 942 1012 963 
1281 919 945 940 
1282 930 934 274 
1283 941 1018 913 
1284 977 1025 994 
1285 937 953 920 
1286 268 922 918 
1287 914 946 905 
1288 906 985 980 
1289 927 944 257 
1290 259 939 916 
1291 256 964 927 
1292 264 1002 987 
1293 916 923 260 
1294 267 932 922 
1295 908 935 926 
1296 962 963 922 
1297 938 954 923 
1298 258 944 939 
1299 908 925 262 
1300 928 1023 969 
1301 925 1002 263 
1302 934 961 275 
1303 914 947 946 
1304 986 1030 913 
1305 948 968 949 
1306 935 936 926 
1307 36 1005 964 
1308 948 949 946 
1309 947 950 948 
1310 37 961 960 
1311 947 952 950 
1312 950 951 948 
1313 923 1022 261 
1314 266 960 932 
1315 947 948 946 
1316 938 965 954 
1317 935 957 936 
1318 982 1012 942 
1319 951 968 948 
1320 945 966 940 
1321 261 1022 908 
1322 962 998 996 
1323 962 996 933 
1324 936 955 926 
1325 938 971 965 
1326 952 988 950 
1327 958 1003 915 
1328 240 917 239 
1329 183 910 182 
1330 189 924 188 
1331 185 931 184 
1332 190 973 189 
1333 105 911 106 
1334 99 907 100 
1335 98 976 99 
1336 101 906 102 
1337 102 980 103 
1338 104 979 105 
1339 106 977 107 
1340 100 978 101 
1341 103 921 104 
1342 958 1010 1003 
1343 974 975 924 
1344 181 928 180 
1345 932 998 962 
1346 239 972 238 
1347 234 933 235 
1348 231 981 232 
1349 232 942 233 
1350 226 929 227 
1351 238 909 237 
1352 247 997 248 
1353 959 1011 931 
1354 937 984 953 
1355 189 973 924 
1356 911 977 106 
1357 907 978 100 
1358 101 978 906 
1359 99 976 907 
1360 105 979 911 
1361 906 980 102 
1362 103 980 921 
1363 921 979 104 
1364 926 986 925 
1365 917 972 239 
1366 973 974 924 
1367 232 981 942 
1368 950 989 951 
1369 910 1011 959 
1370 238 972 909 
1371 976 995 970 
1372 955 986 926 
1373 917 990 967 
1374 957 985 936 
1375 981 982 942 
1376 240 990 917 
1377 988 989 950 
1378 188 1001 187 
1379 98 995 976 
1380 187 1001 966 
1381 907 988 978 
1382 952 1000 988 
1383 231 992 981 
1384 241 990 240 
1385 226 994 929 
1386 907 989 988 
1387 967 990 934 
1388 909 993 237 
1389 917 1021 972 
1390 963 1006 942 
1391 976 989 907 
1392 975 1001 924 
1393 185 999 931 
1394 230 992 231 
1395 970 995 928 
1396 271 1019 272 
1397 978 1000 906 
1398 947 1020 952 
1399 237 993 236 
1400 97 995 98 
1401 246 996 245 
1402 225 994 226 
1403 936 1007 955 
1404 916 1008 938 
1405 956 1008 916 
1406 906 1000 985 
1407 975 1026 940 
1408 931 1010 958 
1409 939 1004 956 
1410 245 998 244 
1411 913 1030 914 
1412 186 999 185 
1413 996 998 245 
1414 969 1023 910 
1415 242 1017 241 
1416 234 1006 933 
1417 236 1013 30 
1418 30 1013 190 
1419 942 1006 233 
1420 235 1015 34 
1421 34 1015 246 
1422 244 1028 243 
1423 183 1011 910 
1424 931 1011 184 
1425 910 1023 182 
1426 180 1014 19 
1427 19 1014 97 
1428 21 1016 225 
1429 107 1016 21 
1430 181 1023 928 
1431 971 1008 929 
1432 929 1024 227 
1433 924 1001 188 
1434 35 1029 247 
1435 988 1000 978 
1436 961 1017 242 
1437 922 1012 918 
1438 273 1029 930 
1439 243 1028 960 
1440 925 1018 1002 
1441 230 1009 992 
1442 228 1004 229 
1443 934 1017 961 
1444 960 1028 932 
1445 997 1029 273 
1446 992 1009 944 
1447 965 1025 911 
1448 1004 1024 956 
1449 940 1026 912 
1450 1004 1009 229 
1451 255 920 35 
1452 273 930 274 
1453 233 1006 234 
1454 253 919 254 
1455 256 927 257 
1456 248 943 249 
1457 250 913 251 
1458 249 941 250 
1459 267 922 268 
1460 251 905 252 
1461 952 1007 1000 
1462 264 987 265 
1463 259 916 260 
1464 258 939 259 
1465 971 1025 965 
1466 268 918 269 
1467 963 1012 922 
1468 261 908 262 
1469 254 912 255 
1470 274 934 275 
1471 263 1002 264 
1472 260 923 261 
1473 229 1009 230 
1474 997 1019 248 
1475 228 1024 1004 
1476 257 944 258 
1477 262 925 263 
1478 938 1008 971 
1479 36 964 256 
1480 275 961 37 
1481 37 960 266 
1482 905 915 252 
1483 266 932 267 
1484 912 1026 937 
1485 920 983 35 
1486 999 1010 931 
1487 914 1020 947 
1488 985 1007 936 
1489 908 1022 935 
1490 954 1022 923 
1491 983 1029 35 
1492 967 1021 917 
1493 184 1011 183 
1494 986 1018 925 
1495 1000 1007 985 
1496 253 1003 919 
1497 182 1023 181 
1498 918 1012 982 
1499 190 1013 973 
1500 227 1024 228 
1501 933 1015 235 
1502 977 1016 107 
1503 928 1014 180 
1504 272 997 273 
1505 987 1027 265 
1506 990 1017 934 
1507 911 1025 977 
1508 945 1010 999 
1509 932 1028 998 
1510 955 1030 986 
1511 241 1017 990 
1512 993 1013 236 
1513 265 1005 36 
1514 246 1015 996 
1515 97 1014 995 
1516 225 1016 994 
1517 973 1013 993 
1518 996 1015 933 
1519 995 1014 928 
1520 994 1016 977 
1521 265 1027 1005 
1522 930 1029 983 
1523 270 1027 271 
1524 998 1028 244 
1525 272 1019 997 
1526 1002 1018 941 
1527 1020 1030 955 
1528 248 1019 943 
1529 247 1029 997 
1530 914 1030 1020 
1531 1005 1027 270 
2 37 2 339
1532 1082 1042 1144 
1533 1080 1076 1106 
1534 1061 1060 1109 
1535 1042 1082 1121 
1536 1109 1060 1110 
1537 1063 1105 1121 
1538 1093 1064 1104 
1539 1067 1112 1128 
1540 1076 1080 1148 
1541 1105 1081 1121 
1542 1112 1092 1128 
1543 1085 1093 1104 
1544 1090 1037 1091 
1545 310 311 327 
1546 308 39 1047 
1547 311 326 327 
1548 276 277 1115 
1549 1041 1085 1104 
1550 1058 1098 1122 
1551 1033 1058 1122 
1552 1074 1069 1118 
1553 317 318 1144 
1554 1091 1037 1092 
1555 1142 1086 1143 
1556 1088 1034 1090 
1557 1064 1093 1154 
1558 1069 1074 1127 
1559 111 1087 1095 
1560 1086 1078 1143 
1561 1034 1088 1094 
1562 1037 1090 1130 
1563 1116 1082 1144 
1564 110 111 1095 
1565 276 1115 1147 
1566 1056 1092 1112 
1567 1087 112 1132 
1568 111 112 1087 
1569 1098 1086 1142 
1570 1040 1098 1142 
1571 291 1125 1127 
1572 315 316 1152 
1573 1085 1041 1123 
1574 1047 39 1142 
1575 1093 1038 1154 
1576 1106 1076 1123 
1577 295 1096 1137 
1578 1092 1056 1140 
1579 1136 1117 1141 
1580 311 312 1084 
1581 324 325 1155 
1582 1088 1089 1094 
1583 1096 294 1099 
1584 1044 1048 1129 
1585 1070 1079 1131 
1586 1062 1136 1141 
1587 1125 1069 1127 
1588 1038 1081 1154 
1589 294 293 1099 
1590 1077 1087 1132 
1591 1079 1061 1109 
1592 1070 1131 1133 
1593 1096 1068 1137 
1594 1070 1061 1079 
1595 1048 1112 1129 
1596 295 294 1096 
1597 1083 1044 1129 
1598 1036 1078 1086 
1599 1094 1089 1111 
1600 1049 1031 1050 
1601 1078 1085 1123 
1602 1108 1111 1113 
1603 1075 1097 1103 
1604 1048 1032 1056 
1605 1073 1044 1083 
1606 1052 1054 1075 
1607 1065 1088 1090 
1608 1054 1057 1065 
1609 1050 1031 1051 
1610 1089 1057 1101 
1611 1053 1051 1066 
1612 1052 1053 1054 
1613 1065 1090 1091 
1614 1101 1066 1102 
1615 1058 1036 1086 
1616 1075 1054 1097 
1617 1049 1050 1072 
1618 1053 1066 1101 
1619 1057 1053 1101 
1620 1072 1050 1107 
1621 1054 1053 1057 
1622 1065 1057 1088 
1623 1052 1075 1107 
1624 1058 1086 1098 
1625 1052 1051 1053 
1626 1065 1091 1097 
1627 1041 1106 1123 
1628 326 311 1084 
1629 1054 1065 1097 
1630 1088 1057 1089 
1631 1050 1052 1107 
1632 1050 1051 1052 
1633 292 291 1127 
1634 1056 1032 1103 
1635 1046 1114 1117 
1636 1102 1035 1113 
1637 1098 1072 1122 
1638 1085 1043 1093 
1639 165 164 1104 
1640 166 165 1064 
1641 164 163 1041 
1642 163 162 1106 
1643 162 161 1080 
1644 1090 1034 1130 
1645 168 167 1063 
1646 289 288 1082 
1647 113 114 1046 
1648 115 116 1035 
1649 1124 1083 1129 
1650 167 166 1105 
1651 285 286 1045 
1652 282 283 1067 
1653 280 281 1037 
1654 278 279 1034 
1655 1084 1033 1100 
1656 1101 1102 1113 
1657 161 160 1110 
1658 160 159 1109 
1659 1103 1055 1126 
1660 1111 1089 1113 
1661 116 117 1108 
1662 117 118 1059 
1663 1035 1108 1113 
1664 1055 1100 1126 
1665 1114 1102 1117 
1666 1064 165 1104 
1667 164 1041 1104 
1668 1041 163 1106 
1669 162 1080 1106 
1670 1062 301 1077 
1671 305 1061 1070 
1672 1080 161 1110 
1673 166 1064 1105 
1674 1103 1097 1140 
1675 1063 167 1105 
1676 1077 302 1087 
1677 306 1060 1061 
1678 304 1070 1095 
1679 160 1109 1110 
1680 1108 1059 1111 
1681 1031 300 1062 
1682 1078 1123 1143 
1683 1040 298 1049 
1684 1087 303 1095 
1685 1035 116 1108 
1686 1048 1056 1112 
1687 1042 317 1144 
1688 1039 1076 1148 
1689 1035 1102 1114 
1690 307 1039 1060 
1691 1119 1063 1121 
1692 1078 1043 1085 
1693 41 1096 1099 
1694 117 1059 1108 
1695 1056 1103 1140 
1696 1044 322 1048 
1697 1032 1055 1103 
1698 314 1036 1058 
1699 1033 313 1058 
1700 1074 329 1099 
1701 299 1031 1049 
1702 1089 1101 1113 
1703 1081 1042 1121 
1704 1092 1037 1128 
1705 1038 1093 1152 
1706 40 1069 1071 
1707 1046 114 1114 
1708 115 1035 1114 
1709 1132 1046 1136 
1710 321 1044 1073 
1711 323 1032 1048 
1712 1079 1109 1150 
1713 1124 284 1139 
1714 1069 309 1118 
1715 283 284 1124 
1716 319 1068 1096 
1717 114 115 1114 
1718 289 1082 1116 
1719 1082 288 1119 
1720 1111 1059 1115 
1721 1094 1111 1115 
1722 1071 1069 1125 
1723 1102 1066 1117 
1724 1034 1094 1135 
1725 312 1033 1084 
1726 1031 1062 1141 
1727 1068 320 1073 
1728 1072 1098 1156 
1729 290 289 1116 
1730 1091 1092 1140 
1731 1075 1103 1126 
1732 297 296 1120 
1733 1047 1142 1143 
1734 288 287 1119 
1735 1134 1120 1137 
1736 1051 1031 1141 
1737 282 1067 1128 
1738 1037 281 1128 
1739 1081 1105 1154 
1740 1112 1067 1129 
1741 1043 315 1152 
1742 113 1046 1132 
1743 280 1037 1130 
1744 1034 279 1130 
1745 20 108 1149 
1746 158 20 1149 
1747 286 38 1145 
1748 38 297 1145 
1749 287 29 1146 
1750 29 168 1146 
1751 118 22 1147 
1752 22 276 1147 
1753 310 327 1118 
1754 1082 1119 1121 
1755 278 1034 1135 
1756 1100 1033 1122 
1757 1055 324 1155 
1758 1080 1110 1148 
1759 290 1116 1125 
1760 1083 1124 1139 
1761 285 1045 1139 
1762 1107 1075 1126 
1763 1045 1120 1134 
1764 1110 1060 1148 
1765 1109 159 1150 
1766 327 328 1118 
1767 291 290 1125 
1768 1105 1064 1154 
1769 1067 283 1124 
1770 1077 1132 1136 
1771 1116 1071 1125 
1772 1117 1066 1141 
1773 1115 277 1135 
1774 281 282 1128 
1775 1039 1047 1076 
1776 39 1040 1142 
1777 1062 1077 1136 
1778 1120 296 1137 
1779 1115 1059 1147 
1780 1095 1070 1133 
1781 1038 1042 1081 
1782 1126 1100 1151 
1783 1036 1043 1078 
1784 1072 1107 1151 
1785 279 280 1130 
1786 110 1095 1133 
1787 1068 1134 1137 
1788 112 113 1132 
1789 108 109 1131 
1790 1074 1099 1138 
1791 109 110 1133 
1792 1068 1073 1134 
1793 1045 1134 1153 
1794 1060 1039 1148 
1795 1073 1083 1153 
1796 305 306 1061 
1797 301 302 1077 
1798 300 301 1062 
1799 1040 1049 1156 
1800 277 278 1135 
1801 39 298 1040 
1802 303 304 1095 
1803 307 308 1039 
1804 304 305 1070 
1805 1139 1045 1153 
1806 1123 1076 1143 
1807 302 303 1087 
1808 329 41 1099 
1809 325 326 1084 
1810 1131 109 1133 
1811 322 323 1048 
1812 321 322 1044 
1813 298 299 1049 
1814 306 307 1060 
1815 41 319 1096 
1816 299 300 1031 
1817 296 295 1137 
1818 328 329 1074 
1819 1039 308 1047 
1820 320 321 1073 
1821 1097 1091 1140 
1822 1066 1051 1141 
1823 323 324 1032 
1824 1067 1124 1129 
1825 293 292 1138 
1826 319 320 1068 
1827 1098 1040 1156 
1828 1100 1055 1155 
1829 284 285 1139 
1830 313 314 1058 
1831 1032 324 1055 
1832 316 317 1038 
1833 318 40 1071 
1834 40 309 1069 
1835 1094 1115 1135 
1836 312 313 1033 
1837 314 315 1036 
1838 1049 1072 1156 
1839 1071 1116 1144 
1840 1093 1043 1152 
1841 1131 1079 1149 
1842 159 158 1150 
1843 1036 315 1043 
1844 1122 1072 1151 
1845 168 1063 1146 
1846 1045 286 1145 
1847 1038 317 1042 
1848 1046 1117 1136 
1849 309 310 1118 
1850 1084 1100 1155 
1851 1076 1047 1143 
1852 1149 1079 1150 
1853 1059 118 1147 
1854 328 1074 1118 
1855 1099 293 1138 
1856 292 1127 1138 
1857 1107 1126 1151 
1858 1127 1074 1138 
1859 297 1120 1145 
1860 1119 287 1146 
1861 1063 1119 1146 
1862 1120 1045 1145 
1863 1100 1122 1151 
1864 1134 1073 1153 
1865 1083 1139 1153 
1866 108 1131 1149 
1867 318 1071 1144 
1868 316 1038 1152 
1869 325 1084 1155 
1870 158 1149 1150 
2 38 2 341
1871 1185 1239 1227 
1872 1250 1263 1214 
1873 127 1258 1210 
1874 231 1213 230 
1875 1236 1250 1162 
1876 1237 1263 1250 
1877 127 1210 126 
1878 1162 1243 1236 
1879 1218 1247 1204 
1880 1204 1247 1231 
1881 1238 1239 1185 
1882 1254 1259 1201 
1883 359 1210 360 
1884 1209 1216 1187 
1885 1168 1216 1209 
1886 1166 1214 1206 
1887 1197 1222 1208 
1888 1163 1275 1205 
1889 1205 1267 1163 
1890 1226 1235 1189 
1891 1233 1242 1199 
1892 1201 1276 1254 
1893 1193 1242 1233 
1894 1210 1258 1208 
1895 1235 1264 1189 
1896 1206 1213 1166 
1897 1166 1213 231 
1898 1227 1255 1185 
1899 1213 1216 230 
1900 1232 1249 1203 
1901 1184 1249 1232 
1902 1208 1258 1197 
1903 1202 1212 354 
1904 1237 1250 1236 
1905 1214 1263 1257 
1906 1187 1216 1213 
1907 1191 1212 1202 
1908 1240 1248 1195 
1909 1209 1240 1168 
1910 359 1251 1210 
1911 1209 1248 1240 
1912 1197 1241 1222 
1913 1163 1267 1232 
1914 1186 1254 1246 
1915 1170 1194 1160 
1916 1236 1243 1196 
1917 1172 1173 1158 
1918 1158 1185 1174 
1919 1174 1189 1171 
1920 1161 1247 1218 
1921 1159 1180 1172 
1922 1218 1253 1161 
1923 1186 1246 357 
1924 1246 1254 123 
1925 1171 1175 1157 
1926 1246 1265 358 
1927 43 1170 1160 
1928 1166 1223 1214 
1929 1188 1234 352 
1930 368 1234 369 
1931 354 1277 1202 
1932 1220 1245 1198 
1933 1170 1210 1208 
1934 1232 1282 1163 
1935 1191 1217 1169 
1936 1194 1195 1160 
1937 1170 1208 1194 
1938 1207 1279 278 
1939 1178 1205 1190 
1940 370 1211 1159 
1941 361 1172 1158 
1942 1159 1172 44 
1943 1157 1179 365 
1944 1175 1176 1157 
1945 1158 1174 362 
1946 364 1171 1157 
1947 363 1174 1171 
1948 1222 1241 1177 
1949 1159 1181 1180 
1950 230 1216 229 
1951 1169 1184 1178 
1952 366 1278 367 
1953 351 1270 1188 
1954 1160 1270 351 
1955 1208 1222 1194 
1956 1194 1215 1195 
1957 1228 1239 1167 
1958 1181 1187 1180 
1959 1194 1222 1215 
1960 278 1260 1207 
1961 1187 1213 1206 
1962 1175 1182 1176 
1963 1200 1218 1183 
1964 1215 1222 1177 
1965 1219 1220 1200 
1966 1181 1209 1187 
1967 1182 1200 1183 
1968 1183 1203 1176 
1969 1175 1192 1182 
1970 1230 1238 1237 
1971 1187 1206 1180 
1972 1182 1183 1176 
1973 1182 1219 1200 
1974 1183 1204 1203 
1975 1183 1218 1204 
1976 229 1216 1168 
1977 1192 1219 1182 
1978 1226 1227 1225 
1979 1198 1284 1220 
1980 1177 1221 1215 
1981 129 1197 128 
1982 276 1193 277 
1983 353 1277 354 
1984 281 1163 282 
1985 228 1221 227 
1986 234 1162 233 
1987 229 1168 228 
1988 232 1166 231 
1989 233 1223 232 
1990 227 1177 226 
1991 1167 1239 1230 
1992 330 1198 331 
1993 332 1164 333 
1994 333 1224 334 
1995 334 1165 335 
1996 335 1225 336 
1997 336 1228 337 
1998 337 1167 338 
1999 338 1229 339 
2000 339 1196 340 
2001 282 1231 283 
2002 1190 1207 345 
2003 341 1212 1191 
2004 284 1161 285 
2005 1165 1226 1225 
2006 1167 1230 1229 
2007 1178 1190 344 
2008 124 1265 1246 
2009 355 1212 42 
2010 1207 1233 346 
2011 1204 1232 1203 
2012 1227 1239 1228 
2013 342 1191 1169 
2014 1202 1278 1191 
2015 1169 1178 343 
2016 1215 1240 1195 
2017 1211 1261 1159 
2018 347 1233 1199 
2019 1230 1237 1236 
2020 1199 1201 348 
2021 1165 1235 1226 
2022 1201 1259 349 
2023 1210 1251 126 
2024 1163 1231 282 
2025 1168 1221 228 
2026 227 1221 1177 
2027 1162 1223 233 
2028 232 1223 1166 
2029 1185 1268 1238 
2030 1164 1224 333 
2031 334 1224 1165 
2032 1165 1225 335 
2033 1225 1228 336 
2034 337 1228 1167 
2035 1167 1229 338 
2036 339 1229 1196 
2037 1211 1234 1188 
2038 1227 1228 1225 
2039 356 1266 1259 
2040 1185 1255 1174 
2041 1230 1236 1229 
2042 1174 1255 1189 
2043 1230 1239 1238 
2044 1224 1235 1165 
2045 1200 1253 1218 
2046 1229 1236 1196 
2047 1221 1240 1215 
2048 1192 1264 1235 
2049 234 1243 1162 
2050 1177 1241 226 
2051 1186 1259 1254 
2052 1161 1244 285 
2053 1231 1247 283 
2054 1168 1240 1221 
2055 1199 1262 1201 
2056 1189 1264 1171 
2057 1159 1261 1181 
2058 1198 1245 331 
2059 332 1245 1164 
2060 1189 1255 1226 
2061 284 1247 1161 
2062 1171 1264 1175 
2063 120 1242 119 
2064 285 1244 286 
2065 235 1243 234 
2066 226 1241 225 
2067 1161 1284 1244 
2068 1226 1255 1227 
2069 42 1266 355 
2070 1214 1257 1206 
2071 1197 1258 128 
2072 356 1259 1186 
2073 1206 1280 1180 
2074 1178 1267 1205 
2075 119 1271 22 
2076 22 1271 276 
2077 331 1245 332 
2078 1193 1260 277 
2079 1181 1248 1209 
2080 286 1272 38 
2081 38 1272 330 
2082 1235 1252 1192 
2083 283 1247 284 
2084 225 1274 21 
2085 21 1274 129 
2086 340 1273 34 
2087 34 1273 235 
2088 1223 1250 1214 
2089 1184 1267 1178 
2090 354 1212 355 
2091 278 1279 279 
2092 1224 1252 1235 
2093 124 1246 123 
2094 281 1275 1163 
2095 125 1265 124 
2096 1188 1270 1261 
2097 1242 1262 1199 
2098 1217 1278 366 
2099 1203 1269 1176 
2100 1253 1284 1161 
2101 1157 1269 1179 
2102 1262 1276 1201 
2103 1188 1261 1211 
2104 1205 1256 1190 
2105 120 1262 1242 
2106 1162 1250 1223 
2107 1158 1268 1185 
2108 1249 1281 1179 
2109 1173 1268 1158 
2110 1257 1263 1173 
2111 1207 1260 1233 
2112 368 1277 1234 
2113 1257 1280 1206 
2114 1233 1260 1193 
2115 1220 1253 1200 
2116 1192 1252 1219 
2117 357 1246 358 
2118 1217 1281 1169 
2119 1190 1279 1207 
2120 1179 1281 1217 
2121 356 1186 357 
2122 43 1160 351 
2123 123 1254 122 
2124 351 1188 352 
2125 279 1256 280 
2126 1238 1263 1237 
2127 128 1258 127 
2128 1176 1269 1157 
2129 1175 1264 1192 
2130 360 1170 43 
2131 1249 1269 1203 
2132 369 1211 370 
2133 277 1260 278 
2134 44 1172 361 
2135 121 1262 120 
2136 1261 1270 1248 
2137 360 1210 1170 
2138 364 1157 365 
2139 362 1174 363 
2140 361 1158 362 
2141 370 1159 44 
2142 365 1179 366 
2143 363 1171 364 
2144 1164 1252 1224 
2145 1205 1275 1256 
2146 367 1202 368 
2147 1172 1280 1173 
2148 1179 1217 366 
2149 1180 1280 1172 
2150 352 1234 353 
2151 1195 1270 1160 
2152 42 1212 341 
2153 344 1190 345 
2154 345 1207 346 
2155 342 1169 343 
2156 341 1191 342 
2157 343 1178 344 
2158 346 1233 347 
2159 348 1201 349 
2160 1254 1276 122 
2161 347 1199 348 
2162 1256 1275 280 
2163 126 1251 125 
2164 121 1276 1262 
2165 1252 1283 1219 
2166 1169 1281 1184 
2167 1164 1283 1252 
2168 122 1276 121 
2169 1232 1267 1184 
2170 1259 1266 350 
2171 350 1266 42 
2172 280 1275 281 
2173 276 1271 1193 
2174 129 1274 1197 
2175 1219 1283 1220 
2176 330 1272 1198 
2177 1196 1273 340 
2178 1181 1261 1248 
2179 369 1234 1211 
2180 349 1259 350 
2181 1204 1282 1232 
2182 1191 1278 1217 
2183 358 1265 359 
2184 1163 1282 1231 
2185 1245 1283 1164 
2186 1231 1282 1204 
2187 1238 1268 1263 
2188 1263 1268 1173 
2189 1248 1270 1195 
2190 1242 1271 119 
2191 1244 1272 286 
2192 1241 1274 225 
2193 235 1273 1243 
2194 1193 1271 1242 
2195 1179 1269 1249 
2196 1197 1274 1241 
2197 1198 1272 1244 
2198 1243 1273 1196 
2199 1184 1281 1249 
2200 355 1266 356 
2201 367 1278 1202 
2202 1256 1279 1190 
2203 1220 1283 1245 
2204 1244 1284 1198 
2205 1173 1280 1257 
2206 359 1265 1251 
2207 1220 1284 1253 
2208 279 1279 1256 
2209 1234 1277 353 
2210 1202 1277 368 
2211 1251 1265 125 
2 39 2 21
2212 131 130 1286 
2213 130 374 1286 
2214 130 23 374 
2215 131 1286 1289 
2216 133 1285 1287 
2217 134 133 1287 
2218 24 134 1287 
2219 371 24 1287 
2220 374 373 1286 
2221 1287 1285 1290 
2222 133 132 1285 
2223 373 372 1288 
2224 1286 373 1288 
2225 1286 1288 1289 
2226 372 371 1290 
2227 132 131 1289 
2228 1288 1285 1289 
2229 1285 132 1289 
2230 1285 1288 1290 
2231 1288 372 1290 
2232 371 1287 1290 
2 40 2 21
2233 136 135 1292 
2234 135 371 1292 
2235 371 135 24 
2236 136 1292 1295 
2237 138 1291 1293 
2238 139 138 1293 
2239 23 139 1293 
2240 374 23 1293 
2241 371 372 1292 
2242 1293 1291 1296 
2243 138 137 1291 
2244 372 373 1294 
2245 1292 372 1294 
2246 1292 1294 1295 
2247 373 374 1296 
2248 137 136 1295 
2249 1294 1291 1295 
2250 1291 137 1295 
2251 1291 1294 1296 
2252 1294 373 1296 
2253 374 1293 1296 
2 41 2 13
2254 26 143 1299 
2255 375 26 1299 
2256 376 1297 1298 
2257 1297 376 1299 
2258 376 375 1299 
2259 377 376 1298 
2260 140 25 1298 
2261 25 377 1298 
2262 1297 141 1298 
2263 142 141 1297 
2264 141 140 1298 
2265 142 1297 1299 
2266 143 142 1299 
2 42 2 13
2267 25 147 1301 
2268 377 25 1301 
2269 376 1300 1302 
2270 1300 376 1301 
2271 376 377 1301 
2272 375 376 1302 
2273 144 26 1302 
2274 26 375 1302 
2275 1300 145 1302 
2276 146 145 1300 
2277 145 144 1302 
2278 146 1300 1301 
2279 147 146 1301 
2 43 2 19
2280 378 28 1305 
2281 27 381 1304 
2282 148 27 1304 
2283 28 152 1305 
2284 381 380 1304 
2285 379 378 1305 
2286 380 1303 1304 
2287 1303 379 1305 
2288 152 151 1305 
2289 149 148 1304 
2290 380 379 1303 
2291 1304 1303 1307 
2292 151 150 1306 
2293 1305 151 1306 
2294 1303 1305 1306 
2295 149 1304 1307 
2296 150 149 1307 
2297 1303 1306 1307 
2298 1306 150 1307 
2 44 2 19
2299 381 27 1309 
2300 28 378 1310 
2301 27 157 1309 
2302 153 28 1310 
2303 378 379 1310 
2304 380 381 1309 
2305 379 1308 1310 
2306 1308 380 1309 
2307 154 153 1310 
2308 157 156 1309 
2309 379 380 1308 
2310 1310 1308 1312 
2311 156 155 1311 
2312 1309 156 1311 
2313 1308 1309 1311 
2314 154 1310 1312 
2315 155 154 1312 
2316 1308 1311 1312 
2317 1311 155 1312 
2 45 2 338
2318 1356 1385 1379 
2319 340 1370 339 
2320 1366 1378 1316 
2321 1356 1425 1385 
2322 1375 1393 1338 
2323 333 1372 1367 
2324 1384 1393 1375 
2325 334 1372 333 
2326 1367 1396 332 
2327 1365 1410 174 
2328 1375 1386 1373 
2329 1338 1386 1375 
2330 333 1367 332 
2331 1341 1391 1333 
2332 174 1410 175 
2333 1315 1374 1373 
2334 1373 1386 1315 
2335 1331 1380 1371 
2336 1333 1391 1371 
2337 1370 1394 339 
2338 1379 1385 1325 
2339 242 1405 1381 
2340 1371 1391 1331 
2341 392 1377 1362 
2342 1366 1412 1378 
2343 1316 1414 1366 
2344 1326 1403 1360 
2345 176 1410 406 
2346 1365 1403 1326 
2347 1381 1405 1350 
2348 1364 1415 1414 
2349 340 1424 1370 
2350 1315 1383 1374 
2351 291 1383 290 
2352 1369 1391 1341 
2353 406 1407 176 
2354 1414 1415 1332 
2355 1357 1397 1374 
2356 1339 1396 1367 
2357 1374 1408 1357 
2358 1400 1409 295 
2359 1362 1418 392 
2360 1341 1412 1369 
2361 412 1415 413 
2362 392 1418 45 
2363 1377 1417 1362 
2364 1342 1394 1344 
2365 1375 1398 1384 
2366 243 1388 244 
2367 1381 1388 243 
2368 1340 1417 1377 
2369 1343 1380 1357 
2370 337 1399 1368 
2371 1342 1399 1394 
2372 1361 1409 1400 
2373 1319 1383 291 
2374 290 1383 1315 
2375 242 1381 243 
2376 1368 1434 337 
2377 1335 1378 1341 
2378 1322 1369 1366 
2379 1330 1380 1331 
2380 1354 1376 1346 
2381 1371 1380 1343 
2382 1326 1327 1314 
2383 1351 1369 1322 
2384 1337 1363 1324 
2385 1380 1397 1357 
2386 385 1428 386 
2387 405 1407 406 
2388 1344 1394 1370 
2389 1313 1371 1343 
2390 1349 1361 1323 
2391 1321 1387 1382 
2392 1335 1341 1333 
2393 1336 1382 1337 
2394 1323 1348 1339 
2395 174 1403 1365 
2396 1333 1371 1313 
2397 1348 1396 1339 
2398 1324 1389 1359 
2399 1327 1328 1314 
2400 1346 1362 1320 
2401 1350 1358 1317 
2402 1320 1368 1342 
2403 1352 1414 1316 
2404 47 1337 1324 
2405 408 1365 1326 
2406 1324 1359 404 
2407 1326 1360 1327 
2408 1395 1396 1348 
2409 1336 1337 414 
2410 409 1326 1314 
2411 1317 1364 1352 
2412 1344 1370 1353 
2413 1332 1415 412 
2414 1327 1329 1328 
2415 1357 1425 1356 
2416 411 1351 1322 
2417 1316 1378 1354 
2418 1329 1330 1328 
2419 1347 1375 1373 
2420 1373 1374 1345 
2421 1329 1345 1330 
2422 407 1410 1365 
2423 1330 1331 1328 
2424 1329 1347 1345 
2425 334 1404 1372 
2426 1347 1373 1345 
2427 1356 1379 1334 
2428 1364 1414 1352 
2429 1343 1357 1356 
2430 1327 1390 1329 
2431 1314 1427 410 
2432 171 1318 172 
2433 294 1325 293 
2434 293 1385 292 
2435 292 1319 291 
2436 290 1315 289 
2437 289 1386 288 
2438 387 1349 1323 
2439 236 1355 237 
2440 1360 1390 1327 
2441 239 1321 240 
2442 288 1338 287 
2443 336 1340 335 
2444 1367 1372 390 
2445 410 1427 1351 
2446 238 1387 239 
2447 382 1376 1335 
2448 1408 1425 1357 
2449 1401 1406 1321 
2450 1323 1339 388 
2451 1339 1367 389 
2452 1372 1377 391 
2453 170 1384 171 
2454 1329 1390 1347 
2455 1355 1432 1389 
2456 384 1333 1313 
2457 1325 1385 293 
2458 292 1385 1319 
2459 1315 1386 289 
2460 383 1335 1333 
2461 288 1386 1338 
2462 239 1387 1321 
2463 171 1384 1318 
2464 1343 1356 1334 
2465 1420 1432 1355 
2466 1374 1397 1345 
2467 399 1346 1320 
2468 1320 1342 400 
2469 1369 1412 1366 
2470 46 1388 1381 
2471 398 1354 1346 
2472 1342 1344 401 
2473 1347 1398 1375 
2474 1348 1431 1392 
2475 1353 1388 403 
2476 1383 1408 1374 
2477 1317 1352 395 
2478 297 1392 296 
2479 393 1381 1350 
2480 175 1410 176 
2481 394 1350 1317 
2482 1344 1353 402 
2483 296 1400 295 
2484 396 1352 1316 
2485 1392 1431 1400 
2486 338 1399 337 
2487 1316 1354 397 
2488 1355 1429 1416 
2489 170 1393 1384 
2490 173 1403 174 
2491 1370 1413 1353 
2492 1378 1412 1341 
2493 1318 1402 172 
2494 169 1393 170 
2495 295 1409 294 
2496 1387 1436 1382 
2497 1362 1417 1320 
2498 335 1404 334 
2499 339 1394 338 
2500 1320 1417 1368 
2501 1330 1397 1380 
2502 30 1420 236 
2503 179 1420 30 
2504 1358 1406 1401 
2505 1331 1427 1328 
2506 337 1434 336 
2507 1321 1406 240 
2508 1334 1428 385 
2509 331 1395 330 
2510 34 1424 340 
2511 332 1396 331 
2512 246 1424 34 
2513 1345 1397 1330 
2514 330 1423 38 
2515 38 1423 297 
2516 1355 1416 237 
2517 287 1422 29 
2518 29 1422 169 
2519 238 1416 1387 
2520 1390 1398 1347 
2521 1377 1404 1340 
2522 1369 1411 1391 
2523 1368 1399 1342 
2524 1387 1416 1363 
2525 331 1396 1395 
2526 1325 1421 1379 
2527 1392 1395 1348 
2528 1384 1398 1318 
2529 1350 1405 1358 
2530 1382 1401 1321 
2531 1322 1366 1332 
2532 1372 1404 1377 
2533 172 1402 173 
2534 1313 1343 1334 
2535 1360 1403 1402 
2536 1416 1429 1363 
2537 1335 1430 1378 
2538 1405 1406 1358 
2539 1354 1430 1376 
2540 1364 1419 1415 
2541 1394 1399 338 
2542 1413 1426 1353 
2543 1392 1400 296 
2544 1379 1421 1349 
2545 1336 1419 1382 
2546 1351 1411 1369 
2547 1340 1404 335 
2548 407 1365 408 
2549 1391 1411 1331 
2550 409 1314 410 
2551 1349 1428 1379 
2552 414 1337 47 
2553 47 1324 404 
2554 1376 1430 1335 
2555 404 1359 405 
2556 1411 1427 1331 
2557 413 1336 414 
2558 410 1351 411 
2559 408 1326 409 
2560 411 1322 412 
2561 241 1405 242 
2562 1376 1418 1346 
2563 240 1406 241 
2564 389 1367 390 
2565 387 1323 388 
2566 1390 1437 1398 
2567 45 1376 382 
2568 1319 1408 1383 
2569 384 1313 385 
2570 1398 1437 1318 
2571 244 1426 245 
2572 386 1349 387 
2573 1322 1332 412 
2574 391 1377 392 
2575 390 1372 391 
2576 382 1335 383 
2577 1389 1435 1359 
2578 241 1406 1405 
2579 294 1409 1325 
2580 1432 1435 1389 
2581 388 1339 389 
2582 383 1333 384 
2583 245 1413 246 
2584 398 1346 399 
2585 1363 1429 1324 
2586 400 1342 401 
2587 403 1388 46 
2588 1313 1334 385 
2589 399 1320 400 
2590 1349 1421 1361 
2591 46 1381 393 
2592 395 1352 396 
2593 394 1317 395 
2594 401 1344 402 
2595 1353 1426 1388 
2596 1358 1433 1317 
2597 393 1350 394 
2598 397 1354 398 
2599 402 1353 403 
2600 1337 1436 1363 
2601 396 1316 397 
2602 1323 1431 1348 
2603 237 1416 238 
2604 1361 1431 1323 
2605 1317 1433 1364 
2606 1366 1414 1332 
2607 1346 1418 1362 
2608 1378 1430 1354 
2609 1328 1427 1314 
2610 1379 1428 1334 
2611 176 1407 177 
2612 1359 1435 1407 
2613 1402 1403 173 
2614 236 1420 1355 
2615 1324 1429 1389 
2616 1318 1437 1402 
2617 1382 1436 1337 
2618 1382 1419 1401 
2619 178 1432 179 
2620 1338 1422 287 
2621 1389 1429 1355 
2622 1385 1425 1319 
2623 177 1435 178 
2624 1359 1407 405 
2625 1407 1435 177 
2626 1363 1436 1387 
2627 178 1435 1432 
2628 336 1434 1340 
2629 406 1410 407 
2630 1392 1423 1395 
2631 1388 1426 244 
2632 1360 1437 1390 
2633 297 1423 1392 
2634 1415 1419 1336 
2635 169 1422 1393 
2636 1409 1421 1325 
2637 245 1426 1413 
2638 1393 1422 1338 
2639 1395 1423 330 
2640 1319 1425 1408 
2641 413 1415 1336 
2642 1402 1437 1360 
2643 1400 1431 1361 
2644 1401 1433 1358 
2645 1370 1424 1413 
2646 45 1418 1376 
2647 1361 1421 1409 
2648 386 1428 1349 
2649 1413 1424 246 
2650 1419 1433 1401 
2651 1340 1434 1417 
2652 1417 1434 1368 
2653 1364 1433 1419 
2654 1351 1427 1411 
2655 179 1432 1420 
2 46 2 44
2656 1439 1442 1445 
2657 1440 1447 1451 
2658 1441 1451 1453 
2659 1447 1446 1451 
2660 1451 1446 1453 
2661 1445 1446 1447 
2662 1447 1440 1454 
2663 1439 1445 1447 
2664 1451 1441 1452 
2665 198 197 1441 
2666 192 191 1439 
2667 195 194 1440 
2668 200 199 1438 
2669 31 201 1442 
2670 1445 1444 1446 
2671 1450 1440 1451 
2672 200 1438 1443 
2673 193 192 1448 
2674 197 196 1452 
2675 192 1439 1448 
2676 1441 197 1452 
2677 1446 1444 1453 
2678 1439 1447 1448 
2679 199 198 1449 
2680 201 200 1443 
2681 194 193 1454 
2682 1450 1451 1452 
2683 1448 1447 1454 
2684 198 1441 1449 
2685 1442 1444 1445 
2686 1438 199 1449 
2687 1440 194 1454 
2688 195 1440 1450 
2689 196 195 1450 
2690 1443 1438 1444 
2691 1442 201 1443 
2692 1449 1441 1453 
2693 1444 1438 1453 
2694 193 1448 1454 
2695 1438 1449 1453 
2696 1442 1443 1444 
2697 196 1450 1452 
2698 191 31 1442 
2699 1439 191 1442 
2 47 2 53
2700 1456 1465 1472 
2701 1465 1457 1472 
2702 1458 1466 1468 
2703 1456 1463 1465 
2704 1466 1458 1467 
2705 1458 1468 1473 
2706 1466 1467 1470 
2707 1457 1465 1470 
2708 1463 1456 1474 
2709 1459 1469 1471 
2710 1459 1468 1469 
2711 1463 1464 1465 
2712 1465 1464 1466 
2713 1463 1462 1464 
2714 1466 1464 1468 
2715 208 207 1458 
2716 32 213 1460 
2717 1460 1462 1463 
2718 205 204 1457 
2719 210 209 1459 
2720 203 202 1456 
2721 212 211 1455 
2722 1458 207 1467 
2723 212 1455 1461 
2724 1456 202 1474 
2725 1465 1466 1470 
2726 1468 1459 1473 
2727 202 32 1474 
2728 207 206 1467 
2729 1461 1455 1462 
2730 1464 1462 1469 
2731 1468 1464 1469 
2732 209 208 1473 
2733 1459 209 1473 
2734 211 210 1471 
2735 1460 1463 1474 
2736 1469 1455 1471 
2737 213 212 1461 
2738 206 205 1475 
2739 204 203 1472 
2740 210 1459 1471 
2741 1457 204 1472 
2742 1455 211 1471 
2743 203 1456 1472 
2744 208 1458 1473 
2745 1462 1455 1469 
2746 1460 1461 1462 
2747 205 1457 1475 
2748 32 1460 1474 
2749 1460 213 1461 
2750 1457 1470 1475 
2751 1467 206 1475 
2752 1470 1467 1475 
2 48 2 46
2753 1486 1476 1489 
2754 1480 1482 1489 
2755 1484 1486 1489 
2756 1482 1484 1489 
2757 1476 1486 1487 
2758 1482 1480 1488 
2759 220 219 1477 
2760 216 215 1478 
2761 223 222 1480 
2762 33 224 1476 
2763 1479 1483 1492 
2764 218 217 1479 
2765 1483 1477 1492 
2766 1482 1483 1484 
2767 1481 1477 1482 
2768 1483 1479 1485 
2769 1481 1482 1488 
2770 1484 1483 1485 
2771 1482 1477 1483 
2772 1485 1479 1493 
2773 224 223 1491 
2774 215 214 1490 
2775 1478 215 1490 
2776 216 1478 1493 
2777 1485 1478 1486 
2778 222 221 1488 
2779 1478 1485 1493 
2780 217 216 1493 
2781 1484 1485 1486 
2782 1476 224 1491 
2783 223 1480 1491 
2784 1480 222 1488 
2785 1477 219 1492 
2786 220 1477 1481 
2787 218 1479 1492 
2788 214 33 1487 
2789 33 1476 1487 
2790 221 220 1481 
2791 219 218 1492 
2792 1479 217 1493 
2793 1487 1486 1490 
2794 1486 1478 1490 
2795 1480 1489 1491 
2796 221 1481 1488 
2797 1489 1476 1491 
2798 214 1487 1490 
2 49 2 38
2799 48 1495 1496 
2800 1494 48 1496 
2801 416 35 247 
2802 247 248 1499 
2803 1494 1496 1503 
2804 1499 248 1501 
2805 416 247 1499 
2806 1496 1497 1502 
2807 1495 1499 1501 
2808 255 35 1505 
2809 251 252 1496 
2810 249 250 1497 
2811 252 253 1503 
2812 253 254 1500 
2813 1497 250 1502 
2814 1500 1494 1503 
2815 248 249 1501 
2816 250 251 1502 
2817 1496 252 1503 
2818 249 1497 1501 
2819 1497 1495 1501 
2820 254 255 1504 
2821 253 1500 1503 
2822 251 1496 1502 
2823 48 415 1495 
2824 415 48 1494 
2825 1500 254 1504 
2826 415 416 1499 
2827 35 416 1505 
2828 416 415 1498 
2829 1504 255 1505 
2830 1498 1504 1505 
2831 1494 1500 1504 
2832 415 1494 1498 
2833 1498 1494 1504 
2834 1495 415 1499 
2835 416 1498 1505 
2836 1496 1495 1497 
2 50 2 39
2837 1506 49 1514 
2838 1509 1506 1514 
2839 1509 1514 1517 
2840 265 36 418 
2841 418 36 256 
2842 1514 1508 1517 
2843 265 418 1512 
2844 418 256 1511 
2845 418 417 1512 
2846 417 418 1511 
2847 256 257 1511 
2848 264 265 1512 
2849 1507 1510 1514 
2850 264 1512 1515 
2851 1511 257 1516 
2852 262 263 1509 
2853 258 259 1510 
2854 263 264 1515 
2855 257 258 1516 
2856 260 261 1508 
2857 259 260 1513 
2858 1508 261 1517 
2859 1510 1513 1514 
2860 1506 1509 1515 
2861 1510 1507 1516 
2862 1509 263 1515 
2863 258 1510 1516 
2864 261 262 1517 
2865 417 49 1506 
2866 49 417 1507 
2867 260 1508 1513 
2868 1510 259 1513 
2869 417 1506 1512 
2870 1507 417 1511 
2871 1513 1508 1514 
2872 49 1507 1514 
2873 262 1509 1517 
2874 1507 1511 1516 
2875 1512 1506 1515 
2 51 2 41
2876 275 37 420 
2877 37 266 420 
2878 420 266 1524 
2879 275 420 1523 
2880 1521 1519 1526 
2881 1518 1522 1528 
2882 420 419 1523 
2883 419 420 1524 
2884 266 267 1524 
2885 274 275 1523 
2886 1519 1521 1525 
2887 1522 1518 1527 
2888 1524 267 1527 
2889 268 269 1522 
2890 272 273 1521 
2891 274 1523 1525 
2892 270 271 1520 
2893 50 1518 1528 
2894 1519 50 1526 
2895 269 270 1530 
2896 273 274 1525 
2897 267 268 1527 
2898 1521 273 1525 
2899 1526 1520 1529 
2900 268 1522 1527 
2901 1520 271 1529 
2902 1521 1526 1529 
2903 419 1519 1523 
2904 1518 419 1524 
2905 50 419 1518 
2906 419 50 1519 
2907 1528 1522 1530 
2908 271 272 1529 
2909 1522 269 1530 
2910 270 1520 1530 
2911 1520 1528 1530 
2912 1520 1526 1528 
2913 272 1521 1529 
2914 1518 1524 1527 
2915 1523 1519 1525 
2916 1526 50 1528 
2 52 2 46
2917 51 1531 1542 
2918 308 421 39 
2919 39 421 298 
2920 422 421 1535 
2921 421 308 1535 
2922 298 421 1536 
2923 421 422 1536 
2924 1537 1533 1539 
2925 1531 422 1535 
2926 299 298 1536 
2927 1539 51 1542 
2928 299 1536 1538 
2929 305 304 1534 
2930 301 300 1537 
2931 303 302 1532 
2932 307 306 1540 
2933 308 307 1535 
2934 1535 307 1540 
2935 1533 51 1539 
2936 1533 1537 1538 
2937 422 1533 1536 
2938 1532 1539 1542 
2939 1531 1540 1544 
2940 300 299 1538 
2941 304 303 1543 
2942 1532 302 1541 
2943 1534 304 1543 
2944 306 305 1545 
2945 51 422 1531 
2946 422 51 1533 
2947 1539 1532 1541 
2948 1537 1539 1541 
2949 302 301 1541 
2950 1537 300 1538 
2951 1531 1535 1540 
2952 1540 306 1545 
2953 1536 1533 1538 
2954 303 1532 1543 
2955 1532 1542 1543 
2956 1544 1540 1545 
2957 305 1534 1545 
2958 301 1537 1541 
2959 1542 1534 1543 
2960 1534 1542 1544 
2961 1534 1544 1545 
2962 1542 1531 1544 
2 53 2 39
2963 318 423 40 
2964 423 309 40 
2965 1549 1547 1554 
2966 1549 1554 1556 
2967 309 423 1551 
2968 423 318 1552 
2969 424 423 1552 
2970 423 424 1551 
2971 1546 1550 1554 
2972 310 309 1551 
2973 318 317 1552 
2974 52 1546 1554 
2975 314 313 1548 
2976 311 310 1555 
2977 312 311 1549 
2978 316 315 1550 
2979 310 1551 1555 
2980 1552 317 1553 
2981 317 316 1553 
2982 313 312 1556 
2983 1554 1550 1557 
2984 1550 315 1557 
2985 315 314 1557 
2986 52 424 1546 
2987 424 52 1547 
2988 1549 311 1555 
2989 1547 1549 1555 
2990 1550 1546 1553 
2991 1554 1548 1556 
2992 316 1550 1553 
2993 1548 313 1556 
2994 312 1549 1556 
2995 1546 424 1552 
2996 424 1547 1551 
2997 314 1548 1557 
2998 1548 1554 1557 
2999 1546 1552 1553 
3000 1551 1547 1555 
3001 1547 52 1554 
2 54 2 46
3002 1558 1568 1571 
3003 1558 53 1568 
3004 329 425 41 
3005 425 319 41 
3006 426 425 1562 
3007 425 426 1563 
3008 425 329 1562 
3009 319 425 1563 
3010 1560 1564 1565 
3011 1560 426 1562 
3012 426 1558 1563 
3013 53 1565 1568 
3014 322 321 1572 
3015 323 322 1561 
3016 327 326 1564 
3017 321 320 1566 
3018 325 324 1559 
3019 329 328 1562 
3020 320 319 1563 
3021 53 1560 1565 
3022 320 1563 1566 
3023 1564 1560 1570 
3024 326 325 1567 
3025 1566 1558 1571 
3026 1565 1559 1568 
3027 1559 324 1569 
3028 1562 328 1570 
3029 53 426 1560 
3030 426 53 1558 
3031 1560 1562 1570 
3032 328 327 1570 
3033 324 323 1569 
3034 1565 1564 1567 
3035 325 1559 1567 
3036 1566 1571 1572 
3037 1564 326 1567 
3038 321 1566 1572 
3039 1563 1558 1566 
3040 1561 322 1572 
3041 1568 1559 1569 
3042 323 1561 1569 
3043 327 1564 1570 
3044 1559 1565 1567 
3045 1561 1568 1569 
3046 1568 1561 1571 
3047 1571 1561 1572 
2 55 2 41
3048 1577 1581 1584 
3049 1581 1573 1584 
3050 1574 1579 1582 
3051 1579 1574 1583 
3052 1581 1577 1582 
3053 343 344 1575 
3054 347 348 1573 
3055 349 350 1577 
3056 42 341 1574 
3057 347 1573 1587 
3058 1579 1581 1582 
3059 1579 1580 1581 
3060 345 346 1576 
3061 1578 1579 1583 
3062 1573 1581 1588 
3063 341 342 1583 
3064 1579 1575 1580 
3065 1578 1575 1579 
3066 342 343 1578 
3067 1580 1575 1586 
3068 350 42 1585 
3069 348 349 1584 
3070 346 347 1587 
3071 1581 1580 1588 
3072 1577 350 1585 
3073 1576 1580 1586 
3074 1574 341 1583 
3075 343 1575 1578 
3076 1573 348 1584 
3077 349 1577 1584 
3078 1575 344 1586 
3079 1587 1573 1588 
3080 344 345 1586 
3081 42 1574 1585 
3082 1580 1576 1588 
3083 1582 1577 1585 
3084 345 1576 1586 
3085 342 1578 1583 
3086 1576 346 1587 
3087 1574 1582 1585 
3088 1576 1587 1588 
2 56 2 43
3089 1597 1595 1602 
3090 1590 1597 1602 
3091 1589 1598 1599 
3092 353 1591 1600 
3093 352 353 1600 
3094 357 1590 1602 
3095 1596 1597 1598 
3096 359 360 1592 
3097 43 351 1589 
3098 357 358 1590 
3099 353 354 1591 
3100 43 1589 1599 
3101 1596 1595 1597 
3102 1591 1596 1600 
3103 1598 1592 1599 
3104 1598 1589 1604 
3105 1597 1590 1601 
3106 1591 1595 1596 
3107 360 43 1599 
3108 355 356 1593 
3109 1592 1598 1601 
3110 1598 1597 1601 
3111 1596 1598 1604 
3112 359 1592 1603 
3113 1590 358 1603 
3114 356 357 1602 
3115 1591 354 1594 
3116 358 359 1603 
3117 351 352 1605 
3118 1600 1596 1604 
3119 354 355 1594 
3120 1591 1594 1595 
3121 1589 351 1605 
3122 1592 360 1599 
3123 352 1600 1605 
3124 355 1593 1594 
3125 1601 1590 1603 
3126 1592 1601 1603 
3127 1594 1593 1595 
3128 1600 1604 1605 
3129 1604 1589 1605 
3130 1593 356 1602 
3131 1595 1593 1602 
2 57 2 41
3132 1607 361 1617 
3133 361 362 1617 
3134 1614 1612 1618 
3135 1607 1617 1621 
3136 1606 1614 1618 
3137 1607 1615 1616 
3138 363 1608 1617 
3139 362 363 1617 
3140 1613 1614 1615 
3141 369 370 1609 
3142 367 1606 1618 
3143 44 361 1607 
3144 44 1607 1616 
3145 363 364 1608 
3146 367 368 1606 
3147 1613 1612 1614 
3148 1608 1613 1617 
3149 1615 1607 1621 
3150 1608 1612 1613 
3151 370 44 1616 
3152 1615 1609 1616 
3153 365 366 1610 
3154 1614 1606 1620 
3155 1613 1615 1621 
3156 1609 1615 1620 
3157 368 369 1619 
3158 366 367 1618 
3159 1615 1614 1620 
3160 369 1609 1619 
3161 1606 368 1619 
3162 1608 364 1611 
3163 364 365 1611 
3164 1617 1613 1621 
3165 1609 370 1616 
3166 1608 1611 1612 
3167 365 1610 1611 
3168 1619 1609 1620 
3169 1606 1619 1620 
3170 1611 1610 1612 
3171 1610 366 1618 
3172 1612 1610 1618 
2 58 2 46
3173 1628 1624 1630 
3174 1626 1631 1633 
3175 1624 1628 1629 
3176 1630 1625 1632 
3177 1631 1626 1638 
3178 1632 1625 1635 
3179 1628 1630 1631 
3180 1630 1624 1636 
3181 1625 1630 1636 
3182 386 387 1623 
3183 45 382 1622 
3184 384 385 1626 
3185 389 390 1624 
3186 391 392 1625 
3187 389 1624 1629 
3188 1626 1633 1637 
3189 1631 1632 1633 
3190 1631 1630 1632 
3191 388 389 1629 
3192 1632 1622 1633 
3193 1628 1631 1638 
3194 1622 1632 1635 
3195 1626 385 1634 
3196 385 386 1634 
3197 392 45 1635 
3198 387 388 1627 
3199 390 391 1636 
3200 1628 1627 1629 
3201 1625 392 1635 
3202 1623 1628 1638 
3203 1624 390 1636 
3204 1623 1627 1628 
3205 391 1625 1636 
3206 384 1626 1637 
3207 45 1622 1635 
3208 383 384 1637 
3209 386 1623 1634 
3210 1622 382 1639 
3211 1633 1622 1639 
3212 382 383 1639 
3213 1623 387 1627 
3214 1626 1634 1638 
3215 1627 388 1629 
3216 383 1637 1639 
3217 1637 1633 1639 
3218 1634 1623 1638 
2 59 2 50
3219 1650 1649 1659 
3220 1649 1652 1659 
3221 1640 1649 1650 
3222 1648 1646 1654 
3223 1652 1643 1659 
3224 1647 1648 1649 
3225 1647 1646 1648 
3226 1655 1643 1656 
3227 46 393 1640 
3228 399 400 1642 
3229 395 396 1641 
3230 401 402 1643 
3231 1643 1652 1656 
3232 46 1640 1650 
3233 1646 1644 1654 
3234 397 398 1644 
3235 394 395 1651 
3236 395 1641 1651 
3237 1641 1646 1647 
3238 399 1642 1653 
3239 403 46 1650 
3240 1641 1647 1651 
3241 1649 1648 1652 
3242 401 1643 1655 
3243 402 403 1659 
3244 400 401 1655 
3245 1651 1647 1658 
3246 398 399 1653 
3247 393 394 1657 
3248 1649 1640 1658 
3249 1657 1651 1658 
3250 394 1651 1657 
3251 1647 1649 1658 
3252 1641 396 1645 
3253 397 1644 1645 
3254 396 397 1645 
3255 1643 402 1659 
3256 1642 400 1655 
3257 1641 1645 1646 
3258 1653 1642 1654 
3259 1640 393 1657 
3260 1644 398 1653 
3261 1648 1654 1656 
3262 1645 1644 1646 
3263 1644 1653 1654 
3264 1652 1648 1656 
3265 1642 1655 1656 
3266 403 1650 1659 
3267 1654 1642 1656 
3268 1640 1657 1658 
2 60 2 50
3269 413 414 1678 
3270 414 1670 1678 
3271 1660 1669 1670 
3272 1670 1669 1678 
3273 1663 413 1678 
3274 1668 1666 1674 
3275 1666 1664 1674 
3276 1663 1675 1676 
3277 1667 1668 1669 
3278 47 404 1660 
3279 410 411 1662 
3280 406 1661 1672 
3281 1667 1666 1668 
3282 47 1660 1670 
3283 406 407 1661 
3284 412 413 1663 
3285 1663 1671 1675 
3286 408 409 1664 
3287 405 406 1672 
3288 410 1662 1673 
3289 1661 1666 1667 
3290 1669 1668 1671 
3291 1669 1671 1678 
3292 1661 1667 1672 
3293 412 1663 1676 
3294 1669 1660 1677 
3295 414 47 1670 
3296 411 412 1676 
3297 1667 1669 1677 
3298 409 410 1673 
3299 1660 404 1679 
3300 1661 407 1665 
3301 1661 1665 1666 
3302 1668 1674 1675 
3303 1673 1662 1674 
3304 408 1664 1665 
3305 404 405 1679 
3306 407 408 1665 
3307 1672 1667 1677 
3308 1662 411 1676 
3309 1671 1668 1675 
3310 1665 1664 1666 
3311 1664 1673 1674 
3312 1664 409 1673 
3313 1671 1663 1678 
3314 1675 1662 1676 
3315 1674 1662 1675 
3316 405 1672 1679 
3317 1677 1660 1679 
3318 1672 1677 1679 
3 1 4 6586
3319 109 1131 755 748 
3320 1680 733 1681 696 
3321 1682 863 1683 827 
3322 1684 1194 1685 1686 
3323 1687 1688 1074 1562 
3324 1319 1074 1138 1127 
3325 1069 309 423 1551 
3326 1689 1690 1691 1288 
3327 1692 51 1693 1694 
3328 1695 1155 1696 1559 
3329 1680 1697 1698 1699 
3330 1637 1335 1333 383 
3331 1335 383 1639 382 
3332 1700 595 594 625 
3333 1688 1361 1349 1421 
3334 1700 595 593 594 
3335 1701 1702 710 713 
3336 1703 957 980 985 
3337 1703 980 957 921 
3338 1683 828 1452 827 
3339 375 1704 1705 1299 
3340 375 1704 1706 1705 
3341 1704 755 1133 1131 
3342 1109 863 903 827 
3343 1707 1708 1709 1513 
3344 1710 664 1590 1602 
3345 1686 661 752 779 
3346 1711 1167 1228 1239 
3347 338 1399 1167 337 
3348 1413 1712 1243 1370 
3349 1713 1714 1715 1716 
3350 1072 1700 1049 1717 
3351 1718 1392 1400 1120 
3352 1719 618 599 1140 
3353 1559 1720 1565 1721 
3354 1722 1723 1724 536 
3355 1725 855 822 745 
3356 1726 503 1727 512 
3357 206 795 207 1467 
3358 206 1467 832 795 
3359 206 832 1467 1475 
3360 758 113 1132 112 
3361 1689 1117 1066 1141 
3362 125 761 124 1265 
3363 125 1251 761 1265 
3364 1687 1069 1127 1319 
3365 1688 1379 1325 1421 
3366 1570 327 1555 1564 
3367 1159 370 44 1616 
3368 1728 44 1607 1616 
3369 1687 1564 1720 1565 
3370 1116 1729 1071 1144 
3371 423 40 1071 318 
3372 1099 1096 425 1325 
3373 1138 292 1319 1127 
3374 209 1473 208 792 
3375 209 792 1459 1473 
3376 878 176 175 1410 
3377 878 175 883 1410 
3378 878 1661 883 819 
3379 1730 594 1066 1053 
3380 1731 1113 371 1292 
3381 1732 1536 1717 1533 
3382 283 284 1247 1124 
3383 265 1512 987 264 
3384 265 1027 987 1512 
3385 265 1027 1512 1005 
3386 1733 1734 1735 1647 
3387 1736 532 70 71 
3388 1737 1738 1739 533 
3389 1737 1635 1632 1625 
3390 1740 1741 1742 431 
3391 1743 1174 1189 1171 
3392 1736 1636 70 1372 
3393 1744 631 1745 83 
3394 61 6 1746 1747 
3395 543 534 536 1721 
3396 371 1102 1114 1035 
3397 371 24 746 1035 
3398 1238 483 481 1239 
3399 483 1227 481 1239 
3400 1238 483 485 481 
3401 483 476 1238 485 
3402 1711 1320 400 1642 
3403 1748 1388 403 1353 
3404 1394 1196 1749 1370 
3405 1749 476 63 5 
3406 1749 483 1711 63 
3407 1700 624 625 594 
3408 285 1045 286 1244 
3409 285 1045 1244 1139 
3410 1750 1244 1718 1045 
3411 1744 473 1751 655 
3412 1730 1700 594 624 
3413 1743 1747 6 478 
3414 1733 490 1656 491 
3415 1743 471 1617 480 
3416 1752 1720 1716 1714 
3417 1193 276 277 1115 
3418 1260 1193 277 1115 
3419 1260 277 1135 1115 
3420 1753 1034 1094 1135 
3421 1753 346 1576 1207 
3422 1754 774 700 742 
3423 1754 773 692 749 
3424 1697 1755 1756 1303 
3425 1757 59 1468 60 
3426 1758 1403 1472 1457 
3427 1759 1468 1760 1458 
3428 1761 1762 1763 1741 
3429 108 20 1149 765 
3430 1746 1235 528 1264 
3431 1751 1728 472 487 
3432 482 61 1417 62 
3433 1743 1171 363 1174 
3434 482 1228 1225 1227 
3435 1746 9 540 528 
3436 1764 1765 573 576 
3437 1680 155 1312 1311 
3438 1547 1549 1766 1720 
3439 1767 1768 1694 1769 
3440 1283 1252 526 1164 
3441 526 1283 1219 1252 
3442 1283 1219 522 525 
3443 1283 1396 1245 1164 
3444 1376 45 382 1622 
3445 1770 1430 1376 1354 
3446 1376 1622 382 1639 
3447 1547 1549 1720 1555 
3448 1342 1643 401 1344 
3449 1771 1772 1179 1610 
3450 1773 626 627 597 
3451 399 1346 398 1653 
3452 399 1346 1653 1642 
3453 98 976 757 99 
3454 1725 928 868 788 
3455 1725 868 850 788 
3456 1046 114 113 781 
3457 1046 1114 114 781 
3458 1774 552 548 12 
3459 1759 811 207 1458 
3460 1775 859 1776 900 
3461 1700 1693 1689 1732 
3462 1777 224 1491 1476 
3463 1778 1502 1497 250 
3464 1771 1178 1773 1575 
3465 188 189 797 924 
3466 1779 975 1026 940 
3467 1780 1470 1465 1466 
3468 1774 1390 1347 1329 
3469 1759 811 862 795 
3470 1780 1457 1465 1470 
3471 1705 1781 1682 1782 
3472 1087 1706 727 375 
3473 1783 1094 1753 1034 
3474 1700 624 1693 625 
3475 1784 1532 1087 1541 
3476 1767 1694 1768 1693 
3477 1684 1686 1208 1194 
3478 994 1016 225 1241 
3479 994 225 226 1241 
3480 994 1177 226 929 
3481 994 1241 226 1177 
3482 383 384 1333 1637 
3483 1637 1335 383 1639 
3484 1740 560 561 557 
3485 227 929 226 1177 
3486 227 929 1177 1221 
3487 1785 1786 1750 10 
3488 1740 1787 1788 561 
3489 1785 1722 1786 539 
3490 793 220 219 1477 
3491 1150 1683 863 1109 
3492 1789 1790 431 433 
3493 1354 397 398 1644 
3494 1733 1791 1792 488 
3495 1770 1346 492 1653 
3496 1683 1450 1451 1452 
3497 1793 1794 1795 461 
3498 1683 1061 1109 1079 
3499 1704 375 1706 1532 
3500 1784 694 144 1302 
3501 1784 727 1706 1302 
3502 1102 1689 1066 1730 
3503 1796 642 643 632 
3504 1797 1188 1605 1270 
3505 1798 646 1799 644 
3506 629 1052 1075 623 
3507 1054 596 598 1057 
3508 1800 1414 1801 1366 
3509 230 1213 992 1216 
3510 1729 1774 1776 1386 
3511 1729 1802 1071 423 
3512 1729 1803 1804 1546 
3513 1775 844 1805 861 
3514 1803 1557 1554 1550 
3515 273 1525 274 930 
3516 1778 1806 1807 514 
3517 1310 1680 1312 1308 
3518 1489 1777 498 1491 
3519 931 185 851 999 
3520 184 821 931 851 
3521 1718 1396 1348 1395 
3522 1718 1272 1423 1145 
3523 1718 1395 1272 1198 
3524 1072 1700 1050 1049 
3525 1147 118 782 766 
3526 1753 1573 347 1199 
3527 1808 984 972 953 
3528 1809 1651 1350 1317 
3529 990 1406 240 917 
3530 1809 1657 1651 1658 
3531 1809 961 1405 1350 
3532 1808 1336 1810 1670 
3533 1423 330 1272 1395 
3534 1423 297 1145 38 
3535 1423 1272 38 1145 
3536 1423 38 1272 330 
3537 1398 1318 1437 1475 
3538 374 23 130 659 
3539 131 130 763 1286 
3540 1811 1754 378 692 
3541 1812 699 1813 726 
3542 1768 1814 1692 1694 
3543 1815 1816 1817 1818 
3544 1689 1117 1287 1102 
3545 1819 1820 637 77 
3546 1787 1821 1822 1716 
3547 514 517 510 1807 
3548 1700 1693 1717 625 
3549 1794 463 1814 469 
3550 1823 1765 1824 509 
3551 601 1052 1107 595 
3552 1700 1141 1051 1031 
3553 1700 1050 1049 1031 
3554 1179 366 1610 365 
3555 1175 1723 1157 1176 
3556 1723 1176 1269 1157 
3557 1725 850 822 855 
3558 1700 1693 1732 1717 
3559 976 668 99 907 
3560 1825 1701 1826 1827 
3561 1548 1058 1556 313 
3562 1828 1055 1155 1100 
3563 1793 1715 1694 462 
3564 1548 314 1058 313 
3565 1829 1078 1086 1036 
3566 1681 693 733 780 
3567 1812 1813 1830 726 
3568 1831 1703 1832 1833 
3569 1681 732 733 682 
3570 1736 1747 1737 61 
3571 1788 1369 569 1411 
3572 1792 84 479 655 
3573 1791 488 489 477 
3574 1407 856 176 177 
3575 1407 405 1679 1359 
3576 1834 798 1407 1435 
3577 977 107 739 106 
3578 1707 954 1835 991 
3579 1684 767 1016 1274 
3580 1684 767 747 739 
3581 1242 766 760 119 
3582 22 119 766 1271 
3583 22 1271 1147 276 
3584 1729 1553 317 1038 
3585 1805 891 837 873 
3586 1805 837 1836 864 
3587 1106 162 864 1080 
3588 1106 163 864 162 
3589 1805 1041 1106 1123 
3590 1836 864 837 865 
3591 1837 1817 1838 1581 
3592 1725 893 822 868 
3593 1726 931 1777 958 
3594 1777 498 503 495 
3595 1794 463 469 465 
3596 786 1454 1440 194 
3597 1839 1439 191 1442 
3598 1836 1535 1039 1060 
3599 1836 1123 1106 1076 
3600 1836 1782 1683 1451 
3601 1700 1052 1051 594 
3602 1812 726 1830 674 
3603 1710 736 664 753 
3604 1840 1745 1841 1842 
3605 1843 1844 1796 1845 
3606 1700 1052 1050 1051 
3607 1832 1846 1847 1681 
3608 567 555 572 1391 
3609 567 569 555 1391 
3610 1788 569 1391 1411 
3611 1704 719 1543 1095 
3612 834 1682 724 1781 
3613 724 834 750 768 
3614 1759 1757 1468 1466 
3615 571 1759 1848 552 
3616 1700 1051 1050 1031 
3617 1803 1550 1546 1553 
3618 1712 1749 476 1237 
3619 1522 1849 1850 922 
3620 1851 476 5 475 
3621 1808 1810 1852 1670 
3622 1017 1406 1405 241 
3623 1795 193 807 1448 
3624 1755 740 820 703 
3625 724 768 869 834 
3626 1853 1754 1781 1854 
3627 1793 1814 1694 1782 
3628 1855 1817 1838 1856 
3629 1826 1702 691 710 
3630 1805 837 864 873 
3631 1857 1782 1531 1683 
3632 1793 1795 454 461 
3633 1682 814 863 827 
3634 1440 808 194 195 
3635 1836 1047 1039 1535 
3636 1775 1805 1803 1093 
3637 1836 1450 808 1440 
3638 1041 799 864 163 
3639 1775 1776 859 1105 
3640 1805 1836 1795 454 
3641 891 1805 459 825 
3642 1661 1667 889 1672 
3643 1661 889 1667 819 
3644 1858 819 1667 889 
3645 261 923 260 1508 
3646 1859 925 1002 1515 
3647 1707 954 991 935 
3648 1860 1216 992 1213 
3649 1855 374 1293 1296 
3650 510 514 1807 518 
3651 878 1410 1661 406 
3652 883 1410 175 174 
3653 910 821 1011 183 
3654 1779 1861 1862 919 
3655 1819 1863 1820 442 
3656 1791 1737 493 489 
3657 396 1800 1352 1641 
3658 1864 654 1841 77 
3659 1865 971 1707 938 
3660 878 883 1661 1410 
3661 883 1665 1410 1365 
3662 1866 1709 1860 1187 
3663 1860 1187 1709 1216 
3664 1798 646 647 635 
3665 1709 1510 258 939 
3666 653 652 641 1728 
3667 1867 1820 1868 1869 
3668 1708 1509 1514 1517 
3669 1823 1765 509 511 
3670 1855 1818 1691 1817 
3671 117 783 116 1108 
3672 1748 266 932 1524 
3673 982 1851 1850 1860 
3674 1851 1866 1728 487 
3675 1855 1691 1812 374 
3676 1870 1507 49 417 
3677 1702 663 777 713 
3678 1871 1859 1002 1515 
3679 1683 1060 1109 1061 
3680 1755 872 815 843 
3681 1811 25 778 704 
3682 1781 742 1754 665 
3683 589 1698 1872 576 
3684 906 102 663 101 
3685 663 980 102 906 
3686 1831 1833 1832 1873 
3687 1703 991 979 921 
3688 1690 1301 1692 1874 
3689 1875 1818 1815 1876 
3690 1864 428 446 449 
3691 16 79 1075 1097 
3692 1783 1773 597 1090 
3693 598 596 608 1057 
3694 598 1783 1057 608 
3695 1054 598 1097 1065 
3696 1835 965 1025 911 
3697 1802 1357 556 1397 
3698 1774 1373 1375 1386 
3699 207 1759 1467 795 
3700 1804 564 552 12 
3701 1776 1063 1121 1119 
3702 1776 1121 1063 1105 
3703 1318 847 1398 1384 
3704 1684 1197 1208 1258 
3705 925 1509 262 263 
3706 1877 1495 48 415 
3707 925 1515 1509 263 
3708 1767 1694 1693 1769 
3709 591 1767 585 1878 
3710 1841 1878 612 1716 
3711 1796 640 642 630 
3712 1493 216 217 840 
3713 1493 840 217 870 
3714 1493 789 216 840 
3715 1671 1879 1668 1790 
3716 1493 789 1478 216 
3717 1757 60 1468 1469 
3718 1880 1371 568 1380 
3719 1737 1362 492 1418 
3720 1708 646 1799 1798 
3721 1841 1881 1842 1745 
3722 1791 1747 477 493 
3723 1831 732 1681 682 
3724 529 1736 1747 1737 
3725 1762 1741 559 560 
3726 239 917 240 1321 
3727 1321 972 239 917 
3728 942 1166 232 1223 
3729 233 232 1223 942 
3730 254 919 253 1500 
3731 1778 1807 905 913 
3732 1804 564 1848 552 
3733 1880 1334 1882 1313 
3734 1125 1802 1071 1116 
3735 1883 1085 1805 1078 
3736 993 1013 973 1355 
3737 1884 1355 866 857 
3738 1808 1419 1735 1433 
3739 1831 732 1830 1681 
3740 909 1416 1355 1429 
3741 1831 1830 1846 1681 
3742 1855 1691 374 373 
3743 360 1686 1210 1592 
3744 1831 1873 1846 1830 
3745 1859 1022 908 1517 
3746 1719 1885 615 618 
3747 1690 146 1301 709 
3748 626 1719 1772 615 
3749 1742 1801 1332 1366 
3750 1322 75 1369 1351 
3751 1322 411 1676 1351 
3752 167 168 1063 818 
3753 167 1063 859 818 
3754 1743 1189 1746 540 
3755 1189 1264 540 1171 
3756 1189 1255 1174 471 
3757 1743 1171 1608 363 
3758 1176 1175 537 544 
3759 1175 1723 1176 537 
3760 537 1175 1723 1171 
3761 1865 1004 1709 1168 
3762 1886 434 1887 438 
3763 1886 436 450 437 
3764 1834 1884 830 886 
3765 450 437 1888 513 
3766 287 1422 1146 29 
3767 677 1306 1305 151 
3768 1305 28 378 700 
3769 767 977 739 1684 
3770 18 1745 1840 1889 
3771 1835 1025 1684 977 
3772 75 74 1427 549 
3773 75 1427 74 1351 
3774 1874 709 1301 771 
3775 1812 673 715 659 
3776 1692 1298 1781 1754 
3777 1846 587 582 586 
3778 1806 1777 1890 1003 
3779 1891 1827 1826 1892 
3780 1726 898 1727 503 
3781 1719 1885 1772 615 
3782 1725 822 893 764 
3783 1827 948 946 947 
3784 1701 1000 1702 713 
3785 1719 1092 1091 1037 
3786 16 623 1075 79 
3787 1829 1893 1883 1803 
3788 601 600 1126 1103 
3789 1103 1140 618 1056 
3790 1056 1719 1140 618 
3791 807 836 460 458 
3792 807 884 836 458 
3793 363 362 1617 1174 
3794 1722 1723 538 1269 
3795 960 1388 243 1381 
3796 960 243 961 1381 
3797 960 420 961 37 
3798 960 1381 961 420 
3799 1894 1499 1019 1501 
3800 1895 1894 1734 429 
3801 1896 1897 920 416 
3802 1895 1809 1525 930 
3803 1895 1809 1519 1525 
3804 1709 1516 258 1510 
3805 1798 1845 1728 641 
3806 1872 1768 589 1814 
3807 1700 1689 1730 1066 
3808 1811 778 692 666 
3809 1748 960 1388 1028 
3810 1748 1659 1712 1353 
3811 1785 1572 1571 1561 
3812 1712 1370 1196 1243 
3813 1748 1524 932 1527 
3814 1235 545 532 528 
3815 1897 1877 1895 1 
3816 1834 1884 858 857 
3817 1862 885 871 833 
3818 1898 1884 901 823 
3819 1779 1897 1896 1899 
3820 504 1756 1727 1891 
3821 1827 951 1892 968 
3822 1748 962 998 996 
3823 1900 1851 5 484 
3824 1388 960 1640 1381 
3825 1748 403 1650 1659 
3826 1733 1648 1647 1646 
3827 902 1683 828 1836 
3828 1061 1545 305 1070 
3829 1682 1079 1704 1683 
3830 1776 1063 895 818 
3831 1695 1829 1033 1556 
3832 1712 1006 933 1162 
3833 1609 370 1211 1616 
3834 1609 370 369 1211 
3835 1845 1159 1616 1211 
3836 1796 643 642 644 
3837 1901 42 1594 1212 
3838 1859 908 1022 935 
3839 822 855 95 745 
3840 96 822 95 745 
3841 1725 764 1014 701 
3842 96 893 822 764 
3843 1871 1869 1778 1859 
3844 1888 443 451 437 
3845 1902 1897 427 444 
3846 1785 322 1561 1048 
3847 916 259 260 1513 
3848 1785 322 1572 1561 
3849 1833 716 735 688 
3850 1865 1221 1004 1168 
3851 1903 1204 1231 1282 
3852 1785 1129 1903 1750 
3853 1904 1560 1688 1905 
3854 522 68 1283 525 
3855 69 1283 68 525 
3856 977 106 739 669 
3857 1245 331 332 1396 
3858 1718 524 1906 531 
3859 1245 1396 332 1164 
3860 1722 539 538 536 
3861 1797 1160 43 1170 
3862 1722 543 539 536 
3863 1832 1873 1833 1685 
3864 536 1724 1722 1721 
3865 1774 72 12 548 
3866 1780 551 571 553 
3867 247 997 1499 248 
3868 247 1029 1499 997 
3869 348 1907 1199 1573 
3870 1753 1115 1059 1147 
3871 1753 1260 1135 1115 
3872 1295 1731 1292 705 
3873 803 1481 221 220 
3874 1908 499 502 501 
3875 1908 221 803 1481 
3876 1811 377 1754 749 
3877 1704 667 142 762 
3878 1692 1754 1853 1909 
3879 1692 1811 1874 1301 
3880 1689 1062 1784 1136 
3881 1876 607 616 624 
3882 1730 1101 1113 1089 
3883 1784 1706 1541 1537 
3884 1689 1136 1784 1046 
3885 935 1707 1859 1832 
3886 1824 518 1827 508 
3887 581 1820 588 78 
3888 1806 1890 1778 1496 
3889 1796 1910 1889 1842 
3890 1751 487 1158 1607 
3891 1620 1606 1614 1843 
3892 1832 1707 1835 991 
3893 1901 1595 1911 1596 
3894 1239 1711 1167 1749 
3895 1773 1034 1130 1090 
3896 1846 1911 1873 1844 
3897 1867 646 633 636 
3898 1710 736 1590 664 
3899 1846 643 1796 644 
3900 543 534 1906 530 
3901 1760 1459 812 792 
3902 1912 1492 1913 876 
3903 1913 452 1471 796 
3904 1913 845 877 796 
3905 1914 1484 1915 499 
3906 1916 1648 1849 1649 
3907 1658 1651 1809 1647 
3908 1641 395 1651 1317 
3909 1748 996 998 1413 
3910 1712 933 996 1243 
3911 1737 1418 1376 45 
3912 1711 1228 482 483 
3913 1362 62 1417 61 
3914 1773 1178 1772 1267 
3915 1773 1256 1190 1205 
3916 1275 1163 1128 281 
3917 1773 627 626 604 
3918 1256 1037 1130 280 
3919 1256 280 1130 279 
3920 1624 523 70 69 
3921 1545 1544 1534 1704 
3922 1829 1058 1033 1556 
3923 421 1142 1047 39 
3924 1695 1155 1567 1084 
3925 1843 1606 1278 1202 
3926 1722 542 538 539 
3927 368 1843 1202 1606 
3928 368 1619 1234 1277 
3929 1885 615 618 613 
3930 1721 543 1722 536 
3931 1772 1203 1249 1269 
3932 1231 1282 1128 1067 
3933 1231 1128 282 1067 
3934 1811 378 1310 692 
3935 1824 510 518 508 
3936 1901 1817 1585 1582 
3937 1105 824 166 859 
3938 1903 1772 1232 1282 
3939 1750 1218 1253 1161 
3940 1750 68 1220 522 
3941 1746 482 470 61 
3942 1750 68 1718 1220 
3943 1292 1113 1035 1108 
3944 1292 1035 746 1108 
3945 1835 979 1703 991 
3946 1684 1833 1835 723 
3947 1826 1699 381 1309 
3948 979 921 104 738 
3949 1917 803 1918 1913 
3950 1756 1306 1755 897 
3951 1891 839 1725 855 
3952 1830 1813 1681 726 
3953 1808 1735 1895 1809 
3954 1779 885 1862 901 
3955 1299 26 719 143 
3956 1704 1070 1545 1683 
3957 1722 1903 542 539 
3958 1917 64 1914 1919 
3959 414 1336 1678 1670 
3960 1137 1361 1718 1068 
3961 1718 1423 1395 1392 
3962 1718 1361 1906 1563 
3963 1750 1073 1153 1134 
3964 394 1350 1657 1651 
3965 1916 419 1518 50 
3966 420 1640 1658 1916 
3967 1828 1714 1072 1122 
3968 1828 1072 1151 1122 
3969 79 1696 618 80 
3970 1913 1920 1919 3 
3971 1912 218 876 870 
3972 1853 1909 1754 1755 
3973 1914 1919 1921 1913 
3974 212 213 1461 876 
3975 212 845 876 1461 
3976 1794 469 1814 1920 
3977 1854 815 1755 872 
3978 1794 469 1920 465 
3979 1758 1472 842 203 
3980 1793 1782 1836 1451 
3981 192 807 193 1448 
3982 1920 791 192 807 
3983 995 757 98 976 
3984 1489 1777 1491 1476 
3985 1777 958 1010 1003 
3986 1810 972 909 1387 
3987 1858 819 1758 1661 
3988 1806 1827 1807 518 
3989 1718 1361 1400 1431 
3990 1718 1244 1198 1272 
3991 1253 1218 1750 522 
3992 644 1796 1844 640 
3993 1831 681 680 676 
3994 1911 1595 1597 1596 
3995 1798 1870 1866 1709 
3996 1830 1681 732 726 
3997 906 1703 985 1000 
3998 1788 1341 1369 1391 
3999 1880 1922 565 566 
4000 1863 639 654 637 
4001 1786 1566 1563 1558 
4002 654 1744 1745 83 
4003 1788 1412 1369 1341 
4004 1788 1369 1322 75 
4005 1744 473 477 478 
4006 1770 1418 1737 492 
4007 1809 1401 1433 1358 
4008 1923 479 484 488 
4009 1851 484 1866 487 
4010 1722 1203 538 1183 
4011 1712 1243 1196 1236 
4012 485 1263 1268 487 
4013 1851 1850 1849 1712 
4014 1900 1528 1522 1850 
4015 1711 1642 1346 1320 
4016 1798 1728 648 641 
4017 1860 982 981 927 
4018 610 625 628 1717 
4019 1752 628 1717 610 
4020 298 1536 1049 299 
4021 1689 1691 1876 1288 
4022 1689 1062 1732 1784 
4023 114 781 1114 743 
4024 1800 396 1316 1645 
4025 1740 54 431 55 
4026 1733 1900 490 488 
4027 1858 840 1493 870 
4028 1455 1921 1913 1912 
4029 1912 876 1461 213 
4030 1492 876 219 845 
4031 1858 1668 1667 1666 
4032 1790 1671 1852 1669 
4033 1647 1916 1809 1658 
4034 656 653 472 652 
4035 1733 1735 1800 1647 
4036 1893 1804 1922 564 
4037 1713 468 1924 464 
4038 1863 639 638 649 
4039 446 1819 445 442 
4040 1905 1356 1357 1425 
4041 536 1925 1724 1822 
4042 62 491 492 1642 
4043 1711 1417 482 1434 
4044 483 1228 1227 1239 
4045 1744 655 1751 651 
4046 1903 1128 1067 1112 
4047 1171 540 537 541 
4048 1903 1129 1067 1124 
4049 1203 538 1176 1269 
4050 221 785 222 1488 
4051 1656 1733 1900 490 
4052 1920 807 192 1448 
4053 1857 1040 421 1536 
4054 1805 799 873 864 
4055 1760 459 825 455 
4056 1857 422 421 1535 
4057 1775 1803 1760 1848 
4058 1883 4 1805 58 
4059 1568 1558 1571 1786 
4060 1857 421 422 1536 
4061 1687 423 424 1551 
4062 1865 1799 1798 1709 
4063 261 1508 1022 923 
4064 1753 712 766 1147 
4065 1753 347 1233 1199 
4066 1753 1233 1260 1193 
4067 1910 602 603 604 
4068 1885 1112 1092 1128 
4069 1880 565 556 566 
4070 1698 1768 1697 1811 
4071 1870 648 635 1798 
4072 581 1820 77 637 
4073 573 1888 1847 1765 
4074 581 1820 78 77 
4075 1826 710 679 769 
4076 1826 684 1725 759 
4077 713 751 978 906 
4078 1703 1702 906 663 
4079 1871 943 1002 941 
4080 1015 1424 34 246 
4081 1407 405 406 1672 
4082 1407 1672 1679 405 
4083 1901 1585 1593 1594 
4084 1798 1181 1159 1261 
4085 1710 1911 1598 1844 
4086 1856 664 714 753 
4087 1710 664 1602 1856 
4088 1690 145 1784 1302 
4089 173 842 1403 849 
4090 173 1403 842 174 
4091 173 1402 849 1403 
4092 1016 225 1241 1274 
4093 1871 1894 1877 1869 
4094 1835 977 1684 739 
4095 1855 1856 1838 670 
4096 1812 130 1286 671 
4097 1771 1169 1281 1184 
4098 1707 1022 1859 1517 
4099 1833 689 722 721 
4100 1791 489 1770 1737 
4101 1910 603 1926 604 
4102 535 1889 1745 1743 
4103 354 1212 1594 355 
4104 1405 961 1381 1350 
4105 242 1405 961 1381 
4106 242 241 1017 1405 
4107 1832 1708 1867 1799 
4108 730 980 660 784 
4109 906 1000 978 713 
4110 1757 1469 1921 60 
4111 1840 1796 592 583 
4112 1757 1466 1464 1468 
4113 1775 1154 1038 1081 
4114 1757 1463 1464 1465 
4115 1871 941 1002 1018 
4116 1235 1252 526 545 
4117 470 1255 471 481 
4118 1871 987 1002 943 
4119 1227 1746 1226 1225 
4120 161 1110 160 902 
4121 1662 547 75 549 
4122 1904 1905 1922 1720 
4123 1884 1810 993 1355 
4124 1779 1001 975 940 
4125 1808 972 1021 953 
4126 972 238 909 1387 
4127 1808 1321 972 1387 
4128 1927 467 59 60 
4129 1864 1819 654 77 
4130 1917 1481 803 1913 
4131 1918 802 1756 879 
4132 1754 677 700 774 
4133 1455 1921 1912 1462 
4134 1871 1778 1877 1497 
4135 1760 812 825 792 
4136 1780 1437 1360 1457 
4137 1858 1661 1667 819 
4138 1759 1848 1760 1468 
4139 1907 1201 1584 348 
4140 1837 1577 1817 1581 
4141 1837 756 754 707 
4142 1871 1869 1877 1778 
4143 1802 1125 1069 1383 
4144 1774 1802 1804 12 
4145 1759 1398 1780 1475 
4146 1866 484 472 487 
4147 1728 1866 472 487 
4148 1866 1870 1860 1709 
4149 1882 1349 1688 1906 
4150 1882 1349 1906 1623 
4151 1687 423 1802 424 
4152 1695 1100 1155 1084 
4153 306 1540 1060 307 
4154 305 1545 1534 1070 
4155 1745 645 654 83 
4156 1615 1607 1616 641 
4157 1843 1845 1796 1928 
4158 1843 1278 1191 1202 
4159 1252 1224 526 1164 
4160 655 652 472 1751 
4161 1744 479 473 655 
4162 1684 1016 994 1241 
4163 1684 1177 1222 1241 
4164 1846 583 643 588 
4165 1709 1187 1209 1216 
4166 1150 158 159 863 
4167 1683 828 1450 1452 
4168 1150 159 903 863 
4169 1150 1149 869 1079 
4170 1683 1070 1061 1079 
4171 1891 790 741 702 
4172 1806 67 498 495 
4173 1778 1502 905 1496 
4174 1728 1866 1257 1206 
4175 250 1871 941 249 
4176 700 28 378 692 
4177 1854 711 875 872 
4178 1781 750 838 1854 
4179 1794 465 461 463 
4180 700 152 677 1305 
4181 1846 1873 1799 1844 
4182 1707 965 1835 954 
4183 730 980 1703 660 
4184 1832 1847 1867 1929 
4185 1830 1831 1911 680 
4186 1681 579 582 584 
4187 42 1585 1266 350 
4188 298 421 1040 1536 
4189 299 300 1538 1031 
4190 1700 1717 595 628 
4191 1752 606 619 605 
4192 1754 700 692 773 
4193 838 89 875 711 
4194 1657 1381 393 1640 
4195 394 1651 395 1317 
4196 1388 1640 46 1381 
4197 36 964 418 256 
4198 36 418 964 1005 
4199 1880 1357 1343 1380 
4200 1346 1362 62 1711 
4201 1770 1430 1354 1378 
4202 1925 535 1743 1747 
4203 1770 492 1737 489 
4204 1864 1863 1792 654 
4205 1871 943 941 249 
4206 1871 1869 1930 1894 
4207 250 1871 249 1497 
4208 1778 1806 1496 905 
4209 1752 1828 628 606 
4210 1836 1450 1440 1451 
4211 1750 1083 1153 1073 
4212 1687 1074 1385 1425 
4213 1871 1877 1894 1501 
4214 987 264 1512 1515 
4215 1807 1007 1020 955 
4216 1520 1027 271 270 
4217 1902 48 1890 1494 
4218 1931 447 448 440 
4219 1931 447 428 448 
4220 1686 1170 1599 360 
4221 1833 689 721 708 
4222 1698 589 1768 580 
4223 1835 721 669 723 
4224 1931 440 448 429 
4225 1709 1507 1516 1510 
4226 1879 1921 1757 1463 
4227 1834 1407 798 856 
4228 1779 1896 937 1810 
4229 1790 1671 1669 1668 
4230 1779 797 1884 924 
4231 1834 1667 1677 1672 
4232 1834 1810 1324 1660 
4233 1834 889 1667 1672 
4234 1834 1359 1679 404 
4235 1310 28 692 378 
4236 1795 193 1448 1454 
4237 1931 1734 440 429 
4238 1917 1909 505 520 
4239 1455 211 845 796 
4240 1913 1481 793 1477 
4241 1836 1683 1060 1110 
4242 864 162 865 1080 
4243 1836 1060 1039 1148 
4244 1823 1872 1765 511 
4245 1931 1863 447 440 
4246 1931 447 1864 428 
4247 911 669 105 106 
4248 1872 516 1764 1765 
4249 1755 1305 677 1306 
4250 1811 749 1754 692 
4251 1875 611 612 610 
4252 1754 742 700 773 
4253 1706 1693 51 1533 
4254 316 1803 315 1152 
4255 1922 1687 1804 1720 
4256 938 1865 916 1707 
4257 1710 1590 736 1603 
4258 1797 1589 1605 1604 
4259 1684 747 1197 661 
4260 249 1501 943 248 
4261 1871 1930 1869 1515 
4262 1894 1734 1868 1528 
4263 1742 1852 55 431 
4264 1742 1879 1741 11 
4265 1852 1678 1336 1670 
4266 1789 1879 1790 1858 
4267 1104 165 861 164 
4268 1104 165 1064 861 
4269 1931 447 1863 1864 
4270 1900 50 1518 1528 
4271 1930 1894 1868 1528 
4272 1808 1387 1436 1382 
4273 1733 1916 1900 1734 
4274 1733 1932 1931 1792 
4275 1049 299 1538 1031 
4276 1784 1132 727 758 
4277 1767 1818 1874 1813 
4278 1040 1049 1536 1156 
4279 1537 1706 1539 1533 
4280 298 39 1040 421 
4281 298 1536 1040 1049 
4282 1545 1544 1704 1683 
4283 421 1047 308 39 
4284 1857 1717 1040 1536 
4285 1789 1852 1879 431 
4286 1912 1479 218 870 
4287 793 1481 220 1477 
4288 1908 1488 1482 1480 
4289 558 571 1757 1927 
4290 1807 510 518 1824 
4291 1897 416 1505 920 
4292 1897 1505 1498 1504 
4293 1695 1720 1828 1714 
4294 790 775 741 702 
4295 775 776 854 92 
4296 775 854 776 702 
4297 1695 1549 312 1084 
4298 239 238 972 1387 
4299 990 240 1406 241 
4300 1895 439 57 1 
4301 1015 1243 933 235 
4302 1424 34 340 1273 
4303 1015 34 1273 235 
4304 1726 949 968 959 
4305 1806 1827 1726 949 
4306 1432 1355 1389 857 
4307 1907 1753 1242 1199 
4308 1856 714 725 753 
4309 1772 604 1773 626 
4310 1773 1279 1190 1256 
4311 1773 1586 1576 1580 
4312 204 842 1472 203 
4313 204 1472 842 849 
4314 1695 312 1549 1556 
4315 1718 1198 1284 1220 
4316 1687 1408 1905 1802 
4317 1695 1549 1766 1556 
4318 1744 1821 1791 1792 
4319 1786 53 1721 1568 
4320 1881 80 81 1885 
4321 1833 1686 716 779 
4322 1831 1873 1830 1911 
4323 1684 1833 1685 1835 
4324 360 1686 1592 1599 
4325 1798 1159 1845 1261 
4326 1797 1605 1844 1604 
4327 1797 1798 1845 1270 
4328 1216 1009 229 1168 
4329 230 1216 992 1009 
4330 1914 1477 1483 1482 
4331 1918 1920 1913 841 
4332 841 1913 877 1920 
4333 1920 452 884 458 
4334 1853 1446 1782 1445 
4335 1729 1776 1774 1775 
4336 206 1475 205 832 
4337 741 790 717 94 
4338 741 1891 717 790 
4339 1891 1756 854 702 
4340 1891 702 741 683 
4341 1897 1877 415 1895 
4342 1808 984 1810 972 
4343 1695 1720 1766 1549 
4344 1894 1519 1734 1526 
4345 1779 1899 1898 1861 
4346 1894 440 1734 429 
4347 1860 257 1511 927 
4348 1860 1516 1511 257 
4349 1860 1206 1187 1213 
4350 1806 67 1777 498 
4351 1902 48 1897 444 
4352 1494 1496 48 1890 
4353 1807 1018 986 913 
4354 1808 917 972 1321 
4355 1891 1699 1303 1304 
4356 1859 1018 925 986 
4357 363 1743 1617 1608 
4358 1723 1611 1157 365 
4359 1617 471 486 480 
4360 1809 275 934 961 
4361 419 1734 1916 1809 
4362 1808 1852 1896 1735 
4363 1758 883 842 1365 
4364 817 1665 1661 883 
4365 1758 1365 842 1403 
4366 1686 1592 658 1251 
4367 1698 1909 1697 1768 
4368 1807 1020 1030 955 
4369 1797 1686 1599 1598 
4370 1684 661 1197 1258 
4371 601 1828 1107 1126 
4372 1828 1072 1717 595 
4373 1413 1015 996 246 
4374 1736 70 529 71 
4375 1771 614 617 604 
4376 614 1842 1771 617 
4377 1777 851 794 813 
4378 1884 866 973 924 
4379 1858 1474 1456 800 
4380 1808 1895 983 967 
4381 806 215 214 1490 
4382 1023 182 181 788 
4383 1725 970 995 928 
4384 1725 893 868 1014 
4385 788 928 181 1023 
4386 47 1810 1670 1660 
4387 1167 1368 337 1399 
4388 1167 1228 337 1368 
4389 1904 1822 1906 1721 
4390 1720 1555 1549 1564 
4391 1880 1788 567 1391 
4392 1630 530 523 1628 
4393 1750 522 1903 10 
4394 1777 794 1491 224 
4395 1489 500 1484 499 
4396 1898 1861 1899 1915 
4397 1858 817 1758 819 
4398 1933 1879 1674 547 
4399 1858 32 800 870 
4400 1915 1485 1486 1484 
4401 1706 727 375 1302 
4402 1298 25 140 749 
4403 1704 1543 1532 1542 
4404 727 1087 719 111 
4405 1917 1909 1918 505 
4406 1715 1769 1716 1714 
4407 1761 1879 1757 558 
4408 1762 1922 1893 1720 
4409 862 1759 847 1776 
4410 1829 1883 1893 1715 
4411 1750 1083 1073 1044 
4412 1688 1385 1099 1325 
4413 1785 1044 1129 1083 
4414 1096 1361 1563 425 
4415 1563 425 319 1096 
4416 751 101 100 978 
4417 1703 738 722 660 
4418 978 668 907 100 
4419 978 668 100 751 
4420 1914 1886 1921 1919 
4421 1695 1084 1567 1549 
4422 1709 1181 1209 1187 
4423 1725 757 759 701 
4424 156 1680 1309 1311 
4425 1695 312 1033 1084 
4426 1778 1929 1859 1869 
4427 1910 1817 1901 1582 
4428 1926 1580 1576 1588 
4429 1843 353 1234 1277 
4430 1698 589 1872 1768 
4431 1826 691 679 710 
4432 1921 456 60 3 
4433 1908 222 1480 801 
4434 1872 1919 1814 589 
4435 1826 720 710 769 
4436 204 1472 849 1457 
4437 842 849 1472 1403 
4438 1740 1742 1801 55 
4439 1331 1391 1371 555 
4440 1880 1371 1333 1391 
4441 1715 1934 466 462 
4442 1547 1554 52 1766 
4443 1719 1903 1128 1282 
4444 1128 1275 1719 1163 
4445 1772 1184 1232 1267 
4446 1163 1231 1282 1128 
4447 1903 1772 1203 1232 
4448 518 495 7 1726 
4449 1806 1496 905 252 
4450 1491 223 794 801 
4451 503 794 898 801 
4452 505 1908 504 1756 
4453 518 1806 1726 7 
4454 518 1806 1827 1726 
4455 906 663 980 1703 
4456 104 103 660 921 
4457 104 921 660 738 
4458 301 1541 1077 302 
4459 301 1541 1062 1077 
4460 1761 60 1921 456 
4461 1695 1033 1100 1084 
4462 1688 1906 1361 1563 
4463 1721 1568 53 1565 
4464 550 1314 1327 1328 
4465 1314 549 410 1427 
4466 1314 549 1673 410 
4467 1802 1071 423 1125 
4468 1315 1082 289 1386 
4469 1774 1804 1848 552 
4470 1737 45 1635 1418 
4471 1737 45 1376 1622 
4472 1772 1179 1269 1249 
4473 1696 1032 1569 324 
4474 1829 1803 1078 1036 
4475 20 765 86 894 
4476 108 1131 748 1149 
4477 1704 1543 1534 304 
4478 109 108 1131 748 
4479 1862 813 1777 33 
4480 885 187 966 871 
4481 1733 1792 1791 1932 
4482 1735 1733 1800 1931 
4483 1733 1648 1646 1654 
4484 1739 1333 1335 1341 
4485 1755 815 787 843 
4486 1689 1290 1730 1287 
4487 1891 683 717 684 
4488 1175 1182 1192 544 
4489 1176 538 542 544 
4490 1053 593 629 596 
4491 1920 465 452 458 
4492 1795 465 807 460 
4493 1766 1714 1893 1720 
4494 1696 1055 1103 1032 
4495 1687 1905 1408 1425 
4496 1905 556 1802 1357 
4497 1687 1802 1804 424 
4498 1906 1628 1638 1623 
4499 1785 1721 1696 1568 
4500 1696 1561 1569 1048 
4501 1705 1782 1857 1694 
4502 1795 460 807 891 
4503 1920 884 452 877 
4504 1680 1308 1697 1699 
4505 686 1312 155 154 
4506 1836 1683 1450 1451 
4507 1150 158 863 894 
4508 1845 1211 369 1234 
4509 1710 1598 1911 1597 
4510 1833 1710 680 735 
4511 1901 1796 1843 1596 
4512 1846 644 1799 646 
4513 1855 1812 673 715 
4514 1910 1771 1901 1843 
4515 349 1577 350 1259 
4516 1111 705 1907 712 
4517 1689 1287 1117 1046 
4518 1700 1730 594 1066 
4519 1051 594 1052 1053 
4520 1726 910 821 959 
4521 1908 504 503 501 
4522 1491 224 794 223 
4523 242 1405 1017 961 
4524 1809 1350 1358 1317 
4525 680 675 1830 676 
4526 1866 17 648 1923 
4527 1877 1778 1902 1496 
4528 1099 1325 293 294 
4529 1778 905 1502 913 
4530 1807 1859 926 986 
4531 1206 1728 1187 1180 
4532 1778 1929 1807 1859 
4533 1891 1699 1756 1303 
4534 310 1570 1118 327 
4535 1718 1395 1423 1272 
4536 283 1247 1231 1067 
4537 1753 1207 1034 1135 
4538 1193 276 1147 1271 
4539 1768 1693 1692 1874 
4540 1687 1564 1565 1560 
4541 1531 1542 1544 1705 
4542 1920 835 884 877 
4543 1705 1857 1531 51 
4544 1766 1549 1554 1556 
4545 1879 547 1675 1674 
4546 1662 410 1673 549 
4547 1933 1758 1780 1360 
4548 1933 1673 1314 549 
4549 1880 1905 1882 1334 
4550 1762 1716 1787 1822 
4551 1695 1720 1549 1564 
4552 1906 1721 1822 534 
4553 1906 531 1628 1627 
4554 1889 1743 1723 1612 
4555 1714 1098 1072 1122 
4556 1881 1842 1724 82 
4557 1593 1602 1837 1856 
4558 1843 1600 353 1591 
4559 1310 1680 666 1312 
4560 980 730 1703 663 
4561 476 1230 1238 1237 
4562 1346 1362 1711 1320 
4563 1900 1849 1656 490 
4564 1263 476 475 485 
4565 1547 1554 1766 1549 
4566 884 796 812 458 
4567 884 812 836 458 
4568 807 460 465 458 
4569 1836 837 808 865 
4570 1908 503 1727 801 
4571 1781 724 698 667 
4572 1723 1610 1611 365 
4573 1910 620 602 617 
4574 1217 1179 366 1610 
4575 1723 1175 1157 1171 
4576 368 1619 369 1234 
4577 909 237 1416 238 
4578 1861 1777 1890 67 
4579 993 237 236 1355 
4580 1679 1359 405 404 
4581 1898 215 806 1490 
4582 1834 1429 1389 1324 
4583 1790 1858 889 830 
4584 1834 1435 1389 798 
4585 169 170 1393 867 
4586 169 1393 1422 867 
4587 1686 1599 1598 1592 
4588 1251 752 1686 1210 
4589 1684 1208 1197 1222 
4590 1710 1601 1590 1603 
4591 1075 1107 1126 601 
4592 1054 596 1057 1053 
4593 601 600 1103 79 
4594 1091 1140 599 1097 
4595 1075 601 1052 1107 
4596 1783 1101 1730 1089 
4597 1725 757 995 976 
4598 1891 790 854 852 
4599 668 720 989 976 
4600 1704 1131 1070 1079 
4601 1704 1133 755 1095 
4602 1775 1805 1104 861 
4603 1912 218 1479 1492 
4604 1853 1755 1754 1854 
4605 983 416 920 35 
4606 1884 823 858 888 
4607 253 1003 252 1503 
4608 1895 429 1735 56 
4609 1761 1713 1921 1887 
4610 561 1788 567 1738 
4611 1738 1313 1626 1637 
4612 1691 1690 1289 1288 
4613 1912 218 1492 876 
4614 1739 1341 1335 1378 
4615 1469 457 1459 1471 
4616 1912 1455 1462 1461 
4617 1805 58 4 459 
4618 1776 895 867 818 
4619 1760 825 1805 844 
4620 1766 1547 1804 52 
4621 872 90 91 740 
4622 872 711 90 740 
4623 820 740 776 703 
4624 1854 750 711 698 
4625 1698 580 1813 582 
4626 668 751 978 713 
4627 1702 1681 1703 1929 
4628 522 1220 1750 1253 
4629 546 544 527 1182 
4630 1772 1232 1163 1267 
4631 542 1183 1182 1200 
4632 1904 1565 53 1560 
4633 22 1271 766 1147 
4634 180 1014 893 19 
4635 1879 553 1757 558 
4636 1789 54 1741 2 
4637 1800 1366 1788 1412 
4638 1933 1666 1879 1758 
4639 1898 1487 1862 1486 
4640 553 1465 1463 1757 
4641 1771 1772 614 604 
4642 1766 1554 52 1546 
4643 1771 1772 1773 1178 
4644 342 1578 343 1169 
4645 1877 1894 1895 439 
4646 1930 1520 1528 1530 
4647 1930 1850 1923 1866 
4648 1701 1020 952 947 
4649 1823 509 507 511 
4650 987 1529 271 943 
4651 1902 1897 48 1494 
4652 1737 1632 529 1625 
4653 540 521 9 1747 
4654 1840 1841 645 581 
4655 392 1736 1635 1362 
4656 1744 1745 1889 1743 
4657 1740 560 1741 1763 
4658 1766 52 1804 1546 
4659 1801 1414 1735 1415 
4660 1880 565 1922 1905 
4661 1729 1803 1546 1553 
4662 1805 873 799 904 
4663 1658 1809 1657 420 
4664 1809 1519 1523 419 
4665 1808 1735 1809 1433 
4666 1788 569 567 1391 
4667 414 1678 1336 413 
4668 1766 1804 1893 1803 
4669 1810 909 1416 1387 
4670 1742 1671 1675 1663 
4671 1852 1678 1671 1663 
4672 482 1225 1228 1434 
4673 715 139 1293 23 
4674 1812 1286 1874 671 
4675 1855 374 1812 715 
4676 821 910 1011 959 
4677 1862 33 1476 1487 
4678 1898 1487 1486 1490 
4679 1807 1929 1007 955 
4680 1323 1627 1629 531 
4681 542 1218 1183 1200 
4682 522 1219 1220 1200 
4683 1272 1395 330 1198 
4684 1718 1198 1244 1284 
4685 1859 908 925 262 
4686 643 1846 588 636 
4687 1843 1596 1796 1844 
4688 1843 1277 1234 1619 
4689 1624 523 69 531 
4690 1736 1362 1737 1635 
4691 1736 532 1235 1224 
4692 70 529 523 1630 
4693 1736 482 1746 61 
4694 527 526 1252 545 
4695 1736 1635 1737 1625 
4696 70 526 1372 1367 
4697 1850 1860 1866 1511 
4698 1751 1728 1607 641 
4699 1695 1567 1155 1559 
4700 1851 1012 1712 942 
4701 1206 1851 1860 1866 
4702 1851 475 484 487 
4703 1900 1528 1518 1522 
4704 1761 559 554 558 
4705 1930 1512 987 1027 
4706 1851 1850 1712 1012 
4707 1695 1122 1828 1100 
4708 1732 1537 1062 300 
4709 1829 1040 1857 1717 
4710 1804 565 564 12 
4711 1775 1154 1803 1038 
4712 1927 571 552 562 
4713 1695 1033 1122 1100 
4714 1402 1403 1457 849 
4715 1360 1933 1327 1780 
4716 1766 1720 1922 1804 
4717 1803 1093 1085 1043 
4718 1805 837 1795 1836 
4719 1740 1787 561 560 
4720 1912 1858 1493 870 
4721 727 112 1087 111 
4722 1087 375 26 719 
4723 1700 1049 1732 1031 
4724 1784 1046 758 781 
4725 910 183 182 860 
4726 1023 860 182 788 
4727 1725 995 970 976 
4728 966 848 871 186 
4729 848 185 186 999 
4730 848 999 851 185 
4731 1777 999 945 1010 
4732 1882 1313 385 1626 
4733 1718 1396 1283 68 
4734 1688 1562 1099 1074 
4735 1096 1361 425 1409 
4736 1688 1325 1099 425 
4737 1761 559 1741 554 
4738 1688 1563 1361 425 
4739 1738 1880 567 561 
4740 683 1304 149 148 
4741 1825 1824 1701 1827 
4742 554 1761 558 1879 
4743 1851 1223 1214 1166 
4744 1749 1239 483 1230 
4745 1928 1751 1743 1613 
4746 1725 868 928 1014 
4747 1891 702 683 1307 
4748 1806 498 1777 495 
4749 790 855 717 94 
4750 1543 303 304 1095 
4751 1704 748 1131 1079 
4752 1087 302 1077 1541 
4753 660 980 103 784 
4754 1687 1127 1069 1074 
4755 328 329 1562 1074 
4756 311 1549 326 1084 
4757 1905 1357 1802 1408 
4758 1761 1921 1879 1741 
4759 1702 770 1703 1681 
4760 1761 562 559 558 
4761 637 1863 638 1820 
4762 1593 356 1259 1602 
4763 356 357 1186 1602 
4764 1682 697 762 748 
4765 1689 1287 1285 1290 
4766 1732 1538 300 1031 
4767 1692 51 1706 1693 
4768 1762 1922 1787 563 
4769 1743 1189 1174 471 
4770 1744 1889 1745 631 
4771 1563 1786 1688 1906 
4772 1687 1562 328 1570 
4773 1688 1356 1425 1385 
4774 1798 1866 1728 1709 
4775 1832 1685 1833 1835 
4776 1901 1595 1596 1591 
4777 1764 445 1819 443 
4778 1790 830 1834 1884 
4779 1789 1790 1915 1858 
4780 1917 1481 1913 1914 
4781 1762 1713 1763 1716 
4782 1741 559 560 554 
4783 85 17 1923 648 
4784 1529 1871 1019 943 
4785 961 1657 1809 420 
4786 1762 563 1787 570 
4787 1762 1787 1763 570 
4788 1701 1007 1000 952 
4789 1807 1030 914 913 
4790 1762 1763 1787 1716 
4791 1847 1867 636 588 
4792 1888 1778 1902 451 
4793 1846 646 636 644 
4794 1501 1877 1894 1499 
4795 1522 1849 1900 1850 
4796 202 800 1474 32 
4797 1463 1879 553 1757 
4798 1762 1716 1893 1713 
4799 1746 1255 470 1227 
4800 1747 1746 71 9 
4801 1762 559 563 570 
4802 541 1192 1175 1264 
4803 1054 629 596 1053 
4804 1689 1288 1290 1285 
4805 1730 596 1053 1057 
4806 1197 661 747 128 
4807 1684 994 1177 1241 
4808 1865 1008 971 938 
4809 1836 1535 1060 1540 
4810 1829 1893 1714 1715 
4811 1829 1548 1058 1556 
4812 1927 1848 1804 564 
4813 1805 799 861 904 
4814 1680 1811 1697 1310 
4815 1806 1890 1496 252 
4816 1930 1528 1868 1923 
4817 713 751 906 663 
4818 1703 734 770 729 
4819 1709 1009 1004 939 
4820 1832 1835 1833 1703 
4821 1916 420 1524 419 
4822 1916 419 1524 1518 
4823 1809 1401 1358 1406 
4824 1711 1642 62 1346 
4825 1850 964 1530 269 
4826 1698 1768 1813 580 
4827 1824 513 509 1765 
4828 1886 496 1764 64 
4829 515 513 497 437 
4830 1800 1354 1316 1378 
4831 1735 1317 1641 1651 
4832 1761 1921 1713 456 
4833 1868 1863 638 649 
4834 1923 472 484 479 
4835 363 1743 1174 1617 
4836 1158 1617 1751 1607 
4837 1617 1174 362 486 
4838 1751 473 472 655 
4839 1751 473 1743 480 
4840 1751 1615 1928 651 
4841 1489 1482 501 499 
4842 1781 142 667 1297 
4843 1886 450 515 437 
4844 1793 1694 1814 463 
4845 1686 752 661 1258 
4846 1251 752 658 1686 
4847 1833 1686 1710 735 
4848 1729 1774 1848 1775 
4849 1739 1788 1738 1333 
4850 72 556 568 1380 
4851 1687 1570 328 1118 
4852 83 1792 654 1744 
4853 1751 651 652 641 
4854 1744 1821 1792 654 
4855 1736 1372 532 1224 
4856 1409 1688 1421 1361 
4857 1851 475 5 484 
4858 472 473 479 655 
4859 1792 1863 1868 649 
4860 1737 61 493 492 
4861 1723 1608 1611 1612 
4862 1787 1821 1739 1738 
4863 1846 582 1830 586 
4864 1726 503 1777 794 
4865 1842 82 620 617 
4866 1831 1681 1703 734 
4867 1687 328 1562 1074 
4868 1841 76 574 1878 
4869 529 533 1737 1747 
4870 1684 1016 1241 1274 
4871 1897 416 1498 1505 
4872 1779 966 1001 940 
4873 1777 813 848 851 
4874 1777 794 503 1491 
4875 1862 940 945 966 
4876 1896 56 1852 430 
4877 1777 931 851 999 
4878 922 1527 932 267 
4879 1748 960 266 1524 
4880 1851 1257 1263 1173 
4881 922 1527 267 268 
4882 1251 761 1265 1603 
4883 761 736 1603 658 
4884 1761 1713 1887 1763 
4885 798 178 177 1435 
4886 847 170 1384 171 
4887 1393 847 867 170 
4888 847 1384 1318 171 
4889 847 1318 832 171 
4890 1839 826 804 887 
4891 1775 1104 1805 1093 
4892 1861 1886 66 437 
4893 1853 1755 1443 1442 
4894 1908 1488 1481 1482 
4895 1898 901 806 823 
4896 1912 1492 1479 1483 
4897 1808 953 1021 983 
4898 1777 1489 498 500 
4899 1806 7 67 495 
4900 1789 1915 1887 1921 
4901 1908 785 221 1488 
4902 1839 1853 1909 1814 
4903 1891 1727 1827 1892 
4904 1918 896 826 879 
4905 1755 897 820 843 
4906 1839 1918 826 887 
4907 1914 1915 1886 65 
4908 1783 1773 627 597 
4909 1731 1817 1838 1876 
4910 1752 628 1828 1717 
4911 1907 1588 1753 1573 
4912 1074 1385 1425 1319 
4913 1365 1665 407 408 
4914 1700 595 1717 1072 
4915 1700 625 1717 628 
4916 1774 1347 1345 1329 
4917 1709 1004 1009 1168 
4918 1911 1844 1796 1596 
4919 1904 1688 1786 1906 
4920 1563 319 1068 1096 
4921 1687 1570 1555 1564 
4922 1882 1905 1688 1334 
4923 1687 1560 1570 1564 
4924 1687 1408 1319 1425 
4925 1323 1627 387 388 
4926 1748 922 1849 1527 
4927 1748 1712 1849 922 
4928 1388 1650 46 1640 
4929 1748 1712 1413 1353 
4930 1712 1344 1749 1370 
4931 1778 941 913 250 
4932 1862 919 1777 945 
4933 252 1890 1003 915 
4934 1806 949 1726 958 
4935 1489 1777 1476 1486 
4936 1829 1078 1883 1934 
4937 1729 1802 1315 1116 
4938 1713 1887 1924 1919 
4939 1905 556 1804 1802 
4940 1073 320 1566 321 
4941 1073 321 1566 1044 
4942 1719 1773 1267 1205 
4943 1139 1244 1161 1750 
4944 1785 1786 10 539 
4945 1897 920 1505 912 
4946 983 1029 416 35 
4947 1897 919 1504 1500 
4948 253 1500 919 1003 
4949 75 1788 1742 1322 
4950 1806 1890 915 1003 
4951 1235 528 1264 545 
4952 1235 1192 1252 545 
4953 526 69 525 1283 
4954 1283 1220 1718 68 
4955 114 1114 115 743 
4956 1114 1035 115 743 
4957 205 849 832 1475 
4958 205 1475 1457 849 
4959 211 210 796 1471 
4960 452 884 458 796 
4961 1913 845 793 877 
4962 1835 708 721 723 
4963 1826 381 1699 1304 
4964 1826 759 1725 720 
4965 860 1023 910 1892 
4966 1725 850 1892 788 
4967 1727 503 898 801 
4968 1753 1111 1094 1089 
4969 1748 1426 1388 1353 
4970 1805 1934 1836 454 
4971 1805 861 799 1104 
4972 1805 904 825 873 
4973 1802 1374 1315 1383 
4974 1795 465 1920 807 
4975 1771 1926 1579 1575 
4976 1772 1184 1281 1249 
4977 1771 1583 1578 1579 
4978 1771 1179 1217 1610 
4979 1731 1907 1753 1111 
4980 1190 345 1576 1586 
4981 1903 1067 1128 1282 
4982 1837 754 678 707 
4983 1907 712 705 687 
4984 1797 1873 1598 1844 
4985 1170 1797 1194 1686 
4986 1847 588 13 584 
4987 1871 1512 1930 1515 
4988 731 663 1703 730 
4989 1833 779 708 723 
4990 1764 450 445 443 
4991 149 702 150 1307 
4992 683 1304 148 662 
4993 1699 381 1309 380 
4994 1831 1832 1846 1873 
4995 1831 728 1703 722 
4996 1797 1599 1589 1598 
4997 1502 913 251 250 
4998 1807 1018 1859 986 
4999 1839 1920 1918 887 
5000 1862 833 871 810 
5001 30 1013 892 190 
5002 179 892 30 1420 
5003 30 1420 892 1013 
5004 1790 1677 1834 1667 
5005 1773 1205 1178 1267 
5006 1783 1773 1034 1576 
5007 1773 1090 1130 1037 
5008 1731 1876 1838 1294 
5009 1719 1091 1092 1140 
5010 245 246 1413 996 
5011 1019 271 1529 943 
5012 1823 1872 520 1909 
5013 668 1826 989 720 
5014 1690 737 1289 132 
5015 1878 574 14 76 
5016 763 671 1286 130 
5017 1301 147 771 709 
5018 1701 989 988 907 
5019 1826 684 759 720 
5020 1858 819 874 800 
5021 1456 1858 1758 1463 
5022 1915 499 1484 500 
5023 1858 32 1474 800 
5024 1912 213 1460 870 
5025 1915 1483 1479 1485 
5026 1912 876 845 1461 
5027 1748 996 1712 962 
5028 960 420 1640 1381 
5029 990 1406 1017 241 
5030 633 1708 1867 1930 
5031 1680 156 685 657 
5032 1681 696 733 732 
5033 1196 339 340 1370 
5034 1749 1643 1342 1344 
5035 1712 1370 1749 1196 
5036 1851 1866 1850 1860 
5037 1711 1655 1656 1642 
5038 1016 107 21 767 
5039 21 1274 767 129 
5040 1016 767 21 1274 
5041 1684 977 994 1016 
5042 905 1496 1502 251 
5043 1777 1003 945 919 
5044 1806 946 905 914 
5045 1847 1765 1888 1824 
5046 636 637 581 643 
5047 1698 1813 1768 1811 
5048 17 633 634 1930 
5049 1764 515 516 496 
5050 522 1220 1253 1200 
5051 1395 1245 1718 1396 
5052 284 1139 1161 1124 
5053 283 1067 1231 282 
5054 1764 1924 1819 1887 
5055 1812 699 1874 1813 
5056 1837 349 1201 1259 
5057 1840 1745 1842 1889 
5058 1812 1813 1874 1818 
5059 333 1372 334 1224 
5060 332 1367 1164 1396 
5061 1827 951 968 948 
5062 860 1023 1892 788 
5063 951 1725 1892 969 
5064 1756 805 853 897 
5065 371 1292 1113 1035 
5066 1059 782 705 712 
5067 1731 705 1111 1108 
5068 1907 760 712 718 
5069 746 1292 705 135 
5070 319 425 41 1096 
5071 530 523 1628 531 
5072 1836 1148 1076 1080 
5073 786 194 1440 808 
5074 1891 1825 1827 512 
5075 1287 371 1102 1114 
5076 1874 771 699 671 
5077 1784 1077 1062 1541 
5078 1357 1880 556 1380 
5079 1893 1714 1716 1720 
5080 1880 556 572 566 
5081 167 859 1063 1105 
5082 1776 1393 1422 1338 
5083 1775 1093 1154 1064 
5084 1176 537 538 544 
5085 569 74 555 1411 
5086 1800 1414 1366 1316 
5087 1740 1741 54 2 
5088 569 555 1391 1411 
5089 1411 75 1369 569 
5090 75 1427 410 549 
5091 1788 1333 1341 1391 
5092 1880 1738 1882 1905 
5093 125 1251 126 658 
5094 1808 1433 1809 1401 
5095 291 1383 1319 1125 
5096 1776 1063 859 1105 
5097 1897 1498 415 1494 
5098 1809 1647 1735 1734 
5099 1839 805 1918 1755 
5100 1725 757 720 759 
5101 1808 1419 1433 1401 
5102 1355 909 237 1416 
5103 1839 1755 1918 1909 
5104 1811 749 692 778 
5105 1755 677 740 703 
5106 1853 1794 1782 1814 
5107 1755 1306 1303 1305 
5108 1794 1795 461 465 
5109 1680 780 1681 733 
5110 1306 854 702 703 
5111 388 1339 1629 389 
5112 531 1323 1718 1339 
5113 1703 729 722 728 
5114 1219 527 525 526 
5115 527 1182 1192 1219 
5116 546 522 542 1200 
5117 1933 551 550 1327 
5118 1402 1457 1475 849 
5119 173 849 1402 172 
5120 305 1534 304 1070 
5121 1060 1535 307 1540 
5122 1692 1909 1853 1814 
5123 1915 434 436 433 
5124 1879 1758 1858 1463 
5125 1886 515 1764 496 
5126 817 1456 202 800 
5127 756 122 123 1254 
5128 756 123 1246 1254 
5129 756 1246 123 664 
5130 1468 457 1469 60 
5131 1858 1463 1474 1460 
5132 1758 817 203 842 
5133 1789 2 1887 434 
5134 1760 455 812 1459 
5135 1933 1666 1664 1674 
5136 1837 1276 754 1254 
5137 715 1293 139 670 
5138 1680 1309 1702 685 
5139 1293 670 138 139 
5140 1582 1910 1926 1579 
5141 1856 670 714 707 
5142 1005 1520 270 1027 
5143 1868 441 442 440 
5144 1727 503 504 512 
5145 1891 1725 839 850 
5146 1287 1117 1046 1114 
5147 1689 1730 1876 624 
5148 371 24 1035 743 
5149 1837 1262 1276 1201 
5150 1783 597 598 1065 
5151 1686 1210 752 1258 
5152 1871 1859 1778 1018 
5153 1846 1681 1830 584 
5154 1864 1932 1863 1931 
5155 1681 770 734 693 
5156 689 1831 722 728 
5157 1753 1193 1271 1242 
5158 1753 1260 1207 1135 
5159 766 1271 1242 1753 
5160 1826 679 1309 381 
5161 820 872 91 740 
5162 820 1306 854 897 
5163 776 702 854 703 
5164 1744 478 1743 473 
5165 1623 1627 1349 1906 
5166 1808 1852 1336 1670 
5167 1896 920 937 953 
5168 73 1330 1328 1329 
5169 1330 1331 1380 568 
5170 72 568 1330 1380 
5171 1897 415 48 1494 
5172 656 472 479 655 
5173 1795 454 460 459 
5174 1794 1920 1795 465 
5175 1918 1756 805 896 
5176 1908 1727 802 801 
5177 1908 499 501 1482 
5178 1754 700 677 1305 
5179 1845 1188 1234 352 
5180 1781 698 724 750 
5181 1298 773 140 665 
5182 1013 1420 1355 236 
5183 550 1327 548 1329 
5184 1912 1913 1492 1483 
5185 1915 1483 1912 1479 
5186 1913 877 452 796 
5187 1872 1919 1909 1814 
5188 1750 1786 524 10 
5189 1739 1639 1335 1637 
5190 1797 1598 1873 1686 
5191 1856 714 756 707 
5192 1837 756 1186 1254 
5193 1590 1186 357 1602 
5194 208 1473 899 792 
5195 209 792 812 1459 
5196 1927 59 1757 60 
5197 1750 1718 1284 1220 
5198 1489 1777 1486 500 
5199 1826 27 679 381 
5200 1726 1727 898 846 
5201 1826 1725 1701 989 
5202 514 1778 1806 67 
5203 1756 853 854 897 
5204 1908 1482 501 1480 
5205 1793 454 1934 462 
5206 741 1891 683 717 
5207 1402 849 1475 1318 
5208 832 1318 1475 849 
5209 1928 651 630 631 
5210 1507 1866 1511 417 
5211 1926 622 627 603 
5212 1723 1608 364 1611 
5213 1746 1189 471 1255 
5214 526 1283 525 1219 
5215 1736 71 1747 1746 
5216 387 1623 1627 1349 
5217 526 69 1283 1164 
5218 1736 482 1340 1225 
5219 1754 378 700 1305 
5220 1872 1919 1764 519 
5221 1853 1755 1854 1443 
5222 1839 191 1439 791 
5223 1756 802 829 879 
5224 1849 1749 1659 1643 
5225 1243 933 234 1162 
5226 1712 1344 1370 1353 
5227 1109 903 902 827 
5228 161 1110 865 1080 
5229 1860 981 1166 992 
5230 1835 954 965 991 
5231 1847 1820 573 13 
5232 1797 1873 1685 1686 
5233 1833 721 1835 708 
5234 1831 676 732 682 
5235 581 588 643 583 
5236 1764 576 575 589 
5237 1529 1871 1894 1019 
5238 1840 592 578 583 
5239 1840 1796 643 632 
5240 1840 578 592 574 
5241 1746 1747 540 9 
5242 1617 480 486 474 
5243 1728 653 652 472 
5244 1617 1158 362 361 
5245 1158 1617 474 1751 
5246 1751 1607 1615 641 
5247 1709 259 1510 939 
5248 1617 471 1174 486 
5249 1736 1340 1404 1225 
5250 362 486 1174 1158 
5251 513 516 450 515 
5252 1826 769 679 662 
5253 1807 986 926 955 
5254 1701 1007 1702 1000 
5255 1805 1106 1041 864 
5256 1736 1340 482 1417 
5257 1404 335 334 1165 
5258 1404 334 1372 1165 
5259 1705 1704 1706 1542 
5260 1705 1782 1692 1781 
5261 1705 1682 1683 1782 
5262 1862 966 848 871 
5263 1861 1486 1862 1777 
5264 214 1487 33 810 
5265 1851 981 982 942 
5266 1728 1158 1173 487 
5267 1748 922 1527 932 
5268 1923 17 634 1930 
5269 1875 1876 1691 1818 
5270 1913 1455 845 796 
5271 1913 452 1920 3 
5272 1872 1909 1768 1814 
5273 1812 699 672 671 
5274 1933 1879 1666 1674 
5275 1705 1683 1682 1704 
5276 1933 1327 1780 551 
5277 1933 1326 1327 1314 
5278 1829 1040 1098 1142 
5279 316 1803 1550 315 
5280 1710 1686 1873 1598 
5281 1686 716 658 735 
5282 758 113 1046 1132 
5283 1768 1694 1769 577 
5284 727 719 1087 26 
5285 1689 1784 1287 1046 
5286 1784 758 706 781 
5287 1173 1158 1268 487 
5288 656 655 652 472 
5289 1728 1257 1173 1280 
5290 1733 1931 1734 1900 
5291 1263 1268 1238 485 
5292 1851 1712 476 1237 
5293 1712 1196 1749 1236 
5294 1860 992 1166 1213 
5295 1749 1655 1342 1643 
5296 1900 1923 1850 484 
5297 1836 865 902 1110 
5298 1450 1452 828 196 
5299 1836 865 828 902 
5300 675 673 1855 1812 
5301 1450 828 808 195 
5302 1680 1311 156 657 
5303 1701 988 1000 978 
5304 66 515 497 437 
5305 1896 937 984 953 
5306 1896 1895 1897 416 
5307 1871 1778 1497 250 
5308 287 1119 1146 1422 
5309 895 1063 168 818 
5310 1815 1840 592 574 
5311 16 598 1054 629 
5312 1054 1057 598 1065 
5313 1846 1799 1867 646 
5314 1911 1856 1597 1595 
5315 1807 1030 1020 914 
5316 1843 1619 1845 1620 
5317 1846 636 1867 588 
5318 1682 697 724 762 
5319 1836 808 828 865 
5320 1095 110 755 719 
5321 1904 1905 1882 1738 
5322 1903 1232 1204 1282 
5323 1829 1715 1857 1934 
5324 1335 1376 382 1639 
5325 1692 377 1301 376 
5326 1764 575 590 589 
5327 1897 1877 444 48 
5328 1861 1486 1777 500 
5329 1790 1858 1668 1667 
5330 1789 1858 1912 1879 
5331 1834 1429 1884 1389 
5332 1890 1503 1500 1494 
5333 1698 1872 1909 1768 
5334 1779 1897 1861 919 
5335 1741 554 560 11 
5336 1451 1795 1793 1447 
5337 1775 1805 1760 1803 
5338 1715 1924 1769 1694 
5339 677 703 1306 151 
5340 1781 1854 742 698 
5341 1754 774 1854 1755 
5342 1754 1854 774 742 
5343 1891 854 1756 852 
5344 1908 802 879 785 
5345 1310 1680 1308 1697 
5346 1718 1120 1137 1134 
5347 1283 1219 1220 522 
5348 1004 228 229 1168 
5349 1923 1866 484 472 
5350 1004 229 1009 1168 
5351 1798 647 644 640 
5352 1844 1605 1845 1600 
5353 1891 506 1825 512 
5354 1755 872 820 740 
5355 1924 589 1814 1919 
5356 1681 734 733 693 
5357 1719 597 1773 1090 
5358 1130 279 1034 1279 
5359 1738 1638 1631 1626 
5360 1630 530 1628 1631 
5361 1882 385 1634 1626 
5362 1738 1333 1313 1637 
5363 1731 1295 1838 1907 
5364 1740 54 1864 2 
5365 1423 297 1120 1145 
5366 1865 956 1709 1004 
5367 1221 228 1004 1168 
5368 1797 1599 1686 1170 
5369 1865 1240 1221 1168 
5370 1709 1216 1209 1168 
5371 1865 1799 1797 1798 
5372 1776 1393 847 867 
5373 891 1805 825 873 
5374 825 836 459 891 
5375 1802 1357 1397 1374 
5376 1885 1724 613 81 
5377 830 1898 1790 1858 
5378 1705 1683 1704 1544 
5379 1898 1862 1861 1486 
5380 1892 788 890 860 
5381 1705 1704 1542 1544 
5382 1743 1746 1189 471 
5383 1823 1825 1699 507 
5384 686 154 666 1312 
5385 1602 1597 1710 1856 
5386 1875 1767 1878 1818 
5387 287 1119 1338 288 
5388 1687 1118 328 1074 
5389 1713 1716 1715 1769 
5390 1687 1385 1688 1425 
5391 1749 1711 1656 63 
5392 1736 1746 1747 61 
5393 1749 1229 1167 1230 
5394 1736 1746 482 1225 
5395 1340 482 1434 1225 
5396 1766 1714 1829 1893 
5397 1925 1737 1739 533 
5398 1737 492 1362 61 
5399 1196 340 1424 1370 
5400 754 122 756 1254 
5401 878 406 1407 176 
5402 1661 1410 883 1665 
5403 1758 883 817 842 
5404 1742 55 1852 1801 
5405 1797 1845 1798 1844 
5406 1836 1148 1080 1110 
5407 1839 1853 1755 1909 
5408 1857 1694 1717 1693 
5409 1776 1338 1375 1393 
5410 679 1309 157 685 
5411 1680 155 686 1312 
5412 1417 1736 1362 61 
5413 1739 1788 1333 1341 
5414 1737 1631 1738 533 
5415 1798 1159 1728 1845 
5416 1864 1841 654 1821 
5417 1868 442 1863 440 
5418 1751 1613 1928 1615 
5419 1798 1181 1261 1248 
5420 1797 1188 1845 1605 
5421 1843 368 1619 1606 
5422 1656 1654 491 1642 
5423 1733 1656 1654 491 
5424 1785 1885 1722 1903 
5425 354 1202 1594 1212 
5426 717 855 95 94 
5427 717 745 95 855 
5428 1701 1807 1020 947 
5429 1891 506 1727 504 
5430 1871 987 1512 1515 
5431 1931 1801 1932 1800 
5432 878 1672 1661 889 
5433 1834 1389 1435 1359 
5434 1858 874 840 800 
5435 878 406 1661 1672 
5436 838 88 750 834 
5437 750 88 768 834 
5438 875 711 89 90 
5439 1756 829 816 852 
5440 1795 1805 454 459 
5441 1918 887 841 882 
5442 1755 1306 677 703 
5443 1689 1117 1136 1046 
5444 1928 640 630 641 
5445 1817 1901 1593 1856 
5446 1843 1591 1596 1600 
5447 1910 1771 1843 1889 
5448 1843 1594 354 1202 
5449 1798 1261 1845 1270 
5450 1234 352 353 1600 
5451 1844 1604 1596 1598 
5452 1831 1846 1832 1681 
5453 1417 1736 1377 1362 
5454 1624 531 1628 523 
5455 526 69 1164 1367 
5456 1823 1824 1825 508 
5457 1235 526 532 545 
5458 1723 537 540 535 
5459 1780 1457 1475 1437 
5460 1091 1097 599 1065 
5461 1091 599 597 1065 
5462 1722 1721 1786 543 
5463 1696 79 1103 600 
5464 1688 1562 426 425 
5465 442 1819 445 443 
5466 1859 1018 1002 925 
5467 654 637 581 77 
5468 1797 1160 1194 1195 
5469 1877 1888 1869 441 
5470 1884 888 797 901 
5471 1479 217 218 870 
5472 1908 1756 1918 802 
5473 1680 1308 1699 1309 
5474 1831 681 676 682 
5475 1832 1799 1707 1708 
5476 646 1799 1867 1708 
5477 1798 1195 1248 1270 
5478 1702 685 691 693 
5479 644 1796 640 642 
5480 1068 1750 1134 1073 
5481 1862 999 1777 848 
5482 1884 823 888 901 
5483 974 1779 924 975 
5484 1834 1407 1359 1435 
5485 1862 871 885 966 
5486 1884 858 823 886 
5487 123 664 1246 124 
5488 756 664 1186 1246 
5489 1903 1204 1203 1183 
5490 1771 1184 1178 1169 
5491 1176 542 538 1183 
5492 541 1171 540 1264 
5493 1746 1747 6 540 
5494 820 854 1306 703 
5495 1781 665 667 698 
5496 1750 524 1718 68 
5497 1750 1153 1718 1134 
5498 1785 1112 1903 1129 
5499 1718 1323 1348 1339 
5500 1776 847 1384 1398 
5501 1776 867 862 818 
5502 1888 451 1902 437 
5503 520 1823 511 1872 
5504 1861 1915 1486 500 
5505 1727 1908 1756 504 
5506 1886 1919 1887 1921 
5507 1883 1085 1803 1805 
5508 1931 1900 1923 1868 
5509 1749 1344 1394 1370 
5510 1712 1006 963 933 
5511 481 1185 485 1238 
5512 601 1828 1126 600 
5513 1696 80 79 600 
5514 1812 1911 675 674 
5515 1859 908 926 925 
5516 636 643 581 588 
5517 1832 1847 1929 1681 
5518 1797 1844 1598 1604 
5519 1823 1825 507 508 
5520 1844 1596 1604 1600 
5521 1099 293 1385 1138 
5522 79 1696 1103 618 
5523 1361 1400 1409 1137 
5524 1099 1385 293 1325 
5525 1074 1385 1138 1099 
5526 1758 1326 1664 408 
5527 1740 1741 1864 1763 
5528 412 1742 1322 1676 
5529 1823 1699 1825 1702 
5530 1738 1922 1880 566 
5531 1933 1314 1673 409 
5532 1795 1447 1454 1448 
5533 1298 665 140 141 
5534 1704 1133 1095 1070 
5535 1793 1447 1794 1782 
5536 1087 375 719 1532 
5537 1126 1696 600 1828 
5538 1372 334 1224 1165 
5539 1624 1636 70 1630 
5540 1823 1825 1824 1702 
5541 1843 1618 1771 1278 
5542 1901 1585 1574 1582 
5543 1707 923 916 938 
5544 1823 1824 1681 1702 
5545 1718 1423 1120 1145 
5546 1718 1120 1423 1392 
5547 1361 1137 1409 1096 
5548 1930 1005 1530 418 
5549 1740 557 1742 11 
5550 513 1824 1778 1888 
5551 1800 1647 1641 1646 
5552 1800 1735 1801 1414 
5553 1878 1769 1716 76 
5554 1855 1817 1691 1838 
5555 513 516 1888 450 
5556 1871 1778 941 1018 
5557 1859 935 926 908 
5558 807 460 836 891 
5559 1455 1471 211 796 
5560 1917 520 502 8 
5561 836 460 459 891 
5562 1857 422 1531 51 
5563 1730 371 1290 372 
5564 518 495 1726 512 
5565 702 1756 854 1306 
5566 1888 1820 1819 575 
5567 1125 1802 1116 1383 
5568 1802 423 1069 1125 
5569 1687 1074 1688 1385 
5570 1758 1360 1403 1457 
5571 1402 1475 1457 1437 
5572 1109 1150 903 863 
5573 1711 1656 63 1642 
5574 638 1868 633 1820 
5575 1511 927 257 256 
5576 1725 759 717 745 
5577 1917 1919 1872 8 
5578 1892 890 846 860 
5579 1836 1106 1080 1076 
5580 1489 1486 1484 500 
5581 1861 1777 1862 919 
5582 1779 1862 966 940 
5583 1915 500 66 65 
5584 1779 966 1862 1001 
5585 66 1886 1861 1915 
5586 1489 501 500 499 
5587 483 1238 476 1230 
5588 1840 632 643 645 
5589 1842 614 1724 82 
5590 83 651 1744 631 
5591 1928 1845 640 641 
5592 1724 613 81 614 
5593 1910 1771 617 604 
5594 1791 1737 1925 1747 
5595 1840 592 1796 1816 
5596 922 1522 1527 268 
5597 1860 992 1009 944 
5598 1749 1167 1239 1230 
5599 1243 1015 1424 1273 
5600 1787 1738 1739 1788 
5601 1914 1886 64 65 
5602 1795 807 1920 1448 
5603 1795 807 786 891 
5604 1904 53 1558 426 
5605 1904 1720 1687 1905 
5606 1695 1829 1122 1033 
5607 1885 615 613 614 
5608 1881 1721 1720 1696 
5609 1572 322 1044 321 
5610 1572 1044 1566 321 
5611 1468 457 455 1459 
5612 1805 844 904 861 
5613 1876 372 1290 1288 
5614 1680 657 686 155 
5615 1837 1907 1838 678 
5616 1771 1578 1575 1579 
5617 1730 1053 1101 1057 
5618 1917 1909 1872 1919 
5619 1855 1911 1816 1856 
5620 1590 357 1186 1246 
5621 1779 912 1897 919 
5622 1895 429 56 57 
5623 1806 1890 1777 67 
5624 1779 1884 1790 1810 
5625 1906 1628 530 1631 
5626 1880 1371 1313 1333 
5627 1726 1777 851 880 
5628 1908 501 503 1480 
5629 503 1491 794 801 
5630 1862 1487 214 810 
5631 1808 1382 1336 1419 
5632 1756 1909 1699 505 
5633 1826 1304 683 662 
5634 1917 1872 520 8 
5635 656 479 84 655 
5636 1718 1395 1348 1392 
5637 1723 1157 364 1171 
5638 1746 470 471 6 
5639 1785 1129 1750 1083 
5640 1815 592 1840 1816 
5641 1771 1191 1217 1169 
5642 1910 1579 1574 1583 
5643 1907 1588 1573 1581 
5644 1731 1838 1926 1588 
5645 1783 1090 597 1065 
5646 1753 1233 1193 1242 
5647 1753 1193 1260 1115 
5648 1691 1876 1838 1817 
5649 1726 1727 1827 512 
5650 1732 1538 1537 300 
5651 1693 1857 51 1533 
5652 1794 1446 1782 1447 
5653 1829 1040 1717 1098 
5654 1899 430 435 427 
5655 1908 879 1918 785 
5656 1752 1720 1881 1716 
5657 1772 1267 1178 1184 
5658 1785 1561 1571 1568 
5659 1903 1247 1750 1124 
5660 1783 1034 1773 1090 
5661 540 521 1747 535 
5662 1932 1800 1788 1378 
5663 961 1657 1350 1809 
5664 1852 1415 1336 1678 
5665 1864 1763 1741 2 
5666 1884 1355 993 973 
5667 1780 1475 1457 1470 
5668 1917 520 1872 1909 
5669 1686 752 716 779 
5670 1771 1889 1772 1610 
5671 1785 1722 1721 1786 
5672 1785 1885 1112 1048 
5673 1750 1073 1563 1566 
5674 1275 1719 1205 1773 
5675 1742 1788 1801 1366 
5676 1858 874 889 830 
5677 198 814 834 1449 
5678 666 1680 744 686 
5679 1694 468 1814 463 
5680 1760 58 1848 1803 
5681 1689 1287 1730 1102 
5682 1537 1706 1533 1732 
5683 1855 1856 714 725 
5684 1768 577 1769 591 
5685 1876 1730 607 624 
5686 1876 603 609 607 
5687 1855 1818 1812 1691 
5688 1855 1293 715 670 
5689 1602 664 1590 1186 
5690 1593 1259 356 1266 
5691 1724 81 82 614 
5692 1818 585 1878 574 
5693 1901 1585 42 1574 
5694 1926 1575 1773 1580 
5695 1593 1259 1266 1577 
5696 1719 1128 1885 1092 
5697 1612 1613 1889 1743 
5698 1885 1056 1092 1112 
5699 1772 1232 1184 1249 
5700 64 1917 1914 502 
5701 1809 1017 990 1406 
5702 1895 1894 1499 997 
5703 50 1900 1916 1734 
5704 1871 987 1930 1512 
5705 1687 1118 1069 309 
5706 1759 1475 1467 832 
5707 1739 1738 1633 1637 
5708 1687 1905 1688 1560 
5709 1758 1664 1665 408 
5710 1468 59 457 60 
5711 1318 847 832 1398 
5712 1760 459 1805 825 
5713 1402 1475 1437 1318 
5714 1912 1879 1858 1463 
5715 207 899 208 1458 
5716 1864 1841 1821 1763 
5717 1881 1828 605 1696 
5718 1771 1583 342 1578 
5719 1695 1714 1828 1122 
5720 1881 1720 1828 1696 
5721 1883 1078 1805 1934 
5722 1705 1694 1692 1782 
5723 1917 505 502 520 
5724 1695 1829 1766 1714 
5725 1881 82 619 612 
5726 96 822 745 764 
5727 1872 1919 519 8 
5728 1820 636 1867 633 
5729 1056 1719 618 1885 
5730 1753 1233 1242 1199 
5731 371 135 1292 746 
5732 1855 714 715 725 
5733 1730 596 608 607 
5734 1680 1698 1697 1811 
5735 1310 154 666 153 
5736 1781 1298 1297 141 
5737 564 1893 1927 1762 
5738 1839 191 791 887 
5739 150 1306 702 703 
5740 1862 1476 1486 1487 
5741 1892 1023 910 969 
5742 1908 1917 1918 505 
5743 1828 595 628 606 
5744 1750 1563 1786 1566 
5745 1736 391 1636 1372 
5746 1688 1409 1421 1325 
5747 1786 543 1906 524 
5748 1800 1316 396 1352 
5749 1917 64 1919 8 
5750 1914 499 64 502 
5751 1739 1622 1376 1639 
5752 1930 633 1708 1870 
5753 1900 1851 1849 5 
5754 1860 1187 1216 1213 
5755 1930 987 1520 1027 
5756 222 223 1480 801 
5757 1914 64 499 65 
5758 1736 70 532 1372 
5759 1748 1413 1712 996 
5760 1736 391 1372 1377 
5761 1736 529 70 1630 
5762 492 1653 1346 1642 
5763 1849 1518 1524 1527 
5764 1736 61 1737 1362 
5765 1235 1224 532 526 
5766 1723 538 537 536 
5767 64 1917 502 8 
5768 1781 724 667 762 
5769 1714 1098 1717 1072 
5770 1924 1919 1814 468 
5771 1761 60 456 467 
5772 1780 1465 1757 1466 
5773 1917 1908 1481 1914 
5774 1818 582 1813 585 
5775 1769 577 14 591 
5776 1793 1782 1451 1447 
5777 1131 748 1149 1079 
5778 1704 142 1299 690 
5779 273 272 1521 997 
5780 1895 416 983 1029 
5781 1914 1921 1915 1913 
5782 1725 745 764 701 
5783 1892 821 910 860 
5784 1892 969 968 951 
5785 1095 719 111 110 
5786 1704 1070 1534 1545 
5787 1150 1682 863 1683 
5788 790 775 702 854 
5789 150 1306 703 151 
5790 88 87 768 834 
5791 1823 520 1699 1909 
5792 1834 858 1884 886 
5793 1852 1678 1669 1671 
5794 637 1863 1820 1819 
5795 1852 1415 1801 1735 
5796 1774 548 1780 1329 
5797 526 1224 1372 1367 
5798 1719 1267 1163 1205 
5799 1773 344 1575 1178 
5800 1576 345 1207 346 
5801 1773 1190 1586 344 
5802 1730 1102 1101 1066 
5803 1109 902 160 1110 
5804 1683 1544 1531 1540 
5805 1748 960 1028 932 
5806 1931 1900 1868 1734 
5807 1931 1868 1792 1863 
5808 1800 1352 1735 1414 
5809 1521 272 1529 997 
5810 1845 1234 369 1619 
5811 1690 1706 376 1300 
5812 1838 1907 1584 1581 
5813 1242 766 119 1271 
5814 119 1242 120 760 
5815 766 1271 1753 1147 
5816 1745 83 631 18 
5817 1772 1610 1889 1723 
5818 1717 1769 1693 1694 
5819 1764 590 1819 1924 
5820 1924 589 590 577 
5821 1829 1098 1086 1142 
5822 1126 1696 1828 1055 
5823 1718 1396 68 1339 
5824 1817 1577 1585 1582 
5825 1837 1577 1259 1593 
5826 1768 1813 1874 1811 
5827 1914 1477 1913 1483 
5828 1785 1566 1786 1571 
5829 1710 736 1592 1603 
5830 1705 1692 376 1297 
5831 1857 1693 1717 1533 
5832 1767 1818 1813 585 
5833 1811 699 771 744 
5834 1301 771 147 704 
5835 1917 1919 1913 1920 
5836 1736 532 1746 1235 
5837 1743 1174 1617 471 
5838 982 1851 1012 1850 
5839 1851 1166 981 942 
5840 1728 1607 1172 1158 
5841 1840 1889 1796 1928 
5842 1905 1425 1357 1408 
5843 1690 376 1692 1301 
5844 1914 1886 1919 64 
5845 1789 1915 1886 1887 
5846 1807 1030 986 955 
5847 1742 1332 1415 1663 
5848 1879 1675 1671 1668 
5849 1810 1363 1337 1436 
5850 1914 499 1908 1482 
5851 1914 499 1915 65 
5852 1707 1508 1708 1513 
5853 1602 1837 1856 756 
5854 1914 502 1908 499 
5855 1914 1913 1915 1483 
5856 1711 1417 1362 62 
5857 1174 481 471 1255 
5858 1185 1239 481 1227 
5859 1174 481 486 471 
5860 1185 1158 486 1268 
5861 1185 486 1174 481 
5862 1523 274 934 275 
5863 1849 1652 1648 1656 
5864 1931 1792 1932 1863 
5865 1748 1649 1916 1849 
5866 1891 1756 1727 816 
5867 125 761 1251 658 
5868 1839 804 191 887 
5869 1843 1619 1620 1606 
5870 1592 658 1603 736 
5871 1710 1686 658 735 
5872 1681 696 732 726 
5873 1811 692 1310 666 
5874 1826 662 381 1304 
5875 446 1819 442 1863 
5876 928 1023 1892 969 
5877 1892 846 890 831 
5878 1725 970 928 969 
5879 678 138 1291 670 
5880 210 812 796 1471 
5881 1471 1913 1469 457 
5882 1764 1887 1819 445 
5883 1069 1125 1319 1383 
5884 1400 296 1120 1392 
5885 1687 309 1069 1551 
5886 1891 839 816 831 
5887 581 1820 636 588 
5888 1891 816 1727 831 
5889 1868 1863 1820 638 
5890 1886 1764 1919 64 
5891 1810 1669 1852 1670 
5892 1742 1852 1671 1663 
5893 1858 874 830 789 
5894 1897 427 444 1 
5895 1725 684 717 759 
5896 180 1014 868 893 
5897 336 1434 1228 1225 
5898 337 1368 1228 1434 
5899 337 1228 336 1434 
5900 1289 1691 1874 1690 
5901 1172 361 1607 44 
5902 1172 1607 361 1158 
5903 1851 1263 1237 476 
5904 537 1175 1171 541 
5905 1614 1620 1843 1928 
5906 1628 531 1629 1627 
5907 75 1788 557 1742 
5908 1904 1738 1906 1822 
5909 1624 531 69 1629 
5910 1833 1703 1835 722 
5911 1865 1685 1835 1684 
5912 1927 552 1848 564 
5913 1801 55 56 448 
5914 1885 80 81 613 
5915 1761 562 1762 559 
5916 1804 52 424 1546 
5917 309 1687 310 1551 
5918 982 1851 942 1012 
5919 83 1792 650 654 
5920 1868 441 1820 442 
5921 61 1747 1737 493 
5922 1733 1916 1734 1647 
5923 1737 1635 45 1622 
5924 1263 1173 1268 487 
5925 1779 1897 1899 1861 
5926 1862 945 1777 999 
5927 1902 48 1877 1496 
5928 1476 33 813 224 
5929 1828 1107 595 601 
5930 1862 999 848 966 
5931 1743 1746 471 6 
5932 392 1418 1362 1635 
5933 492 491 1653 1642 
5934 392 1418 1635 45 
5935 1744 477 1747 478 
5936 1755 677 774 740 
5937 1715 464 468 463 
5938 1865 956 1024 929 
5939 589 1698 576 580 
5940 1751 480 1617 474 
5941 1796 586 1816 592 
5942 1708 1507 1514 49 
5943 127 1210 752 126 
5944 1726 851 931 821 
5945 1831 1710 1911 680 
5946 1839 787 31 804 
5947 1303 1307 1891 1304 
5948 1806 1726 7 495 
5949 1892 1725 788 928 
5950 1725 868 822 850 
5951 1868 1900 1528 1734 
5952 1748 962 922 932 
5953 1923 653 656 85 
5954 1687 1802 1905 1804 
5955 1703 730 770 731 
5956 1891 839 852 816 
5957 1726 1827 518 512 
5958 1933 553 547 549 
5959 1410 407 1365 1665 
5960 1915 1486 500 1484 
5961 1456 1858 1463 1474 
5962 1858 1661 1758 1666 
5963 1896 920 1897 937 
5964 830 1898 1858 789 
5965 1809 1523 275 961 
5966 1702 1929 1703 1007 
5967 1877 1894 439 441 
5968 1806 1777 1726 495 
5969 1886 1915 434 436 
5970 1891 852 1756 816 
5971 514 518 1806 1807 
5972 1291 138 1293 670 
5973 1730 1287 371 1102 
5974 1730 624 594 607 
5975 1730 1057 608 596 
5976 705 783 782 1108 
5977 1910 603 602 609 
5978 782 712 1147 766 
5979 1891 1892 839 831 
5980 783 746 116 1108 
5981 1910 1815 1817 1876 
5982 1891 1727 1892 831 
5983 1875 609 1815 611 
5984 1841 1716 1881 1745 
5985 1883 1803 1085 1078 
5986 1692 1297 1781 1298 
5987 1829 1036 314 1557 
5988 1775 1064 824 861 
5989 1617 1607 1158 361 
5990 1845 352 1234 1600 
5991 1159 1616 1211 370 
5992 1727 504 506 512 
5993 1725 893 1014 764 
5994 1748 1916 1649 1650 
5995 1524 267 932 1527 
5996 1682 1782 1853 1446 
5997 420 1640 1657 1658 
5998 1657 420 961 1381 
5999 1894 440 1868 1734 
6000 1800 1739 1770 1378 
6001 1809 275 1523 934 
6002 664 1710 753 1856 
6003 1708 1869 1859 1867 
6004 1833 722 1835 721 
6005 1711 400 1320 1342 
6006 1749 483 476 1230 
6007 1749 1659 1643 1344 
6008 338 1399 1229 1167 
6009 1051 1053 1066 594 
6010 1695 1766 1829 1556 
6011 1875 1876 609 616 
6012 1891 1826 1725 1892 
6013 761 1265 1246 124 
6014 1817 1926 1581 1582 
6015 127 752 1210 1258 
6016 1631 1632 1630 529 
6017 1034 1279 279 278 
6018 1689 1062 1136 1141 
6019 1783 1057 1730 1101 
6020 1854 742 711 774 
6021 1839 1439 1920 791 
6022 1371 572 555 1391 
6023 1331 568 1371 1380 
6024 1357 1880 1905 556 
6025 1788 1366 1322 1369 
6026 1801 55 448 428 
6027 1770 1653 492 491 
6028 1226 1736 1235 1165 
6029 487 1751 1728 1607 
6030 1746 471 470 1255 
6031 1910 1901 1771 1583 
6032 1722 538 1723 536 
6033 546 542 1182 1200 
6034 301 300 1062 1537 
6035 1784 1087 1077 1541 
6036 1836 808 1450 828 
6037 1893 467 464 453 
6038 1927 1761 558 562 
6039 1264 1746 540 528 
6040 1749 1656 1711 1655 
6041 1264 1746 1189 540 
6042 1903 1218 1204 1183 
6043 527 1192 1252 1219 
6044 1752 1828 1881 1720 
6045 1744 1743 1751 473 
6046 1825 1699 1826 1702 
6047 1860 1507 1511 1516 
6048 1709 916 259 939 
6049 1709 1009 1216 1168 
6050 820 703 776 854 
6051 1908 1480 222 1488 
6052 75 1351 74 1411 
6053 1662 1675 547 1674 
6054 1783 607 1730 608 
6055 1838 1291 1293 670 
6056 1691 1838 1876 373 
6057 1910 1876 1817 603 
6058 1837 1276 1262 754 
6059 1593 1602 1259 1837 
6060 1728 44 1159 1172 
6061 1697 378 1305 379 
6062 1754 692 700 378 
6063 1732 300 1062 1031 
6064 1865 929 1008 956 
6065 1798 1865 1709 1195 
6066 1402 172 849 1318 
6067 172 832 1318 171 
6068 1823 1698 1681 1765 
6069 1755 787 815 1443 
6070 1915 1912 1483 1913 
6071 1777 503 498 1491 
6072 1789 1790 1852 431 
6073 72 1345 1397 1330 
6074 1371 568 555 572 
6075 1319 1074 1385 1138 
6076 1774 1804 552 12 
6077 1710 1598 1873 1844 
6078 1704 748 762 755 
6079 1704 719 755 690 
6080 1682 724 1781 762 
6081 1682 1683 1452 827 
6082 1087 1095 1543 719 
6083 371 1113 1102 1035 
6084 1730 371 1287 1290 
6085 1823 1680 1699 1702 
6086 571 1759 1757 1848 
6087 1775 1104 1064 861 
6088 1829 1036 1058 314 
6089 1768 580 591 585 
6090 1839 1794 1814 1920 
6091 1682 1452 1441 827 
6092 1836 1080 1106 864 
6093 1697 1754 1755 1305 
6094 1701 710 668 713 
6095 1858 800 840 870 
6096 1499 1877 1895 415 
6097 1859 925 926 986 
6098 1871 1859 1018 1002 
6099 1850 918 964 269 
6100 1784 145 694 1302 
6101 1287 133 706 1285 
6102 727 1132 1087 112 
6103 1731 1111 1113 1108 
6104 1845 1261 1159 1211 
6105 352 1845 1605 1600 
6106 352 351 1605 1188 
6107 1749 483 63 476 
6108 1196 1394 339 1370 
6109 1825 506 507 508 
6110 1744 1743 1889 631 
6111 1800 1641 1735 1352 
6112 75 74 569 1411 
6113 1777 848 999 851 
6114 1902 497 513 437 
6115 1890 1003 919 1500 
6116 1505 920 416 35 
6117 1757 59 1848 1468 
6118 1552 318 423 1071 
6119 1851 1173 1263 487 
6120 1701 1807 1929 1007 
6121 1683 1110 1109 1060 
6122 1806 915 958 1003 
6123 1706 1541 1537 1539 
6124 1795 1440 786 1454 
6125 1438 1682 1444 1453 
6126 1690 1706 1692 376 
6127 1825 506 1699 507 
6128 1805 1085 1041 1123 
6129 1805 1104 1041 1085 
6130 1812 374 130 659 
6131 1689 1690 1288 1285 
6132 1752 1881 619 612 
6133 1765 516 509 511 
6134 1710 1873 1911 1844 
6135 1471 452 458 796 
6136 637 1863 1819 654 
6137 1695 1559 1565 1567 
6138 1783 1089 1753 1094 
6139 1907 1262 1242 718 
6140 875 872 711 90 
6141 1704 142 1781 1297 
6142 1917 1913 1918 1920 
6143 1682 762 1704 748 
6144 1682 1704 1079 748 
6145 869 1682 697 724 
6146 1836 1060 1148 1110 
6147 1680 1681 1698 1813 
6148 1843 1234 1845 1619 
6149 1593 1266 356 355 
6150 517 1824 1807 1778 
6151 581 643 637 645 
6152 1703 660 980 921 
6153 1902 451 444 437 
6154 6 1746 540 1743 
6155 1791 477 489 493 
6156 458 1920 807 884 
6157 1823 1699 1680 1698 
6158 1836 1060 1683 1540 
6159 1627 1906 1323 1349 
6160 1902 1496 1890 48 
6161 1898 1485 1915 1493 
6162 1898 1862 806 901 
6163 1684 1197 747 1274 
6164 1785 1903 1722 539 
6165 16 629 1054 1075 
6166 1687 1688 1905 1425 
6167 825 458 455 459 
6168 1805 1085 1093 1104 
6169 1749 1399 1394 1342 
6170 213 32 1460 870 
6171 1912 213 1461 1460 
6172 1689 1136 1117 1141 
6173 1784 1136 1132 1046 
6174 1728 1845 1159 1616 
6175 1728 1172 1173 1158 
6176 1798 648 647 641 
6177 668 99 907 100 
6178 1826 1702 1699 1309 
6179 726 1680 1813 1681 
6180 1891 506 504 505 
6181 1776 867 847 862 
6182 1766 1548 1829 1556 
6183 1805 1041 799 864 
6184 1833 708 716 688 
6185 1251 761 1603 658 
6186 761 124 1246 664 
6187 1823 1681 1824 1765 
6188 1818 592 1816 586 
6189 1743 6 471 478 
6190 1729 1776 1775 1081 
6191 1775 900 1776 862 
6192 1803 315 1557 1550 
6193 1759 847 832 795 
6194 1850 1530 964 418 
6195 1930 1520 1894 1528 
6196 869 765 894 86 
6197 869 697 765 86 
6198 1800 1366 1801 1788 
6199 1779 919 1862 940 
6200 47 1810 1337 1670 
6201 1896 56 1895 1735 
6202 1711 1228 1167 1368 
6203 964 418 1530 1005 
6204 1733 1931 1900 1792 
6205 1263 1238 476 485 
6206 1916 1849 1518 1524 
6207 1900 1850 1923 1528 
6208 1680 1308 1311 1312 
6209 290 1125 1116 1383 
6210 1688 1356 1905 1425 
6211 1865 916 1707 1513 
6212 1684 1686 1258 1208 
6213 1923 656 84 85 
6214 1657 1640 420 1381 
6215 1735 1352 1641 1317 
6216 1322 411 412 1676 
6217 1850 964 1511 418 
6218 1770 492 489 491 
6219 1730 1066 1101 1053 
6220 1730 596 607 594 
6221 1287 134 24 743 
6222 1753 1147 1059 712 
6223 371 1035 1114 743 
6224 1862 885 833 901 
6225 1808 917 1021 972 
6226 1858 789 1493 840 
6227 1790 1810 1834 1660 
6228 1898 1485 1493 1478 
6229 1758 883 1365 1665 
6230 1251 1603 1592 658 
6231 1590 1603 761 736 
6232 1590 1265 1603 358 
6233 1331 555 73 74 
6234 1632 1625 1630 529 
6235 1740 561 1788 557 
6236 542 522 1218 1200 
6237 1624 1629 1628 531 
6238 1697 378 1754 1305 
6239 1888 1765 1764 516 
6240 1823 1699 520 507 
6241 1920 835 807 884 
6242 457 455 1459 458 
6243 457 1459 1471 458 
6244 1829 1098 1058 1086 
6245 1757 1469 1464 1462 
6246 458 1920 465 807 
6247 186 871 966 187 
6248 966 848 186 999 
6249 989 1725 1701 951 
6250 1823 1680 1702 1681 
6251 1827 948 968 949 
6252 1680 657 155 1311 
6253 1775 1064 1154 1105 
6254 1775 900 824 859 
6255 1828 595 606 600 
6256 1882 385 1313 1334 
6257 1906 531 1323 1718 
6258 1864 654 1819 1863 
6259 1794 1782 1446 1445 
6260 1795 891 837 459 
6261 1860 1709 1507 1516 
6262 1206 1728 1866 1187 
6263 1698 1813 1681 582 
6264 1860 1009 1709 944 
6265 1707 938 965 954 
6266 1748 1413 998 1426 
6267 1811 25 749 778 
6268 1918 887 1920 841 
6269 1808 972 1810 1387 
6270 1523 934 274 1525 
6271 1530 1005 270 269 
6272 1779 1862 1898 901 
6273 1910 1889 1843 1796 
6274 1901 1911 1816 1596 
6275 1901 1191 1843 1771 
6276 1275 1128 1037 281 
6277 1690 1301 146 1300 
6278 1731 1876 1294 372 
6279 1702 691 710 713 
6280 1868 1930 1867 1869 
6281 646 633 1708 1867 
6282 1779 1899 1896 1790 
6283 108 748 765 1149 
6284 20 1149 765 894 
6285 1826 691 1702 679 
6286 1803 1766 1829 1893 
6287 1695 1100 1828 1155 
6288 1828 1126 1055 1100 
6289 1829 1548 1554 1557 
6290 1910 1842 1815 620 
6291 356 1186 1259 1602 
6292 1266 350 1585 1577 
6293 1824 1847 1681 1929 
6294 1902 444 435 437 
6295 1850 1860 1511 927 
6296 1888 1824 1778 1929 
6297 1709 1209 1181 1248 
6298 1826 662 27 381 
6299 1807 914 905 913 
6300 1918 1756 896 879 
6301 1691 1876 1817 1818 
6302 1885 1772 615 614 
6303 1207 1034 1773 1576 
6304 1034 1135 1207 278 
6305 1834 1660 1324 404 
6306 1775 824 1064 1105 
6307 1776 1384 847 1393 
6308 1465 1933 1463 1758 
6309 1780 1327 1390 1329 
6310 1776 1082 1121 1042 
6311 1850 1511 1866 417 
6312 1930 417 1866 1870 
6313 1849 1659 1649 1652 
6314 1712 962 996 933 
6315 1798 1865 1195 1797 
6316 1711 1655 400 1342 
6317 1166 1851 1206 1214 
6318 1698 1681 579 582 
6319 371 24 135 746 
6320 1730 1700 624 1689 
6321 1690 1301 1874 709 
6322 1899 1886 436 1915 
6323 1150 1149 158 894 
6324 1704 1070 1683 1079 
6325 1879 1858 1758 1666 
6326 1933 1326 1314 409 
6327 878 889 1661 819 
6328 1758 817 883 1665 
6329 1698 1681 1765 579 
6330 1830 584 1681 582 
6331 1310 666 692 153 
6332 1733 1800 1644 1646 
6333 1740 1801 1742 1788 
6334 1662 1673 1674 549 
6335 1921 1455 1913 1469 
6336 1664 408 1326 409 
6337 1758 842 1472 1403 
6338 1759 207 1467 1458 
6339 1683 1545 1061 1070 
6340 1704 1299 375 719 
6341 1837 1577 349 1259 
6342 1764 589 1924 1919 
6343 1815 620 1842 15 
6344 1715 1769 1714 1717 
6345 373 1838 1296 1855 
6346 1889 1612 1610 1618 
6347 574 1815 1842 1878 
6348 1767 1874 1691 1693 
6349 1295 1731 705 1907 
6350 1843 1596 1844 1600 
6351 1753 1147 1193 1115 
6352 1926 1579 1581 1582 
6353 1742 1879 1675 1671 
6354 1933 1758 1360 1326 
6355 1695 1696 1720 1559 
6356 1751 1617 1743 1613 
6357 979 105 669 738 
6358 1860 1213 1166 1206 
6359 233 1223 1006 942 
6360 1760 1468 1848 59 
6361 1803 1043 1078 1036 
6362 1758 1326 1365 1403 
6363 1239 1711 1749 483 
6364 1851 1223 1166 942 
6365 1226 1736 1746 1235 
6366 1790 1669 1810 1660 
6367 1748 1650 1388 1640 
6368 1735 1433 1364 1317 
6369 1895 1499 1029 997 
6370 1931 1923 1792 1868 
6371 951 1725 969 970 
6372 1680 696 744 686 
6373 1870 17 1866 1930 
6374 1833 1684 779 723 
6375 1768 1813 580 585 
6376 75 1351 410 1427 
6377 1861 497 1902 437 
6378 1806 949 958 915 
6379 1698 1765 576 579 
6380 1742 431 1879 1852 
6381 1558 1688 1904 426 
6382 1804 1547 424 52 
6383 1762 563 562 564 
6384 1881 619 81 605 
6385 1775 844 1760 1805 
6386 1698 1765 1872 576 
6387 1872 519 511 520 
6388 1331 555 1371 568 
6389 1880 566 567 561 
6390 1729 1315 1082 1116 
6391 1857 422 1533 1536 
6392 1731 1907 1838 1588 
6393 1838 1588 1907 1581 
6394 1901 1202 1191 1212 
6395 1683 306 1545 1540 
6396 1891 1826 1825 1699 
6397 1729 1042 1776 1081 
6398 1755 703 820 1306 
6399 1854 740 774 711 
6400 1683 902 828 827 
6401 1731 1876 1730 607 
6402 1193 1147 276 1115 
6403 1792 1923 84 649 
6404 1720 1687 1766 1547 
6405 1687 1069 423 1551 
6406 1872 519 516 511 
6407 1785 1566 1572 1044 
6408 1781 665 1754 1298 
6409 1690 1874 763 709 
6410 1913 1477 793 219 
6411 457 1921 3 1913 
6412 204 849 205 1457 
6413 209 812 210 1459 
6414 1718 1068 1361 1563 
6415 1893 467 1713 464 
6416 1367 70 69 1624 
6417 1629 1339 1323 531 
6418 1696 1559 1155 1055 
6419 1696 1032 1056 1048 
6420 906 101 663 751 
6421 1338 1119 1386 288 
6422 1774 1375 1776 1386 
6423 1776 818 859 1063 
6424 1776 1146 895 1063 
6425 1776 1422 1146 1119 
6426 1023 860 910 182 
6427 1891 1826 683 684 
6428 668 1826 1701 989 
6429 1745 645 83 18 
6430 1770 1346 1376 1418 
6431 1617 486 1158 474 
6432 1840 643 581 645 
6433 486 1268 1158 487 
6434 1906 530 1628 531 
6435 1404 335 1225 1340 
6436 1772 604 615 614 
6437 1068 1750 1718 1134 
6438 1719 599 618 597 
6439 1256 1130 1279 279 
6440 1855 1911 1812 1818 
6441 1833 680 688 735 
6442 1686 716 752 658 
6443 1835 965 979 991 
6444 1858 840 874 789 
6445 1896 920 983 416 
6446 1862 919 945 940 
6447 115 116 746 1035 
6448 727 144 26 1302 
6449 1853 1692 1781 1754 
6450 902 1109 827 1683 
6451 161 865 162 1080 
6452 1704 1532 1543 719 
6453 869 765 1149 894 
6454 838 1438 1449 1781 
6455 838 88 89 750 
6456 1781 742 665 698 
6457 1735 1733 1931 1734 
6458 1749 1711 1399 1342 
6459 1770 398 1346 1653 
6460 1876 372 1730 1290 
6461 1846 1830 1911 586 
6462 1301 25 377 704 
6463 1833 708 1835 723 
6464 1736 1225 1404 1165 
6465 1872 516 1765 511 
6466 1831 676 1830 732 
6467 1707 1508 260 923 
6468 1722 538 1203 1269 
6469 1771 1217 1278 1618 
6470 1034 1773 1279 1207 
6471 1773 1190 344 1178 
6472 1907 754 1262 718 
6473 663 1703 1702 731 
6474 1321 972 1387 239 
6475 1872 1765 1764 576 
6476 1931 440 1868 1863 
6477 1178 343 1578 1169 
6478 1722 1885 1724 1772 
6479 1681 733 734 682 
6480 1701 1000 713 978 
6481 1826 710 1701 1702 
6482 1845 1615 1616 641 
6483 1828 1055 1696 1155 
6484 1034 1207 1279 278 
6485 1773 1256 1205 1275 
6486 1388 403 46 1650 
6487 1659 402 1344 1353 
6488 1891 1826 1699 1304 
6489 1702 1681 780 693 
6490 1826 679 1702 1309 
6491 504 1756 1891 505 
6492 1756 854 1306 897 
6493 1725 970 989 976 
6494 1725 989 720 976 
6495 1770 1644 398 1653 
6496 1808 1735 1896 1895 
6497 1705 1781 1692 1297 
6498 1705 376 1706 375 
6499 1683 1545 1544 1540 
6500 1087 1532 302 1541 
6501 1793 1782 1794 1814 
6502 1795 1447 1440 1454 
6503 1874 763 1289 1690 
6504 1680 696 686 657 
6505 1295 705 136 687 
6506 1855 673 725 715 
6507 1797 1605 1589 351 
6508 1709 939 944 1009 
6509 1891 854 790 702 
6510 1755 843 820 872 
6511 1756 854 853 852 
6512 1872 1764 1919 589 
6513 1736 1340 1417 1377 
6514 1826 684 769 662 
6515 1826 720 769 684 
6516 1736 1226 1225 1165 
6517 1826 1827 1701 1725 
6518 1825 506 508 512 
6519 1858 874 819 889 
6520 1815 621 620 15 
6521 1724 1723 1889 536 
6522 1725 928 995 1014 
6523 1779 1026 937 912 
6524 910 821 183 860 
6525 1000 1703 985 1007 
6526 1834 830 889 886 
6527 652 641 1728 1751 
6528 635 646 1708 1798 
6529 1931 428 1801 448 
6530 1641 1352 395 1317 
6531 310 1555 1570 327 
6532 1805 799 1041 1104 
6533 1779 937 1897 912 
6534 1805 837 891 459 
6535 1921 1913 1919 3 
6536 1904 1738 1882 1906 
6537 1757 1462 1464 1463 
6538 1829 1857 1715 1714 
6539 311 312 1549 1084 
6540 1393 847 170 1384 
6541 172 1318 832 849 
6542 1748 1659 1849 1712 
6543 1712 476 1749 5 
6544 1185 486 481 485 
6545 535 533 521 1747 
6546 1006 1223 1712 942 
6547 1850 1511 964 927 
6548 457 1921 60 3 
6549 1694 468 1924 1814 
6550 1875 616 625 624 
6551 1928 1615 1845 641 
6552 1768 1909 1692 1814 
6553 1812 675 673 674 
6554 1715 464 1924 468 
6555 1881 1721 1724 1822 
6556 1245 1395 1198 331 
6557 1164 1367 69 1396 
6558 526 1164 1224 1367 
6559 1886 1764 515 450 
6560 1779 797 885 901 
6561 1671 1879 1790 1852 
6562 1736 1226 1746 1225 
6563 1185 481 1255 1227 
6564 1711 1228 483 1239 
6565 1683 1545 306 1061 
6566 1302 1690 1706 1784 
6567 1704 719 1095 755 
6568 1039 1060 1535 307 
6569 1854 872 1755 740 
6570 1690 772 1784 694 
6571 1150 1683 1109 1079 
6572 161 1110 902 865 
6573 752 126 1251 658 
6574 1707 1022 954 935 
6575 1848 1927 571 552 
6576 1933 1780 1465 553 
6577 1758 1661 1665 1666 
6578 553 1465 1933 1463 
6579 1758 1661 817 1665 
6580 22 1147 766 118 
6581 756 1246 1186 1254 
6582 1262 754 121 718 
6583 1687 1555 1720 1564 
6584 73 1330 1329 548 
6585 1774 72 1802 12 
6586 1759 1398 1475 832 
6587 1069 1319 1408 1383 
6588 1728 1181 1709 1187 
6589 481 1185 1238 1239 
6590 1808 1809 990 1406 
6591 1263 1237 476 1238 
6592 1931 448 1735 429 
6593 1894 1520 1526 1528 
6594 1800 1352 1414 1316 
6595 1733 1770 1791 489 
6596 1865 1707 1709 1513 
6597 1740 431 1742 55 
6598 1655 1342 1643 401 
6599 1196 1273 1424 340 
6600 1749 1229 1394 1399 
6601 1776 1042 1121 1081 
6602 1776 862 900 859 
6603 287 1119 1422 1338 
6604 1776 867 1422 1393 
6605 610 625 1717 1875 
6606 1794 1446 1447 1445 
6607 1705 1704 1297 1299 
6608 1695 1559 1720 1565 
6609 1696 1126 1103 1055 
6610 1561 1048 322 323 
6611 1875 625 1693 624 
6612 1779 975 937 1026 
6613 1836 1076 1047 1143 
6614 1862 810 806 833 
6615 1858 817 819 800 
6616 1896 983 1895 416 
6617 1884 858 866 888 
6618 1049 1538 299 1536 
6619 1891 1892 1725 850 
6620 1783 1576 1753 1926 
6621 1808 1895 1896 983 
6622 1852 1670 1669 1678 
6623 1809 1358 1405 1406 
6624 1834 1407 856 1672 
6625 934 930 274 1525 
6626 869 697 87 768 
6627 748 869 1079 1682 
6628 1857 1142 1934 1047 
6629 1298 25 749 377 
6630 1704 762 142 690 
6631 1746 470 482 1227 
6632 1751 1607 1617 1621 
6633 1860 1009 992 1216 
6634 1871 1002 264 1515 
6635 1185 1174 486 1158 
6636 43 1797 1170 1599 
6637 1708 1507 1709 1510 
6638 1775 859 824 1105 
6639 1760 58 1805 459 
6640 330 331 1198 1395 
6641 286 1272 1244 1145 
6642 1842 1840 1889 1796 
6643 1906 1738 1638 1631 
6644 1889 1843 1614 1618 
6645 1719 599 1091 1140 
6646 1728 472 1866 653 
6647 1751 1621 1613 1615 
6648 1868 441 1869 1820 
6649 633 635 646 1708 
6650 1756 802 1727 829 
6651 573 1820 575 78 
6652 1606 1614 1843 1618 
6653 1612 1614 1618 1889 
6654 1772 1249 1203 1232 
6655 1903 1218 542 522 
6656 1779 937 1896 1897 
6657 1032 1048 1569 323 
6658 1828 601 595 600 
6659 1040 421 39 1142 
6660 1753 1233 1587 346 
6661 1914 1481 1913 1477 
6662 1921 1469 1913 457 
6663 1855 1293 374 715 
6664 1880 1313 1738 1333 
6665 1779 1898 1790 1884 
6666 1906 1628 1631 1638 
6667 1687 1408 1802 1069 
6668 1367 70 526 69 
6669 1736 70 1636 1630 
6670 1882 1428 1688 1349 
6671 1748 403 1659 1353 
6672 1824 517 513 1778 
6673 1836 1450 1683 828 
6674 1776 862 859 818 
6675 1836 1531 1857 1535 
6676 1836 1080 864 865 
6677 1686 1210 1170 360 
6678 1779 1026 912 940 
6679 1835 1703 979 738 
6680 1825 508 1827 512 
6681 1689 1732 1062 1141 
6682 1815 612 1842 1878 
6683 974 1779 1884 924 
6684 1554 1803 1546 1766 
6685 1700 1052 593 595 
6686 1568 1785 1786 1571 
6687 1603 359 358 1265 
6688 351 1270 1605 1188 
6689 1710 695 725 675 
6690 1715 1717 1857 1694 
6691 1825 1826 1701 1702 
6692 838 750 89 711 
6693 1795 1836 1440 1451 
6694 1704 719 143 1299 
6695 869 87 834 768 
6696 1069 1125 423 1071 
6697 1069 423 309 40 
6698 1775 900 811 881 
6699 1319 1687 1074 1127 
6700 1895 1029 273 1521 
6701 1871 1529 1894 987 
6702 1748 1916 1650 1640 
6703 1744 1792 655 83 
6704 1877 1869 1888 1778 
6705 1866 1507 1860 1870 
6706 1748 1524 1916 420 
6707 1894 440 429 439 
6708 1841 1878 1842 612 
6709 1661 1410 407 406 
6710 1861 66 498 67 
6711 301 1537 1062 1541 
6712 1696 1103 618 1056 
6713 1732 1538 1536 1533 
6714 1898 1915 1899 1790 
6715 820 91 776 740 
6716 1696 605 80 600 
6717 1928 630 651 641 
6718 62 492 1346 1642 
6719 1734 1519 50 1526 
6720 77 1864 1819 1763 
6721 1895 983 930 1029 
6722 1722 1723 1772 1724 
6723 1901 1816 1796 1596 
6724 1510 1513 1708 1514 
6725 1823 1698 1680 1681 
6726 1859 1515 1506 1509 
6727 767 977 1684 1016 
6728 1894 1521 1529 997 
6729 1877 1902 1778 451 
6730 1798 1181 1728 1159 
6731 1898 1862 1490 806 
6732 1749 1167 1229 1399 
6733 1686 1208 1210 1258 
6734 1751 487 474 1158 
6735 1898 1490 1486 1478 
6736 1143 1836 1076 1123 
6737 1087 719 1543 1532 
6738 353 1843 354 1277 
6739 1843 1928 1796 1889 
6740 1866 1798 1728 648 
6741 1771 1772 1281 1179 
6742 1289 1691 1286 1874 
6743 1689 1290 1876 1730 
6744 1762 562 1927 564 
6745 561 1788 1738 1787 
6746 1898 1858 1915 1790 
6747 1087 302 1532 303 
6748 1087 1532 1543 303 
6749 1737 1376 1739 1622 
6750 1733 1648 1916 1647 
6751 1789 1852 1790 1879 
6752 1861 1500 1890 919 
6753 652 472 1751 1728 
6754 1829 1078 1934 1086 
6755 1802 12 72 556 
6756 1331 1411 555 74 
6757 1933 547 1674 549 
6758 74 1351 1427 1411 
6759 1706 1532 1541 1539 
6760 1875 1717 1752 1769 
6761 1705 376 1692 1706 
6762 1857 1782 1683 1793 
6763 1782 1447 1446 1451 
6764 1781 750 1449 838 
6765 1830 674 676 675 
6766 1793 454 1795 1836 
6767 1150 1682 1683 1079 
6768 197 1452 196 827 
6769 1754 677 1755 1305 
6770 1450 828 195 196 
6771 1409 1137 295 1096 
6772 1563 1068 319 320 
6773 1687 1069 1802 423 
6774 1721 1568 1565 1559 
6775 1898 1490 1478 215 
6776 1753 1111 1115 1094 
6777 1728 1159 44 1616 
6778 1832 991 1703 935 
6779 1898 1478 789 215 
6780 1808 1401 1321 1382 
6781 1860 944 1709 1516 
6782 935 1707 1022 1859 
6783 1851 476 1712 5 
6784 1770 1739 1737 1376 
6785 964 1005 1530 269 
6786 1880 1882 1738 1313 
6787 771 1811 704 1301 
6788 1689 1066 1051 1141 
6789 1881 605 81 80 
6790 1784 1532 1706 1087 
6791 1795 1440 1447 1451 
6792 1914 1482 1481 1477 
6793 1836 1076 1039 1047 
6794 1881 1822 1724 1745 
6795 1217 366 1618 1610 
6796 1659 403 402 1353 
6797 1850 982 1860 927 
6798 1808 1419 1401 1382 
6799 1733 488 490 491 
6800 1726 821 931 959 
6801 910 1726 968 959 
6802 683 702 149 1307 
6803 150 702 1306 1307 
6804 1898 823 1790 1884 
6805 1779 1790 1896 1810 
6806 1834 1810 1429 1324 
6807 1810 1324 47 1337 
6808 1834 1679 1660 404 
6809 1861 66 67 497 
6810 1808 1810 1336 1382 
6811 1877 1778 1888 451 
6812 1879 547 554 11 
6813 1790 1677 1669 1660 
6814 1896 1852 56 1735 
6815 1711 1228 1368 1434 
6816 1643 401 1344 402 
6817 1015 1273 1243 235 
6818 798 1435 857 178 
6819 883 1410 174 1365 
6820 1373 1729 1315 1386 
6821 1729 1081 1038 1042 
6822 869 765 697 748 
6823 1807 947 914 1020 
6824 69 1283 1396 68 
6825 333 1367 1372 1224 
6826 485 1263 487 475 
6827 1713 1716 1769 1924 
6828 984 1808 1896 953 
6829 1450 808 1440 195 
6830 1793 1814 1794 463 
6831 1839 787 1755 1442 
6832 1829 1934 1857 1142 
6833 1729 1144 1552 1071 
6834 799 164 1104 861 
6835 286 38 1272 1145 
6836 1424 1413 1015 1243 
6837 1808 967 1021 917 
6838 1567 326 1549 1084 
6839 1874 1811 1813 699 
6840 1704 1095 1543 304 
6841 1310 1312 666 154 
6842 1793 1857 1715 462 
6843 1682 1683 1782 1451 
6844 1896 1852 1899 430 
6845 1862 945 999 966 
6846 866 973 892 1355 
6847 892 1432 1355 1420 
6848 782 712 1059 1147 
6849 1808 917 990 967 
6850 1810 1337 1336 1382 
6851 1845 1261 1188 1270 
6852 1771 1773 1926 1575 
6853 1731 1292 372 1294 
6854 427 1896 1897 1899 
6855 1901 1596 1843 1591 
6856 1771 1583 1191 342 
6857 1705 376 375 1299 
6858 1143 1836 1123 1934 
6859 1757 1465 1464 1466 
6860 1780 1475 1398 1437 
6861 1802 1408 1357 1374 
6862 1762 1922 563 564 
6863 234 933 1006 1162 
6864 1607 1158 1728 487 
6865 1243 234 933 235 
6866 1835 977 669 911 
6867 977 911 106 669 
6868 1798 647 640 641 
6869 1896 983 920 953 
6870 866 190 973 189 
6871 1355 1810 993 909 
6872 1808 1321 1401 1406 
6873 892 1355 1013 1420 
6874 1884 1389 1355 857 
6875 1896 1897 1895 1 
6876 878 176 1410 406 
6877 1913 452 457 1471 
6878 1733 1644 1770 1654 
6879 1710 658 1686 1592 
6880 1709 1248 1195 1240 
6881 1843 1844 1845 1600 
6882 1001 797 188 885 
6883 781 1784 1046 1287 
6884 1707 1517 1708 1508 
6885 1757 1465 571 553 
6886 1808 990 917 1406 
6887 1750 68 522 10 
6888 1729 424 1552 1546 
6889 1320 1346 399 1642 
6890 1702 777 691 713 
6891 1798 1195 1270 1797 
6892 510 517 1824 1807 
6893 1701 668 989 907 
6894 1862 833 806 901 
6895 1879 1674 1668 1666 
6896 1801 56 1735 448 
6897 1731 1926 1817 1876 
6898 1753 1233 346 1207 
6899 1896 1810 1790 1852 
6900 1700 1732 1689 1141 
6901 1690 763 737 709 
6902 1715 1717 1714 1857 
6903 1806 958 1726 1777 
6904 1323 1361 1349 1906 
6905 452 877 884 796 
6906 1836 1857 1047 1535 
6907 1444 1682 1781 1853 
6908 1704 1095 304 1070 
6909 1690 772 737 132 
6910 1733 489 488 491 
6911 1733 1770 489 491 
6912 336 1434 1225 1340 
6913 1896 1790 1899 1852 
6914 1843 1591 354 1594 
6915 1743 1928 651 1751 
6916 1682 1441 1452 1451 
6917 1438 1682 1781 1444 
6918 1624 70 523 1630 
6919 1695 1155 1828 1696 
6920 651 1744 1743 1751 
6921 1688 1379 1385 1325 
6922 1880 1905 1334 1343 
6923 1750 1161 1139 1124 
6924 1772 1889 1724 1723 
6925 290 291 1125 1383 
6926 1015 996 1243 1413 
6927 336 1225 335 1340 
6928 1729 1144 317 1552 
6929 1373 1729 1802 1315 
6930 1573 348 347 1199 
6931 1753 712 1242 766 
6932 1837 1262 1907 754 
6933 892 973 1013 1355 
6934 252 1890 1503 1003 
6935 1726 959 931 958 
6936 1891 839 1892 850 
6937 1854 838 875 711 
6938 1854 875 815 872 
6939 845 1455 1913 1912 
6940 1859 1515 1869 1506 
6941 1809 1405 1017 1406 
6942 1800 1316 397 1645 
6943 61 1747 493 494 
6944 1731 1926 1838 1817 
6945 1891 1756 1699 505 
6946 1776 1375 1384 1393 
6947 1882 1634 386 1623 
6948 564 1893 1762 1922 
6949 1779 975 1001 924 
6950 1762 570 560 559 
6951 1423 1392 1120 297 
6952 1756 853 805 896 
6953 1892 846 821 860 
6954 1917 1908 1914 502 
6955 1896 937 1810 984 
6956 1702 777 731 693 
6957 1686 1170 1210 1208 
6958 1831 1681 734 682 
6959 1786 1571 1566 1558 
6960 547 1742 75 11 
6961 1415 413 1336 1678 
6962 1695 1549 1567 1564 
6963 1389 857 798 1435 
6964 283 1247 1067 1124 
6965 1319 1687 1425 1074 
6966 311 1549 1564 326 
6967 1904 1922 1738 1822 
6968 1700 1051 1689 1066 
6969 1752 1716 1881 612 
6970 1808 1896 953 983 
6971 607 1783 1730 1731 
6972 1700 1689 1051 1141 
6973 1889 1723 535 536 
6974 1881 1842 82 612 
6975 1860 992 944 927 
6976 1689 1876 1290 1288 
6977 1690 146 709 737 
6978 727 26 1087 375 
6979 1398 1375 1384 1776 
6980 1780 548 1327 1329 
6981 1865 929 971 1008 
6982 1736 1165 1372 1224 
6983 984 1808 1810 1896 
6984 1912 1921 1879 1463 
6985 1801 1414 1415 1332 
6986 1895 983 967 930 
6987 1862 1476 1777 1486 
6988 1836 1148 1039 1076 
6989 1847 1869 1820 1867 
6990 1830 732 676 674 
6991 1698 1699 1697 1909 
6992 1839 1439 1442 1445 
6993 702 1756 1306 1307 
6994 1197 128 747 129 
6995 1197 129 747 1274 
6996 752 1251 126 1210 
6997 1833 716 708 779 
6998 1766 1804 1687 1720 
6999 311 1564 327 326 
7000 533 521 1747 529 
7001 1774 1776 1759 1775 
7002 746 1035 116 1108 
7003 120 760 1242 718 
7004 1510 1513 1709 1708 
7005 1709 259 916 1513 
7006 1845 1616 1609 1211 
7007 634 85 1923 638 
7008 1832 1867 1847 1846 
7009 1245 1396 1395 331 
7010 1718 1431 1400 1392 
7011 1565 1687 1560 1904 
7012 273 1521 1029 997 
7013 1763 1740 1787 1864 
7014 1719 1267 1772 1163 
7015 1812 1874 699 671 
7016 371 1731 372 1730 
7017 1837 1856 1838 1817 
7018 1753 1573 1587 347 
7019 1815 15 612 611 
7020 1907 1199 1201 348 
7021 1812 715 374 659 
7022 1593 1594 1585 355 
7023 1718 1137 1068 1134 
7024 522 539 1903 10 
7025 1750 1153 1139 1045 
7026 1120 1392 296 297 
7027 979 104 105 738 
7028 1016 1274 21 225 
7029 1456 1474 202 800 
7030 878 1672 1407 406 
7031 1779 974 1810 937 
7032 1395 1245 1198 1718 
7033 1139 1244 1750 1045 
7034 1750 1284 1244 1161 
7035 388 1629 1339 1323 
7036 1015 34 1424 1273 
7037 1771 1178 1578 1169 
7038 1740 1801 1932 428 
7039 1718 1045 1244 1145 
7040 1687 1408 1069 1319 
7041 1776 895 1146 1422 
7042 1710 1592 1601 1603 
7043 1643 1344 1659 402 
7044 1522 1849 1518 1900 
7045 1723 1157 1179 365 
7046 1770 398 1354 1346 
7047 1740 428 1864 54 
7048 1742 412 1332 1663 
7049 841 1913 793 877 
7050 1908 221 1481 1488 
7051 1829 1122 1033 1058 
7052 1755 843 805 897 
7053 1777 931 1010 958 
7054 1684 1241 1197 1274 
7055 1409 1688 1361 425 
7056 1740 428 54 55 
7057 1882 1626 1738 1313 
7058 1862 871 848 810 
7059 1735 448 56 429 
7060 1888 451 443 441 
7061 1899 433 435 430 
7062 532 1372 526 1224 
7063 1183 542 1722 1903 
7064 1750 1068 1718 1563 
7065 1885 1724 81 1881 
7066 531 1627 1906 1323 
7067 1776 895 1422 867 
7068 895 168 1063 1146 
7069 1774 1345 1347 1373 
7070 1683 863 1109 827 
7071 902 1109 1683 1110 
7072 1704 755 1131 748 
7073 167 166 859 1105 
7074 1927 1761 1757 558 
7075 1729 1804 424 1546 
7076 1729 1803 1775 1848 
7077 184 931 185 851 
7078 1826 683 684 662 
7079 1899 1861 1897 435 
7080 1929 936 926 935 
7081 1491 1480 223 801 
7082 1699 1304 381 380 
7083 1726 898 880 846 
7084 1398 832 1318 1475 
7085 1472 849 1457 1403 
7086 1703 738 660 921 
7087 1846 646 1867 636 
7088 1593 1585 1266 355 
7089 433 1852 430 1899 
7090 1845 1615 1609 1616 
7091 1865 1835 1707 971 
7092 895 1146 1422 29 
7093 1774 1759 1776 1375 
7094 69 1629 1339 389 
7095 1688 425 1409 1325 
7096 1728 1280 1173 1172 
7097 1910 621 602 620 
7098 42 355 1585 1594 
7099 1684 661 1686 779 
7100 1895 1499 415 416 
7101 1761 1887 1741 1763 
7102 1861 498 1777 67 
7103 184 1011 931 821 
7104 1704 1131 1133 1070 
7105 1692 1298 1754 377 
7106 1828 1126 1151 1107 
7107 1843 1618 1278 1606 
7108 1899 1790 1789 433 
7109 1778 913 1502 250 
7110 1881 1721 1822 1720 
7111 1744 479 1792 477 
7112 1710 1597 1911 1856 
7113 1751 1615 651 641 
7114 895 168 1146 29 
7115 1872 519 520 8 
7116 1586 344 1190 345 
7117 1907 1242 1262 1199 
7118 1576 1190 1586 1773 
7119 712 1753 1111 1059 
7120 1707 1709 1708 1799 
7121 1331 1411 74 1427 
7122 1775 824 844 861 
7123 1899 1789 1915 433 
7124 1331 74 73 1328 
7125 1808 1387 1810 1436 
7126 1850 964 982 927 
7127 1915 1485 1479 1493 
7128 1781 750 724 834 
7129 1705 1706 1692 51 
7130 1682 1441 814 827 
7131 1811 771 704 744 
7132 1298 749 140 773 
7133 446 1819 1864 449 
7134 1829 1086 1934 1142 
7135 724 768 697 869 
7136 1811 778 744 704 
7137 198 1441 197 814 
7138 199 834 838 1449 
7139 1812 672 726 674 
7140 1590 1246 358 357 
7141 42 355 1594 1212 
7142 793 1481 803 220 
7143 1795 460 891 459 
7144 1712 933 1243 1162 
7145 265 1512 418 1005 
7146 1930 1870 1708 49 
7147 1837 754 1907 678 
7148 705 746 783 1108 
7149 1907 1242 760 718 
7150 1837 1201 1276 1254 
7151 1753 1207 1260 1233 
7152 1753 1207 1576 1034 
7153 1899 1915 1789 1790 
7154 1726 898 794 880 
7155 1708 1506 1859 1869 
7156 1730 1101 1102 1113 
7157 1719 1091 599 597 
7158 1862 813 33 810 
7159 1898 789 830 823 
7160 1810 1436 1337 1382 
7161 1503 1003 1500 253 
7162 1836 1047 1934 1143 
7163 1787 1763 1821 1716 
7164 1761 60 1757 1921 
7165 893 1014 764 19 
7166 1892 850 839 831 
7167 1892 1725 928 969 
7168 1891 1699 506 505 
7169 683 1307 149 1304 
7170 1826 662 679 27 
7171 1907 687 678 718 
7172 1783 1088 1090 1065 
7173 1251 359 1603 1265 
7174 1590 761 664 736 
7175 1690 1300 145 1302 
7176 1753 346 1587 1576 
7177 1684 1258 1686 661 
7178 1790 1834 830 889 
7179 1837 1259 1186 1602 
7180 1928 1613 1889 1614 
7181 1798 647 646 644 
7182 1014 97 764 19 
7183 1779 974 1884 1810 
7184 1827 949 946 948 
7185 1682 834 814 1449 
7186 1767 1818 1691 1874 
7187 1806 1827 949 946 
7188 1797 1799 1685 1873 
7189 1756 829 1727 816 
7190 1759 899 811 1458 
7191 1774 1848 1759 552 
7192 1829 1714 1122 1098 
7193 1808 1382 1321 1387 
7194 866 973 924 189 
7195 240 917 1406 1321 
7196 1777 1890 1003 919 
7197 1810 1363 1416 1429 
7198 1738 1626 1631 1633 
7199 1163 282 1231 1128 
7200 1856 1595 1593 1602 
7201 1903 1203 1204 1232 
7202 1726 794 1777 880 
7203 1728 641 1845 1616 
7204 1727 809 898 846 
7205 1725 1892 1827 951 
7206 1740 1787 1932 1788 
7207 1662 547 549 1674 
7208 1899 436 435 433 
7209 247 416 1029 35 
7210 1899 1915 436 433 
7211 1748 420 1916 1640 
7212 1850 1530 1528 1522 
7213 1728 1709 1866 1187 
7214 231 1166 981 992 
7215 1413 1424 1015 246 
7216 17 634 85 1923 
7217 1150 1149 894 869 
7218 869 863 894 1150 
7219 1705 1531 1857 1782 
7220 1704 1299 143 690 
7221 1099 329 425 41 
7222 1774 1775 1759 1848 
7223 1759 847 1398 832 
7224 727 26 375 1302 
7225 1920 877 841 835 
7226 1930 1528 1850 1530 
7227 1809 934 930 967 
7228 1711 1368 1417 1434 
7229 1810 1324 1363 1429 
7230 993 236 1013 1355 
7231 1788 569 75 557 
7232 1740 54 1741 431 
7233 1751 1617 1613 1621 
7234 1740 1787 1864 1932 
7235 1912 1493 1479 870 
7236 1478 789 215 216 
7237 1914 1908 1481 1482 
7238 1790 1858 1879 1668 
7239 1862 885 1001 966 
7240 1657 961 1350 1381 
7241 1499 1877 415 1495 
7242 1770 1644 1354 398 
7243 1729 1081 1775 1038 
7244 1748 403 1388 1650 
7245 1801 1414 1332 1366 
7246 1711 482 1228 1434 
7247 10 1903 1750 1785 
7248 1795 193 786 807 
7249 1795 1805 459 837 
7250 1899 1861 435 436 
7251 1771 1184 1772 1178 
7252 1590 1246 761 1265 
7253 1822 534 536 1925 
7254 317 318 1552 1144 
7255 1400 1137 1120 296 
7256 1780 1757 1465 571 
7257 1805 459 4 454 
7258 1398 1375 1776 1759 
7259 878 1672 889 856 
7260 1407 177 798 856 
7261 1759 832 1467 795 
7262 1758 203 817 1456 
7263 1808 1810 1896 1852 
7264 1865 1221 1177 929 
7265 747 129 767 1274 
7266 1815 1816 1840 1842 
7267 1865 1215 1177 1221 
7268 1865 1709 916 1513 
7269 1812 130 374 1286 
7270 1910 1579 1582 1574 
7271 1874 1286 763 671 
7272 1704 1532 1706 1542 
7273 1301 709 146 147 
7274 311 1549 1555 1564 
7275 1099 1096 1325 294 
7276 1099 1562 425 329 
7277 1565 1695 1567 1564 
7278 1715 1857 1934 462 
7279 1855 374 1296 373 
7280 1831 1681 1832 1703 
7281 1865 1797 1194 1195 
7282 1686 1592 1251 1210 
7283 979 105 911 669 
7284 1844 1604 1605 1600 
7285 1789 1879 1741 431 
7286 1845 369 1609 1619 
7287 1722 1203 1772 1269 
7288 1771 604 1926 1773 
7289 1789 1741 1879 1921 
7290 1111 705 712 1059 
7291 1885 613 1724 614 
7292 1266 1259 350 1577 
7293 1743 540 1608 1171 
7294 486 485 1268 487 
7295 18 1745 1889 631 
7296 1767 591 1768 1769 
7297 1719 1128 1163 1282 
7298 1895 1521 1894 997 
7299 1790 1667 1669 1677 
7300 1834 1679 1407 1672 
7301 817 883 1661 819 
7302 1718 1045 1120 1134 
7303 1750 1073 1566 1044 
7304 1906 524 530 531 
7305 651 1744 631 1743 
7306 909 238 1416 1387 
7307 1849 1522 1518 1527 
7308 1891 1827 1825 1826 
7309 1001 188 797 924 
7310 878 1407 1672 856 
7311 1740 1801 428 55 
7312 1719 1903 1885 1128 
7313 1846 587 586 583 
7314 1837 1838 1584 1581 
7315 1843 1845 1234 1600 
7316 230 229 1216 1009 
7317 643 1846 636 644 
7318 977 107 1016 767 
7319 231 981 1166 232 
7320 825 458 812 455 
7321 1729 1116 1082 1144 
7322 1896 57 1895 56 
7323 1789 434 1915 433 
7324 1776 1375 1338 1386 
7325 1006 1223 1162 1712 
7326 69 1339 1367 389 
7327 1750 1563 1718 1786 
7328 1718 1348 1323 1431 
7329 1708 1870 1507 49 
7330 1703 734 1681 770 
7331 906 101 751 978 
7332 1680 780 696 657 
7333 1785 1112 1129 1048 
7334 1789 54 434 431 
7335 1766 1687 1804 1547 
7336 1772 1610 1723 1179 
7337 1838 1294 1876 373 
7338 1059 117 782 118 
7339 1810 1670 1336 1337 
7340 1884 993 1810 974 
7341 1834 1407 1679 1359 
7342 1834 1679 1677 1660 
7343 1789 1741 54 431 
7344 1776 847 1398 1759 
7345 1775 844 824 881 
7346 1760 1468 59 455 
7347 1903 1231 1067 1282 
7348 527 544 1192 1182 
7349 1709 258 944 939 
7350 1928 1615 1613 1614 
7351 1851 1250 1214 1223 
7352 1894 1519 1526 1521 
7353 534 1906 530 1738 
7354 1862 1490 214 1487 
7355 1407 1435 798 177 
7356 866 190 892 973 
7357 1862 848 813 810 
7358 1710 753 1856 725 
7359 156 1311 155 657 
7360 156 1680 685 1309 
7361 1831 728 689 681 
7362 1726 949 1827 968 
7363 1897 415 1498 416 
7364 1725 995 757 701 
7365 1705 1706 51 1542 
7366 1730 1102 371 1113 
7367 1207 1773 1190 1576 
7368 1796 586 592 583 
7369 906 713 1702 1000 
7370 1872 1764 516 519 
7371 1287 24 371 743 
7372 1682 1452 1683 1451 
7373 1700 594 1051 1066 
7374 1614 1612 1613 1889 
7375 1771 1281 1217 1179 
7376 1837 1201 349 1584 
7377 1700 1732 1141 1031 
7378 637 1863 639 638 
7379 1789 434 433 431 
7380 1892 910 968 969 
7381 1686 1208 1194 1170 
7382 1888 516 1764 450 
7383 1913 803 793 1481 
7384 1789 1879 1912 1921 
7385 1884 823 830 886 
7386 1712 1659 1344 1353 
7387 1770 1739 1430 1378 
7388 1809 930 934 1525 
7389 1712 933 963 962 
7390 1770 1376 1737 1418 
7391 1832 1707 991 935 
7392 371 746 1292 1035 
7393 1876 1294 372 373 
7394 1784 1077 1136 1062 
7395 1736 1377 1404 1340 
7396 1728 1257 1280 1206 
7397 541 1175 1171 1264 
7398 1684 929 994 971 
7399 1709 956 916 939 
7400 1764 438 1887 445 
7401 1700 1049 1717 1536 
7402 1829 1857 1714 1717 
7403 1766 1804 1803 1546 
7404 1930 1923 17 1866 
7405 1746 1189 1235 1264 
7406 1709 939 1004 956 
7407 1196 339 1394 1229 
7408 1024 227 1221 929 
7409 1617 486 362 1158 
7410 1749 1711 1167 1399 
7411 1718 1906 1786 1563 
7412 1915 1912 1858 1493 
7413 1789 1912 1915 1921 
7414 977 107 767 739 
7415 1904 1560 53 426 
7416 1776 1119 1082 1386 
7417 1729 1144 1082 1042 
7418 1898 806 215 789 
7419 284 1161 1247 1124 
7420 1903 1067 1247 1124 
7421 1750 1718 1153 1045 
7422 1704 1299 142 1297 
7423 1702 770 1681 693 
7424 1918 803 785 882 
7425 1910 1771 1889 1842 
7426 18 1928 1840 630 
7427 1911 1796 1816 1596 
7428 1700 624 1689 1693 
7429 1880 1333 1738 1788 
7430 1728 44 1172 1607 
7431 532 1372 70 526 
7432 1227 1746 1225 482 
7433 1894 1529 1520 987 
7434 1243 1413 1370 1424 
7435 1916 1648 1649 1647 
7436 1747 535 533 1925 
7437 1736 1625 392 1635 
7438 1749 1236 1196 1229 
7439 1925 534 1738 1822 
7440 1800 1316 1354 397 
7441 1763 1740 560 1787 
7442 1831 682 728 681 
7443 1007 1703 985 936 
7444 1846 1796 1911 1844 
7445 470 1227 1255 481 
7446 1846 586 1796 583 
7447 1833 1873 1710 1686 
7448 1856 664 756 714 
7449 1147 118 1059 782 
7450 1926 603 627 604 
7451 1812 1691 1286 374 
7452 1684 739 747 723 
7453 1728 1206 1280 1180 
7454 1719 1128 1092 1037 
7455 1785 1112 1885 1903 
7456 1783 1088 1089 1094 
7457 1842 1841 1840 574 
7458 1032 323 1569 324 
7459 1737 1635 1362 1418 
7460 1657 393 1381 1350 
7461 1851 1263 1250 1237 
7462 654 581 637 645 
7463 1896 57 56 430 
7464 30 1420 1013 236 
7465 1761 1713 1927 467 
7466 1339 69 531 1629 
7467 1884 1810 1355 1429 
7468 1540 1836 1531 1683 
7469 1933 553 1879 547 
7470 1766 1922 1893 1804 
7471 1914 1921 1886 1915 
7472 1468 457 59 455 
7473 836 459 460 458 
7474 1780 1360 1390 1327 
7475 1921 1919 456 3 
7476 1838 707 678 670 
7477 1682 1444 1453 1446 
7478 746 1292 1108 705 
7479 1789 1887 1741 1921 
7480 781 1784 1287 706 
7481 115 1035 746 743 
7482 1861 1890 1777 919 
7483 1834 858 798 857 
7484 1197 1258 661 128 
7485 1886 515 496 65 
7486 1810 909 984 974 
7487 1914 1482 1484 499 
7488 1563 320 1073 1068 
7489 1761 60 1927 1757 
7490 902 1683 1836 1110 
7491 1899 1861 1886 1915 
7492 1303 1307 1756 1891 
7493 1780 1437 1398 1390 
7494 1923 85 648 653 
7495 208 1458 899 1473 
7496 1731 705 1907 1111 
7497 758 1046 113 781 
7498 371 1731 1292 372 
7499 1784 1087 727 1132 
7500 1732 1049 1538 1031 
7501 1251 359 1592 1603 
7502 1853 1692 1782 1781 
7503 766 760 712 1242 
7504 1865 1024 1221 929 
7505 1815 612 1878 611 
7506 1762 562 563 559 
7507 1761 1927 1762 562 
7508 1753 347 1587 1233 
7509 1758 408 1365 1326 
7510 1413 998 245 996 
7511 1886 1887 1915 1921 
7512 1839 1794 1439 1445 
7513 1893 1883 1803 1848 
7514 1853 1443 1854 1444 
7515 1854 1443 1755 815 
7516 1913 876 1492 845 
7517 1883 1848 453 58 
7518 1705 1297 376 1299 
7519 1860 1507 1709 1870 
7520 1680 1309 1699 1702 
7521 1886 496 64 65 
7522 668 989 907 976 
7523 1833 716 1686 735 
7524 1567 325 326 1084 
7525 1723 1269 1179 1157 
7526 1695 1556 1033 312 
7527 1797 1845 1188 1270 
7528 1865 1177 1684 929 
7529 1900 1734 50 1528 
7530 1854 872 740 711 
7531 1886 65 66 515 
7532 1760 58 1803 1805 
7533 1775 1760 881 899 
7534 1834 856 889 1672 
7535 1814 469 1919 1920 
7536 1784 1706 1532 1541 
7537 1798 1709 1728 1181 
7538 1838 678 1291 670 
7539 1828 1072 595 1107 
7540 1886 436 438 450 
7541 1829 1717 1714 1098 
7542 1871 943 249 1501 
7543 1913 841 793 803 
7544 1886 1887 1764 438 
7545 1884 993 974 973 
7546 1897 1877 1 444 
7547 1102 1689 1117 1066 
7548 1253 1218 522 1200 
7549 1877 444 439 1 
7550 483 1239 1238 1230 
7551 1834 1324 1359 404 
7552 392 1736 1362 1377 
7553 2 434 449 445 
7554 1780 548 551 1327 
7555 1832 1859 1929 1867 
7556 1684 747 661 723 
7557 1593 1577 1585 1817 
7558 1910 1574 1901 1583 
7559 1877 1869 1894 441 
7560 421 1535 308 1047 
7561 1803 1036 315 1043 
7562 1116 1729 1802 1071 
7563 1736 1630 1636 1625 
7564 1764 516 515 450 
7565 1691 1874 1690 1693 
7566 1857 1533 1717 1536 
7567 1075 79 623 601 
7568 1773 627 604 1926 
7569 1783 607 608 622 
7570 574 1840 578 1841 
7571 1602 1597 1590 1710 
7572 1853 1443 1444 1442 
7573 1908 504 1727 503 
7574 210 1459 812 1471 
7575 1723 1743 1608 1612 
7576 1771 1773 1772 604 
7577 1812 130 671 659 
7578 1716 1924 1763 76 
7579 1501 1877 1495 1497 
7580 1805 844 825 904 
7581 1775 1093 1803 1154 
7582 1746 61 470 6 
7583 1877 48 1902 444 
7584 1852 1336 1415 1419 
7585 1074 1385 1099 1688 
7586 1933 1664 1326 409 
7587 866 1355 892 857 
7588 1834 1672 1677 1679 
7589 866 924 797 189 
7590 1860 1516 257 944 
7591 1901 1202 1843 1191 
7592 373 1838 1855 1691 
7593 1865 1684 1835 971 
7594 1708 1870 1709 1507 
7595 517 513 1778 497 
7596 1726 851 821 880 
7597 1822 1721 1724 536 
7598 1568 1785 1721 1786 
7599 1848 1927 1757 571 
7600 1877 444 1902 451 
7601 1729 1386 1082 1315 
7602 1930 417 1506 1512 
7603 1725 759 745 701 
7604 1865 1215 1221 1240 
7605 1884 866 1355 973 
7606 1809 961 1017 1405 
7607 1361 1096 1563 1068 
7608 1849 1652 1649 1648 
7609 1861 1777 498 500 
7610 1820 637 633 638 
7611 595 1072 1050 1107 
7612 1054 596 629 598 
7613 1930 1512 418 417 
7614 1803 1766 1554 1829 
7615 93 790 775 741 
7616 1760 455 825 812 
7617 827 1441 814 197 
7618 541 1192 1264 545 
7619 1740 11 560 557 
7620 1468 1469 457 1459 
7621 1930 1512 1506 1515 
7622 1718 1323 1361 1431 
7623 1736 1224 1235 1165 
7624 63 1656 491 1642 
7625 1753 1588 1926 1576 
7626 1843 1234 353 1600 
7627 1590 1265 761 1603 
7628 69 1367 1339 1396 
7629 1779 975 974 937 
7630 1748 960 1524 420 
7631 1331 74 1328 1427 
7632 1733 1800 1931 1932 
7633 1750 1153 1083 1139 
7634 1930 1506 1869 1515 
7635 1897 912 937 920 
7636 1868 1900 1923 1528 
7637 1930 1868 1894 1869 
7638 1340 482 1417 1434 
7639 1851 475 1263 476 
7640 529 1736 71 1747 
7641 635 17 1870 633 
7642 1877 1499 1895 1894 
7643 1723 1608 1743 540 
7644 1702 691 777 693 
7645 1785 1561 1696 1048 
7646 1724 536 1889 1745 
7647 1795 786 1440 808 
7648 1930 418 1850 417 
7649 258 1510 259 939 
7650 1788 1369 75 569 
7651 1661 407 1410 1665 
7652 1718 1145 1120 1045 
7653 386 1882 1428 385 
7654 842 1365 174 1403 
7655 1627 387 1349 1323 
7656 1771 1178 1575 1578 
7657 1784 1132 1136 1077 
7658 1697 1756 1699 1303 
7659 1662 75 410 549 
7660 1930 1506 417 49 
7661 1771 1889 1610 1618 
7662 1847 1929 1888 1869 
7663 1790 830 1884 823 
7664 1770 1346 1418 492 
7665 1235 526 1252 1224 
7666 1807 1827 946 947 
7667 42 355 1266 1585 
7668 1703 980 906 985 
7669 1918 841 803 882 
7670 1930 417 1870 49 
7671 1914 1482 1483 1484 
7672 1930 1850 418 1530 
7673 1696 1569 1032 1048 
7674 1784 144 727 1302 
7675 1331 73 555 568 
7676 1758 1456 1472 203 
7677 1692 376 1297 1298 
7678 1725 720 757 976 
7679 16 1054 598 1097 
7680 1777 813 1476 33 
7681 1704 1534 1543 1542 
7682 1150 869 1682 1079 
7683 1901 1583 1574 1212 
7684 1775 1104 1093 1064 
7685 1709 1510 259 1513 
7686 1851 1712 1223 942 
7687 1798 1709 1181 1248 
7688 1865 1194 1684 1222 
7689 1864 1821 1787 1763 
7690 1771 1217 1191 1278 
7691 1908 802 1918 879 
7692 1689 1876 1693 624 
7693 1795 1440 1836 808 
7694 1795 891 786 837 
7695 1708 1870 1798 1709 
7696 1680 1312 686 666 
7697 1684 747 767 1274 
7698 1166 1851 1860 1206 
7699 1729 1038 317 1042 
7700 1561 1569 1048 323 
7701 1719 626 1773 597 
7702 1847 1681 1846 584 
7703 1791 1770 1932 1739 
7704 1185 1268 486 485 
7705 828 196 1452 827 
7706 1829 1122 1058 1098 
7707 1803 1085 1078 1043 
7708 1706 1532 1539 1542 
7709 1683 1061 306 1060 
7710 1743 1171 1189 540 
7711 1876 622 1926 603 
7712 1394 1196 1229 1749 
7713 446 1819 1863 1864 
7714 1711 400 1655 1642 
7715 1895 273 1029 930 
7716 1355 909 993 237 
7717 1809 1735 1651 1317 
7718 47 1324 1660 404 
7719 1854 711 742 698 
7720 1725 745 822 764 
7721 505 1908 1756 1918 
7722 1732 1538 1049 1536 
7723 1910 1876 603 609 
7724 1283 1164 69 1396 
7725 1771 614 1772 1724 
7726 1832 1708 1707 1859 
7727 1683 1060 306 1540 
7728 1875 1691 1767 1818 
7729 827 1441 197 1452 
7730 1918 841 1913 803 
7731 1823 509 1824 508 
7732 1920 791 807 835 
7733 1891 1756 702 1307 
7734 1763 76 1924 590 
7735 1688 1379 1356 1385 
7736 1877 439 444 441 
7737 247 416 1499 1029 
7738 1743 1889 631 1928 
7739 68 69 1339 1396 
7740 1902 427 1897 435 
7741 529 1631 1632 1737 
7742 359 1210 1251 1592 
7743 1739 1633 1639 1637 
7744 1137 1361 1400 1718 
7745 1567 1564 1549 326 
7746 72 548 1330 73 
7747 1773 1575 1586 1580 
7748 541 537 1175 544 
7749 1802 1408 1374 1383 
7750 1716 1769 1924 76 
7751 412 1742 1332 1322 
7752 1880 1334 1313 1343 
7753 1155 325 1567 1084 
7754 1904 1738 1922 1905 
7755 1789 2 1741 1887 
7756 838 834 750 1449 
7757 1862 1490 806 214 
7758 1908 1480 503 801 
7759 1727 898 809 801 
7760 1680 685 780 657 
7761 1893 464 466 453 
7762 1731 1838 1295 1292 
7763 1903 1183 542 1218 
7764 1855 1911 675 1812 
7765 1753 1271 1193 1147 
7766 1898 1486 1861 1915 
7767 1718 524 1786 1906 
7768 1471 452 457 458 
7769 1865 1194 1222 1215 
7770 1879 553 554 547 
7771 1725 1014 995 701 
7772 869 1149 765 748 
7773 1792 84 1923 479 
7774 1871 1501 1019 943 
7775 1838 1296 1294 373 
7776 1907 687 1295 678 
7777 684 1891 1826 1725 
7778 198 1441 814 1449 
7779 1837 1186 1259 1254 
7780 1895 1525 1519 1521 
7781 1910 1771 1579 1583 
7782 1736 1404 1372 1165 
7783 1771 342 1191 1169 
7784 1443 1442 787 201 
7785 1864 1821 1932 1787 
7786 1790 1834 1677 1660 
7787 1682 1853 1444 1446 
7788 522 68 1220 1283 
7789 1864 1932 1931 428 
7790 1840 1841 1745 645 
7791 1697 1305 1303 379 
7792 648 635 17 1870 
7793 1860 981 992 927 
7794 1857 421 1040 1142 
7795 1803 1093 1805 1085 
7796 1788 1391 1369 1411 
7797 825 458 836 812 
7798 1376 1335 1739 1639 
7799 1099 1562 329 1074 
7800 1552 1144 318 1071 
7801 1740 1864 1741 2 
7802 1750 522 1218 1903 
7803 541 1175 1192 544 
7804 1301 25 704 147 
7805 1695 1714 1766 1720 
7806 1730 1053 596 594 
7807 1917 1814 1909 1919 
7808 1784 694 727 144 
7809 24 746 1035 743 
7810 1704 1544 1534 1542 
7811 1812 1874 1691 1818 
7812 1087 1543 1095 303 
7813 1861 435 436 437 
7814 1864 1792 1932 1821 
7815 1019 1501 1499 248 
7816 1862 33 1487 810 
7817 1750 1139 1083 1124 
7818 812 1471 458 796 
7819 1893 464 1715 466 
7820 1913 1471 1455 796 
7821 1872 576 1764 589 
7822 1836 1110 1080 865 
7823 1777 794 224 813 
7824 1754 1755 677 774 
7825 782 783 117 1108 
7826 1798 644 1844 640 
7827 1771 1842 1724 1889 
7828 1776 1121 1082 1119 
7829 1864 1863 1932 1792 
7830 1713 1769 1715 1924 
7831 1178 343 1575 1578 
7832 1710 1592 1686 1598 
7833 1718 1120 1400 1137 
7834 1304 27 662 381 
7835 1886 1764 450 438 
7836 1703 729 770 730 
7837 980 784 102 103 
7838 812 458 1459 455 
7839 1864 2 1819 1763 
7840 1838 1926 1588 1581 
7841 1696 1032 1103 1056 
7842 931 821 1011 959 
7843 1733 1792 1900 488 
7844 1934 1086 1078 1143 
7845 1776 1081 1121 1105 
7846 1563 1073 320 1566 
7847 1828 1151 1126 1100 
7848 1731 622 1876 607 
7849 199 198 834 1449 
7850 869 1079 1149 748 
7851 1826 668 1701 710 
7852 1704 1534 1070 304 
7853 1704 1781 667 762 
7854 1310 28 153 692 
7855 1790 1668 1669 1667 
7856 1704 375 1532 719 
7857 812 1471 1459 458 
7858 1900 1849 1851 1850 
7859 491 1642 1654 1653 
7860 1930 633 1868 1867 
7861 1779 797 1001 885 
7862 554 1761 1879 1741 
7863 1744 1747 1791 1925 
7864 1718 1245 1198 1220 
7865 1773 1190 1178 1205 
7866 1888 513 1765 516 
7867 192 1920 1448 1439 
7868 1899 1852 1790 433 
7869 1662 411 1351 1676 
7870 1839 1920 1917 1918 
7871 1871 264 1002 987 
7872 1014 701 764 97 
7873 1930 49 1708 1506 
7874 311 1564 1555 327 
7875 1880 1788 1738 567 
7876 1785 1696 1885 1048 
7877 1404 1225 335 1165 
7878 1687 1560 1688 1562 
7879 1712 1162 1250 1223 
7880 1682 1781 1853 1782 
7881 1704 143 719 690 
7882 1744 1747 1925 1743 
7883 1855 715 714 670 
7884 1776 1146 1063 1119 
7885 1790 1884 1834 1810 
7886 1808 917 1321 1406 
7887 1778 67 497 1890 
7888 1759 811 1775 862 
7889 626 1719 1773 1772 
7890 1750 1253 1284 1161 
7891 1859 262 925 1509 
7892 1835 669 977 739 
7893 20 894 158 1149 
7894 1719 1772 1885 1903 
7895 1295 137 687 136 
7896 1744 1747 1743 478 
7897 1800 1647 1735 1641 
7898 1748 998 1388 1426 
7899 1895 967 1809 930 
7900 265 418 36 1005 
7901 928 1023 788 1892 
7902 1835 669 739 723 
7903 1744 1743 1925 1745 
7904 635 1870 1798 1708 
7905 1809 1358 1433 1317 
7906 1505 255 920 35 
7907 1747 9 71 529 
7908 1788 557 567 569 
7909 1322 75 1351 1676 
7910 1331 1391 555 1411 
7911 1558 1688 1786 1904 
7912 1852 1415 1735 1419 
7913 1868 1820 1863 442 
7914 1851 1728 1173 487 
7915 1747 478 494 6 
7916 1810 1363 1324 1337 
7917 1155 325 1559 1567 
7918 1896 427 1897 1 
7919 1759 1468 1757 1848 
7920 878 176 1407 856 
7921 1846 1911 1796 586 
7922 1752 612 619 610 
7923 1703 921 979 738 
7924 1019 1499 997 248 
7925 660 980 921 103 
7926 1726 910 1892 821 
7927 1684 994 929 1177 
7928 663 777 731 1702 
7929 1789 1886 434 1887 
7930 1891 1725 717 855 
7931 1891 683 1826 1304 
7932 633 634 1930 1868 
7933 1878 14 1769 76 
7934 1750 1284 1718 1244 
7935 1834 798 1389 857 
7936 1712 1243 1236 1162 
7937 1099 425 1096 41 
7938 1744 1792 479 655 
7939 1087 111 1095 719 
7940 1832 1867 1846 1799 
7941 1798 1248 1261 1270 
7942 1702 1309 679 685 
7943 1759 1470 1467 1475 
7944 1931 1801 1800 1735 
7945 1843 1619 368 1277 
7946 1680 780 1702 1681 
7947 1655 400 1342 401 
7948 1783 1034 1753 1576 
7949 1888 1764 443 450 
7950 1726 851 1777 931 
7951 1682 1446 1453 1451 
7952 1880 568 1371 572 
7953 1753 1587 1588 1576 
7954 1901 1574 42 1212 
7955 1750 1284 1253 1220 
7956 1818 592 586 585 
7957 1809 1405 1358 1350 
7958 623 1075 601 1052 
7959 1780 1758 1465 1457 
7960 1863 442 447 440 
7961 825 836 458 459 
7962 1835 965 971 1025 
7963 869 1682 724 834 
7964 1795 786 193 1454 
7965 1680 744 1813 1811 
7966 1330 548 1345 1329 
7967 72 1330 1397 1380 
7968 1820 636 633 637 
7969 1828 1072 1714 1717 
7970 1776 1338 1422 1119 
7971 1287 1114 1046 781 
7972 1898 1486 1915 1485 
7973 1904 1688 1882 1905 
7974 1847 1867 1820 636 
7975 1822 1762 1716 1720 
7976 1766 1720 1893 1922 
7977 1696 1055 1032 324 
7978 654 1744 1821 1745 
7979 862 1759 795 847 
7980 1750 1786 1718 524 
7981 1803 315 1036 1557 
7982 1688 1560 426 1562 
7983 1857 1535 1531 422 
7984 680 675 1911 1830 
7985 1758 1365 408 1665 
7986 892 190 1013 973 
7987 1760 1468 1473 1458 
7988 1861 1886 437 436 
7989 1884 1355 1389 1429 
7990 1808 990 1809 967 
7991 1015 1243 996 933 
7992 1797 1605 351 1270 
7993 1719 597 618 615 
7994 513 510 1824 509 
7995 1842 1840 1796 1816 
7996 1885 1724 1772 614 
7997 1710 735 658 736 
7998 1820 636 637 581 
7999 1888 450 443 437 
8000 1896 430 427 57 
8001 1834 889 856 886 
8002 1744 1925 1821 1745 
8003 1839 804 805 787 
8004 482 483 1228 1227 
8005 1828 1151 1072 1107 
8006 905 1502 913 251 
8007 1845 1211 1609 369 
8008 517 513 510 1824 
8009 1733 489 1791 488 
8010 995 701 98 757 
8011 1926 1579 1575 1580 
8012 1202 1901 1594 1212 
8013 1806 958 1777 1003 
8014 1784 758 727 694 
8015 1774 1780 1390 1329 
8016 1041 864 1106 163 
8017 1005 1520 1530 270 
8018 1203 1183 1176 538 
8019 1662 1351 411 410 
8020 1718 1392 1348 1431 
8021 1798 640 1845 641 
8022 1774 1345 72 548 
8023 1744 477 1791 1747 
8024 1696 600 1103 1126 
8025 1723 538 1176 537 
8026 1103 599 618 1140 
8027 614 1842 1724 1771 
8028 1772 1163 1232 1282 
8029 1895 1734 1894 1519 
8030 1854 750 838 711 
8031 1859 262 1509 1517 
8032 1791 1739 1932 1821 
8033 1757 1921 1469 1462 
8034 1884 973 974 924 
8035 1747 521 9 529 
8036 10 1903 1785 539 
8037 1839 1755 1853 1442 
8038 1865 1797 1799 1685 
8039 1895 1734 1809 1735 
8040 1719 1773 1037 1090 
8041 982 1851 1860 981 
8042 748 869 1682 697 
8043 1762 1787 1922 1822 
8044 1843 1845 1928 1620 
8045 1775 811 900 862 
8046 1590 1246 1265 358 
8047 1792 84 655 83 
8048 66 1886 1915 65 
8049 1932 1788 1800 1801 
8050 1910 609 602 621 
8051 1927 552 564 562 
8052 1718 531 68 524 
8053 1069 423 40 1071 
8054 1718 1244 1272 1145 
8055 1183 542 538 1722 
8056 1796 1928 640 630 
8057 1283 1220 1245 1718 
8058 1764 438 445 450 
8059 1511 418 964 256 
8060 1931 448 1801 1735 
8061 1731 1753 1907 1588 
8062 1931 428 1932 1801 
8063 1755 1306 820 897 
8064 1695 1696 1828 1720 
8065 1754 665 742 773 
8066 1726 495 503 512 
8067 803 1908 1917 1918 
8068 1897 1504 1498 1494 
8069 1806 905 1807 914 
8070 1314 410 1673 409 
8071 1748 962 1712 922 
8072 486 487 1158 474 
8073 1688 1361 1906 1349 
8074 1871 1501 1894 1019 
8075 1834 1324 1389 1359 
8076 1864 1792 1821 654 
8077 1339 69 68 531 
8078 1911 1596 1597 1598 
8079 1779 1001 1862 885 
8080 1775 881 811 899 
8081 1931 1868 440 1734 
8082 1918 1755 1756 1909 
8083 1287 706 133 134 
8084 1750 1218 1161 1247 
8085 61 6 1747 494 
8086 1783 1057 1101 1089 
8087 1746 1226 1255 1227 
8088 960 1388 1028 243 
8089 1865 1709 1240 1168 
8090 1802 1069 1408 1383 
8091 1830 732 674 726 
8092 1805 1123 1934 1078 
8093 1219 527 526 1252 
8094 261 1022 1508 1517 
8095 1150 869 863 1682 
8096 1902 427 435 444 
8097 1808 1401 1809 1406 
8098 1718 1396 1245 1283 
8099 1773 1279 1207 1190 
8100 1851 1712 1250 1223 
8101 1907 718 712 687 
8102 1932 1800 1739 1770 
8103 1511 256 964 927 
8104 1736 1625 1737 529 
8105 883 174 842 1365 
8106 1712 1237 1250 1236 
8107 1806 7 518 514 
8108 607 1783 1731 622 
8109 1702 780 685 693 
8110 1781 750 834 1449 
8111 1411 75 1351 1369 
8112 1741 1763 1887 2 
8113 1725 717 855 745 
8114 1853 1444 1446 1445 
8115 838 1438 1781 1854 
8116 1854 1443 815 200 
8117 1705 1782 1683 1531 
8118 1854 200 815 838 
8119 1854 740 1755 774 
8120 396 1800 1641 1645 
8121 1930 1868 634 1923 
8122 1735 1419 1415 1364 
8123 1932 1787 1739 1788 
8124 374 715 1293 23 
8125 374 659 715 23 
8126 1901 1593 1856 1595 
8127 1875 612 1752 610 
8128 1831 1833 680 681 
8129 1874 763 771 671 
8130 1330 73 1331 568 
8131 72 1345 1330 548 
8132 1330 1328 1331 73 
8133 1127 1319 1069 1125 
8134 1127 291 1319 1125 
8135 292 293 1138 1385 
8136 663 980 784 102 
8137 1703 728 734 729 
8138 1800 1316 1366 1378 
8139 1870 635 633 1708 
8140 1808 1436 1810 1382 
8141 1923 85 84 649 
8142 1742 1322 1788 1366 
8143 1734 1647 1916 1809 
8144 1932 1788 1739 1378 
8145 16 1075 1054 1097 
8146 1103 1075 1126 601 
8147 599 1097 598 1065 
8148 1779 912 919 940 
8149 1810 1363 1436 1387 
8150 1917 1914 1913 1919 
8151 1891 839 790 852 
8152 1908 785 1918 803 
8153 1839 826 805 804 
8154 1756 1303 1755 1306 
8155 1918 1909 1756 505 
8156 1726 898 503 794 
8157 1721 543 534 1906 
8158 1719 615 626 597 
8159 1565 1695 1564 1720 
8160 200 1438 199 838 
8161 199 838 1438 1449 
8162 1680 1702 780 685 
8163 1802 1315 1116 1383 
8164 1729 1038 1803 1553 
8165 1802 556 72 1397 
8166 1750 524 68 10 
8167 1729 1038 1775 1803 
8168 1409 1137 1400 295 
8169 1361 1096 1068 1137 
8170 1718 1134 1153 1045 
8171 1400 1137 296 295 
8172 1690 376 1301 1300 
8173 1875 1878 1815 1818 
8174 1784 1087 1706 727 
8175 895 1422 169 29 
8176 895 867 169 1422 
8177 1688 425 1099 1562 
8178 1409 1325 425 1096 
8179 1409 1325 1096 294 
8180 1409 295 294 1096 
8181 1105 824 1064 166 
8182 824 861 1064 165 
8183 824 1064 166 165 
8184 1262 120 1242 718 
8185 1837 678 1838 707 
8186 1262 121 120 718 
8187 266 932 1524 267 
8188 266 1524 960 420 
8189 266 420 960 37 
8190 1903 1750 1129 1124 
8191 1627 1629 388 1323 
8192 1901 1856 1911 1595 
8193 1930 1708 1869 1506 
8194 1837 1584 1577 1581 
8195 1109 160 902 903 
8196 1109 1150 159 903 
8197 1109 159 160 903 
8198 1808 1809 1895 967 
8199 1810 1416 909 1429 
8200 1800 1645 1644 1646 
8201 1810 1669 1670 1660 
8202 1810 1416 1363 1387 
8203 1810 984 909 972 
8204 541 1264 528 545 
8205 541 1264 540 528 
8206 1276 121 1262 754 
8207 1602 756 1856 664 
8208 1276 122 754 1254 
8209 1276 122 121 754 
8210 1841 76 578 574 
8211 1840 583 578 581 
8212 1928 651 1615 641 
8213 1843 1278 1771 1191 
8214 275 961 420 37 
8215 1805 1836 1106 864 
8216 1733 1932 1791 1770 
8217 1829 1803 1883 1078 
8218 899 1759 1760 1458 
8219 1800 1354 1770 1644 
8220 1759 1780 552 571 
8221 599 598 597 1065 
8222 1103 1075 79 1097 
8223 1103 1075 601 79 
8224 1896 1895 57 1 
8225 1852 1415 1678 1663 
8226 1742 1741 1879 431 
8227 1852 431 433 432 
8228 1810 909 974 993 
8229 1852 55 431 432 
8230 341 42 1574 1212 
8231 341 1574 1583 1212 
8232 1680 1308 1309 1311 
8233 677 1305 152 151 
8234 72 73 1330 568 
8235 72 1397 556 1380 
8236 1880 1333 1788 1391 
8237 556 1380 1397 1357 
8238 1729 1802 1774 1373 
8239 1933 550 1314 1327 
8240 1880 1357 1905 1343 
8241 1765 1681 584 579 
8242 1702 770 693 731 
8243 1702 679 691 685 
8244 726 1680 1681 696 
8245 1087 1706 375 1532 
8246 727 758 1132 112 
8247 144 694 145 1302 
8248 1784 1077 1087 1132 
8249 1709 944 258 1516 
8250 258 944 257 1516 
8251 1602 1837 756 1186 
8252 1753 1111 1059 1115 
8253 1260 1135 277 278 
8254 1260 1207 1135 278 
8255 574 1815 1878 1818 
8256 1837 1584 1838 1907 
8257 771 1811 1301 1874 
8258 1689 1784 1690 1285 
8259 96 893 764 19 
8260 1839 804 31 191 
8261 31 787 1442 201 
8262 1839 31 1442 191 
8263 1858 1456 1758 817 
8264 1758 819 817 1661 
8265 817 202 1456 203 
8266 1636 390 1367 1372 
8267 1636 1367 70 1372 
8268 1800 1646 1641 1645 
8269 1636 391 390 1372 
8270 1624 1628 1630 523 
8271 1736 1417 482 61 
8272 261 908 1022 1517 
8273 261 262 908 1517 
8274 1802 1397 72 1345 
8275 1800 397 1644 1645 
8276 1775 1760 844 881 
8277 1729 1774 1386 1373 
8278 1729 1848 1804 1803 
8279 1185 1238 1268 485 
8280 1185 481 1174 1255 
8281 1785 1048 1129 1044 
8282 1723 540 1743 535 
8283 306 305 1061 1545 
8284 599 1103 79 1097 
8285 599 1140 1103 1097 
8286 1719 1267 1773 1772 
8287 1719 1772 1903 1282 
8288 16 623 629 1075 
8289 1103 599 79 618 
8290 1817 1582 1581 1577 
8291 1531 1542 1705 51 
8292 1888 1902 513 437 
8293 1825 1702 1701 1824 
8294 1756 1755 805 897 
8295 1915 1921 1912 1913 
8296 316 1803 1038 1553 
8297 1803 1154 1093 1038 
8298 1857 421 1142 1047 
8299 623 601 593 1052 
8300 595 1050 1052 1107 
8301 595 601 1052 593 
8302 1800 397 1354 1644 
8303 1748 932 266 960 
8304 1712 1243 996 1413 
8305 612 1881 1842 1841 
8306 1176 1175 544 1182 
8307 1176 544 542 1182 
8308 1176 1182 542 1183 
8309 1764 1924 1887 1919 
8310 1656 1733 1648 1900 
8311 1740 1741 560 11 
8312 1930 417 1850 1866 
8313 1824 1807 1778 1929 
8314 1707 971 1835 965 
8315 1735 1364 1415 1414 
8316 1658 1809 420 1916 
8317 1733 1644 1800 1770 
8318 1930 1005 1520 1530 
8319 1748 1849 1524 1527 
8320 998 1388 244 1028 
8321 1748 1413 1426 1353 
8322 1742 1332 1801 1415 
8323 1492 218 219 876 
8324 1479 1493 217 870 
8325 1912 876 213 870 
8326 1313 384 1626 1637 
8327 1313 1333 384 1637 
8328 1770 1354 1376 1346 
8329 1313 385 1626 384 
8330 1771 1281 1772 1184 
8331 1712 1659 1749 1344 
8332 1850 918 982 964 
8333 1866 1860 1507 1511 
8334 1854 838 815 875 
8335 1793 1795 1794 1447 
8336 1305 28 700 152 
8337 1810 1660 47 1324 
8338 1858 1456 817 800 
8339 1790 1667 1834 889 
8340 1834 1810 1884 1429 
8341 1738 1737 1633 1631 
8342 1739 1639 1633 1622 
8343 1770 1430 1739 1376 
8344 566 561 1738 1787 
8345 1850 1522 918 269 
8346 918 1522 922 268 
8347 1751 1621 1615 1607 
8348 918 269 1522 268 
8349 1850 1530 1522 269 
8350 482 483 1227 481 
8351 482 1227 470 481 
8352 1805 4 1934 454 
8353 1760 1459 1468 455 
8354 1805 1123 1078 1085 
8355 1744 1792 1791 477 
8356 1568 1558 1786 53 
8357 1733 1647 1800 1646 
8358 1718 1348 1396 1339 
8359 1753 1094 1115 1135 
8360 1731 1292 705 1108 
8361 1295 136 705 1292 
8362 137 1291 678 138 
8363 1926 1773 1576 1580 
8364 1748 1640 960 420 
8365 46 1640 393 1381 
8366 1915 1479 1912 1493 
8367 1886 1919 1764 1887 
8368 1921 1462 1455 1469 
8369 1388 243 244 1028 
8370 998 1388 1426 244 
8371 1920 3 452 469 
8372 192 1920 1439 791 
8373 192 791 1439 191 
8374 1916 1649 1650 1640 
8375 1895 1519 1894 1521 
8376 1859 935 1929 926 
8377 1520 271 987 1529 
8378 1520 987 271 1027 
8379 1930 1528 1923 1850 
8380 1850 1511 417 418 
8381 1923 638 649 1868 
8382 1890 1500 1897 1494 
8383 1932 1739 1800 1378 
8384 1900 1849 1648 1656 
8385 1781 667 665 141 
8386 1697 1768 1909 1811 
8387 286 1244 1045 1145 
8388 1861 66 497 437 
8389 1871 1501 249 1497 
8390 981 1851 1860 1166 
8391 1777 1010 931 999 
8392 1877 48 1897 415 
8393 1054 1075 629 1052 
8394 1054 1052 629 1053 
8395 1790 889 1858 1667 
8396 1933 1673 1664 409 
8397 1933 1666 1758 1664 
8398 1780 571 1465 553 
8399 1774 1345 1802 72 
8400 1735 1433 1419 1364 
8401 1415 413 1678 1663 
8402 1415 412 413 1663 
8403 1415 1332 412 1663 
8404 1910 617 602 604 
8405 1723 1179 1610 365 
8406 1719 1037 1091 1090 
8407 1733 1770 491 1654 
8408 1163 282 1128 281 
8409 242 961 243 1381 
8410 1776 1338 1119 1386 
8411 315 1557 314 1036 
8412 142 141 667 1297 
8413 1299 26 375 719 
8414 1704 667 1781 142 
8415 143 1299 142 690 
8416 1795 1836 837 808 
8417 786 194 193 1454 
8418 1807 946 914 947 
8419 1859 1509 925 1515 
8420 1930 987 1894 1520 
8421 1846 583 588 587 
8422 1742 1852 1879 1671 
8423 1895 1519 1809 1734 
8424 1007 1703 936 1929 
8425 1808 983 1021 967 
8426 1849 1659 1652 1643 
8427 1898 1493 1915 1858 
8428 63 491 1656 490 
8429 1723 1176 538 1269 
8430 1751 472 474 487 
8431 1900 1849 1916 1648 
8432 1900 1792 1923 488 
8433 157 685 1309 156 
8434 1505 255 1504 912 
8435 1505 920 255 912 
8436 1897 1895 415 416 
8437 1496 1877 1778 1497 
8438 450 437 513 515 
8439 976 668 757 99 
8440 668 757 720 976 
8441 1900 484 490 488 
8442 290 1116 1315 1383 
8443 290 1116 289 1315 
8444 1832 1835 1703 991 
8445 1831 1703 1833 722 
8446 1708 1709 1798 1799 
8447 1235 1264 1192 545 
8448 1287 1102 1117 1114 
8449 133 772 706 1285 
8450 133 772 1285 132 
8451 1362 62 61 492 
8452 1362 62 492 1346 
8453 1362 492 1418 1346 
8454 1780 1360 1437 1390 
8455 550 1328 1327 1329 
8456 1774 1802 1345 1373 
8457 1329 550 1328 73 
8458 254 1504 919 1500 
8459 1590 761 1246 664 
8460 1590 1246 1186 664 
8461 1838 1291 1296 1293 
8462 1710 1601 1597 1590 
8463 1856 1597 1595 1602 
8464 1760 455 58 459 
8465 1760 1473 1459 792 
8466 1540 1836 1535 1531 
8467 1774 1345 548 1329 
8468 546 542 544 1182 
8469 527 544 541 1192 
8470 527 1192 541 545 
8471 527 545 1252 1192 
8472 1897 1500 1504 1494 
8473 1847 1869 1888 1820 
8474 1897 1505 1504 912 
8475 705 135 1292 136 
8476 1749 1655 1711 1342 
8477 1809 420 1523 961 
8478 1895 1499 416 1029 
8479 1890 1496 252 1503 
8480 1895 1521 273 1525 
8481 1861 67 1890 497 
8482 1875 1693 1717 1769 
8483 1865 1194 1797 1685 
8484 1836 1047 1857 1934 
8485 1451 1795 1836 1793 
8486 1862 214 806 810 
8487 1898 830 1790 823 
8488 1900 1923 484 488 
8489 1777 880 794 851 
8490 1900 484 5 490 
8491 1785 1044 1572 322 
8492 1752 612 1878 1716 
8493 1304 27 148 662 
8494 684 1891 1725 717 
8495 1703 936 957 985 
8496 1710 1831 1833 680 
8497 1913 877 1920 452 
8498 1455 211 212 845 
8499 1455 845 212 1461 
8500 1855 1911 725 675 
8501 1697 380 1308 379 
8502 1680 1813 1698 1811 
8503 1768 1811 1692 1909 
8504 592 1815 1818 1816 
8505 980 784 730 663 
8506 1847 1820 13 588 
8507 1900 5 1849 490 
8508 1807 986 1030 913 
8509 67 514 1778 497 
8510 131 1286 763 1289 
8511 131 1289 763 737 
8512 131 1289 737 132 
8513 1891 1825 506 1699 
8514 1702 1703 770 731 
8515 1748 1028 998 932 
8516 333 1224 1164 1367 
8517 333 1164 332 1367 
8518 1287 371 1114 743 
8519 1287 1114 781 743 
8520 1287 781 706 743 
8521 1287 706 134 743 
8522 1320 399 400 1642 
8523 1711 1167 1399 1368 
8524 1720 1687 1547 1555 
8525 1033 1058 313 1556 
8526 1766 1829 1548 1554 
8527 1033 313 312 1556 
8528 1413 998 1426 245 
8529 245 244 998 1426 
8530 1752 1717 1828 1714 
8531 517 514 497 1778 
8532 1820 78 13 588 
8533 1764 1919 64 519 
8534 1819 637 654 77 
8535 1864 447 1863 446 
8536 1789 434 1886 1915 
8537 1793 1794 461 463 
8538 315 1803 1043 1152 
8539 1001 885 188 187 
8540 1001 966 885 187 
8541 16 599 79 1097 
8542 16 598 599 1097 
8543 593 1053 1052 594 
8544 593 596 1053 594 
8545 593 1052 629 623 
8546 1700 1732 1049 1536 
8547 1700 593 1052 594 
8548 1700 1717 1732 1536 
8549 1053 593 1052 629 
8550 1360 1437 1402 1457 
8551 1360 1457 1402 1403 
8552 1719 1140 1092 1056 
8553 1091 597 1090 1065 
8554 1773 1279 1130 1034 
8555 815 200 1443 201 
8556 803 1908 1481 1917 
8557 815 1443 787 201 
8558 1773 344 1586 1575 
8559 1907 678 754 718 
8560 1748 998 962 932 
8561 285 1244 1161 1139 
8562 285 1161 284 1139 
8563 1024 1865 1004 956 
8564 1024 1004 1221 228 
8565 1024 1221 227 228 
8566 1041 799 163 164 
8567 1041 799 164 1104 
8568 1729 1082 1776 1042 
8569 317 1038 1553 316 
8570 1742 1332 1322 1366 
8571 1792 1868 1923 649 
8572 1923 84 656 479 
8573 1734 1526 50 1528 
8574 1900 1916 1849 1518 
8575 1922 1804 1687 1905 
8576 1912 876 1913 845 
8577 1781 665 1298 141 
8578 1913 452 3 457 
8579 1789 54 2 434 
8580 1915 1484 1483 1485 
8581 1624 1636 390 1367 
8582 1624 390 389 1367 
8583 1624 70 1636 1367 
8584 1624 389 69 1367 
8585 1624 1629 69 389 
8586 1082 288 289 1386 
8587 1082 1119 288 1386 
8588 1315 1082 1116 289 
8589 1759 862 1775 1776 
8590 1662 75 1676 1351 
8591 1662 410 75 1351 
8592 367 368 1202 1606 
8593 928 180 1014 868 
8594 928 181 180 868 
8595 1891 683 1304 1307 
8596 1891 1827 1727 512 
8597 788 928 868 181 
8598 638 649 85 1923 
8599 1894 1526 1734 1528 
8600 1785 1721 1885 1696 
8601 530 1631 1738 1906 
8602 1881 80 1885 1721 
8603 1750 1247 1161 1124 
8604 1903 1067 1231 1247 
8605 1781 1854 1754 742 
8606 1704 755 762 690 
8607 1712 942 963 1006 
8608 531 1718 68 1339 
8609 1785 1750 1044 1083 
8610 1860 257 927 944 
8611 1888 1764 573 575 
8612 666 1680 1811 744 
8613 1839 1917 1920 1814 
8614 1278 367 1202 1606 
8615 1278 1618 367 1606 
8616 1278 366 367 1618 
8617 1278 1217 366 1618 
8618 1889 535 1745 536 
8619 1649 1748 1650 1659 
8620 1849 63 1656 490 
8621 1809 420 1916 419 
8622 1355 1810 909 1429 
8623 433 1852 432 430 
8624 1503 1003 1890 1500 
8625 1884 866 797 888 
8626 1897 1504 919 912 
8627 1394 339 338 1229 
8628 1394 1229 338 1399 
8629 1748 1388 960 1640 
8630 1424 1196 1370 1243 
8631 1059 782 117 1108 
8632 1059 705 782 1108 
8633 1059 1111 705 1108 
8634 93 790 741 94 
8635 93 854 775 790 
8636 93 775 854 92 
8637 1806 946 1807 1827 
8638 1862 848 1777 813 
8639 905 252 1496 251 
8640 1779 1790 1898 1899 
8641 1494 1496 1890 1503 
8642 1884 797 866 924 
8643 127 661 752 1258 
8644 127 661 1258 128 
8645 1275 1037 1256 280 
8646 1773 1256 1275 1037 
8647 1128 1275 1037 1719 
8648 1275 1037 280 281 
8649 1489 498 500 501 
8650 503 498 1489 501 
8651 1807 926 1929 955 
8652 503 1480 1491 801 
8653 503 498 1491 1489 
8654 1489 1480 1491 503 
8655 995 98 701 97 
8656 995 701 1014 97 
8657 1725 839 850 855 
8658 1191 341 1583 1212 
8659 1817 1901 1585 1593 
8660 1191 341 342 1583 
8661 546 527 525 1219 
8662 546 525 522 1219 
8663 546 1219 522 1200 
8664 546 1182 1219 1200 
8665 546 527 1219 1182 
8666 1683 1836 1531 1857 
8667 1883 1805 1803 58 
8668 1854 1443 200 1438 
8669 1784 1062 1537 1541 
8670 1793 462 1694 463 
8671 1918 805 1756 1755 
8672 1880 565 1905 556 
8673 1904 1922 1822 1720 
8674 386 1882 385 1634 
8675 385 1882 1428 1334 
8676 540 1747 6 1743 
8677 1771 1610 1217 1618 
8678 364 363 1608 1171 
8679 1723 1608 540 1171 
8680 1171 540 1723 537 
8681 1723 1611 364 1157 
8682 1907 705 1295 687 
8683 1753 1587 1573 1588 
8684 1855 1838 1293 670 
8685 1907 1573 1584 1581 
8686 1907 1573 1753 1199 
8687 1295 678 137 1291 
8688 1295 137 678 687 
8689 310 311 1555 327 
8690 1155 324 1055 1559 
8691 1155 324 1559 325 
8692 1785 1696 1561 1568 
8693 1728 1180 1181 1187 
8694 1748 1028 1388 998 
8695 1866 1187 1860 1206 
8696 1860 1216 1709 1009 
8697 942 1166 981 232 
8698 1726 958 949 959 
8699 1826 720 1725 989 
8700 1309 27 679 157 
8701 1309 27 381 679 
8702 43 1797 351 1160 
8703 1797 1844 1799 1873 
8704 43 1797 1599 1589 
8705 43 360 1599 1170 
8706 207 1759 795 811 
8707 1759 1757 1780 571 
8708 1780 1360 1758 1457 
8709 811 899 207 1458 
8710 907 1701 668 978 
8711 1000 1703 1007 1702 
8712 1908 803 221 785 
8713 1808 1336 1852 1419 
8714 1861 498 66 500 
8715 1898 823 806 789 
8716 1898 1478 1486 1485 
8717 1861 1897 1890 1500 
8718 1789 1858 1915 1912 
8719 1779 1001 797 924 
8720 254 255 912 1504 
8721 254 912 919 1504 
8722 184 1011 821 183 
8723 292 1319 1127 291 
8724 1138 292 1385 1319 
8725 863 1682 869 814 
8726 869 87 697 86 
8727 869 1682 834 814 
8728 1711 1417 1320 1362 
8729 1642 62 491 63 
8730 1712 1370 1413 1353 
8731 1656 1849 1749 63 
8732 1642 62 63 1711 
8733 233 1006 1223 1162 
8734 233 234 1006 1162 
8735 1565 1687 1904 1720 
8736 1818 586 582 585 
8737 1785 1721 1722 1885 
8738 1687 1562 1570 1560 
8739 533 530 1631 1738 
8740 1785 1566 1750 1786 
8741 1688 425 426 1563 
8742 712 1753 1907 1111 
8743 1593 1577 1817 1856 
8744 1907 1242 712 760 
8745 1901 1191 1583 1212 
8746 1907 1262 1201 1199 
8747 1837 1577 1593 1856 
8748 1901 1191 1771 1583 
8749 348 1907 1573 1584 
8750 1851 1214 1263 1257 
8751 1907 1242 1753 712 
8752 328 1570 327 1118 
8753 1783 1576 1926 1773 
8754 1783 1088 1034 1090 
8755 573 1820 1888 575 
8756 1861 1897 1500 919 
8757 48 1877 1496 1495 
8758 1877 439 1895 1 
8759 1902 1890 1897 1494 
8760 1851 1263 1214 1250 
8761 1739 1788 1341 1378 
8762 386 1882 1623 1349 
8763 1687 1074 1069 1118 
8764 1922 1804 1905 565 
8765 1723 364 1608 1171 
8766 364 1611 365 1157 
8767 1854 1438 200 838 
8768 1891 717 790 855 
8769 1310 1680 1811 666 
8770 1697 1305 1755 1303 
8771 1857 421 1047 1535 
8772 1812 672 699 726 
8773 1874 771 1811 699 
8774 349 348 1584 1201 
8775 907 1701 978 988 
8776 978 1701 668 713 
8777 1733 1800 1932 1770 
8778 1735 1651 1641 1647 
8779 1740 1932 1864 428 
8780 1005 1512 1930 1027 
8781 1735 1352 1317 1364 
8782 1923 656 472 479 
8783 1809 1523 420 419 
8784 1877 1495 1497 1496 
8785 1808 1852 1735 1419 
8786 231 1166 992 1213 
8787 231 992 230 1213 
8788 1688 1563 426 1558 
8789 1750 1083 1129 1124 
8790 1906 1323 1361 1718 
8791 386 1882 1349 1428 
8792 1349 386 387 1623 
8793 1906 1627 1628 1623 
8794 1916 1658 1649 1640 
8795 1424 1196 1243 1273 
8796 1643 1849 1656 1652 
8797 1934 1078 1123 1143 
8798 1805 1123 1836 1934 
8799 1805 1106 1836 1123 
8800 1885 1903 1112 1128 
8801 1772 1281 1179 1249 
8802 1719 1163 1772 1282 
8803 1719 1091 597 1090 
8804 1771 1578 342 1169 
8805 1834 1389 1884 857 
8806 1837 754 756 1254 
8807 1837 1201 1907 1262 
8808 1837 1856 1817 1577 
8809 1710 1598 1597 1601 
8810 1851 1850 1866 484 
8811 530 1631 1630 529 
8812 530 1630 523 529 
8813 530 533 1631 529 
8814 1742 1676 412 1663 
8815 1693 1857 1694 51 
8816 1886 436 434 438 
8817 1851 1263 475 487 
8818 1851 1206 1214 1257 
8819 1795 837 786 808 
8820 1471 1913 1455 1469 
8821 1858 1474 32 1460 
8822 1692 1853 1782 1814 
8823 1898 1478 1493 789 
8824 1779 1884 797 901 
8825 1726 1892 1827 1727 
8826 1777 1010 945 1003 
8827 1777 224 1476 813 
8828 1862 33 1777 1476 
8829 1489 1484 1482 499 
8830 1019 1529 271 272 
8831 1019 997 1529 272 
8832 1895 57 439 429 
8833 1019 943 1501 248 
8834 1708 1507 1510 1514 
8835 1684 1833 779 1686 
8836 1514 1506 1509 1708 
8837 1507 1866 417 1870 
8838 1901 1594 42 1585 
8839 1602 756 664 1186 
8840 1710 658 1592 736 
8841 1851 1866 1206 1257 
8842 1593 1577 1266 1585 
8843 1809 1651 1657 1350 
8844 1809 1433 1735 1317 
8845 1523 275 961 420 
8846 1651 1809 1647 1735 
8847 1895 1029 1521 997 
8848 1896 57 427 1 
8849 419 1734 1809 1519 
8850 1702 906 1000 1703 
8851 1826 1827 1725 1892 
8852 1133 755 109 1131 
8853 1682 814 1441 1449 
8854 1133 755 1095 110 
8855 1133 110 109 755 
8856 1773 1130 1256 1037 
8857 344 1575 1178 343 
8858 1772 604 626 615 
8859 345 1207 1190 1576 
8860 1729 1071 1552 423 
8861 1729 1386 1776 1082 
8862 1649 1748 1659 1849 
8863 1734 50 1519 419 
8864 1894 1868 440 441 
8865 1804 12 556 565 
8866 1803 1152 1093 1043 
8867 394 1350 1651 1317 
8868 394 393 1657 1350 
8869 820 854 776 92 
8870 820 92 776 91 
8871 892 1432 857 1355 
8872 1432 857 1389 1435 
8873 1432 857 1435 178 
8874 1865 1685 1684 1194 
8875 179 1432 892 1420 
8876 1876 609 616 607 
8877 1783 608 598 597 
8878 1731 1926 1753 1588 
8879 1783 1088 1094 1034 
8880 1587 346 1233 347 
8881 1736 529 1630 1625 
8882 392 1736 391 1625 
8883 1914 1483 1915 1484 
8884 1858 1460 32 870 
8885 1790 1852 431 433 
8886 1039 1535 308 307 
8887 1039 1047 308 1535 
8888 1871 1529 987 943 
8889 1002 1515 925 263 
8890 1002 264 1515 263 
8891 1877 1888 441 451 
8892 414 1336 1670 1337 
8893 414 1670 47 1337 
8894 1851 1712 1849 5 
8895 1743 1928 631 651 
8896 1731 1113 1292 1108 
8897 1773 1279 1256 1130 
8898 1911 1844 1596 1598 
8899 1719 1163 1275 1205 
8900 1489 501 1482 1480 
8901 1489 1480 503 501 
8902 550 1427 1314 1328 
8903 550 1314 1427 549 
8904 1360 1933 1326 1327 
8905 550 1327 551 548 
8906 1329 550 73 548 
8907 550 1328 73 74 
8908 550 1328 74 1427 
8909 550 74 549 1427 
8910 179 892 1432 857 
8911 179 857 1432 178 
8912 396 395 1641 1352 
8913 396 397 1316 1645 
8914 1932 1787 1821 1739 
8915 1865 1709 1707 1799 
8916 359 1210 1592 360 
8917 522 539 542 1903 
8918 1921 1469 457 60 
8919 1764 573 575 576 
8920 1918 805 826 896 
8921 1920 841 791 835 
8922 1839 31 787 1442 
8923 1920 469 452 465 
8924 1920 791 841 887 
8925 469 456 468 1919 
8926 1919 8 64 519 
8927 1828 595 1717 628 
8928 1919 3 1920 469 
8929 1839 1920 887 791 
8930 591 1878 1769 1767 
8931 469 456 1919 3 
8932 1842 614 82 617 
8933 1814 468 1919 469 
8934 1814 468 469 463 
8935 1823 507 509 508 
8936 1680 744 696 726 
8937 1811 778 666 744 
8938 1690 1300 146 145 
8939 1698 580 582 579 
8940 1823 1872 1698 1765 
8941 1865 1707 1685 1799 
8942 1698 579 576 580 
8943 1768 1692 1693 1694 
8944 1755 805 843 787 
8945 1755 787 1443 1442 
8946 1839 1439 1794 1920 
8947 1781 1854 1444 1853 
8948 1705 1694 1857 51 
8949 1854 1443 1438 1444 
8950 1781 1854 698 750 
8951 1690 694 1784 145 
8952 1811 25 704 377 
8953 1811 749 25 377 
8954 1754 1298 749 377 
8955 1781 1297 667 141 
8956 1839 1794 1853 1814 
8957 1754 773 1298 665 
8958 1705 51 1692 1694 
8959 1754 1298 773 749 
8960 1839 826 1918 805 
8961 1839 1442 1853 1445 
8962 1682 1782 1446 1451 
8963 1438 1781 1854 1444 
8964 1839 1853 1794 1445 
8965 1910 1815 621 620 
8966 1811 1301 377 704 
8967 1768 1874 1692 1811 
8968 520 1823 507 511 
8969 1691 1286 374 373 
8970 1700 1052 595 1050 
8971 1710 725 1911 675 
8972 689 1831 1833 722 
8973 713 1702 663 906 
8974 1680 1813 744 726 
8975 1813 585 582 580 
8976 1830 1911 674 675 
8977 1813 699 1811 744 
8978 1813 726 699 744 
8979 1855 1816 1817 1856 
8980 1761 1921 1741 1887 
8981 1717 1040 1156 1098 
8982 468 1713 1919 456 
8983 1757 1468 1464 1469 
8984 1761 1927 60 467 
8985 1893 464 1713 1715 
8986 1715 468 1694 463 
8987 1713 1921 1887 1919 
8988 1924 577 590 76 
8989 1692 377 1811 1301 
8990 1769 577 1924 76 
8991 1769 14 577 76 
8992 1769 577 1694 1924 
8993 1700 595 625 628 
8994 1875 1876 1815 609 
8995 1876 622 603 607 
8996 1784 1132 758 1046 
8997 1717 1156 1040 1536 
8998 1717 1072 1098 1156 
8999 1717 1156 1049 1072 
9000 1700 1050 595 1072 
9001 1717 1049 1156 1536 
9002 1766 1554 1548 1556 
9003 466 454 462 1934 
9004 1705 1704 1682 1781 
9005 1934 1047 1142 1143 
9006 1934 1142 1086 1143 
9007 466 454 1934 4 
9008 1793 1934 1836 1857 
9009 1829 1548 1557 314 
9010 1695 1122 1829 1714 
9011 51 1857 422 1533 
9012 938 1865 1008 916 
9013 1705 1531 1683 1544 
9014 1715 1924 1694 468 
9015 1715 1769 1717 1694 
9016 1793 1694 1715 1857 
9017 1706 51 1539 1533 
9018 1706 1539 51 1542 
9019 1706 375 376 1302 
9020 1768 1924 1694 577 
9021 1855 1817 1816 1818 
9022 1689 1876 1691 1693 
9023 1706 1302 376 1300 
9024 1784 758 694 706 
9025 1784 1285 1287 706 
9026 1784 706 694 772 
9027 1784 1285 706 772 
9028 1795 460 461 465 
9029 1793 454 1836 1934 
9030 1795 460 454 461 
9031 1865 1008 916 956 
9032 1803 1550 1553 316 
9033 1803 1038 1093 1152 
9034 316 1803 1152 1038 
9035 1848 453 58 59 
9036 1760 1473 1468 1459 
9037 1759 899 1775 811 
9038 1774 1347 1375 1373 
9039 1757 1921 1462 1463 
9040 1760 59 1848 58 
9041 1760 59 58 455 
9042 1760 899 1458 1473 
9043 1760 825 844 792 
9044 1760 792 899 1473 
9045 1760 899 844 881 
9046 1760 792 844 899 
9047 1913 219 793 845 
9048 1915 500 1861 66 
9049 845 1455 1912 1461 
9050 1913 845 1492 219 
9051 1913 219 1492 1477 
9052 1913 1492 1483 1477 
9053 1761 1713 1762 1927 
9054 1933 549 550 551 
9055 1713 468 464 456 
9056 1752 1714 1828 1720 
9057 1879 1668 1858 1666 
9058 1757 553 571 558 
9059 558 571 1927 562 
9060 1759 1780 1470 1475 
9061 1758 1403 1360 1326 
9062 1933 550 549 1314 
9063 1758 1472 1465 1457 
9064 1865 916 1709 956 
9065 1758 1465 1456 1463 
9066 1758 1665 1664 1666 
9067 1933 1465 1780 1758 
9068 1758 1456 1465 1472 
9069 1780 552 551 548 
9070 1780 551 552 571 
9071 1775 1081 1776 1105 
9072 1775 1154 1081 1105 
9073 1775 881 824 900 
9074 1804 12 1802 556 
9075 423 1729 424 1552 
9076 1904 1688 1560 426 
9077 1802 1397 1345 1374 
9078 1802 1374 1373 1315 
9079 1802 1374 1345 1373 
9080 1738 1922 566 1787 
9081 1790 1852 1810 1669 
9082 1733 1648 1900 1916 
9083 1733 1656 1648 1654 
9084 1925 1739 1738 533 
9085 1739 1335 1333 1637 
9086 1788 1366 1369 1412 
9087 1788 561 567 557 
9088 1788 1412 1341 1378 
9089 1800 1788 1378 1412 
9090 1927 1848 1757 59 
9091 1893 1927 1804 564 
9092 1927 453 1848 59 
9093 1927 453 59 467 
9094 1763 76 590 77 
9095 1865 1195 1194 1215 
9096 1800 1378 1366 1412 
9097 1764 1819 590 575 
9098 1819 449 446 445 
9099 1881 605 80 1696 
9100 1721 1568 1559 1696 
9101 1785 1566 1571 1572 
9102 1696 1569 1561 1568 
9103 1696 1559 1055 324 
9104 1696 1569 1559 324 
9105 1696 1568 1559 1569 
9106 1722 1203 1183 1903 
9107 80 1721 1881 1696 
9108 1881 1716 1822 1745 
9109 1738 1637 1626 1633 
9110 535 1889 1743 1723 
9111 1880 572 556 568 
9112 1905 1356 1343 1357 
9113 1559 1720 1721 1696 
9114 1733 1646 1644 1654 
9115 1840 578 1841 581 
9116 1747 1743 540 535 
9117 1880 568 556 1380 
9118 1922 1787 1738 1822 
9119 1922 1905 1687 1720 
9120 1881 1724 1842 1745 
9121 1752 628 610 606 
9122 1925 1724 1745 536 
9123 1771 1217 1281 1169 
9124 1275 1719 1773 1037 
9125 1772 1179 1723 1269 
9126 1925 1743 535 1745 
9127 1889 1612 1723 1610 
9128 1770 1654 1644 1653 
9129 83 651 655 1744 
9130 534 1738 1822 1906 
9131 1739 1333 1738 1637 
9132 1904 1882 1688 1906 
9133 1822 1762 1720 1922 
9134 1925 1737 533 1747 
9135 1791 1737 1770 1739 
9136 1840 583 581 643 
9137 1885 1724 1881 1721 
9138 1893 1803 1804 1848 
9139 1822 1716 1821 1745 
9140 612 1881 1841 1716 
9141 1740 1788 1932 1801 
9142 1762 1763 1741 560 
9143 534 536 1721 1822 
9144 1906 543 530 524 
9145 1865 1240 1195 1215 
9146 1563 1786 1558 1688 
9147 1739 1335 1430 1378 
9148 1376 1335 1430 1739 
9149 1737 493 489 492 
9150 529 1631 1737 533 
9151 1738 1737 1739 1633 
9152 1737 1633 1631 1632 
9153 1737 1622 1739 1633 
9154 1737 1622 1633 1632 
9155 1737 1632 1635 1622 
9156 1905 1343 1356 1334 
9157 1905 1804 556 565 
9158 1829 1857 1040 1142 
9159 1688 1905 1356 1334 
9160 1688 1356 1379 1334 
9161 1882 1688 1428 1334 
9162 1904 1906 1786 1721 
9163 1688 1421 1349 1379 
9164 1688 1379 1428 1334 
9165 1688 1379 1349 1428 
9166 1786 543 524 539 
9167 1786 539 524 10 
9168 1719 1092 1885 1056 
9169 1785 1044 322 1048 
9170 1750 1068 1563 1073 
9171 1786 1721 1906 543 
9172 1722 1903 1772 1203 
9173 1746 1235 532 528 
9174 1746 1255 1226 1189 
9175 1746 1226 1235 1189 
9176 1746 528 532 71 
9177 1746 71 9 528 
9178 1791 1792 488 477 
9179 1925 1738 1739 1821 
9180 1747 494 478 493 
9181 1791 1925 1739 1821 
9182 1747 478 477 493 
9183 1751 480 1743 1617 
9184 1743 1612 1613 1608 
9185 1743 1608 1613 1617 
9186 1743 478 471 480 
9187 1743 480 473 478 
9188 1723 1611 1610 1612 
9189 1723 536 537 535 
9190 1819 449 2 1864 
9191 630 1840 632 1796 
9192 1865 1240 1709 1195 
9193 18 1889 1928 631 
9194 1815 1818 1817 1876 
9195 1690 145 146 737 
9196 1874 763 709 771 
9197 1855 1293 1838 1296 
9198 1926 1581 1579 1580 
9199 1926 1588 1581 1580 
9200 1832 1929 1703 1681 
9201 574 585 1878 591 
9202 1818 585 574 592 
9203 14 591 1878 1769 
9204 77 1864 1763 1841 
9205 1842 1745 1724 1889 
9206 1710 1831 1873 1833 
9207 1832 1799 1846 1873 
9208 1767 1874 1768 1813 
9209 1842 82 612 15 
9210 1842 15 620 82 
9211 1901 1816 1911 1856 
9212 1689 1287 1784 1285 
9213 1910 609 1815 1876 
9214 1691 1289 1286 1288 
9215 1855 1816 1911 1818 
9216 1767 1768 585 1813 
9217 1690 737 772 145 
9218 1855 714 1856 670 
9219 1875 1878 1752 612 
9220 1815 1842 612 15 
9221 1690 772 694 145 
9222 1768 577 591 589 
9223 591 574 14 1878 
9224 1768 589 591 580 
9225 1692 1690 1693 1706 
9226 1768 1814 1924 589 
9227 1768 589 1924 577 
9228 1692 1909 1811 1754 
9229 1731 1113 1730 371 
9230 675 673 725 1855 
9231 1832 1685 1799 1873 
9232 1817 603 1876 1926 
9233 1910 1582 1901 1574 
9234 574 1815 1840 1842 
9235 1771 1724 1772 1889 
9236 1845 1261 1211 1188 
9237 1843 1614 1928 1889 
9238 1845 1619 1609 1620 
9239 1845 1211 1234 1188 
9240 1865 1215 1222 1177 
9241 352 1845 1188 1605 
9242 1847 1824 1888 1929 
9243 1928 1620 1845 1609 
9244 1928 1609 1845 1615 
9245 1928 1620 1609 1615 
9246 1613 1889 1743 1928 
9247 1928 1615 1614 1620 
9248 1796 1845 1844 640 
9249 1796 640 1928 1845 
9250 1710 1856 1911 725 
9251 1843 1889 1771 1618 
9252 1832 1685 1707 1799 
9253 630 1840 1796 1928 
9254 1796 630 642 632 
9255 1840 1745 18 645 
9256 1684 1833 1686 1685 
9257 1846 583 1796 643 
9258 1911 1816 1796 586 
9259 1911 586 1818 1816 
9260 1020 1701 952 1007 
9261 1831 734 728 682 
9262 1846 1799 644 1844 
9263 1846 644 1796 1844 
9264 1830 1818 1911 586 
9265 1830 1818 586 582 
9266 1830 1813 1818 582 
9267 1830 1681 1813 582 
9268 1832 936 1929 935 
9269 1778 517 514 1807 
9270 1820 13 78 573 
9271 1888 1819 1764 575 
9272 442 1819 443 1820 
9273 1832 1703 936 935 
9274 1929 926 936 955 
9275 1778 913 941 1018 
9276 1778 1807 1806 905 
9277 1929 955 936 1007 
9278 1807 926 1859 1929 
9279 1894 1019 1499 997 
9280 1871 1894 1930 987 
9281 1859 908 262 1517 
9282 1020 1701 1007 1807 
9283 1005 1512 418 1930 
9284 1871 941 1778 250 
9285 1931 1923 1900 1792 
9286 1859 1867 1869 1929 
9287 1832 1707 1685 1835 
9288 1708 1509 1859 1506 
9289 1703 936 935 957 
9290 1707 971 965 938 
9291 1703 730 660 729 
9292 1703 921 957 991 
9293 1703 660 722 729 
9294 1703 957 935 991 
9295 1835 911 979 965 
9296 1684 1025 994 977 
9297 1684 723 661 779 
9298 1835 739 1684 723 
9299 1684 1208 1222 1194 
9300 1835 971 1684 1025 
9301 1835 669 979 911 
9302 1835 979 669 738 
9303 1835 722 1703 738 
9304 1195 1248 1709 1798 
9305 1024 1865 1221 1004 
9306 1707 260 916 923 
9307 1835 1025 977 911 
9308 1684 971 994 1025 
9309 1684 1222 1197 1241 
9310 1797 1598 1589 1604 
9311 635 1798 648 647 
9312 17 648 1870 1866 
9313 1709 1240 1209 1248 
9314 1709 1209 1240 1168 
9315 638 634 1868 1923 
9316 653 1923 472 1866 
9317 1798 1870 648 1866 
9318 1851 1257 1728 1866 
9319 648 1923 653 1866 
9320 653 1923 656 472 
9321 17 1870 633 1930 
9322 1712 1749 1237 1236 
9323 1851 1250 1712 1237 
9324 1832 936 1703 1929 
9325 1850 1012 982 918 
9326 1850 1012 918 922 
9327 1850 922 918 1522 
9328 1900 1850 1851 484 
9329 1522 1849 922 1527 
9330 1728 1280 1172 1180 
9331 1728 653 1866 648 
9332 1728 653 648 641 
9333 1728 1616 1607 641 
9334 1728 1159 1181 1180 
9335 1728 1172 1159 1180 
9336 1744 473 479 477 
9337 1751 651 655 652 
9338 1751 472 473 474 
9339 1751 474 473 480 
9340 1711 62 482 1417 
9341 1748 1849 1916 1524 
9342 1711 483 482 62 
9343 1749 1342 1394 1344 
9344 1749 1655 1643 1656 
9345 1711 1368 1320 1417 
9346 1711 1342 1368 1399 
9347 1711 63 483 62 
9348 1711 1342 1320 1368 
9349 1749 1230 476 1237 
9350 1749 1236 1230 1237 
9351 1749 1229 1230 1236 
9352 1712 1236 1250 1162 
9353 1712 962 963 922 
9354 922 1849 1850 1712 
9355 1712 1850 922 1012 
9356 1712 922 963 1012 
9357 1851 1173 1728 1257 
9358 1712 1012 963 942 
9359 1849 1749 1712 1659 
9360 1849 5 1749 63 
9361 1643 1849 1749 1656 
9362 1849 5 63 490 
9363 1832 1929 1859 935 
9364 1849 5 1712 1749 
9365 1916 1647 1649 1658 
9366 1916 419 50 1734 
9367 1742 1801 1852 1415 
9368 1764 1924 589 590 
9369 1735 1364 1414 1352 
9370 1809 990 934 967 
9371 1809 1523 1519 1525 
9372 1809 961 934 1017 
9373 1809 1017 934 990 
9374 1809 934 1523 1525 
9375 1770 491 1654 1653 
9376 1791 1737 1747 493 
9377 1792 479 1923 488 
9378 1791 1821 1932 1792 
9379 1863 650 639 649 
9380 1863 446 447 442 
9381 1863 650 654 639 
9382 1740 1742 1741 11 
9383 1707 954 1022 923 
9384 50 1900 1518 1916 
9385 1930 1027 1520 1005 
9386 1930 1867 1869 1708 
9387 1800 1770 1354 1378 
9388 1923 1866 1850 484 
9389 1895 439 1894 429 
9390 1868 633 634 638 
9391 1894 440 439 441 
9392 1894 1529 1019 997 
9393 1895 1734 1735 429 
9394 1894 1869 1868 441 
9395 513 1778 497 1902 
9396 1501 1877 1499 1495 
9397 1894 1529 1526 1520 
9398 1894 1521 1526 1529 
9399 1895 1525 273 930 
9400 1806 1807 946 914 
9401 1322 75 1676 1742 
9402 1823 1698 1872 1909 
9403 445 434 1887 2 
9404 1463 1879 1933 553 
9405 445 434 438 1887 
9406 1819 575 1820 78 
9407 1819 78 1820 77 
9408 1819 2 1887 1763 
9409 1819 1887 2 445 
9410 1819 1763 1887 1924 
9411 1819 590 1763 1924 
9412 1819 449 445 2 
9413 1864 447 446 428 
9414 54 449 428 1864 
9415 1819 575 78 77 
9416 1819 590 575 77 
9417 1819 1763 590 77 
9418 1713 1924 1715 464 
9419 1761 1762 1741 559 
9420 1761 1757 1879 1921 
9421 1858 1667 1661 1666 
9422 1879 554 1741 11 
9423 1879 554 553 558 
9424 1879 1675 1668 1674 
9425 1915 65 499 500 
9426 1852 1735 1801 56 
9427 1852 56 1801 55 
9428 1852 56 55 432 
9429 1852 430 56 432 
9430 1884 857 866 858 
9431 1810 974 984 937 
9432 1834 798 858 886 
9433 1834 856 798 886 
9434 1899 436 1886 1861 
9435 1707 938 954 923 
9436 1899 435 1897 427 
9437 1912 1462 1921 1463 
9438 1912 1463 1858 1460 
9439 1912 1462 1463 1460 
9440 1912 1462 1460 1461 
9441 1912 1460 1858 870 
9442 1779 1898 1884 901 
9443 1898 1862 1487 1490 
9444 1779 1898 1862 1861 
9445 1898 1493 1858 789 
9446 427 1896 1899 430 
9447 1861 1897 1902 1890 
9448 1861 1902 1897 435 
9449 1861 1902 435 437 
9450 1861 1890 1902 497 
9451 1892 788 850 890 
9452 1892 890 850 831 
9453 1727 1892 831 846 
9454 1727 831 809 846 
9455 1727 809 802 801 
9456 1727 1908 802 1756 
9457 1727 829 802 816 
9458 1756 1303 1306 1307 
9459 1727 816 809 831 
9460 1727 802 809 816 
9461 1699 380 1303 1304 
9462 1891 790 839 855 
9463 1825 1824 1827 508 
9464 1826 668 710 720 
9465 1824 518 1807 1827 
9466 1891 1727 506 512 
9467 989 1725 951 970 
9468 1827 508 518 512 
9469 1726 821 1892 846 
9470 1726 880 821 846 
9471 1726 968 1827 1892 
9472 910 1726 1892 968 
9473 1726 1892 1727 846 
9474 1726 495 1777 503 
9475 1820 443 441 1888 
9476 1824 1681 1702 1929 
9477 1902 513 1778 1888 
9478 1701 1929 1702 1007 
9479 1806 915 1890 252 
9480 1806 905 915 252 
9481 1806 949 915 946 
9482 1806 915 905 946 
9483 1888 513 1824 1765 
9484 1806 67 7 514 
9485 1847 1846 588 584 
9486 1778 1502 1496 1497 
9487 1778 1859 1807 1018 
9488 1707 1022 1508 923 
9489 1778 1018 1807 913 
9490 1871 1869 1859 1515 
9491 1501 1877 1497 1871 
9492 1877 441 444 451 
9493 1871 264 987 1515 
9494 1832 1867 1708 1859 
9495 1765 509 516 513 
9496 1847 636 1820 588 
9497 1765 576 579 573 
9498 1847 1929 1869 1867 
9499 573 1847 584 1765 
9500 1765 579 584 573 
9501 1764 64 496 519 
9502 1886 515 66 437 
9503 1764 496 516 519 
9504 1699 1909 520 505 
9505 1699 520 507 505 
9506 1699 505 507 506 
9507 380 1697 1303 379 
9508 1697 1308 1310 379 
9509 1697 380 1699 1308 
9510 1699 380 1309 1308 
9511 1680 780 733 696 
9512 1756 879 829 896 
9513 1756 853 829 852 
9514 1756 853 896 829 
9515 1918 879 882 785 
9516 1918 882 826 887 
9517 1918 879 826 882 
9518 1917 1920 1814 1919 
9519 1708 1508 1514 1513 
9520 1908 1917 505 502 
9521 1908 504 502 505 
9522 1908 1488 222 785 
9523 1908 785 222 801 
9524 1908 802 785 801 
9525 1908 501 502 504 
9526 1839 1918 1917 1909 
9527 1794 1795 1920 1448 
9528 1794 1920 1439 1448 
9529 1794 1447 1795 1448 
9530 1794 1439 1447 1448 
9531 1794 1447 1439 1445 
9532 1839 1917 1814 1909 
9533 1853 1442 1444 1445 
9534 1839 805 1755 787 
9535 1853 1782 1794 1445 
9536 1692 1754 1811 377 
9537 1692 376 1298 377 
9538 1768 1814 1694 1924 
9539 1692 1694 1814 1782 
9540 1865 1685 1707 1835 
9541 1823 1699 1698 1909 
9542 1890 1778 1496 1902 
9543 1902 1890 1778 497 
9544 1824 509 510 508 
9545 1929 1701 1824 1807 
9546 1707 260 1508 1513 
9547 1820 443 442 441 
9548 1888 1929 1778 1869 
9549 1888 573 1764 1765 
9550 1865 929 1684 971 
9551 1888 1764 1819 443 
9552 1888 1819 1820 443 
9553 1890 1778 67 1806 
9554 1888 1820 1869 441 
9555 1715 1694 462 463 
9556 1715 462 464 463 
9557 1683 1836 1857 1793 
9558 1893 1715 1883 466 
9559 1893 1714 1713 1716 
9560 1829 1554 1803 1557 
9561 1715 464 462 466 
9562 1732 1717 1693 1533 
9563 1732 1693 1706 1533 
9564 1732 1693 1784 1706 
9565 1732 1706 1784 1537 
9566 1689 1691 1690 1693 
9567 1732 1537 1784 1062 
9568 1732 1031 1062 1141 
9569 1732 1538 1533 1537 
9570 1690 1289 1285 132 
9571 1690 1285 772 132 
9572 1690 1285 1289 1288 
9573 1874 763 1286 1289 
9574 1690 737 763 1289 
9575 1865 1222 1684 1177 
9576 1692 1690 1874 1693 
9577 1690 1706 1784 1693 
9578 1690 1285 1784 772 
9579 1302 1690 1300 1706 
9580 1697 1756 1755 1909 
9581 1697 1699 1756 1909 
9582 380 1697 1699 1303 
9583 1697 1755 1754 1909 
9584 1697 378 1811 1754 
9585 1697 1754 1811 1909 
9586 1697 1310 1811 378 
9587 1697 1310 378 379 
9588 1701 1827 1824 1807 
9589 1929 1701 1702 1824 
9590 1701 1827 1807 947 
9591 1701 948 1827 947 
9592 1701 948 947 950 
9593 1701 951 1827 948 
9594 1701 951 948 950 
9595 1701 951 1725 1827 
9596 1701 952 1000 988 
9597 1701 947 952 950 
9598 1701 950 989 951 
9599 1701 952 988 950 
9600 1701 988 989 950 
9601 1705 1704 1781 1297 
9602 1682 1781 1704 762 
9603 834 1682 1781 1449 
9604 1682 1781 1449 1438 
9605 1708 1517 1514 1508 
9606 1682 1449 1453 1438 
9607 1682 1453 1441 1451 
9608 1682 1441 1453 1449 
9609 1793 1934 1857 462 
9610 1793 454 462 461 
9611 1793 1683 1836 1782 
9612 1793 1694 1857 1782 
9613 1793 461 462 463 
9614 1883 1803 1848 58 
9615 1829 1883 1715 1934 
9616 1707 1859 1708 1517 
9617 1829 1803 1036 1557 
9618 1883 466 1715 1934 
9619 1883 1934 1805 4 
9620 58 466 1883 4 
9621 1554 1803 1550 1546 
9622 1883 466 1934 4 
9623 58 466 453 1883 
9624 1759 1458 1466 1468 
9625 1759 1848 1775 1760 
9626 899 1759 1775 1760 
9627 1759 1466 1780 1757 
9628 1759 1470 1780 1466 
9629 1759 1470 1466 1467 
9630 1759 1467 1466 1458 
9631 1514 1506 1708 49 
9632 1933 1758 1879 1463 
9633 1933 551 1780 553 
9634 1933 1758 1326 1664 
9635 1933 1664 1673 1674 
9636 1933 1673 549 1674 
9637 1933 551 553 549 
9638 1774 1398 1759 1375 
9639 1774 1398 1375 1347 
9640 1774 1780 1398 1390 
9641 1774 1398 1347 1390 
9642 1774 1780 548 552 
9643 1774 1759 1780 552 
9644 1774 1780 1759 1398 
9645 1742 1415 1852 1663 
9646 1742 1675 1879 547 
9647 1742 547 1879 11 
9648 1742 75 11 557 
9649 1742 547 1662 1675 
9650 1830 1831 680 676 
9651 1742 1676 1662 75 
9652 547 1742 1662 75 
9653 1742 1675 1676 1663 
9654 1740 1742 557 1788 
9655 1742 1675 1662 1676 
9656 1729 317 1144 1042 
9657 1729 424 1804 1802 
9658 423 1729 1802 424 
9659 1729 1848 1774 1804 
9660 1729 1804 1774 1802 
9661 1729 1546 1552 1553 
9662 1729 1552 317 1553 
9663 1687 424 1804 1547 
9664 1687 1551 424 1547 
9665 1687 310 1570 1118 
9666 309 1687 1118 310 
9667 1687 310 1551 1555 
9668 1687 1570 310 1555 
9669 1687 1547 1555 1551 
9670 573 1847 13 584 
9671 1787 1821 1738 1822 
9672 1787 563 566 570 
9673 1787 560 1763 570 
9674 1787 561 560 570 
9675 1787 566 561 570 
9676 1922 564 1804 565 
9677 1922 563 564 565 
9678 1922 1787 563 566 
9679 1922 563 565 566 
9680 1713 1924 1887 1763 
9681 1713 1921 1919 456 
9682 468 1713 1924 1919 
9683 1762 1713 1893 1927 
9684 1762 1893 1716 1720 
9685 1761 1763 1762 1713 
9686 1761 456 1713 467 
9687 1713 456 464 467 
9688 1713 1763 1716 1924 
9689 1893 466 1883 453 
9690 1893 1715 1713 1714 
9691 1893 1927 1713 467 
9692 1893 1927 467 453 
9693 1762 570 1763 560 
9694 1893 453 1883 1848 
9695 1893 1927 453 1848 
9696 1893 1804 1927 1848 
9697 1829 1058 1548 314 
9698 1829 1058 1036 1086 
9699 1752 1828 606 605 
9700 1752 1716 1878 1769 
9701 1752 619 1881 605 
9702 1752 1881 1828 605 
9703 1828 1122 1151 1100 
9704 1828 605 1696 600 
9705 1828 606 605 600 
9706 1881 1720 1822 1716 
9707 1881 1724 81 82 
9708 1881 81 619 82 
9709 1931 1735 1734 429 
9710 1792 1863 649 650 
9711 1792 649 84 650 
9712 54 449 1864 2 
9713 1792 654 1863 650 
9714 1792 477 479 488 
9715 1792 650 84 83 
9716 1841 654 1745 645 
9717 581 654 77 1841 
9718 1840 643 1796 583 
9719 1841 581 578 77 
9720 581 654 1841 645 
9721 1841 654 1821 1745 
9722 1841 1716 1821 1763 
9723 1841 1878 1716 76 
9724 1841 76 1716 1763 
9725 1841 76 1763 77 
9726 1841 1745 1821 1716 
9727 1841 578 76 77 
9728 1925 1745 1724 1822 
9729 534 1738 533 1925 
9730 530 534 1738 533 
9731 1925 1822 1738 1821 
9732 1744 1925 1791 1821 
9733 1791 1925 1737 1739 
9734 1925 1745 535 536 
9735 1925 535 534 536 
9736 1925 1745 1822 1821 
9737 1925 533 534 535 
9738 1904 53 1786 1558 
9739 1904 1905 1687 1560 
9740 1882 1623 1906 1638 
9741 1882 1623 1638 1634 
9742 1882 1638 1738 1626 
9743 1882 1634 1638 1626 
9744 1882 1638 1906 1738 
9745 566 561 1880 1738 
9746 1880 1905 1922 1738 
9747 1880 1343 1313 1371 
9748 1880 1380 1343 1371 
9749 1880 572 567 566 
9750 1880 567 572 1391 
9751 1880 572 1371 1391 
9752 1904 1786 53 1721 
9753 1904 1565 1720 1721 
9754 1904 1565 1721 53 
9755 1904 1720 1822 1721 
9756 1736 1372 1404 1377 
9757 1736 1625 1636 391 
9758 392 1736 1377 391 
9759 1736 1746 532 71 
9760 1903 1218 1750 1247 
9761 1903 1204 1218 1247 
9762 1903 1204 1247 1231 
9763 1903 1067 1129 1112 
9764 1722 1885 1721 1724 
9765 1722 1772 1723 1269 
9766 1785 1750 1566 1044 
9767 1722 1903 1885 1772 
9768 1885 1048 1056 1112 
9769 1722 1786 539 543 
9770 1885 1696 1721 80 
9771 1885 618 1696 80 
9772 1885 618 80 613 
9773 1885 1048 1696 1056 
9774 1885 1696 618 1056 
9775 1783 627 1926 622 
9776 1783 608 627 622 
9777 1783 1773 1926 627 
9778 1783 597 627 608 
9779 1783 1088 1065 1057 
9780 598 1783 1065 1057 
9781 1783 608 1730 1057 
9782 1783 1088 1057 1089 
9783 1835 721 722 738 
9784 1835 669 721 738 
9785 1838 1817 1926 1581 
9786 1847 588 1846 1867 
9787 1838 678 1907 1295 
9788 1838 678 1295 1291 
9789 1731 1730 1876 372 
9790 1838 1295 1292 1294 
9791 1838 1294 1296 1291 
9792 1838 1291 1295 1294 
9793 1731 622 1783 1926 
9794 1731 1876 622 1926 
9795 1731 1111 1753 1089 
9796 1731 1113 1111 1089 
9797 1731 1294 1838 1292 
9798 1731 1730 1113 1089 
9799 1731 1783 1753 1926 
9800 1731 1783 1730 1089 
9801 1731 1753 1783 1089 
9802 1288 1876 372 373 
9803 573 1888 1820 1847 
9804 1288 1876 373 1691 
9805 1812 1286 1691 1874 
9806 1691 1286 373 1288 
9807 1689 1690 1784 1693 
9808 1689 1732 1693 1784 
9809 18 1928 630 631 
9810 1847 1765 1681 584 
9811 1840 18 630 632 
9812 1842 1841 574 1878 
9813 18 1889 1840 1928 
9814 1840 18 632 645 
9815 1875 625 1717 1693 
9816 1875 1767 1691 1693 
9817 1815 611 621 15 
9818 574 1815 1818 592 
9819 1796 1901 1910 1816 
9820 1815 611 609 621 
9821 1875 610 1752 1717 
9822 1752 1714 1716 1769 
9823 1752 1717 1714 1769 
9824 1752 619 606 610 
9825 1767 1768 591 585 
9826 1875 1769 1752 1878 
9827 1875 1876 616 624 
9828 1875 1693 1876 624 
9829 1767 1693 1768 1874 
9830 1875 1691 1876 1693 
9831 1767 1878 1818 585 
9832 1875 611 1878 612 
9833 1875 609 611 616 
9834 1875 1767 1693 1769 
9835 1875 1878 1767 1769 
9836 1875 625 616 610 
9837 1875 611 1815 1878 
9838 1875 611 610 616 
9839 1855 725 1911 1856 
9840 1812 1830 1911 674 
9841 1812 673 672 674 
9842 1812 1818 1830 1813 
9843 1812 671 672 659 
9844 1812 1911 1830 1818 
9845 1812 672 673 659 
9846 1837 1584 349 1577 
9847 1837 1201 1254 1259 
9848 1837 707 1856 756 
9849 1837 1838 1856 670 
9850 1837 707 1838 670 
9851 1837 1856 707 670 
9852 1837 1584 1907 1201 
9853 353 1843 1591 354 
9854 1843 354 1277 1202 
9855 368 1843 1277 1202 
9856 1910 1842 620 617 
9857 1901 1843 1594 1591 
9858 1901 1594 1595 1591 
9859 1202 1901 1843 1594 
9860 1901 1593 1595 1594 
9861 1901 1856 1817 1816 
9862 1910 1815 609 621 
9863 1796 1901 1843 1910 
9864 1796 1910 1842 1816 
9865 1910 617 1771 1842 
9866 1910 1926 1771 604 
9867 1910 1771 1926 1579 
9868 1582 1910 1817 1926 
9869 1910 603 1817 1926 
9870 1910 1816 1815 1842 
9871 1910 1901 1817 1816 
9872 1910 1817 1815 1816 
9873 633 1867 1820 1868 
9874 1824 1847 1765 1681 
9875 1797 1845 1844 1605 
9876 1798 1799 1844 644 
9877 1798 1844 1845 640 
9878 1708 1859 1509 1517 
9879 1797 1798 1799 1844 
9880 43 1797 1589 351 
9881 1797 351 1160 1270 
9882 1797 1160 1195 1270 
9883 1797 1686 1685 1194 
9884 1170 1797 1160 1194 
9885 1846 588 584 587 
9886 1710 1592 1598 1601 
9887 1831 1911 1710 1873 
9888 1710 1911 680 675 
9889 1710 680 695 675 
9890 1710 753 725 695 
9891 1710 736 753 695 
9892 1710 680 735 695 
9893 1710 735 736 695 
9894 1707 1513 916 260 
9895 1707 1508 1022 1517 
9896 1831 1703 728 734 
9897 1831 689 1833 681 
9898 1833 680 681 688 
9899 1833 1686 1685 1873 
9900 1833 688 689 708 
9901 1833 681 689 688 
9902 1846 1911 1830 1873 
9903 1846 584 1830 582 
9904 1846 584 582 587 
$EndElements
