$MeshFormat
4.1 0 8
$EndMeshFormat
$PhysicalNames
5
2 1 "sphere_walls"
2 2 "inlet"
2 3 "outlet"
2 4 "outer_walls"
3 1000 "fluid"
$EndPhysicalNames
$Entities
53 75 36 1
45 0.653367023935 0.404527200765 0.782439849525 0 
46 0.653367023935 0.404527200765 0.6142291440909999 0 
47 0.53308481637 0.197341275614 0.367440283022 0 
48 0.53308481637 0.197341275614 0.209923565714 0 
49 0.7730937117509999 0.840918133612 0.7126242238379999 0 
50 0.7730937117509999 0.840918133612 0.549319551674 0 
51 0.406145288086 0.239228181591 0.80172251906 0 
52 0.406145288086 0.239228181591 0.6259413845480001 0 
53 0.77947105876 0.863882348867 0.417283747935 0 
54 0.77947105876 0.863882348867 0.246969000007 0 
55 0.844048515165 0.352413257282 0.493635312228 0 
56 0.844048515165 0.352413257282 0.310583248872 0 
57 0.381479890328 0.5282454348 0.598139571425 0 
58 0.381479890328 0.5282454348 0.433809437971 0 
59 0.406608917449 0.688567638892 0.24929365645 0 
60 0.406608917449 0.688567638892 0.05985971687800001 0 
61 0.5187875055359999 0.719575248996 0.7156623149769999 0 
62 0.5187875055359999 0.719575248996 0.5555821979909999 0 
63 0 0 1 0 
64 0 0 0 0 
65 0 1 1 0 
66 0 1 0 0 
67 1.491862189340054e-16 0.677830945616 0.335470708381837 0 
68 -1.040834085586084e-17 0.677830945616 0.102976828564163 0 
69 -1.179611963664229e-16 0.349694676678 0.3239588500186371 0 
70 6.938893903907228e-18 0.349694676678 0.120090099695363 0 
71 -1.387778780781446e-17 0.255098198896 0.6868739602892897 0 
72 -6.938893903907228e-17 0.255098198896 0.4725210251427103 0 
73 1 0 0 0 
74 1 0 1 0 
75 0.255561032155 0 0.3832094442487317 0 
76 0.751519743114 0 0.5247352308254563 0 
77 0.5578836200540001 0 0.7972373259802884 0 
78 1 1 1 0 
79 0.6903092780778989 0.374669048605 1 0 
80 0.5702328030853454 0.720323126604 1 0 
81 0.874019051223449 0.629324556256 1 0 
82 1 1 0 0 
83 0.3665086428605733 0.3193032506199999 7.632783294297951e-17 0 
84 0.8288467042522371 0.383092875425 1.179611963664229e-16 0 
85 0.8828832556261988 0.651078306967 2.775557561562891e-17 0 
86 0.26420348121 1 0.3614794036805369 0 
87 0.211711346721 1 0.658111399002854 0 
88 0.538536537859 1 0.63261441447424 0 
89 1 0.741012904832 0.4788160744965543 0 
90 1 0.694507435115 0.8823258572520449 0 
91 1 0.219943441316 0.763304823926087 0 
92 0.58705099692 0.374669048605 0.929513654692 0 
93 0.458669960743 0.720323126604 0.9196920685900001 0 
94 0.76275587548 0.629324556256 0.90738267374 0 
95 0.245717562709 0.31930325062 0.09117158068799999 0 
96 0.723490293832 0.383092875425 0.07573915306699999 0 
97 0.764156614542 0.651078306967 0.090109483612 0 
67 0.653366923535 0.404527100365 0.782439749125 0.653367124335 0.404527301165 0.782439949925 0 2 45 -45 
68 0.653282818482283 0.404442995312283 0.6141449386382829 0.7375565821047171 0.404611406217717 0.782524054977717 0 2 46 -45 
69 0.653366923535 0.404527100365 0.614229043691 0.653367124335 0.404527301165 0.6142292444909999 0 2 46 -46 
70 0.5330847159700001 0.197341175214 0.367440182622 0.53308491677 0.197341376014 0.367440383422 0 2 47 -47 
71 0.5330059579113461 0.197262417155346 0.209844707255346 0.6119220334826541 0.197420134072654 0.367519141480654 0 2 48 -47 
72 0.5330847159700001 0.197341175214 0.209923465314 0.53308491677 0.197341376014 0.209923666114 0 2 48 -48 
73 0.773093611351 0.840918033212 0.712624123438 0.7730938121509999 0.8409182340119999 0.7126243242379999 0 2 49 -49 
74 0.773011959314918 0.840836381175918 0.549237799237918 0.8548278002690819 0.840999886048082 0.7127059762740819 0 2 50 -49 
75 0.773093611351 0.840918033212 0.5493194512740001 0.7730938121509999 0.8409182340119999 0.549319652074 0 2 50 -50 
76 0.406145187686 0.239228081191 0.80172241866 0.406145388486 0.239228281991 0.80172261946 0 2 51 -51 
77 0.406057297418744 0.239140190923744 0.6258533938807441 0.494123846009256 0.239316172258256 0.801810509727256 0 2 52 -51 
78 0.406145187686 0.239228081191 0.6259412841480001 0.406145388486 0.239228281991 0.6259414849480001 0 2 52 -52 
79 0.77947095836 0.863882248467 0.417283647535 0.77947115916 0.863882449267 0.417283848335 0 2 53 -53 
80 0.779385801286036 0.863797091393036 0.246883742533036 0.8647136901979641 0.863967606340964 0.417369005408964 0 2 54 -53 
81 0.77947095836 0.863882248467 0.246968899607 0.77947115916 0.863882449267 0.246969100407 0 2 54 -54 
82 0.844048414765 0.352413156882 0.493635211828 0.844048615565 0.352413357682 0.493635412628 0 2 55 -55 
83 0.843956889033322 0.352321631150322 0.310491622740322 0.935666172974678 0.352504883413678 0.493726938359678 0 2 56 -55 
84 0.844048414765 0.352413156882 0.310583148472 0.844048615565 0.352413357682 0.310583349272 0 2 56 -56 
85 0.381479789928 0.5282453344 0.598139471025 0.381479990728 0.5282455351999999 0.5981396718249999 0 2 57 -57 
86 0.381397625161273 0.5281631696332729 0.433727172804273 0.463727222221727 0.528327699966727 0.598221836591727 0 2 58 -57 
87 0.381479789928 0.5282453344 0.433809337571 0.381479990728 0.5282455351999999 0.433809538371 0 2 58 -58 
88 0.406608817049 0.688567538492 0.24929355605 0.406609017849 0.688567739292 0.24929375685 0 2 59 -59 
89 0.406514100379214 0.688472821822214 0.05976489980821401 0.501420704304786 0.688662455961786 0.249388473519786 0 2 60 -59 
90 0.406608817049 0.688567538492 0.05985961647800001 0.406609017849 0.688567739292 0.05985981727800001 0 2 60 -60 
91 0.518787405136 0.719575148596 0.715662214577 0.5187876059359999 0.719575349396 0.7156624153769999 0 2 61 -61 
92 0.5187073653775069 0.719495108837507 0.5555020578325069 0.598907704187493 0.719655389154493 0.7157424551354929 0 2 62 -61 
93 0.518787405136 0.719575148596 0.555582097591 0.5187876059359999 0.719575349396 0.5555822983909999 0 2 62 -62 
94 -0.0005001001 -0.0005001001 -0.0005001001000000116 0.0005001001 0.0005001001 1.0005001001 0 2 64 -63 
95 -0.0005001001 -0.0005001001000000116 0.9994998999 0.0005001001 1.0005001001 1.0005001001 0 2 63 -65 
96 -0.0005001001 -0.0005001001000000116 -0.0005001001 0.0005001001 1.0005001001 0.0005001001 0 2 64 -66 
97 -0.0005001001 0.9994998999 -0.0005001001000000116 0.0005001001 1.0005001001 1.0005001001 0 2 66 -65 
98 -0.0001163470399088475 0.5614676586672541 0.1028604815242541 0.0001163470399089862 0.6779472926559088 0.3355870554217458 0 2 67 -68 
99 -0.0001163470399088475 0.6777145985760912 0.1028604815242541 0.0001163470399089862 0.7941942325647459 0.3355870554217458 0 2 68 -67 
100 -0.000102034475161755 0.2476582670412014 0.1199880652202014 0.000102034475161644 0.3497967111531617 0.3240608844937987 0 2 69 -70 
101 -0.000102034475161755 0.3495926422028384 0.1199880652202014 0.000102034475161644 0.4517310863147987 0.3240608844937987 0 2 70 -69 
102 -0.0001072765675733591 0.147814454755137 0.472413748575137 0.0001072765675732897 0.2552054754635733 0.686981236856863 0 2 71 -72 
103 -0.0001072765675733591 0.2549909223284267 0.472413748575137 0.0001072765675732897 0.362381943036863 0.686981236856863 0 2 72 -71 
104 -0.0005001001169638863 -0.0005001001169639385 -0.0005001001169639385 1.000500100116964 0.0005001001169639385 0.0005001001169639385 0 2 64 -73 
105 0.99949989988989 -0.0005001001101100275 -0.00050010011010998 1.00050010011011 0.0005001001101100275 1.00050010011011 0 2 73 -74 
106 -0.0005001001169638863 -0.0005001001169639385 0.9994998998830361 1.000500100116964 0.0005001001169639385 1.000500100116964 0 2 63 -74 
107 0.1379594985595706 -0.0001177173696977145 0.1481240944275706 0.3731625657504294 0.0001177173696977145 0.3833271616184294 0 2 75 -75 
108 0.6208522426024727 -0.0001307044810709923 0.2635309342834727 0.8821872436255274 0.0001307044810709923 0.5248659353065273 0 2 76 -76 
109 0.4375950937081311 -0.0001205680195806066 0.5567808413081311 0.678172146399869 0.0001205680195806066 0.797357893999869 0 2 77 -77 
110 -0.0005001001000000116 0.9994998999 0.9994998999 1.0005001001 1.0005001001 1.0005001001 0 2 65 -78 
111 0.99949989988989 -0.00050010011010998 0.99949989988989 1.00050010011011 1.00050010011011 1.00050010011011 0 2 74 -78 
112 0.4836893573809431 0.2713074090659431 0.9998966416188421 0.6904126364590568 0.4780306881440569 1.000103358381158 0 2 79 -79 
113 0.3469954554583122 0.6086486213193122 0.9998883370576577 0.5703444660276877 0.8319976318886878 1.000111662942342 0 2 80 -80 
114 0.6513813364608075 0.5179500172368076 0.9998886367242565 0.8741304144991925 0.7406990952751925 1.000111363275743 0 2 81 -81 
115 -0.0005001001000000116 0.9994998999 -0.0005001001 1.0005001001 1.0005001001 0.0005001001 0 2 66 -82 
116 0.99949989988989 -0.00050010011010998 -0.0005001001101100275 1.00050010011011 1.00050010011011 0.0005001001101100275 0 2 73 -82 
117 0.1248055913772751 0.1983912792882751 -0.0001208911801515733 0.3666295340407248 0.4402152219517249 0.0001208911801516496 0 2 83 -83 
118 0.6180284269013427 0.2776310084943427 -0.000105456510420237 0.8289521607626573 0.4885547423556572 0.000105456510420355 0 2 84 -84 
119 0.645311146716717 0.5322328391417169 -0.0001188267410841988 0.8830020823672831 0.769923774792283 0.0001188267410842265 0 2 85 -85 
120 0.99949989988989 0.99949989988989 -0.00050010011010998 1.00050010011011 1.00050010011011 1.00050010011011 0 2 82 -78 
121 0.1562167114747411 0.9998919472602781 0.1456139169497412 0.3721902509452588 1.000108052739722 0.3615874564202589 0 2 86 -86 
122 0.09683680179858384 0.9998850716884379 0.4284772374695838 0.3265858916434162 1.000114928311562 0.6582263273144161 0 2 87 -87 
123 0.4256731859469265 0.9998870820731667 0.4070006285769265 0.6513998897710734 1.000112917926833 0.6327273324010734 0 2 88 -88 
124 -0.0001163470399088498 0.6777145985760912 0.1028604815242541 0.09594453234373872 0.6779472926559088 0.3355870554217458 0 2 68 -67 
125 -0.000102034475161758 0.3495926422028384 0.1199880652202014 0.06720984649924021 0.3497967111531617 0.3240608844937987 0 2 70 -69 
126 -0.0001072765675733597 0.2549909223284266 0.472413748575137 0.07225484764831322 0.2552054754635733 0.686981236856863 0 2 72 -71 
127 0.9998778296080807 0.6189516593025264 0.2348157538295265 1.000122170391919 0.8630741503614736 0.4789382448884735 0 2 89 -89 
128 0.9998812603569852 0.5758021330639403 0.6450339927929404 1.000118739643015 0.8132127371660597 0.8824445968950597 0 2 90 -90 
129 0.9998749914896251 0.09497104572253814 0.5134850412495382 1.000125008510375 0.3449158369094618 0.7634298324364619 0 2 91 -91 
130 0.586947638538842 0.3745656902238421 0.929410296310842 0.6904126364590568 0.3747724069861579 1.000103358381158 0 2 92 -79 
131 0.58705089652 0.374668948205 0.929513554292 0.5870510973199999 0.374669149005 0.929513755092 0 2 92 -92 
132 0.4585582978006577 0.7202114636616577 0.9195804056476578 0.5703444660276877 0.7204347895463423 1.000111662942342 0 2 93 -80 
133 0.458669860343 0.720323026204 0.9196919681900001 0.458670061143 0.720323227004 0.9196921689900001 0 2 93 -93 
134 0.7626445122042566 0.6292131929802566 0.9072713104642566 0.8741304144991925 0.6294359195317435 1.000111363275743 0 2 94 -81 
135 0.76275577508 0.6293244558560001 0.9073825733400001 0.76275597588 0.629324656656 0.90738277414 0 2 94 -94 
136 0.2455966715288484 0.3191823594398484 -0.0001208911801514959 0.3666295340407248 0.3194241418001516 0.09129247186815156 0 2 83 -95 
137 0.245717462309 0.31930315022 0.091171480288 0.245717663109 0.31930335102 0.09117168108799999 0 2 95 -95 
138 0.7233848373215798 0.3829874189145798 -0.0001054565104201197 0.8289521607626573 0.3831983319354202 0.07584460957742023 0 2 84 -96 
139 0.7234901934320001 0.383092775025 0.075739052667 0.723490394232 0.383092975825 0.07573925346699999 0 2 96 -96 
140 0.7640377878009158 0.6509594802259158 -0.0001188267410841687 0.8830020823672831 0.6511971337080842 0.09022831035308419 0 2 85 -97 
141 0.764156514142 0.651078206567 0.090109383212 0.764156714942 0.651078407367 0.09010958401199999 0 2 97 -97 
25 0.5691279293700503 0.3202982728031044 0.6140555127322561 0.7376460080107439 0.4887561287268956 0.7826134808837438 1 1 4 -67 -68 69 68 
26 0.4542012121425973 0.1184671916483138 0.20976096660368 0.6120057741343201 0.2762153595796861 0.36760288213232 1 1 4 -70 -71 72 71 
27 0.6913115316190567 0.7591458235639761 0.5491509815306954 0.8549146179763045 0.9226904436600238 0.7127927939813046 1 1 4 -73 -74 75 74 
28 0.3181149643462449 0.151208482008693 0.6257599433008143 0.4942172965891857 0.327247881173307 0.8019039603071858 1 1 4 -76 -77 78 77 
29 0.6941782713057708 0.7785998551835032 0.2467931980530382 0.8648042346779619 0.9491648425504968 0.4174595498889618 1 1 4 -79 -80 81 80 
30 0.7523769503176022 0.2607527560447427 0.3103943067100635 0.9357634890049366 0.4440737585192573 0.4938242543899365 1 1 4 -82 -83 84 83 
31 0.299184164831557 0.4459596413660398 0.4336398099301584 0.4638145850958416 0.6105312282339601 0.5983091994658416 1 1 4 -85 -86 87 86 
32 0.3117413441520406 0.5937115149238074 0.0596641909754613 0.5015214131375387 0.7834237628601927 0.2494891823525387 1 1 4 -88 -89 90 89 
33 0.4386201648722884 0.6394175835250894 0.5554169543984041 0.5989928076215958 0.7997329144669106 0.7158275585695958 1 1 4 -91 -92 93 92 
34 -1.000000002396119e-07 -1.000000001138979e-07 -1.000000001138979e-07 1.000000002708369e-07 1.0000001 1.0000001 1 2 10 -94 96 97 -95 -98 -99 -100 -101 -102 -103 
35 -1.000000000583867e-07 -1.000000000555111e-07 -1.000000000583867e-07 1.0000001 1.000000000555111e-07 1.0000001 1 4 7 -104 94 106 -105 -107 -108 -109 
36 -1.000000000583867e-07 -1.000000000583867e-07 0.9999998999999999 1.0000001 1.0000001 1.0000001 1 4 7 -95 106 111 -110 -112 -113 -114 
37 -1.000000000583867e-07 -1.000000000583867e-07 -1.000000000589806e-07 1.0000001 1.0000001 1.000000001769418e-07 1 4 7 -96 104 116 -115 -117 -118 -119 
38 -1.000000000583867e-07 0.9999998999999999 -1.000000000583867e-07 1.0000001 1.0000001 1.0000001 1 4 7 -115 97 110 -120 -121 -122 -123 
39 -0.0001365523837470253 0.5614474533234159 0.1028402761804159 0.09596473768757689 0.677967497999747 0.335607260765584 1 1 2 124 98 
40 -0.0001365650698817306 0.6776943805461183 0.1028402634942812 0.09596475037371159 0.7942144505947187 0.3356072734517188 1 1 2 99 -124 
41 -0.0001144082209362657 0.2476458932954269 0.1199756914744269 0.06722222024501473 0.3498090848989362 0.3240732582395732 1 1 2 125 100 
42 -0.0001144107031561814 0.349580265974844 0.119975688992207 0.06722222272723463 0.4517434625427931 0.3240732607217931 1 1 2 101 -125 
43 -0.0001103967173469028 0.1478113346053635 0.4724106284253635 0.07225796779808677 0.2552085956133468 0.6869843570066365 1 1 2 126 102 
44 -0.0001103967173452375 0.2549878021786547 0.4724106284253651 0.0722579677980851 0.3623850631866349 0.6869843570066348 1 1 2 103 -126 
45 0.9999998999999999 -1.000000000583867e-07 -1.000000000583867e-07 1.0000001 1.0000001 1.0000001 1 3 7 -105 116 120 -111 -127 -128 -129 
46 0.1379338480417281 -0.0001433678875401856 0.1480984439097281 0.3731882162682719 0.08740953900674486 0.3833528121362719 1 1 1 107 
47 0.6208208328878586 -0.0001621141956850772 0.2634995245688587 0.8822186533401415 0.10619829388259 0.5248973450211414 1 1 1 108 
48 0.4375706449127861 -0.0001450168149255832 0.5567563925127861 0.678196595195214 0.08412364188464677 0.797382342795214 1 1 1 109 
49 0.4836884595744996 0.2713065112594997 0.9294093985043986 0.6904135342655002 0.4780315859505003 1.000104256187601 1 1 4 -112 -130 131 130 
50 0.3469999404373955 0.6086531062983955 0.9195848906267411 0.5703399810486044 0.8319931469096045 1.000107177963259 1 1 4 -113 -132 133 132 
51 0.6513868741333306 0.5179555549093307 0.9072768481367797 0.8741248768266694 0.7406935576026694 1.00010582560322 1 1 4 -114 -134 135 134 
52 0.124808515081443 0.198394202992443 -0.0001179674759837004 0.366626610336557 0.440212298247557 0.0912895481639837 1 1 4 136 -137 -136 117 
53 0.6180307014374504 0.2776332830304504 -0.0001031819743125828 0.8289498862265496 0.4885524678195496 0.07584233504131258 1 1 4 138 -139 -138 118 
54 0.6453136371024762 0.5322353295274762 -0.0001163363553249586 0.8829995919815238 0.7699212844065237 0.09022581996732496 1 1 4 140 -141 -140 119 
55 0.1561666684458571 0.9163143480954441 0.1455638739208571 0.3722402939741429 1.000158095768606 0.361637499449143 1 1 1 -121 
56 0.09680415911053726 0.9064429646030482 0.4284445947815372 0.3266185343314628 1.000147570999609 0.6582589700024627 1 1 1 -122 
57 0.4256700866161176 0.9085613346913579 0.4069975292461175 0.6514029891018824 1.000116017257642 0.6327304317318824 1 1 1 -123 
58 0.9123969243700912 0.6189306246148472 0.2347947191418472 1.000143205079599 0.8630951850491528 0.4789592795761529 1 1 1 -127 
59 0.9026740518233053 0.5757760717307125 0.6450079314597126 1.000144800976243 0.8132387984992875 0.8824706582282875 1 1 1 -128 
60 0.8975879253611578 0.09494373191824793 0.513457727445248 1.000152322314665 0.344943150713752 0.7634571462407521 1 1 1 -129 
1 -0.0001955259025387956 -0.0001955259025386846 -0.0001955259025386846 1.000195525902539 1.000195525902539 1.000195525902539 1 1000 36 -34 -35 36 -37 38 -39 -40 -41 -42 -43 -44 45 -46 -47 -48 -49 -50 -51 -52 -53 -54 -55 -56 -57 -58 -59 -60 -26 -30 -32 -29 -31 -28 -25 -33 -27 
$EndEntities
$Nodes
141 3283 1 3283
0 45 0 1
1
0.653367023935 0.404527200765 0.782439849525
0 46 0 1
2
0.653367023935 0.404527200765 0.6142291440909999
0 47 0 1
3
0.53308481637 0.197341275614 0.367440283022
0 48 0 1
4
0.53308481637 0.197341275614 0.209923565714
0 49 0 1
5
0.7730937117509999 0.840918133612 0.7126242238379999
0 50 0 1
6
0.7730937117509999 0.840918133612 0.549319551674
0 51 0 1
7
0.406145288086 0.239228181591 0.80172251906
0 52 0 1
8
0.406145288086 0.239228181591 0.6259413845480001
0 53 0 1
9
0.77947105876 0.863882348867 0.417283747935
0 54 0 1
10
0.77947105876 0.863882348867 0.246969000007
0 55 0 1
11
0.844048515165 0.352413257282 0.493635312228
0 56 0 1
12
0.844048515165 0.352413257282 0.310583248872
0 57 0 1
13
0.381479890328 0.5282454348 0.598139571425
0 58 0 1
14
0.381479890328 0.5282454348 0.433809437971
0 59 0 1
15
0.406608917449 0.688567638892 0.24929365645
0 60 0 1
16
0.406608917449 0.688567638892 0.05985971687800001
0 61 0 1
17
0.5187875055359999 0.719575248996 0.7156623149769999
0 62 0 1
18
0.5187875055359999 0.719575248996 0.5555821979909999
0 63 0 1
19
0 0 1
0 64 0 1
20
0 0 0
0 65 0 1
21
0 1 1
0 66 0 1
22
0 1 0
0 67 0 1
23
1.491862189340054e-16 0.677830945616 0.335470708381837
0 68 0 1
24
-1.040834085586084e-17 0.677830945616 0.102976828564163
0 69 0 1
25
-1.179611963664229e-16 0.349694676678 0.3239588500186371
0 70 0 1
26
6.938893903907228e-18 0.349694676678 0.120090099695363
0 71 0 1
27
-1.387778780781446e-17 0.255098198896 0.6868739602892897
0 72 0 1
28
-6.938893903907228e-17 0.255098198896 0.4725210251427103
0 73 0 1
29
1 0 0
0 74 0 1
30
1 0 1
0 75 0 1
31
0.255561032155 0 0.3832094442487317
0 76 0 1
32
0.751519743114 0 0.5247352308254563
0 77 0 1
33
0.5578836200540001 0 0.7972373259802884
0 78 0 1
34
1 1 1
0 79 0 1
35
0.6903092780778989 0.374669048605 1
0 80 0 1
36
0.5702328030853454 0.720323126604 1
0 81 0 1
37
0.874019051223449 0.629324556256 1
0 82 0 1
38
1 1 0
0 83 0 1
39
0.3665086428605733 0.3193032506199999 7.632783294297951e-17
0 84 0 1
40
0.8288467042522371 0.383092875425 1.179611963664229e-16
0 85 0 1
41
0.8828832556261988 0.651078306967 2.775557561562891e-17
0 86 0 1
42
0.26420348121 1 0.3614794036805369
0 87 0 1
43
0.211711346721 1 0.658111399002854
0 88 0 1
44
0.538536537859 1 0.63261441447424
0 89 0 1
45
1 0.741012904832 0.4788160744965543
0 90 0 1
46
1 0.694507435115 0.8823258572520449
0 91 0 1
47
1 0.219943441316 0.763304823926087
0 92 0 1
48
0.58705099692 0.374669048605 0.929513654692
0 93 0 1
49
0.458669960743 0.720323126604 0.9196920685900001
0 94 0 1
50
0.76275587548 0.629324556256 0.90738267374
0 95 0 1
51
0.245717562709 0.31930325062 0.09117158068799999
0 96 0 1
52
0.723490293832 0.383092875425 0.07573915306699999
0 97 0 1
53
0.764156614542 0.651078306967 0.090109483612
1 68 0 5
54
55
56
57
58
0.6953412015956615 0.404527200765 0.625451859881485
0.7262095668269068 0.404527200765 0.6562907778871947
0.7374723764886261 0.404527200765 0.6983292545523565
0.7262082925038514 0.404527200765 0.7403804234707748
0.695334454443054 0.404527200765 0.7712210191026097
1 71 0 4
59
60
61
62
0.579321108179145 0.197341275614 0.224923910145381
0.6079982248903535 0.197341275614 0.2643743065963068
0.6079862626568284 0.197341275614 0.3130263775763482
0.5793143273068694 0.197341275614 0.3524448554205322
1 74 0 5
63
64
65
66
67
0.8138458570987593 0.840918133612 0.5602162050357904
0.8438115802287757 0.840918133612 0.5901541579611193
0.8547460476834662 0.840918133612 0.6309669461405657
0.8438103778359548 0.840918133612 0.6717917006595014
0.8138395074362355 0.840918133612 0.7017312272217194
1 77 0 5
68
69
70
71
72
0.4500049127013848 0.239228181591 0.637667096777689
0.4822664029779561 0.239228181591 0.6698964572672695
0.4940358551556133 0.239228181591 0.7138262278842756
0.4822650140180756 0.239228181591 0.7577698527166195
0.4499975266253499 0.239228181591 0.7900010596343364
1 80 0 5
73
74
75
76
77
0.8219692876968652 0.863882348867 0.2583315308064919
0.8532248100487003 0.863882348867 0.2895568718446058
0.8646284325544357 0.863882348867 0.3321210000243325
0.8532235042720606 0.863882348867 0.3746981383393588
0.8219623661745867 0.863882348867 0.4059252027872057
1 83 0 5
78
79
80
81
82
0.8897187037986496 0.352413257282 0.3227918906226384
0.9233185154157879 0.352413257282 0.3563568867878988
0.935574546632523 0.352413257282 0.4021030734372464
0.9233170127890336 0.352413257282 0.4478642776448621
0.8897106782889941 0.352413257282 0.4814312909478714
1 86 0 5
83
84
85
86
87
0.4224874759825996 0.5282454348 0.4447742511237813
0.4526418583880495 0.5282454348 0.4749005166754954
0.4636449569026316 0.5282454348 0.5159695008273028
0.4526406412812572 0.5282454348 0.5570506013239072
0.422481044553599 0.5282454348 0.5871784620488454
1 89 0 5
88
89
90
91
92
0.4538680539999912 0.688567638892 0.07249210602977367
0.4886427915251876 0.688567638892 0.1072295867581533
0.5013258870020241 0.688567638892 0.1545700433549039
0.4886411818172918 0.688567638892 0.201926575450065
0.4538594394405932 0.688567638892 0.2366662264176373
1 92 0 4
93
94
95
96
0.5657753112072406 0.719575248996 0.5708259828120935
0.59492020241862 0.719575248996 0.610919555640935
0.5949078492966451 0.719575248996 0.6603629967583746
0.5657683150868074 0.719575248996 0.7004236029014442
1 94 0 15
97
98
99
100
101
102
103
104
105
106
107
108
109
110
111
0 0 0.06249362832155962
0 0 0.1249980768594117
0 0 0.1875037463738351
0 0 0.2500000000000026
0 0 0.3124936283215619
0 0 0.3749980768594139
0 0 0.4375037463738372
0 0 0.5000000000000034
0 0 0.5624936283215641
0 0 0.6249980768594141
0 0 0.6875037463738369
0 0 0.750000000000003
0 0 0.8124936283215608
0 0 0.8749980768594109
0 0 0.9375037463738338
1 95 0 15
112
113
114
115
116
117
118
119
120
121
122
123
124
125
126
0 0.06248017254568972 1
0 0.1249987063924233 1
0 0.1875198283719731 1
0 0.2500000000000011 1
0 0.3124801725456903 1
0 0.3749987063924247 1
0 0.4375198283719752 1
0 0.5000000000000022 1
0 0.5624801725456917 1
0 0.6249987063924244 1
0 0.6875198283719736 1
0 0.7500000000000011 1
0 0.8124801725456908 1
0 0.8749987063924233 1
0 0.9375198283719726 1
1 96 0 15
127
128
129
130
131
132
133
134
135
136
137
138
139
140
141
0 0.06249747093022452 0
0 0.1250020723428404 0
0 0.1875030831479131 0
0 0.2499999713497742 0
0 0.3124974805704455 0
0 0.375002082007625 0
0 0.4375030927782643 0
0 0.4999999808998508 0
0 0.5624974902106646 0
0 0.6250020916724072 0
0 0.6875031024086097 0
0 0.7499999904499257 0
0 0.8124974998508832 0
0 0.8750021013371885 0
0 0.937503112038957 0
1 97 0 15
142
143
144
145
146
147
148
149
150
151
152
153
154
155
156
0 1 0.06249611941418089
0 1 0.1250031142056311
0 1 0.1875036597345225
0 1 0.249999999999998
0 1 0.3124961194141784
0 1 0.3750031142056288
0 1 0.4375036597345193
0 1 0.4999999999999934
0 1 0.5624961194141769
0 1 0.6250031142056264
0 1 0.6875036597345197
0 1 0.7499999999999967
0 1 0.8124961194141802
0 1 0.8750031142056297
0 1 0.9375036597345232
1 98 0 7
157
158
159
160
161
162
163
0 0.633240847872652 0.3265786669239205
0 0.5954902155665336 0.3012807926274846
0 0.570387340569946 0.2635996940732208
0 0.5615840070002668 0.2192411074096246
0 0.5703716293027243 0.1748859023126608
0 0.5954586143861912 0.1371984669744049
0 0.633211550996356 0.1118810432330228
1 99 0 7
164
165
166
167
168
169
170
0 0.7224141772550509 0.1118660184277075
0 0.7601338138984537 0.1371287691694501
0 0.7852436684993526 0.1747731441697029
0 0.7940778603365707 0.2193002937441557
0 0.7852255639562774 0.26371811631309
0 0.7600878806458301 0.3013647915836667
0 0.7223952266167812 0.3265893863264459
1 100 0 6
171
172
173
174
175
176
0 0.3054064607183667 0.3138349904132599
0 0.2699513738322367 0.2855195336477612
0 0.2503120428086525 0.2446896226567513
0 0.2502918195745675 0.1994481855412615
0 0.2699217510222336 0.1585666371069402
0 0.3054113180958478 0.1302116163224903
1 101 0 6
177
178
179
180
181
182
0 0.3939700892923371 0.130207784231474
0 0.4294444259148234 0.1585375129178968
0 0.449092289968185 0.1994251095604213
0 0.4490812430086025 0.2446723726094652
0 0.4294422226964617 0.2855142042911903
0 0.3939786829523538 0.3138370209925165
1 102 0 6
183
184
185
186
187
188
0 0.2085162519832946 0.6762216732269493
0 0.1711906770547413 0.6463782469104984
0 0.1505920750712542 0.6034728010129561
0 0.1506092295518309 0.5558469059961371
0 0.1711809896557775 0.5130289304484579
0 0.2085162519832945 0.4831733122050508
1 103 0 6
189
190
191
192
193
194
0 0.3016735880123549 0.4831701477294702
0 0.3390077779156064 0.5130193272475286
0 0.359594048466933 0.5558770682038855
0 0.3595906922536073 0.6035326355391257
0 0.3390000302045237 0.646385406947624
0 0.3016735880123555 0.6762248377025296
1 104 0 15
195
196
197
198
199
200
201
202
203
204
205
206
207
208
209
0.06248689757240917 0 0
0.12498838736477 0 0
0.187510239598208 0 0
0.2499992911776005 0 0
0.3124861818841108 0 0
0.3749876668979033 0 0
0.4375095201458999 0 0
0.4999985823552013 0 0
0.5624854661958125 0 0
0.6249869464310365 0 0
0.6875088006935933 0 0
0.7499978735328043 0 0
0.8124847505075162 0 0
0.874986225964172 0 0
0.9375080812412876 0 0
1 105 0 15
210
211
212
213
214
215
216
217
218
219
220
221
222
223
224
1 0 0.0624992836548383
1 0 0.1250024391338182
1 0 0.1875018235869093
1 0 0.2500001429602282
1 0 0.3124992354541531
1 0 0.3750023910030902
1 0 0.4375017754791573
1 0 0.5000000953068215
1 0 0.562499187253467
1 0 0.625002342872358
1 0 0.6875017273714003
1 0 0.7500000476534108
1 0 0.8124991390527767
1 0 0.8750022947416248
1 0 0.937501679263643
1 106 0 15
225
226
227
228
229
230
231
232
233
234
235
236
237
238
239
0.06248867709438519 0 1
0.1250026771050448 0 1
0.1875113228641326 0 1
0.2500000000000009 0 1
0.3124886770943863 0 1
0.3750026771050457 0 1
0.4375113228641352 0 1
0.5000000000000022 0 1
0.5624886770943879 0 1
0.625002677105047 0 1
0.687511322864134 0 1
0.7500000000000009 0 1
0.8124886770943869 0 1
0.875002677105046 0 1
0.937511322864133 0 1
1 107 0 14
240
241
242
243
244
245
246
247
248
249
250
251
252
253
0.3033696952341191 0 0.3730418840588344
0.3429445036068462 0 0.3442531772779326
0.3673176220669454 0 0.3019597512525575
0.3724032770891053 0 0.2534644342099961
0.35742383798899 0 0.207190033188845
0.3248638766280841 0 0.1708596023715529
0.2801181638087219 0 0.1508370108326827
0.2309287870839439 0 0.1508530918025398
0.1863293878446608 0 0.1708076291974444
0.1536578281889844 0 0.2072603896635943
0.1387104202666534 0 0.253544430369218
0.1438294269417094 0 0.3020367209757449
0.1682164160753406 0 0.3442963930495568
0.2077545821071151 0 0.37304286992187
1 108 0 16
254
255
256
257
258
259
260
261
262
263
264
265
266
267
268
269
0.7987744910581213 0 0.5158818104657732
0.8394804147181172 0 0.4906493309486885
0.8683574344746767 0 0.4524119125763885
0.8814815904455162 0 0.4064366273117334
0.8771334470298585 0 0.3586871336862544
0.8558012351843965 0 0.3156794846653098
0.8202702357501699 0 0.2832334633842845
0.7754857150610036 0 0.2658805198083062
0.7271310739473671 0 0.2659601880268166
0.6824002439877407 0 0.2834629393184728
0.6470284031202357 0 0.3159589627607097
0.6258170402934184 0 0.3590034689405274
0.6215850612158186 0 0.4067217553576676
0.6347937310921633 0 0.4526355226363271
0.6636647700442706 0 0.4907456192428857
0.7042649947999662 0 0.5158818103221207
1 109 0 14
270
271
272
273
274
275
276
277
278
279
280
281
282
283
0.6069682217617274 0 0.7867554656040244
0.6473015789181001 0 0.7573486728383791
0.6722110364737983 0 0.7140772055141429
0.6773720567517594 0 0.6643080313668343
0.6619538656572872 0 0.616988404043385
0.6285912758219631 0 0.5799057652912438
0.5828029607700946 0 0.5595135738087635
0.5324838881961944 0 0.5596164331233544
0.4868164920722325 0 0.5801683793786907
0.4536478749851259 0 0.6172759929520714
0.4383599221703317 0 0.6646426282376386
0.4436554363002418 0 0.714382371347434
0.4686447913506392 0 0.7575477477318867
0.5089054200780759 0 0.7868030185338781
1 110 0 15
284
285
286
287
288
289
290
291
292
293
294
295
296
297
298
0.06249104292509419 1 1
0.1249962069553802 1 1
0.187508960685171 1 1
0.2500000000000009 1 1
0.3124910429250946 1 1
0.3749962069553812 1 1
0.4375089606851728 1 1
0.5000000000000019 1 1
0.5624910429250953 1 1
0.6249962069553813 1 1
0.6875089606851715 1 1
0.7500000000000006 1 1
0.8124910429250947 1 1
0.8749962069553806 1 1
0.937508960685171 1 1
1 111 0 15
299
300
301
302
303
304
305
306
307
308
309
310
311
312
313
1 0.06249920765788585 1
1 0.1250142805828517 1
1 0.1875111538956483 1
1 0.250003268346771 1
1 0.3124981018709591 1
1 0.3750131795713075 1
1 0.4375100551219662 1
1 0.5000021788978478 1
1 0.5624969960840327 1
1 0.6250120785597628 1
1 0.6875089563482835 1
1 0.7500010894489232 1
1 0.8124958902971064 1
1 0.8750109775482188 1
1 0.9375078575746016 1
1 112 0 12
314
315
316
317
318
319
320
321
322
323
324
325
0.6784595690087204 0.4226976398438123 1
0.6457328215192392 0.4596320763840748 1
0.5996066877713551 0.477161132469701 1
0.5503728873982673 0.4711935994177103 1
0.5097679285049292 0.4431497025448917 1
0.4868141662787215 0.3994652259449727 1
0.4868141662787215 0.3498728712650272 1
0.5097679285049294 0.3061883946651081 1
0.5503728873982671 0.2781444977922898 1
0.5996066877713554 0.272176964740299 1
0.6457328215192395 0.2897060208259254 1
0.6784595690087206 0.3266404573661882 1
1 113 0 13
326
327
328
329
330
331
332
333
334
335
336
337
338
0.5592822133967256 0.7685252262205717 1
0.5280347815283265 0.8077004087139544 1
0.4833826474682911 0.8291144447609221 1
0.4339572740177104 0.8291144447609224 1
0.3893051399576745 0.8077004087139553 1
0.3580577080892754 0.7685252262205738 1
0.3471071184006545 0.7203231266040018 1
0.3580577080892738 0.6721210269874293 1
0.3893051399576752 0.6329458444940442 1
0.4339572740177113 0.6115318084470773 1
0.4833826474682913 0.611531808447078 1
0.5280347815283269 0.6329458444940459 1
0.5592822133967258 0.6721210269874286 1
1 114 0 13
339
340
341
342
343
344
345
346
347
348
349
350
351
0.8631579237298893 0.6772716415036406 1
0.8326970952193961 0.7158561693109011 1
0.7879123737058594 0.737706496050091 1
0.7375993772541419 0.7377064960500912 1
0.6928146557406047 0.7158561693109018 1
0.6623538272301113 0.6772716415036417 1
0.651492699736551 0.629324556256001 1
0.6623538272301104 0.5813774710083602 1
0.6928146557406011 0.5427929432011013 1
0.7375993772541383 0.5209426164619096 1
0.7879123737058571 0.5209426164619086 1
0.8326970952193952 0.5427929432010983 1
0.863157923729889 0.5813774710083588 1
1 115 0 15
352
353
354
355
356
357
358
359
360
361
362
363
364
365
366
0.06248895552736653 1 0
0.1249915872740028 1 0
0.187508885976525 1 0
0.2499999999999984 1 0
0.3124889555273645 1 0
0.3749915872740009 1 0
0.4375088859765228 1 0
0.4999999999999958 1 0
0.5624889555273624 1 0
0.6249915872740004 1 0
0.6875088859765215 1 0
0.7499999999999973 1 0
0.812488955527365 1 0
0.8749915872740029 1 0
0.9375088859765243 1 0
1 116 0 15
367
368
369
370
371
372
373
374
375
376
377
378
379
380
381
1 0.06249877525419063 0
1 0.1250141944097201 0
1 0.1875111414073075 0
1 0.250003620047873 0
1 0.3124975506093084 0
1 0.3750129742512123 0
1 0.4375099223628179 0
1 0.50000241336525 0
1 0.562496325964426 0
1 0.6250117540927034 0
1 0.6875087033183267 0
1 0.750001206682625 0
1 0.8124951013195412 0
1 0.8750105339341925 0
1 0.9375074842738331 0
1 117 0 14
382
383
384
385
386
387
388
389
390
391
392
393
394
395
0.3558386977484664 0.3689401387356283 0
0.3264015509202327 0.4091952919279682 0
0.2832237781762494 0.4341238447898094 0
0.2336509517514181 0.4394901132306122 0
0.1852663442418575 0.4238792288847125 0
0.1476637188307827 0.3898435139090606 0
0.1275282553112128 0.344238620298735 0
0.127528255311213 0.2943678809412642 0
0.1476637188307836 0.2487629873309382 0
0.1852663442418593 0.2147272723552865 0
0.2336509517514206 0.1991163880093875 0
0.2832237781762507 0.204482656450191 0
0.3264015509202334 0.2294112093120324 0
0.3558386977484667 0.2696663625043721 0
1 118 0 13
396
397
398
399
400
401
402
403
404
405
406
407
408
0.8183296919644704 0.42897818656602 0
0.7892239263732019 0.4654279394595635 0
0.7472360774199018 0.4857384353797977 0
0.6997445102440967 0.4857384353797973 0
0.6577566612907972 0.4654279394595627 0
0.628650895699529 0.4289781865660187 0
0.618133883411763 0.3830928754249985 0
0.6286508956995304 0.3372075642839786 0
0.6577566612907986 0.3007578113904361 0
0.6997445102440989 0.2804473154702021 0
0.7472360774199026 0.2804473154702025 0
0.7892239263732027 0.3007578113904371 0
0.8183296919644707 0.3372075642839807 0
1 119 0 14
409
410
411
412
413
414
415
416
417
418
419
420
421
422
0.8723987319130514 0.6998600589872761 0
0.8434635323884097 0.739432299999794 0
0.8010193608043418 0.763937304132199 0
0.7522887042212005 0.7692103009726614 0
0.7047393265471746 0.7538674172388384 0
0.6677831078340724 0.7204192220745552 0
0.6479877816337676 0.6755898871664759 0
0.6479877816337685 0.6265667267675198 0
0.6677831078340751 0.5817373918594407 0
0.704739326547178 0.5482891966951596 0
0.752288704221204 0.5329463129613382 0
0.8010193608043437 0.5382193098018017 0
0.843463532388411 0.5627243139342072 0
0.8723987319130515 0.6022965549467242 0
1 120 0 15
423
424
425
426
427
428
429
430
431
432
433
434
435
436
437
1 1 0.06249148803416837
1 1 0.124990170579926
1 1 0.1875077090440031
1 1 0.2499998225221745
1 1 0.3124913084391343
1 1 0.3749899910761642
1 1 0.4375075289046169
1 1 0.4999996450443481
1 1 0.5624911288441005
1 1 0.6249898115724035
1 1 0.6875073487652308
1 1 0.7499994675665216
1 1 0.8124909492490667
1 1 0.8749896320686423
1 1 0.9375071686258455
1 121 0 13
438
439
440
441
442
443
444
445
446
447
448
449
450
0.3110787474275629 1 0.350763061077744
0.3484463939081509 1 0.3209872524138963
0.369323357119433 1 0.2778417524492882
0.3694407141315191 1 0.2298742797167068
0.348872320050545 1 0.1867500673161643
0.3113544078650093 1 0.1565717853402096
0.2643958277493024 1 0.1457221411654577
0.2173967875718331 1 0.1564052597798933
0.1797379636006525 1 0.1864933553747165
0.159035202680314 1 0.2295704812821006
0.1590184597990524 1 0.2775574988974302
0.1797925525038372 1 0.3207766697114229
0.2172409721191816 1 0.3507209230958425
1 122 0 14
451
452
453
454
455
456
457
458
459
460
461
462
463
464
0.2584598681780191 1 0.6481580100039737
0.2969040033266782 1 0.6202411891079918
0.3207642790658876 1 0.5790901028848768
0.3258791909783644 1 0.5317124979510909
0.3113092240182986 1 0.486342726597833
0.2794747712149364 1 0.4507348945932578
0.2358878512249081 1 0.43116770939301
0.1878714690210043 1 0.4310956919740656
0.1442372325140135 1 0.4505239120261839
0.1122560126416109 1 0.486094414937433
0.09756796132280447 1 0.5314750330678285
0.1025924181075584 1 0.5788880880937023
0.1263751019541209 1 0.6200817956446869
0.1649470590834466 1 0.6481509761218297
1 123 0 13
465
466
467
468
469
470
471
472
473
474
475
476
477
0.5874586958174706 1 0.6214478513767863
0.6267508029367581 1 0.590084374967036
0.6484365249976651 1 0.5450563045338599
0.6484705760376701 1 0.4948206657405349
0.626844977839962 1 0.4497620561788298
0.5875654943854461 1 0.4183316123210712
0.5385202393610939 1 0.4071135476817644
0.4894996453177829 1 0.4183354449250458
0.4502592546260296 1 0.449722825459546
0.4286137459093796 1 0.4947713486250354
0.42862525782981 1 0.5450069891833655
0.4503121496750601 1 0.5900716559485212
0.4896379898350052 1 0.621459218394155
1 124 0 6
478
479
480
481
482
483
0.04288266993091755 0.677830945616 0.120519525790097
0.07576959696932416 0.677830945616 0.1532022907585125
0.09359057958412353 0.677830945616 0.1960328092245307
0.09359141476981703 0.677830945616 0.2424105455954596
0.07576846925874137 0.677830945616 0.2852469251302682
0.04288069082013993 0.677830945616 0.3179293226196246
1 125 0 5
484
485
486
487
488
0.03533026302467764 0.349694676678 0.1442507187817756
0.05889097833515519 0.349694676678 0.1800032329138621
0.06715731471777843 0.349694676678 0.2220220628069183
0.05889198749897386 0.349694676678 0.2640432509753592
0.03532969291857263 0.349694676678 0.2997988108429611
1 126 0 5
489
490
491
492
493
0.03790168679347884 0.255098198896 0.4974974832784339
0.06327970612472103 0.255098198896 0.535156842114944
0.072201011252 0.2550981988959999 0.5796974927160002
0.06327970612472085 0.255098198896 0.6242381433170565
0.0379016867934788 0.255098198896 0.6618975021535661
1 127 0 15
494
495
496
497
498
499
500
501
502
503
504
505
506
507
508
1 0.694233623383117 0.4694862213282877
1 0.6548304083582835 0.4431423768111388
1 0.6285114462991077 0.4039148551070466
1 0.6190747241632161 0.3573440545903406
1 0.6281758249835544 0.3106500434060324
1 0.6543820187503185 0.2710619213009756
1 0.6938590401964991 0.2444241154682835
1 0.7408460230054171 0.2349380384160017
1 0.7878589232238187 0.2442955239456999
1 0.8274709372247286 0.2708877751493353
1 0.8537569378756139 0.3104235704386006
1 0.8629517785176728 0.3570986515001073
1 0.8536010731831944 0.4037069298813189
1 0.8273016840715797 0.4430360651776659
1 0.7878323702612671 0.4694695199912329
1 128 0 14
509
510
511
512
513
514
515
516
517
518
519
520
521
522
1 0.6461775750826781 0.8720305567861036
1 0.6064569505482035 0.8431740791095184
1 0.5818045452552107 0.8006287432135448
1 0.5765381304811552 0.7516555889569702
1 0.5916246347630222 0.704765553437403
1 0.6244994674852504 0.668022748457761
1 0.6693880736795819 0.6478436932672623
1 0.7190019590820325 0.6477100266424571
1 0.7640418951120138 0.6676782118984035
1 0.797184804932074 0.7044086070744744
1 0.8124395915271525 0.751298263225331
1 0.8073125405614416 0.8003149830668389
1 0.7827607794320058 0.8429486377311944
1 0.7428696392448824 0.8720161159806437
1 129 0 15
523
524
525
526
527
528
529
530
531
532
533
534
535
536
537
1 0.1720804389903169 0.7537657325976672
1 0.1317327530303342 0.7268075615381201
1 0.104703647204157 0.6864851362937774
1 0.09509658006845356 0.6388197876537299
1 0.1044178472015287 0.5911213283636101
1 0.1314348294547298 0.5504057719645596
1 0.17173276427824 0.5232940716566921
1 0.2195954155219567 0.5136105348409046
1 0.2675706393244939 0.5230515441367181
1 0.3080909922427818 0.5500443194503611
1 0.3353075387809275 0.5907290901549275
1 0.3447908283745415 0.6384549611873757
1 0.3353098148450162 0.6861802816894429
1 0.3083337010952346 0.7266279083038785
1 0.2678423283419898 0.7537508307697365
1 130 0 2
538
539
0.6299892342237545 0.374669048605 0.9381653494196662
0.6663580017078889 0.374669048605 0.9629045708362856
1 132 0 2
540
541
0.5060319408710385 0.720323126604 0.9296468360106945
0.5455346602673113 0.720323126604 0.9579969165465634
1 134 0 3
542
543
544
0.8010611914605656 0.629324556256 0.9140644028712778
0.8349629336798128 0.629324556256 0.9334204090690252
0.8603438536877522 0.629324556256 0.9632753589623925
1 136 0 3
545
546
547
0.3493295184275919 0.31930325062 0.03656585385211778
0.3212283454422824 0.31930325062 0.06593892482954686
0.2854249765030747 0.31930325062 0.08472993102637641
1 138 0 2
548
549
0.8054633242921011 0.383092875425 0.03965275338312414
0.7681774687517932 0.383092875425 0.06636010539941434
1 140 0 3
550
551
552
0.8661219807998337 0.651078306967 0.03611171633791387
0.8385290458985389 0.651078306967 0.06514652182187068
0.803284469098668 0.651078306967 0.08373479558436693
2 25 0 42
553
554
555
556
557
558
559
560
561
562
563
564
565
566
567
568
569
570
571
572
573
574
575
576
577
578
579
580
581
582
583
584
585
586
587
588
589
590
591
592
593
594
0.6548030081091352 0.3619207998109163 0.7708351375144273
0.6989404338391918 0.4426918945965622 0.638834658067894
0.7252082064365203 0.4437703328659569 0.7176355702325814
0.6728512173630079 0.441697503828652 0.7712210191030527
0.6909986161695554 0.3647443782368045 0.7621694453333433
0.7254973701596319 0.3655435399969474 0.6795942272718617
0.6728537933230818 0.3673506300613482 0.6254518598827139
0.7196065937914796 0.3625506904633902 0.7287319033384655
0.6965326245672603 0.3324143369075478 0.6951444899140015
0.6480887473628441 0.3371086537887827 0.7483403932172674
0.6841112763846698 0.3345917692084244 0.7335131367754216
0.6525447288287073 0.3208124727629384 0.7063892160427089
0.6622715556498295 0.3306202944962071 0.6591913125179294
0.7213032308402654 0.4493600023963993 0.6771589910323272
0.6973289450413138 0.476219588699265 0.6972113937067301
0.6921533757964518 0.4688281939550323 0.7362120830524541
0.7090892563282521 0.3752382358605327 0.6425590568044619
0.7099286083466666 0.4361950906278759 0.7519222031978583
0.6987820877038787 0.3458419093330971 0.6587463810651121
0.6728537933221217 0.441703771466746 0.6254518598814851
0.6247962531485697 0.3522521159295869 0.6389650019661992
0.6721341248864089 0.4750615983554304 0.6565444856320539
0.6290396938888169 0.4591402817695274 0.6391795920944601
0.626069814395371 0.481542542848177 0.6784043741086336
0.591160054237307 0.4545137954340493 0.6717761905729732
0.6057467162679642 0.3397106560226041 0.722927832917703
0.604946785040037 0.4720855269748928 0.7111821962411045
0.5728035492966922 0.4260596115098771 0.7092703185589069
0.5888120230852102 0.435552588662667 0.7424229026164879
0.5758263622088822 0.4073200789341492 0.6658790509435687
0.6268683967324256 0.4203844515323977 0.6201035520985704
0.6063904858430692 0.3732731091520156 0.760705138796002
0.5776678239625375 0.3816296459322922 0.7269534321806382
0.5823980041910053 0.3608719941962595 0.6868744997893238
0.6395063479285807 0.4753885187204777 0.7414652936231382
0.6146112686797567 0.3334472432954436 0.6755454328436175
0.6188653100729566 0.3851142425244081 0.6241288423834098
0.6135627108544324 0.4380497081726145 0.7644069457783655
0.595908866979844 0.4264130997637637 0.6409474078420702
0.6569890340508345 0.4882738337077442 0.7051969212429228
0.5906856647440282 0.3755172518868133 0.6503430347370405
0.570058986690141 0.3930276075002295 0.6972206562426549
2 26 0 33
595
596
597
598
599
600
601
602
603
604
605
606
607
608
609
610
611
612
613
614
615
616
617
618
619
620
621
622
623
624
625
626
627
0.5400488721230905 0.1590705573582485 0.3571635504404643
0.5809848943221666 0.2393410190619306 0.2423733599294809
0.5867094019720565 0.2430361692601594 0.3238850431438414
0.5732258000816425 0.1533182217607775 0.3401945559642408
0.5900619771343655 0.1540961501764733 0.2557222317875718
0.5975020750946407 0.1534655099463366 0.3000050433442844
0.5648015940504263 0.1263262503070527 0.2762806642668591
0.5278603157788324 0.1346306898612054 0.3360418872690242
0.5417407464609584 0.1396690310543384 0.2357492677221908
0.5169757234799253 0.1202587187739728 0.2873952172781724
0.4888926947002409 0.1482137400170166 0.2458284450884312
0.4714030267381466 0.1488756446905298 0.2816592108700818
0.4611703786824634 0.1863376686246383 0.2585138395235625
0.4569166933383331 0.1875385802161259 0.3061519917588673
0.4656884678104409 0.2358924916708106 0.2754752972720449
0.4730997655851368 0.2348258161787697 0.3233169060896294
0.4984558653811599 0.2679111427036098 0.2935407997769205
0.4894037280578395 0.229064511410487 0.2313366726697311
0.4920230400244092 0.1670549576104995 0.3486781619417647
0.5179792371334949 0.2546427263853066 0.3405591281602756
0.5446565391553214 0.2733399420410456 0.3058043363173261
0.5336382388602431 0.2704900114837676 0.2594957080651907
0.4963522001830292 0.2132002040975003 0.3565206179969903
0.6005575110115796 0.2374889945484014 0.2824790863046166
0.5496569445206914 0.2216250993998511 0.361747234391067
0.4872317095351045 0.1398152882805777 0.3168090008740054
0.5750792832047353 0.2633937979693124 0.2799407514696207
0.5297469450831355 0.2438283697525559 0.2251942267274534
0.4949807899366102 0.2584201325533204 0.2567392340864715
0.493518976112184 0.1792641260363329 0.2230264599669943
0.4722964702249056 0.2045975986780814 0.338229899164211
0.5595850553593819 0.1275019421474952 0.313643572797783
0.5524033157276365 0.25515590687712 0.3385531891639781
2 27 0 39
628
629
630
631
632
633
634
635
636
637
638
639
640
641
642
643
644
645
646
647
648
649
650
651
652
653
654
655
656
657
658
659
660
661
662
663
664
665
666
0.7725946111383324 0.8776317892582794 0.7039031044969315
0.7735213385512606 0.889390068524667 0.5652650186418064
0.8433266591114169 0.8036151143779926 0.6124537385843344
0.8248445238188991 0.8047905759383899 0.6827768780030875
0.7920129647474996 0.8048238235822334 0.5602162050359709
0.8181835120061408 0.8893530141251828 0.5831380477442145
0.8423577841404718 0.8818758167990234 0.6448304754050103
0.8094335998927198 0.8790318654943692 0.6933726887083438
0.8060612798881425 0.9136260803465514 0.6481124221822184
0.7652370683827343 0.9100992855204704 0.5883181028917126
0.7667100772091635 0.9066208174850942 0.6790292548244985
0.7597965998619745 0.9214804744678372 0.6309781236608979
0.8263166105973694 0.9010970159618549 0.6163797958854242
0.8271912927870277 0.8124826691992981 0.5768241262387197
0.8090427542398849 0.7768853764777005 0.5952706784549127
0.8175999581347825 0.7730157380245886 0.6396645682381418
0.7920105406509592 0.8048297220316586 0.701731227221723
0.8457586164489187 0.808578488383625 0.6494397777110844
0.7982551178200202 0.9167143469733169 0.6139736033612893
0.8452750147368269 0.874849190782285 0.6134891292144261
0.7980577537159642 0.7767740792666153 0.6748972891606057
0.7223619079758343 0.8970305752291517 0.6617091935769026
0.7577145195206613 0.7775854749706945 0.5817828769566959
0.752797241602389 0.7835926510744862 0.6854599262506607
0.7661551729868379 0.7609338598649251 0.6458539783557476
0.7200995550216084 0.7810698488692867 0.6476123851507198
0.7118427828254295 0.8091099115266386 0.6746028939462189
0.6934184569671352 0.8234125886795496 0.634509352864249
0.7216132992916368 0.8988291836453121 0.6052195790303547
0.735207916030942 0.816815916345121 0.5627747207098089
0.7131702840459262 0.7951793010165489 0.5995991927406211
0.6998734080790894 0.8470263310633127 0.5953547424220901
0.696216596373074 0.8679687626943227 0.6359994701837216
0.7316896671253732 0.8724804561478026 0.6938736275763973
0.7337611792305931 0.8203150397506256 0.6994961053474357
0.7052289866977685 0.8517179997593373 0.6750722956032839
0.725338101080011 0.8771091440027474 0.575503731089444
0.7393839476408953 0.7682213835198536 0.6152894671096522
0.7767375165594301 0.7622996501295608 0.6092242274430517
2 28 0 46
667
668
669
670
671
672
673
674
675
676
677
678
679
680
681
682
683
684
685
686
687
688
689
690
691
692
693
694
695
696
697
698
699
700
701
702
703
704
705
706
707
708
709
710
711
712
0.4106684819014321 0.2788756282319956 0.792141418058974
0.4537692217771431 0.1993472547918954 0.651652980841081
0.4820200684705511 0.2007064415275429 0.7358284300826026
0.4265048669057485 0.2003886865458065 0.7900010596332132
0.4618486749613316 0.2781129843990857 0.7695980401891009
0.4816083321703504 0.2801108839352907 0.6948929592454459
0.4265076869865635 0.27807453769227 0.6376670967772285
0.4802972818464746 0.1970716921858412 0.6926408207591329
0.4444137414203432 0.1653498935235456 0.6855074775070096
0.4089965565314463 0.1768510804645224 0.651979552207132
0.3962681511359439 0.1536283771189593 0.6965152704649068
0.3614616385505777 0.1786971125412509 0.6683994418967593
0.3540306530297522 0.1685504771516184 0.7175032895322665
0.3277117499748974 0.20439537431274 0.6948686332897928
0.4170498998000098 0.3131661716834768 0.7600814369582473
0.3299001562301677 0.2053197069873878 0.7414299051868942
0.3194830005319982 0.2520599036549773 0.7208850814187042
0.3297546935534547 0.2509262323601079 0.6719704600992232
0.3395397024172734 0.2959122676386813 0.7051508136731758
0.368837406238604 0.2884256354232759 0.7763818063287172
0.3607083224874343 0.2413288871108609 0.7890371444843931
0.3778667811785136 0.2127323395365792 0.6349456525278147
0.428773633395029 0.1553529453182754 0.7271606629701791
0.3601939782600322 0.2879470080256985 0.6569135462686629
0.3762936040644798 0.3193093429396248 0.6933225302929896
0.3671947267848411 0.1771798255211067 0.7623871481884227
0.4581012316227512 0.3090660175450751 0.7259978226334588
0.3379547455826657 0.2558008831183584 0.7667483697644735
0.3745072816261911 0.3174857631624514 0.7383174431492476
0.4699135308164322 0.2758689329974712 0.6657090012707739
0.4493316224395146 0.3079373939426204 0.6800867821391748
0.4599618572554119 0.2077390589692804 0.7757751826846191
0.4847631605185 0.2732916908597113 0.7334191742479563
0.4155973212399063 0.3264557046525531 0.7086579685816519
0.4029764885027159 0.3105597499374013 0.6625823871324331
0.3724955170197553 0.2457773280918331 0.6329026406745866
0.3418172364216726 0.2901144255388787 0.7454111183308427
0.3878389665406189 0.1561925262294419 0.7360740367497762
0.4107737866321471 0.1705467844461473 0.7684780358358938
0.3472983851697928 0.2115282426843909 0.6547175947126633
0.4512985078807656 0.1753892503340895 0.7539633536076064
0.4627121191996046 0.1721833393391669 0.7193032000869062
0.3745224891416893 0.1983955189546464 0.7849476607685804
0.41505142366673 0.2055361347135687 0.6331456547095857
0.3488793430409709 0.2117705268417281 0.7745891780931499
0.3908507719195789 0.2798033607399469 0.6373827240456544
2 29 0 42
713
714
715
716
717
718
719
720
721
722
723
724
725
726
727
728
729
730
731
732
733
734
735
736
737
738
739
740
741
742
743
744
745
746
747
748
749
750
751
752
753
754
0.7622903414360486 0.8133461945310654 0.3984792065979016
0.8256143733193974 0.8252406521030062 0.2718819374385151
0.8517400039960489 0.8218527240262653 0.3483278717616552
0.8173698572339112 0.824131584998362 0.3972058345291377
0.8123534320810364 0.7880645522936376 0.3526736265362649
0.7688166065064872 0.7910777003559076 0.3749952921145507
0.7290483241204982 0.8272033631352316 0.390126185846623
0.8330671176636734 0.8003995304604942 0.3134402139158918
0.7892340236907746 0.7810196794122614 0.3150899169731459
0.7310802088188746 0.7998111967768645 0.3604987452547463
0.8553461812206042 0.8314753402759562 0.3110424956225351
0.7671770140357025 0.780309226377068 0.3429045000625031
0.7424362528339599 0.7891569507665974 0.3149125315991924
0.7734566435253688 0.8029846509991936 0.2729058070686868
0.7210082527787827 0.8199579087609244 0.2884855419599708
0.7046817633432059 0.8233514570973521 0.3281784069167881
0.700945404273594 0.8632561888033852 0.2991853987046109
0.8326621329929486 0.9136144467660868 0.2879765562936285
0.8540754411999049 0.9023568238345588 0.3464678954096634
0.7991985602176209 0.9015166004468333 0.4059252027876548
0.6954766040416119 0.867461031385251 0.3456874560973925
0.7088480477486541 0.9095423604375117 0.3187348841540827
0.7306864564173754 0.9022796982361941 0.2738384294529732
0.7480693720783309 0.9381841945933607 0.3048326359410612
0.7162973854427873 0.9086398285860933 0.3675895005851267
0.7760998404088238 0.9298341996916155 0.278360524214106
0.7982401960733263 0.9433455473740692 0.3079375768123118
0.7728139190579186 0.9482165183129047 0.341883868285677
0.8171463760164326 0.9351824569363379 0.3594877226105029
0.7077652444053086 0.8667701819280812 0.3779708387228805
0.7496734399743359 0.8968964294940853 0.4047483454086929
0.8402121241774458 0.8984445543390216 0.3807859595149385
0.79920120279838 0.9015230300377088 0.2583315308064917
0.8556047382765366 0.8979859447051868 0.3150270776514598
0.7669163062681099 0.9321710735814835 0.3814295848926166
0.7059845036647723 0.8350530591251345 0.3640697083877475
0.7581429884244621 0.8816382597334821 0.2516178689202388
0.7373002295448347 0.9370754384118615 0.3429046459395388
0.7314871757622958 0.8512031520071031 0.2629269283092379
0.8377160008120882 0.9253490305633487 0.3231179275437193
0.7859538074556615 0.8363297356212668 0.2518107104107424
0.8061390956004091 0.7985182767720578 0.284501462100317
2 30 0 49
755
756
757
758
759
760
761
762
763
764
765
766
767
768
769
770
771
772
773
774
775
776
777
778
779
780
781
782
783
784
785
786
787
788
789
790
791
792
793
794
795
796
797
798
799
800
801
802
803
0.8501273369050946 0.375250523874002 0.490531685264983
0.8936418071867671 0.3108841069420648 0.3373570641152783
0.9230830365728606 0.3123556203761518 0.4250427631915855
0.8652487263835372 0.3119709009505739 0.4814312909466965
0.9020552751029796 0.3929047166791818 0.4601839909849755
0.9233201779353248 0.3929344460714324 0.3808713141821639
0.8652517908067758 0.3928630685524574 0.3227918906221569
0.9214030968232167 0.3087892645350077 0.3799681327022732
0.8851602451342296 0.2765149272719707 0.3716743723794782
0.9104941162144888 0.3900680487609754 0.3516700770018739
0.8875782026279943 0.4229268342193229 0.3632503529837309
0.8568254011540521 0.4224093858371949 0.4596793044029537
0.8941879254761971 0.4283253892327656 0.4121293719197044
0.8432158169119711 0.4418837314593758 0.4213798627627198
0.8073414174450952 0.4220747075992183 0.4487663892410168
0.8379778038234046 0.4272876982599655 0.3498218152570022
0.8493217074850002 0.287202535953026 0.3381032672291139
0.8373960408690393 0.2636173380362054 0.3809422357454424
0.8015579129594963 0.2869793691243698 0.3542556549871376
0.7936115694982817 0.2760433714128508 0.402986502795439
0.7650365724022338 0.3101562760243396 0.3834417978443606
0.7681035045956299 0.3098058175470898 0.4302868589338237
0.8146368995261086 0.3903133827905586 0.3241634543200608
0.7905569725132272 0.4144817530457683 0.3613272848524018
0.7527383427990066 0.3506246400627258 0.4081315513557466
0.7675799093287459 0.3551403866932109 0.452330088601607
0.870293379075762 0.2660627155429115 0.4173344417771849
0.8065486539368637 0.2846465588097433 0.4508786301536498
0.8128419856061636 0.3160891107534169 0.3241110538612749
0.7737628623664807 0.3769534730900596 0.3488671985705909
0.7670973008583728 0.3959856863059383 0.4257094610665054
0.8021114656304439 0.4334918430265848 0.3954338566146638
0.9000859389611118 0.3196083839810929 0.4666124734688676
0.925867975680549 0.3883432559138966 0.4218988119739297
0.7630248740231723 0.3902019320347485 0.3825082573299338
0.7780378697630477 0.3272010192636314 0.343937532918997
0.8289230640434753 0.2643670269889046 0.4220114546590724
0.8511673784084588 0.279707331501216 0.457247149725389
0.7869831620931752 0.3253389633563303 0.4683478083260359
0.8035033456189927 0.3720731346864948 0.4817747870233039
0.8084959513044749 0.3032697743894036 0.4706508574712427
0.8917548581026098 0.2864345486715583 0.4439175252911973
0.7800023939071652 0.3889480080261797 0.4563340056724904
0.8558461907854811 0.4413757349228797 0.3841229830801998
0.8558997120742057 0.3083244116039709 0.3227825051628684
0.9038548206010818 0.2832318849460509 0.4058719958625283
0.8307846590517109 0.4119451586500663 0.4703517696255829
0.801837335415345 0.3668515069598813 0.3221920250596885
0.7584918062689808 0.345841896070149 0.3702677785529605
2 31 0 37
804
805
806
807
808
809
810
811
812
813
814
815
816
817
818
819
820
821
822
823
824
825
826
827
828
829
830
831
832
833
834
835
836
837
838
839
840
0.3897278696317663 0.5596346177138014 0.5914581997828388
0.4260021924166358 0.5655303483829391 0.4578479356775135
0.4511097991659533 0.5694428670303465 0.5303113649922442
0.4180478272686539 0.56659863331158 0.578767150303103
0.4133248907220075 0.601239602484071 0.536194436059598
0.3758262922031591 0.5909353099035728 0.5687865731861174
0.3344048936597849 0.5627598151276919 0.5738001082792453
0.3622311806192475 0.5480427549343714 0.5933608825709678
0.4345826492704504 0.5889381662342044 0.5002395902079908
0.3894564386986206 0.6078104342135485 0.4970831380278639
0.3315115909288429 0.5891920187409334 0.539207695424616
0.3725523480184699 0.5795252276268876 0.4523995094074347
0.3407971671272937 0.5965536657712907 0.4952380680513658
0.3217814198117308 0.5594096471743173 0.4689002795279673
0.3066222897640754 0.5612811706766966 0.5084859812688173
0.3080014571598103 0.5513030271718705 0.5446165277308253
0.3209281315319357 0.5137400771466071 0.5695858588713724
0.3007773394804696 0.5142505162734274 0.5224813266864008
0.4494380979054233 0.4860425825553741 0.4972208523727997
0.3267003119564353 0.472813620201351 0.5420054461713115
0.4347169155484836 0.4926210718068267 0.5674314973934207
0.4015383642623875 0.4880976745861558 0.4471492683127355
0.3223226618329603 0.4780494927756048 0.4889210777187505
0.3631157786830373 0.4486172581661295 0.5074181573634865
0.3574451489202675 0.5005664811504821 0.5895088838725305
0.3758631254541003 0.4588893724024948 0.5596698906250869
0.4168243946712865 0.4543414759947796 0.5223045185918285
0.3616101754364481 0.464198889127838 0.4684946920631078
0.3345295407119115 0.5093552629327847 0.4512448803517511
0.4089739584895967 0.459472654226877 0.4804009322260241
0.4359170592877787 0.4996315677793293 0.4614865295106227
0.3977093363352156 0.4885598455592072 0.5860655688871127
0.4490737904953967 0.4862242524712309 0.5363799717621158
0.3063666971576427 0.5251311802612662 0.4828171854355366
0.4533127921736702 0.5599733862545392 0.4917987006952148
0.368074526351854 0.6077814856677803 0.5316401045676911
0.4149192053456895 0.4658385218178589 0.5576672812119184
2 32 0 51
841
842
843
844
845
846
847
848
849
850
851
852
853
854
855
856
857
858
859
860
861
862
863
864
865
866
867
868
869
870
871
872
873
874
875
876
877
878
879
880
881
882
883
884
885
886
887
888
889
890
891
0.4128992007662471 0.7121991494280158 0.2460823608652045
0.457930733353818 0.6455918898778111 0.08756578774193319
0.4873848618763933 0.6460120341720494 0.1797872335486678
0.4324418089289677 0.6443746884940029 0.2342695296196031
0.466637358320856 0.7304691863629972 0.2146778594601435
0.488644570850709 0.7305010054593681 0.1325983176452706
0.4285501639803375 0.7304246298028882 0.07249210602927343
0.4867286602610678 0.6435896092102235 0.1315743384552761
0.450200688024687 0.6109188745111351 0.1223008242643114
0.4141211624768596 0.6209133292376787 0.08871497604788676
0.4028362238324301 0.5966282955217281 0.1321216585197116
0.3664905285912853 0.6188602542739886 0.10454969624263
0.3586645844491001 0.6068942188960975 0.1531283204086419
0.3287323674239188 0.6406496825321044 0.1298700725713283
0.4201623214408759 0.7605016699614484 0.2146857939587742
0.3729492306236429 0.7389055652163409 0.2274081566589558
0.3797313497878645 0.7723088699395039 0.1897378434241479
0.3383047714942732 0.7432839958804476 0.1907977894736907
0.3377780284555566 0.7023266529894794 0.218171518347712
0.3517270302141565 0.7655975351774235 0.1495093503577284
0.3457914938418492 0.6614559060809004 0.08721572396890519
0.4013991625908464 0.7825269828302288 0.1438154364365584
0.3152221751793252 0.6932772386428933 0.1301310863857401
0.3470433261485645 0.7118519737278335 0.08471192838255802
0.4358525173293789 0.59967890605219 0.1692364753941016
0.3303393068061308 0.6386944996415052 0.1804014971982114
0.3697452814502801 0.6149676369356494 0.2014319576419924
0.4581071598718993 0.7621493150023565 0.1846594447420908
0.3689547646044937 0.7632276422429364 0.1100867660229968
0.3152403243627357 0.7018650740046608 0.1757016193811298
0.4225286217226216 0.7645920233816552 0.1003718866528244
0.350287079804184 0.6560710940610739 0.2234470688598658
0.3298910853075551 0.7327274081658701 0.1208781203052114
0.471049462964076 0.7380579236322412 0.1058998731334153
0.4673911922164535 0.6532802644689696 0.2180717309262468
0.4883328297515583 0.7335712260822437 0.1709224403454895
0.4583456548231296 0.7666404079351039 0.1404608407713682
0.3957922386001924 0.7271458565811499 0.06875113718103806
0.37358532911948 0.6762651426004829 0.06665970557228128
0.4536386801004999 0.6197998811161638 0.1996377705487619
0.3968383008462099 0.6405334876479387 0.2356233382352152
0.3859902045536713 0.6404602904889429 0.07563458082935098
0.3946103303968358 0.5965048675368707 0.1733326031867097
0.4133495308613748 0.6118542637040741 0.2097212835302703
0.3722987824925192 0.6940675167820428 0.2426895140383655
0.4696618876095056 0.6179272491193669 0.1569352142027209
0.3145549588364335 0.6673697720204554 0.1615065863237501
0.4254740942687344 0.7790023362398596 0.175480633291449
0.3243445474496964 0.6731558475051329 0.1989202823719193
0.4189117347331962 0.6524598549588101 0.06788082175829768
0.3242678765235377 0.7352914257491441 0.1574306464537561
2 33 0 32
892
893
894
895
896
897
898
899
900
901
902
903
904
905
906
907
908
909
910
911
912
913
914
915
916
917
918
919
920
921
922
923
0.5250151093430983 0.7434723336249782 0.711757381496179
0.5702966726456007 0.7635758827968134 0.5929940863102193
0.5719241747674639 0.7690456559811586 0.6693206864069448
0.5262338812257442 0.7862635170387549 0.6792529493286905
0.4822761150085226 0.7633160396407926 0.6918367791545814
0.5868857662603059 0.7616351771986761 0.6356392703912441
0.5518562967516174 0.7924230056162327 0.6331584451072704
0.4949595888452648 0.7959192432435275 0.6388216145564474
0.5207126140684 0.7807629896493256 0.5840590398034755
0.5398087138897202 0.6775518902486248 0.5708259828064053
0.5778569701607046 0.6868115208796376 0.592683376288649
0.4542248702607004 0.7653417258339218 0.6476016841713093
0.45084512544387 0.7251686380888347 0.6775621891190862
0.5823882976096516 0.6827765857020416 0.667358806248347
0.4391284124849328 0.7223277209970164 0.6283240542582522
0.4526064166104042 0.6796158444181328 0.6563519554197679
0.4569524626721108 0.6781430874900102 0.6061907354474408
0.4864601506228505 0.646361393207592 0.6345809071303564
0.4908092298750146 0.6535623694845435 0.6712021214810275
0.4588994438303138 0.7226316732766821 0.5826082083522525
0.5501086990122278 0.650363446004814 0.6104206666631805
0.4888173034363975 0.7165205261422195 0.7097765997010931
0.5287716836339791 0.6421777976377139 0.6534088152999269
0.4690408843602286 0.7712766339369891 0.600144778553053
0.4903323146050286 0.6855134330758563 0.5690151564955823
0.4928445374669747 0.754182139728377 0.5682743798643936
0.5049141540945622 0.6553309134897012 0.5899428690242351
0.5386746460786447 0.6719395150742586 0.6967920975687781
0.588010955182324 0.6796029121686948 0.6315311354652371
0.5637495748734961 0.6550373113568653 0.6504437911461127
0.473435278774967 0.6838887424782674 0.6910844935822142
0.5438144499520547 0.7474201649017815 0.564878184824542
2 34 0 227
924
925
926
927
928
929
930
931
932
933
934
935
936
937
938
939
940
941
942
943
944
945
946
947
948
949
950
951
952
953
954
955
956
957
958
959
960
961
962
963
964
965
966
967
968
969
970
971
972
973
974
975
976
977
978
979
980
981
982
983
984
985
986
987
988
989
990
991
992
993
994
995
996
997
998
999
1000
1001
1002
1003
1004
1005
1006
1007
1008
1009
1010
1011
1012
1013
1014
1015
1016
1017
1018
1019
1020
1021
1022
1023
1024
1025
1026
1027
1028
1029
1030
1031
1032
1033
1034
1035
1036
1037
1038
1039
1040
1041
1042
1043
1044
1045
1046
1047
1048
1049
1050
1051
1052
1053
1054
1055
1056
1057
1058
1059
1060
1061
1062
1063
1064
1065
1066
1067
1068
1069
1070
1071
1072
1073
1074
1075
1076
1077
1078
1079
1080
1081
1082
1083
1084
1085
1086
1087
1088
1089
1090
1091
1092
1093
1094
1095
1096
1097
1098
1099
1100
1101
1102
1103
1104
1105
1106
1107
1108
1109
1110
1111
1112
1113
1114
1115
1116
1117
1118
1119
1120
1121
1122
1123
1124
1125
1126
1127
1128
1129
1130
1131
1132
1133
1134
1135
1136
1137
1138
1139
1140
1141
1142
1143
1144
1145
1146
1147
1148
1149
1150
0 0.9580503230468234 0.656849635674309
0 0.4028563902689314 0.5820681293797043
0 0.6552867263428634 0.9460768311806118
0 0.7128835159367779 0.3724589952405674
0 0.3492563108812037 0.6939477086663017
0 0.5902894316750396 0.3468007321821331
0 0.2195051533434761 0.7237164784781416
0 0.4687599141859887 0.9458905841373169
0 0.2237431797284148 0.2878119176295918
0 0.7776871031799729 0.9467998309972905
0 0.9458767729493713 0.5312480597070852
0 0.9475427913486834 0.7738807508660472
0 0.9416220044329646 0.4044800479412431
0 0.2160023723761261 0.1670131188462431
0 0.3444106827181971 0.9487065696340219
0 0.1561561752136956 0.946110190195301
0 0.3805985309816213 0.3572319037072207
0 0.1640798036435968 0.4658765148459969
0 0.8404875102831294 0.2495720524838929
0 0.5452149376093868 0.1341914724373661
0 0.8062416578736965 0.1286869746545346
0 0.05463792087694719 0.3413135514058774
0 0.05333898430558796 0.2187507980392663
0 0.05538140046833667 0.7838947989861128
0 0.2870004536202648 0.4402924380650379
0 0.1204990126129823 0.6413677610610842
0 0.4355552192220823 0.1100058868751543
0 0.479486011823141 0.2815023459699224
0 0.9508493149196202 0.1523640760735168
0 0.09185929543765312 0.0540923190684532
0 0.9502936644072568 0.9033545425544155
0 0.1238136550408931 0.5166222513717205
0 0.2229357153168575 0.4406287648637519
0 0.1740670486376593 0.3951789425690115
0 0.2888525549704474 0.7274920545042605
0 0.2517332658670032 0.7819349245753956
0 0.3472802770748667 0.7603296455448556
0 0.4028699099007192 0.7335375810207752
0 0.3970259552204865 0.7959556632605763
0 0.4559321102115348 0.7672700322291904
0 0.4569365442186222 0.7071307637038142
0 0.514210222566711 0.7386489290378389
0 0.5076175430372271 0.6653010169504466
0 0.5721228363208227 0.7073121195037357
0 0.5765072787067693 0.6419251157498531
0 0.6329229566950276 0.6783806579344175
0 0.6381151790050791 0.614475447728864
0 0.6920887705745111 0.6501568363469159
0 0.5826639918294668 0.5719242155586083
0 0.689061484664513 0.7152083013076862
0 0.6967906627110038 0.582760026363098
0 0.747424814948797 0.6862829188601385
0 0.7446184962726373 0.751449308315117
0 0.5694439231084435 0.7744086473878341
0 0.8037121449780564 0.7212965220400336
0 0.8027175386054265 0.6549224748425446
0 0.8001677850935482 0.7873177767769577
0 0.7410563261790106 0.8172741542844584
0 0.1881368004438639 0.7829895518873121
0 0.3461160333413977 0.4658559342332493
0 0.3875080354618161 0.5186539641508121
0 0.4495488098273637 0.5359820403637946
0 0.4310281305268119 0.4674498371881363
0 0.4961838762949236 0.4897814681388944
0 0.4881813671990417 0.4225586322011617
0 0.2214460684576915 0.8365045340807327
0 0.1559138237337666 0.8356693460772711
0 0.1094222992779182 0.579645021378934
0 0.2544013967699389 0.1090072991016821
0 0.2631750205412343 0.3303597191404274
0 0.199741574583967 0.2318624761600522
0 0.2849613636191655 0.8361345507792912
0 0.9458767729493739 0.2812480597070882
0 0.4408021248812719 0.3330140504443148
0 0.5410812967158867 0.4434858608237013
0 0.1636697546617693 0.692343670862221
0 0.1583538578771584 0.1785704217930283
0 0.1625886881379858 0.2855587283905284
0 0.5921024560906707 0.09253738909775079
0 0.5275650837474559 0.1894532007083519
0 0.4508500538706119 0.831634377197598
0 0.8392382378194869 0.1826646228921049
0 0.05626143154114808 0.8981134942387583
0 0.7670476396362895 0.0936489424728921
0 0.6459186525004285 0.3797486491348394
0 0.6980898021331852 0.4321176230879213
0 0.7593632564731622 0.4096111944302704
0 0.7489638014368445 0.4739939759250034
0 0.8104785432784148 0.4515481541110105
0 0.8212156185672956 0.3899287257426274
0 0.7998479273193764 0.5160316362984385
0 0.1100665174833085 0.4293811111173063
0 0.9081811752616888 0.06082606470493255
0 0.251916361330271 0.891188344994451
0 0.8095691408077039 0.2999867261681813
0 0.3833909495965407 0.6432135403574072
0 0.3763611125386548 0.08790455914188727
0 0.3187883366135926 0.08680397481198493
0 0.5453117236237464 0.3050103241420995
0 0.3153176019947966 0.3540183570922493
0 0.7982845783749228 0.8506986708486679
0 0.8541655672160131 0.8235145620523698
0 0.8502346447238569 0.8891406943838067
0 0.3880308669036593 0.8572202300411412
0 0.8597896142672996 0.4898270446303357
0 0.8508941893218125 0.5557717653351908
0 0.6340797769966009 0.4458674494453222
0 0.1054895315447705 0.699221495282264
0 0.4731958447207172 0.5997935385617879
0 0.8630537193460277 0.690812739143241
0 0.8881812413706451 0.2192594637749894
0 0.7135846722395986 0.06430917444840262
0 0.6472060108654728 0.06520900276556128
0 0.6837378731342341 0.5061634859301507
0 0.5361442845846583 0.06196095673755563
0 0.7439881846856826 0.8872628039727211
0 0.6837694117005585 0.8458238989973005
0 0.8808743655543843 0.306193951978986
0 0.8181947645058349 0.07187186999424941
0 0.8011709733215027 0.5855434871866128
0 0.5307142195284644 0.3756590730419492
0 0.6186996594211586 0.5116818928449167
0 0.06084635588981339 0.4759667176229245
0 0.7715747735494591 0.3480157324193202
0 0.4790621928378127 0.1609226259251391
0 0.5275727175982371 0.2490437740755421
0 0.1225443461960436 0.7853254426094105
0 0.5141807665918157 0.5532035483687818
0 0.1859489215636935 0.115681624210323
0 0.1134147558841902 0.123211258019078
0 0.4676914940632072 0.05389100931365699
0 0.8664565947476888 0.6146482234443135
0 0.05367788824301183 0.6609314675590013
0 0.8734004012295922 0.4279931193584004
0 0.6290701150816211 0.7446502701150424
0 0.6257373191040794 0.8105877079096407
0 0.5657592133978524 0.8403801644891016
0 0.6245608833622539 0.8861092638288118
0 0.5644155839509867 0.9004511758860174
0 0.504935169874424 0.8810300206276113
0 0.8577918495228511 0.7568177318537396
0 0.68555219216707 0.7808322734882075
0 0.8837201652186445 0.3687518877459418
0 0.9262607716926858 0.4697114073507879
0 0.5101884488382629 0.8055620284948622
0 0.09231276469536054 0.8395800724251679
0 0.2182244860361199 0.05491158272004623
0 0.2051158797772699 0.3370690068034733
0 0.1082510381110735 0.3691476585530107
0 0.9458748563854844 0.3437496168099037
0 0.9481624027914464 0.8361179794947042
0 0.9388383681424934 0.6017118047483164
0 0.9502531101203907 0.7088541525655552
0 0.3900733430113944 0.4193018249684338
0 0.2190048211849964 0.9458743915695906
0 0.1562525777453767 0.05412508293332467
0 0.05304476685438265 0.15595234082736
0 0.05412258541747574 0.2812468141607822
0 0.4073223101560521 0.9490583731130574
0 0.7182426027548015 0.9461399414593665
0 0.1047752495274678 0.2512447994353734
0 0.1238317958147521 0.8932559669640483
0 0.05397668217080286 0.4056924441866337
0 0.5572478367349428 0.5096540455152972
0 0.1880448409558622 0.891433795646899
0 0.8626842314164977 0.1110648225059571
0 0.2812400862728457 0.9478960502056155
0 0.7444892825007385 0.5450466872347821
0 0.939980283766239 0.2174343346572406
0 0.8421395851616604 0.9489213596317339
0 0.32444892817177 0.8877602805730151
0 0.09485965986419956 0.9486742640571033
0 0.9544445977139568 0.09480791452949867
0 0.05062548606506811 0.09436344537256647
0 0.05576974846608741 0.6009870807575348
0 0.9006877559618616 0.9364741561695336
0 0.4355574392054143 0.8944377608445824
0 0.5308330849771993 0.6064294870378957
0 0.7474470071103299 0.617452071805682
0 0.2579351832302755 0.3868155849042597
0 0.4882720457405827 0.2220583080325763
0 0.5937394394690581 0.9527558617763122
0 0.3408079104901246 0.8211349864001786
0 0.05830867644578536 0.5392857832421134
0 0.5318259504215773 0.9499862714851989
0 0.1060667438939275 0.3105755785931281
0 0.2791708685982517 0.04964825732293125
0 0.04905175088765074 0.7208490981149758
0 0.4384660164555093 0.3908738790084462
0 0.1025836729795544 0.1887751536851801
0 0.3357407619566605 0.4085368852406835
0 0.5885763600962878 0.4102912143185454
0 0.4393599797940186 0.6476234962616628
0 0.7722649133365064 0.04596599738310883
0 0.4927336256634294 0.1041943902577744
0 0.6451423780469534 0.5578711649047812
0 0.6856516479089541 0.9016306673893979
0 0.4062525873929446 0.04157406565689171
0 0.8945353044603017 0.1667479802040961
0 0.3439915980662159 0.04213470148480098
0 0.5931582989738005 0.04232979537206721
0 0.9008051898018383 0.5638820050335267
0 0.8999372868231101 0.8635396603992588
0 0.4891574387045216 0.3330560109968186
0 0.04054882905109786 0.8432434998144853
0 0.8973182010118541 0.7936644807111002
0 0.5890005127613873 0.4686264238515878
0 0.0454296776774885 0.9545659329445124
0 0.9577002497482182 0.9554664716916945
0 0.04543409821418277 0.04543304913953642
0 0.9545645007667325 0.04543528942533769
0 0.8393337451421459 0.3401658646444903
0 0.3750022685055716 0.907831284142178
0 0.1563008118963002 0.742127489832642
0 0.8039007407464395 0.9020789296787581
0 0.3029097670801476 0.7873665299157655
0 0.8974254966732976 0.7256509113642203
0 0.1520249812926147 0.3349419196131969
0 0.8608974216957961 0.04422798947209729
0 0.9083902061006213 0.6643694482797773
0 0.4828651662916132 0.3765765541580416
0 0.1493154715968544 0.2268122751553774
0 0.0900395903441039 0.7479795972862728
0 0.9009300825156223 0.2613960373417332
0 0.9005973842598357 0.517607088966947
0 0.4089392136447361 0.6839309201594583
0 0.9138342592062094 0.1187509292463982
2 35 0 216
1151
1152
1153
1154
1155
1156
1157
1158
1159
1160
1161
1162
1163
1164
1165
1166
1167
1168
1169
1170
1171
1172
1173
1174
1175
1176
1177
1178
1179
1180
1181
1182
1183
1184
1185
1186
1187
1188
1189
1190
1191
1192
1193
1194
1195
1196
1197
1198
1199
1200
1201
1202
1203
1204
1205
1206
1207
1208
1209
1210
1211
1212
1213
1214
1215
1216
1217
1218
1219
1220
1221
1222
1223
1224
1225
1226
1227
1228
1229
1230
1231
1232
1233
1234
1235
1236
1237
1238
1239
1240
1241
1242
1243
1244
1245
1246
1247
1248
1249
1250
1251
1252
1253
1254
1255
1256
1257
1258
1259
1260
1261
1262
1263
1264
1265
1266
1267
1268
1269
1270
1271
1272
1273
1274
1275
1276
1277
1278
1279
1280
1281
1282
1283
1284
1285
1286
1287
1288
1289
1290
1291
1292
1293
1294
1295
1296
1297
1298
1299
1300
1301
1302
1303
1304
1305
1306
1307
1308
1309
1310
1311
1312
1313
1314
1315
1316
1317
1318
1319
1320
1321
1322
1323
1324
1325
1326
1327
1328
1329
1330
1331
1332
1333
1334
1335
1336
1337
1338
1339
1340
1341
1342
1343
1344
1345
1346
1347
1348
1349
1350
1351
1352
1353
1354
1355
1356
1357
1358
1359
1360
1361
1362
1363
1364
1365
1366
0.3981005754686781 0 0.6940805807689105
0.2138961357053697 0 0.4210087803087566
0.4086569597601058 0 0.2206861597942205
0.05713677509129558 0 0.7814203199581168
0.7013720592583464 0 0.77335080958921
0.3874412431585581 0 0.344622860887673
0.6312866358801859 0 0.266803172699918
0.4337187767511638 0 0.5702087330834249
0.0541257549922247 0 0.5937458525904891
0.2722782610214966 0 0.9464368103083753
0.8327430965502627 0 0.2326911223841881
0.947851139825922 0 0.6537157688240286
0.8437456770997164 0 0.9458745715019237
0.7850410942478769 0 0.5587882067038216
0.9458745330383131 0 0.781249593353094
0.4669568970497144 0 0.806332432909596
0.7165478992340271 0 0.05098699268024447
0.5312420242755068 0 0.05411522880929661
0.582431706908034 0 0.3792025687397789
0.1579928289007205 0 0.9367121392850085
0.5887352122929721 0 0.8377743001825131
0.7187556614320674 0 0.9458832181694172
0.8437354882358442 0 0.05412154419136343
0.05620094126850989 0 0.4570851691134887
0.1360926275485382 0 0.1629595381232799
0.4070354250321938 0 0.05448347123445006
0.9452579400663078 0 0.1566840883688475
0.4016923289255266 0 0.9487633715596916
0.5595673974331872 0 0.5193808068478707
0.1155113977994996 0 0.3421760654370798
0.8931374018752105 0 0.4956349612157615
0.5391251194821561 0 0.9481254082778579
0.3220237207677106 0 0.1153019374724365
0.1061009691869557 0 0.2174575750349388
0.4180615202938632 0 0.7623888461099833
0.353620112915609 0 0.7445574140071383
0.3342159932174887 0 0.6709262962415399
0.2889676044400433 0 0.7284854505365719
0.2683397106897806 0 0.6668956992021935
0.2241379538339073 0 0.7159582168116924
0.244596777685631 0 0.7788758561257892
0.2035583075233427 0 0.6533087431616519
0.244872747425762 0 0.6050536806343869
0.3704912505806824 0 0.8088005322208822
0.1825939655326894 0 0.5908848798475435
0.1593716588541025 0 0.7025643992319517
0.7250264856321544 0 0.7121055959634995
0.7628724353144495 0 0.7660509069075968
0.7937859889460239 0 0.7065024394844819
0.5205740454353289 0 0.8318018143247567
0.4940727892022483 0 0.5255804369828754
0.4325313284647068 0 0.5057487716889648
0.3776831678425033 0 0.5369348399715999
0.384073775408159 0 0.4771485926926843
0.4838721220224562 0 0.4645874943078966
0.6491085244998037 0 0.8122869378302648
0.2699072082151293 0 0.4305727043185943
0.2540693541231141 0 0.1076829432046625
0.1519522826145003 0 0.3962830342760629
0.1645091495269725 0 0.4593204392715316
0.1896810058493352 0 0.1195444133787489
0.3833279728916492 0 0.1585050841622574
0.4531030275888521 0 0.1768344408279857
0.4657081111808459 0 0.2407180232869267
0.5150804544942114 0 0.1977080867399788
0.8258080284877674 0 0.7655458251101322
0.7957602487047974 0 0.8221412792243572
0.0993277273786955 0 0.2822181327080296
0.09388714944162005 0 0.05177021359516056
0.5251682263943265 0 0.2611946505861121
0.4003288348153506 0 0.6292577980611661
0.9386248632296892 0 0.2775011715246872
0.7312975748372088 0 0.5617383503938967
0.9482223824905518 0 0.9066253282593943
0.05412689178246527 0 0.9062509116166223
0.8409794211503849 0 0.5385179346812974
0.8327752387459713 0 0.6035175630169132
0.7630593245503351 0 0.212127843158864
0.7041291643430486 0 0.2117028701919492
0.8191678159536403 0 0.1614079219489111
0.2312979151070561 0 0.5409350144820095
0.8548607749265904 0 0.8207792703909066
0.7446767765647015 0 0.6584683980536492
0.8708527278417735 0 0.2731643140681662
0.8997715493711989 0 0.5601407782891817
0.6432180409989335 0 0.8718916827473869
0.5842406709132293 0 0.4348774724610849
0.6002639030388166 0 0.3209881814215517
0.8668123937316916 0 0.7143568615775022
0.9143921896475822 0 0.4364505240386867
0.4780705116846237 0 0.3048182961746884
0.7378094158268064 0 0.1502830421347081
0.6693253818283882 0 0.1585695173550514
0.3551582686709648 0 0.3824669543538715
0.4727179411427406 0 0.8673211764684912
0.3313816233440667 0 0.5099664265055009
0.9186597963833982 0 0.3782507787895042
0.6980907678372292 0 0.8421684939160168
0.4104393266899206 0 0.4034553306881549
0.3353763976689491 0 0.6076161198052047
0.06652530994018396 0 0.1584558910901
0.5050414202380921 0 0.1213289631242797
0.5668366621918424 0 0.15227855612359
0.7855413464786069 0 0.1075974998791249
0.08808634555379702 0 0.396012962953022
0.4173336883217347 0 0.2865370642826271
0.6218897432371766 0 0.5305458123655129
0.5872199649006991 0 0.9044284729280221
0.821757419178179 0 0.8823367309093928
0.4324034318176048 0 0.1118973909076789
0.3087888502678746 0 0.7931314235866327
0.2653606653438969 0 0.8398378806320534
0.2004170627337554 0 0.8276500525319209
0.2216241477782749 0 0.8933855590993418
0.1640462982850713 0 0.8721323832294878
0.1282685781752949 0 0.8186526336425393
0.1738268593916286 0 0.5234900721845246
0.219791990126767 0 0.0556888582546814
0.329753756155209 0 0.8544950292970357
0.393785383903273 0 0.8694846296484343
0.6437825683733562 0 0.9379680613003183
0.1183158154093137 0 0.5773740799212655
0.1786767500479089 0 0.7658525064553487
0.582696779285399 0 0.218029059421407
0.1413800127786154 0 0.6403506009522835
0.1000805851442156 0 0.6830544152883029
0.1152684690047622 0 0.7514138803882001
0.05731545699071293 0 0.8471332421747035
0.9492669804512706 0 0.09411083016751011
0.8870724850560293 0 0.1205445891186212
0.8886015429527068 0 0.1877788905940886
0.9482445146580091 0 0.8446229917809593
0.9351129860224875 0 0.7180398475467185
0.5281440600487779 0 0.415707019088157
0.5937396139598972 0 0.05292900698842349
0.4688717339774163 0 0.05697084234595088
0.05412106970113423 0 0.5312468141607838
0.1568085849182189 0 0.05512967678173689
0.6558796778494915 0 0.05269846769831801
0.9456628997683052 0 0.2160101259175259
0.7812443385471941 0 0.945883218187379
0.7501951207301119 0 0.8785831542308308
0.5392484526928657 0 0.3318449129346752
0.4816741887603331 0 0.3699411100145996
0.3458224041695108 0 0.05478087301135655
0.3339885156215546 0 0.9475096673795523
0.4731797691393756 0 0.9366844685465022
0.6217235657170671 0 0.1120991320667397
0.8900267508722114 0 0.8803861342808101
0.9030240897148778 0 0.3211146312563594
0.2840321570414689 0 0.05557576865718949
0.05465861907382075 0 0.3421995131509306
0.896458066409323 0 0.6237285665702068
0.2227289487908932 0 0.4763274605433736
0.1121678228044778 0 0.4936741803383555
0.9078553763790322 0 0.05236932938864081
0.9081795897752418 0 0.9479086882550584
0.05189463097312855 0 0.09280148183672332
0.2178813121129252 0 0.9553069017385453
0.8883069946704892 0 0.7664677430710856
0.9478363852136791 0 0.5902246473523969
0.09295186820554407 0 0.9491582596574962
0.948100257619241 0 0.5257473311360659
0.6734913539176428 0 0.5564771512602844
0.7794037760412607 0 0.05007111369223512
0.3781225909357338 0 0.09899375135763588
0.05154812988546201 0 0.2264150779781302
0.7957721027901314 0 0.6499963286201037
0.04772921354713802 0 0.6562509116166255
0.6452268278732927 0 0.2108209963553122
0.1184371283071067 0 0.1059190709421598
0.0467546337581012 0 0.7187518731869202
0.6875054907623732 0 0.1024107389362278
0.04110689526759565 0 0.282665270431731
0.2893076036246091 0 0.5608546638474237
0.5303340997148548 0 0.8899394139706265
0.5631139144204207 0 0.09900180404254857
0.2902913282060381 0 0.8929702941040568
0.8486754243392174 0 0.6591301700726973
0.5915238013911293 0 0.9581043885012396
0.1145833083536515 0 0.4404751571904921
0.6908084318743397 0 0.895298922072794
0.9536689801166371 0 0.3451033818781529
0.8371510383862852 0 0.108682003230461
0.3338951889087946 0 0.4370413779017808
0.7101573875338717 0 0.6089151081417212
0.1067872775898203 0 0.8886553344957222
0.6169133384562231 0 0.1692097198823283
0.6010593141109714 0 0.4856173308581804
0.9602466939200203 0 0.4687509353929897
0.5382016721498112 0 0.4693977131192941
0.5766624487602701 0 0.2772835865856202
0.9578279433446061 0 0.4068432977635968
0.8989820020657282 0 0.6737942429182305
0.4360568043876947 0 0.4537293362660481
0.7661219270370829 0 0.6084417320336486
0.9545687282197931 0 0.9545660954882224
0.04543277298264033 0 0.04543461012490858
0.7421169847409164 0 0.8154812524431028
0.04543322118682248 0 0.9545647106907202
0.09083475377232922 0 0.6294176928698557
0.9545629973255901 0 0.04543901285435008
0.9054627136331226 0 0.8187011465753712
0.434991791723034 0 0.3418749324095486
0.4308775718462147 0 0.9026419095488493
0.7384535159829517 0 0.0972084348356156
0.3633981474429693 0 0.9026441502562699
0.425481760802748 0 0.836161587817706
0.4680373003818366 0 0.4214840580729712
0.03840116029694714 0 0.4029001845262776
0.2821077743755659 0 0.4852352438196055
0.2904963101716309 0 0.6248179663053123
0.8998801758793022 0 0.2368118621343204
0.3423288253248304 0 0.5610205187710745
0.3778911843157259 0 0.5852800632219959
0.6756105736075984 0 0.2439787646487442
2 36 0 230
1367
1368
1369
1370
1371
1372
1373
1374
1375
1376
1377
1378
1379
1380
1381
1382
1383
1384
1385
1386
1387
1388
1389
1390
1391
1392
1393
1394
1395
1396
1397
1398
1399
1400
1401
1402
1403
1404
1405
1406
1407
1408
1409
1410
1411
1412
1413
1414
1415
1416
1417
1418
1419
1420
1421
1422
1423
1424
1425
1426
1427
1428
1429
1430
1431
1432
1433
1434
1435
1436
1437
1438
1439
1440
1441
1442
1443
1444
1445
1446
1447
1448
1449
1450
1451
1452
1453
1454
1455
1456
1457
1458
1459
1460
1461
1462
1463
1464
1465
1466
1467
1468
1469
1470
1471
1472
1473
1474
1475
1476
1477
1478
1479
1480
1481
1482
1483
1484
1485
1486
1487
1488
1489
1490
1491
1492
1493
1494
1495
1496
1497
1498
1499
1500
1501
1502
1503
1504
1505
1506
1507
1508
1509
1510
1511
1512
1513
1514
1515
1516
1517
1518
1519
1520
1521
1522
1523
1524
1525
1526
1527
1528
1529
1530
1531
1532
1533
1534
1535
1536
1537
1538
1539
1540
1541
1542
1543
1544
1545
1546
1547
1548
1549
1550
1551
1552
1553
1554
1555
1556
1557
1558
1559
1560
1561
1562
1563
1564
1565
1566
1567
1568
1569
1570
1571
1572
1573
1574
1575
1576
1577
1578
1579
1580
1581
1582
1583
1584
1585
1586
1587
1588
1589
1590
1591
1592
1593
1594
1595
1596
0.4425378486920001 0.3732342872079821 1
0.05259154577755421 0.4701806685178045 1
0.05703851712917968 0.2825814545331982 1
0.2812464526897231 0.05250976153740653 1
0.6925990407578603 0.2656178856013747 1
0.3372212065260735 0.626412242218501 1
0.3082618097180008 0.7522614096139932 1
0.5009859218491141 0.2581130242450471 1
0.9506674974715917 0.3453198541862106 1
0.05340036473951218 0.6563821896384103 1
0.9499128079395354 0.1539345735656644 1
0.05546544677123483 0.1494423309366524 1
0.05412602758801494 0.8437394394690569 1
0.8345120686170986 0.7646082781241317 1
0.6964115935964481 0.7653046824864008 1
0.6465392453397725 0.05089845924101691 1
0.781246103097651 0.0509505115394694 1
0.400887765968724 0.0539578880873442 1
0.22030769381877 0.9400786366384228 1
0.8242788959012619 0.4884745755909413 1
0.542332309469489 0.05192730164210702 1
0.5749896283749023 0.8211880430853109 1
0.7795204745480877 0.9405979004464431 1
0.4522031653132315 0.568349415840256 1
0.3930652192770175 0.8587310946610214 1
0.1534604747372317 0.05302890618423667 1
0.6668745548129025 0.9404780504790305 1
0.5722651626370742 0.5118011866404698 1
0.7630100521706922 0.4745069580402655 1
0.8032569388187621 0.4281370969926548 1
0.9461007107997955 0.8396659985965281 1
0.5492016507312337 0.220246251240907 1
0.6104181586556987 0.2091783795512872 1
0.487660947367822 0.1964043580819457 1
0.4423685940756386 0.2392665922819616 1
0.5352188810298206 0.9459275604258914 1
0.4592901459974991 0.4444119633738614 1
0.3964435176159815 0.4218837128174543 1
0.3751864291916811 0.3606337425596654 1
0.3326072922664398 0.4044795992566684 1
0.3130523433052447 0.3419329473854711 1
0.2700209267592378 0.3869066264833839 1
0.2528943425689891 0.3237263890868145 1
0.2898270501258529 0.4475173250142332 1
0.2979356711503632 0.2780093486025703 1
0.2363489221172608 0.260331500035734 1
0.2094011581848285 0.3667334449733073 1
0.2816803580428094 0.2145255676233044 1
0.2198318200122635 0.1967566318191714 1
0.7381239064707638 0.3154186568583509 1
0.754302181932897 0.2586390628318709 1
0.7993710111005199 0.3063983641941558 1
0.8201688752058518 0.2474165168929516 1
0.7758839172735379 0.1966924525691358 1
0.7798690232609444 0.8020370532372417 1
0.3354750884755268 0.8183141788341217 1
0.2694579626788705 0.8040935650471278 1
0.2412253969282445 0.7502372673664245 1
0.2083945540917673 0.8045219928727948 1
0.1789530883984627 0.74501944319081 1
0.214508936926778 0.6953478323813138 1
0.8852357113231806 0.5056317842332291 1
0.880892191339021 0.7225172370186959 1
0.3887293383691263 0.586927307903899 1
0.6190336290609721 0.5991921173114071 1
0.4609027885299311 0.8750575737043348 1
0.3266569851607827 0.8858171453897267 1
0.8328445945106467 0.8289001555707026 1
0.4289935255539162 0.1750955255917876 1
0.1733012830308456 0.2429900767085429 1
0.331223247740202 0.5603014735194244 1
0.2846637854169082 0.5906659535951251 1
0.8376261859406757 0.1840527527787591 1
0.8834961158051604 0.2357993050184844 1
0.9059454116456147 0.9537563973995382 1
0.09403374992156038 0.9528160137275126 1
0.9040210412868226 0.06221346891305176 1
0.5741051300398381 0.1584830017340942 1
0.9134502430846372 0.6001376635666278 1
0.1585137508779689 0.1669841511067854 1
0.9062759293816756 0.667377773116265 1
0.3124001535863675 0.688087067529436 1
0.6354688140200275 0.1531948985302004 1
0.6442577937728263 0.7280715526345108 1
0.5222723306454086 0.8528112612449301 1
0.1526646937981386 0.687358436954587 1
0.1105047514016656 0.7474576241481682 1
0.1891250613086208 0.6351981003862845 1
0.507411977317444 0.4881221210670293 1
0.4073515636224859 0.4760642956302456 1
0.6254977758705611 0.5500414954360602 1
0.3802436898424698 0.2093268916883362 1
0.3676506227009836 0.1526636015673957 1
0.2132009986558299 0.1424310042796171 1
0.5758849363173442 0.8845121946133889 1
0.6377741087523351 0.8399111925670323 1
0.7278957667622332 0.4104735110064611 1
0.4763792267679761 0.1350656276149665 1
0.4041248083601244 0.949905936477582 1
0.2659062511702977 0.5397770994447552 1
0.5222383514388089 0.5864094627950354 1
0.7757754359365615 0.8687957743487456 1
0.6951563649212533 0.4716896393293874 1
0.4581831063036296 0.3064718335884954 1
0.2560214441607359 0.8899122100030846 1
0.1835201719792715 0.8744687906598834 1
0.9417582651167027 0.4700056254066272 1
0.6664984258615987 0.2053644847839678 1
0.6978292682786168 0.1555308052743293 1
0.7971425725321468 0.1406040305273314 1
0.8567964602368401 0.1184765482307865 1
0.1099364032728161 0.2256220050937436 1
0.5950467186861155 0.09881690391716715 1
0.1266162622252464 0.2900904586612272 1
0.09006661833772661 0.3442587606676744 1
0.8730628396269717 0.4444856175287485 1
0.8520803005983775 0.3904830067720267 1
0.1133215447094325 0.6283043393980184 1
0.1580108741919758 0.5724772474024695 1
0.09725974569662889 0.5568090761647555 1
0.1363880236996681 0.5109159695304348 1
0.3944070567166412 0.2788097556590116 1
0.8913142325851715 0.7886364610208818 1
0.1992046820327453 0.5237508315961079 1
0.1690140735160371 0.457911333331019 1
0.6141273620089898 0.6634099842869842 1
0.8302731442543764 0.8948615040549344 1
0.7214169475119128 0.9062828701883801 1
0.7111087637628194 0.8327549663809681 1
0.2850998155086245 0.943744730557238 1
0.1489893895822752 0.807850426214488 1
0.1092258914442716 0.8591650263477725 1
0.7810317180945638 0.3686003425134816 1
0.8637658673832005 0.2982960309725746 1
0.9344559507404512 0.2879084258523746 1
0.9420218002060854 0.5411379055077331 1
0.1906953438973464 0.3047931906290537 1
0.9425613050951632 0.7210269988159363 1
0.927823161183398 0.4048875733186269 1
0.2669224999816148 0.1505744323241231 1
0.3523756878083418 0.4654288299759469 1
0.05207191436800757 0.7808193991997255 1
0.8437456770997164 0.05412409190888353 1
0.3419425664692094 0.05303557998181889 1
0.7127381354812774 0.05137149439328591 1
0.2154925287830652 0.05056307897827478 1
0.472589153098897 0.06683359452530643 1
0.6006726104126745 0.9442138855284427 1
0.09357034725425215 0.05050832908275827 1
0.1162056109852481 0.1106062315107808 1
0.4658113590254256 0.9394875903543523 1
0.1562525838202756 0.9458750562632621 1
0.05224673460409462 0.7182833605194514 1
0.05412123721092095 0.4062592673821999 1
0.123566288964912 0.4029606569220828 1
0.9445689191562776 0.2162251921520766 1
0.8875645041573371 0.8614701177708104 1
0.2255694473878749 0.4252529250446835 1
0.312836121632208 0.1114288533077348 1
0.6074589220710089 0.778941838729502 1
0.3451217269863631 0.9466603913121939 1
0.2265680908159298 0.5862603446814668 1
0.05490867897540359 0.2093251232507421 1
0.05177906303285294 0.09057773711332846 1
0.9559952496960261 0.7823652876358752 1
0.05794928448779797 0.9051557879284192 1
0.4176128794923277 0.1142038203941678 1
0.952874704349375 0.09525879356184175 1
0.9384386304121384 0.9046396502928162 1
0.844422811671048 0.9508846187043709 1
0.04819504640147541 0.531187756418115 1
0.5692549482583646 0.6202876874182123 1
0.1519803681170473 0.3525628656680784 1
0.5338998884930559 0.1121134370059274 1
0.1072440358200039 0.4582308696297029 1
0.0460306959714622 0.5937394394690582 1
0.2616821710469576 0.6492713873221723 1
0.5942819255389623 0.04032853296005822 1
0.3859667318306655 0.5261466329437193 1
0.7471445097896856 0.1035289363834299 1
0.2443390485419432 0.4838524643733949 1
0.8959838925948276 0.1730501233821804 1
0.2499999999981872 0.0987697492591794 1
0.6328675666229558 0.897524784859407 1
0.3185986256148013 0.1733451959171881 1
0.7187544803425866 0.9583122814975229 1
0.09642761785056869 0.6875571901317271 1
0.3152355976144446 0.507586038261659 1
0.1040941671374064 0.1650164791005377 1
0.5120180591095862 0.8995592360685795 1
0.3350964257357085 0.2402194587435331 1
0.7225594082616219 0.2058563843864142 1
0.6429710269131506 0.2484087471005708 1
0.6692242656435587 0.1033854994104161 1
0.9556387001330464 0.6511718154307652 1
0.9622221486847539 0.5959912918297844 1
0.3667301555028895 0.0990306050309905 1
0.1759062672341399 0.4010842451878343 1
0.3783114712506614 0.9086027678488267 1
0.348454521739163 0.3003388842700783 1
0.5693388474725631 0.5680015286693131 1
0.8949873164419488 0.3493528630221961 1
0.09498359487684699 0.8078063830758422 1
0.7482093380188193 0.1551545342942296 1
0.04543297318638263 0.04543065221166636 1
0.0454341976682258 0.9545687692080553 1
0.9545693344988674 0.9545690333396117 1
0.9545621140980012 0.04544075968528644 1
0.9119177812814802 0.1205867015307049 1
0.03767081555068199 0.3438765505605954 1
0.723164047682836 0.3591604032698964 1
0.2656838064566938 0.7054929083525867 1
0.5028926404317757 0.5408216575022424 1
0.4525193707521836 0.5073193477262257 1
0.6585255156944737 0.7939047346886646 1
0.7374914563150458 0.7820790379610472 1
0.4124796161771529 0.3247906321620829 1
0.8873125547126375 0.5542155535034093 1
0.6385122447433473 0.5021864122434657 1
0.8072938569315458 0.09246157174529204 1
0.5218517796320972 0.1578927558587429 1
0.1215682703140626 0.9082666648499957 1
0.6740083882925851 0.8833903728949637 1
0.8813289004281031 0.913122457644494 1
0.420443129288632 0.9063569926092235 1
0.8348020996973634 0.3395799598102811 1
0.2884453497375952 0.8501676322141625 1
0.1777481324076561 0.1014478443025946 1
0.08650847779947138 0.5036601019323501 1
0.2330151846344628 0.8463578137826009 1
2 37 0 221
1597
1598
1599
1600
1601
1602
1603
1604
1605
1606
1607
1608
1609
1610
1611
1612
1613
1614
1615
1616
1617
1618
1619
1620
1621
1622
1623
1624
1625
1626
1627
1628
1629
1630
1631
1632
1633
1634
1635
1636
1637
1638
1639
1640
1641
1642
1643
1644
1645
1646
1647
1648
1649
1650
1651
1652
1653
1654
1655
1656
1657
1658
1659
1660
1661
1662
1663
1664
1665
1666
1667
1668
1669
1670
1671
1672
1673
1674
1675
1676
1677
1678
1679
1680
1681
1682
1683
1684
1685
1686
1687
1688
1689
1690
1691
1692
1693
1694
1695
1696
1697
1698
1699
1700
1701
1702
1703
1704
1705
1706
1707
1708
1709
1710
1711
1712
1713
1714
1715
1716
1717
1718
1719
1720
1721
1722
1723
1724
1725
1726
1727
1728
1729
1730
1731
1732
1733
1734
1735
1736
1737
1738
1739
1740
1741
1742
1743
1744
1745
1746
1747
1748
1749
1750
1751
1752
1753
1754
1755
1756
1757
1758
1759
1760
1761
1762
1763
1764
1765
1766
1767
1768
1769
1770
1771
1772
1773
1774
1775
1776
1777
1778
1779
1780
1781
1782
1783
1784
1785
1786
1787
1788
1789
1790
1791
1792
1793
1794
1795
1796
1797
1798
1799
1800
1801
1802
1803
1804
1805
1806
1807
1808
1809
1810
1811
1812
1813
1814
1815
1816
1817
0.2675747805994293 0.4815507243475322 0
0.4062496795602065 0.9489892205641921 0
0.6029874881097733 0.6553813770865531 0
0.05243701207577803 0.7194051899120688 0
0.6116382166440684 0.2937770342713792 0
0.3771272857067492 0.4124245338800836 0
0.2209535842227727 0.9468648097210473 0
0.7825683616303725 0.2495699844871009 0
0.3775217232857856 0.2239767138169066 0
0.6528287155972843 0.7689970523755766 0
0.6117647417158003 0.478217608904259 0
0.6584839497200565 0.05612693473320352 0
0.5318903586508996 0.06339654287612641 0
0.0538045421422972 0.5927219556131191 0
0.5312444777636792 0.9458829770573445 0
0.8460313524005669 0.788609584496871 0
0.8490634905746701 0.05781358013701525 0
0.05107167466842927 0.8442435125637449 0
0.7105094727290227 0.9336019961129367 0
0.1891299722723789 0.1657815180038377 0
0.3454237491646147 0.0524898993575635 0
0.1372410245489303 0.439148026416285 0
0.869713897896271 0.3480143354846956 0
0.9418915539031016 0.1585997466736446 0
0.9533465073806378 0.468150513050311 0
0.8425848274311221 0.9475131557929367 0
0.05092273336595789 0.1004100082784177 0
0.8374412228617808 0.4708422734307808 0
0.719958752394668 0.2367363728116273 0
0.7660903919243586 0.1911327379494767 0
0.7023115811250343 0.1643620563613726 0
0.5838362125964787 0.3510838587730931 0
0.5498184963129318 0.295619213093117 0
0.5901885542874014 0.2359003054262168 0
0.5230316001953949 0.3525062225009761 0
0.516823723366909 0.2396126130076062 0
0.1319725054366137 0.1997477838574513 0
0.7150147402179359 0.8114156103007863 0
0.6570423695519833 0.8351282996986238 0
0.5983397559699567 0.8053188767735497 0
0.7541131514934177 0.1155519766092231 0
0.8375327381803572 0.2765608368736862 0
0.2552215477815413 0.1492660179235684 0
0.2065479563710508 0.4961002685698813 0
0.245281898862947 0.5408296963133725 0
0.3095069432462264 0.5261952888542233 0
0.2890457773745485 0.5889888973620083 0
0.3508921762808886 0.5734292247257132 0
0.3312720804554772 0.6366462064025127 0
0.2688668984848369 0.6522383642208398 0
0.3152661810986541 0.7010126645987368 0
0.3833930359262195 0.6786980041652101 0
0.2496548475834561 0.7160592024644916 0
0.2967988224588226 0.7649260087013329 0
0.2307136530052834 0.7797097273689091 0
0.2024177243287217 0.6653625045004898 0
0.2776149695617322 0.8284830318095044 0
0.3423458627084919 0.8136108310124577 0
0.1799712076176366 0.5501851708504004 0
0.542812430657175 0.1830551460376879 0
0.4089511159196545 0.3540507603843871 0
0.4037791793502737 0.2853263266443358 0
0.3310736485813847 0.168858579635507 0
0.3893435403343892 0.159290047524515 0
0.6094263278900088 0.5880780630404099 0
0.5464035806332338 0.6272028893095093 0
0.5460924468069508 0.5609617953742242 0
0.4869227103403316 0.5952570964597705 0
0.488557839078813 0.5290781665938588 0
0.5564036867046621 0.7025089820070326 0
0.8932855984765132 0.745509847430209 0
0.7876669370489324 0.8198377795019083 0
0.9482503993252918 0.8414004576063925 0
0.1497664807092448 0.06188646576814991 0
0.8921974013246603 0.5574549584263807 0
0.09591426576366195 0.382207799448042 0
0.5792321560901669 0.4160345358616921 0
0.65722304121988 0.2569702443525227 0
0.09782412645104074 0.2603636926597678 0
0.8641526446896595 0.4077858149002853 0
0.09609177699027262 0.9412127565105234 0
0.3235980113340026 0.8831722581182793 0
0.2127320762924624 0.8417521872830017 0
0.1653263406050715 0.7960134642133447 0
0.9475967628766997 0.2755440064278082 0
0.5129381386329365 0.4289393816 0
0.6024227716893852 0.8677311821071348 0
0.5492333776653435 0.8426272155978634 0
0.8148566244462826 0.1467487421769385 0
0.3764688061669242 0.515457550395489 0
0.1502585879634142 0.8568390495548441 0
0.598055881487675 0.1732671571652326 0
0.6498129614669667 0.525473912582867 0
0.8520478562158762 0.8469376981588953 0
0.08669926160745167 0.3184832673612373 0
0.9164773877572046 0.6199289606185743 0
0.3895747125102653 0.8588759787715174 0
0.4072547445665458 0.798375407069615 0
0.4518826297154696 0.8475920519110054 0
0.470612706060087 0.7845594086264591 0
0.9170846493526444 0.6840845456363447 0
0.0503867296547545 0.4683615724984302 0
0.479305966481912 0.1872643557631963 0
0.7486944100104923 0.8776589073312749 0
0.1410263455619539 0.1325093456481942 0
0.9156758300809835 0.3847040763622516 0
0.08134925637953749 0.1617134651211136 0
0.5676231010083039 0.1220597920979259 0
0.4937127826610146 0.6651997535668126 0
0.6197415853007258 0.7129258176402539 0
0.5369866620749448 0.7778702217228645 0
0.4199009750525505 0.5632157200691559 0
0.4323987647979878 0.6321068351837549 0
0.3300512157136388 0.4605959302066213 0
0.6538852867010758 0.8987807707079641 0
0.5979643399587635 0.9376779102460948 0
0.4419636849062523 0.4119322801687593 0
0.6381000160098687 0.1254197893035569 0
0.3090408661251557 0.1036625497997583 0
0.2514439221570697 0.07545531616464404 0
0.5432531091723802 0.4855398820810684 0
0.459622827062163 0.3166382956837203 0
0.8290652344653013 0.2079185531113342 0
0.8747166193178668 0.158425723997039 0
0.8964128074455328 0.226472856583482 0
0.9040711842580262 0.1024282072009017 0
0.2202270705377894 0.6013195878640185 0
0.1589691393685602 0.6125196322845248 0
0.1410394279576208 0.6789076082060445 0
0.1128649564811867 0.5576483613164662 0
0.1842320176795195 0.7316627422937703 0
0.1131757512709532 0.7438911794002916 0
0.4269199939938257 0.7369996818699853 0
0.5045332910954725 0.1259574194062715 0
0.4703378929921027 0.06163225898879341 0
0.3617662251230844 0.7493123211033931 0
0.2513209956452843 0.8907150639577257 0
0.9412319735507564 0.9028489653284593 0
0.9458662639222135 0.7812481540010828 0
0.4687516519759174 0.9475751424113957 0
0.7205390768829367 0.05550701839393862 0
0.05150752935732902 0.5302048980150913 0
0.04943632044596064 0.6561894880958654 0
0.05360383692614852 0.7804225201316169 0
0.7815940083567633 0.05405988549378764 0
0.1595733287227351 0.9480134585989305 0
0.7777944122923498 0.9411193285028736 0
0.5972616396693295 0.06116717650180212 0
0.3437402714006826 0.9458770550806871 0
0.4984534211556724 0.8867632721319724 0
0.949726994822286 0.5283695825182149 0
0.28298673390035 0.9454124999922575 0
0.4062485935219016 0.05203079070470025 0
0.4121716272880404 0.463262869208236 0
0.808602795641346 0.8885121085157914 0
0.1456759853968558 0.5010510091003548 0
0.4904771137134447 0.7259833652991281 0
0.1973025675554168 0.1051143387646554 0
0.05578985280947844 0.2138327571202152 0
0.09373764246858955 0.05003477982832671 0
0.4512955127861203 0.2488467761323228 0
0.9048210047257821 0.9510359513917297 0
0.4355950009551813 0.1268004390508407 0
0.05003581261201021 0.9062526066880726 0
0.5920699174104213 0.5276542523965657 0
0.1049878802743481 0.8135557109171334 0
0.6939037889866416 0.1044948182453141 0
0.8972361867060397 0.2943215318065605 0
0.9571802248450668 0.2196262742280231 0
0.8978326491871523 0.8106518764713235 0
0.3694542331137712 0.1105220510121475 0
0.04573725452077147 0.4066238573719383 0
0.9062471536027292 0.04603699945670103 0
0.8974254597823248 0.4958173380280465 0
0.04670730538371021 0.2831544917250792 0
0.6549719145278768 0.9540121354133991 0
0.1884916426704086 0.8980029855172581 0
0.9442030582781771 0.3406684587737581 0
0.8780448993403203 0.9012901150044754 0
0.1008133028266197 0.6292254998407761 0
0.09733157978450606 0.8779623737431335 0
0.4419351752249091 0.6838287226110842 0
0.5544670641305809 0.8962148469768654 0
0.4333241949987001 0.90004250866723 0
0.8413397616655268 0.5173923576723775 0
0.8499528480424587 0.1120647882200707 0
0.9520059188252925 0.7225319059796846 0
0.7947581755576599 0.5017611047842765 0
0.207204500239508 0.04849122413948986 0
0.6536558683558462 0.2002399697516122 0
0.9549539504062321 0.09182990830945714 0
0.4729975247518473 0.4715872791097631 0
0.03993059143429045 0.3437497812890354 0
0.434019354467635 0.5085203170753004 0
0.4247234044874482 0.19406824410545 0
0.2936788021017103 0.04632155306439318 0
0.9565070933039925 0.6533322620694708 0
0.9532169531649521 0.5835753681130034 0
0.9051390504827155 0.4389269106797817 0
0.9545638547819674 0.954563472224508 0
0.04542828244000571 0.0454311693206569 0
0.9592460283837705 0.4067111668224452 0
0.9560105379862698 0.04394269330984061 0
0.04543298393297579 0.9545648507300032 0
0.7260021546080951 0.5131780951040232 0
0.08425364447077081 0.4392682566573425 0
0.6957072552954968 0.8683267637820661 0
0.09453964367486949 0.4945308063523459 0
0.1029186458807253 0.09815830226311556 0
0.4705095243229196 0.3674890124885652 0
0.3813041158877649 0.616931751224965 0
0.4999063699874198 0.8275725318412598 0
0.5904587319247951 0.7546583851313299 0
0.8085153537416062 0.09610161970016731 0
0.3761147232191556 0.9085771715560949 0
0.03440989672638971 0.1562525777453767 0
0.5001184319447037 0.2906446240835485 0
0.09013280496462317 0.6875027574136222 0
0.9034815555238794 0.8606258225139092 0
0.1719281803719845 0.4650883790856778 0
0.137709926068986 0.9042424731286698 0
2 38 0 223
1818
1819
1820
1821
1822
1823
1824
1825
1826
1827
1828
1829
1830
1831
1832
1833
1834
1835
1836
1837
1838
1839
1840
1841
1842
1843
1844
1845
1846
1847
1848
1849
1850
1851
1852
1853
1854
1855
1856
1857
1858
1859
1860
1861
1862
1863
1864
1865
1866
1867
1868
1869
1870
1871
1872
1873
1874
1875
1876
1877
1878
1879
1880
1881
1882
1883
1884
1885
1886
1887
1888
1889
1890
1891
1892
1893
1894
1895
1896
1897
1898
1899
1900
1901
1902
1903
1904
1905
1906
1907
1908
1909
1910
1911
1912
1913
1914
1915
1916
1917
1918
1919
1920
1921
1922
1923
1924
1925
1926
1927
1928
1929
1930
1931
1932
1933
1934
1935
1936
1937
1938
1939
1940
1941
1942
1943
1944
1945
1946
1947
1948
1949
1950
1951
1952
1953
1954
1955
1956
1957
1958
1959
1960
1961
1962
1963
1964
1965
1966
1967
1968
1969
1970
1971
1972
1973
1974
1975
1976
1977
1978
1979
1980
1981
1982
1983
1984
1985
1986
1987
1988
1989
1990
1991
1992
1993
1994
1995
1996
1997
1998
1999
2000
2001
2002
2003
2004
2005
2006
2007
2008
2009
2010
2011
2012
2013
2014
2015
2016
2017
2018
2019
2020
2021
2022
2023
2024
2025
2026
2027
2028
2029
2030
2031
2032
2033
2034
2035
2036
2037
2038
2039
2040
0.6374946974443954 1 0.3998887784164056
0.6363262325966009 1 0.6424011449571325
0.3023247809873648 1 0.6740594677950316
0.7895600094669717 1 0.05525878037096136
0.5061964153638328 1 0.6719268351406503
0.9403962256823959 1 0.7881091260325623
0.6884524663232467 1 0.5178729453060766
0.6007535406452071 1 0.05216545483070518
0.9473172456066006 1 0.2801244943957424
0.4147103579996552 1 0.2629235915627151
0.2159175050148755 1 0.9492310893011811
0.7180662766110097 1 0.9436708588465519
0.1758672160459953 1 0.6957641432163753
0.4047701166327267 1 0.9438810704828762
0.9539339652612797 1 0.396165985521894
0.9458773953179964 1 0.656248580168817
0.5937436249402384 1 0.9458750546999721
0.9478711141666822 1 0.5312459877553773
0.4605416132575676 1 0.05216934336865579
0.8386282130261016 1 0.9480275272444147
0.9428752352142894 1 0.1609343128031031
0.05183359452822396 1 0.8432855230829359
0.1759361774163301 1 0.1442144904160068
0.5042953133609196 1 0.3702880995771322
0.3540936692085525 1 0.3616878219359241
0.1319783041363829 1 0.3171571602290177
0.357271411877244 1 0.1301629143327096
0.4429184478358481 1 0.6396649918342689
0.4527151831198148 1 0.7060819814850726
0.5074849320989583 1 0.738704456025694
0.4533264649231377 1 0.772179911445674
0.5116684055880906 1 0.8019069463230641
0.566121945271999 1 0.7669311300942043
0.5727552474640962 1 0.3702601590503407
0.6169216956658922 1 0.3265435955725371
0.6885401297759662 1 0.3589974805700703
0.6811507530158721 1 0.294558445000932
0.6268881120590715 1 0.2596491298537907
0.7424506062164208 1 0.3239628613941094
0.7367285256925795 1 0.2584657686772768
0.7490123595864533 1 0.3878684847091792
0.8022845664443663 1 0.3517300288759729
0.8096254397541301 1 0.4136145574349184
0.6820563791119038 1 0.5842502019881911
0.7042835525412917 1 0.6476642741019114
0.7456404915856316 1 0.5987480324887611
0.7666254346421019 1 0.6587606311600928
0.7276821987279509 1 0.7086475078502487
0.7898397667565771 1 0.7197828004675171
0.7482680901795917 1 0.7710543722699728
0.8075516564430005 1 0.6075787430649273
0.8128752165399888 1 0.7814142715269861
0.2316446703936554 1 0.1103622829083849
0.1175674103272848 1 0.2535495247156703
0.1320806977826678 1 0.1901028014429198
0.4052545776664181 1 0.3352398350262152
0.4165890254935607 1 0.204345704738738
0.4694208369006685 1 0.2318144260845061
0.29726663173844 1 0.110499348248439
0.04993592546102997 1 0.09422960160332011
0.05103263938072183 1 0.7272732840745795
0.3927239100655219 1 0.735092465099827
0.3975083593646758 1 0.8067316262998345
0.3385371887065933 1 0.7780896002643022
0.3425267404763558 1 0.8437970398013543
0.2817630203067588 1 0.819356234628315
0.7827147011552718 1 0.5459772780251155
0.09750763273844215 1 0.4406719272256534
0.773601198746087 1 0.8318656863406659
0.7023875441319605 1 0.8245436712133596
0.2399632138093326 1 0.6959275250816084
0.5697035414652147 1 0.8304253316738011
0.5148925897260371 1 0.8666251401502284
0.3433097087038552 1 0.6203845425950102
0.8506488858966441 1 0.7315750475990409
0.400423334803419 1 0.4535015266158344
0.4741355355376154 1 0.1713569393616284
0.5278495389846727 1 0.1988599799189206
0.08891393650485985 1 0.9474092737107674
0.9416246238880233 1 0.9024859311412161
0.9098584126094617 1 0.05250835836091849
0.5422905347471019 1 0.317209860582344
0.837052226731438 1 0.8409280649246422
0.674700709993785 1 0.456593886089495
0.5745164369141598 1 0.6663790275293021
0.2085516416884672 1 0.7497815308793571
0.146393515093272 1 0.7566202439989774
0.1758213302373479 1 0.8070784045429661
0.5295200166586194 1 0.1350937081978109
0.5795544987434218 1 0.1681320006145354
0.8451763646394591 1 0.5527311128468083
0.1536226629278051 1 0.4082339808253289
0.6284575802231919 1 0.70633433523712
0.116831010207219 1 0.6610181044043089
0.2875213713290568 1 0.8803645684872349
0.07719791837930033 1 0.6191534619180831
0.3354579321229989 1 0.4425851530697892
0.7369191429213851 1 0.4851172083300473
0.3646613865091712 1 0.5621357392417274
0.8582412417727678 1 0.3795562944957276
0.8673409467514239 1 0.4454111408951366
0.8528360304782192 1 0.3146339210713965
0.1532920221314409 1 0.05391167303675505
0.6269120453974917 1 0.7990031200373551
0.6300593271301269 1 0.8587264397775367
0.05412514361451559 1 0.3437496168099037
0.8810040183617258 1 0.6174903893808887
0.4427733738573825 1 0.3988172370370286
0.3493954610548233 1 0.06630004849552289
0.4737724458098566 1 0.3038154276200923
0.4111604141902047 1 0.09899617046401828
0.06561941015728329 1 0.4960671496585726
0.05931816309192116 1 0.2191991360497133
0.4015078252915777 1 0.8737499342031143
0.8059728192596232 1 0.8905615905438669
0.8142113528626526 1 0.4823914093993499
0.9097482006842849 1 0.3432136264187906
0.110182880086692 1 0.8114641964240055
0.1450721212361059 1 0.8640355105450699
0.2175675617099996 1 0.8566905256496198
0.3714520821197194 1 0.5022917537873123
0.05906767857274909 1 0.5595277388592358
0.8763652166998704 1 0.7912889565466356
0.901915176288995 1 0.8460824951418418
0.2759642014486627 1 0.7487797806644008
0.674579130019588 1 0.7503927772647248
0.7959427519962886 1 0.2865599509356798
0.7909096177703194 1 0.2211759246862881
0.7313297056176451 1 0.1932053177547608
0.7842725450523924 1 0.1581779744826894
0.7239522484610982 1 0.1292466308656208
0.843320249700221 1 0.1877274764058995
0.8376659680149278 1 0.1188989604502486
0.6725487183587582 1 0.1653870907906567
0.654402861469638 1 0.09882272956482568
0.4564061576595604 1 0.8374065793060176
0.8306650941666391 1 0.66851522277412
0.8469569741029744 1 0.2501017989415145
0.9030043533297447 1 0.2205607790338082
0.6822939264102926 1 0.8914473375536925
0.3435525333554171 1 0.9079541777334794
0.4612317141612726 1 0.9020874021127778
0.5244490664999885 1 0.9376294385623658
0.3629518345316443 1 0.6727559249224373
0.6798732156814005 1 0.2289930668014878
0.1205085056734215 1 0.1110841292554152
0.9458787093575622 1 0.593740470208252
0.9373718224378732 1 0.4600143841122959
0.9465272292949261 1 0.7182937285593527
0.8488849648510308 1 0.05613605757442305
0.7191790657003515 1 0.06196505554862154
0.1477571140805719 1 0.9342443548713575
0.6552678351692901 1 0.9483262777502208
0.2851582203540248 1 0.9428512432518076
0.05168900031420143 1 0.7845627911348499
0.06049817019501742 1 0.2826919262030802
0.5302997269956233 1 0.06553970680432913
0.2788706083011351 1 0.05426511391939078
0.2146265446533908 1 0.05180711281653806
0.2734471773374728 1 0.4058320174355132
0.09374027140068467 1 0.05003596055612596
0.9499625429914058 1 0.09374082930704718
0.8896421089951172 1 0.5029152561021868
0.04917888247199107 1 0.9061669906844628
0.901554017846371 1 0.9496688692200564
0.05017776337815668 1 0.4038703516791832
0.8921412197253837 1 0.6873331920716496
0.2119348492052621 1 0.3943353240800913
0.7780778431769613 1 0.943491349994638
0.06030721533484007 1 0.1545204070485869
0.3999765507223169 1 0.6129734293690979
0.574514071112679 1 0.8912502513374541
0.5769444073879673 1 0.2271536861520628
0.4064897038320793 1 0.0450544810965121
0.8969969128878095 1 0.1121685707498861
0.5260780112196797 1 0.2585835106609921
0.5870359118186853 1 0.1092725491849416
0.1103363638268812 1 0.3798889826277037
0.6570480591880343 1 0.04331193764286224
0.9567872051718829 1 0.8448316267266659
0.4734470455599512 1 0.1114563984221996
0.8711245128400918 1 0.8962924130360062
0.3345003831479574 1 0.7217554477491998
0.1674842841198917 1 0.3618521734282345
0.6282045391734483 1 0.199007026936381
0.05850126730507003 1 0.672820782003887
0.958639366830127 1 0.2198254235597663
0.9016118601173332 1 0.5624914565342602
0.4664955455234767 1 0.9570506592329311
0.7433738697275933 1 0.8850514274395191
0.2319335510782473 1 0.7963372952729317
0.09882308815140745 1 0.8844343082197664
0.3437436249402379 1 0.9600512820240243
0.6259830302328617 1 0.1421279115876601
0.8919725608403648 1 0.2817269239722504
0.1059460358631789 1 0.7169730676862051
0.7725792179029731 1 0.1053120862610013
0.9026227062790739 1 0.7467707087539478
0.319062184948787 1 0.3937977282440571
0.7066964070872707 1 0.4175183178226217
0.3839869338281201 1 0.400457823481462
0.5778245522159424 1 0.2778279565643453
0.04543293801490453 1 0.9545656158745148
0.04543005292970666 1 0.04543200879047322
0.6767575895772815 1 0.6929647769751975
0.9545650541719221 1 0.9545645650416261
0.9545688975267008 1 0.04543120457835159
0.5625383452765276 1 0.7166266341032874
0.2397563458367837 1 0.904257827641372
0.1887576637562671 1 0.9015721511884505
0.7271566362194877 1 0.5463931332276383
0.4575807034093189 1 0.3523323580785997
0.962586666271543 1 0.3420666721952892
0.4135792921181868 1 0.1505113657725763
0.18644308111759 1 0.09230360703469769
0.04471266553333748 1 0.4534483367524135
0.6261091080355241 1 0.9080259750045097
0.9034055167950699 1 0.4062718507028
0.4123733123808212 1 0.6757500323702694
0.8847725438293985 1 0.1600580198885891
0.611588861899649 1 0.7502016572698204
0.7634513472474419 1 0.436326833767046
0.09708488788957081 1 0.7628576238134025
2 39 0 12
2041
2042
2043
2044
2045
2046
2047
2048
2049
2050
2051
2052
0.08906149382132876 0.6382197094263303 0.2189859367401146
0.03734857872159059 0.5928134179124794 0.2758618297979271
0.03734469059892177 0.592790588057697 0.1626158787968094
0.05606583715297224 0.6379598825869162 0.298308902572961
0.06029052732643796 0.635189924875867 0.1461210459604605
0.08408671606957388 0.6435991086284174 0.2577306469788264
0.08440841345401963 0.6442096812787778 0.1810725986144401
0.06799396141375307 0.6061332258402172 0.1930240658482298
0.06730997129577011 0.6039532908410844 0.2414147676217861
0.03908911864050064 0.5767834413386023 0.2155094388415369
0.02780341384615821 0.6175397125793529 0.3078393505997515
0.0303436065872933 0.6170951310903436 0.1324091811929477
2 40 0 12
2053
2054
2055
2056
2057
2058
2059
2060
2061
2062
2063
2064
0.08896009631170577 0.7177273813071843 0.2192217608047974
0.04170941665922291 0.7611308233512365 0.1648568495232692
0.03736165753005313 0.7627819256692274 0.2759477903978849
0.06397296974665499 0.7229832492284943 0.2863061348907136
0.05825922822276434 0.7178472628404292 0.1424560618545473
0.08192566608997161 0.7127885244706303 0.2626827629381527
0.07033088570218619 0.7467754336824837 0.2446227825470063
0.06962426455796149 0.7504081476727618 0.2030456587547348
0.0803596569689702 0.7209229239837669 0.1794935754707955
0.04012992282469748 0.7781898258481988 0.2240351004415899
0.03583419821974321 0.7394172783889452 0.3018193149708758
0.03252230518497892 0.7380528118736297 0.1334110626077578
2 41 0 7
2065
2066
2067
2068
2069
2070
2071
0.05616933963471545 0.3065976867448892 0.2005791410066804
0.03372030071099202 0.2781614229123067 0.2564322219192205
0.03475910080494106 0.3080790070010903 0.1556396996352477
0.04359694483527228 0.312859005701057 0.2796054347271144
0.03132224518102997 0.2782475171632817 0.1825003051276735
0.05662173864449577 0.3065169518355103 0.241058572379777
0.03331141437562476 0.2699245715962493 0.2211071138740203
2 42 0 7
2072
2073
2074
2075
2076
2077
2078
0.05608293713347291 0.393198856093312 0.2010029663743524
0.0337259931596038 0.4212270564518688 0.2564212147068593
0.03475871249516557 0.3913119282734916 0.1556402319250703
0.04359694483526086 0.3865303476549258 0.2796054347271427
0.0308468076141418 0.4236813249782985 0.1864714043188293
0.05656136798613302 0.3929535582243167 0.2411921859205259
0.03301939202953513 0.4297507419838321 0.2217449690584993
2 43 0 7
2079
2080
2081
2082
2083
2084
2085
0.0604348740613877 0.2099171386466839 0.5564233356344769
0.03585682338973376 0.1792156615319489 0.6161281637423254
0.03713073188424924 0.2111761993682625 0.5093232275035608
0.0335764962865947 0.1797065735724251 0.537769784478119
0.04682293934468387 0.2160425406640518 0.6405287935048378
0.0611277440977742 0.2097379842459 0.5992175444594272
0.03496260879103025 0.1701221087882434 0.5773636726863857
2 44 0 7
2086
2087
2088
2089
2090
2091
2092
0.06043517738888894 0.3002790107708856 0.6029707780661709
0.0358234156221939 0.3310017926223946 0.5432379901525948
0.03713043018289522 0.299021499124655 0.6500712915643838
0.04682293934466765 0.2941538571279257 0.5188661919271238
0.03357001797073561 0.3304942565387149 0.6216291311262314
0.06112515632851831 0.3004617257049708 0.5601712756828395
0.03496370616135663 0.3400736058390239 0.5820192875447879
2 45 0 215
2093
2094
2095
2096
2097
2098
2099
2100
2101
2102
2103
2104
2105
2106
2107
2108
2109
2110
2111
2112
2113
2114
2115
2116
2117
2118
2119
2120
2121
2122
2123
2124
2125
2126
2127
2128
2129
2130
2131
2132
2133
2134
2135
2136
2137
2138
2139
2140
2141
2142
2143
2144
2145
2146
2147
2148
2149
2150
2151
2152
2153
2154
2155
2156
2157
2158
2159
2160
2161
2162
2163
2164
2165
2166
2167
2168
2169
2170
2171
2172
2173
2174
2175
2176
2177
2178
2179
2180
2181
2182
2183
2184
2185
2186
2187
2188
2189
2190
2191
2192
2193
2194
2195
2196
2197
2198
2199
2200
2201
2202
2203
2204
2205
2206
2207
2208
2209
2210
2211
2212
2213
2214
2215
2216
2217
2218
2219
2220
2221
2222
2223
2224
2225
2226
2227
2228
2229
2230
2231
2232
2233
2234
2235
2236
2237
2238
2239
2240
2241
2242
2243
2244
2245
2246
2247
2248
2249
2250
2251
2252
2253
2254
2255
2256
2257
2258
2259
2260
2261
2262
2263
2264
2265
2266
2267
2268
2269
2270
2271
2272
2273
2274
2275
2276
2277
2278
2279
2280
2281
2282
2283
2284
2285
2286
2287
2288
2289
2290
2291
2292
2293
2294
2295
2296
2297
2298
2299
2300
2301
2302
2303
2304
2305
2306
2307
1 0.5775988131554985 0.3323381967098014
1 0.2463007391427781 0.4723957619352288
1 0.3521283007374911 0.05366330009082515
1 0.6119364985876637 0.4549803984910979
1 0.05352315447742043 0.2261463149619274
1 0.5716871694269658 0.6596670078111174
1 0.5367954647130274 0.7806991305658096
1 0.3599372317625077 0.5468757037910831
1 0.5222654955348354 0.05331847770646676
1 0.3192101945109371 0.7732194149507965
1 0.215036139531255 0.06053817394897688
1 0.06485235061043754 0.3389993159934564
1 0.8369025258330931 0.2243594158809359
1 0.8122084062670405 0.6536612651729288
1 0.6421459032130079 0.2233111825888011
1 0.194194566216272 0.8032562285669913
1 0.3848775814836976 0.6671303905877616
1 0.8355891074910886 0.4903626277526045
1 0.4031686432072376 0.9425431006623263
1 0.7204067662837425 0.05575665921714731
1 0.8371338360506196 0.8397365438379861
1 0.7095689659601936 0.5145348788365386
1 0.1229801574909788 0.5019011470547969
1 0.2869550833638068 0.9461803954524572
1 0.8457125588248229 0.05271921285833275
1 0.9484486521579054 0.7190438104243462
1 0.5314294998515743 0.9481362515452854
1 0.9488514384829114 0.5920351093741114
1 0.1586873748003688 0.950010609097182
1 0.0515899657346185 0.8452929910076969
1 0.09329764410420222 0.05193433033811037
1 0.9477223186455295 0.1638989073680537
1 0.9481924989127555 0.9088615911762241
1 0.7547818948627124 0.6190049739807515
1 0.6222891351804091 0.6116934133402968
1 0.548869499183255 0.6011654760020027
1 0.5126050406504377 0.6527490326439216
1 0.4833735031331186 0.5947242792569304
1 0.5212800247735805 0.5409445707098576
1 0.5559570255051468 0.8458849951316187
1 0.4917286104995904 0.8295712960336477
1 0.4775461295688552 0.7585113097770102
1 0.4321275820254376 0.8129646146268401
1 0.7987921894479025 0.8942768758512281
1 0.8489553958452311 0.7796619386661519
1 0.8991518366473106 0.3804585840404411
1 0.8987206752965079 0.3258090765090184
1 0.2629412046123308 0.8112426289053105
1 0.3255750998704005 0.8378486025140195
1 0.3116087235214511 0.4917977983824862
1 0.2863577865880765 0.4237944783691072
1 0.3491654253616812 0.4347912171151136
1 0.3286642567442713 0.3733852860042937
1 0.2646729857139047 0.3628380711496731
1 0.3068142205895913 0.3115795294791948
1 0.3717015648626728 0.3233025507340076
1 0.349423754735949 0.2608472179189397
1 0.2843229488852631 0.2487884731532428
1 0.4131485276590648 0.2733769174280136
1 0.3922646248293946 0.2105627550274067
1 0.4551296869206802 0.2225593462264879
1 0.424954765169592 0.327961000286117
1 0.4347472665646728 0.1603675641014955
1 0.4941044154184795 0.1671153414499915
1 0.6927633624577618 0.1944589505110407
1 0.6374702185737919 0.1621963163424834
1 0.7447685301277547 0.1690398846970993
1 0.7795884163153324 0.5206617666885957
1 0.181365886970316 0.4678999907473134
1 0.3676358920926616 0.7291652940426813
1 0.8807056767288121 0.4445241963134058
1 0.8748529406294965 0.2678913284664074
1 0.5906213033569644 0.2658710861674791
1 0.5776802115684208 0.4036265413616659
1 0.6557856575912978 0.4894099589620796
1 0.1285601350331909 0.7752287680931551
1 0.8469769987787363 0.7137727888889669
1 0.3823027108594618 0.6111239133275886
1 0.2232796365275318 0.861052253223878
1 0.8419342506313352 0.5469387845839352
1 0.1151659270721406 0.4400630288002448
1 0.162350817467606 0.4006454830658456
1 0.08665526836541079 0.5440689263075862
1 0.4568956446677511 0.534022088519884
1 0.4924541960018013 0.4815416672631049
1 0.6940801263178987 0.6051323896292597
1 0.6614552187649172 0.9188983400066006
1 0.5367201585645679 0.2951206860994335
1 0.08330459485475537 0.7300497906904645
1 0.3693852741032161 0.1512474780368025
1 0.6019646857095453 0.8909114850164024
1 0.1538579632799511 0.8486449129482558
1 0.7289937482669051 0.9175479269627487
1 0.8924801050937392 0.8132391059802382
1 0.8758635569891564 0.6572101910344282
1 0.4092286000287365 0.09702682632731809
1 0.4304092075393301 0.4809312645143252
1 0.4525009867633515 0.4305578632862311
1 0.5434741448892988 0.715145508244208
1 0.4481324144213082 0.8808310682585737
1 0.5857626835373486 0.549227741545546
1 0.9456784703101166 0.47128669380334
1 0.6913948678765265 0.1192301976012959
1 0.6313951019055747 0.1009877240079693
1 0.5874008233043961 0.1321095877001483
1 0.8808214357310622 0.8871856311697831
1 0.8952595604844792 0.2067123564191729
1 0.8449782075468671 0.1638710909348156
1 0.5836101396996942 0.2003688927581817
1 0.4309781038621401 0.7084754596779687
1 0.0556761726672893 0.5982693338537769
1 0.06117412095550979 0.4809165184008071
1 0.7590273432528353 0.1093355134536378
1 0.05361978091894079 0.6692684294639873
1 0.9389814069171187 0.2750569011280922
1 0.4771810137656096 0.1087537683313241
1 0.3984801760536276 0.3850178522169564
1 0.2416185717444124 0.2990894277009618
1 0.2190893743653559 0.2368534384765652
1 0.2619912566310236 0.1862840866585439
1 0.1970882470270161 0.1744684636955297
1 0.1761769230793281 0.2867677652221549
1 0.2392094773920484 0.1238196089196797
1 0.1763336485081771 0.1134672088909996
1 0.1325175476987088 0.1621745277255675
1 0.3038684080367682 0.1395255390081603
1 0.3850045533585417 0.8647585976608189
1 0.3422695405938357 0.9152128894141203
1 0.3268353289221754 0.1985819215191573
1 0.1567805278703647 0.223689716296115
1 0.1082618706913296 0.2734100635772379
1 0.1335313655985955 0.337770952568153
1 0.5268685172750821 0.3533453304769714
1 0.8919856696769652 0.5080890181255638
1 0.2881884420909313 0.06890174114395896
1 0.8424380667431192 0.9465633775618718
1 0.05412823194517739 0.4062520832411238
1 0.9419736525007356 0.09878724345913825
1 0.0502316497525296 0.9062289987886585
1 0.4715247547255415 0.9433952501064004
1 0.9397146235784671 0.6558161565619702
1 0.9479443214107213 0.7801936486844498
1 0.06555525325196455 0.158221090465144
1 0.2194965669817781 0.9504122776701901
1 0.5579929928283189 0.4872471109157046
1 0.152513429908697 0.05539751268515998
1 0.7837347067915342 0.05390439069166125
1 0.4448719963950373 0.6459399692919834
1 0.1990310150036063 0.3467640964838413
1 0.7752460011837599 0.9539052849109977
1 0.9474904106168293 0.5329707514255602
1 0.6593507896409397 0.5476973308640143
1 0.05458415718315481 0.7801438927595133
1 0.3736233347758213 0.7919654405841284
1 0.049673117794966 0.2809793136819432
1 0.5254589800550803 0.2298989203126859
1 0.4587414822273774 0.05058411187245297
1 0.587994287265389 0.0629675660511354
1 0.5089057368533151 0.8888610801722169
1 0.09752819398450953 0.9411206574382575
1 0.9055505186516737 0.0504679102886029
1 0.8757985417031278 0.1043214550879056
1 0.9063191543496212 0.9498039573093282
1 0.5990400613380429 0.9467237843249894
1 0.05137475707785832 0.09296327918352165
1 0.2240568741033824 0.4151847285955014
1 0.9563926572094253 0.2166351392962993
1 0.2872867632899836 0.883421068000328
1 0.9502666211117688 0.844370185076774
1 0.952532213649432 0.4062487599903906
1 0.9514581851381207 0.3442877621863832
1 0.7322007636317803 0.5641133888968679
1 0.8541253650435531 0.6021158304814107
1 0.6565270493231905 0.04910493737078815
1 0.4795916964696579 0.2960614753863887
1 0.5137263573467522 0.4210811066964483
1 0.819071950416739 0.1065408584228118
1 0.111932046758268 0.1056929915480838
1 0.09923593110821699 0.8775145366755771
1 0.8981932480427385 0.750420880342366
1 0.4064491680316665 0.0414407765756877
1 0.3720883108077362 0.4869353054462685
1 0.8981800490826286 0.564440269375556
1 0.1050610535179738 0.3851742570299337
1 0.7958343886936055 0.5776489933820479
1 0.4163822084649831 0.7602164237417257
1 0.4841093275224381 0.6986337970699561
1 0.4243107055280838 0.5779088151228128
1 0.1882115336142841 0.9023167838058616
1 0.5329044252676415 0.1107461670223497
1 0.09901383889754456 0.8243336765885492
1 0.4087282200610818 0.5253346354788747
1 0.1049145356480082 0.2065263035205842
1 0.4660204165130105 0.3690041047248521
1 0.7919625543014912 0.1494578563207159
1 0.3445755982817753 0.1047655660400707
1 0.7914329690988413 0.1979007680980696
1 0.03968209475465127 0.5354647633832494
1 0.9545691753398114 0.9545689872444618
1 0.04543576952131628 0.04543590832246558
1 0.04543920504338836 0.9545610370509613
1 0.2436247900153869 0.9064373260155305
1 0.8996312748720898 0.1490646381989798
1 0.9545693188690715 0.04543040055219087
1 0.03655747163793025 0.7187508875124052
1 0.9025292054393024 0.6140347467905615
1 0.4005288213051454 0.443646700515779
1 0.7099109219111353 0.9592757271548865
1 0.6141657244371137 0.5057125081556885
1 0.6562605174540228 0.9653028110489721
1 0.5559103836164043 0.9038920290894745
1 0.3438377358378591 0.9640355607838783
1 0.5453670143260355 0.1687496864125362
1 0.9018394159094009 0.6992527654504155
1 0.1395041993574661 0.9039214999930268
2 46 0 30
2308
2309
2310
2311
2312
2313
2314
2315
2316
2317
2318
2319
2320
2321
2322
2323
2324
2325
2326
2327
2328
2329
2330
2331
2332
2333
2334
2335
2336
2337
0.1621798810707069 0.0381705243928025 0.23530730666673
0.3302422945317817 0.03408758103735231 0.1975209965222113
0.3379548711885922 0.04241094111594504 0.3127884279271175
0.1686639602589563 0.03580143786169371 0.3150920672796922
0.2148370372709961 0.03965401428957334 0.1775980081011148
0.2752332566784052 0.04131895783009637 0.3594557345893258
0.1777062934030286 0.02884097479634823 0.1959466672780693
0.201946841193656 0.06402117067873081 0.2177624952226694
0.2506602939144963 0.06772956774970579 0.1993930265735909
0.2384057463696683 0.08464781754264569 0.2468844819694889
0.2859664347022627 0.07913682042153504 0.2338310646817423
0.2770353236543757 0.08466174199662826 0.2793199236851745
0.2295395355658188 0.08124874253135415 0.2935916705909493
0.2265539178293097 0.03437278841344021 0.3624109389118937
0.3253812421072592 0.06551466227448315 0.2667120822797902
0.1915675351063676 0.06925568431295118 0.2622829294379381
0.266797431804255 0.07067848247421916 0.3263970197606935
0.2637192053783003 0.03634135581593124 0.1665064454209172
0.3052968222503623 0.06914478139439878 0.3064265518221134
0.3555318433053587 0.03540274710287755 0.2728372228233045
0.317725529046585 0.02697160172451425 0.3511809446092777
0.1578688544641238 0.03778140069405106 0.2783205866544611
0.2922221850802817 0.0568361935949505 0.1935624872296379
0.228148848092656 0.06309060836132467 0.3336051405368829
0.3514381090892585 0.03441502607205053 0.2342430160597247
0.1936526351362181 0.03390222059226203 0.3458644320956301
0.193668029017253 0.0634836512609399 0.3038144668540887
0.3017927632316384 0.02871555435266342 0.1718683873227962
0.300148590642781 0.05370107571647889 0.337362427956255
0.3213242548288752 0.06017537045317171 0.2257278124771285
2 47 0 37
2338
2339
2340
2341
2342
2343
2344
2345
2346
2347
2348
2349
2350
2351
2352
2353
2354
2355
2356
2357
2358
2359
2360
2361
2362
2363
2364
2365
2366
2367
2368
2369
2370
2371
2372
2373
2374
0.6404926072628061 0.03934476579677952 0.4261391983541832
0.8423295088928342 0.04586960085476903 0.4589221387825297
0.7081122522102086 0.04452480844668917 0.2905344347455333
0.8669749033031957 0.03926378781100411 0.3888953438276981
0.729017544922455 0.04575224436692328 0.5034978940290065
0.7969247854681462 0.05006710182565759 0.2954945267270779
0.6479591020970099 0.03948074126414598 0.3431660841853166
0.6335192038152284 0.03366895073933301 0.382078200732431
0.659965225524954 0.06880904591518598 0.3810724174165417
0.6780354627783067 0.07850612615534008 0.4288031511431741
0.7030323002996345 0.09679383897974121 0.3875855392813267
0.7252069701814593 0.09628805865617483 0.4369491846401275
0.7555362717157071 0.1059983894330145 0.3974072378244292
0.7369098003656983 0.09772824777052529 0.3500553027928855
0.7884230889654266 0.09637738128657652 0.3604930419236542
0.7744805114063632 0.09505329717612765 0.4421187556632724
0.7783091744117465 0.04085136262269538 0.505673179580318
0.6857690630587988 0.06999593576056024 0.3309376349471707
0.6652843813188204 0.04561643923463328 0.4651631718140311
0.7727709263644751 0.08404594793094936 0.3238895552182858
0.8181194100757541 0.0697693002836839 0.3314800618165539
0.8341677264077009 0.07570060657111229 0.3754290401806364
0.8550905891698377 0.04000410018002452 0.3438788497511875
0.7449284066704445 0.07572494707257958 0.4786645290158391
0.8431986958260342 0.066869294799589 0.4169669647269776
0.8048769517280248 0.094347436865787 0.4063938382637567
0.7900148287889848 0.06924304961523883 0.4777991439888373
0.7488230724688297 0.03376780180369458 0.2756585641165781
0.835101695688624 0.03690803723624196 0.3124676374789115
0.6704763879402021 0.03613546856290707 0.309366937342574
0.727252632689655 0.07636668170798459 0.3138461357719892
0.7022970707496735 0.07038022283057289 0.4705353050557448
0.8142334235450688 0.08080957396297986 0.4408019565735312
0.8149847386479488 0.03569166142617482 0.4931563611229193
0.8667041847232111 0.03194960739488889 0.4259806732053001
0.7591995487796456 0.06330239843828007 0.2966115991753186
0.6899714850019933 0.0354784710538024 0.4944934104788334
2 48 0 28
2375
2376
2377
2378
2379
2380
2381
2382
2383
2384
2385
2386
2387
2388
2389
2390
2391
2392
2393
2394
2395
2396
2397
2398
2399
2400
2401
2402
0.6450544642406746 0.04432687444562822 0.6456885545459229
0.5357239722730416 0.0421063181198673 0.7691528021427738
0.5131602072526157 0.03438858241366827 0.5863047297300762
0.460512186133236 0.03843369777023518 0.6874359632964054
0.6432778493579552 0.03833033045883094 0.7251682108911465
0.5976788229850045 0.03855865211838842 0.5877138272770484
0.6586312914341468 0.03423373279519795 0.6876774773181646
0.6256332957536717 0.06408006199679749 0.6879209058362467
0.5999235731642956 0.0637482388635562 0.7319507638952185
0.5777356371099591 0.08178132959466348 0.6903940418924271
0.5984537078201853 0.07417621483225859 0.6491492835702901
0.5494305357323882 0.0804465285239762 0.6481914520619015
0.5269509677147984 0.07911971876249425 0.6937057515869712
0.493006534676415 0.06464445041447407 0.6576648939467599
0.5851466430027966 0.04114131288736299 0.7686783166716192
0.5554491338294369 0.07099572432603618 0.7332877401299009
0.5072377036623754 0.05887194133835667 0.7339938259653986
0.5709215473364053 0.06622416315655973 0.6132716663453887
0.5500565163422474 0.03940997349318927 0.5802929046940624
0.4702572205829617 0.03451280478512334 0.7274732493778365
0.4803498249226793 0.03641702564688938 0.6145778581636075
0.4595987970851391 0.03290188946342827 0.6486252032113652
0.6322510650877589 0.03131404299913333 0.6050982624884611
0.495808123103565 0.03167851677082384 0.7595437827779448
0.5235755319141935 0.06291030676162571 0.6155715372462099
0.6117565452184355 0.0567930615197043 0.6193970812557154
0.4893966414225297 0.06149284236967424 0.7009305074331438
0.6214387558663474 0.03268880313108173 0.7574584673802537
2 49 0 17
2403
2404
2405
2406
2407
2408
2409
2410
2411
2412
2413
2414
2415
2416
2417
2418
2419
0.6076484936055245 0.3369936540743085 0.9381653494196658
0.607648493605526 0.412344443135695 0.9381653494196673
0.50784812703503 0.3746690486049999 0.9627981315387011
0.5377544471812379 0.3060590021834596 0.9685839462705297
0.5348449348981985 0.4456654107984316 0.9731022211854508
0.6471064776062246 0.4216913461362385 0.95991743983317
0.6463395179276243 0.3221348653929143 0.9628102118415173
0.6097687831151948 0.4538719292222709 0.966198346334799
0.6070500392509657 0.2980391983240852 0.9627916946348092
0.5086413162568716 0.4104957972412204 0.9706622043169925
0.5436005363022862 0.395537195086976 0.9405393545809912
0.5430441086970208 0.3459305527313059 0.9427628110762027
0.5134199451175737 0.3351927998069996 0.9674949337020197
0.5713740628830765 0.4366300731613624 0.9497884183004001
0.5750266568162825 0.4629412169515066 0.9743821051811774
0.567402741808226 0.3126187219760053 0.9506276181729629
0.5692879046256484 0.2889109503440555 0.9723927790465451
2 50 0 20
2420
2421
2422
2423
2424
2425
2426
2427
2428
2429
2430
2431
2432
2433
2434
2435
2436
2437
2438
2439
0.4586699607430011 0.6303412129000586 0.9615505922064955
0.3709268382365307 0.700389577231469 0.961547010801136
0.4586699607430007 0.810305040307941 0.9615505922064951
0.3883653583964405 0.7764004217698914 0.9614889659851761
0.522810243313876 0.7620233352146126 0.947964504598143
0.5228102433163587 0.6786229179908005 0.9479645046011317
0.4777580083615462 0.6801594365771773 0.9284202740852026
0.4891875386734151 0.7731602246668871 0.9367524775529074
0.3898717905418414 0.6576275423983188 0.965389801340549
0.4109905172080029 0.6874972482199717 0.9349189339023218
0.3976610641192465 0.7359661090487045 0.9379713161670518
0.3658229165213487 0.7418778747646229 0.9683794571490367
0.4304878792779435 0.7791302531918471 0.9394195886394285
0.4152486996591856 0.8064961295866608 0.9700381818050265
0.5032006419735254 0.8026107290873659 0.9660201526150621
0.505828148381551 0.6396310250313348 0.9658862203385434
0.4302673546307734 0.6520723353363492 0.9458195266994824
0.4176370927661667 0.6320401625799188 0.9712859202754716
0.5370311683180994 0.7818071586363454 0.9747306295176192
0.5370760769165076 0.6600330469650231 0.9736352727091323
2 51 0 29
2440
2441
2442
2443
2444
2445
2446
2447
2448
2449
2450
2451
2452
2453
2454
2455
2456
2457
2458
2459
2460
2461
2462
2463
2464
2465
2466
2467
2468
0.781325774876193 0.662827631768482 0.9140644028713193
0.7813257748755098 0.595821480744873 0.9140644028707736
0.6690499989951264 0.6065915358765281 0.9613357940594339
0.6884884079081652 0.6879165613036375 0.9584582880231782
0.7210477642000597 0.5438390543308763 0.959258244325669
0.8409748326181736 0.6903123029079722 0.9660896094078464
0.8381803314461922 0.5699438764096564 0.9606415045644283
0.7627434914105237 0.7248468684320793 0.9598913639914018
0.8204995773338521 0.5936231813255213 0.9300144423784661
0.7929357878573196 0.5598080627094498 0.9365149700840716
0.8163270350734763 0.6628941589822785 0.9266937052847782
0.7449935984511277 0.5661457830558738 0.9283619061256683
0.7284986868874598 0.6074061993369254 0.9149447808397954
0.7062762910727283 0.584039806120905 0.9335743457532617
0.798265056854354 0.7021902118028881 0.9415900483481721
0.6936542194936635 0.6311906301998743 0.9309562610702379
0.7302412927148398 0.6618908195260327 0.9171645508428317
0.7276486245313984 0.701235277443331 0.9405414633663632
0.7680286860394865 0.5317284353961316 0.9635326461651208
0.8072222677379762 0.5377808284373347 0.9710943858151404
0.6648558816963934 0.646589280054972 0.9665024036055631
0.6863188047577362 0.5655031937151352 0.9668116226576701
0.8475432541385337 0.6015163497040352 0.9509635575922736
0.8503592397993575 0.6561159422417454 0.9541258419378048
0.7188647395792427 0.7210981008739377 0.9710064695831832
0.8079623411339154 0.7213796067582283 0.9727428328618609
0.7614862217710939 0.694278074862098 0.9278938915992689
0.8620898111501896 0.6005917576398851 0.9746111734266746
0.862939217450403 0.6578365869197317 0.9763521775846938
2 52 0 31
2469
2470
2471
2472
2473
2474
2475
2476
2477
2478
2479
2480
2481
2482
2483
2484
2485
2486
2487
2488
2489
2490
2491
2492
2493
2494
2495
2496
2497
2498
2499
0.2650487620136333 0.2846191989008573 0.08472993102638587
0.2650487620136517 0.3539873023391649 0.08472993102637644
0.145281424845295 0.3201145466280011 0.04098727407015178
0.1717927718047468 0.2435917038769526 0.0332363963445791
0.1778704000891964 0.3942607311084171 0.04009503846156414
0.2579569506088658 0.2161521663369895 0.03618090901949
0.2581987835282962 0.4238867446673829 0.03399780748877695
0.3311458644849365 0.2574567717513599 0.03378196088057762
0.3309433064735637 0.3818844110309803 0.03336398913011004
0.3073243263392872 0.3568172508750483 0.06839558884374261
0.3018061734326775 0.284529398218497 0.07243737303939146
0.2856117315955722 0.3965674153732733 0.05620398831240433
0.2884869595128869 0.2439554782997558 0.05650573060707911
0.2300215944965382 0.3987010493827471 0.06161911637916258
0.2145686045070924 0.3491096013911787 0.08354073248508068
0.24066141059892 0.2468006545814798 0.06800829754591645
0.2167247027454742 0.291473276047834 0.08456863330866535
0.1738006570664218 0.3190652633683003 0.06854425433954081
0.1761399779204264 0.3577590427207252 0.0628115362548686
0.1701151546516064 0.2831309596016909 0.05912026494937599
0.2149088542683908 0.421978463031267 0.0310259558911544
0.2124533865047666 0.2209200571233568 0.03621057648825741
0.1491459446438361 0.3655130897270865 0.03125432759913697
0.3368242396145235 0.3472476151067163 0.04739002443871875
0.3340063519667167 0.2921903960711722 0.05069231055936946
0.1469990767605782 0.2757170844180551 0.02984103979079245
0.2007394556242156 0.2548410593899073 0.06353631662930972
0.3000854943898827 0.41531823187241 0.02557931955660029
0.300953423809476 0.2241294992814107 0.02612429666536829
0.3565159767194111 0.3431204768982798 0.0197209747098702
0.3525907513708205 0.2902594575471372 0.02481903339141521
2 53 0 20
2500
2501
2502
2503
2504
2505
2506
2507
2508
2509
2510
2511
2512
2513
2514
2515
2516
2517
2518
2519
0.7288427868029637 0.4683346337630919 0.0357178630709608
0.6408222303294345 0.402040573894131 0.03642980932205502
0.7234902938320006 0.2981696564808235 0.03629793943588916
0.6557983168314427 0.3299947791224438 0.03496304135992293
0.7840233650245244 0.4224321814659117 0.04910152289670143
0.7840233650266323 0.3437535693817798 0.04910152289411697
0.7499768618879462 0.3360408124031367 0.06174269000958425
0.7403320026468599 0.4214710601639323 0.06753452038622638
0.6861661769767357 0.4609518729599723 0.03458186996459045
0.7678133052431843 0.4594364409096243 0.03212588844222586
0.767292694214494 0.3058371302715653 0.03142458991034822
0.6934355043361857 0.3344214455442993 0.05988886919803665
0.6345955359160331 0.3646584461962515 0.02871367891003647
0.6701030627178796 0.3755749679288657 0.06178755600041706
0.6732740010044602 0.4274616153077547 0.05326799151551299
0.6816846858307488 0.3017053056715928 0.02769549147629018
0.651644791659296 0.4419493786585753 0.02564797532969806
0.7112742630605292 0.4421999638849884 0.05792373460210921
0.7944404308146474 0.446208185439342 0.0223521282882717
0.7973696007934432 0.3250240315060435 0.02395153059631577
2 54 0 31
2520
2521
2522
2523
2524
2525
2526
2527
2528
2529
2530
2531
2532
2533
2534
2535
2536
2537
2538
2539
2540
2541
2542
2543
2544
2545
2546
2547
2548
2549
2550
0.7832012615286921 0.6168980433144581 0.08373479558437877
0.7832012615287138 0.6852585706195706 0.08373479558436683
0.6652504172337337 0.6500189272279638 0.04040587004357568
0.6973327982958719 0.5772460551427427 0.03949585961199967
0.695553128880564 0.7248723729931708 0.03785760074582825
0.7761531237956112 0.5495313636636967 0.03568627646414838
0.7763734101250076 0.7540636402108558 0.03347545998330223
0.8482123454261113 0.5902093620779798 0.03336157120737115
0.8480109401736307 0.7126703251432034 0.03294892700455501
0.8193962050179012 0.6168108862928063 0.07157655289112989
0.8248218755876333 0.688037891038154 0.06758293852998726
0.8034680857014721 0.7271947565728532 0.05547605568201522
0.8061979420671884 0.576859635934988 0.05583197015972556
0.7534694546381674 0.7232151205444765 0.06622557591933739
0.7328166909165877 0.6798946454922984 0.08252410962474357
0.7520409356147355 0.574560999580662 0.06272403985636225
0.7351682985129621 0.6246725327579841 0.08370656892735952
0.6981086440734373 0.650829883228385 0.07092179273822909
0.7333154313591881 0.7466587136568141 0.03831522733863157
0.7325423001758455 0.5499578717966918 0.0298536148868937
0.6691146833742077 0.6043708628092954 0.02993491826465156
0.6889331589777367 0.6867997275248596 0.05772928426594003
0.7042048161123573 0.6098143184748993 0.06633116947632509
0.8538310113797627 0.6786082580496235 0.04681551496312343
0.8510688471012898 0.6243638134839696 0.05007502751854725
0.6666544219256652 0.6942284222566808 0.02870207186667978
0.8176368165404609 0.745557265739005 0.0252277501415995
0.8184681381273962 0.55742712529633 0.02579123517843945
0.7164245340209399 0.7101322296644118 0.06394672795916181
0.8692902509034907 0.622495219732055 0.02450682352274585
0.8731440936902588 0.6745026769873947 0.01945728204851434
2 55 0 23
2551
2552
2553
2554
2555
2556
2557
2558
2559
2560
2561
2562
2563
2564
2565
2566
2567
2568
2569
2570
2571
2572
2573
0.2844794496608576 0.9591081446058636 0.3389144657655999
0.3456618410631331 0.9611057015685961 0.2172048546414277
0.2083332855726331 0.9614912923315047 0.1836725034235686
0.1741383558097603 0.9622769968707369 0.2554261077497388
0.2064983608305726 0.9592084074244019 0.3197327175800152
0.2845752333370677 0.9558224601477181 0.1710649434150817
0.3411664100214007 0.9544842376264077 0.2869075508298645
0.1792624175496209 0.966041954486765 0.2164588579025719
0.2061718781019896 0.9352743137071949 0.2317378839652786
0.2480689974748735 0.9313764529771826 0.2002285169461562
0.2506107601704399 0.9173056004993941 0.2501706340449252
0.3029363591816222 0.9296788234494691 0.2178473050400238
0.3001465170871879 0.9235825715784096 0.2694989228285748
0.2540345143629537 0.9289803025686267 0.3039745063163336
0.2053358452061202 0.9364711183348524 0.2781029845571009
0.325890865878374 0.9701778059389596 0.1809153290279673
0.2429058463260479 0.964552019010006 0.3427890680136481
0.1784228625364062 0.9690994188182739 0.2936590488730507
0.2472889024936963 0.9629101146012033 0.164653725535324
0.3222211648007899 0.9666345896131379 0.326410943982048
0.3572767721502131 0.9666340183611926 0.2514378706823079
0.3015144972144583 0.9385428830674827 0.3088085591168749
0.3311092215169832 0.9390229375960277 0.2465907771149513
2 56 0 29
2574
2575
2576
2577
2578
2579
2580
2581
2582
2583
2584
2585
2586
2587
2588
2589
2590
2591
2592
2593
2594
2595
2596
2597
2598
2599
2600
2601
2602
0.3085599719209808 0.9588567423698732 0.5554066868183254
0.1250920642813609 0.9611859835620796 0.5915059774914355
0.1158505389027825 0.9634335865289465 0.5132105481444423
0.2329196151626218 0.9539031131107389 0.6350469732513175
0.2529299767394997 0.9577441824334807 0.4557137196437602
0.1714865868094291 0.9608503699635982 0.4530101719557406
0.2131165920190903 0.9668311385603054 0.440911856314412
0.2073612603381357 0.9303261865161128 0.472706467751433
0.2508089752506543 0.9257413424886038 0.4923260516703686
0.2069070603839925 0.9096980928728673 0.5167450736006916
0.2495200891569052 0.9128593860802539 0.5398259895444006
0.2078059091415867 0.9089304949132272 0.5665919841982346
0.1697817640871421 0.9142945738476659 0.5433789667567406
0.2495104563725485 0.9237330117670713 0.5913714382985391
0.2747012899741859 0.9652010746181314 0.6229762174760491
0.1617544299925527 0.9297358594169521 0.5923759928282994
0.1843266956705552 0.9525143822651013 0.6323013798393278
0.1583097445083476 0.9318302403580947 0.493989489206664
0.2861587311296764 0.9550049835949507 0.4844617585694485
0.2067930517553875 0.9262346125691751 0.6081937360699357
0.1314942153067974 0.9384908702703888 0.5491252464199387
0.1358204896748716 0.9669673897390714 0.4744172090927884
0.2852767311473221 0.9445308139244551 0.5886216439580289
0.2811467972107653 0.9329147100633345 0.5175599707439594
0.3098222897792282 0.9670320175306079 0.5134691428992606
0.1475341101240628 0.9645907949452313 0.6215647279438361
0.1078174695492381 0.9704622876781925 0.5534488493056539
0.3031581026371044 0.970193348202557 0.5933983561094449
0.2809319608858111 0.9300245376355687 0.5560700232823641
2 57 0 27
2603
2604
2605
2606
2607
2608
2609
2610
2611
2612
2613
2614
2615
2616
2617
2618
2619
2620
2621
2622
2623
2624
2625
2626
2627
2628
2629
0.6244796204298992 0.9592387315753829 0.5612545571616054
0.4790686286301504 0.9591498146059911 0.5943720120394554
0.4767544881624178 0.9618229957043993 0.4449632983514502
0.4375275384268202 0.9684415450717245 0.5181961141074249
0.624534680693027 0.9592375938965176 0.4785897090291578
0.5597683474166613 0.9589913115391255 0.4270387429934602
0.5597414794461241 0.9590917821061757 0.6127655736445483
0.6376144425851566 0.9650555544012391 0.5185009828306182
0.6078669731656769 0.9319314948328554 0.5162195801948586
0.5853989527865918 0.9262890426220206 0.559281509897657
0.5612235603228124 0.9109755037717995 0.5167323135042027
0.5353236638684576 0.9152186605205372 0.5580064467363265
0.5090559110394245 0.9125202766867011 0.5184396179915661
0.53667631742524 0.9184752169910239 0.4733964651359061
0.5859432535460606 0.9310747441478868 0.470729464824262
0.4871349903822761 0.928795566178383 0.5597508587938365
0.488006901209166 0.9298244747561755 0.4765676457010478
0.5136002451460238 0.9429173699862168 0.4417671977758544
0.60352910705434 0.9688907688527153 0.4422030002714502
0.598760400818414 0.958095627447316 0.5928245761476028
0.4483821377355161 0.965082254686325 0.5610175580421851
0.4501980979284461 0.9629547852919595 0.4778784653539897
0.5239452955766899 0.9634014905549804 0.6168580312487526
0.4654547493545247 0.9348309290511196 0.517816710833602
0.5202647722287644 0.9346943519101414 0.5904821231272264
0.5595818198870607 0.932103442152351 0.5862620170524623
0.5119953743082329 0.9757592509195262 0.4185728909821058
2 58 0 31
2630
2631
2632
2633
2634
2635
2636
2637
2638
2639
2640
2641
2642
2643
2644
2645
2646
2647
2648
2649
2650
2651
2652
2653
2654
2655
2656
2657
2658
2659
2660
0.9693793011600088 0.6795969621976526 0.4442678855376532
0.9610062485057139 0.6847388978083001 0.2733923124980701
0.963274986189203 0.8422485028572192 0.3725769093698798
0.949566808340272 0.7622342563806519 0.2690090536001347
0.9627065851984538 0.7609832794572589 0.4569141054224692
0.963188886162384 0.8269896814568281 0.3012918998981849
0.9628718112570693 0.6409094609891108 0.3771611339196723
0.9740974402247233 0.8021330675502519 0.4481390345140059
0.9380452671782964 0.7832855518968254 0.4212210642387545
0.9315685250418141 0.735690815118673 0.4241139056880397
0.9164561668368288 0.7559077324372047 0.3849066608689206
0.9196247899411558 0.7092811829685904 0.3848239737012853
0.9138767789227553 0.728807991569504 0.3424395542684668
0.9193768872410175 0.7790094523597706 0.3400287161010163
0.9316860069914832 0.6737834752132638 0.349455888916148
0.9232812496126758 0.7508492804332945 0.3062134490891258
0.932963262346364 0.8068787570945904 0.3795629390118259
0.9412151691901477 0.8202303586492851 0.3396843151772871
0.9299533260767404 0.7025961928912036 0.3047563867118633
0.9663932538146515 0.8285353642308031 0.4144194861925903
0.9539301526499463 0.6599452345403415 0.3080951637574675
0.9673676523464361 0.6373488602999852 0.3376443351327633
0.9652609602941528 0.6546620250665423 0.4147059055535612
0.9658591055432366 0.8044970547976312 0.2740464926257355
0.9593599191356617 0.7162163826419713 0.4530792183226441
0.9633983846794439 0.719976965857549 0.2565184606898581
0.9365400781586752 0.7323230325059832 0.2824535048366548
0.9375566490609493 0.7940632994903515 0.301997520532935
0.9702698894103382 0.8463891650199027 0.3360914263316114
0.9383010787893972 0.6711060643039148 0.3899356431138519
0.9394114633827282 0.6930520007224577 0.4193817804303999
2 59 0 30
2661
2662
2663
2664
2665
2666
2667
2668
2669
2670
2671
2672
2673
2674
2675
2676
2677
2678
2679
2680
2681
2682
2683
2684
2685
2686
2687
2688
2689
2690
0.9595295677030851 0.6731509196124859 0.8639944946246401
0.958984259780466 0.592641691236001 0.7715046876664456
0.9562131954856699 0.7946688735274167 0.7699292728664443
0.9595338098287951 0.694231267317486 0.6612323490923908
0.9571248884210585 0.7696197163219584 0.6962783072060642
0.9601445812060528 0.6147474612571748 0.6987462444174929
0.9570198378715853 0.7560222190065783 0.8437066256052174
0.9664610957673312 0.6359131428373346 0.8527076395577702
0.9319889419269949 0.6537985374786999 0.8312472014598176
0.9573748759906944 0.6094344737596412 0.8184078476483064
0.9290049030456458 0.7027353421409968 0.8385098334796659
0.9080072812709957 0.6818491737685121 0.7966142294560684
0.915489347256813 0.7340487080430292 0.8005174383221157
0.9042117670955454 0.7111381222975066 0.7552637059745576
0.9092699661251874 0.6594527722966264 0.7463405102026403
0.910951573410582 0.6944993817626407 0.7199951801215714
0.9202627185687926 0.7571573809757784 0.7625846186654807
0.9243044001831663 0.6288635127736424 0.7846426848643956
0.9347714803634486 0.6169283702271074 0.7373079370911663
0.9588280942713644 0.7196108901878081 0.8626661000647344
0.9379617836996995 0.7717051886061173 0.79999985744422
0.9197454977140846 0.7335742592103258 0.7158553476335676
0.967003166483926 0.7378011984988049 0.6660865383060569
0.9662575446818731 0.7951485501510981 0.7291461907294776
0.9649526128095217 0.651995461954659 0.6669588828870017
0.9261454119987278 0.6592980265333073 0.7015385335761841
0.9340968685532874 0.7162745724679647 0.6854903974409907
0.9677156039765666 0.5924644581175136 0.7309077605457485
0.9676240364523586 0.7894726121855602 0.8133581842136105
0.9381746556252603 0.7737498258546177 0.731623579561629
2 60 0 35
2691
2692
2693
2694
2695
2696
2697
2698
2699
2700
2701
2702
2703
2704
2705
2706
2707
2708
2709
2710
2711
2712
2713
2714
2715
2716
2717
2718
2719
2720
2721
2722
2723
2724
2725
0.9637389727752161 0.1115775800939688 0.6652003108353071
0.959884979744188 0.1982466697446026 0.5312171763275095
0.959953888031956 0.3110032717539712 0.6991888208459758
0.959922010884839 0.327280085852419 0.6171292879349666
0.9599133162353291 0.1985547129058918 0.7457767529487496
0.9599725482320223 0.1287321115707737 0.577933767391805
0.9598987672915227 0.2806070970035649 0.5473918569160922
0.9653460020233918 0.3147461039209616 0.5779170568715405
0.929334885918039 0.2930818461239973 0.5971097593643558
0.922718219071967 0.2488213800530913 0.5683499451577716
0.9037744532859933 0.2515820255386937 0.6157946094103823
0.9068193063657896 0.2071131483412836 0.5928614299333271
0.8982015702129675 0.2090645731000715 0.6421925114954083
0.905879019615256 0.255638401594237 0.6657765601137881
0.9104166078863799 0.1669995071790241 0.6217860315476801
0.9124390653692335 0.1695732878100628 0.6701318369223509
0.928264692712966 0.302197367008471 0.6477968486094013
0.9545536107931357 0.2444608599059911 0.5352716762695702
0.9298787334833756 0.1664132523874846 0.5729048358060728
0.9647408734925474 0.155563852711154 0.5466131235070892
0.9082386224560091 0.2135341583572119 0.6888162941195991
0.9531709104737411 0.2444326821104469 0.7406921387199218
0.9256899476065382 0.2535918927634204 0.7106786531887997
0.9293430309539537 0.1794127722183698 0.7120623280983346
0.9382894602798997 0.1419199373335862 0.6894911300915653
0.9595819622374099 0.1545893053616406 0.7259817268495303
0.96038344943786 0.1116123518525212 0.6211290167179427
0.9657437774504118 0.3309284880060726 0.6580101392142069
0.9310504327920019 0.1343470833157618 0.6460364986317285
0.9265954634876539 0.2101922318485554 0.5582571540650106
0.9609108985913606 0.2842716673278591 0.7277080562555163
0.9277875791631824 0.2862773191124208 0.6870393920724105
0.9345182234720626 0.1358537792486522 0.607591022025629
0.9318332342945753 0.2172394939175879 0.7251947159168048
0.9700009344847833 0.1248909373444175 0.7028894568541659
3 1 0 558
2726
2727
2728
2729
2730
2731
2732
2733
2734
2735
2736
2737
2738
2739
2740
2741
2742
2743
2744
2745
2746
2747
2748
2749
2750
2751
2752
2753
2754
2755
2756
2757
2758
2759
2760
2761
2762
2763
2764
2765
2766
2767
2768
2769
2770
2771
2772
2773
2774
2775
2776
2777
2778
2779
2780
2781
2782
2783
2784
2785
2786
2787
2788
2789
2790
2791
2792
2793
2794
2795
2796
2797
2798
2799
2800
2801
2802
2803
2804
2805
2806
2807
2808
2809
2810
2811
2812
2813
2814
2815
2816
2817
2818
2819
2820
2821
2822
2823
2824
2825
2826
2827
2828
2829
2830
2831
2832
2833
2834
2835
2836
2837
2838
2839
2840
2841
2842
2843
2844
2845
2846
2847
2848
2849
2850
2851
2852
2853
2854
2855
2856
2857
2858
2859
2860
2861
2862
2863
2864
2865
2866
2867
2868
2869
2870
2871
2872
2873
2874
2875
2876
2877
2878
2879
2880
2881
2882
2883
2884
2885
2886
2887
2888
2889
2890
2891
2892
2893
2894
2895
2896
2897
2898
2899
2900
2901
2902
2903
2904
2905
2906
2907
2908
2909
2910
2911
2912
2913
2914
2915
2916
2917
2918
2919
2920
2921
2922
2923
2924
2925
2926
2927
2928
2929
2930
2931
2932
2933
2934
2935
2936
2937
2938
2939
2940
2941
2942
2943
2944
2945
2946
2947
2948
2949
2950
2951
2952
2953
2954
2955
2956
2957
2958
2959
2960
2961
2962
2963
2964
2965
2966
2967
2968
2969
2970
2971
2972
2973
2974
2975
2976
2977
2978
2979
2980
2981
2982
2983
2984
2985
2986
2987
2988
2989
2990
2991
2992
2993
2994
2995
2996
2997
2998
2999
3000
3001
3002
3003
3004
3005
3006
3007
3008
3009
3010
3011
3012
3013
3014
3015
3016
3017
3018
3019
3020
3021
3022
3023
3024
3025
3026
3027
3028
3029
3030
3031
3032
3033
3034
3035
3036
3037
3038
3039
3040
3041
3042
3043
3044
3045
3046
3047
3048
3049
3050
3051
3052
3053
3054
3055
3056
3057
3058
3059
3060
3061
3062
3063
3064
3065
3066
3067
3068
3069
3070
3071
3072
3073
3074
3075
3076
3077
3078
3079
3080
3081
3082
3083
3084
3085
3086
3087
3088
3089
3090
3091
3092
3093
3094
3095
3096
3097
3098
3099
3100
3101
3102
3103
3104
3105
3106
3107
3108
3109
3110
3111
3112
3113
3114
3115
3116
3117
3118
3119
3120
3121
3122
3123
3124
3125
3126
3127
3128
3129
3130
3131
3132
3133
3134
3135
3136
3137
3138
3139
3140
3141
3142
3143
3144
3145
3146
3147
3148
3149
3150
3151
3152
3153
3154
3155
3156
3157
3158
3159
3160
3161
3162
3163
3164
3165
3166
3167
3168
3169
3170
3171
3172
3173
3174
3175
3176
3177
3178
3179
3180
3181
3182
3183
3184
3185
3186
3187
3188
3189
3190
3191
3192
3193
3194
3195
3196
3197
3198
3199
3200
3201
3202
3203
3204
3205
3206
3207
3208
3209
3210
3211
3212
3213
3214
3215
3216
3217
3218
3219
3220
3221
3222
3223
3224
3225
3226
3227
3228
3229
3230
3231
3232
3233
3234
3235
3236
3237
3238
3239
3240
3241
3242
3243
3244
3245
3246
3247
3248
3249
3250
3251
3252
3253
3254
3255
3256
3257
3258
3259
3260
3261
3262
3263
3264
3265
3266
3267
3268
3269
3270
3271
3272
3273
3274
3275
3276
3277
3278
3279
3280
3281
3282
3283
0.08349546374660607 0.561956868880091 0.3087903793335595
0.07940338444341841 0.714667236677587 0.3636991611580436
0.88557163782449 0.07896509657517589 0.7099820917582835
0.4048138098916359 0.9195888372465192 0.2896498552228302
0.3757261922720349 0.8421372749626775 0.2161143462344808
0.4539064755766608 0.8165251080364665 0.2151486159579642
0.4120052198592855 0.2745661367629657 0.1737316740606949
0.4827826141410984 0.5365662659625722 0.6640117045718898
0.520313539952643 0.5627692557940737 0.5824572704866681
0.6590948598547384 0.2986431835931946 0.1941461735405374
0.7496892741059877 0.2221614013179292 0.09866305715519801
0.7368522173430992 0.2317316756186472 0.2326660705462216
0.6440267508847619 0.2375948029466521 0.09938430481387905
0.5752539140408647 0.9190127631047894 0.2384364865418352
0.5063202417128215 0.8827838900045129 0.1729839743921519
0.4501414040618382 0.616837909499612 0.3510961484291532
0.4656152974322862 0.4767221958968825 0.3116850475441088
0.4737555686262095 0.5303139922637377 0.4134365055923722
0.5951765900470716 0.8647253089364955 0.4607812632087991
0.6393778696394373 0.7428450273112885 0.4771865074893067
0.609525958058736 0.8472002160309522 0.5726256491593801
0.4323088748185223 0.5309357800944008 0.07344819248504833
0.310604101283195 0.5790112465166591 0.07126769807525021
0.3200133184857039 0.4931696814106808 0.3487933662976381
0.4395996912284814 0.4459714549672738 0.411737712181015
0.7178355578240356 0.3262346624483891 0.282132746419948
0.818456656146012 0.293393688588922 0.2539040675458606
0.5330012529719679 0.7955170355154573 0.1951316301383412
0.6142756257237562 0.5514938772189407 0.09713827644138355
0.6217863609391711 0.4728800367539357 0.06739036906553082
0.1464870910105865 0.5856625089169092 0.1516051702781947
0.1073456158910865 0.6369909621405418 0.09686292141887286
0.3170331886453553 0.5825069491549907 0.2359018766105075
0.2176969415658931 0.6858302628912892 0.2184435758670145
0.252643001449277 0.59522113472357 0.3098817594065039
0.1986056914681733 0.664361535606095 0.120628755835396
0.2749205757206074 0.7286736274250992 0.3249056093954387
0.3159447966809299 0.8002401709307709 0.2594595005086109
0.2695659291598296 0.7560267477164346 0.2011523939219855
0.2051773940309621 0.8032649457955351 0.3130408247165984
0.1942113724351222 0.9051351021082349 0.07655930403421542
0.2800037194936263 0.6550433106251737 0.08068002291155432
0.293676880223002 0.7892597069483394 0.08258260394128422
0.1230139141137299 0.7631462599766822 0.1619222380361936
0.06660388082283331 0.8298505618816434 0.1337144827559705
0.147138983842958 0.7499133714680495 0.07276191838164789
0.2067322469190723 0.7961751218907469 0.1395720318133834
0.2886090266878773 0.8868488132567651 0.1443481224632985
0.1810315832449288 0.6774315586493322 0.3176070758504771
0.16570472515531 0.5493767798420964 0.37764686534278
0.140654752100899 0.6238567469105557 0.4410073773683342
0.5220836016712989 0.5248222361904133 0.1782157558995875
0.5846663825014814 0.5748439491340204 0.2384499955833602
0.2228955984854024 0.5648531164666055 0.08979265575443428
0.4653433050640252 0.8807789868302641 0.07873283235091158
0.5210564917908209 0.7974019975821081 0.07396037649951616
0.5889167183297206 0.7165056858272416 0.1096247313799762
0.5236382280219863 0.587533226525095 0.07212738816449926
0.7791956903292272 0.7356333955644246 0.1203138076386846
0.3755482501380085 0.8781586249899629 0.1161569425384763
0.154650902883869 0.8950559566187839 0.2821698926609584
0.1245394454470988 0.8359484311824148 0.2274776534141661
0.12694033336776 0.8634413094494655 0.3645954182817051
0.5494125254202019 0.3625881136629145 0.07946697934042665
0.3242577289058999 0.4905801888050366 0.1346442127560549
0.3166140859675142 0.1882331494853589 0.07864705602086539
0.2757425878869456 0.2947062966789078 0.1728718417346066
0.7356013170438673 0.07737701360734509 0.6867831023060412
0.7785366727132982 0.1616385492767458 0.75929404240585
0.7991440834907291 0.06977348867671962 0.6238946051917404
0.7384354943417941 0.1548373715643011 0.6236933946059764
0.5464633721860246 0.6942542220749042 0.228674517881043
0.08749091049822588 0.4582481776658286 0.3824682633322918
0.3082053478018621 0.3931165490448646 0.1669768282047577
0.3647310928663099 0.3584562076276434 0.2663840399634643
0.4835291490714652 0.4250966905297017 0.1429352814816394
0.3281574045829208 0.4897510811998572 0.2370837683354679
0.3481197549803645 0.5887673268167288 0.348386193960838
0.445736772579128 0.5605374325564467 0.2370929064467457
0.08549354841960707 0.5478259497603672 0.07485333875943022
0.7327138777975276 0.7441139203716868 0.4356546366080402
0.7650069450440854 0.817577003172385 0.4940738648662767
0.6853680080321063 0.8674279240317129 0.4811268444861915
0.4263563537353584 0.3573845268424534 0.07961276688699728
0.4979275248042379 0.3056331887554141 0.1401849044222981
0.2655341092722686 0.6183415149419704 0.1677922003601008
0.1136238073979432 0.4719306721179474 0.1496583783687063
0.1164797962005937 0.5318802870288244 0.2209656900916058
0.6899087280571228 0.09516351733201792 0.7685069603546868
0.3835655773015051 0.2191041044326446 0.3025003647254077
0.2018956327571378 0.8772711562752892 0.1842768674112916
0.1913505457674684 0.1271901415826165 0.09330205171051707
0.7236233220255687 0.1153973595734343 0.2415165277416837
0.6908564607052454 0.1322531253173166 0.1378147021963866
0.1656174230530012 0.6115829157871739 0.2410989638169686
0.2096562030175584 0.4769114579984213 0.1719406573520686
0.1176689179583075 0.2896619492450427 0.2227590838000973
0.1893674376171596 0.2504853240114975 0.1659208170864828
0.08188465543839932 0.3266258016274771 0.1171659276795073
0.1371243305917087 0.3879422231919001 0.1167218775709625
0.1861082483077562 0.4584608934064969 0.07600725331617533
0.2231856630274852 0.3954581332287186 0.1361098300433617
0.1276237641698089 0.4095280433909045 0.2185493441986037
0.4570147893424396 0.3393156219082414 0.231495402201813
0.2530031392467156 0.5123408587512082 0.9205564355243243
0.1022183384016961 0.4045632399712795 0.2948116620221202
0.185530820226795 0.4533205331832084 0.3522611919426859
0.2328171219145184 0.3717960296912507 0.2271098636882108
0.8131409253840071 0.3997295961809836 0.1133023274643102
0.9212057686105155 0.3956160984862236 0.09759585504329808
0.8525162160272295 0.3190127792462694 0.07488017395057617
0.3602817141995989 0.1284427069932618 0.1942750840403596
0.2962487072244008 0.1525946061661836 0.2701681752240717
0.2565186563581868 0.1806310595730049 0.185831296746799
0.1867288606529977 0.0967879392561868 0.3749746857042164
0.08858598848431115 0.9020844004966923 0.08436585070110672
0.09953428921375214 0.09389025491689267 0.3528038221558924
0.1552740518217219 0.09355023516321458 0.4626928766439077
0.5927593627505763 0.9236026980708553 0.6715870366761457
0.4933402617553784 0.8881141034447979 0.736665173876308
0.549058513451431 0.8357572953560829 0.8219839682680832
0.09815338323595979 0.9156429245171547 0.1875074472154723
0.6567538379602769 0.60649228206108 0.4411059578571085
0.6360889650309757 0.6418269639093903 0.6008090607728305
0.5574468290211114 0.646875146694299 0.4789482664216104
0.3835762723222438 0.917920650649982 0.5867631865935209
0.1852635221066173 0.1344801821675943 0.2810566181639039
0.263458161296346 0.138071243960356 0.3526309749000623
0.5562696333130757 0.3570675532876996 0.2361609800641283
0.5127390378260579 0.3206925357707003 0.3616007957880506
0.5325684023987044 0.4343131558255572 0.3768362254054293
0.2386425740349145 0.8249837345825406 0.5822665941830932
0.1943622041683358 0.221047539101629 0.3995368591951233
0.4027272216016389 0.8990992704996885 0.6825180147231784
0.4790574688276751 0.8755550997805607 0.6050908332922593
0.3125032855423339 0.8778725256781774 0.310881711546461
0.4070624073646062 0.9221410485952395 0.4549467873929441
0.3232397366805452 0.8541776305092201 0.4911268517508894
0.4135593890223392 0.8664958227955264 0.5192229024161692
0.2616910934377147 0.5593737997491963 0.4151732480735203
0.07658653950092099 0.1758399264874092 0.07977414399892005
0.1229135325827472 0.7406276453383441 0.2913589869109785
0.3518937693143969 0.4140801133987064 0.3896346928475499
0.2483418252240164 0.3108378852252672 0.3741296605591206
0.106684097497422 0.09018990451973249 0.1263962173152432
0.1629078685592812 0.1366557926883791 0.1885431152902929
0.09450983978218408 0.220557295214537 0.1760018659998083
0.0967042948199679 0.2619490594063154 0.06866288984173315
0.2333767913328846 0.6232081207373833 0.4779343833317031
0.3254505120630829 0.7496622759023664 0.4150951382939769
0.2100263199129802 0.7349830383152258 0.4363007375267055
0.5153706276807321 0.6303721099716454 0.2848481476482218
0.2231260600169635 0.90463000364961 0.3725007517568976
0.3525296560433861 0.6498691777191997 0.45786148311804
0.2339708145294484 0.7155072751494779 0.5343264484880839
0.2175315549056827 0.851904184419003 0.4724672919688117
0.4876091424696881 0.9287270990237027 0.3662771066204506
0.5537456967888632 0.8657177439178347 0.319865727396214
0.07228474387797568 0.2995882541006069 0.4429997146072121
0.132180577587217 0.2481828926661183 0.4765482351233565
0.1085016526905967 0.31501231519461 0.5221260321129364
0.1565783277793157 0.3658849947788152 0.4378198487209921
0.3244950689799261 0.8463500047554089 0.6411706746179294
0.4215242235420713 0.8201772520920982 0.30636277638117
0.1665588134740278 0.4383279736277305 0.7204659303620015
0.2042211763334117 0.4435752865919276 0.8230143350883036
0.1660714407032128 0.3109830019853527 0.7683767919922033
0.2505712675927204 0.3889247201339255 0.6968544557761454
0.2531496076938754 0.487070952283877 0.6669948004801396
0.08862453737566783 0.4231333817810192 0.6306923516046812
0.1457548315107786 0.5237174284244863 0.642831047701511
0.08606607032874773 0.5336935578987103 0.7288365000459157
0.4535639738253052 0.8175767815339419 0.4416202304442978
0.5155402376358015 0.8468444001058313 0.5323529360534214
0.6202830162197083 0.9298226751185925 0.1282804901941381
0.7247045441046103 0.85332743339289 0.1261301790960818
0.6648846455520662 0.9219111396884598 0.2364716248611006
0.2900481850288246 0.8983555550842306 0.4244535552132421
0.63999184059421 0.8390581174910905 0.2570769068869552
0.6374065873450958 0.9135142179982644 0.327237746654999
0.7251994215779375 0.6709868598030924 0.3586921137541335
0.6920520016304839 0.6100765590962682 0.2439229347892669
0.5653146802392068 0.6767201156129874 0.3546344853763641
0.6527412721729824 0.7072578955696857 0.2007862769664031
0.8442646795514592 0.9059094450248755 0.1443983955100213
0.7421104543516491 0.8148451692488494 0.204158036232327
0.5579700450881649 0.5387956952735554 0.3422560279410156
0.1118105640957606 0.7387945375502579 0.4922665376710728
0.09589935524710411 0.8433777859009681 0.5118601347025055
0.4702347292839987 0.6248063449575271 0.5473772451800131
0.5002877087687195 0.7375153475616256 0.4771756306163317
0.4382176111762036 0.6925169381035871 0.421283790836841
0.5275407258325537 0.7668102307026796 0.2868815147489374
0.5504040563544861 0.7809403636898691 0.3945481935088812
0.6396239808048929 0.8522177628171869 0.3868464775425237
0.6809221298147241 0.77026223231374 0.3503178638289678
0.6169723858499057 0.8121748528437208 0.1485306710183615
0.07493851765857684 0.3912912008114249 0.7249090596482328
0.1644591452457639 0.3979894235524317 0.5366999679764033
0.1176688319899483 0.3064267585182342 0.6449555036074905
0.2746569733374036 0.1802820444102159 0.667822543083354
0.1837906929777728 0.1389111653577409 0.6709113800386204
0.3255974548727198 0.1214000250602751 0.6849750650227201
0.2467341816209708 0.08597426581506692 0.7343434304045335
0.6731372497315095 0.7883362799569869 0.07664272408339205
0.6642439617010945 0.6275264295844691 0.1450322887907875
0.5606890967859091 0.6456702126738703 0.1505962582181937
0.2426968902261578 0.2160075927166271 0.7681830605509845
0.8141620177667361 0.7768072420570786 0.226483541880665
0.8663632245524102 0.7018934293815 0.1741112445080067
0.8521180757103356 0.6804393996010296 0.2660728703753948
0.7581282455699561 0.7135930124488794 0.2042161578326079
0.8190904478316153 0.8124419069535503 0.1147420862546207
0.77251183339883 0.9284764479427448 0.1977762308953747
0.9250289097311657 0.8694259657033733 0.1892590578441709
0.8949084108817522 0.7291119635663201 0.07492232353133269
0.9127725702326992 0.855164451373132 0.09211294649775208
0.3475517136517273 0.170334598956255 0.6096128927459123
0.272956219890819 0.2549083185469081 0.6242548345339444
0.6618459344622966 0.9264787656537474 0.4178364694419844
0.3777257023791525 0.3256312121752432 0.5994530070863164
0.4723415811430748 0.3795395793588055 0.6191298936962486
0.4227929491298485 0.2761927905366696 0.5575648565762236
0.3766579674943703 0.3421779337017313 0.496859334909045
0.3816780174260538 0.7720718541386684 0.5277096686854272
0.3702587671501976 0.868833888311862 0.3773844914631732
0.7642230507994224 0.9233779301516443 0.4795011587117182
0.3847771343163909 0.7080949083355423 0.3418015919023198
0.6601047215691082 0.9333535603016053 0.6186560514213102
0.3373906625330308 0.4069366154613636 0.6282621988611155
0.2625014475251329 0.3227891081626525 0.5626885963481071
0.8954743869723464 0.909210423661623 0.5325722556819203
0.8791808804753596 0.9339263599148877 0.4143653988567728
0.6551314118703755 0.751455858656886 0.5900492471660015
0.3064528017965738 0.3314931760094257 0.6510615639197881
0.5699964892249226 0.8123789067575097 0.7187753898677449
0.6462952133355956 0.7607506847014947 0.7507238991647213
0.8752419321973942 0.3264134594303475 0.1723682450678172
0.7616801569691014 0.4447452824142443 0.267389950341943
0.8233347147789097 0.4868899810552079 0.1992964101430636
0.8592430019684898 0.4497191016516264 0.2938374278653284
0.837197859439625 0.3920272133713181 0.2401073360550255
0.3282540569467158 0.3926585881263554 0.7618695416131203
0.420951606589171 0.3997102853967174 0.7555447943108768
0.3714485942900558 0.3469971795872117 0.8202928341387978
0.7821819592566783 0.7336832568793842 0.5444223468310851
0.8934398608342622 0.7826463087899476 0.4961076982366801
0.8220580426071146 0.7535653011565071 0.456364697071246
0.921157323832284 0.484031499789094 0.1647722394428337
0.9233355839485137 0.3923248344937152 0.2541472447462969
0.3645477710745917 0.5079281005223875 0.8592725771728016
0.2801938414199904 0.5055577463183736 0.7903081408643547
0.7236014130531643 0.5462209142641994 0.3928350938607113
0.7668724014625601 0.4762552533604817 0.4407990946251638
0.5957222053759883 0.5359018764089083 0.4983461093876948
0.7020837926387232 0.4416052407267754 0.4035424788681237
0.6223857283323189 0.4452523121642205 0.5429741866281138
0.639005868749654 0.527178602082328 0.6085514724025631
0.6949526784782083 0.50814930097698 0.07933316792147241
0.5698620652769606 0.5175908930620493 0.6631695423266539
0.5305526739716125 0.6095424367646215 0.7390981841935191
0.6267698087511644 0.5919598978865612 0.672098824574537
0.1817811654601603 0.3637395177301267 0.8853416953978548
0.4968519434083538 0.8828877802152701 0.9170155443775303
0.3628192453274267 0.8876731556654095 0.9309582331954886
0.8262151547171126 0.9041325760678949 0.7715433880926589
0.5070658683353961 0.4771175953157313 0.4677433818284344
0.5591792799776484 0.464006049079558 0.2587164868004115
0.9200334558980816 0.9021889549768265 0.3347403525445706
0.9112849024342053 0.8646347005889232 0.4323579411794609
0.9058484282319069 0.8020463458656694 0.2396318075639084
0.8102394155724357 0.5604616440662588 0.1174482503984297
0.7545710252120583 0.4571363516050354 0.1280864372911897
0.7358232642006735 0.5410693598780966 0.1494769448006917
0.8527607322799904 0.5705550302682016 0.2505406930547386
0.9293403471020497 0.5760503268663404 0.3479441673728536
0.7149607162062952 0.6260724876019725 0.5298467294833726
0.778451006723857 0.5097528527438518 0.5417942610943863
0.7584440031834166 0.6302077221971377 0.1594740357016618
0.8484798723181857 0.7379435435013701 0.3731648522480477
0.8407674043450096 0.6170830253656747 0.3467880259902977
0.9238566819921618 0.8373816856203888 0.6003279668596008
0.929695703123708 0.7516083771635311 0.6195831321677475
0.5219096375310541 0.3677438243264355 0.4869345620125648
0.429529847820386 0.3588987859331991 0.3980128948053321
0.5699133494231101 0.2882508815894688 0.5332510690175215
0.5598327185219356 0.3589299552497457 0.5889427471832758
0.5051018232474227 0.2489439823447174 0.6006975303603902
0.7829668923613158 0.6681555194128451 0.4590811828276987
0.3459563001275721 0.5601211394282507 0.6947963198023606
0.918821563033518 0.8394786372145171 0.6864825891073896
0.8728373130200486 0.6295069136509616 0.4965887533708265
0.8584938165326297 0.9173260672568756 0.6985474388263501
0.3742841136716716 0.3091509437618065 0.9015875600561726
0.2750840945197918 0.3012737748489637 0.8233752766028588
0.3090577468759942 0.3893806432036216 0.8787404151288776
0.697755003093382 0.9235228794262206 0.7546040396604569
0.8775183013943713 0.5074360881823651 0.3970900244073848
0.8049700664144626 0.5140702434361449 0.3554182184243034
0.4410492617647142 0.3891897294197265 0.9060909263109542
0.9082220724219426 0.9197591522063501 0.6206416341373955
0.9252523115625054 0.608478824675084 0.1264992659624192
0.6984490156767897 0.7024743125150327 0.6461442428319049
0.2913048377007905 0.256169768987688 0.9069857268010665
0.2594925923884599 0.2842770239892981 0.7053795762467766
0.8689210893825534 0.4955140551385959 0.0834101220117786
0.3189815584349215 0.1671606256134371 0.8112748617679111
0.09146477833946232 0.5015458850991962 0.8202274965376597
0.08654206874880327 0.3974112637533387 0.823530689800773
0.1262983936360747 0.4564570810432695 0.9038607369164278
0.9175265731303581 0.4741261048398248 0.3364741196699881
0.9262117438428248 0.2521056690407084 0.2222537473362904
0.7769694203694408 0.3029352226353284 0.1113580370302194
0.8398477406327972 0.1942438513225642 0.1912214194529449
0.8990894821699489 0.2432087967602348 0.09804428506610546
0.8616050912436651 0.6130414724263449 0.7539371365606575
0.9060479103609093 0.6480082625582491 0.6240032927903074
0.7989335102416316 0.6285133385051409 0.6639355236768855
0.08197165883779681 0.3706214720624241 0.9195888041103299
0.09890582732731003 0.3008423978882011 0.8462891445771855
0.926699046496949 0.5713505367087659 0.5779144480861692
0.7242492518515069 0.1739006719722671 0.8872485973046311
0.7593154228601675 0.07114714539084958 0.8271562131533531
0.6090802749732385 0.3858585702177483 0.3246337240231626
0.5597262018636948 0.2791344937966715 0.4162470985246826
0.6888551382508151 0.2463455240345707 0.3640432527353995
0.6100412455425133 0.4222852823249668 0.1364819323817987
0.9052953277230302 0.4955408480818551 0.4879678088877299
0.7459348288383156 0.4161116888831162 0.5881764246216921
0.8583074352548234 0.7261244180906367 0.5964914286694989
0.8772647846787058 0.5179460286254924 0.664472499896207
0.678396980475658 0.07583788775855489 0.5536631968498535
0.6360867444469605 0.1745717894578913 0.7145884735760772
0.6736243627098016 0.6610929194996696 0.725827177417729
0.596844923040144 0.1170911060082011 0.7705260642691146
0.7767411959324766 0.5121427561376726 0.7064914165177404
0.717278826531324 0.5323532863694882 0.6454405905438317
0.617321396951495 0.09424400126464375 0.8631813213054874
0.6478417033277452 0.4728235470856922 0.2095550753353955
0.6994442424774456 0.3974958697906625 0.1436303699622939
0.7588615620265744 0.09547627210655907 0.5367030502764698
0.6395455467124037 0.1620643835994247 0.5779539872069265
0.5417183212284009 0.2245027872020444 0.1361419545979576
0.7859644739444246 0.2276426964530417 0.3245379198158872
0.6482094788045932 0.1919848751594987 0.2166661937493995
0.9303273754415822 0.246276585238636 0.3247049543984045
0.7165517266678332 0.3999450945202064 0.4960188709493217
0.6082966822427623 0.4311422450190824 0.45041365276874
0.897248537709295 0.09819692904694186 0.2738020877314051
0.4026038106366733 0.2304184050886066 0.08150940730271779
0.3520258282118403 0.2899592891922143 0.1024909251305133
0.9284706245417396 0.0781829630406211 0.08637046717289103
0.8577373064670173 0.09847602275740304 0.1578427280928797
0.3680920102178978 0.07597491989350369 0.08900652017111715
0.4814126270501435 0.1603896174001281 0.0930446834801313
0.5799504301216578 0.1074477854683064 0.1244301411622424
0.6668949031014815 0.1315797597082919 0.3191081936238075
0.7405318053054335 0.0716461910803925 0.07998626448726198
0.9260570083835112 0.08116496528152935 0.4078977326071574
0.8888482193097786 0.1032842606515158 0.4843207091429264
0.7841873641518599 0.1512646132818352 0.2941819265412087
0.7990557649226513 0.07268330585954866 0.2306591247498587
0.5766592606700957 0.08457831278680444 0.4813471219449436
0.728352512331247 0.2930641023996253 0.6552532127622617
0.7464401367541027 0.192294418251405 0.4146540413012418
0.835288861834792 0.1578751727874071 0.3622599532329078
0.8241072777571494 0.2762702744956713 0.6423380683892917
0.7696898530743275 0.349686121629214 0.6235144579479608
0.8167140641468866 0.3440123905335494 0.7063997506670671
0.708193934727307 0.3760157717198586 0.3518731643490027
0.7643859627717591 0.3417279057956096 0.194155558099273
0.7286195003321569 0.2638642313228218 0.5668132700175308
0.6653101330890019 0.2377452071258989 0.6353555660976815
0.6477605564236065 0.3552629606740906 0.5461337134675751
0.6662446533280438 0.2361465806771022 0.4816235098616103
0.6273259513388852 0.141963180999941 0.4033826365026295
0.8647147283344031 0.1978353096765236 0.2862746987417956
0.9210760596158135 0.2147143597533701 0.4295972673115468
0.7255253499178382 0.3201173386060385 0.476416867421173
0.8441105396617019 0.1992243301720974 0.4766069737452593
0.7298096980781803 0.6427782842392182 0.8522797871497898
0.6417458844703998 0.6873383147822278 0.8302370884261223
0.7844709112426664 0.6952446813295037 0.8051221193847811
0.9348702606810009 0.3906109839671864 0.519478129126829
0.874232440198588 0.3317057515735858 0.567078907801162
0.9049633220558697 0.2547442793692356 0.498993958962562
0.710560177088196 0.7141981235473522 0.8836873182109796
0.8328837850024415 0.4165129147318181 0.5804931562286484
0.8750286606908828 0.3812900686903004 0.78974321557261
0.8112096466542055 0.1559620711894205 0.9253845715525859
0.7892897129231997 0.4311855446226951 0.7340424198485136
0.6678909383188446 0.4893400084071731 0.9287157707964946
0.7335217467655104 0.5593887405198567 0.8642030109830376
0.2517039611344438 0.4747665709061453 0.4256471445582952
0.4459591292625563 0.09177964497578978 0.6000527160800108
0.8770132119770453 0.5015846493970567 0.7750936471901175
0.5756836821397389 0.1923879185907126 0.4961124942939399
0.8397673269634415 0.2407467668123354 0.5541226036579427
0.8367105072542977 0.1345644472477988 0.552535177119478
0.5741154846890197 0.5326538315405657 0.7935998844109543
0.7556850805816673 0.7559698965680564 0.7443245928549849
0.9039861276704164 0.57716553297953 0.8170094409304499
0.3109589199198912 0.6575303200587987 0.5389572201905295
0.3868991279893936 0.6833480962896689 0.5581598272379455
0.5711490693616099 0.2141023514240204 0.6424250811162484
0.7225912191010549 0.0797695549334544 0.9164728105609935
0.7742492151767588 0.3483943948906171 0.5392684400221258
0.8877384804257183 0.08679636004043476 0.616407455963623
0.8624682701854481 0.2547393285616611 0.7145507000001563
0.4821474222244944 0.2374265728426329 0.4939697238042305
0.907870211663001 0.3706312630436452 0.662519052916987
0.2724641525695781 0.5999140817405039 0.6110379811550448
0.314293772353291 0.7525433195525193 0.5967627847736274
0.1761014307564649 0.7500984968386716 0.6184885924540868
0.6518120280727202 0.06744664651106648 0.2473543032232885
0.9137599333696155 0.2962904333342848 0.7926486398616475
0.7843780596126172 0.261969342841025 0.9082592763907862
0.7849736475309554 0.3538963019738439 0.8487554836631093
0.154971793799323 0.6352946116855912 0.5446333503219377
0.6707016889152723 0.5099927926529464 0.8361958722239606
0.1888796177658946 0.8551403377600539 0.6467163729274076
0.09765222646473953 0.8705627115193219 0.6876479917394697
0.2236004948627437 0.7839957645282574 0.7078870731212916
0.1430803490027793 0.8941937423085111 0.7756937354708695
0.2618534548371088 0.9071380118529153 0.7138050449661387
0.9268918894163478 0.1400418399358831 0.9312089471189188
0.5173956708491955 0.456452250715941 0.6327777796471979
0.4366691665960238 0.1846160314676003 0.1725791721890195
0.4507707918334737 0.09382680610875523 0.1596945142975514
0.5188496221177471 0.1372445146919972 0.4330318216686144
0.5458128478918702 0.06661425282258879 0.3743743886728768
0.74072859668485 0.2760938769084816 0.7503698368029597
0.4111915308151091 0.1775886101751093 0.56685971974645
0.356701765810611 0.07286776269901435 0.6186304132215765
0.512302031525368 0.09347265792165543 0.5377819827560572
0.4205721186415671 0.09291313907214523 0.4002745079251102
0.4370906755722451 0.09476995200486445 0.7193743773028592
0.4483958341604302 0.1042330327237967 0.8120017081752885
0.5187746407711776 0.1140634811290423 0.7645642354991751
0.4623768116510388 0.07007996402080929 0.2970170284850009
0.3050115150759887 0.0946077138893434 0.4145402087085223
0.248662110131191 0.5253503665435161 0.5819055070519504
0.4400196319566114 0.2584963657438337 0.3707434640607177
0.5073332777772449 0.1317485630317573 0.6272408984871118
0.520924424922791 0.4405778967815736 0.7699150510780031
0.6118427035218464 0.3822300263971342 0.8301443200569427
0.5152577894500348 0.3549329039932881 0.8137753099077807
0.3836646441140955 0.1287455090012712 0.3220427176753617
0.3760200984382455 0.2035280250610873 0.3918520682002395
0.3206265493505694 0.1163948850127666 0.5335885564123524
0.586733460595164 0.2312221155072343 0.8038736619532376
0.2411119743576325 0.5208532002906999 0.501113302650907
0.1457019313913594 0.4905403661720893 0.490026367902231
0.2746214872321447 0.09760807198191308 0.1228604666200145
0.3535507841670746 0.3062390446736851 0.3581486209299076
0.1890485709845521 0.5827241518875061 0.9211728714031845
0.09643386900469995 0.5977574171494916 0.8713971661113111
0.2582891650395413 0.647584586999555 0.889986276672687
0.1955780494280898 0.5710441455875449 0.7952736156697628
0.07897043960084574 0.1108277227816489 0.258525193136113
0.08141910744812197 0.4182068892842638 0.4774957351890544
0.2523593112376951 0.2371456363669062 0.2797448759496157
0.06993660666866117 0.3389461054344305 0.3565684095749769
0.2312278736297567 0.1807614339673384 0.4955452342050389
0.1222213985354738 0.1975546816204657 0.2831909204038535
0.07579531669259601 0.1758580138158116 0.4339011984719723
0.1775637457239814 0.2306378325228294 0.6199842323883631
0.1155782125240328 0.7077939351012232 0.9210712876288381
0.1276844436881736 0.3118588356682263 0.3006049258813506
0.2256919140250447 0.2920763453141326 0.4705262674133052
0.6522431063029736 0.5128567120574092 0.3054699919583422
0.4195001864090963 0.6177954898861433 0.6330638828389472
0.2080916456295426 0.09111799781534388 0.5732119455036337
0.5334472807934688 0.3095639188573768 0.6476777621758942
0.3444359535433446 0.09833201719942902 0.7612751005802307
0.7089260135015381 0.8379070420721357 0.7865782859545715
0.1876096153254116 0.8001440785925145 0.8033359217906381
0.07312798045326892 0.7942725064976528 0.8282055926959128
0.08222817716125626 0.5660496390200721 0.5279669145599324
0.148617668272365 0.8658944798030009 0.8767829832362335
0.08716935377296825 0.1014718899756211 0.5990724815429893
0.2930267087134738 0.3804540977884402 0.4777362739603903
0.1370489267617074 0.2236217516060078 0.7270433639224013
0.09231929157311186 0.1784793135717141 0.8155356320571688
0.3930782246659687 0.8139090336948943 0.8933597790285623
0.3991557183772705 0.9082553778951737 0.8468524501234833
0.2800425104902374 0.8539688544485485 0.8439560191718941
0.0742941746254155 0.09102907310463293 0.7684760551093003
0.1789367163786867 0.136542254627904 0.7889839170948288
0.2524333868621858 0.1240263261349788 0.8684526972252553
0.08995575062399636 0.08191294483240046 0.9026552837935851
0.3181536631172097 0.2366357713870021 0.5217526209832291
0.5688736126028641 0.2840626610246177 0.7321698776790148
0.3763084740478303 0.7172713510169533 0.8593708277078184
0.2881785017055342 0.7464399932151924 0.8788901055842308
0.5128593744134016 0.1299628924884545 0.8862319962068482
0.3393475015436003 0.8537594650620696 0.7498400648004641
0.4378921141623896 0.1247898543387378 0.4933012686939602
0.8938479038828047 0.1086184674001144 0.8467712968244765
0.08674159260550655 0.9140393425666348 0.5915911989309978
0.08294370519588599 0.6038416698134692 0.6182626296666345
0.8995774354380061 0.8993043761752325 0.8340494747225546
0.9232195103532534 0.6834912029661336 0.9294977441537231
0.6036166366295953 0.6797084403443954 0.9238085973906438
0.4881687236859618 0.5200427890017626 0.8857400026544195
0.5055105614357859 0.2851167456340927 0.8820533268742916
0.3627269072453393 0.1036822575959452 0.8744845836001696
0.4247416916242331 0.820193613196627 0.6243336812250987
0.0717394223107229 0.9281351857658106 0.8973382799722093
0.4247412784651383 0.7786832364616404 0.7443374523085799
0.4914779612645517 0.6590006335090095 0.8144912713353759
0.451005119992256 0.7530262340461579 0.8330191877117508
0.386615449205656 0.6511543459620022 0.7161895905879448
0.8441075005239607 0.789701945666428 0.7448505064484827
0.590059821625031 0.9052376704978172 0.8931413751232583
0.8934259312467617 0.2665240239191817 0.8912724616818374
0.1080116096045645 0.7074060721321344 0.789240967778987
0.2726746141862476 0.6609213775447204 0.7788023053770743
0.2245923469268433 0.6676216501204985 0.6597169988121577
0.408876971616253 0.5640807513101934 0.9323849626411688
0.4866533662707292 0.2112293980998452 0.8417078096792253
0.2656245104633175 0.9254775361916908 0.9213177629346535
0.7917271430282882 0.5627477492948106 0.7956804269000515
0.8801352746956128 0.6727763623041045 0.8640978027682819
0.6310177558807957 0.8395682204867568 0.6637733228060805
0.6490570355750337 0.8034528698157778 0.8657084926729617
0.5014946112203194 0.7752682099896882 0.7690502009593845
0.9283280497707969 0.5979763630860772 0.8961696620771062
0.9128067884940663 0.5006627101964959 0.8817699945530845
0.09296654925437113 0.2026125226107582 0.925381306444335
0.1142356617996793 0.7032767524920572 0.6829615782544501
0.2216950161528854 0.8211667507721153 0.9240273544173925
0.8010617329055765 0.8711391990876118 0.9074830658508004
0.7528705637966 0.918609665376439 0.8307212432757191
0.3718089841284808 0.7501046226631808 0.6863203406369132
0.8447653493816094 0.8073910886244769 0.8379583165932118
0.5955457914717411 0.3062204578206413 0.8733993054483691
0.177874454047912 0.2311822916746881 0.8530449133855833
0.875337937900418 0.1698002641375218 0.7646517949923181
0.3619393184465 0.6209583747869467 0.8734174044534597
0.6314089332946714 0.2265816370602218 0.9004840418097511
0.7236459629783523 0.3701858648520241 0.9311738351668342
0.7195774621048403 0.4331565305460726 0.8623952956145886
0.6780088055179372 0.3164088518860198 0.882267956620042
0.4703420221538588 0.6129382561035104 0.8937182603574984
0.814253921600813 0.4630090077631397 0.9252911040466775
0.5466041840854203 0.7283868346543627 0.8514631049696415
0.6589947967012728 0.5537040574691265 0.7452718650572823
0.5976045154023736 0.4458250226482398 0.8840877914199684
0.7487646599606952 0.7933506515143089 0.8631438034117844
0.3805821964199394 0.2192009424262432 0.8784852816685162
0.8854745813970102 0.3819044024035144 0.921777687974735
0.6183577775163823 0.5851485642625284 0.8728692807910278
0.9066911619291362 0.772402495959895 0.899892561387546
0.6482974669144725 0.3014342299563686 0.8003777621277247
0.4503466509844503 0.5277611639741706 0.7878383757867027
0.8323632448019354 0.5516504899719235 0.8812528820469526
0.8341033391391296 0.7532727397911256 0.9316747157575382
$EndNodes
$Elements
37 16814 1 16814
2 25 2 94
1 1 590 553 
2 581 590 587 
3 553 590 584 
4 581 587 579 
5 566 574 567 
6 58 557 57 
7 581 585 584 
8 587 592 579 
9 584 590 581 
10 579 592 576 
11 554 574 566 
12 586 593 588 
13 588 593 573 
14 57 560 56 
15 580 585 581 
16 557 560 57 
17 56 560 558 
18 562 578 564 
19 559 589 2 
20 586 588 578 
21 578 588 564 
22 562 584 578 
23 565 573 559 
24 576 592 574 
25 577 582 580 
26 560 561 558 
27 580 581 579 
28 577 580 579 
29 577 579 576 
30 575 577 576 
31 574 592 567 
32 54 554 55 
33 575 576 574 
34 572 583 575 
35 564 565 561 
36 573 589 559 
37 587 590 556 
38 553 584 562 
39 584 585 578 
40 55 566 56 
41 556 590 1 
42 585 586 578 
43 589 593 591 
44 566 567 555 
45 572 575 574 
46 56 566 555 
47 591 593 582 
48 562 564 563 
49 54 559 2 
50 2 572 54 
51 58 556 1 
52 56 555 57 
53 56 558 55 
54 577 591 582 
55 563 564 561 
56 560 563 561 
57 568 592 587 
58 559 571 565 
59 554 566 55 
60 567 568 555 
61 568 587 556 
62 567 592 568 
63 565 588 573 
64 582 593 586 
65 564 588 565 
66 586 594 582 
67 553 562 557 
68 565 571 561 
69 2 583 572 
70 575 591 577 
71 561 571 558 
72 57 570 58 
73 582 594 580 
74 580 594 585 
75 553 557 58 
76 583 591 575 
77 557 563 560 
78 55 569 54 
79 589 591 583 
80 585 594 586 
81 58 570 556 
82 555 570 57 
83 54 569 559 
84 1 553 58 
85 558 569 55 
86 562 563 557 
87 572 574 554 
88 569 571 559 
89 568 570 555 
90 54 572 554 
91 556 570 568 
92 573 593 589 
93 2 589 583 
94 558 571 569 
2 26 2 74
95 599 603 59 
96 608 620 613 
97 604 626 602 
98 606 620 608 
99 4 624 622 
100 601 626 604 
101 602 620 604 
102 603 624 4 
103 613 625 608 
104 597 621 615 
105 62 598 61 
106 3 617 595 
107 596 622 616 
108 598 600 61 
109 618 621 597 
110 622 624 612 
111 60 600 599 
112 622 623 616 
113 61 600 60 
114 605 624 603 
115 612 623 622 
116 616 621 596 
117 59 596 60 
118 600 601 599 
119 604 620 606 
120 601 603 599 
121 610 611 609 
122 610 614 611 
123 612 624 607 
124 608 610 609 
125 609 612 607 
126 606 607 605 
127 614 615 611 
128 606 608 607 
129 615 616 611 
130 608 609 607 
131 604 606 605 
132 610 617 614 
133 601 604 603 
134 604 605 603 
135 60 599 59 
136 61 597 62 
137 595 617 613 
138 595 613 602 
139 617 619 614 
140 615 627 597 
141 61 618 597 
142 60 618 61 
143 596 618 60 
144 597 619 62 
145 595 602 598 
146 600 626 601 
147 595 598 62 
148 597 627 619 
149 607 624 605 
150 615 621 616 
151 598 626 600 
152 616 623 611 
153 611 623 609 
154 3 595 62 
155 608 625 610 
156 613 620 602 
157 609 623 612 
158 619 627 614 
159 610 625 617 
160 614 627 615 
161 3 619 617 
162 62 619 3 
163 602 626 598 
164 617 625 613 
165 596 621 618 
166 59 603 4 
167 4 596 59 
168 4 622 596 
2 27 2 88
169 6 657 629 
170 628 662 5 
171 637 656 639 
172 655 660 659 
173 655 659 658 
174 639 646 637 
175 5 662 644 
176 659 660 656 
177 634 635 66 
178 655 658 653 
179 67 635 5 
180 63 633 64 
181 66 635 67 
182 639 656 649 
183 661 662 628 
184 634 636 635 
185 644 662 651 
186 657 664 629 
187 633 647 64 
188 637 664 656 
189 656 660 649 
190 655 663 660 
191 658 665 653 
192 649 661 638 
193 658 659 657 
194 656 664 659 
195 654 655 653 
196 630 643 642 
197 650 658 657 
198 639 649 638 
199 651 654 653 
200 636 638 635 
201 636 646 639 
202 660 663 649 
203 634 640 636 
204 636 639 638 
205 650 657 632 
206 651 653 652 
207 652 666 643 
208 629 664 637 
209 648 652 643 
210 651 652 648 
211 638 661 628 
212 654 663 655 
213 643 666 642 
214 640 646 636 
215 633 646 640 
216 637 646 633 
217 642 650 632 
218 630 645 643 
219 67 631 66 
220 65 630 64 
221 63 632 6 
222 5 644 67 
223 65 634 66 
224 643 645 631 
225 635 638 628 
226 632 657 6 
227 649 663 661 
228 659 664 657 
229 631 648 643 
230 650 665 658 
231 640 647 633 
232 629 637 633 
233 65 647 634 
234 644 651 648 
235 65 645 630 
236 630 642 641 
237 64 647 65 
238 66 645 65 
239 653 665 652 
240 634 647 640 
241 651 662 654 
242 67 644 631 
243 661 663 662 
244 64 641 63 
245 641 642 632 
246 629 633 63 
247 642 666 650 
248 6 629 63 
249 63 641 632 
250 631 645 66 
251 630 641 64 
252 662 663 654 
253 665 666 652 
254 650 666 665 
255 644 648 631 
256 5 635 628 
2 28 2 102
257 667 709 7 
258 681 700 695 
259 690 702 684 
260 693 700 681 
261 702 706 684 
262 685 695 691 
263 685 703 695 
264 672 697 693 
265 671 681 667 
266 682 694 683 
267 72 671 667 
268 693 699 672 
269 695 700 691 
270 671 693 681 
271 681 686 667 
272 682 711 694 
273 694 703 683 
274 686 687 667 
275 69 668 68 
276 685 690 684 
277 685 691 690 
278 683 684 680 
279 679 680 678 
280 678 688 676 
281 677 679 678 
282 675 689 677 
283 679 682 680 
284 683 685 684 
285 697 700 693 
286 679 692 682 
287 682 683 680 
288 677 678 676 
289 675 677 676 
290 683 703 685 
291 71 698 669 
292 69 696 672 
293 70 674 69 
294 696 697 672 
295 675 676 668 
296 687 709 667 
297 669 674 70 
298 690 712 702 
299 673 701 697 
300 684 706 680 
301 671 699 693 
302 71 671 72 
303 8 673 68 
304 7 670 72 
305 71 669 70 
306 69 672 70 
307 69 674 668 
308 681 695 686 
309 701 712 690 
310 691 701 690 
311 705 709 692 
312 674 675 668 
313 668 710 68 
314 697 701 700 
315 673 697 696 
316 698 707 669 
317 680 706 678 
318 688 706 702 
319 676 710 668 
320 705 707 670 
321 8 710 702 
322 673 712 701 
323 695 703 686 
324 689 704 677 
325 686 694 687 
326 70 699 71 
327 677 704 679 
328 68 710 8 
329 72 698 71 
330 68 696 69 
331 692 711 682 
332 679 704 692 
333 700 701 691 
334 689 705 704 
335 670 707 698 
336 71 699 671 
337 689 707 705 
338 688 710 676 
339 675 708 689 
340 674 708 675 
341 672 699 70 
342 709 711 692 
343 669 708 674 
344 678 706 688 
345 72 667 7 
346 686 703 694 
347 704 705 692 
348 670 709 705 
349 694 711 687 
350 7 709 670 
351 8 712 673 
352 673 696 68 
353 670 698 72 
354 702 710 688 
355 689 708 707 
356 707 708 669 
357 687 711 709 
358 702 712 8 
2 29 2 94
359 9 743 713 
360 10 753 749 
361 713 743 719 
362 747 750 737 
363 741 747 732 
364 740 750 747 
365 730 745 738 
366 738 739 730 
367 732 744 741 
368 719 743 742 
369 76 716 715 
370 727 751 726 
371 740 747 741 
372 751 753 726 
373 9 716 77 
374 743 747 737 
375 77 716 76 
376 716 717 715 
377 739 752 730 
378 728 729 727 
379 713 719 718 
380 722 728 725 
381 725 728 727 
382 716 718 717 
383 741 744 731 
384 728 733 729 
385 719 722 718 
386 740 741 739 
387 742 743 737 
388 736 739 738 
389 736 740 739 
390 733 742 737 
391 733 734 729 
392 736 738 735 
393 733 737 734 
394 734 735 729 
395 735 751 729 
396 734 736 735 
397 725 727 726 
398 717 720 715 
399 74 714 73 
400 717 721 720 
401 725 726 721 
402 74 723 714 
403 753 754 726 
404 714 754 753 
405 732 743 9 
406 713 718 716 
407 749 753 751 
408 73 730 74 
409 10 745 73 
410 77 732 9 
411 76 715 75 
412 75 731 76 
413 717 724 721 
414 722 725 724 
415 718 724 717 
416 719 748 722 
417 724 725 721 
418 722 748 728 
419 729 751 727 
420 714 723 720 
421 714 753 73 
422 738 749 735 
423 728 748 733 
424 731 752 741 
425 74 746 75 
426 737 750 734 
427 73 753 10 
428 75 746 731 
429 734 750 736 
430 736 750 740 
431 722 724 718 
432 73 745 730 
433 741 752 739 
434 75 723 74 
435 733 748 742 
436 749 751 735 
437 746 752 731 
438 726 754 721 
439 721 754 720 
440 720 723 715 
441 76 744 77 
442 715 723 75 
443 732 747 743 
444 10 749 745 
445 77 744 732 
446 731 744 76 
447 720 754 714 
448 730 752 746 
449 745 749 738 
450 730 746 74 
451 742 748 719 
452 713 716 9 
2 30 2 108
453 755 795 11 
454 799 802 12 
455 765 767 760 
456 786 798 770 
457 794 795 755 
458 778 786 770 
459 759 766 755 
460 767 788 760 
461 82 759 755 
462 768 798 786 
463 783 802 799 
464 766 801 755 
465 765 798 767 
466 786 789 785 
467 794 801 769 
468 761 770 765 
469 793 795 794 
470 778 789 786 
471 769 797 794 
472 759 767 766 
473 764 765 760 
474 81 787 757 
475 79 764 760 
476 79 756 78 
477 769 786 785 
478 761 777 770 
479 767 798 768 
480 757 762 80 
481 767 768 766 
482 80 762 79 
483 774 775 773 
484 777 778 770 
485 774 776 775 
486 12 777 761 
487 768 769 766 
488 773 783 771 
489 776 779 775 
490 777 784 778 
491 774 782 776 
492 782 793 776 
493 776 780 779 
494 772 774 773 
495 772 773 771 
496 763 781 772 
497 780 785 779 
498 771 799 756 
499 763 772 771 
500 759 788 767 
501 763 771 756 
502 79 762 756 
503 81 759 82 
504 12 761 78 
505 11 758 82 
506 81 757 80 
507 79 760 80 
508 787 796 757 
509 792 795 782 
510 761 765 764 
511 768 786 769 
512 775 790 773 
513 762 763 756 
514 785 789 779 
515 792 796 758 
516 783 799 771 
517 776 793 780 
518 782 795 793 
519 756 799 78 
520 785 797 769 
521 758 796 787 
522 773 790 783 
523 80 788 81 
524 82 787 81 
525 78 764 79 
526 781 792 791 
527 790 802 783 
528 784 789 778 
529 81 788 759 
530 772 791 774 
531 781 791 772 
532 774 791 782 
533 760 788 80 
534 791 792 782 
535 757 800 762 
536 762 800 763 
537 793 794 780 
538 777 802 784 
539 770 798 765 
540 781 796 792 
541 769 801 766 
542 12 802 777 
543 11 795 758 
544 763 800 781 
545 758 795 792 
546 82 755 11 
547 755 801 794 
548 779 803 775 
549 789 803 779 
550 780 797 785 
551 784 802 790 
552 78 799 12 
553 775 803 790 
554 784 803 789 
555 790 803 784 
556 761 764 78 
557 758 787 82 
558 794 797 780 
559 796 800 757 
560 781 800 796 
2 31 2 84
561 14 832 815 
562 14 805 83 
563 14 815 805 
564 805 815 813 
565 822 836 830 
566 830 833 822 
567 831 832 825 
568 823 829 828 
569 805 813 812 
570 836 840 830 
571 823 828 820 
572 821 823 820 
573 806 807 86 
574 87 807 13 
575 86 807 87 
576 833 834 822 
577 827 829 823 
578 819 821 820 
579 806 808 807 
580 827 830 829 
581 815 816 813 
582 827 833 830 
583 816 818 814 
584 821 826 823 
585 815 817 816 
586 826 827 823 
587 831 833 827 
588 817 818 816 
589 809 814 810 
590 826 831 827 
591 808 809 807 
592 826 832 831 
593 816 839 813 
594 814 839 816 
595 83 805 84 
596 818 819 814 
597 820 828 811 
598 806 812 808 
599 812 813 808 
600 821 837 826 
601 826 837 832 
602 829 835 828 
603 810 820 811 
604 818 821 819 
605 87 824 86 
606 83 825 14 
607 85 806 86 
608 85 822 84 
609 807 809 804 
610 13 835 87 
611 824 840 836 
612 87 835 824 
613 819 820 810 
614 813 839 808 
615 814 819 810 
616 808 839 809 
617 810 811 809 
618 85 838 806 
619 825 834 833 
620 829 840 835 
621 809 811 804 
622 805 838 84 
623 830 840 829 
624 817 837 818 
625 84 838 85 
626 818 837 821 
627 809 839 814 
628 86 836 85 
629 811 828 13 
630 832 837 817 
631 85 836 822 
632 825 833 831 
633 806 838 812 
634 835 840 824 
635 84 834 83 
636 812 838 805 
637 83 834 825 
638 822 834 84 
639 824 836 86 
640 828 835 13 
641 804 811 13 
642 13 807 804 
643 825 832 14 
644 815 832 817 
2 32 2 112
645 871 877 874 
646 874 877 846 
647 845 855 841 
648 876 877 868 
649 846 877 876 
650 862 888 877 
651 869 878 864 
652 92 845 841 
653 864 873 869 
654 871 878 869 
655 877 888 868 
656 862 877 871 
657 847 878 871 
658 875 880 843 
659 870 891 863 
660 880 886 843 
661 881 885 872 
662 869 873 860 
663 91 875 843 
664 89 874 846 
665 845 868 855 
666 871 874 847 
667 855 856 841 
668 843 848 90 
669 878 879 864 
670 89 842 88 
671 863 891 873 
672 845 876 868 
673 90 848 89 
674 89 848 842 
675 855 857 856 
676 857 858 856 
677 863 864 861 
678 859 885 856 
679 861 882 852 
680 858 859 856 
681 857 860 858 
682 872 885 859 
683 867 881 872 
684 853 867 866 
685 858 870 859 
686 851 852 850 
687 854 861 852 
688 867 872 866 
689 862 869 860 
690 849 851 850 
691 857 862 860 
692 854 863 861 
693 853 866 854 
694 849 865 851 
695 853 854 852 
696 851 853 852 
697 862 871 869 
698 849 850 842 
699 91 845 92 
700 16 847 88 
701 15 844 92 
702 91 843 90 
703 89 846 90 
704 865 886 880 
705 863 887 870 
706 864 879 861 
707 848 849 842 
708 15 885 881 
709 842 890 88 
710 850 890 842 
711 852 882 850 
712 856 885 841 
713 863 873 864 
714 91 876 845 
715 90 876 91 
716 846 876 90 
717 92 875 91 
718 88 874 89 
719 843 886 848 
720 15 881 844 
721 867 884 881 
722 88 890 16 
723 865 883 851 
724 848 886 849 
725 855 888 857 
726 868 888 855 
727 851 883 853 
728 854 887 863 
729 865 884 883 
730 853 883 867 
731 849 886 865 
732 16 879 878 
733 879 882 861 
734 857 888 862 
735 860 891 858 
736 866 887 854 
737 872 889 866 
738 92 841 15 
739 858 891 870 
740 870 889 859 
741 880 884 865 
742 883 884 867 
743 873 891 860 
744 16 878 847 
745 847 874 88 
746 844 875 92 
747 859 889 872 
748 844 884 880 
749 881 884 844 
750 866 889 887 
751 887 889 870 
752 844 880 875 
753 882 890 850 
754 16 890 879 
755 879 890 882 
756 841 885 15 
2 33 2 72
757 913 919 17 
758 909 918 912 
759 912 914 909 
760 894 898 895 
761 899 903 896 
762 913 922 919 
763 906 915 911 
764 903 915 906 
765 895 899 896 
766 894 895 892 
767 897 898 894 
768 96 894 892 
769 911 917 916 
770 919 922 910 
771 916 917 18 
772 898 899 895 
773 900 915 899 
774 898 900 899 
775 17 919 96 
776 899 915 903 
777 903 904 896 
778 893 897 94 
779 895 896 892 
780 908 918 909 
781 915 917 911 
782 93 893 94 
783 903 906 904 
784 904 913 896 
785 902 920 912 
786 893 898 897 
787 893 900 898 
788 914 919 910 
789 906 907 904 
790 911 916 908 
791 909 910 907 
792 909 914 910 
793 908 909 907 
794 906 911 908 
795 906 908 907 
796 96 905 95 
797 95 894 96 
798 94 897 95 
799 93 901 18 
800 96 919 905 
801 914 921 919 
802 900 917 915 
803 916 918 908 
804 919 921 905 
805 920 921 912 
806 896 913 892 
807 901 916 18 
808 907 922 904 
809 912 918 901 
810 95 897 894 
811 902 912 901 
812 95 920 94 
813 905 920 95 
814 904 922 913 
815 93 902 901 
816 901 918 916 
817 910 922 907 
818 94 902 93 
819 893 923 900 
820 900 923 917 
821 96 892 17 
822 912 921 914 
823 18 923 93 
824 94 920 902 
825 892 913 17 
826 93 923 893 
827 905 921 920 
828 917 923 18 
2 34 2 566
829 1063 931 1108 
830 953 1053 1079 
831 1026 1099 1126 
832 966 1032 1116 
833 149 148 1067 
834 996 1041 1073 
835 1032 966 1101 
836 1099 954 1126 
837 1043 979 1055 
838 1071 957 1103 
839 955 1015 1046 
840 135 134 1038 
841 1053 1052 1079 
842 1041 1066 1073 
843 955 941 1015 
844 1029 1043 1055 
845 1056 949 1098 
846 949 991 1098 
847 983 986 1077 
848 992 176 1021 
849 983 984 986 
850 1091 974 1102 
851 174 937 994 
852 957 956 1103 
853 1043 1091 1102 
854 988 998 1044 
855 138 137 1035 
856 1062 1063 1108 
857 1075 1055 1143 
858 1030 1008 1115 
859 974 1037 1119 
860 137 136 1036 
861 1041 996 1147 
862 1037 974 1091 
863 1023 1103 1114 
864 926 1061 1105 
865 138 1035 1117 
866 1103 948 1114 
867 103 1046 1086 
868 1055 1075 1125 
869 931 1063 1100 
870 934 149 1067 
871 103 104 1046 
872 1035 137 1036 
873 1057 936 1066 
874 148 936 1067 
875 1008 929 1115 
876 988 1044 1144 
877 1077 986 1112 
878 986 988 1112 
879 994 937 1000 
880 1069 1006 1085 
881 1038 134 1054 
882 1053 953 1097 
883 167 942 1005 
884 1094 1027 1106 
885 157 929 1008 
886 135 1038 1124 
887 991 955 1107 
888 1026 1093 1099 
889 175 176 992 
890 173 174 994 
891 964 966 1116 
892 1044 998 1115 
893 950 1054 1121 
894 992 1021 1110 
895 1005 942 1034 
896 1048 943 1118 
897 1061 1062 1105 
898 924 1075 1143 
899 936 1057 1067 
900 1003 943 1048 
901 1032 925 1116 
902 1027 1094 1136 
903 1037 1030 1045 
904 925 1019 1116 
905 1046 1015 1086 
906 1089 1016 1142 
907 1022 951 1127 
908 166 167 1005 
909 972 1045 1087 
910 1006 1069 1128 
911 1061 926 1120 
912 951 1022 1049 
913 23 157 1008 
914 1051 972 1087 
915 1066 936 1073 
916 933 1039 1083 
917 1052 992 1070 
918 1009 1030 1037 
919 1072 945 1086 
920 955 1046 1107 
921 1047 1013 1135 
922 1052 1070 1079 
923 106 107 1056 
924 1035 1007 1117 
925 1015 1072 1086 
926 1020 950 1121 
927 979 1043 1102 
928 1030 1115 1130 
929 1016 1089 1150 
930 1000 937 1052 
931 1092 952 1122 
932 1040 1059 1061 
933 1034 1092 1122 
934 1039 933 1138 
935 1059 1040 1065 
936 1045 972 1119 
937 1080 1053 1097 
938 1050 947 1069 
939 1034 942 1147 
940 1140 1076 1143 
941 1057 1028 1067 
942 1058 1059 1065 
943 972 1051 1101 
944 1010 1013 1047 
945 1037 1045 1119 
946 1058 977 1059 
947 139 1042 1142 
948 1018 1047 1135 
949 1000 1052 1053 
950 967 977 1058 
951 1085 1006 1095 
952 980 1025 1064 
953 1059 977 1060 
954 1039 981 1040 
955 978 980 1064 
956 1129 935 1140 
957 134 133 1054 
958 961 963 964 
959 993 1071 1103 
960 985 1032 1051 
961 1060 977 1068 
962 978 976 980 
963 1012 1028 1057 
964 968 969 970 
965 1004 1063 1068 
966 1056 107 1111 
967 1012 1014 1028 
968 973 1058 1065 
969 1010 1012 1013 
970 986 985 987 
971 963 962 1004 
972 959 982 989 
973 963 1004 1068 
974 1013 1012 1057 
975 1012 1011 1014 
976 968 970 972 
977 1040 981 1065 
978 1004 962 1027 
979 1063 1060 1068 
980 1076 924 1143 
981 1042 1089 1142 
982 988 987 998 
983 990 982 1050 
984 942 1041 1147 
985 985 925 1032 
986 1025 1024 1026 
987 977 965 1068 
988 980 976 981 
989 995 989 1017 
990 979 1033 1055 
991 969 967 1058 
992 975 976 978 
993 971 973 975 
994 1011 1009 1037 
995 967 965 977 
996 976 973 1065 
997 989 982 990 
998 1024 981 1039 
999 1013 1057 1066 
1000 1028 1014 1029 
1001 970 971 974 
1002 1059 1060 1061 
1003 1033 978 1064 
1004 987 985 1051 
1005 979 978 1033 
1006 971 969 973 
1007 1061 1060 1062 
1008 970 969 971 
1009 1010 1011 1012 
1010 984 985 986 
1011 975 978 979 
1012 941 957 1015 
1013 959 989 995 
1014 941 956 957 
1015 973 969 1058 
1016 968 967 969 
1017 964 965 966 
1018 928 960 961 
1019 975 973 976 
1020 1031 949 1056 
1021 980 981 1024 
1022 986 987 988 
1023 964 963 965 
1024 959 930 982 
1025 1062 1060 1063 
1026 980 1024 1025 
1027 1029 1055 1125 
1028 981 976 1065 
1029 961 962 963 
1030 966 965 967 
1031 966 967 968 
1032 965 963 1068 
1033 990 1050 1069 
1034 999 949 1031 
1035 1042 139 1117 
1036 961 960 962 
1037 928 958 960 
1038 1010 1009 1011 
1039 1029 1014 1043 
1040 984 925 985 
1041 1017 989 1088 
1042 1040 1061 1120 
1043 1036 136 1124 
1044 958 930 959 
1045 1015 957 1072 
1046 1098 991 1107 
1047 110 111 1006 
1048 141 140 1016 
1049 129 128 1079 
1050 128 127 953 
1051 154 153 935 
1052 150 149 934 
1053 146 145 996 
1054 998 987 1087 
1055 113 114 939 
1056 121 122 926 
1057 1126 1074 1129 
1058 117 118 1082 
1059 1011 1037 1091 
1060 1063 1004 1100 
1061 130 129 1070 
1062 155 154 1074 
1063 101 102 945 
1064 935 1076 1140 
1065 939 1085 1095 
1066 98 99 1080 
1067 100 101 1081 
1068 108 109 947 
1069 1023 993 1103 
1070 1085 939 1088 
1071 99 100 946 
1072 153 152 1076 
1073 147 146 1073 
1074 151 150 1075 
1075 116 117 938 
1076 114 115 1078 
1077 122 123 1083 
1078 118 119 931 
1079 152 151 924 
1080 144 143 952 
1081 148 147 936 
1082 995 1094 1106 
1083 123 124 933 
1084 1078 1017 1088 
1085 1009 1008 1030 
1086 1046 104 1107 
1087 1043 1014 1091 
1088 927 1009 1010 
1089 990 1069 1085 
1090 156 155 954 
1091 932 1001 1071 
1092 102 103 1086 
1093 975 979 1102 
1094 989 990 1088 
1095 128 953 1079 
1096 1070 992 1110 
1097 1070 129 1079 
1098 990 1085 1088 
1099 154 935 1074 
1100 1074 935 1129 
1101 974 971 1102 
1102 1137 1031 1146 
1103 131 1110 1123 
1104 1090 938 1094 
1105 1038 1002 1124 
1106 935 153 1076 
1107 1031 1056 1111 
1108 987 1051 1087 
1109 150 934 1075 
1110 146 996 1073 
1111 101 945 1081 
1112 993 932 1071 
1113 939 114 1078 
1114 938 117 1082 
1115 972 970 1119 
1116 926 122 1083 
1117 118 931 1082 
1118 1014 1011 1091 
1119 968 972 1101 
1120 99 946 1080 
1121 1077 940 1114 
1122 946 100 1081 
1123 946 1081 1084 
1124 962 960 1106 
1125 945 102 1086 
1126 1051 1032 1101 
1127 1042 944 1089 
1128 1017 1090 1094 
1129 939 1078 1088 
1130 940 1077 1112 
1131 152 924 1076 
1132 924 151 1075 
1133 936 147 1073 
1134 115 116 1090 
1135 1082 1100 1136 
1136 954 155 1074 
1137 123 933 1083 
1138 104 105 1107 
1139 1007 944 1042 
1140 982 930 1137 
1141 996 145 1092 
1142 131 130 1110 
1143 995 1017 1094 
1144 145 144 1092 
1145 943 1002 1038 
1146 1115 998 1130 
1147 929 1022 1044 
1148 1082 931 1100 
1149 113 939 1095 
1150 124 125 1093 
1151 999 1031 1137 
1152 1044 1022 1127 
1153 937 992 1052 
1154 940 1023 1114 
1155 930 999 1137 
1156 116 938 1090 
1157 1078 115 1090 
1158 942 1018 1041 
1159 144 952 1092 
1160 960 958 1139 
1161 1024 1039 1138 
1162 98 1080 1097 
1163 933 124 1093 
1164 112 113 1095 
1165 941 188 956 
1166 125 126 1099 
1167 927 1010 1047 
1168 106 1056 1098 
1169 958 959 1139 
1170 97 98 1097 
1171 28 948 956 
1172 105 106 1098 
1173 957 1071 1141 
1174 997 940 1112 
1175 1017 1078 1090 
1176 952 143 1096 
1177 143 142 1096 
1178 1004 1027 1100 
1179 948 189 983 
1180 187 941 955 
1181 1054 133 1121 
1182 949 185 991 
1183 945 1072 1109 
1184 27 930 958 
1185 930 183 999 
1186 184 949 999 
1187 928 194 958 
1188 121 926 1105 
1189 954 1074 1126 
1190 193 928 1019 
1191 186 955 991 
1192 971 975 1102 
1193 1072 957 1141 
1194 140 139 1142 
1195 925 192 1019 
1196 931 119 1108 
1197 983 190 984 
1198 108 947 1111 
1199 1093 125 1099 
1200 943 1038 1118 
1201 191 925 984 
1202 1100 1027 1136 
1203 966 968 1101 
1204 1028 1029 1148 
1205 946 1084 1113 
1206 111 19 1131 
1207 19 112 1131 
1208 1081 945 1109 
1209 956 948 1103 
1210 1110 1021 1123 
1211 22 141 1134 
1212 142 22 1134 
1213 127 20 1133 
1214 20 97 1133 
1215 21 156 1132 
1216 126 21 1132 
1217 110 1006 1128 
1218 1027 962 1106 
1219 997 1112 1144 
1220 947 109 1128 
1221 1069 947 1128 
1222 120 121 1105 
1223 1000 1053 1113 
1224 1127 997 1144 
1225 1096 1016 1150 
1226 1005 1034 1122 
1227 119 120 1108 
1228 1001 1084 1109 
1229 996 1092 1147 
1230 1050 1137 1146 
1231 947 1050 1146 
1232 1084 1081 1109 
1233 107 108 1111 
1234 1054 950 1118 
1235 927 1008 1009 
1236 26 1020 1021 
1237 948 983 1114 
1238 177 950 1020 
1239 944 1005 1089 
1240 130 1070 1110 
1241 940 25 1023 
1242 932 994 1001 
1243 171 993 1023 
1244 928 961 1149 
1245 1048 179 1104 
1246 180 951 1104 
1247 994 1000 1145 
1248 120 1105 1108 
1249 182 940 997 
1250 983 1077 1114 
1251 950 178 1048 
1252 1038 1054 1118 
1253 951 181 997 
1254 172 932 993 
1255 1092 1034 1147 
1256 1019 928 1149 
1257 1039 1040 1120 
1258 1053 1080 1113 
1259 970 974 1119 
1260 1045 1030 1130 
1261 1083 1039 1120 
1262 105 1098 1107 
1263 1067 1028 1148 
1264 1080 946 1113 
1265 1084 1001 1145 
1266 1113 1084 1145 
1267 139 138 1117 
1268 929 1044 1115 
1269 1105 1062 1108 
1270 24 1035 1036 
1271 1002 163 1036 
1272 187 188 941 
1273 188 28 956 
1274 193 194 928 
1275 164 1007 1035 
1276 28 189 948 
1277 1020 1121 1123 
1278 27 183 930 
1279 943 162 1002 
1280 1025 1026 1126 
1281 184 185 949 
1282 1106 960 1139 
1283 933 1093 1138 
1284 189 190 983 
1285 185 186 991 
1286 1001 994 1145 
1287 132 131 1123 
1288 165 944 1007 
1289 929 158 1022 
1290 191 192 925 
1291 951 1049 1104 
1292 1029 1125 1148 
1293 1064 1025 1129 
1294 1022 159 1049 
1295 183 184 999 
1296 1025 1126 1129 
1297 133 132 1121 
1298 194 27 958 
1299 1002 1036 1124 
1300 942 168 1018 
1301 1064 1129 1140 
1302 186 187 955 
1303 192 193 1019 
1304 161 943 1003 
1305 1021 1020 1123 
1306 136 135 1124 
1307 170 927 1047 
1308 1018 169 1047 
1309 160 1003 1049 
1310 190 191 984 
1311 1003 1048 1104 
1312 926 1083 1120 
1313 1089 1005 1122 
1314 1007 1042 1117 
1315 1066 1041 1135 
1316 109 110 1128 
1317 1094 938 1136 
1318 961 964 1149 
1319 1050 982 1137 
1320 934 1067 1148 
1321 1033 1140 1143 
1322 1093 1026 1138 
1323 1055 1033 1143 
1324 1013 1066 1135 
1325 1026 1024 1138 
1326 1121 132 1123 
1327 26 177 1020 
1328 25 171 1023 
1329 24 164 1035 
1330 162 163 1002 
1331 163 24 1036 
1332 179 180 1104 
1333 950 1048 1118 
1334 158 159 1022 
1335 174 175 937 
1336 164 165 1007 
1337 176 26 1021 
1338 167 168 942 
1339 165 166 944 
1340 161 162 943 
1341 177 178 950 
1342 998 1087 1130 
1343 182 25 940 
1344 157 158 929 
1345 170 23 927 
1346 159 160 1049 
1347 181 182 997 
1348 168 169 1018 
1349 171 172 993 
1350 1033 1064 1140 
1351 1075 934 1125 
1352 178 179 1048 
1353 180 181 951 
1354 172 173 932 
1355 169 170 1047 
1356 160 161 1003 
1357 959 995 1139 
1358 944 166 1005 
1359 1000 1113 1145 
1360 937 175 992 
1361 932 173 994 
1362 927 23 1008 
1363 1041 1018 1135 
1364 951 997 1127 
1365 1071 1001 1141 
1366 1087 1045 1130 
1367 1006 111 1131 
1368 141 1016 1134 
1369 953 127 1133 
1370 1016 140 1142 
1371 1111 947 1146 
1372 156 954 1132 
1373 938 1082 1136 
1374 995 1106 1139 
1375 952 1096 1150 
1376 1001 1109 1141 
1377 112 1095 1131 
1378 1049 1003 1104 
1379 1099 126 1132 
1380 97 1097 1133 
1381 1109 1072 1141 
1382 1096 142 1134 
1383 1095 1006 1131 
1384 1097 953 1133 
1385 1016 1096 1134 
1386 954 1099 1132 
1387 964 1116 1149 
1388 1031 1111 1146 
1389 1112 988 1144 
1390 1089 1122 1150 
1391 1122 952 1150 
1392 1116 1019 1149 
1393 1044 1127 1144 
1394 1125 934 1148 
2 35 2 547
1395 1230 1280 1281 
1396 110 109 1278 
1397 1168 1252 1286 
1398 1161 1281 1363 
1399 1175 1251 1321 
1400 1221 1187 1250 
1401 1161 1230 1281 
1402 1249 1204 1335 
1403 1234 1161 1363 
1404 245 1183 1212 
1405 1272 1287 1305 
1406 1244 1249 1335 
1407 253 1152 1209 
1408 1251 1308 1321 
1409 1280 1230 1334 
1410 1175 1184 1251 
1411 1151 1187 1221 
1412 1206 1155 1248 
1413 1154 1266 1278 
1414 1172 235 1271 
1415 1266 1154 1277 
1416 1248 1155 1349 
1417 1239 1283 1310 
1418 1280 1173 1306 
1419 1267 1210 1304 
1420 1173 1280 1334 
1421 1252 1260 1286 
1422 1283 1239 1344 
1423 1209 1152 1210 
1424 1264 1170 1265 
1425 1231 1267 1304 
1426 1297 1245 1326 
1427 109 1154 1278 
1428 1267 1272 1305 
1429 1225 110 1278 
1430 1230 1242 1254 
1431 1252 1168 1327 
1432 1170 1264 1309 
1433 235 234 1271 
1434 1163 1299 1307 
1435 1207 240 1335 
1436 1227 1226 1235 
1437 1325 1231 1361 
1438 218 1311 1313 
1439 1295 1183 1301 
1440 1199 1197 1233 
1441 1227 1235 1303 
1442 1212 1183 1316 
1443 272 273 1197 
1444 1182 1297 1326 
1445 1200 1171 1326 
1446 1169 1284 1293 
1447 1171 1258 1326 
1448 1293 1284 1294 
1449 1163 1259 1299 
1450 1160 1264 1328 
1451 244 245 1212 
1452 1199 1233 1318 
1453 1264 1160 1309 
1454 1268 1211 1288 
1455 31 240 1207 
1456 1184 1218 1317 
1457 252 253 1209 
1458 1259 1291 1292 
1459 1230 1228 1242 
1460 1259 1163 1291 
1461 1204 1249 1345 
1462 1317 1218 1324 
1463 240 1244 1335 
1464 1183 1208 1301 
1465 1278 1266 1337 
1466 1272 1159 1287 
1467 1251 1184 1317 
1468 1172 1271 1332 
1469 1231 1304 1361 
1470 261 262 1228 
1471 1234 1222 1300 
1472 1266 1265 1337 
1473 1157 1274 1320 
1474 1277 1154 1322 
1475 1222 1234 1363 
1476 1197 273 1233 
1477 1294 1249 1354 
1478 1173 1254 1315 
1479 1174 1255 1331 
1480 1288 1211 1321 
1481 1293 1220 1342 
1482 1254 1173 1334 
1483 1255 1174 1360 
1484 1279 1280 1306 
1485 217 218 1313 
1486 1208 1211 1268 
1487 1170 1312 1337 
1488 1181 1240 1340 
1489 1355 1178 1357 
1490 1311 1235 1313 
1491 1296 1328 1357 
1492 1313 1181 1340 
1493 1214 1241 1256 
1494 1270 1355 1357 
1495 1291 1172 1292 
1496 1296 1160 1328 
1497 1241 1220 1293 
1498 1265 1170 1337 
1499 1239 1199 1329 
1500 268 269 1314 
1501 1210 1152 1304 
1502 274 275 1314 
1503 274 1314 1336 
1504 1179 1201 1341 
1505 1274 1157 1342 
1506 1245 1355 1358 
1507 273 274 1336 
1508 1283 1165 1310 
1509 1249 1294 1359 
1510 1276 1277 1322 
1511 1355 1270 1358 
1512 102 101 1302 
1513 1199 1318 1329 
1514 1201 1205 1341 
1515 1228 262 1229 
1516 1217 1259 1292 
1517 102 1302 1360 
1518 1213 1212 1260 
1519 1292 1172 1332 
1520 1308 1219 1321 
1521 267 268 1339 
1522 1238 1293 1342 
1523 1171 1206 1236 
1524 1261 1194 1269 
1525 1202 1158 1203 
1526 1201 1158 1202 
1527 1298 1253 1327 
1528 1153 1214 1256 
1529 1186 1194 1261 
1530 1166 1200 1245 
1531 1299 1224 1307 
1532 1262 1261 1269 
1533 1269 1194 1270 
1534 1186 1185 1194 
1535 1204 1246 1335 
1536 1151 1185 1186 
1537 1189 1192 1193 
1538 1193 1195 1231 
1539 1214 1220 1241 
1540 1252 1213 1260 
1541 1190 1188 1191 
1542 1171 1236 1258 
1543 1189 1188 1190 
1544 1201 1202 1205 
1545 1236 1206 1248 
1546 1191 1262 1263 
1547 1187 1188 1189 
1548 1191 1261 1262 
1549 1189 1190 1192 
1550 1263 1262 1264 
1551 1202 1203 1204 
1552 1217 1232 1259 
1553 1193 1192 1195 
1554 1217 1216 1232 
1555 1188 1186 1261 
1556 1215 1252 1253 
1557 1151 1186 1187 
1558 1217 1292 1349 
1559 1215 1213 1252 
1560 1187 1186 1188 
1561 1204 1203 1246 
1562 1191 1188 1261 
1563 1198 1199 1216 
1564 1214 1215 1220 
1565 1220 1215 1274 
1566 1192 1190 1196 
1567 1198 1216 1217 
1568 1263 1264 1265 
1569 1231 1195 1267 
1570 1195 1192 1275 
1571 1272 1195 1275 
1572 1263 1265 1266 
1573 1246 1325 1361 
1574 1215 1253 1274 
1575 1275 1196 1276 
1576 1191 1263 1273 
1577 1190 1191 1273 
1578 1260 1212 1316 
1579 1216 1199 1239 
1580 1230 1254 1334 
1581 1192 1196 1275 
1582 1267 1195 1272 
1583 1183 1295 1316 
1584 1263 1266 1273 
1585 1287 1174 1305 
1586 1276 1196 1277 
1587 1250 1187 1362 
1588 1273 1266 1277 
1589 1218 1180 1302 
1590 1196 1273 1277 
1591 1214 1213 1215 
1592 1258 1236 1271 
1593 1260 1176 1286 
1594 1196 1190 1273 
1595 1244 1156 1249 
1596 1253 1298 1338 
1597 1280 1177 1281 
1598 1282 1224 1299 
1599 1241 1293 1294 
1600 1325 1250 1362 
1601 210 211 1279 
1602 1198 1197 1199 
1603 211 212 1177 
1604 220 221 1283 
1605 221 222 1165 
1606 1249 1156 1354 
1607 222 223 1282 
1608 223 224 1224 
1609 202 203 1168 
1610 238 237 1163 
1611 230 229 1296 
1612 1242 1229 1243 
1613 99 98 1251 
1614 219 220 1162 
1615 1242 1243 1323 
1616 1232 1216 1310 
1617 109 108 1154 
1618 1292 1248 1349 
1619 104 103 1174 
1620 105 104 1287 
1621 195 196 1219 
1622 207 208 1173 
1623 212 213 1290 
1624 199 200 1295 
1625 203 204 1285 
1626 197 198 1268 
1627 205 206 1167 
1628 201 202 1286 
1629 213 214 1222 
1630 236 235 1172 
1631 232 231 1297 
1632 196 197 1288 
1633 200 201 1176 
1634 204 205 1289 
1635 231 230 1178 
1636 227 226 1170 
1637 237 236 1291 
1638 229 228 1160 
1639 233 232 1182 
1640 106 105 1159 
1641 1153 1213 1214 
1642 1221 1250 1365 
1643 1335 1246 1361 
1644 111 110 1225 
1645 1302 1255 1360 
1646 1211 1175 1321 
1647 1279 1177 1280 
1648 1226 1181 1235 
1649 1259 1232 1299 
1650 1233 273 1336 
1651 211 1177 1279 
1652 1164 1226 1227 
1653 1253 1252 1327 
1654 1282 1299 1353 
1655 221 1165 1283 
1656 198 199 1301 
1657 1165 222 1282 
1658 1162 220 1283 
1659 223 1224 1282 
1660 1176 1260 1316 
1661 1177 212 1290 
1662 1250 1325 1364 
1663 1264 1262 1328 
1664 1168 203 1285 
1665 202 1168 1286 
1666 1178 230 1296 
1667 1210 1267 1305 
1668 1163 237 1291 
1669 229 1160 1296 
1670 104 1174 1287 
1671 1155 1198 1349 
1672 1171 270 1206 
1673 213 1222 1290 
1674 1219 196 1288 
1675 1159 105 1287 
1676 197 1268 1288 
1677 1176 201 1286 
1678 205 1167 1289 
1679 200 1176 1295 
1680 1285 204 1289 
1681 1257 268 1314 
1682 1281 1177 1290 
1683 1238 1169 1293 
1684 231 1178 1297 
1685 236 1172 1291 
1686 1182 232 1297 
1687 1169 1237 1284 
1688 1248 1292 1332 
1689 1285 1289 1298 
1690 1245 1297 1355 
1691 33 1171 1200 
1692 280 1151 1221 
1693 1208 1268 1301 
1694 276 1179 1257 
1695 1256 1241 1354 
1696 199 1295 1301 
1697 1320 1274 1338 
1698 1268 198 1301 
1699 1162 1303 1311 
1700 1166 283 1200 
1701 1194 1185 1358 
1702 271 1155 1206 
1703 1185 1166 1358 
1704 1179 277 1201 
1705 1151 281 1185 
1706 1158 279 1221 
1707 1258 1182 1326 
1708 1202 1204 1345 
1709 1178 1296 1357 
1710 1187 1189 1362 
1711 238 1163 1307 
1712 1251 98 1308 
1713 1180 1255 1302 
1714 1333 215 1343 
1715 282 1166 1185 
1716 1166 1245 1358 
1717 1182 1258 1330 
1718 227 1170 1309 
1719 1170 226 1312 
1720 1216 1239 1310 
1721 1160 228 1309 
1722 278 1158 1201 
1723 239 238 1307 
1724 98 97 1308 
1725 219 1162 1311 
1726 1173 208 1306 
1727 262 263 1366 
1728 1183 246 1208 
1729 99 1251 1317 
1730 226 225 1312 
1731 228 227 1309 
1732 1299 1232 1353 
1733 207 1173 1315 
1734 1228 1229 1242 
1735 1167 206 1315 
1736 1208 247 1211 
1737 1271 1236 1332 
1738 208 209 1306 
1739 1209 1210 1331 
1740 218 219 1311 
1741 1303 1235 1311 
1742 1184 250 1218 
1743 251 1180 1218 
1744 1164 1227 1346 
1745 106 1159 1319 
1746 1175 249 1184 
1747 1274 1253 1338 
1748 206 207 1315 
1749 243 1153 1256 
1750 1154 108 1322 
1751 248 1175 1211 
1752 268 1257 1339 
1753 1235 1181 1313 
1754 1245 1200 1326 
1755 241 1156 1244 
1756 1298 1289 1323 
1757 100 99 1317 
1758 1156 242 1256 
1759 1243 1298 1323 
1760 1305 1174 1331 
1761 1295 1176 1316 
1762 1155 1197 1198 
1763 29 210 1352 
1764 209 29 1352 
1765 1167 1315 1356 
1766 97 20 1348 
1767 20 195 1348 
1768 224 30 1347 
1769 30 239 1347 
1770 107 106 1319 
1771 1285 1298 1327 
1772 1243 1229 1320 
1773 19 111 1350 
1774 225 19 1350 
1775 234 233 1330 
1776 1242 1323 1356 
1777 214 215 1333 
1778 1180 1209 1255 
1779 1218 1302 1324 
1780 1271 234 1330 
1781 1223 1164 1346 
1782 1153 1212 1213 
1783 1254 1242 1356 
1784 1174 103 1360 
1785 1161 1228 1230 
1786 1247 1333 1343 
1787 108 107 1322 
1788 1156 1256 1354 
1789 1162 1283 1344 
1790 1247 258 1300 
1791 1227 1318 1346 
1792 1158 1221 1365 
1793 1181 256 1240 
1794 1240 257 1247 
1795 32 1164 1223 
1796 1203 1158 1365 
1797 1219 1288 1321 
1798 1315 1254 1356 
1799 259 1234 1300 
1800 255 1181 1226 
1801 107 1319 1322 
1802 1262 1269 1328 
1803 1193 1231 1325 
1804 100 1317 1324 
1805 1157 264 1238 
1806 1229 262 1366 
1807 270 271 1206 
1808 101 100 1324 
1809 265 1169 1238 
1810 1164 254 1226 
1811 260 1161 1234 
1812 283 33 1200 
1813 1275 1276 1351 
1814 276 277 1179 
1815 280 281 1151 
1816 33 270 1171 
1817 279 280 1221 
1818 1169 266 1237 
1819 1314 1223 1336 
1820 1152 1207 1304 
1821 275 276 1257 
1822 1289 1167 1323 
1823 1237 1339 1341 
1824 1159 1272 1351 
1825 282 283 1166 
1826 1339 1179 1341 
1827 246 247 1208 
1828 277 278 1201 
1829 1302 101 1324 
1830 281 282 1185 
1831 278 279 1158 
1832 233 1182 1330 
1833 271 272 1155 
1834 1272 1275 1351 
1835 1328 1269 1357 
1836 1336 1223 1346 
1837 253 31 1152 
1838 245 246 1183 
1839 243 244 1153 
1840 1155 272 1197 
1841 251 252 1180 
1842 249 250 1184 
1843 250 251 1218 
1844 1236 1248 1332 
1845 1222 214 1333 
1846 248 249 1175 
1847 269 32 1223 
1848 247 248 1211 
1849 240 241 1244 
1850 1319 1276 1322 
1851 1284 1237 1341 
1852 242 243 1256 
1853 255 256 1181 
1854 257 258 1247 
1855 1290 1222 1363 
1856 258 259 1300 
1857 1225 1278 1337 
1858 241 242 1156 
1859 1340 1240 1343 
1860 1153 244 1212 
1861 263 264 1157 
1862 1284 1205 1359 
1863 1193 1325 1362 
1864 256 257 1240 
1865 1298 1243 1338 
1866 1210 1305 1331 
1867 265 266 1169 
1868 32 254 1164 
1869 1294 1284 1359 
1870 1220 1274 1342 
1871 1152 31 1207 
1872 1257 1179 1339 
1873 259 260 1234 
1874 1258 1271 1330 
1875 260 261 1161 
1876 264 265 1238 
1877 254 255 1226 
1878 1180 252 1209 
1879 266 267 1237 
1880 1232 1310 1353 
1881 1161 261 1228 
1882 1168 1285 1327 
1883 1312 1225 1337 
1884 1255 1209 1331 
1885 1227 1303 1329 
1886 1205 1202 1345 
1887 216 217 1340 
1888 1205 1284 1341 
1889 1157 1238 1342 
1890 1240 1247 1343 
1891 1269 1270 1357 
1892 1198 1217 1349 
1893 1297 1178 1355 
1894 1241 1294 1354 
1895 1270 1194 1358 
1896 215 216 1343 
1897 1189 1193 1362 
1898 1247 1300 1333 
1899 1246 1203 1364 
1900 1303 1162 1344 
1901 216 1340 1343 
1902 103 102 1360 
1903 1318 1227 1329 
1904 1276 1319 1351 
1905 210 1279 1352 
1906 1224 224 1347 
1907 1319 1159 1351 
1908 195 1219 1348 
1909 1300 1222 1333 
1910 1165 1282 1353 
1911 111 1225 1350 
1912 275 1257 1314 
1913 1310 1165 1353 
1914 217 1313 1340 
1915 1243 1320 1338 
1916 1207 1335 1361 
1917 269 1223 1314 
1918 1281 1290 1363 
1919 1318 1233 1346 
1920 1304 1207 1361 
1921 239 1307 1347 
1922 1308 97 1348 
1923 1306 209 1352 
1924 1312 225 1350 
1925 1307 1224 1347 
1926 1279 1306 1352 
1927 1219 1308 1348 
1928 1329 1303 1344 
1929 1323 1167 1356 
1930 1225 1312 1350 
1931 1345 1249 1359 
1932 1237 267 1339 
1933 1233 1336 1346 
1934 1325 1246 1364 
1935 1239 1329 1344 
1936 1157 1320 1366 
1937 1320 1229 1366 
1938 263 1157 1366 
1939 1205 1345 1359 
1940 1250 1364 1365 
1941 1364 1203 1365 
2 36 2 569
1942 347 1585 1469 
1943 1528 1543 1454 
1944 1402 1556 1461 
1945 1389 1494 1468 
1946 347 1469 348 
1947 1457 1585 347 
1948 305 1505 304 
1949 1438 1543 1528 
1950 1395 1463 1396 
1951 1513 1540 1464 
1952 1461 1556 1451 
1953 1546 1560 1511 
1954 1475 1560 1546 
1955 1545 1580 1390 
1956 1440 1500 1419 
1957 1430 1545 1390 
1958 36 1492 1450 
1959 1429 1504 1489 
1960 1387 1540 1513 
1961 1468 1493 1389 
1962 1504 1531 1489 
1963 1385 1472 1471 
1964 1472 1497 1425 
1965 1378 1530 1516 
1966 1428 1482 1473 
1967 338 1492 36 
1968 1464 1533 1513 
1969 1419 1500 1418 
1970 1516 1555 1378 
1971 1472 1498 1497 
1972 1463 1499 1396 
1973 1376 1542 1484 
1974 303 1501 302 
1975 1461 1514 1402 
1976 1385 1518 1472 
1977 1468 1495 1421 
1978 1450 1526 36 
1979 322 1398 323 
1980 1495 1582 1421 
1981 1397 1523 1489 
1982 1478 1480 1369 
1983 1375 1568 1501 
1984 1448 1543 1372 
1985 1501 1568 1500 
1986 1395 1469 1463 
1987 36 1526 326 
1988 304 1505 1375 
1989 1473 1505 305 
1990 1372 1543 1438 
1991 1498 1532 1379 
1992 1440 1501 1500 
1993 1433 1496 1471 
1994 1484 1542 1486 
1995 1477 1509 1443 
1996 1498 1588 1532 
1997 1473 1502 1428 
1998 1516 1594 1446 
1999 1375 1501 303 
2000 1529 1555 1478 
2001 1457 1567 1394 
2002 1513 1533 1384 
2003 1489 1523 1434 
2004 1398 1399 323 
2005 1371 1559 1474 
2006 1443 1575 1477 
2007 1483 1505 1482 
2008 1567 1579 1394 
2009 1471 1496 1385 
2010 1482 1505 1473 
2011 1378 1555 1529 
2012 1446 1594 1460 
2013 1474 1558 1371 
2014 1480 1481 1369 
2015 1470 1488 1401 
2016 1491 1547 1490 
2017 341 1582 342 
2018 1535 1590 1523 
2019 348 1469 1395 
2020 1397 1535 1523 
2021 1549 1594 1512 
2022 1521 1541 1520 
2023 1433 1527 1496 
2024 1524 1547 1491 
2025 1369 1529 1478 
2026 1454 1543 1427 
2027 1467 1579 1567 
2028 1494 1495 1468 
2029 1518 1588 1472 
2030 1460 1594 1549 
2031 1516 1530 1515 
2032 1396 1499 1483 
2033 1455 1580 1403 
2034 1489 1531 1397 
2035 1393 1589 1494 
2036 1382 1560 1479 
2037 1445 1561 1447 
2038 1458 1557 1551 
2039 1458 1551 1459 
2040 1501 1522 302 
2041 1374 1470 1401 
2042 1481 1521 1520 
2043 1488 1557 1458 
2044 1479 1544 1382 
2045 1445 1562 1561 
2046 1453 1569 1508 
2047 1431 1567 1457 
2048 1488 1566 1557 
2049 287 1496 288 
2050 1387 1544 1479 
2051 1394 1585 1457 
2052 1475 1558 1474 
2053 1410 1554 1547 
2054 1466 1528 1490 
2055 1511 1560 1382 
2056 1520 1541 1368 
2057 1479 1540 1387 
2058 1403 1580 1456 
2059 1494 1552 1393 
2060 1475 1570 1558 
2061 1483 1568 1505 
2062 1403 1404 1367 
2063 1491 1541 1521 
2064 1395 1396 1386 
2065 1495 1581 1381 
2066 307 1502 306 
2067 1388 1461 1451 
2068 1484 1553 1376 
2069 1422 1423 1373 
2070 1385 1496 287 
2071 1372 1437 1430 
2072 1521 1564 1491 
2073 1391 1433 1422 
2074 1380 1489 1434 
2075 1429 1489 1380 
2076 1497 1569 1453 
2077 1418 1499 1416 
2078 1508 1519 1453 
2079 1394 1579 1455 
2080 1426 1497 1453 
2081 1404 1405 1367 
2082 1456 1580 1545 
2083 1403 1456 1404 
2084 1447 1504 1429 
2085 1409 1503 1412 
2086 1406 1407 1405 
2087 1413 1503 1409 
2088 1425 1497 1426 
2089 1452 1484 1454 
2090 1423 1424 1373 
2091 1417 1420 1419 
2092 1436 1480 1478 
2093 1426 1453 1452 
2094 1404 1406 1405 
2095 1381 1582 1495 
2096 1426 1452 1427 
2097 1486 1487 1485 
2098 1412 1503 1436 
2099 1396 1482 1386 
2100 1452 1454 1427 
2101 1420 1476 1439 
2102 1436 1503 1480 
2103 1408 1413 1409 
2104 1484 1485 1454 
2105 306 1502 1473 
2106 1435 1464 1400 
2107 1458 1459 1435 
2108 1406 1408 1407 
2109 1408 1409 1407 
2110 1409 1411 1407 
2111 1566 1583 1405 
2112 1372 1438 1437 
2113 1449 1475 1474 
2114 1484 1486 1485 
2115 1388 1462 1461 
2116 1412 1414 1411 
2117 1415 1506 1414 
2118 1547 1554 1466 
2119 1401 1488 1458 
2120 1436 1478 1446 
2121 1436 1446 1415 
2122 1425 1426 1424 
2123 1449 1474 1399 
2124 1487 1490 1485 
2125 1426 1427 1424 
2126 1401 1458 1435 
2127 1412 1436 1415 
2128 1396 1483 1482 
2129 1444 1479 1449 
2130 1420 1439 1419 
2131 1409 1412 1411 
2132 1434 1493 1468 
2133 1417 1419 1418 
2134 1487 1491 1490 
2135 1412 1415 1414 
2136 1406 1410 1408 
2137 1423 1425 1424 
2138 1401 1435 1400 
2139 1438 1466 1437 
2140 1446 1555 1516 
2141 1439 1440 1419 
2142 1456 1507 1404 
2143 1446 1460 1415 
2144 1476 1477 1439 
2145 1404 1507 1406 
2146 1460 1506 1415 
2147 1532 1588 1442 
2148 1381 1581 1450 
2149 1444 1449 1399 
2150 1462 1581 1495 
2151 1517 1591 1432 
2152 1441 1590 1535 
2153 1435 1533 1464 
2154 1406 1507 1410 
2155 1472 1596 1471 
2156 1490 1547 1466 
2157 1463 1469 314 
2158 312 1397 311 
2159 226 1515 225 
2160 1386 1482 1428 
2161 1434 1468 1421 
2162 289 1465 290 
2163 285 1518 286 
2164 293 1393 294 
2165 319 1403 1367 
2166 124 1379 125 
2167 1493 1536 1389 
2168 350 1584 351 
2169 1440 1522 1501 
2170 1500 1592 1418 
2171 237 1383 236 
2172 233 1387 232 
2173 229 1370 228 
2174 284 1442 285 
2175 301 1377 300 
2176 1432 1556 1517 
2177 1417 1418 1416 
2178 295 1389 296 
2179 291 1402 292 
2180 304 1375 303 
2181 231 1384 230 
2182 227 1392 226 
2183 235 1382 234 
2184 239 1443 238 
2185 1408 1524 1413 
2186 286 1385 287 
2187 290 1517 291 
2188 1471 1593 1433 
2189 306 1473 305 
2190 310 1504 309 
2191 1488 1583 1566 
2192 1425 1596 1472 
2193 292 1514 293 
2194 123 1508 124 
2195 115 1369 116 
2196 238 1509 237 
2197 230 1510 229 
2198 349 1395 1386 
2199 297 1441 298 
2200 316 1585 1394 
2201 113 1378 114 
2202 121 1376 122 
2203 117 1520 118 
2204 1394 1455 317 
2205 321 1470 1374 
2206 318 1455 1403 
2207 228 1512 227 
2208 232 1513 231 
2209 236 1511 235 
2210 1469 1585 315 
2211 1367 1470 320 
2212 1389 1552 1494 
2213 1388 1526 1462 
2214 122 1519 123 
2215 118 1368 119 
2216 1388 1451 327 
2217 1485 1528 1454 
2218 1434 1523 1493 
2219 1374 1401 1400 
2220 302 1522 301 
2221 1392 1516 1515 
2222 1496 1527 288 
2223 1499 1592 1483 
2224 288 1527 289 
2225 1372 1430 334 
2226 333 1448 1372 
2227 1371 1558 1417 
2228 1413 1539 1503 
2229 1421 1582 341 
2230 328 1451 1432 
2231 329 1432 1391 
2232 1391 1422 330 
2233 331 1422 1373 
2234 1442 1518 285 
2235 1472 1588 1498 
2236 1392 1515 226 
2237 1459 1551 1525 
2238 1461 1550 1514 
2239 1450 1581 1526 
2240 286 1518 1385 
2241 1465 1517 290 
2242 335 1430 1390 
2243 1373 1448 332 
2244 293 1514 1393 
2245 1456 1545 1507 
2246 1410 1524 1408 
2247 124 1508 1379 
2248 324 1559 1371 
2249 1490 1528 1485 
2250 229 1510 1370 
2251 237 1509 1383 
2252 291 1517 1402 
2253 1402 1514 292 
2254 301 1522 1377 
2255 1370 1512 228 
2256 1387 1513 232 
2257 1383 1511 236 
2258 1398 1444 1399 
2259 1381 1450 343 
2260 340 1429 1380 
2261 1384 1510 230 
2262 1443 1509 238 
2263 1440 1548 1522 
2264 339 1447 1429 
2265 1390 1467 336 
2266 1467 1538 337 
2267 231 1513 1384 
2268 227 1512 1392 
2269 235 1511 1382 
2270 1445 1447 37 
2271 1495 1589 1462 
2272 123 1519 1508 
2273 1431 1457 346 
2274 1438 1528 1466 
2275 1376 1519 122 
2276 118 1520 1368 
2277 1480 1539 1481 
2278 1520 1576 1481 
2279 1550 1589 1393 
2280 1502 1562 1445 
2281 1398 1587 1444 
2282 1459 1533 1435 
2283 345 1492 1431 
2284 1479 1560 1449 
2285 1545 1554 1507 
2286 1452 1553 1484 
2287 312 1535 1397 
2288 1522 1548 1377 
2289 1379 1532 125 
2290 1407 1566 1405 
2291 1450 1492 344 
2292 289 1527 1465 
2293 1481 1539 1521 
2294 1397 1531 311 
2295 1413 1564 1539 
2296 114 1529 115 
2297 1514 1550 1393 
2298 115 1529 1369 
2299 1377 1534 300 
2300 113 1530 1378 
2301 310 1531 1504 
2302 112 1530 113 
2303 125 1532 126 
2304 313 1535 312 
2305 1378 1529 114 
2306 1373 1578 1448 
2307 1477 1548 1439 
2308 1389 1536 296 
2309 1400 1587 1398 
2310 1510 1525 1370 
2311 311 1531 310 
2312 300 1534 299 
2313 297 1536 1441 
2314 1593 1596 1423 
2315 325 1577 35 
2316 1478 1555 1446 
2317 1368 1537 119 
2318 296 1536 297 
2319 1470 1583 1488 
2320 233 1544 1387 
2321 1525 1563 1459 
2322 1424 1578 1373 
2323 1507 1554 1410 
2324 1382 1544 234 
2325 1481 1576 1369 
2326 1471 1596 1593 
2327 119 1537 120 
2328 1447 1561 1504 
2329 34 1573 313 
2330 298 1573 34 
2331 225 1571 19 
2332 19 1571 112 
2333 1444 1540 1479 
2334 307 1562 1502 
2335 121 1542 1376 
2336 21 1572 284 
2337 1503 1539 1480 
2338 126 1572 21 
2339 299 1574 30 
2340 30 1574 239 
2341 1393 1552 294 
2342 1445 1584 1502 
2343 1371 1417 1416 
2344 1380 1434 1421 
2345 295 1552 1389 
2346 1487 1541 1491 
2347 1534 1575 1443 
2348 1504 1561 309 
2349 1374 1400 1398 
2350 1428 1584 350 
2351 1506 1549 1525 
2352 1525 1549 1370 
2353 1369 1576 116 
2354 117 1576 1520 
2355 1526 1581 1462 
2356 1486 1595 1487 
2357 1525 1551 1506 
2358 120 1542 121 
2359 1505 1568 1375 
2360 1499 1577 1416 
2361 234 1544 233 
2362 1539 1564 1521 
2363 1467 1567 1538 
2364 1423 1596 1425 
2365 1367 1583 1470 
2366 348 1395 349 
2367 1524 1564 1413 
2368 326 1388 327 
2369 1437 1545 1430 
2370 333 1372 334 
2371 1460 1549 1506 
2372 1418 1592 1499 
2373 1537 1542 120 
2374 349 1386 350 
2375 1512 1594 1392 
2376 1379 1569 1498 
2377 1498 1569 1497 
2378 342 1381 343 
2379 327 1451 328 
2380 35 1463 314 
2381 329 1391 330 
2382 1416 1577 325 
2383 1384 1563 1510 
2384 331 1373 332 
2385 321 1374 322 
2386 319 1367 320 
2387 334 1430 335 
2388 1451 1556 1432 
2389 1439 1548 1440 
2390 330 1422 331 
2391 316 1394 317 
2392 328 1432 329 
2393 318 1403 319 
2394 335 1390 336 
2395 339 1429 340 
2396 314 1469 315 
2397 332 1448 333 
2398 351 1445 37 
2399 1533 1563 1384 
2400 37 1447 339 
2401 346 1457 347 
2402 340 1380 341 
2403 1453 1553 1452 
2404 1465 1591 1517 
2405 345 1431 346 
2406 336 1467 337 
2407 317 1455 318 
2408 337 1538 338 
2409 1433 1565 1527 
2410 1462 1550 1461 
2411 324 1371 325 
2412 1506 1551 1414 
2413 1386 1428 350 
2414 320 1470 321 
2415 344 1492 345 
2416 1380 1421 341 
2417 343 1450 344 
2418 1432 1591 1391 
2419 1422 1593 1423 
2420 1551 1557 1414 
2421 1374 1398 322 
2422 326 1526 1388 
2423 1405 1583 1367 
2424 1486 1542 1537 
2425 1414 1557 1411 
2426 1477 1575 1548 
2427 1474 1559 1399 
2428 1433 1593 1422 
2429 1491 1564 1524 
2430 1410 1547 1524 
2431 1371 1416 325 
2432 1477 1586 1509 
2433 1437 1554 1545 
2434 1466 1554 1437 
2435 294 1552 295 
2436 1391 1565 1433 
2437 1390 1579 1467 
2438 1494 1589 1495 
2439 1449 1560 1475 
2440 1417 1558 1420 
2441 1383 1546 1511 
2442 1492 1538 1431 
2443 1546 1570 1475 
2444 1463 1577 1499 
2445 1557 1566 1411 
2446 1399 1559 323 
2447 1420 1570 1476 
2448 338 1538 1492 
2449 1558 1570 1420 
2450 1476 1586 1477 
2451 309 1561 308 
2452 1370 1549 1512 
2453 308 1562 307 
2454 1411 1566 1407 
2455 1519 1553 1453 
2456 1537 1595 1486 
2457 1464 1587 1400 
2458 1427 1578 1424 
2459 1502 1584 1428 
2460 1376 1553 1519 
2461 1546 1586 1476 
2462 1561 1562 308 
2463 1383 1586 1546 
2464 1483 1592 1568 
2465 1517 1556 1402 
2466 1568 1592 1500 
2467 116 1576 117 
2468 1510 1563 1525 
2469 1392 1594 1516 
2470 1515 1571 225 
2471 284 1572 1442 
2472 1377 1575 1534 
2473 1441 1573 298 
2474 239 1574 1443 
2475 1459 1563 1533 
2476 1508 1569 1379 
2477 323 1559 324 
2478 1527 1565 1465 
2479 1536 1590 1441 
2480 1523 1590 1493 
2481 1442 1588 1518 
2482 1509 1586 1383 
2483 1462 1589 1550 
2484 1368 1595 1537 
2485 1548 1575 1377 
2486 112 1571 1530 
2487 313 1573 1535 
2488 1532 1572 126 
2489 315 1585 316 
2490 1534 1574 299 
2491 1579 1580 1455 
2492 1530 1571 1515 
2493 1476 1570 1546 
2494 1538 1567 1431 
2495 1442 1572 1532 
2496 1535 1573 1441 
2497 1443 1574 1534 
2498 1493 1590 1536 
2499 1487 1595 1541 
2500 1540 1587 1464 
2501 1444 1587 1540 
2502 1543 1578 1427 
2503 1448 1578 1543 
2504 1541 1595 1368 
2505 1390 1580 1579 
2506 1391 1591 1565 
2507 342 1582 1381 
2508 35 1577 1463 
2509 351 1584 1445 
2510 1565 1591 1465 
2 37 2 554
2511 1639 393 1659 
2512 1715 1659 1767 
2513 1659 1660 1767 
2514 1700 1615 1743 
2515 1673 1682 1717 
2516 1630 1674 1786 
2517 412 1634 1668 
2518 1665 1717 1788 
2519 1627 1714 1786 
2520 1661 417 1689 
2521 408 1619 1638 
2522 1673 1631 1682 
2523 1714 1627 1763 
2524 1607 1673 1717 
2525 1710 1686 1750 
2526 1633 1703 1755 
2527 1764 1619 1774 
2528 1675 1633 1755 
2529 1717 1682 1788 
2530 1624 1770 1795 
2531 1619 1702 1774 
2532 1704 1609 1730 
2533 1602 1710 1750 
2534 202 201 1731 
2535 1737 1637 1741 
2536 1688 1630 1786 
2537 1668 1634 1700 
2538 1700 1743 1751 
2539 1639 1659 1715 
2540 1628 1631 1673 
2541 1630 1601 1674 
2542 399 400 1689 
2543 1615 1700 1803 
2544 1620 1720 1721 
2545 1676 1624 1795 
2546 1664 1665 1708 
2547 1759 1749 1767 
2548 1609 1704 1744 
2549 1730 1609 1731 
2550 400 1607 1689 
2551 1704 1714 1744 
2552 1745 1678 1748 
2553 1609 202 1731 
2554 360 361 1712 
2555 1731 1749 1759 
2556 1652 1724 1725 
2557 1664 1708 1709 
2558 399 418 1801 
2559 1721 1638 1764 
2560 1661 1689 1761 
2561 1611 360 1712 
2562 1620 1721 1765 
2563 1711 1615 1803 
2564 392 393 1639 
2565 418 399 1689 
2566 1705 1664 1709 
2567 1681 1721 1764 
2568 1678 1733 1748 
2569 1727 1725 1728 
2570 411 412 1668 
2571 1714 1608 1744 
2572 1714 1688 1786 
2573 407 408 1638 
2574 1651 1649 1727 
2575 1741 1637 1810 
2576 416 417 1661 
2577 1652 1723 1724 
2578 1670 1701 1754 
2579 1638 1619 1764 
2580 1719 1638 1721 
2581 1707 1666 1753 
2582 1701 1670 1805 
2583 1728 1725 1814 
2584 1637 1737 1763 
2585 1716 198 1785 
2586 1646 1643 1723 
2587 198 1716 1792 
2588 1666 1707 1809 
2589 1613 1722 1769 
2590 1674 1625 1786 
2591 1658 1718 1757 
2592 1625 1627 1786 
2593 1722 1613 1782 
2594 1751 1622 1775 
2595 1680 1651 1727 
2596 1605 1658 1757 
2597 1642 1686 1710 
2598 1652 1646 1723 
2599 1649 1652 1727 
2600 1731 201 1749 
2601 1685 1719 1720 
2602 1623 1703 1805 
2603 385 386 1816 
2604 1707 1696 1808 
2605 1685 1626 1719 
2606 1713 1682 1806 
2607 1728 1600 1740 
2608 1721 1681 1765 
2609 1720 1620 1722 
2610 1662 1664 1705 
2611 1652 1725 1727 
2612 1793 376 1794 
2613 1729 1753 1778 
2614 1668 1700 1751 
2615 1643 1641 1723 
2616 1639 1716 1754 
2617 1757 1718 1813 
2618 1690 1751 1775 
2619 1639 1715 1716 
2620 1597 1642 1710 
2621 1689 1607 1761 
2622 1665 1788 1790 
2623 1682 1631 1806 
2624 1618 1802 1804 
2625 1658 1657 1718 
2626 1696 1707 1753 
2627 1720 1719 1721 
2628 1703 1623 1812 
2629 1610 1726 1738 
2630 1633 1616 1701 
2631 1726 1610 1776 
2632 1729 1696 1753 
2633 1633 1701 1703 
2634 1657 1602 1713 
2635 1634 1606 1635 
2636 1729 1648 1732 
2637 1680 1727 1728 
2638 1615 1711 1772 
2639 1659 1605 1660 
2640 1654 1678 1693 
2641 1599 1666 1706 
2642 1654 1694 1732 
2643 1752 1618 1804 
2644 1627 1637 1763 
2645 1642 1644 1686 
2646 1650 1649 1651 
2647 1650 1654 1732 
2648 1648 1709 1807 
2649 1656 1630 1688 
2650 1645 1647 1648 
2651 1708 1665 1790 
2652 1694 1693 1695 
2653 1699 1759 1791 
2654 1679 1680 1687 
2655 1724 1655 1726 
2656 1686 1644 1708 
2657 1642 1643 1644 
2658 1656 1704 1730 
2659 1654 1653 1678 
2660 1632 1630 1656 
2661 1694 1729 1732 
2662 1656 1688 1704 
2663 1632 1656 1699 
2664 1679 1651 1680 
2665 1683 1636 1684 
2666 1684 1636 1707 
2667 1711 1683 1712 
2668 1699 1656 1730 
2669 1654 1693 1694 
2670 1635 1606 1636 
2671 1694 1695 1696 
2672 1647 1649 1650 
2673 1637 1626 1685 
2674 1649 1646 1652 
2675 1692 1793 1794 
2676 1644 1643 1645 
2677 1647 1650 1732 
2678 1648 1647 1732 
2679 1635 1683 1711 
2680 1665 1663 1717 
2681 1650 1651 1653 
2682 1653 1651 1679 
2683 1645 1646 1647 
2684 1684 1707 1808 
2685 1704 1688 1714 
2686 1694 1696 1729 
2687 1605 1757 1791 
2688 1743 1622 1751 
2689 1645 1643 1646 
2690 1600 1728 1814 
2691 1647 1646 1649 
2692 1650 1653 1654 
2693 1635 1636 1683 
2694 1627 1626 1637 
2695 1629 1630 1632 
2696 1625 1626 1627 
2697 1662 1663 1664 
2698 1617 1715 1767 
2699 1705 1709 1778 
2700 1666 1662 1705 
2701 1608 1714 1763 
2702 1641 1655 1723 
2703 1678 1653 1733 
2704 1664 1663 1665 
2705 1723 1655 1724 
2706 1642 1641 1643 
2707 1655 1640 1752 
2708 1629 1601 1630 
2709 1653 1679 1733 
2710 1783 377 1793 
2711 1628 1629 1631 
2712 1626 1604 1719 
2713 1690 1668 1751 
2714 1699 1730 1759 
2715 1625 1604 1626 
2716 1709 1648 1778 
2717 1619 1676 1702 
2718 1641 1640 1655 
2719 1662 1661 1663 
2720 1687 1680 1762 
2721 1706 1666 1809 
2722 1666 1705 1753 
2723 139 140 1614 
2724 1607 1717 1761 
2725 1599 1662 1666 
2726 353 354 1742 
2727 371 370 1681 
2728 138 139 1740 
2729 380 379 1669 
2730 363 364 1743 
2731 359 360 1611 
2732 136 137 1739 
2733 197 196 1670 
2734 205 204 1608 
2735 133 134 1698 
2736 127 128 1623 
2737 137 138 1600 
2738 208 207 1613 
2739 206 205 1737 
2740 134 135 1738 
2741 135 136 1610 
2742 1628 1601 1629 
2743 369 368 1620 
2744 362 363 1615 
2745 354 355 1603 
2746 358 359 1736 
2747 379 378 1735 
2748 374 373 1621 
2749 207 206 1741 
2750 203 202 1609 
2751 364 365 1622 
2752 356 357 1745 
2753 381 380 1734 
2754 1735 1667 1766 
2755 1597 1641 1642 
2756 1753 1705 1778 
2757 200 199 1617 
2758 204 203 1744 
2759 357 358 1598 
2760 1759 1660 1791 
2761 1724 1726 1776 
2762 1667 1612 1766 
2763 352 353 1677 
2764 1672 1691 1789 
2765 1603 1733 1773 
2766 1730 1731 1759 
2767 1700 1634 1803 
2768 1703 1701 1805 
2769 1768 1672 1789 
2770 372 1774 1798 
2771 1611 1712 1779 
2772 1660 1759 1767 
2773 139 1614 1740 
2774 1709 1708 1807 
2775 375 374 1747 
2776 1713 1602 1750 
2777 1715 1617 1792 
2778 1605 395 1658 
2779 1600 138 1740 
2780 1736 1611 1746 
2781 137 1600 1739 
2782 1726 1655 1752 
2783 1681 1764 1774 
2784 39 1657 1658 
2785 1663 1661 1761 
2786 1682 1713 1788 
2787 1718 1631 1813 
2788 354 1603 1742 
2789 1610 136 1739 
2790 1618 387 1672 
2791 205 1608 1737 
2792 1615 363 1743 
2793 359 1611 1736 
2794 1733 1603 1748 
2795 1698 134 1738 
2796 1669 379 1735 
2797 364 1622 1743 
2798 380 1669 1734 
2799 135 1610 1738 
2800 1613 207 1741 
2801 1684 1746 1779 
2802 206 1737 1741 
2803 1608 204 1744 
2804 1680 1728 1762 
2805 1701 1616 1754 
2806 1725 1724 1776 
2807 1677 353 1742 
2808 201 200 1749 
2809 1733 1679 1773 
2810 355 356 1748 
2811 203 1609 1744 
2812 391 1616 1633 
2813 413 1606 1634 
2814 1712 361 1772 
2815 1598 358 1736 
2816 357 1598 1745 
2817 1717 1663 1761 
2818 389 1675 1691 
2819 390 1633 1675 
2820 1692 41 1697 
2821 384 1597 1710 
2822 1616 1639 1754 
2823 374 1621 1747 
2824 1672 388 1691 
2825 382 1602 1657 
2826 1671 422 1692 
2827 1716 1715 1792 
2828 1602 383 1710 
2829 394 1605 1659 
2830 1603 355 1748 
2831 356 1745 1748 
2832 200 1617 1749 
2833 409 1667 1697 
2834 372 371 1774 
2835 1640 385 1816 
2836 1632 1699 1757 
2837 1708 1644 1807 
2838 1697 1783 1793 
2839 1606 414 1706 
2840 129 130 1755 
2841 1746 1684 1808 
2842 1670 196 1756 
2843 1645 1648 1807 
2844 1636 1606 1809 
2845 1622 365 1758 
2846 1606 1706 1809 
2847 1637 1685 1810 
2848 1614 140 1760 
2849 1678 1745 1811 
2850 1728 1740 1762 
2851 365 366 1758 
2852 196 195 1756 
2853 378 377 1783 
2854 1634 1635 1803 
2855 1718 1657 1806 
2856 1631 1629 1813 
2857 198 197 1785 
2858 1737 1608 1763 
2859 1657 1713 1806 
2860 1670 1756 1805 
2861 1686 1708 1790 
2862 140 141 1760 
2863 1681 370 1765 
2864 410 1612 1667 
2865 199 198 1792 
2866 415 1599 1706 
2867 369 1620 1765 
2868 1774 1702 1798 
2869 1671 1692 1794 
2870 133 1698 1768 
2871 1769 1722 1787 
2872 1695 1693 1780 
2873 1758 1734 1775 
2874 208 1613 1769 
2875 376 375 1794 
2876 1687 1762 1777 
2877 1770 1624 1781 
2878 405 1625 1674 
2879 421 1671 1781 
2880 1769 1787 1799 
2881 1648 1729 1778 
2882 403 1601 1628 
2883 396 1624 1676 
2884 1683 1684 1779 
2885 1619 40 1676 
2886 406 1604 1625 
2887 141 22 1800 
2888 22 352 1800 
2889 20 127 1797 
2890 195 20 1797 
2891 1775 1734 1815 
2892 362 1615 1772 
2893 402 1628 1673 
2894 1612 1668 1690 
2895 1722 1620 1787 
2896 38 381 1796 
2897 366 38 1796 
2898 1746 1695 1780 
2899 1691 1675 1771 
2900 367 29 1799 
2901 29 209 1799 
2902 1601 404 1674 
2903 1770 1621 1795 
2904 1736 1746 1780 
2905 1671 1770 1781 
2906 1597 1640 1641 
2907 1750 1686 1790 
2908 1697 1667 1783 
2909 1685 1720 1782 
2910 1599 1661 1662 
2911 1675 1755 1771 
2912 1712 1683 1779 
2913 1760 1677 1777 
2914 1620 368 1787 
2915 1607 401 1673 
2916 1621 373 1798 
2917 370 369 1765 
2918 1624 397 1784 
2919 1632 1757 1813 
2920 1623 128 1812 
2921 1740 1614 1762 
2922 1667 1735 1783 
2923 132 133 1768 
2924 1679 1687 1773 
2925 1742 1603 1773 
2926 1755 130 1771 
2927 1762 1614 1777 
2928 1720 1722 1782 
2929 209 208 1769 
2930 1612 1690 1766 
2931 1669 1735 1766 
2932 1604 1638 1719 
2933 1711 1712 1772 
2934 1747 1671 1794 
2935 386 387 1618 
2936 395 39 1658 
2937 391 392 1616 
2938 1695 1746 1808 
2939 130 131 1771 
2940 1749 1617 1767 
2941 1754 1716 1785 
2942 413 414 1606 
2943 422 41 1692 
2944 1693 1678 1811 
2945 39 382 1657 
2946 383 384 1710 
2947 412 413 1634 
2948 388 389 1691 
2949 389 390 1675 
2950 361 362 1772 
2951 1738 1726 1804 
2952 41 409 1697 
2953 1692 1697 1793 
2954 394 395 1605 
2955 390 391 1633 
2956 371 1681 1774 
2957 384 385 1597 
2958 387 388 1672 
2959 1777 1677 1817 
2960 417 418 1689 
2961 1725 1776 1814 
2962 129 1755 1812 
2963 393 394 1659 
2964 1631 1718 1806 
2965 1734 1669 1815 
2966 382 383 1602 
2967 1616 392 1639 
2968 421 422 1671 
2969 1795 1621 1798 
2970 1747 1621 1770 
2971 409 410 1667 
2972 415 416 1599 
2973 1755 1703 1812 
2974 1752 1640 1816 
2975 1780 1693 1811 
2976 410 411 1612 
2977 1746 1611 1779 
2978 420 1781 1784 
2979 414 415 1706 
2980 1622 1758 1775 
2981 1660 1605 1791 
2982 1671 1747 1770 
2983 1612 411 1668 
2984 1597 385 1640 
2985 1618 1672 1802 
2986 405 406 1625 
2987 1802 1698 1804 
2988 1781 1624 1784 
2989 1610 1739 1776 
2990 132 1768 1789 
2991 402 403 1628 
2992 1735 378 1783 
2993 1599 416 1661 
2994 1670 1754 1785 
2995 40 396 1676 
2996 1726 1752 1804 
2997 408 40 1619 
2998 396 397 1624 
2999 368 367 1787 
3000 403 404 1601 
3001 197 1670 1785 
3002 404 405 1674 
3003 401 402 1673 
3004 1771 131 1789 
3005 1614 1760 1777 
3006 400 401 1607 
3007 131 132 1789 
3008 406 407 1604 
3009 1598 1736 1780 
3010 1702 1676 1795 
3011 377 376 1793 
3012 1635 1711 1803 
3013 1696 1695 1808 
3014 1604 407 1638 
3015 1644 1645 1807 
3016 1707 1636 1809 
3017 1691 1771 1789 
3018 1677 1742 1817 
3019 373 372 1798 
3020 1617 199 1792 
3021 1629 1632 1813 
3022 1776 1739 1814 
3023 1713 1750 1788 
3024 1788 1750 1790 
3025 420 421 1781 
3026 1613 1741 1810 
3027 128 129 1812 
3028 1598 1780 1811 
3029 127 1623 1797 
3030 375 1747 1794 
3031 1768 1698 1802 
3032 1757 1699 1791 
3033 381 1734 1796 
3034 352 1677 1800 
3035 1742 1773 1817 
3036 1698 1738 1804 
3037 1739 1600 1814 
3038 419 420 1784 
3039 1745 1598 1811 
3040 418 419 1801 
3041 398 419 1784 
3042 1756 195 1797 
3043 1758 366 1796 
3044 1618 1752 1816 
3045 1760 141 1800 
3046 1773 1687 1817 
3047 1702 1795 1798 
3048 397 398 1784 
3049 1756 1623 1805 
3050 1623 1756 1797 
3051 1782 1613 1810 
3052 1766 1690 1815 
3053 1734 1758 1796 
3054 398 399 1801 
3055 1677 1760 1800 
3056 419 398 1801 
3057 1669 1766 1815 
3058 1672 1768 1802 
3059 209 1769 1799 
3060 1690 1775 1815 
3061 1685 1782 1810 
3062 1787 367 1799 
3063 386 1618 1816 
3064 1687 1777 1817 
2 38 2 557
3065 1920 1978 1963 
3066 1913 1939 151 
3067 1936 2009 1969 
3068 442 2031 1844 
3069 1963 2032 1920 
3070 1852 2019 1899 
3071 1852 1899 1851 
3072 1883 1937 1912 
3073 1921 1922 1887 
3074 1969 2009 1896 
3075 1874 2031 442 
3076 440 1873 1827 
3077 151 1939 150 
3078 356 1926 357 
3079 1843 1973 1923 
3080 1908 1980 1933 
3081 1969 2027 1936 
3082 1825 1994 1952 
3083 1883 2008 1937 
3084 1963 1987 1872 
3085 1872 1987 1930 
3086 1994 2011 1952 
3087 1884 1933 1915 
3088 356 1975 1926 
3089 1833 1964 1924 
3090 145 1930 144 
3091 1871 1973 1843 
3092 1840 2032 1963 
3093 1967 1992 1898 
3094 1873 1927 1827 
3095 150 1939 149 
3096 149 1939 1929 
3097 1940 1941 1823 
3098 1950 1967 1821 
3099 1922 1957 1887 
3100 1821 2014 1950 
3101 145 1973 1930 
3102 1950 1992 1967 
3103 1897 1999 1982 
3104 1887 1943 1921 
3105 1888 1942 1820 
3106 292 1960 291 
3107 1899 1927 1841 
3108 455 1938 1914 
3109 1834 1960 292 
3110 1941 1999 1897 
3111 1941 1997 1823 
3112 1952 1996 1825 
3113 1924 1984 1833 
3114 1942 2000 1820 
3115 1986 2007 1829 
3116 1915 2028 1884 
3117 1974 1998 1906 
3118 1908 1933 1884 
3119 475 1988 476 
3120 474 1938 475 
3121 1965 2035 1918 
3122 1933 1980 1918 
3123 1906 1994 1974 
3124 439 1873 440 
3125 441 1874 442 
3126 1923 1995 1843 
3127 1963 1978 1877 
3128 1918 1980 1965 
3129 1961 1988 1891 
3130 1927 2029 1841 
3131 1916 1988 475 
3132 1961 2036 1988 
3133 1914 1938 1893 
3134 1956 2012 1826 
3135 1932 2007 1986 
3136 475 1938 1916 
3137 1937 2026 1912 
3138 1826 2004 1956 
3139 1899 1993 1927 
3140 151 2003 1913 
3141 1930 1973 1871 
3142 454 1938 455 
3143 1948 1968 1952 
3144 1931 1958 1831 
3145 1893 2018 1914 
3146 1876 1975 1870 
3147 1926 1991 357 
3148 1912 1971 1958 
3149 1831 1959 1931 
3150 1927 1993 1875 
3151 2003 2013 1911 
3152 1827 1927 1875 
3153 1855 2019 1852 
3154 1928 1998 1836 
3155 1914 2018 2016 
3156 1975 1976 1870 
3157 1964 2005 1924 
3158 1948 2014 1968 
3159 1885 1995 1983 
3160 42 2016 438 
3161 1836 1998 1974 
3162 1910 2038 1943 
3163 1926 1975 1876 
3164 1830 2013 1904 
3165 1943 2022 1910 
3166 1931 1959 1953 
3167 1953 1959 1890 
3168 1930 1987 144 
3169 1818 1852 1851 
3170 1845 1846 1822 
3171 1819 1862 1861 
3172 1902 1910 1819 
3173 1836 1991 1928 
3174 1824 1915 1901 
3175 1911 2013 1830 
3176 1851 1899 1841 
3177 1878 2013 2003 
3178 1903 1942 1888 
3179 1839 2009 1935 
3180 1834 1989 1960 
3181 1818 1853 1852 
3182 1959 1960 1890 
3183 1974 1994 1825 
3184 1853 1854 1852 
3185 1873 2018 1925 
3186 1862 1863 1861 
3187 1862 1865 1864 
3188 1909 1995 1885 
3189 1846 1848 1847 
3190 1936 1937 1905 
3191 1860 1918 1917 
3192 1856 1944 1857 
3193 1868 1924 1908 
3194 1935 1936 1905 
3195 1868 1954 1924 
3196 1859 1944 1856 
3197 1864 1954 1868 
3198 1866 1954 1864 
3199 1849 1890 1889 
3200 1846 1847 1822 
3201 1856 1857 1854 
3202 1915 2017 1901 
3203 1904 1905 1903 
3204 1865 1943 1867 
3205 1886 1932 1900 
3206 1860 1917 1859 
3207 1849 1889 1850 
3208 1904 1935 1905 
3209 1933 2039 1915 
3210 1882 1931 1880 
3211 1881 1942 1883 
3212 1853 1856 1854 
3213 1881 1882 1880 
3214 1900 1940 1869 
3215 1879 1881 1880 
3216 1902 2025 1910 
3217 1955 1956 1949 
3218 1889 1921 1850 
3219 1957 1970 1829 
3220 1848 1849 1847 
3221 1854 1855 1852 
3222 1864 1868 1863 
3223 1875 1895 1894 
3224 1945 1949 1947 
3225 1886 1900 1869 
3226 1895 1906 1894 
3227 1868 1884 1863 
3228 1892 1954 1866 
3229 1857 1962 1854 
3230 1917 1919 1859 
3231 1844 1926 1876 
3232 1858 1859 1856 
3233 1846 1879 1848 
3234 1869 1940 1892 
3235 450 1985 42 
3236 1881 1883 1882 
3237 1848 1953 1849 
3238 1919 1944 1859 
3239 1868 1908 1884 
3240 1862 1864 1863 
3241 1882 1958 1931 
3242 1865 1866 1864 
3243 1853 1858 1856 
3244 1951 1962 1946 
3245 1858 1860 1859 
3246 1971 2010 1958 
3247 1948 1951 1946 
3248 1865 1867 1866 
3249 1867 1943 1887 
3250 1931 1953 1880 
3251 1946 1962 1857 
3252 1879 1880 1848 
3253 1883 1912 1882 
3254 1867 1869 1866 
3255 1867 1886 1869 
3256 1900 1941 1940 
3257 1944 1945 1857 
3258 1867 1887 1886 
3259 1854 1962 1855 
3260 1889 1922 1921 
3261 1849 1953 1890 
3262 1869 1892 1866 
3263 1917 1934 1919 
3264 1860 1933 1918 
3265 1935 1972 1839 
3266 1880 1953 1848 
3267 1948 1952 1951 
3268 1849 1850 1847 
3269 1844 1928 1926 
3270 1945 1946 1857 
3271 1945 1955 1949 
3272 1824 2028 1915 
3273 1949 1950 1947 
3274 1830 1904 1903 
3275 1935 2009 1936 
3276 1872 1930 1871 
3277 1895 1907 1906 
3278 1912 1958 1882 
3279 1837 1999 1932 
3280 1945 1947 1946 
3281 1947 1948 1946 
3282 1919 1955 1944 
3283 1944 1955 1945 
3284 1903 2008 1942 
3285 1925 2029 1873 
3286 1832 2035 1965 
3287 1968 2014 1821 
3288 1840 1963 1872 
3289 1915 2039 2017 
3290 2025 2038 1910 
3291 1875 1894 1874 
3292 1829 2007 1957 
3293 2016 2018 1842 
3294 426 1826 427 
3295 430 1835 431 
3296 434 1823 435 
3297 1830 1903 1888 
3298 363 1821 364 
3299 155 1839 154 
3300 154 1972 153 
3301 353 1920 354 
3302 359 1974 360 
3303 360 1825 361 
3304 287 1828 286 
3305 295 1829 294 
3306 1820 1961 1891 
3307 153 1878 152 
3308 147 1923 146 
3309 143 1877 142 
3310 364 1967 365 
3311 146 1973 145 
3312 431 1964 432 
3313 1954 1984 1924 
3314 365 1898 366 
3315 288 1971 287 
3316 1982 1999 1837 
3317 358 1836 359 
3318 362 1968 363 
3319 1913 2003 1911 
3320 1942 2008 1883 
3321 294 1970 293 
3322 286 1969 285 
3323 290 1831 289 
3324 293 1834 292 
3325 285 1896 284 
3326 297 1837 296 
3327 1908 2005 1980 
3328 1932 1986 1837 
3329 477 1845 1822 
3330 429 1965 430 
3331 433 1966 434 
3332 424 1838 425 
3333 428 1832 429 
3334 432 1833 433 
3335 436 1897 437 
3336 1934 2035 1832 
3337 467 1861 1824 
3338 471 1851 1841 
3339 1822 1902 44 
3340 1824 1901 468 
3341 1841 1925 472 
3342 1819 1861 466 
3343 469 1901 1818 
3344 1995 2001 1843 
3345 1818 1851 470 
3346 465 1902 1819 
3347 1889 1989 1922 
3348 473 1925 1893 
3349 42 1985 1977 
3350 1839 1972 154 
3351 1826 2012 1934 
3352 1835 1964 431 
3353 1901 2017 1818 
3354 153 1972 1878 
3355 360 1974 1825 
3356 1821 1967 364 
3357 1932 1999 1900 
3358 1879 2000 1881 
3359 430 1965 1835 
3360 434 1966 1823 
3361 363 1968 1821 
3362 144 1987 143 
3363 1836 1974 359 
3364 287 1971 1828 
3365 1923 1973 146 
3366 1957 2034 1970 
3367 1961 2000 1879 
3368 365 1967 1898 
3369 1828 1969 286 
3370 1829 1970 294 
3371 355 1975 356 
3372 1822 2025 1902 
3373 285 1969 1896 
3374 293 1970 1834 
3375 1833 1984 1966 
3376 1960 1989 1890 
3377 432 1964 1833 
3378 1937 2008 1905 
3379 354 1976 355 
3380 1861 2028 1824 
3381 1832 1965 429 
3382 1833 1966 433 
3383 1968 1996 1952 
3384 1943 2038 1921 
3385 1983 1995 1923 
3386 1818 2017 1853 
3387 1958 2010 1831 
3388 1920 1976 354 
3389 1928 2031 1998 
3390 1957 2007 1887 
3391 1960 2006 291 
3392 1844 2031 1928 
3393 1844 1876 443 
3394 1832 2030 1934 
3395 1955 2012 1956 
3396 1897 1997 1941 
3397 155 1981 1839 
3398 1917 2035 1934 
3399 1956 2004 1838 
3400 353 1978 1920 
3401 1984 2015 1966 
3402 444 1876 1870 
3403 1887 2007 1886 
3404 1847 2025 1822 
3405 1949 2037 1950 
3406 147 1983 1923 
3407 1950 2014 1947 
3408 1934 2012 1919 
3409 1922 2034 1957 
3410 1865 2022 1943 
3411 1892 1984 1954 
3412 156 1981 155 
3413 352 1978 353 
3414 447 1872 1871 
3415 1962 2002 1855 
3416 448 1871 1843 
3417 1910 2022 1819 
3418 355 1976 1975 
3419 1863 2028 1861 
3420 152 2003 151 
3421 1860 2039 1933 
3422 148 1983 147 
3423 1819 2022 1862 
3424 1879 2036 1961 
3425 297 1982 1837 
3426 445 1870 1840 
3427 1840 1872 446 
3428 298 1982 297 
3429 1873 2029 1927 
3430 423 1979 424 
3431 1898 1992 1979 
3432 424 1979 1838 
3433 295 1986 1829 
3434 1846 2036 1879 
3435 1837 1986 296 
3436 1890 1989 1889 
3437 1877 1987 1963 
3438 1934 2030 1826 
3439 1831 2006 1959 
3440 1929 2033 149 
3441 1895 1990 1907 
3442 358 1991 1836 
3443 1843 2001 449 
3444 296 1986 295 
3445 38 2024 423 
3446 366 2024 38 
3447 1825 1996 361 
3448 1823 1997 435 
3449 1924 2005 1908 
3450 362 1996 1968 
3451 142 2021 22 
3452 22 2021 352 
3453 21 2020 156 
3454 284 2020 21 
3455 149 2033 148 
3456 1820 2000 1961 
3457 1929 1939 461 
3458 143 1987 1877 
3459 1965 1980 1835 
3460 462 1939 1913 
3461 1885 1929 460 
3462 1928 1991 1926 
3463 426 2004 1826 
3464 451 1888 1820 
3465 459 1909 1885 
3466 436 1997 1897 
3467 437 2023 34 
3468 34 2023 298 
3469 1830 1888 43 
3470 1896 2009 1981 
3471 1895 1993 1990 
3472 290 2006 1831 
3473 288 2010 1971 
3474 1977 2016 42 
3475 1831 2010 289 
3476 463 1913 1911 
3477 1914 1977 456 
3478 1820 1891 452 
3479 1827 1875 1874 
3480 1838 2004 425 
3481 1891 1916 453 
3482 1823 2015 1940 
3483 1875 1993 1895 
3484 1950 2037 1992 
3485 1826 2030 427 
3486 1988 2036 1845 
3487 464 1911 1830 
3488 458 1985 1909 
3489 1892 2015 1984 
3490 357 1991 358 
3491 1855 2002 1990 
3492 428 2030 1832 
3493 1838 2037 1956 
3494 1907 1994 1906 
3495 1906 1998 1894 
3496 1909 2001 1995 
3497 1977 1985 457 
3498 361 1996 362 
3499 1900 1999 1941 
3500 476 1845 477 
3501 2002 2011 1907 
3502 1881 2000 1942 
3503 1980 2005 1835 
3504 466 1861 467 
3505 1998 2031 1894 
3506 1959 2006 1960 
3507 1979 1992 1838 
3508 468 1901 469 
3509 471 1841 472 
3510 435 1997 436 
3511 477 1822 44 
3512 44 1902 465 
3513 467 1824 468 
3514 470 1851 471 
3515 2026 2027 1828 
3516 472 1925 473 
3517 1951 2002 1962 
3518 1916 1938 454 
3519 1891 1988 1916 
3520 469 1818 470 
3521 473 1893 474 
3522 465 1819 466 
3523 1841 2029 1925 
3524 1951 2011 2002 
3525 1905 2008 1903 
3526 442 1844 443 
3527 1912 2026 1971 
3528 443 1876 444 
3529 1989 2034 1922 
3530 1886 2007 1932 
3531 1925 2018 1893 
3532 455 1914 456 
3533 447 1871 448 
3534 444 1870 445 
3535 446 1872 447 
3536 425 2004 426 
3537 448 1843 449 
3538 43 1888 451 
3539 1842 2018 1873 
3540 291 2006 290 
3541 460 1929 461 
3542 476 1988 1845 
3543 458 1909 459 
3544 461 1939 462 
3545 462 1913 463 
3546 445 1840 446 
3547 438 1842 439 
3548 459 1885 460 
3549 452 1891 453 
3550 1878 2003 152 
3551 1893 1938 474 
3552 451 1820 452 
3553 1952 2011 1951 
3554 464 1830 43 
3555 1828 2027 1969 
3556 453 1916 454 
3557 440 1827 441 
3558 463 1911 464 
3559 1940 2015 1892 
3560 1972 2040 1878 
3561 1919 2012 1955 
3562 289 2010 288 
3563 1993 2019 1990 
3564 1842 1873 439 
3565 1947 2014 1948 
3566 1853 2017 1858 
3567 1835 2005 1964 
3568 1827 1874 441 
3569 1862 2022 1865 
3570 1936 2027 1937 
3571 1845 2036 1846 
3572 1990 2002 1907 
3573 1850 2025 1847 
3574 1971 2026 1828 
3575 1884 2028 1863 
3576 1918 2035 1917 
3577 2017 2039 1858 
3578 1956 2037 1949 
3579 1937 2027 2026 
3580 1966 2015 1823 
3581 1850 2038 2025 
3582 1894 2031 1874 
3583 1904 2040 1935 
3584 1981 2009 1839 
3585 1870 2032 1840 
3586 1858 2039 1860 
3587 1921 2038 1850 
3588 1885 2033 1929 
3589 456 1977 457 
3590 427 2030 428 
3591 449 2001 450 
3592 1898 2024 366 
3593 1877 2021 142 
3594 1920 2032 1976 
3595 1896 2020 284 
3596 457 1985 458 
3597 1834 2034 1989 
3598 1897 2023 437 
3599 1935 2040 1972 
3600 1914 2016 1977 
3601 1985 2001 1909 
3602 1970 2034 1834 
3603 1992 2037 1838 
3604 1976 2032 1870 
3605 1878 2040 2013 
3606 1899 2019 1993 
3607 1907 2011 1994 
3608 1990 2019 1855 
3609 1983 2033 1885 
3610 156 2020 1981 
3611 352 2021 1978 
3612 423 2024 1979 
3613 298 2023 1982 
3614 148 2033 1983 
3615 1978 2021 1877 
3616 1981 2020 1896 
3617 1979 2024 1898 
3618 1982 2023 1897 
3619 438 2016 1842 
3620 450 2001 1985 
3621 2013 2040 1904 
2 39 2 37
3622 159 2042 2050 
3623 478 163 2052 
3624 157 483 2051 
3625 2044 2046 2049 
3626 157 23 483 
3627 163 478 24 
3628 2042 2044 2049 
3629 160 159 2050 
3630 483 2044 2051 
3631 2045 478 2052 
3632 2045 2043 2048 
3633 2042 2049 2050 
3634 2047 2045 2048 
3635 2043 161 2050 
3636 161 160 2050 
3637 483 482 2044 
3638 479 478 2045 
3639 481 480 2041 
3640 159 158 2042 
3641 162 161 2043 
3642 2046 2041 2049 
3643 2048 2043 2050 
3644 2041 2048 2049 
3645 481 2041 2046 
3646 2044 2042 2051 
3647 2043 2045 2052 
3648 482 481 2046 
3649 480 479 2047 
3650 479 2045 2047 
3651 2041 480 2047 
3652 2041 2047 2048 
3653 2049 2048 2050 
3654 2044 482 2046 
3655 2042 158 2051 
3656 162 2043 2052 
3657 163 162 2052 
3658 158 157 2051 
2 40 2 37
3659 166 2054 2062 
3660 164 478 2064 
3661 483 170 2063 
3662 23 170 483 
3663 478 164 24 
3664 167 166 2062 
3665 2060 2054 2061 
3666 2054 2057 2061 
3667 2056 483 2063 
3668 478 2057 2064 
3669 2056 2055 2059 
3670 2054 2060 2062 
3671 2058 2056 2059 
3672 2055 168 2062 
3673 168 167 2062 
3674 482 483 2056 
3675 478 479 2057 
3676 480 481 2053 
3677 169 168 2055 
3678 166 165 2054 
3679 2059 2055 2062 
3680 2053 2060 2061 
3681 2053 2059 2060 
3682 480 2053 2061 
3683 2055 2056 2063 
3684 2057 2054 2064 
3685 479 480 2061 
3686 481 482 2058 
3687 482 2056 2058 
3688 2053 481 2058 
3689 2053 2058 2059 
3690 2060 2059 2062 
3691 2057 479 2061 
3692 169 2055 2063 
3693 2054 165 2064 
3694 165 164 2064 
3695 170 169 2063 
2 41 2 25
3696 26 176 2067 
3697 172 171 2068 
3698 171 25 488 
3699 171 488 2068 
3700 2070 2065 2071 
3701 2066 2070 2071 
3702 2066 172 2068 
3703 2065 2069 2071 
3704 485 484 2067 
3705 2065 485 2067 
3706 176 175 2067 
3707 173 172 2066 
3708 2065 2067 2069 
3709 486 485 2065 
3710 488 487 2068 
3711 2067 175 2069 
3712 175 174 2069 
3713 487 486 2070 
3714 486 2065 2070 
3715 174 173 2071 
3716 2069 174 2071 
3717 2066 2068 2070 
3718 2068 487 2070 
3719 173 2066 2071 
3720 484 26 2067 
2 42 2 25
3721 177 26 2074 
3722 182 181 2075 
3723 25 182 488 
3724 488 182 2075 
3725 2072 2077 2078 
3726 2077 2073 2078 
3727 181 2073 2075 
3728 2076 2072 2078 
3729 484 485 2074 
3730 485 2072 2074 
3731 178 177 2074 
3732 2074 2072 2076 
3733 181 180 2073 
3734 178 2074 2076 
3735 485 486 2072 
3736 487 488 2075 
3737 179 178 2076 
3738 486 487 2077 
3739 2075 2073 2077 
3740 180 179 2078 
3741 2072 486 2077 
3742 487 2075 2077 
3743 2073 180 2078 
3744 179 2076 2078 
3745 26 484 2074 
2 43 2 25
3746 184 183 2083 
3747 2084 2079 2085 
3748 183 493 2083 
3749 183 27 493 
3750 2080 2084 2085 
3751 2080 184 2083 
3752 2079 490 2081 
3753 490 489 2081 
3754 2079 2082 2085 
3755 188 187 2081 
3756 2079 2081 2082 
3757 185 184 2080 
3758 2081 187 2082 
3759 493 492 2083 
3760 491 490 2079 
3761 187 186 2082 
3762 492 491 2084 
3763 2080 2083 2084 
3764 186 185 2085 
3765 491 2079 2084 
3766 185 2080 2085 
3767 2082 186 2085 
3768 2083 492 2084 
3769 28 188 2081 
3770 489 28 2081 
2 44 2 25
3771 190 189 2089 
3772 2091 2086 2092 
3773 189 489 2089 
3774 489 189 28 
3775 2087 2091 2092 
3776 2087 190 2089 
3777 2086 492 2088 
3778 492 493 2088 
3779 2086 2090 2092 
3780 194 193 2088 
3781 2086 2088 2090 
3782 191 190 2087 
3783 2088 193 2090 
3784 489 490 2089 
3785 491 492 2086 
3786 193 192 2090 
3787 2087 2089 2091 
3788 490 491 2091 
3789 192 191 2092 
3790 491 2086 2091 
3791 191 2087 2092 
3792 2090 192 2092 
3793 2089 490 2091 
3794 27 194 2088 
3795 493 27 2088 
2 45 2 545
3796 2223 2224 2104 
3797 2136 2185 522 
3798 2127 2178 515 
3799 2198 2261 2125 
3800 2186 2261 2198 
3801 2225 2286 2267 
3802 2163 2262 2194 
3803 2197 2282 2250 
3804 2104 2247 2223 
3805 371 2227 370 
3806 2140 2260 2171 
3807 2111 2219 2192 
3808 2195 2266 2112 
3809 47 2140 2108 
3810 2225 2267 2180 
3811 2127 2244 2178 
3812 2138 2262 2163 
3813 2134 2279 2191 
3814 532 2142 2100 
3815 2134 2191 2099 
3816 536 2162 2102 
3817 2186 2272 2234 
3818 530 2161 2094 
3819 216 2229 2204 
3820 2108 2184 2168 
3821 45 2160 2114 
3822 2219 2220 2141 
3823 2165 2248 2201 
3824 2184 2283 2168 
3825 2137 2272 2186 
3826 2111 2220 2219 
3827 2196 2266 2195 
3828 499 2165 2107 
3829 2140 2171 2108 
3830 2209 2286 2190 
3831 2197 2250 2196 
3832 2193 2244 2127 
3833 216 2204 217 
3834 2165 2201 2107 
3835 497 2166 2093 
3836 2220 2260 2141 
3837 2250 2282 2101 
3838 2244 2264 2178 
3839 2235 2270 2217 
3840 2199 2207 2164 
3841 2146 2258 2241 
3842 2237 2268 2166 
3843 2096 2237 2166 
3844 2114 2264 2244 
3845 2129 2279 2240 
3846 2136 2242 2185 
3847 2195 2205 2159 
3848 2199 2259 2207 
3849 2141 2260 2140 
3850 2257 2270 2235 
3851 370 2227 2103 
3852 2161 2258 2094 
3853 2192 2232 2111 
3854 2095 2227 371 
3855 521 2136 522 
3856 2141 2246 2219 
3857 2204 2229 2173 
3858 2188 2288 2095 
3859 514 2127 515 
3860 2095 2273 2188 
3861 2267 2286 2154 
3862 2215 2216 2103 
3863 218 2290 2203 
3864 2112 2205 2195 
3865 2154 2286 2209 
3866 537 2140 47 
3867 2180 2248 2165 
3868 2240 2279 2202 
3869 531 2142 532 
3870 2126 2277 2106 
3871 2162 2246 2102 
3872 2100 2284 2280 
3873 2106 2277 2265 
3874 2190 2299 2209 
3875 535 2162 536 
3876 2223 2247 2097 
3877 2100 2280 2170 
3878 2241 2258 2174 
3879 508 2160 45 
3880 500 2157 501 
3881 529 2161 530 
3882 2166 2225 2093 
3883 2157 2195 2159 
3884 2097 2285 2223 
3885 2219 2246 2135 
3886 498 2165 499 
3887 496 2166 497 
3888 2217 2285 2235 
3889 2194 2226 2163 
3890 219 2206 220 
3891 2142 2274 2100 
3892 427 2207 426 
3893 2224 2276 2104 
3894 2268 2286 2225 
3895 218 2203 219 
3896 2168 2245 2181 
3897 2224 2241 2174 
3898 2203 2206 219 
3899 2208 2249 2101 
3900 2160 2264 2114 
3901 2203 2290 2175 
3902 2129 2240 2130 
3903 2103 2227 2215 
3904 427 2263 2207 
3905 2230 2295 2254 
3906 2179 2256 2183 
3907 2248 2267 2153 
3908 2260 2294 2171 
3909 2171 2184 2108 
3910 2168 2283 2245 
3911 2101 2282 2208 
3912 2192 2251 2232 
3913 2107 2201 2158 
3914 2124 2295 2230 
3915 2193 2301 2244 
3916 2157 2159 501 
3917 2190 2286 2268 
3918 2188 2249 2208 
3919 2098 2191 2129 
3920 501 2289 502 
3921 2143 2258 2146 
3922 2216 2238 2103 
3923 2128 2193 2127 
3924 2174 2276 2224 
3925 2152 2155 2153 
3926 2149 2221 2152 
3927 2150 2221 2149 
3928 2176 2177 2131 
3929 2215 2227 2218 
3930 2155 2156 2153 
3931 2186 2198 2113 
3932 2215 2218 2212 
3933 2214 2222 2211 
3934 2214 2223 2222 
3935 2211 2212 2150 
3936 2231 2271 2252 
3937 2130 2176 2131 
3938 2182 2188 2155 
3939 2106 2187 2169 
3940 2148 2209 2145 
3941 2213 2215 2212 
3942 2147 2148 2145 
3943 2211 2222 2213 
3944 2211 2213 2212 
3945 2125 2255 2198 
3946 2210 2214 2211 
3947 2182 2221 2218 
3948 2213 2216 2215 
3949 2214 2224 2223 
3950 2158 2201 2197 
3951 2152 2153 2151 
3952 2174 2258 2161 
3953 2213 2222 2217 
3954 2145 2209 2144 
3955 2133 2192 2135 
3956 2176 2189 2177 
3957 2154 2209 2148 
3958 2147 2149 2148 
3959 2155 2208 2156 
3960 2133 2135 2134 
3961 2212 2221 2150 
3962 2188 2208 2155 
3963 2166 2268 2225 
3964 2152 2182 2155 
3965 2189 2190 2177 
3966 2175 2204 2115 
3967 2271 2307 2252 
3968 2131 2193 2128 
3969 2133 2134 2099 
3970 2198 2228 2136 
3971 2180 2267 2248 
3972 2192 2219 2135 
3973 2210 2211 2150 
3974 2151 2154 2148 
3975 2218 2221 2212 
3976 2132 2133 2099 
3977 2137 2186 2113 
3978 2158 2197 2196 
3979 2124 2259 2199 
3980 2146 2147 2145 
3981 2213 2217 2216 
3982 2130 2131 2128 
3983 2147 2150 2149 
3984 2131 2237 2193 
3985 2147 2210 2150 
3986 2158 2196 2195 
3987 2143 2146 2145 
3988 2152 2221 2182 
3989 2146 2210 2147 
3990 2149 2151 2148 
3991 2244 2301 2167 
3992 2214 2241 2224 
3993 2149 2152 2151 
3994 2179 2302 2256 
3995 2105 2200 2199 
3996 2129 2130 2128 
3997 2143 2145 2144 
3998 2102 2246 2141 
3999 2188 2273 2249 
4000 2115 2204 2173 
4001 2093 2225 2180 
4002 2185 2300 2179 
4003 2208 2282 2156 
4004 2177 2237 2131 
4005 214 2104 215 
4006 2146 2241 2210 
4007 2232 2251 2119 
4008 2173 2174 2161 
4009 311 2228 312 
4010 223 2231 224 
4011 435 2234 434 
4012 433 2233 432 
4013 424 2230 423 
4014 425 2124 424 
4015 2202 2279 2134 
4016 301 2236 302 
4017 222 2122 223 
4018 306 2119 307 
4019 215 2229 216 
4020 305 2232 306 
4021 304 2111 305 
4022 430 2194 429 
4023 434 2118 433 
4024 437 2125 436 
4025 378 2112 377 
4026 370 2103 369 
4027 212 2097 213 
4028 211 2235 212 
4029 375 2101 374 
4030 432 2120 431 
4031 2207 2263 2139 
4032 302 2116 303 
4033 2170 2240 2109 
4034 2110 2226 2172 
4035 300 2121 301 
4036 2098 2129 2128 
4037 2239 2269 2205 
4038 2143 2144 2142 
4039 2158 2195 2157 
4040 372 2095 371 
4041 380 2117 379 
4042 2163 2226 2110 
4043 2132 2251 2133 
4044 2164 2207 2139 
4045 2227 2288 2218 
4046 368 2123 367 
4047 2300 2302 2179 
4048 2113 2198 2136 
4049 369 2238 368 
4050 2112 2239 2205 
4051 379 2239 378 
4052 2138 2263 2262 
4053 2210 2241 2214 
4054 2139 2263 2138 
4055 2248 2305 2201 
4056 2105 2199 2164 
4057 2198 2255 2228 
4058 2122 2231 223 
4059 2104 2229 215 
4060 2124 2230 424 
4061 434 2234 2118 
4062 2118 2233 433 
4063 432 2233 2120 
4064 2153 2267 2151 
4065 302 2236 2116 
4066 306 2232 2119 
4067 2235 2285 2097 
4068 2111 2232 305 
4069 2282 2305 2156 
4070 2121 2236 301 
4071 2109 2240 2202 
4072 2230 2254 2253 
4073 212 2235 2097 
4074 2194 2243 2226 
4075 2095 2288 2227 
4076 2234 2261 2186 
4077 2223 2285 2222 
4078 310 2242 311 
4079 378 2239 2112 
4080 2103 2238 369 
4081 431 2243 430 
4082 2117 2239 379 
4083 214 2247 2104 
4084 2156 2248 2153 
4085 221 2245 222 
4086 213 2247 214 
4087 311 2242 2228 
4088 2182 2288 2188 
4089 2178 2264 2126 
4090 368 2238 2123 
4091 2097 2247 213 
4092 222 2245 2122 
4093 430 2243 2194 
4094 2177 2268 2237 
4095 2179 2183 509 
4096 2120 2243 431 
4097 2274 2299 2189 
4098 374 2249 373 
4099 46 2185 2179 
4100 2228 2255 312 
4101 2114 2244 2167 
4102 2172 2275 2265 
4103 376 2250 375 
4104 2133 2251 2192 
4105 2116 2260 2220 
4106 375 2250 2101 
4107 2101 2249 374 
4108 2106 2169 518 
4109 2228 2242 2136 
4110 2134 2278 2202 
4111 2173 2276 2174 
4112 2119 2256 307 
4113 510 2183 2132 
4114 2117 2269 2239 
4115 211 2257 2235 
4116 513 2191 2098 
4117 519 2169 2137 
4118 312 2255 313 
4119 2159 2289 501 
4120 2189 2299 2190 
4121 300 2252 2121 
4122 517 2126 2106 
4123 210 2257 211 
4124 425 2259 2124 
4125 299 2252 300 
4126 511 2132 2099 
4127 307 2256 308 
4128 516 2178 2126 
4129 2099 2191 512 
4130 2123 2270 2257 
4131 520 2137 2113 
4132 381 2253 380 
4133 380 2253 2117 
4134 435 2261 2234 
4135 2207 2259 426 
4136 2253 2254 2117 
4137 2199 2295 2124 
4138 2194 2262 429 
4139 2112 2266 377 
4140 2125 2261 436 
4141 2111 2304 2220 
4142 2220 2304 2116 
4143 2216 2270 2238 
4144 2094 2258 2143 
4145 527 2203 2175 
4146 2104 2276 2229 
4147 426 2259 425 
4148 2238 2270 2123 
4149 2181 2206 525 
4150 2187 2298 2233 
4151 30 2293 299 
4152 224 2293 30 
4153 2234 2272 2118 
4154 528 2175 2115 
4155 2275 2298 2265 
4156 526 2206 2203 
4157 38 2296 381 
4158 423 2296 38 
4159 29 2292 210 
4160 367 2292 29 
4161 34 2291 437 
4162 313 2291 34 
4163 2108 2168 523 
4164 2168 2181 524 
4165 372 2273 2095 
4166 2106 2265 2187 
4167 2229 2276 2173 
4168 436 2261 435 
4169 2094 2143 2142 
4170 2115 2173 2161 
4171 2191 2279 2129 
4172 429 2262 428 
4173 2245 2283 2122 
4174 2105 2289 2200 
4175 428 2263 427 
4176 376 2266 2250 
4177 2100 2170 533 
4178 2190 2268 2177 
4179 2102 2141 2140 
4180 2151 2267 2154 
4181 534 2170 2109 
4182 2204 2290 217 
4183 377 2266 376 
4184 304 2304 2111 
4185 2170 2280 2240 
4186 2098 2128 2127 
4187 2116 2304 303 
4188 2109 2202 2162 
4189 2110 2172 2160 
4190 2093 2180 2165 
4191 507 2163 2110 
4192 2107 2158 2157 
4193 504 2164 2139 
4194 2135 2278 2134 
4195 2114 2167 494 
4196 2138 2163 506 
4197 2105 2164 503 
4198 2217 2270 2216 
4199 505 2139 2138 
4200 2249 2273 373 
4201 2156 2305 2248 
4202 495 2167 2096 
4203 2226 2275 2172 
4204 2169 2272 2137 
4205 2262 2263 428 
4206 2250 2266 2196 
4207 2205 2287 2159 
4208 2252 2307 2121 
4209 310 2300 2242 
4210 2120 2275 2243 
4211 2233 2306 2187 
4212 2189 2284 2274 
4213 2240 2280 2130 
4214 221 2297 2245 
4215 2132 2303 2251 
4216 2187 2306 2169 
4217 2144 2274 2142 
4218 2183 2303 2132 
4219 2171 2281 2184 
4220 373 2273 372 
4221 2175 2290 2204 
4222 513 2098 514 
4223 2144 2299 2274 
4224 2130 2280 2176 
4225 509 2183 510 
4226 2200 2269 2254 
4227 46 2179 509 
4228 517 2106 518 
4229 522 2185 46 
4230 527 2175 528 
4231 2254 2269 2117 
4232 2243 2275 2226 
4233 515 2178 516 
4234 2233 2298 2120 
4235 519 2137 520 
4236 518 2169 519 
4237 524 2181 525 
4238 2246 2278 2135 
4239 536 2102 537 
4240 511 2099 512 
4241 47 2108 523 
4242 2256 2302 308 
4243 510 2132 511 
4244 2242 2300 2185 
4245 525 2206 526 
4246 2122 2271 2231 
4247 530 2094 531 
4248 2245 2297 2181 
4249 512 2191 513 
4250 526 2203 527 
4251 532 2100 533 
4252 516 2126 517 
4253 520 2113 521 
4254 534 2109 535 
4255 2176 2284 2189 
4256 2098 2127 514 
4257 2113 2136 521 
4258 528 2115 529 
4259 523 2168 524 
4260 2218 2288 2182 
4261 507 2110 508 
4262 2102 2140 537 
4263 499 2107 500 
4264 533 2170 534 
4265 503 2164 504 
4266 2269 2287 2205 
4267 2094 2142 531 
4268 505 2138 506 
4269 494 2167 495 
4270 45 2114 494 
4271 506 2163 507 
4272 504 2139 505 
4273 2222 2285 2217 
4274 2119 2303 2256 
4275 502 2105 503 
4276 2280 2284 2176 
4277 2109 2162 535 
4278 497 2093 498 
4279 2271 2283 2184 
4280 2209 2299 2144 
4281 495 2096 496 
4282 2115 2161 529 
4283 2202 2278 2162 
4284 2110 2160 508 
4285 2172 2277 2160 
4286 2107 2157 500 
4287 2200 2289 2287 
4288 2237 2301 2193 
4289 2162 2278 2246 
4290 2200 2295 2199 
4291 2093 2165 498 
4292 2201 2305 2197 
4293 2096 2166 496 
4294 2121 2281 2236 
4295 2265 2277 2172 
4296 2096 2301 2237 
4297 2197 2305 2282 
4298 2256 2303 2183 
4299 2118 2306 2233 
4300 217 2290 218 
4301 2181 2297 2206 
4302 220 2297 221 
4303 2236 2294 2116 
4304 309 2300 310 
4305 308 2302 309 
4306 303 2304 304 
4307 2167 2301 2096 
4308 2160 2277 2264 
4309 2231 2293 224 
4310 2264 2277 2126 
4311 2230 2296 423 
4312 2206 2297 220 
4313 2169 2306 2272 
4314 437 2291 2125 
4315 2123 2292 367 
4316 309 2302 2300 
4317 2254 2295 2200 
4318 2116 2294 2260 
4319 2265 2298 2187 
4320 2171 2294 2281 
4321 2281 2294 2236 
4322 2122 2283 2271 
4323 2251 2303 2119 
4324 299 2293 2252 
4325 2255 2291 313 
4326 210 2292 2257 
4327 2274 2284 2100 
4328 2200 2287 2269 
4329 381 2296 2253 
4330 2252 2293 2231 
4331 2125 2291 2255 
4332 2253 2296 2230 
4333 2257 2292 2123 
4334 2120 2298 2275 
4335 502 2289 2105 
4336 2272 2306 2118 
4337 2184 2307 2271 
4338 2281 2307 2184 
4339 2121 2307 2281 
4340 2287 2289 2159 
2 46 2 73
4341 2317 2320 2323 
4342 2315 2317 2323 
4343 2313 2321 2331 
4344 2324 2313 2331 
4345 2329 2323 2334 
4346 2310 2322 2327 
4347 2322 2310 2326 
4348 2311 2329 2334 
4349 2308 2315 2323 
4350 2320 2319 2324 
4351 2319 2318 2322 
4352 2316 2312 2325 
4353 2317 2316 2318 
4354 2317 2319 2320 
4355 2315 2316 2317 
4356 2317 2318 2319 
4357 2331 2333 2334 
4358 2327 2322 2332 
4359 248 247 2312 
4360 240 31 2313 
4361 2313 31 2321 
4362 242 241 2310 
4363 252 251 2311 
4364 250 249 2308 
4365 245 244 2309 
4366 2312 247 2325 
4367 2332 2322 2337 
4368 2315 2312 2316 
4369 2308 2323 2329 
4370 2308 2314 2315 
4371 243 242 2327 
4372 2333 2311 2334 
4373 31 253 2321 
4374 242 2310 2327 
4375 2314 2312 2315 
4376 2324 2319 2326 
4377 2319 2322 2326 
4378 247 246 2325 
4379 2318 2330 2337 
4380 2318 2316 2330 
4381 251 250 2329 
4382 253 252 2333 
4383 2330 2309 2337 
4384 2320 2324 2331 
4385 250 2308 2329 
4386 244 243 2332 
4387 2326 2310 2336 
4388 2316 2325 2330 
4389 248 2312 2314 
4390 2308 249 2314 
4391 2311 251 2329 
4392 252 2311 2333 
4393 245 2309 2335 
4394 240 2313 2328 
4395 2310 2328 2336 
4396 2310 241 2328 
4397 249 248 2314 
4398 2323 2320 2334 
4399 2322 2318 2337 
4400 243 2327 2332 
4401 2309 2330 2335 
4402 2309 244 2332 
4403 241 240 2328 
4404 246 245 2335 
4405 2320 2331 2334 
4406 2331 2321 2333 
4407 2313 2324 2336 
4408 2324 2326 2336 
4409 2321 253 2333 
4410 2330 2325 2335 
4411 2309 2332 2337 
4412 2328 2313 2336 
4413 2325 246 2335 
2 47 2 89
4414 2351 2348 2355 
4415 2348 2346 2355 
4416 2338 2346 2347 
4417 268 267 2356 
4418 2338 2345 2346 
4419 267 2338 2356 
4420 2351 2355 2368 
4421 2339 2364 2370 
4422 2357 2343 2358 
4423 2364 2339 2371 
4424 2354 2342 2361 
4425 2359 2358 2360 
4426 2361 2342 2369 
4427 2359 2362 2363 
4428 2347 2346 2348 
4429 2338 2347 2356 
4430 2369 2342 2374 
4431 2354 2361 2364 
4432 2341 2359 2360 
4433 2363 2362 2370 
4434 2355 2340 2368 
4435 2347 2348 2349 
4436 2349 2348 2350 
4437 2340 2355 2367 
4438 2350 2348 2351 
4439 2349 2350 2353 
4440 2350 2351 2352 
4441 2358 2343 2366 
4442 2349 2353 2361 
4443 2352 2357 2358 
4444 2352 2351 2357 
4445 2359 2341 2362 
4446 2352 2358 2359 
4447 265 264 2344 
4448 261 260 2343 
4449 263 262 2340 
4450 2346 2344 2355 
4451 256 255 2339 
4452 32 269 2342 
4453 267 266 2338 
4454 258 257 2341 
4455 32 2342 2354 
4456 259 258 2360 
4457 268 2356 2374 
4458 2368 2340 2373 
4459 2340 2365 2373 
4460 2362 2339 2370 
4461 254 32 2354 
4462 260 259 2366 
4463 2357 2351 2368 
4464 2344 264 2367 
4465 2343 2357 2373 
4466 2347 2349 2369 
4467 264 263 2367 
4468 2356 2369 2374 
4469 2353 2350 2363 
4470 2350 2352 2363 
4471 2361 2353 2364 
4472 2355 2344 2367 
4473 261 2343 2365 
4474 2345 2344 2346 
4475 2349 2361 2369 
4476 2352 2359 2363 
4477 258 2341 2360 
4478 255 254 2371 
4479 2356 2347 2369 
4480 2343 260 2366 
4481 262 261 2365 
4482 266 265 2345 
4483 259 2360 2366 
4484 2339 255 2371 
4485 265 2344 2345 
4486 269 268 2374 
4487 2338 266 2345 
4488 256 2339 2372 
4489 2341 257 2372 
4490 2340 262 2365 
4491 2360 2358 2366 
4492 2362 2341 2372 
4493 263 2340 2367 
4494 257 256 2372 
4495 2353 2363 2370 
4496 2339 2362 2372 
4497 2364 2353 2370 
4498 2365 2343 2373 
4499 2354 2364 2371 
4500 2342 269 2374 
4501 254 2354 2371 
4502 2357 2368 2373 
2 48 2 69
4503 2389 2376 2390 
4504 2375 2382 2385 
4505 2388 2395 2399 
4506 2383 2389 2390 
4507 2395 2388 2396 
4508 2375 2385 2400 
4509 2388 2378 2396 
4510 2378 2388 2401 
4511 2390 2376 2391 
4512 2393 2392 2399 
4513 2397 2375 2400 
4514 2395 2377 2399 
4515 2387 2390 2391 
4516 2386 2387 2388 
4517 2385 2384 2386 
4518 2386 2384 2387 
4519 278 277 2377 
4520 2382 2384 2385 
4521 276 275 2380 
4522 274 273 2375 
4523 272 271 2379 
4524 281 280 2378 
4525 33 2376 2389 
4526 276 2380 2393 
4527 33 283 2376 
4528 2377 2393 2399 
4529 2382 2383 2384 
4530 2375 2381 2382 
4531 2387 2384 2390 
4532 2382 2379 2383 
4533 2385 2386 2392 
4534 274 2375 2397 
4535 2384 2383 2390 
4536 2388 2387 2401 
4537 270 33 2389 
4538 277 276 2393 
4539 280 279 2396 
4540 2380 2392 2393 
4541 2389 2383 2402 
4542 2381 2379 2382 
4543 2383 2379 2402 
4544 282 281 2394 
4545 2387 2391 2401 
4546 2392 2386 2399 
4547 273 272 2381 
4548 283 282 2398 
4549 281 2378 2394 
4550 2386 2388 2399 
4551 2375 273 2381 
4552 2376 283 2398 
4553 279 2395 2396 
4554 271 270 2402 
4555 272 2379 2381 
4556 275 274 2397 
4557 278 2377 2395 
4558 2379 271 2402 
4559 2391 2376 2398 
4560 2378 280 2396 
4561 279 278 2395 
4562 2380 275 2397 
4563 2377 277 2393 
4564 2391 2394 2401 
4565 282 2394 2398 
4566 2394 2378 2401 
4567 2394 2391 2398 
4568 2385 2392 2400 
4569 270 2389 2402 
4570 2392 2380 2400 
4571 2380 2397 2400 
2 49 2 51
4572 48 2404 2413 
4573 539 538 2409 
4574 2403 48 2414 
4575 35 314 539 
4576 325 35 539 
4577 325 539 2409 
4578 539 314 2408 
4579 2403 2414 2418 
4580 2413 2404 2416 
4581 538 2403 2409 
4582 538 539 2408 
4583 48 2413 2414 
4584 314 315 2408 
4585 2408 315 2410 
4586 2404 538 2408 
4587 323 324 2411 
4588 324 2409 2411 
4589 319 320 2405 
4590 317 318 2407 
4591 321 322 2406 
4592 324 325 2409 
4593 320 321 2415 
4594 2404 2408 2410 
4595 2413 2405 2414 
4596 315 316 2410 
4597 48 538 2404 
4598 538 48 2403 
4599 2407 318 2412 
4600 2407 2412 2413 
4601 2404 2410 2416 
4602 322 323 2419 
4603 2409 2403 2411 
4604 2411 2403 2418 
4605 318 319 2412 
4606 2405 320 2415 
4607 321 2406 2415 
4608 2407 2413 2416 
4609 323 2411 2419 
4610 317 2407 2417 
4611 316 317 2417 
4612 2412 2405 2413 
4613 319 2405 2412 
4614 2406 322 2419 
4615 2414 2405 2415 
4616 2411 2418 2419 
4617 2416 2410 2417 
4618 2410 316 2417 
4619 2406 2414 2415 
4620 2407 2416 2417 
4621 2414 2406 2418 
4622 2418 2406 2419 
2 50 2 58
4623 2430 49 2432 
4624 2426 49 2429 
4625 2429 49 2430 
4626 541 326 2438 
4627 338 541 2439 
4628 2426 2420 2435 
4629 338 36 541 
4630 541 36 326 
4631 2424 541 2438 
4632 541 2425 2439 
4633 2427 2422 2432 
4634 49 2427 2432 
4635 2425 2426 2435 
4636 2422 2427 2434 
4637 2420 2426 2436 
4638 2427 2424 2434 
4639 330 331 2423 
4640 2421 2429 2430 
4641 332 333 2421 
4642 328 329 2422 
4643 335 336 2420 
4644 541 540 2425 
4645 540 541 2424 
4646 49 540 2427 
4647 2425 540 2426 
4648 2432 2422 2433 
4649 327 328 2434 
4650 2423 2430 2432 
4651 540 49 2426 
4652 331 332 2431 
4653 2421 2428 2429 
4654 2429 2428 2436 
4655 2421 333 2428 
4656 2436 2428 2437 
4657 540 2424 2427 
4658 2420 336 2435 
4659 2422 329 2433 
4660 333 334 2428 
4661 2423 331 2431 
4662 336 337 2435 
4663 329 330 2433 
4664 332 2421 2431 
4665 328 2422 2434 
4666 334 335 2437 
4667 2423 2432 2433 
4668 335 2420 2437 
4669 2434 2424 2438 
4670 2420 2436 2437 
4671 327 2434 2438 
4672 2421 2430 2431 
4673 337 338 2439 
4674 326 327 2438 
4675 330 2423 2433 
4676 2430 2423 2431 
4677 2425 2435 2439 
4678 2428 334 2437 
4679 2435 337 2439 
4680 2426 2429 2436 
2 51 2 78
4681 2443 2455 2456 
4682 2443 2456 2457 
4683 2455 2443 2460 
4684 341 342 2447 
4685 347 348 2444 
4686 50 2440 2456 
4687 350 351 2446 
4688 339 340 2445 
4689 343 344 2443 
4690 345 346 2442 
4691 2449 2451 2458 
4692 2451 2441 2452 
4693 2451 2444 2458 
4694 349 350 2459 
4695 2455 2452 2456 
4696 2453 2442 2461 
4697 2442 2453 2455 
4698 2444 348 2458 
4699 2443 344 2460 
4700 2442 346 2461 
4701 2452 50 2456 
4702 2450 2445 2454 
4703 37 339 2468 
4704 348 349 2458 
4705 2446 2448 2449 
4706 344 345 2460 
4707 346 347 2461 
4708 351 37 2467 
4709 350 2446 2459 
4710 341 2447 2465 
4711 2449 2441 2451 
4712 2441 50 2452 
4713 2440 2450 2454 
4714 2447 2457 2466 
4715 2444 2451 2453 
4716 343 2443 2464 
4717 2444 2453 2461 
4718 2453 2452 2455 
4719 543 542 2448 
4720 542 543 2450 
4721 50 542 2440 
4722 542 50 2441 
4723 2454 2447 2466 
4724 339 2445 2468 
4725 2446 351 2467 
4726 2447 342 2464 
4727 2451 2452 2453 
4728 347 2444 2461 
4729 2440 2454 2466 
4730 345 2442 2460 
4731 340 341 2465 
4732 2446 2449 2459 
4733 342 343 2464 
4734 2443 2457 2464 
4735 2456 2440 2466 
4736 2445 340 2465 
4737 2458 349 2459 
4738 2445 2463 2468 
4739 2454 2445 2465 
4740 2447 2454 2465 
4741 2457 2447 2464 
4742 2457 2456 2466 
4743 2442 2455 2460 
4744 544 543 2462 
4745 2462 2446 2467 
4746 543 544 2463 
4747 2448 2441 2449 
4748 542 2441 2448 
4749 2440 542 2450 
4750 37 544 2467 
4751 2448 2446 2462 
4752 2445 2450 2463 
4753 544 37 2468 
4754 543 2448 2462 
4755 2449 2458 2459 
4756 2463 544 2468 
4757 2450 543 2463 
4758 544 2462 2467 
2 52 2 83
4759 2473 2482 2487 
4760 2482 2483 2487 
4761 2471 2486 2488 
4762 2486 2471 2487 
4763 2482 2473 2489 
4764 2483 51 2485 
4765 2480 2470 2482 
4766 2483 2485 2486 
4767 2484 2474 2490 
4768 2482 2470 2483 
4769 387 386 2473 
4770 391 390 2472 
4771 389 388 2471 
4772 385 384 2475 
4773 393 392 2474 
4774 2484 2490 2495 
4775 383 382 2477 
4776 395 394 2476 
4777 2487 2471 2491 
4778 386 385 2489 
4779 2469 2481 2484 
4780 2470 51 2483 
4781 2474 392 2490 
4782 2469 2479 2481 
4783 2478 2470 2480 
4784 2471 388 2491 
4785 2477 2478 2480 
4786 2479 2476 2481 
4787 382 39 2498 
4788 39 395 2499 
4789 2486 2485 2488 
4790 385 2475 2489 
4791 392 391 2490 
4792 2473 386 2489 
4793 388 387 2491 
4794 51 2469 2485 
4795 2469 2484 2485 
4796 2488 2485 2495 
4797 393 2474 2497 
4798 547 546 2479 
4799 546 547 2478 
4800 547 51 2470 
4801 51 547 2469 
4802 2490 2472 2495 
4803 2475 2480 2482 
4804 383 2477 2496 
4805 2477 382 2498 
4806 395 2476 2499 
4807 2472 390 2494 
4808 2481 2474 2484 
4809 389 2471 2494 
4810 2475 384 2496 
4811 2477 2480 2496 
4812 390 389 2494 
4813 387 2473 2491 
4814 2473 2487 2491 
4815 391 2472 2490 
4816 2471 2488 2494 
4817 2476 394 2497 
4818 2472 2488 2495 
4819 394 393 2497 
4820 384 383 2496 
4821 2476 2493 2499 
4822 2492 2477 2498 
4823 2481 2476 2497 
4824 2475 2482 2489 
4825 2474 2481 2497 
4826 545 546 2492 
4827 2469 547 2479 
4828 547 2470 2478 
4829 2488 2472 2494 
4830 2478 2477 2492 
4831 2485 2484 2495 
4832 546 545 2493 
4833 2476 2479 2493 
4834 2480 2475 2496 
4835 546 2478 2492 
4836 39 545 2498 
4837 545 39 2499 
4838 2479 546 2493 
4839 2493 545 2499 
4840 2483 2486 2487 
4841 545 2492 2498 
2 53 2 58
4842 2507 52 2513 
4843 396 548 2504 
4844 40 548 396 
4845 408 548 40 
4846 548 408 2519 
4847 396 2504 2518 
4848 2500 2507 2517 
4849 52 2511 2513 
4850 2507 2500 2509 
4851 52 2506 2511 
4852 2506 2502 2511 
4853 2505 548 2519 
4854 2504 2507 2509 
4855 2502 2506 2510 
4856 399 398 2500 
4857 406 405 2502 
4858 402 401 2501 
4859 404 403 2503 
4860 2503 2512 2513 
4861 2511 2503 2513 
4862 549 548 2505 
4863 548 549 2504 
4864 52 549 2506 
4865 2513 2501 2514 
4866 2504 549 2507 
4867 549 52 2507 
4868 400 399 2508 
4869 407 406 2510 
4870 405 404 2515 
4871 401 400 2516 
4872 2506 2505 2510 
4873 2500 398 2509 
4874 2503 403 2512 
4875 549 2505 2506 
4876 398 397 2509 
4877 403 402 2512 
4878 2514 2508 2517 
4879 2511 2502 2515 
4880 399 2500 2508 
4881 406 2502 2510 
4882 2501 401 2516 
4883 2502 405 2515 
4884 404 2503 2515 
4885 2508 2500 2517 
4886 400 2508 2516 
4887 2512 2501 2513 
4888 397 396 2518 
4889 2514 2501 2516 
4890 407 2510 2519 
4891 408 407 2519 
4892 2510 2505 2519 
4893 402 2501 2512 
4894 2503 2511 2515 
4895 2508 2514 2516 
4896 2504 2509 2518 
4897 2509 397 2518 
4898 2507 2513 2517 
4899 2513 2514 2517 
2 54 2 83
4900 2535 2523 2542 
4901 2523 2535 2539 
4902 2522 2537 2542 
4903 2540 2522 2542 
4904 2537 2522 2541 
4905 2531 2521 2533 
4906 2536 2535 2542 
4907 2534 53 2536 
4908 2535 2525 2539 
4909 2533 2521 2534 
4910 414 413 2524 
4911 418 417 2523 
4912 416 415 2522 
4913 412 411 2526 
4914 420 419 2525 
4915 410 409 2528 
4916 422 421 2527 
4917 413 412 2538 
4918 2520 2532 2535 
4919 417 416 2540 
4920 2534 2536 2537 
4921 2521 53 2534 
4922 2525 419 2539 
4923 2520 2529 2532 
4924 2530 2521 2531 
4925 409 41 2550 
4926 41 422 2549 
4927 2528 2530 2531 
4928 2529 2527 2532 
4929 419 418 2539 
4930 412 2526 2538 
4931 2524 413 2538 
4932 2523 417 2540 
4933 53 2520 2536 
4934 2520 2535 2536 
4935 416 2522 2540 
4936 420 2525 2547 
4937 552 551 2529 
4938 551 552 2530 
4939 552 53 2521 
4940 53 552 2520 
4941 2526 2531 2533 
4942 2534 2537 2541 
4943 2524 2538 2548 
4944 2532 2525 2535 
4945 2538 2533 2548 
4946 410 2528 2546 
4947 2528 409 2550 
4948 422 2527 2549 
4949 414 2524 2545 
4950 2522 415 2545 
4951 2526 411 2546 
4952 2534 2541 2548 
4953 2528 2531 2546 
4954 415 414 2545 
4955 418 2523 2539 
4956 2533 2534 2548 
4957 2527 421 2547 
4958 421 420 2547 
4959 411 410 2546 
4960 2541 2522 2545 
4961 2527 2544 2549 
4962 2543 2528 2550 
4963 2532 2527 2547 
4964 550 551 2543 
4965 2526 2533 2538 
4966 2525 2532 2547 
4967 2520 552 2529 
4968 552 2521 2530 
4969 2523 2540 2542 
4970 551 550 2544 
4971 2524 2541 2545 
4972 2530 2528 2543 
4973 2527 2529 2544 
4974 551 2530 2543 
4975 2531 2526 2546 
4976 41 550 2550 
4977 550 41 2549 
4978 2541 2524 2548 
4979 2537 2536 2542 
4980 2529 551 2544 
4981 2544 550 2549 
4982 550 2543 2550 
2 55 2 58
4983 2556 2562 2566 
4984 2562 2552 2566 
4985 2564 2555 2567 
4986 2555 2564 2565 
4987 2556 2560 2562 
4988 2551 2564 2567 
4989 2564 2561 2565 
4990 2561 2559 2565 
4991 2557 2563 2572 
4992 2563 2557 2573 
4993 2553 2559 2560 
4994 2552 2562 2573 
4995 2553 2560 2569 
4996 2564 2551 2572 
4997 2560 2556 2569 
4998 2560 2559 2561 
4999 2553 2558 2559 
5000 2560 2561 2562 
5001 2562 2561 2563 
5002 2563 2561 2564 
5003 447 448 2554 
5004 445 446 2553 
5005 443 444 2556 
5006 449 450 2555 
5007 42 438 2551 
5008 439 440 2557 
5009 441 442 2552 
5010 445 2553 2569 
5011 2559 2554 2565 
5012 2557 2571 2573 
5013 2563 2564 2572 
5014 2570 2557 2572 
5015 446 447 2558 
5016 438 439 2570 
5017 2562 2563 2573 
5018 2558 2554 2559 
5019 440 441 2571 
5020 450 42 2567 
5021 447 2554 2558 
5022 2553 446 2558 
5023 444 445 2569 
5024 2551 438 2570 
5025 2565 2554 2568 
5026 439 2557 2570 
5027 2557 440 2571 
5028 42 2551 2567 
5029 441 2552 2571 
5030 2555 450 2567 
5031 448 449 2568 
5032 2554 448 2568 
5033 449 2555 2568 
5034 2555 2565 2568 
5035 443 2556 2566 
5036 2552 442 2566 
5037 442 443 2566 
5038 2556 444 2569 
5039 2571 2552 2573 
5040 2551 2570 2572 
2 56 2 71
5041 2591 2576 2594 
5042 2586 2591 2594 
5043 2587 2577 2588 
5044 2589 2590 2593 
5045 2590 2589 2599 
5046 2577 2587 2593 
5047 2578 2581 2582 
5048 2586 2583 2591 
5049 455 456 2592 
5050 2583 2581 2591 
5051 2575 2589 2594 
5052 456 2578 2592 
5053 2582 2581 2583 
5054 2578 2580 2581 
5055 2589 2575 2599 
5056 2589 2586 2594 
5057 2576 2591 2595 
5058 2582 2583 2584 
5059 2584 2585 2587 
5060 2584 2583 2585 
5061 2585 2586 2589 
5062 2585 2583 2586 
5063 2587 2585 2593 
5064 2587 2588 2596 
5065 43 451 2577 
5066 453 454 2574 
5067 456 457 2578 
5068 458 459 2579 
5069 460 461 2576 
5070 43 2577 2590 
5071 2585 2589 2593 
5072 462 463 2575 
5073 2590 2577 2593 
5074 2578 2582 2592 
5075 460 2576 2595 
5076 2581 2579 2591 
5077 464 43 2590 
5078 2597 2574 2598 
5079 2577 451 2588 
5080 2574 2597 2602 
5081 453 2574 2601 
5082 451 452 2588 
5083 2584 2587 2602 
5084 455 2592 2598 
5085 463 464 2599 
5086 457 458 2580 
5087 458 2579 2580 
5088 454 455 2598 
5089 2580 2579 2581 
5090 459 460 2595 
5091 2575 463 2599 
5092 2582 2584 2597 
5093 2591 2579 2595 
5094 2578 457 2580 
5095 462 2575 2600 
5096 2574 454 2598 
5097 2576 461 2600 
5098 2574 2596 2601 
5099 2587 2596 2602 
5100 461 462 2600 
5101 452 453 2601 
5102 2575 2594 2600 
5103 2579 459 2595 
5104 2592 2582 2597 
5105 2594 2576 2600 
5106 2596 2574 2602 
5107 2592 2597 2598 
5108 464 2590 2599 
5109 2597 2584 2602 
5110 2588 452 2601 
5111 2596 2588 2601 
2 57 2 66
5112 2608 2616 2617 
5113 2616 2608 2620 
5114 2603 2612 2622 
5115 2623 2618 2626 
5116 2606 2623 2626 
5117 2616 2613 2617 
5118 2603 2611 2612 
5119 2613 2611 2617 
5120 2622 2612 2628 
5121 2619 2624 2626 
5122 2603 2610 2611 
5123 2624 2606 2626 
5124 2612 2611 2613 
5125 466 2603 2622 
5126 2608 2617 2621 
5127 2612 2613 2614 
5128 2615 2613 2616 
5129 2614 2613 2615 
5130 470 471 2608 
5131 466 467 2603 
5132 44 465 2609 
5133 468 469 2607 
5134 476 477 2604 
5135 474 475 2606 
5136 472 473 2605 
5137 2604 477 2625 
5138 2611 2607 2617 
5139 2604 2618 2623 
5140 2619 2616 2620 
5141 2617 2607 2621 
5142 2614 2615 2618 
5143 2615 2616 2619 
5144 474 2606 2624 
5145 477 44 2625 
5146 2610 2607 2611 
5147 2619 2605 2624 
5148 2608 471 2629 
5149 2620 2608 2629 
5150 467 468 2610 
5151 468 2607 2610 
5152 2609 2622 2628 
5153 2603 467 2610 
5154 465 466 2622 
5155 2605 2619 2620 
5156 473 474 2624 
5157 476 2604 2623 
5158 470 2608 2621 
5159 2606 475 2623 
5160 2607 469 2621 
5161 2618 2615 2626 
5162 2618 2604 2627 
5163 475 476 2623 
5164 2627 2609 2628 
5165 2604 2625 2627 
5166 2625 2609 2627 
5167 2605 473 2624 
5168 469 470 2621 
5169 472 2605 2629 
5170 44 2609 2625 
5171 2614 2618 2627 
5172 2612 2614 2628 
5173 471 472 2629 
5174 2609 465 2622 
5175 2615 2619 2626 
5176 2605 2620 2629 
5177 2614 2627 2628 
2 58 2 76
5178 498 499 2650 
5179 2654 2630 2660 
5180 2638 2646 2649 
5181 2639 2654 2660 
5182 499 2631 2650 
5183 2646 2632 2649 
5184 2644 2636 2651 
5185 2645 2633 2657 
5186 498 2650 2651 
5187 2636 2644 2659 
5188 2639 2634 2654 
5189 2633 2653 2657 
5190 2637 2638 2649 
5191 2650 2644 2651 
5192 2640 2639 2641 
5193 2640 2641 2642 
5194 2642 2641 2644 
5195 2638 2639 2640 
5196 2643 2642 2645 
5197 2640 2642 2643 
5198 2632 2646 2647 
5199 2638 2634 2639 
5200 501 502 2633 
5201 508 45 2634 
5202 505 506 2632 
5203 503 504 2635 
5204 496 497 2636 
5205 499 500 2631 
5206 494 495 2630 
5207 2648 2631 2656 
5208 2631 2655 2656 
5209 2645 2642 2648 
5210 2633 2645 2656 
5211 2642 2644 2648 
5212 2644 2641 2659 
5213 2640 2643 2646 
5214 2637 2634 2638 
5215 2638 2640 2646 
5216 2643 2645 2657 
5217 495 496 2652 
5218 2652 2659 2660 
5219 2646 2643 2647 
5220 497 498 2651 
5221 2631 2648 2650 
5222 2630 2652 2660 
5223 500 501 2655 
5224 502 503 2653 
5225 2647 2643 2657 
5226 501 2633 2655 
5227 2655 2633 2656 
5228 496 2636 2652 
5229 2633 502 2653 
5230 2630 495 2652 
5231 504 505 2658 
5232 503 2635 2653 
5233 2636 497 2651 
5234 506 507 2649 
5235 2635 504 2658 
5236 2632 506 2649 
5237 505 2632 2658 
5238 2635 2647 2657 
5239 508 2634 2637 
5240 2631 500 2655 
5241 2634 45 2654 
5242 494 2630 2654 
5243 2641 2639 2660 
5244 2648 2644 2650 
5245 507 508 2637 
5246 2632 2647 2658 
5247 2653 2635 2657 
5248 45 494 2654 
5249 2647 2635 2658 
5250 2645 2648 2656 
5251 507 2637 2649 
5252 2652 2636 2659 
5253 2659 2641 2660 
2 59 2 73
5254 2667 2671 2673 
5255 2667 2673 2681 
5256 2686 2664 2687 
5257 2675 2679 2686 
5258 2676 2686 2687 
5259 2676 2675 2686 
5260 2665 2682 2687 
5261 2672 2669 2678 
5262 2677 2663 2681 
5263 2663 2677 2690 
5264 2675 2672 2678 
5265 2683 2665 2687 
5266 2671 2667 2680 
5267 2684 2663 2690 
5268 2685 2664 2686 
5269 510 511 2670 
5270 511 2662 2670 
5271 2675 2678 2679 
5272 2669 2670 2678 
5273 2673 2677 2681 
5274 2673 2674 2677 
5275 2682 2665 2690 
5276 2673 2672 2674 
5277 2674 2672 2675 
5278 2674 2675 2676 
5279 515 516 2664 
5280 2671 2672 2673 
5281 46 509 2661 
5282 2678 2662 2679 
5283 517 518 2665 
5284 511 512 2662 
5285 519 520 2663 
5286 521 522 2667 
5287 513 514 2666 
5288 2670 2662 2678 
5289 2671 2669 2672 
5290 46 2661 2680 
5291 2679 2666 2686 
5292 2677 2674 2682 
5293 2669 2668 2670 
5294 2661 2671 2680 
5295 2661 2669 2671 
5296 2668 510 2670 
5297 522 46 2680 
5298 2674 2676 2682 
5299 519 2663 2684 
5300 514 515 2685 
5301 2666 514 2685 
5302 518 519 2684 
5303 2664 516 2683 
5304 2662 512 2688 
5305 517 2665 2683 
5306 2679 2662 2688 
5307 515 2664 2685 
5308 513 2666 2688 
5309 509 510 2668 
5310 516 517 2683 
5311 2663 520 2689 
5312 521 2667 2689 
5313 512 513 2688 
5314 2666 2679 2688 
5315 2665 518 2684 
5316 2681 2663 2689 
5317 2667 522 2680 
5318 520 521 2689 
5319 2661 2668 2669 
5320 2664 2683 2687 
5321 2667 2681 2689 
5322 2677 2682 2690 
5323 2661 509 2668 
5324 2666 2685 2686 
5325 2682 2676 2687 
5326 2665 2684 2690 
2 60 2 84
5327 2704 2701 2707 
5328 2701 2699 2707 
5329 2697 2699 2700 
5330 2693 2707 2718 
5331 2708 2700 2720 
5332 2697 2698 2699 
5333 2707 2693 2722 
5334 2692 2709 2710 
5335 2721 2713 2722 
5336 2709 2692 2720 
5337 2700 2699 2701 
5338 2700 2701 2702 
5339 2693 2721 2722 
5340 2702 2701 2703 
5341 2704 2707 2722 
5342 2702 2703 2705 
5343 2703 2701 2704 
5344 2705 2703 2706 
5345 2702 2705 2709 
5346 2692 2708 2720 
5347 2699 2694 2707 
5348 2697 2700 2708 
5349 531 532 2697 
5350 47 523 2695 
5351 529 530 2692 
5352 527 528 2696 
5353 523 524 2716 
5354 2698 2694 2699 
5355 47 2695 2712 
5356 2692 530 2708 
5357 525 526 2691 
5358 535 536 2693 
5359 533 534 2694 
5360 2709 2696 2710 
5361 2706 2703 2711 
5362 2691 2717 2719 
5363 2706 2711 2714 
5364 2712 2713 2721 
5365 530 531 2708 
5366 537 47 2712 
5367 2706 2714 2715 
5368 2696 528 2710 
5369 533 2694 2698 
5370 2719 2717 2723 
5371 525 2691 2725 
5372 2707 2694 2718 
5373 2703 2704 2711 
5374 2711 2704 2713 
5375 2695 523 2716 
5376 2713 2712 2724 
5377 536 537 2721 
5378 2702 2709 2720 
5379 2693 536 2721 
5380 2709 2705 2723 
5381 2700 2702 2720 
5382 2712 2695 2724 
5383 534 535 2718 
5384 526 527 2717 
5385 532 533 2698 
5386 527 2696 2717 
5387 528 529 2710 
5388 535 2693 2718 
5389 2694 534 2718 
5390 2691 526 2717 
5391 2706 2715 2719 
5392 2705 2706 2719 
5393 2713 2704 2722 
5394 2696 2709 2723 
5395 2715 2714 2716 
5396 2691 2715 2725 
5397 2711 2713 2724 
5398 2714 2711 2724 
5399 531 2697 2708 
5400 2715 2691 2719 
5401 524 525 2725 
5402 2697 532 2698 
5403 529 2692 2710 
5404 2716 524 2725 
5405 2714 2695 2716 
5406 2695 2714 2724 
5407 537 2712 2721 
5408 2715 2716 2725 
5409 2717 2696 2723 
5410 2705 2719 2723 
3 1 4 11404
5411 2051 1008 2726 2727 
5412 1353 2728 1310 1232 
5413 2729 2552 2730 2573 
5414 2731 877 868 888 
5415 2732 607 612 609 
5416 86 2733 2734 807 
5417 2735 2736 2737 2738 
5418 2729 1875 2739 2740 
5419 2741 14 2742 2743 
5420 2730 857 855 856 
5421 2744 2745 2746 893 
5422 2747 2748 1644 1686 
5423 2749 2742 14 2750 
5424 2751 783 2752 802 
5425 2731 2753 845 868 
5426 1663 2754 2755 1761 
5427 479 2756 2045 2757 
5428 2758 2759 2760 889 
5429 2761 1724 1725 1652 
5430 2762 2763 2764 2765 
5431 864 879 1732 878 
5432 864 1732 879 1647 
5433 864 1647 879 861 
5434 2766 2032 1870 1976 
5435 879 878 16 1648 
5436 1807 879 882 890 
5437 879 1648 16 890 
5438 879 861 1645 882 
5439 879 1648 1732 878 
5440 864 878 1732 869 
5441 879 1648 1647 1732 
5442 879 1648 1645 1647 
5443 2767 1645 2748 1643 
5444 1647 2768 864 1732 
5445 2769 2064 2770 2771 
5446 2764 858 860 857 
5447 2771 2772 2761 2768 
5448 2755 1761 2754 1689 
5449 879 1645 861 1647 
5450 862 2731 888 877 
5451 879 1645 1648 1807 
5452 2731 888 2730 862 
5453 2731 868 855 888 
5454 2748 1641 1643 1642 
5455 1732 1648 1729 878 
5456 2768 2773 1678 1653 
5457 1729 1694 847 1696 
5458 1729 847 1753 1696 
5459 1729 1694 878 847 
5460 16 1778 890 1648 
5461 1732 1654 869 1694 
5462 16 1778 88 890 
5463 2774 2726 2775 2776 
5464 2764 891 870 863 
5465 42 1977 2551 2016 
5466 2777 880 2778 843 
5467 2767 1723 2779 2761 
5468 2764 889 2759 870 
5469 1729 16 878 1648 
5470 1643 2779 2767 1723 
5471 847 1694 871 1696 
5472 847 871 874 1696 
5473 88 1753 874 89 
5474 88 1709 890 1778 
5475 88 1709 842 890 
5476 88 89 842 1705 
5477 88 1753 89 1705 
5478 88 1705 842 1709 
5479 2731 877 2753 868 
5480 2780 871 877 862 
5481 2781 1707 1696 1808 
5482 2781 1666 1753 1707 
5483 2781 2782 89 1666 
5484 2781 89 874 1753 
5485 2555 449 2568 2001 
5486 2783 1662 1664 1705 
5487 2784 2538 2526 2533 
5488 89 1753 1666 1705 
5489 2768 2785 2773 860 
5490 2786 2787 2788 1041 
5491 2739 2019 1993 1899 
5492 89 1666 1662 1705 
5493 2755 1717 1761 1607 
5494 2754 1661 1599 2522 
5495 88 1705 1709 1778 
5496 402 2789 2512 2501 
5497 1729 1753 847 88 
5498 2783 1663 1664 1662 
5499 1729 1778 16 1648 
5500 1732 878 1729 1694 
5501 1647 2768 1732 1650 
5502 2768 869 864 1732 
5503 890 1807 1648 1709 
5504 2748 1807 1645 882 
5505 2731 2740 2753 877 
5506 2767 1649 2761 2768 
5507 2748 2790 1597 1642 
5508 2791 2792 2479 2469 
5509 2754 1661 1689 1761 
5510 1709 850 1807 1708 
5511 2793 2794 2795 2796 
5512 2797 90 843 91 
5513 2767 1652 1646 1723 
5514 2747 2783 1664 850 
5515 2755 401 2516 2501 
5516 890 882 1807 850 
5517 2798 940 1112 997 
5518 2799 2800 2801 2802 
5519 2758 2803 2804 881 
5520 2793 1197 1233 1199 
5521 2754 2523 2540 2542 
5522 890 1807 1709 850 
5523 842 850 890 1709 
5524 2805 2757 2052 2045 
5525 2806 2807 2808 2745 
5526 2747 851 849 850 
5527 2741 844 881 15 
5528 2809 1657 1658 545 
5529 2767 1647 1646 1649 
5530 2790 2475 1597 2496 
5531 2764 2769 2761 2759 
5532 2793 1198 1197 1199 
5533 2789 2801 2809 2810 
5534 2811 887 889 866 
5535 2812 1104 1003 1048 
5536 2748 1644 1686 1642 
5537 2792 51 2469 2485 
5538 2747 1664 2783 1665 
5539 1807 1644 1708 850 
5540 2813 2043 1003 2050 
5541 2758 883 2790 853 
5542 2767 1649 1646 1652 
5543 2793 1198 2814 1197 
5544 2792 2800 2815 2732 
5545 2816 2765 2763 2561 
5546 2777 880 843 886 
5547 2817 2472 2490 1616 
5548 2818 1229 2819 1242 
5549 2811 2820 2756 2821 
5550 2822 2823 2824 2825 
5551 2825 2491 1618 2473 
5552 2824 2825 1020 2074 
5553 2826 2825 1802 1618 
5554 2767 1647 1645 1646 
5555 2827 2790 2826 2821 
5556 480 2756 2047 479 
5557 2828 2078 2813 2812 
5558 2764 2759 2765 2787 
5559 2809 2799 2829 2801 
5560 1732 869 878 1694 
5561 2824 1789 1020 1672 
5562 2830 1524 1410 1547 
5563 2775 1044 998 1115 
5564 2793 1197 2379 2381 
5565 2813 2726 1049 951 
5566 1003 161 160 2050 
5567 2828 486 2072 485 
5568 2798 998 1044 988 
5569 2813 951 2831 2726 
5570 2726 2774 2044 2727 
5571 159 1049 2050 2042 
5572 2798 1144 1127 997 
5573 1003 943 161 2043 
5574 2758 881 867 872 
5575 2828 2832 2833 2821 
5576 159 1022 1049 2042 
5577 2043 943 162 2052 
5578 2834 2835 2836 548 
5579 2828 2813 2078 2073 
5580 2805 1038 1738 1054 
5581 2768 2771 1680 1651 
5582 2052 1036 1002 163 
5583 1003 1049 1104 2050 
5584 2826 1752 1816 1618 
5585 2052 1036 163 478 
5586 2757 1739 478 1814 
5587 2799 2470 2480 2478 
5588 2726 1022 158 2042 
5589 2813 1049 1104 951 
5590 2837 2838 2839 2318 
5591 2779 1643 2748 1641 
5592 1054 1802 1698 2805 
5593 1038 1738 135 1124 
5594 1038 134 135 1738 
5595 2756 2821 2813 2812 
5596 2757 1776 1739 1814 
5597 135 1610 136 1124 
5598 135 1738 1610 1124 
5599 2756 2757 2805 2045 
5600 2840 2333 2331 2321 
5601 2812 1118 1054 950 
5602 2757 2771 2057 479 
5603 2761 1723 1724 1652 
5604 1036 1610 1124 136 
5605 2805 2052 2757 1002 
5606 2826 386 2489 2473 
5607 2757 2057 478 479 
5608 1738 134 1698 1054 
5609 162 2052 1002 163 
5610 1003 161 2050 2043 
5611 2758 2760 2803 872 
5612 2767 1723 1646 1643 
5613 2805 1655 2826 1752 
5614 884 2758 867 883 
5615 2770 1614 2841 1762 
5616 478 1036 24 1035 
5617 2757 2771 2761 1725 
5618 2812 1054 1802 950 
5619 478 1739 1036 1035 
5620 1003 160 1049 2050 
5621 1036 1610 136 1739 
5622 1036 1035 1739 137 
5623 1036 1739 136 137 
5624 2779 2805 1724 1655 
5625 2805 1655 1752 1726 
5626 1600 478 1739 1814 
5627 1038 134 1738 1054 
5628 2840 2333 2334 2331 
5629 2767 887 854 863 
5630 1652 2771 1649 1727 
5631 2813 1003 2812 1104 
5632 1739 1035 1600 137 
5633 2757 478 2771 1814 
5634 1600 1035 138 137 
5635 2771 1600 1728 1814 
5636 2840 1209 2842 2333 
5637 2805 2812 1118 1054 
5638 138 139 1117 1740 
5639 2771 2766 2772 1680 
5640 2771 1651 1649 1727 
5641 164 2064 1007 165 
5642 2757 1814 2771 1725 
5643 2064 2054 944 165 
5644 2064 944 1007 165 
5645 2771 1652 2761 1725 
5646 2770 1614 1762 1042 
5647 2770 1762 2841 2771 
5648 1600 138 1117 1740 
5649 1600 1117 138 1035 
5650 2805 1738 1698 1054 
5651 2768 2771 2772 1680 
5652 1035 1007 164 2064 
5653 2770 1740 2771 1007 
5654 2840 2843 2842 1209 
5655 1600 1007 1035 2064 
5656 2764 2773 2763 2730 
5657 2844 2845 2846 1850 
5658 2786 2847 2816 2787 
5659 2788 1995 1983 1885 
5660 168 942 2055 2062 
5661 2773 1748 1926 1745 
5662 2848 2849 2745 2850 
5663 2816 2773 2766 2569 
5664 2841 1987 1877 952 
5665 2851 2623 2606 1916 
5666 2840 2842 2852 2334 
5667 2805 1002 2757 1124 
5668 2757 2052 1036 1002 
5669 2779 1723 1641 1655 
5670 2764 859 889 870 
5671 2757 1739 1610 1036 
5672 2822 2828 2825 485 
5673 2813 1049 2726 2050 
5674 2811 2758 2790 853 
5675 2847 1987 952 1092 
5676 2826 2790 2475 1597 
5677 2747 2783 1717 1665 
5678 2756 2045 2043 2048 
5679 2840 2852 2853 2320 
5680 2770 1150 2841 1089 
5681 2816 2772 2764 2787 
5682 2805 1738 1038 1124 
5683 2761 887 863 870 
5684 478 2064 1035 164 
5685 163 24 478 1036 
5686 2770 1007 2771 2064 
5687 2770 1007 944 1042 
5688 2769 2054 2064 2057 
5689 2771 1651 2768 1649 
5690 2841 1817 1677 1742 
5691 2764 863 2761 2772 
5692 2841 1016 1096 1134 
5693 2840 2853 2331 2320 
5694 2816 2764 2765 2787 
5695 2064 1600 2057 478 
5696 2757 1036 478 1739 
5697 2757 1002 1036 1124 
5698 2767 864 1647 1649 
5699 2820 481 2759 480 
5700 2854 2855 2856 2742 
5701 2773 2569 2560 2556 
5702 2768 1647 864 1649 
5703 2857 2585 2584 2583 
5704 2841 1877 1978 2021 
5705 2840 2858 2853 2852 
5706 2766 1653 1679 1733 
5707 2841 2021 1978 1800 
5708 2813 1104 2078 951 
5709 2766 1687 1817 1773 
5710 2768 863 891 2772 
5711 2766 1742 1773 1817 
5712 2851 2859 2860 2604 
5713 2773 2785 2730 860 
5714 2766 1840 2553 1870 
5715 2773 1876 2569 2556 
5716 2816 2553 2847 2558 
5717 162 1002 2052 943 
5718 2776 1115 1030 1008 
5719 2766 1742 1976 1603 
5720 2847 1872 1987 1930 
5721 2766 2032 1840 1870 
5722 2787 2059 2055 2062 
5723 2062 1005 167 942 
5724 1653 2766 2768 2773 
5725 2847 996 1973 1930 
5726 2861 2730 2563 2573 
5727 2787 2060 2059 2062 
5728 2827 2487 2825 2482 
5729 2064 1600 478 1035 
5730 2757 1036 1610 1124 
5731 2779 1723 1643 1641 
5732 2786 2847 1973 1871 
5733 2787 1005 942 1034 
5734 166 2770 2062 2054 
5735 2847 1034 1147 1092 
5736 2847 1973 1871 1930 
5737 2769 2054 2770 2064 
5738 2862 2598 2863 2864 
5739 944 2054 166 165 
5740 2726 158 2051 2042 
5741 2847 1872 1963 1987 
5742 2786 2816 2847 2559 
5743 2774 2865 2775 2760 
5744 2757 2057 2771 478 
5745 2866 1079 1052 1070 
5746 2770 2766 2841 2816 
5747 2770 944 1005 1089 
5748 996 2786 1147 2847 
5749 2841 1800 1016 1134 
5750 1007 1740 1117 1042 
5751 2779 2761 1723 1724 
5752 2770 166 1005 944 
5753 1008 929 2051 2726 
5754 2867 481 2058 2053 
5755 2771 1687 2766 1680 
5756 1600 1117 1007 1740 
5757 2767 1646 1645 1643 
5758 2805 2826 1804 1752 
5759 1740 1042 1762 1614 
5760 2841 2816 2766 2847 
5761 1096 2021 1877 2841 
5762 1096 2021 2841 1134 
5763 1117 1740 139 1042 
5764 139 1042 1740 1614 
5765 2805 1698 1804 1802 
5766 1600 1035 1007 1117 
5767 2868 2833 2869 2832 
5768 2770 2847 2841 1122 
5769 2870 2871 2314 2312 
5770 139 1142 1614 140 
5771 1142 140 1016 1760 
5772 2841 1777 1687 1762 
5773 2769 2761 2759 480 
5774 2841 1777 1762 1614 
5775 2766 1976 1870 1975 
5776 2766 1773 1742 1603 
5777 2841 1687 2771 1762 
5778 1614 140 1142 1760 
5779 2841 1614 1142 1760 
5780 2841 1777 1677 1817 
5781 2770 1740 1007 1042 
5782 1007 2771 1600 1740 
5783 2841 1677 1760 1800 
5784 2841 1920 1677 1978 
5785 1677 1800 1978 352 
5786 1677 1978 353 352 
5787 2771 1814 478 1600 
5788 353 354 1920 1742 
5789 2748 1686 2790 1642 
5790 2763 2730 2773 2562 
5791 2766 1603 1976 1975 
5792 2766 2770 2771 2772 
5793 2866 2817 2870 1701 
5794 2021 1096 142 1134 
5795 2021 1877 142 1096 
5796 2021 142 22 1134 
5797 2769 2059 2060 2053 
5798 2841 1687 1777 1817 
5799 1800 1134 22 141 
5800 2770 1762 2771 1740 
5801 2766 1733 1603 1748 
5802 2866 1079 1053 1052 
5803 2021 352 1800 22 
5804 142 143 1096 1877 
5805 1096 952 1877 143 
5806 2021 1800 1134 22 
5807 2847 1147 996 1092 
5808 1677 1920 353 1978 
5809 2841 2766 1742 1920 
5810 1877 1987 143 952 
5811 2841 2766 1687 1817 
5812 2841 2766 2771 1687 
5813 1092 1987 952 144 
5814 1016 1760 140 141 
5815 143 952 1987 144 
5816 2866 2872 992 1052 
5817 2841 1742 2766 1817 
5818 2770 944 1089 1042 
5819 2805 1610 1738 1124 
5820 2787 2847 1005 1034 
5821 2766 1748 1603 1975 
5822 2866 992 2872 2873 
5823 2847 1840 2766 1963 
5824 2761 2768 2772 863 
5825 2766 1920 2032 1976 
5826 2759 480 481 2053 
5827 924 1076 1143 2003 
5828 2874 2875 2762 2876 
5829 1909 2788 2579 2595 
5830 996 2786 1073 1041 
5831 2841 1150 1016 1089 
5832 880 2877 844 2804 
5833 1092 1987 144 1930 
5834 145 1092 144 1930 
5835 2866 2872 1052 1000 
5836 2727 483 1008 927 
5837 446 2558 1840 2553 
5838 446 1840 445 2553 
5839 1840 445 2553 1870 
5840 1680 1679 2772 2768 
5841 2866 2870 2872 1000 
5842 1872 2558 447 1871 
5843 2861 2563 2561 2564 
5844 446 447 1872 2558 
5845 996 1092 145 1930 
5846 2816 2561 2560 2559 
5847 2847 2554 2558 1871 
5848 2787 2055 1018 942 
5849 2786 1923 2788 1843 
5850 2841 1978 1677 1800 
5851 2861 2763 2563 2730 
5852 2861 2563 2557 2573 
5853 2769 479 480 2061 
5854 2774 2867 2759 481 
5855 2878 2555 2564 2565 
5856 2878 2788 2001 2555 
5857 2879 815 2865 2803 
5858 1973 996 145 1930 
5859 2880 2881 2857 2863 
5860 1993 2882 2729 2883 
5861 2769 2764 2772 2787 
5862 2768 863 873 891 
5863 2841 1877 1150 952 
5864 2766 1773 1603 1733 
5865 2766 2569 2773 1870 
5866 2866 1070 1052 992 
5867 2780 2031 1998 1928 
5868 2780 2781 877 871 
5869 2841 1963 1920 1978 
5870 2847 1092 1122 1034 
5871 2766 1920 1963 2032 
5872 2816 2765 2764 2763 
5873 2847 1092 996 1930 
5874 2866 2873 1070 992 
5875 1142 2770 1042 1614 
5876 2773 2730 2785 2562 
5877 2569 1870 445 444 
5878 2766 1679 1680 1687 
5879 2756 2045 2805 2043 
5880 2766 1679 1687 1773 
5881 2771 478 2057 1600 
5882 2884 2885 2886 2089 
5883 2861 2765 2878 2564 
5884 1677 353 1920 1742 
5885 2769 479 2761 480 
5886 2884 2886 2885 2887 
5887 2884 1114 1103 948 
5888 2884 489 2885 2089 
5889 2773 2785 1844 2566 
5890 2841 1777 1614 1760 
5891 1920 354 1976 1742 
5892 2851 2888 2863 2864 
5893 2841 1677 1920 1742 
5894 2564 2786 2565 2561 
5895 1603 1748 355 1975 
5896 2766 1748 2773 1733 
5897 354 1603 1976 1742 
5898 2841 1122 2847 1150 
5899 2841 2847 2766 1963 
5900 2569 1870 2553 445 
5901 1926 1748 1975 356 
5902 1976 1975 1603 355 
5903 2787 2062 2055 942 
5904 1142 2770 1614 2841 
5905 2766 2553 2569 1870 
5906 2569 1876 1870 444 
5907 356 357 1926 1745 
5908 2766 1679 1773 1733 
5909 2841 1150 1877 1096 
5910 1598 1926 1991 357 
5911 1975 2773 1926 1876 
5912 2747 1644 1708 1686 
5913 891 860 2768 2772 
5914 2788 2581 2579 2591 
5915 1876 444 2556 443 
5916 2884 983 1114 948 
5917 2785 2552 2566 2562 
5918 2785 862 869 871 
5919 1876 1844 443 2566 
5920 2780 2781 1808 1684 
5921 1598 1926 357 1745 
5922 2768 869 1732 1654 
5923 1598 1926 1811 2785 
5924 2882 1899 1927 1841 
5925 2867 2063 2788 2055 
5926 2731 2729 2889 2883 
5927 2773 2556 2560 2562 
5928 2770 1762 1740 1042 
5929 2773 2566 2556 2562 
5930 2884 2887 2885 2858 
5931 1807 2748 850 882 
5932 2554 448 447 1871 
5933 2785 2740 2031 1874 
5934 2785 2031 2566 2552 
5935 2780 1780 1811 1598 
5936 2762 889 859 872 
5937 2890 2891 2892 2893 
5938 2558 1840 2847 1872 
5939 2766 1870 2773 1975 
5940 446 1872 1840 2558 
5941 2786 2554 2847 1871 
5942 443 2566 1844 442 
5943 2780 871 2785 1694 
5944 1926 1748 356 1745 
5945 2769 2061 2057 479 
5946 863 2768 864 2767 
5947 1844 2031 442 2566 
5948 2890 2894 2895 2896 
5949 1926 1811 1745 1598 
5950 889 2762 2764 2759 
5951 2785 1654 1678 1693 
5952 2785 1745 1926 1811 
5953 2773 1733 1748 1678 
5954 2569 2556 1876 444 
5955 1926 2773 1844 1876 
5956 1876 443 2556 2566 
5957 2890 2895 2897 2896 
5958 2770 1007 2064 944 
5959 2882 1925 472 1841 
5960 2898 2899 2744 2616 
5961 2785 1678 1745 1811 
5962 2882 1927 1899 1993 
5963 2729 2740 2739 2883 
5964 442 1874 2552 2031 
5965 1827 441 1874 2571 
5966 2813 2043 2812 1003 
5967 2731 2785 2780 862 
5968 2780 1696 2781 871 
5969 1926 2773 2785 1844 
5970 2900 2901 1968 1948 
5971 2861 2762 2875 2765 
5972 2900 2002 2902 1951 
5973 2903 2863 2862 2592 
5974 2552 1874 441 2571 
5975 2605 2620 2898 2882 
5976 2862 474 1938 2606 
5977 2557 439 1842 1873 
5978 2861 2763 2762 2765 
5979 2904 2905 733 729 
5980 2906 2907 2908 2909 
5981 2744 2613 2617 2616 
5982 2762 859 885 872 
5983 753 2910 2911 10 
5984 2782 1706 1599 1666 
5985 2743 2912 2856 2742 
5986 2881 2788 2913 2914 
5987 2850 2915 2916 2917 
5988 2901 1711 1615 1803 
5989 2739 2905 2902 1855 
5990 2889 2918 2919 2917 
5991 878 847 1694 871 
5992 88 1729 16 847 
5993 2797 91 843 875 
5994 2780 1695 1694 1693 
5995 2781 1666 89 1753 
5996 2784 2538 2533 2548 
5997 749 753 2911 10 
5998 2797 876 91 845 
5999 2900 1951 2901 1948 
6000 2842 945 1086 1072 
6001 2767 2761 1649 1652 
6002 850 882 2748 852 
6003 2786 2561 2816 2559 
6004 2730 2562 2563 2573 
6005 1694 2780 1696 1695 
6006 88 1778 1753 1705 
6007 1694 2780 871 1696 
6008 2780 1779 1746 1611 
6009 2731 868 845 855 
6010 2767 1647 864 861 
6011 1779 2900 1712 1825 
6012 2920 2904 2921 2883 
6013 2768 873 864 869 
6014 1811 2780 1693 1780 
6015 2867 2058 2059 2053 
6016 2862 473 2605 1925 
6017 2780 2031 2785 2740 
6018 2785 860 869 862 
6019 847 874 1753 1696 
6020 2877 2797 2918 2908 
6021 2785 1926 1928 1991 
6022 2766 2032 1963 1840 
6023 2785 869 1654 1694 
6024 2739 2900 2902 2922 
6025 2780 2785 871 862 
6026 2890 2895 2923 2897 
6027 2780 1836 1928 1998 
6028 2924 2890 2895 2925 
6029 2780 1736 1836 1974 
6030 1598 357 1991 358 
6031 2768 1654 2785 869 
6032 2926 2927 2928 2929 
6033 442 2552 2566 2031 
6034 1598 358 1836 1736 
6035 2780 1836 1598 1991 
6036 2780 1779 1611 1974 
6037 2785 1928 1844 2031 
6038 2730 857 860 862 
6039 2780 2031 2740 1998 
6040 2784 2538 2548 2930 
6041 2780 1611 1736 1974 
6042 2773 2785 1745 1926 
6043 1598 1926 2785 1991 
6044 2931 2782 2932 2909 
6045 1836 1736 359 1974 
6046 1836 359 1736 358 
6047 2926 2929 2933 2927 
6048 1736 1611 359 1974 
6049 1991 2785 1598 2780 
6050 359 1974 1611 360 
6051 2780 1611 1746 1736 
6052 2739 1855 1990 2019 
6053 842 850 1709 1664 
6054 1825 1611 1779 1974 
6055 2900 1772 1825 1996 
6056 2753 2782 2922 2909 
6057 2930 2922 2781 2782 
6058 2904 733 728 729 
6059 1611 1974 1825 360 
6060 1712 1825 361 360 
6061 1712 361 1825 1772 
6062 1825 1611 1712 1779 
6063 2934 2935 2936 2937 
6064 2900 2902 2901 1951 
6065 2900 2740 2781 2922 
6066 1772 1996 362 361 
6067 1772 362 1996 1615 
6068 1996 2900 1615 1952 
6069 2900 1712 1711 1683 
6070 2739 2002 2900 1907 
6071 2900 1825 1952 1996 
6072 2900 1974 2780 1906 
6073 1825 1996 1772 361 
6074 2901 1751 2938 1700 
6075 1968 362 363 1615 
6076 363 1743 364 1821 
6077 1968 1615 363 1743 
6078 1968 1743 363 1821 
6079 1996 362 1968 1615 
6080 2901 1615 1968 1743 
6081 2900 1683 2781 1779 
6082 2901 2939 2014 1948 
6083 1838 2910 2940 1956 
6084 2784 2941 2938 2935 
6085 2938 1612 1668 1690 
6086 2910 1898 1967 1992 
6087 2942 1612 2938 1690 
6088 2939 745 1955 1945 
6089 2930 2909 2922 2782 
6090 2900 2740 2780 2781 
6091 2905 1899 2883 1851 
6092 14 2743 805 83 
6093 2930 1635 1711 1803 
6094 2901 2910 2939 10 
6095 2930 1711 2901 1803 
6096 2942 2200 2940 2287 
6097 2901 1968 1948 2014 
6098 2920 2919 2921 2745 
6099 2926 2943 2944 706 
6100 2905 1851 2883 2608 
6101 679 2926 680 678 
6102 2739 1855 2902 2002 
6103 1634 413 412 2538 
6104 2939 1945 1857 738 
6105 2930 2911 2901 2922 
6106 2938 1668 1700 1751 
6107 2939 1951 1946 1948 
6108 2942 2205 2239 2269 
6109 2938 2941 2531 2546 
6110 2942 1734 2253 2117 
6111 413 1606 414 2524 
6112 1606 2545 1706 414 
6113 2926 2928 2943 678 
6114 2900 2922 2781 1683 
6115 2900 1994 1952 1825 
6116 857 2730 860 2764 
6117 1729 1753 88 1778 
6118 2932 89 848 90 
6119 2877 2918 2797 92 
6120 2744 2608 2620 2616 
6121 92 2741 2877 2918 
6122 1606 2545 414 2524 
6123 2730 2785 2552 1874 
6124 1696 2780 1808 1695 
6125 2930 2782 1809 1706 
6126 745 2910 10 2939 
6127 1711 2930 2900 1683 
6128 2918 2909 2908 2797 
6129 2901 1803 1700 1634 
6130 2900 1779 1712 1683 
6131 1634 1668 2526 412 
6132 2910 1775 1622 1967 
6133 2901 1743 1968 2014 
6134 2902 1857 2939 1946 
6135 1634 2526 2538 412 
6136 2901 1951 2902 2939 
6137 1996 1968 1952 1615 
6138 2930 2548 2541 2524 
6139 2729 2730 2861 2573 
6140 2921 719 2806 722 
6141 2905 2945 1818 2621 
6142 2902 1962 1946 1951 
6143 2905 1852 1899 1851 
6144 2729 2739 1875 1993 
6145 2781 1684 1636 1707 
6146 2939 745 1945 738 
6147 2901 1803 1615 1700 
6148 2901 1751 1700 1743 
6149 2939 1945 1946 1857 
6150 2946 2947 2948 2949 
6151 2939 1857 735 738 
6152 2780 2785 1693 1694 
6153 2768 869 2785 860 
6154 2900 1772 1712 1825 
6155 2739 2740 1895 1907 
6156 2851 2604 2860 2618 
6157 2816 2773 2764 2772 
6158 2595 1929 2033 1067 
6159 1841 1851 471 2629 
6160 2950 917 2864 915 
6161 1914 455 456 2592 
6162 1827 440 441 2571 
6163 1873 440 2557 439 
6164 2878 2001 1985 2555 
6165 1851 471 2629 2608 
6166 2557 1842 2951 2729 
6167 2905 1853 737 734 
6168 2862 2598 1914 2592 
6169 1851 470 471 2608 
6170 2882 1899 2883 1993 
6171 2901 2939 2902 749 
6172 2945 1853 2017 737 
6173 2945 1901 2952 2017 
6174 2889 2953 2918 2917 
6175 2920 2904 733 728 
6176 2910 2934 73 753 
6177 2898 2862 2619 2605 
6178 2863 2582 2584 2597 
6179 2862 2624 473 1893 
6180 470 469 2621 1818 
6181 2727 170 2063 483 
6182 2905 2019 1899 1852 
6183 2952 9 732 77 
6184 2607 469 468 1901 
6185 2954 2746 2844 2628 
6186 2946 2955 2949 2956 
6187 1779 2900 1825 1974 
6188 2945 1818 2621 469 
6189 2786 1973 1843 1871 
6190 664 2603 2610 2611 
6191 2945 1818 469 1901 
6192 2957 1908 1980 1933 
6193 2621 2920 2617 2608 
6194 1824 467 2610 1861 
6195 2882 2018 1925 1873 
6196 1851 2621 470 2608 
6197 2851 1845 2859 2604 
6198 2945 1853 1818 2017 
6199 2945 2952 743 2017 
6200 2945 2808 2952 1901 
6201 2945 469 2621 2607 
6202 1858 2017 747 2039 
6203 1858 747 1860 2039 
6204 1858 747 1859 1860 
6205 1858 747 740 1859 
6206 2620 2608 2744 2883 
6207 2808 2952 2807 9 
6208 2628 2954 2746 2612 
6209 2921 2909 2904 727 
6210 2849 2850 902 2745 
6211 2952 1915 1884 1933 
6212 2781 1636 2782 1809 
6213 2945 737 2017 743 
6214 2958 2957 2952 77 
6215 2746 2844 2628 898 
6216 629 637 2610 664 
6217 2959 657 2746 659 
6218 2946 2960 2955 2956 
6219 2773 2560 2561 2562 
6220 2951 2861 2557 2729 
6221 2753 2883 2739 2740 
6222 2903 1914 2018 2016 
6223 2900 1952 1951 1948 
6224 2961 2962 96 894 
6225 629 657 2808 6 
6226 1842 2729 2557 1873 
6227 2288 2836 2963 2835 
6228 2918 2921 2919 2908 
6229 2762 2953 885 856 
6230 2934 2937 2936 721 
6231 2744 2746 2808 2611 
6232 2964 2965 2966 2967 
6233 2968 2969 2970 695 
6234 2799 2478 2480 2477 
6235 2971 2972 2973 632 
6236 2974 2835 2975 2963 
6237 2898 2620 2619 2616 
6238 2746 2613 2612 2611 
6239 2768 1678 2785 1654 
6240 2968 2976 2969 2977 
6241 2902 735 751 749 
6242 2621 2920 2945 2617 
6243 2978 2979 2980 2981 
6244 2982 2734 2983 2980 
6245 2966 770 761 765 
6246 2984 2525 2539 2535 
6247 2921 2909 727 725 
6248 2985 2986 2987 914 
6249 2902 1962 1951 2002 
6250 2902 2939 1857 735 
6251 2526 2901 2784 2938 
6252 2910 2939 745 1949 
6253 735 1857 736 738 
6254 750 736 1856 740 
6255 1858 1856 750 1853 
6256 2988 1480 1503 1539 
6257 1858 747 750 740 
6258 2918 2909 2921 2908 
6259 2782 2522 2545 2541 
6260 1854 1857 1856 736 
6261 1956 2910 745 1949 
6262 750 1854 1856 736 
6263 2989 2990 1591 1831 
6264 750 1854 734 1853 
6265 862 2731 877 2780 
6266 2920 2744 2945 2617 
6267 2740 1895 1906 1894 
6268 2991 1869 1892 1866 
6269 2900 2901 1615 1968 
6270 1858 740 1856 1859 
6271 2621 2905 2920 2608 
6272 2952 732 1860 1933 
6273 2992 84 85 838 
6274 2905 1853 2945 737 
6275 2901 1634 1700 1668 
6276 2804 2993 2801 2777 
6277 2953 2908 2917 2741 
6278 2930 2545 2782 1706 
6279 2739 2902 2900 2002 
6280 1857 1944 738 1945 
6281 2910 1950 1992 1967 
6282 2739 1990 2002 1907 
6283 739 1856 1859 1944 
6284 739 1955 738 1944 
6285 739 738 1955 730 
6286 739 1919 752 730 
6287 739 1859 1919 1944 
6288 1858 737 750 747 
6289 739 1856 740 1859 
6290 1858 2017 737 747 
6291 2739 2900 2740 1907 
6292 1858 750 1856 740 
6293 1859 747 741 1860 
6294 1919 1917 752 1934 
6295 1919 752 2012 1934 
6296 1859 1860 741 1917 
6297 1919 1917 741 752 
6298 2781 1753 874 1696 
6299 745 1955 730 1956 
6300 745 1955 1956 1949 
6301 1955 1956 2012 730 
6302 1955 745 738 1945 
6303 730 2994 752 746 
6304 2900 1968 1952 1948 
6305 2995 2994 2632 76 
6306 2968 2976 2970 2969 
6307 731 752 1917 1934 
6308 2994 2207 2940 1956 
6309 2994 2012 1826 1956 
6310 2958 1934 731 1917 
6311 2958 2995 2957 77 
6312 2958 1933 1860 732 
6313 2994 1826 2030 2263 
6314 2958 1860 1933 1918 
6315 2958 2035 1965 1832 
6316 741 732 1860 747 
6317 1859 741 1919 1917 
6318 2994 74 2940 2635 
6319 2902 1962 1855 1854 
6320 739 752 1919 741 
6321 731 752 741 1917 
6322 2931 2537 2541 2534 
6323 2901 2939 2910 2014 
6324 1851 1818 470 2621 
6325 739 1859 740 741 
6326 2905 1852 1854 1855 
6327 2910 753 73 10 
6328 2940 2635 2996 2653 
6329 2910 1992 2037 1838 
6330 2996 2633 2657 2645 
6331 2935 2157 2655 2631 
6332 2997 2509 2998 2525 
6333 2942 2253 2254 2117 
6334 1967 1758 1898 2942 
6335 2910 2942 2295 2940 
6336 2968 2894 2893 2977 
6337 2935 2942 2996 2287 
6338 504 2994 2164 2635 
6339 2996 74 714 723 
6340 74 2635 75 723 
6341 2994 2139 2164 2207 
6342 2968 2893 2894 2955 
6343 2939 10 745 749 
6344 2938 2526 1668 2546 
6345 723 2635 2657 2996 
6346 2994 2012 1934 1826 
6347 2942 2253 2230 2254 
6348 2996 2159 2633 2655 
6349 2910 2939 1949 1947 
6350 2918 845 92 841 
6351 2784 2937 2909 2534 
6352 2999 2965 2997 3000 
6353 2995 2638 716 2646 
6354 2930 2782 1636 1809 
6355 3001 2225 2166 2268 
6356 2936 2907 2906 2937 
6357 2939 749 745 738 
6358 2934 2936 2996 2645 
6359 2743 2742 2741 2912 
6360 2940 2289 2200 2105 
6361 2983 3002 3003 2980 
6362 3004 2784 2935 2521 
6363 2939 1949 1955 745 
6364 1955 738 1944 1945 
6365 2541 2930 2909 2548 
6366 1968 1743 1821 2014 
6367 2971 3002 2959 2745 
6368 3005 3006 2644 2641 
6369 2994 2030 1832 2263 
6370 2160 3007 3008 2277 
6371 2856 3009 2750 3010 
6372 2971 650 2959 665 
6373 3011 3012 2948 3013 
6374 3000 2165 2107 2650 
6375 2807 9 2952 77 
6376 2936 2645 3005 2642 
6377 1856 740 736 739 
6378 720 2643 2645 723 
6379 715 716 2646 76 
6380 715 2646 75 76 
6381 2900 2002 1951 2011 
6382 79 2975 2148 2149 
6383 2808 2610 2607 2611 
6384 2958 744 731 76 
6385 2973 717 3005 718 
6386 1838 2295 2199 2940 
6387 2994 2139 504 2164 
6388 75 2635 2647 723 
6389 3008 2264 2160 2277 
6390 2901 2526 1634 1668 
6391 2729 440 1873 1827 
6392 1884 2028 637 1863 
6393 2978 3003 2979 3014 
6394 2995 2163 2262 2194 
6395 1860 2039 747 732 
6396 664 1861 656 637 
6397 2958 1965 2262 1832 
6398 2958 1934 1917 2035 
6399 2952 1860 732 2039 
6400 740 741 1859 747 
6401 2958 1832 2994 1934 
6402 2968 3015 2969 2955 
6403 2957 1835 2194 1965 
6404 3007 2160 2172 2277 
6405 3007 2160 2972 2172 
6406 2940 1956 2004 1838 
6407 76 2958 744 77 
6408 2994 731 746 75 
6409 2968 2977 2969 3015 
6410 2995 506 2163 2649 
6411 739 1955 1919 730 
6412 3016 2690 2682 2665 
6413 2995 2138 506 2632 
6414 2958 1917 741 1860 
6415 3007 647 2957 64 
6416 2972 2971 2973 3017 
6417 2942 2287 2205 2269 
6418 2972 2995 716 77 
6419 2972 2114 2634 2160 
6420 3007 2972 3008 630 
6421 3018 636 638 1866 
6422 1965 429 430 2194 
6423 2905 2902 1854 734 
6424 2970 3019 3020 686 
6425 2138 505 506 2632 
6426 2746 898 893 897 
6427 3008 2106 517 2126 
6428 636 1866 1954 1864 
6429 2262 428 1832 429 
6430 2262 2263 1832 428 
6431 2959 94 95 897 
6432 1884 2028 2952 629 
6433 2957 2995 63 77 
6434 2995 506 2138 2163 
6435 2994 75 74 2635 
6436 2995 2163 2138 2262 
6437 2957 63 2952 77 
6438 2163 506 507 2649 
6439 2995 2226 2163 2194 
6440 2958 2995 2138 2262 
6441 2995 2163 2226 2110 
6442 2995 506 2649 2632 
6443 1835 2194 1965 430 
6444 2952 2017 1915 2039 
6445 2110 2637 508 2160 
6446 508 2634 2160 2637 
6447 508 2160 2634 45 
6448 2958 741 731 744 
6449 2970 3021 3020 3019 
6450 3022 638 628 661 
6451 3023 2979 2978 3024 
6452 2970 3021 3019 3025 
6453 2645 3005 2642 2643 
6454 2808 719 742 743 
6455 716 2646 2638 2640 
6456 2958 732 2952 1933 
6457 747 2952 2017 743 
6458 2610 1824 1915 1901 
6459 1924 1868 1908 640 
6460 2994 2164 2940 2207 
6461 504 2994 2635 2658 
6462 2994 505 2138 2632 
6463 2958 1965 2957 2194 
6464 3000 2165 2248 2201 
6465 2994 2262 2138 2263 
6466 2644 3005 2642 2936 
6467 3007 2957 3026 2275 
6468 3005 720 721 717 
6469 715 2647 2643 723 
6470 715 2647 2646 2643 
6471 2643 2647 2657 723 
6472 2643 2657 2645 723 
6473 2994 2012 752 1934 
6474 2971 642 632 650 
6475 735 1854 734 736 
6476 517 3008 2683 2665 
6477 2940 2164 2635 2653 
6478 2994 505 2658 2139 
6479 2645 3005 2643 720 
6480 2935 3027 2158 2107 
6481 2657 2647 2635 723 
6482 3028 95 2962 653 
6483 2635 2164 503 2653 
6484 739 1944 1919 1955 
6485 2994 75 2635 2647 
6486 503 2653 2105 502 
6487 503 2653 2164 2105 
6488 2635 2164 504 503 
6489 2199 2259 2124 1838 
6490 2994 2658 2632 2647 
6491 2934 721 754 726 
6492 2995 2638 2649 2637 
6493 1919 2012 752 730 
6494 2994 1832 2262 2263 
6495 2030 427 428 2263 
6496 2994 1934 1832 2030 
6497 2030 427 2263 1826 
6498 2941 1667 1612 1766 
6499 2958 2138 2995 2994 
6500 1965 2194 2262 429 
6501 505 504 2658 2139 
6502 2994 1826 2263 2207 
6503 715 2646 716 2640 
6504 427 426 2207 1826 
6505 2994 2658 505 2632 
6506 1832 2263 2030 428 
6507 2526 2901 2538 2784 
6508 2004 2940 2207 1956 
6509 2994 2030 1826 1934 
6510 426 425 2259 2004 
6511 2994 731 75 76 
6512 1838 2259 2124 425 
6513 2957 2972 64 63 
6514 2970 3025 2976 3021 
6515 2207 2004 1826 426 
6516 2994 2940 2164 2635 
6517 2942 2230 2253 1734 
6518 2939 738 735 749 
6519 2941 551 2530 2543 
6520 2970 3025 2969 2976 
6521 2784 2530 2941 2935 
6522 2930 2784 2909 2548 
6523 2940 2295 2199 2200 
6524 1979 2295 2230 2124 
6525 2901 2938 2526 1668 
6526 2996 74 73 714 
6527 2940 73 745 2910 
6528 1838 2259 425 2004 
6529 2942 2938 2941 2935 
6530 3026 1908 1924 2005 
6531 2942 2117 1669 1734 
6532 425 2124 1838 424 
6533 2942 2200 2287 2269 
6534 723 2635 2996 74 
6535 2230 423 2296 1979 
6536 2295 1838 2910 2940 
6537 2784 2941 2530 2531 
6538 2942 1669 1815 1734 
6539 2199 2207 2259 2004 
6540 2940 2289 2996 2287 
6541 2295 1838 1992 2910 
6542 2942 1690 1815 1766 
6543 2942 2230 1898 1979 
6544 1796 1734 2253 2230 
6545 380 1669 379 2117 
6546 380 1669 2117 1734 
6547 381 2296 38 1796 
6548 2253 381 1734 1796 
6549 38 2296 423 2024 
6550 38 1796 2296 2024 
6551 38 1796 2024 366 
6552 2942 2117 2239 1669 
6553 1838 2910 1956 2037 
6554 423 2024 2296 1979 
6555 1796 1734 2230 1898 
6556 3020 2988 3029 3021 
6557 2230 2296 1796 1898 
6558 2940 73 2996 74 
6559 1898 365 1758 1967 
6560 366 1758 1796 1898 
6561 1758 1967 365 1622 
6562 1758 1775 1967 1622 
6563 2253 2296 381 1796 
6564 2901 1700 1615 1743 
6565 2942 1815 1669 1766 
6566 2253 1734 380 2117 
6567 2124 424 2230 1979 
6568 2935 2158 3027 2195 
6569 2940 2289 2287 2200 
6570 2901 1634 2526 2538 
6571 2911 2784 2937 2909 
6572 2934 2937 721 726 
6573 2910 2014 1821 1743 
6574 1967 364 1622 1821 
6575 365 1622 1967 364 
6576 2910 2934 753 2938 
6577 2942 1669 1735 1766 
6578 1979 2942 2295 1992 
6579 1743 2910 1622 1821 
6580 1622 1821 364 1743 
6581 2753 2739 2922 2740 
6582 2901 2910 1743 2014 
6583 366 1758 1898 365 
6584 2942 1612 1690 1766 
6585 2910 1775 1751 1622 
6586 2785 871 869 1694 
6587 2941 1735 1783 1667 
6588 2910 1821 1967 1622 
6589 3020 694 3030 703 
6590 2781 2930 1636 1683 
6591 3020 686 694 703 
6592 1856 739 736 1944 
6593 2230 2296 1898 1979 
6594 1955 738 745 730 
6595 2940 73 74 730 
6596 2739 2883 2904 2905 
6597 2755 1673 401 2501 
6598 2934 720 2936 2645 
6599 2911 2904 2909 727 
6600 2940 73 730 745 
6601 2940 2207 2164 2199 
6602 2970 681 686 695 
6603 730 2994 746 74 
6604 411 410 1612 2546 
6605 1668 2546 2526 411 
6606 2900 1779 2780 1974 
6607 2934 2784 2935 2937 
6608 2910 1821 1950 1967 
6609 1979 2942 2230 2295 
6610 1735 1669 2239 379 
6611 2112 1735 2239 378 
6612 1735 379 2239 378 
6613 2900 1711 1712 1772 
6614 2941 2112 1697 1783 
6615 2112 1735 378 1783 
6616 378 377 2112 1783 
6617 3020 3021 3029 3019 
6618 2940 2289 502 2996 
6619 1796 1734 1898 1758 
6620 2731 2740 2780 2785 
6621 1979 2295 2124 1838 
6622 2941 551 2935 2530 
6623 2024 1898 366 1796 
6624 2942 2239 1735 1669 
6625 2632 2646 76 75 
6626 2942 2910 1898 1967 
6627 2941 3027 2266 2195 
6628 2941 1735 1667 1766 
6629 550 2941 2543 551 
6630 2934 2996 720 2645 
6631 2996 2633 2656 2655 
6632 2004 1838 2259 2199 
6633 424 423 2230 1979 
6634 2295 1838 1979 1992 
6635 2942 2910 1967 1775 
6636 2941 2205 2159 2195 
6637 2938 1668 1751 1690 
6638 2996 2656 2935 2655 
6639 1967 1758 2942 1775 
6640 2941 2546 1612 2528 
6641 2941 2935 2159 2287 
6642 3020 694 686 687 
6643 2939 1955 1949 1945 
6644 2911 2909 2937 727 
6645 2942 1758 1898 1734 
6646 2930 2901 2911 2784 
6647 2911 2938 2901 2910 
6648 2940 2200 2199 2105 
6649 2633 501 2289 502 
6650 2935 3000 3027 2107 
6651 2941 2528 1612 1667 
6652 2996 2159 2935 2287 
6653 2935 2942 2287 2941 
6654 2263 1826 427 2207 
6655 2958 1918 1980 1965 
6656 501 2157 500 2655 
6657 2920 2745 2921 719 
6658 2941 2528 409 2550 
6659 3027 2196 2266 2195 
6660 2974 3027 2201 2305 
6661 1751 2942 2938 1690 
6662 3004 2999 2931 2536 
6663 2973 716 717 718 
6664 2107 2650 2165 499 
6665 3027 552 551 2529 
6666 2107 2650 499 2631 
6667 3004 552 2997 2520 
6668 501 2159 2157 2655 
6669 500 2631 2157 2107 
6670 500 2157 2631 2655 
6671 2941 2112 2266 1697 
6672 2941 2546 2528 2531 
6673 3027 2101 3031 1747 
6674 2974 2975 2967 2963 
6675 2974 2208 2282 2156 
6676 2266 376 1794 1793 
6677 2266 377 376 1793 
6678 2996 720 2645 723 
6679 2266 1783 377 1793 
6680 2266 1783 2112 377 
6681 2266 376 2250 1794 
6682 2942 1898 2910 1992 
6683 1956 2994 2012 730 
6684 376 1794 375 2250 
6685 3020 2933 3032 3029 
6686 2930 1606 2545 1706 
6687 2941 2528 2530 2531 
6688 2942 1775 1815 1690 
6689 2941 1783 1735 2112 
6690 1667 410 409 2528 
6691 1612 410 2528 2546 
6692 1612 410 1667 2528 
6693 1697 2550 409 41 
6694 2941 550 2543 2550 
6695 2999 2535 2542 2536 
6696 550 2941 551 3027 
6697 3027 1794 1671 1692 
6698 3027 2101 1747 2250 
6699 2910 1956 2037 1949 
6700 1697 550 41 1692 
6701 2891 3033 3034 3035 
6702 2941 3027 2935 551 
6703 2942 1898 1992 1979 
6704 2936 2631 3000 2107 
6705 2941 2159 2205 2287 
6706 2891 3034 2988 3035 
6707 2941 1697 550 2550 
6708 1692 2266 1697 3027 
6709 3027 2941 1697 550 
6710 730 2994 74 2940 
6711 1668 411 2526 412 
6712 2941 2112 2239 2205 
6713 3027 3031 2101 2282 
6714 2941 2112 1735 2239 
6715 3023 767 3036 2286 
6716 2935 551 3027 552 
6717 2936 2648 2645 2642 
6718 2974 2201 3027 3000 
6719 2941 2543 2528 2550 
6720 2941 2528 1667 409 
6721 2997 2974 2965 3031 
6722 2942 2996 2938 2935 
6723 2906 2921 2806 722 
6724 2784 2530 2935 2521 
6725 3001 3000 3006 2650 
6726 2942 2287 2940 2996 
6727 2909 2541 2548 2534 
6728 3036 2248 2267 2153 
6729 2628 2954 2612 2622 
6730 2783 1664 842 1705 
6731 2998 2504 2507 2509 
6732 3023 2190 2286 2268 
6733 2996 2645 2657 723 
6734 2889 845 2918 841 
6735 2964 2965 2967 2998 
6736 3031 1784 2525 2547 
6737 2936 2656 2645 2648 
6738 3031 2998 2509 2504 
6739 3027 2158 2107 2201 
6740 2930 1634 1635 1803 
6741 419 1801 2539 418 
6742 2891 2988 2830 3035 
6743 2525 2547 1784 420 
6744 2997 2535 2532 2525 
6745 2999 2520 2997 2535 
6746 2525 1784 2509 398 
6747 1784 2509 398 397 
6748 2525 2500 2539 398 
6749 420 421 2547 1781 
6750 2547 1671 421 2527 
6751 2966 2248 3000 3036 
6752 2547 1671 1781 421 
6753 2752 78 3037 2975 
6754 3036 2267 2248 2180 
6755 3031 1624 1795 1676 
6756 3031 1781 1671 1770 
6757 2966 2248 2974 3000 
6758 421 1671 422 2527 
6759 3031 2525 2532 2547 
6760 422 2549 1692 41 
6761 2942 2287 2941 2205 
6762 3027 2941 2266 1697 
6763 3027 1671 2549 1692 
6764 3031 1621 1747 2101 
6765 2835 2249 3031 2208 
6766 1697 41 550 2550 
6767 2974 2965 2834 2967 
6768 3027 2101 2250 2282 
6769 2997 3027 3031 2527 
6770 3031 1676 396 1624 
6771 3001 2651 2650 2644 
6772 3038 2963 3039 3040 
6773 2936 2935 2996 2656 
6774 3041 3042 3043 2676 
6775 2999 2984 2754 2542 
6776 2773 1844 1876 2566 
6777 422 1692 2549 1671 
6778 3027 2266 2196 2250 
6779 3027 2527 2549 1671 
6780 3031 1671 1747 1770 
6781 3027 1697 1692 550 
6782 3031 1671 2547 2527 
6783 1747 374 2101 1621 
6784 1747 375 2101 374 
6785 3034 2988 3035 3044 
6786 2250 1747 375 2101 
6787 374 373 2249 1621 
6788 637 2610 664 1861 
6789 1794 1692 2266 1793 
6790 2935 2158 2157 2107 
6791 3000 2180 2248 2165 
6792 3031 1781 2547 1671 
6793 2101 374 2249 1621 
6794 1599 2783 2932 89 
6795 3031 2101 2249 1621 
6796 2940 74 2996 2635 
6797 2974 2156 2282 2305 
6798 3027 2549 550 1692 
6799 2997 3031 2525 2532 
6800 2997 2974 3000 2965 
6801 3027 2201 2305 2197 
6802 2998 2509 2507 2500 
6803 3001 2651 2644 2636 
6804 2996 714 720 723 
6805 2974 2155 2153 2152 
6806 2984 2517 2508 2500 
6807 3034 3045 2988 3044 
6808 764 2966 765 3036 
6809 2935 2159 2157 2195 
6810 3046 3017 2244 2301 
6811 3036 767 760 2286 
6812 2095 2288 2836 2227 
6813 497 2651 498 2093 
6814 3001 2644 3006 2659 
6815 2165 498 499 2650 
6816 2814 3047 3048 2794 
6817 498 3001 2650 2165 
6818 2747 1664 1708 850 
6819 2941 409 1697 2550 
6820 3001 2636 2652 2166 
6821 2966 2975 2974 2153 
6822 3049 3050 597 3051 
6823 2834 2835 548 1676 
6824 3005 2640 715 716 
6825 2286 3023 2225 3036 
6826 419 398 2539 1801 
6827 3023 3001 3017 2166 
6828 1612 2942 2938 2941 
6829 2804 2741 844 881 
6830 2877 2804 2741 844 
6831 2754 1661 2783 1599 
6832 2997 3000 2974 3027 
6833 3027 2544 550 2549 
6834 2996 2159 2287 2289 
6835 2936 2631 2935 2655 
6836 2996 2935 2159 2655 
6837 2996 2635 2657 2653 
6838 2973 716 718 713 
6839 2958 2957 2995 2194 
6840 2735 2789 3052 2513 
6841 2777 2783 2932 2754 
6842 2936 721 3005 720 
6843 3036 2154 2267 2286 
6844 2982 3003 2979 2980 
6845 2936 2906 2907 3006 
6846 3005 2643 2640 2642 
6847 2935 2157 2158 2195 
6848 2652 2096 495 2630 
6849 3053 2177 2190 2268 
6850 3053 759 767 2190 
6851 566 3054 56 55 
6852 3008 2682 2687 2665 
6853 2936 2648 2631 2656 
6854 2793 2728 2795 2794 
6855 2814 1197 1155 2379 
6856 2834 2507 2504 549 
6857 2972 2971 3017 3055 
6858 2836 3040 2227 2288 
6859 3001 2659 3017 2652 
6860 3027 2305 2282 2197 
6861 2972 2995 2110 2637 
6862 2850 18 916 901 
6863 1612 2942 2941 1766 
6864 633 3026 1908 640 
6865 2958 731 2994 76 
6866 3014 3006 3005 2641 
6867 715 75 2647 723 
6868 2996 2656 2633 2645 
6869 2286 3023 2268 2225 
6870 496 495 2652 2096 
6871 2753 2781 846 877 
6872 2098 2688 3056 2191 
6873 2973 2640 2638 2639 
6874 3017 3053 2096 2237 
6875 2959 655 658 659 
6876 3001 2650 3006 2644 
6877 494 2630 495 2167 
6878 496 2652 2636 2166 
6879 2972 2110 2160 2637 
6880 497 496 2636 2166 
6881 2729 1842 2951 1873 
6882 720 715 2643 723 
6883 2835 1702 1795 1798 
6884 2982 2992 2734 2980 
6885 2807 632 2972 63 
6886 3007 2298 2265 2275 
6887 2793 3057 1336 2375 
6888 2654 2630 494 2167 
6889 3001 2636 2644 2659 
6890 2814 3047 2794 3058 
6891 3023 2166 3053 2268 
6892 3053 766 768 767 
6893 3036 760 767 765 
6894 3023 3017 2979 3003 
6895 2739 2905 2019 1899 
6896 2901 1951 2939 1948 
6897 2905 1853 734 1854 
6898 2782 846 89 90 
6899 2999 2965 3000 2907 
6900 2903 1977 2578 456 
6901 2755 1761 1689 1607 
6902 2750 83 14 825 
6903 1599 1662 89 1666 
6904 3028 905 3059 95 
6905 2951 2861 2570 2557 
6906 1599 416 415 2522 
6907 2994 2263 2138 2139 
6908 2804 865 2777 2747 
6909 735 1857 1854 736 
6910 2900 2780 2740 1906 
6911 2740 1894 1875 1895 
6912 2901 1751 2910 2938 
6913 2781 1683 1636 1684 
6914 1599 89 2782 1666 
6915 1706 415 414 2545 
6916 2814 3060 3058 2382 
6917 2902 1962 2002 1855 
6918 2901 1700 2938 1668 
6919 2740 1906 1998 1894 
6920 2730 2573 2552 2562 
6921 1599 1661 416 2522 
6922 88 1729 1778 16 
6923 2938 2526 2546 2531 
6924 2740 1998 2031 1894 
6925 2909 3004 2534 2937 
6926 2999 2964 2998 2965 
6927 2902 1946 2939 1951 
6928 2909 3004 2931 2534 
6929 3003 3061 3043 3062 
6930 3027 2529 551 2544 
6931 2932 2782 89 90 
6932 2906 3005 721 724 
6933 3027 2282 2250 2197 
6934 2814 3063 3048 3047 
6935 3031 1747 1621 1770 
6936 2920 2905 2945 733 
6937 633 629 637 1884 
6938 1599 415 2545 2522 
6939 2540 2523 1689 417 
6940 2540 1689 1661 417 
6941 2777 3064 3052 2754 
6942 2755 3052 2789 2501 
6943 3065 3064 2751 2964 
6944 2984 3052 3065 3064 
6945 2997 2998 3031 2965 
6946 2931 2522 2541 2537 
6947 1692 2266 1793 1697 
6948 2814 3060 3063 3047 
6949 2755 2754 2777 3052 
6950 2539 1801 398 2500 
6951 3057 2796 3066 3067 
6952 2747 2783 850 849 
6953 2984 3065 2998 3064 
6954 2755 2801 2777 1717 
6955 2755 1607 1689 400 
6956 2984 1801 2539 2500 
6957 2984 418 2539 1801 
6958 2905 2945 1853 1818 
6959 3004 53 2520 2536 
6960 2861 2561 2765 2564 
6961 2777 849 2747 865 
6962 2997 2527 3031 2532 
6963 2755 2501 2516 2514 
6964 2783 89 1662 1705 
6965 2877 843 880 875 
6966 2804 2790 2747 2801 
6967 2984 2523 418 1689 
6968 2972 2114 3017 2654 
6969 2754 1661 2540 1689 
6970 2747 1686 1790 1750 
6971 2747 1708 1790 1686 
6972 2993 2777 3052 2801 
6973 2984 2508 1689 399 
6974 2801 2802 2800 2742 
6975 2809 2810 2829 2732 
6976 402 403 2512 1628 
6977 2789 3068 2810 1629 
6978 402 401 1673 2501 
6979 402 2789 2501 1673 
6980 2755 2777 2783 1717 
6981 2735 2854 2810 622 
6982 2755 3052 2501 2514 
6983 2747 2790 883 851 
6984 2809 2790 2799 2801 
6985 1607 401 400 2516 
6986 2863 2574 2598 2597 
6987 2984 2523 2539 418 
6988 1713 1788 2747 2801 
6989 850 2748 851 852 
6990 2999 2997 2998 2525 
6991 2984 2542 2535 2523 
6992 2755 1689 2984 2508 
6993 2984 399 1801 2500 
6994 398 399 2500 1801 
6995 2525 2500 398 2509 
6996 3027 2266 2250 1692 
6997 3004 2907 2937 2909 
6998 2751 3069 2752 783 
6999 3031 1624 1770 1795 
7000 1668 2546 411 1612 
7001 2930 1809 1606 1706 
7002 3056 2240 2279 2202 
7003 2789 2501 3052 2513 
7004 3068 3070 596 59 
7005 3004 2931 2534 2536 
7006 3037 3071 2211 2210 
7007 3057 3067 3066 2369 
7008 2835 2208 2155 2188 
7009 2739 1855 2002 1990 
7010 2834 2998 2967 2965 
7011 3057 2400 2380 2397 
7012 2982 3072 3073 2981 
7013 1713 1788 1750 2747 
7014 2827 2475 2826 2790 
7015 2819 1763 1714 1627 
7016 2783 1717 1665 1663 
7017 2748 2747 1644 850 
7018 3062 3054 554 572 
7019 3074 1300 2366 1234 
7020 2932 1599 2782 2522 
7021 3057 2400 3067 2380 
7022 3075 2732 2809 3076 
7023 2791 1605 394 2476 
7024 2854 2855 2829 611 
7025 2755 2789 1682 1673 
7026 2783 1662 1599 1661 
7027 3077 3078 1177 2235 
7028 2503 2515 1601 404 
7029 3079 1731 1749 1759 
7030 3074 1300 2360 2366 
7031 596 4 622 3068 
7032 3080 1759 3079 1660 
7033 2931 2522 2782 2541 
7034 2738 1601 2503 2515 
7035 3070 2738 2737 2736 
7036 2856 3009 3050 3073 
7037 2751 3049 621 597 
7038 2751 790 783 802 
7039 2819 1608 3081 1714 
7040 3070 3082 2737 60 
7041 3083 1741 1315 1737 
7042 2738 1601 2515 1674 
7043 3084 3085 1240 1340 
7044 3086 3087 2358 2343 
7045 3057 2380 3067 3088 
7046 3083 1254 1230 1242 
7047 3089 565 561 571 
7048 2736 406 1604 1625 
7049 2736 1626 1637 1627 
7050 2738 2502 2736 1625 
7051 2738 2515 2502 1625 
7052 406 407 2510 1604 
7053 3003 2978 2979 2980 
7054 2736 2502 406 1625 
7055 406 2736 2510 2502 
7056 3069 3090 3051 3082 
7057 2515 405 1674 404 
7058 2743 84 2992 838 
7059 3086 2368 2357 2351 
7060 2738 2515 2511 2502 
7061 3068 1630 1656 1632 
7062 2809 2829 2810 2801 
7063 3091 3090 2350 2363 
7064 2870 1097 1053 953 
7065 1601 2512 1628 2789 
7066 3068 1629 2738 1630 
7067 2809 2799 2790 2477 
7068 2783 849 848 842 
7069 2512 403 1601 1628 
7070 1757 1813 3068 1632 
7071 2792 2732 3076 2799 
7072 2735 2738 2789 2503 
7073 2735 2854 2789 2810 
7074 2837 2322 2332 2327 
7075 2484 2792 2469 2485 
7076 2966 764 2975 3036 
7077 2789 1631 1682 1673 
7078 2920 742 2808 719 
7079 3089 3092 3093 3094 
7080 2752 2963 2967 2975 
7081 2921 727 728 725 
7082 2829 2732 2810 612 
7083 2932 848 2783 886 
7084 3051 776 774 775 
7085 2813 2043 2050 2048 
7086 2512 1601 403 2503 
7087 2920 2921 748 719 
7088 2809 2747 1750 2790 
7089 2999 2907 2964 2965 
7090 2804 2803 2741 881 
7091 3089 571 561 558 
7092 3089 3093 571 558 
7093 2854 2801 2993 3052 
7094 2825 2487 2491 2473 
7095 803 2751 3095 784 
7096 3039 3074 3078 2222 
7097 2804 2912 2741 2742 
7098 3038 2752 2963 3096 
7099 3089 3097 3093 3092 
7100 2751 3051 3049 597 
7101 2974 3000 2248 2201 
7102 2905 2621 1851 2608 
7103 3089 3097 3098 565 
7104 3036 2286 760 2154 
7105 3031 2509 2525 1784 
7106 596 2735 618 2737 
7107 609 2800 2829 2732 
7108 2 3054 559 3099 
7109 3085 2692 2720 2709 
7110 3051 3100 3101 3090 
7111 3040 1720 3078 1685 
7112 2507 2513 3065 2517 
7113 3074 2224 2223 2214 
7114 3037 756 3071 2150 
7115 2735 3049 2854 621 
7116 3083 1242 1243 1323 
7117 2752 771 3069 3102 
7118 3071 2241 2146 2258 
7119 3071 763 800 762 
7120 3074 2360 3084 2359 
7121 3103 3071 763 800 
7122 3091 2358 3074 2359 
7123 3070 3068 3081 59 
7124 3104 2981 3072 779 
7125 3078 2217 2222 2285 
7126 2736 1626 1627 1625 
7127 3087 3078 3083 2819 
7128 406 2736 1604 2510 
7129 2738 1629 1601 1630 
7130 3051 776 3090 774 
7131 3077 1620 3040 2238 
7132 3086 2358 3087 3074 
7133 3105 791 3090 782 
7134 3084 2372 257 1240 
7135 2047 2820 2048 2756 
7136 3099 2982 2 3072 
7137 3099 589 559 2 
7138 2850 2741 2917 2908 
7139 3099 3054 3072 2 
7140 3106 3107 3108 3059 
7141 2960 685 684 690 
7142 787 3109 82 3110 
7143 3011 2948 3012 3009 
7144 3066 3067 3100 2369 
7145 3110 2699 2698 2694 
7146 3071 756 762 2147 
7147 3091 3074 3102 2224 
7148 3099 3050 3104 3100 
7149 3085 2710 2175 2115 
7150 3084 1247 257 2341 
7151 3078 1685 1720 1782 
7152 2215 3037 2212 2218 
7153 2804 2790 2802 883 
7154 3039 3078 3087 2819 
7155 3103 2224 2241 2174 
7156 3106 2456 50 2440 
7157 3087 1161 1234 2366 
7158 3103 2094 3111 2692 
7159 3105 2363 2370 2353 
7160 3106 3107 3112 3108 
7161 3077 1352 2257 1279 
7162 2735 2503 2789 2513 
7163 3078 1173 1810 1613 
7164 2982 3009 2992 3073 
7165 2807 713 2806 2808 
7166 3084 2204 3085 1340 
7167 3004 2997 2935 3000 
7168 3104 3095 2981 779 
7169 3091 2362 3084 3085 
7170 2224 3103 3084 2174 
7171 2697 2100 532 2142 
7172 3113 755 794 801 
7173 3114 2135 2246 2278 
7174 2735 3038 2738 2511 
7175 3092 2707 2704 2701 
7176 3101 2348 2349 2347 
7177 3103 800 781 796 
7178 2979 3053 766 768 
7179 3115 1548 1439 1477 
7180 3090 782 774 776 
7181 2835 1795 1621 1798 
7182 3106 2456 2452 50 
7183 775 3069 790 773 
7184 2946 701 712 673 
7185 776 3051 3104 779 
7186 3116 570 555 57 
7187 2451 3117 2453 3118 
7188 2819 3081 1289 1298 
7189 2982 583 575 591 
7190 826 2868 3119 832 
7191 3030 683 684 685 
7192 3120 2388 2395 2399 
7193 2441 3106 3118 2452 
7194 2698 533 2100 2170 
7195 2957 64 633 63 
7196 2941 2159 2935 2195 
7197 3028 653 652 665 
7198 2901 2910 10 2911 
7199 2854 2856 2855 3049 
7200 3031 396 2518 1624 
7201 2777 849 865 886 
7202 2745 923 93 893 
7203 3086 3090 3069 3082 
7204 3008 2126 517 2683 
7205 2966 2975 764 761 
7206 3056 2688 3121 2191 
7207 3028 2959 653 665 
7208 3046 3003 3017 3053 
7209 3061 555 568 567 
7210 2997 2509 3031 2998 
7211 3036 2225 2286 2267 
7212 2808 713 719 743 
7213 2972 2114 2654 2634 
7214 2828 2825 2827 2833 
7215 3093 56 55 558 
7216 3122 619 3050 62 
7217 3123 2702 2720 2700 
7218 2992 833 3009 822 
7219 495 2167 2630 2096 
7220 2370 3124 3105 2353 
7221 3125 2987 2985 2986 
7222 3046 2127 2685 2098 
7223 767 2190 760 2286 
7224 3109 759 3053 2189 
7225 3109 2694 2698 2170 
7226 2974 2248 2305 2201 
7227 2978 3023 3024 3006 
7228 760 79 2209 80 
7229 760 2190 2209 2286 
7230 788 80 760 2209 
7231 3109 2189 3053 2176 
7232 3109 3053 3113 2130 
7233 788 2209 2190 2299 
7234 760 2286 2209 2154 
7235 653 3126 652 651 
7236 3028 652 666 665 
7237 2909 2778 2908 2797 
7238 788 81 2144 2299 
7239 760 2148 2209 79 
7240 2982 3054 3072 3003 
7241 2299 759 2189 2190 
7242 2983 3002 2849 3062 
7243 759 788 2299 81 
7244 3028 652 3043 666 
7245 3127 2662 3121 2679 
7246 3128 2879 3129 839 
7247 3109 2130 3113 2280 
7248 3110 3109 82 755 
7249 2274 2144 81 2299 
7250 2144 788 2299 2209 
7251 760 2154 2209 2148 
7252 2971 2806 3002 2745 
7253 3113 2130 3056 2240 
7254 3085 2339 2370 2362 
7255 769 794 3054 3072 
7256 3109 2280 2176 2130 
7257 3128 2950 3129 2879 
7258 3130 2386 2385 2384 
7259 3123 3124 3097 3105 
7260 3109 2176 3053 2130 
7261 3131 3063 1560 1449 
7262 2142 757 2143 2094 
7263 905 2849 921 920 
7264 2143 800 2146 2258 
7265 3123 3105 3111 2720 
7266 3123 3110 3132 3092 
7267 3103 2173 2174 2161 
7268 80 2143 757 762 
7269 3103 2143 757 2094 
7270 3123 2701 3110 3092 
7271 2203 3133 1311 1162 
7272 3128 839 814 816 
7273 80 2143 762 2145 
7274 3103 2241 3091 3071 
7275 2978 3002 3003 3014 
7276 3111 757 787 2142 
7277 762 79 80 2145 
7278 3037 3039 2213 2222 
7279 762 79 2145 2147 
7280 2143 800 762 2146 
7281 3092 2704 3134 2703 
7282 2143 80 757 2144 
7283 3110 787 758 82 
7284 3103 757 2143 800 
7285 3135 2855 3009 3050 
7286 767 2190 788 760 
7287 2144 788 2209 80 
7288 762 2145 2146 2147 
7289 3091 3084 3074 2224 
7290 2142 2144 2143 757 
7291 2209 2148 2145 79 
7292 2707 3110 3136 2694 
7293 2145 79 2148 2147 
7294 2175 1235 2696 3085 
7295 2143 762 800 757 
7296 762 756 79 2147 
7297 3071 771 2752 3102 
7298 1363 3078 3074 1290 
7299 3128 2879 839 816 
7300 79 756 78 2147 
7301 3037 2149 78 2150 
7302 2975 3036 2151 2267 
7303 2975 2153 3036 2267 
7304 3040 1681 1764 2227 
7305 79 2147 78 2149 
7306 2150 78 2147 2149 
7307 79 2975 2149 78 
7308 3103 2692 3085 2161 
7309 3110 3111 758 787 
7310 3039 2736 3078 2819 
7311 3071 756 771 763 
7312 3084 1247 2341 2360 
7313 3084 2276 2174 2173 
7314 3086 3091 2352 2358 
7315 3071 763 762 756 
7316 1757 3068 3080 1632 
7317 2752 3037 3071 3102 
7318 3071 2150 756 2147 
7319 2975 2152 2149 2221 
7320 2835 1676 3031 1795 
7321 2941 1697 1667 1783 
7322 2150 78 756 2147 
7323 3001 2636 497 2651 
7324 2975 78 79 764 
7325 3036 760 765 764 
7326 2835 1774 1702 2095 
7327 3128 839 809 814 
7328 3001 2180 3000 2165 
7329 3023 2190 767 2286 
7330 2209 2144 80 2145 
7331 788 2209 760 2190 
7332 2964 3024 2981 778 
7333 2930 2922 2900 1683 
7334 2984 1689 418 399 
7335 3001 2180 2165 2093 
7336 2752 3102 3069 2737 
7337 2736 1604 1638 1719 
7338 2752 3069 771 783 
7339 3037 2150 2212 2221 
7340 2751 2964 3095 784 
7341 3128 839 3129 809 
7342 2209 2145 80 79 
7343 2735 3052 3065 2513 
7344 2936 2650 3000 2631 
7345 3128 809 3137 814 
7346 2266 1697 2112 1783 
7347 3031 2509 1784 2518 
7348 2974 2835 3031 2208 
7349 2835 2273 2095 1798 
7350 3031 1781 1784 2547 
7351 3037 2963 2975 2221 
7352 3031 2208 2101 2282 
7353 3027 2529 2544 2527 
7354 2273 372 2095 1798 
7355 2273 2249 373 1798 
7356 2273 373 372 1798 
7357 2735 3068 2789 2738 
7358 3031 2249 2101 2208 
7359 2249 1621 373 1798 
7360 372 1774 371 2095 
7361 2974 2965 2967 2975 
7362 2974 2153 2975 2152 
7363 2835 1621 3031 2249 
7364 2936 2644 2648 2642 
7365 2836 1619 1702 1774 
7366 2835 2273 2188 2095 
7367 2902 734 729 735 
7368 2266 1697 1783 1793 
7369 1702 2095 1774 1798 
7370 2835 2188 2155 2182 
7371 396 2518 1624 397 
7372 1676 1619 548 40 
7373 2248 2966 2153 3036 
7374 2834 2504 548 549 
7375 2963 2974 2835 2834 
7376 2835 3031 1621 1795 
7377 2095 2288 2835 2836 
7378 2804 2747 883 865 
7379 2942 1751 2910 1775 
7380 2835 2095 1702 1798 
7381 3031 1784 1624 2518 
7382 3037 2214 3071 3102 
7383 2984 418 1801 399 
7384 2982 2983 572 3003 
7385 1794 1692 2250 2266 
7386 2519 3038 2510 1638 
7387 3037 2215 2212 2213 
7388 2836 1764 1638 1619 
7389 1765 2238 2103 3040 
7390 2975 2151 2154 2148 
7391 550 2549 41 1692 
7392 3036 2154 760 764 
7393 403 2503 1601 404 
7394 3038 1604 2736 2510 
7395 3128 3137 3129 3138 
7396 396 1676 548 40 
7397 3071 2147 2146 2210 
7398 3040 2103 2216 2238 
7399 3001 2652 3017 2166 
7400 2834 2998 3031 2504 
7401 3082 2351 3090 2348 
7402 2975 2148 2149 2151 
7403 1298 1243 1323 3083 
7404 3027 2107 3000 2201 
7405 2736 1625 1604 1626 
7406 3103 3105 3085 2692 
7407 3068 1656 3080 1632 
7408 2834 2967 2998 3096 
7409 1784 397 2518 2509 
7410 2836 1774 2095 2227 
7411 3037 2221 2149 2150 
7412 2215 3037 2218 3040 
7413 2834 2965 3031 2998 
7414 2911 2938 2784 2901 
7415 1230 3083 3078 1334 
7416 2515 1674 1601 404 
7417 2789 2810 2809 1718 
7418 2510 1604 407 1638 
7419 3040 1721 1638 1764 
7420 548 1619 408 40 
7421 3087 2818 2819 1242 
7422 2738 3068 596 2735 
7423 2781 1707 1636 1809 
7424 3103 2258 2143 2094 
7425 2880 3138 2857 3139 
7426 396 3031 2518 2504 
7427 2936 3000 3006 2907 
7428 396 1676 2504 548 
7429 3037 3071 2214 2211 
7430 419 420 2525 1784 
7431 3027 2250 1747 1794 
7432 3038 2736 3039 2737 
7433 3004 2521 2935 552 
7434 2819 3081 1608 1289 
7435 3077 2257 1352 2292 
7436 3040 1620 1721 1765 
7437 2876 2875 2880 3128 
7438 3136 2240 3056 2202 
7439 370 1765 369 2103 
7440 1681 2227 371 1774 
7441 371 2095 1774 2227 
7442 372 1774 2095 1798 
7443 1681 370 2227 2103 
7444 3140 1320 1338 1243 
7445 2754 2783 1661 1663 
7446 2835 2249 2208 2188 
7447 3040 2736 1638 1719 
7448 3040 2103 2215 2216 
7449 3070 2737 2819 2736 
7450 2519 1638 407 408 
7451 3038 2511 3065 52 
7452 3040 2215 2227 2218 
7453 3040 1685 3078 2736 
7454 3040 1638 1721 1719 
7455 3105 791 781 772 
7456 3106 50 542 2440 
7457 3124 2696 3133 3085 
7458 3109 755 3113 766 
7459 3141 2246 2102 2162 
7460 3142 3143 1418 1500 
7461 3121 2134 2133 2135 
7462 3040 2216 2215 2213 
7463 2752 2963 3037 3039 
7464 2836 3040 2736 1638 
7465 3040 1721 1720 1719 
7466 1764 2227 1681 1774 
7467 2752 3096 2967 2963 
7468 3038 2505 2506 549 
7469 79 2147 2149 2148 
7470 2818 1229 3140 2819 
7471 3040 1721 1764 1681 
7472 3027 2195 2158 2196 
7473 3037 3040 2215 2213 
7474 3037 2212 2218 2221 
7475 3136 2109 2240 2202 
7476 3141 2141 2102 2246 
7477 2880 2876 2874 3144 
7478 3141 3094 3143 3114 
7479 3145 590 556 1 
7480 2975 2151 3036 2154 
7481 3086 3090 3082 2351 
7482 2835 2249 2188 2273 
7483 3077 2238 2123 1787 
7484 3077 1722 1613 1782 
7485 2880 3139 2857 2913 
7486 3078 2222 3074 2285 
7487 2238 369 368 1620 
7488 2238 1620 368 1787 
7489 2238 368 2123 1787 
7490 3077 1173 3078 1613 
7491 3077 1177 3078 1280 
7492 368 1787 367 2123 
7493 2238 2103 369 1765 
7494 3086 3039 2818 2737 
7495 1681 1765 370 2103 
7496 2735 2751 618 2737 
7497 3039 2213 2217 2216 
7498 3087 261 1161 260 
7499 2752 802 2967 3096 
7500 3077 1280 3078 1334 
7501 3065 3038 52 2834 
7502 2999 2542 2931 2536 
7503 1681 2227 370 371 
7504 2836 1764 1619 1774 
7505 3068 3075 2810 1757 
7506 2819 1608 1714 1763 
7507 2880 2863 2857 3138 
7508 3077 1279 2257 1177 
7509 3036 2180 2225 2267 
7510 3078 1613 1810 1782 
7511 3077 1722 1620 1787 
7512 3146 3147 3139 3148 
7513 3077 1620 2238 1787 
7514 3077 2216 3040 3078 
7515 3146 3139 2857 3148 
7516 2997 552 3027 2529 
7517 3031 1624 1784 1781 
7518 2738 1601 1674 1630 
7519 2502 1625 2515 405 
7520 3083 1289 1323 1298 
7521 3040 2103 1681 2227 
7522 2366 3087 2343 2358 
7523 3087 2819 3083 1242 
7524 3087 1363 3078 3074 
7525 2343 3086 2373 2357 
7526 2963 2218 2288 2182 
7527 260 3087 2366 1161 
7528 3083 1323 1167 1356 
7529 3083 1737 1315 1167 
7530 2963 2221 2218 2182 
7531 3038 2736 1604 1638 
7532 3040 1765 1681 2103 
7533 2735 3052 2854 3064 
7534 1315 1741 207 206 
7535 3083 1737 1167 1608 
7536 1315 1173 207 1741 
7537 1315 1737 1741 206 
7538 207 1613 1741 1173 
7539 3146 3148 3149 3147 
7540 3083 1763 2819 1627 
7541 207 1613 1173 208 
7542 3146 3150 3149 3148 
7543 1810 1173 1741 1613 
7544 3077 2257 2292 2123 
7545 2963 2218 3040 2288 
7546 1230 3083 1334 1254 
7547 2818 2365 2373 2340 
7548 3083 1637 1763 1627 
7549 2836 1702 2835 1774 
7550 3077 2238 2216 2270 
7551 208 209 1769 1306 
7552 1769 1173 3077 1613 
7553 3077 1769 1799 1352 
7554 1769 209 1799 1352 
7555 3077 2123 2292 1787 
7556 1769 1306 209 1352 
7557 3070 2738 2819 3081 
7558 3077 3040 2216 2238 
7559 1799 2292 367 1787 
7560 1799 367 2292 29 
7561 3077 1173 1280 1334 
7562 1315 1167 1737 206 
7563 3037 2211 2150 2210 
7564 3083 1637 1685 1810 
7565 3077 1306 1769 1352 
7566 3077 1720 1620 1722 
7567 1799 2292 1352 29 
7568 1769 1173 1306 3077 
7569 3077 2217 3078 2235 
7570 2738 1674 1786 1630 
7571 2292 2123 367 1787 
7572 3077 1769 1787 1799 
7573 1352 210 2292 2257 
7574 210 211 2257 1279 
7575 1352 29 2292 210 
7576 3040 1685 2736 1719 
7577 3077 2216 2217 2270 
7578 3077 2216 3078 2217 
7579 3077 1352 1799 2292 
7580 3077 2270 2217 2235 
7581 1352 1279 210 2257 
7582 3078 2235 2217 2285 
7583 2752 799 78 12 
7584 3040 2103 2227 2215 
7585 3040 1681 1765 1721 
7586 3077 1177 1280 1279 
7587 3077 1769 1613 1722 
7588 2818 3082 3070 3140 
7589 211 2235 1177 212 
7590 3146 2857 2593 2587 
7591 2257 1177 1279 211 
7592 3069 3102 771 772 
7593 2257 1177 211 2235 
7594 3141 3114 2693 2722 
7595 1509 1307 3151 1443 
7596 2707 3110 2694 2699 
7597 2728 2715 2716 2725 
7598 3085 2370 3105 2363 
7599 3078 1280 1230 1334 
7600 2235 2097 2285 1290 
7601 2235 2097 1290 212 
7602 3078 1290 2235 2285 
7603 3037 2213 2212 2211 
7604 3037 2218 2963 2221 
7605 3086 2368 2373 2357 
7606 2366 3087 2358 3074 
7607 1161 1234 2366 260 
7608 3039 2222 3078 2217 
7609 2340 2367 2355 3082 
7610 3069 3051 774 775 
7611 3077 3040 1620 1720 
7612 3078 1290 1177 2235 
7613 3077 1613 3078 1782 
7614 3078 1281 1280 1177 
7615 3077 2292 1799 1787 
7616 3086 3102 3039 2737 
7617 213 1222 2247 2097 
7618 2340 3082 2368 2818 
7619 2752 2967 802 12 
7620 213 2247 1222 214 
7621 3074 2224 3084 2104 
7622 2834 549 548 2505 
7623 2104 1222 2247 214 
7624 3074 1300 3084 2360 
7625 2104 1222 214 1333 
7626 3037 799 3071 756 
7627 258 1300 259 2360 
7628 258 1247 1300 2360 
7629 3077 1177 2257 2235 
7630 3084 1300 1247 2360 
7631 3074 3102 2224 2214 
7632 3074 1222 1290 2097 
7633 3091 3102 772 763 
7634 3074 2223 2104 2247 
7635 3084 1333 1343 1247 
7636 3084 1240 257 1247 
7637 3084 1247 1343 1240 
7638 3074 2223 2222 2214 
7639 3136 2109 2202 2162 
7640 2241 3091 3102 2224 
7641 2975 764 761 78 
7642 1300 2366 259 2360 
7643 3091 3085 3105 2363 
7644 3085 1313 1181 1340 
7645 3130 2385 3058 2384 
7646 3084 2360 2341 2359 
7647 3105 3090 2363 2353 
7648 3013 69 68 668 
7649 760 2154 2148 764 
7650 2972 2637 2634 2638 
7651 81 2144 757 80 
7652 2889 2918 2953 841 
7653 2143 762 2145 2146 
7654 3142 1417 1558 1420 
7655 3085 2204 1313 1340 
7656 3103 3085 3091 3084 
7657 3085 2372 1240 1181 
7658 2204 216 1340 2229 
7659 217 1340 1313 2204 
7660 3091 2362 3085 2363 
7661 2708 2697 531 2142 
7662 3133 1235 3085 2696 
7663 3085 1235 1226 1181 
7664 3066 3090 3097 3105 
7665 2181 2691 2725 525 
7666 221 222 2245 1165 
7667 2181 2206 2691 525 
7668 3124 2796 2795 2705 
7669 3133 1303 1311 1162 
7670 3086 3082 2818 2368 
7671 3103 772 781 763 
7672 3057 2380 3088 1257 
7673 1340 2229 216 1343 
7674 1333 215 2104 2229 
7675 3039 3078 3040 2216 
7676 3084 1300 1333 1247 
7677 3091 3074 3084 2359 
7678 258 2341 1247 2360 
7679 3084 3085 2372 1240 
7680 3105 791 782 792 
7681 1300 259 2366 1234 
7682 216 1343 2229 215 
7683 772 3103 781 3105 
7684 1333 215 2229 1343 
7685 1222 1300 1333 2104 
7686 3085 1313 1235 1181 
7687 3084 2229 1333 2104 
7688 1240 256 1181 2372 
7689 3085 2710 2115 2161 
7690 3057 2369 2342 2374 
7691 1181 255 2371 2339 
7692 3057 2796 3067 2375 
7693 2982 2983 2734 3152 
7694 3133 1303 1344 1329 
7695 3048 1232 1217 1216 
7696 2698 533 532 2100 
7697 257 256 1240 2372 
7698 3087 1234 3074 2366 
7699 1181 256 255 2339 
7700 2814 3048 1155 1198 
7701 2203 2175 1311 2696 
7702 3084 1343 1333 2229 
7703 3123 3124 2796 3097 
7704 2710 2161 2692 529 
7705 3084 2229 2173 2204 
7706 3099 3100 3104 3097 
7707 3084 2372 3085 2362 
7708 3085 2339 2371 2364 
7709 258 2341 257 1247 
7710 2723 3124 2696 3133 
7711 2889 2861 2729 2730 
7712 3037 2150 78 756 
7713 3057 1336 3066 2795 
7714 2889 2951 2729 2861 
7715 396 3031 2504 1676 
7716 3039 2213 2222 2217 
7717 3153 2837 3154 605 
7718 3074 1222 2247 2104 
7719 3051 60 61 618 
7720 2836 1638 2519 408 
7721 1173 3078 3083 1334 
7722 3087 1230 3083 3078 
7723 3084 2173 3085 2204 
7724 3085 2115 2173 2161 
7725 3074 2224 2104 2223 
7726 2834 2507 2998 2504 
7727 3039 2217 3078 2216 
7728 214 2104 1333 215 
7729 1765 2238 3040 1620 
7730 1177 2235 1290 212 
7731 3077 2238 2270 2123 
7732 3086 2737 2818 3082 
7733 3084 2229 2204 1340 
7734 3069 783 773 771 
7735 3133 1226 3085 1235 
7736 3103 763 781 800 
7737 1290 1222 213 2097 
7738 3074 1222 1363 1290 
7739 764 2966 761 765 
7740 2836 548 1676 1619 
7741 3038 52 2834 549 
7742 3049 627 2855 615 
7743 2731 2889 2918 2883 
7744 3077 1280 1306 1279 
7745 3083 1242 2819 1243 
7746 3074 2222 3102 2214 
7747 265 266 2345 1169 
7748 265 2345 1238 1169 
7749 265 2344 1238 2345 
7750 265 1238 2344 264 
7751 3155 1205 1284 1341 
7752 2344 1238 626 601 
7753 3155 595 3156 602 
7754 2344 264 1238 2367 
7755 3140 1342 1157 1238 
7756 3014 3006 2659 3017 
7757 264 2367 1157 1238 
7758 3140 2344 1238 2367 
7759 3140 1229 1320 1243 
7760 264 1157 2367 263 
7761 3082 2346 3101 598 
7762 3082 3090 3101 2348 
7763 3101 3156 2345 2338 
7764 3086 3087 3039 3074 
7765 3140 1157 1366 263 
7766 262 2340 1366 263 
7767 2738 1674 1625 1786 
7768 3086 2350 3090 2351 
7769 2974 2156 2305 2248 
7770 2947 582 3152 594 
7771 3071 762 800 2146 
7772 3140 2367 1157 263 
7773 2818 1228 1229 1242 
7774 3070 3081 599 59 
7775 3078 1177 1290 1281 
7776 3077 3078 1173 1334 
7777 3140 1366 2340 263 
7778 2728 1283 1162 2206 
7779 2819 1714 1786 1627 
7780 3140 1366 1157 1320 
7781 3140 1157 1342 1274 
7782 3101 2346 2348 2347 
7783 274 3057 2397 2375 
7784 3130 70 69 674 
7785 3057 2375 3067 2400 
7786 1223 32 2354 1164 
7787 3098 3058 2796 2794 
7788 3089 3157 561 564 
7789 3061 566 555 567 
7790 3101 3088 3156 2338 
7791 3074 1290 2285 2097 
7792 3120 2943 3158 3159 
7793 772 3105 3090 3091 
7794 3097 782 3105 3090 
7795 3123 3110 2701 2700 
7796 2354 32 254 1164 
7797 3050 597 3051 62 
7798 3090 3104 3100 3097 
7799 3051 2737 60 618 
7800 3074 2104 3084 1300 
7801 3082 60 599 600 
7802 3140 1238 2344 601 
7803 3103 757 800 796 
7804 2344 3082 598 2346 
7805 620 3156 602 3155 
7806 2895 964 1116 1149 
7807 3070 2819 3140 3081 
7808 3095 775 803 779 
7809 3140 1238 601 1342 
7810 626 2345 3156 1238 
7811 3095 3050 3049 3051 
7812 3101 2349 3090 3100 
7813 2345 266 1237 1169 
7814 2570 2903 2551 2861 
7815 3082 2368 2355 2340 
7816 2345 3101 598 3156 
7817 2338 266 267 1237 
7818 3101 61 598 62 
7819 3082 3101 2346 2348 
7820 2379 272 2381 1197 
7821 1314 2374 269 268 
7822 3122 3160 3155 3088 
7823 3122 2369 3067 3088 
7824 3057 274 1314 1336 
7825 3088 1257 1179 1339 
7826 626 2345 1238 2344 
7827 3039 2736 2819 2737 
7828 2345 266 2338 1237 
7829 3088 2338 2347 2356 
7830 2793 1216 3048 1198 
7831 3156 1359 3161 1294 
7832 3155 595 602 613 
7833 2338 267 2356 1339 
7834 3162 3163 3164 707 
7835 3156 620 3165 3161 
7836 3156 3165 1293 1294 
7837 1201 1158 278 2377 
7838 3099 3104 3132 3097 
7839 3166 1304 1152 1207 
7840 3122 3067 3160 3088 
7841 1238 626 1293 3156 
7842 1220 1293 1342 601 
7843 3160 1201 1205 1341 
7844 1293 626 601 604 
7845 2837 2335 2309 2330 
7846 3165 1220 1293 1241 
7847 2903 2551 2861 2878 
7848 2757 1610 1739 1776 
7849 3068 2738 3081 1688 
7850 3156 1284 1359 1294 
7851 2924 2894 3167 2896 
7852 3140 1157 2367 1238 
7853 3101 2347 3088 2338 
7854 2356 1339 267 268 
7855 2805 2757 1776 1610 
7856 2755 2514 2516 2508 
7857 3104 782 3090 776 
7858 3155 1205 3161 1359 
7859 3154 3080 1252 1286 
7860 3084 2104 1333 1300 
7861 2903 2878 2578 1977 
7862 3168 611 610 609 
7863 3087 3078 1363 1281 
7864 3069 3082 3051 2737 
7865 2344 3082 626 598 
7866 2345 598 626 3156 
7867 2735 2751 621 618 
7868 3169 2387 674 708 
7869 2181 2297 2691 2206 
7870 2755 2516 1607 400 
7871 3170 584 3171 3172 
7872 1234 3087 3074 1363 
7873 2783 1665 1664 1663 
7874 2797 845 91 92 
7875 1601 2512 2789 2503 
7876 2903 2578 2582 2592 
7877 3173 3161 2328 2310 
7878 3104 782 776 793 
7879 2973 2807 716 713 
7880 3155 3174 613 3161 
7881 3156 2345 1169 1238 
7882 3140 601 599 603 
7883 3156 626 602 598 
7884 601 626 3082 600 
7885 3088 1237 1339 1341 
7886 3081 1608 1289 1744 
7887 601 604 1215 1220 
7888 3156 1293 3165 604 
7889 3175 3166 1204 1246 
7890 3140 2819 1229 1243 
7891 3074 2358 2360 2359 
7892 2814 3060 3176 3058 
7893 601 626 2344 3082 
7894 604 1293 626 3156 
7895 3156 1293 1238 1169 
7896 1757 1813 2810 3068 
7897 3070 3140 599 3081 
7898 3082 2346 2344 2355 
7899 1215 1274 601 1220 
7900 2736 1626 1685 1637 
7901 2975 2151 2149 2152 
7902 2738 1630 1786 1688 
7903 3080 1252 1286 1168 
7904 601 3082 599 600 
7905 1730 3081 1704 1656 
7906 626 601 1238 1293 
7907 2735 2513 3065 2511 
7908 3081 1253 1252 1327 
7909 3081 4 3153 624 
7910 3078 1810 1685 1782 
7911 262 2340 2365 1229 
7912 3140 1342 601 1274 
7913 3140 1274 601 603 
7914 2903 2863 2582 2881 
7915 601 1274 1342 1220 
7916 3031 2547 2532 2527 
7917 3081 599 59 603 
7918 2736 1625 1627 1786 
7919 3140 1338 2819 1243 
7920 3083 2736 1637 1627 
7921 3154 1215 1214 1213 
7922 3081 1252 3080 1168 
7923 3140 1274 1338 1320 
7924 2975 764 79 2148 
7925 3086 2351 2357 2352 
7926 2738 1786 1714 1688 
7927 3068 1656 1630 1688 
7928 3140 1229 2340 1366 
7929 2819 1229 1243 1242 
7930 2811 866 2758 853 
7931 2366 259 260 1234 
7932 3077 1769 1722 1787 
7933 3083 1685 3078 1810 
7934 1181 2372 256 2339 
7935 3082 2344 3140 2367 
7936 2811 2761 2759 887 
7937 2836 548 2835 1676 
7938 2818 3140 1229 2340 
7939 2380 275 276 1257 
7940 3017 2630 2660 2654 
7941 3154 605 1215 603 
7942 2836 2227 1764 1774 
7943 1757 3068 3075 3080 
7944 2740 2031 1874 1894 
7945 2818 1229 2365 2340 
7946 3074 1222 1300 1234 
7947 3154 1213 1214 1153 
7948 3080 1286 1609 1168 
7949 3153 612 2732 607 
7950 3080 1759 1791 1699 
7951 2837 3173 2322 2327 
7952 2735 2810 2789 3068 
7953 1215 1274 603 601 
7954 3080 1791 1759 1660 
7955 3080 1759 1730 1731 
7956 2931 2542 2540 2522 
7957 2811 887 866 854 
7958 3154 603 624 605 
7959 2755 2789 1673 2501 
7960 2738 2511 2736 2502 
7961 622 2854 2829 616 
7962 3038 2511 52 2506 
7963 1786 2819 2736 2738 
7964 3083 2819 2736 1627 
7965 2738 1674 2515 1625 
7966 2856 3049 3073 3050 
7967 1215 3165 3154 1214 
7968 3080 1730 1609 1731 
7969 2819 1714 2738 1786 
7970 3081 1338 1253 1298 
7971 2877 2804 2912 2741 
7972 3081 603 4 624 
7973 3083 1254 1173 1334 
7974 2811 889 2758 866 
7975 3081 1714 1608 1744 
7976 3083 1608 2819 1763 
7977 3083 1289 1298 2819 
7978 3083 1315 1173 1254 
7979 3087 1363 1161 1281 
7980 1737 205 1167 1608 
7981 1737 206 1167 205 
7982 3140 1274 3081 1338 
7983 2811 2759 2758 889 
7984 1167 205 1289 1608 
7985 205 204 1289 1608 
7986 3083 1315 1356 1167 
7987 1173 1769 208 1613 
7988 3140 599 3081 603 
7989 3083 2736 3078 1685 
7990 3083 1637 2736 1685 
7991 3083 1289 1167 1323 
7992 3027 2196 2197 2250 
7993 2834 548 2836 2505 
7994 3140 2340 2367 263 
7995 3086 3074 3039 3102 
7996 3081 1285 1609 1744 
7997 1289 204 1285 1744 
7998 1289 1608 204 1744 
7999 2735 2736 3038 2737 
8000 3083 1242 1323 1356 
8001 3083 1810 1173 1741 
8002 3177 818 821 837 
8003 3068 1629 1630 1632 
8004 3081 1274 1253 1338 
8005 3081 1704 1744 1609 
8006 2935 2655 2157 2159 
8007 3154 1212 1260 1213 
8008 3039 3087 2818 2819 
8009 2350 3086 3090 3091 
8010 3154 3165 2837 2332 
8011 3080 1699 3075 1757 
8012 2834 2504 3031 1676 
8013 260 3087 2343 2366 
8014 1285 1168 1609 203 
8015 3081 1215 1274 603 
8016 3154 1212 3079 1260 
8017 596 4 3068 59 
8018 3081 1285 1289 1298 
8019 2515 1625 1674 405 
8020 3068 1630 2738 1688 
8021 3075 3076 2809 1658 
8022 3153 3154 3079 3080 
8023 833 2992 834 822 
8024 1168 3081 1285 1609 
8025 3177 3119 2924 3178 
8026 1286 1609 202 1731 
8027 1286 1609 1168 202 
8028 3079 1617 1295 1792 
8029 1176 1731 201 1749 
8030 1168 3081 1327 1285 
8031 2738 2515 2503 2511 
8032 3081 1704 1656 1688 
8033 3179 2325 2316 2312 
8034 946 2870 1251 1080 
8035 3154 1215 1213 1252 
8036 3168 2800 3180 3010 
8037 3075 2499 1605 2476 
8038 3079 1183 1212 2335 
8039 3154 2332 1212 1153 
8040 1176 200 1749 201 
8041 1176 1295 1749 200 
8042 3077 1782 1720 1722 
8043 3079 1617 1715 1767 
8044 3079 1749 1176 1295 
8045 3080 1731 1609 1286 
8046 3079 1176 1316 1295 
8047 3177 837 821 826 
8048 1286 3080 1731 3079 
8049 2791 1605 1659 394 
8050 3177 3119 837 826 
8051 2837 2337 2332 2322 
8052 3076 2799 2478 547 
8053 3038 2834 2505 549 
8054 3080 1730 1759 1699 
8055 3079 1660 1759 1767 
8056 3079 1176 1286 1260 
8057 3081 1253 1327 1298 
8058 2791 1639 3179 2817 
8059 3080 1699 1757 1632 
8060 2791 2817 2484 2474 
8061 1605 395 394 2476 
8062 2789 1631 1813 1718 
8063 2755 1682 2789 2801 
8064 2809 2801 2747 2790 
8065 2309 3154 3079 2837 
8066 2809 2498 2477 1602 
8067 1176 1731 1286 201 
8068 2827 2826 2475 2482 
8069 2840 3166 2843 1152 
8070 3027 2529 2527 2997 
8071 2484 2792 2791 2469 
8072 3095 2964 2981 778 
8073 3079 1767 1749 1617 
8074 3076 2478 2492 546 
8075 3076 2478 546 547 
8076 2984 2998 3065 2517 
8077 2829 622 616 623 
8078 2755 2984 2514 2508 
8079 2794 3092 3134 2703 
8080 3177 3119 2865 837 
8081 2809 2492 2498 545 
8082 1605 2499 395 2476 
8083 3068 3081 1656 1688 
8084 3071 771 3102 763 
8085 3066 2354 1223 2342 
8086 3165 1156 3173 2310 
8087 3079 1183 1316 1212 
8088 1212 245 244 2309 
8089 1212 1183 245 2335 
8090 1212 245 2309 2335 
8091 2837 2309 2337 2330 
8092 1153 2327 243 1256 
8093 1153 2327 2332 243 
8094 1153 243 2332 244 
8095 2837 607 3173 606 
8096 3081 4 3080 3153 
8097 3075 1658 2809 1718 
8098 3075 2809 2732 2810 
8099 3154 1252 1260 1286 
8100 3165 1354 3161 1156 
8101 2791 1639 1659 1715 
8102 1342 1238 601 1293 
8103 3165 3161 3173 1156 
8104 3181 3182 3183 3184 
8105 3075 2499 3076 1658 
8106 2837 2335 3079 2309 
8107 3179 1301 1716 1792 
8108 1212 244 2332 2309 
8109 3079 1731 1176 1749 
8110 3181 3183 2830 3184 
8111 3165 1256 1156 2310 
8112 245 1183 246 2335 
8113 2809 1658 3076 545 
8114 3153 2815 2837 607 
8115 3165 2327 1256 2310 
8116 3179 1301 1183 1208 
8117 2791 3079 1715 1767 
8118 2325 2312 1208 247 
8119 3179 1716 1715 1792 
8120 2870 1097 1080 1053 
8121 2870 2871 2872 3185 
8122 2917 815 2741 805 
8123 3153 3079 2791 3075 
8124 2828 2077 2831 2073 
8125 3181 1484 1485 1454 
8126 2817 1785 1268 1288 
8127 3186 986 1112 1077 
8128 2791 3179 2839 2817 
8129 3165 605 606 604 
8130 2791 394 2497 2476 
8131 3186 925 2895 985 
8132 246 2325 2335 1183 
8133 2870 1053 1113 1000 
8134 3179 1301 3079 1183 
8135 393 394 2497 1659 
8136 3075 2810 1757 1718 
8137 3075 1757 1791 1605 
8138 2735 2738 2503 2511 
8139 2755 3052 2777 2801 
8140 2871 3185 2308 2323 
8141 1639 2490 392 1616 
8142 2817 1633 2472 1616 
8143 1730 3081 1656 3080 
8144 3179 1716 1301 1268 
8145 2872 174 994 2071 
8146 2822 2833 2823 2825 
8147 2852 2334 2842 2329 
8148 2817 1716 1785 1754 
8149 3079 1301 1295 1183 
8150 3079 1749 1295 1617 
8151 1605 2499 1658 395 
8152 1617 199 1295 1792 
8153 1617 199 200 1295 
8154 3179 1716 2817 1639 
8155 3081 3080 1609 1168 
8156 1295 199 1301 1792 
8157 1338 2819 1298 3081 
8158 3081 1609 1730 1704 
8159 2872 2069 2071 2065 
8160 3154 1260 1252 1213 
8161 1208 2312 1211 247 
8162 2866 2823 2817 2495 
8163 2817 2495 2484 2490 
8164 2499 3076 2476 3075 
8165 1749 1295 1617 200 
8166 3181 1485 1528 1454 
8167 1301 199 198 1792 
8168 2837 3173 3165 606 
8169 1716 198 1301 1268 
8170 1716 1301 198 1792 
8171 198 197 1268 1785 
8172 3179 1716 1639 1715 
8173 2870 1080 1113 1053 
8174 3179 1301 1208 1268 
8175 2791 2474 393 1639 
8176 1670 1219 196 1288 
8177 1670 1219 1756 196 
8178 1268 1785 197 1288 
8179 2817 1754 1785 1670 
8180 2870 2817 2871 2312 
8181 1211 247 2312 248 
8182 2866 2873 2823 2495 
8183 2474 1639 2490 392 
8184 2804 2790 2801 2802 
8185 3179 3079 2335 1183 
8186 3179 1715 3079 1792 
8187 246 2325 1208 247 
8188 3185 1251 1317 946 
8189 2852 3187 2839 2823 
8190 2866 2823 2872 2817 
8191 3188 1023 940 25 
8192 2871 2308 2315 2323 
8193 2853 3174 3189 3166 
8194 2483 2485 2792 2823 
8195 2822 3190 2066 2071 
8196 3185 2329 2842 1218 
8197 3185 1081 2842 1109 
8198 3185 1218 2308 2329 
8199 2885 489 3191 2081 
8200 3185 1081 1317 1324 
8201 2872 2822 3190 2823 
8202 3185 946 1317 1081 
8203 3185 2329 2308 2323 
8204 2314 249 1175 248 
8205 2858 3191 3190 2842 
8206 2314 1175 249 1184 
8207 2817 1268 1211 1288 
8208 2866 1805 2870 1623 
8209 3190 993 932 1071 
8210 2866 1805 1703 1701 
8211 2870 1219 1308 953 
8212 2866 2817 2872 2871 
8213 2308 2329 1218 250 
8214 609 2800 2732 2815 
8215 1251 98 1080 1308 
8216 1251 98 99 1080 
8217 2308 1218 1184 250 
8218 2852 2842 3185 2329 
8219 3185 1081 1109 1084 
8220 2870 1756 1670 1219 
8221 2791 2817 2839 2484 
8222 2866 1755 1079 1070 
8223 2870 2314 1211 2312 
8224 1317 1081 946 100 
8225 2871 2312 2817 2316 
8226 2308 1184 249 250 
8227 2873 1021 1691 1771 
8228 2871 2314 2315 2308 
8229 2866 2873 2472 1633 
8230 2866 2873 2495 2472 
8231 2886 491 2885 3192 
8232 3119 2887 2832 2869 
8233 2870 1308 1097 953 
8234 98 1097 1308 97 
8235 2817 1268 1208 1211 
8236 1317 946 99 100 
8237 1251 99 1317 946 
8238 1097 1133 1308 97 
8239 2872 2824 2822 2823 
8240 1133 1797 127 953 
8241 1133 1348 1797 953 
8242 1133 20 127 1797 
8243 127 128 953 1623 
8244 127 953 1797 1623 
8245 1133 20 1348 97 
8246 1133 1348 20 1797 
8247 20 195 1797 1348 
8248 1797 1348 1219 953 
8249 2870 1308 1080 1097 
8250 3181 3183 3193 1454 
8251 1219 1797 195 1348 
8252 1756 196 1219 195 
8253 2870 1251 3185 946 
8254 2870 3185 1251 1184 
8255 197 1670 196 1288 
8256 2817 2495 2823 2484 
8257 1785 1670 197 1288 
8258 1308 1133 1348 97 
8259 1308 1219 1348 953 
8260 2866 2870 953 1623 
8261 2870 2308 2871 3185 
8262 1797 953 1756 1623 
8263 2870 1756 953 1623 
8264 1308 1348 1133 953 
8265 1797 1219 1756 953 
8266 2870 1288 1211 1321 
8267 1097 1308 1133 953 
8268 1219 1797 1756 195 
8269 2870 946 3185 1113 
8270 953 128 1079 1623 
8271 1079 128 1812 1623 
8272 1755 1079 1070 129 
8273 1079 1812 128 129 
8274 2823 2484 2495 2485 
8275 1211 2312 2314 248 
8276 2866 1812 1703 1623 
8277 3181 3182 3193 3183 
8278 2866 2872 2870 2871 
8279 2870 1321 1308 1219 
8280 2866 1079 953 1053 
8281 2870 2308 3185 1184 
8282 1755 1079 129 1812 
8283 2870 953 1756 1219 
8284 2873 2488 2472 2494 
8285 2817 2490 2472 2495 
8286 130 131 1110 1771 
8287 130 1110 1070 1771 
8288 2824 2491 2471 1672 
8289 130 1771 1070 1755 
8290 2866 1070 2873 1755 
8291 937 175 2069 992 
8292 937 175 174 2069 
8293 2824 1020 484 2074 
8294 2824 2823 2488 2486 
8295 994 173 2071 174 
8296 2866 953 1079 1623 
8297 1251 1080 99 946 
8298 2853 2838 2815 3173 
8299 3179 3079 1301 1792 
8300 2890 2925 2923 2895 
8301 3190 994 3185 1001 
8302 2321 3166 2313 2853 
8303 3179 2817 2871 2839 
8304 2870 2314 2871 2308 
8305 391 1616 392 2490 
8306 391 2472 1616 2490 
8307 391 390 1633 2472 
8308 391 1633 1616 2472 
8309 3181 3035 2830 1490 
8310 2866 2495 2817 2472 
8311 2873 1675 1633 1755 
8312 2815 2839 2837 2838 
8313 2873 1110 1070 992 
8314 390 1675 2494 389 
8315 2817 2474 1639 2490 
8316 2822 3194 3187 2833 
8317 2872 2822 2824 2065 
8318 2839 2316 2330 2318 
8319 2870 1308 1251 1080 
8320 2871 2314 2312 2315 
8321 2873 2472 1633 390 
8322 2873 2495 2472 2488 
8323 2817 2484 2474 2490 
8324 2873 1110 992 1021 
8325 2791 2481 2484 2469 
8326 2792 2799 2833 2800 
8327 2471 1691 388 389 
8328 2866 2472 2817 1633 
8329 3179 2817 1208 1211 
8330 1701 2870 1670 2817 
8331 2471 2491 388 1672 
8332 2471 388 1691 1672 
8333 2839 2316 2318 2317 
8334 2870 1321 1219 1288 
8335 2491 1618 387 1672 
8336 2491 1618 2473 387 
8337 2756 2813 2043 2812 
8338 2820 2759 2774 2760 
8339 2815 2837 2839 2732 
8340 2726 2798 1044 1127 
8341 3166 2321 2313 1207 
8342 2826 1752 1640 1816 
8343 2872 937 1052 1000 
8344 2799 2821 2833 2802 
8345 2868 2800 2742 3010 
8346 2770 2841 1142 1089 
8347 2812 2074 2825 2072 
8348 3179 2335 2325 1183 
8349 2822 2833 2828 3194 
8350 2824 2067 2065 485 
8351 2866 1079 1812 1623 
8352 3179 2839 2871 2316 
8353 2792 2469 51 547 
8354 2824 2471 1691 1672 
8355 3191 955 2843 2082 
8356 3081 1327 1285 1298 
8357 2767 1649 2768 864 
8358 2812 943 1003 2043 
8359 2866 953 2870 1053 
8360 3166 1335 1361 1207 
8361 2890 3033 2891 3184 
8362 3166 1152 2321 1207 
8363 1789 2824 1021 1691 
8364 2820 2760 2813 2821 
8365 2820 2813 2726 2049 
8366 2866 2870 1805 1701 
8367 2870 1211 2817 2312 
8368 946 2870 1080 1113 
8369 2842 1360 1086 1302 
8370 2815 2839 2838 3187 
8371 2799 2790 2821 2802 
8372 2872 174 937 994 
8373 2483 2485 51 2792 
8374 173 2066 172 932 
8375 2872 2823 2871 2817 
8376 2866 1633 2817 1701 
8377 2812 950 2074 2076 
8378 1021 1789 1123 1020 
8379 3185 1001 994 1145 
8380 2741 2879 2917 2953 
8381 2872 2071 2822 2065 
8382 2824 1020 1021 26 
8383 1802 950 1121 1020 
8384 2872 3190 2822 2071 
8385 2820 2813 2756 2821 
8386 2074 26 177 1020 
8387 2831 487 488 2075 
8388 2873 390 1633 1675 
8389 994 2066 173 932 
8390 2824 2491 2825 2471 
8391 2824 1691 1789 1672 
8392 2886 3195 2956 3192 
8393 2866 1703 1633 1701 
8394 994 2066 2071 173 
8395 2792 547 51 2470 
8396 2866 1812 1079 1755 
8397 2873 1771 1070 1110 
8398 2870 1175 1211 2314 
8399 130 1070 129 1755 
8400 3179 2817 1268 1208 
8401 2824 2067 176 992 
8402 3194 2068 2070 2066 
8403 2873 2488 2494 2471 
8404 2824 484 1020 26 
8405 2826 2825 2473 2482 
8406 2873 1070 1771 1755 
8407 2873 389 2494 1675 
8408 1789 1021 1110 1771 
8409 2822 2828 2833 2825 
8410 1021 1771 1789 1691 
8411 2824 2825 2491 1672 
8412 2831 3188 2887 2798 
8413 1110 131 1789 1771 
8414 2811 2756 2779 2821 
8415 1789 1123 1121 132 
8416 2813 1104 1049 2050 
8417 1121 1789 1020 1123 
8418 1121 1802 1054 950 
8419 2047 2820 2041 2048 
8420 1121 133 1768 132 
8421 2873 2471 2494 389 
8422 1672 1802 1121 1020 
8423 3194 2869 2832 2887 
8424 1802 1121 1054 1698 
8425 2748 1645 1807 1644 
8426 1672 1802 1768 1121 
8427 2757 1776 1814 1725 
8428 2767 2768 2761 863 
8429 2769 2759 2764 2787 
8430 2866 2870 2817 2871 
8431 2831 1127 951 997 
8432 3081 1714 1704 1688 
8433 1802 950 1020 2825 
8434 2811 2821 2779 2790 
8435 1698 1054 134 133 
8436 3179 1268 2817 1716 
8437 2826 2473 2825 1618 
8438 2841 2847 1963 1987 
8439 2773 1678 1653 1733 
8440 2841 1963 1978 1877 
8441 161 162 2043 943 
8442 2756 2047 479 2045 
8443 2826 2489 2475 2482 
8444 2817 1754 1670 1701 
8445 2820 2048 2756 2813 
8446 2813 951 2078 2073 
8447 2805 2052 2043 2045 
8448 2812 1003 943 1048 
8449 2825 2487 2471 2491 
8450 1724 2805 2757 1776 
8451 2825 2072 2074 485 
8452 131 1123 1789 132 
8453 2873 1691 1675 1771 
8454 2805 943 2052 1002 
8455 2811 887 2759 889 
8456 2824 2823 2486 2825 
8457 2792 2469 547 2479 
8458 1048 2076 178 950 
8459 2826 1816 386 1618 
8460 2825 2486 2471 2487 
8461 2825 1618 2491 1802 
8462 2076 179 2078 1104 
8463 2827 2480 2799 2470 
8464 3030 694 683 703 
8465 2867 2056 2055 2059 
8466 2059 2769 2787 2867 
8467 2866 2872 2823 2873 
8468 1048 179 2076 1104 
8469 180 2073 951 181 
8470 2078 180 2073 951 
8471 2769 2060 2061 2053 
8472 478 1035 24 164 
8473 2770 166 944 2054 
8474 2489 385 386 1816 
8475 2489 385 1816 1640 
8476 2826 386 2473 1618 
8477 2491 1802 1618 1672 
8478 2872 2871 3190 3185 
8479 2473 386 387 1618 
8480 2074 178 2076 950 
8481 2769 2772 2770 2787 
8482 2769 2770 2060 2787 
8483 2769 2061 2060 2054 
8484 2769 2060 2770 2054 
8485 2742 2854 2801 2993 
8486 2489 385 1640 2475 
8487 2074 177 178 950 
8488 2993 2778 3196 3064 
8489 1054 1802 2805 2812 
8490 2067 992 2069 175 
8491 487 2822 2828 3194 
8492 2827 2790 2799 2480 
8493 2817 1639 1754 1616 
8494 2828 2833 2827 2821 
8495 3081 603 59 4 
8496 2805 1038 943 1002 
8497 1121 1789 1768 1672 
8498 2812 1104 1048 2076 
8499 2828 2832 2813 2831 
8500 385 1597 2475 384 
8501 2747 1708 1664 1665 
8502 2792 2827 2483 2823 
8503 2758 2803 881 872 
8504 2812 1104 2076 2078 
8505 2768 1654 1650 1653 
8506 2496 1710 383 384 
8507 2496 1710 2477 383 
8508 2762 859 2764 2763 
8509 1802 2805 2826 1804 
8510 2826 2825 2812 1802 
8511 2790 1710 1597 1642 
8512 1597 2496 2475 384 
8513 2825 2487 2473 2482 
8514 2811 2767 887 854 
8515 3031 1624 1781 1770 
8516 2477 382 383 1602 
8517 2477 383 1710 1602 
8518 2748 1645 861 882 
8519 1662 89 2783 1599 
8520 2809 2498 1657 545 
8521 850 2748 2747 851 
8522 2779 1723 1655 1724 
8523 2809 2790 1750 1602 
8524 2477 2498 382 1602 
8525 2767 2761 1652 1723 
8526 879 882 1645 1807 
8527 2825 1802 2491 1672 
8528 2789 2809 1682 1806 
8529 92 2741 2918 2953 
8530 2747 1790 1665 1788 
8531 1173 3078 1810 3083 
8532 2483 2792 51 2470 
8533 2757 2761 2771 479 
8534 2502 406 1625 405 
8535 3095 2981 3049 3073 
8536 3065 2964 2751 3096 
8537 3194 2887 2858 2869 
8538 2499 3076 2493 2476 
8539 2769 2771 2770 2772 
8540 1658 39 395 2499 
8541 3076 2499 2493 545 
8542 2792 2484 2839 2823 
8543 3154 603 3081 624 
8544 2856 2855 3049 3050 
8545 2789 1813 2810 1718 
8546 3079 1715 1617 1792 
8547 3179 2871 2817 2316 
8548 2755 2801 2789 3052 
8549 3079 1316 1260 1212 
8550 2792 2799 2827 2833 
8551 2791 3079 3179 1715 
8552 2805 2757 1610 1124 
8553 2809 1657 2498 1602 
8554 2809 2799 2477 2478 
8555 2789 2512 2513 2503 
8556 1657 545 2498 39 
8557 2483 2792 2470 2827 
8558 3154 3165 2332 1153 
8559 1658 39 2499 545 
8560 2791 1715 1659 1767 
8561 1807 2748 1644 850 
8562 1640 2475 385 1597 
8563 3075 2809 2810 1718 
8564 3190 1071 1001 1141 
8565 3191 941 2082 2081 
8566 3166 1361 1304 1207 
8567 2789 2738 1629 1601 
8568 3129 3197 809 808 
8569 2852 2334 2329 2323 
8570 2791 1605 1660 1659 
8571 3179 2312 2817 1211 
8572 1657 2498 382 39 
8573 3079 1212 2309 2335 
8574 3049 627 615 597 
8575 3194 487 2070 2068 
8576 2769 2054 2057 2061 
8577 2816 2766 2847 2553 
8578 3079 1759 1749 1767 
8579 3198 2927 1275 1192 
8580 2827 2825 2826 2482 
8581 2947 3199 582 594 
8582 1163 3115 1259 1291 
8583 1961 2851 2859 2588 
8584 2842 1081 945 1109 
8585 2837 2839 3179 2330 
8586 2726 1127 1022 951 
8587 2928 3162 677 3200 
8588 662 628 661 3201 
8589 2789 1806 1682 1631 
8590 2829 3010 2742 2800 
8591 601 3082 3140 599 
8592 2791 393 2474 2497 
8593 2932 1599 2754 2783 
8594 2980 2848 3196 2912 
8595 2769 2761 2771 2772 
8596 3149 3202 3203 3147 
8597 2791 1659 2497 394 
8598 2949 3010 3009 3135 
8599 2726 1008 929 1115 
8600 2947 824 840 835 
8601 1032 3204 2895 3178 
8602 3149 3205 3203 3202 
8603 3149 1935 1904 2040 
8604 3198 1267 3206 2843 
8605 3180 3207 2868 2869 
8606 2917 813 815 805 
8607 1112 3186 988 986 
8608 3208 999 930 2083 
8609 2749 2802 2758 2803 
8610 2813 1104 2812 2078 
8611 2078 1104 180 951 
8612 3149 1905 1904 1935 
8613 3146 2590 2577 2593 
8614 2486 2487 2827 2483 
8615 181 182 2075 997 
8616 1802 1020 1672 2825 
8617 3149 3148 3202 3147 
8618 2073 997 181 2075 
8619 2826 2473 2489 2482 
8620 2862 2863 2598 2592 
8621 2871 2315 2316 2317 
8622 3034 1027 3044 1100 
8623 951 181 2073 997 
8624 1115 1030 3204 2776 
8625 2924 2925 2956 2893 
8626 3149 3150 3202 3148 
8627 2880 3144 2913 2876 
8628 3177 3207 3119 826 
8629 3186 2092 2895 925 
8630 2082 2081 941 187 
8631 2884 1103 3191 956 
8632 3188 993 1103 1023 
8633 3192 2925 491 492 
8634 3180 3207 2949 2868 
8635 2884 489 28 956 
8636 2089 189 190 983 
8637 2757 1036 2052 478 
8638 488 2831 940 3188 
8639 2926 706 680 678 
8640 3149 2040 1904 2013 
8641 2086 2886 491 2091 
8642 1127 2831 951 2726 
8643 2884 3190 2858 3191 
8644 2885 2079 3191 2843 
8645 1103 993 3188 3194 
8646 2779 1724 2757 2761 
8647 3168 3050 617 614 
8648 2884 3188 3186 2887 
8649 2792 2791 3076 2732 
8650 1878 3149 3147 2013 
8651 993 172 171 2068 
8652 171 25 1023 488 
8653 3194 2884 3188 1103 
8654 3088 2347 2369 2356 
8655 2791 1639 2817 2474 
8656 2831 2832 2726 2798 
8657 2792 2839 2815 3187 
8658 2884 2089 983 189 
8659 2822 486 2828 485 
8660 3166 1204 1246 1335 
8661 3190 1071 1103 993 
8662 1362 2928 1187 3159 
8663 2824 2825 1672 1020 
8664 3190 1071 932 1001 
8665 1211 2314 1175 248 
8666 2852 3190 3187 2823 
8667 993 172 2068 2066 
8668 182 25 488 940 
8669 3128 809 3129 3137 
8670 2872 992 1052 937 
8671 2871 2316 2839 2317 
8672 2873 1110 1021 1771 
8673 2756 2043 2805 2812 
8674 2823 2486 2483 2485 
8675 176 992 2067 175 
8676 993 932 172 2066 
8677 2074 26 1020 484 
8678 2879 817 2865 815 
8679 2853 2331 2313 2321 
8680 3149 1936 1905 1935 
8681 955 2082 941 187 
8682 3206 1056 949 1098 
8683 3186 984 925 985 
8684 2840 3191 2858 2842 
8685 3209 930 1137 982 
8686 3204 1130 1087 1045 
8687 2822 3187 3190 2823 
8688 3198 1275 1195 1192 
8689 2843 1152 3166 1304 
8690 3190 1071 3191 1103 
8691 2886 2086 2925 2092 
8692 1360 2842 1174 1255 
8693 3191 188 2081 956 
8694 2866 1052 1053 1000 
8695 2842 1109 945 1072 
8696 2927 3192 2084 2083 
8697 2842 2843 1174 1331 
8698 2988 1564 1521 1539 
8699 3175 1204 1203 1246 
8700 2843 1287 1107 1046 
8701 3206 2927 3192 2084 
8702 28 2884 948 189 
8703 1174 103 1046 1086 
8704 1174 1360 103 1086 
8705 103 102 1086 1360 
8706 1302 1086 945 102 
8707 3191 1046 2843 955 
8708 102 101 945 1302 
8709 3185 1324 2842 1081 
8710 1015 1086 1174 1046 
8711 3188 1077 2798 940 
8712 2886 2924 2925 2956 
8713 3208 492 3192 2083 
8714 945 1302 101 1324 
8715 945 101 1081 1324 
8716 3210 2990 3211 3212 
8717 1701 2870 1805 1670 
8718 2895 966 1032 1116 
8719 3185 1001 1145 1084 
8720 3206 1319 1056 1098 
8721 2843 1046 1107 955 
8722 3198 3192 3206 2927 
8723 2842 1302 1324 1218 
8724 2843 1210 1152 1304 
8725 3191 957 1071 1141 
8726 2822 3187 3194 3190 
8727 1081 101 100 1324 
8728 2842 2843 1331 1209 
8729 3210 2989 3211 2990 
8730 2872 994 1000 1145 
8731 1302 1086 102 1360 
8732 2885 489 2081 490 
8733 1324 945 2842 1081 
8734 2870 1288 2817 1211 
8735 2866 1703 1812 1755 
8736 2308 1184 2314 249 
8737 252 1209 2333 1180 
8738 252 253 2333 1209 
8739 252 2333 2311 1180 
8740 252 2311 251 1180 
8741 2842 1255 1360 1302 
8742 2870 1251 1175 1184 
8743 2311 2329 251 1180 
8744 3185 1317 1218 1324 
8745 2822 2825 2824 485 
8746 2822 3194 2070 2066 
8747 3190 2066 994 932 
8748 1218 251 2329 1180 
8749 2726 929 1022 1044 
8750 3185 1113 1084 1145 
8751 3185 1317 1184 1218 
8752 1218 251 250 2329 
8753 2866 1703 1805 1623 
8754 3210 2432 2423 2430 
8755 3122 3130 3013 3169 
8756 3079 1176 1260 1316 
8757 3185 1113 946 1084 
8758 2885 3189 3192 2079 
8759 2886 3195 2924 2956 
8760 3081 1704 1714 1744 
8761 3173 1156 3161 2310 
8762 2870 1219 1670 1288 
8763 3206 3213 999 1031 
8764 2791 1660 1767 1659 
8765 2885 2079 3192 491 
8766 3188 2068 993 171 
8767 3066 2349 2353 2361 
8768 3075 1791 1757 1699 
8769 483 1008 157 2051 
8770 3185 2842 1324 1218 
8771 2886 3195 2885 2887 
8772 2840 3166 2853 3189 
8773 3191 941 2081 188 
8774 2815 625 3168 3174 
8775 2321 1152 2333 253 
8776 2853 2815 3174 3173 
8777 3166 2328 240 2313 
8778 2321 1152 253 31 
8779 2842 1174 1255 1331 
8780 1267 3206 1305 1272 
8781 3185 1001 1109 1141 
8782 3191 2843 1046 1015 
8783 2824 2873 992 1021 
8784 2837 2318 2337 2322 
8785 3175 1361 1246 1325 
8786 2321 2313 1207 31 
8787 3190 932 993 2066 
8788 2321 1207 1152 31 
8789 2842 1302 1218 1180 
8790 3191 957 1103 1071 
8791 2842 1174 2843 1015 
8792 2884 3191 489 956 
8793 3210 2423 2432 2433 
8794 2840 3190 2858 2852 
8795 3214 3215 3216 1265 
8796 3206 1276 1031 1056 
8797 2871 2839 2852 2317 
8798 2884 2089 2886 2087 
8799 3208 958 930 959 
8800 3217 3180 2949 3174 
8801 3159 1365 1250 1364 
8802 1207 31 2313 240 
8803 2955 823 820 828 
8804 1324 945 1302 2842 
8805 2840 2843 1209 1152 
8806 1244 241 240 2328 
8807 2310 1244 2328 241 
8808 3156 1237 2345 2338 
8809 330 2990 3210 1422 
8810 2852 2842 3190 3185 
8811 3173 625 3174 613 
8812 3156 3161 3165 1294 
8813 3173 620 606 608 
8814 1802 2805 2812 2826 
8815 3165 1214 1215 1220 
8816 3217 3175 3166 3174 
8817 3104 795 3097 782 
8818 2749 2868 2742 2750 
8819 3101 2348 3090 2349 
8820 3029 1409 2988 1503 
8821 2928 3198 2929 2927 
8822 3045 1094 1017 1090 
8823 2872 3185 3190 994 
8824 2842 2329 2311 1180 
8825 3159 1365 1221 1250 
8826 2758 884 867 881 
8827 3120 2943 3159 676 
8828 3199 3218 586 585 
8829 3210 3219 3220 3212 
8830 2866 1633 1703 1755 
8831 3191 1015 2842 2843 
8832 993 2066 3194 3190 
8833 2828 2832 2831 2833 
8834 241 1156 242 2310 
8835 3221 1587 1464 1540 
8836 3210 3219 3212 3222 
8837 3166 3173 2328 2336 
8838 3122 3155 3160 3223 
8839 3154 2309 1212 2332 
8840 246 1208 2325 1183 
8841 2837 2327 3165 3173 
8842 242 1256 243 2327 
8843 2335 2837 3079 3179 
8844 3179 2316 2817 2312 
8845 242 1156 1256 2310 
8846 2840 2331 2334 2320 
8847 242 1256 2327 2310 
8848 3168 617 610 614 
8849 3173 620 608 613 
8850 2791 2484 2481 2474 
8851 2779 2826 2790 2821 
8852 2853 2852 2858 3187 
8853 2837 3165 2327 2332 
8854 3154 2837 2309 2332 
8855 2873 390 1675 2494 
8856 3165 3173 3161 620 
8857 1212 244 1153 2332 
8858 3165 1156 1256 1354 
8859 3165 2327 1153 1256 
8860 2853 3174 2858 3189 
8861 2817 1701 1633 1616 
8862 3165 1241 1214 1220 
8863 1228 1229 262 2365 
8864 3161 1156 1354 1249 
8865 3099 3012 573 589 
8866 2728 3224 1216 1232 
8867 3070 3081 3068 2738 
8868 3161 1156 1244 2310 
8869 3165 1241 1293 1294 
8870 2817 1670 1785 1288 
8871 2791 1659 393 2497 
8872 2790 851 853 883 
8873 2790 2477 1710 1602 
8874 3198 2079 3206 3192 
8875 2750 834 825 833 
8876 3210 3212 3211 3222 
8877 2827 2475 2790 2480 
8878 2792 2833 2827 2823 
8879 3161 1244 1156 1249 
8880 3160 2392 3169 2399 
8881 3165 1215 604 1220 
8882 2885 490 2079 491 
8883 2839 2484 2817 2823 
8884 2323 2871 2852 2317 
8885 833 2868 831 825 
8886 3090 2349 2350 2353 
8887 3082 2355 2344 2367 
8888 1335 2328 1244 240 
8889 2755 2783 2777 2754 
8890 2916 2744 2898 2899 
8891 2877 2912 2804 2778 
8892 1361 3198 1325 3175 
8893 3079 1316 1183 1295 
8894 3159 1325 1364 1250 
8895 3057 1223 1314 269 
8896 2738 1714 3081 1688 
8897 3160 1202 1201 1158 
8898 2898 2916 2917 2919 
8899 3099 3073 3050 3009 
8900 2789 1682 2809 2801 
8901 3165 2332 1153 2327 
8902 3155 613 620 3161 
8903 601 604 603 1215 
8904 3086 3074 3091 2358 
8905 3161 1249 1354 1294 
8906 3165 604 1215 605 
8907 3160 1202 3223 1205 
8908 1807 879 890 1648 
8909 3160 1201 1202 1205 
8910 2898 2863 2862 2951 
8911 3166 1335 1207 240 
8912 2310 1244 241 1156 
8913 601 1220 1293 604 
8914 2783 850 842 1664 
8915 2072 2812 2076 2078 
8916 2843 1304 1267 1210 
8917 2793 2814 3058 2382 
8918 3124 3085 1226 2371 
8919 3090 2353 2350 2363 
8920 3122 3101 2369 3088 
8921 2872 2873 2824 2823 
8922 2867 2063 2055 2056 
8923 2768 860 873 869 
8924 2898 2864 2862 2863 
8925 2081 28 489 956 
8926 3029 1414 1506 1551 
8927 3216 1069 1128 1006 
8928 2970 681 3172 667 
8929 182 940 488 2075 
8930 2792 547 3076 2479 
8931 3131 1332 3063 1248 
8932 755 3110 3132 11 
8933 1206 2402 270 2389 
8934 237 1291 236 1383 
8935 418 1689 2523 417 
8936 2033 2595 936 1885 
8937 2841 2847 1987 952 
8938 2898 2951 2862 2882 
8939 2199 2207 2004 2940 
8940 2941 2543 2530 2528 
8941 2230 2296 2253 1796 
8942 75 2994 76 2632 
8943 2994 2635 2658 2647 
8944 2942 1775 1758 1734 
8945 2898 2862 2864 2619 
8946 3085 2696 2175 2710 
8947 2350 3086 3091 2352 
8948 3039 2216 3040 2213 
8949 2697 532 531 2142 
8950 3083 1173 1315 1741 
8951 2818 1229 1228 2365 
8952 3038 3039 2736 3040 
8953 3088 1237 3156 2338 
8954 620 3156 3165 604 
8955 2898 2864 2899 2619 
8956 3185 1109 1001 1084 
8957 2831 2887 2832 2798 
8958 2840 2333 2321 1152 
8959 2872 994 937 1000 
8960 3185 1317 1251 1184 
8961 3083 1608 1763 1737 
8962 2817 2490 1639 1616 
8963 3146 3225 2589 2586 
8964 3139 3147 1043 979 
8965 3205 1588 1498 1472 
8966 2897 969 3226 967 
8967 2923 2088 2925 958 
8968 3193 1040 3182 1120 
8969 3150 1942 1881 2000 
8970 3027 2250 1794 1692 
8971 1689 2508 400 399 
8972 3023 3036 3001 2225 
8973 2783 849 842 850 
8974 3083 1167 1289 1608 
8975 75 2994 2632 2647 
8976 2958 2262 2994 1832 
8977 2910 1949 1950 1947 
8978 2952 1915 1933 2039 
8979 3227 3016 2137 2663 
8980 1829 1957 1494 1393 
8981 3227 1590 1523 1535 
8982 3227 1941 1900 1999 
8983 3046 2128 2127 2098 
8984 3014 3023 3017 2979 
8985 3071 756 799 771 
8986 3228 543 544 2463 
8987 2023 34 2291 437 
8988 3229 1538 1431 1492 
8989 2976 3025 3230 1456 
8990 2731 2889 2729 2730 
8991 3092 3134 2704 2722 
8992 3136 3056 3121 2202 
8993 759 788 767 2190 
8994 3109 2170 2100 2280 
8995 2753 2922 2781 2740 
8996 2753 2740 2781 877 
8997 2807 713 9 716 
8998 2296 1898 2024 1796 
8999 2296 2024 1898 1979 
9000 2239 2117 379 1669 
9001 2942 1898 2230 1734 
9002 3206 2082 2085 2079 
9003 3176 3231 3172 671 
9004 3215 1263 1262 1264 
9005 3215 3232 1525 1370 
9006 2734 86 807 806 
9007 3233 2888 2950 3138 
9008 3232 1357 1269 1270 
9009 3029 1566 1407 1411 
9010 1309 1594 1170 1392 
9011 3232 1270 1194 1358 
9012 2780 1974 1998 1906 
9013 2780 1736 1746 1780 
9014 1611 1825 1712 360 
9015 2747 883 865 851 
9016 2820 2775 2774 2726 
9017 3234 1969 3205 1936 
9018 3146 2888 2857 2587 
9019 3234 1093 1099 1026 
9020 1784 1781 420 2547 
9021 2939 1947 1946 1945 
9022 2941 2112 2205 2195 
9023 2838 2322 3173 2326 
9024 2486 2487 2825 2827 
9025 2837 2309 2332 2337 
9026 2870 1321 1251 1308 
9027 3165 1294 1354 1241 
9028 3211 1848 2859 1879 
9029 3235 3236 3237 3238 
9030 2238 369 1620 1765 
9031 3037 3040 3039 2963 
9032 3040 1720 1685 1719 
9033 2870 1805 1756 1623 
9034 3206 185 949 2080 
9035 2062 166 167 1005 
9036 1277 3214 3213 1266 
9037 3206 2082 955 2085 
9038 3084 2229 1340 1343 
9039 2736 1625 1786 2738 
9040 3114 2202 3121 2278 
9041 3239 2690 2663 2677 
9042 3221 3063 1479 1387 
9043 3240 1957 1970 1393 
9044 2870 1113 3185 1000 
9045 202 1286 1731 201 
9046 3079 1176 1731 1286 
9047 2994 1826 2207 1956 
9048 739 1919 1859 741 
9049 2854 2810 2829 2801 
9050 2829 3010 2855 2742 
9051 3080 1632 1656 1699 
9052 3080 1656 1730 1699 
9053 2728 1310 1283 1165 
9054 2728 2181 2691 2725 
9055 3241 1501 2116 2220 
9056 3102 2214 3071 2241 
9057 3156 604 602 626 
9058 1290 213 212 2097 
9059 1786 2819 1627 2736 
9060 2836 548 1619 408 
9061 3083 2819 3078 2736 
9062 1363 3078 1290 1281 
9063 1511 1271 1172 235 
9064 1121 1789 1672 1020 
9065 2873 389 1675 1691 
9066 3229 36 338 1492 
9067 3242 3243 3184 3244 
9068 2428 3245 2436 2437 
9069 3216 1312 1571 1350 
9070 3020 2892 2891 2893 
9071 3196 3024 2964 2907 
9072 2935 2107 2157 2631 
9073 1956 2994 730 2940 
9074 3053 2131 2176 2177 
9075 496 2096 2652 2166 
9076 2934 2996 73 714 
9077 2780 1998 2740 1906 
9078 3163 2398 3164 2376 
9079 2753 2782 2797 876 
9080 2753 876 2797 845 
9081 3188 488 171 1023 
9082 3246 698 71 669 
9083 2753 2797 2918 845 
9084 3190 1001 3185 1141 
9085 2790 1686 1710 1642 
9086 3215 1525 1549 1370 
9087 3153 2791 3079 2837 
9088 2207 2004 426 2259 
9089 2994 2139 2658 504 
9090 1838 2295 2124 2199 
9091 2207 1826 2004 1956 
9092 2813 2831 951 2073 
9093 3189 3166 1361 1304 
9094 2758 2804 884 881 
9095 2846 2989 2424 2438 
9096 1392 227 1309 1512 
9097 1368 119 1537 1108 
9098 2913 3139 1102 974 
9099 2889 2763 2861 2730 
9100 2844 1910 1902 2025 
9101 2954 2022 1862 1819 
9102 1965 2262 1832 429 
9103 737 1858 1853 2017 
9104 2784 2909 2548 2534 
9105 1370 3215 1160 1512 
9106 3166 2328 3173 3161 
9107 232 233 1182 1387 
9108 3247 1433 2990 1527 
9109 2788 1066 1013 1057 
9110 2903 2016 2551 1977 
9111 2881 2876 2788 2765 
9112 2989 2990 1432 1591 
9113 2438 2989 2434 1451 
9114 3211 2989 1849 1953 
9115 3193 1569 1138 1508 
9116 2990 1593 1422 1433 
9117 3150 2859 3222 2888 
9118 1802 1121 1698 1768 
9119 992 2824 2067 2872 
9120 1121 1054 1698 133 
9121 2842 1086 1015 1072 
9122 1800 1016 1134 141 
9123 2914 2591 2576 2594 
9124 750 1856 1854 1853 
9125 502 2653 2105 2940 
9126 2940 2199 2164 2105 
9127 2942 2230 2295 2254 
9128 1215 604 603 605 
9129 1285 1609 1744 203 
9130 3103 2146 800 2258 
9131 3127 3041 3248 3249 
9132 301 2121 1522 2236 
9133 3151 1443 1575 1477 
9134 2830 2976 1437 1554 
9135 2903 2765 2876 2881 
9136 2890 2897 3033 3184 
9137 2753 877 876 868 
9138 3149 3150 2590 1830 
9139 1789 1121 1768 132 
9140 1110 131 1123 1789 
9141 1597 1710 2496 384 
9142 2941 409 1667 1697 
9143 2961 895 898 894 
9144 3103 2146 3071 800 
9145 3028 2971 2959 665 
9146 2964 3096 2967 802 
9147 3061 3003 3054 3062 
9148 2961 898 3250 894 
9149 76 2958 77 2995 
9150 3228 3249 543 2463 
9151 3026 1924 1908 640 
9152 2781 1683 1684 1779 
9153 2744 2608 2920 2883 
9154 2969 3172 681 693 
9155 2920 733 742 748 
9156 2961 3250 2962 894 
9157 2959 2745 2808 657 
9158 654 3201 2962 3126 
9159 2859 1846 2845 1822 
9160 2906 3005 3014 3006 
9161 2905 1818 1851 2621 
9162 2972 2639 2634 2654 
9163 3177 3167 2924 823 
9164 2957 2995 2226 2110 
9165 2972 641 63 632 
9166 422 1671 2549 2527 
9167 3031 2509 2518 2504 
9168 3004 2935 2784 2937 
9169 730 2994 2012 752 
9170 715 2647 75 2646 
9171 2932 1599 89 2782 
9172 3001 3006 3017 2659 
9173 1799 1352 209 29 
9174 807 87 2733 13 
9175 935 1878 1140 1076 
9176 1132 2020 21 1572 
9177 3211 2845 2859 1848 
9178 2234 1966 434 2118 
9179 3251 1462 1526 1581 
9180 2961 3252 2962 2846 
9181 2846 3211 1849 2845 
9182 2770 1122 1150 1089 
9183 1985 2555 450 2567 
9184 2961 895 2844 898 
9185 2934 714 753 754 
9186 2250 1747 1794 375 
9187 262 1366 2340 1229 
9188 2836 1619 1638 408 
9189 3155 3223 3174 3161 
9190 2842 1331 1255 1209 
9191 2773 1975 1870 1876 
9192 2823 2495 2488 2485 
9193 2824 2873 1021 1691 
9194 2873 2471 389 1691 
9195 2748 861 852 882 
9196 2809 1713 1657 1602 
9197 2870 1321 1175 1251 
9198 2817 1785 1716 1268 
9199 2856 2855 3009 3010 
9200 2872 2069 2067 992 
9201 2934 2996 2936 2935 
9202 3040 2227 2288 2218 
9203 2835 2249 2273 1798 
9204 3001 2093 2165 498 
9205 2844 1819 465 1902 
9206 2934 720 714 754 
9207 2842 1218 2329 1180 
9208 3200 705 3163 704 
9209 3173 608 606 607 
9210 2820 2041 2046 481 
9211 638 1866 1864 1865 
9212 2934 720 2996 714 
9213 1338 2819 1243 1298 
9214 2727 1009 2913 1010 
9215 842 1709 1705 1664 
9216 2851 2862 2598 1938 
9217 2847 2766 1840 2553 
9218 2766 1653 2768 1679 
9219 3101 3050 3051 62 
9220 3123 758 792 795 
9221 2819 3081 2738 1714 
9222 2809 1713 2801 1682 
9223 2836 1774 2835 2095 
9224 3133 2696 2723 2717 
9225 750 734 1854 736 
9226 3106 3118 3248 2441 
9227 3253 3254 2119 1502 
9228 3240 2034 1922 1989 
9229 2859 2625 2845 2860 
9230 691 690 685 2960 
9231 3216 1571 1530 1131 
9232 3255 939 3216 1378 
9233 3163 1358 1245 1355 
9234 2830 1438 1528 1466 
9235 3149 1064 1129 1140 
9236 1020 177 2074 950 
9237 2827 2482 2480 2470 
9238 2838 2322 2326 2319 
9239 2840 2858 3190 2842 
9240 2758 883 2804 2802 
9241 3165 1294 3161 1354 
9242 3081 1289 1285 1744 
9243 2853 3166 3173 3174 
9244 3081 1253 1215 1252 
9245 2934 2935 2938 2996 
9246 3029 1407 3021 1409 
9247 2791 1660 3079 1767 
9248 3215 1506 1415 1460 
9249 3029 1414 1415 1506 
9250 2844 2609 2625 1902 
9251 2621 2905 2945 2920 
9252 2909 2778 2907 2908 
9253 2788 2914 2595 1057 
9254 3256 973 969 1058 
9255 2786 1923 1843 1973 
9256 2934 754 753 726 
9257 2955 3207 2956 2924 
9258 2755 2516 400 2508 
9259 3218 3172 584 585 
9260 3120 675 3162 2388 
9261 3163 3164 3221 2376 
9262 3161 2310 1244 2328 
9263 3120 2395 1158 2377 
9264 3240 1550 1393 1514 
9265 3124 3085 2364 2370 
9266 30 1574 2293 1347 
9267 1163 237 1509 1383 
9268 3151 1522 1548 1377 
9269 2817 1754 1639 1716 
9270 2811 2761 2820 2759 
9271 2777 2778 3064 2754 
9272 2741 815 2803 14 
9273 3158 68 710 668 
9274 3257 3193 1426 1497 
9275 3240 3251 1388 2438 
9276 3258 1837 1590 1999 
9277 2380 3160 3067 3088 
9278 2644 3005 2936 3006 
9279 3161 1294 1359 1249 
9280 759 2299 2274 81 
9281 2840 2311 2842 2334 
9282 159 2050 1049 160 
9283 2816 2763 2773 2561 
9284 2805 1724 1655 1726 
9285 3026 1984 1966 1833 
9286 293 1514 292 1834 
9287 3258 3259 1932 1900 
9288 2989 1960 1959 2006 
9289 3240 1461 1388 1462 
9290 3260 904 3238 907 
9291 3108 3248 3059 3043 
9292 736 1944 739 738 
9293 2731 2729 2740 2730 
9294 2926 3189 3198 3192 
9295 231 232 1297 1513 
9296 2822 2066 2070 2071 
9297 2805 1118 1038 1054 
9298 2786 2847 2787 1147 
9299 3128 3137 2880 2874 
9300 1131 111 1350 19 
9301 1048 2076 179 178 
9302 3185 1109 2842 1141 
9303 2949 831 2868 3207 
9304 3186 984 2092 925 
9305 3005 2643 715 2640 
9306 3007 2265 2106 2277 
9307 3004 2931 2907 2909 
9308 2952 1933 1860 2039 
9309 500 2631 2107 499 
9310 3018 1954 1924 636 
9311 3026 2957 2120 2275 
9312 3016 2684 2663 2690 
9313 3261 2673 3239 2677 
9314 2784 2531 2938 2941 
9315 3024 2981 778 786 
9316 2936 720 3005 2645 
9317 2934 2910 73 2940 
9318 3196 2964 3095 3049 
9319 2932 2754 1599 2522 
9320 3082 2346 2355 2348 
9321 2309 3154 1212 3079 
9322 1141 3191 957 1072 
9323 3075 1757 1605 1658 
9324 1215 3165 605 3154 
9325 2321 3166 2853 2840 
9326 3181 1484 1486 1485 
9327 3203 1024 1026 1025 
9328 3177 2924 3207 823 
9329 3262 2411 2403 2418 
9330 3216 1530 1095 1131 
9331 3191 2842 1015 1072 
9332 3216 1131 1225 1350 
9333 3215 1265 1263 1264 
9334 2814 3048 3063 1248 
9335 3034 1004 1027 1100 
9336 3255 1436 3263 1480 
9337 3232 1355 1384 1178 
9338 2340 3082 2818 3140 
9339 3077 1306 1352 1279 
9340 3263 1503 1480 1436 
9341 2895 925 192 1019 
9342 1800 1016 141 1760 
9343 3034 1106 1139 3045 
9344 1085 3209 1069 990 
9345 2394 1185 281 282 
9346 1972 935 154 153 
9347 2625 1902 2609 44 
9348 2733 3197 910 909 
9349 3088 1284 3156 1237 
9350 1281 3087 1230 1161 
9351 1609 1168 202 203 
9352 3165 1293 1220 604 
9353 3171 48 538 2404 
9354 3264 2715 2706 2714 
9355 2920 748 728 733 
9356 2807 63 6 632 
9357 2632 2646 75 2647 
9358 2747 850 1708 1644 
9359 2781 1707 1809 1666 
9360 2743 2742 2856 2750 
9361 2734 3197 2733 909 
9362 2428 3245 3265 2436 
9363 3078 1281 1230 1280 
9364 1702 2836 1676 1619 
9365 3103 3091 3085 3105 
9366 3083 2819 1608 1289 
9367 3175 1361 3166 1246 
9368 3075 1605 2499 1658 
9369 3068 1632 1813 1629 
9370 2826 1804 1752 1618 
9371 2984 2754 2542 2523 
9372 3206 1276 3213 1031 
9373 3016 2169 2187 2306 
9374 2991 3018 3016 67 
9375 3007 2298 2187 2265 
9376 2934 753 2911 726 
9377 3095 3073 3049 3050 
9378 3031 1770 1621 1795 
9379 3078 2285 3074 1290 
9380 2203 1311 219 1162 
9381 1030 3204 2776 3144 
9382 2797 90 91 876 
9383 2843 1305 1331 1210 
9384 2898 917 2916 2899 
9385 2882 1925 2605 472 
9386 2914 1148 1067 1028 
9387 3103 2173 3084 2174 
9388 81 2142 787 757 
9389 3082 3140 2344 601 
9390 3027 1747 1671 1794 
9391 2507 2834 52 549 
9392 847 874 88 1753 
9393 3040 1721 1620 1720 
9394 2934 2938 2911 753 
9395 2747 2801 1788 1717 
9396 2739 1895 1990 1907 
9397 2889 2953 2763 856 
9398 2837 2838 2318 2322 
9399 3154 3081 1215 1252 
9400 2396 3162 1151 2378 
9401 2791 393 1659 1639 
9402 2791 2479 2481 2469 
9403 2826 1802 1804 1618 
9404 2793 1336 1233 273 
9405 3109 2100 2697 2142 
9406 3199 593 586 588 
9407 3067 2400 2392 2380 
9408 2418 3266 3231 3262 
9409 3151 2236 2121 2281 
9410 527 2175 2203 2696 
9411 2245 222 2122 1165 
9412 3143 3267 3268 3269 
9413 3081 1327 1252 1168 
9414 2809 2799 3076 2732 
9415 3070 2819 2738 2736 
9416 2338 1237 267 1339 
9417 2541 2930 2782 2909 
9418 2785 1654 1693 1694 
9419 3000 2180 3036 2248 
9420 2859 1961 1820 2000 
9421 2786 2788 1073 1041 
9422 2739 2900 2922 2740 
9423 26 2824 176 1021 
9424 2751 618 3051 597 
9425 3270 3265 3219 3236 
9426 3131 1475 1546 1570 
9427 2943 3159 676 678 
9428 3060 2402 2389 2383 
9429 3181 1438 2830 3183 
9430 3131 1511 1172 1383 
9431 2253 381 380 1734 
9432 2934 2911 2937 726 
9433 2905 1852 1853 1854 
9434 2766 1975 2773 1748 
9435 2911 2902 2904 751 
9436 3084 257 2372 2341 
9437 560 3089 3094 3157 
9438 2836 2519 548 408 
9439 3077 1173 1306 1280 
9440 3087 3083 1230 1242 
9441 2789 1628 402 2512 
9442 3038 2736 2502 2510 
9443 222 1282 2122 1165 
9444 3224 2271 1282 2122 
9445 3114 3136 2693 2722 
9446 3209 3216 3255 1085 
9447 2923 2088 958 928 
9448 3183 3265 3243 3219 
9449 1262 2929 1191 1263 
9450 232 1182 1297 1513 
9451 1271 1544 234 1382 
9452 3221 1540 1464 1513 
9453 3164 3058 3176 3060 
9454 3164 2390 2391 2387 
9455 2274 2142 81 2144 
9456 3074 2247 1222 2097 
9457 3241 1440 1501 1500 
9458 2708 531 2094 2142 
9459 2752 78 2975 12 
9460 2736 1685 1626 1719 
9461 2962 95 3059 96 
9462 2938 1612 2941 2546 
9463 2931 2782 2909 2541 
9464 1657 1658 545 39 
9465 3037 2213 2211 2222 
9466 2827 2475 2480 2482 
9467 2771 1680 1651 1727 
9468 2920 728 2921 2904 
9469 2870 1670 2817 1288 
9470 2781 1707 1753 1696 
9471 2934 2784 2911 2938 
9472 3091 2350 2352 2363 
9473 3098 588 564 565 
9474 2870 1805 1670 1756 
9475 3215 1328 1262 1269 
9476 3164 708 707 669 
9477 3130 669 70 674 
9478 3264 2714 2706 2711 
9479 3231 667 671 72 
9480 3231 1401 1400 1374 
9481 3143 3271 3267 1499 
9482 3026 1964 2957 2005 
9483 2958 1980 2957 1965 
9484 2974 2155 2182 2835 
9485 3039 2819 2818 2737 
9486 2809 1713 1682 1806 
9487 2474 393 1639 392 
9488 3136 3094 2707 2722 
9489 1375 2116 303 1501 
9490 3228 2445 3249 2463 
9491 3253 1561 1562 2256 
9492 1395 2444 1469 348 
9493 306 307 2119 1502 
9494 3055 642 2971 666 
9495 2916 93 2745 923 
9496 2234 1966 2118 2015 
9497 2939 1945 1949 1947 
9498 3036 2154 2151 2267 
9499 3055 630 642 643 
9500 2519 3038 1638 2836 
9501 3027 2544 551 550 
9502 745 1956 730 2940 
9503 3250 2746 660 659 
9504 2936 2648 2650 2631 
9505 3077 3078 3040 1720 
9506 2954 1819 2844 2022 
9507 657 2971 2807 632 
9508 3260 906 3233 903 
9509 653 3126 3028 652 
9510 3272 3237 3252 3236 
9511 2828 2831 2813 2073 
9512 2841 1150 2847 952 
9513 2779 2805 2756 2757 
9514 3004 2520 2999 2536 
9515 3037 2221 2975 2149 
9516 3103 3085 3084 2173 
9517 3085 2372 2339 2362 
9518 2903 2592 456 2578 
9519 2983 576 592 3273 
9520 2811 2790 2748 853 
9521 3171 3172 3262 48 
9522 671 3218 699 693 
9523 3246 71 3176 669 
9524 2793 1197 273 1233 
9525 2958 1860 741 732 
9526 3241 2294 2116 1501 
9527 1980 2958 2957 1933 
9528 3022 2038 2846 1921 
9529 2975 2154 764 2148 
9530 2749 2832 2865 2760 
9531 416 2540 1661 417 
9532 2941 2195 2266 2112 
9533 2773 2785 2566 2562 
9534 2768 1650 1647 1649 
9535 1709 850 1708 1664 
9536 1228 262 261 2365 
9537 3133 2717 2719 2691 
9538 736 1857 1944 738 
9539 2834 3031 2835 1676 
9540 2958 2138 2994 2262 
9541 2958 2035 1832 1934 
9542 2941 2935 3027 2195 
9543 3237 3236 3219 3238 
9544 314 3267 2408 3117 
9545 2232 306 2119 1473 
9546 3258 3227 3259 1900 
9547 3257 1472 3205 1497 
9548 2991 3022 3259 1867 
9549 2034 1514 1970 1834 
9550 3215 1512 1549 1594 
9551 3231 2406 2418 2414 
9552 2959 2746 655 659 
9553 3055 642 666 643 
9554 3171 48 2404 3274 
9555 3026 1924 1964 2005 
9556 2816 2766 2553 2569 
9557 3253 544 2462 2467 
9558 3127 2678 3041 3249 
9559 3254 1473 2119 1502 
9560 2986 919 914 910 
9561 1043 2913 1014 2914 
9562 2682 3008 3055 643 
9563 2851 2598 2574 1916 
9564 1975 2773 1748 1926 
9565 2847 1872 1930 1871 
9566 788 2144 81 80 
9567 3154 3079 1286 1260 
9568 2633 2159 501 2655 
9569 419 1784 2525 398 
9570 1449 3131 1475 1560 
9571 3115 1570 1546 1476 
9572 3274 2410 2417 2416 
9573 1983 2788 936 1073 
9574 2831 2798 997 940 
9575 3250 655 654 653 
9576 3193 1453 1569 1508 
9577 1047 169 2055 2063 
9578 3124 3085 3133 1226 
9579 2757 478 2052 2045 
9580 3162 3164 708 707 
9581 3055 2687 3042 3008 
9582 766 3113 3053 3003 
9583 3141 2693 3114 2162 
9584 3213 1111 1322 1154 
9585 3173 608 625 613 
9586 233 1544 1330 1387 
9587 3232 1525 1459 1551 
9588 3124 2795 3066 2354 
9589 2143 2145 80 2144 
9590 2203 3133 1162 2717 
9591 2862 2606 2864 2626 
9592 3035 1595 1368 1541 
9593 3197 908 2915 808 
9594 3025 1403 319 2412 
9595 3116 3094 3093 3113 
9596 2824 2471 2873 1691 
9597 2488 2824 2471 2873 
9598 2827 2823 2825 2486 
9599 2780 1836 1998 1974 
9600 2786 1041 996 1147 
9601 2773 1748 1745 1678 
9602 2780 1836 1991 1928 
9603 890 1709 1648 1778 
9604 3025 3170 3274 3172 
9605 3177 2776 2775 3178 
9606 3209 990 3213 1069 
9607 3032 3232 3215 3200 
9608 2895 1116 925 1019 
9609 2946 2949 2955 829 
9610 3124 2364 3085 2371 
9611 3181 3035 1487 1486 
9612 2995 2632 2994 2138 
9613 3042 2178 2244 2264 
9614 3023 3003 2979 3053 
9615 3056 2098 2191 2129 
9616 3016 2187 3026 2306 
9617 2994 2138 505 2139 
9618 3055 3017 3042 3043 
9619 1346 2795 2354 3066 
9620 3082 626 598 600 
9621 1286 3080 3079 3154 
9622 3121 2134 2279 2191 
9623 3143 57 560 557 
9624 1428 350 1584 2446 
9625 3043 648 643 652 
9626 3055 2971 3017 3043 
9627 2972 2172 2160 2110 
9628 3016 3008 3007 2106 
9629 3008 643 2682 645 
9630 2972 64 630 3007 
9631 3081 1609 3080 1730 
9632 271 2814 1206 1155 
9633 2811 2761 2767 2779 
9634 3173 3161 620 613 
9635 3038 2510 2506 2505 
9636 3004 2997 2999 2520 
9637 3191 1015 941 957 
9638 3264 2794 3157 3134 
9639 3004 3000 2999 2997 
9640 3017 2096 2301 2237 
9641 2836 2227 3040 1764 
9642 3026 2120 2233 2298 
9643 2902 2939 735 749 
9644 2940 2105 2164 2653 
9645 3193 1040 3242 3182 
9646 3004 53 2521 552 
9647 3257 1593 1471 1596 
9648 3033 3035 1063 1100 
9649 2822 2824 2065 485 
9650 2840 3166 3189 2843 
9651 388 1672 2491 387 
9652 2866 2873 1633 1755 
9653 2923 2925 2088 2090 
9654 3179 1208 2312 1211 
9655 2873 2472 390 2494 
9656 2283 2122 1165 2245 
9657 3140 1229 1366 1320 
9658 3012 3199 573 593 
9659 2735 3049 2751 3064 
9660 2454 3108 2466 3275 
9661 622 2854 2810 2829 
9662 1093 1138 1569 1508 
9663 3146 2914 3147 3225 
9664 2988 1524 1564 1413 
9665 3099 559 573 565 
9666 121 1542 120 1105 
9667 3124 3105 3085 2370 
9668 2963 2974 2834 2967 
9669 2834 2504 1676 548 
9670 2854 2993 2856 3049 
9671 355 1748 356 1975 
9672 2904 2902 2905 729 
9673 3116 3114 3143 3094 
9674 2837 3165 605 606 
9675 2749 2833 2868 2832 
9676 3048 3115 1259 3224 
9677 3063 1332 1271 1236 
9678 3271 3268 3267 1463 
9679 769 3072 2979 785 
9680 2736 1626 1604 1719 
9681 3227 2689 2137 2113 
9682 3049 615 621 597 
9683 2824 992 176 1021 
9684 3081 1274 1215 1253 
9685 3191 955 941 1015 
9686 2841 1963 1877 1987 
9687 2788 1073 1041 1066 
9688 3225 1125 1029 1055 
9689 3008 2665 2687 2683 
9690 2299 759 2190 788 
9691 760 2148 79 764 
9692 2809 2732 2829 2799 
9693 3252 3237 3211 3235 
9694 2926 680 684 683 
9695 2884 3190 3191 1103 
9696 3027 1671 3031 2527 
9697 2936 2644 3006 2650 
9698 2808 657 2807 6 
9699 3170 585 3172 693 
9700 3004 2997 552 2935 
9701 3193 1484 1553 1376 
9702 3108 3239 3261 2673 
9703 653 654 3126 651 
9704 3234 1132 1099 1532 
9705 2953 92 2741 15 
9706 2957 2275 2172 2226 
9707 2260 2171 3141 2140 
9708 3116 57 56 560 
9709 2854 611 616 615 
9710 2793 3058 2796 2382 
9711 3086 3069 2737 3082 
9712 2354 1223 1164 1346 
9713 3276 667 3231 7 
9714 3131 1291 1292 1259 
9715 2830 3265 1438 1437 
9716 2870 2872 1000 3185 
9717 1013 2727 1012 1010 
9718 2853 2320 2838 2319 
9719 2804 884 865 883 
9720 2959 3250 653 655 
9721 3154 1214 3165 1153 
9722 2971 657 2806 2745 
9723 2975 2151 2153 2267 
9724 2972 64 63 641 
9725 2775 998 2776 1115 
9726 204 203 1285 1744 
9727 2790 1710 1750 1602 
9728 2886 2925 3192 2956 
9729 3240 1393 1970 1514 
9730 2884 28 948 956 
9731 2862 2606 2626 2624 
9732 2870 1211 1175 1321 
9733 1127 2831 2726 2798 
9734 3004 53 552 2520 
9735 3166 1335 1246 1361 
9736 2999 2754 2931 2542 
9737 2901 2910 1751 1743 
9738 2801 1788 1717 1682 
9739 3226 1119 3204 972 
9740 2948 2949 3009 3135 
9741 3057 2342 1223 269 
9742 3230 2407 1403 2412 
9743 3089 564 561 565 
9744 3048 3224 1232 1216 
9745 3221 1297 1182 1513 
9746 3206 1159 1351 1319 
9747 2948 702 3158 8 
9748 3193 1039 1040 1120 
9749 3181 1490 1485 1487 
9750 2891 3181 3184 3035 
9751 3173 2328 2336 2310 
9752 3037 2150 3071 2210 
9753 3191 2082 2843 2079 
9754 625 3173 2815 608 
9755 2990 1831 1958 2010 
9756 2902 1857 1946 1962 
9757 2930 1636 1606 1809 
9758 560 3116 57 3143 
9759 3218 584 578 585 
9760 2795 2728 1199 1329 
9761 3035 1368 931 1520 
9762 3225 1148 2914 1125 
9763 3002 3017 3003 3014 
9764 2859 1961 2588 1820 
9765 2986 914 919 921 
9766 2872 3185 994 1145 
9767 2842 2334 2311 2329 
9768 3224 2283 2271 2122 
9769 3147 2599 2590 2589 
9770 3150 2577 1888 451 
9771 3226 968 967 969 
9772 2595 459 2579 1909 
9773 517 3008 2665 2106 
9774 1784 397 1624 2518 
9775 2785 2031 2552 1874 
9776 2835 1621 2249 1798 
9777 3055 641 2971 642 
9778 2999 3064 2964 2907 
9779 2812 950 2825 2074 
9780 2782 1599 1706 2545 
9781 2828 2827 2825 2821 
9782 2764 2759 2761 870 
9783 2519 1638 2510 407 
9784 1599 415 1706 2545 
9785 3151 1299 1224 1307 
9786 3084 1340 1240 1343 
9787 3109 2284 2176 2280 
9788 3085 2173 2115 2204 
9789 3072 779 2981 785 
9790 3203 980 1064 978 
9791 3228 2302 1561 2256 
9792 3234 1969 2009 1896 
9793 3225 2600 462 2575 
9794 737 1858 750 1853 
9795 139 1042 1614 1142 
9796 3240 1960 1402 1834 
9797 2807 2952 63 77 
9798 2952 1884 1908 1933 
9799 2895 966 2896 1101 
9800 3276 1557 1551 1458 
9801 1384 231 1178 1297 
9802 120 1542 1108 1105 
9803 3023 768 3024 798 
9804 2767 1647 861 1645 
9805 1856 1944 736 1857 
9806 720 2934 721 754 
9807 42 2551 1977 2567 
9808 3277 1505 2232 1473 
9809 2997 3031 2509 2525 
9810 2182 2975 2963 2221 
9811 2994 2263 2139 2207 
9812 3074 2223 2247 2097 
9813 2682 643 631 645 
9814 1418 1499 1592 3143 
9815 3012 3152 2947 582 
9816 3173 2322 2327 2310 
9817 2930 2781 1636 2782 
9818 3063 1332 1236 1248 
9819 3023 3024 3036 798 
9820 3023 3024 3001 3036 
9821 3022 2038 1943 1910 
9822 3023 3006 3001 3024 
9823 3238 913 922 904 
9824 2958 732 744 77 
9825 3227 1997 2261 1823 
9826 2923 2897 964 963 
9827 2844 3022 2022 1910 
9828 3128 2875 2950 2879 
9829 1919 1955 2012 730 
9830 2942 2239 2941 1735 
9831 2900 2901 1711 1615 
9832 2755 1682 2801 1717 
9833 2781 1696 874 871 
9834 878 1694 869 871 
9835 2782 1809 1706 1666 
9836 2780 2731 877 2740 
9837 3080 3079 1759 1731 
9838 3214 3215 1265 1263 
9839 3075 1660 3080 3079 
9840 3048 1259 3131 1292 
9841 3269 2409 1371 1416 
9842 3278 2453 2452 2455 
9843 2936 2656 2996 2645 
9844 3231 2419 2418 2406 
9845 2078 179 180 1104 
9846 3023 768 798 767 
9847 2255 1523 2228 1397 
9848 1510 1178 1384 230 
9849 2778 2909 2931 2932 
9850 3256 3147 979 975 
9851 3213 1278 1154 1266 
9852 3045 995 959 989 
9853 2873 1675 1755 1771 
9854 2830 1466 1547 1554 
9855 28 2884 189 489 
9856 2746 2628 2860 898 
9857 598 2345 2344 2346 
9858 3274 2417 3278 3230 
9859 3253 2467 1584 1445 
9860 111 1006 1225 110 
9861 2841 2021 1800 1134 
9862 1150 1877 1096 952 
9863 3216 1225 1131 1006 
9864 3032 694 687 711 
9865 2874 2865 2879 817 
9866 2849 2850 2848 2980 
9867 2406 321 1374 322 
9868 2920 748 2921 728 
9869 2945 469 2607 1901 
9870 3023 3053 768 767 
9871 2974 3027 2305 2282 
9872 2794 3092 2703 2796 
9873 3077 1782 3078 1720 
9874 3023 2979 768 3053 
9875 3103 800 2143 2258 
9876 3005 715 717 716 
9877 416 1661 2540 2522 
9878 2004 1838 2199 2940 
9879 3023 768 2979 3024 
9880 3116 3061 3121 3056 
9881 2791 3075 3076 2732 
9882 3109 82 81 787 
9883 3161 1205 1345 1359 
9884 2808 2952 629 6 
9885 3022 1943 2022 1910 
9886 3251 1462 1495 1589 
9887 2942 2940 2938 2996 
9888 2124 424 1979 1838 
9889 2740 1894 1874 1875 
9890 2942 1735 2941 1766 
9891 1991 2785 2780 1928 
9892 3014 3006 2641 2659 
9893 1101 2895 1032 3204 
9894 3245 2976 1456 1545 
9895 3025 1404 1367 1403 
9896 2817 1754 1701 1616 
9897 3023 3017 3001 3006 
9898 1121 1698 1768 133 
9899 3154 1215 3081 603 
9900 1317 1324 1081 100 
9901 3075 3080 1791 1699 
9902 2815 3168 625 610 
9903 2841 1963 2766 1920 
9904 2769 2787 2867 2759 
9905 2811 853 2748 854 
9906 3110 2697 2698 2699 
9907 232 1387 1182 1513 
9908 1178 3232 1510 1384 
9909 2370 3124 2353 2364 
9910 3055 3043 3042 2676 
9911 2744 2898 2616 2620 
9912 2826 2475 1640 1597 
9913 2747 851 2748 2790 
9914 1360 2842 1086 1174 
9915 2926 2928 679 682 
9916 1206 2389 270 1171 
9917 2746 2628 2612 2614 
9918 3015 3243 3184 2977 
9919 2781 1809 2782 1666 
9920 3109 81 759 2274 
9921 3226 1119 970 974 
9922 2841 1016 1150 1096 
9923 2558 1840 2553 2847 
9924 2075 997 940 2831 
9925 1139 2923 960 3034 
9926 1978 1800 2021 352 
9927 3223 1202 1204 1345 
9928 2946 3217 2948 702 
9929 3121 2133 3254 2135 
9930 3091 3071 3102 763 
9931 509 3253 2661 2668 
9932 2712 3264 3141 3134 
9933 3221 1464 1533 1513 
9934 3211 1831 2990 1959 
9935 2727 1008 1030 1009 
9936 3140 603 3081 1274 
9937 3088 2356 1257 1339 
9938 3120 2388 3162 2396 
9939 2735 3038 2736 2738 
9940 3113 801 766 755 
9941 3066 3100 3097 3090 
9942 3268 3274 3145 1 
9943 2754 2540 1661 2522 
9944 3050 627 597 619 
9945 2953 881 2741 2803 
9946 2841 1760 1016 1800 
9947 3079 1295 1301 1792 
9948 3144 1037 1045 1119 
9949 2993 2777 2804 2778 
9950 2333 1209 253 1152 
9951 1173 208 1769 1306 
9952 3036 798 765 767 
9953 3041 2672 2675 2674 
9954 2877 2908 2741 2912 
9955 2913 3144 3139 974 
9956 2780 1736 1598 1836 
9957 1938 474 475 2606 
9958 2739 2883 2905 1899 
9959 2805 943 2043 2052 
9960 3028 2849 905 920 
9961 1040 3203 1039 3193 
9962 3206 2085 185 2080 
9963 3196 2906 2907 2908 
9964 2841 1016 1142 1089 
9965 2731 2785 2730 2740 
9966 2847 1840 1963 1872 
9967 3003 2978 2980 2848 
9968 2780 1811 2785 1598 
9969 2911 751 2904 727 
9970 2768 1654 1732 1650 
9971 1729 878 16 847 
9972 2900 2781 2780 1779 
9973 2862 1893 1925 2018 
9974 2905 1852 1851 1818 
9975 2778 2932 2797 2909 
9976 3256 975 973 976 
9977 2788 2595 936 1057 
9978 2900 1711 1772 1615 
9979 2924 2895 2896 3178 
9980 2844 2860 2845 2625 
9981 3129 3138 3260 906 
9982 3209 930 3208 1137 
9983 3245 1437 2976 1554 
9984 1915 1884 2028 2952 
9985 2283 1165 2728 2245 
9986 3017 2630 2652 2660 
9987 2872 174 2071 2069 
9988 3110 2698 3109 2694 
9989 1789 1021 1123 1110 
9990 3120 3160 2399 2377 
9991 2781 2930 1683 2922 
9992 2984 3065 2514 2517 
9993 3247 1472 3257 1471 
9994 3150 1820 1942 2000 
9995 3273 3061 3062 3043 
9996 3271 2459 1428 2446 
9997 3220 1422 1373 2431 
9998 3210 3219 3235 3237 
9999 620 3156 3155 3161 
10000 668 3120 3169 675 
10001 3045 959 995 1139 
10002 3111 787 2697 2142 
10003 612 2829 609 623 
10004 354 355 1976 1603 
10005 2949 830 833 827 
10006 2920 733 2904 2905 
10007 2396 3162 3159 1151 
10008 2844 898 895 899 
10009 3198 3175 3159 1325 
10010 3225 1125 1055 1075 
10011 2971 641 632 642 
10012 2913 1043 3139 2914 
10013 1047 170 169 2063 
10014 3178 985 2895 1032 
10015 3062 3054 572 3003 
10016 2934 2938 2910 2940 
10017 2966 3036 2975 2153 
10018 3149 1935 2040 1972 
10019 3201 2846 3240 3022 
10020 2743 2741 2850 2908 
10021 2959 93 902 94 
10022 3151 2293 2252 1574 
10023 2995 2649 507 2637 
10024 2930 2911 2922 2909 
10025 2972 2638 2634 2639 
10026 2633 2159 2289 501 
10027 2220 3277 3141 3241 
10028 3099 3012 2982 3009 
10029 2768 1678 1654 1653 
10030 3000 2107 2165 2201 
10031 1716 1785 198 1268 
10032 2886 3192 2925 491 
10033 1115 1030 1130 3204 
10034 1657 382 2498 1602 
10035 3071 762 2146 2147 
10036 3153 624 612 607 
10037 2241 3091 3071 3102 
10038 3207 2887 3119 2869 
10039 3146 3225 3147 2589 
10040 3266 1475 1474 1449 
10041 1702 2836 2835 1676 
10042 2877 2778 2908 2912 
10043 2994 75 746 74 
10044 2995 507 2163 2110 
10045 3037 78 799 756 
10046 2379 2793 2382 2814 
10047 2734 836 86 85 
10048 3143 1500 3241 3277 
10049 2877 2908 2778 2797 
10050 3264 2728 2715 2716 
10051 3193 3242 3183 3182 
10052 3264 3142 3157 2794 
10053 2570 2903 2861 2951 
10054 2942 2239 2117 2269 
10055 3253 1584 3254 1502 
10056 3115 1419 1420 1439 
10057 2857 2914 2881 2913 
10058 2898 917 2899 2864 
10059 2898 2950 917 2864 
10060 2682 3008 2687 3055 
10061 3227 2261 1897 2125 
10062 2755 1717 2783 1663 
10063 2998 2500 2525 2509 
10064 2595 1885 1909 1995 
10065 3267 35 1577 1463 
10066 3133 2719 2728 2691 
10067 2877 2797 875 92 
10068 2840 2333 2311 2334 
10069 1080 1308 98 1097 
10070 419 398 2525 2539 
10071 2916 18 93 923 
10072 3167 3144 3204 2896 
10073 81 2144 2142 757 
10074 2811 2820 2761 2756 
10075 2059 2769 2867 2053 
10076 3026 636 1924 640 
10077 715 2646 2640 2643 
10078 2830 1507 2976 1554 
10079 2997 552 2935 3027 
10080 3117 2444 1395 2458 
10081 2811 2759 2820 2760 
10082 2756 2826 2821 2812 
10083 3162 281 2394 1185 
10084 1600 478 1035 1739 
10085 442 441 2552 1874 
10086 2877 875 844 92 
10087 3240 1393 1550 1589 
10088 3088 1284 1237 1341 
10089 2749 2868 2800 2742 
10090 3092 2707 3136 3094 
10091 2926 684 2944 3030 
10092 3117 3271 2451 2458 
10093 2110 2637 507 508 
10094 2995 2646 716 76 
10095 2903 2018 2951 2016 
10096 2840 2334 2852 2320 
10097 3117 2453 3118 3145 
10098 3279 2681 3261 2689 
10099 2844 2860 2628 898 
10100 2962 3272 3252 96 
10101 2734 2987 2849 912 
10102 2857 2593 2587 2585 
10103 2730 2552 2785 2562 
10104 3253 2132 510 2183 
10105 1598 358 1991 1836 
10106 2915 909 918 908 
10107 2983 2982 591 3152 
10108 2825 1020 2074 950 
10109 2988 1413 1408 1524 
10110 3072 769 2979 3003 
10111 3278 1457 2461 2442 
10112 3226 974 970 971 
10113 3202 3220 3193 3183 
10114 2877 844 2741 92 
10115 2484 2792 2485 2823 
10116 2942 2205 2941 2239 
10117 3008 516 2178 2126 
10118 3055 3008 3042 2264 
10119 3150 2888 2587 2588 
10120 750 734 737 1853 
10121 3115 1259 3224 1163 
10122 3027 1747 3031 1671 
10123 3013 3169 3130 668 
10124 2886 2885 3195 3192 
10125 3034 1094 3044 1027 
10126 3260 3222 3243 3219 
10127 2877 2908 2918 2741 
10128 2930 2901 1634 1803 
10129 2882 1851 1841 2629 
10130 2924 3167 2955 823 
10131 2998 2507 2517 2500 
10132 2743 2856 2992 2750 
10133 3125 3273 3145 587 
10134 2975 3036 764 2154 
10135 2830 1524 1547 1491 
10136 3099 3011 3012 3009 
10137 3108 3126 3275 3261 
10138 3218 578 586 585 
10139 2882 472 2605 2629 
10140 2816 2773 2772 2766 
10141 2959 93 94 893 
10142 2897 3256 3244 2896 
10143 2017 743 737 747 
10144 2072 2812 2078 2828 
10145 3144 1037 1030 1045 
10146 2759 870 889 887 
10147 2811 2790 2779 2748 
10148 2751 621 618 597 
10149 3146 2586 2857 2914 
10150 2999 2535 2984 2542 
10151 2735 2751 3049 621 
10152 2877 2797 2778 843 
10153 2782 2522 1599 2545 
10154 2934 2911 2784 2937 
10155 2905 2902 734 729 
10156 2782 90 876 846 
10157 2930 1711 2900 2901 
10158 2780 2785 2031 1928 
10159 2753 876 845 868 
10160 2804 844 880 884 
10161 2906 3014 2806 2848 
10162 2936 3005 2906 3006 
10163 2930 2784 2911 2909 
10164 2880 2863 2950 2875 
10165 2797 2782 90 876 
10166 2743 838 2850 805 
10167 2797 91 875 92 
10168 2729 2861 2557 2573 
10169 2734 909 2733 914 
10170 2789 1718 2809 1806 
10171 3054 3003 769 3072 
10172 2741 92 844 15 
10173 3125 3145 3273 3278 
10174 1018 2788 1047 2055 
10175 2792 2732 2815 2839 
10176 2921 725 2906 2909 
10177 2783 842 89 1705 
10178 2749 2800 2802 2742 
10179 2918 2921 2883 2919 
10180 2789 1628 1601 1629 
10181 2903 2878 1977 2567 
10182 3170 594 585 693 
10183 3001 2093 497 2166 
10184 2815 625 608 610 
10185 2981 789 778 786 
10186 3062 3028 3002 2849 
10187 2973 2806 2807 713 
10188 3057 275 1314 2397 
10189 2950 2863 3138 2888 
10190 3125 579 3273 587 
10191 2735 596 2854 622 
10192 2751 775 790 803 
10193 2854 611 2829 616 
10194 2755 1717 1663 1761 
10195 3004 2931 2999 2907 
10196 2931 2540 2754 2522 
10197 2789 2738 3068 1629 
10198 2747 2790 1686 1750 
10199 2754 1661 1761 1663 
10200 89 2781 846 2782 
10201 1663 2754 2783 2755 
10202 2775 1044 2798 998 
10203 3191 2081 2082 2079 
10204 884 2758 883 2804 
10205 2747 1750 1790 1788 
10206 2798 1077 1112 940 
10207 2792 2833 3187 2800 
10208 3125 3278 3273 3107 
10209 2790 1686 1750 1710 
10210 2868 832 14 2749 
10211 2826 1752 1655 1640 
10212 2804 2747 2777 2801 
10213 1643 2779 2748 2767 
10214 2790 2496 1597 1710 
10215 2790 2496 1710 2477 
10216 2790 2480 2496 2477 
10217 2831 487 3188 488 
10218 2827 2821 2826 2825 
10219 775 3095 2751 3051 
10220 2792 2815 2800 3187 
10221 2748 1643 1645 1644 
10222 2812 1048 943 1118 
10223 2777 2932 2778 2754 
10224 2747 2790 2748 1686 
10225 2747 1788 1665 1717 
10226 3125 3107 3059 2986 
10227 3129 2915 808 813 
10228 2748 1644 1642 1643 
10229 2769 2057 2771 479 
10230 2751 2737 3069 3051 
10231 2829 2799 2800 2801 
10232 3104 795 782 793 
10233 2805 1038 1002 1124 
10234 2799 2478 547 2470 
10235 2812 1802 2825 950 
10236 3037 2149 2975 78 
10237 3190 994 1001 932 
10238 3011 3012 3199 573 
10239 2798 1044 1144 988 
10240 2951 1842 2570 2016 
10241 2804 2802 2801 2742 
10242 2749 2758 2802 2760 
10243 2789 1631 1718 1806 
10244 2771 1727 1652 1725 
10245 3186 3178 988 987 
10246 1013 2727 2788 1012 
10247 2783 1663 1662 1661 
10248 2940 2289 2105 502 
10249 887 2761 2767 2811 
10250 2741 805 815 14 
10251 2882 1873 2729 2951 
10252 2899 2615 2613 2616 
10253 3129 808 2915 908 
10254 3168 2855 3050 614 
10255 2864 2615 2619 2626 
10256 2850 2917 2741 805 
10257 2981 789 786 785 
10258 3129 2879 2950 2917 
10259 2953 2918 92 841 
10260 3027 2196 2158 2197 
10261 3140 1157 1274 1320 
10262 3133 1303 1162 1344 
10263 3135 617 3050 619 
10264 2809 2478 3076 2799 
10265 833 2868 825 2750 
10266 2791 1660 3075 3079 
10267 2831 2798 1127 997 
10268 983 2087 3186 984 
10269 3153 2837 605 607 
10270 2842 1086 945 1302 
10271 2758 2802 2804 2803 
10272 2955 2960 691 2968 
10273 2726 1115 929 1044 
10274 2824 2488 2823 2873 
10275 2749 2865 2832 3119 
10276 2760 2832 2821 2802 
10277 483 170 23 927 
10278 3204 2896 2895 3178 
10279 2051 483 2727 2044 
10280 3177 2924 3167 3178 
10281 2775 2776 2726 1115 
10282 3125 3145 590 587 
10283 3260 3235 2859 3222 
10284 2990 1422 330 1391 
10285 2919 2882 2883 2889 
10286 2880 3144 3244 3139 
10287 2743 2912 2741 2908 
10288 3186 2887 3188 2798 
10289 2874 2875 2879 2762 
10290 587 581 3125 579 
10291 891 860 873 2768 
10292 2769 2064 2771 2057 
10293 2914 1028 1067 1057 
10294 2775 2726 2813 2832 
10295 2757 479 2756 2761 
10296 2881 2581 2788 2591 
10297 2075 997 182 940 
10298 158 1022 159 2042 
10299 2779 2757 2756 2761 
10300 2726 2044 2046 2049 
10301 2811 2758 2759 2760 
10302 2786 2554 2559 2558 
10303 887 2761 863 2767 
10304 2914 2594 2586 2591 
10305 158 2726 929 1022 
10306 2882 472 2629 1841 
10307 1115 1008 2776 2726 
10308 2944 3189 3192 2956 
10309 2788 1041 2787 1018 
10310 2798 988 1144 1112 
10311 2727 1010 1047 927 
10312 2890 3034 2891 3033 
10313 3222 2859 2000 1879 
10314 2580 1985 1909 458 
10315 985 3204 1032 3178 
10316 3193 1083 933 1039 
10317 3225 2600 2575 2594 
10318 483 157 1008 23 
10319 3256 3242 978 976 
10320 2878 2786 2555 2565 
10321 2875 2874 2879 3128 
10322 2914 1014 1028 1012 
10323 2863 2597 2598 2592 
10324 157 2051 1008 929 
10325 157 2051 929 158 
10326 3144 1037 1119 974 
10327 2830 2976 3265 1437 
10328 483 23 1008 927 
10329 2727 2765 2788 2876 
10330 2881 2591 2583 2581 
10331 2726 2776 2727 1008 
10332 2884 983 3186 1077 
10333 2983 3003 3002 3062 
10334 2779 1724 2805 2757 
10335 1923 2788 1983 1073 
10336 2786 2787 1041 1147 
10337 2953 2918 2908 2741 
10338 2727 1012 2913 2788 
10339 2727 2913 1012 1010 
10340 3226 1101 3204 2896 
10341 2820 2813 2775 2726 
10342 2787 1147 2847 1034 
10343 2788 936 2595 1885 
10344 2914 2595 2576 2591 
10345 2756 2047 2045 2048 
10346 2727 1009 1010 927 
10347 2877 2778 2804 880 
10348 860 2773 2768 2772 
10349 2769 2059 2787 2060 
10350 2948 3013 2947 673 
10351 2999 3064 2984 2998 
10352 1007 2771 2064 1600 
10353 2914 1029 1148 1028 
10354 1047 2055 169 1018 
10355 3183 1372 2421 1448 
10356 2953 2741 881 15 
10357 168 942 2062 167 
10358 170 2727 1047 927 
10359 168 942 1018 2055 
10360 168 1018 169 2055 
10361 2788 1041 1018 1135 
10362 2727 1013 2788 1047 
10363 2760 2811 2821 2820 
10364 2986 2733 3238 910 
10365 2788 2595 2914 2591 
10366 2903 2861 2951 2875 
10367 2878 2788 1909 2001 
10368 2525 2999 2535 2984 
10369 2999 2997 2965 2998 
10370 3225 1913 924 2003 
10371 2595 1929 1067 2576 
10372 2788 936 1066 1057 
10373 2867 2788 2787 2055 
10374 2861 2570 2557 2572 
10375 934 1929 149 1939 
10376 149 1067 2033 1929 
10377 3147 1076 1878 2003 
10378 936 2033 148 1067 
10379 2580 1909 2579 458 
10380 2727 2063 2056 483 
10381 2774 2776 2874 2876 
10382 2033 2595 1067 936 
10383 2788 1066 1041 1135 
10384 924 152 1076 2003 
10385 1973 996 146 145 
10386 1073 1983 147 936 
10387 2913 1014 2914 1012 
10388 148 2033 149 1067 
10389 1983 2033 936 1885 
10390 1983 148 936 2033 
10391 2771 1728 1740 1762 
10392 1073 1983 1923 147 
10393 2841 1142 1016 1760 
10394 2788 1073 1066 936 
10395 147 936 1983 148 
10396 2867 2787 2765 2759 
10397 2786 1973 1073 1923 
10398 1923 2788 1995 1983 
10399 2786 1843 2568 1871 
10400 2999 2931 3064 2907 
10401 2903 2951 2862 2863 
10402 2847 1930 1987 1092 
10403 2786 2561 2559 2565 
10404 2903 2765 2875 2876 
10405 2878 1909 2788 2579 
10406 996 2786 1973 1073 
10407 2847 952 1122 1092 
10408 2786 2568 2554 1871 
10409 2755 2754 2984 1689 
10410 2770 2766 2816 2772 
10411 2847 1150 1122 952 
10412 1073 1973 146 1923 
10413 146 147 1073 1923 
10414 2786 2847 2554 2558 
10415 2847 2558 1872 1871 
10416 1073 1973 996 146 
10417 2787 1041 1147 942 
10418 2787 942 1147 1034 
10419 2769 480 2759 2053 
10420 1018 2788 1135 1047 
10421 450 449 2555 2001 
10422 2764 2772 891 863 
10423 3257 1596 1423 1593 
10424 872 2953 881 885 
10425 448 2568 1843 1871 
10426 2554 447 2558 1871 
10427 448 1843 2568 449 
10428 2788 1018 2787 2055 
10429 2953 841 92 15 
10430 996 2786 2847 1973 
10431 2841 1777 1760 1677 
10432 2568 1843 2001 449 
10433 2772 891 860 2764 
10434 2770 1005 1122 1089 
10435 2787 1018 1041 942 
10436 2554 2568 448 1871 
10437 2788 1995 2001 1843 
10438 2763 2563 2730 2562 
10439 2727 2788 2867 2063 
10440 1985 2001 450 2555 
10441 2924 3186 2087 2092 
10442 2914 1067 1148 2576 
10443 3256 973 3242 976 
10444 42 1977 1985 2567 
10445 2878 2579 2580 1909 
10446 2828 2072 2825 485 
10447 2727 170 483 927 
10448 2729 2573 2557 2571 
10449 2878 2564 2786 2565 
10450 1977 2578 456 457 
10451 1977 2580 2578 457 
10452 2595 1067 936 1057 
10453 2788 1983 936 1885 
10454 2953 2908 2918 2917 
10455 2881 2586 2583 2591 
10456 2727 2788 2063 1047 
10457 3146 2888 3150 3148 
10458 2878 1909 2580 1985 
10459 3225 1029 2914 1043 
10460 3186 1112 2798 1077 
10461 3252 896 3235 2845 
10462 2729 1874 2552 2571 
10463 2595 1885 2033 1929 
10464 3129 916 911 908 
10465 2876 2863 2903 2881 
10466 1909 2788 2595 1995 
10467 2579 458 1909 459 
10468 2595 459 1909 1885 
10469 3225 934 1125 1075 
10470 2755 2754 3052 3064 
10471 934 1067 149 1929 
10472 3225 1029 1043 1055 
10473 2788 1047 1013 1135 
10474 2595 1885 460 459 
10475 2595 1885 1929 460 
10476 2580 457 1985 458 
10477 2862 474 2606 2624 
10478 42 1985 450 2567 
10479 2763 2773 2561 2562 
10480 2624 474 473 1893 
10481 2899 2860 2746 2614 
10482 2903 1914 1977 456 
10483 2882 2883 1899 1851 
10484 3247 1593 2990 1433 
10485 2883 2919 2620 2882 
10486 1977 2580 1985 2567 
10487 2755 3052 2984 3064 
10488 2861 2561 2763 2765 
10489 1977 1985 2580 457 
10490 2850 2915 812 838 
10491 2763 2561 2563 2562 
10492 2903 1977 1914 2016 
10493 2903 2570 2551 2016 
10494 2755 2984 2754 3064 
10495 1993 2883 2729 2739 
10496 2775 2813 2760 2832 
10497 2903 2592 1914 456 
10498 2605 2620 2619 2898 
10499 2762 2803 2760 872 
10500 2570 2016 1842 438 
10501 2773 1870 2569 1876 
10502 2851 2863 2602 2574 
10503 2788 1843 1923 1995 
10504 158 2726 2051 929 
10505 2774 2046 2726 2044 
10506 2881 2788 2914 2591 
10507 2820 2759 2761 480 
10508 2889 2898 2951 2875 
10509 3226 972 968 970 
10510 2771 2064 1600 2057 
10511 1680 1679 2768 1651 
10512 2769 2759 2867 2053 
10513 2878 2001 1909 1985 
10514 2878 2581 2580 2579 
10515 2755 2984 3052 2514 
10516 2786 2559 2847 2558 
10517 2788 2001 2568 1843 
10518 2729 1873 440 2557 
10519 2773 1745 2785 1678 
10520 2903 2951 2863 2875 
10521 2903 2878 2861 2765 
10522 2898 2863 2951 2875 
10523 3137 818 814 819 
10524 2861 2875 2762 2763 
10525 3210 2432 3237 2427 
10526 2878 2580 1977 2567 
10527 2903 2581 2878 2881 
10528 2903 2581 2881 2582 
10529 2882 1851 2629 2608 
10530 2861 2563 2763 2561 
10531 2889 2951 2882 2729 
10532 3034 963 2923 962 
10533 2570 2016 438 2551 
10534 438 2016 42 2551 
10535 2905 2019 1852 1855 
10536 2570 438 1842 439 
10537 2900 1994 1974 1906 
10538 2730 860 2785 862 
10539 1938 2606 475 1916 
10540 2557 439 2570 1842 
10541 2730 2740 2785 1874 
10542 2889 2729 2882 2883 
10543 2899 2619 2864 2615 
10544 2731 2740 2729 2883 
10545 2862 1914 2598 1938 
10546 2902 734 735 1854 
10547 2899 900 2860 915 
10548 2879 817 815 816 
10549 1996 2900 1772 1615 
10550 2882 1841 1927 2029 
10551 2755 401 1607 2516 
10552 2755 401 1673 1607 
10553 2878 2788 2581 2579 
10554 2916 2744 2919 2898 
10555 3193 1519 933 1083 
10556 2739 2019 2905 1855 
10557 2731 855 2889 2730 
10558 893 2899 2744 923 
10559 2862 1914 1938 1893 
10560 2903 2765 2861 2875 
10561 2851 2598 2862 2864 
10562 2551 2861 2572 2570 
10563 3128 2874 2880 2876 
10564 2899 2860 2614 2618 
10565 2592 2863 2597 2582 
10566 845 2889 2918 2731 
10567 2882 2883 1851 2608 
10568 2882 1899 1841 1851 
10569 472 2629 1841 471 
10570 2844 2627 2860 2625 
10571 2862 2018 2882 2951 
10572 2744 2898 2620 2919 
10573 2861 2875 2763 2951 
10574 2862 473 2624 2605 
10575 2862 2882 2018 1925 
10576 2605 1925 473 472 
10577 2557 1842 2570 2951 
10578 2882 1873 1925 2029 
10579 2851 1845 2604 1988 
10580 2862 2626 2864 2619 
10581 2898 2863 2950 2864 
10582 899 2845 895 2844 
10583 3229 1492 1450 36 
10584 3211 2990 2989 1959 
10585 2746 2614 2612 2613 
10586 2865 2774 2874 2762 
10587 2902 1962 1854 1857 
10588 2844 898 899 2860 
10589 3233 3138 2950 906 
10590 2844 2022 1819 1910 
10591 3256 978 3147 975 
10592 2997 3027 2935 3000 
10593 2857 2888 2863 2602 
10594 2851 2888 2596 2602 
10595 475 476 1988 2623 
10596 475 2623 1988 1916 
10597 2431 3210 1422 2423 
10598 1988 2623 476 2604 
10599 649 3250 663 3022 
10600 475 2606 2623 1916 
10601 2899 2864 2618 2615 
10602 3146 2593 2577 2587 
10603 776 3051 779 775 
10604 2864 2618 2615 2626 
10605 2959 2746 893 897 
10606 2860 899 900 898 
10607 2945 2607 2621 2617 
10608 2862 474 2624 1893 
10609 2918 2919 2917 2908 
10610 2596 2851 2588 2888 
10611 2899 2618 2864 2860 
10612 2780 1598 1736 1780 
10613 3260 3233 3235 903 
10614 2903 1977 2551 2567 
10615 2847 1122 1005 1034 
10616 2844 2025 1902 1822 
10617 2851 1891 1988 1916 
10618 2735 2810 3068 622 
10619 2768 1650 1649 1651 
10620 2868 832 825 14 
10621 2990 1465 1831 1527 
10622 2860 915 900 899 
10623 3272 540 2424 2427 
10624 3129 2916 2950 911 
10625 3147 979 978 1033 
10626 1822 2604 1845 477 
10627 2906 3005 2806 3014 
10628 3128 2875 2880 2950 
10629 2990 2422 1432 2433 
10630 2755 1673 1717 1607 
10631 2984 2514 3065 3052 
10632 2990 1391 1565 1433 
10633 3250 655 2746 659 
10634 2899 2614 2746 2613 
10635 1845 2604 1988 476 
10636 1845 2604 476 477 
10637 2431 3210 3220 1422 
10638 3251 1388 1526 1462 
10639 2859 1846 1822 1845 
10640 893 2899 2746 2744 
10641 2851 2606 1938 1916 
10642 2851 2623 2626 2606 
10643 2762 885 2953 872 
10644 2596 2851 2601 2588 
10645 2990 1591 1565 1391 
10646 3250 2746 2959 897 
10647 2598 455 1938 1914 
10648 3128 818 3137 2874 
10649 2851 1961 1988 1891 
10650 2880 3137 3244 3144 
10651 2917 805 812 813 
10652 2899 2613 2615 2614 
10653 2898 917 2950 2916 
10654 2851 1961 2859 1988 
10655 2729 2552 2573 2571 
10656 2888 2602 2587 2596 
10657 3203 1064 3147 978 
10658 3146 2857 2888 3148 
10659 1937 3149 1936 1905 
10660 2735 3096 3065 2751 
10661 3150 2588 2859 2888 
10662 2914 1012 1028 1057 
10663 3233 2888 2851 2864 
10664 2851 2618 2864 2626 
10665 2588 2601 452 1891 
10666 2735 2737 3070 2738 
10667 2735 3096 2751 2737 
10668 2903 2581 2582 2578 
10669 2863 2602 2574 2597 
10670 2903 2018 2862 2951 
10671 2881 2876 2913 2788 
10672 2851 2864 2863 2598 
10673 2898 2950 2875 2917 
10674 2859 1822 2625 2604 
10675 3247 1971 2026 1828 
10676 2851 2860 2864 2618 
10677 2588 452 1820 1891 
10678 3146 2593 2857 2585 
10679 3106 3248 3108 542 
10680 2601 453 1891 1916 
10681 1101 2895 3204 2896 
10682 3183 1543 1578 1427 
10683 3149 1904 1830 2013 
10684 3210 3237 3211 2846 
10685 2735 621 2854 596 
10686 2744 923 2916 2745 
10687 2588 1820 452 451 
10688 2875 2874 3128 2876 
10689 2588 1891 1820 1961 
10690 2863 2582 2881 2584 
10691 452 2601 453 1891 
10692 3137 810 811 820 
10693 2735 2751 3065 3064 
10694 1913 463 1911 2599 
10695 2574 453 2601 1916 
10696 2574 454 453 1916 
10697 2598 455 1914 2592 
10698 2851 2864 2862 2606 
10699 2598 454 2574 1916 
10700 2598 1938 454 1916 
10701 2598 454 1938 455 
10702 1913 151 1075 924 
10703 2897 3226 966 968 
10704 2914 1148 1029 1125 
10705 3234 1126 1129 1025 
10706 2881 2914 2586 2591 
10707 2850 812 2917 805 
10708 2830 3265 3183 1438 
10709 2576 934 1929 1067 
10710 2734 918 912 901 
10711 3149 1129 3234 1074 
10712 3197 804 811 809 
10713 3034 1094 3045 3044 
10714 3147 3225 1043 1055 
10715 2726 2049 2050 2042 
10716 2874 817 2879 816 
10717 3210 2846 3211 2989 
10718 3150 2577 2590 1830 
10719 2787 1005 2062 942 
10720 3149 1830 3147 2013 
10721 2735 3096 3038 3065 
10722 2891 3184 3033 3035 
10723 2768 1650 1651 1653 
10724 3147 3225 2599 2589 
10725 3203 980 1025 1064 
10726 3128 814 818 816 
10727 2770 944 2064 2054 
10728 3112 3275 3108 3126 
10729 3203 1569 3193 3205 
10730 3234 1532 1498 1588 
10731 3193 1427 3183 3220 
10732 2590 2577 43 1830 
10733 1201 277 2377 278 
10734 2799 2480 2790 2477 
10735 2395 278 1158 2377 
10736 2395 278 279 1158 
10737 3120 676 3159 677 
10738 3099 3011 3050 3100 
10739 2386 3130 2387 2384 
10740 3173 2336 2326 2310 
10741 3122 3101 3155 3 
10742 2884 1114 3188 1023 
10743 3120 3158 676 668 
10744 2943 676 688 678 
10745 2928 2929 1189 1188 
10746 3159 1221 2396 1151 
10747 1030 3144 2913 1037 
10748 3120 1158 2395 279 
10749 3130 69 668 674 
10750 3160 1179 3088 2393 
10751 3098 565 573 588 
10752 1341 3155 3160 3088 
10753 3159 1187 1221 1151 
10754 2948 3158 68 8 
10755 3013 3199 696 69 
10756 2853 3173 3166 2336 
10757 3120 3159 1203 1365 
10758 3162 3164 2401 2387 
10759 3159 1187 1362 1250 
10760 2840 3189 2858 2843 
10761 2840 1209 2333 1152 
10762 3120 677 675 676 
10763 3120 1158 3160 2377 
10764 3162 2387 675 708 
10765 2949 833 2868 831 
10766 3155 3135 3174 3223 
10767 3011 3199 3130 573 
10768 2895 1032 925 1116 
10769 3057 1314 274 2397 
10770 3011 3100 3122 3050 
10771 3133 2691 2728 1162 
10772 3130 3169 3067 2386 
10773 3155 1205 3223 3161 
10774 2387 3162 2388 2401 
10775 3120 3169 3158 668 
10776 1346 3066 1223 1336 
10777 3063 1206 1236 1171 
10778 3048 3131 3063 1248 
10779 3164 2390 2376 2391 
10780 3221 3060 2376 3164 
10781 2386 3130 3169 2387 
10782 3232 1296 1328 1357 
10783 3060 3164 2390 2376 
10784 2946 712 2948 673 
10785 3221 1258 3063 1387 
10786 3169 675 2387 708 
10787 3214 1196 1273 1277 
10788 3215 3232 1370 1296 
10789 2926 2929 2928 682 
10790 2928 3200 2929 1188 
10791 3232 1355 3163 3221 
10792 3120 1365 1158 1221 
10793 2928 704 3200 677 
10794 3032 711 692 682 
10795 3232 3200 3163 1194 
10796 3215 1460 1446 1594 
10797 3169 674 675 708 
10798 3120 1221 279 2396 
10799 2928 3198 1189 2929 
10800 3162 677 704 689 
10801 3159 3175 1203 1364 
10802 3216 1392 1515 1312 
10803 3162 2401 3164 2391 
10804 2369 3122 3100 3101 
10805 3162 708 675 689 
10806 3280 3218 3172 584 
10807 3200 1187 1186 1188 
10808 3099 573 3098 565 
10809 682 2926 2933 683 
10810 2394 2398 1185 282 
10811 281 1151 2378 280 
10812 3160 2392 2393 2380 
10813 3063 2389 1206 1171 
10814 3101 2346 2347 2338 
10815 3200 705 704 692 
10816 3160 3067 3169 2392 
10817 2378 2396 280 1151 
10818 280 1151 2396 1221 
10819 3176 3218 3058 70 
10820 2946 2948 712 702 
10821 3120 3169 2388 2399 
10822 3082 598 3101 61 
10823 3013 68 3158 668 
10824 3176 70 669 71 
10825 3088 1339 2338 2356 
10826 3060 3063 2376 2389 
10827 3215 1549 1525 1506 
10828 3162 708 3164 2387 
10829 3159 1203 1365 1364 
10830 3120 2399 2395 2377 
10831 3198 1361 1231 1304 
10832 3206 2085 955 991 
10833 3217 2944 706 702 
10834 3232 709 3276 670 
10835 1296 1160 1370 3215 
10836 2928 3159 3162 1151 
10837 2928 3198 3159 1362 
10838 3208 1139 2892 958 
10839 694 3032 2933 682 
10840 3214 3215 3263 3216 
10841 1361 3198 1231 1325 
10842 2968 703 3020 3030 
10843 3217 3166 3175 3189 
10844 3206 1159 1319 1098 
10845 3198 2079 3189 2843 
10846 3045 3255 1369 1090 
10847 3208 493 930 958 
10848 3011 3009 3050 3135 
10849 3199 70 3218 672 
10850 3015 2976 2969 3281 
10851 3223 1204 3161 1345 
10852 2827 2483 2487 2482 
10853 2809 1750 1713 1602 
10854 3168 3050 2855 3135 
10855 3166 3161 1204 1335 
10856 3076 1658 2499 545 
10857 3195 3192 2885 3189 
10858 3175 1204 3223 1203 
10859 2928 3162 3200 1151 
10860 3011 3050 3122 3135 
10861 2854 3052 2993 3064 
10862 3198 1189 1193 1362 
10863 2928 3200 1187 1151 
10864 3206 999 949 1031 
10865 3217 3223 3158 3175 
10866 3088 1257 2380 276 
10867 1341 3155 1205 3160 
10868 3166 3161 3173 3174 
10869 3166 2313 2336 2328 
10870 3223 1202 1203 1204 
10871 3223 1345 3161 1205 
10872 3160 3158 3135 3223 
10873 1261 3232 1269 1194 
10874 3166 3161 3174 3223 
10875 2843 1174 1331 1305 
10876 3157 564 3058 3218 
10877 3160 2377 1201 277 
10878 3162 2388 2378 2396 
10879 3191 1015 957 1072 
10880 3166 3161 3223 1204 
10881 3166 1244 1335 2328 
10882 840 2946 2955 829 
10883 2853 2331 2321 2840 
10884 3206 955 1107 991 
10885 3185 1000 1113 1145 
10886 3198 2843 1304 1267 
10887 2854 2993 3049 3064 
10888 3191 1046 955 1015 
10889 2853 3187 2815 2838 
10890 279 1221 280 2396 
10891 2854 616 621 615 
10892 3208 930 999 1137 
10893 2843 1015 1174 1046 
10894 3030 703 683 685 
10895 3200 3163 1194 1185 
10896 3104 3051 3095 779 
10897 3255 1085 3216 939 
10898 1446 3215 3263 1415 
10899 3162 2398 2394 2391 
10900 3232 1270 1269 1194 
10901 3215 1525 3232 1551 
10902 2929 1196 1192 1190 
10903 3213 1278 1128 947 
10904 3045 3044 1094 1090 
10905 3213 1266 1154 1277 
10906 2854 621 3049 615 
10907 3213 1276 1196 1277 
10908 3213 947 1069 1050 
10909 3213 1111 1146 1031 
10910 3214 3213 1196 1277 
10911 3213 1154 1278 947 
10912 3213 1128 1069 947 
10913 3206 1351 1276 1319 
10914 3198 1193 1189 1192 
10915 1276 1056 1322 1111 
10916 3206 3192 2079 2084 
10917 1322 1111 108 1154 
10918 1322 1111 107 108 
10919 1322 107 1056 1319 
10920 1322 1056 107 1111 
10921 107 106 1056 1319 
10922 3213 1137 999 1031 
10923 3192 491 2084 492 
10924 949 2080 185 184 
10925 3206 1287 2843 1305 
10926 1056 1098 1319 106 
10927 3206 1276 1056 1319 
10928 3032 3029 2933 3263 
10929 3216 1278 1225 1006 
10930 1319 106 1098 1159 
10931 3206 2080 949 999 
10932 1098 105 1159 106 
10933 1098 1107 1159 105 
10934 3206 999 2927 2080 
10935 3198 2843 3189 1304 
10936 1159 105 1107 1287 
10937 2886 3186 2924 2887 
10938 1107 1287 104 1046 
10939 1107 105 104 1287 
10940 3206 1107 1098 991 
10941 1111 947 108 1154 
10942 2843 1287 1046 1305 
10943 104 1046 1174 103 
10944 104 1046 1287 1174 
10945 1287 1046 1305 1174 
10946 3206 1159 1287 1272 
10947 3206 1107 2843 1287 
10948 3216 1516 1530 1515 
10949 3198 1192 2929 2927 
10950 3206 1272 1287 1305 
10951 1276 1056 1111 1031 
10952 2928 677 3162 3159 
10953 3208 493 2925 492 
10954 3206 949 185 991 
10955 185 186 2085 991 
10956 3206 1159 1098 1107 
10957 1267 3206 2843 1305 
10958 3206 2082 2843 955 
10959 3161 1249 1335 1244 
10960 2885 2081 3191 2079 
10961 3120 2396 3162 3159 
10962 3206 1031 949 1056 
10963 2884 3188 1103 1023 
10964 2928 679 3200 704 
10965 3189 3166 3175 1361 
10966 2949 830 2947 3009 
10967 955 2085 186 991 
10968 3198 3206 2079 2843 
10969 2842 1255 1302 1180 
10970 2842 1255 1180 1209 
10971 2853 2326 3173 2336 
10972 992 2824 2872 2873 
10973 2927 1275 1196 1276 
10974 3161 1345 1249 1359 
10975 2884 983 948 189 
10976 955 186 2085 2082 
10977 2843 1267 1305 1210 
10978 3166 1244 3161 1335 
10979 3099 3011 3098 573 
10980 184 183 999 2083 
10981 2080 2083 184 999 
10982 955 187 186 2082 
10983 3213 947 1111 1154 
10984 3034 3033 2923 963 
10985 705 3162 689 707 
10986 999 183 930 2083 
10987 3208 1139 958 959 
10988 2854 621 616 596 
10989 2933 683 3030 694 
10990 3208 2892 2925 958 
10991 3159 1325 3175 1364 
10992 930 27 493 183 
10993 930 183 493 2083 
10994 3029 1557 3019 1566 
10995 2088 27 493 958 
10996 2735 3065 3038 2511 
10997 3044 938 1520 1082 
10998 3209 1137 3213 1050 
10999 3020 3021 2891 2988 
11000 193 2090 192 1019 
11001 958 194 928 2088 
11002 3128 2874 2879 816 
11003 2890 2923 3034 3033 
11004 3025 1367 320 2405 
11005 2923 964 2895 1149 
11006 3029 3215 3276 1551 
11007 2988 1564 1539 1413 
11008 3208 999 3213 1137 
11009 930 27 958 493 
11010 2988 1413 1409 1408 
11011 928 2090 193 1019 
11012 2088 27 958 194 
11013 2890 2896 2897 3184 
11014 2830 1466 1528 1490 
11015 3035 931 3044 1520 
11016 2830 3265 2976 2977 
11017 3255 1088 1085 939 
11018 3045 3255 1480 1369 
11019 3021 1409 1407 1408 
11020 2871 2312 2316 2315 
11021 3191 941 955 2082 
11022 2837 3173 2838 2322 
11023 2891 2830 3181 3035 
11024 2764 2773 2730 860 
11025 3188 171 993 1023 
11026 3188 171 488 2068 
11027 2089 190 2087 983 
11028 2852 2329 3185 2323 
11029 2842 1174 1015 1086 
11030 3208 3030 3192 2925 
11031 2843 1331 1209 1210 
11032 3165 3173 2327 2310 
11033 2885 3189 2079 2843 
11034 1296 3232 1510 1178 
11035 3175 1204 3166 3223 
11036 2960 685 3030 684 
11037 2842 1180 2333 1209 
11038 3185 946 1081 1084 
11039 3020 686 3019 687 
11040 2842 1180 2311 2333 
11041 1272 3198 1275 1195 
11042 3197 3137 3238 3138 
11043 2838 2319 2318 2322 
11044 2830 3021 1524 2988 
11045 3185 1184 2308 1218 
11046 3166 3161 1244 2328 
11047 2820 2756 2047 480 
11048 2086 2886 2925 491 
11049 3186 2798 3188 1077 
11050 2081 28 956 188 
11051 2884 3194 2887 2858 
11052 2868 833 3010 2750 
11053 2087 2884 983 3186 
11054 3186 984 2087 2092 
11055 3146 2857 2586 2585 
11056 3178 998 2798 988 
11057 3186 988 3178 2798 
11058 3232 1370 1296 1525 
11059 191 192 2092 925 
11060 191 2092 984 925 
11061 2081 187 188 941 
11062 3204 998 2776 3178 
11063 2087 984 190 191 
11064 2869 3217 3180 2949 
11065 2812 2076 2074 2072 
11066 2774 2046 482 481 
11067 3033 1063 1004 1100 
11068 702 710 3158 8 
11069 3204 987 1087 998 
11070 3213 1146 1111 947 
11071 2838 2839 2318 2317 
11072 1021 1789 1020 2824 
11073 3207 3217 3195 2869 
11074 3178 998 988 987 
11075 3186 987 988 986 
11076 3198 1304 1231 1267 
11077 3033 1068 963 1004 
11078 3034 1106 960 1139 
11079 2895 925 2092 192 
11080 2804 2993 2742 2801 
11081 928 2088 193 2090 
11082 2895 1019 192 2090 
11083 2830 3183 3265 2977 
11084 2879 2741 2917 815 
11085 2993 3196 3049 3064 
11086 3035 1487 1486 1595 
11087 2830 1547 1410 1554 
11088 3214 3216 1266 1265 
11089 3226 1119 972 970 
11090 3015 811 13 828 
11091 3015 835 2955 828 
11092 3168 3180 2800 609 
11093 2868 825 832 831 
11094 3050 614 619 617 
11095 2856 3009 2855 3050 
11096 2992 822 84 834 
11097 3155 1284 1205 1359 
11098 2947 3152 836 824 
11099 3011 3067 3122 3100 
11100 2838 2318 2319 2317 
11101 3266 3269 3262 2411 
11102 2923 961 928 960 
11103 2968 2893 3020 2891 
11104 2955 835 2947 840 
11105 2969 3152 2947 835 
11106 2798 1112 1144 997 
11107 3033 965 963 1068 
11108 2970 686 681 667 
11109 2895 1149 1116 1019 
11110 700 701 691 2955 
11111 3009 833 830 822 
11112 2993 2742 2856 2912 
11113 3129 2915 2916 916 
11114 2955 700 701 2947 
11115 3170 584 3172 585 
11116 2897 2896 2895 966 
11117 2734 2987 2983 2849 
11118 2734 85 806 838 
11119 2734 912 2849 2850 
11120 2969 2947 3170 594 
11121 3215 1262 1261 1269 
11122 880 2877 875 844 
11123 3191 957 941 956 
11124 2925 2895 2092 2090 
11125 2897 977 3182 1059 
11126 1128 3216 1278 3213 
11127 3215 1309 1264 1160 
11128 3209 989 959 982 
11129 2993 3064 2777 2778 
11130 2926 679 680 682 
11131 1112 3186 2798 988 
11132 2928 3159 3175 2943 
11133 2853 2869 2858 3174 
11134 3191 941 188 956 
11135 3088 1179 1257 276 
11136 3159 1250 1221 1187 
11137 2923 2892 3045 1139 
11138 3063 1444 1479 1449 
11139 2946 840 2947 830 
11140 3170 3274 3171 590 
11141 3125 3278 3270 3230 
11142 3104 793 776 780 
11143 596 3070 2738 2735 
11144 3009 2750 3010 833 
11145 3123 3097 795 782 
11146 3011 3122 3067 3130 
11147 2948 2947 3012 3009 
11148 3199 672 697 696 
11149 3199 582 586 593 
11150 3098 573 3130 588 
11151 3013 3135 3160 3158 
11152 3101 2345 2346 2338 
11153 3199 693 697 672 
11154 3155 613 3174 617 
11155 2451 3117 2444 2453 
11156 3170 3172 3171 3274 
11157 3162 1186 1151 1185 
11158 2814 2383 3060 2382 
11159 2820 2761 2756 480 
11160 2964 3024 3000 2907 
11161 3218 3172 585 693 
11162 3230 2413 2416 2407 
11163 2976 1404 3025 1456 
11164 2947 3152 824 835 
11165 3020 2892 2933 3263 
11166 3025 1405 1367 1404 
11167 3104 3072 780 779 
11168 3230 1467 1579 1567 
11169 671 3218 693 3172 
11170 3221 1326 1182 1297 
11171 3019 3231 3276 667 
11172 3266 3221 1444 1398 
11173 3231 2419 2406 1374 
11174 3120 1203 3175 3223 
11175 3230 1403 1455 1580 
11176 3163 670 707 705 
11177 3019 3231 1470 1401 
11178 3229 3251 541 1526 
11179 3104 780 3132 793 
11180 3262 2411 3269 2403 
11181 2728 3048 2793 1216 
11182 3231 1398 2419 1374 
11183 3177 821 823 826 
11184 3278 1457 1431 1567 
11185 3104 3073 3095 3050 
11186 3246 3163 3276 670 
11187 3032 709 3232 705 
11188 3255 1436 1480 1478 
11189 3214 1266 3216 3213 
11190 2884 2858 2885 3191 
11191 3032 3214 2929 3215 
11192 3032 2933 3214 3215 
11193 3045 2988 3044 1480 
11194 3104 3072 3132 780 
11195 2387 3162 675 2388 
11196 3181 1484 3182 1486 
11197 2968 3021 2976 2977 
11198 3246 3221 3163 3164 
11199 3202 3193 3257 3205 
11200 3020 3029 3032 687 
11201 3021 2988 1409 1408 
11202 3032 3200 692 705 
11203 3162 704 3163 705 
11204 1470 1374 2415 321 
11205 3172 3231 667 671 
11206 1470 2415 320 321 
11207 2927 1196 3213 1276 
11208 2927 3213 3208 999 
11209 3029 1506 3215 1551 
11210 3025 3230 1456 1403 
11211 1367 319 320 2405 
11212 3104 776 779 780 
11213 3019 3025 1583 1470 
11214 1404 3021 3025 1405 
11215 3019 686 667 687 
11216 3025 1456 1404 1403 
11217 3218 671 699 71 
11218 3019 3025 1405 1583 
11219 320 3025 1470 1367 
11220 3020 3029 2988 3263 
11221 3025 2414 3172 2413 
11222 2968 2894 3015 2955 
11223 3230 2412 2413 2407 
11224 3011 3097 3098 3100 
11225 319 1403 318 2412 
11226 693 2947 3199 697 
11227 3266 3047 3280 3269 
11228 2891 2988 3034 2892 
11229 3175 2926 2928 2943 
11230 3270 2435 2425 2426 
11231 3209 3255 989 1088 
11232 3044 1520 931 1082 
11233 3270 1579 1467 2420 
11234 3150 2587 2577 2588 
11235 3020 3032 694 687 
11236 3199 586 582 594 
11237 2976 1554 1507 1545 
11238 2985 3152 591 577 
11239 3137 3144 2896 3244 
11240 3025 2415 2414 2405 
11241 2929 1261 3215 1262 
11242 3125 3278 3274 3145 
11243 3035 1100 931 1063 
11244 2897 3256 969 1058 
11245 3090 3104 776 3051 
11246 907 3260 906 3197 
11247 965 3033 2897 977 
11248 3193 1083 926 1376 
11249 3265 1372 1438 1437 
11250 3208 493 492 2083 
11251 2923 2088 928 2090 
11252 2895 1032 966 1101 
11253 2947 700 693 2969 
11254 3226 3204 1101 972 
11255 3265 1372 2428 2421 
11256 3044 1480 1481 1369 
11257 3182 1542 926 1105 
11258 3234 1981 1839 954 
11259 3171 3280 553 3269 
11260 3183 1438 3265 1372 
11261 3175 2926 3198 2928 
11262 1085 3209 3216 1069 
11263 3045 2892 3208 1139 
11264 3116 57 555 56 
11265 3255 1480 1369 1478 
11266 2923 2895 2925 2090 
11267 3045 1017 995 989 
11268 2969 3015 2733 835 
11269 3256 978 975 976 
11270 931 119 1368 1108 
11271 3181 1528 1543 1454 
11272 3035 1491 1490 1487 
11273 118 1082 1520 117 
11274 3034 3045 2923 2892 
11275 1520 931 118 1368 
11276 2897 977 1059 1058 
11277 3034 1004 3033 963 
11278 3032 3215 2929 3200 
11279 3044 1576 1520 938 
11280 3229 1450 3251 1526 
11281 938 1520 1082 117 
11282 3044 1082 931 1100 
11283 1520 931 1082 118 
11284 3034 3035 3033 1100 
11285 3035 1564 1491 1521 
11286 3044 1576 938 1369 
11287 1520 3035 1521 3044 
11288 3045 3255 1017 989 
11289 931 119 118 1368 
11290 2988 1503 1413 1539 
11291 3263 1446 1415 1436 
11292 3054 56 55 3093 
11293 1369 115 116 1090 
11294 3061 56 3113 3116 
11295 3035 1524 1491 1564 
11296 115 114 1078 1529 
11297 3255 1017 1078 1090 
11298 1369 938 116 1576 
11299 3209 1088 990 1085 
11300 3029 3021 2988 1409 
11301 3044 938 1090 1369 
11302 3019 1488 1566 1557 
11303 928 194 193 2088 
11304 3255 3216 3263 3215 
11305 3045 1139 3208 959 
11306 3032 2929 2933 682 
11307 3044 1481 1576 1369 
11308 3034 3044 3035 1100 
11309 2968 695 2970 703 
11310 1369 938 1090 116 
11311 3045 1017 1094 995 
11312 2929 1188 3200 1261 
11313 3183 3219 3220 2421 
11314 2830 3184 3183 2977 
11315 3142 3157 3143 3241 
11316 3211 1959 2989 1953 
11317 2927 3208 3192 2083 
11318 3255 3263 1446 3215 
11319 2968 3030 2893 685 
11320 3029 3263 1412 1503 
11321 3021 1524 2988 1408 
11322 3214 1265 1266 1263 
11323 2960 691 690 2955 
11324 3021 1524 1408 1410 
11325 3209 982 1137 1050 
11326 3255 1078 1088 939 
11327 3045 1017 3255 1090 
11328 3216 1085 1095 939 
11329 3045 995 1094 1106 
11330 3032 2933 3215 3263 
11331 3205 1936 2027 1937 
11332 3120 3159 3162 677 
11333 3215 1506 1460 1549 
11334 3215 3232 1296 1328 
11335 2929 1190 1189 1188 
11336 2923 2090 928 1019 
11337 3216 1392 1312 1170 
11338 3263 1436 1412 1503 
11339 3246 3163 698 3164 
11340 3215 1594 1170 1264 
11341 3209 3213 3216 1069 
11342 2946 690 702 712 
11343 3213 1069 990 1050 
11344 3044 1136 1082 1100 
11345 2923 958 2925 2892 
11346 2929 3200 3215 1261 
11347 1309 3215 1264 1594 
11348 3216 1128 1278 1006 
11349 2853 2331 2320 2324 
11350 3142 3047 3115 1420 
11351 2897 3244 3256 3184 
11352 3215 1328 1160 1264 
11353 2890 2894 2896 3184 
11354 3255 1369 1529 1478 
11355 1369 1078 115 1090 
11356 3215 1170 1265 1264 
11357 3216 1095 1378 939 
11358 2890 3184 2891 2977 
11359 3142 3115 3241 1419 
11360 938 1576 117 116 
11361 1094 3034 3045 1106 
11362 3209 930 982 959 
11363 2830 1438 1466 1437 
11364 1078 1529 114 939 
11365 1369 115 1078 1529 
11366 3216 1378 1530 1516 
11367 3216 1131 1095 1006 
11368 2923 928 958 960 
11369 2927 1196 3214 3213 
11370 3216 1095 1085 1006 
11371 3198 1272 1267 1195 
11372 3044 1520 1576 1481 
11373 3216 3215 1594 1170 
11374 3034 3045 2892 2988 
11375 1516 3255 3216 1378 
11376 114 1529 1378 939 
11377 1530 1131 1571 112 
11378 3216 3215 1446 1594 
11379 3045 3208 3209 959 
11380 3215 1506 1525 1551 
11381 3029 1566 3019 1407 
11382 1095 1131 1530 112 
11383 3216 1266 1337 1278 
11384 1128 3216 3213 1069 
11385 1516 3255 1378 1555 
11386 3216 1265 3215 1170 
11387 3216 1515 1530 1571 
11388 1515 226 1312 1392 
11389 3029 1412 1409 1503 
11390 3232 1533 1384 1355 
11391 1312 226 1170 1392 
11392 3216 1337 1170 1312 
11393 3216 1571 1131 1350 
11394 1095 1378 113 1530 
11395 1571 1350 225 19 
11396 3216 1337 1266 1265 
11397 1571 1131 1350 19 
11398 2960 2956 2944 3030 
11399 3216 1085 1069 1006 
11400 3216 1170 1337 1265 
11401 3209 989 990 1088 
11402 1515 1312 226 225 
11403 3035 1063 931 1108 
11404 1131 1225 111 1006 
11405 1225 1006 1278 110 
11406 3216 1516 1392 1594 
11407 3213 1276 1111 1031 
11408 1278 1128 110 1006 
11409 947 1278 1128 109 
11410 1278 110 1128 109 
11411 3216 1278 1337 1225 
11412 947 1278 109 1154 
11413 3255 1516 1446 1555 
11414 3142 2794 3115 3047 
11415 3020 2933 3029 3263 
11416 1095 1530 113 112 
11417 3208 2925 3192 492 
11418 2929 1196 1190 1273 
11419 3213 1050 1146 947 
11420 108 947 109 1154 
11421 949 999 2080 184 
11422 3206 2079 2085 2084 
11423 3045 3263 2988 1480 
11424 3209 1137 3208 3213 
11425 3214 1263 1266 1273 
11426 1276 1319 1322 1056 
11427 3029 1412 3263 1415 
11428 3213 1322 1276 1277 
11429 3198 1231 1325 1193 
11430 1446 3215 1415 1460 
11431 1404 3021 1405 1406 
11432 3206 1276 2927 3213 
11433 3215 1549 1460 1594 
11434 3142 3047 3157 2794 
11435 3206 185 2085 991 
11436 1131 111 1225 1350 
11437 3213 1154 1322 1277 
11438 1095 113 1378 939 
11439 3160 2393 2392 2399 
11440 3206 2843 2082 2079 
11441 2970 3231 3019 667 
11442 3232 1459 3276 1551 
11443 2852 2334 2323 2320 
11444 1312 225 1571 1350 
11445 3206 1287 1159 1107 
11446 2960 691 2968 685 
11447 1370 3215 1512 1549 
11448 2946 2947 2949 830 
11449 3232 3221 3276 1435 
11450 3232 3221 1435 1533 
11451 3032 3200 679 692 
11452 3255 1446 3216 3215 
11453 1515 1571 1312 225 
11454 3216 1337 1312 1225 
11455 3216 1225 1312 1350 
11456 3216 1312 1515 1571 
11457 3264 3142 3241 3157 
11458 1170 226 227 1392 
11459 227 1309 1512 228 
11460 1512 1370 228 1160 
11461 1309 1594 1392 1512 
11462 1392 227 1170 1309 
11463 3215 1262 1328 1264 
11464 229 1160 1370 1296 
11465 229 230 1296 1510 
11466 229 1296 1370 1510 
11467 228 1370 229 1160 
11468 3213 1111 1276 1322 
11469 1512 228 1309 1160 
11470 3216 1378 1095 1530 
11471 3142 3157 3047 3269 
11472 2933 3030 3208 2892 
11473 1309 3215 1594 1512 
11474 3142 3143 3157 3269 
11475 3232 3276 3163 670 
11476 3162 689 675 677 
11477 3215 1261 3232 1269 
11478 3162 689 704 705 
11479 3232 3163 3200 705 
11480 3246 1435 3276 3221 
11481 1512 3215 1160 1309 
11482 1296 1178 1510 230 
11483 3216 3213 1266 1278 
11484 3232 1525 1510 1563 
11485 3232 1525 1296 1510 
11486 1296 1160 3215 1328 
11487 1594 1170 1264 1309 
11488 3232 1194 3163 1358 
11489 3276 1458 1488 1557 
11490 3020 694 3032 2933 
11491 3276 1488 1458 1401 
11492 3232 705 709 670 
11493 705 3162 707 3163 
11494 3276 1459 1435 1458 
11495 3198 1325 1362 1193 
11496 3209 3208 930 959 
11497 3029 1414 1412 1415 
11498 1262 2929 1263 3215 
11499 3025 1403 1367 319 
11500 3125 3230 3170 3274 
11501 2830 3021 2976 1507 
11502 2928 679 704 677 
11503 1361 3198 3175 3189 
11504 3045 1480 3044 1369 
11505 3246 3231 3276 1401 
11506 3019 3276 1488 1557 
11507 3246 3164 698 669 
11508 3232 3163 705 670 
11509 3232 1355 3221 1533 
11510 2925 2092 2086 2090 
11511 3232 1435 3276 1459 
11512 3131 3047 3063 1449 
11513 1358 3232 1355 3163 
11514 2929 1191 1261 1262 
11515 3226 1101 968 972 
11516 3120 677 3162 675 
11517 2970 3025 3019 3231 
11518 3276 670 709 7 
11519 3166 2328 1335 240 
11520 2924 2896 3167 3178 
11521 2955 701 690 2946 
11522 2843 1209 1152 1210 
11523 3215 3232 3276 1551 
11524 3209 3255 3216 3263 
11525 3216 1446 1516 1594 
11526 3232 1459 1525 1563 
11527 2926 3198 2928 2927 
11528 1277 3214 1266 1273 
11529 3162 3164 3163 2391 
11530 1296 3232 1178 1357 
11531 3276 1459 1458 1551 
11532 3029 1407 3019 3021 
11533 3032 3232 3200 705 
11534 3166 1207 2313 240 
11535 3035 1541 1368 1520 
11536 3189 2843 3166 1304 
11537 3163 698 707 670 
11538 3206 1275 2927 1276 
11539 3217 2869 3180 3174 
11540 3221 1182 1258 1387 
11541 1166 283 282 2398 
11542 1166 283 2398 1200 
11543 1358 3232 1270 1355 
11544 1185 2398 1166 282 
11545 2929 1191 1188 1261 
11546 3216 1392 1170 1594 
11547 2946 2949 2948 3217 
11548 3131 1271 1172 1511 
11549 3164 2391 2401 2387 
11550 2814 3063 3060 2402 
11551 3221 1355 1297 1513 
11552 3063 1258 1326 1171 
11553 2814 3176 3047 3058 
11554 3221 1464 1435 1533 
11555 3163 1245 1166 1200 
11556 2869 3217 3195 2858 
11557 3048 1259 3115 3131 
11558 3221 1387 1540 1513 
11559 3209 3255 1088 1085 
11560 3200 1187 1151 1186 
11561 3034 1106 962 960 
11562 2387 3058 3164 3060 
11563 3020 2893 3030 2892 
11564 3162 1186 3200 1151 
11565 3200 1194 1186 1185 
11566 3142 1417 1419 1418 
11567 3163 3164 2398 2391 
11568 3232 1459 1563 1533 
11569 709 667 3276 7 
11570 3162 281 1185 1151 
11571 1435 3246 3276 1401 
11572 3063 1258 1171 1236 
11573 2814 3063 1206 1248 
11574 3029 1551 1557 1414 
11575 3164 674 708 669 
11576 3221 1182 1387 1513 
11577 3019 1405 1407 1566 
11578 3255 1516 3216 1446 
11579 3266 3176 3280 3047 
11580 2969 3152 3170 2947 
11581 3266 3063 1449 1444 
11582 3025 2405 2414 2413 
11583 3231 667 72 7 
11584 3019 1405 3021 1407 
11585 3262 3269 538 2403 
11586 3142 3143 3267 1418 
11587 3221 1258 1182 1326 
11588 3025 1583 1367 1405 
11589 3038 2502 2511 2506 
11590 3221 3063 1258 1326 
11591 3063 1479 1382 1560 
11592 2926 2944 3192 3030 
11593 1384 231 230 1178 
11594 1384 231 1297 1513 
11595 3032 679 682 692 
11596 3038 2502 2736 2511 
11597 3198 2079 3192 3189 
11598 709 667 687 3276 
11599 3163 2398 2376 1200 
11600 1384 1355 1533 1513 
11601 3038 2736 2738 2511 
11602 3232 3221 3163 3276 
11603 1297 1355 1384 1513 
11604 3038 2505 2834 2836 
11605 1182 233 1330 1387 
11606 1297 1355 1178 1384 
11607 3213 1146 1137 1031 
11608 1370 1510 1296 1525 
11609 3232 1533 1563 1384 
11610 3125 3236 3270 3278 
11611 2968 2893 2960 685 
11612 2793 2794 2796 3058 
11613 3019 1470 1488 1401 
11614 233 1330 1544 234 
11615 3221 1533 1355 1513 
11616 3216 1392 1516 1515 
11617 3266 2411 2418 2419 
11618 3162 677 3200 704 
11619 3038 2836 2834 2963 
11620 3266 1444 1399 1398 
11621 1271 1544 1330 234 
11622 3025 320 2415 2405 
11623 1182 1330 1258 1387 
11624 3038 2834 3096 2963 
11625 3215 3200 3232 1261 
11626 234 235 1271 1382 
11627 1258 1330 1544 1387 
11628 3163 1245 3221 1355 
11629 3162 2388 2401 2378 
11630 3221 1587 1540 1444 
11631 3048 3115 2794 3047 
11632 3038 2502 2506 2510 
11633 3063 1171 1326 1200 
11634 3048 2728 3224 1216 
11635 3048 3131 3115 3047 
11636 1172 236 1511 235 
11637 3131 1560 1511 1546 
11638 3115 1546 3131 1586 
11639 1511 1271 235 1382 
11640 3086 3069 3102 2737 
11641 2814 1155 1197 1198 
11642 1163 3151 3224 3115 
11643 3131 1560 1546 1475 
11644 3063 1206 1248 1236 
11645 3246 1398 3231 1400 
11646 1479 1258 1271 1544 
11647 1224 3224 2271 1282 
11648 3264 2715 2728 2706 
11649 3086 3069 3091 3102 
11650 3115 1440 3241 1419 
11651 3019 3276 1401 1488 
11652 3143 3267 1418 1499 
11653 3143 3277 3271 1499 
11654 3266 1558 3047 1371 
11655 3271 2449 3118 2451 
11656 3267 2408 538 539 
11657 3269 539 538 2409 
11658 1440 3151 1548 3115 
11659 1172 1511 236 1383 
11660 3142 3267 3269 1416 
11661 2947 700 697 693 
11662 3262 3231 2418 2414 
11663 1404 2976 3021 1507 
11664 1559 324 1371 2409 
11665 3106 3278 2452 2455 
11666 1559 2411 324 2409 
11667 1559 324 2411 323 
11668 323 3266 1559 1399 
11669 3268 556 58 1 
11670 3266 3269 2411 2409 
11671 1399 2419 1398 323 
11672 3266 2411 3262 2418 
11673 1398 2419 322 323 
11674 1398 2419 1374 322 
11675 3124 2705 3133 2723 
11676 3266 1444 3221 3063 
11677 3060 2390 2387 2384 
11678 3266 3047 1475 1449 
11679 320 3025 2415 1470 
11680 2968 2970 3020 703 
11681 3231 1374 1400 1398 
11682 3176 3262 3218 3172 
11683 3232 1355 1357 1270 
11684 3246 3276 3163 3221 
11685 3164 669 3058 3130 
11686 3170 580 2985 579 
11687 2793 1216 1198 1199 
11688 271 2814 2402 1206 
11689 2814 2402 3060 2383 
11690 3110 3136 3092 2707 
11691 3264 3157 3241 3134 
11692 3086 2818 3087 2373 
11693 3169 2387 675 2388 
11694 3221 1326 1245 1200 
11695 2220 2260 3241 3141 
11696 3264 2714 2711 2724 
11697 1258 1544 1479 1387 
11698 3221 1355 1245 1297 
11699 3221 1540 1479 1444 
11700 1271 1382 3063 1479 
11701 1206 270 2402 271 
11702 1155 272 2379 1197 
11703 3134 2713 2711 2704 
11704 3063 2376 1171 1200 
11705 3048 1217 1232 1259 
11706 270 2389 33 1171 
11707 3120 1202 1158 1203 
11708 3264 2715 2714 2716 
11709 2389 33 1171 2376 
11710 3025 3170 3230 3274 
11711 3063 1258 1479 1387 
11712 3162 3200 1186 1185 
11713 3131 1382 1271 1511 
11714 3176 3058 669 70 
11715 3176 3231 671 71 
11716 2376 283 33 1200 
11717 3163 1358 1194 1185 
11718 3231 1374 1470 1401 
11719 2398 283 2376 1200 
11720 3057 1314 1257 2374 
11721 3231 72 71 3246 
11722 3231 1470 1374 2415 
11723 3163 3221 1245 1200 
11724 2343 3086 3087 2373 
11725 3019 1401 3276 3231 
11726 3164 2398 2391 2376 
11727 3246 1435 3221 1400 
11728 3221 1444 1398 1587 
11729 3163 698 3164 707 
11730 2929 1263 3214 1273 
11731 3267 2408 539 314 
11732 3124 3133 2795 1226 
11733 3115 1440 1419 1439 
11734 3271 3114 3121 3254 
11735 2793 1197 2814 2379 
11736 3168 3135 2855 3010 
11737 3122 3067 3130 3169 
11738 3124 3066 2353 2364 
11739 3162 3163 2398 2391 
11740 3099 3132 559 3097 
11741 3232 1563 1510 1384 
11742 3162 708 689 707 
11743 3164 708 674 2387 
11744 3063 2402 1206 2389 
11745 1179 2393 277 276 
11746 3122 3050 3101 62 
11747 2793 1336 3057 2795 
11748 3088 1339 1179 1341 
11749 3221 2376 3063 1200 
11750 3153 3154 624 605 
11751 2313 2853 2336 2324 
11752 276 3088 1179 2393 
11753 3223 1202 1345 1205 
11754 276 3088 2393 2380 
11755 2796 2706 2705 2703 
11756 2911 2901 2904 2902 
11757 3090 3104 3097 782 
11758 3246 72 670 7 
11759 3155 1284 3088 1341 
11760 3086 2818 3039 3087 
11761 3120 1202 3160 1158 
11762 2345 3101 2346 598 
11763 3099 3050 3011 3009 
11764 3266 2411 2419 323 
11765 487 3188 2068 3194 
11766 1257 1339 2356 268 
11767 1257 2356 2374 268 
11768 1257 2374 1314 268 
11769 3057 3088 3067 2369 
11770 3088 1237 2338 1339 
11771 3176 3218 70 71 
11772 3057 1257 3088 2356 
11773 3057 1336 1314 1223 
11774 274 3057 2375 1336 
11775 274 273 1336 2375 
11776 2793 2795 3057 2796 
11777 3155 3156 3088 1284 
11778 2796 2794 2706 2703 
11779 3057 3066 1336 1223 
11780 2795 2706 3133 2705 
11781 3057 2795 3066 2796 
11782 3123 2720 3124 3105 
11783 3066 2369 3100 2349 
11784 3057 2374 2342 269 
11785 3057 275 1257 1314 
11786 3057 2342 3066 1223 
11787 3066 3090 3105 2353 
11788 2968 2891 3021 2977 
11789 693 3199 3218 672 
11790 3110 2701 2700 2699 
11791 1544 1258 1271 1330 
11792 3099 3072 3104 3073 
11793 3110 3136 3093 3092 
11794 3271 3116 3268 3248 
11795 3143 3271 3268 3267 
11796 3171 3280 584 553 
11797 3019 1583 1566 1488 
11798 1586 1477 3151 3115 
11799 3132 3113 755 794 
11800 1155 271 2379 272 
11801 2712 3264 3134 2724 
11802 3157 3047 3176 3058 
11803 3246 1400 3231 1401 
11804 1574 3151 2293 1307 
11805 2381 272 273 1197 
11806 3176 3172 3218 671 
11807 3155 3156 1284 1359 
11808 1314 275 274 2397 
11809 3057 2375 2400 2397 
11810 3099 3097 559 565 
11811 3157 3280 563 564 
11812 2814 2379 1155 271 
11813 1223 2342 32 269 
11814 2795 2796 2706 2705 
11815 3090 782 791 774 
11816 3280 578 3218 584 
11817 2728 1216 1310 1232 
11818 3067 2382 2385 2375 
11819 2728 2691 2297 2206 
11820 3266 1475 3047 1474 
11821 3124 2709 2705 2723 
11822 3134 2711 2706 2703 
11823 3133 1344 2728 1329 
11824 254 2371 1226 255 
11825 2354 254 2371 1226 
11826 1223 32 2342 2354 
11827 2354 1164 254 1226 
11828 3221 1587 1400 1464 
11829 3164 707 698 669 
11830 3057 2380 275 2397 
11831 2793 3048 2814 1198 
11832 2795 2354 2371 1226 
11833 3084 2276 2224 2174 
11834 3133 1311 1235 2696 
11835 3133 2691 1162 2717 
11836 1226 2371 1181 255 
11837 757 3111 3103 2094 
11838 3122 3160 3013 3135 
11839 1235 1311 2175 2696 
11840 1235 2175 1311 1313 
11841 2793 1199 2795 2728 
11842 757 3111 796 3103 
11843 2369 3122 3067 3100 
11844 3084 2341 2372 2362 
11845 3084 2276 2173 2229 
11846 527 2696 2203 2717 
11847 527 2203 526 2717 
11848 527 528 2175 2696 
11849 2203 2290 1311 2175 
11850 2203 1311 218 219 
11851 2203 218 1311 2290 
11852 3122 3088 3155 3101 
11853 3085 1240 1340 1181 
11854 2290 217 218 1313 
11855 2290 2204 1313 2175 
11856 2290 2204 217 1313 
11857 3124 2705 2795 3133 
11858 2203 2206 526 2717 
11859 217 1340 2204 216 
11860 3124 2795 2354 2371 
11861 3085 1226 2371 1181 
11862 3057 2374 1257 2356 
11863 3122 3101 3050 3100 
11864 2175 2710 2696 528 
11865 2115 529 2710 528 
11866 2728 2297 1283 2206 
11867 3133 1303 1227 1235 
11868 3085 2362 2370 2363 
11869 2115 2161 2710 529 
11870 3085 2115 2175 2204 
11871 3084 2276 2104 2224 
11872 3085 2692 3105 2720 
11873 3123 2703 2702 2701 
11874 2793 1197 2381 273 
11875 3111 757 2142 2094 
11876 3123 792 782 795 
11877 3066 2349 3090 2353 
11878 2175 1235 3085 1313 
11879 530 2692 2161 529 
11880 530 2161 2692 2094 
11881 530 2094 2708 531 
11882 3085 1181 2371 2339 
11883 3111 2700 2720 2708 
11884 3123 3092 3132 3097 
11885 3103 2692 3111 3105 
11886 3085 2364 2370 2339 
11887 530 2094 2692 2708 
11888 3111 2708 2094 2142 
11889 3093 571 569 559 
11890 3110 2697 3111 787 
11891 3123 2720 3111 2700 
11892 3085 2692 2710 2161 
11893 3123 3092 2703 2701 
11894 3105 781 791 792 
11895 3111 2700 2708 2697 
11896 3071 2150 2147 2210 
11897 3066 2361 2342 2369 
11898 3067 2375 2385 2400 
11899 3133 1303 1235 1311 
11900 3123 3097 3132 795 
11901 3103 3085 2173 2161 
11902 772 3105 791 3090 
11903 3085 2372 1181 2339 
11904 3133 1235 1227 1226 
11905 3011 3013 3130 3199 
11906 3085 2709 2710 2692 
11907 1311 2175 2290 1313 
11908 2203 2206 2717 1162 
11909 3264 3141 3134 3241 
11910 3067 2796 2382 2375 
11911 2398 3162 1185 3163 
11912 3103 3071 3091 763 
11913 3176 3262 3172 3231 
11914 2814 2379 2402 2383 
11915 2728 1239 1199 1329 
11916 3130 2385 3067 3058 
11917 3084 2229 2104 2276 
11918 3057 2369 3066 2342 
11919 2695 2108 523 47 
11920 2695 2168 523 2108 
11921 2695 2168 2716 523 
11922 619 3122 3135 3 
11923 2712 2140 47 537 
11924 3114 2219 2246 2135 
11925 3241 1419 1440 1500 
11926 3151 1443 1477 1509 
11927 2712 2140 2108 47 
11928 3111 2697 2708 2142 
11929 2297 2728 1283 2245 
11930 3133 2717 2203 2696 
11931 3153 3154 3081 624 
11932 3141 3157 3143 3094 
11933 3151 2293 2231 2252 
11934 3092 2704 2703 2701 
11935 3224 2271 2283 2184 
11936 3151 1522 1377 2121 
11937 1479 1258 3063 1271 
11938 2814 2402 2379 271 
11939 2793 2814 2794 3058 
11940 3224 1299 1163 1259 
11941 3224 2108 2184 2168 
11942 3057 1314 2374 269 
11943 2695 47 2712 2108 
11944 3143 3114 3271 3277 
11945 3061 3113 3003 3056 
11946 1522 2294 3151 3241 
11947 3057 2369 2374 2356 
11948 3264 2728 2716 2168 
11949 2728 2691 2181 2297 
11950 524 2181 2725 525 
11951 2728 2168 3224 2283 
11952 3224 1299 1353 1282 
11953 3074 1300 1222 2104 
11954 526 2691 2206 525 
11955 526 2206 2691 2717 
11956 3103 2161 2258 2094 
11957 2728 2181 2716 2168 
11958 2691 2206 1162 2717 
11959 2728 3224 1353 1165 
11960 3103 781 3111 796 
11961 2728 1162 1283 1344 
11962 2728 1353 1310 1165 
11963 2245 1283 2297 221 
11964 1283 221 220 2297 
11965 2206 1283 1162 220 
11966 3133 1227 1303 1329 
11967 1311 1313 2290 218 
11968 2728 2691 2719 2715 
11969 3124 2696 3085 2709 
11970 3103 2094 2692 2161 
11971 2716 2168 524 523 
11972 2203 219 2206 1162 
11973 2206 1283 220 2297 
11974 2175 2115 2710 528 
11975 219 220 2206 1162 
11976 2728 1344 1239 1329 
11977 3153 3154 3080 3081 
11978 2297 2728 2245 2181 
11979 2245 1283 221 1165 
11980 3153 3080 3068 4 
11981 2245 2728 1283 1165 
11982 2728 2245 2181 2168 
11983 3124 2353 3066 3105 
11984 3124 2796 3066 2795 
11985 2283 2122 1353 1165 
11986 3264 3224 2728 2168 
11987 2793 2796 3057 2375 
11988 2728 2168 2283 2245 
11989 3280 584 553 562 
11990 3133 2203 1311 2696 
11991 3066 3067 3097 3100 
11992 1353 2122 1282 1165 
11993 2354 1223 1346 3066 
11994 222 2122 1282 223 
11995 1282 2231 1224 223 
11996 1282 2122 2231 223 
11997 3153 3075 3068 3080 
11998 3264 2706 2794 3134 
11999 3130 2387 3164 674 
12000 3157 563 561 564 
12001 3151 2252 1534 1574 
12002 1224 2231 224 223 
12003 2293 1224 2231 224 
12004 1224 3224 1282 1299 
12005 3153 3075 2791 2732 
12006 2231 1282 1224 2271 
12007 2293 1224 224 1347 
12008 3153 2791 2837 2732 
12009 3151 1522 2121 2236 
12010 3089 3092 2794 2796 
12011 3163 1166 2398 1200 
12012 3151 2252 2231 2271 
12013 2171 3151 2281 2294 
12014 3151 2293 1224 2231 
12015 1574 2252 299 2293 
12016 2252 2121 1377 300 
12017 3153 3075 3080 3079 
12018 299 2293 30 1574 
12019 3151 2171 3224 3241 
12020 3221 1464 1400 1435 
12021 1224 1347 2293 1307 
12022 2252 1534 299 300 
12023 30 1574 1347 239 
12024 1347 1307 239 1574 
12025 30 2293 224 1347 
12026 3151 1575 1534 1377 
12027 1574 3151 1307 1443 
12028 2293 1307 1347 1574 
12029 3151 1299 3224 1224 
12030 239 1443 1307 238 
12031 1574 2252 1534 299 
12032 2791 2474 2481 2497 
12033 239 1443 1574 1307 
12034 3151 2231 1224 2271 
12035 3151 1307 1163 1299 
12036 3115 3151 1548 1477 
12037 1307 238 1509 1163 
12038 1509 1307 1163 3151 
12039 1307 1509 238 1443 
12040 3224 1282 1353 2122 
12041 1165 3224 1353 2283 
12042 2795 1227 1164 1226 
12043 1522 2294 2236 3151 
12044 2791 2497 2481 2476 
12045 238 1509 1163 237 
12046 2283 1165 3224 2728 
12047 2220 1375 2304 2111 
12048 3151 1224 2293 1307 
12049 3123 758 3110 3111 
12050 1163 1291 237 1383 
12051 2479 2791 2481 2476 
12052 1163 3115 1291 1586 
12053 3151 1534 2252 1377 
12054 2791 3076 3075 2476 
12055 3115 1476 1546 1586 
12056 3131 1271 3063 1332 
12057 2728 2715 2719 2706 
12058 3151 1377 2252 2121 
12059 3131 1172 1271 1332 
12060 3224 2794 2728 3048 
12061 1586 1163 1383 1291 
12062 3171 3280 3172 584 
12063 1171 2376 33 1200 
12064 3224 1232 1353 1299 
12065 3266 1474 1399 1449 
12066 3099 3098 3097 565 
12067 2970 3019 686 667 
12068 3268 538 2408 2404 
12069 2791 3075 1605 2476 
12070 3131 1382 1511 1560 
12071 3176 671 3218 71 
12072 2734 2850 2915 901 
12073 3232 1357 1355 1178 
12074 2793 1336 2795 1233 
12075 2791 3179 2837 2839 
12076 1499 1592 3143 3277 
12077 3246 3221 1398 1400 
12078 3134 2711 2703 2704 
12079 2379 2793 2381 2382 
12080 2866 1053 2870 1000 
12081 2418 3266 2419 3231 
12082 2260 2171 3241 3141 
12083 591 2985 575 2983 
12084 2728 1162 2691 2206 
12085 3141 2171 3241 2108 
12086 3143 3269 3268 557 
12087 3157 3047 3280 3176 
12088 3141 2102 2693 2162 
12089 3143 3268 58 557 
12090 3046 3053 3113 3003 
12091 3269 2403 2411 2409 
12092 3131 1586 1546 1383 
12093 3271 3282 3121 3248 
12094 3224 2108 3241 2171 
12095 3241 2116 2294 2260 
12096 3151 2294 2236 2281 
12097 3241 2116 2260 2220 
12098 2872 992 937 2069 
12099 3115 1586 3131 1291 
12100 3241 1440 1522 1501 
12101 301 300 1377 2121 
12102 2171 3151 2294 3241 
12103 3115 1440 1439 1548 
12104 1586 1163 1509 1383 
12105 1172 236 1291 1383 
12106 2252 1377 1534 300 
12107 3151 1534 1443 1574 
12108 301 2121 1377 1522 
12109 301 1522 302 2236 
12110 2872 3190 2871 2823 
12111 1522 2116 2294 1501 
12112 3115 3047 3131 1570 
12113 553 557 3268 3269 
12114 3269 538 2403 2409 
12115 3151 2271 3224 2184 
12116 3117 1469 1395 2444 
12117 3221 3063 1326 1200 
12118 1522 2116 2236 2294 
12119 2728 2691 2715 2725 
12120 3151 3241 1440 1522 
12121 3116 3113 3061 3056 
12122 2181 2716 524 2725 
12123 2728 2716 2181 2725 
12124 2231 1282 2271 2122 
12125 2795 2796 2794 2706 
12126 3151 1440 1548 1522 
12127 3141 2140 537 2102 
12128 3224 1353 2283 2122 
12129 3241 1500 1501 1568 
12130 2171 3151 2184 2281 
12131 3264 3241 3224 2108 
12132 3098 3218 3058 564 
12133 3262 538 48 2403 
12134 2102 2721 2693 536 
12135 3134 2711 2713 2724 
12136 2102 2693 2162 536 
12137 2886 2091 2089 490 
12138 3141 2693 2721 2722 
12139 3266 1474 1558 1371 
12140 3046 3003 3113 3056 
12141 3115 1570 3131 1546 
12142 3142 1371 1558 1417 
12143 2794 3134 2706 2703 
12144 2304 304 1375 303 
12145 2304 303 1375 2116 
12146 2304 1375 2220 2116 
12147 3277 2192 3254 2232 
12148 3277 1505 1375 2111 
12149 3142 1371 1417 1416 
12150 303 1501 2116 302 
12151 3046 3056 3042 3043 
12152 2304 2111 1375 304 
12153 2116 302 1522 2236 
12154 2886 2089 2885 490 
12155 2116 302 1501 1522 
12156 1375 2111 1505 304 
12157 3048 1248 1155 1349 
12158 2119 1562 3253 1502 
12159 3171 3262 538 48 
12160 2886 2087 2089 2091 
12161 1449 3131 3047 1475 
12162 3264 2706 3134 2711 
12163 2712 3264 2108 3141 
12164 3171 3172 3280 3262 
12165 1398 3246 3266 3221 
12166 3025 319 2405 2412 
12167 3116 3268 3248 570 
12168 3277 1499 1592 1483 
12169 3170 581 585 580 
12170 3266 1371 3269 2409 
12171 3271 1395 1396 1386 
12172 2886 491 2091 490 
12173 3273 3062 567 592 
12174 1395 349 1386 2458 
12175 1395 2458 348 349 
12176 3253 2303 2183 2256 
12177 3274 2417 3230 2416 
12178 3121 2662 2688 2679 
12179 1386 349 350 2459 
12180 1386 350 1428 2459 
12181 1386 349 2459 2458 
12182 2099 2688 3121 2662 
12183 3127 2133 2099 2132 
12184 3254 2446 1428 1584 
12185 3254 1428 1502 1584 
12186 3060 2390 2389 2376 
12187 3056 2191 3121 2279 
12188 3106 3273 3118 3278 
12189 2232 1505 2111 305 
12190 1505 2111 305 304 
12191 3277 1501 1375 1568 
12192 1375 2220 2116 1501 
12193 2795 2794 2728 2706 
12194 3142 1420 3115 1419 
12195 3228 1561 1447 1445 
12196 3277 1473 3254 1482 
12197 3157 564 3218 3280 
12198 3136 3113 2240 2280 
12199 2232 1505 305 1473 
12200 3277 2192 2111 2219 
12201 2886 2885 491 490 
12202 3117 3274 2410 2417 
12203 3282 3249 3248 542 
12204 56 3113 3116 3093 
12205 3254 2119 2251 2303 
12206 3061 568 555 570 
12207 3109 2697 787 2142 
12208 2202 3114 3136 2162 
12209 3093 3094 3092 3136 
12210 3130 674 3169 2387 
12211 3254 2251 2132 2303 
12212 3142 1371 3047 1558 
12213 3268 1 58 553 
12214 3093 3094 56 558 
12215 3267 3268 3117 1463 
12216 3126 644 651 662 
12217 3028 2959 2849 94 
12218 3254 1473 1502 1428 
12219 3132 3093 3110 3113 
12220 3121 2099 2133 2134 
12221 3141 3114 2141 2246 
12222 3117 315 1469 1585 
12223 3127 3121 3282 3248 
12224 3114 3254 2219 2135 
12225 766 769 801 3003 
12226 3028 3043 3126 3059 
12227 3092 2707 3094 2722 
12228 3254 1482 1473 1428 
12229 3092 3157 2794 3134 
12230 2997 3027 2974 3031 
12231 3271 1428 3254 2446 
12232 2978 3003 3002 2848 
12233 2162 536 2693 535 
12234 3109 81 2274 2142 
12235 3098 3058 2794 3157 
12236 3254 2251 2192 2133 
12237 2886 2087 2091 2092 
12238 3114 2202 3136 3121 
12239 3221 1479 3063 1444 
12240 537 2721 2102 536 
12241 2181 2716 2168 524 
12242 3109 2274 2189 2284 
12243 3136 3109 2170 2694 
12244 3127 3121 2099 2133 
12245 3127 2099 2662 511 
12246 2986 3238 3236 922 
12247 2795 1164 2354 1226 
12248 3151 1163 1509 1586 
12249 3123 2702 2700 2701 
12250 3136 2718 2162 2693 
12251 3114 3121 2135 2278 
12252 3231 2406 2414 2415 
12253 3141 3114 2246 2162 
12254 3224 2184 2283 2168 
12255 3103 3071 2146 2258 
12256 3264 2108 3141 3241 
12257 3109 755 766 759 
12258 3001 2165 3000 2650 
12259 2718 2109 535 534 
12260 3271 2458 1386 2459 
12261 3110 2699 2707 2701 
12262 3136 2240 2170 2280 
12263 2718 534 2170 2109 
12264 2162 535 2718 2109 
12265 534 2694 2170 533 
12266 3110 82 11 755 
12267 787 3109 3110 2697 
12268 2698 532 2697 2100 
12269 3092 2704 2707 2722 
12270 3046 2130 2128 2129 
12271 2698 2694 533 2170 
12272 3054 3061 566 56 
12273 2162 535 2693 2718 
12274 3282 543 3249 542 
12275 2886 2924 2087 2092 
12276 3109 81 2142 787 
12277 3104 3132 3097 795 
12278 3116 3056 3136 3113 
12279 2822 2070 486 2065 
12280 3160 2377 277 2393 
12281 2793 1199 1233 1318 
12282 3133 1162 2728 1344 
12283 3098 3058 3157 564 
12284 3085 2696 2710 2709 
12285 3111 796 787 757 
12286 3271 1396 1395 1463 
12287 3103 2224 3091 2241 
12288 3113 2130 2240 2280 
12289 2822 2071 2070 2065 
12290 3110 2707 3092 2701 
12291 3110 3093 3136 3113 
12292 3072 780 779 785 
12293 3109 759 81 82 
12294 3089 561 3157 560 
12295 3109 766 3053 759 
12296 3109 759 2299 2274 
12297 555 56 3061 3116 
12298 3109 2299 759 2189 
12299 3042 2666 2686 2679 
12300 2973 2660 2641 2639 
12301 3055 666 3043 652 
12302 3053 2189 2190 2177 
12303 3123 2796 3092 3097 
12304 2814 1206 1155 1248 
12305 3273 3062 3059 3043 
12306 3264 2695 2108 2168 
12307 3046 3056 2098 2666 
12308 3141 3241 3157 3134 
12309 3113 794 3054 801 
12310 3267 539 3269 2409 
12311 2822 487 486 2070 
12312 3116 3143 3268 57 
12313 3108 3126 3261 3239 
12314 3061 3248 568 570 
12315 3108 3283 3261 3275 
12316 2119 1562 2256 3253 
12317 3123 3132 3110 795 
12318 3127 3248 3282 3249 
12319 3277 2232 3254 1473 
12320 3041 3108 2672 2674 
12321 3042 2686 2687 2676 
12322 3112 1450 2443 2464 
12323 3008 643 630 3055 
12324 3282 543 542 2448 
12325 3107 3125 3278 3236 
12326 542 3106 2441 50 
12327 2822 3194 487 2070 
12328 3108 3261 3249 2673 
12329 3118 3278 3145 2453 
12330 3114 3121 3254 2135 
12331 3056 2240 2130 2129 
12332 3002 2848 3003 2980 
12333 3053 2166 2096 2237 
12334 3043 648 2676 643 
12335 3116 3136 3056 3121 
12336 3135 617 619 3 
12337 3046 3003 3043 3017 
12338 2822 2065 486 485 
12339 3054 55 566 554 
12340 3028 666 2971 665 
12341 3008 645 2682 2665 
12342 3053 2176 2189 2177 
12343 3046 3042 3056 2666 
12344 3127 3253 2132 2670 
12345 3056 2679 2688 2666 
12346 3000 2650 2107 2631 
12347 2850 902 93 901 
12348 3108 3249 3283 2454 
12349 3053 759 766 767 
12350 3127 2099 3121 2662 
12351 3116 56 3094 560 
12352 2850 916 2915 901 
12353 2978 2848 3002 3014 
12354 3110 2700 3111 2697 
12355 3093 56 3113 3054 
12356 3017 2654 2114 2167 
12357 2971 2806 2973 3014 
12358 2743 14 2750 83 
12359 3277 3254 2192 2219 
12360 3041 3042 2676 2686 
12361 3254 2192 2219 2135 
12362 3126 648 652 651 
12363 3136 2109 2162 2718 
12364 3132 3092 3093 3097 
12365 3116 3093 3094 56 
12366 3104 3100 3050 3051 
12367 2794 3089 3098 3157 
12368 3061 3062 566 567 
12369 3164 669 3130 674 
12370 2794 3089 2796 3098 
12371 487 2822 486 2828 
12372 2734 2915 838 806 
12373 2685 2666 3042 3046 
12374 3057 275 2380 1257 
12375 2948 3158 3013 68 
12376 3042 3008 2178 2264 
12377 3054 3062 554 566 
12378 3046 2244 2193 2301 
12379 3028 2987 2849 3062 
12380 2970 2969 3172 681 
12381 3042 2687 2686 2664 
12382 2979 3053 3003 766 
12383 3207 3217 2869 2949 
12384 3278 1457 1567 1394 
12385 3271 3116 3248 3121 
12386 3271 2459 3282 2449 
12387 3141 3241 3143 3157 
12388 795 755 794 3132 
12389 3143 557 3157 3280 
12390 2822 3190 3194 2066 
12391 3123 3105 3097 782 
12392 3090 774 791 772 
12393 2850 2917 2916 2908 
12394 2387 3130 3058 2384 
12395 3218 672 70 699 
12396 3089 561 560 558 
12397 3151 2307 2271 2184 
12398 2947 697 700 701 
12399 3109 2698 2100 2170 
12400 3130 2387 3058 3164 
12401 3082 598 61 600 
12402 3086 3090 3091 3069 
12403 3089 571 3093 559 
12404 3051 61 3101 62 
12405 3160 3088 1179 1341 
12406 3066 3097 3067 2796 
12407 3046 2131 3053 2237 
12408 3114 2693 3136 2162 
12409 3046 3113 3053 2130 
12410 2778 2797 2932 843 
12411 1353 2728 1232 3224 
12412 3005 720 717 715 
12413 2718 2170 534 2694 
12414 2828 2812 2825 2072 
12415 3099 3011 3100 3097 
12416 2846 3210 3237 2427 
12417 3099 3012 3011 573 
12418 1362 2928 1189 1187 
12419 598 2345 626 2344 
12420 3012 591 582 593 
12421 560 3089 558 3094 
12422 2949 2955 3207 2956 
12423 3072 2981 2979 785 
12424 3218 693 672 699 
12425 3231 72 671 71 
12426 3054 54 554 572 
12427 3122 3160 3067 3169 
12428 3199 69 70 672 
12429 3158 3159 2943 3175 
12430 3221 1479 1540 1387 
12431 2828 2825 2812 2821 
12432 3110 2697 3109 2698 
12433 2733 910 914 909 
12434 2983 576 574 592 
12435 582 3012 3199 2947 
12436 3255 1529 1369 1078 
12437 3170 3152 2985 580 
12438 2969 3170 693 594 
12439 3171 3262 3280 3269 
12440 2992 2734 838 85 
12441 585 594 3199 693 
12442 3012 591 3152 582 
12443 3013 3158 3169 668 
12444 2743 2750 834 83 
12445 3038 2505 2836 2519 
12446 3101 598 3156 595 
12447 2982 2983 3003 2980 
12448 2752 2975 3037 2963 
12449 3231 2406 2415 1374 
12450 2897 967 3226 968 
12451 3025 1470 3231 2415 
12452 3245 1545 1437 1554 
12453 2891 2830 2977 3184 
12454 3069 774 773 775 
12455 3124 2795 2371 1226 
12456 2961 2846 2844 2845 
12457 755 3110 3113 3132 
12458 3270 1390 1579 2420 
12459 3013 696 68 69 
12460 3048 1232 3224 1259 
12461 3011 3012 3013 3199 
12462 3199 3218 588 586 
12463 3201 3261 3259 3275 
12464 3197 909 2915 908 
12465 3170 580 585 594 
12466 2961 2844 895 2845 
12467 2982 3152 2992 3009 
12468 3170 594 2947 3152 
12469 2438 541 2424 3251 
12470 3229 2460 2442 2455 
12471 3230 1567 1579 1394 
12472 2982 3003 3072 2979 
12473 3183 1372 3265 2421 
12474 3019 1583 1488 1470 
12475 13 807 804 3197 
12476 3053 2237 2177 2268 
12477 2828 2833 2831 3194 
12478 2828 2072 486 2077 
12479 3125 2985 3170 2733 
12480 498 3001 2651 2650 
12481 3271 1482 1396 1483 
12482 2734 2987 912 914 
12483 3051 61 3082 3101 
12484 487 2828 486 2077 
12485 3117 347 1469 2444 
12486 2828 2078 2072 2077 
12487 3117 3278 2417 1394 
12488 3062 554 566 574 
12489 3145 556 590 587 
12490 3042 2666 2685 2686 
12491 3267 2408 3268 538 
12492 2734 836 2992 3152 
12493 2099 2688 2191 3121 
12494 3062 574 567 592 
12495 2828 2812 2813 2821 
12496 3112 3229 3107 2455 
12497 3126 648 3043 652 
12498 3028 3002 2971 3043 
12499 2992 822 836 85 
12500 3141 2141 2140 2102 
12501 3116 570 3061 555 
12502 3121 2134 2278 2202 
12503 2219 3114 2220 3277 
12504 3126 662 651 654 
12505 3108 3249 2672 2673 
12506 3138 3260 3197 3129 
12507 3264 2716 2695 2168 
12508 3271 1395 3117 3268 
12509 3136 2240 2109 2170 
12510 3145 568 556 587 
12511 3268 58 556 570 
12512 3277 1375 1505 1568 
12513 2792 2833 2823 3187 
12514 3271 1386 1428 2459 
12515 1586 1477 1509 3151 
12516 2792 2823 2839 3187 
12517 3114 2278 2246 2162 
12518 2992 2734 2980 838 
12519 585 594 586 3199 
12520 3131 3063 1382 1560 
12521 2830 3035 1524 1491 
12522 3235 913 3236 3238 
12523 3131 1382 3063 1271 
12524 3172 3231 3262 2414 
12525 2404 3268 538 3171 
12526 3151 3224 1299 1163 
12527 3271 3282 3118 2449 
12528 3268 570 3145 3248 
12529 3143 3280 3157 3269 
12530 3134 2713 2704 2722 
12531 2968 2977 3015 2894 
12532 1435 3246 1401 1400 
12533 3232 1435 1459 1533 
12534 3060 2402 3063 2389 
12535 2141 2219 3114 2220 
12536 3157 2794 3047 3058 
12537 1271 1382 1479 1544 
12538 2792 2799 3076 547 
12539 3221 1297 1245 1326 
12540 3170 584 581 590 
12541 3245 1372 3265 1437 
12542 2923 958 2892 1139 
12543 3276 1435 1401 1458 
12544 2928 1189 3198 1362 
12545 3019 1405 1566 1583 
12546 2791 2479 2792 3076 
12547 3025 2413 3172 3274 
12548 2926 2944 3189 3192 
12549 3172 2414 48 2413 
12550 3029 1411 1407 1409 
12551 3141 2141 2260 2140 
12552 3245 2437 335 2420 
12553 2830 3035 1491 1490 
12554 3048 3063 3131 3047 
12555 3268 3145 556 1 
12556 3246 670 3276 7 
12557 3130 668 3169 674 
12558 2791 2837 2732 2839 
12559 2415 1374 2406 321 
12560 2220 1375 2111 3277 
12561 1371 325 2409 324 
12562 1371 325 1416 2409 
12563 3245 2437 1430 335 
12564 3262 2418 2403 2414 
12565 3171 3274 3268 1 
12566 3116 3271 3143 3114 
12567 3266 1474 3047 1558 
12568 3267 314 539 1463 
12569 3271 3117 1395 2458 
12570 35 3267 325 539 
12571 3113 3054 3003 801 
12572 3092 3094 3134 2722 
12573 3170 3025 3230 3281 
12574 3254 2133 2192 2135 
12575 3063 1271 1258 1236 
12576 3142 3264 3241 3224 
12577 539 1463 314 35 
12578 553 557 58 3268 
12579 2793 2728 1216 1199 
12580 3117 2451 2444 2458 
12581 3266 2419 1399 323 
12582 3262 2403 48 2414 
12583 3228 2300 1504 1561 
12584 3118 3282 2441 2449 
12585 3141 537 2721 2102 
12586 2792 2791 2732 2839 
12587 2404 3117 2408 3268 
12588 3267 1416 325 2409 
12589 1469 347 348 2444 
12590 1395 2444 348 2458 
12591 1394 3117 316 2417 
12592 2417 1394 317 316 
12593 2946 2944 3217 702 
12594 2417 1455 317 1394 
12595 2417 1455 2407 317 
12596 316 315 3117 1585 
12597 3117 316 1585 1394 
12598 3268 3117 2451 3118 
12599 2404 3268 3171 3274 
12600 3170 3171 584 590 
12601 3125 3170 3281 2733 
12602 3278 1567 1431 1538 
12603 3230 2407 2417 1455 
12604 2960 2955 2956 2893 
12605 3273 567 3061 568 
12606 3230 1456 1403 1580 
12607 3163 2376 3221 1200 
12608 3226 3256 974 971 
12609 3152 594 582 580 
12610 3149 3202 3212 3205 
12611 3252 895 892 896 
12612 1403 318 2407 1455 
12613 1403 318 2412 2407 
12614 3015 3238 2733 3197 
12615 3267 2408 3117 3268 
12616 794 769 797 3072 
12617 2407 318 317 1455 
12618 3264 2108 3224 2168 
12619 3245 335 1390 2420 
12620 3025 3230 1403 2412 
12621 3230 1455 2417 1394 
12622 3028 3043 2971 666 
12623 3106 542 3108 2440 
12624 3270 3229 2435 3278 
12625 2406 322 1374 2419 
12626 3117 1457 1394 1585 
12627 2793 1233 2795 1318 
12628 3245 1390 1545 1580 
12629 1579 1390 1467 2420 
12630 3270 3230 3278 1467 
12631 1467 2420 1390 336 
12632 1467 2435 2420 336 
12633 1431 346 2442 345 
12634 1431 346 1457 2442 
12635 1431 345 2442 2460 
12636 2960 2893 3030 685 
12637 3278 1467 3230 1567 
12638 1538 2439 338 1492 
12639 1538 337 338 2439 
12640 1538 337 2439 2435 
12641 3127 3041 3121 3248 
12642 3229 1538 3278 1431 
12643 3230 1580 1455 1579 
12644 3273 3062 592 2983 
12645 3171 3269 3268 538 
12646 3117 1585 1469 347 
12647 3270 2429 3265 2436 
12648 2410 316 315 3117 
12649 3171 2413 3172 48 
12650 2968 700 2955 2969 
12651 3117 1395 1469 1463 
12652 3117 3145 3278 2453 
12653 314 3117 315 1469 
12654 3170 594 3152 580 
12655 1457 2461 2442 346 
12656 1467 3278 2435 1538 
12657 3117 3278 3274 2417 
12658 3171 3274 3172 2413 
12659 3270 2426 2429 2436 
12660 1467 3278 1538 1567 
12661 3268 570 57 58 
12662 3125 2986 3281 3236 
12663 3028 653 2959 95 
12664 3117 3278 2461 2453 
12665 2850 902 912 2849 
12666 3277 2192 2232 2111 
12667 3230 1455 1403 2407 
12668 691 2968 685 695 
12669 3015 2894 3137 820 
12670 3115 1291 3131 1259 
12671 2985 2733 2734 3152 
12672 2982 3073 2980 2981 
12673 3241 1522 2294 1501 
12674 3112 3108 2466 2440 
12675 314 3117 2408 315 
12676 3270 2976 3245 3265 
12677 3245 1545 1456 1580 
12678 3048 3131 1248 1292 
12679 344 1492 2460 345 
12680 1467 336 337 2435 
12681 3254 2133 2132 2251 
12682 3126 3275 3201 2962 
12683 3028 3002 2849 2959 
12684 2991 1892 1940 2015 
12685 3227 1897 1982 1535 
12686 3275 1495 1381 1582 
12687 2991 1900 3259 3227 
12688 3240 2989 1402 1960 
12689 3240 1922 2034 1957 
12690 3275 1495 3251 1381 
12691 1829 1389 3258 1986 
12692 3145 568 3248 570 
12693 3229 344 1450 1492 
12694 343 2464 2443 1450 
12695 3271 2458 2459 2449 
12696 3229 3278 3270 3236 
12697 3240 1388 2989 2438 
12698 3251 1450 1581 1526 
12699 3252 3211 2846 2845 
12700 3258 1421 1434 1468 
12701 343 2464 1450 1381 
12702 3229 1450 344 2443 
12703 3229 3272 3236 2425 
12704 343 342 2464 1381 
12705 36 1526 541 326 
12706 3229 541 1450 1526 
12707 1450 541 36 1526 
12708 3112 1381 3275 3251 
12709 3143 58 3268 57 
12710 2435 3229 2439 1538 
12711 3229 36 1450 541 
12712 3229 338 541 2439 
12713 344 1450 343 2443 
12714 2989 1849 3240 2846 
12715 3273 3062 3061 567 
12716 2969 2947 2955 835 
12717 3227 1999 1982 1897 
12718 2464 342 2447 1582 
12719 3106 3278 3118 2452 
12720 3236 3238 3281 3265 
12721 3235 2845 3233 2859 
12722 3272 3236 3107 3278 
12723 3278 3230 2417 1394 
12724 3015 3238 3137 3244 
12725 3230 2416 2417 2407 
12726 3125 2985 2987 3273 
12727 3219 2430 2429 49 
12728 3237 3219 49 2430 
12729 2948 673 712 8 
12730 3112 2443 3229 2455 
12731 3270 3125 3230 3281 
12732 2734 807 2733 3197 
12733 2808 6 2807 2952 
12734 2948 3135 3013 3158 
12735 3201 3240 2846 3251 
12736 2734 918 2915 909 
12737 639 2954 1862 1863 
12738 3227 1897 1997 1941 
12739 2948 68 673 8 
12740 3240 2846 1889 1921 
12741 2948 68 3013 673 
12742 3145 556 568 570 
12743 3118 2441 2451 2449 
12744 2989 328 1451 1432 
12745 2844 2628 2860 2627 
12746 2990 1433 1565 1527 
12747 2954 664 656 659 
12748 2846 1850 2845 1849 
12749 3112 2962 3251 3275 
12750 2961 3201 3022 2846 
12751 95 3250 653 897 
12752 2849 2959 3002 2745 
12753 1440 3151 3115 3241 
12754 3270 3236 3219 49 
12755 3011 3013 3122 3130 
12756 3210 3235 3219 3222 
12757 3046 3053 3017 2237 
12758 807 804 3197 809 
12759 3046 3056 3043 3003 
12760 3053 2237 2131 2177 
12761 3218 588 586 578 
12762 3197 906 907 908 
12763 3054 54 572 2 
12764 3174 613 625 617 
12765 2983 576 3273 2987 
12766 3116 3268 570 57 
12767 3063 2376 2389 1171 
12768 3015 3244 3184 3243 
12769 3203 981 3242 1040 
12770 2734 2915 2850 838 
12771 3279 2667 2680 2671 
12772 2850 916 2916 2915 
12773 3125 3281 2986 2733 
12774 2734 836 3152 86 
12775 3155 3161 3156 1359 
12776 2947 836 840 824 
12777 3170 2733 2985 3152 
12778 2749 2832 2868 3119 
12779 2848 2849 3002 2745 
12780 2734 909 914 912 
12781 3023 3006 3014 3017 
12782 2749 3119 2868 832 
12783 3229 3236 3272 3278 
12784 2744 2617 2613 2611 
12785 2749 2760 2865 2803 
12786 713 2806 2808 719 
12787 2878 2581 2578 2580 
12788 2920 2808 2745 719 
12789 3011 3098 3067 3100 
12790 2889 2918 2883 2919 
12791 3095 784 2964 778 
12792 893 2899 900 898 
12793 3002 3043 3062 3003 
12794 2749 2803 2865 832 
12795 3170 584 585 581 
12796 2127 515 2685 514 
12797 2979 766 769 768 
12798 3017 2630 2654 2167 
12799 2127 2685 2098 514 
12800 2749 2865 3119 832 
12801 2749 2803 2804 2802 
12802 3132 3054 3093 3113 
12803 3048 1248 1349 1292 
12804 2921 2904 728 727 
12805 2982 3152 2734 2992 
12806 3017 2244 2301 2167 
12807 2972 2995 2637 2638 
12808 3136 2170 2718 2694 
12809 2679 3042 3041 2686 
12810 3017 2301 2096 2167 
12811 3042 3056 3041 3043 
12812 2849 2848 3002 2980 
12813 3046 2193 2131 2237 
12814 2972 63 2995 77 
12815 3023 2225 3001 2268 
12816 3042 3008 2687 2664 
12817 3110 3109 3136 2694 
12818 2749 2804 2742 2802 
12819 2114 2654 494 2167 
12820 2114 494 2654 45 
12821 2959 2808 2746 657 
12822 2114 2634 2160 45 
12823 3017 2096 2630 2167 
12824 2972 2160 2634 2637 
12825 2972 2995 2638 716 
12826 3055 2244 3017 2114 
12827 2178 2664 515 516 
12828 3017 3053 2166 2096 
12829 2178 2685 515 2664 
12830 3056 2679 3121 2688 
12831 2972 2264 2114 2160 
12832 3008 2264 2972 2160 
12833 2114 2654 2634 45 
12834 3016 2663 3239 2690 
12835 3017 2660 2652 2659 
12836 2098 2688 2666 3056 
12837 3055 2676 2682 643 
12838 3008 2664 516 2683 
12839 3028 3126 3043 652 
12840 3055 2676 2687 2682 
12841 3055 3042 2244 2264 
12842 2749 2742 2804 2803 
12843 2749 2803 14 2742 
12844 516 2683 517 2126 
12845 3016 66 645 631 
12846 3279 2242 2136 2228 
12847 2853 2324 2326 2336 
12848 2682 2676 3239 648 
12849 2682 2676 648 643 
12850 3126 3239 3201 3261 
12851 3126 2676 3043 648 
12852 3271 3277 1482 1483 
12853 3017 2114 2244 2167 
12854 3017 2096 2652 2630 
12855 3126 3201 3239 5 
12856 3109 2299 2189 2274 
12857 3273 567 568 592 
12858 3122 619 62 3 
12859 2688 512 2662 2099 
12860 2313 2853 3166 2336 
12861 2688 2191 512 2099 
12862 2688 2191 513 512 
12863 2853 2319 2326 2324 
12864 2688 2666 513 2098 
12865 2688 513 2191 2098 
12866 3067 2392 2385 2386 
12867 513 2098 2666 514 
12868 2659 2660 2641 3014 
12869 3143 557 3280 3269 
12870 3046 2244 3042 2127 
12871 3127 3253 3282 3254 
12872 3041 2686 2676 2675 
12873 3053 2130 2176 2131 
12874 2985 577 575 576 
12875 2679 3042 3056 3041 
12876 3114 3094 3136 2722 
12877 3046 3043 3042 3017 
12878 3125 590 3170 581 
12879 3109 2189 2176 2284 
12880 2985 580 3152 577 
12881 3277 2220 1375 1501 
12882 3267 325 539 2409 
12883 2685 2666 2098 514 
12884 3127 2099 511 2132 
12885 3127 3254 2133 2132 
12886 511 510 2670 2132 
12887 3106 3107 3278 2455 
12888 3271 1428 1386 1482 
12889 3282 3253 3249 543 
12890 3127 511 2662 2670 
12891 3041 3249 3108 3248 
12892 3253 3254 2132 2303 
12893 510 2668 2183 509 
12894 2853 2319 2838 2326 
12895 2462 3282 543 3253 
12896 3127 3254 3121 2133 
12897 2232 305 306 1473 
12898 3282 2446 3253 2462 
12899 2987 912 914 921 
12900 3277 2232 1505 2111 
12901 3277 3241 2220 1501 
12902 3136 2707 2693 2722 
12903 3046 3056 3113 2130 
12904 2853 2838 3173 2326 
12905 3121 2279 2134 2202 
12906 3254 2119 2232 2251 
12907 1562 2256 308 307 
12908 3228 3279 3283 1429 
12909 3228 2680 46 2661 
12910 1562 1502 2119 307 
12911 1562 2119 2256 307 
12912 3151 1443 1534 1575 
12913 3254 2251 2232 2192 
12914 3228 3249 2671 2661 
12915 3279 2667 2681 2689 
12916 306 1502 2119 1473 
12917 2256 1561 308 2302 
12918 3125 3170 3230 3281 
12919 3271 1396 1499 1483 
12920 1592 3143 3277 1500 
12921 3266 2411 1559 2409 
12922 2728 1239 1216 1199 
12923 1584 2467 351 1445 
12924 1584 2467 2446 351 
12925 1584 351 2446 350 
12926 3228 2185 2179 46 
12927 3253 1502 1562 1445 
12928 2971 2807 2973 2806 
12929 3253 510 2668 2183 
12930 3228 2302 2300 1561 
12931 3253 2303 2132 2183 
12932 3271 3121 3282 3254 
12933 3283 341 2447 2465 
12934 3253 2669 3249 2661 
12935 351 2467 37 1445 
12936 1428 350 2446 2459 
12937 3127 511 2670 2132 
12938 3253 2670 2669 2668 
12939 3277 1473 1482 1505 
12940 3253 2446 3254 1584 
12941 3117 2461 1585 347 
12942 1585 2461 1457 347 
12943 3117 2461 2444 2453 
12944 3271 3277 3254 1482 
12945 3046 2127 3042 2685 
12946 3061 3003 3113 3054 
12947 1457 346 347 2461 
12948 3117 1457 1585 2461 
12949 3253 2179 2183 509 
12950 3093 569 3054 559 
12951 2982 572 2983 575 
12952 3268 556 3145 570 
12953 3258 1389 1493 1536 
12954 2991 3227 3261 3239 
12955 3279 3258 1434 1523 
12956 3258 3259 2991 3261 
12957 1450 3112 2443 3229 
12958 3240 1514 2034 1834 
12959 2464 1381 342 1582 
12960 3250 2844 2954 2746 
12961 3254 2232 2119 1473 
12962 3053 2189 759 2190 
12963 3126 3028 2962 653 
12964 892 3252 96 2961 
12965 3125 3145 3274 590 
12966 3278 1567 3230 1394 
12967 3258 1523 3227 1590 
12968 2447 1582 341 1421 
12969 3239 2674 2682 2677 
12970 3258 3251 3259 3275 
12971 3258 1590 1536 1493 
12972 3022 649 638 661 
12973 3279 3261 3283 3258 
12974 2465 1380 341 340 
12975 3275 1381 2464 1582 
12976 3258 3261 2991 3227 
12977 3025 2413 3274 3230 
12978 3228 3249 3279 2671 
12979 3283 3258 3275 1421 
12980 3108 3059 3126 3043 
12981 3279 3261 2681 2673 
12982 3279 522 2185 2680 
12983 2991 3259 1869 1867 
12984 3022 649 2022 1865 
12985 3279 2689 3227 2113 
12986 3279 3249 3283 3261 
12987 340 339 2445 1429 
12988 3249 2671 2672 2673 
12989 3283 3275 2447 1421 
12990 3258 1986 1389 1837 
12991 3228 3279 2680 2671 
12992 2468 544 1447 37 
12993 3228 2179 2302 2256 
12994 3160 3223 3155 1205 
12995 3253 2668 2669 2661 
12996 544 37 2467 1445 
12997 3116 3121 3271 3114 
12998 3228 2445 2468 1429 
12999 3253 1584 1502 1445 
13000 544 1447 37 1445 
13001 3228 1561 3253 2256 
13002 3127 2679 3041 2678 
13003 3253 2119 2303 2256 
13004 3258 1932 2007 1986 
13005 3279 2185 522 2136 
13006 3201 663 662 654 
13007 3283 1421 341 1380 
13008 3283 1380 1434 1421 
13009 3249 2450 542 543 
13010 3253 543 2462 544 
13011 3106 3112 2455 2456 
13012 3248 3271 3118 3268 
13013 3041 2672 3249 2678 
13014 3127 3282 3253 3249 
13015 3279 3261 3258 3227 
13016 3108 2672 2674 2673 
13017 339 37 2468 1447 
13018 3228 544 3253 1445 
13019 2991 67 3239 5 
13020 3228 3249 3253 543 
13021 2445 1429 339 2468 
13022 1504 1561 2300 309 
13023 3283 3275 3258 3261 
13024 3279 2228 1397 1531 
13025 3279 1531 1504 2242 
13026 3253 2462 2446 2467 
13027 3228 1504 1447 1561 
13028 1504 1531 310 2242 
13029 1504 309 2300 310 
13030 309 308 1561 2302 
13031 3228 2185 46 2680 
13032 1504 2300 2185 2242 
13033 3279 1489 1397 1523 
13034 3228 2185 2300 2179 
13035 3228 2445 3283 3249 
13036 2853 2331 2324 2313 
13037 3228 3253 1561 1445 
13038 3228 544 2468 2463 
13039 2179 46 509 2661 
13040 3046 3056 2130 2129 
13041 3127 3249 3253 2669 
13042 3279 2198 3227 1523 
13043 3228 1447 544 1445 
13044 3228 3279 1429 1504 
13045 3279 1489 1429 1504 
13046 522 521 2667 2136 
13047 3279 1489 3283 1429 
13048 3279 1397 2228 1523 
13049 46 2680 2185 522 
13050 3228 543 3253 544 
13051 3228 3279 2185 2680 
13052 3279 1504 2185 2242 
13053 2853 2852 2838 2320 
13054 3253 2183 2179 2256 
13055 3055 641 642 630 
13056 3228 46 2179 2661 
13057 3241 2260 2294 2171 
13058 3277 3241 1501 1568 
13059 3228 3283 3279 3249 
13060 2300 2302 309 1561 
13061 3253 1445 544 2467 
13062 3249 2672 2669 2678 
13063 3253 2183 2668 509 
13064 3249 542 2450 2440 
13065 3253 510 2670 2668 
13066 3267 539 35 1463 
13067 3253 1562 1561 1445 
13068 3228 3283 2445 1429 
13069 2662 511 2099 512 
13070 2899 2614 2615 2618 
13071 3170 581 580 579 
13072 3127 2662 2679 2678 
13073 509 3253 2179 2661 
13074 3271 3254 3282 2446 
13075 2986 3236 913 922 
13076 519 2684 2169 518 
13077 2169 2663 519 2137 
13078 2169 2663 2684 519 
13079 520 2137 2663 2689 
13080 520 521 2113 2689 
13081 1866 3022 2991 1867 
13082 3127 2132 3253 3254 
13083 3227 2261 2198 2186 
13084 2991 3201 628 5 
13085 3112 3251 2962 3107 
13086 3016 2665 2682 645 
13087 5 635 2991 67 
13088 3018 2015 2118 1966 
13089 3275 2447 2454 3283 
13090 3258 1589 1495 1494 
13091 3016 65 3007 645 
13092 3258 1590 1837 1536 
13093 3249 2454 2450 2445 
13094 3041 2676 3108 2674 
13095 2113 2136 2689 521 
13096 520 2113 2137 2689 
13097 2689 2136 2667 521 
13098 3007 2265 2187 2106 
13099 3228 3253 3249 2661 
13100 3227 1999 1897 1941 
13101 3279 1434 3283 1489 
13102 3279 3258 1523 3227 
13103 3279 2113 3227 2198 
13104 3258 1589 3251 1495 
13105 2991 628 638 635 
13106 542 3106 3248 2441 
13107 3253 2132 2670 510 
13108 3228 3253 2179 2256 
13109 2991 3227 2015 1940 
13110 519 2663 520 2137 
13111 3055 2972 3008 2264 
13112 2228 2242 311 1531 
13113 2228 311 1397 1531 
13114 3279 2228 2198 1523 
13115 3279 1504 1531 1489 
13116 2255 1523 1397 1535 
13117 311 2242 310 1531 
13118 2228 1397 311 312 
13119 2256 1561 1562 308 
13120 1523 2228 2198 2255 
13121 3228 2671 2680 2661 
13122 3228 2185 3279 1504 
13123 3279 3258 3283 1434 
13124 3228 2300 2302 2179 
13125 3228 2185 1504 2300 
13126 3228 1447 2468 544 
13127 1397 312 2228 2255 
13128 3240 1889 1849 1890 
13129 653 654 2962 3126 
13130 2991 638 3018 635 
13131 3279 2242 2185 2136 
13132 2853 2838 2852 3187 
13133 3227 3016 3018 2272 
13134 3227 2186 2272 2234 
13135 3240 1989 1960 1834 
13136 3253 2446 1584 2467 
13137 3022 1866 638 1865 
13138 3251 1526 1388 2438 
13139 3259 1887 1922 1957 
13140 2734 912 918 909 
13141 3026 2120 2957 1964 
13142 3022 2022 1943 1865 
13143 2961 3022 3250 2844 
13144 3055 643 666 652 
13145 3259 1957 1829 2007 
13146 3279 1397 1489 1531 
13147 95 3250 897 894 
13148 1829 1389 1986 295 
13149 3258 1495 3275 1421 
13150 3131 3047 1475 1570 
13151 295 1829 1552 294 
13152 3283 1434 3258 1421 
13153 1389 1837 1986 296 
13154 1389 1837 296 1536 
13155 2815 607 609 608 
13156 1389 1552 1829 1494 
13157 1837 297 1441 1982 
13158 3258 1837 1389 1536 
13159 297 298 1441 1982 
13160 1441 1590 1536 1837 
13161 1441 1590 1837 1982 
13162 1837 1590 1999 1982 
13163 1389 1986 295 296 
13164 3259 1887 1957 2007 
13165 3259 1887 3022 1922 
13166 3258 1999 1932 1837 
13167 3258 2991 3259 3227 
13168 3273 579 592 587 
13169 3283 2465 2447 2454 
13170 3227 1941 1823 1940 
13171 296 1536 1837 297 
13172 2815 3180 3168 609 
13173 3259 1886 1900 1869 
13174 3240 2989 1461 1402 
13175 3259 1867 3022 1887 
13176 3283 2447 341 1421 
13177 1590 1982 1441 1535 
13178 3227 1997 1897 2261 
13179 1982 1897 2023 1535 
13180 3201 5 3261 3239 
13181 648 631 2682 643 
13182 2689 3261 2663 2681 
13183 2991 3239 3261 5 
13184 1573 2255 313 1535 
13185 2815 3173 607 608 
13186 1573 2255 2291 313 
13187 1441 1982 298 2023 
13188 3249 2454 2445 3283 
13189 1441 2023 1573 1535 
13190 1441 1982 2023 1535 
13191 1829 1389 295 1552 
13192 2255 1573 2291 2125 
13193 2023 437 2291 2125 
13194 636 3026 634 640 
13195 2255 1573 2125 1535 
13196 3258 1999 3227 1900 
13197 1573 313 2291 34 
13198 1573 2291 2023 34 
13199 313 312 1535 2255 
13200 2023 1535 1897 2125 
13201 1837 297 1536 1441 
13202 1573 1535 2023 2125 
13203 1573 2023 298 34 
13204 3279 2667 522 2680 
13205 633 3026 2957 1908 
13206 2815 2732 609 607 
13207 1573 2023 2291 2125 
13208 2462 3282 2448 543 
13209 436 435 2261 1997 
13210 3261 2681 2673 2677 
13211 3228 2179 3253 2661 
13212 1397 312 2255 1535 
13213 2261 1897 436 1997 
13214 2261 1897 2125 436 
13215 1823 2261 2234 435 
13216 3227 1982 1590 1535 
13217 2023 1897 437 2125 
13218 1897 2125 436 437 
13219 2991 1869 1866 1867 
13220 3279 2681 2667 2673 
13221 3282 2448 2446 2462 
13222 2991 1900 3227 1940 
13223 2815 608 609 610 
13224 2815 609 3168 610 
13225 2815 3174 3168 3180 
13226 3279 1434 1489 1523 
13227 3227 2125 1535 2255 
13228 3259 1932 1886 2007 
13229 2272 2015 2234 2118 
13230 3018 1892 1984 1954 
13231 3016 3026 3018 2306 
13232 3258 1829 3259 1494 
13233 2255 3227 2198 1523 
13234 434 433 2118 1966 
13235 1823 1966 2234 2015 
13236 3228 1429 1447 1504 
13237 2118 3026 2233 2306 
13238 3227 2198 2261 2125 
13239 2118 1966 433 1833 
13240 2991 1869 1940 1892 
13241 3018 1866 1892 1954 
13242 3026 2120 1964 1833 
13243 2233 433 432 1833 
13244 2118 433 2233 1833 
13245 2233 432 2120 1833 
13246 3016 3018 634 66 
13247 3016 3008 2106 2665 
13248 638 2991 1866 3022 
13249 3018 1954 1984 1924 
13250 3016 634 65 66 
13251 3227 3239 3016 2663 
13252 3227 2186 2137 2272 
13253 1823 434 435 2234 
13254 2118 3018 1966 3026 
13255 3026 2120 2298 2275 
13256 3007 2298 3026 2187 
13257 3007 2275 2265 2172 
13258 2160 3007 2972 3008 
13259 3018 636 1866 1954 
13260 3016 3007 3008 645 
13261 3227 1941 1997 1823 
13262 3026 633 2957 647 
13263 3026 636 3018 1924 
13264 3279 2136 2113 2198 
13265 3227 1940 1900 1941 
13266 3016 3026 3007 65 
13267 3016 2272 2137 2169 
13268 3016 3018 66 67 
13269 3239 631 648 644 
13270 631 3016 3239 2682 
13271 3227 2015 1940 1823 
13272 3259 1589 1494 1957 
13273 3227 2261 2234 1823 
13274 2118 3026 1833 2233 
13275 3018 2015 1966 1984 
13276 3016 518 2169 2684 
13277 518 2106 517 2665 
13278 3126 5 644 662 
13279 3120 3169 3160 3158 
13280 3125 3107 3273 3059 
13281 3016 3018 3026 634 
13282 3016 2169 518 2106 
13283 3007 2106 3008 2277 
13284 3120 2395 2388 2396 
13285 3007 2957 2275 2172 
13286 2957 2275 2243 2120 
13287 3026 1924 1984 1833 
13288 2958 1917 731 741 
13289 3016 2137 2663 2169 
13290 2120 1835 2957 1964 
13291 2957 2194 1835 2243 
13292 2957 2995 2972 63 
13293 3016 2306 2272 2169 
13294 2120 1835 2243 2957 
13295 2971 3043 3002 3017 
13296 1835 430 431 2243 
13297 431 1964 2120 432 
13298 2957 2226 2172 2110 
13299 2958 2995 2262 2194 
13300 1835 2243 2194 430 
13301 1835 431 1964 2120 
13302 1835 2243 431 2120 
13303 2995 2163 507 2649 
13304 3026 1924 3018 1984 
13305 631 3016 2682 645 
13306 3026 2957 1908 2005 
13307 3018 638 636 635 
13308 3007 3026 2298 2275 
13309 2957 1980 1835 1965 
13310 2255 3227 1523 1535 
13311 3227 2272 2015 2234 
13312 3016 2306 3018 2272 
13313 3016 66 65 645 
13314 3120 2396 3159 1221 
13315 2957 2226 2194 2243 
13316 3120 3158 3160 3223 
13317 3120 3159 3158 3175 
13318 2991 2015 3227 3018 
13319 2120 432 1964 1833 
13320 3026 2187 2233 2306 
13321 3227 1535 2125 1897 
13322 3227 2113 2137 2186 
13323 3227 2125 2255 2198 
13324 3026 634 647 65 
13325 2957 2275 2226 2243 
13326 3016 2663 2684 2169 
13327 2958 2262 1965 2194 
13328 2957 1908 2952 633 
13329 2957 2952 1908 1933 
13330 2958 2952 732 77 
13331 2995 507 2110 2637 
13332 3007 2172 2265 2277 
13333 656 1861 2954 1863 
13334 2028 1915 2952 2610 
13335 2746 2603 664 2611 
13336 2945 2952 2808 743 
13337 2957 2972 2995 2110 
13338 640 1868 646 636 
13339 2958 2952 2957 1933 
13340 3026 1964 1924 1833 
13341 1924 1868 640 636 
13342 646 639 636 1864 
13343 646 636 1868 1864 
13344 3120 3158 3223 3175 
13345 1864 646 639 1863 
13346 646 1863 637 639 
13347 3120 2399 3160 3169 
13348 637 639 1863 656 
13349 637 2028 2610 1861 
13350 2610 629 664 2808 
13351 3015 3265 3281 3238 
13352 1915 2610 1901 2952 
13353 1908 1884 646 1868 
13354 1863 646 637 1884 
13355 2807 2972 716 77 
13356 1908 1884 633 646 
13357 3227 2137 3016 2272 
13358 2995 716 77 76 
13359 1864 646 1863 1868 
13360 2920 2905 2883 2608 
13361 1824 2028 2610 1915 
13362 2028 629 637 2610 
13363 2952 2017 1901 1915 
13364 3139 1043 3147 2914 
13365 629 657 664 2808 
13366 2957 2172 2972 2110 
13367 1884 633 629 2952 
13368 2808 2607 2610 1901 
13369 2952 63 629 6 
13370 2744 2808 2920 2945 
13371 2807 632 6 657 
13372 2959 658 657 659 
13373 1863 646 1884 1868 
13374 2995 2649 2646 2632 
13375 2808 2952 9 743 
13376 2936 2656 2631 2655 
13377 3027 2544 2549 2527 
13378 3062 3028 3043 3002 
13379 3023 3017 3003 3053 
13380 3183 1543 1372 1448 
13381 2971 2973 2807 632 
13382 3011 3130 3098 573 
13383 3056 2191 2279 2129 
13384 2846 3210 2427 2989 
13385 2973 3014 3005 2641 
13386 2127 515 2178 2685 
13387 3023 3001 2166 2268 
13388 2845 1847 1822 1846 
13389 679 2926 678 2928 
13390 2829 2855 3168 611 
13391 3005 2643 720 715 
13392 3053 2166 2237 2268 
13393 2971 2807 2806 657 
13394 2958 2994 731 1934 
13395 2973 716 2972 2638 
13396 2973 2660 3014 2641 
13397 3199 696 69 672 
13398 3062 572 554 574 
13399 722 2906 2921 725 
13400 2982 2979 3072 2981 
13401 3056 2279 3121 2202 
13402 2610 2028 629 2952 
13403 2995 2632 2646 76 
13404 1908 646 633 640 
13405 1924 1954 1868 636 
13406 657 2971 632 650 
13407 3026 1833 1966 2118 
13408 1980 2958 1933 1918 
13409 3026 640 633 647 
13410 3016 3008 2665 645 
13411 3227 2234 2261 2186 
13412 3016 518 2684 2665 
13413 3227 1982 1999 1590 
13414 3008 2664 2178 516 
13415 3007 647 3026 2957 
13416 2995 2649 2638 2646 
13417 2734 807 2915 806 
13418 3201 2962 663 654 
13419 2957 2952 63 633 
13420 2973 3017 3014 2660 
13421 2659 2660 3014 3017 
13422 3055 2264 2244 2114 
13423 2971 641 2972 632 
13424 2983 575 574 576 
13425 3042 3056 2666 2679 
13426 2220 3141 2141 2260 
13427 3258 3259 1589 1494 
13428 3112 2466 2456 2440 
13429 3126 3201 5 662 
13430 3055 2676 3042 2687 
13431 3016 634 3026 65 
13432 2973 2640 716 2638 
13433 3229 2439 1538 1492 
13434 3258 1495 1421 1468 
13435 2808 2807 713 9 
13436 2654 2660 3017 2973 
13437 2918 2883 2921 2904 
13438 2957 647 633 64 
13439 3279 522 2667 2136 
13440 3112 3251 1450 1381 
13441 3108 3107 3126 3059 
13442 638 2991 3022 628 
13443 2928 677 678 679 
13444 3112 3275 2464 2447 
13445 3026 2233 2120 1833 
13446 1829 1389 1494 3258 
13447 639 1864 1862 649 
13448 2954 2022 3022 649 
13449 3022 2991 3259 3201 
13450 638 636 639 1864 
13451 639 1863 1862 1864 
13452 639 2954 1863 656 
13453 3008 2683 516 2126 
13454 2928 677 3159 678 
13455 2685 2666 3046 2098 
13456 2972 64 641 630 
13457 3016 2106 518 2665 
13458 2991 3018 3227 3016 
13459 3016 2690 3239 2682 
13460 3026 2298 2233 2187 
13461 2118 3018 3026 2306 
13462 1823 434 2234 1966 
13463 2928 3159 2943 678 
13464 1868 636 1954 1864 
13465 638 1864 639 649 
13466 1908 646 640 1868 
13467 3026 1984 3018 1966 
13468 2954 1861 1862 1863 
13469 2954 3022 2844 649 
13470 1819 465 466 2622 
13471 2954 2746 664 659 
13472 2954 1819 1862 1861 
13473 2954 664 2746 2603 
13474 2926 2943 706 678 
13475 2844 1902 465 2609 
13476 2954 656 639 649 
13477 2991 3261 3201 5 
13478 2991 3016 3239 67 
13479 3227 2272 3018 2015 
13480 2844 2846 3022 2038 
13481 3112 2962 3126 3107 
13482 2846 2038 1850 1921 
13483 3126 3107 2962 3059 
13484 3249 2450 2454 2440 
13485 95 3250 894 2962 
13486 3228 2468 2445 2463 
13487 648 631 3239 2682 
13488 3240 2989 2846 2438 
13489 3251 1450 1381 1581 
13490 3259 1829 1957 1494 
13491 95 3250 654 653 
13492 2926 3189 2943 3175 
13493 766 3113 3003 801 
13494 638 1866 636 1864 
13495 3258 1829 1986 2007 
13496 2954 2844 2622 2628 
13497 2844 2846 2038 1850 
13498 2844 2609 2622 2628 
13499 2899 2746 2860 898 
13500 3250 3201 663 3022 
13501 2746 664 2808 2611 
13502 3112 2464 2457 2447 
13503 2959 2745 2746 2808 
13504 2928 679 3032 3200 
13505 2961 96 892 894 
13506 2676 3239 3126 2674 
13507 3136 2170 3109 2280 
13508 3017 2166 2652 2096 
13509 3239 2677 2682 2690 
13510 2928 679 682 3032 
13511 2850 901 93 18 
13512 2959 93 2745 902 
13513 3121 2099 2134 2191 
13514 3151 1224 3224 2271 
13515 2958 732 741 744 
13516 1824 1901 2610 468 
13517 1824 2610 467 468 
13518 2807 63 2972 77 
13519 2028 2610 1861 1824 
13520 3007 64 2957 2972 
13521 2952 63 633 629 
13522 637 1863 2028 1861 
13523 2807 716 9 77 
13524 1861 2603 2610 664 
13525 2954 639 1862 649 
13526 1862 2022 649 1865 
13527 638 1864 649 1865 
13528 2926 3030 2933 683 
13529 649 3250 3022 2844 
13530 664 2954 1861 2603 
13531 3007 2972 2957 2172 
13532 2844 1902 2625 1822 
13533 2954 2022 2844 3022 
13534 633 637 646 1884 
13535 466 2603 467 1861 
13536 467 2603 2610 1861 
13537 1861 656 637 1863 
13538 2952 633 1908 1884 
13539 2610 1901 2607 468 
13540 629 1884 2028 637 
13541 2905 1854 2902 1855 
13542 2744 2745 893 923 
13543 1861 2954 664 656 
13544 722 718 2906 724 
13545 3259 2007 1886 1887 
13546 2926 3192 3208 3030 
13547 2744 2617 2608 2616 
13548 2744 2808 2746 2745 
13549 2808 664 2610 2611 
13550 2926 3208 2933 3030 
13551 465 44 2609 1902 
13552 3217 2956 3195 3189 
13553 2954 2603 2612 2622 
13554 2844 465 1819 2622 
13555 3022 1867 1866 1865 
13556 2744 2607 2617 2611 
13557 2954 1862 2022 649 
13558 2954 2603 466 1861 
13559 2844 2845 1850 2025 
13560 3260 2888 3148 3222 
13561 2851 2859 1845 1988 
13562 2890 2894 3184 2977 
13563 3233 2859 2851 2888 
13564 1961 2851 2588 1891 
13565 2860 2627 2628 2614 
13566 3211 1953 1848 1880 
13567 2625 2604 1822 477 
13568 3217 2956 2949 3207 
13569 2625 1822 44 477 
13570 2859 2845 2625 1822 
13571 2989 1461 1402 1556 
13572 893 2899 898 2746 
13573 2844 2609 2628 2627 
13574 2807 63 2952 6 
13575 3129 2917 2916 2915 
13576 2859 2036 1845 1988 
13577 3257 1472 1596 1471 
13578 3260 2859 3235 3233 
13579 3222 2000 1881 1879 
13580 2899 2860 900 898 
13581 2846 1850 1849 1889 
13582 2959 2745 93 893 
13583 2953 841 885 856 
13584 3240 1889 1922 1921 
13585 2625 1822 1902 44 
13586 2899 2619 2615 2616 
13587 2862 2624 2626 2619 
13588 2844 1850 2038 2025 
13589 2753 2782 2781 2922 
13590 3016 3239 66 631 
13591 3272 96 3107 3236 
13592 3041 2675 2676 2674 
13593 2899 2860 2864 915 
13594 2846 1850 1889 1921 
13595 1862 649 1864 1865 
13596 3257 1423 3220 1422 
13597 3210 2989 2422 2427 
13598 2844 2038 1910 2025 
13599 2844 2609 2627 2625 
13600 2959 3250 897 653 
13601 2746 2614 2860 2628 
13602 3217 3195 2956 3207 
13603 2954 466 1819 1861 
13604 2438 2989 1451 1388 
13605 2845 1850 1847 1849 
13606 2954 2603 2746 2612 
13607 3260 3138 3233 906 
13608 3147 2599 3225 1911 
13609 2859 1845 1822 2604 
13610 3211 1959 1953 1931 
13611 2851 2601 2588 1891 
13612 2851 2601 2574 2596 
13613 2989 1451 1388 1461 
13614 3210 2431 3220 2430 
13615 3056 2279 2240 2129 
13616 3210 3212 3220 1422 
13617 1831 3211 2990 1958 
13618 2846 3211 2989 1849 
13619 2989 1451 1461 1556 
13620 2989 2434 1451 328 
13621 2844 2038 3022 1910 
13622 3250 660 655 659 
13623 2746 2808 664 659 
13624 3252 913 3235 896 
13625 2851 2596 2574 2602 
13626 3236 3235 3252 913 
13627 3183 3265 3219 2421 
13628 2961 892 3252 895 
13629 3251 2438 2846 2424 
13630 2989 1959 2990 1831 
13631 3112 2443 2457 2464 
13632 3258 1932 3259 2007 
13633 1388 326 2438 1526 
13634 1388 327 2438 326 
13635 2989 1432 2990 2422 
13636 3112 3275 3126 2962 
13637 1451 328 2434 327 
13638 3240 1388 3251 1462 
13639 1451 327 2434 2438 
13640 2845 1847 1850 2025 
13641 3210 3222 3211 3235 
13642 2989 1432 1451 1556 
13643 3240 1889 1890 1989 
13644 3229 1492 338 2439 
13645 3217 2949 3135 3174 
13646 3229 1431 3278 2442 
13647 3250 655 2959 2746 
13648 2986 2733 3281 3238 
13649 342 341 2447 1582 
13650 3193 1039 933 1138 
13651 3230 1579 1455 1394 
13652 541 2438 326 1526 
13653 1451 327 2438 1388 
13654 2985 2733 2986 914 
13655 3240 1589 3259 1957 
13656 2844 2845 2025 1822 
13657 3228 2468 1447 1429 
13658 3250 898 2746 897 
13659 3240 1462 3251 1589 
13660 3272 2425 540 2426 
13661 3283 341 2465 1380 
13662 339 1447 2468 1429 
13663 3127 2669 3253 2670 
13664 3253 2119 3254 2303 
13665 3240 1550 1462 1589 
13666 3055 2972 641 630 
13667 2991 3259 3201 3261 
13668 2991 1892 3018 1866 
13669 2923 1019 928 1149 
13670 3240 1461 1462 1550 
13671 3275 2464 2447 1582 
13672 3240 3251 3259 1589 
13673 2961 3201 3250 3022 
13674 3272 2426 540 49 
13675 3240 1989 1890 1960 
13676 3106 3118 3273 3248 
13677 1441 298 1573 2023 
13678 3121 2278 2134 2135 
13679 1504 310 2300 2242 
13680 1393 1829 1970 294 
13681 3227 2689 2663 2137 
13682 1393 1829 294 1552 
13683 3016 66 3239 67 
13684 3272 540 541 2424 
13685 2961 2962 3201 2846 
13686 3227 2198 2113 2186 
13687 3240 1970 1957 2034 
13688 3223 3217 3158 3135 
13689 3240 1393 1589 1957 
13690 3260 2888 3222 2859 
13691 3240 1461 2989 1388 
13692 2902 1854 735 1857 
13693 3028 920 95 94 
13694 3240 1461 1550 1514 
13695 1970 1514 293 1834 
13696 1970 1514 1393 293 
13697 294 293 1970 1393 
13698 3229 1431 2442 2460 
13699 3279 2242 2228 1531 
13700 3259 1932 1900 1886 
13701 1552 1393 1829 1494 
13702 2991 3016 3227 3239 
13703 3240 2846 3251 2438 
13704 1514 1402 292 1834 
13705 1823 2261 435 1997 
13706 3250 2746 2954 660 
13707 3055 2972 2264 2114 
13708 3240 1922 3259 3022 
13709 1402 291 292 1960 
13710 3259 1886 1869 1867 
13711 3240 1970 2034 1514 
13712 1402 1960 292 1834 
13713 3240 3259 1922 1957 
13714 1589 1957 1393 1494 
13715 2989 1517 1591 1432 
13716 2946 2948 2947 673 
13717 3217 3189 2944 2956 
13718 290 289 1831 1465 
13719 291 1517 290 2006 
13720 3258 1493 1523 1590 
13721 1402 291 1960 2006 
13722 1831 1517 290 1465 
13723 1831 1517 2006 290 
13724 3217 2943 2944 3189 
13725 2006 2989 1831 1959 
13726 2989 2424 2438 2434 
13727 3240 2034 1989 1834 
13728 1527 1831 2010 289 
13729 1958 3211 3247 1882 
13730 1517 1465 1831 1591 
13731 3210 3237 2432 2430 
13732 3237 3219 3236 49 
13733 2990 1433 1422 1391 
13734 3210 2423 2431 2430 
13735 3247 2990 1958 2010 
13736 3247 2027 1385 1828 
13737 3240 1922 1889 1989 
13738 3217 2943 3189 3175 
13739 2990 1432 1591 1391 
13740 1432 2422 329 2433 
13741 1432 329 1391 2433 
13742 3146 2589 2593 2585 
13743 1432 2422 328 329 
13744 3247 2027 1828 2026 
13745 3022 649 661 663 
13746 2989 1556 1517 1432 
13747 3229 1492 1431 2460 
13748 3211 1880 1848 1879 
13749 3106 3108 3248 3059 
13750 3257 1425 1472 1497 
13751 1831 2989 1517 1591 
13752 3217 3158 2943 3175 
13753 2857 2584 2881 2583 
13754 2845 2025 1822 1847 
13755 3272 3237 3236 49 
13756 2946 2944 2960 2956 
13757 3150 1883 1881 1942 
13758 3193 1427 1452 1454 
13759 2989 1960 1890 1959 
13760 2990 1565 1465 1527 
13761 3240 1921 3022 2846 
13762 3240 3022 1921 1922 
13763 2846 2424 2989 2427 
13764 3240 1461 1514 1402 
13765 3147 1043 3225 2914 
13766 2989 1556 1402 1517 
13767 2961 2845 3252 2846 
13768 1402 1517 291 2006 
13769 2948 3009 2949 2947 
13770 3247 1471 1593 1433 
13771 2845 899 895 896 
13772 3149 1937 3212 2008 
13773 2423 2431 331 1422 
13774 2859 2625 2860 2604 
13775 3020 3030 2933 2892 
13776 3210 2989 2990 2422 
13777 3220 1427 1424 1426 
13778 3247 1971 1958 1912 
13779 3270 49 2429 2426 
13780 3220 1448 1373 1578 
13781 1373 331 332 2431 
13782 3237 2427 2432 49 
13783 1373 1422 331 2431 
13784 1373 2431 332 1448 
13785 3210 2423 330 1422 
13786 329 330 1391 2433 
13787 330 1422 2423 331 
13788 2946 2949 3217 2956 
13789 2989 2434 328 2422 
13790 3149 3234 1129 1025 
13791 3150 1888 1942 1820 
13792 3237 49 2432 2430 
13793 3149 1129 935 1140 
13794 1527 1831 289 1465 
13795 1958 3211 2990 3247 
13796 1971 1527 2010 288 
13797 1527 288 289 2010 
13798 2990 1591 1465 1565 
13799 2006 2989 1517 1831 
13800 3269 3047 3142 1371 
13801 3198 1195 1231 1193 
13802 2874 2775 2776 2774 
13803 2990 1391 330 2433 
13804 3247 1433 1496 1471 
13805 3234 1074 1126 954 
13806 1883 3247 3212 1882 
13807 2990 1527 1831 2010 
13808 1971 1527 288 1496 
13809 1971 287 1496 288 
13810 3260 2888 3233 3138 
13811 3220 1578 1424 1427 
13812 2990 1432 1391 2433 
13813 3028 3059 3126 2962 
13814 3270 49 3219 2429 
13815 3247 2990 3257 3212 
13816 3247 1912 1958 1882 
13817 1829 1970 1957 1393 
13818 3258 2007 3259 1829 
13819 1385 286 1828 1518 
13820 3247 1883 3212 1937 
13821 3205 1498 1569 1497 
13822 1385 1518 1828 2027 
13823 3247 1527 1971 1496 
13824 3211 3235 3222 2845 
13825 1496 1385 287 1828 
13826 1828 2027 1518 1969 
13827 3205 1498 1379 1569 
13828 3234 1588 3205 1969 
13829 3234 1074 1129 1126 
13830 1969 1442 285 1896 
13831 3183 1578 3220 1427 
13832 3247 3257 2990 1593 
13833 3234 1981 954 1132 
13834 287 1828 1385 286 
13835 3203 1138 3205 1026 
13836 3193 3183 1427 1454 
13837 1518 285 1969 1442 
13838 3247 1385 1496 1828 
13839 3211 2859 3222 1879 
13840 3247 1937 3205 2027 
13841 3234 1026 3205 1093 
13842 1971 1496 287 1828 
13843 3198 1267 1231 1195 
13844 1518 1442 1969 1588 
13845 2888 2596 2587 2588 
13846 3233 899 2845 896 
13847 2857 2881 2914 2586 
13848 3235 3238 3237 3219 
13849 3247 1958 1971 2010 
13850 3147 2003 3225 1143 
13851 2857 2584 2587 2602 
13852 3183 3242 3243 3184 
13853 3242 973 1058 1065 
13854 3147 979 1033 1055 
13855 3147 1143 1033 1140 
13856 2092 2924 2925 2886 
13857 3147 979 975 978 
13858 2926 3198 3189 3175 
13859 3044 938 1082 1136 
13860 3146 3150 2888 2587 
13861 1849 3211 1953 1848 
13862 3211 2990 3247 3212 
13863 3147 3225 1055 1143 
13864 3149 1905 2008 1903 
13865 3146 2590 3150 2577 
13866 3198 1192 1195 1193 
13867 3128 2880 3244 3138 
13868 1972 1839 1074 1935 
13869 3147 1143 1076 2003 
13870 154 155 1074 1839 
13871 935 3149 1074 1129 
13872 935 1878 1076 153 
13873 3149 2008 3150 1903 
13874 3257 1424 3220 1423 
13875 2990 1591 1831 1465 
13876 3205 1379 1093 1569 
13877 3247 3205 1472 1518 
13878 3234 1839 1074 954 
13879 3234 3205 1379 1093 
13880 3220 3212 3222 3148 
13881 1972 154 1074 1839 
13882 1074 954 1839 155 
13883 2774 2727 482 2044 
13884 155 954 1981 156 
13885 1074 3149 1972 1935 
13886 3234 3203 1026 1025 
13887 2857 2863 2584 2602 
13888 3147 1140 1076 1143 
13889 3198 2927 3206 1275 
13890 3234 1132 954 1099 
13891 3147 1043 979 1055 
13892 3247 3205 3257 1472 
13893 156 21 1132 2020 
13894 3234 2020 1981 1132 
13895 1839 1981 155 954 
13896 3212 1937 1883 2008 
13897 126 1099 1532 125 
13898 1132 126 1099 1532 
13899 3234 1896 1572 1442 
13900 3234 1442 1969 1896 
13901 21 2020 284 1572 
13902 1896 1572 1442 284 
13903 284 1896 285 1442 
13904 1981 2020 156 1132 
13905 3234 1026 3203 3205 
13906 1981 156 954 1132 
13907 3205 1936 1969 2027 
13908 3234 1839 2009 1935 
13909 3234 1026 1126 1025 
13910 3210 2423 2433 330 
13911 1828 1518 286 1969 
13912 3247 1912 1883 1937 
13913 2830 1437 1466 1554 
13914 1272 3198 3206 1275 
13915 3234 2009 1936 1935 
13916 3205 1969 1518 2027 
13917 3205 1093 1026 1138 
13918 1896 1572 284 2020 
13919 3205 1093 1138 1569 
13920 3257 2990 1593 1422 
13921 3234 1981 2020 1896 
13922 1972 1878 935 153 
13923 3234 2009 1969 1936 
13924 3247 3257 1593 1471 
13925 1093 1379 125 124 
13926 3247 1472 1385 1518 
13927 1532 125 1093 1379 
13928 3234 1969 1442 1588 
13929 3234 1572 1132 1532 
13930 2890 2893 2894 2977 
13931 3234 1074 1839 1935 
13932 3205 1588 1518 1969 
13933 3234 1498 3205 1588 
13934 3205 1518 1588 1472 
13935 3257 3212 2990 1422 
13936 123 933 124 1508 
13937 123 1519 933 1508 
13938 1093 124 933 1508 
13939 1532 125 1099 1093 
13940 123 1083 933 1519 
13941 1093 1379 124 1508 
13942 3234 1099 1126 1026 
13943 1093 933 1138 1508 
13944 3234 1532 1379 1498 
13945 1025 3149 1064 1129 
13946 3033 1068 1060 977 
13947 3193 1138 933 1508 
13948 3256 3242 973 1058 
13949 3147 1911 3225 2003 
13950 2890 2891 2893 2977 
13951 3205 1498 1497 1472 
13952 3234 2009 1839 1981 
13953 3149 1903 3150 1830 
13954 330 2990 2433 3210 
13955 3220 3222 3243 3148 
13956 2889 2951 2898 2882 
13957 3257 3205 3193 1497 
13958 2874 2762 2879 2865 
13959 286 1969 1518 285 
13960 3193 1083 1039 1120 
13961 3147 1033 1064 1140 
13962 3202 3183 3193 3242 
13963 1132 21 126 1572 
13964 3193 1553 1519 1376 
13965 3181 2830 1438 1528 
13966 3177 818 819 821 
13967 3203 3193 3202 3205 
13968 3211 1831 1959 1931 
13969 3139 1043 1102 979 
13970 3247 3205 1518 2027 
13971 3202 3220 3257 3193 
13972 3257 1593 1423 1422 
13973 3197 3137 3138 3129 
13974 3256 979 3139 1102 
13975 2830 1410 1507 1554 
13976 3183 1448 3220 1578 
13977 2924 2955 3167 2894 
13978 3182 1376 926 1542 
13979 3181 3193 1484 1454 
13980 2913 2776 1030 1009 
13981 2786 1073 2788 1923 
13982 3243 3238 3219 3265 
13983 3181 1543 3183 1454 
13984 3239 67 66 631 
13985 3203 1138 1026 1024 
13986 3203 3147 3242 978 
13987 1972 3149 1878 2040 
13988 1093 1569 1379 1508 
13989 122 926 1376 121 
13990 2923 962 961 960 
13991 3149 3205 3212 1937 
13992 3234 1588 1442 1532 
13993 2890 2893 2924 2894 
13994 3212 1882 1881 1883 
13995 1083 1519 122 1376 
13996 1083 122 926 1376 
13997 3193 933 1519 1508 
13998 1486 3035 1595 1108 
13999 3035 3044 931 1100 
14000 3193 1427 1426 1452 
14001 3045 3209 3255 989 
14002 2830 1410 3021 1507 
14003 1376 121 926 1542 
14004 3193 3182 926 1120 
14005 3247 1496 1433 1527 
14006 3208 3030 2925 2892 
14007 3193 1569 1453 1497 
14008 3035 2988 1524 1564 
14009 3182 1062 1063 1108 
14010 3203 980 1024 1025 
14011 3193 1453 1519 1553 
14012 2897 3256 3226 969 
14013 1108 3182 1105 1486 
14014 2897 3242 3256 1058 
14015 2895 925 1032 985 
14016 926 1542 121 1105 
14017 123 122 1083 1519 
14018 1486 1108 1537 1542 
14019 1486 1105 1108 1542 
14020 3182 1060 1059 977 
14021 2988 1503 1409 1413 
14022 1040 3203 3193 3242 
14023 1486 1108 1595 1537 
14024 3044 938 1094 1090 
14025 1537 1108 120 1542 
14026 1537 1108 119 120 
14027 938 1520 117 1576 
14028 114 1378 113 939 
14029 1571 112 1131 19 
14030 2923 963 961 962 
14031 3256 3147 3139 979 
14032 3034 1027 962 1106 
14033 2923 2895 1019 1149 
14034 2438 541 3251 1526 
14035 2970 667 3172 3231 
14036 2897 3184 3256 3242 
14037 1368 1537 1595 1108 
14038 2988 1480 3263 1503 
14039 3270 1467 2435 2420 
14040 3278 2461 2453 2442 
14041 3019 667 3276 687 
14042 2923 964 2897 2895 
14043 3015 3184 3137 2894 
14044 3234 3205 1498 1379 
14045 2969 3172 3170 3025 
14046 2830 1491 1547 1490 
14047 3029 1415 3215 1506 
14048 2895 1116 964 966 
14049 3247 3212 3205 1937 
14050 3183 1438 1372 1543 
14051 3202 3183 3242 3243 
14052 3234 2020 1132 1572 
14053 1094 3034 1106 1027 
14054 2923 964 961 963 
14055 451 3150 2577 2588 
14056 3263 1415 1412 1436 
14057 3149 3212 3202 3150 
14058 3182 1061 926 1120 
14059 2923 963 3033 2897 
14060 3220 1422 1423 1373 
14061 690 2955 2946 2960 
14062 3244 3138 3139 3148 
14063 3183 3220 1448 2421 
14064 3270 3265 3245 2436 
14065 3260 3233 2888 2859 
14066 2884 983 1077 1114 
14067 3226 2896 966 1101 
14068 682 2926 683 680 
14069 3193 1083 1120 926 
14070 3129 3197 3137 809 
14071 3167 2896 3204 3178 
14072 3206 3213 2927 999 
14073 3226 3144 1119 974 
14074 3181 1490 2830 1528 
14075 1404 2976 3025 3021 
14076 3270 3236 49 2426 
14077 3129 2916 911 916 
14078 2969 3170 3152 2733 
14079 1390 335 336 2420 
14080 3245 1456 2976 3230 
14081 2435 3229 1538 3278 
14082 2976 3270 3245 3230 
14083 3149 3212 3150 2008 
14084 1430 334 335 2437 
14085 1430 334 2428 1372 
14086 1430 2428 334 2437 
14087 3273 3248 3061 3043 
14088 3020 2988 2892 3263 
14089 3245 2976 1545 1554 
14090 3181 1484 3193 3182 
14091 2890 2925 2893 2892 
14092 3150 2008 3212 1883 
14093 2857 2914 2913 3139 
14094 2949 829 830 827 
14095 2428 333 2421 1372 
14096 2929 1263 1273 1191 
14097 1431 1492 345 2460 
14098 3204 998 1115 2776 
14099 3025 319 1367 2405 
14100 857 2730 2764 2763 
14101 3245 1456 3230 1580 
14102 2890 2923 2925 2892 
14103 1543 3181 3183 1438 
14104 2985 575 2983 576 
14105 13 835 2733 3015 
14106 3235 2859 3222 2845 
14107 3220 1373 1448 2431 
14108 3278 1431 1457 2442 
14109 2969 2955 3015 835 
14110 2923 928 961 1149 
14111 2774 2876 2762 2765 
14112 3019 3231 3025 1470 
14113 2762 2760 889 872 
14114 2924 3186 3178 2887 
14115 3247 1937 2027 2026 
14116 2734 2915 3197 909 
14117 3020 3019 3029 687 
14118 2844 2625 2845 1822 
14119 3147 2599 1911 2590 
14120 3210 2990 3212 1422 
14121 332 2431 2421 1448 
14122 332 2421 333 1448 
14123 3150 2008 1883 1942 
14124 2991 1869 1900 1940 
14125 1467 337 1538 2435 
14126 2851 2863 2888 2602 
14127 2851 2888 2859 2588 
14128 833 2992 2750 834 
14129 3245 3230 1390 1580 
14130 3125 3230 3274 3278 
14131 3230 1580 1579 1390 
14132 3149 2590 3147 1830 
14133 1881 3212 3150 3222 
14134 334 2428 1372 333 
14135 3256 1102 3139 974 
14136 3244 3256 3242 3202 
14137 3203 980 978 976 
14138 2890 2894 2924 2895 
14139 3204 998 1130 1115 
14140 3150 1830 1903 1888 
14141 2878 2578 1977 2580 
14142 2955 2924 2893 2894 
14143 3015 3238 3243 3265 
14144 3177 3137 2874 3144 
14145 2851 2618 2626 2623 
14146 3260 3148 2888 3138 
14147 3181 3035 3033 3184 
14148 2924 3178 3186 2895 
14149 3197 2915 807 808 
14150 2733 824 835 87 
14151 3015 13 835 828 
14152 3229 338 36 541 
14153 3183 3182 3242 3184 
14154 2851 1938 2598 1916 
14155 3273 568 3061 3248 
14156 3117 1457 3278 1394 
14157 3129 2917 2915 813 
14158 3270 2425 3236 2426 
14159 3061 3062 3054 566 
14160 2733 824 87 86 
14161 2924 3178 3119 2887 
14162 3137 3244 3238 3138 
14163 2985 591 575 577 
14164 3240 1889 2846 1849 
14165 3182 1484 1376 1542 
14166 3258 3251 3275 1495 
14167 3147 1878 2013 2003 
14168 1881 3212 1883 3150 
14169 2766 1742 1920 1976 
14170 2915 908 918 916 
14171 3012 573 589 593 
14172 1486 3035 1108 3182 
14173 2857 2587 2888 2602 
14174 3256 978 3242 3147 
14175 2734 838 2850 2980 
14176 2610 1901 2952 2808 
14177 2850 838 812 805 
14178 3155 617 3174 3135 
14179 2924 3119 3207 2887 
14180 2913 1011 1014 1012 
14181 2743 2980 2850 838 
14182 3129 2915 916 908 
14183 2850 18 2916 916 
14184 3270 1390 3230 1579 
14185 3149 1904 1903 1830 
14186 2902 2911 749 751 
14187 3001 497 2636 2166 
14188 2744 2607 2945 2617 
14189 3125 2985 3273 579 
14190 2850 902 901 912 
14191 2758 889 872 866 
14192 2421 1448 1372 333 
14193 2899 923 893 900 
14194 3242 1059 1040 1065 
14195 2734 2915 918 901 
14196 2915 2917 812 813 
14197 2924 3207 3195 2887 
14198 3240 1890 2989 1960 
14199 3085 2175 1313 2204 
14200 2734 2992 836 85 
14201 2982 583 572 575 
14202 2751 2752 3096 802 
14203 2931 2537 2534 2536 
14204 2889 2763 2730 856 
14205 3049 3050 627 597 
14206 2969 3170 3172 693 
14207 2734 807 3197 2915 
14208 3163 1166 1185 2398 
14209 3160 277 1179 2393 
14210 3229 3236 3270 2425 
14211 2756 2805 2826 2812 
14212 2743 14 2742 2750 
14213 2970 3172 2969 3025 
14214 2830 1524 3021 1410 
14215 907 3260 3197 3238 
14216 2970 2969 681 695 
14217 2985 3152 2734 2983 
14218 3101 3050 3100 3051 
14219 3203 1569 3205 1138 
14220 2753 846 2782 876 
14221 2454 3108 3275 3283 
14222 3217 3223 3175 3174 
14223 3146 2914 3225 2586 
14224 2770 1122 2841 1150 
14225 3267 3269 1416 2409 
14226 2924 2956 3195 3207 
14227 1878 3149 2013 2040 
14228 3193 1452 1484 1454 
14229 3257 3220 3212 1422 
14230 3015 2955 2894 828 
14231 2734 912 2850 901 
14232 3238 922 907 904 
14233 2844 1819 1902 1910 
14234 3234 2020 1572 1896 
14235 3122 62 3101 3 
14236 2774 2876 2727 2776 
14237 3197 809 808 807 
14238 3199 3218 585 693 
14239 2923 958 1139 960 
14240 3252 17 3236 913 
14241 3146 2577 3150 2587 
14242 2897 969 967 1058 
14243 2884 3194 3188 2887 
14244 2776 3177 3144 3178 
14245 2949 833 831 827 
14246 3260 3235 3219 3238 
14247 3204 987 3178 985 
14248 3129 2879 2917 813 
14249 3146 2914 3139 3147 
14250 3146 2914 2857 3139 
14251 2729 1875 1927 1993 
14252 2862 1938 474 1893 
14253 2976 1507 1404 1456 
14254 2734 86 806 85 
14255 2775 3178 2776 998 
14256 3219 2421 2429 2430 
14257 2726 1044 1022 1127 
14258 2863 2597 2584 2602 
14259 3192 491 2079 2084 
14260 2955 2924 2956 2893 
14261 2962 3252 2961 96 
14262 935 3149 1972 1074 
14263 2879 2865 2762 2803 
14264 3033 965 2897 963 
14265 3181 3035 1490 1487 
14266 3034 3033 1004 1100 
14267 2884 948 1103 956 
14268 2843 1174 1305 1046 
14269 2914 1014 1043 1029 
14270 2854 2856 2993 2742 
14271 3150 1881 3222 2000 
14272 2923 2895 2090 1019 
14273 2087 984 191 2092 
14274 2762 2763 2953 856 
14275 3150 2859 2588 1820 
14276 2051 483 1008 2727 
14277 3049 3050 2855 627 
14278 3238 910 907 922 
14279 2924 2890 2925 2893 
14280 3183 3243 3220 3219 
14281 3150 2859 1820 2000 
14282 3245 1372 1437 1430 
14283 2830 1524 3035 2988 
14284 3149 1936 3234 3205 
14285 3146 3149 2590 3147 
14286 2913 3139 1043 1102 
14287 3178 2798 2832 2887 
14288 2944 706 702 684 
14289 2862 2882 1925 2605 
14290 1831 3211 1958 1931 
14291 2895 192 2092 2090 
14292 3260 3219 3243 3238 
14293 2762 2763 856 859 
14294 2914 1067 2595 1057 
14295 2926 2927 2933 3208 
14296 2913 1030 1037 1009 
14297 3129 3197 908 906 
14298 3147 1055 1033 1143 
14299 3150 1903 2008 1942 
14300 3147 2590 1911 1830 
14301 3256 1102 974 971 
14302 2897 2895 964 966 
14303 3273 579 576 592 
14304 3149 1904 1905 1903 
14305 1653 2766 2773 1733 
14306 2928 1187 3159 1151 
14307 2890 2897 2923 3033 
14308 2726 951 1022 1049 
14309 3128 3137 818 814 
14310 2820 2760 2774 2775 
14311 2768 1651 1679 1653 
14312 3193 1519 1453 1508 
14313 3226 3256 971 969 
14314 3128 3244 2880 3137 
14315 3247 1518 1385 2027 
14316 2970 686 3020 703 
14317 1883 3247 1882 1912 
14318 3225 1939 934 1075 
14319 3225 924 1143 2003 
14320 1543 3181 1438 1528 
14321 3025 2415 3231 2414 
14322 3220 1448 2421 2431 
14323 2913 2914 2788 1012 
14324 3225 924 1913 1075 
14325 3220 2421 3219 2430 
14326 2727 2051 2044 2726 
14327 2914 1028 1014 1029 
14328 2903 2862 1914 2592 
14329 3225 462 2600 1939 
14330 3225 1913 1939 1075 
14331 2788 1057 1013 1012 
14332 3147 1911 2003 2013 
14333 2727 1030 2776 1009 
14334 3149 3234 1936 1935 
14335 3225 2576 2600 2594 
14336 2788 2001 2555 2568 
14337 2913 1037 1011 1009 
14338 2884 1103 1114 1023 
14339 3147 1076 1140 1878 
14340 3225 1125 2914 1029 
14341 3225 2914 2594 2586 
14342 3146 2590 3149 3150 
14343 2914 1067 2576 2595 
14344 3225 1911 1913 2003 
14345 2788 1013 1066 1135 
14346 3225 2576 2914 1148 
14347 3225 2599 1913 1911 
14348 2788 2579 2595 2591 
14349 1913 1939 1075 151 
14350 462 1939 461 2600 
14351 3225 924 1075 1143 
14352 3242 1059 3182 1040 
14353 461 1929 2600 1939 
14354 1913 151 924 2003 
14355 2576 2595 1929 460 
14356 2600 934 1939 1929 
14357 2857 2583 2881 2586 
14358 3147 1830 1911 2013 
14359 934 150 1075 1939 
14360 461 2576 2600 1929 
14361 934 149 150 1939 
14362 3149 3147 1140 1878 
14363 150 151 1075 1939 
14364 2788 2914 1057 1012 
14365 3242 1058 1059 1065 
14366 151 152 924 2003 
14367 2600 2576 934 1929 
14368 3225 1913 462 1939 
14369 1148 934 2576 1067 
14370 3225 1939 2600 934 
14371 3260 906 903 904 
14372 1972 1074 154 935 
14373 1878 3149 935 1140 
14374 3193 926 3182 1376 
14375 3247 1385 1472 1471 
14376 2851 2604 2618 2623 
14377 152 1878 1076 2003 
14378 152 153 1076 1878 
14379 3220 2421 2430 2431 
14380 3193 3182 1484 1376 
14381 3225 1148 1125 934 
14382 3210 2422 2432 2427 
14383 3225 462 1913 2575 
14384 1139 2923 3034 3045 
14385 1911 463 464 2599 
14386 3225 934 2600 2576 
14387 1913 2575 463 2599 
14388 3256 3244 3242 3184 
14389 2590 1911 1830 464 
14390 2590 1911 464 2599 
14391 464 2590 43 1830 
14392 3203 3234 3149 1025 
14393 3193 1519 1083 1376 
14394 3183 2977 3184 3243 
14395 3210 2422 2990 2433 
14396 1025 3149 3203 1064 
14397 3150 451 1888 1820 
14398 1132 1572 126 1532 
14399 1888 2577 43 451 
14400 1972 3149 935 1878 
14401 3203 3234 3205 3149 
14402 3245 1430 1390 335 
14403 451 3150 2588 1820 
14404 170 2727 2063 1047 
14405 1913 2575 462 463 
14406 461 2576 1929 460 
14407 2771 1687 1680 1762 
14408 1093 1532 1379 3234 
14409 2944 702 690 684 
14410 3147 978 1064 1033 
14411 3225 2575 1913 2599 
14412 3225 1148 934 2576 
14413 1888 43 2577 1830 
14414 3225 2914 2576 2594 
14415 2748 1597 1641 1642 
14416 2903 1914 2862 2018 
14417 3161 1249 1345 1204 
14418 1361 3198 3189 1304 
14419 3161 1335 1249 1204 
14420 3013 3130 69 668 
14421 2735 2789 2854 3052 
14422 2829 2800 2799 2732 
14423 2949 3207 3180 2869 
14424 2868 2742 2750 3010 
14425 2943 688 676 710 
14426 3168 2949 3180 3174 
14427 3173 2310 2326 2322 
14428 2840 3189 2853 2858 
14429 3173 3174 3161 613 
14430 3165 1153 1214 1256 
14431 620 3156 604 602 
14432 3165 1354 1256 1241 
14433 3165 3173 620 606 
14434 3165 1256 1214 1241 
14435 3165 604 606 620 
14436 2842 1109 1072 1141 
14437 1141 3191 1072 2842 
14438 2726 2050 1049 2042 
14439 2884 3190 3194 2858 
14440 3191 2081 489 956 
14441 3191 1103 957 956 
14442 2884 1077 3188 1114 
14443 2884 983 2089 2087 
14444 993 2066 2068 3194 
14445 2946 2944 702 690 
14446 2884 489 2089 189 
14447 3146 2589 2590 2593 
14448 2868 2869 3119 2832 
14449 3177 823 3207 826 
14450 2749 2802 2833 2832 
14451 3099 3009 2982 3073 
14452 2853 2815 3187 3174 
14453 706 688 2943 3217 
14454 2801 1788 1682 1713 
14455 2946 690 712 701 
14456 2760 2811 2758 2821 
14457 2798 1127 1144 1044 
14458 2726 1049 1022 2042 
14459 2775 2798 3178 998 
14460 3099 559 3132 3054 
14461 2944 2956 2925 3030 
14462 3204 1032 1101 1051 
14463 2951 2018 1842 2016 
14464 2831 951 2073 997 
14465 14 2750 825 2868 
14466 3203 3193 1569 1138 
14467 2949 3009 833 830 
14468 622 3153 624 612 
14469 3177 819 3167 821 
14470 3195 2956 3192 3189 
14471 2867 2759 481 2053 
14472 826 2868 832 831 
14473 3119 2887 3178 2832 
14474 3177 2865 2874 818 
14475 3177 3137 3144 3167 
14476 3119 832 837 826 
14477 2750 83 825 834 
14478 2747 2809 1713 2801 
14479 2949 831 3207 827 
14480 589 2982 3012 591 
14481 3168 610 611 614 
14482 2809 1658 1657 1718 
14483 2854 596 616 622 
14484 2815 2837 607 3173 
14485 2854 2855 611 615 
14486 3168 3010 2949 3135 
14487 2790 2475 2496 2480 
14488 2981 779 789 785 
14489 2944 2925 3192 3030 
14490 3168 3010 3180 2949 
14491 2792 2799 547 2470 
14492 2811 2761 2779 2756 
14493 2758 889 2760 872 
14494 2880 2913 2857 2881 
14495 14 2750 2868 2749 
14496 2823 2495 2873 2488 
14497 2809 3076 2478 2492 
14498 2829 2800 3168 3010 
14499 2944 2956 3192 2925 
14500 2809 2477 2492 2478 
14501 2791 3079 2837 3179 
14502 2810 1718 1813 1757 
14503 622 2829 612 623 
14504 3153 3079 3154 2837 
14505 2809 2477 2498 2492 
14506 2992 3152 836 3009 
14507 2792 2827 2799 2470 
14508 2758 883 2802 2790 
14509 2813 2050 1003 1104 
14510 2823 2488 2486 2485 
14511 2812 1048 1118 950 
14512 2812 2076 1048 950 
14513 2833 2802 2821 2832 
14514 2868 2869 2833 2800 
14515 2749 2832 2760 2802 
14516 2833 2800 2869 3187 
14517 1103 993 3194 3190 
14518 3190 2071 994 2066 
14519 1298 1243 3083 2819 
14520 2926 3189 2944 2943 
14521 3140 3081 2819 1338 
14522 2340 2367 3082 3140 
14523 3070 3082 60 599 
14524 3155 613 602 620 
14525 3122 3155 3135 3 
14526 3011 2948 3009 3135 
14527 3156 1284 1294 1293 
14528 3156 2345 1237 1169 
14529 3156 1237 1284 1169 
14530 3156 598 602 595 
14531 3156 1284 1293 1169 
14532 2969 695 700 681 
14533 3155 617 3135 3 
14534 3090 2348 2350 2349 
14535 3090 2351 2350 2348 
14536 3122 3013 3160 3169 
14537 595 617 613 3155 
14538 3101 62 595 3 
14539 3101 2349 3100 2369 
14540 3101 2349 2369 2347 
14541 3051 3101 3082 3090 
14542 3101 598 595 62 
14543 3089 571 559 565 
14544 3101 2369 3088 2347 
14545 3082 2348 2355 2351 
14546 2969 3281 3170 2733 
14547 60 3051 3082 2737 
14548 3082 2351 2355 2368 
14549 3082 61 60 600 
14550 3104 2981 3095 3073 
14551 775 2751 790 3069 
14552 60 3051 61 3082 
14553 3069 790 773 783 
14554 3090 3104 3051 3100 
14555 3051 61 62 597 
14556 3051 618 61 597 
14557 3102 763 771 772 
14558 3084 2341 2362 2359 
14559 3102 2214 2241 2224 
14560 3037 3040 2963 2218 
14561 3071 2214 2211 2210 
14562 3071 2241 2214 2210 
14563 3071 2146 2241 2210 
14564 3074 2360 2358 2366 
14565 3074 2285 2222 2223 
14566 3074 2285 2223 2097 
14567 3074 1234 1363 1222 
14568 1234 3087 1363 1161 
14569 3086 2352 2357 2358 
14570 2182 2975 2221 2152 
14571 2836 3040 1638 1764 
14572 802 799 2752 12 
14573 2752 3039 3037 3102 
14574 3095 3051 775 779 
14575 2964 2967 777 802 
14576 2752 2737 3039 3102 
14577 2783 842 848 89 
14578 3068 3070 2738 596 
14579 2969 681 700 693 
14580 2835 1676 1795 1702 
14581 2835 2182 2963 2288 
14582 2835 2188 2182 2288 
14583 2835 2188 2288 2095 
14584 2966 777 2967 761 
14585 2248 2966 2974 2153 
14586 798 2966 765 770 
14587 2964 770 2966 3024 
14588 2974 2208 3031 2282 
14589 2966 3000 2974 2965 
14590 2974 3031 3027 2282 
14591 2975 2153 2151 2152 
14592 2969 3025 3170 3281 
14593 2182 2975 2974 2835 
14594 2182 2975 2152 2974 
14595 2975 2963 2835 2182 
14596 2969 3281 2976 3025 
14597 2752 3037 799 3071 
14598 2975 78 761 12 
14599 798 2966 3036 765 
14600 3111 2720 3105 2692 
14601 3111 2708 2720 2692 
14602 3103 3091 772 763 
14603 3111 2708 2692 2094 
14604 3111 796 758 787 
14605 3111 781 3105 792 
14606 3111 781 792 796 
14607 3111 792 758 796 
14608 3009 830 836 822 
14609 2992 2750 2856 3009 
14610 3050 597 62 619 
14611 3098 588 3218 564 
14612 2948 712 702 8 
14613 2955 835 840 829 
14614 2947 836 3009 830 
14615 2946 2949 829 830 
14616 3099 589 2982 3012 
14617 3104 3072 2981 3073 
14618 3050 614 627 619 
14619 2815 2838 2837 3173 
14620 2855 627 3050 614 
14621 2855 615 627 614 
14622 2855 611 615 614 
14623 3099 3132 3072 3054 
14624 2964 3000 2965 2907 
14625 2743 2850 2741 805 
14626 2751 802 2964 784 
14627 3135 2855 3010 3009 
14628 2743 2912 2992 2856 
14629 3093 3094 3136 3113 
14630 2854 3049 2855 615 
14631 622 2829 2810 612 
14632 2984 2508 399 2500 
14633 2789 2501 2513 2512 
14634 2931 2542 2754 2540 
14635 2742 2854 2829 2801 
14636 3004 2999 3000 2907 
14637 722 718 2806 2906 
14638 2936 2644 2650 2648 
14639 2993 3049 3196 2856 
14640 2964 2998 2967 3096 
14641 3129 813 808 839 
14642 2984 2514 2508 2517 
14643 2747 2809 1750 1713 
14644 2517 2513 3065 2514 
14645 2783 848 849 886 
14646 3015 2976 2977 2969 
14647 2754 1689 2540 2523 
14648 2784 2531 2530 2521 
14649 3004 3000 2936 2907 
14650 3004 2937 2936 2935 
14651 2999 2535 2997 2525 
14652 2947 2955 700 2969 
14653 695 691 2968 700 
14654 2936 3000 2935 2107 
14655 3229 344 1492 2460 
14656 2932 89 2783 848 
14657 2743 2750 2992 834 
14658 2906 2848 2745 2908 
14659 2910 2942 1992 2295 
14660 2999 2998 2964 3064 
14661 775 3095 803 2751 
14662 3046 3017 3042 2244 
14663 3109 766 3113 3053 
14664 2992 2750 3009 833 
14665 2735 3065 3052 3064 
14666 2755 1682 1717 1673 
14667 701 2955 2947 2946 
14668 2808 657 664 659 
14669 2755 400 1689 2508 
14670 3045 3263 2892 2988 
14671 3196 2907 2906 2978 
14672 3023 2190 3053 767 
14673 2906 2848 2806 2745 
14674 3045 3255 3209 3263 
14675 3045 3263 3208 2892 
14676 3001 2659 2652 2636 
14677 3036 798 767 3023 
14678 2978 3023 3006 3014 
14679 3001 2093 498 2651 
14680 3024 778 770 786 
14681 2964 802 777 784 
14682 3024 768 786 798 
14683 3024 786 770 798 
14684 2936 721 2906 3005 
14685 2964 3000 2966 2965 
14686 3045 3263 3209 3208 
14687 10 749 2939 2901 
14688 3045 3255 3263 1480 
14689 3006 2659 2644 2641 
14690 3006 2907 3000 3024 
14691 3005 2644 2642 2641 
14692 3005 2642 2640 2641 
14693 2654 2660 2973 2639 
14694 3055 2972 2971 641 
14695 2906 3005 724 718 
14696 3005 717 721 724 
14697 2973 718 2806 713 
14698 2641 2973 2640 3005 
14699 2957 1964 1835 2005 
14700 3005 717 724 718 
14701 3008 2277 2106 2126 
14702 3023 3017 3053 2166 
14703 2906 721 2937 725 
14704 3108 3043 3126 2676 
14705 3023 3053 2190 2268 
14706 2906 2937 2909 725 
14707 2971 2745 2959 657 
14708 2806 3002 2745 2848 
14709 2806 2808 719 2745 
14710 2959 95 653 897 
14711 2906 2909 2937 2907 
14712 2973 3005 2806 718 
14713 2806 657 2807 2745 
14714 2921 2745 2806 719 
14715 722 2906 725 724 
14716 3027 2158 2201 2197 
14717 2935 2530 551 552 
14718 2938 2546 1668 1612 
14719 2935 2521 2530 552 
14720 10 749 2901 2911 
14721 2902 2911 2901 749 
14722 2931 2541 2909 2534 
14723 2999 2984 3064 2754 
14724 2936 2935 2631 2107 
14725 2934 2996 2938 2940 
14726 2937 725 721 726 
14727 2937 727 2909 725 
14728 2937 727 725 726 
14729 2906 2806 3005 718 
14730 2996 2653 2657 2633 
14731 502 2653 2940 2996 
14732 2996 502 2633 2289 
14733 2996 2633 502 2653 
14734 3045 1139 995 1106 
14735 2996 2633 2159 2289 
14736 3209 989 982 990 
14737 2942 1751 1775 1690 
14738 1743 2910 1751 1622 
14739 745 1956 2940 2910 
14740 2910 2014 1950 1821 
14741 2295 2942 2200 2940 
14742 2939 2014 1948 1947 
14743 2939 1948 1946 1947 
14744 3209 3214 3208 3263 
14745 745 2910 73 10 
14746 3209 990 982 1050 
14747 2910 1949 2037 1950 
14748 2910 2939 1947 2014 
14749 2910 1947 1950 2014 
14750 2900 1825 1974 1994 
14751 2900 2002 2011 1907 
14752 2910 2037 1992 1950 
14753 3209 3213 990 1050 
14754 2994 752 746 731 
14755 2994 752 731 1934 
14756 747 2952 2039 2017 
14757 2952 743 747 732 
14758 3209 3213 3214 3216 
14759 2952 732 747 2039 
14760 2952 732 9 743 
14761 2945 1818 1901 2017 
14762 2881 2581 2583 2582 
14763 2951 1842 2018 1873 
14764 2744 2808 2607 2611 
14765 2920 2744 2617 2608 
14766 2806 3014 3002 2848 
14767 2808 2745 2807 657 
14768 2945 2607 2808 1901 
14769 2945 743 2808 742 
14770 2945 743 742 737 
14771 2945 737 742 733 
14772 2883 2919 2744 2620 
14773 3209 3213 3208 3214 
14774 2905 1853 1852 1818 
14775 2731 2883 2753 2740 
14776 2739 2902 2904 2922 
14777 2882 2951 2018 1873 
14778 2739 1993 2883 1899 
14779 2753 2781 2782 846 
14780 2740 1895 1907 1906 
14781 2900 1906 2740 1907 
14782 1711 2930 1683 1635 
14783 89 2781 874 846 
14784 2739 1875 1993 1895 
14785 2902 735 729 751 
14786 2930 2541 2545 2524 
14787 2930 2541 2782 2545 
14788 2753 2904 2918 2909 
14789 2753 2782 2909 2797 
14790 2731 845 2753 2918 
14791 2753 846 876 877 
14792 2911 2909 2904 2922 
14793 2930 1683 1635 1636 
14794 2753 2922 2739 2904 
14795 2753 2909 2918 2797 
14796 2781 871 874 877 
14797 2781 1707 1808 1684 
14798 2781 874 846 877 
14799 2785 1928 1926 1844 
14800 2773 1876 2556 2566 
14801 2785 1678 1811 1693 
14802 2785 2031 1844 2566 
14803 2780 1808 1746 1684 
14804 2780 2781 1684 1779 
14805 2780 1684 1746 1779 
14806 1811 2780 2785 1693 
14807 2780 1695 1693 1780 
14808 2780 877 2781 2740 
14809 1696 2780 2781 1808 
14810 2780 1808 1695 1746 
14811 2900 1615 1952 1968 
14812 2780 1746 1695 1780 
14813 2731 855 2730 888 
14814 2731 2730 2785 862 
14815 845 2889 2731 855 
14816 2730 888 857 862 
14817 2730 855 857 888 
14818 863 2768 873 864 
14819 2768 1678 2773 2785 
14820 2759 2761 870 887 
14821 2772 2768 2766 2773 
14822 2772 1679 2766 2768 
14823 2772 2766 1679 1680 
14824 2769 2061 480 2053 
14825 2770 1142 1042 1089 
14826 2771 2761 1649 2768 
14827 2771 1728 1600 1740 
14828 2771 1814 1728 1725 
14829 2771 1725 1728 1727 
14830 1652 2771 2761 1649 
14831 2771 1728 1680 1727 
14832 2771 1680 1728 1762 
14833 2769 2771 2761 479 
14834 2762 889 2760 2759 
14835 2764 2761 863 870 
14836 2757 479 478 2045 
14837 2756 2043 2813 2048 
14838 2805 1698 1738 1804 
14839 2757 1725 2761 1724 
14840 2757 1725 1724 1776 
14841 1724 2805 1776 1726 
14842 2811 866 853 854 
14843 2820 2774 2046 2726 
14844 2748 853 2790 851 
14845 2748 852 853 851 
14846 2811 2748 2767 854 
14847 2748 854 853 852 
14848 2748 861 854 852 
14849 2747 1790 1708 1665 
14850 2747 851 865 849 
14851 815 2865 2803 832 
14852 2874 2775 2774 2865 
14853 889 2762 859 2764 
14854 3226 971 970 969 
14855 2877 2797 843 875 
14856 2749 14 2803 832 
14857 2749 2803 2758 2760 
14858 815 2865 832 817 
14859 2879 2953 2762 2875 
14860 3209 3216 3214 3263 
14861 815 832 2803 14 
14862 2889 855 841 856 
14863 2889 2951 2861 2763 
14864 2743 2992 2980 838 
14865 2850 2745 2916 93 
14866 2850 812 2915 2917 
14867 2917 2889 2875 2898 
14868 2950 911 917 915 
14869 2592 2863 2582 2903 
14870 3177 2775 3119 3178 
14871 2865 817 818 837 
14872 2865 837 3119 832 
14873 2865 817 837 832 
14874 2774 482 2046 2044 
14875 2749 2800 2833 2802 
14876 2881 2583 2584 2582 
14877 2726 2044 2049 2042 
14878 2726 2051 2044 2042 
14879 2727 2765 2867 2788 
14880 3255 1478 1529 1555 
14881 2913 1102 1091 974 
14882 2774 482 2867 481 
14883 2774 2876 2874 2762 
14884 2913 1043 1091 1102 
14885 2774 2867 2765 2759 
14886 3144 1037 974 2913 
14887 2879 2803 2741 815 
14888 2727 1010 1013 1047 
14889 3220 1373 1423 1424 
14890 2867 2055 2787 2059 
14891 2788 2595 1995 1885 
14892 2903 2551 2878 2567 
14893 2788 1909 2001 1995 
14894 2762 2865 2760 2803 
14895 2774 2765 2727 2876 
14896 2788 2063 1047 2055 
14897 2774 2765 2762 2759 
14898 2867 482 2058 481 
14899 3255 1446 1478 1555 
14900 2867 2787 2788 2765 
14901 860 2773 2772 2764 
14902 2816 2561 2773 2560 
14903 2816 2553 2560 2569 
14904 2564 2786 2561 2765 
14905 2763 856 859 858 
14906 3255 1446 1436 1478 
14907 2763 857 2730 856 
14908 2763 858 857 856 
14909 2729 1874 2730 2552 
14910 2762 2764 2759 2765 
14911 2889 841 2953 856 
14912 2919 2882 2889 2898 
14913 2851 2626 2864 2606 
14914 2851 2601 1891 1916 
14915 2860 2618 2627 2614 
14916 2860 2625 2627 2604 
14917 2851 2863 2574 2598 
14918 2860 2627 2618 2604 
14919 3233 2851 2859 2860 
14920 3129 839 808 809 
14921 3233 2864 2851 2860 
14922 2898 2950 2863 2875 
14923 3260 904 907 906 
14924 2845 1848 1847 1846 
14925 3193 1453 1426 1497 
14926 3255 1446 3263 1436 
14927 2845 1849 1847 1848 
14928 3272 2846 3237 2427 
14929 1849 3211 1848 2845 
14930 2859 1845 2036 1846 
14931 2859 1848 2845 1846 
14932 2859 1879 1848 1846 
14933 3203 1039 3193 1138 
14934 2880 2876 2863 2875 
14935 2859 1988 1961 2036 
14936 2859 1879 1961 2000 
14937 2859 2036 1879 1846 
14938 2859 2036 1961 1879 
14939 1093 1532 3234 1099 
14940 3247 1527 2990 2010 
14941 3149 3147 1064 1140 
14942 3270 3219 3265 2429 
14943 3146 2589 3147 2590 
14944 3146 2586 2589 2585 
14945 3183 1448 1578 1543 
14946 3225 2594 2589 2586 
14947 3149 1905 1937 2008 
14948 3247 1496 1971 1828 
14949 3225 1075 1055 1143 
14950 3225 2575 2599 2589 
14951 3225 2594 2575 2589 
14952 2880 3139 2913 3144 
14953 2913 1091 1037 974 
14954 2949 3010 2868 833 
14955 2857 2585 2583 2586 
14956 3204 998 1087 1130 
14957 3045 959 3209 989 
14958 3177 2865 818 837 
14959 3226 966 968 1101 
14960 3204 3178 987 998 
14961 3204 1051 987 985 
14962 985 3204 1051 1032 
14963 3234 2009 1981 1896 
14964 3034 1004 963 962 
14965 2970 695 686 703 
14966 3204 1130 1045 1030 
14967 2897 3244 3184 2896 
14968 2955 3207 2924 823 
14969 2915 807 808 806 
14970 2915 806 812 838 
14971 2915 812 808 813 
14972 2915 916 918 901 
14973 2915 808 812 806 
14974 3197 908 907 909 
14975 2733 13 3015 3197 
14976 86 2733 807 87 
14977 3197 811 3015 809 
14978 3197 907 3238 910 
14979 3197 909 907 910 
14980 3255 1078 1017 1088 
14981 835 87 13 2733 
14982 804 13 3197 811 
14983 13 3197 811 3015 
14984 2733 910 3197 3238 
14985 2968 2891 3020 3021 
14986 3112 1450 2464 1381 
14987 3265 2429 2428 2436 
14988 3172 2414 3262 48 
14989 3219 2421 3265 2429 
14990 3265 2421 2428 2429 
14991 3150 3222 2859 2000 
14992 3245 2436 2437 2420 
14993 582 3012 593 3199 
14994 3015 3265 3243 2977 
14995 2006 1402 1517 2989 
14996 3236 922 3238 913 
14997 3125 2986 2985 2733 
14998 2986 910 3238 922 
14999 2947 836 830 840 
15000 3272 3236 2426 49 
15001 3270 1579 3230 1467 
15002 587 581 590 3125 
15003 3236 96 919 17 
15004 3255 1088 1017 989 
15005 3125 3274 3170 590 
15006 3234 1442 1572 1532 
15007 3260 3235 3222 3219 
15008 3193 1427 3220 1426 
15009 49 3272 2427 540 
15010 2891 3021 2830 2988 
15011 3219 3238 3236 3265 
15012 3181 3033 3182 3184 
15013 3015 3137 811 820 
15014 3015 828 2894 820 
15015 3181 1490 1528 1485 
15016 3247 1971 1527 2010 
15017 3029 2988 3263 1503 
15018 2890 2892 2891 3034 
15019 3015 811 828 820 
15020 3177 821 3167 823 
15021 3193 3205 1569 1497 
15022 3256 979 1102 975 
15023 1108 1368 3035 1595 
15024 1108 1368 931 3035 
15025 2897 3242 1058 1059 
15026 1108 3182 1062 1105 
15027 3182 1105 1486 1542 
15028 3181 3182 3033 3035 
15029 3182 1486 1484 1542 
15030 3182 1063 1062 1060 
15031 3182 1061 1059 1060 
15032 3182 1040 1059 1061 
15033 3182 1040 1061 1120 
15034 3182 926 1061 1105 
15035 3182 1062 1061 1060 
15036 3182 1105 1061 1062 
15037 3203 1039 1138 1024 
15038 3203 981 1040 1039 
15039 3242 976 973 1065 
15040 3242 1065 1040 981 
15041 3242 981 976 1065 
15042 2989 328 1432 2422 
15043 3211 3212 3247 1882 
15044 2006 1402 2989 1960 
15045 3211 1958 1931 1882 
15046 2676 3239 648 3126 
15047 3022 638 649 1865 
15048 3272 2424 2846 2427 
15049 3240 1402 1514 1834 
15050 2989 2424 2434 2427 
15051 3112 3107 3229 3251 
15052 2989 1890 1849 1953 
15053 2989 1959 1890 1953 
15054 2989 2427 2434 2422 
15055 3252 3235 3211 2845 
15056 3235 3233 2845 896 
15057 3272 3236 2425 2426 
15058 2844 465 2622 2609 
15059 2961 3022 2844 2846 
15060 899 2845 2844 2860 
15061 3108 3249 2454 2440 
15062 2962 95 654 653 
15063 3210 3220 3219 2430 
15064 3251 1462 1581 1495 
15065 3251 1495 1581 1381 
15066 3108 2674 3239 2673 
15067 2961 2844 3250 898 
15068 3275 1421 1495 1582 
15069 3258 3259 3251 1589 
15070 3258 1932 1986 1837 
15071 3279 2667 2689 2136 
15072 3108 3261 3283 3249 
15073 3279 3261 3227 2689 
15074 3275 2447 1421 1582 
15075 3258 1999 1900 1932 
15076 3041 3043 3108 2676 
15077 3022 1921 1922 1887 
15078 3022 2038 1921 1943 
15079 3022 1943 1867 1865 
15080 3258 3227 1999 1590 
15081 3022 1921 1887 1943 
15082 3022 1943 1887 1867 
15083 2746 2612 2603 2611 
15084 2744 2613 2746 2611 
15085 2979 3014 3003 3017 
15086 2746 657 2808 659 
15087 2959 655 653 658 
15088 2744 2883 2920 2919 
15089 3233 903 899 896 
15090 2898 2916 2950 2917 
15091 2744 2899 2916 923 
15092 2899 2864 917 915 
15093 2899 917 900 915 
15094 2899 917 923 900 
15095 2954 660 2746 659 
15096 2954 656 660 659 
15097 2952 2610 2808 629 
15098 2954 2622 1819 466 
15099 2954 2622 466 2603 
15100 3250 654 2962 95 
15101 2954 3250 649 2844 
15102 2954 649 660 656 
15103 2954 2622 2844 1819 
15104 2959 893 2746 2745 
15105 2959 893 94 897 
15106 2983 2849 3002 2980 
15107 2850 902 2745 93 
15108 2971 2959 650 657 
15109 2959 650 657 658 
15110 2959 665 650 658 
15111 2959 658 653 665 
15112 3018 2015 2272 2118 
15113 3018 2118 2272 2306 
15114 2991 1866 3018 638 
15115 2989 1849 1890 3240 
15116 3227 2015 1823 2234 
15117 2991 3018 1892 2015 
15118 3239 2676 2682 2674 
15119 3018 635 636 634 
15120 3018 2015 1984 1892 
15121 3018 635 66 67 
15122 3018 634 66 635 
15123 3239 2673 2674 2677 
15124 3259 1886 1867 1887 
15125 3275 2447 2466 2454 
15126 3271 1499 3277 1483 
15127 2677 3261 2663 3239 
15128 3022 2991 3201 628 
15129 3239 67 644 5 
15130 3239 631 644 67 
15131 2957 1835 1980 2005 
15132 2957 1908 2005 1980 
15133 2957 2226 2995 2194 
15134 636 3026 3018 634 
15135 3026 634 640 647 
15136 3008 2264 2277 2126 
15137 3008 2178 2264 2126 
15138 3055 2244 3042 3017 
15139 3008 2683 2687 2664 
15140 3007 630 3008 645 
15141 3007 65 630 645 
15142 3007 3026 647 65 
15143 3007 647 64 65 
15144 3007 64 630 65 
15145 3016 2684 2690 2665 
15146 3016 2106 3007 2187 
15147 3016 2106 2187 2169 
15148 3016 2187 3007 3026 
15149 3279 2667 2671 2673 
15150 2689 3261 3227 2663 
15151 3261 3239 3227 2663 
15152 2677 3261 2681 2663 
15153 3279 2689 2113 2136 
15154 3255 1378 1529 939 
15155 3279 3249 3261 2673 
15156 3279 2228 2136 2198 
15157 3249 2463 2445 2450 
15158 3249 543 2463 2450 
15159 3249 2669 2671 2661 
15160 3249 2672 2671 2669 
15161 3062 566 567 574 
15162 3002 3017 3043 3003 
15163 2982 3054 572 2 
15164 919 3236 913 2986 
15165 2987 919 905 921 
15166 3108 2674 3126 3239 
15167 3229 2442 3278 2455 
15168 3229 2443 2460 2455 
15169 3041 3108 3249 2672 
15170 3201 661 662 663 
15171 3059 905 2987 919 
15172 3059 905 919 96 
15173 3059 905 96 95 
15174 3201 3022 661 663 
15175 2973 2972 3017 2654 
15176 3028 3059 2962 95 
15177 2850 93 2916 18 
15178 766 769 3003 2979 
15179 2906 721 725 724 
15180 2986 919 2987 921 
15181 2986 914 2733 910 
15182 3278 2442 2453 2455 
15183 3126 3239 644 5 
15184 3152 580 582 577 
15185 591 2985 2983 3152 
15186 3114 2141 2246 2219 
15187 3117 3274 2404 2410 
15188 3117 3278 1457 2461 
15189 3117 3268 1395 1463 
15190 3255 1555 1529 1378 
15191 314 3267 3117 1463 
15192 3273 3059 3248 3043 
15193 3118 2452 3278 2453 
15194 3106 3107 3273 3278 
15195 3127 3249 2669 2678 
15196 3252 2845 895 896 
15197 3255 1529 1078 939 
15198 1450 3112 3229 3251 
15199 3252 17 892 96 
15200 3270 3229 2425 2435 
15201 3107 3059 919 96 
15202 3107 919 3236 96 
15203 3229 2443 344 2460 
15204 3126 3261 3201 3275 
15205 3272 3236 3252 17 
15206 2986 2987 914 921 
15207 919 3236 17 913 
15208 3117 2461 347 2444 
15209 3274 2413 48 2404 
15210 3274 3230 2413 2416 
15211 3274 590 3145 1 
15212 3274 2404 2410 2416 
15213 3274 2404 2416 2413 
15214 2976 1507 1456 1545 
15215 3131 1291 1586 1383 
15216 3089 3098 3157 564 
15217 3280 3172 3218 3262 
15218 578 3280 3218 564 
15219 3032 692 711 709 
15220 3172 667 681 671 
15221 3172 671 681 693 
15222 3152 836 824 86 
15223 3152 835 2733 824 
15224 3152 577 582 591 
15225 3152 824 2733 86 
15226 3218 578 564 588 
15227 3218 699 70 71 
15228 3221 1398 1400 1587 
15229 578 3280 564 562 
15230 3266 3231 1398 2419 
15231 691 2968 700 2955 
15232 3199 588 573 593 
15233 3130 669 3058 70 
15234 2948 2947 3013 3012 
15235 3012 3009 2947 3152 
15236 3032 711 687 709 
15237 589 2982 591 583 
15238 3123 3124 2720 2702 
15239 2202 3114 2162 2278 
15240 3132 3093 3054 559 
15241 3099 3132 3104 3072 
15242 3011 3067 3098 3130 
15243 2983 2982 575 591 
15244 3054 569 54 559 
15245 3054 55 554 54 
15246 3054 55 54 569 
15247 3151 2121 2252 2307 
15248 3089 2796 3098 3097 
15249 3089 2794 3092 3157 
15250 3098 3218 3130 3058 
15251 3011 3013 2948 3135 
15252 3116 3121 3061 3248 
15253 3136 3109 3113 2280 
15254 3114 2220 3277 3141 
15255 3141 3094 3114 2722 
15256 3094 560 56 558 
15257 3116 3136 3114 3094 
15258 3224 2108 2171 2184 
15259 3132 3092 3110 3093 
15260 3109 2100 2698 2697 
15261 3110 2699 2700 2697 
15262 3109 82 755 759 
15263 3109 2274 2100 2142 
15264 3109 2280 2100 2284 
15265 3109 2100 2274 2284 
15266 3136 2240 3113 3056 
15267 3136 2718 2170 2109 
15268 3136 2718 2707 2694 
15269 2354 3124 2371 2364 
15270 3136 2718 2693 2707 
15271 3116 3061 570 3248 
15272 3117 3271 3268 2451 
15273 3271 3267 1396 1463 
15274 3141 3114 2220 2141 
15275 3277 2219 2111 2220 
15276 3271 1395 3268 1463 
15277 3127 3121 3041 2679 
15278 3032 687 3276 709 
15279 3142 3115 3224 3241 
15280 2793 2795 1199 1318 
15281 3224 1232 1299 1259 
15282 3141 3157 3094 3134 
15283 3264 2711 3134 2724 
15284 2712 3264 2695 2108 
15285 3264 2712 2695 2724 
15286 2728 1239 1344 1283 
15287 2728 1239 1310 1216 
15288 2728 1239 1283 1310 
15289 3133 2719 2717 2723 
15290 3133 2728 2719 2706 
15291 3133 2719 2705 2706 
15292 3133 2723 2705 2719 
15293 3130 3067 2385 2386 
15294 3057 3088 2369 2356 
15295 1500 3142 3143 3241 
15296 2814 2379 2383 2382 
15297 2382 3060 2384 2383 
15298 2814 1155 3048 1248 
15299 3098 588 3130 3218 
15300 3058 2385 2382 2384 
15301 3246 3176 3164 669 
15302 2723 3124 2709 2696 
15303 3066 2361 2369 2349 
15304 1346 2795 1164 2354 
15305 3089 3093 3097 559 
15306 2814 1206 3063 2402 
15307 2793 2382 2796 2375 
15308 2793 2375 1336 273 
15309 2795 3133 1227 1226 
15310 2795 1199 1318 1329 
15311 2793 2794 2814 3048 
15312 3067 2400 2385 2392 
15313 3067 2382 2796 3058 
15314 3067 2382 3058 2385 
15315 3099 3073 3104 3050 
15316 3066 3100 3090 2349 
15317 3169 2387 2388 2386 
15318 668 3120 675 676 
15319 3120 3223 3160 1202 
15320 3120 3169 675 2388 
15321 3089 3157 3092 3094 
15322 3169 668 675 674 
15323 3160 1179 1201 1341 
15324 3160 277 1201 1179 
15325 3169 2392 3067 2386 
15326 3169 2392 2386 2399 
15327 3169 2386 2388 2399 
15328 3122 3135 3155 3223 
15329 3130 573 3199 588 
15330 3089 3094 3093 558 
15331 3130 3199 3218 588 
15332 3130 70 3058 3218 
15333 3130 3199 69 70 
15334 3130 3218 3199 70 
15335 3032 3276 3232 709 
15336 3060 3063 3047 3176 
15337 3266 1449 1399 1444 
15338 3224 2794 3264 2728 
15339 3063 1479 1560 1449 
15340 3280 563 564 562 
15341 3221 3060 3063 2376 
15342 3280 562 578 584 
15343 3157 563 560 561 
15344 553 3268 1 3171 
15345 3171 3274 2413 48 
15346 3164 3058 669 3176 
15347 3218 3176 3058 3157 
15348 2793 2381 2382 2375 
15349 3280 3218 3176 3262 
15350 560 3116 3143 3094 
15351 3218 3176 3157 3280 
15352 3047 1475 1570 1558 
15353 3047 1474 1475 1558 
15354 3266 1559 1371 2409 
15355 3116 3121 3114 3136 
15356 3047 1558 1570 1420 
15357 3142 1418 3267 1416 
15358 3131 1546 1511 1383 
15359 3142 3224 3115 2794 
15360 3131 1332 1248 1292 
15361 3131 1172 1291 1383 
15362 3131 1172 1332 1292 
15363 3131 1172 1292 1291 
15364 3163 1245 1358 1166 
15365 3163 1358 1185 1166 
15366 1261 3232 1194 3200 
15367 2928 3159 3198 3175 
15368 3200 1186 1194 1261 
15369 3200 1188 1186 1261 
15370 3032 2929 2928 3200 
15371 2929 1192 1189 1190 
15372 3215 3232 1328 1269 
15373 3200 692 704 679 
15374 3232 1357 1328 1269 
15375 3198 1325 3159 1362 
15376 3032 2929 682 2928 
15377 3032 687 3029 3276 
15378 3035 3182 1063 1108 
15379 3035 2988 1564 1521 
15380 2926 2944 684 706 
15381 2087 2884 3186 2886 
15382 3213 1137 1146 1050 
15383 3045 1369 3044 1090 
15384 3255 1078 1369 1090 
15385 2933 682 683 694 
15386 2929 1196 2927 1192 
15387 2968 3030 3020 2893 
15388 2924 2895 3186 2092 
15389 3015 3243 3238 3244 
15390 3034 962 2923 960 
15391 3044 1480 2988 1539 
15392 3044 1481 1480 1539 
15393 3044 1136 1027 1094 
15394 3044 938 1136 1094 
15395 3044 1027 1136 1100 
15396 3044 2988 1521 1539 
15397 3044 1521 1481 1539 
15398 3044 1521 1520 1481 
15399 3035 1521 3044 2988 
15400 1520 3035 1541 1521 
15401 3035 1521 1491 1541 
15402 3035 1491 1487 1541 
15403 3035 1595 1541 1487 
15404 3021 1408 1407 1406 
15405 3021 1406 1407 1405 
15406 3021 1408 1406 1410 
15407 3021 1406 1507 1410 
15408 3021 1406 1404 1507 
15409 3025 1470 1367 1583 
15410 2968 2893 2891 2977 
15411 2970 3172 3025 3231 
15412 3025 3231 3172 2414 
15413 3025 3230 2412 2413 
15414 3025 2412 2405 2413 
15415 701 691 2955 690 
15416 2968 703 685 695 
15417 3029 1411 1409 1412 
15418 3029 1557 1566 1411 
15419 3020 694 2933 3030 
15420 3029 1551 3276 1557 
15421 3029 3263 3215 1415 
15422 3019 1405 3025 3021 
15423 2968 703 3030 685 
15424 2946 2956 3217 2944 
15425 2927 3208 2083 999 
15426 3020 2891 2892 2988 
15427 2968 2955 2960 2893 
15428 2955 3167 820 823 
15429 3184 3137 2896 3244 
15430 2890 2892 3034 2923 
15431 3177 2874 2775 2776 
15432 2968 3021 2970 2976 
15433 3015 3238 3281 2733 
15434 2955 835 829 828 
15435 2955 829 823 828 
15436 2925 493 958 2088 
15437 2955 823 829 827 
15438 2946 2947 701 673 
15439 2946 840 830 829 
15440 2960 2893 2956 3030 
15441 2946 2960 2944 690 
15442 2960 3030 2944 684 
15443 3192 492 2084 2083 
15444 3032 3276 3215 3232 
15445 3206 2843 1107 955 
15446 2927 3214 3208 3213 
15447 3177 3207 2924 3119 
15448 3208 2925 493 958 
15449 3034 1004 962 1027 
15450 2858 3187 2852 3190 
15451 3012 593 589 591 
15452 2947 836 3152 3009 
15453 693 2947 594 3199 
15454 2947 3199 697 696 
15455 2947 673 3199 696 
15456 2947 697 673 696 
15457 2948 702 3217 3158 
15458 3099 2982 589 2 
15459 2947 701 673 697 
15460 3206 1098 949 991 
15461 2926 3192 3198 2927 
15462 2925 493 2088 492 
15463 2925 492 2086 491 
15464 2925 2086 2088 2090 
15465 2925 492 2088 2086 
15466 2924 2895 2894 2896 
15467 2925 3030 2956 2893 
15468 2923 964 1149 961 
15469 2925 2892 3030 2893 
15470 2926 684 3030 683 
15471 3198 2929 1192 1189 
15472 2960 684 2944 690 
15473 2926 684 680 706 
15474 2927 2084 2080 2083 
15475 2933 3208 3263 2892 
15476 2927 2083 2080 999 
15477 3208 930 493 2083 
15478 2929 3215 3214 1263 
15479 2968 3020 2970 3021 
15480 2927 1275 1192 1196 
15481 2928 1187 3200 1188 
15482 3206 1351 1275 1276 
15483 3206 2080 2927 2084 
15484 3206 2085 2080 2084 
15485 3206 1272 1351 1159 
15486 3206 1272 1275 1351 
15487 2929 3214 2927 1196 
15488 2929 3214 1196 1273 
15489 2929 1273 1190 1191 
15490 2929 1188 1191 1190 
15491 3032 3214 2933 2929 
15492 3175 1246 1364 1325 
15493 3175 1203 1364 1246 
15494 3032 3276 3029 3215 
15495 3217 3158 702 688 
15496 3175 3223 3166 3174 
15497 3217 3195 2858 3189 
15498 2928 1189 1187 1188 
15499 3159 1325 1250 1362 
15500 3159 677 676 678 
15501 3198 1272 3206 1267 
15502 3158 710 676 668 
15503 3032 692 709 705 
15504 3162 2378 2394 281 
15505 3162 2378 281 1151 
15506 3162 3163 3200 1185 
15507 2398 3162 2394 1185 
15508 3162 704 3200 3163 
15509 3162 2391 2394 2401 
15510 3162 2401 2394 2378 
15511 2838 2319 2320 2317 
15512 2323 2871 2317 2315 
15513 2840 2843 2858 3191 
15514 2840 2843 3191 2842 
15515 2853 2324 2320 2319 
15516 2840 2321 3166 1152 
15517 488 2831 2075 940 
15518 3190 3191 1071 1141 
15519 3190 2842 3191 1141 
15520 3190 3185 2842 1141 
15521 3194 3188 2068 993 
15522 2840 3190 2852 2842 
15523 2884 3186 2886 2887 
15524 2840 2333 2842 2311 
15525 2852 3187 2838 2839 
15526 2852 2839 2838 2317 
15527 2852 2320 2323 2317 
15528 2852 2838 2320 2317 
15529 2831 997 2073 2075 
15530 2884 1077 3186 3188 
15531 2885 2081 2079 490 
15532 2886 2087 2924 3186 
15533 2092 2924 2895 2925 
15534 3195 2887 3207 2869 
15535 2884 3191 2885 489 
15536 2886 2924 3195 2887 
15537 2885 2843 2858 3189 
15538 2885 2858 2843 3191 
15539 2885 490 2089 489 
15540 3217 2858 3174 3189 
15541 3217 3166 3189 3174 
15542 2886 2091 2086 2092 
15543 2822 3187 2823 2833 
15544 2872 994 3190 2071 
15545 3194 2869 2833 2832 
15546 3194 3187 2858 3190 
15547 3194 2858 3187 2869 
15548 3194 3187 2833 2869 
15549 3188 488 1023 25 
15550 3188 940 488 25 
15551 3246 698 670 72 
15552 487 3188 488 2068 
15553 2831 3188 2798 940 
15554 2820 2760 2775 2813 
15555 3188 1114 1077 940 
15556 3188 1023 1114 940 
15557 983 2087 984 190 
15558 3194 2884 1103 3190 
15559 3177 3167 3144 3178 
15560 3186 2895 3178 985 
15561 3186 985 3178 987 
15562 3186 985 987 986 
15563 3186 983 986 1077 
15564 3186 2798 3178 2887 
15565 3186 984 985 986 
15566 3186 984 986 983 
15567 2831 2887 3188 3194 
15568 2831 2887 3194 2832 
15569 2828 2813 2832 2821 
15570 487 2828 2077 2831 
15571 2831 3194 3188 487 
15572 2831 2832 3194 2833 
15573 2831 2077 487 2075 
15574 2831 2073 2077 2075 
15575 2948 3158 3217 3135 
15576 840 2946 2947 2955 
15577 3246 3231 3176 71 
15578 3207 2955 827 823 
15579 2868 2869 3207 3119 
15580 2993 2912 2804 2742 
15581 3207 826 823 827 
15582 3207 831 826 827 
15583 3013 3158 3160 3169 
15584 2949 833 3009 3010 
15585 2868 3207 831 826 
15586 2868 3119 3207 826 
15587 3246 698 72 71 
15588 2949 2955 829 827 
15589 3168 611 2855 614 
15590 2949 3207 2955 827 
15591 2815 3187 3180 2800 
15592 3180 2868 2949 3010 
15593 3168 2949 3174 3135 
15594 3180 2869 2800 3187 
15595 3180 3174 2869 3187 
15596 3180 2869 2868 2800 
15597 3180 2800 2868 3010 
15598 3217 2943 3158 688 
15599 3168 3050 3135 617 
15600 2815 2800 3180 609 
15601 2815 3180 3187 3174 
15602 3168 3135 3174 617 
15603 3168 3174 625 617 
15604 3168 625 610 617 
15605 2799 2802 2801 2790 
15606 2829 3010 3168 2855 
15607 2809 2477 2790 1602 
15608 2799 2802 2833 2800 
15609 2894 2955 820 828 
15610 2969 2733 3152 835 
15611 3015 3184 2894 2977 
15612 3167 3204 3144 3178 
15613 2897 3184 3242 3182 
15614 2897 3182 3242 1059 
15615 612 2829 2732 609 
15616 2829 3168 2800 609 
15617 2829 611 3168 609 
15618 2829 2742 2801 2800 
15619 2829 623 616 611 
15620 2829 609 623 611 
15621 3032 3215 3029 3263 
15622 3029 1412 1414 1411 
15623 3029 1414 1557 1411 
15624 3029 3276 3019 1557 
15625 3029 3019 3276 687 
15626 3076 546 2492 545 
15627 2792 2732 2799 2800 
15628 3068 1813 2810 1629 
15629 2479 2791 2476 3076 
15630 3076 2493 546 545 
15631 3076 547 546 2479 
15632 3076 2493 2476 2479 
15633 3076 546 2493 2479 
15634 2809 3076 2492 545 
15635 2809 1718 1657 1806 
15636 2789 1673 402 1628 
15637 2789 2503 2738 1601 
15638 2809 1657 1713 1806 
15639 3075 1757 1658 1718 
15640 2826 2489 386 1816 
15641 2826 2475 2489 1640 
15642 2826 2821 2812 2825 
15643 2826 1640 2489 1816 
15644 2827 2483 2482 2470 
15645 2827 2821 2799 2790 
15646 2827 2825 2823 2833 
15647 2827 2823 2486 2483 
15648 3246 698 3163 670 
15649 2827 2833 2799 2821 
15650 26 2067 176 2824 
15651 26 2067 2824 484 
15652 2488 2824 2486 2471 
15653 2824 2471 2825 2486 
15654 2824 2825 2074 485 
15655 2824 2074 484 485 
15656 2824 484 2067 485 
15657 2869 3217 2858 3174 
15658 3217 2944 2943 706 
15659 3195 2885 2858 3189 
15660 3195 2858 2885 2887 
15661 3195 2858 2887 2869 
15662 694 3032 682 711 
15663 2926 2933 2929 682 
15664 2933 2927 2929 3214 
15665 2933 3208 2927 3214 
15666 3246 3231 72 7 
15667 2933 3263 3208 3214 
15668 2933 3263 3214 3215 
15669 2872 937 174 2069 
15670 2870 1175 2314 1184 
15671 2872 2069 2065 2067 
15672 2872 2065 2824 2067 
15673 2870 2314 2308 1184 
15674 2871 2852 3185 2323 
15675 3246 3276 3231 7 
15676 2872 1000 3185 1145 
15677 2871 2823 2852 2839 
15678 2871 2823 2839 2817 
15679 2871 3190 2852 2823 
15680 2871 2852 3190 3185 
15681 2837 2330 2337 2318 
15682 2791 1605 3075 1660 
15683 2837 2839 2330 2318 
15684 3179 2839 2316 2330 
15685 3179 2316 2325 2330 
15686 2335 2837 3179 2330 
15687 3179 2325 2335 2330 
15688 3179 1183 2325 1208 
15689 3179 1208 2325 2312 
15690 2791 3179 1639 1715 
15691 2926 3192 2927 3208 
15692 3223 3217 3135 3174 
15693 706 688 3217 702 
15694 2943 678 688 706 
15695 2853 2858 2869 3187 
15696 2484 2792 2839 2791 
15697 2853 2869 3174 3187 
15698 625 3173 3174 2815 
15699 612 622 3153 2810 
15700 2837 605 607 606 
15701 3154 605 2837 3165 
15702 3154 1153 1212 1213 
15703 3154 3080 3081 1252 
15704 3153 2837 2815 2732 
15705 3153 2810 2732 612 
15706 622 3153 3068 4 
15707 3158 710 68 8 
15708 3158 2943 676 710 
15709 3158 688 2943 710 
15710 702 710 688 3158 
15711 3153 2732 2815 607 
15712 1398 3246 3231 3266 
15713 3075 1791 3080 1660 
15714 3075 1791 1660 1605 
15715 3083 1737 1763 1637 
15716 3083 1637 1741 1737 
15717 3083 1637 1810 1741 
15718 3083 1356 1315 1254 
15719 3083 1254 1242 1356 
15720 3068 1656 3081 3080 
15721 3070 3140 3082 599 
15722 3068 4 3081 59 
15723 3153 605 624 607 
15724 3153 3075 2732 2810 
15725 3153 3068 3075 2810 
15726 3153 3068 2810 622 
15727 3153 624 4 622 
15728 3068 3080 3081 4 
15729 2735 2737 3038 3096 
15730 2735 2854 3049 3064 
15731 2737 60 618 596 
15732 2751 802 784 790 
15733 2737 60 596 3070 
15734 3070 599 60 59 
15735 3070 59 60 596 
15736 2818 2340 2373 2368 
15737 2818 3140 3070 2819 
15738 2818 3070 3082 2737 
15739 3086 2352 2350 2351 
15740 2818 2819 3070 2737 
15741 3086 3102 3091 3074 
15742 3155 3156 3101 3088 
15743 3155 3101 3156 595 
15744 2380 3160 2392 3067 
15745 3160 2393 3088 2380 
15746 3120 3223 1202 1203 
15747 3155 3101 595 3 
15748 595 617 3155 3 
15749 3069 771 773 772 
15750 3069 3090 772 774 
15751 3069 772 773 774 
15752 3069 774 3051 3090 
15753 775 2751 3069 3051 
15754 3065 2517 2998 2507 
15755 2752 3037 78 799 
15756 3091 2359 3084 2362 
15757 3091 2359 2362 2363 
15758 3091 772 3069 3090 
15759 3091 2352 2358 2359 
15760 3091 3105 3090 2363 
15761 3091 3102 3069 772 
15762 3091 2363 2352 2359 
15763 2224 3103 3091 3084 
15764 3103 2241 3071 2258 
15765 3103 2174 2241 2258 
15766 772 3103 3105 3091 
15767 3103 2161 2174 2258 
15768 3103 3105 3111 781 
15769 3077 2257 2270 2235 
15770 3077 2257 2123 2270 
15771 3087 261 260 2343 
15772 3087 1230 1228 1242 
15773 3087 2373 2818 2365 
15774 3087 2343 2373 2365 
15775 3087 1228 261 2365 
15776 3087 261 2343 2365 
15777 3039 3102 3074 2222 
15778 1281 3087 3078 1230 
15779 3087 1228 1230 1161 
15780 3087 1228 1161 261 
15781 3087 1228 2818 1242 
15782 3087 2818 1228 2365 
15783 3037 3039 3040 2213 
15784 3039 3074 3087 3078 
15785 3086 3082 2368 2351 
15786 3086 2368 2818 2373 
15787 3086 2358 2357 2343 
15788 3039 2736 3040 3078 
15789 3037 3102 2222 2214 
15790 3037 2222 2211 2214 
15791 3071 771 799 2752 
15792 3037 2211 2212 2150 
15793 3037 3102 3039 2222 
15794 2752 771 799 783 
15795 3246 3266 3176 3231 
15796 3038 2510 2505 2519 
15797 3038 3039 2752 2737 
15798 3038 2736 2836 3040 
15799 3038 2963 2752 3039 
15800 2836 2505 548 2519 
15801 2288 2836 3040 2963 
15802 2967 2975 761 12 
15803 2967 761 777 12 
15804 3196 2856 3049 3073 
15805 2751 2737 2752 3069 
15806 2964 770 3024 778 
15807 2854 2789 2810 2801 
15808 2967 777 802 12 
15809 2984 2525 2998 2500 
15810 2752 2975 2967 12 
15811 2834 2963 2967 3096 
15812 2984 2539 2525 2500 
15813 2507 3065 2834 2998 
15814 3038 2836 2736 1638 
15815 3038 2506 52 549 
15816 2834 2963 2836 2835 
15817 2974 2155 2835 2208 
15818 2974 2156 2155 2208 
15819 2974 2155 2152 2182 
15820 2974 2834 2965 3031 
15821 2974 2835 2834 3031 
15822 2974 2248 2153 2156 
15823 2974 2156 2153 2155 
15824 3014 3023 2979 2978 
15825 2982 3152 3012 591 
15826 3054 3003 801 769 
15827 3099 2982 3072 3073 
15828 769 3072 785 797 
15829 2979 3024 768 786 
15830 2979 768 769 786 
15831 2979 2981 786 785 
15832 2979 786 769 785 
15833 3196 3095 2981 3049 
15834 3122 3160 3135 3223 
15835 2979 2981 3024 786 
15836 802 799 783 2752 
15837 3038 2752 3096 2737 
15838 3038 2836 2963 3040 
15839 2966 777 761 770 
15840 2966 761 2967 2975 
15841 2966 2965 2974 2975 
15842 2966 3036 3000 3024 
15843 3104 3050 3095 3051 
15844 2966 3036 3024 798 
15845 2966 798 3024 770 
15846 3246 3176 3266 3221 
15847 2964 3024 2966 3000 
15848 2966 2975 2967 2965 
15849 2964 2967 2966 777 
15850 2964 777 2966 770 
15851 2964 777 770 778 
15852 2964 784 777 778 
15853 2751 790 3069 783 
15854 3095 2981 779 789 
15855 3095 779 803 789 
15856 3196 2908 2778 2912 
15857 3095 778 2981 789 
15858 3095 784 778 789 
15859 803 2751 784 790 
15860 3095 803 784 789 
15861 2735 621 596 618 
15862 2751 3096 2964 802 
15863 2751 3049 2964 3064 
15864 3038 1604 2510 1638 
15865 2751 3051 3095 3049 
15866 2751 2737 3051 618 
15867 2751 3096 2752 2737 
15868 2751 3049 3095 2964 
15869 769 794 801 3054 
15870 3132 11 3110 795 
15871 3132 3054 3113 794 
15872 3072 797 780 785 
15873 3072 797 794 780 
15874 2856 2742 2855 3010 
15875 2856 2750 2742 3010 
15876 2993 2856 3196 2912 
15877 3196 2907 2778 2908 
15878 2743 2850 2912 2908 
15879 2743 2912 2850 2980 
15880 2992 822 85 84 
15881 2992 3009 836 822 
15882 2992 2856 2912 3073 
15883 2992 2912 2980 3073 
15884 2992 3009 2856 3073 
15885 2854 3052 2789 2801 
15886 3052 2514 2513 2501 
15887 2993 3052 2777 3064 
15888 2735 2503 2513 2511 
15889 2993 2778 2804 2912 
15890 3065 3052 2514 2513 
15891 2507 2513 52 3065 
15892 3065 2513 52 2511 
15893 3065 2964 3096 2998 
15894 3065 3064 2964 2998 
15895 2525 2999 2984 2998 
15896 3065 3096 2834 2998 
15897 3065 3038 2834 3096 
15898 2507 3065 52 2834 
15899 2789 1629 2810 1813 
15900 2789 1629 1813 1631 
15901 2789 1673 1628 1631 
15902 596 2735 2737 3070 
15903 2789 1628 1629 1631 
15904 2984 1689 2754 2523 
15905 2984 2539 2523 2535 
15906 2984 2998 2517 2500 
15907 3004 2936 3000 2935 
15908 2932 90 848 843 
15909 2932 843 848 886 
15910 2932 90 2797 2782 
15911 2932 2797 90 843 
15912 2932 2797 2909 2782 
15913 2931 2932 2782 2522 
15914 2999 2536 2520 2535 
15915 2931 2542 2537 2536 
15916 2931 2537 2542 2522 
15917 2877 843 2778 880 
15918 3196 2978 2906 2848 
15919 2804 2742 2741 2803 
15920 2931 2754 2932 2522 
15921 2778 2931 2909 2907 
15922 2778 2932 2931 2754 
15923 2778 2754 2931 3064 
15924 2804 844 884 881 
15925 2735 622 3068 596 
15926 2778 2931 2907 3064 
15927 3196 2978 3024 2907 
15928 2777 843 2778 2932 
15929 2777 843 2932 886 
15930 2777 865 880 886 
15931 2777 1717 2747 2783 
15932 2777 2747 1717 2801 
15933 2804 2747 2790 883 
15934 2777 2783 2747 849 
15935 2777 2783 849 886 
15936 2777 2932 2783 886 
15937 3138 3260 3238 3197 
15938 916 917 2916 911 
15939 2916 923 2899 917 
15940 2916 18 923 917 
15941 2916 2908 2917 2919 
15942 916 917 18 2916 
15943 2741 14 2803 2742 
15944 2850 2908 2916 2919 
15945 2850 2919 2916 2745 
15946 2850 2908 2919 2745 
15947 2850 2908 2745 2848 
15948 2850 2912 2848 2980 
15949 2850 2848 2912 2908 
15950 2980 2848 2978 3196 
15951 3196 2981 3095 2964 
15952 3196 2912 2856 3073 
15953 2981 2980 2978 3196 
15954 2978 3024 2979 2981 
15955 3024 3196 2981 2978 
15956 3196 2912 2848 2908 
15957 2978 2907 3006 3024 
15958 3246 3176 3221 3164 
15959 2739 2740 1875 1895 
15960 3055 2971 3043 666 
15961 3055 3017 2972 2114 
15962 2973 2638 2972 2639 
15963 2973 716 3005 717 
15964 2808 743 9 713 
15965 718 719 722 2806 
15966 718 719 2806 713 
15967 2906 2978 3014 2848 
15968 2936 2935 2656 2655 
15969 3196 2848 2906 2908 
15970 2906 3014 2978 3006 
15971 2906 2978 2907 3006 
15972 3196 2778 2907 3064 
15973 3266 3176 3047 3063 
15974 3196 2907 2964 3064 
15975 3196 3073 3049 2981 
15976 3196 3064 2964 3049 
15977 3196 3073 2980 2912 
15978 2981 2980 3196 3073 
15979 3024 3196 2964 2981 
15980 2993 2912 3196 2778 
15981 2936 2937 2906 721 
15982 2934 2996 2940 73 
15983 720 2934 2936 721 
15984 2936 2650 3006 3000 
15985 2521 3004 2784 2534 
15986 3001 2651 497 2093 
15987 3001 3024 3006 3000 
15988 3001 3024 3000 3036 
15989 3001 3036 3000 2180 
15990 3001 2225 3036 2180 
15991 3001 2225 2180 2093 
15992 3001 2166 2225 2093 
15993 2997 2527 2532 2529 
15994 2999 3064 2931 2754 
15995 2997 2520 552 2529 
15996 2997 2520 2532 2535 
15997 2997 2532 2520 2529 
15998 2784 2526 2938 2531 
15999 2784 2533 2526 2531 
16000 2784 2548 2533 2534 
16001 3004 2534 53 2536 
16002 3004 2936 2937 2907 
16003 2521 3004 2534 53 
16004 2911 2922 2904 2901 
16005 3004 2937 2784 2534 
16006 2784 2533 2531 2521 
16007 2784 2533 2521 2534 
16008 2942 1815 1775 1734 
16009 1751 2942 2910 2938 
16010 2942 2117 2254 2269 
16011 2295 2942 2254 2200 
16012 2942 2254 2200 2269 
16013 3266 1398 1399 2419 
16014 2942 2940 2910 2938 
16015 2958 2994 2995 76 
16016 3266 3262 3176 3231 
16017 2958 1917 1860 1918 
16018 2958 2035 1918 1965 
16019 2958 2035 1917 1918 
16020 2973 2640 3005 716 
16021 2973 2807 2972 716 
16022 3055 3043 2676 643 
16023 3055 630 3008 2972 
16024 2973 2972 2807 632 
16025 2973 2972 2654 2639 
16026 2641 2973 2639 2640 
16027 2973 2806 3005 3014 
16028 2904 2901 2922 2902 
16029 2731 2918 2753 2883 
16030 2744 2808 2945 2607 
16031 2918 2904 2921 2909 
16032 2920 2905 2904 2883 
16033 2920 2883 2921 2919 
16034 2920 748 742 719 
16035 2905 737 2945 733 
16036 2905 737 733 734 
16037 2905 734 733 729 
16038 2904 751 2902 729 
16039 2889 2763 2953 2875 
16040 753 2910 2938 2911 
16041 2934 2935 2784 2938 
16042 2921 748 719 722 
16043 2904 751 729 727 
16044 2904 729 728 727 
16045 2921 2745 2906 2806 
16046 2921 2745 2919 2908 
16047 2921 722 728 748 
16048 2865 2774 2762 2760 
16049 2921 2909 2906 2908 
16050 2921 725 728 722 
16051 2921 2908 2906 2745 
16052 2920 2945 2808 742 
16053 2920 733 2945 742 
16054 2744 2916 2919 2745 
16055 2744 2899 2746 2613 
16056 2744 2899 2613 2616 
16057 2919 2898 2620 2882 
16058 2744 2745 2920 2808 
16059 2744 2919 2920 2745 
16060 2918 845 2797 92 
16061 2900 1994 1906 1907 
16062 2900 2902 2922 2901 
16063 2900 1951 1952 2011 
16064 2900 1994 1907 2011 
16065 2900 1952 1994 2011 
16066 2739 2905 2904 2902 
16067 2753 2739 2883 2904 
16068 2753 2883 2918 2904 
16069 2753 2922 2904 2909 
16070 2882 2029 1925 1841 
16071 2739 1993 1990 1895 
16072 2739 2019 1990 1993 
16073 2934 73 753 714 
16074 2911 727 2937 726 
16075 2911 751 727 726 
16076 749 753 751 2911 
16077 2911 753 751 726 
16078 2930 2901 2784 2538 
16079 2930 1606 1634 413 
16080 2930 413 1634 2538 
16081 2930 2901 2900 2922 
16082 2930 1636 1635 1606 
16083 2930 1606 1635 1634 
16084 2930 2545 1606 2524 
16085 2930 1634 2901 2538 
16086 2930 2538 2548 2524 
16087 2930 413 2538 2524 
16088 2930 1606 413 2524 
16089 2764 858 859 870 
16090 2816 2763 2764 2773 
16091 2816 2560 2773 2569 
16092 2764 858 857 2763 
16093 2764 891 858 870 
16094 2764 891 860 858 
16095 3266 3063 3221 3176 
16096 2762 856 885 859 
16097 2764 2763 859 858 
16098 2816 2558 2847 2559 
16099 2816 2553 2558 2559 
16100 2770 1005 2847 1122 
16101 2816 2553 2559 2560 
16102 2786 2765 2816 2561 
16103 2770 2060 2787 2062 
16104 2770 2054 2060 2062 
16105 2766 2770 2841 2771 
16106 2764 2769 2772 2761 
16107 2770 2772 2816 2787 
16108 2770 2062 2787 1005 
16109 166 2770 1005 2062 
16110 2770 2816 2841 2847 
16111 2770 2816 2847 2787 
16112 2770 2787 2847 1005 
16113 2805 1776 1726 1610 
16114 2805 1726 1738 1610 
16115 2805 943 2812 2043 
16116 2805 2812 943 1118 
16117 2805 943 1038 1118 
16118 2805 1752 1804 1726 
16119 2805 1804 1738 1726 
16120 2813 2726 2831 2832 
16121 2828 2078 2077 2073 
16122 2820 2047 2041 480 
16123 2813 2821 2760 2832 
16124 2813 2050 2049 2048 
16125 2048 2820 2049 2813 
16126 2828 3194 2831 487 
16127 2813 2726 2049 2050 
16128 2820 2774 2759 481 
16129 2820 2041 481 480 
16130 2820 2726 2046 2049 
16131 479 480 2756 2761 
16132 2779 2826 2756 2805 
16133 2779 2826 2805 1655 
16134 2779 2826 1655 1640 
16135 2779 1655 1641 1640 
16136 2779 2826 1597 2790 
16137 2779 1597 2748 2790 
16138 2779 2826 1640 1597 
16139 2779 1640 1641 1597 
16140 2779 2821 2756 2826 
16141 2779 2748 1597 1641 
16142 2767 861 864 863 
16143 2811 2779 2767 2748 
16144 2811 2758 2821 2790 
16145 2767 861 2748 1645 
16146 2767 854 861 863 
16147 2767 854 2748 861 
16148 2804 880 2777 865 
16149 2804 884 880 865 
16150 2854 2829 2855 2742 
16151 2804 2778 2777 880 
16152 2048 2820 2041 2049 
16153 2758 2802 2821 2790 
16154 2758 883 853 867 
16155 2749 2800 2868 2833 
16156 2758 872 867 866 
16157 2758 2802 2760 2821 
16158 2758 867 853 866 
16159 2879 2803 2762 2953 
16160 2820 2046 2774 481 
16161 2762 2953 2803 872 
16162 2741 2879 2953 2803 
16163 872 2953 2803 881 
16164 2953 881 885 15 
16165 2917 2889 2953 2875 
16166 2953 885 841 15 
16167 3015 3244 3137 3184 
16168 2880 2881 2863 2876 
16169 2762 2875 2953 2763 
16170 3266 3063 3047 1449 
16171 2762 2875 2765 2876 
16172 2879 2917 2953 2875 
16173 323 3266 2411 1559 
16174 2898 2862 2605 2882 
16175 2879 839 816 813 
16176 2879 815 2917 813 
16177 2879 816 815 813 
16178 14 2743 2741 805 
16179 2743 805 84 838 
16180 2743 2980 2992 2912 
16181 2743 834 2992 84 
16182 2743 834 84 83 
16183 2743 83 84 805 
16184 2775 1115 2726 1044 
16185 3137 809 811 810 
16186 3177 3119 2775 2865 
16187 3177 2865 2775 2874 
16188 3128 818 2874 816 
16189 2874 818 2865 817 
16190 2874 818 817 816 
16191 2874 2776 3144 2876 
16192 2775 2726 2798 1044 
16193 3266 1399 1474 1559 
16194 3177 818 2874 3137 
16195 3266 3280 3262 3269 
16196 2775 2832 2865 3119 
16197 3177 818 3137 819 
16198 2775 2832 3119 3178 
16199 2775 2832 3178 2798 
16200 2726 2774 2727 2776 
16201 2775 2760 2865 2832 
16202 2775 2726 2832 2798 
16203 2913 1011 1037 1091 
16204 1043 2913 1091 1014 
16205 2913 1011 1091 1014 
16206 1030 3144 2776 2913 
16207 2913 1011 1010 1009 
16208 2857 2584 2863 2881 
16209 2913 1011 1012 1010 
16210 2880 2874 3137 3144 
16211 2913 2876 3144 2776 
16212 2727 1008 2776 1030 
16213 2727 2063 2867 2056 
16214 2867 2058 2056 2059 
16215 2867 2058 482 2056 
16216 2727 1008 1009 927 
16217 2727 2788 2913 2876 
16218 2820 2046 2041 2049 
16219 2774 2867 2727 2765 
16220 2727 2056 2867 482 
16221 2727 2056 482 483 
16222 2727 483 482 2044 
16223 2727 2776 2913 1009 
16224 2727 2876 2913 2776 
16225 2774 2727 2867 482 
16226 2774 2759 2762 2760 
16227 3266 3262 3280 3176 
16228 2786 2787 2816 2765 
16229 2786 2788 2568 1843 
16230 2786 2568 2788 2555 
16231 2786 2568 2555 2565 
16232 2786 2765 2788 2787 
16233 2786 2554 2568 2565 
16234 2786 2559 2554 2565 
16235 2878 1985 2580 2567 
16236 2878 2555 1985 2567 
16237 2878 2786 2564 2765 
16238 2878 2788 2786 2765 
16239 2878 2788 2881 2581 
16240 2878 2555 2786 2788 
16241 2878 2765 2881 2788 
16242 2878 2551 2564 2567 
16243 2878 2564 2555 2567 
16244 2903 2881 2878 2765 
16245 2857 2587 2584 2585 
16246 2876 2863 2875 2903 
16247 3128 3244 3137 3138 
16248 2857 3138 2863 2888 
16249 2950 2864 2863 2888 
16250 2903 2878 2581 2578 
16251 2889 2919 2898 2917 
16252 2861 2572 2557 2563 
16253 2903 2951 2570 2016 
16254 3060 2383 2390 2384 
16255 2861 2564 2878 2551 
16256 2861 2564 2551 2572 
16257 2861 2564 2572 2563 
16258 2729 440 1827 2571 
16259 2729 2557 440 2571 
16260 2729 1827 1874 2571 
16261 2729 2740 2730 1874 
16262 2729 2740 1874 1875 
16263 2889 855 845 841 
16264 2862 1893 473 1925 
16265 1873 2882 1927 2029 
16266 2889 2951 2763 2875 
16267 2729 1874 1827 1875 
16268 2729 1873 1927 1827 
16269 2729 1827 1927 1875 
16270 2620 2608 2883 2882 
16271 2882 2608 2629 2620 
16272 2882 2629 2605 2620 
16273 1873 2882 2729 1927 
16274 1993 2882 1927 2729 
16275 2889 2730 855 856 
16276 2862 2605 2624 2619 
16277 2851 2862 1938 2606 
16278 2862 1893 2018 1914 
16279 2898 2619 2899 2616 
16280 3233 2860 2845 899 
16281 3233 2860 2859 2845 
16282 2851 2623 1988 2604 
16283 2851 2574 2601 1916 
16284 2851 1988 2623 1916 
16285 2950 915 906 911 
16286 2950 2916 917 911 
16287 3129 3260 3197 906 
16288 2950 2917 2879 2875 
16289 3129 839 2879 813 
16290 3129 911 906 908 
16291 3128 2880 3138 2950 
16292 2880 2950 2863 3138 
16293 3233 915 2950 2864 
16294 3233 2864 2950 2888 
16295 3233 906 2950 915 
16296 3233 906 915 903 
16297 3233 915 2864 2860 
16298 3233 915 2860 899 
16299 3233 915 899 903 
16300 3260 3235 904 903 
16301 3252 2846 3211 3237 
16302 3272 96 3236 17 
16303 3235 913 3238 904 
16304 3235 903 3233 896 
16305 3210 3219 3237 2430 
16306 3235 896 913 904 
16307 3235 904 903 896 
16308 3150 1830 1888 2577 
16309 3150 3222 3148 2888 
16310 3150 3222 3212 3148 
16311 3150 1888 1903 1942 
16312 3260 3243 3222 3148 
16313 3260 3243 3148 3244 
16314 3260 3238 3243 3244 
16315 3260 3235 3238 904 
16316 3260 3138 3238 3244 
16317 3260 3138 3244 3148 
16318 2880 2913 2881 2876 
16319 2857 3148 3139 3138 
16320 2857 2888 3148 3138 
16321 2880 3244 3138 3139 
16322 3256 3148 3139 3147 
16323 3256 973 975 971 
16324 3256 975 1102 971 
16325 3256 973 971 969 
16326 3256 3139 3144 974 
16327 3244 3256 3202 3148 
16328 3256 3148 3244 3139 
16329 3256 3139 3244 3144 
16330 3204 1051 1101 972 
16331 1030 3204 3144 1045 
16332 3204 1119 3144 1045 
16333 3204 1119 1045 972 
16334 3204 987 1051 1087 
16335 3204 2776 3144 3178 
16336 3204 1045 1087 972 
16337 3137 3144 3167 2896 
16338 3204 1087 1051 972 
16339 3226 970 968 969 
16340 3226 3144 3204 1119 
16341 3226 3244 3256 2896 
16342 3226 3256 3244 3144 
16343 3226 3244 2896 3144 
16344 3226 974 3256 3144 
16345 3226 2896 3204 3144 
16346 2897 966 967 968 
16347 2897 2896 3226 3256 
16348 2897 967 977 1058 
16349 965 3033 977 1068 
16350 2891 3184 3181 2830 
16351 2897 965 964 963 
16352 2897 964 965 966 
16353 2897 966 3226 2896 
16354 2897 977 967 965 
16355 2897 966 965 967 
16356 2382 3060 3058 2384 
16357 3129 908 3197 808 
16358 820 3137 819 3167 
16359 2955 3167 2894 820 
16360 3167 820 823 821 
16361 2776 3177 2874 3144 
16362 3129 2917 2950 2916 
16363 3167 819 820 821 
16364 3137 3167 3177 819 
16365 3137 2896 3167 2894 
16366 3184 3137 2894 2896 
16367 3137 2894 3167 820 
16368 3060 2383 2389 2390 
16369 820 3137 810 819 
16370 3137 819 814 810 
16371 3137 814 809 810 
16372 3129 906 2950 3138 
16373 3129 2950 906 911 
16374 3128 3138 3129 2950 
16375 3015 3137 3197 809 
16376 3197 2733 13 807 
16377 3015 3137 809 811 
16378 3015 3197 3137 3238 
16379 3245 3265 1372 2428 
16380 2969 693 2947 594 
16381 2969 3015 3281 2733 
16382 2976 3230 3025 3281 
16383 3060 2390 3164 2387 
16384 2976 3015 2977 3265 
16385 2976 3281 3015 3265 
16386 3245 1372 1430 2428 
16387 3220 1373 1424 1578 
16388 3220 3212 3219 3222 
16389 3220 3219 3243 3222 
16390 3183 2977 3243 3265 
16391 3183 1543 1427 1454 
16392 3181 1486 1487 1485 
16393 3245 1430 1545 1390 
16394 3245 3265 2976 1437 
16395 3245 1430 1437 1545 
16396 2387 3058 3060 2384 
16397 3245 2428 1430 2437 
16398 3270 3278 2435 1467 
16399 2976 3270 3230 3281 
16400 3270 2976 3265 3281 
16401 3270 3125 3281 3236 
16402 3270 3265 3236 3281 
16403 3270 2420 2435 2426 
16404 3270 2420 2426 2436 
16405 3270 1390 3245 3230 
16406 3270 3245 1390 2420 
16407 3270 3245 2420 2436 
16408 2830 2977 2976 3021 
16409 2830 1490 1547 1466 
16410 3033 3182 2897 977 
16411 3033 1060 3182 977 
16412 2891 2830 3021 2977 
16413 3033 1068 1004 1063 
16414 3033 1063 3182 1060 
16415 3033 1068 1063 1060 
16416 3033 2897 3182 3184 
16417 3181 3182 3035 1486 
16418 3033 3035 3182 1063 
16419 3193 1484 1452 1553 
16420 3193 1452 1426 1453 
16421 3193 1452 1453 1553 
16422 3257 1424 1423 1425 
16423 3257 1426 3193 3220 
16424 3257 1426 3220 1424 
16425 3257 1426 1424 1425 
16426 3257 1426 1425 1497 
16427 3257 1423 1596 1425 
16428 3257 1425 1596 1472 
16429 1937 3149 3205 1936 
16430 3202 3220 3183 3243 
16431 3202 3212 3257 3220 
16432 3202 3257 3212 3205 
16433 3202 3148 3150 3212 
16434 3149 1074 3234 1935 
16435 3149 3147 3203 1064 
16436 3203 978 3242 976 
16437 3202 3243 3242 3244 
16438 3202 3256 3242 3147 
16439 3202 3148 3256 3147 
16440 3202 3220 3243 3148 
16441 3202 3243 3244 3148 
16442 3202 3212 3220 3148 
16443 3203 3202 3193 3242 
16444 3203 1024 981 1039 
16445 3203 976 3242 981 
16446 3203 980 976 981 
16447 3203 3147 3202 3242 
16448 3203 981 1024 980 
16449 3234 954 1126 1099 
16450 3247 3212 3257 3205 
16451 3247 2026 1912 1937 
16452 3247 1471 1496 1385 
16453 3247 1971 1912 2026 
16454 3211 3212 1882 1881 
16455 3211 3222 3212 1881 
16456 3211 3222 1881 1879 
16457 3211 1881 1880 1879 
16458 3210 2432 2422 2433 
16459 3210 3235 3211 3237 
16460 3211 2845 3222 2859 
16461 3211 1931 1953 1880 
16462 3211 1882 1931 1880 
16463 3211 1882 1880 1881 
16464 3252 892 913 896 
16465 3252 892 17 913 
16466 3236 3235 3237 3252 
16467 3201 3022 628 661 
16468 2962 95 96 894 
16469 3272 541 3251 2424 
16470 2962 3059 3107 96 
16471 3201 3022 3240 3259 
16472 3201 3259 3240 3251 
16473 662 628 3201 5 
16474 654 3201 3126 662 
16475 3201 2962 3251 2846 
16476 3108 2454 2466 2440 
16477 3108 3126 2674 2676 
16478 3201 3259 3251 3275 
16479 3201 3251 2962 3275 
16480 3250 2844 2746 898 
16481 2961 892 895 894 
16482 2961 2962 3250 3201 
16483 3250 894 898 897 
16484 3250 663 3201 2962 
16485 2961 3252 2845 895 
16486 3060 3176 3221 3063 
16487 2954 3250 660 649 
16488 3250 663 660 649 
16489 3250 663 2962 654 
16490 3250 655 660 663 
16491 3250 663 654 655 
16492 3028 905 95 920 
16493 3028 2849 920 94 
16494 3028 3059 3062 3043 
16495 3028 3062 3059 2987 
16496 3028 2959 2971 3002 
16497 3126 3239 648 644 
16498 3126 648 651 644 
16499 2991 3259 1900 1869 
16500 5 635 628 2991 
16501 3258 1495 1468 1494 
16502 2991 3018 67 635 
16503 3279 2671 3249 2673 
16504 3258 1434 1523 1493 
16505 3258 1468 1389 1494 
16506 3258 3259 3261 3275 
16507 3258 1468 1434 1493 
16508 3258 1389 1468 1493 
16509 3283 1489 1434 1380 
16510 3283 340 2465 2445 
16511 3283 1429 340 2445 
16512 3283 2465 340 1380 
16513 3283 340 1429 1380 
16514 3283 1429 1489 1380 
16515 3283 2465 2454 2445 
16516 3106 3108 3112 2440 
16517 3106 2452 2456 2455 
16518 3271 2449 2451 2458 
16519 3108 542 3248 3249 
16520 3108 542 3249 2440 
16521 56 3113 3054 3061 
16522 3041 3121 3056 2679 
16523 3041 2675 2672 2678 
16524 3041 3248 3108 3043 
16525 3041 2686 2675 2679 
16526 56 566 555 3061 
16527 3041 2679 2675 2678 
16528 3271 3282 2459 2446 
16529 3271 3254 1428 1482 
16530 3282 2459 2446 2449 
16531 3282 3254 3253 2446 
16532 3117 314 1463 1469 
16533 3106 2455 3112 3107 
16534 3282 542 3248 2441 
16535 3282 542 2441 2448 
16536 3282 2449 2446 2448 
16537 3282 2441 2449 2448 
16538 3127 2669 2670 2678 
16539 3127 3254 3282 3121 
16540 3127 2670 2662 2678 
16541 3055 3043 643 652 
16542 3042 2178 2127 2244 
16543 3042 2127 2178 2685 
16544 3042 3008 2664 2178 
16545 3046 3017 2301 2237 
16546 3046 2301 2193 2237 
16547 3046 2244 2127 2193 
16548 3042 2685 2178 2664 
16549 3042 2686 2685 2664 
16550 3046 2098 3056 2129 
16551 3046 2128 2098 2129 
16552 3046 2193 2127 2128 
16553 3046 2130 3053 2131 
16554 3046 2128 2130 2131 
16555 3046 2193 2128 2131 
16556 2971 3014 2973 3017 
16557 3008 643 645 630 
16558 2971 3017 3002 3014 
16559 2971 666 650 665 
16560 2971 3002 2806 3014 
16561 2971 642 650 666 
16562 2986 913 919 922 
16563 3061 3248 3041 3043 
16564 3061 3043 3041 3056 
16565 3061 3041 3248 3121 
16566 3061 3056 3041 3121 
16567 3116 3143 3271 3268 
16568 3116 3113 3136 3094 
16569 3003 3061 3056 3043 
16570 3273 568 3145 587 
16571 3273 592 568 587 
16572 3273 3145 568 3248 
16573 3273 2987 3059 3062 
16574 3273 3062 2983 2987 
16575 2849 902 2959 2745 
16576 2849 2959 902 94 
16577 2849 902 920 94 
16578 3028 95 2959 94 
16579 2987 3028 905 3059 
16580 2987 3028 2849 905 
16581 3060 3164 3221 3176 
16582 905 2849 2987 921 
16583 2849 912 2987 921 
16584 2849 920 912 921 
16585 2849 912 920 902 
16586 2983 574 3062 592 
16587 2983 3003 3062 572 
16588 2983 572 3062 574 
16589 2983 572 574 575 
16590 2982 589 2 583 
16591 2982 2980 2979 2981 
16592 2982 3072 3054 2 
16593 2983 3062 2849 2987 
16594 2982 3054 3003 572 
16595 2734 2850 2849 2980 
16596 2734 86 3152 2733 
16597 2985 579 580 577 
16598 2982 3012 3152 3009 
16599 2734 2849 2983 2980 
16600 3059 2987 3125 2986 
16601 2986 919 3059 2987 
16602 3059 2987 3273 3125 
16603 2986 3107 3059 919 
16604 3125 581 3170 579 
16605 3107 3125 3236 2986 
16606 2986 919 910 922 
16607 2986 3281 3236 3238 
16608 2986 3107 919 3236 
16609 2985 2734 2733 914 
16610 2985 2987 2734 914 
16611 2985 3273 579 576 
16612 2985 2987 3273 576 
16613 2985 577 576 579 
16614 2985 2983 2734 2987 
16615 2985 576 2983 2987 
16616 3118 3278 3273 3145 
16617 3106 3112 2456 2440 
16618 2441 3106 2452 50 
16619 3118 2441 3282 3248 
16620 3118 3248 3268 3145 
16621 3118 2451 2452 2453 
16622 3118 3145 3273 3248 
16623 3118 2441 2452 2451 
16624 49 3272 3237 2427 
16625 3272 2962 3107 96 
16626 96 3252 17 3272 
16627 3229 2435 2439 2425 
16628 3272 2962 2846 3251 
16629 3272 3107 2962 3251 
16630 3272 3251 2846 2424 
16631 3272 2846 3252 3237 
16632 3272 2846 2962 3252 
16633 3112 3275 1381 2464 
16634 3229 3278 3107 2455 
16635 3229 3278 3272 3107 
16636 3229 3272 2425 540 
16637 3229 541 3272 540 
16638 3229 2425 541 540 
16639 3229 3107 3272 3251 
16640 3229 3251 3272 541 
16641 3229 2439 541 2425 
16642 3112 3126 3108 3107 
16643 3106 3273 3059 3248 
16644 3112 2455 2456 2443 
16645 3112 3275 2447 2466 
16646 3112 2447 2457 2466 
16647 3112 2466 3108 3275 
16648 3106 3059 3273 3107 
16649 3112 2443 2456 2457 
16650 3112 2457 2456 2466 
16651 3117 2404 2408 2410 
16652 3117 3145 3274 3278 
16653 3117 3145 3118 3268 
16654 3117 3145 3268 3274 
16655 2404 3117 3268 3274 
16656 3117 2410 2408 315 
16657 2410 3117 2417 316 
16658 3267 325 1416 1577 
16659 35 3267 1577 325 
16660 3267 538 3268 3269 
16661 3267 538 3269 539 
16662 3267 1463 1499 1396 
16663 3089 559 3097 565 
16664 3142 1417 1418 1416 
16665 3269 3047 1371 3266 
16666 3267 1418 1499 1416 
16667 3267 1577 1499 1463 
16668 3267 1416 1499 1577 
16669 3280 553 3269 557 
16670 3280 562 553 557 
16671 3142 2794 3264 3224 
16672 3266 1559 1474 1371 
16673 3280 557 563 562 
16674 3142 1419 3241 1500 
16675 3142 1417 1420 1419 
16676 3157 3280 557 563 
16677 3157 557 560 563 
16678 3157 3269 3280 3047 
16679 3143 58 57 557 
16680 3171 538 3262 3269 
16681 553 3268 3171 3269 
16682 3125 3170 2985 579 
16683 553 590 3171 1 
16684 3171 590 3274 1 
16685 553 590 584 3171 
16686 2982 2992 2980 3073 
16687 2982 2 572 583 
16688 3092 3094 3157 3134 
16689 3089 3098 564 565 
16690 3089 3092 2796 3097 
16691 3093 569 571 558 
16692 3093 55 3054 569 
16693 3093 55 569 558 
16694 3110 11 758 795 
16695 3110 82 758 11 
16696 3110 3113 3136 3109 
16697 3110 3113 3109 755 
16698 3099 573 559 589 
16699 3132 3097 3093 559 
16700 795 755 3132 11 
16701 3132 794 3072 3054 
16702 3099 3098 3011 3097 
16703 795 794 793 3132 
16704 3132 780 3072 794 
16705 3104 793 3132 795 
16706 3132 780 794 793 
16707 1500 1592 3143 1418 
16708 3277 1500 3241 1568 
16709 3277 1592 1500 1568 
16710 3277 1505 1482 1483 
16711 3277 3114 3254 2219 
16712 3277 1483 1592 1568 
16713 3277 1505 1483 1568 
16714 3271 1395 1386 2458 
16715 3271 1386 1396 1482 
16716 3143 560 3157 557 
16717 3271 1396 3267 1499 
16718 3271 3254 3277 3114 
16719 3143 3157 560 3094 
16720 3248 3271 3282 3118 
16721 2451 3271 3268 3118 
16722 3142 3267 3143 3269 
16723 3142 1558 3047 1420 
16724 3013 3130 3199 69 
16725 2968 695 700 2969 
16726 3141 2140 2171 2108 
16727 3277 3141 3143 3114 
16728 3141 3134 3094 2722 
16729 3134 2713 3141 2712 
16730 3134 2713 2712 2724 
16731 3141 2713 3134 2722 
16732 3141 2721 2713 2722 
16733 3277 3141 3241 3143 
16734 3141 2712 2140 2108 
16735 3141 2140 2712 537 
16736 3141 537 2712 2721 
16737 3141 2693 2102 2721 
16738 3141 2712 2713 2721 
16739 3264 2706 2728 2794 
16740 3264 2714 2695 2716 
16741 2814 3176 3060 3047 
16742 3264 2724 2695 2714 
16743 3151 1163 1586 3115 
16744 2171 3151 3224 2184 
16745 3151 2307 2184 2281 
16746 3151 2121 2307 2281 
16747 3151 2252 2271 2307 
16748 3151 1575 1548 1477 
16749 3151 1548 1575 1377 
16750 3115 3047 1570 1420 
16751 3115 1570 1476 1420 
16752 3142 1418 1419 1500 
16753 3142 3269 1371 1416 
16754 3115 3241 3151 3224 
16755 3115 1476 1586 1477 
16756 3115 1420 1476 1439 
16757 3115 1439 1476 1477 
16758 3048 1259 1292 1217 
16759 3048 2794 3115 3224 
16760 3048 1349 1155 1198 
16761 2728 3048 2794 2793 
16762 3048 1216 1217 1198 
16763 3048 1292 1349 1217 
16764 3048 1349 1198 1217 
16765 2796 3123 2703 2702 
16766 1346 3066 1336 2795 
16767 2795 2728 3133 2706 
16768 2795 3133 2728 1329 
16769 2793 273 2381 2375 
16770 2795 1233 1336 1346 
16771 2795 1227 3133 1329 
16772 2795 1318 1227 1329 
16773 2795 1346 1164 1227 
16774 2795 1318 1233 1346 
16775 2795 1227 1318 1346 
16776 2354 3124 2364 3066 
16777 2948 3217 2949 3135 
16778 2796 3123 2702 3124 
16779 3066 2361 2353 2364 
16780 3066 2354 2342 2361 
16781 3066 2354 2361 2364 
16782 2702 2705 2796 3124 
16783 3123 3092 2796 2703 
16784 3123 792 3105 782 
16785 3123 758 3111 792 
16786 3124 3097 3066 2796 
16787 3124 3066 3097 3105 
16788 2720 3085 2709 3124 
16789 3124 2709 2702 2705 
16790 2720 3085 3124 3105 
16791 2702 2705 2703 2796 
16792 3124 2709 2720 2702 
16793 3123 3110 758 795 
16794 3123 792 3111 3105 
16795 3123 3110 2700 3111 
16796 3011 3135 3122 3013 
16797 3098 3097 3067 3100 
16798 3098 3058 3067 2796 
16799 3098 2796 3067 3097 
16800 3098 3058 3130 3067 
16801 619 3122 3050 3135 
16802 3120 279 2395 2396 
16803 3120 3158 2943 676 
16804 3120 1203 3159 3175 
16805 3120 3159 1365 1221 
16806 3120 1158 279 1221 
16807 3120 1203 1158 1365 
16808 3160 2399 2377 2393 
16809 3160 1158 1201 2377 
16810 2 3054 54 559 
16811 3013 3199 3012 2947 
16812 3013 3199 2947 673 
16813 3013 3199 673 696 
16814 3013 673 68 696 
$EndElements
