$MeshFormat
4.1 0 8
$EndMeshFormat
$PhysicalNames
5
2 1 "sphere_walls"
2 2 "inlet"
2 3 "outlet"
2 4 "outer_walls"
3 1000 "fluid"
$EndPhysicalNames
$Entities
53 75 36 1
45 0.653367023935 0.404527200765 0.782439849525 0 
46 0.653367023935 0.404527200765 0.6142291440909999 0 
47 0.53308481637 0.197341275614 0.367440283022 0 
48 0.53308481637 0.197341275614 0.209923565714 0 
49 0.7730937117509999 0.840918133612 0.7126242238379999 0 
50 0.7730937117509999 0.840918133612 0.549319551674 0 
51 0.406145288086 0.239228181591 0.80172251906 0 
52 0.406145288086 0.239228181591 0.6259413845480001 0 
53 0.77947105876 0.863882348867 0.417283747935 0 
54 0.77947105876 0.863882348867 0.246969000007 0 
55 0.844048515165 0.352413257282 0.493635312228 0 
56 0.844048515165 0.352413257282 0.310583248872 0 
57 0.381479890328 0.5282454348 0.598139571425 0 
58 0.381479890328 0.5282454348 0.433809437971 0 
59 0.406608917449 0.688567638892 0.24929365645 0 
60 0.406608917449 0.688567638892 0.05985971687800001 0 
61 0.5187875055359999 0.719575248996 0.7156623149769999 0 
62 0.5187875055359999 0.719575248996 0.5555821979909999 0 
63 0 0 1 0 
64 0 0 0 0 
65 0 1 1 0 
66 0 1 0 0 
67 1.491862189340054e-16 0.677830945616 0.335470708381837 0 
68 -1.040834085586084e-17 0.677830945616 0.102976828564163 0 
69 -1.179611963664229e-16 0.349694676678 0.3239588500186371 0 
70 6.938893903907228e-18 0.349694676678 0.120090099695363 0 
71 -1.387778780781446e-17 0.255098198896 0.6868739602892897 0 
72 -6.938893903907228e-17 0.255098198896 0.4725210251427103 0 
73 1 0 0 0 
74 1 0 1 0 
75 0.255561032155 0 0.3832094442487317 0 
76 0.751519743114 0 0.5247352308254563 0 
77 0.5578836200540001 0 0.7972373259802884 0 
78 1 1 1 0 
79 0.6903092780778989 0.374669048605 1 0 
80 0.5702328030853454 0.720323126604 1 0 
81 0.874019051223449 0.629324556256 1 0 
82 1 1 0 0 
83 0.3665086428605733 0.3193032506199999 7.632783294297951e-17 0 
84 0.8288467042522371 0.383092875425 1.179611963664229e-16 0 
85 0.8828832556261988 0.651078306967 2.775557561562891e-17 0 
86 0.26420348121 1 0.3614794036805369 0 
87 0.211711346721 1 0.658111399002854 0 
88 0.538536537859 1 0.63261441447424 0 
89 1 0.741012904832 0.4788160744965543 0 
90 1 0.694507435115 0.8823258572520449 0 
91 1 0.219943441316 0.763304823926087 0 
92 0.58705099692 0.374669048605 0.929513654692 0 
93 0.458669960743 0.720323126604 0.9196920685900001 0 
94 0.76275587548 0.629324556256 0.90738267374 0 
95 0.245717562709 0.31930325062 0.09117158068799999 0 
96 0.723490293832 0.383092875425 0.07573915306699999 0 
97 0.764156614542 0.651078306967 0.090109483612 0 
67 0.653366923535 0.404527100365 0.782439749125 0.653367124335 0.404527301165 0.782439949925 0 2 45 -45 
68 0.653282818482283 0.404442995312283 0.6141449386382829 0.7375565821047171 0.404611406217717 0.782524054977717 0 2 46 -45 
69 0.653366923535 0.404527100365 0.614229043691 0.653367124335 0.404527301165 0.6142292444909999 0 2 46 -46 
70 0.5330847159700001 0.197341175214 0.367440182622 0.53308491677 0.197341376014 0.367440383422 0 2 47 -47 
71 0.5330059579113461 0.197262417155346 0.209844707255346 0.6119220334826541 0.197420134072654 0.367519141480654 0 2 48 -47 
72 0.5330847159700001 0.197341175214 0.209923465314 0.53308491677 0.197341376014 0.209923666114 0 2 48 -48 
73 0.773093611351 0.840918033212 0.712624123438 0.7730938121509999 0.8409182340119999 0.7126243242379999 0 2 49 -49 
74 0.773011959314918 0.840836381175918 0.549237799237918 0.8548278002690819 0.840999886048082 0.7127059762740819 0 2 50 -49 
75 0.773093611351 0.840918033212 0.5493194512740001 0.7730938121509999 0.8409182340119999 0.549319652074 0 2 50 -50 
76 0.406145187686 0.239228081191 0.80172241866 0.406145388486 0.239228281991 0.80172261946 0 2 51 -51 
77 0.406057297418744 0.239140190923744 0.6258533938807441 0.494123846009256 0.239316172258256 0.801810509727256 0 2 52 -51 
78 0.406145187686 0.239228081191 0.6259412841480001 0.406145388486 0.239228281991 0.6259414849480001 0 2 52 -52 
79 0.77947095836 0.863882248467 0.417283647535 0.77947115916 0.863882449267 0.417283848335 0 2 53 -53 
80 0.779385801286036 0.863797091393036 0.246883742533036 0.8647136901979641 0.863967606340964 0.417369005408964 0 2 54 -53 
81 0.77947095836 0.863882248467 0.246968899607 0.77947115916 0.863882449267 0.246969100407 0 2 54 -54 
82 0.844048414765 0.352413156882 0.493635211828 0.844048615565 0.352413357682 0.493635412628 0 2 55 -55 
83 0.843956889033322 0.352321631150322 0.310491622740322 0.935666172974678 0.352504883413678 0.493726938359678 0 2 56 -55 
84 0.844048414765 0.352413156882 0.310583148472 0.844048615565 0.352413357682 0.310583349272 0 2 56 -56 
85 0.381479789928 0.5282453344 0.598139471025 0.381479990728 0.5282455351999999 0.5981396718249999 0 2 57 -57 
86 0.381397625161273 0.5281631696332729 0.433727172804273 0.463727222221727 0.528327699966727 0.598221836591727 0 2 58 -57 
87 0.381479789928 0.5282453344 0.433809337571 0.381479990728 0.5282455351999999 0.433809538371 0 2 58 -58 
88 0.406608817049 0.688567538492 0.24929355605 0.406609017849 0.688567739292 0.24929375685 0 2 59 -59 
89 0.406514100379214 0.688472821822214 0.05976489980821401 0.501420704304786 0.688662455961786 0.249388473519786 0 2 60 -59 
90 0.406608817049 0.688567538492 0.05985961647800001 0.406609017849 0.688567739292 0.05985981727800001 0 2 60 -60 
91 0.518787405136 0.719575148596 0.715662214577 0.5187876059359999 0.719575349396 0.7156624153769999 0 2 61 -61 
92 0.5187073653775069 0.719495108837507 0.5555020578325069 0.598907704187493 0.719655389154493 0.7157424551354929 0 2 62 -61 
93 0.518787405136 0.719575148596 0.555582097591 0.5187876059359999 0.719575349396 0.5555822983909999 0 2 62 -62 
94 -0.0005001001 -0.0005001001 -0.0005001001000000116 0.0005001001 0.0005001001 1.0005001001 0 2 64 -63 
95 -0.0005001001 -0.0005001001000000116 0.9994998999 0.0005001001 1.0005001001 1.0005001001 0 2 63 -65 
96 -0.0005001001 -0.0005001001000000116 -0.0005001001 0.0005001001 1.0005001001 0.0005001001 0 2 64 -66 
97 -0.0005001001 0.9994998999 -0.0005001001000000116 0.0005001001 1.0005001001 1.0005001001 0 2 66 -65 
98 -0.0001163470399088475 0.5614676586672541 0.1028604815242541 0.0001163470399089862 0.6779472926559088 0.3355870554217458 0 2 67 -68 
99 -0.0001163470399088475 0.6777145985760912 0.1028604815242541 0.0001163470399089862 0.7941942325647459 0.3355870554217458 0 2 68 -67 
100 -0.000102034475161755 0.2476582670412014 0.1199880652202014 0.000102034475161644 0.3497967111531617 0.3240608844937987 0 2 69 -70 
101 -0.000102034475161755 0.3495926422028384 0.1199880652202014 0.000102034475161644 0.4517310863147987 0.3240608844937987 0 2 70 -69 
102 -0.0001072765675733591 0.147814454755137 0.472413748575137 0.0001072765675732897 0.2552054754635733 0.686981236856863 0 2 71 -72 
103 -0.0001072765675733591 0.2549909223284267 0.472413748575137 0.0001072765675732897 0.362381943036863 0.686981236856863 0 2 72 -71 
104 -0.0005001001169638863 -0.0005001001169639385 -0.0005001001169639385 1.000500100116964 0.0005001001169639385 0.0005001001169639385 0 2 64 -73 
105 0.99949989988989 -0.0005001001101100275 -0.00050010011010998 1.00050010011011 0.0005001001101100275 1.00050010011011 0 2 73 -74 
106 -0.0005001001169638863 -0.0005001001169639385 0.9994998998830361 1.000500100116964 0.0005001001169639385 1.000500100116964 0 2 63 -74 
107 0.1379594985595706 -0.0001177173696977145 0.1481240944275706 0.3731625657504294 0.0001177173696977145 0.3833271616184294 0 2 75 -75 
108 0.6208522426024727 -0.0001307044810709923 0.2635309342834727 0.8821872436255274 0.0001307044810709923 0.5248659353065273 0 2 76 -76 
109 0.4375950937081311 -0.0001205680195806066 0.5567808413081311 0.678172146399869 0.0001205680195806066 0.797357893999869 0 2 77 -77 
110 -0.0005001001000000116 0.9994998999 0.9994998999 1.0005001001 1.0005001001 1.0005001001 0 2 65 -78 
111 0.99949989988989 -0.00050010011010998 0.99949989988989 1.00050010011011 1.00050010011011 1.00050010011011 0 2 74 -78 
112 0.4836893573809431 0.2713074090659431 0.9998966416188421 0.6904126364590568 0.4780306881440569 1.000103358381158 0 2 79 -79 
113 0.3469954554583122 0.6086486213193122 0.9998883370576577 0.5703444660276877 0.8319976318886878 1.000111662942342 0 2 80 -80 
114 0.6513813364608075 0.5179500172368076 0.9998886367242565 0.8741304144991925 0.7406990952751925 1.000111363275743 0 2 81 -81 
115 -0.0005001001000000116 0.9994998999 -0.0005001001 1.0005001001 1.0005001001 0.0005001001 0 2 66 -82 
116 0.99949989988989 -0.00050010011010998 -0.0005001001101100275 1.00050010011011 1.00050010011011 0.0005001001101100275 0 2 73 -82 
117 0.1248055913772751 0.1983912792882751 -0.0001208911801515733 0.3666295340407248 0.4402152219517249 0.0001208911801516496 0 2 83 -83 
118 0.6180284269013427 0.2776310084943427 -0.000105456510420237 0.8289521607626573 0.4885547423556572 0.000105456510420355 0 2 84 -84 
119 0.645311146716717 0.5322328391417169 -0.0001188267410841988 0.8830020823672831 0.769923774792283 0.0001188267410842265 0 2 85 -85 
120 0.99949989988989 0.99949989988989 -0.00050010011010998 1.00050010011011 1.00050010011011 1.00050010011011 0 2 82 -78 
121 0.1562167114747411 0.9998919472602781 0.1456139169497412 0.3721902509452588 1.000108052739722 0.3615874564202589 0 2 86 -86 
122 0.09683680179858384 0.9998850716884379 0.4284772374695838 0.3265858916434162 1.000114928311562 0.6582263273144161 0 2 87 -87 
123 0.4256731859469265 0.9998870820731667 0.4070006285769265 0.6513998897710734 1.000112917926833 0.6327273324010734 0 2 88 -88 
124 -0.0001163470399088498 0.6777145985760912 0.1028604815242541 0.09594453234373872 0.6779472926559088 0.3355870554217458 0 2 68 -67 
125 -0.000102034475161758 0.3495926422028384 0.1199880652202014 0.06720984649924021 0.3497967111531617 0.3240608844937987 0 2 70 -69 
126 -0.0001072765675733597 0.2549909223284266 0.472413748575137 0.07225484764831322 0.2552054754635733 0.686981236856863 0 2 72 -71 
127 0.9998778296080807 0.6189516593025264 0.2348157538295265 1.000122170391919 0.8630741503614736 0.4789382448884735 0 2 89 -89 
128 0.9998812603569852 0.5758021330639403 0.6450339927929404 1.000118739643015 0.8132127371660597 0.8824445968950597 0 2 90 -90 
129 0.9998749914896251 0.09497104572253814 0.5134850412495382 1.000125008510375 0.3449158369094618 0.7634298324364619 0 2 91 -91 
130 0.586947638538842 0.3745656902238421 0.929410296310842 0.6904126364590568 0.3747724069861579 1.000103358381158 0 2 92 -79 
131 0.58705089652 0.374668948205 0.929513554292 0.5870510973199999 0.374669149005 0.929513755092 0 2 92 -92 
132 0.4585582978006577 0.7202114636616577 0.9195804056476578 0.5703444660276877 0.7204347895463423 1.000111662942342 0 2 93 -80 
133 0.458669860343 0.720323026204 0.9196919681900001 0.458670061143 0.720323227004 0.9196921689900001 0 2 93 -93 
134 0.7626445122042566 0.6292131929802566 0.9072713104642566 0.8741304144991925 0.6294359195317435 1.000111363275743 0 2 94 -81 
135 0.76275577508 0.6293244558560001 0.9073825733400001 0.76275597588 0.629324656656 0.90738277414 0 2 94 -94 
136 0.2455966715288484 0.3191823594398484 -0.0001208911801514959 0.3666295340407248 0.3194241418001516 0.09129247186815156 0 2 83 -95 
137 0.245717462309 0.31930315022 0.091171480288 0.245717663109 0.31930335102 0.09117168108799999 0 2 95 -95 
138 0.7233848373215798 0.3829874189145798 -0.0001054565104201197 0.8289521607626573 0.3831983319354202 0.07584460957742023 0 2 84 -96 
139 0.7234901934320001 0.383092775025 0.075739052667 0.723490394232 0.383092975825 0.07573925346699999 0 2 96 -96 
140 0.7640377878009158 0.6509594802259158 -0.0001188267410841687 0.8830020823672831 0.6511971337080842 0.09022831035308419 0 2 85 -97 
141 0.764156514142 0.651078206567 0.090109383212 0.764156714942 0.651078407367 0.09010958401199999 0 2 97 -97 
25 0.5691279293700503 0.3202982728031044 0.6140555127322561 0.7376460080107439 0.4887561287268956 0.7826134808837438 1 1 4 -67 -68 69 68 
26 0.4542012121425973 0.1184671916483138 0.20976096660368 0.6120057741343201 0.2762153595796861 0.36760288213232 1 1 4 -70 -71 72 71 
27 0.6913115316190567 0.7591458235639761 0.5491509815306954 0.8549146179763045 0.9226904436600238 0.7127927939813046 1 1 4 -73 -74 75 74 
28 0.3181149643462449 0.151208482008693 0.6257599433008143 0.4942172965891857 0.327247881173307 0.8019039603071858 1 1 4 -76 -77 78 77 
29 0.6941782713057708 0.7785998551835032 0.2467931980530382 0.8648042346779619 0.9491648425504968 0.4174595498889618 1 1 4 -79 -80 81 80 
30 0.7523769503176022 0.2607527560447427 0.3103943067100635 0.9357634890049366 0.4440737585192573 0.4938242543899365 1 1 4 -82 -83 84 83 
31 0.299184164831557 0.4459596413660398 0.4336398099301584 0.4638145850958416 0.6105312282339601 0.5983091994658416 1 1 4 -85 -86 87 86 
32 0.3117413441520406 0.5937115149238074 0.0596641909754613 0.5015214131375387 0.7834237628601927 0.2494891823525387 1 1 4 -88 -89 90 89 
33 0.4386201648722884 0.6394175835250894 0.5554169543984041 0.5989928076215958 0.7997329144669106 0.7158275585695958 1 1 4 -91 -92 93 92 
34 -1.000000002396119e-07 -1.000000001138979e-07 -1.000000001138979e-07 1.000000002708369e-07 1.0000001 1.0000001 1 2 10 -94 96 97 -95 -98 -99 -100 -101 -102 -103 
35 -1.000000000583867e-07 -1.000000000555111e-07 -1.000000000583867e-07 1.0000001 1.000000000555111e-07 1.0000001 1 4 7 -104 94 106 -105 -107 -108 -109 
36 -1.000000000583867e-07 -1.000000000583867e-07 0.9999998999999999 1.0000001 1.0000001 1.0000001 1 4 7 -95 106 111 -110 -112 -113 -114 
37 -1.000000000583867e-07 -1.000000000583867e-07 -1.000000000589806e-07 1.0000001 1.0000001 1.000000001769418e-07 1 4 7 -96 104 116 -115 -117 -118 -119 
38 -1.000000000583867e-07 0.9999998999999999 -1.000000000583867e-07 1.0000001 1.0000001 1.0000001 1 4 7 -115 97 110 -120 -121 -122 -123 
39 -0.0001365523837470253 0.5614474533234159 0.1028402761804159 0.09596473768757689 0.677967497999747 0.335607260765584 1 1 2 124 98 
40 -0.0001365650698817306 0.6776943805461183 0.1028402634942812 0.09596475037371159 0.7942144505947187 0.3356072734517188 1 1 2 99 -124 
41 -0.0001144082209362657 0.2476458932954269 0.1199756914744269 0.06722222024501473 0.3498090848989362 0.3240732582395732 1 1 2 125 100 
42 -0.0001144107031561814 0.349580265974844 0.119975688992207 0.06722222272723463 0.4517434625427931 0.3240732607217931 1 1 2 101 -125 
43 -0.0001103967173469028 0.1478113346053635 0.4724106284253635 0.07225796779808677 0.2552085956133468 0.6869843570066365 1 1 2 126 102 
44 -0.0001103967173452375 0.2549878021786547 0.4724106284253651 0.0722579677980851 0.3623850631866349 0.6869843570066348 1 1 2 103 -126 
45 0.9999998999999999 -1.000000000583867e-07 -1.000000000583867e-07 1.0000001 1.0000001 1.0000001 1 3 7 -105 116 120 -111 -127 -128 -129 
46 0.1379338480417281 -0.0001433678875401856 0.1480984439097281 0.3731882162682719 0.08740953900674486 0.3833528121362719 1 1 1 107 
47 0.6208208328878586 -0.0001621141956850772 0.2634995245688587 0.8822186533401415 0.10619829388259 0.5248973450211414 1 1 1 108 
48 0.4375706449127861 -0.0001450168149255832 0.5567563925127861 0.678196595195214 0.08412364188464677 0.797382342795214 1 1 1 109 
49 0.4836884595744996 0.2713065112594997 0.9294093985043986 0.6904135342655002 0.4780315859505003 1.000104256187601 1 1 4 -112 -130 131 130 
50 0.3469999404373955 0.6086531062983955 0.9195848906267411 0.5703399810486044 0.8319931469096045 1.000107177963259 1 1 4 -113 -132 133 132 
51 0.6513868741333306 0.5179555549093307 0.9072768481367797 0.8741248768266694 0.7406935576026694 1.00010582560322 1 1 4 -114 -134 135 134 
52 0.124808515081443 0.198394202992443 -0.0001179674759837004 0.366626610336557 0.440212298247557 0.0912895481639837 1 1 4 136 -137 -136 117 
53 0.6180307014374504 0.2776332830304504 -0.0001031819743125828 0.8289498862265496 0.4885524678195496 0.07584233504131258 1 1 4 138 -139 -138 118 
54 0.6453136371024762 0.5322353295274762 -0.0001163363553249586 0.8829995919815238 0.7699212844065237 0.09022581996732496 1 1 4 140 -141 -140 119 
55 0.1561666684458571 0.9163143480954441 0.1455638739208571 0.3722402939741429 1.000158095768606 0.361637499449143 1 1 1 -121 
56 0.09680415911053726 0.9064429646030482 0.4284445947815372 0.3266185343314628 1.000147570999609 0.6582589700024627 1 1 1 -122 
57 0.4256700866161176 0.9085613346913579 0.4069975292461175 0.6514029891018824 1.000116017257642 0.6327304317318824 1 1 1 -123 
58 0.9123969243700912 0.6189306246148472 0.2347947191418472 1.000143205079599 0.8630951850491528 0.4789592795761529 1 1 1 -127 
59 0.9026740518233053 0.5757760717307125 0.6450079314597126 1.000144800976243 0.8132387984992875 0.8824706582282875 1 1 1 -128 
60 0.8975879253611578 0.09494373191824793 0.513457727445248 1.000152322314665 0.344943150713752 0.7634571462407521 1 1 1 -129 
1 -0.0001955259025387956 -0.0001955259025386846 -0.0001955259025386846 1.000195525902539 1.000195525902539 1.000195525902539 1 1000 36 -34 -35 36 -37 38 -39 -40 -41 -42 -43 -44 45 -46 -47 -48 -49 -50 -51 -52 -53 -54 -55 -56 -57 -58 -59 -60 -26 -30 -32 -29 -31 -28 -25 -33 -27 
$EndEntities
$Nodes
141 1669 1 1669
0 45 0 1
1
0.653367023935 0.404527200765 0.782439849525
0 46 0 1
2
0.653367023935 0.404527200765 0.6142291440909999
0 47 0 1
3
0.53308481637 0.197341275614 0.367440283022
0 48 0 1
4
0.53308481637 0.197341275614 0.209923565714
0 49 0 1
5
0.7730937117509999 0.840918133612 0.7126242238379999
0 50 0 1
6
0.7730937117509999 0.840918133612 0.549319551674
0 51 0 1
7
0.406145288086 0.239228181591 0.80172251906
0 52 0 1
8
0.406145288086 0.239228181591 0.6259413845480001
0 53 0 1
9
0.77947105876 0.863882348867 0.417283747935
0 54 0 1
10
0.77947105876 0.863882348867 0.246969000007
0 55 0 1
11
0.844048515165 0.352413257282 0.493635312228
0 56 0 1
12
0.844048515165 0.352413257282 0.310583248872
0 57 0 1
13
0.381479890328 0.5282454348 0.598139571425
0 58 0 1
14
0.381479890328 0.5282454348 0.433809437971
0 59 0 1
15
0.406608917449 0.688567638892 0.24929365645
0 60 0 1
16
0.406608917449 0.688567638892 0.05985971687800001
0 61 0 1
17
0.5187875055359999 0.719575248996 0.7156623149769999
0 62 0 1
18
0.5187875055359999 0.719575248996 0.5555821979909999
0 63 0 1
19
0 0 1
0 64 0 1
20
0 0 0
0 65 0 1
21
0 1 1
0 66 0 1
22
0 1 0
0 67 0 1
23
1.491862189340054e-16 0.677830945616 0.335470708381837
0 68 0 1
24
-1.040834085586084e-17 0.677830945616 0.102976828564163
0 69 0 1
25
-1.179611963664229e-16 0.349694676678 0.3239588500186371
0 70 0 1
26
6.938893903907228e-18 0.349694676678 0.120090099695363
0 71 0 1
27
-1.387778780781446e-17 0.255098198896 0.6868739602892897
0 72 0 1
28
-6.938893903907228e-17 0.255098198896 0.4725210251427103
0 73 0 1
29
1 0 0
0 74 0 1
30
1 0 1
0 75 0 1
31
0.255561032155 0 0.3832094442487317
0 76 0 1
32
0.751519743114 0 0.5247352308254563
0 77 0 1
33
0.5578836200540001 0 0.7972373259802884
0 78 0 1
34
1 1 1
0 79 0 1
35
0.6903092780778989 0.374669048605 1
0 80 0 1
36
0.5702328030853454 0.720323126604 1
0 81 0 1
37
0.874019051223449 0.629324556256 1
0 82 0 1
38
1 1 0
0 83 0 1
39
0.3665086428605733 0.3193032506199999 7.632783294297951e-17
0 84 0 1
40
0.8288467042522371 0.383092875425 1.179611963664229e-16
0 85 0 1
41
0.8828832556261988 0.651078306967 2.775557561562891e-17
0 86 0 1
42
0.26420348121 1 0.3614794036805369
0 87 0 1
43
0.211711346721 1 0.658111399002854
0 88 0 1
44
0.538536537859 1 0.63261441447424
0 89 0 1
45
1 0.741012904832 0.4788160744965543
0 90 0 1
46
1 0.694507435115 0.8823258572520449
0 91 0 1
47
1 0.219943441316 0.763304823926087
0 92 0 1
48
0.58705099692 0.374669048605 0.929513654692
0 93 0 1
49
0.458669960743 0.720323126604 0.9196920685900001
0 94 0 1
50
0.76275587548 0.629324556256 0.90738267374
0 95 0 1
51
0.245717562709 0.31930325062 0.09117158068799999
0 96 0 1
52
0.723490293832 0.383092875425 0.07573915306699999
0 97 0 1
53
0.764156614542 0.651078306967 0.090109483612
1 68 0 3
54
55
56
0.7128121582435351 0.404527200765 0.6388367122888163
0.7374723766230717 0.404527200765 0.6983322908958123
0.7128104465763432 0.404527200765 0.7578339914305061
1 71 0 3
57
58
59
0.5887522701191528 0.197341275614 0.2329682487491895
0.6118431750002635 0.197341275614 0.2886799907443351
0.5887507764843132 0.197341275614 0.3443970923424735
1 74 0 3
60
61
62
0.8308058014999693 0.840918133612 0.5732101470926959
0.854746047806535 0.840918133612 0.6309698088508734
0.8308041923239854 0.840918133612 0.6887352361672802
1 77 0 3
63
64
65
0.468264573330172 0.239228181591 0.6516552181061397
0.4940358553089882 0.239228181591 0.7138295428928285
0.4682626970377615 0.239228181591 0.7760105600040963
1 80 0 3
66
67
68
0.8396594281111385 0.863882348867 0.2718840422158672
0.8646284326939976 0.863882348867 0.3321241134712628
0.8396576704916539 0.863882348867 0.3923704617199874
1 83 0 4
69
70
71
72
0.8977839219525494 0.352413257282 0.3280179819239207
0.9311065898381902 0.352413257282 0.3738620486693447
0.9310919013058792 0.352413257282 0.4304017425116615
0.8977765144726585 0.352413257282 0.4762059509550763
1 86 0 3
73
74
75
0.4395542253892307 0.5282454348 0.4578498989148355
0.4636449570280317 0.5282454348 0.5159723995354596
0.4395525952007417 0.5282454348 0.5741007392140582
1 89 0 4
76
77
78
79
0.4622155195029546 0.688567638892 0.07790067885546073
0.4967025780178972 0.688567638892 0.1253459376017816
0.4966868532492132 0.688567638892 0.1838558575439055
0.4622076045260718 0.688567638892 0.2312584339103159
1 92 0 3
80
81
82
0.5753605053688496 0.719575248996 0.5790015301245188
0.5988275640040697 0.719575248996 0.6356202587723907
0.5753589614478919 0.719575248996 0.6922445254209803
1 94 0 11
83
84
85
86
87
88
89
90
91
92
93
0 0 0.0833333274519851
0 0 0.1666666662019319
0 0 0.2499999999999972
0 0 0.3333333274519824
0 0 0.4166666662019303
0 0 0.4999999999999972
0 0 0.5833333274519825
0 0 0.6666666662019309
0 0 0.7499999999999992
0 0 0.8333333274519875
0 0 0.9166666662019333
1 95 0 10
94
95
96
97
98
99
100
101
102
103
0 0.09092192134880533 1
0 0.1818019930722535 1
0 0.2727370312325731 1
0 0.3636413953918655 1
0 0.4545302992704528 1
0 0.5454697015095057 1
0 0.636358443953489 1
0 0.7272629708238935 1
0 0.8181980107778067 1
0 0.9090780792346297 1
1 96 0 11
104
105
106
107
108
109
110
111
112
113
114
0 0.08333329768745247 0
0 0.1666666426234628 0
0 0.2499999764363065 0
0 0.3333333055402615 0
0 0.4166666504762724 0
0 0.4999999842908662 0
0 0.5833333133930716 0
0 0.6666666583290836 0
0 0.7499999921454302 0
0 0.8333333212458912 0
0 0.9166666661819055 0
1 97 0 11
115
116
117
118
119
120
121
122
123
124
125
0 1 0.08333332380253199
0 1 0.166666660497729
0 1 0.2500000000000001
0 1 0.3333333238025319
0 1 0.4166666604977293
0 1 0.5000000000000013
0 1 0.5833333238025329
0 1 0.6666666604977302
0 1 0.7500000000000019
0 1 0.8333333238025354
0 1 0.9166666604977305
1 98 0 5
126
127
128
129
130
0 0.6196231989366894 0.3198478672997024
0 0.5770841797867104 0.2772189425231489
0 0.5615840063889128 0.2192363582576074
0 0.5770692364149462 0.1612545611552261
0 0.6195865633657754 0.1186208710273573
1 99 0 5
131
132
133
134
135
0 0.7360538791521194 0.1186084562754155
0 0.7785461800319116 0.1611738537898866
0 0.7940778696664661 0.219284488930415
0 0.7785278386301047 0.2773054934428624
0 0.7360104047697141 0.3198642254013649
1 100 0 4
136
137
138
139
0 0.2897102535952075 0.3044410134097559
0 0.25273583736647 0.2534823883121905
0 0.2527309381181643 0.1905816657570931
0 0.2897235217952444 0.1395982810735801
1 101 0 4
140
141
142
143
0 0.4096414001351018 0.1395805109399786
0 0.4466516354104326 0.190560765715344
0 0.4466582935940385 0.2534676590811382
0 0.4097013991271881 0.3044247788643243
1 102 0 4
144
145
146
147
0 0.1920167421197108 0.6663434678820144
0 0.1531387615542672 0.6127288163111223
0 0.153157001856126 0.5466099188012206
0 0.1920167421197116 0.4930515175499851
1 103 0 4
148
149
150
151
0 0.3181635587214816 0.493039800665202
0 0.3570452963180606 0.5466281031131468
0 0.3570416265315894 0.612778193485418
0 0.3181635587214814 0.6663551847667982
1 104 0 11
152
153
154
155
156
157
158
159
160
161
162
0.08333326597683328 0 0
0.1666665487014471 0 0
0.2499998080712683 0 0
0.333333074090854 0 0
0.4166663568154702 0 0
0.4999996161425385 0 0
0.5833328822048786 0 0
0.6666661649294948 0 0
0.7499994242138101 0 0
0.833332690318902 0 0
0.9166659730435154 0 0
1 105 0 11
163
164
165
166
167
168
169
170
171
172
173
1 0 0.08333332673480118
1 0 0.1666666770157788
1 0 0.2500000008841283
1 0 0.3333333264401561
1 0 0.4166666767211356
1 0 0.5000000005894197
1 0 0.5833333261455135
1 0 0.6666666764264926
1 0 0.7500000002947119
1 0 0.8333333258508684
1 0 0.9166666761318459
1 106 0 11
174
175
176
177
178
179
180
181
182
183
184
0.08333332070881487 0 1
0.1666666732727848 0 1
0.249999999999999 0 1
0.3333333207088129 0 1
0.4166666732727849 0 1
0.4999999999999984 0 1
0.5833333207088141 0 1
0.6666666732727867 0 1
0.750000000000001 0 1
0.8333333207088131 0 1
0.9166666732727847 0 1
1 107 0 10
185
186
187
188
189
190
191
192
193
194
0.3190816337034049 0 0.3645566972972433
0.3624675420539096 0 0.3144436453902516
0.3718531621883285 0 0.2490346853512126
0.3445603312822393 0 0.1890342215303448
0.2887525382676165 0 0.1530279306333122
0.2223026383408355 0 0.1530476518436976
0.1666186744443086 0 0.1889681913811676
0.139261194147688 0 0.2490884781939434
0.1486711033983981 0 0.3144800145473947
0.1920579839934748 0 0.3645679769892023
1 108 0 11
195
196
197
198
199
200
201
202
203
204
205
0.8168131595117057 0 0.5072321682245067
0.8645527089545685 0 0.4594931799984376
0.8820564128776277 0 0.3943799972321226
0.8646555417013705 0 0.3290820298274737
0.8168140272039556 0 0.2811652025883736
0.7513555189583107 0 0.2636617420671557
0.6858979512784399 0 0.281355023138903
0.6382333209944848 0 0.3293444319790136
0.6209836187008362 0 0.3946171722878979
0.6385890963952259 0 0.4596699870110301
0.6862263261257668 0 0.5072321678833911
1 109 0 10
206
207
208
209
210
211
212
213
214
215
0.6229635443647015 0 0.7780888789378205
0.6672112399225878 0 0.7269473161099876
0.6768072387980473 0 0.6598208571928306
0.6487859012795762 0 0.5984747528493277
0.591727955080702 0 0.5617658586227962
0.523642320756042 0 0.5618831200777541
0.4667747597348111 0 0.5987143181699554
0.4389201878160329 0 0.6600976264801789
0.448661062339709 0 0.7271769628333432
0.4928561857064714 0 0.778122675321223
1 110 0 11
216
217
218
219
220
221
222
223
224
225
226
0.08333333398991169 1 1
0.1666666670286016 1 1
0.2499999999999983 1 1
0.3333333339899094 1 1
0.4166666670286012 1 1
0.4999999999999995 1 1
0.5833333339899114 1 1
0.6666666670286038 1 1
0.7500000000000024 1 1
0.8333333339899124 1 1
0.9166666670286016 1 1
1 111 0 11
227
228
229
230
231
232
233
234
235
236
237
1 0.08333503998109247 1
1 0.1666682264206411 1
1 0.250001401568428 1
1 0.3333345728956839 1
1 0.4166677593339953 1
1 0.5000009343789515 1
1 0.5833341058102768 1
1 0.6666672922485888 1
1 0.7500004671894769 1
1 0.8333336387248713 1
1 0.9166668251631814 1
1 112 0 9
238
239
240
241
242
243
244
245
246
0.6705759094270909 0.4353803458927909 1
0.6190216265708353 0.4728533216196373 1
0.5550803672691637 0.4728533216196371 1
0.5035260844129082 0.4353803458927898 1
0.483792715762101 0.3746690486049989 1
0.5035260844129099 0.3139577513172079 1
0.5550803672691659 0.2764847755903623 1
0.6190216265708355 0.2764847755903627 1
0.6705759094270909 0.3139577513172092 1
1 113 0 9
247
248
249
250
251
252
253
254
255
0.5490860642541978 0.7856775145007234 1
0.4930151530521645 0.82646772400184 1
0.424324768433836 0.8264677240018401 1
0.3682538572318024 0.7856775145007239 1
0.3471071184006545 0.720323126604001 1
0.3682538572318014 0.6549687387072777 1
0.4243247684338358 0.6141785292061599 1
0.4930151530521654 0.6141785292061603 1
0.5490860642541983 0.6549687387072771 1
1 114 0 9
256
257
258
259
260
261
262
263
264
0.8530280194134415 0.694366345178028 1
0.7976012891646636 0.7349904988376204 1
0.7279104617953372 0.7349904988376206 1
0.6724837315465596 0.6943663451780294 1
0.651492699736551 0.6293245562560013 1
0.6724837315465582 0.5642827673339726 1
0.7279104617953347 0.5236586136743804 1
0.7976012891646618 0.5236586136743792 1
0.8530280194134413 0.5642827673339718 1
1 115 0 11
265
266
267
268
269
270
271
272
273
274
275
0.08333332949842691 1 0
0.1666666718310242 1 0
0.2500000000000012 1 0
0.3333333294984278 1 0
0.4166666718310251 1 0
0.500000000000001 1 0
0.5833333294984285 1 0
0.6666666718310272 1 0
0.7500000000000033 1 0
0.8333333294984269 1 0
0.9166666718310226 1 0
1 116 0 11
276
277
278
279
280
281
282
283
284
285
286
1 0.08333473656407038 0
1 0.1666679527424918 0
1 0.2500011493480983 0
1 0.3333343535333761 0
1 0.416667569711735 0
1 0.5000007662320656 0
1 0.5833339705026857 0
1 0.666667186681045 0
1 0.7500003831160355 0
1 0.8333335874719925 0
1 0.9166668036503526 0
1 117 0 10
287
288
289
290
291
292
293
294
295
296
0.3471353441185273 0.3849151295608834 0
0.2959568893650473 0.429150850053628 0
0.2290221210258009 0.4389349657760852 0
0.1663051822399665 0.4103206054070145 0
0.1297585937985836 0.3531263577128866 0
0.1297585937985841 0.2854801435271115 0
0.1663051822399678 0.2282858958329843 0
0.2290221210258021 0.1996715354639146 0
0.2959568893650484 0.2094556511863725 0
0.3471353441185273 0.2536913716791166 0
1 118 0 9
297
298
299
300
301
302
303
304
305
0.8086821075738645 0.4450793907973687 0
0.7562572119064774 0.4832243005448789 0
0.6907233757575209 0.4832243005448783 0
0.6382984800901345 0.4450793907973672 0
0.618133883411763 0.383092875424999 0
0.6382984800901352 0.3211063600526317 0
0.6907233757575222 0.2829614503051212 0
0.7562572119064767 0.2829614503051208 0
0.8086821075738639 0.3211063600526305 0
1 119 0 10
306
307
308
309
310
311
312
313
314
315
0.8638438008623361 0.7155645860244146 0
0.8135364788060302 0.7590488784594308 0
0.7477397474938795 0.7686644531724969 0
0.686105755293162 0.7405438236404885 0
0.6501803293770188 0.6843261899541474 0
0.6501803293770184 0.6178304239798538 0
0.6861057552931603 0.561612790293513 0
0.7477397474938786 0.5334921607615032 0
0.8135364788060299 0.5431077354745689 0
0.863843800862336 0.5865920279095851 0
1 120 0 11
316
317
318
319
320
321
322
323
324
325
326
1 1 0.0833333259040631
1 1 0.1666666716776217
1 1 0.250000000075698
1 1 0.3333333259797434
1 1 0.4166666717533025
1 1 0.5000000001513963
1 1 0.5833333260554273
1 1 0.666666671828988
1 1 0.7500000002271008
1 1 0.8333333261311132
1 1 0.9166666719046693
1 121 0 9
327
328
329
330
331
332
333
334
335
0.3275818771660719 1 0.3408990057217289
0.3667405422888496 1 0.2871263288998094
0.3668923463132598 1 0.2205429407786675
0.3279294253666899 1 0.1665557464418039
0.2643664652534103 1 0.1457220928083428
0.2007071329745255 1 0.1663881225593966
0.1616017481464262 1 0.2202734912891332
0.1615900868330023 1 0.2868919599414239
0.2007019725825633 1 0.3408094934802012
1 122 0 10
336
337
338
339
340
341
342
343
344
345
0.273763288804354 1 0.6398884390999795
0.3160212615855846 1 0.5911974850790055
0.3253470334998201 1 0.5273299131197807
0.2986630060404299 1 0.4684573330231182
0.2443161087282129 1 0.4333213361549552
0.1794341632355826 1 0.4332247964579479
0.1249216025769827 1 0.4682697611346695
0.09810345273813589 1 0.5271340134502338
0.1073310094787278 1 0.5910436559330942
0.1496477962070739 1 0.6398809764333653
1 123 0 9
346
347
348
349
350
351
352
353
354
0.6048503679995694 1 0.6110513496579134
0.6457646072726965 1 0.5547179830377958
0.645798206821156 1 0.4851135166746443
0.6049512329491551 1 0.4287500482945122
0.5385061132307687 1 0.4071135506086577
0.4721060382009279 1 0.428761570646895
0.4312815515992918 1 0.4850928964350078
0.4313017713108874 1 0.5546973726182741
0.4722316409243016 1 0.6110578454489796
1 124 0 4
355
356
357
358
0.05757460632674401 0.677830945616 0.1320186562838812
0.09140333112548829 0.677830945616 0.1869594598841157
0.09140376346869143 0.677830945616 0.2514865503724447
0.05757556577811732 0.677830945616 0.3064279993728795
1 125 0 3
359
360
361
0.04885154784731398 0.349694676678 0.1609790539388219
0.06715731473376124 0.349694676678 0.222022967623442
0.0488536019086918 0.349694676678 0.2830667787325769
1 126 0 3
362
363
364
0.05245723540588179 0.255098198896 0.5150690688940056
0.072201011252 0.2550981988959999 0.5796974927175285
0.05245723540417849 0.255098198896 0.6443259165405221
1 127 0 10
365
366
367
368
369
370
371
372
373
374
1 0.6750312889493846 0.4594224254438387
1 0.6302152384029072 0.407798656434056
1 0.6202699014461504 0.3398398288554568
1 0.6485470668223342 0.2773835603431142
1 0.7062920320779583 0.2399856008704895
1 0.7754762823830039 0.2399094241375778
1 0.8333481306071187 0.2772318857206859
1 0.8617275422052909 0.339639993550653
1 0.851886081744362 0.4076340351940662
1 0.8070458119312828 0.4593894045859753
1 128 0 10
375
376
377
378
379
380
381
382
383
384
1 0.6303715037272418 0.8634857488600797
1 0.5867021792322082 0.8131437439129139
1 0.577090094067465 0.747127828771315
1 0.6047098249186533 0.6862850374608059
1 0.6607390419665198 0.650062259309435
1 0.7277652580958802 0.6499118377243335
1 0.7840704617144194 0.6860138997011717
1 0.8118817799515212 0.7468266972329139
1 0.8024255470255846 0.8128967348242477
1 0.7586902943025622 0.8634555591656576
1 129 0 11
385
386
387
388
389
390
391
392
393
394
395
1 0.1574772134492823 0.7465538772912287
1 0.1118979345953406 0.7010117215799394
1 0.09509641304003633 0.6387567562958842
1 0.1116573109120537 0.5763206198693757
1 0.1571873189325246 0.5305290385186275
1 0.2196479663003364 0.5136103994092296
1 0.2822387095149919 0.5302623832523214
1 0.3280440034287095 0.5759983419697121
1 0.3447908279420884 0.6384467546081394
1 0.3281285252576506 0.7007700172261953
1 0.282436769927294 0.7465382119168076
1 130 0 1
396
0.6494157308891637 0.374669048605 0.9487154644783382
1 132 0 2
397
398
0.5060549850957194 0.720323126604 0.9296569737766764
0.5455505839673757 0.720323126604 0.9580143539794232
1 134 0 2
399
400
0.8130938503019873 0.629324556256 0.9191977025798206
0.8530690328706569 0.629324556256 0.9523743032646057
1 136 0 2
401
402
0.3410439432273373 0.31930325062 0.04735454450109102
0.298016375555231 0.31930325062 0.07976549190520835
1 138 0 1
403
0.7882134242825829 0.383092875425 0.05495022473320435
1 140 0 2
404
405
0.8579976222133743 0.651078306967 0.04677337249057803
0.8156850812751472 0.651078306967 0.07882308881054081
2 25 0 22
406
407
408
409
410
411
412
413
414
415
416
417
418
419
420
421
422
423
424
425
426
427
0.6622207341230928 0.4430343450033416 0.62408813653247
0.6152610970503917 0.4118397635104385 0.6237142909786813
0.6220700414684162 0.3566793251433074 0.7600174769778034
0.6735351856323559 0.3654469804103018 0.7700261419727507
0.6180282008092938 0.4217188334270481 0.7726939326729541
0.6814037526959186 0.4415572196535771 0.7684517550056027
0.5782862928090798 0.3841221483674546 0.7302755050247374
0.5787774169333192 0.3839234672471676 0.6653862487800405
0.5742764421159647 0.4325452130888353 0.6925568494841432
0.6122766079708472 0.3311713875266243 0.6962820018188677
0.6731307871381345 0.3715357436565602 0.6235369849672751
0.6258101086012735 0.3660970806364544 0.6287826985577293
0.7278684869800417 0.3656196549587155 0.6952611860311431
0.6817787892564351 0.3325896220772893 0.7313718502056331
0.5944970997240737 0.446424957945219 0.7413765729930328
0.6051248276852064 0.4523656491802497 0.6487574485914224
0.6812832246503188 0.3352040920451282 0.6597507866353656
0.6134764771766035 0.4784397682210891 0.6939314288984354
0.6464028724323194 0.4744383174287979 0.7445691885050312
0.6604109373867353 0.4861839016851899 0.6794591998893792
0.7119107966147454 0.4600778462642178 0.7220085927927151
0.7079044765076274 0.4533252520674256 0.6568842035445593
2 26 0 15
428
429
430
431
432
433
434
435
436
437
438
439
440
441
442
0.5283488021761173 0.2499698275221084 0.3470829924359983
0.5890187514895255 0.1518481538735745 0.2569857126980286
0.5561483768788363 0.1466779625356551 0.3443970923427351
0.4895180530961109 0.2177182925669455 0.2263153197160842
0.5870543386324995 0.253471314979721 0.2768671706493525
0.5775484260496302 0.2453087669444035 0.3325565895815064
0.5285338604454021 0.2756468053741642 0.2957820558473813
0.5377342975322137 0.2595619410179946 0.2406210236328029
0.5921956190728566 0.14914551432326 0.3083278057506732
0.5313672747150325 0.1186056920523793 0.2878838079939054
0.4759652982880254 0.237359965539491 0.3252707774328676
0.4853827425017064 0.1561912978930476 0.3359478797703938
0.457965797659933 0.1756438645437927 0.2792355261782591
0.5143505771021327 0.1440506334798585 0.2338000986161424
0.4811355212977514 0.2533251851362264 0.2694477965225346
2 27 0 17
443
444
445
446
447
448
449
450
451
452
453
454
455
456
457
458
459
0.7683779647268417 0.8954976428856019 0.6915189181134406
0.8314709730433425 0.7938951384406617 0.5985984839070108
0.7970045838199445 0.7883941413338389 0.6887352361675499
0.7271118134824219 0.8623667905586646 0.5669974855747344
0.8296697055021306 0.8985973173623584 0.6191662670348228
0.8191908656020375 0.8906485845673842 0.676458574184622
0.7715888378969455 0.9222285922095262 0.6382827471440085
0.7773840350192999 0.9029466702189375 0.5780459228587667
0.8346177485797088 0.7913364471059668 0.6515522969639095
0.7733366237461052 0.7592662640342895 0.631102944518843
0.7166512506012539 0.8858558977547804 0.6692073414718267
0.725711113001087 0.7951029400164432 0.6791689972041223
0.7039669666547038 0.8003702459437664 0.6153364822389087
0.7560207138068106 0.7867964467854599 0.5722653315301788
0.6948698467351101 0.8630140836226811 0.6232323837183239
0.7253346597613275 0.9041373935404372 0.6112360798222888
0.6943065250848957 0.8337369240497804 0.6511737053502614
2 28 0 20
460
461
462
463
464
465
466
467
468
469
470
471
472
473
474
475
476
477
478
479
0.4143043891944199 0.2718372049196094 0.7950405257308845
0.4646879990215602 0.295485639952451 0.6801778110839267
0.4594118251175223 0.2997715043679651 0.7487881231100104
0.3980572902585389 0.3233371751009784 0.738019000289974
0.3481162034998919 0.2690058334457726 0.7727443325460456
0.3582044750969553 0.1908990396510356 0.7694262348003449
0.4471986006267605 0.1774693599551365 0.7610042454959725
0.4620541958207316 0.1767265138063682 0.6875167969948365
0.3399725398125784 0.1837998571930531 0.730373416459822
0.3446963783437481 0.3013083581377554 0.7040936262809068
0.3957961805361553 0.1519829554652472 0.7113991953900813
0.3931244490881391 0.3224768681845038 0.6888346370516149
0.4028832251432873 0.1801641443616639 0.6488277191409585
0.3609809321508337 0.2721917292743554 0.6460209107437846
0.3223254544087698 0.23130976857323 0.6886072410983658
0.3503241796024102 0.1780528803707564 0.684398328499058
0.3502531832318115 0.2200748659951057 0.6487629505112651
0.3812351540130448 0.1597407755733323 0.7418674528273687
0.4318829020204029 0.2957647257744799 0.6516552181061407
0.4366184325018099 0.3215545165235922 0.7095291784470483
2 29 0 18
480
481
482
483
484
485
486
487
488
489
490
491
492
493
494
495
496
497
0.775686864393523 0.8005939679469558 0.3889773990625554
0.8361936148196342 0.918390279051998 0.2995193881941209
0.7305737728375282 0.8411427442942464 0.2662192866909859
0.8396541634843604 0.8064791098966412 0.3138331948625699
0.8044081362539909 0.9186598113656962 0.392370461719983
0.8275466521122457 0.8120166546973719 0.3795654447099664
0.7806290438611642 0.7788298937621573 0.3361905210634096
0.7839865830911549 0.8006820054822789 0.2752308119603068
0.7300360061605063 0.7980589681809103 0.3103264549348212
0.6972899262223802 0.8463913234493194 0.3182662215505985
0.7117498259180773 0.904532394359275 0.3002957791871978
0.7025565635745055 0.8944187392734223 0.3522128776924454
0.766279300487798 0.9479783279362123 0.3344974831044955
0.7187901584767237 0.8133742386563597 0.3640409080300369
0.7711227677832211 0.9320093861762442 0.2817201127956616
0.8428239980474528 0.9166855624996914 0.3533396729635004
0.7418862342857593 0.9245745792612342 0.3785549479256053
0.7327798950470773 0.8782597263441014 0.4018759588332665
2 30 0 24
498
499
500
501
502
503
504
505
506
507
508
509
510
511
512
513
514
515
516
517
518
519
520
521
0.843520240438536 0.2900864995461128 0.4691324904900473
0.8997146396184694 0.3036033883236687 0.3482957715088342
0.896179687046286 0.2931948522104286 0.4485047102148425
0.9209221933900962 0.3028118860414995 0.39943420262054
0.8670518302296667 0.2641319440978614 0.3947423467752209
0.8325073418312551 0.2879874159625541 0.3381317316513099
0.8294796908296592 0.2690166243448422 0.4368909631854506
0.7853525462830908 0.3254295198670105 0.4669450394092521
0.7851552020963704 0.2824007245579097 0.3994944359884979
0.7696671634170139 0.335024863055366 0.35169030859416
0.9213918213103088 0.4012553202883337 0.3990302627649552
0.8680878235135331 0.4004716134400834 0.328017981923041
0.868085472696251 0.4004645068193982 0.4762059509560161
0.7527973347338304 0.3544051599990134 0.4089114028810336
0.7719562065988362 0.4023529772451799 0.3759226830176274
0.7836820995790394 0.4137814658030435 0.4332035457277313
0.8269470460176314 0.440532189913143 0.3842316985079021
0.8019152190001859 0.396117899927961 0.4706052953260377
0.7992977085178237 0.3909200776606833 0.3321692736621457
0.9116435130460918 0.3939380266071359 0.356462547165543
0.9115837028214526 0.389871416763389 0.4512305508022728
0.8823421775860634 0.4325793950416791 0.4241092862272732
0.8301141181099075 0.4363335662273248 0.4358765546471868
0.8869008482367547 0.4282761281059204 0.3740822069356744
2 31 0 15
522
523
524
525
526
527
528
529
530
531
532
533
534
535
536
0.3883605411792743 0.475355184087954 0.5784755143997011
0.4379598319534717 0.473033318136455 0.4933308177683771
0.4344453848304769 0.4728794666502241 0.5456454358124504
0.3833226166555596 0.4461145942662879 0.5174670137130626
0.3343252246456254 0.560206583015934 0.5751861648618135
0.4419762493668168 0.5806610131792064 0.4974300749016382
0.3199702835854342 0.4808746487827675 0.5428757147216556
0.3216811468754484 0.4798049374376958 0.4871868912672053
0.3013753504606851 0.5454559231313816 0.5221518807018951
0.3377368040718198 0.5976940842227143 0.5197857628101794
0.3118975533450388 0.5605801212632505 0.4865829307087548
0.4028695070482258 0.5907926629251009 0.5647743688441305
0.3864239441000004 0.4667282694414157 0.4617315983525936
0.3936866438811221 0.59911073771753 0.4762227474997023
0.4469753171359668 0.5697731786838077 0.5431202915794939
2 32 0 26
537
538
539
540
541
542
543
544
545
546
547
548
549
550
551
552
553
554
555
556
557
558
559
560
561
562
0.4139788618402602 0.7168484580784602 0.2446721002612222
0.4674740725651128 0.6313277060717813 0.1099636017127167
0.4751440568494124 0.6394713230446279 0.1977483301701622
0.4696350130161373 0.7445481384871462 0.1977646399389811
0.4700176409761085 0.7470730603160464 0.1154901952622447
0.4314856207605083 0.7382993573857138 0.07790067885546041
0.4314831087118615 0.6388435138246683 0.2312584339103231
0.4895244005581854 0.7343480150925868 0.1552725179260026
0.4423305473784388 0.7762675610527585 0.1565749793410508
0.4150898061861012 0.769481771171688 0.2030770174782954
0.4887347664375752 0.6413871616476652 0.1537693079767783
0.4436216657601384 0.6017132346583653 0.1621709801215074
0.3707555324383237 0.7762252539195567 0.1531689663796657
0.3763099342515261 0.6065038116091824 0.1908920310013062
0.3770825840460965 0.6009833694807697 0.1338765477049581
0.3257072490406943 0.640676817111651 0.1660959576217226
0.3392544282830638 0.6519427688916928 0.09895927884865489
0.3124716179778073 0.6938704387691306 0.1455570676489791
0.3228705810325967 0.6914822133382501 0.1987434234174956
0.3586948385443496 0.7295327790680234 0.08388437662592213
0.396280063642463 0.6239087855777053 0.086138014609629
0.3635812984168434 0.6620064529949911 0.2346668344326873
0.3536820997955119 0.737396789621059 0.2161053009633265
0.4004616127360094 0.7689311425436973 0.104825080749906
0.4250188334876088 0.6027775404016223 0.1189054327204572
0.3287147298631848 0.7396153277179928 0.17183743320963
2 33 0 18
563
564
565
566
567
568
569
570
571
572
573
574
575
576
577
578
579
580
0.5352896071887363 0.6744333172345394 0.6996245814530919
0.5352905878483075 0.7647164165084542 0.5716196453390739
0.5645968543270911 0.7737447383083722 0.5985604033930412
0.5004464491943806 0.7932653895242021 0.6103283875673983
0.5283840744280475 0.782265968326134 0.6844504301026537
0.5645964478348542 0.6654046889728668 0.6726830470287687
0.499548251622203 0.6488819223619448 0.6678513681970784
0.4627609042157901 0.6945711137312197 0.6870248257556784
0.448279832920612 0.6818079912627415 0.6385740879889737
0.5311474237357278 0.6580531827613627 0.5859364561796896
0.4703484059139064 0.7434718367975688 0.5765543490993154
0.458016757245916 0.753909200230946 0.6747950392345586
0.4433615188901205 0.7392151216111771 0.617412179446324
0.4665807554292336 0.6813406286637482 0.5885162057590552
0.5628050361996314 0.7854409915156594 0.6470490635696672
0.5733151745837323 0.6640192449094207 0.6170030545216222
0.5093476352882319 0.7970390778421775 0.6534170600445418
0.5083343061925503 0.6420410067504819 0.6187230592704551
2 34 0 118
581
582
583
584
585
586
587
588
589
590
591
592
593
594
595
596
597
598
599
600
601
602
603
604
605
606
607
608
609
610
611
612
613
614
615
616
617
618
619
620
621
622
623
624
625
626
627
628
629
630
631
632
633
634
635
636
637
638
639
640
641
642
643
644
645
646
647
648
649
650
651
652
653
654
655
656
657
658
659
660
661
662
663
664
665
666
667
668
669
670
671
672
673
674
675
676
677
678
679
680
681
682
683
684
685
686
687
688
689
690
691
692
693
694
695
696
697
698
0 0.4143311201498482 0.5797063264275929
0 0.9289599592201654 0.6257128413165511
0 0.6845459110111233 0.9243556924652455
0 0.7138765780685117 0.3891076333769315
0 0.5111435894914712 0.9112282969390112
0 0.9278312246052115 0.7916666619012686
0 0.2271121545543977 0.3109675573418339
0 0.3839107820915365 0.4850796359865948
0 0.4788978541185404 0.5050323856937136
0 0.5077536025039715 0.5934727655706501
0 0.3181832808238743 0.9273171134114224
0 0.1982597640932059 0.222036269908134
0 0.3865847939586164 0.677021298877455
0 0.5644028903355148 0.3330024413425855
0 0.9195084682580752 0.4571502224154121
0 0.07083319014158551 0.787606749246014
0 0.3044482129624941 0.7317481243005647
0 0.5634747286624204 0.5252847201882551
0 0.5946898924845658 0.6111681850213907
0 0.5387216171452145 0.6793970930368836
0 0.6257221022513386 0.6967646344276681
0 0.6841349712631806 0.6274395961362962
0 0.7151301435706297 0.7132007308462072
0 0.8425126988976961 0.2562910079634657
0 0.8227442371951788 0.3237472060966007
0 0.8368353983886979 0.1747781187724418
0 0.2052926313060369 0.731499431758268
0 0.6352058882093449 0.3780366585660125
0 0.2271056594267885 0.1330761928489021
0 0.3847483652017321 0.7741507101218403
0 0.4703507993958538 0.1312763095847174
0 0.07536327782135278 0.3689595603225734
0 0.5704285053019766 0.7650368642695833
0 0.2911008248782253 0.3653941871898464
0 0.0705114484125768 0.1330047865915941
0 0.1341759208131306 0.6842331053129032
0 0.77745506644887 0.6468839137943334
0 0.7510647178648076 0.5494284834380453
0 0.4499975376405775 0.4174007737328482
0 0.1434896539037345 0.9154287055882587
0 0.8571566893703907 0.9231222684538407
0 0.1262221442477643 0.4861904071266859
0 0.7927032205843407 0.09535421598529265
0 0.2068355706154744 0.4234284133141494
0 0.8000711376884209 0.7312827499996104
0 0.7459188023775886 0.7959530198332612
0 0.2504938214286266 0.8050449861508711
0 0.5533580210521846 0.106143124598909
0 0.688613378695159 0.4645670508199514
0 0.7695249296560382 0.4617558228005223
0 0.8393228267995232 0.5171891118046448
0 0.09089200583788851 0.5804889366190262
0 0.883881677551859 0.1004942886965196
0 0.1380835822062039 0.2907055091878472
0 0.5214689608409333 0.2640591477982995
0 0.3028283041553699 0.07795002573967025
0 0.5542971340728845 0.4241224934975405
0 0.9168581926190926 0.1976656384800491
0 0.8402324815419338 0.8185205881910518
0 0.9139780524841477 0.3055284982569532
0 0.7652233198486218 0.8768990311571485
0 0.1542208655980859 0.8171429795630766
0 0.3965421923349755 0.07793541329259646
0 0.6574121875301067 0.7786677463010361
0 0.6045908941373122 0.8556393098179429
0 0.4090858473311592 0.9212789744166818
0 0.4456555780109648 0.8387999859083669
0 0.2330451486501288 0.9291351433224456
0 0.111200919249721 0.2142325114688436
0 0.6486192128009527 0.5417718755595466
0 0.4733636267355702 0.7460090533964474
0 0.9259918207344817 0.5445962573926797
0 0.9304548936022436 0.7078500266836882
0 0.4815343074152748 0.3372396565311679
0 0.3706098158444873 0.3943718956632223
0 0.6291018575811622 0.06116549013444311
0 0.358548412712638 0.8551868482456804
0 0.9281372243949353 0.8719022958149739
0 0.07112040655269243 0.8703390743025545
0 0.7174085931789614 0.06110252097791198
0 0.1249999701554576 0.06672009020453427
0 0.8620453590115759 0.6754921008540836
0 0.8726619267221608 0.3838312799979713
0 0.5964217080205803 0.9382446598444398
0 0.5093297079570593 0.1840092103228737
0 0.06221912865410296 0.2816147898184028
0 0.1525915204746739 0.3633398857272462
0 0.3038345583217225 0.4326262627760464
0 0.2083333095298847 0.06133915745266208
0 0.06641775906647146 0.7125000172643159
0 0.1502199811481288 0.1396485062985324
0 0.4641509520986442 0.6551213074618059
0 0.05930787830665527 0.4583333331009637
0 0.8377006508091247 0.4419159509338404
0 0.1304340542574837 0.7466716843140736
0 0.6915382229809506 0.846302959914927
0 0.521036438735459 0.8233427020662704
0 0.4757858907687038 0.06070566870501093
0 0.8474732916799039 0.5932171181000563
0 0.9468306000362148 0.1249999921501305
0 0.0630633891866289 0.6398218985109754
0 0.8717831507396365 0.7481641486937405
0 0.9412296894928768 0.3793019969941196
0 0.6118993122870018 0.4711848415488746
0 0.06057992260326633 0.06057993073019514
0 0.9465767931697502 0.06145271296905894
0 0.4198748732656553 0.3610220541567603
0 0.06110639636104647 0.9404868892185494
0 0.9383497545612272 0.940669800839036
0 0.7886828722701138 0.388885504443625
0 0.06112376801555587 0.5239604770324892
0 0.3208872381497631 0.7962585677378685
0 0.04737205265322737 0.2083333331009645
0 0.772143987668175 0.9496143268511421
0 0.2817477779791722 0.8619486603208961
0 0.5483158134171976 0.04560285668767261
0 0.2116649713971075 0.8637427258656752
0 0.1240640782931841 0.4200503199183238
2 35 0 117
699
700
701
702
703
704
705
706
707
708
709
710
711
712
713
714
715
716
717
718
719
720
721
722
723
724
725
726
727
728
729
730
731
732
733
734
735
736
737
738
739
740
741
742
743
744
745
746
747
748
749
750
751
752
753
754
755
756
757
758
759
760
761
762
763
764
765
766
767
768
769
770
771
772
773
774
775
776
777
778
779
780
781
782
783
784
785
786
787
788
789
790
791
792
793
794
795
796
797
798
799
800
801
802
803
804
805
806
807
808
809
810
811
812
813
814
815
0.3769837574651514 0 0.6893127628786223
0.6290475106949542 0 0.2495245911745509
0.207665523863669 0 0.4288839635445945
0.07332139274421218 0 0.7972213892146081
0.7299073015386894 0 0.7016608488777705
0.07296669436320752 0 0.6313559054911588
0.3743049864177581 0 0.3891306500983603
0.4101686726430045 0 0.1953981685349123
0.7992379675907011 0 0.2157443635792391
0.2916666603544059 0 0.9278312272844513
0.6913792933330931 0 0.7920335526817338
0.3978555062866158 0 0.6041330622002787
0.3144758382196725 0 0.6425712736092751
0.4309403414867017 0 0.2756005368823531
0.2960302723320881 0 0.4196755277848322
0.9278853140175172 0 0.7932585363715232
0.7004740621833505 0 0.2114956520201429
0.4305715828798998 0 0.8059793917250231
0.9348611712438087 0 0.6085423439604788
0.528222658972096 0 0.07219397177843592
0.2973870087117556 0 0.7232609690519749
0.5637767188572346 0 0.428045995893602
0.4635307899327348 0 0.5293127202722318
0.6064580809782001 0 0.8463295505820514
0.7877402922504919 0 0.9247876410659616
0.5038572754420103 0 0.8516517779272297
0.7993540997376656 0 0.5714006444878863
0.5626738562728628 0 0.3566122767154799
0.8738182110747458 0 0.07393842727220706
0.1258846601107961 0 0.3814769660674935
0.228689773295164 0 0.6750376718793243
0.3612368311979769 0 0.1271876410621788
0.2421048682181684 0 0.5896742872241442
0.1482569118747173 0 0.1285545626999433
0.1253833408864072 0 0.931906217154004
0.2170560851809455 0 0.7701905256763446
0.8744524369277583 0 0.2481956951240683
0.7188587698868008 0 0.07464888462032832
0.78899937343882 0 0.7727617974333448
0.1276204226194363 0 0.4690980785818603
0.4970754942515678 0 0.2386102334634224
0.6276919328515147 0 0.1856764000281915
0.8224754421464702 0 0.6987967160806957
0.4229702817800697 0 0.8752815546553561
0.8819989514901165 0 0.5246791770771693
0.09464685968263613 0 0.1967417299147578
0.0839738126879459 0 0.2950778438841959
0.3457756972559711 0 0.8529346140435444
0.2544116054054708 0 0.09058726051261935
0.3710635581169658 0 0.517562891053221
0.6996534924846146 0 0.8826895477562466
0.1459305759720859 0 0.7021217673582337
0.4999209702292827 0 0.3943460197308226
0.4414857089437787 0 0.1084508329965603
0.871680471224513 0 0.1661608497500955
0.7219290366372525 0 0.607205746487012
0.5416666603544062 0 0.9278312272844498
0.8026215556856818 0 0.1257532716998153
0.1608246859691657 0 0.6175013427734215
0.9295757190386413 0 0.4467233835389019
0.07862749145202363 0 0.5418915039437534
0.9322099711644444 0 0.8748819698350105
0.9140172450665741 0 0.7004843404968236
0.2083972236920938 0 0.9273865405074228
0.1582732865982595 0 0.8485335005900623
0.6233219227010387 0 0.06619750354345741
0.07306843404781535 0 0.1144779658852415
0.8502199839980934 0 0.8446520042945794
0.9367437468502834 0 0.3672448968700802
0.6343519274058692 0 0.9341885746747552
0.4302747238581774 0 0.44551229933769
0.2819907537287004 0 0.5015283032018293
0.1812358610903385 0 0.5277247855712174
0.06959299325016285 0 0.8778468596277663
0.250000000005558 0 0.85539577521011
0.8761417014225097 0 0.9313825508730253
0.07066794889486429 0 0.7176396099277008
0.5002966343367359 0 0.3132640695048376
0.3772316622364706 0 0.9348237365976912
0.5583970576504874 0 0.5033891497448308
0.9377956703745981 0 0.1264727474484438
0.6320081259157587 0 0.5245857825486139
0.1204424439804794 0 0.06017660004876003
0.941679397585971 0 0.2083333389499536
0.855061999419827 0 0.6240341692725909
0.3834807961911046 0 0.05732955550337031
0.7635984871010226 0 0.8433849086463732
0.05315269942634727 0 0.3769776273413132
0.3178695683719973 0 0.5685485421596844
0.8607194717334949 0 0.7619906789353933
0.795726130235988 0 0.05486811671847014
0.7375717032434191 0 0.1501902190538945
0.06184015857235593 0 0.4507274811403168
0.4583333366363916 0 0.9444611036688917
0.5673586785660943 0 0.2055012127186222
0.5034160187864904 0 0.1578646101673311
0.1408044398215659 0 0.7772497182138409
0.9471330487720606 0 0.5416666633674666
0.4986217534341491 0 0.466025459995577
0.7834368647355083 0 0.6405288160387056
0.1955437547513438 0 0.06224130285477786
0.7083333366363942 0 0.9482811224257844
0.3607338093978212 0 0.7673143686122617
0.9394200577765351 0 0.9394200585571751
0.06057993927209826 0 0.9394200571540038
0.9395959423623595 0 0.06040386496782673
0.2928468141883631 0 0.7957000677746409
0.4583329864790043 0 0.04753316028173462
0.9362551871775637 0 0.28936488134931
0.3101844133906057 0 0.06062626334079764
0.6659766185351261 0 0.1265796248232206
0.05578574853071967 0 0.05578576885259758
0.5609619905697796 0 0.281527744794939
0.350732858890738 0 0.4546819342951867
0.4363143844600378 0 0.3543893964044791
0.5831942367659672 0 0.133201559843826
0.686750966180308 0 0.5584454368737362
2 36 0 112
816
817
818
819
820
821
822
823
824
825
826
827
828
829
830
831
832
833
834
835
836
837
838
839
840
841
842
843
844
845
846
847
848
849
850
851
852
853
854
855
856
857
858
859
860
861
862
863
864
865
866
867
868
869
870
871
872
873
874
875
876
877
878
879
880
881
882
883
884
885
886
887
888
889
890
891
892
893
894
895
896
897
898
899
900
901
902
903
904
905
906
907
908
909
910
911
912
913
914
915
916
917
918
919
920
921
922
923
924
925
926
927
0.37051576603368 0.5806383265015947 1
0.4368061681489211 0.3354666000588604 1
0.07856730737153944 0.2193896668883871 1
0.07922701181457018 0.4160207827029438 1
0.3052515259765043 0.7804697170164278 1
0.927831354998337 0.2083348139945345 1
0.6772513169338099 0.2505739448263802 1
0.2918182790702725 0.07093663475668067 1
0.2682406802688124 0.6969563885298744 1
0.452534880795132 0.2507822208785071 1
0.927831355042864 0.3750011661148396 1
0.5988618556369365 0.2203095872554362 1
0.3741222753899263 0.2743833811325519 1
0.4411244824709993 0.4221004466181106 1
0.7353257946513692 0.3119889296272275 1
0.772554009623214 0.7926746864373078 1
0.0768868237616262 0.5876985737177355 1
0.7907625749149296 0.07368851484274253 1
0.2243592686475134 0.7671856599674334 1
0.8722523650685698 0.9286380723246386 1
0.629296526011127 0.9240466193197938 1
0.8613494607936314 0.7666467964396639 1
0.4583333366363916 0.07216877532159291 1
0.1281131852981581 0.9288916203725222 1
0.3612939809436412 0.8541777937733713 1
0.7208012041086094 0.4284006800221649 1
0.4576488860339701 0.5576619777173184 1
0.689955046168694 0.790588415273356 1
0.1266832358847506 0.07104555291406159 1
0.6539540290597379 0.1487259117487611 1
0.7691018497404204 0.2423938760450633 1
0.5397202760344871 0.5765408647028767 1
0.8527522744209866 0.4947477923414602 1
0.4586699607430004 0.8859553420770364 1
0.2610251889445988 0.8520629335485174 1
0.1849541683600142 0.6802006556149047 1
0.07898118898188503 0.779059423605959 1
0.3958992317955733 0.1930437736756879 1
0.309926330145689 0.2112504302639065 1
0.2835686720603152 0.2929429722054009 1
0.2260774375165384 0.2275456010862326 1
0.194927332942921 0.3126004021504375 1
0.2577105227737376 0.3826591459264491 1
0.7225336385832865 0.868611227968045 1
0.2235396155626558 0.6161987522079432 1
0.5704707423723352 0.1496566226122577 1
0.8333816116503785 0.3200033616517307 1
0.5560459405423593 0.8541777937733712 1
0.356579603013111 0.3725667849642043 1
0.3123298032918163 0.4523466325085619 1
0.2202957583199011 0.4633744570827655 1
0.9221335385023589 0.5507178860009381 1
0.9236378453436997 0.7020893357762695 1
0.160110422817891 0.8361101290447144 1
0.09021582384718932 0.6810251375760044 1
0.09652705770818537 0.3186392856775517 1
0.07653199088960991 0.5023677699353268 1
0.1636589895186474 0.5418682217057162 1
0.4832273658797665 0.1615389470245281 1
0.8263463969905156 0.8543800465504195 1
0.3750180471430711 0.0683142252285163 1
0.8744657763529871 0.06826756643456081 1
0.8392429772109049 0.1555441325155119 1
0.7397743474160327 0.1571825257385614 1
0.2087907582033966 0.07318498181441446 1
0.1595784351800733 0.1615896729298536 1
0.704359603609048 0.07503937144985592 1
0.3896268865847459 0.4973257174747869 1
0.2095970218473669 0.9250904378176018 1
0.9233793308191818 0.2874876673034255 1
0.8482069529347702 0.4162078975527058 1
0.6249999969908002 0.07063927636907057 1
0.785466511357765 0.9324385344261539 1
0.9188838108517089 0.860182907869111 1
0.6118763383622901 0.7678740992505469 1
0.07072895175582714 0.1310992808589081 1
0.07112492193719265 0.8682483977454767 1
0.9269128007290058 0.4587316509736222 1
0.1656865565198109 0.3930540397830907 1
0.284371575490371 0.5397102138608093 1
0.386660657202401 0.9373666324417284 1
0.5309465158001162 0.9357947450050512 1
0.2549207611396656 0.1465082759937492 1
0.6761770128242506 0.4938824794455297 1
0.9316877334098757 0.1243826587116308 1
0.3003183638213193 0.9281162995968698 1
0.4962539971037533 0.4985587951508666 1
0.8539123343825251 0.2398913882902041 1
0.611776653534408 0.6747755894686644 1
0.9438256722825237 0.6250006990294329 1
0.5894632476611549 0.5267260048583431 1
0.5367274604313509 0.07566727022124155 1
0.940774223397808 0.7824506291998785 1
0.6419414979335514 0.8410596311170226 1
0.1508075540526911 0.2496178267760828 1
0.340708219351311 0.1355066709794293 1
0.1432114544641204 0.4641663330581786 1
0.710792668596157 0.9450192763427986 1
0.1477241745308986 0.7487162011618032 1
0.1462824766282514 0.6169859583272613 1
0.7661590885020149 0.4710443268213093 1
0.6060945898689248 0.5979679203911729 1
0.5154107882566704 0.2268058489307429 1
0.3103381021646624 0.6347992577352499 1
0.9389957394163929 0.9389957817883057 1
0.9394195879208173 0.06058087986544504 1
0.4585887601548236 0.9518233439047631 1
0.05954473209859957 0.06184687800008773 1
0.05954473452522183 0.9381531234372282 1
0.7656973216541735 0.3870523740466897 1
0.4123599334904719 0.1252208234494035 1
0.3750648203317698 0.4367450574555564 1
2 37 0 115
928
929
930
931
932
933
934
935
936
937
938
939
940
941
942
943
944
945
946
947
948
949
950
951
952
953
954
955
956
957
958
959
960
961
962
963
964
965
966
967
968
969
970
971
972
973
974
975
976
977
978
979
980
981
982
983
984
985
986
987
988
989
990
991
992
993
994
995
996
997
998
999
1000
1001
1002
1003
1004
1005
1006
1007
1008
1009
1010
1011
1012
1013
1014
1015
1016
1017
1018
1019
1020
1021
1022
1023
1024
1025
1026
1027
1028
1029
1030
1031
1032
1033
1034
1035
1036
1037
1038
1039
1040
1041
1042
0.2578767725753389 0.5010349489670003 0
0.3750000006647264 0.9278312202480925 0
0.5925933067991753 0.6510783069670009 0
0.08280537203921638 0.7142773296819634 0
0.6159875506069192 0.259056384019667 0
0.5782654886107382 0.4353393537373167 0
0.5416666647492148 0.9278312202480921 0
0.2076269530328752 0.933303232234398 0
0.5702420509856512 0.3193988423227208 0
0.7375165406544659 0.2196103498516632 0
0.8164315805788335 0.2557691599261986 0
0.1683244596446159 0.4807378215606402 0
0.4583329864790043 0.07216871955739772 0
0.6185942031773509 0.7441833640101911 0
0.5298275520605702 0.7163423683884729 0
0.503263219551413 0.632158890610086 0
0.4409586358607938 0.6995444076797429 0
0.3750814134907683 0.4473340128152823 0
0.6764428064100887 0.8041334619281356 0
0.7927764822103748 0.8221330807833109 0
0.4133254701294179 0.2698134613562204 0
0.2052526864902949 0.5678625534710775 0
0.9231191394984135 0.128241262764707 0
0.1733057374035334 0.1605910530912903 0
0.420598985317706 0.3684500678569645 0
0.6372023942916272 0.0910865978814312 0
0.3161717342030881 0.5803916673392229 0
0.2455913971160212 0.6543793706987331 0
0.7885817977285414 0.08048422846708912 0
0.2709257508249009 0.1452763820979154 0
0.3606502152959181 0.1863397483599863 0
0.4725426353522992 0.7771349475283968 0
0.3783492950040053 0.7652031564330375 0
0.8738641737426756 0.7790115444036066 0
0.6195375935611356 0.5586606866647892 0
0.872807814222485 0.5083282253775958 0
0.872302090356495 0.334683477995988 0
0.07428195769173623 0.8714604796305497 0
0.8775490397404599 0.9313366909343872 0
0.5431846575653592 0.2445927637628235 0
0.4528279185875665 0.4529719075870186 0
0.09858321099315435 0.225285778329671 0
0.1215505681160084 0.5573979385586105 0
0.7058831568142142 0.9319524807501477 0
0.4015351677301857 0.5277360556163104 0
0.8701015452664651 0.4303790088804034 0
0.09858321099315298 0.4133207229103268 0
0.4360087293936188 0.1953064282360928 0
0.3452054796028735 0.6762159671836241 0
0.2780194091663863 0.7414457592673204 0
0.3107841495397091 0.8342573599960748 0
0.2192544413891542 0.8076952259860368 0
0.6030310404921826 0.838542157429121 0
0.0762447910035278 0.1271961229514346 0
0.590298335912388 0.1728663357657739 0
0.3579655443736371 0.08815335362683302 0
0.4940393571392421 0.5353494428655829 0
0.1858616469197664 0.726136250371605 0
0.9076076765319507 0.2492999390879467 0
0.2083331783863577 0.07216871959442268 0
0.1303736807581131 0.7961616798253259 0
0.1511064056390938 0.6408422381071778 0
0.7932245873522723 0.1704591771506712 0
0.7210132094738523 0.1358895588212345 0
0.928600895759029 0.7018905340648207 0
0.5481042662956903 0.08043047717413401 0
0.6250000006647279 0.9278312202480919 0
0.460635352599883 0.9251966522954362 0
0.7931265877706557 0.9148396452970089 0
0.9363114577383983 0.6209290029663392 0
0.2916666647492145 0.9278312204399812 0
0.4897357113742704 0.309796573936323 0
0.06721402576634956 0.3037042565924174 0
0.4130583543821607 0.6171839722111518 0
0.4200412905672682 0.8462271493247178 0
0.8749993316812085 0.06672106953277047 0
0.1280772352928397 0.07008929909679659 0
0.9364562923771574 0.8777676544338366 0
0.1250000006647256 0.9332798923619672 0
0.06804825600678099 0.6173640211519792 0
0.5192620612270868 0.848333079770758 0
0.9367955716056213 0.380304584869116 0
0.7094676872090466 0.06198264671940665 0
0.4946482220635875 0.1627546351600397 0
0.9385538534151057 0.4601783124372415 0
0.1677561722693885 0.8691457756760961 0
0.8661195704252544 0.8531894815173344 0
0.2826681824213173 0.06356175479825225 0
0.05761028563624662 0.7916666566956604 0
0.5941457982500716 0.4961265048393984 0
0.8115208175448667 0.4906018036393865 0
0.9447234049272952 0.791666985294014 0
0.6654569011161291 0.1935784461074818 0
0.4188848573895647 0.1369025120157381 0
0.5545132657455275 0.5773524823295725 0
0.05721322141201581 0.548598147710913 0
0.07427857669429885 0.4861202109179382 0
0.5219567712590626 0.3852015435056407 0
0.8676139104657965 0.1907978741571087 0
0.5517663110912663 0.7850435683139243 0
0.937335099080608 0.5411656054095798 0
0.3313089736498694 0.5028912369233363 0
0.6666666686773335 0.871778864034696 0
0.7340339168975316 0.8611438294699589 0
0.9394198743228624 0.06058031943298785 0
0.9394201384270569 0.9394201744191724 0
0.9408425874838999 0.3089879973690545 0
0.06057989028533878 0.06057989894363211 0
0.2461434680521545 0.8735107398084665 0
0.0605799393228599 0.9394200594976946 0
0.8511012485332736 0.1296336321862398 0
0.9381433252491282 0.1904736421173761 0
0.5234840127046061 0.4650666672544996 0
0.04880917513101623 0.3721444700527709 0
0.4750759491433101 0.2395006580756849 0
2 38 0 115
1043
1044
1045
1046
1047
1048
1049
1050
1051
1052
1053
1054
1055
1056
1057
1058
1059
1060
1061
1062
1063
1064
1065
1066
1067
1068
1069
1070
1071
1072
1073
1074
1075
1076
1077
1078
1079
1080
1081
1082
1083
1084
1085
1086
1087
1088
1089
1090
1091
1092
1093
1094
1095
1096
1097
1098
1099
1100
1101
1102
1103
1104
1105
1106
1107
1108
1109
1110
1111
1112
1113
1114
1115
1116
1117
1118
1119
1120
1121
1122
1123
1124
1125
1126
1127
1128
1129
1130
1131
1132
1133
1134
1135
1136
1137
1138
1139
1140
1141
1142
1143
1144
1145
1146
1147
1148
1149
1150
1151
1152
1153
1154
1155
1156
1157
0.6034765360414778 1 0.3643730401405976
0.6740869700755634 1 0.6183126113809398
0.4867244554767655 1 0.6792304723597836
0.2482079500989025 1 0.713917646793469
0.9271826243136818 1 0.2090590978224571
0.9264488297776092 1 0.3813512612481756
0.7943764376126984 1 0.9291697851436647
0.7083333359155153 1 0.07216877917623865
0.5426285544682727 1 0.06784939161971471
0.6277011988177699 1 0.9240586013454012
0.678446536443561 1 0.4202887970483611
0.706060643134275 1 0.5199448479187416
0.9259937932763374 1 0.7095550428627494
0.5903517314340676 1 0.6792134966503619
0.3729587055100754 1 0.9269942906291961
0.6788144406053409 1 0.3272180906079962
0.1561809302461001 1 0.7071125838046219
0.4346750148850662 1 0.2640100264741852
0.6808655218549171 1 0.7050993797474886
0.2086327377046562 1 0.9278329989252487
0.9144441910716724 1 0.5305042115170057
0.606674050735605 1 0.2818806228844896
0.5373351238125504 1 0.7597385234844294
0.1324813211319874 1 0.4018713754797226
0.395870059811511 1 0.157824627135791
0.4501148489067542 1 0.7637371785211138
0.7732616658014818 1 0.5948546143644078
0.3437264183141797 1 0.6529691851861856
0.7741115771364365 1 0.4364003099309717
0.1344883423482323 1 0.1594645502383643
0.6908904152584396 1 0.2399362456003839
0.7624070454596482 1 0.291531381836627
0.7700457100156957 1 0.2070744941705561
0.4966701310116173 1 0.8429384116697355
0.9308755925560794 1 0.8757216838237392
0.07501124604789987 1 0.8644323428812231
0.8780020519565233 1 0.06989778384344779
0.3921562143387836 1 0.3493439893413218
0.2085095779850223 1 0.7819987386108762
0.2906737975409838 1 0.7823593243288602
0.618769547825589 1 0.1855968906932317
0.20081457918894 1 0.08650114916394568
0.478834507871775 1 0.1833264353150497
0.5252704955399029 1 0.3247257993216244
0.1039232309361721 1 0.2535726302275054
0.3215050023538928 1 0.1008319886969225
0.07629218223249101 1 0.6392753160290177
0.1208078355133622 1 0.7866858810391509
0.5833219064014048 1 0.8448627045157429
0.3506735475958488 1 0.4127670710686632
0.846023747483399 1 0.2517765635921532
0.834656105675575 1 0.3516075123496742
0.1233085292783331 1 0.07210182282444241
0.4140140436404939 1 0.848249178378521
0.467308359610565 1 0.0896349041309686
0.624448159090402 1 0.08968755335231531
0.798104735344746 1 0.073169704161368
0.5415599839558338 1 0.9232818223659367
0.6650186191071513 1 0.8523165020055361
0.2916666669949539 1 0.9278312166356035
0.4569782551911035 1 0.9235772838405648
0.9261591006744928 1 0.6245934419373702
0.8342256433681619 1 0.6635611280695787
0.8473502865231596 1 0.7543019560184947
0.7623182506341265 1 0.727643618083647
0.7826431524271009 1 0.7953917980124512
0.9267717916638867 1 0.7929088027388554
0.9278312213453194 1 0.2916666630277207
0.8624214400704842 1 0.4404847373432489
0.8147307174026267 1 0.5184469466976573
0.7083333335143031 1 0.9288757694531139
0.1659977040542505 1 0.856630863779411
0.4050830505872156 1 0.6151737149428158
0.1076352480839985 1 0.3270650684743825
0.8437572080417339 1 0.8502773479874273
0.06057916869333246 1 0.4744969980979747
0.1267036045104759 1 0.9313860443072081
0.9330417376539174 1 0.1251958006595695
0.8453878017273909 1 0.1530695886558238
0.2518114687241264 1 0.8553531949248154
0.8755119840320855 1 0.9329707039776303
0.6963001955715692 1 0.1549629398889902
0.06467970659551117 1 0.1242387280259782
0.940662892183953 1 0.4538013764026258
0.5336783577063839 1 0.2368912119155873
0.3869366846210843 1 0.0696583039927364
0.6241533955418008 1 0.7683407973675715
0.7456871410641123 1 0.3654092183547261
0.3763649911689654 1 0.5424244385437731
0.3972302688763745 1 0.6989614115995969
0.8560729346001993 1 0.5877273284284908
0.5464063698980977 1 0.1437041139112284
0.3324641365696707 1 0.8508585003679047
0.05567527701966172 1 0.5624617821502649
0.2042274093776692 1 0.3941412810506728
0.3680949664167031 1 0.7770766190788745
0.06215630685654402 1 0.1998443916992213
0.4613728448105076 1 0.3659314374691127
0.4105926167274071 1 0.4241680405657021
0.05230269400490552 1 0.7910781398454017
0.06705359217960666 1 0.7227467315268757
0.7494859881988296 1 0.8636144960142276
0.7074206860120091 1 0.783808903352782
0.2970876041481127 1 0.4033848299298005
0.7374670103410412 1 0.657994597875212
0.05806400072376947 1 0.3741833480422678
0.06050365812411978 1 0.06050365656369488
0.9394200602790652 1 0.06057993910252112
0.06057993823753554 1 0.9394200602573659
0.9394200605463625 1 0.9394200618777274
0.7653140053237738 1 0.1353136763412153
0.3240727029659413 1 0.7182941212772509
0.05157000010682682 1 0.2906461509181293
0.2669542914194118 1 0.06302609482881918
0.3608208827221603 1 0.4779490822046021
2 39 0 5
1158
1159
1160
1161
1162
0.04508259161826172 0.5836806077004419 0.1950242561632588
0.0667173593007595 0.6227202358061364 0.2741717607214798
0.05074017393012989 0.6275609743273712 0.1409560962484793
0.08304492181804811 0.6242311082958504 0.2175786919626811
0.04486995458456149 0.5827976317481367 0.2403727282508599
2 40 0 5
1163
1164
1165
1166
1167
0.04508496073604389 0.7719674716448485 0.2434703485323506
0.06671696751277849 0.732941033096404 0.1642745157562449
0.05908074721950739 0.7313157269347352 0.286309962688947
0.08080029995169605 0.735622565851038 0.2213848162159192
0.04503971307928453 0.7731314752005539 0.1998974234141798
2 41 0 3
1168
1169
1170
0.04310868426677551 0.2807295082045678 0.2231767549033392
0.04059761680149399 0.3034590716464206 0.2772500161028577
0.04095224534584992 0.2991695188505777 0.1712817150521904
2 42 0 3
1171
1172
1173
0.04310889430356557 0.418659545080112 0.2208700755376044
0.03808781690028691 0.4028258447694628 0.2747683982500898
0.0386261206318779 0.3961695148431966 0.1640891585229928
2 43 0 3
1174
1175
1176
0.04616603165217478 0.1820066279007337 0.5809545211424013
0.04383936610935185 0.2014915257514688 0.5260144658163551
0.043476565675521 0.2062933625425017 0.6383220101294149
2 44 0 3
1177
1178
1179
0.04616705372341955 0.328188298634068 0.5784278436263776
0.04065767303029334 0.31143373753676 0.6356185301553462
0.0412821831532222 0.3040426529476105 0.5180545082970238
2 45 0 111
1180
1181
1182
1183
1184
1185
1186
1187
1188
1189
1190
1191
1192
1193
1194
1195
1196
1197
1198
1199
1200
1201
1202
1203
1204
1205
1206
1207
1208
1209
1210
1211
1212
1213
1214
1215
1216
1217
1218
1219
1220
1221
1222
1223
1224
1225
1226
1227
1228
1229
1230
1231
1232
1233
1234
1235
1236
1237
1238
1239
1240
1241
1242
1243
1244
1245
1246
1247
1248
1249
1250
1251
1252
1253
1254
1255
1256
1257
1258
1259
1260
1261
1262
1263
1264
1265
1266
1267
1268
1269
1270
1271
1272
1273
1274
1275
1276
1277
1278
1279
1280
1281
1282
1283
1284
1285
1286
1287
1288
1289
1290
1 0.2684507994628571 0.4666519826662572
1 0.5714888253814306 0.2919836771939661
1 0.3016458530248134 0.07423718287997852
1 0.4112476341108855 0.5781438280788781
1 0.3515609861765826 0.7665836214613349
1 0.08197755935552749 0.3007821855830862
1 0.5854939901630267 0.6229593138176943
1 0.4505803492480814 0.07713462766402485
1 0.6515218756506012 0.2029844757677945
1 0.5665783425197539 0.382404374696564
1 0.4955370864598351 0.3223702350320056
1 0.1742305684254362 0.808926055522854
1 0.4628890295297383 0.919550211487943
1 0.8366627580218678 0.2085632614203377
1 0.7862644397005714 0.6195066540378789
1 0.1691643340272495 0.4661074470556315
1 0.3081426566725463 0.8214786566378708
1 0.3468305991420924 0.5145707551435862
1 0.4245241097245903 0.6497376067593019
1 0.7435867831917219 0.1715969175119734
1 0.2190223410854914 0.3883958124680773
1 0.5247541286620865 0.7884558080533121
1 0.1253843493164029 0.06807879942045209
1 0.3152051535869037 0.3813876868591013
1 0.2601299641149562 0.310252755209048
1 0.6090886692374413 0.4741512395707252
1 0.8505914590727424 0.6923578975361321
1 0.9333357668691937 0.5357047046052492
1 0.522982129468217 0.4705192482383337
1 0.9239602184116871 0.8717112488199853
1 0.690683818107751 0.5182586691271246
1 0.5010531787008596 0.2366294728827689
1 0.4222465979554105 0.2682979324417163
1 0.8749521201086352 0.06528293405030497
1 0.5418253634586535 0.6929634877906863
1 0.6262659118688522 0.07146116225999728
1 0.1313564018802511 0.9285122181835366
1 0.5611938412315832 0.875019301256128
1 0.8643719944716407 0.7880510539665455
1 0.09061090290610027 0.7661366304192354
1 0.5047239290210077 0.6120625441934369
1 0.838684099365152 0.8683858676905243
1 0.9015848431890745 0.283858648247197
1 0.0934596562417221 0.5192310391318467
1 0.1279260193801516 0.3812857874598325
1 0.3827480878129866 0.8511578587452884
1 0.2895618440849678 0.9181671741614068
1 0.4351137712769896 0.1743363602194954
1 0.3643698862279039 0.2084446766939532
1 0.4092760714948867 0.354271714590526
1 0.9155331646835343 0.3821370691452226
1 0.7862437145347489 0.5278487731695525
1 0.872241393085277 0.4752492431488127
1 0.4363593817500123 0.5134393513346175
1 0.429523911589959 0.7801419578248394
1 0.1735883227139785 0.3101827014919425
1 0.2131704056266386 0.2333909544460281
1 0.0859857274793101 0.8557409185026157
1 0.2083348119450635 0.8926893071393294
1 0.5147937887706541 0.1509171134784119
1 0.3745905915957728 0.1174991175826357
1 0.6423414660870821 0.9281268699830785
1 0.07630452654198179 0.2054885975569815
1 0.790590042809424 0.07384847348752505
1 0.708063705553112 0.07302376809803066
1 0.2100614013898544 0.07293955917431372
1 0.1548719261788127 0.1556076056715545
1 0.9281344672508998 0.6269354949872099
1 0.3770402587314743 0.9377750488789277
1 0.9217273630255567 0.2008544847569441
1 0.7199772108296867 0.9355766478458534
1 0.9302726652871518 0.7192796302875137
1 0.3756390475281491 0.4376176470401411
1 0.5435598155504437 0.07322471027460038
1 0.2476286001139142 0.1552249652837527
1 0.0687227134658463 0.1237803277597527
1 0.3429003074704502 0.2945808876318476
1 0.5667816832191009 0.5443497253595178
1 0.9282544182811044 0.1184443905205391
1 0.8750002319440263 0.9346490086923706
1 0.4722217997652708 0.8428650274735022
1 0.7140528375436743 0.5875494401945358
1 0.8594685400855721 0.5796004612474724
1 0.943720975634096 0.7924750518864516
1 0.1399825480833878 0.2410904089499185
1 0.6640728512367947 0.1344282542486923
1 0.5940188498690471 0.1449806065461365
1 0.0559363993472666 0.3756163651350163
1 0.05635244569999003 0.7056054945339242
1 0.07441440149939828 0.4431512193488137
1 0.4677286765368089 0.4134370951553646
1 0.5416675200946141 0.9428885677423028
1 0.8374886331687359 0.1355320003678213
1 0.9432679821351511 0.4583333359523494
1 0.05196628014012988 0.5848507790103246
1 0.4692718934836376 0.7086367482358723
1 0.3198478430207259 0.1503439295338998
1 0.06100509591521174 0.9389953639156413
1 0.9394899883897533 0.9394899464154808
1 0.06058012723113405 0.06057974228165833
1 0.9395134284828156 0.06048660703586186
1 0.2344220623060228 0.8235254936657355
1 0.3913000423624181 0.7073861176859473
1 0.2913411677624315 0.2253730281330882
1 0.6326207528565757 0.559708447798891
1 0.7959476570592958 0.933677847232401
1 0.5776899727180824 0.2174688711312951
1 0.4994845417261317 0.5376961049453204
1 0.2085560039115837 0.9527261649563089
1 0.3752600914798414 0.05139499947432632
1 0.1499768774325153 0.8714671248370839
2 46 0 16
1291
1292
1293
1294
1295
1296
1297
1298
1299
1300
1301
1302
1303
1304
1305
1306
0.3325808141604125 0.05173030845157564 0.2265462269239963
0.2310698528983818 0.05119264065978756 0.3491559993673254
0.1763366908826236 0.05110188128084672 0.2296749291612619
0.2555342083076687 0.04760366751544003 0.1753436516641641
0.3213148472820083 0.05117062890002146 0.3226526936922612
0.3436492355040675 0.04961118237377382 0.2742227430595572
0.2810760213680135 0.03999729870602313 0.3591187746084989
0.2661192020431861 0.07434583761657024 0.319619215787574
0.2111429341958424 0.07662453886385487 0.2889165078789144
0.2903593802558966 0.08228123105600969 0.26663643097541
0.1811538918946494 0.04235473751722384 0.3246829790998333
0.3045947908863071 0.04063883213569598 0.1828288681017287
0.2883806506895067 0.07061241225149348 0.2133409360445305
0.2330159292662361 0.0779956055844948 0.2245732252278788
0.1998910951325424 0.03855051601398755 0.1851642341274361
0.1617384004799277 0.04208088757159975 0.2816064376448363
2 47 0 21
1307
1308
1309
1310
1311
1312
1313
1314
1315
1316
1317
1318
1319
1320
1321
1322
1323
1324
1325
1326
1327
0.7292412900239923 0.06620307542811243 0.4866758729979451
0.6497280079236606 0.0545838344437196 0.3672978156442755
0.8259475230907438 0.0547279646545888 0.3198876358543297
0.8495685521155695 0.06013426215932097 0.4172712350480937
0.7238858136865194 0.0537846691102669 0.2919647225499338
0.6686231896713358 0.04158306992458559 0.3156347539211703
0.7038005060267007 0.08586046335769079 0.3421347986339758
0.6944893784302152 0.09297632155769146 0.402849238392833
0.7588163529576686 0.1051010926053474 0.3796548032823968
0.7532375783549217 0.09667416072079581 0.4434070609099841
0.79273353809773 0.04747218273714056 0.496668201189533
0.6508329969356133 0.05206258771443495 0.4309909618100884
0.7993394843329825 0.09583010108112483 0.4128050285619338
0.7726609535227403 0.04539496173407456 0.284390374820773
0.7754262523511122 0.08216247048576858 0.3218164986452646
0.8595357185762109 0.04357582676870067 0.3610575647674034
0.811721770652913 0.0869601527523087 0.3608296959299995
0.6946448415149278 0.07722609931938751 0.4544627247050371
0.8354240386625402 0.04425466451614275 0.4692265136814419
0.6689114125315355 0.04254762197255875 0.4722127279836792
0.7995561314311505 0.08030505667669006 0.4566979126538719
2 48 0 16
1328
1329
1330
1331
1332
1333
1334
1335
1336
1337
1338
1339
1340
1341
1342
1343
0.6363015354600789 0.05062562028878451 0.6412500617892858
0.533296013942768 0.0521076978252169 0.7579733524410235
0.4748688716745516 0.04739573180799596 0.6432887525508137
0.6229787385040133 0.05074741104983642 0.7333896837377544
0.5525027397672228 0.05399006454734896 0.5948740988656527
0.6548494867003668 0.03839808799879309 0.6909310305855298
0.4854596466625417 0.04018831997902463 0.7407201380248024
0.5119202490644558 0.07428604105469092 0.6940070096306321
0.571125260832993 0.07619069625129789 0.7191447373458615
0.5756715199371256 0.07928992034688104 0.6474841790328802
0.4647635611032717 0.04192697052320345 0.6952320114382601
0.6148844635372486 0.07032278528072644 0.6855262938247391
0.5839717872280683 0.0388804453317729 0.7710603517114363
0.5013443545841872 0.03645879496553689 0.5951347703565018
0.6060963036300658 0.04325587471645645 0.5967768719675938
0.5194783982920826 0.07069356823393633 0.6351073248845202
2 49 0 7
1344
1345
1346
1347
1348
1349
1350
0.5870509969200004 0.3059849894119952 0.9533492939218782
0.5217591585892258 0.3958912588562901 0.9533257816266054
0.5922036932993279 0.4498358265389937 0.9590450884922193
0.6365902625615311 0.3162290636546348 0.9602387694345978
0.640639078153473 0.426295762517193 0.9581915289831847
0.5394868445184854 0.3139408342814688 0.9607449984596632
0.5457502572301701 0.4385891993674224 0.9597546897902648
2 50 0 14
1351
1352
1353
1354
1355
1356
1357
1358
1359
1360
1361
1362
1363
1364
0.4813146805341509 0.7619471244716768 0.9296569737766778
0.4813146805341493 0.678699128736327 0.929656973776676
0.3855765433058156 0.7439739855373406 0.948239775891814
0.413500240474911 0.658232065902207 0.9482038260339822
0.4586699607430002 0.7997246809841249 0.9505284807939041
0.5317365856784043 0.6767450333644095 0.9560809649803078
0.528952596597247 0.7632739081278981 0.9533375539279245
0.4716034051273066 0.6325986673598373 0.9600229012405975
0.4046802468993385 0.7937061654516649 0.962903374323701
0.3720405575187966 0.6932306339482902 0.9624927108704872
0.4450437360377464 0.7570331840611833 0.9263999606982752
0.4107989186306326 0.7194906305526112 0.9298753843917431
0.5078037635866217 0.7981768942292509 0.9640909465105443
0.5525965331857405 0.6857021872308603 0.9755347984758069
2 51 0 13
1365
1366
1367
1368
1369
1370
1371
1372
1373
1374
1375
1376
1377
0.7865382863850877 0.5849589317171742 0.919197702579818
0.7865382863850917 0.6736901807948353 0.919197702579823
0.6722924106933242 0.6512535683549279 0.9562097871856392
0.713068106162678 0.5615316217941065 0.9447868882747175
0.7668834682253964 0.721700815169529 0.955328678340605
0.8381629810835274 0.5837089441017398 0.9495744482457672
0.8356742886857926 0.6736152190266524 0.9462131318376323
0.7743930091632959 0.538003046504419 0.9547531811682393
0.7136065419900985 0.6251676769430317 0.9187006487053184
0.712268246309559 0.69820880247019 0.9463160315065478
0.6717481248774848 0.5991913000620301 0.9604373653242917
0.8143054079502359 0.7107426613351197 0.9612402473234244
0.8593896479815779 0.5945220473926229 0.973074075276651
2 52 0 13
1378
1379
1380
1381
1382
1383
1384
1385
1386
1387
1388
1389
1390
0.2706231659342933 0.3652910397939676 0.07976549190520862
0.2706231659342924 0.2733154614460297 0.07976549190520771
0.1552813131668702 0.3193032506199993 0.05273138075470948
0.2082338016570927 0.4014601367790339 0.05286853956617173
0.2082338016570937 0.2371463644609655 0.05286853956617165
0.3145403819158687 0.2620897181362034 0.05369406691287217
0.3178933153608487 0.3813853728633759 0.04749863435497589
0.2708991278539621 0.4148053744174851 0.04316555846130535
0.197072822209845 0.3447658543223699 0.07853514194239358
0.2628047629369234 0.2247560431654256 0.04646922853373019
0.1615016395398097 0.3755370579843897 0.03987531795848396
0.1613724807870995 0.2686521142550749 0.04364820628797186
0.1965274849211496 0.2948311889873472 0.07851792045517428
2 53 0 8
1391
1392
1393
1394
1395
1396
1397
1398
0.7234902938319994 0.4555650640000381 0.04886225028376337
0.6546676412544425 0.3607044410497901 0.04894775669045065
0.7234902938319995 0.3106206868499614 0.04886225028376298
0.7747312718920804 0.3227393265913531 0.04260164902341304
0.7789725630419199 0.4427433992389522 0.04020434793426687
0.6795847254987168 0.4434349985110262 0.0469620352226657
0.6795059356860513 0.3226424666532546 0.0468405123617263
0.6523375754173524 0.4062392946224999 0.04678219051063383
2 54 0 13
1399
1400
1401
1402
1403
1404
1405
1406
1407
1408
1409
1410
1411
0.788684805816791 0.6963944267993096 0.07882308881054113
0.78868480581679 0.6057621871346878 0.07882308881054034
0.6749981461800431 0.6510783069670004 0.05196480673024924
0.7272006473750535 0.5700792742268254 0.0520977154300092
0.7272006473750546 0.7320773397071749 0.05209771543000931
0.8319252898132534 0.5947161994650855 0.05301529778403644
0.8352001316911078 0.7121984801171379 0.04691884541992321
0.780980120802046 0.5579579510114976 0.04584031733435275
0.7136737903026845 0.623674266869557 0.07590835342187691
0.7888759125618646 0.74510931521669 0.04262004616983787
0.6781834439332771 0.7013818567695178 0.03946000185543878
0.6809762711972359 0.5991799735813659 0.04156004982252727
0.7147490051407104 0.6744541282037554 0.07732917629975987
2 55 0 12
1412
1413
1414
1415
1416
1417
1418
1419
1420
1421
1422
1423
0.2843956065611054 0.9375756379747948 0.3157186126425381
0.2877094148444043 0.942543575404124 0.1858813041739686
0.1919316970592019 0.9430708399540124 0.2558126777315325
0.3500111890653985 0.9567828047167168 0.2523444513621104
0.2432049194451026 0.9582300293113547 0.169178225035273
0.2433111965460746 0.9247064065176425 0.2169780010161329
0.2007772870327415 0.955112577187113 0.1979092513687594
0.243398439390806 0.9227962055884227 0.2843778349196376
0.2176202658782709 0.9474366792164238 0.3150754390097664
0.3034720022633055 0.923603759142051 0.2509443576380334
0.3359925640116266 0.9557876843178607 0.2990811800130424
0.3353035121583651 0.9575709452729949 0.2044001061032725
2 56 0 15
1424
1425
1426
1427
1428
1429
1430
1431
1432
1433
1434
1435
1436
1437
1438
0.2364934689888969 0.9406757509499986 0.6222291223583779
0.1303320210496136 0.9479905145331555 0.5062759194737151
0.293184397884023 0.9480189031419601 0.5064240797021706
0.1365081529837401 0.948823285304633 0.5930220434118555
0.2146065946553456 0.9533435372616239 0.4496983530115292
0.2683921693268466 0.964370404351521 0.459702787940263
0.2336082657946685 0.9226813574595313 0.4881814037437114
0.2450194619607899 0.9115018744943364 0.5487982007772422
0.1808143445926572 0.9129273854377244 0.5209379458490088
0.1870381565250382 0.9151913224555155 0.5800230038124661
0.1705146262285186 0.9557951247803491 0.6294984399318645
0.290732414936308 0.9461670898148109 0.5817363854958254
0.1650794311221899 0.9452382232359413 0.4698791224796556
0.1154171167468594 0.9578286437648184 0.5542129444558981
0.1460459528352723 0.9270257708672351 0.5517395756162015
2 57 0 15
1439
1440
1441
1442
1443
1444
1445
1446
1447
1448
1449
1450
1451
1452
1453
0.4545139448136963 0.9451929025015374 0.5248337747743274
0.5625546216390739 0.9410981397875253 0.596322756914375
0.5605214176347997 0.9432138110761984 0.4405825752610842
0.6227196541421482 0.9453021969619819 0.5160039812568042
0.4648302216524072 0.9532315614134474 0.4664474759712084
0.5074228376663971 0.9138619576477827 0.5057127382738976
0.5046988650898532 0.9218750963954514 0.5613765039191526
0.5647273871751096 0.913157918413527 0.537943329397652
0.5054349487082256 0.9649121582651252 0.426559826688332
0.6121846310706326 0.9532262385204623 0.5733536951719926
0.6116055878911238 0.9549789272770393 0.4633757735700467
0.4657007533412231 0.9556413907556602 0.5774476920124743
0.5073872578586358 0.9565166074261982 0.608008445914217
0.5088151135171692 0.9335699325482023 0.454783651133831
0.5705920270233922 0.918643095059805 0.4856511342888343
2 58 0 17
1454
1455
1456
1457
1458
1459
1460
1461
1462
1463
1464
1465
1466
1467
1468
1469
1470
0.9478396865849478 0.7160253390585625 0.4418903953538975
0.9478569274079364 0.8216907301274121 0.3201896314749775
0.9508302989263788 0.6559022076340081 0.3228590611582072
0.949773857651946 0.8145563719343917 0.4097955929008186
0.9507136572141032 0.7409121105795143 0.2653349427921513
0.9586689986640484 0.6670807418259973 0.4223767597693506
0.9230039513651481 0.6936460778252989 0.3757042564106536
0.9203917178521672 0.7578475629793876 0.397991503748873
0.9131516295900228 0.7459885764377497 0.3447329915411986
0.9459745466854405 0.7709898842338031 0.4381256402678393
0.9561921076273544 0.6463292206897518 0.3762745747873772
0.9247434281715596 0.7955890339583406 0.3621362714733117
0.9586077544746788 0.7915952278544967 0.2720978713949826
0.9626723951885993 0.6834406577960385 0.2726967933906229
0.9603031756609639 0.8400964079534012 0.3712183497881281
0.9284262864673422 0.7751159611085878 0.3050375215506308
0.929169618309484 0.7094195620531004 0.301928867732302
2 59 0 17
1471
1472
1473
1474
1475
1476
1477
1478
1479
1480
1481
1482
1483
1484
1485
1486
1487
0.9431342099733521 0.6693430106694924 0.8503487251597572
0.9451732803479547 0.6423586830151861 0.6879809912885745
0.9460978882709127 0.778858243742947 0.7251634148068744
0.9461058328182592 0.7646615970656825 0.8244252392355482
0.9424045786746392 0.6053278445662015 0.7716988106401285
0.941478241653421 0.6951198131251446 0.6750571676473125
0.9128033176868185 0.6949479654771453 0.7154955362564266
0.9185149915010435 0.6415585656325832 0.7362042851388182
0.9047193654868219 0.6847477249048418 0.7830836083510174
0.9121315634512026 0.7400875637595333 0.7537056490881918
0.9591578618933161 0.601382503957588 0.7214650092846536
0.9433970492778675 0.7841785674410999 0.7753929859944616
0.9562581419859537 0.7201826480573237 0.8607829805318999
0.9204623834791301 0.7180062502069927 0.8221808683127915
0.9505625121305993 0.6201592630826802 0.8249637798194429
0.9527253759448833 0.7436351079565877 0.6790385068666234
0.9162428654391936 0.7422849961924984 0.7919518349919654
2 60 0 17
1488
1489
1490
1491
1492
1493
1494
1495
1496
1497
1498
1499
1500
1501
1502
1503
1504
0.9476028565983752 0.1937583263584964 0.7361047754264074
0.9476235340763334 0.1222099127236131 0.6125340681291936
0.9475005234210014 0.2913204387566298 0.5669722326812355
0.9503520145515769 0.318967230265714 0.6673190884476874
0.9484260201785197 0.1933484234161324 0.5402732966149864
0.9600402843814858 0.1404659808889888 0.5631264305998225
0.9169704661489544 0.1744793175324463 0.5887272230854738
0.9137408348677218 0.1583926564689748 0.6450381010787367
0.898128730075432 0.2157915731630061 0.6286297221996793
0.9068239509525071 0.2063244235218085 0.6838362036448913
0.9367357222969416 0.2691189859425945 0.715929879951793
0.9424082210404185 0.1428431801880198 0.6971519033978074
0.9563624340002145 0.2400630156639976 0.5331236022384735
0.9139460694089707 0.2378186304222158 0.5788092040031951
0.9107418866704539 0.2760319717109003 0.635372719386927
0.9548004779012862 0.3232793666711523 0.6138644181259002
0.9566970486072111 0.1147749206542076 0.6604897817633667
3 1 0 165
1505
1506
1507
1508
1509
1510
1511
1512
1513
1514
1515
1516
1517
1518
1519
1520
1521
1522
1523
1524
1525
1526
1527
1528
1529
1530
1531
1532
1533
1534
1535
1536
1537
1538
1539
1540
1541
1542
1543
1544
1545
1546
1547
1548
1549
1550
1551
1552
1553
1554
1555
1556
1557
1558
1559
1560
1561
1562
1563
1564
1565
1566
1567
1568
1569
1570
1571
1572
1573
1574
1575
1576
1577
1578
1579
1580
1581
1582
1583
1584
1585
1586
1587
1588
1589
1590
1591
1592
1593
1594
1595
1596
1597
1598
1599
1600
1601
1602
1603
1604
1605
1606
1607
1608
1609
1610
1611
1612
1613
1614
1615
1616
1617
1618
1619
1620
1621
1622
1623
1624
1625
1626
1627
1628
1629
1630
1631
1632
1633
1634
1635
1636
1637
1638
1639
1640
1641
1642
1643
1644
1645
1646
1647
1648
1649
1650
1651
1652
1653
1654
1655
1656
1657
1658
1659
1660
1661
1662
1663
1664
1665
1666
1667
1668
1669
0.6971319879854484 0.9092854627189086 0.75375086597953
0.6204661459823779 0.2995346148340324 0.200935103038743
0.5278720570207571 0.3557313142754802 0.2446831129496703
0.4721133533962952 0.1647244582460983 0.128207655139825
0.2648336189098051 0.8399668811132857 0.1257399444618104
0.388739093408334 0.8913820349772152 0.1199814850500913
0.2050910272820791 0.8233512901850908 0.2688448233936556
0.3755698623833728 0.8285696079926113 0.2483236750779269
0.2528541732397398 0.7102799827832603 0.3526386414229326
0.6213541539627682 0.8841373264325199 0.3944183389938877
0.7691789445243855 0.1047858102230314 0.5914854256132921
0.8700626766100044 0.1247516214758826 0.4740192863682007
0.8732959669841434 0.1793058896602033 0.2982730272107966
0.7274390107089266 0.2226842962204122 0.2272726493944446
0.702661457291628 0.363245916127021 0.2579353294599399
0.1247692452593929 0.2348212938247877 0.8715624112389639
0.1001433597260176 0.2873598708635074 0.7362692352812502
0.1625626587634402 0.1181204816236075 0.7618629172109103
0.1743901263110431 0.3398331174532964 0.6253801324113016
0.2289427563161939 0.1315914263877233 0.5036290804936063
0.1143751148283343 0.4739569395131755 0.8971038298239047
0.2373196785393574 0.5925870491141364 0.8915168176225822
0.6108747233745879 0.8563310902057046 0.6278643806339517
0.613095214933681 0.6438843319010026 0.8837108901157524
0.4879634137279149 0.5314801572618302 0.8835034064010208
0.3575510312009988 0.6366171351504203 0.8714706754415708
0.6330799049904757 0.5024431755871028 0.8631873463956581
0.6188547936013046 0.2016189684969292 0.8759078064714392
0.6910673103019469 0.1706022220693667 0.7483164029119267
0.6807215803963768 0.2410656658444007 0.09506868214140643
0.3870926664827163 0.5929343237500398 0.3041658054745386
0.3845983839941388 0.4791063700972274 0.1590292787889988
0.2978189264416893 0.5577367988757245 0.1295201769742952
0.189129357703053 0.4939610529747431 0.1140952700172093
0.1263990774407796 0.3898128490863752 0.1259643872758569
0.576296169566081 0.2820247770604576 0.6102319266050548
0.609470097133664 0.0804472669035692 0.5223226775946508
0.2486597355515098 0.8309124843126152 0.8489767827494985
0.1104773793990978 0.7749711002284452 0.7955382117968539
0.8756669805291554 0.4689262069616545 0.7679782277165268
0.8238855782670228 0.6425123857625299 0.6831250243327954
0.6191688101318571 0.815811171686363 0.8217412899722115
0.8141083450766804 0.7629304890172954 0.814494668709667
0.6654314246893428 0.5883304447202424 0.7692232248032187
0.8792099753585148 0.8532105291507968 0.1382174498886646
0.8768553777756121 0.3603710692713262 0.1669852136961085
0.6022044653041876 0.3593204934512169 0.3556762741076749
0.135694727516505 0.8940643751861537 0.7280988412836994
0.5602146588030835 0.6035469635000815 0.2288155638434502
0.5952407046468375 0.6760496349248155 0.1110632633655916
0.3185201029655936 0.253827786104603 0.4622306300207586
0.4638531888069745 0.2328405079261751 0.4735798429913518
0.3838310782533724 0.1310322598804224 0.3254607260299898
0.4182437411197381 0.3188131429242774 0.5607509015751678
0.3769153147347903 0.4068464613025533 0.6423858372893057
0.2490631882433667 0.1116328066660962 0.6512713088703056
0.233643591811612 0.2081907484007634 0.1395266952555437
0.2770085320671667 0.2239199493774144 0.2822231578855504
0.1021832452770392 0.8507207424696631 0.5504123564131673
0.4885940417680433 0.4050762924004805 0.7867712121950139
0.8647163057274547 0.1017034618859588 0.759804862017145
0.7804599194343818 0.2572437143412144 0.5841181642075743
0.7804101045189504 0.1828029300457875 0.4155879539867803
0.4737564044553726 0.3330483041845292 0.1292567002711237
0.5265149515015946 0.8953366492527928 0.1927255445848938
0.1842572925438854 0.7072149510473678 0.1176227738245805
0.3825395094625399 0.9024255058560646 0.3771070001994299
0.8898858489798256 0.1058910809197459 0.09700516952677687
0.3357703276035925 0.626681754441223 0.6437470707075525
0.4058744535414117 0.6258121391425626 0.7477786379102909
0.3731241993629961 0.7218136897005877 0.6881867797324402
0.2482583307747071 0.6925237217316487 0.7971051091204886
0.7353849750215449 0.4190832035549352 0.8986199471001219
0.8812219949716187 0.5295231251329288 0.9017251821341966
0.8674305869035343 0.6264724621435478 0.8419479993254176
0.2551215811386418 0.438468839132962 0.6123377213296031
0.2339776505586461 0.6040533863255002 0.5708925137171478
0.1933884626317725 0.7515210394184585 0.5386407828070866
0.1263546132554236 0.5379634353335362 0.4997382617851318
0.3053771894842349 0.5228419460412597 0.7902029009491159
0.6297714324676037 0.1327793295818713 0.1231383262005984
0.5808297253780355 0.263742220191585 0.7683000780450941
0.5029718871068172 0.2889614766770859 0.8602114886829619
0.8742062899571067 0.3771236501121269 0.6061283480001484
0.6851509343285584 0.3133540851303502 0.8892779049946744
0.5131940052249013 0.1067537019683396 0.8491704276507018
0.3405610397783584 0.1456901420521807 0.1166947216243113
0.3730668800995438 0.8830488583874704 0.8844107236319796
0.8954527576684155 0.87042475924582 0.8900620713315209
0.8908650015102504 0.8842126355355782 0.7511261523995076
0.2295180915859176 0.8002824578774104 0.6880384751321177
0.3824750655601942 0.8965143757622009 0.723588438934664
0.2473299095208464 0.2473351916942058 0.7642408545272692
0.2709582219015363 0.1909585427150437 0.8749499128150418
0.1938979693031865 0.3694509984822229 0.8270961357285509
0.1461485069703266 0.6558205794857608 0.70317245708756
0.302625245841424 0.3969733151554027 0.7430491283756294
0.5535777742997 0.7860691141748291 0.114765331469122
0.6666514470194155 0.8839096033963415 0.1885795920934434
0.3956861824806482 0.8771767013236195 0.5501234289682572
0.3562490698533992 0.7199862085868411 0.5727147549124406
0.1469794426621153 0.5217556037689364 0.6418897309164588
0.3731722714080536 0.7609772186166717 0.8164719173800484
0.3584049944383075 0.7558517397017864 0.4466230552782038
0.6942662889261054 0.7126503664018906 0.3069816847344614
0.5701539797724757 0.5626730407528453 0.5362429559198784
0.6280205934435976 0.4540512155583715 0.4572035359986439
0.5640412589901024 0.4902492676396022 0.3035794578050742
0.7157076450955053 0.6213374671075439 0.4462040862073329
0.7459803570799168 0.4366186572752839 0.5375131101129869
0.8756312140073359 0.6116916143167102 0.5126656183468173
0.1152907965603216 0.8751577287716764 0.129919641266721
0.506534970347935 0.7355446073384426 0.8502213184137219
0.6845810738675638 0.2151156171023698 0.3576504709171078
0.8130853075864664 0.4968306470973611 0.2301420004287532
0.7599195197334807 0.8146916782742268 0.1081669710677064
0.5356433365126743 0.5774342712020852 0.7575475572987733
0.4550122429641591 0.5021137807250565 0.6889574881344747
0.09919927077806415 0.1193151213135022 0.3499441861024941
0.1290264381035014 0.2210807990936933 0.4500388951432177
0.2334640295135856 0.6312503919786367 0.2303982021095322
0.09570604067077546 0.2584677746209874 0.1049692281079232
0.1196308069273752 0.2109093081853227 0.2613987643349959
0.4033311118988525 0.09885486987101189 0.4835335224167003
0.1357881117923972 0.3349083531707817 0.3079218025840021
0.1447731172568875 0.3734533815565094 0.4290369820094124
0.2393845344654949 0.4133058262939903 0.2678815116734457
0.3177141745166869 0.4638058961259569 0.3913300356203003
0.533782188988053 0.8456003326846655 0.4513577696231366
0.6897100784477888 0.771362128334559 0.4989198195684049
0.814123026453364 0.3405223645651402 0.7183146749845802
0.5875966728843152 0.7273842399221174 0.2510002423554936
0.7312685669844645 0.7146602820272092 0.1818605855146233
0.5343695732622833 0.7006965841587707 0.3831060552031282
0.8803883681540308 0.5129576099386138 0.6184977714663819
0.515154075723681 0.4420458943302339 0.6118621008116052
0.4911184360245175 0.4131044186188606 0.4030264813494628
0.1222622908248451 0.4969095527778681 0.2875920539179104
0.3628938889597708 0.3401447031231743 0.2691957306775324
0.8540055004258877 0.6133107166141107 0.3587199888613156
0.6241970755430586 0.2248371670270617 0.4861758785420768
0.7154417978367404 0.540701967895767 0.1353532722810935
0.1404315455610539 0.8221042289579846 0.41160103234451
0.227862287162298 0.563336127427686 0.387958318964888
0.6765653168877241 0.6259861179848917 0.6105495733450349
0.5993834420320096 0.4937028350315754 0.1503688691660921
0.8864893216239215 0.7278985043369228 0.9101396112754903
0.5105733553415116 0.8969535579270362 0.6683541829195569
0.7243591470813703 0.4729875161253754 0.3305313324967986
0.2523675144711738 0.8890293595381881 0.400147465042763
0.8828801624318261 0.5280811566356629 0.1089718145066193
0.4869552250471911 0.8653947572664746 0.8096439754981617
0.1046168339946763 0.1173456124796506 0.5366243332651885
0.8773535419923753 0.8287228370189146 0.4684183494997582
0.8053129641198389 0.2632362547695308 0.83015653955918
0.8275806678633175 0.2347120846308984 0.1201951243212459
0.8599592815445938 0.6560978803869797 0.2008591220946674
0.7776198893464332 0.4996814541315997 0.4278628409931823
0.1357542632194169 0.1348279138517335 0.1110959238974682
0.4500678764123524 0.09698144883478521 0.6013575495690169
0.5546866255820438 0.1634895111955525 0.7107345236672106
0.7221452318630679 0.8362906294636142 0.8783594710825313
0.5247264833568857 0.1294849403793007 0.4354108527952738
0.3584761754192211 0.4235345031238359 0.8889672560757695
0.2914958549303492 0.2758216170948645 0.588937460380876
$EndNodes
$Elements
37 8447 1 8447
2 25 2 50
1 2 407 406 
2 406 54 2 
3 408 409 1 
4 410 1 411 
5 412 414 413 
6 412 413 415 
7 54 416 2 
8 416 417 2 
9 56 419 418 
10 415 419 408 
11 2 417 407 
12 408 410 412 
13 412 410 420 
14 407 417 413 
15 407 413 421 
16 418 422 54 
17 422 418 419 
18 420 424 423 
19 410 424 420 
20 415 422 419 
21 421 413 414 
22 421 425 406 
23 425 421 423 
24 415 413 417 
25 422 415 417 
26 411 56 426 
27 56 411 1 
28 412 420 414 
29 412 415 408 
30 56 55 426 
31 54 406 427 
32 55 54 427 
33 426 424 411 
34 410 411 424 
35 409 56 1 
36 408 1 410 
37 409 408 419 
38 56 409 419 
39 418 55 56 
40 54 422 416 
41 421 406 407 
42 55 418 54 
43 425 426 427 
44 424 426 425 
45 425 423 424 
46 425 427 406 
47 426 55 427 
48 414 423 421 
49 423 414 420 
50 422 417 416 
2 26 2 36
51 428 439 3 
52 438 442 440 
53 438 439 428 
54 57 429 4 
55 438 440 439 
56 436 437 429 
57 430 437 436 
58 429 441 4 
59 440 442 431 
60 434 438 428 
61 433 434 428 
62 437 441 429 
63 4 435 57 
64 57 435 432 
65 430 439 437 
66 3 439 430 
67 59 433 3 
68 432 433 58 
69 439 440 437 
70 58 433 59 
71 431 441 440 
72 440 441 437 
73 432 435 434 
74 432 434 433 
75 58 429 57 
76 57 432 58 
77 3 430 59 
78 58 436 429 
79 434 442 438 
80 435 442 434 
81 4 441 431 
82 59 436 58 
83 431 442 435 
84 430 436 59 
85 431 435 4 
86 3 433 428 
2 27 2 40
87 443 454 5 
88 453 454 443 
89 60 444 6 
90 451 452 444 
91 445 452 451 
92 444 456 6 
93 449 453 443 
94 448 449 443 
95 6 450 60 
96 452 456 444 
97 60 450 447 
98 446 456 455 
99 445 454 452 
100 447 448 61 
101 5 454 445 
102 62 448 5 
103 61 448 62 
104 454 455 452 
105 455 456 452 
106 447 450 449 
107 447 449 448 
108 455 457 446 
109 61 444 60 
110 61 451 444 
111 60 447 61 
112 5 445 62 
113 449 458 453 
114 6 456 446 
115 453 458 457 
116 450 458 449 
117 454 459 455 
118 62 451 61 
119 457 459 453 
120 455 459 457 
121 446 450 6 
122 457 458 446 
123 446 458 450 
124 445 451 62 
125 5 448 443 
126 453 459 454 
2 28 2 46
127 460 465 7 
128 464 474 468 
129 469 474 464 
130 466 467 64 
131 65 466 64 
132 467 472 63 
133 63 472 8 
134 461 462 64 
135 465 466 7 
136 470 477 468 
137 7 466 65 
138 464 468 465 
139 468 475 470 
140 464 465 460 
141 64 462 65 
142 64 467 63 
143 466 470 467 
144 470 472 467 
145 471 473 469 
146 463 471 469 
147 473 474 469 
148 463 469 464 
149 63 461 64 
150 463 464 460 
151 8 478 63 
152 474 475 468 
153 473 478 8 
154 461 479 462 
155 475 476 472 
156 471 478 473 
157 470 475 472 
158 462 463 460 
159 466 477 470 
160 468 477 465 
161 472 476 8 
162 65 462 460 
163 474 476 475 
164 463 479 471 
165 65 460 7 
166 465 477 466 
167 473 476 474 
168 63 478 461 
169 462 479 463 
170 471 479 478 
171 478 479 461 
172 8 476 473 
2 29 2 42
173 10 494 66 
174 492 495 481 
175 66 494 481 
176 481 494 492 
177 484 495 492 
178 480 493 486 
179 493 497 491 
180 489 493 491 
181 480 486 485 
182 66 487 10 
183 483 487 66 
184 67 485 483 
185 480 497 493 
186 486 493 488 
187 9 485 68 
188 484 497 9 
189 68 485 67 
190 496 497 484 
191 485 486 483 
192 492 496 484 
193 486 487 483 
194 488 493 489 
195 9 497 480 
196 491 492 490 
197 489 491 490 
198 66 481 67 
199 67 483 66 
200 492 494 490 
201 68 484 9 
202 489 490 482 
203 490 494 482 
204 482 494 10 
205 67 495 68 
206 481 495 67 
207 486 488 487 
208 488 489 482 
209 10 487 482 
210 68 495 484 
211 491 496 492 
212 487 488 482 
213 491 497 496 
214 480 485 9 
2 30 2 56
215 11 515 498 
216 503 516 12 
217 502 506 503 
218 505 515 513 
219 514 516 512 
220 509 516 514 
221 69 499 12 
222 505 513 511 
223 504 506 502 
224 507 516 503 
225 499 503 12 
226 506 507 503 
227 500 502 501 
228 500 504 502 
229 72 500 71 
230 506 511 507 
231 511 512 507 
232 500 501 71 
233 512 516 507 
234 511 513 512 
235 498 515 505 
236 513 514 512 
237 514 521 509 
238 505 511 506 
239 505 506 504 
240 502 503 499 
241 498 505 504 
242 515 520 513 
243 70 499 69 
244 71 501 70 
245 70 508 71 
246 12 509 69 
247 72 510 11 
248 501 502 499 
249 513 520 514 
250 70 501 499 
251 498 504 500 
252 70 517 508 
253 508 519 518 
254 69 517 70 
255 518 519 510 
256 514 520 519 
257 508 521 519 
258 71 518 72 
259 498 500 72 
260 11 498 72 
261 517 521 508 
262 519 521 514 
263 508 518 71 
264 72 518 510 
265 519 520 510 
266 12 516 509 
267 510 515 11 
268 509 517 69 
269 509 521 517 
270 510 520 515 
2 31 2 36
271 14 534 532 
272 13 526 522 
273 14 535 73 
274 522 528 525 
275 530 532 529 
276 522 525 524 
277 526 528 522 
278 533 535 531 
279 527 535 533 
280 73 535 527 
281 532 535 14 
282 526 530 528 
283 75 533 13 
284 528 530 529 
285 74 524 523 
286 528 529 525 
287 533 536 527 
288 75 524 74 
289 524 525 523 
290 526 531 530 
291 529 534 525 
292 526 533 531 
293 531 532 530 
294 73 534 14 
295 13 533 526 
296 531 535 532 
297 74 523 73 
298 73 527 74 
299 525 534 523 
300 523 534 73 
301 75 536 533 
302 74 536 75 
303 522 524 75 
304 13 522 75 
305 527 536 74 
306 532 534 529 
2 32 2 60
307 537 558 15 
308 556 562 549 
309 538 557 76 
310 549 560 556 
311 554 562 556 
312 543 550 548 
313 550 558 552 
314 552 558 555 
315 542 560 541 
316 541 560 545 
317 543 548 539 
318 553 556 16 
319 537 559 558 
320 16 557 553 
321 543 558 550 
322 550 551 548 
323 545 560 549 
324 16 556 542 
325 550 552 551 
326 552 553 551 
327 552 554 553 
328 552 555 554 
329 554 556 553 
330 79 540 537 
331 551 561 548 
332 549 559 546 
333 558 559 555 
334 77 538 76 
335 547 548 538 
336 15 558 543 
337 540 546 537 
338 546 559 537 
339 76 541 77 
340 79 539 78 
341 78 540 79 
342 16 542 76 
343 15 543 79 
344 539 548 547 
345 545 549 546 
346 77 547 538 
347 556 560 542 
348 541 545 544 
349 545 546 540 
350 544 545 540 
351 553 557 551 
352 555 562 554 
353 549 562 559 
354 77 544 78 
355 538 561 557 
356 78 547 77 
357 548 561 538 
358 76 542 541 
359 79 543 539 
360 79 537 15 
361 541 544 77 
362 78 544 540 
363 539 547 78 
364 559 562 555 
365 557 561 551 
366 76 557 16 
2 33 2 42
367 572 573 18 
368 567 570 17 
369 567 574 570 
370 566 577 565 
371 566 579 577 
372 572 576 573 
373 568 580 578 
374 567 579 574 
375 566 575 574 
376 569 580 568 
377 574 579 566 
378 571 580 569 
379 576 580 571 
380 80 565 81 
381 82 568 81 
382 577 579 567 
383 574 575 571 
384 570 574 571 
385 570 571 569 
386 575 576 571 
387 578 580 572 
388 565 577 81 
389 568 578 81 
390 80 572 18 
391 82 567 17 
392 572 580 576 
393 81 577 82 
394 81 578 80 
395 573 575 566 
396 563 569 568 
397 564 566 565 
398 573 576 575 
399 80 578 572 
400 82 577 567 
401 564 565 80 
402 563 568 82 
403 563 570 569 
404 564 573 566 
405 18 564 80 
406 17 563 82 
407 18 573 564 
408 17 570 563 
2 34 2 319
409 614 587 624 
410 619 637 654 
411 618 617 679 
412 113 112 623 
413 631 618 679 
414 619 589 637 
415 114 113 633 
416 113 623 633 
417 629 618 630 
418 589 598 637 
419 593 610 651 
420 620 642 659 
421 593 651 672 
422 637 594 654 
423 633 606 638 
424 618 629 650 
425 118 117 640 
426 117 638 640 
427 624 587 667 
428 595 631 652 
429 585 645 677 
430 639 621 658 
431 141 142 665 
432 633 638 680 
433 645 585 664 
434 631 595 674 
435 614 624 668 
436 642 596 659 
437 134 135 605 
438 623 112 660 
439 638 604 640 
440 621 639 641 
441 586 639 658 
442 630 618 631 
443 114 633 686 
444 142 143 654 
445 606 604 638 
446 642 620 697 
447 645 583 676 
448 583 645 664 
449 107 636 643 
450 108 107 643 
451 610 647 651 
452 597 607 627 
453 607 144 616 
454 593 597 610 
455 597 27 607 
456 588 581 589 
457 622 147 624 
458 624 28 668 
459 149 581 588 
460 129 628 665 
461 148 588 668 
462 593 151 597 
463 581 150 593 
464 612 634 666 
465 634 612 667 
466 605 135 690 
467 611 628 678 
468 107 106 636 
469 647 610 657 
470 143 25 687 
471 142 635 665 
472 583 641 676 
473 587 592 634 
474 636 106 669 
475 627 607 642 
476 641 583 694 
477 589 581 590 
478 588 589 619 
479 639 626 641 
480 678 628 696 
481 644 613 645 
482 602 617 618 
483 599 600 601 
484 603 601 644 
485 592 138 609 
486 136 587 614 
487 625 626 639 
488 636 26 643 
489 146 622 691 
490 609 139 636 
491 625 603 626 
492 587 137 592 
493 95 96 648 
494 100 101 583 
495 646 585 647 
496 599 590 600 
497 626 603 644 
498 601 613 644 
499 602 601 603 
500 589 590 598 
501 98 99 585 
502 97 98 646 
503 140 611 643 
504 602 603 617 
505 617 603 625 
506 96 591 648 
507 98 585 646 
508 102 103 621 
509 96 97 591 
510 620 95 648 
511 598 590 599 
512 601 600 613 
513 591 97 646 
514 94 95 620 
515 599 601 602 
516 588 655 668 
517 632 146 691 
518 634 592 649 
519 602 618 650 
520 581 593 672 
521 616 145 681 
522 598 599 650 
523 592 609 671 
524 617 662 679 
525 145 632 681 
526 584 629 630 
527 599 602 650 
528 646 647 657 
529 609 636 669 
530 634 649 666 
531 587 634 667 
532 588 619 655 
533 613 600 651 
534 651 647 677 
535 649 592 671 
536 635 142 654 
537 647 585 677 
538 86 87 612 
539 91 92 596 
540 120 119 595 
541 117 116 638 
542 123 122 653 
543 122 121 582 
544 121 120 652 
545 608 594 637 
546 124 123 586 
547 608 637 684 
548 83 84 615 
549 623 606 633 
550 590 581 672 
551 621 641 694 
552 100 583 664 
553 632 89 681 
554 641 626 676 
555 669 661 671 
556 644 645 676 
557 585 99 664 
558 622 624 698 
559 584 608 629 
560 89 632 691 
561 591 646 657 
562 629 608 684 
563 628 611 665 
564 637 598 684 
565 651 600 672 
566 583 101 694 
567 92 93 659 
568 102 621 694 
569 607 616 675 
570 674 663 690 
571 666 649 693 
572 125 124 658 
573 620 648 697 
574 120 595 652 
575 582 121 652 
576 122 582 653 
577 586 123 653 
578 657 692 695 
579 613 651 677 
580 609 669 671 
581 652 631 679 
582 596 92 659 
583 617 625 662 
584 656 110 696 
585 105 104 661 
586 135 584 690 
587 118 640 683 
588 663 605 690 
589 19 94 688 
590 103 21 689 
591 124 586 658 
592 653 582 662 
593 128 129 665 
594 89 90 681 
595 99 100 664 
596 591 657 695 
597 628 656 696 
598 25 655 687 
599 88 89 691 
600 93 19 688 
601 20 83 685 
602 104 20 685 
603 22 114 686 
604 115 22 686 
605 619 654 687 
606 21 125 689 
607 86 612 666 
608 656 24 660 
609 91 596 670 
610 628 130 656 
611 630 631 674 
612 126 594 608 
613 584 23 608 
614 600 590 672 
615 612 87 673 
616 133 604 606 
617 640 605 663 
618 109 108 678 
619 596 642 675 
620 131 623 660 
621 594 127 635 
622 85 86 666 
623 112 111 660 
624 615 649 671 
625 132 606 623 
626 639 586 682 
627 653 662 682 
628 111 110 656 
629 642 607 675 
630 638 116 680 
631 595 119 683 
632 90 91 670 
633 106 105 669 
634 598 650 684 
635 604 605 640 
636 649 615 693 
637 643 611 678 
638 615 84 693 
639 610 597 692 
640 111 656 660 
641 645 613 677 
642 105 661 669 
643 87 88 673 
644 650 629 684 
645 147 28 624 
646 144 145 616 
647 626 644 676 
648 27 144 607 
649 149 150 581 
650 151 27 597 
651 148 149 588 
652 146 147 622 
653 595 663 674 
654 594 635 654 
655 145 146 632 
656 662 625 682 
657 624 667 698 
658 150 151 593 
659 597 627 692 
660 625 639 682 
661 94 620 688 
662 621 103 689 
663 108 643 678 
664 670 596 675 
665 28 148 668 
666 25 136 614 
667 582 652 679 
668 137 138 592 
669 663 595 683 
670 26 140 643 
671 139 26 636 
672 138 139 609 
673 136 137 587 
674 140 141 611 
675 101 102 694 
676 627 642 697 
677 584 630 690 
678 25 614 655 
679 648 591 695 
680 116 115 680 
681 692 627 695 
682 661 615 671 
683 654 143 687 
684 85 666 693 
685 119 118 683 
686 24 131 660 
687 129 130 628 
688 23 126 608 
689 126 127 594 
690 130 24 656 
691 133 134 604 
692 132 133 606 
693 135 23 584 
694 657 610 692 
695 635 128 665 
696 127 128 635 
697 131 132 623 
698 84 85 693 
699 604 134 605 
700 110 109 696 
701 662 582 679 
702 616 670 675 
703 630 674 690 
704 640 663 683 
705 83 615 685 
706 620 659 688 
707 586 653 682 
708 658 621 689 
709 659 93 688 
710 612 673 698 
711 125 658 689 
712 109 678 696 
713 90 670 681 
714 661 104 685 
715 655 614 668 
716 622 673 691 
717 670 616 681 
718 655 619 687 
719 667 612 698 
720 615 661 685 
721 673 88 691 
722 611 141 665 
723 673 622 698 
724 680 115 686 
725 633 680 686 
726 695 627 697 
727 648 695 697 
2 35 2 320
728 85 84 744 
729 85 744 745 
730 748 770 812 
731 770 713 812 
732 757 759 771 
733 723 766 774 
734 757 704 759 
735 770 748 787 
736 706 752 794 
737 761 741 783 
738 743 717 783 
739 702 763 772 
740 708 746 777 
741 739 706 794 
742 749 709 785 
743 724 755 792 
744 724 722 755 
745 744 84 765 
746 86 85 745 
747 738 701 771 
748 742 724 792 
749 750 704 757 
750 746 708 773 
751 766 723 785 
752 701 770 771 
753 717 761 783 
754 763 702 795 
755 723 749 785 
756 752 718 794 
757 717 743 796 
758 709 737 785 
759 749 723 800 
760 728 738 791 
761 718 752 806 
762 725 743 783 
763 722 709 749 
764 704 750 775 
765 759 738 771 
766 755 722 768 
767 716 724 742 
768 721 710 748 
769 167 758 767 
770 710 699 711 
771 786 728 791 
772 709 703 737 
773 736 756 790 
774 728 701 738 
775 756 736 789 
776 715 700 740 
777 746 742 777 
778 706 730 752 
779 84 83 765 
780 712 706 739 
781 735 707 753 
782 33 722 724 
783 716 215 724 
784 727 753 756 
785 726 720 751 
786 763 734 773 
787 166 167 767 
788 758 168 796 
789 206 709 722 
790 213 699 710 
791 703 208 754 
792 763 733 772 
793 212 710 721 
794 211 721 778 
795 741 761 788 
796 766 760 774 
797 207 703 709 
798 707 715 790 
799 737 703 741 
800 702 775 795 
801 711 719 729 
802 711 699 719 
803 193 728 745 
804 716 742 746 
805 732 191 744 
806 214 716 801 
807 775 750 795 
808 194 701 728 
809 744 192 745 
810 701 31 713 
811 185 705 713 
812 706 188 730 
813 711 729 731 
814 699 214 801 
815 743 758 796 
816 729 719 734 
817 201 700 715 
818 729 734 750 
819 86 745 786 
820 707 200 715 
821 199 707 735 
822 758 197 767 
823 743 196 758 
824 187 706 712 
825 729 750 757 
826 730 189 808 
827 32 725 754 
828 189 747 808 
829 190 732 799 
830 725 195 743 
831 753 707 756 
832 747 190 799 
833 756 707 790 
834 731 729 757 
835 203 720 726 
836 701 713 770 
837 167 168 758 
838 732 744 765 
839 715 740 809 
840 700 202 811 
841 769 705 813 
842 721 748 769 
843 169 170 717 
844 720 204 778 
845 751 769 813 
846 175 174 733 
847 158 159 764 
848 157 158 718 
849 90 89 704 
850 89 88 759 
851 778 204 780 
852 170 171 761 
853 172 173 760 
854 171 172 714 
855 176 175 762 
856 180 179 755 
857 177 176 708 
858 183 182 723 
859 159 160 736 
860 161 162 727 
861 722 749 768 
862 92 91 702 
863 209 210 780 
864 202 726 811 
865 748 710 787 
866 745 728 786 
867 753 727 779 
868 710 711 787 
869 762 733 763 
870 154 747 799 
871 747 154 808 
872 767 198 807 
873 198 735 807 
874 181 180 768 
875 790 715 809 
876 714 760 766 
877 717 170 761 
878 718 158 764 
879 704 89 759 
880 705 186 813 
881 175 733 762 
882 726 751 776 
883 159 736 764 
884 186 712 813 
885 171 714 761 
886 714 172 760 
887 708 176 762 
888 746 773 805 
889 731 757 771 
890 184 183 774 
891 762 763 773 
892 773 734 805 
893 770 731 771 
894 712 739 776 
895 703 754 798 
896 93 92 772 
897 180 755 768 
898 778 721 797 
899 731 770 787 
900 183 723 774 
901 91 90 775 
902 90 704 775 
903 92 702 772 
904 19 93 803 
905 174 19 803 
906 154 155 808 
907 702 91 775 
908 162 29 804 
909 29 163 804 
910 30 184 802 
911 173 30 802 
912 153 154 799 
913 734 763 795 
914 32 754 815 
915 713 705 812 
916 708 762 773 
917 177 708 777 
918 752 730 784 
919 738 759 791 
920 735 753 782 
921 737 741 788 
922 759 88 791 
923 727 756 789 
924 755 179 792 
925 178 177 777 
926 163 164 779 
927 169 717 796 
928 751 720 797 
929 736 160 789 
930 161 727 789 
931 723 182 800 
932 157 718 806 
933 215 33 724 
934 201 202 700 
935 200 201 715 
936 734 719 805 
937 198 199 735 
938 197 198 767 
939 741 703 798 
940 195 196 743 
941 196 197 758 
942 33 206 722 
943 199 200 707 
944 212 213 710 
945 711 731 787 
946 214 215 716 
947 208 209 754 
948 740 700 793 
949 203 204 720 
950 213 214 699 
951 207 208 703 
952 793 794 814 
953 32 195 725 
954 206 207 709 
955 211 212 721 
956 193 194 728 
957 188 189 730 
958 766 737 788 
959 190 191 732 
960 31 185 713 
961 189 190 747 
962 202 203 726 
963 191 192 744 
964 192 193 745 
965 164 165 782 
966 152 153 781 
967 181 768 800 
968 205 32 815 
969 194 31 701 
970 185 186 705 
971 761 714 788 
972 187 188 706 
973 186 187 712 
974 83 20 810 
975 20 152 810 
976 155 156 784 
977 87 86 786 
978 750 734 795 
979 209 780 815 
980 210 211 778 
981 165 166 807 
982 160 161 789 
983 719 699 801 
984 88 87 791 
985 716 746 801 
986 179 178 792 
987 737 766 785 
988 793 739 794 
989 779 164 782 
990 714 766 788 
991 764 809 814 
992 740 793 814 
993 178 777 792 
994 754 725 798 
995 768 749 800 
996 168 169 796 
997 809 740 814 
998 182 181 800 
999 705 769 812 
1000 721 769 797 
1001 87 786 791 
1002 732 765 781 
1003 752 784 806 
1004 769 751 797 
1005 156 157 806 
1006 753 779 782 
1007 777 742 792 
1008 784 156 806 
1009 776 739 811 
1010 733 174 803 
1011 769 748 812 
1012 727 162 804 
1013 760 173 802 
1014 718 764 814 
1015 765 83 810 
1016 735 782 807 
1017 776 751 813 
1018 204 205 780 
1019 783 741 798 
1020 725 783 798 
1021 764 736 809 
1022 739 793 811 
1023 782 165 807 
1024 166 767 807 
1025 794 718 814 
1026 779 727 804 
1027 712 776 813 
1028 184 774 802 
1029 93 772 803 
1030 781 153 799 
1031 720 778 797 
1032 801 746 805 
1033 719 801 805 
1034 210 778 780 
1035 726 776 811 
1036 732 781 799 
1037 772 733 803 
1038 774 760 802 
1039 163 779 804 
1040 736 790 809 
1041 152 781 810 
1042 784 730 808 
1043 780 205 815 
1044 155 784 808 
1045 781 765 810 
1046 793 700 811 
1047 754 209 815 
2 36 2 305
1048 258 843 259 
1049 857 894 871 
1050 852 914 869 
1051 264 867 37 
1052 822 879 846 
1053 869 892 852 
1054 862 885 826 
1055 845 879 822 
1056 873 895 860 
1057 871 894 819 
1058 251 919 252 
1059 838 907 874 
1060 816 895 883 
1061 826 886 862 
1062 855 864 858 
1063 874 907 861 
1064 828 864 855 
1065 843 890 259 
1066 866 895 873 
1067 37 868 256 
1068 881 910 818 
1069 836 909 859 
1070 859 913 836 
1071 883 895 865 
1072 871 910 857 
1073 818 891 881 
1074 846 879 878 
1075 878 900 821 
1076 829 902 883 
1077 848 916 886 
1078 860 915 873 
1079 867 905 37 
1080 850 869 834 
1081 869 914 834 
1082 864 865 858 
1083 255 917 904 
1084 878 903 846 
1085 820 850 834 
1086 250 840 820 
1087 816 842 253 
1088 249 849 840 
1089 247 890 863 
1090 248 863 849 
1091 237 889 236 
1092 842 847 254 
1093 257 837 831 
1094 821 903 878 
1095 840 850 820 
1096 837 889 875 
1097 824 919 251 
1098 831 875 859 
1099 263 916 848 
1100 875 888 859 
1101 862 903 885 
1102 827 918 861 
1103 842 902 847 
1104 837 908 889 
1105 243 918 244 
1106 861 918 874 
1107 817 864 828 
1108 845 887 882 
1109 261 906 899 
1110 826 893 886 
1111 847 917 255 
1112 890 904 259 
1113 840 901 850 
1114 37 905 868 
1115 883 902 842 
1116 837 875 831 
1117 916 925 886 
1118 849 896 840 
1119 870 915 851 
1120 886 893 848 
1121 863 897 849 
1122 816 919 895 
1123 816 883 842 
1124 839 892 869 
1125 904 917 260 
1126 851 914 870 
1127 845 882 879 
1128 896 901 840 
1129 829 864 817 
1130 865 866 858 
1131 822 846 830 
1132 827 845 822 
1133 877 900 878 
1134 902 906 847 
1135 856 910 881 
1136 827 861 845 
1137 237 920 889 
1138 822 830 246 
1139 846 862 830 
1140 240 906 902 
1141 241 902 829 
1142 841 925 916 
1143 841 899 238 
1144 242 829 817 
1145 855 857 856 
1146 245 827 822 
1147 101 852 102 
1148 855 856 854 
1149 98 872 99 
1150 101 870 852 
1151 95 818 96 
1152 96 871 97 
1153 851 915 860 
1154 100 870 101 
1155 819 872 98 
1156 899 906 239 
1157 828 855 854 
1158 97 819 98 
1159 818 871 96 
1160 872 873 832 
1161 99 872 832 
1162 99 832 100 
1163 97 871 819 
1164 851 860 824 
1165 832 870 100 
1166 855 858 857 
1167 828 854 853 
1168 861 887 845 
1169 836 897 863 
1170 890 909 863 
1171 853 874 825 
1172 859 909 843 
1173 850 884 869 
1174 818 910 871 
1175 873 912 866 
1176 828 853 825 
1177 102 892 103 
1178 834 851 824 
1179 94 891 95 
1180 878 879 833 
1181 261 917 906 
1182 36 904 890 
1183 874 926 838 
1184 231 826 230 
1185 178 876 177 
1186 184 877 183 
1187 179 838 178 
1188 176 880 175 
1189 182 882 181 
1190 177 823 176 
1191 183 833 182 
1192 835 888 875 
1193 175 844 174 
1194 881 891 844 
1195 895 919 860 
1196 230 885 229 
1197 216 839 217 
1198 225 835 226 
1199 217 884 218 
1200 222 836 223 
1201 229 821 228 
1202 863 909 836 
1203 256 868 837 
1204 35 925 841 
1205 830 925 35 
1206 852 892 102 
1207 181 887 180 
1208 224 888 225 
1209 869 884 839 
1210 877 878 833 
1211 95 891 818 
1212 865 895 866 
1213 881 898 856 
1214 866 894 858 
1215 880 881 844 
1216 832 915 870 
1217 858 894 857 
1218 894 912 819 
1219 233 867 232 
1220 885 903 821 
1221 875 889 835 
1222 856 898 854 
1223 899 916 262 
1224 177 876 823 
1225 183 877 833 
1226 838 876 178 
1227 823 880 176 
1228 833 882 182 
1229 232 893 231 
1230 175 880 844 
1231 826 885 230 
1232 880 898 881 
1233 879 882 833 
1234 235 868 234 
1235 825 918 243 
1236 848 867 264 
1237 236 908 235 
1238 882 887 181 
1239 221 897 222 
1240 839 884 217 
1241 219 896 220 
1242 229 885 821 
1243 225 888 835 
1244 228 900 227 
1245 846 903 862 
1246 819 912 872 
1247 870 914 852 
1248 19 923 94 
1249 231 893 826 
1250 103 924 21 
1251 218 901 219 
1252 823 898 880 
1253 841 916 899 
1254 849 922 896 
1255 850 901 884 
1256 831 859 843 
1257 222 897 836 
1258 897 922 849 
1259 820 834 824 
1260 226 920 34 
1261 34 920 237 
1262 821 900 228 
1263 174 923 19 
1264 21 924 216 
1265 884 901 218 
1266 227 921 30 
1267 30 921 184 
1268 889 908 236 
1269 867 893 232 
1270 817 828 825 
1271 854 911 853 
1272 872 912 873 
1273 179 907 838 
1274 883 927 829 
1275 219 901 896 
1276 887 907 180 
1277 249 840 250 
1278 848 893 867 
1279 247 863 248 
1280 252 816 253 
1281 257 831 258 
1282 864 927 865 
1283 836 913 223 
1284 250 820 251 
1285 180 907 179 
1286 263 848 264 
1287 253 842 254 
1288 254 847 255 
1289 857 910 856 
1290 36 890 247 
1291 224 913 888 
1292 248 849 249 
1293 853 926 874 
1294 256 837 257 
1295 831 843 258 
1296 892 924 103 
1297 94 923 891 
1298 233 905 867 
1299 823 911 898 
1300 860 919 824 
1301 834 914 851 
1302 820 824 251 
1303 868 905 234 
1304 868 908 837 
1305 898 911 854 
1306 873 915 832 
1307 861 907 887 
1308 223 913 224 
1309 886 925 862 
1310 889 920 835 
1311 221 922 897 
1312 896 922 220 
1313 234 905 233 
1314 829 927 864 
1315 35 841 238 
1316 862 925 830 
1317 246 830 35 
1318 888 913 859 
1319 244 827 245 
1320 239 906 240 
1321 241 829 242 
1322 240 902 241 
1323 261 899 262 
1324 242 817 243 
1325 255 904 36 
1326 245 822 246 
1327 911 926 853 
1328 866 912 894 
1329 891 923 844 
1330 839 924 892 
1331 817 825 243 
1332 235 908 868 
1333 876 911 823 
1334 843 909 890 
1335 874 918 825 
1336 220 922 221 
1337 238 899 239 
1338 259 904 260 
1339 262 916 263 
1340 876 926 911 
1341 865 927 883 
1342 844 923 174 
1343 184 921 877 
1344 216 924 839 
1345 260 917 261 
1346 835 920 226 
1347 244 918 827 
1348 838 926 876 
1349 900 921 227 
1350 252 919 816 
1351 877 921 900 
1352 906 917 847 
2 37 2 314
1353 299 312 313 
1354 940 156 983 
1355 312 299 962 
1356 108 109 1024 
1357 298 299 313 
1358 156 155 983 
1359 105 106 969 
1360 953 982 1020 
1361 991 953 1020 
1362 972 954 1001 
1363 954 976 1001 
1364 954 955 976 
1365 105 969 981 
1366 974 108 1024 
1367 1002 995 1008 
1368 985 931 988 
1369 943 984 1001 
1370 299 300 1017 
1371 978 929 1002 
1372 982 953 993 
1373 954 972 1029 
1374 969 951 981 
1375 929 978 998 
1376 976 955 977 
1377 931 985 989 
1378 969 106 1000 
1379 984 972 1001 
1380 962 299 1017 
1381 940 983 1021 
1382 952 968 1025 
1383 955 949 989 
1384 959 1002 1008 
1385 981 951 1004 
1386 982 993 1011 
1387 980 934 994 
1388 960 977 978 
1389 949 970 989 
1390 990 956 991 
1391 960 976 977 
1392 967 1011 1042 
1393 951 957 987 
1394 934 980 1008 
1395 1011 975 1042 
1396 985 955 989 
1397 947 996 1014 
1398 951 987 1004 
1399 1011 940 1021 
1400 999 952 1025 
1401 958 948 975 
1402 952 945 968 
1403 975 1011 1021 
1404 1014 1005 1019 
1405 973 297 1018 
1406 957 958 983 
1407 928 939 949 
1408 977 955 985 
1409 992 283 997 
1410 946 941 980 
1411 960 978 1002 
1412 293 951 969 
1413 937 938 990 
1414 961 1014 1019 
1415 936 932 967 
1416 938 964 986 
1417 951 294 957 
1418 939 290 974 
1419 964 40 973 
1420 941 930 942 
1421 296 948 958 
1422 967 982 1011 
1423 948 39 952 
1424 287 945 952 
1425 292 969 1000 
1426 937 304 938 
1427 106 107 1000 
1428 302 932 936 
1429 996 947 1031 
1430 1017 984 1022 
1431 928 289 939 
1432 957 295 958 
1433 938 305 964 
1434 978 977 979 
1435 41 992 997 
1436 991 956 1010 
1437 948 952 999 
1438 949 939 970 
1439 932 303 1020 
1440 928 949 954 
1441 945 288 1029 
1442 968 945 972 
1443 303 937 1020 
1444 306 961 992 
1445 953 991 1010 
1446 947 308 1031 
1447 937 990 991 
1448 309 941 946 
1449 930 311 962 
1450 933 301 1025 
1451 942 930 943 
1452 967 932 982 
1453 288 928 1029 
1454 995 934 1008 
1455 310 930 941 
1456 954 949 955 
1457 301 936 1025 
1458 308 946 1031 
1459 307 947 961 
1460 968 972 984 
1461 979 977 985 
1462 942 943 944 
1463 283 282 997 
1464 988 931 1016 
1465 984 1017 1040 
1466 960 944 976 
1467 979 985 988 
1468 959 944 960 
1469 942 944 959 
1470 108 974 1041 
1471 963 315 1028 
1472 944 943 1001 
1473 936 967 999 
1474 315 997 1028 
1475 983 155 1015 
1476 988 965 1013 
1477 963 973 1018 
1478 950 1026 1039 
1479 992 961 1019 
1480 929 995 1002 
1481 159 158 953 
1482 158 157 993 
1483 157 156 940 
1484 154 153 987 
1485 1026 950 1038 
1486 277 276 950 
1487 104 105 981 
1488 111 112 931 
1489 284 283 992 
1490 161 160 956 
1491 271 272 994 
1492 268 269 929 
1493 274 275 966 
1494 270 271 934 
1495 267 268 998 
1496 273 274 996 
1497 272 273 971 
1498 269 270 995 
1499 989 970 1007 
1500 266 267 935 
1501 996 966 1014 
1502 113 114 965 
1503 964 973 1009 
1504 976 944 1001 
1505 959 960 1002 
1506 284 992 1019 
1507 993 940 1011 
1508 109 1023 1024 
1509 1025 968 1040 
1510 298 313 1018 
1511 987 957 1015 
1512 939 974 1024 
1513 953 158 993 
1514 157 940 993 
1515 986 278 1039 
1516 998 978 1036 
1517 984 943 1022 
1518 931 989 1007 
1519 965 988 1016 
1520 930 962 1022 
1521 278 986 1034 
1522 155 154 1015 
1523 934 271 994 
1524 272 971 994 
1525 929 269 995 
1526 268 929 998 
1527 274 966 996 
1528 270 934 995 
1529 971 273 996 
1530 973 963 1012 
1531 935 267 998 
1532 162 161 1003 
1533 286 285 1005 
1534 153 152 1004 
1535 961 947 1014 
1536 265 266 1006 
1537 161 956 1003 
1538 278 277 1039 
1539 987 153 1004 
1540 110 111 1007 
1541 313 314 1018 
1542 956 990 1038 
1543 20 104 1035 
1544 152 20 1035 
1545 111 931 1007 
1546 279 278 1034 
1547 275 38 1033 
1548 38 286 1033 
1549 276 29 1032 
1550 29 162 1032 
1551 266 935 1006 
1552 974 291 1041 
1553 957 983 1015 
1554 114 22 1037 
1555 22 265 1037 
1556 159 953 1010 
1557 280 279 1009 
1558 958 975 1021 
1559 956 160 1010 
1560 983 958 1021 
1561 943 930 1022 
1562 979 988 1013 
1563 291 1000 1041 
1564 942 959 1027 
1565 980 994 1030 
1566 160 159 1010 
1567 965 1006 1013 
1568 931 112 1016 
1569 293 294 951 
1570 1007 970 1023 
1571 970 939 1024 
1572 113 965 1016 
1573 289 290 939 
1574 296 39 948 
1575 290 291 974 
1576 980 941 1027 
1577 292 293 969 
1578 295 296 958 
1579 39 287 952 
1580 291 292 1000 
1581 287 288 945 
1582 41 306 992 
1583 308 309 946 
1584 281 280 1012 
1585 294 295 957 
1586 946 980 1030 
1587 1009 973 1012 
1588 315 41 997 
1589 307 308 947 
1590 314 315 963 
1591 310 311 930 
1592 288 289 928 
1593 941 942 1027 
1594 311 312 962 
1595 962 1017 1022 
1596 990 938 1026 
1597 282 281 1028 
1598 309 310 941 
1599 306 307 961 
1600 938 986 1026 
1601 303 304 937 
1602 1005 285 1019 
1603 40 297 973 
1604 928 954 1029 
1605 1012 963 1028 
1606 937 991 1020 
1607 112 113 1016 
1608 986 964 1034 
1609 302 303 932 
1610 305 40 964 
1611 982 932 1020 
1612 972 945 1029 
1613 300 301 933 
1614 978 979 1036 
1615 280 1009 1012 
1616 975 948 1042 
1617 301 302 936 
1618 959 1008 1027 
1619 304 305 938 
1620 971 996 1031 
1621 1003 956 1038 
1622 285 284 1019 
1623 154 987 1015 
1624 110 1007 1023 
1625 979 1013 1036 
1626 968 984 1040 
1627 1006 935 1013 
1628 1013 935 1036 
1629 948 999 1042 
1630 109 110 1023 
1631 936 999 1025 
1632 966 1005 1014 
1633 999 967 1042 
1634 933 1025 1040 
1635 107 108 1041 
1636 297 298 1018 
1637 277 950 1039 
1638 104 981 1035 
1639 950 276 1032 
1640 966 275 1033 
1641 281 1012 1028 
1642 314 963 1018 
1643 994 971 1030 
1644 1008 980 1027 
1645 965 114 1037 
1646 950 1003 1038 
1647 935 998 1036 
1648 997 282 1028 
1649 1026 986 1039 
1650 300 933 1017 
1651 162 1003 1032 
1652 286 1005 1033 
1653 1004 152 1035 
1654 1017 933 1040 
1655 1009 279 1034 
1656 265 1006 1037 
1657 964 1009 1034 
1658 1003 950 1032 
1659 981 1004 1035 
1660 1005 966 1033 
1661 1023 970 1024 
1662 1006 965 1037 
1663 946 1030 1031 
1664 1030 971 1031 
1665 990 1026 1038 
1666 1000 107 1041 
2 38 2 313
1667 1111 1112 1063 
1668 337 1131 338 
1669 266 1084 267 
1670 334 1116 335 
1671 1063 1126 1111 
1672 1115 1131 337 
1673 1060 1140 1086 
1674 269 1097 270 
1675 1086 1127 1060 
1676 1084 1156 267 
1677 1071 1111 1094 
1678 335 1116 1066 
1679 1083 1134 1127 
1680 1069 1147 1105 
1681 1094 1130 1071 
1682 122 1089 121 
1683 1083 1124 1098 
1684 266 1095 1084 
1685 1083 1127 1064 
1686 1069 1112 1054 
1687 1054 1112 1071 
1688 1105 1147 1107 
1689 1098 1134 1083 
1690 1080 1140 1060 
1691 1089 1136 121 
1692 270 1097 1051 
1693 1048 1110 1094 
1694 1076 1100 1091 
1695 1053 1058 1043 
1696 1056 1061 1044 
1697 1105 1133 1069 
1698 348 1054 1053 
1699 354 1115 1045 
1700 349 1053 1043 
1701 346 1056 1044 
1702 1044 1054 347 
1703 1045 1056 44 
1704 1044 1069 1054 
1705 1054 1071 1053 
1706 1045 1065 1056 
1707 1094 1110 1093 
1708 1098 1124 1050 
1709 1066 1137 335 
1710 1099 1121 1079 
1711 1078 1114 1090 
1712 353 1131 1115 
1713 1112 1133 1063 
1714 1091 1100 1052 
1715 1101 1129 1091 
1716 1117 1144 1049 
1717 269 1128 1097 
1718 1064 1086 1043 
1719 1096 1103 1076 
1720 1052 1101 1091 
1721 1060 1085 1067 
1722 1067 1088 330 
1723 1049 1123 1117 
1724 1060 1067 329 
1725 1064 1127 1086 
1726 332 1084 1072 
1727 1088 1128 268 
1728 1072 1087 333 
1729 1101 1145 1129 
1730 350 1140 351 
1731 1084 1095 1072 
1732 328 1080 1060 
1733 1060 1127 1085 
1734 1099 1153 1121 
1735 1094 1111 1048 
1736 1076 1103 1100 
1737 268 1156 1088 
1738 1085 1134 1097 
1739 1135 1138 1082 
1740 1097 1134 1051 
1741 1047 1121 1093 
1742 1096 1138 1135 
1743 1071 1112 1111 
1744 1058 1064 1043 
1745 1045 1068 1065 
1746 1127 1134 1085 
1747 1059 1143 1090 
1748 1059 1081 1046 
1749 1051 1134 1098 
1750 1093 1121 1075 
1751 1057 1103 1096 
1752 1066 1148 1118 
1753 1115 1132 1045 
1754 1081 1082 1046 
1755 1059 1090 1081 
1756 1068 1076 1065 
1757 1074 1094 1093 
1758 1058 1073 1064 
1759 1076 1091 1065 
1760 1107 1108 1106 
1761 1073 1083 1064 
1762 1105 1107 1106 
1763 1089 1143 1059 
1764 1074 1093 1075 
1765 1090 1142 1078 
1766 1108 1144 1117 
1767 1058 1074 1073 
1768 1074 1075 1073 
1769 1067 1128 1088 
1770 1068 1096 1076 
1771 1085 1097 1067 
1772 1118 1148 119 
1773 1105 1106 1055 
1774 1066 1118 342 
1775 345 1089 1059 
1776 336 1154 1070 
1777 1046 1154 336 
1778 341 1137 1066 
1779 43 1059 1046 
1780 1061 1145 1107 
1781 1078 1119 1114 
1782 1118 1136 343 
1783 344 1136 1089 
1784 1062 1122 1114 
1785 125 1078 124 
1786 1069 1133 1112 
1787 274 1079 275 
1788 265 1095 266 
1789 1053 1130 1058 
1790 272 1050 273 
1791 271 1098 272 
1792 270 1051 271 
1793 1107 1145 1108 
1794 268 1128 269 
1795 1074 1130 1094 
1796 1070 1115 337 
1797 222 1100 221 
1798 219 1102 218 
1799 225 1049 224 
1800 223 1052 222 
1801 220 1057 219 
1802 221 1103 220 
1803 218 1062 217 
1804 322 1104 323 
1805 325 1077 326 
1806 319 1048 320 
1807 323 1055 324 
1808 317 1047 318 
1809 324 1109 325 
1810 318 1110 319 
1811 321 1063 322 
1812 117 1155 1139 
1813 1093 1110 1047 
1814 273 1099 274 
1815 1071 1130 1053 
1816 1056 1129 1061 
1817 1075 1124 1073 
1818 1086 1140 350 
1819 224 1113 223 
1820 1065 1129 1056 
1821 1090 1114 1081 
1822 267 1156 268 
1823 1104 1105 1055 
1824 1052 1113 1101 
1825 1106 1117 1109 
1826 1108 1145 1144 
1827 1114 1122 1081 
1828 1144 1145 1101 
1829 1079 1121 1120 
1830 1109 1117 1077 
1831 1108 1117 1106 
1832 1081 1122 1082 
1833 1117 1123 1077 
1834 1045 1132 1068 
1835 1072 1139 1087 
1836 1106 1109 1055 
1837 1073 1124 1083 
1838 1120 1121 1047 
1839 1114 1119 1062 
1840 272 1098 1050 
1841 1051 1098 271 
1842 1097 1128 1067 
1843 123 1143 122 
1844 1052 1100 222 
1845 1100 1103 221 
1846 1057 1102 219 
1847 218 1102 1062 
1848 220 1103 1057 
1849 120 1136 1118 
1850 1102 1122 1062 
1851 274 1099 1079 
1852 323 1104 1055 
1853 1063 1104 322 
1854 325 1109 1077 
1855 319 1110 1048 
1856 1055 1109 324 
1857 1047 1110 318 
1858 1049 1113 224 
1859 223 1113 1052 
1860 1050 1099 273 
1861 122 1143 1089 
1862 316 1120 317 
1863 217 1119 216 
1864 226 1123 225 
1865 1111 1126 1048 
1866 1139 1155 1087 
1867 117 1139 116 
1868 116 1125 115 
1869 22 1149 265 
1870 115 1149 22 
1871 1062 1119 217 
1872 225 1123 1049 
1873 275 1150 38 
1874 38 1150 316 
1875 1058 1130 1074 
1876 317 1120 1047 
1877 21 1151 125 
1878 216 1151 21 
1879 320 1126 321 
1880 1061 1147 1044 
1881 34 1152 226 
1882 326 1152 34 
1883 1141 1157 352 
1884 1091 1129 1065 
1885 1048 1126 320 
1886 321 1126 1063 
1887 120 1118 119 
1888 1121 1153 1075 
1889 1107 1147 1061 
1890 1068 1138 1096 
1891 1104 1133 1105 
1892 348 1053 349 
1893 121 1136 120 
1894 353 1115 354 
1895 346 1044 347 
1896 1078 1142 124 
1897 354 1045 44 
1898 44 1056 346 
1899 347 1054 348 
1900 349 1043 350 
1901 42 1146 327 
1902 1063 1133 1104 
1903 1044 1147 1069 
1904 1122 1135 1082 
1905 1095 1125 1072 
1906 1096 1135 1057 
1907 1043 1086 350 
1908 1129 1145 1061 
1909 329 1067 330 
1910 330 1088 331 
1911 331 1084 332 
1912 1088 1156 331 
1913 333 1087 334 
1914 331 1156 1084 
1915 328 1060 329 
1916 42 1137 340 
1917 332 1072 333 
1918 327 1080 328 
1919 327 1092 1080 
1920 342 1118 343 
1921 1087 1116 334 
1922 344 1089 345 
1923 340 1146 42 
1924 341 1066 342 
1925 43 1046 336 
1926 336 1070 337 
1927 345 1059 43 
1928 1124 1153 1050 
1929 1082 1154 1046 
1930 1050 1153 1099 
1931 1057 1135 1102 
1932 124 1142 123 
1933 1102 1135 1122 
1934 1075 1153 1124 
1935 352 1157 1131 
1936 119 1148 118 
1937 327 1146 1092 
1938 118 1155 117 
1939 1070 1132 1115 
1940 339 1157 1092 
1941 1140 1141 351 
1942 1080 1141 1140 
1943 1070 1154 1132 
1944 265 1149 1095 
1945 351 1141 352 
1946 1113 1144 1101 
1947 1079 1150 275 
1948 125 1151 1078 
1949 1049 1144 1113 
1950 1148 1155 118 
1951 1125 1139 1072 
1952 1092 1146 339 
1953 1077 1152 326 
1954 1090 1143 1142 
1955 339 1146 340 
1956 116 1139 1125 
1957 343 1136 344 
1958 352 1131 353 
1959 335 1137 42 
1960 1132 1138 1068 
1961 1092 1141 1080 
1962 1132 1154 1138 
1963 1116 1148 1066 
1964 1116 1155 1148 
1965 1092 1157 1141 
1966 1142 1143 123 
1967 316 1150 1120 
1968 1119 1151 216 
1969 226 1152 1123 
1970 340 1137 341 
1971 338 1157 339 
1972 1125 1149 115 
1973 1095 1149 1125 
1974 1120 1150 1079 
1975 1078 1151 1119 
1976 1123 1152 1077 
1977 1087 1155 1116 
1978 1138 1154 1082 
1979 1131 1157 338 
2 39 2 19
1980 356 1160 1161 
1981 127 126 1159 
1982 126 358 1159 
1983 126 23 358 
1984 1160 1158 1161 
1985 356 355 1160 
1986 127 1159 1162 
1987 129 1158 1160 
1988 130 129 1160 
1989 24 130 1160 
1990 355 24 1160 
1991 358 357 1159 
1992 129 128 1158 
1993 357 356 1161 
1994 1159 357 1161 
1995 128 127 1162 
1996 1159 1161 1162 
1997 1161 1158 1162 
1998 1158 128 1162 
2 40 2 19
1999 357 1165 1166 
2000 131 355 1164 
2001 132 131 1164 
2002 24 355 131 
2003 1165 1163 1166 
2004 357 358 1165 
2005 132 1164 1167 
2006 134 1163 1165 
2007 135 134 1165 
2008 23 135 1165 
2009 358 23 1165 
2010 355 356 1164 
2011 134 133 1163 
2012 356 357 1166 
2013 1164 356 1166 
2014 133 132 1167 
2015 1164 1166 1167 
2016 1166 1163 1167 
2017 1163 133 1167 
2 41 2 13
2018 26 139 1170 
2019 359 26 1170 
2020 360 359 1170 
2021 360 1168 1169 
2022 361 360 1169 
2023 1168 360 1170 
2024 136 25 1169 
2025 25 361 1169 
2026 138 137 1168 
2027 1168 137 1169 
2028 137 136 1169 
2029 139 138 1170 
2030 138 1168 1170 
2 42 2 13
2031 25 143 1172 
2032 361 25 1172 
2033 360 361 1172 
2034 360 1171 1173 
2035 359 360 1173 
2036 1171 360 1172 
2037 140 26 1173 
2038 26 359 1173 
2039 142 141 1171 
2040 1171 141 1173 
2041 141 140 1173 
2042 143 142 1172 
2043 142 1171 1172 
2 43 2 13
2044 28 147 1175 
2045 362 28 1175 
2046 363 1174 1176 
2047 1174 363 1175 
2048 363 362 1175 
2049 364 363 1176 
2050 144 27 1176 
2051 27 364 1176 
2052 1174 145 1176 
2053 146 145 1174 
2054 145 144 1176 
2055 146 1174 1175 
2056 147 146 1175 
2 44 2 13
2057 27 151 1178 
2058 364 27 1178 
2059 363 1177 1179 
2060 1177 363 1178 
2061 363 364 1178 
2062 362 363 1179 
2063 148 28 1179 
2064 28 362 1179 
2065 1177 149 1179 
2066 150 149 1177 
2067 149 148 1179 
2068 150 1177 1178 
2069 151 150 1178 
2 45 2 308
2070 1203 1252 1180 
2071 1180 1252 1197 
2072 171 1219 172 
2073 1225 1226 1196 
2074 1199 1244 1243 
2075 1252 1270 1233 
2076 1183 1287 1220 
2077 1233 1270 1208 
2078 319 1222 318 
2079 1225 1248 1226 
2080 319 1230 1222 
2081 1183 1220 1198 
2082 1233 1287 1183 
2083 1192 1260 1217 
2084 1219 1237 172 
2085 1206 1262 1247 
2086 1243 1272 1199 
2087 1194 1261 1231 
2088 168 1274 169 
2089 1217 1271 1192 
2090 1226 1281 1196 
2091 1223 1274 168 
2092 1238 1281 1226 
2093 1185 1235 1224 
2094 1194 1262 1206 
2095 1209 1221 1218 
2096 1220 1275 1198 
2097 1231 1261 1210 
2098 172 1237 173 
2099 1242 1255 1246 
2100 1192 1248 1225 
2101 1225 1260 1192 
2102 1249 1272 1258 
2103 170 1274 387 
2104 1228 1276 1240 
2105 387 1268 170 
2106 1228 1240 1227 
2107 1217 1260 1201 
2108 1199 1265 1244 
2109 1222 1249 318 
2110 1195 1269 1224 
2111 395 1281 47 
2112 1227 1240 1187 
2113 1187 1239 1227 
2114 1224 1267 1185 
2115 393 1282 394 
2116 1241 1250 234 
2117 1229 1252 1203 
2118 1246 1264 1242 
2119 320 1230 319 
2120 1237 1277 173 
2121 234 1250 235 
2122 233 1271 1241 
2123 1214 1275 1220 
2124 1232 1262 1231 
2125 1223 1269 1195 
2126 1193 1272 1249 
2127 1189 1190 1181 
2128 1206 1251 1218 
2129 1203 1256 1229 
2130 1276 1283 1254 
2131 1205 1208 1189 
2132 1199 1272 1193 
2133 1188 1199 369 
2134 370 1199 1193 
2135 1222 1230 372 
2136 1241 1271 1217 
2137 367 1189 1181 
2138 374 1232 1231 
2139 1230 1232 373 
2140 1193 1222 371 
2141 45 1231 1210 
2142 1214 1220 1186 
2143 366 1205 1189 
2144 1218 1263 1209 
2145 1207 1262 1232 
2146 365 1210 1205 
2147 318 1249 317 
2148 368 1286 1188 
2149 1254 1283 1236 
2150 1194 1206 381 
2151 1246 1255 1202 
2152 46 1250 1241 
2153 1181 1286 368 
2154 1191 1237 1219 
2155 1206 1218 382 
2156 380 1261 1194 
2157 1185 1264 1235 
2158 1190 1211 1181 
2159 376 1217 1201 
2160 375 1241 1217 
2161 1201 1214 377 
2162 1218 1221 383 
2163 378 1214 1186 
2164 1200 1203 1180 
2165 386 1268 387 
2166 1247 1251 1206 
2167 1224 1235 1200 
2168 1205 1257 1208 
2169 1212 1228 1227 
2170 1193 1249 1222 
2171 1190 1212 1211 
2172 1195 1224 1200 
2173 1195 1200 1180 
2174 233 1241 234 
2175 1190 1229 1212 
2176 1235 1236 1204 
2177 1200 1204 1203 
2178 1251 1263 1218 
2179 1215 1266 1253 
2180 1197 1233 1183 
2181 1200 1235 1204 
2182 1212 1227 1211 
2183 1246 1254 1236 
2184 1209 1259 1221 
2185 1227 1239 1211 
2186 1186 1284 379 
2187 1188 1265 1199 
2188 1258 1272 1213 
2189 379 1284 1261 
2190 1201 1275 1214 
2191 1236 1264 1246 
2192 1184 1234 1225 
2193 168 1269 1223 
2194 1212 1256 1228 
2195 1204 1256 1203 
2196 165 1185 166 
2197 286 1213 285 
2198 285 1243 284 
2199 284 1244 283 
2200 283 1215 282 
2201 281 1187 280 
2202 279 1182 278 
2203 278 1245 277 
2204 227 1216 228 
2205 231 1192 232 
2206 230 1248 231 
2207 277 1202 276 
2208 323 1247 322 
2209 322 1207 321 
2210 326 1209 325 
2211 229 1226 230 
2212 1229 1270 1252 
2213 1234 1275 1201 
2214 164 1242 165 
2215 1196 1281 395 
2216 1198 1282 393 
2217 1210 1284 1205 
2218 389 1223 1195 
2219 1191 1219 385 
2220 1180 1197 391 
2221 390 1195 1180 
2222 1253 1266 1239 
2223 1245 1246 1202 
2224 1189 1270 1190 
2225 392 1197 1183 
2226 1201 1260 1234 
2227 1208 1270 1189 
2228 324 1251 323 
2229 1230 1273 1232 
2230 1197 1252 1233 
2231 1228 1283 1276 
2232 388 1274 1223 
2233 384 1285 1250 
2234 1220 1257 1186 
2235 1213 1243 285 
2236 1243 1244 284 
2237 283 1244 1215 
2238 1182 1245 278 
2239 171 1268 1219 
2240 1239 1286 1211 
2241 277 1245 1202 
2242 1221 1285 384 
2243 1229 1256 1212 
2244 231 1248 1192 
2245 322 1247 1207 
2246 1226 1248 230 
2247 167 1269 168 
2248 169 1274 170 
2249 165 1242 1185 
2250 1231 1262 1194 
2251 282 1253 281 
2252 1245 1254 1246 
2253 323 1251 1247 
2254 163 1255 164 
2255 1191 1290 1237 
2256 1257 1287 1208 
2257 320 1273 1230 
2258 1187 1253 1239 
2259 1234 1260 1225 
2260 236 1259 237 
2261 1215 1253 282 
2262 281 1253 1187 
2263 1247 1262 1207 
2264 30 1277 227 
2265 173 1277 30 
2266 317 1258 316 
2267 316 1280 38 
2268 38 1280 286 
2269 34 1278 326 
2270 237 1278 34 
2271 164 1255 1242 
2272 1184 1225 1196 
2273 276 1279 29 
2274 29 1279 163 
2275 1182 1254 1245 
2276 1256 1283 1228 
2277 1216 1277 1237 
2278 235 1285 236 
2279 1209 1263 325 
2280 1266 1286 1239 
2281 1235 1264 1236 
2282 1242 1264 1185 
2283 1185 1267 166 
2284 1249 1258 317 
2285 1238 1288 1216 
2286 1192 1271 232 
2287 369 1199 370 
2288 1208 1287 1233 
2289 1207 1273 321 
2290 1226 1288 1238 
2291 324 1263 1251 
2292 366 1189 367 
2293 368 1188 369 
2294 1240 1276 1182 
2295 325 1263 324 
2296 1240 1289 1187 
2297 1182 1289 1240 
2298 371 1222 372 
2299 372 1230 373 
2300 374 1231 45 
2301 45 1210 365 
2302 373 1232 374 
2303 1216 1288 228 
2304 1187 1289 280 
2305 279 1289 1182 
2306 370 1193 371 
2307 1232 1273 1207 
2308 1190 1270 1229 
2309 229 1288 1226 
2310 367 1181 368 
2311 365 1205 366 
2312 376 1201 377 
2313 380 1194 381 
2314 384 1250 46 
2315 381 1206 382 
2316 46 1241 375 
2317 378 1186 379 
2318 382 1218 383 
2319 1205 1284 1257 
2320 1265 1266 1215 
2321 375 1217 376 
2322 383 1221 384 
2323 377 1214 378 
2324 379 1261 380 
2325 166 1267 167 
2326 388 1223 389 
2327 232 1271 233 
2328 390 1180 391 
2329 47 1191 385 
2330 321 1273 320 
2331 385 1219 386 
2332 1204 1283 1256 
2333 394 1184 395 
2334 391 1197 392 
2335 389 1195 390 
2336 392 1183 393 
2337 1183 1198 393 
2338 1184 1196 395 
2339 1182 1276 1254 
2340 1211 1286 1181 
2341 1191 1281 1238 
2342 1236 1283 1204 
2343 1244 1265 1215 
2344 1216 1290 1238 
2345 1238 1290 1191 
2346 1213 1272 1243 
2347 1184 1282 1234 
2348 1224 1269 1267 
2349 170 1268 171 
2350 1250 1285 235 
2351 1188 1266 1265 
2352 228 1288 229 
2353 280 1289 279 
2354 286 1280 1213 
2355 1237 1290 1216 
2356 227 1277 1216 
2357 326 1278 1209 
2358 1202 1279 276 
2359 1234 1282 1275 
2360 387 1274 388 
2361 1219 1268 386 
2362 1267 1269 167 
2363 1257 1284 1186 
2364 1188 1286 1266 
2365 1275 1282 1198 
2366 1220 1287 1257 
2367 236 1285 1259 
2368 163 1279 1255 
2369 1259 1278 237 
2370 1258 1280 316 
2371 1213 1280 1258 
2372 1209 1278 1259 
2373 1259 1285 1221 
2374 1255 1279 1202 
2375 47 1281 1191 
2376 394 1282 1184 
2377 1261 1284 1210 
2 46 2 41
2378 1296 1295 1300 
2379 1291 1296 1300 
2380 1295 1298 1300 
2381 1299 1293 1304 
2382 186 185 1295 
2383 192 191 1293 
2384 31 194 1292 
2385 188 187 1291 
2386 1293 1299 1306 
2387 1300 1299 1304 
2388 1298 1299 1300 
2389 1291 1300 1303 
2390 190 189 1294 
2391 188 1291 1302 
2392 1304 1293 1305 
2393 194 193 1301 
2394 1294 1304 1305 
2395 1292 194 1301 
2396 185 31 1297 
2397 189 188 1302 
2398 187 186 1296 
2399 1295 185 1297 
2400 1298 1292 1299 
2401 192 1293 1306 
2402 193 192 1306 
2403 186 1295 1296 
2404 1291 187 1296 
2405 1293 191 1305 
2406 1299 1301 1306 
2407 191 190 1305 
2408 1299 1292 1301 
2409 31 1292 1297 
2410 1302 1291 1303 
2411 190 1294 1305 
2412 1294 1303 1304 
2413 1294 189 1302 
2414 1303 1300 1304 
2415 1295 1297 1298 
2416 1301 193 1306 
2417 1294 1302 1303 
2418 1297 1292 1298 
2 47 2 52
2419 1317 1307 1327 
2420 1307 1316 1327 
2421 1315 1313 1321 
2422 1322 1310 1323 
2423 1314 1315 1316 
2424 1314 1313 1315 
2425 1313 1311 1321 
2426 32 205 1307 
2427 199 198 1309 
2428 197 196 1310 
2429 203 202 1308 
2430 32 1307 1317 
2431 1310 1319 1323 
2432 201 200 1311 
2433 203 1308 1318 
2434 204 203 1318 
2435 1308 1313 1314 
2436 199 1309 1320 
2437 1308 1314 1318 
2438 195 32 1317 
2439 1316 1315 1319 
2440 1316 1307 1324 
2441 1314 1316 1324 
2442 197 1310 1322 
2443 198 197 1322 
2444 196 195 1325 
2445 200 199 1320 
2446 1319 1310 1327 
2447 1307 205 1326 
2448 1308 202 1312 
2449 201 1311 1312 
2450 1310 196 1325 
2451 202 201 1312 
2452 205 204 1326 
2453 1308 1312 1313 
2454 1309 198 1322 
2455 1320 1309 1321 
2456 1310 1325 1327 
2457 1318 1314 1324 
2458 1315 1321 1323 
2459 1311 200 1320 
2460 1312 1311 1313 
2461 1311 1320 1321 
2462 1309 1322 1323 
2463 1319 1315 1323 
2464 1316 1319 1327 
2465 204 1318 1326 
2466 195 1317 1325 
2467 1324 1307 1326 
2468 1321 1309 1323 
2469 1318 1324 1326 
2470 1325 1317 1327 
2 48 2 41
2471 1328 1337 1342 
2472 1337 1332 1342 
2473 1335 1330 1343 
2474 1337 1335 1343 
2475 1337 1328 1339 
2476 33 215 1329 
2477 207 206 1331 
2478 209 208 1328 
2479 213 212 1330 
2480 211 210 1332 
2481 209 1328 1342 
2482 1336 1335 1337 
2483 214 213 1338 
2484 1330 1335 1338 
2485 1332 1337 1343 
2486 213 1330 1338 
2487 206 33 1340 
2488 1336 1337 1339 
2489 210 209 1342 
2490 208 207 1333 
2491 215 214 1334 
2492 1331 206 1340 
2493 207 1331 1333 
2494 1329 1334 1335 
2495 1328 208 1333 
2496 1330 212 1341 
2497 1335 1334 1338 
2498 1329 1335 1336 
2499 212 211 1341 
2500 33 1329 1340 
2501 1336 1331 1340 
2502 1329 215 1334 
2503 211 1332 1341 
2504 1334 214 1338 
2505 1329 1336 1340 
2506 1331 1336 1339 
2507 1332 210 1342 
2508 1330 1341 1343 
2509 1333 1331 1339 
2510 1328 1333 1339 
2511 1341 1332 1343 
2 49 2 26
2512 1345 242 1349 
2513 35 238 396 
2514 246 35 396 
2515 48 1345 1349 
2516 246 396 1347 
2517 396 238 1348 
2518 396 48 1347 
2519 238 239 1348 
2520 48 1346 1350 
2521 1344 48 1349 
2522 1345 48 1350 
2523 48 1344 1347 
2524 244 245 1344 
2525 239 240 1346 
2526 241 242 1345 
2527 1346 48 1348 
2528 245 246 1347 
2529 239 1346 1348 
2530 243 244 1349 
2531 240 241 1350 
2532 48 396 1348 
2533 244 1344 1349 
2534 1346 240 1350 
2535 241 1345 1350 
2536 1344 245 1347 
2537 242 243 1349 
2 50 2 42
2538 255 1356 1358 
2539 1352 49 1362 
2540 398 247 1357 
2541 254 255 1358 
2542 1354 1352 1362 
2543 252 253 1354 
2544 255 36 1364 
2545 250 251 1353 
2546 1357 247 1363 
2547 248 249 1355 
2548 1356 1352 1358 
2549 1354 253 1358 
2550 1353 251 1360 
2551 1352 1354 1358 
2552 1355 249 1359 
2553 1360 1354 1362 
2554 1356 255 1364 
2555 1353 1360 1362 
2556 249 250 1359 
2557 253 254 1358 
2558 251 252 1360 
2559 49 397 1351 
2560 397 49 1352 
2561 247 248 1363 
2562 1355 1359 1361 
2563 252 1354 1360 
2564 250 1353 1359 
2565 1359 1353 1361 
2566 248 1355 1363 
2567 397 398 1357 
2568 36 398 1364 
2569 1361 1353 1362 
2570 398 397 1356 
2571 1355 1351 1363 
2572 1351 1357 1363 
2573 397 1352 1356 
2574 49 1351 1361 
2575 1351 397 1357 
2576 1351 1355 1361 
2577 398 1356 1364 
2578 49 1361 1362 
2579 36 247 398 
2 51 2 40
2580 400 37 256 
2581 264 1370 1372 
2582 263 264 1372 
2583 400 256 1371 
2584 50 1366 1373 
2585 1373 1366 1374 
2586 1368 1365 1373 
2587 1365 50 1373 
2588 1371 256 1376 
2589 1366 1369 1374 
2590 1365 1368 1372 
2591 1370 1365 1372 
2592 257 258 1369 
2593 261 262 1368 
2594 259 260 1367 
2595 1370 264 1377 
2596 1367 1373 1374 
2597 258 259 1374 
2598 1368 262 1372 
2599 264 37 1377 
2600 1367 260 1375 
2601 1373 1367 1375 
2602 1368 1373 1375 
2603 262 263 1372 
2604 260 261 1375 
2605 1369 258 1374 
2606 259 1367 1374 
2607 50 399 1366 
2608 399 50 1365 
2609 256 257 1376 
2610 257 1369 1376 
2611 261 1368 1375 
2612 399 400 1371 
2613 1369 1366 1376 
2614 400 399 1370 
2615 37 400 1377 
2616 1366 1371 1376 
2617 399 1365 1370 
2618 1366 399 1371 
2619 400 1370 1377 
2 52 2 41
2620 296 401 39 
2621 39 401 287 
2622 287 401 1384 
2623 401 296 1383 
2624 1379 1382 1390 
2625 1381 1378 1386 
2626 402 401 1383 
2627 401 402 1384 
2628 288 287 1384 
2629 296 295 1383 
2630 1383 295 1387 
2631 290 289 1381 
2632 294 293 1382 
2633 292 291 1380 
2634 1378 1381 1385 
2635 295 294 1387 
2636 293 292 1389 
2637 51 1379 1390 
2638 1378 51 1386 
2639 288 1384 1385 
2640 1381 289 1385 
2641 1382 1379 1387 
2642 1380 291 1388 
2643 1386 1380 1388 
2644 1381 1386 1388 
2645 289 288 1385 
2646 291 290 1388 
2647 294 1382 1387 
2648 51 402 1379 
2649 402 51 1378 
2650 1382 293 1389 
2651 1382 1389 1390 
2652 292 1380 1389 
2653 1379 402 1383 
2654 402 1378 1384 
2655 290 1381 1388 
2656 1379 1383 1387 
2657 1384 1378 1385 
2658 1389 1380 1390 
2659 1380 1386 1390 
2660 1386 51 1390 
2 53 2 28
2661 305 403 40 
2662 403 297 40 
2663 297 403 1395 
2664 403 305 1394 
2665 1396 52 1398 
2666 52 403 1394 
2667 403 52 1395 
2668 52 1393 1397 
2669 52 1392 1398 
2670 1391 52 1396 
2671 1392 52 1397 
2672 1393 52 1394 
2673 52 1391 1395 
2674 299 298 1391 
2675 304 303 1393 
2676 302 301 1392 
2677 298 297 1395 
2678 305 304 1394 
2679 301 300 1398 
2680 300 299 1396 
2681 303 302 1397 
2682 299 1391 1396 
2683 1393 303 1397 
2684 302 1392 1397 
2685 1392 301 1398 
2686 1391 298 1395 
2687 304 1393 1394 
2688 300 1396 1398 
2 54 2 41
2689 315 404 41 
2690 41 404 306 
2691 306 404 1405 
2692 404 315 1404 
2693 1403 1399 1411 
2694 1400 1402 1407 
2695 405 404 1404 
2696 404 405 1405 
2697 307 306 1405 
2698 315 314 1404 
2699 1404 314 1406 
2700 313 312 1402 
2701 309 308 1403 
2702 311 310 1401 
2703 1399 53 1411 
2704 53 1400 1407 
2705 314 313 1406 
2706 1399 1403 1408 
2707 312 311 1410 
2708 307 1405 1408 
2709 1403 308 1408 
2710 1402 1400 1406 
2711 1401 310 1409 
2712 1409 1403 1411 
2713 1401 1409 1411 
2714 308 307 1408 
2715 310 309 1409 
2716 53 405 1400 
2717 405 53 1399 
2718 313 1402 1406 
2719 1407 1402 1410 
2720 1402 312 1410 
2721 311 1401 1410 
2722 1400 405 1404 
2723 405 1399 1405 
2724 309 1403 1409 
2725 1400 1404 1406 
2726 1405 1399 1408 
2727 1401 1407 1410 
2728 1407 1401 1411 
2729 53 1407 1411 
2 55 2 32
2730 1414 334 1420 
2731 334 335 1420 
2732 1419 1414 1420 
2733 1421 1412 1422 
2734 1413 1421 1423 
2735 1417 1414 1419 
2736 1419 1412 1421 
2737 330 331 1413 
2738 42 327 1412 
2739 333 334 1414 
2740 328 329 1415 
2741 333 1414 1418 
2742 1413 1417 1421 
2743 1421 1415 1423 
2744 42 1412 1420 
2745 1415 1421 1422 
2746 1414 1417 1418 
2747 332 333 1418 
2748 1417 1419 1421 
2749 335 42 1420 
2750 1412 1419 1420 
2751 327 328 1422 
2752 1415 329 1423 
2753 329 330 1423 
2754 331 332 1416 
2755 1412 327 1422 
2756 328 1415 1422 
2757 330 1413 1423 
2758 1413 331 1416 
2759 1413 1416 1417 
2760 1417 1416 1418 
2761 1416 332 1418 
2 56 2 39
2762 337 338 1435 
2763 338 1426 1435 
2764 1424 1431 1433 
2765 1431 1424 1435 
2766 1432 1430 1436 
2767 336 337 1435 
2768 1425 1432 1436 
2769 1424 336 1435 
2770 1426 1431 1435 
2771 1424 1433 1434 
2772 1431 1432 1433 
2773 344 345 1427 
2774 43 336 1424 
2775 342 343 1425 
2776 338 339 1426 
2777 1431 1430 1432 
2778 43 1424 1434 
2779 342 1425 1436 
2780 1426 1430 1431 
2781 345 43 1434 
2782 340 341 1428 
2783 343 344 1437 
2784 341 342 1436 
2785 1432 1425 1438 
2786 1433 1432 1438 
2787 344 1427 1437 
2788 1425 343 1437 
2789 1426 339 1429 
2790 339 340 1429 
2791 1433 1427 1434 
2792 1427 345 1434 
2793 1426 1429 1430 
2794 340 1428 1429 
2795 1427 1433 1438 
2796 1425 1437 1438 
2797 1437 1427 1438 
2798 1429 1428 1430 
2799 1428 341 1436 
2800 1430 1428 1436 
2 57 2 38
2801 352 353 1439 
2802 347 348 1442 
2803 349 350 1441 
2804 44 346 1440 
2805 1445 1440 1446 
2806 1444 1439 1445 
2807 1444 1445 1446 
2808 1452 1444 1453 
2809 1441 1452 1453 
2810 1446 1440 1448 
2811 1442 1446 1448 
2812 1444 1446 1453 
2813 1442 348 1449 
2814 1439 353 1450 
2815 346 347 1448 
2816 351 352 1443 
2817 1440 1445 1451 
2818 1443 1439 1444 
2819 44 1440 1451 
2820 353 354 1450 
2821 348 349 1449 
2822 354 44 1451 
2823 347 1442 1448 
2824 352 1439 1443 
2825 1440 346 1448 
2826 1441 350 1447 
2827 1445 1439 1450 
2828 1446 1442 1453 
2829 350 351 1447 
2830 349 1441 1449 
2831 1441 1447 1452 
2832 1442 1449 1453 
2833 351 1443 1447 
2834 1443 1444 1452 
2835 1447 1443 1452 
2836 1450 354 1451 
2837 1449 1441 1453 
2838 1445 1450 1451 
2 58 2 43
2839 1460 1456 1470 
2840 1462 1460 1470 
2841 45 365 1454 
2842 371 372 1455 
2843 367 368 1456 
2844 373 374 1457 
2845 45 1454 1463 
2846 369 370 1458 
2847 1456 1460 1464 
2848 371 1455 1466 
2849 1461 1460 1462 
2850 366 367 1464 
2851 367 1456 1464 
2852 374 45 1463 
2853 1454 1461 1463 
2854 372 373 1468 
2855 365 366 1459 
2856 370 371 1466 
2857 1461 1462 1465 
2858 1454 1460 1461 
2859 1460 1459 1464 
2860 1455 372 1468 
2861 1456 368 1467 
2862 373 1457 1468 
2863 1454 1459 1460 
2864 368 369 1467 
2865 1454 365 1459 
2866 1457 374 1463 
2867 1458 1469 1470 
2868 1469 1462 1470 
2869 369 1458 1467 
2870 1459 366 1464 
2871 1457 1461 1465 
2872 1466 1455 1469 
2873 1465 1462 1469 
2874 1455 1465 1469 
2875 1461 1457 1463 
2876 1456 1467 1470 
2877 1457 1465 1468 
2878 1458 370 1466 
2879 1465 1455 1468 
2880 1467 1458 1470 
2881 1458 1466 1469 
2 59 2 43
2882 1475 1479 1485 
2883 1475 1478 1479 
2884 1479 1471 1485 
2885 1477 1473 1480 
2886 1471 1479 1484 
2887 1473 1477 1486 
2888 378 379 1472 
2889 383 384 1474 
2890 46 375 1471 
2891 381 382 1473 
2892 376 377 1475 
2893 1480 1473 1482 
2894 1480 1482 1487 
2895 1477 1476 1486 
2896 1472 1476 1477 
2897 381 1473 1486 
2898 375 376 1485 
2899 1478 1477 1479 
2900 380 381 1486 
2901 1472 379 1476 
2902 379 380 1476 
2903 384 46 1483 
2904 1482 1474 1487 
2905 1474 384 1483 
2906 382 383 1482 
2907 1479 1477 1480 
2908 1471 375 1485 
2909 376 1475 1485 
2910 377 378 1481 
2911 383 1474 1482 
2912 1473 382 1482 
2913 1472 1477 1478 
2914 378 1472 1481 
2915 1475 377 1481 
2916 46 1471 1483 
2917 1478 1475 1481 
2918 1474 1483 1484 
2919 1474 1484 1487 
2920 1472 1478 1481 
2921 1476 380 1486 
2922 1483 1471 1484 
2923 1479 1480 1487 
2924 1484 1479 1487 
2 60 2 44
2925 1491 394 1498 
2926 1501 1490 1502 
2927 1491 1498 1502 
2928 1502 1490 1503 
2929 394 395 1498 
2930 1496 1501 1502 
2931 1498 1497 1502 
2932 1497 1488 1499 
2933 1495 1497 1499 
2934 1491 1502 1503 
2935 385 386 1499 
2936 1495 1496 1497 
2937 1488 1497 1498 
2938 1488 385 1499 
2939 1495 1494 1496 
2940 1496 1494 1501 
2941 47 385 1488 
2942 391 392 1490 
2943 387 388 1489 
2944 393 394 1491 
2945 1489 1495 1504 
2946 47 1488 1498 
2947 389 390 1492 
2948 1494 1492 1501 
2949 1489 1494 1495 
2950 1495 1499 1504 
2951 395 47 1498 
2952 391 1490 1500 
2953 1497 1496 1502 
2954 392 393 1503 
2955 393 1491 1503 
2956 390 391 1500 
2957 388 389 1493 
2958 386 387 1504 
2959 1489 388 1493 
2960 389 1492 1493 
2961 1490 392 1503 
2962 387 1489 1504 
2963 1489 1493 1494 
2964 1500 1490 1501 
2965 1492 390 1500 
2966 1499 386 1504 
2967 1493 1492 1494 
2968 1492 1500 1501 
3 1 4 5479
2969 454 443 453 1505 
2970 1506 1507 435 432 
2971 231 230 826 1248 
2972 1192 826 1248 231 
2973 1508 706 752 794 
2974 1021 940 752 784 
2975 1509 560 1510 549 
2976 1511 1512 1513 559 
2977 1506 435 57 432 
2978 988 1016 931 1164 
2979 1510 998 929 978 
2980 1514 349 1449 1053 
2981 349 1053 348 1449 
2982 1514 1442 497 1449 
2983 1172 25 361 687 
2984 1172 25 687 143 
2985 143 1172 654 687 
2986 143 1172 142 654 
2987 1515 783 1489 1495 
2988 1516 1310 1319 1323 
2989 1516 1517 1310 1323 
2990 1515 1489 1516 1494 
2991 1310 1269 1267 1224 
2992 1310 1267 1322 1224 
2993 1506 1518 1519 432 
2994 1520 1521 1522 607 
2995 364 27 597 1178 
2996 1522 702 763 772 
2997 1523 593 581 1177 
2998 1524 713 701 1297 
2999 1525 873 1526 915 
3000 459 1527 577 567 
3001 1528 904 398 1364 
3002 1529 1354 1530 816 
3003 255 1528 847 1356 
3004 1528 1529 1531 906 
3005 1528 1356 1529 847 
3006 1528 1375 1373 1367 
3007 48 408 410 1 
3008 1532 879 822 845 
3009 1532 1533 749 709 
3010 1531 261 906 899 
3011 1088 1413 330 331 
3012 1510 1067 1085 1097 
3013 1506 1518 1534 1519 
3014 328 327 1422 1080 
3015 328 1422 1060 1080 
3016 1535 1536 550 548 
3017 1537 1385 1538 928 
3018 1539 1171 611 1173 
3019 1540 1541 1515 1328 
3020 233 232 867 1271 
3021 233 867 905 1271 
3022 1542 1082 1122 1135 
3023 839 1542 1543 1114 
3024 1542 839 869 884 
3025 292 969 293 1389 
3026 184 921 30 802 
3027 184 921 802 774 
3028 1544 1481 1545 1478 
3029 254 842 1358 847 
3030 254 842 253 1358 
3031 1546 1547 1528 1548 
3032 66 67 1222 481 
3033 1549 966 1099 1079 
3034 66 1455 67 483 
3035 66 1222 67 1455 
3036 1517 1322 1185 1224 
3037 1240 1550 1034 1182 
3038 1517 1204 499 1200 
3039 1506 1519 1551 432 
3040 811 739 776 437 
3041 811 793 739 437 
3042 811 776 726 437 
3043 811 793 437 429 
3044 43 1434 1059 345 
3045 1434 1552 1427 1433 
3046 1511 1417 1418 1414 
3047 1506 1551 1507 432 
3048 1510 330 1423 1067 
3049 1155 117 640 118 
3050 1155 640 1087 1116 
3051 1155 117 638 640 
3052 1155 638 1087 640 
3053 683 1155 1148 1116 
3054 310 311 1401 930 
3055 1553 78 1554 547 
3056 1555 1556 1557 438 
3057 1558 1559 524 525 
3058 1560 474 475 476 
3059 1541 815 1326 1307 
3060 1561 1304 1300 1562 
3061 1557 705 1295 186 
3062 1557 712 1296 706 
3063 1563 652 1437 1425 
3064 1428 1436 1066 1420 
3065 1564 462 460 463 
3066 462 461 479 412 
3067 1533 703 1565 737 
3068 1566 1516 1515 1567 
3069 1506 1519 1507 1551 
3070 1191 1281 47 1488 
3071 1191 47 385 1488 
3072 1191 1219 1488 385 
3073 1506 435 1507 1568 
3074 714 760 1237 766 
3075 1569 1098 1030 994 
3076 553 1570 554 977 
3077 1510 541 1002 1008 
3078 1412 327 1092 1571 
3079 1571 1140 1080 1141 
3080 727 161 789 1003 
3081 1572 1032 804 1003 
3082 1573 1574 1575 1576 
3083 1544 1577 1578 1365 
3084 1545 1547 1579 1479 
3085 1491 1198 393 1503 
3086 1491 1282 393 1198 
3087 1580 526 528 1581 
3088 127 1162 594 635 
3089 127 128 1162 635 
3090 127 1159 594 1162 
3091 127 594 1159 126 
3092 66 1222 371 1193 
3093 66 1469 1455 483 
3094 905 1377 867 37 
3095 905 1241 868 234 
3096 1544 1225 1184 1234 
3097 93 19 803 688 
3098 93 688 803 772 
3099 1563 1437 582 1427 
3100 1582 629 1583 650 
3101 1552 658 586 639 
3102 1552 582 1089 1427 
3103 1575 571 575 574 
3104 1573 1574 1576 1584 
3105 40 1550 403 305 
3106 1517 502 1224 1200 
3107 1518 1313 58 1311 
3108 1534 982 1585 967 
3109 709 1532 1340 722 
3110 1541 780 210 778 
3111 1278 1152 34 326 
3112 1278 237 920 1259 
3113 926 742 838 777 
3114 926 838 876 777 
3115 1586 1564 1587 408 
3116 238 396 841 35 
3117 1588 54 55 427 
3118 1589 1347 396 48 
3119 1250 384 1483 1285 
3120 1250 46 1483 384 
3121 724 33 215 1329 
3122 1590 755 724 722 
3123 1516 1223 758 1269 
3124 1204 499 1203 1256 
3125 1517 1322 1310 1323 
3126 928 1029 1385 288 
3127 928 1385 289 288 
3128 1591 431 1508 1568 
3129 367 368 1181 1456 
3130 367 1464 1189 366 
3131 870 641 1543 676 
3132 1552 639 586 682 
3133 1592 1361 1355 1359 
3134 1250 908 868 235 
3135 1250 1285 908 235 
3136 1593 835 1123 1049 
3137 1593 1123 1117 1049 
3138 447 1594 1105 448 
3139 317 1258 1120 316 
3140 317 1249 1120 1258 
3141 1041 636 643 107 
3142 291 1539 974 1041 
3143 1538 665 611 1171 
3144 1041 108 107 643 
3145 1041 974 108 643 
3146 1024 974 678 108 
3147 109 108 1024 678 
3148 285 286 1005 1213 
3149 1046 1542 1595 1596 
3150 1552 1089 1059 345 
3151 1573 526 1581 531 
3152 815 32 205 1307 
3153 1590 33 724 1329 
3154 1597 1520 1598 1599 
3155 815 1328 209 754 
3156 1525 1526 1600 645 
3157 597 1178 593 1521 
3158 1601 469 1559 471 
3159 593 150 1178 151 
3160 16 557 1001 76 
3161 16 1001 944 76 
3162 16 944 542 76 
3163 16 976 1001 557 
3164 16 944 1001 976 
3165 16 557 553 976 
3166 1001 976 954 557 
3167 1001 954 972 557 
3168 1602 1569 1510 545 
3169 1603 1124 1153 1050 
3170 1510 995 1002 929 
3171 1512 540 1569 1514 
3172 1604 353 1450 1439 
3173 1605 576 571 533 
3174 1600 1606 613 600 
3175 1582 617 1563 618 
3176 1607 1530 1362 1353 
3177 1604 1571 1157 1443 
3178 1608 1604 1426 1431 
3179 1573 1581 1605 531 
3180 1604 1439 1450 1445 
3181 482 1609 488 489 
3182 564 1444 566 1446 
3183 1610 1611 1612 1613 
3184 1510 1085 1569 1097 
3185 1603 1098 1083 1124 
3186 1448 446 457 1527 
3187 1610 1611 1614 406 
3188 245 244 1344 827 
3189 1532 1344 245 1347 
3190 1033 286 1280 1005 
3191 1033 286 38 1280 
3192 1079 1033 966 275 
3193 1320 199 200 707 
3194 1320 715 200 1311 
3195 1320 707 200 715 
3196 1572 789 727 756 
3197 1573 1575 1605 1595 
3198 298 1395 297 1018 
3199 298 313 299 1391 
3200 1545 445 452 454 
3201 1545 451 452 445 
3202 1615 1189 1464 1205 
3203 333 1087 1414 334 
3204 333 1616 1414 1087 
3205 333 1418 1072 332 
3206 1616 633 680 686 
3207 567 17 82 1617 
3208 1618 503 1518 507 
3209 1534 936 967 1506 
3210 1519 1619 516 12 
3211 1618 1314 1313 1315 
3212 1551 434 433 428 
3213 1572 707 1518 756 
3214 131 1164 623 132 
3215 1620 1408 1405 1399 
3216 1603 1075 494 10 
3217 1621 1574 1622 1529 
3218 1299 1562 1623 1624 
3219 1623 612 698 667 
3220 1537 1570 1538 1625 
3221 1301 728 193 194 
3222 1301 728 194 701 
3223 1301 194 1292 701 
3224 563 82 1528 1548 
3225 1561 1390 1626 1627 
3226 67 1465 68 485 
3227 66 371 1455 1466 
3228 1522 675 642 607 
3229 1522 763 734 773 
3230 1520 844 891 620 
3231 1520 910 881 856 
3232 675 596 670 775 
3233 27 144 1176 607 
3234 1598 911 898 823 
3235 1591 1294 1561 957 
3236 13 526 1559 1573 
3237 1555 1628 1557 1556 
3238 1629 1630 1555 1631 
3239 1624 624 622 147 
3240 945 288 287 1384 
3241 1621 1548 1528 1531 
3242 945 1384 287 952 
3243 1632 1631 1535 1536 
3244 1568 968 1040 1025 
3245 1514 1453 1452 1633 
3246 1634 1453 1442 1514 
3247 1514 1571 1569 1512 
3248 1452 1571 1514 1633 
3249 1591 1303 1302 1291 
3250 1591 808 983 784 
3251 1591 784 752 730 
3252 338 1426 1131 1435 
3253 338 1131 337 1435 
3254 338 1131 1426 1157 
3255 705 185 713 1297 
3256 713 1628 705 1297 
3257 1591 1557 1562 1300 
3258 1557 813 1628 705 
3259 1565 766 737 788 
3260 1635 1502 1498 1497 
3261 1586 461 64 462 
3262 1544 1260 1578 1225 
3263 1608 527 573 1605 
3264 572 527 1610 580 
3265 1553 1636 1609 1637 
3266 527 573 18 1608 
3267 18 527 1608 1638 
3268 527 1605 535 533 
3269 1608 527 535 1638 
3270 1614 1639 510 520 
3271 1640 523 1611 1641 
3272 844 880 763 881 
3273 620 844 891 688 
3274 1583 598 637 589 
3275 1608 1604 1633 1571 
3276 1538 665 1642 1158 
3277 1632 1555 1643 1641 
3278 1621 1528 1529 1531 
3279 1529 1584 1530 1574 
3280 658 839 1543 1078 
3281 1600 1543 617 603 
3282 1592 1096 1138 1135 
3283 133 606 1167 132 
3284 133 604 1167 606 
3285 133 1163 604 134 
3286 1618 503 1567 1517 
3287 1644 1181 367 1189 
3288 563 82 17 1617 
3289 844 762 763 880 
3290 844 772 733 803 
3291 1621 568 1548 423 
3292 290 291 1388 974 
3293 290 974 1388 939 
3294 668 28 1179 148 
3295 668 362 1179 28 
3296 157 806 940 156 
3297 1558 524 1559 1640 
3298 1540 1343 1332 1337 
3299 1618 1313 1314 436 
3300 1586 1587 1564 462 
3301 1540 1641 1645 1556 
3302 1540 415 1533 422 
3303 1540 1558 1641 1556 
3304 786 612 86 87 
3305 786 86 612 745 
3306 1627 1293 1306 649 
3307 1621 569 1574 563 
3308 242 241 1345 829 
3309 242 1345 817 829 
3310 1621 569 1622 1574 
3311 1646 1400 1402 1407 
3312 1511 1414 1647 1420 
3313 1648 629 1513 358 
3314 1163 605 134 1165 
3315 1203 1229 70 1252 
3316 1203 70 1229 1256 
3317 1203 1180 501 1200 
3318 1646 1410 1407 1402 
3319 1054 1112 1069 450 
3320 1054 1112 450 1071 
3321 1588 1566 418 54 
3322 1489 388 387 1274 
3323 1532 861 1590 887 
3324 1533 1328 1333 1339 
3325 1515 741 798 783 
3326 1566 1635 1533 1497 
3327 1489 1493 388 1274 
3328 1515 741 1565 703 
3329 1515 1316 1567 1327 
3330 286 1213 1280 1005 
3331 1609 1638 493 489 
3332 200 715 201 1311 
3333 528 526 530 1581 
3334 1642 1171 142 635 
3335 1538 1024 628 1023 
3336 1563 1438 1432 1425 
3337 1605 576 575 571 
3338 1552 1046 43 1059 
3339 1362 1352 1354 1530 
3340 1526 1543 870 851 
3341 1563 630 618 631 
3342 1563 1432 1647 1425 
3343 934 270 1051 271 
3344 1098 934 1051 271 
3345 1646 53 1400 1407 
3346 192 1293 191 744 
3347 192 1306 1293 744 
3348 1087 334 1116 1414 
3349 1087 1116 640 1414 
3350 1616 965 1016 623 
3351 1539 360 1171 1173 
3352 974 1538 1388 939 
3353 1614 1639 1649 427 
3354 1650 538 1554 1022 
3355 1644 1460 486 480 
3356 1644 486 1613 480 
3357 46 1471 375 1241 
3358 1593 837 831 1651 
3359 1651 46 1250 1241 
3360 1652 44 1440 1451 
3361 1542 1081 1082 1046 
3362 1052 1546 1091 1101 
3363 567 17 1617 1607 
3364 414 1621 1622 1564 
3365 255 1528 1364 904 
3366 1375 917 260 1367 
3367 1093 1110 1094 481 
3368 1093 1094 1074 481 
3369 1093 1075 494 1074 
3370 1093 494 481 1074 
3371 1646 1402 1400 1406 
3372 1549 1019 1014 1005 
3373 1636 544 78 540 
3374 1460 1454 1461 485 
3375 1620 971 996 1031 
3376 1602 1008 1569 934 
3377 918 1344 244 827 
3378 1514 497 1053 1449 
3379 1613 1553 1609 1653 
3380 1534 936 932 967 
3381 700 1312 202 201 
3382 429 1312 436 811 
3383 436 811 726 437 
3384 502 499 501 1200 
3385 1310 767 1322 1267 
3386 1516 1492 498 1501 
3387 1534 1020 1585 982 
3388 1594 1473 61 1206 
3389 1263 1251 1109 324 
3390 1263 1109 325 324 
3391 1649 81 568 82 
3392 613 1525 651 1606 
3393 1582 618 629 650 
3394 1606 672 590 581 
3395 1646 1402 1406 1391 
3396 1583 590 598 589 
3397 1515 754 815 32 
3398 1618 503 1517 1518 
3399 1517 1309 1322 1323 
3400 1501 1490 1500 500 
3401 1516 1310 758 1325 
3402 1492 1500 1195 500 
3403 1516 502 504 500 
3404 1566 1501 1496 1494 
3405 1646 1396 1402 1391 
3406 998 267 1156 268 
3407 1602 1008 1510 1569 
3408 1088 929 998 268 
3409 1623 666 1306 745 
3410 1623 728 786 745 
3411 1646 1410 1402 1396 
3412 701 1301 728 1623 
3413 1639 1287 510 519 
3414 1544 426 1545 1639 
3415 1565 1488 1191 1219 
3416 1544 1639 1545 1481 
3417 1544 1579 1578 1475 
3418 1639 55 426 427 
3419 1491 1544 1635 1184 
3420 772 844 763 1520 
3421 364 27 1176 607 
3422 1176 144 616 607 
3423 1646 1410 1554 1407 
3424 1176 144 145 616 
3425 1597 1521 1520 1599 
3426 1509 1421 1413 1417 
3427 977 556 1509 562 
3428 1510 1415 1569 1085 
3429 595 652 1425 1118 
3430 595 1118 120 652 
3431 1595 1435 1596 1604 
3432 1152 920 226 1123 
3433 1651 837 868 908 
3434 1152 34 226 920 
3435 1278 34 920 237 
3436 1651 1593 908 1285 
3437 1542 1595 1543 1552 
3438 576 533 580 571 
3439 1607 1576 1530 1353 
3440 962 1646 1410 1554 
3441 1624 147 622 1175 
3442 1563 1437 1438 1425 
3443 1607 1530 1617 49 
3444 538 77 943 76 
3445 1001 538 984 943 
3446 1185 166 807 165 
3447 1185 767 166 1267 
3448 1185 767 807 166 
3449 261 1368 262 899 
3450 1564 1345 1587 48 
3451 1622 580 1640 75 
3452 31 185 1297 713 
3453 31 1297 701 713 
3454 648 591 96 871 
3455 96 871 591 97 
3456 1520 818 910 871 
3457 1136 343 1437 652 
3458 1136 1089 582 1437 
3459 1577 411 1531 1365 
3460 258 1369 831 257 
3461 258 843 831 1369 
3462 258 1369 1374 843 
3463 258 1374 259 843 
3464 691 89 759 632 
3465 691 759 89 88 
3466 691 791 759 88 
3467 691 673 791 88 
3468 556 977 553 554 
3469 1511 1512 1571 1513 
3470 1600 603 626 1543 
3471 1525 819 646 871 
3472 1525 613 677 645 
3473 1553 1650 1612 548 
3474 1654 1420 42 1412 
3475 533 1605 576 527 
3476 341 1436 342 1066 
3477 1508 431 440 441 
3478 1591 1508 975 1383 
3479 1508 1021 975 1011 
3480 715 1518 429 1311 
3481 1591 1508 1021 975 
3482 440 706 1291 1508 
3483 1591 1015 983 808 
3484 275 1079 274 966 
3485 1550 1228 1240 1227 
3486 1655 1215 997 404 
3487 1510 998 1088 929 
3488 542 1002 541 959 
3489 1363 849 248 863 
3490 1363 248 849 1355 
3491 1363 248 247 863 
3492 1363 247 1357 863 
3493 1553 79 1638 1636 
3494 897 1656 1100 1091 
3495 1607 1362 1530 49 
3496 673 791 88 87 
3497 1657 759 791 738 
3498 1553 1638 1609 1636 
3499 1620 947 996 1014 
3500 1620 1030 971 1031 
3501 1019 1549 1405 1243 
3502 266 935 267 1084 
3503 266 1095 935 1084 
3504 266 1095 1006 935 
3505 1133 450 1069 1112 
3506 450 1658 1063 60 
3507 1262 61 1231 1194 
3508 1262 61 1206 1247 
3509 1595 1552 1046 1424 
3510 1360 251 824 919 
3511 1656 1100 1103 897 
3512 1544 1214 1639 1481 
3513 1554 77 78 544 
3514 1554 1401 1410 930 
3515 1602 544 1636 540 
3516 1646 1519 1650 52 
3517 1554 1401 1407 1410 
3518 1637 1554 1409 1411 
3519 1564 412 414 420 
3520 879 878 1565 1659 
3521 1515 783 725 743 
3522 1553 78 1636 1554 
3523 1660 1550 1519 1518 
3524 1646 1653 1553 1650 
3525 1620 1153 1549 1099 
3526 1660 1519 52 1518 
3527 1619 1550 509 12 
3528 1661 369 1199 1458 
3529 1553 539 547 548 
3530 1553 1554 1650 547 
3531 1585 429 4 441 
3532 1585 441 793 429 
3533 1550 1394 52 403 
3534 1518 1311 1320 1321 
3535 1092 1654 1146 1412 
3536 1320 707 715 790 
3537 1320 199 707 735 
3538 1656 1103 1076 1096 
3539 1549 1466 66 1458 
3540 1644 519 1189 1208 
3541 1553 1554 1636 1637 
3542 1650 1017 1022 962 
3543 1553 548 543 539 
3544 513 1653 1662 514 
3545 1649 81 454 455 
3546 1588 1490 1197 1503 
3547 1611 416 1614 2 
3548 1541 780 1342 210 
3549 109 678 1024 696 
3550 678 108 974 643 
3551 1539 1000 1041 1380 
3552 1024 696 628 1023 
3553 1663 1304 1293 1305 
3554 1539 1386 1390 1380 
3555 290 1381 289 939 
3556 1023 1160 1538 970 
3557 290 1388 1381 939 
3558 1514 1442 1634 497 
3559 1512 562 1509 549 
3560 1571 1422 327 1080 
3561 1653 516 514 512 
3562 184 921 774 877 
3563 1050 994 971 1030 
3564 541 76 542 959 
3565 1569 1098 1051 1134 
3566 1507 1612 1551 1519 
3567 1569 1086 1127 1060 
3568 1603 1064 1569 489 
3569 1653 516 1619 514 
3570 1664 1335 1330 1343 
3571 1664 787 1628 748 
3572 1556 8 1555 472 
3573 1665 466 1590 65 
3574 1176 1521 1523 364 
3575 374 1457 1232 373 
3576 1658 1231 1262 60 
3577 1635 56 55 418 
3578 394 1184 1491 1498 
3579 1498 1488 47 1281 
3580 1566 54 1614 416 
3581 1530 1354 252 816 
3582 1653 1619 1644 514 
3583 1563 595 1647 674 
3584 1563 679 617 662 
3585 1575 1604 1595 1596 
3586 1069 1147 449 1105 
3587 449 1133 447 450 
3588 1561 1379 1382 1390 
3589 1539 636 1000 1380 
3590 636 643 26 1539 
3591 722 206 33 1340 
3592 1532 768 1590 722 
3593 477 1590 716 1334 
3594 1590 7 1587 65 
3595 1415 1060 1067 329 
3596 1511 1166 1163 1167 
3597 350 1441 1514 349 
3598 1085 1067 1415 1060 
3599 752 940 806 784 
3600 752 806 940 718 
3601 1508 1568 948 1383 
3602 1229 1212 1256 517 
3603 1229 517 1190 1212 
3604 1229 1256 70 517 
3605 81 455 577 459 
3606 81 577 82 459 
3607 81 577 455 565 
3608 81 1634 565 455 
3609 924 839 1078 1119 
3610 839 892 924 658 
3611 1552 1434 1089 345 
3612 839 924 216 1119 
3613 839 216 217 1119 
3614 1590 466 477 465 
3615 206 709 1331 1340 
3616 206 207 1331 709 
3617 758 167 1269 168 
3618 125 21 689 1151 
3619 1653 1644 1662 514 
3620 1538 1385 1536 1378 
3621 1629 1168 1627 1169 
3622 1582 1431 1432 1433 
3623 1642 1159 1625 1161 
3624 1648 608 594 637 
3625 1548 50 1547 1373 
3626 578 580 423 568 
3627 1614 510 515 520 
3628 1653 1519 516 512 
3629 1663 732 765 781 
3630 209 208 754 1328 
3631 209 210 1342 780 
3632 878 833 766 774 
3633 1237 1290 766 1216 
3634 1546 1091 1656 863 
3635 909 1546 863 836 
3636 1666 836 909 859 
3637 283 282 1215 997 
3638 283 1215 992 997 
3639 1037 1095 265 1149 
3640 494 1074 492 481 
3641 1549 1019 1005 1213 
3642 494 490 492 1074 
3643 371 1466 1193 370 
3644 1549 1258 1272 1213 
3645 1549 1014 996 966 
3646 66 1193 371 1466 
3647 483 1462 485 486 
3648 483 1462 1465 485 
3649 1549 966 1033 1005 
3650 1244 1019 1405 1243 
3651 1244 1243 1405 1199 
3652 1193 1466 1199 370 
3653 1549 1199 1466 1458 
3654 1653 516 1519 1619 
3655 1469 66 1466 1458 
3656 777 838 876 178 
3657 1590 907 838 792 
3658 1590 7 466 465 
3659 1465 1462 1461 485 
3660 1658 1231 444 1454 
3661 483 1469 1462 1470 
3662 1658 1465 1461 485 
3663 1457 1465 68 1468 
3664 821 1226 885 229 
3665 1653 1612 1650 1519 
3666 1226 821 1238 1288 
3667 903 1226 885 821 
3668 1621 568 423 580 
3669 645 583 870 676 
3670 1617 49 1530 1352 
3671 1548 426 424 425 
3672 17 1574 1617 1607 
3673 1283 69 1256 1228 
3674 1660 52 1394 1393 
3675 1283 499 1256 69 
3676 1376 257 831 1369 
3677 1376 257 837 831 
3678 1651 1371 1376 1366 
3679 1376 256 837 257 
3680 1651 1371 868 256 
3681 1617 1656 1361 1351 
3682 1610 74 527 73 
3683 1541 210 1332 778 
3684 1541 1645 1307 1324 
3685 1640 417 1611 407 
3686 1667 1308 720 726 
3687 1667 430 1308 726 
3688 1541 1342 1328 1337 
3689 1667 1628 813 769 
3690 1590 724 215 1329 
3691 1533 1659 1565 1497 
3692 1507 435 434 442 
3693 1331 709 207 1333 
3694 1659 1281 1226 1238 
3695 1659 1196 1635 1225 
3696 853 1587 7 828 
3697 1190 1270 508 1229 
3698 1190 1189 521 1270 
3699 1578 1192 1217 1271 
3700 1578 1217 1241 1271 
3701 1651 868 1371 400 
3702 1651 1250 908 868 
3703 1579 400 399 1370 
3704 1544 1545 1548 1579 
3705 98 97 646 819 
3706 98 646 872 819 
3707 1046 1154 1424 336 
3708 533 1622 569 1574 
3709 1542 884 1102 1062 
3710 1405 1620 961 1408 
3711 1019 1549 961 1405 
3712 1549 1213 1272 1243 
3713 1549 1405 1243 1199 
3714 1010 159 160 736 
3715 1010 736 956 991 
3716 756 1585 991 736 
3717 1585 740 793 814 
3718 1217 1485 376 1201 
3719 1217 375 376 1485 
3720 1578 400 1370 1377 
3721 188 1302 730 189 
3722 1507 1568 435 442 
3723 66 483 1661 1458 
3724 1217 375 1485 1241 
3725 376 377 1201 1475 
3726 376 1201 1485 1475 
3727 145 1176 1657 1174 
3728 1522 805 465 1598 
3729 1520 1599 871 857 
3730 472 1524 476 1555 
3731 1597 1520 1522 1598 
3732 1598 898 881 880 
3733 1510 1008 1002 995 
3734 1098 934 271 994 
3735 994 271 1098 272 
3736 995 269 1128 1097 
3737 1569 1098 934 1051 
3738 1507 434 1643 442 
3739 383 384 1221 1474 
3740 1651 831 1593 1547 
3741 383 1218 1482 1221 
3742 793 794 739 441 
3743 793 739 437 441 
3744 794 1585 793 814 
3745 793 441 437 429 
3746 1574 17 563 570 
3747 1507 1643 1568 442 
3748 1526 1668 895 866 
3749 1531 1368 1375 261 
3750 1360 251 919 252 
3751 1546 1374 1666 890 
3752 1595 1552 1433 1563 
3753 1652 1596 1656 1068 
3754 1616 606 1167 604 
3755 680 1125 115 116 
3756 633 965 623 113 
3757 1648 1583 1630 529 
3758 1629 687 1172 361 
3759 1523 364 1521 1178 
3760 826 1226 230 885 
3761 1518 707 790 756 
3762 1572 789 756 956 
3763 1507 434 435 432 
3764 273 971 1050 272 
3765 931 355 1007 989 
3766 1654 1429 1571 1092 
3767 931 660 656 355 
3768 1588 1639 1183 1233 
3769 782 164 1242 165 
3770 782 1242 807 165 
3771 782 735 807 1242 
3772 782 1572 735 1242 
3773 1572 1039 1245 1202 
3774 1585 441 1508 794 
3775 1088 998 1156 268 
3776 1510 560 545 549 
3777 1510 1088 1128 929 
3778 1067 1423 329 330 
3779 1510 1415 1423 1421 
3780 1088 1128 929 268 
3781 1415 1423 1067 1510 
3782 1506 1398 1650 52 
3783 1398 1025 301 1392 
3784 1398 301 1025 933 
3785 1398 300 301 933 
3786 1660 52 1519 1550 
3787 1655 1266 1661 1286 
3788 1518 57 1585 429 
3789 1660 1236 1517 1246 
3790 1550 1227 1240 1187 
3791 1507 1551 434 432 
3792 1412 327 1146 1092 
3793 1099 1050 273 971 
3794 1099 273 996 971 
3795 1512 1510 1569 545 
3796 1602 1554 77 942 
3797 581 672 593 1606 
3798 357 1161 1570 1625 
3799 1630 588 619 655 
3800 1597 1669 1523 469 
3801 1591 752 706 730 
3802 1630 588 1177 581 
3803 1642 1630 1583 619 
3804 415 1665 1586 64 
3805 763 1520 881 1598 
3806 1524 701 771 738 
3807 1522 763 702 795 
3808 780 205 204 1326 
3809 1541 1307 1326 1324 
3810 815 780 209 1342 
3811 1541 780 815 1342 
3812 1515 1328 815 754 
3813 533 536 527 580 
3814 1633 1446 1453 1444 
3815 1420 1428 42 1137 
3816 1511 1418 1616 1414 
3817 1511 1570 1509 562 
3818 1511 605 1647 640 
3819 1655 1619 1550 1227 
3820 502 500 1195 1200 
3821 1661 1199 369 1188 
3822 707 1572 735 753 
3823 1661 486 1644 1470 
3824 977 976 553 955 
3825 553 1570 977 955 
3826 1511 1625 1513 357 
3827 1511 1509 1512 562 
3828 1290 766 1565 1237 
3829 1515 798 741 703 
3830 1665 1336 1335 1337 
3831 1148 595 119 683 
3832 1148 683 119 118 
3833 1511 1421 1417 1419 
3834 1665 64 467 466 
3835 683 1647 1116 1148 
3836 1651 1285 1250 1483 
3837 443 1106 448 1105 
3838 1328 1337 1339 1533 
3839 121 122 582 1089 
3840 1136 582 121 652 
3841 794 706 739 441 
3842 1508 752 940 718 
3843 1336 1337 1665 1533 
3844 1545 1481 1639 1472 
3845 1652 1451 1450 354 
3846 570 567 574 1607 
3847 567 1652 1596 1656 
3848 1546 909 863 1357 
3849 1520 1522 642 607 
3850 844 175 762 880 
3851 1598 898 880 823 
3852 1520 1598 857 856 
3853 1519 503 1518 12 
3854 1535 79 543 15 
3855 1132 1652 1045 1068 
3856 1527 453 1505 459 
3857 1527 1056 1505 453 
3858 1652 1450 1596 1115 
3859 1514 1453 1442 1449 
3860 1652 1132 1045 1115 
3861 1527 1446 1448 1442 
3862 799 781 1004 153 
3863 799 1004 987 153 
3864 799 987 154 153 
3865 799 987 747 154 
3866 1561 1294 1303 1304 
3867 1554 942 943 77 
3868 1650 1398 1568 1025 
3869 1337 1339 1533 1336 
3870 1209 325 1077 326 
3871 1593 1547 1482 1474 
3872 1594 382 1482 1473 
3873 1278 1077 1152 326 
3874 1573 1580 526 1559 
3875 1525 871 1599 894 
3876 1523 593 1177 1178 
3877 1216 821 900 228 
3878 821 229 228 1288 
3879 821 1226 229 1288 
3880 1540 1665 1337 1533 
3881 542 1002 560 541 
3882 1413 1510 1509 1088 
3883 541 1510 560 545 
3884 1510 1088 1067 1128 
3885 959 1602 942 1027 
3886 1571 1080 1140 1060 
3887 1538 289 928 1385 
3888 1160 129 628 1158 
3889 1160 129 130 628 
3890 1537 551 1536 972 
3891 844 175 733 762 
3892 1667 3 430 439 
3893 1667 1628 1556 439 
3894 1615 1186 1639 1257 
3895 1667 1556 3 439 
3896 1644 1190 1189 521 
3897 1286 1467 368 1188 
3898 1655 1012 1187 973 
3899 1657 757 704 759 
3900 1561 51 1379 1390 
3901 117 1139 638 116 
3902 1667 1556 1645 3 
3903 1655 1187 1550 973 
3904 1651 868 837 256 
3905 1593 1666 831 875 
3906 1593 1594 1263 1218 
3907 89 90 704 681 
3908 89 704 632 681 
3909 1529 241 1345 1350 
3910 397 1528 1352 1617 
3911 1350 240 1531 1529 
3912 1529 1354 253 1358 
3913 1389 1663 1382 1561 
3914 1648 1583 608 637 
3915 1642 1583 1648 637 
3916 1542 884 869 850 
3917 1197 1252 518 1233 
3918 1197 518 1252 71 
3919 1659 826 1226 1225 
3920 1667 1556 1541 1645 
3921 1667 1628 1664 1556 
3922 825 817 243 1349 
3923 17 563 1617 1574 
3924 1532 1347 245 822 
3925 1577 1578 1365 1372 
3926 1577 35 925 841 
3927 1544 1579 1475 1478 
3928 1578 1260 1192 1225 
3929 1577 916 262 899 
3930 176 177 708 823 
3931 762 176 708 823 
3932 611 140 1173 141 
3933 611 1173 140 643 
3934 1378 1539 1386 51 
3935 665 1538 628 1158 
3936 1493 388 1223 389 
3937 1493 1223 1195 389 
3938 1618 432 1519 1518 
3939 1515 1495 1489 1494 
3940 1160 1007 970 1023 
3941 1665 1533 1532 1340 
3942 1664 212 710 721 
3943 478 1540 1640 461 
3944 1335 470 466 467 
3945 1335 466 1334 1329 
3946 1549 1272 1258 1249 
3947 1602 1637 1636 1554 
3948 971 1099 1050 1620 
3949 1461 485 1462 1460 
3950 521 1270 1189 519 
3951 1229 70 1252 508 
3952 1533 1339 1331 1336 
3953 1621 423 1548 424 
3954 232 893 867 1271 
3955 233 1241 905 234 
3956 253 1354 816 252 
3957 1668 829 1529 883 
3958 1621 1574 1529 1352 
3959 1548 411 1531 424 
3960 1531 1350 48 1346 
3961 1548 1545 426 425 
3962 1614 54 2 416 
3963 1581 1513 1582 531 
3964 1548 563 1621 1528 
3965 1621 1529 1622 1564 
3966 1508 1568 1042 948 
3967 157 993 940 718 
3968 157 158 993 718 
3969 125 1151 689 658 
3970 689 1151 21 924 
3971 689 21 103 924 
3972 145 1657 146 1174 
3973 146 1175 622 147 
3974 167 1267 166 767 
3975 1586 419 408 409 
3976 1661 1181 1619 1286 
3977 1655 1018 973 1395 
3978 1619 403 52 1395 
3979 1571 1060 1140 1086 
3980 470 468 475 1560 
3981 1639 1214 1275 1220 
3982 1608 1430 1582 1431 
3983 1654 1146 42 340 
3984 240 241 902 1350 
3985 1238 1659 878 821 
3986 1566 1496 1515 1494 
3987 513 505 1614 511 
3988 1560 468 475 474 
3989 1659 1498 1196 1281 
3990 1047 1222 1249 318 
3991 1222 1110 319 318 
3992 1222 319 1110 1230 
3993 1558 1640 523 524 
3994 732 190 1305 191 
3995 51 1562 402 1643 
3996 1561 1304 1663 1294 
3997 1507 1612 1650 1536 
3998 1001 561 538 557 
3999 518 508 1252 71 
4000 518 519 510 1233 
4001 518 1233 1252 1270 
4002 518 1252 508 1270 
4003 1560 750 757 729 
4004 72 1197 1180 71 
4005 1603 1050 1098 1124 
4006 494 66 10 1093 
4007 1603 1073 494 1075 
4008 494 1074 1075 1073 
4009 1603 1569 1083 1134 
4010 1123 225 1049 835 
4011 1077 1263 1209 1593 
4012 1593 1109 1594 1117 
4013 1126 1273 320 321 
4014 1658 1112 9 450 
4015 1658 450 9 6 
4016 1230 1126 1273 320 
4017 1660 1182 1276 1254 
4018 1517 1283 1204 1236 
4019 1560 1521 1597 1523 
4020 1520 1598 1599 857 
4021 1560 476 1669 474 
4022 1597 1599 1523 1521 
4023 363 1624 1179 1630 
4024 1524 1623 701 738 
4025 1521 1599 651 610 
4026 1523 593 1606 581 
4027 960 959 542 944 
4028 357 1570 1166 1511 
4029 1616 633 623 606 
4030 556 977 960 976 
4031 582 122 653 1089 
4032 1560 1522 750 729 
4033 1136 343 652 1118 
4034 676 870 645 1526 
4035 1537 1536 1538 1385 
4036 1538 1171 1642 665 
4037 1630 589 619 588 
4038 1536 1641 1507 1612 
4039 1585 57 4 429 
4040 1585 993 764 718 
4041 937 1393 304 303 
4042 1534 4 1585 57 
4043 1590 755 722 768 
4044 1590 477 742 465 
4045 454 443 1505 5 
4046 1061 453 1056 1044 
4047 1061 1147 453 1044 
4048 1505 1101 1666 1144 
4049 43 336 1046 1424 
4050 1635 1225 1196 1184 
4051 1491 1544 1184 1282 
4052 1544 1234 1184 1282 
4053 986 1034 1182 278 
4054 986 1182 1245 278 
4055 916 848 1372 263 
4056 1578 264 848 867 
4057 1560 1657 757 704 
4058 68 484 1111 495 
4059 1658 9 68 485 
4060 1658 1463 374 1231 
4061 68 1230 1658 1457 
4062 1658 1231 374 1232 
4063 1568 1643 1536 402 
4064 1591 1562 1557 440 
4065 1568 1025 1398 1392 
4066 1591 1379 1383 1387 
4067 1398 933 1017 300 
4068 1039 986 1245 278 
4069 1572 1279 1032 1202 
4070 1660 938 305 964 
4071 1580 1584 1601 1559 
4072 1669 529 1555 1630 
4073 1629 655 1630 687 
4074 535 1648 14 532 
4075 1177 588 149 581 
4076 1179 149 588 148 
4077 1560 1657 704 1522 
4078 1668 1530 1529 1584 
4079 1529 253 1354 816 
4080 1668 816 895 883 
4081 1668 864 858 855 
4082 1564 460 1668 463 
4083 1668 866 1599 858 
4084 1532 845 861 887 
4085 1590 874 1587 7 
4086 398 247 36 890 
4087 247 890 1357 863 
4088 1111 1071 484 1112 
4089 1111 1094 484 1071 
4090 803 174 923 19 
4091 803 923 688 19 
4092 1557 712 706 440 
4093 1539 360 1173 359 
4094 1557 186 1295 1296 
4095 1591 1508 440 1291 
4096 1102 219 901 1057 
4097 1102 901 219 218 
4098 1102 218 884 901 
4099 1102 1062 884 218 
4100 1669 473 476 8 
4101 1573 1575 1595 1576 
4102 1426 1092 339 1157 
4103 1669 476 1555 8 
4104 339 340 1146 1429 
4105 1669 476 473 474 
4106 1583 619 1630 589 
4107 1543 625 617 603 
4108 1542 1122 1082 1081 
4109 1368 1548 1528 1373 
4110 1545 1579 1478 1479 
4111 1669 1524 1555 476 
4112 1669 1555 1558 8 
4113 1615 1476 1284 1261 
4114 1610 1613 1612 1638 
4115 1655 1266 1286 1239 
4116 1616 1095 1072 1084 
4117 1669 1558 473 8 
4118 1571 1569 1512 1060 
4119 1616 606 623 132 
4120 1203 70 501 71 
4121 1256 1228 69 1212 
4122 1204 1256 1283 499 
4123 390 1180 1500 391 
4124 580 572 527 576 
4125 1573 1605 571 533 
4126 1622 1559 1601 1584 
4127 580 1622 533 75 
4128 423 421 1640 1610 
4129 1621 1617 1574 1352 
4130 17 1574 1607 570 
4131 1212 1619 1190 1211 
4132 1506 1392 1398 52 
4133 1658 1231 60 444 
4134 1658 68 1273 1230 
4135 699 1338 470 801 
4136 699 214 1338 801 
4137 699 1338 214 213 
4138 699 470 719 801 
4139 758 1269 1223 168 
4140 1253 1028 282 281 
4141 1560 474 1669 1597 
4142 1623 612 666 745 
4143 1623 1292 1301 1299 
4144 528 1630 1580 1583 
4145 1624 363 1179 362 
4146 1624 1562 1524 1298 
4147 1623 634 649 666 
4148 1624 1298 1524 1292 
4149 1509 1417 1413 1416 
4150 1413 1510 330 1423 
4151 1654 1513 1511 1571 
4152 1590 874 838 907 
4153 1590 742 926 465 
4154 1533 1340 1331 709 
4155 1669 1580 1523 469 
4156 26 1539 1173 359 
4157 26 643 140 1173 
4158 1669 1523 1580 1630 
4159 219 901 1057 896 
4160 219 1057 220 896 
4161 413 412 479 461 
4162 1624 1292 1623 1299 
4163 1661 1549 66 1458 
4164 494 66 1093 481 
4165 1669 473 469 474 
4166 1055 324 1251 323 
4167 1105 1594 1104 1055 
4168 1604 1157 1439 1443 
4169 212 1341 211 721 
4170 699 1560 1664 711 
4171 1639 1275 1198 1220 
4172 1481 1472 378 1186 
4173 213 1664 1330 212 
4174 1624 1292 1299 1298 
4175 1627 592 137 1168 
4176 1160 628 130 656 
4177 1537 551 557 553 
4178 1160 989 970 1007 
4179 1486 451 1476 1477 
4180 1486 61 451 1473 
4181 1486 444 1476 451 
4182 1477 1473 1486 451 
4183 1477 1473 451 1480 
4184 1549 966 1005 1014 
4185 1093 66 1222 481 
4186 66 1222 1193 1249 
4187 1001 561 984 538 
4188 1650 1040 1568 1536 
4189 1423 1421 1413 1510 
4190 984 538 1022 943 
4191 984 1536 548 561 
4192 1602 77 541 942 
4193 1584 1525 1599 866 
4194 904 1528 398 890 
4195 1666 1101 1052 1113 
4196 1525 677 647 585 
4197 416 1645 1540 1611 
4198 1652 1450 1451 1445 
4199 1594 1104 1055 1247 
4200 1049 835 225 888 
4201 1525 647 677 651 
4202 1652 1604 1596 1450 
4203 1617 397 1357 1351 
4204 1577 1348 396 841 
4205 1579 399 1365 1370 
4206 1579 1651 1547 1366 
4207 1578 893 1192 1271 
4208 1527 1440 346 1448 
4209 1525 894 866 912 
4210 1634 480 9 6 
4211 446 1054 1442 347 
4212 446 1448 457 458 
4213 1594 1109 1263 1251 
4214 1594 61 62 448 
4215 62 61 1473 451 
4216 62 1480 451 1473 
4217 62 1480 445 451 
4218 1594 1206 382 1473 
4219 1594 5 1666 1108 
4220 542 944 959 76 
4221 1569 1060 1085 1415 
4222 995 1097 1051 270 
4223 1509 1156 1036 935 
4224 922 1592 1103 1656 
4225 1656 897 922 849 
4226 1590 724 742 716 
4227 477 1590 1334 466 
4228 1586 412 1564 408 
4229 1590 1340 722 33 
4230 1586 461 462 415 
4231 1590 724 755 792 
4232 1525 894 1599 866 
4233 1533 422 415 419 
4234 1358 255 847 1356 
4235 260 259 1367 904 
4236 260 1367 917 904 
4237 1619 403 1550 52 
4238 1525 866 873 912 
4239 1554 930 1022 943 
4240 1655 1211 1619 1227 
4241 1603 489 1636 482 
4242 1511 1163 1166 1165 
4243 1015 155 808 154 
4244 1591 1568 1508 1383 
4245 1602 1620 1403 946 
4246 1001 972 561 557 
4247 1634 1609 493 480 
4248 1554 538 547 77 
4249 1289 280 279 1009 
4250 1034 1289 1240 1182 
4251 1289 1187 280 1009 
4252 1289 1240 1187 1009 
4253 30 1277 173 802 
4254 173 760 802 1277 
4255 1016 623 112 660 
4256 1616 1013 965 1006 
4257 1016 623 113 112 
4258 1016 623 965 113 
4259 1616 979 988 1013 
4260 931 1164 1016 623 
4261 1657 698 673 622 
4262 137 592 138 1168 
4263 1657 698 1623 673 
4264 1629 1169 1627 614 
4265 1511 555 562 559 
4266 354 1451 44 1045 
4267 1604 353 1439 1131 
4268 1514 1086 1569 1571 
4269 1661 1405 404 405 
4270 1655 314 963 1018 
4271 1549 1005 1033 1280 
4272 1549 1150 1120 1258 
4273 1647 663 605 690 
4274 595 1148 1118 1066 
4275 595 1425 1436 1118 
4276 1580 1559 1601 469 
4277 1563 662 1552 1427 
4278 67 1222 1230 372 
4279 67 68 1465 1468 
4280 483 1470 1462 486 
4281 1658 1063 1111 1112 
4282 1469 66 1458 483 
4283 1658 1461 1465 1457 
4284 1658 480 9 485 
4285 1667 813 751 769 
4286 213 1664 212 710 
4287 1597 464 468 474 
4288 470 801 1338 1334 
4289 470 477 801 1334 
4290 470 477 719 801 
4291 1464 1615 1460 1644 
4292 727 1003 804 162 
4293 161 1003 956 789 
4294 1577 925 830 862 
4295 1529 253 842 1358 
4296 1368 1548 1531 1528 
4297 1537 553 554 552 
4298 551 561 972 557 
4299 1597 464 1599 1598 
4300 1554 942 930 943 
4301 1615 1284 1476 1472 
4302 66 1455 1469 1466 
4303 67 483 1465 485 
4304 1560 476 475 472 
4305 480 1460 485 1454 
4306 59 436 1314 430 
4307 436 1312 429 1311 
4308 754 1328 208 1333 
4309 465 1597 1522 1598 
4310 1590 1340 33 1329 
4311 1516 1269 1310 1224 
4312 1515 1565 741 783 
4313 1533 1659 879 785 
4314 1567 1323 1319 1315 
4315 1645 1316 1314 1567 
4316 283 992 1244 284 
4317 1244 404 1405 992 
4318 1244 1405 1265 1199 
4319 1591 983 1021 784 
4320 1663 747 799 987 
4321 1557 813 186 712 
4322 40 1550 305 964 
4323 1229 70 508 517 
4324 508 517 1190 1229 
4325 1203 71 501 1180 
4326 1256 69 70 517 
4327 696 656 1007 110 
4328 656 111 1007 110 
4329 696 628 1023 1007 
4330 696 656 628 1007 
4331 298 313 1406 1018 
4332 1591 1557 1300 1291 
4333 1663 744 615 765 
4334 1663 799 781 1004 
4335 1150 1280 38 316 
4336 1150 1258 1280 316 
4337 317 1047 1120 1249 
4338 1549 1150 1033 1079 
4339 1551 511 1618 507 
4340 1664 470 699 1338 
4341 1261 380 1476 379 
4342 520 1614 1662 513 
4343 1486 380 1261 1194 
4344 378 1186 1472 379 
4345 1544 1545 1579 1478 
4346 1544 1481 1478 1475 
4347 936 302 301 1392 
4348 42 327 1146 1412 
4349 308 947 1408 307 
4350 353 1604 1450 1115 
4351 1443 1157 352 1141 
4352 1439 1157 1131 352 
4353 1597 468 464 465 
4354 1604 1444 1439 1445 
4355 1604 1444 564 1633 
4356 1597 464 1598 465 
4357 1588 1198 1544 1282 
4358 393 1198 1183 1503 
4359 398 36 1364 904 
4360 255 1528 904 917 
4361 1507 1551 1641 434 
4362 1409 309 941 946 
4363 1047 1222 318 1110 
4364 1534 1585 1020 991 
4365 287 401 952 1384 
4366 296 958 1383 295 
4367 1597 1601 464 469 
4368 747 1294 190 189 
4369 747 987 1294 957 
4370 447 1104 1247 1207 
4371 1054 497 446 1442 
4372 1063 60 447 450 
4373 449 443 448 1105 
4374 1164 1167 1511 1616 
4375 22 115 686 1149 
4376 1037 633 686 114 
4377 1520 697 642 620 
4378 1597 1669 469 474 
4379 1601 1606 1523 1599 
4380 1668 864 817 829 
4381 1520 881 818 891 
4382 1580 1601 1523 469 
4383 1668 1584 1599 866 
4384 1668 1526 1530 1584 
4385 1668 1587 817 460 
4386 102 852 101 694 
4387 460 1598 855 464 
4388 911 823 708 876 
4389 1598 465 926 746 
4390 926 742 777 746 
4391 1521 597 27 607 
4392 1522 729 734 750 
4393 1598 708 773 746 
4394 1520 818 881 910 
4395 1486 1261 380 1476 
4396 249 250 840 1359 
4397 1592 922 1103 896 
4398 249 1355 849 248 
4399 1528 1352 1529 1356 
4400 1310 197 758 196 
4401 1588 1490 72 1197 
4402 1516 502 1567 504 
4403 1618 1567 503 506 
4404 1501 1490 500 498 
4405 1566 419 1533 1635 
4406 1516 1195 1493 1223 
4407 1104 1247 322 323 
4408 1593 875 837 889 
4409 1055 1251 1247 323 
4410 1593 889 837 908 
4411 1594 443 5 1108 
4412 1343 1540 1665 1337 
4413 1653 1551 512 1611 
4414 1659 1577 862 886 
4415 807 1517 1185 1264 
4416 1568 936 1025 1392 
4417 296 1383 958 948 
4418 882 1532 887 845 
4419 1532 1347 1589 1344 
4420 1665 1540 415 1533 
4421 782 1572 753 735 
4422 1585 982 1508 967 
4423 1585 1508 4 967 
4424 1660 1245 1182 1254 
4425 775 90 91 670 
4426 681 775 704 616 
4427 719 805 477 468 
4428 1532 1533 1586 1589 
4429 1528 1529 906 847 
4430 255 1528 917 847 
4431 1548 411 424 426 
4432 1592 840 896 901 
4433 1542 1552 1081 1046 
4434 1552 1090 1059 1143 
4435 1424 336 1070 1435 
4436 1593 1482 1594 1218 
4437 1424 1154 1070 336 
4438 1592 896 1057 901 
4439 1585 991 1572 756 
4440 1585 790 715 809 
4441 993 158 953 764 
4442 1568 1042 948 999 
4443 1000 292 291 1380 
4444 1626 1390 1539 360 
4445 293 951 294 1382 
4446 1626 359 636 1170 
4447 1626 1539 636 359 
4448 1543 676 1526 870 
4449 1656 1068 1076 1065 
4450 27 597 1178 151 
4451 1598 911 708 746 
4452 1598 708 911 823 
4453 1525 872 646 819 
4454 204 720 1318 203 
4455 1541 1556 1664 1645 
4456 1615 1208 1189 1205 
4457 1621 1548 1531 424 
4458 1577 1372 916 848 
4459 1544 426 411 1365 
4460 1529 1356 1352 1358 
4461 766 878 774 1216 
4462 1216 821 228 1288 
4463 227 228 1216 900 
4464 1533 1333 1331 1339 
4465 231 893 232 1192 
4466 1587 828 817 460 
4467 1565 1488 1659 1191 
4468 1565 737 766 785 
4469 1533 1328 1515 1333 
4470 1489 1493 1274 796 
4471 1618 503 507 506 
4472 1649 578 81 80 
4473 1639 1287 1183 1233 
4474 1649 1634 81 455 
4475 1588 1614 1566 54 
4476 72 1180 500 71 
4477 1617 1530 1574 1352 
4478 610 1525 657 1599 
4479 1529 902 241 1350 
4480 1655 1215 1253 997 
4481 368 1467 369 1188 
4482 954 955 553 976 
4483 954 553 557 976 
4484 557 1537 972 551 
4485 1537 954 928 949 
4486 1155 638 117 1139 
4487 1616 1037 1095 1006 
4488 935 1095 1616 1084 
4489 709 1532 1533 1340 
4490 1654 1428 1429 340 
4491 1608 1430 1654 1582 
4492 1532 1590 1340 722 
4493 806 940 156 784 
4494 1517 1204 1235 1236 
4495 557 1537 954 972 
4496 1538 1024 1023 970 
4497 394 1184 1498 395 
4498 1589 830 1577 35 
4499 1533 709 1331 1333 
4500 1163 604 134 605 
4501 1647 1414 1116 1420 
4502 1538 1570 1160 1161 
4503 1570 988 979 985 
4504 133 604 1163 1167 
4505 1616 1139 1087 1072 
4506 1616 1072 1095 1125 
4507 935 1095 1006 1616 
4508 1616 935 1509 1013 
4509 1616 1167 606 132 
4510 1665 1590 1586 65 
4511 1566 422 54 416 
4512 1612 1638 1535 73 
4513 1622 1584 1564 1529 
4514 1519 507 1518 503 
4515 1545 451 1476 444 
4516 1231 444 61 60 
4517 1486 381 61 1473 
4518 1649 425 423 1610 
4519 1613 1649 1614 1639 
4520 1665 467 63 1343 
4521 838 777 742 792 
4522 465 1598 926 853 
4523 1598 708 762 773 
4524 1651 1483 1474 1285 
4525 1665 1532 1590 1340 
4526 1532 861 845 827 
4527 1571 1447 1086 1140 
4528 1615 1639 1186 1472 
4529 1112 9 484 68 
4530 1644 1189 1190 1181 
4531 1054 458 446 450 
4532 1608 1633 564 1638 
4533 407 1610 421 406 
4534 1634 446 497 1442 
4535 751 776 813 439 
4536 1512 559 562 549 
4537 1524 812 770 713 
4538 1532 722 749 768 
4539 825 817 1349 1587 
4540 1590 466 7 65 
4541 1185 1224 1322 1267 
4542 1310 758 767 1267 
4543 1517 735 807 1309 
4544 1572 727 779 753 
4545 1572 727 804 779 
4546 1572 1518 1660 1585 
4547 1572 727 753 756 
4548 1630 588 1179 1177 
4549 1626 1389 292 1380 
4550 1591 431 1568 1643 
4551 1560 699 470 719 
4552 1541 1326 1318 1324 
4553 1618 58 1518 1313 
4554 1549 1458 1661 1199 
4555 1541 1326 204 1318 
4556 1644 521 519 514 
4557 1521 651 593 610 
4558 1321 1567 1323 1517 
4559 1517 1224 1235 1200 
4560 1566 505 1614 515 
4561 1531 410 411 1 
4562 1529 1531 1350 48 
4563 1529 829 241 902 
4564 1541 1318 1314 1324 
4565 1658 68 1126 1273 
4566 1231 1261 1194 444 
4567 1660 1283 1517 1236 
4568 1618 1313 1321 1315 
4569 501 1180 500 1200 
4570 932 302 1392 1397 
4571 1509 998 1036 1156 
4572 1570 989 931 985 
4573 1616 1418 1509 1416 
4574 134 605 135 1165 
4575 721 778 797 1667 
4576 1314 436 1308 430 
4577 1516 1223 1493 796 
4578 1588 510 72 11 
4579 683 1155 1116 640 
4580 1087 604 640 638 
4581 1155 1087 638 1139 
4582 1571 1060 1415 1422 
4583 1514 496 491 1053 
4584 826 893 1192 886 
4585 826 1225 1192 1248 
4586 1588 1614 1639 510 
4587 1532 822 245 827 
4588 1565 761 741 783 
4589 1308 203 720 726 
4590 1588 1502 1490 1503 
4591 1588 1635 1566 1502 
4592 734 1560 1522 805 
4593 1657 771 759 738 
4594 1623 649 1306 666 
4595 1623 612 673 698 
4596 1555 438 1641 1556 
4597 839 1542 869 1543 
4598 1647 690 605 1165 
4599 1605 1595 1604 1431 
4600 1647 595 1425 1436 
4601 1657 771 1524 757 
4602 1623 612 634 666 
4603 1616 1095 1037 1149 
4604 266 1095 265 1006 
4605 680 686 115 1149 
4606 1616 1087 333 1072 
4607 1508 948 975 1383 
4608 993 718 158 764 
4609 1508 752 1021 940 
4610 1578 893 848 886 
4611 1578 1372 848 1370 
4612 1615 365 1210 1205 
4613 1544 1577 411 56 
4614 1545 1478 1481 1472 
4615 1571 1447 1452 1514 
4616 994 272 1050 971 
4617 1598 853 7 828 
4618 1598 762 763 773 
4619 772 844 733 763 
4620 1522 702 772 659 
4621 1529 842 253 816 
4622 1588 1491 1502 1503 
4623 1577 396 1531 1 
4624 1531 48 410 1 
4625 319 1230 320 1048 
4626 319 1110 1230 1048 
4627 1588 1491 1635 1502 
4628 1595 1424 1435 1431 
4629 1552 625 682 662 
4630 1592 896 840 849 
4631 870 1526 851 915 
4632 852 1543 870 641 
4633 1655 1404 315 963 
4634 310 941 1409 309 
4635 1625 554 555 552 
4636 1538 1161 1160 1158 
4637 1648 608 1159 594 
4638 1575 1605 1604 575 
4639 1511 1414 1616 604 
4640 427 1588 54 1614 
4641 1539 1041 291 1380 
4642 1538 1642 1539 1631 
4643 1642 619 637 654 
4644 1233 1270 519 1208 
4645 1615 1613 1634 480 
4646 1639 1481 1214 1186 
4647 1544 1548 1545 426 
4648 1204 501 499 1200 
4649 419 56 409 1659 
4650 1565 1495 1499 1504 
4651 1515 1333 754 703 
4652 1664 1628 721 748 
4653 1588 1491 1503 1198 
4654 525 1555 1641 1558 
4655 1588 1491 1544 1635 
4656 1467 368 1181 1286 
4657 1653 1551 1612 1519 
4658 417 2 416 1611 
4659 1626 609 636 669 
4660 611 1171 665 141 
4661 1626 636 1539 1380 
4662 1609 489 493 488 
4663 1540 413 415 417 
4664 1624 614 1627 587 
4665 472 1524 1555 1628 
4666 460 465 7 1598 
4667 1598 763 762 880 
4668 805 746 477 465 
4669 805 719 477 801 
4670 884 1062 217 218 
4671 1525 819 871 894 
4672 1596 574 579 567 
4673 839 1062 884 1114 
4674 1540 415 422 417 
4675 1545 452 451 444 
4676 1091 1052 1100 897 
4677 909 1357 890 863 
4678 169 168 796 1274 
4679 169 717 1274 796 
4680 169 1274 717 170 
4681 1663 1293 649 744 
4682 661 981 105 669 
4683 1663 1294 987 957 
4684 1052 222 897 836 
4685 913 1052 1113 1666 
4686 1607 1361 1362 49 
4687 1590 215 716 1334 
4688 1540 415 413 461 
4689 777 926 746 911 
4690 337 1070 336 1435 
4691 337 1115 1070 1435 
4692 1593 1152 1278 1077 
4693 1594 1247 1055 1251 
4694 1548 1368 1365 1373 
4695 1505 1101 1144 1145 
4696 1278 34 1152 920 
4697 1593 1666 1547 831 
4698 1278 1209 1077 326 
4699 1642 1648 1583 1630 
4700 1642 1162 1161 1158 
4701 483 1661 486 487 
4702 1540 422 416 417 
4703 483 1469 1465 1462 
4704 407 2 417 1611 
4705 872 99 832 585 
4706 1525 585 832 664 
4707 1525 657 1599 871 
4708 1525 832 915 645 
4709 100 832 99 664 
4710 100 832 664 870 
4711 1666 859 875 888 
4712 1547 1374 1366 1369 
4713 1647 683 1116 640 
4714 180 768 755 887 
4715 556 977 978 960 
4716 1540 1558 1556 63 
4717 1642 687 619 654 
4718 1540 63 64 461 
4719 1548 1547 1545 454 
4720 498 515 505 1566 
4721 1544 1225 1635 1184 
4722 1610 425 406 1649 
4723 1654 1511 1647 1420 
4724 342 1118 1436 1425 
4725 1442 1527 1634 446 
4726 1615 1454 480 1658 
4727 1649 454 452 455 
4728 1658 1273 1457 1230 
4729 1640 1559 1558 478 
4730 1667 720 1308 1318 
4731 1627 1169 137 587 
4732 1300 1591 1303 1561 
4733 1541 1342 815 1328 
4734 1332 210 211 778 
4735 1332 211 1341 778 
4736 1546 1527 1505 459 
4737 1540 64 415 461 
4738 1616 1139 1072 1125 
4739 1616 1509 935 1084 
4740 1509 998 1510 978 
4741 1072 332 1418 1084 
4742 1616 1072 1418 1084 
4743 1537 1536 1535 1631 
4744 1540 422 1566 416 
4745 1572 804 1279 1255 
4746 811 202 1308 726 
4747 1591 706 1508 1291 
4748 1591 440 1508 431 
4749 958 1383 975 948 
4750 1508 982 1011 967 
4751 1591 957 983 1015 
4752 1586 462 64 65 
4753 1600 613 601 600 
4754 1581 1582 1600 1595 
4755 523 1611 73 74 
4756 1532 1659 1533 1589 
4757 1649 1639 1545 427 
4758 1669 363 1624 1524 
4759 283 1244 992 1215 
4760 734 1560 805 719 
4761 1560 757 1524 731 
4762 1657 1623 1524 738 
4763 1598 855 857 856 
4764 1190 1270 521 508 
4765 1203 1256 499 70 
4766 1658 456 444 6 
4767 484 496 497 1071 
4768 1658 1461 1463 1454 
4769 1111 495 484 1094 
4770 1111 495 1094 1048 
4771 1646 1609 1553 1653 
4772 1630 588 581 589 
4773 1636 540 78 79 
4774 1645 1324 1316 1307 
4775 1641 1556 438 428 
4776 1540 1664 63 1556 
4777 1644 519 521 1189 
4778 1661 1188 1266 1265 
4779 1619 1190 521 509 
4780 1550 973 964 40 
4781 1464 1205 1189 366 
4782 1569 1514 489 1064 
4783 1575 575 1596 574 
4784 1669 1559 1580 469 
4785 1641 14 534 73 
4786 1652 1451 1440 1445 
4787 1596 1068 1138 1096 
4788 1532 1659 846 879 
4789 1520 648 591 695 
4790 1520 871 910 857 
4791 1657 673 1623 791 
4792 1372 264 848 1370 
4793 916 1372 262 263 
4794 1578 400 1579 1370 
4795 1577 1578 1372 848 
4796 1649 1634 1613 80 
4797 1545 1477 445 1480 
4798 1507 1519 1650 1612 
4799 1588 11 72 1490 
4800 1586 65 1587 462 
4801 1578 1475 1485 1201 
4802 1545 1479 1478 1477 
4803 82 1528 1548 1546 
4804 1563 679 652 631 
4805 1563 595 674 631 
4806 1586 48 1589 408 
4807 1522 750 775 704 
4808 1560 1657 1176 363 
4809 1522 775 795 702 
4810 1667 778 1664 721 
4811 1560 719 729 711 
4812 1560 757 1657 1524 
4813 794 1585 814 718 
4814 1660 1283 1236 1254 
4815 700 1311 715 429 
4816 102 103 892 621 
4817 689 924 103 892 
4818 102 892 852 621 
4819 98 872 585 99 
4820 871 646 591 97 
4821 1525 873 915 832 
4822 1599 894 857 858 
4823 1669 1524 1624 1555 
4824 1509 1510 560 978 
4825 1538 974 1539 1024 
4826 1511 1509 1616 1417 
4827 1570 1164 931 355 
4828 1552 1433 1424 1595 
4829 1542 839 884 1114 
4830 1542 1081 1552 1114 
4831 1515 1328 754 1333 
4832 1223 796 168 1274 
4833 386 387 1268 1504 
4834 386 1499 1504 1268 
4835 1534 1020 982 932 
4836 1313 1312 1308 436 
4837 1204 501 1203 499 
4838 726 430 1308 436 
4839 1519 1518 1550 12 
4840 1190 521 509 517 
4841 1464 1205 366 1459 
4842 1190 509 1212 517 
4843 1655 1286 1211 1239 
4844 509 517 69 1212 
4845 1550 973 1187 1009 
4846 1667 751 430 726 
4847 1554 310 1401 930 
4848 1510 1415 1085 1067 
4849 490 1514 1058 1064 
4850 573 564 1604 566 
4851 1603 10 1620 1153 
4852 1514 491 489 490 
4853 383 1482 1474 1221 
4854 1221 1285 1474 384 
4855 1444 1571 1633 1604 
4856 1553 539 78 547 
4857 777 876 177 178 
4858 777 838 178 792 
4859 1598 805 465 746 
4860 777 708 177 876 
4861 1598 926 911 746 
4862 1587 853 7 874 
4863 1349 918 825 1587 
4864 1586 64 461 415 
4865 1586 1589 419 409 
4866 1586 1587 48 408 
4867 1659 56 1589 1577 
4868 1617 1352 397 49 
4869 1593 1482 1547 1594 
4870 1579 1479 1484 1471 
4871 1578 893 1271 867 
4872 716 746 477 801 
4873 716 477 1334 801 
4874 716 1334 214 801 
4875 716 215 214 1334 
4876 1546 1505 1527 1652 
4877 1144 1593 1666 1108 
4878 1546 1617 398 1357 
4879 904 1528 890 1367 
4880 1593 1117 1144 1049 
4881 1617 1361 49 1351 
4882 1533 709 737 785 
4883 1590 755 768 887 
4884 1564 479 414 412 
4885 1657 681 632 704 
4886 528 1669 1559 1580 
4887 1587 825 853 874 
4888 1562 1300 1557 1298 
4889 751 776 437 726 
4890 1596 1070 1604 1435 
4891 1563 1427 582 662 
4892 1592 1135 1102 1057 
4893 923 688 94 891 
4894 1586 48 1587 1589 
4895 923 94 688 19 
4896 1608 535 1535 1638 
4897 816 1526 1668 895 
4898 567 1607 1596 574 
4899 1607 570 1575 574 
4900 1592 1103 1057 896 
4901 221 1100 222 897 
4902 1103 220 1057 896 
4903 761 1268 171 170 
4904 761 1504 1268 170 
4905 1515 1495 1565 783 
4906 1586 1589 1533 419 
4907 1533 1565 1659 785 
4908 1586 419 415 408 
4909 255 1364 36 904 
4910 1375 917 261 260 
4911 1529 829 1345 241 
4912 1623 193 728 745 
4913 1091 1052 897 863 
4914 1545 1639 1615 1472 
4915 1639 1186 1214 1220 
4916 1486 1194 1261 444 
4917 1610 1611 1640 74 
4918 1262 61 1194 1206 
4919 1358 255 254 847 
4920 1544 1275 1282 1198 
4921 1586 419 1533 415 
4922 1515 1317 725 32 
4923 821 1659 1226 1238 
4924 1659 1635 56 1577 
4925 418 1566 419 422 
4926 878 1216 1238 821 
4927 1488 1219 1499 385 
4928 1610 1649 1614 1613 
4929 1626 1390 1389 1380 
4930 1610 1614 1611 1613 
4931 1626 1168 1629 360 
4932 1626 671 609 669 
4933 1000 291 1041 1380 
4934 1610 1649 1613 80 
4935 1578 1370 264 1377 
4936 1662 1615 1639 520 
4937 1485 1241 375 1471 
4938 1579 1547 50 1366 
4939 131 1164 355 660 
4940 131 355 24 660 
4941 1658 1463 1231 1454 
4942 68 1230 1457 1468 
4943 1284 379 1261 1476 
4944 1658 1126 1063 1273 
4945 1250 235 868 234 
4946 908 1285 236 235 
4947 908 1285 889 236 
4948 1593 1278 1152 920 
4949 1610 1613 1638 80 
4950 1014 1620 947 961 
4951 1610 1611 74 73 
4952 1525 664 832 645 
4953 915 832 870 645 
4954 308 946 309 1403 
4955 1073 1074 1058 490 
4956 1549 1661 1405 1199 
4957 1603 1073 1064 490 
4958 1603 1064 489 490 
4959 1525 1600 1526 1584 
4960 852 1543 914 870 
4961 1600 603 644 626 
4962 826 1192 1225 886 
4963 1578 848 893 867 
4964 1552 1424 43 1046 
4965 839 1062 1119 217 
4966 1516 1492 1195 500 
4967 1541 815 1515 1328 
4968 1541 1326 780 204 
4969 211 1341 778 721 
4970 1541 1332 1342 1337 
4971 21 1151 216 924 
4972 1548 563 82 568 
4973 1542 1592 1596 1082 
4974 1552 1059 1434 345 
4975 1669 1558 1559 473 
4976 136 1169 614 587 
4977 136 1169 25 614 
4978 137 1169 136 587 
4979 1626 138 592 1168 
4980 1588 1566 1501 1502 
4981 245 822 1347 246 
4982 1668 1345 1529 829 
4983 823 762 880 1598 
4984 742 465 477 746 
4985 1659 826 1225 886 
4986 1635 1502 1491 1498 
4987 1508 967 1011 1042 
4988 1546 454 82 459 
4989 1508 982 993 1011 
4990 1296 1291 706 187 
4991 1557 1628 813 439 
4992 413 461 415 412 
4993 1630 1177 1179 363 
4994 1543 851 914 870 
4995 1621 1531 420 424 
4996 1523 1177 363 1178 
4997 1600 601 644 603 
4998 1630 655 619 687 
4999 1506 1534 4 967 
5000 1585 1010 953 991 
5001 1585 953 1020 991 
5002 707 1518 1517 1572 
5003 1588 515 1614 510 
5004 1216 760 774 766 
5005 1659 1498 1635 1196 
5006 1607 1542 1595 1576 
5007 1559 1573 1580 1584 
5008 1531 48 1348 1346 
5009 1543 869 839 892 
5010 839 1062 1114 1119 
5011 1581 1600 1582 650 
5012 1655 1404 1400 405 
5013 1655 1227 1550 1187 
5014 1655 1406 314 1018 
5015 1655 1227 1187 1239 
5016 1655 963 315 1028 
5017 1655 973 403 1395 
5018 1655 1028 1253 1012 
5019 1566 1567 505 504 
5020 761 1219 714 1268 
5021 1567 502 1517 503 
5022 1540 1566 1515 1645 
5023 1659 419 1589 409 
5024 1565 1499 1219 1268 
5025 1516 1195 1224 1200 
5026 1657 363 1175 1174 
5027 1624 624 614 587 
5028 398 890 36 904 
5029 1593 1474 1482 1221 
5030 1593 1077 1117 1123 
5031 1594 1206 61 1247 
5032 383 382 1482 1218 
5033 1594 1251 1218 1206 
5034 1109 1251 1055 324 
5035 992 1215 404 997 
5036 992 404 41 997 
5037 1019 285 1005 1213 
5038 1524 1557 1555 1628 
5039 1185 807 1242 165 
5040 1506 4 1568 967 
5041 1242 1517 807 1264 
5042 758 167 1267 1269 
5043 1620 482 1637 487 
5044 1554 962 1022 930 
5045 1603 1073 1075 1124 
5046 445 1480 1477 451 
5047 1548 1368 1531 1365 
5048 1579 400 1651 1371 
5049 1546 1666 1505 1101 
5050 1594 1206 1218 382 
5051 1649 452 1545 1615 
5052 1616 988 965 1013 
5053 1667 720 751 726 
5054 1515 743 1516 1489 
5055 725 195 32 1317 
5056 754 1333 208 703 
5057 332 331 1416 1084 
5058 1001 943 944 76 
5059 1536 968 984 1040 
5060 1511 357 1513 1165 
5061 328 1060 1415 329 
5062 794 1585 718 1508 
5063 51 402 1378 1643 
5064 1591 1300 1303 1291 
5065 1641 523 534 525 
5066 1177 581 149 150 
5067 188 1291 730 1302 
5068 1508 1021 1011 940 
5069 706 441 712 739 
5070 1534 1393 1397 52 
5071 1546 1505 454 459 
5072 1021 983 940 784 
5073 1063 322 1207 321 
5074 68 495 1111 1048 
5075 1658 9 480 6 
5076 1195 500 1500 1180 
5077 1533 879 749 785 
5078 1615 1208 1644 1189 
5079 1564 1529 1531 420 
5080 1546 1505 5 454 
5081 569 571 580 533 
5082 1104 1207 1063 322 
5083 1594 1106 1055 1105 
5084 447 449 448 1105 
5085 1106 443 1108 1107 
5086 1651 831 1547 1369 
5087 1410 311 962 930 
5088 1636 1554 78 544 
5089 1646 1391 52 1396 
5090 1410 1401 311 930 
5091 1661 1467 1286 1188 
5092 1410 312 1402 1396 
5093 1515 1496 1495 1494 
5094 1515 783 798 725 
5095 1310 758 1325 196 
5096 1516 1323 1567 1517 
5097 1516 500 498 1492 
5098 971 1099 1620 996 
5099 298 1391 1406 313 
5100 1665 1590 1532 1586 
5101 1668 817 1587 1345 
5102 1590 874 7 853 
5103 180 181 768 887 
5104 1512 1421 1510 1509 
5105 1088 1413 1510 330 
5106 1421 1571 1511 1512 
5107 1623 791 728 738 
5108 1623 667 624 587 
5109 1536 1632 1643 1641 
5110 1624 622 624 698 
5111 1306 745 666 744 
5112 1546 5 1505 1666 
5113 1493 1223 388 1274 
5114 1493 796 1223 1274 
5115 1618 1313 1518 1321 
5116 1182 1034 279 278 
5117 1034 1289 1009 1240 
5118 1572 1202 1032 950 
5119 1658 60 1262 1207 
5120 1468 1457 373 1230 
5121 1231 444 1194 61 
5122 447 1247 1262 1207 
5123 30 1277 802 921 
5124 800 882 749 768 
5125 181 882 768 887 
5126 181 882 800 768 
5127 1515 725 754 32 
5128 1532 845 822 827 
5129 207 1333 709 703 
5130 756 736 956 789 
5131 1517 503 502 499 
5132 1585 991 1660 1572 
5133 1570 979 977 985 
5134 16 556 960 976 
5135 16 553 556 976 
5136 1423 329 1415 1067 
5137 541 1510 545 1602 
5138 1663 732 744 765 
5139 1293 1305 191 744 
5140 1660 990 1572 991 
5141 1591 1021 752 784 
5142 1663 661 615 671 
5143 980 934 1602 1569 
5144 1554 943 538 77 
5145 1421 1413 1510 1509 
5146 1536 1641 1643 1507 
5147 1534 937 1020 303 
5148 1585 993 953 764 
5149 67 372 1455 1222 
5150 1549 1079 1099 1121 
5151 446 1054 347 458 
5152 1147 458 453 1044 
5153 449 1107 1147 443 
5154 449 1147 1107 1105 
5155 700 740 793 429 
5156 776 712 437 739 
5157 1667 1314 1541 1318 
5158 811 437 436 429 
5159 751 437 430 726 
5160 1500 500 391 1180 
5161 1500 391 500 1490 
5162 1369 1651 1376 1366 
5163 1052 913 1113 223 
5164 447 1063 1207 60 
5165 1529 883 842 816 
5166 1528 917 1375 1367 
5167 1617 1363 1351 1357 
5168 1658 1063 1232 1273 
5169 1527 453 457 1044 
5170 1050 1030 1620 1603 
5171 1618 1567 1314 1315 
5172 1567 502 503 506 
5173 1240 1550 1009 1034 
5174 1517 1309 1320 735 
5175 665 129 128 1158 
5176 665 1158 628 129 
5177 142 1171 665 635 
5178 142 665 1171 141 
5179 1616 1509 979 1013 
5180 1509 1413 1088 1416 
5181 483 1458 1469 1470 
5182 1615 456 452 444 
5183 1454 480 1460 1615 
5184 66 1047 1222 1249 
5185 1658 1232 1063 1207 
5186 172 714 1219 171 
5187 714 1268 1219 171 
5188 1615 1210 1284 1205 
5189 521 1270 519 508 
5190 1546 1547 454 5 
5191 1596 1070 1132 1115 
5192 844 762 733 763 
5193 1522 1598 773 805 
5194 1651 1376 831 1369 
5195 1069 450 449 458 
5196 1527 577 455 459 
5197 1061 453 1147 443 
5198 447 1063 1104 1207 
5199 447 1262 60 1207 
5200 832 645 664 870 
5201 832 99 664 585 
5202 1588 1183 1198 1503 
5203 1578 400 1241 1471 
5204 1544 1275 1214 1201 
5205 1545 1478 1472 1477 
5206 981 969 105 669 
5207 1663 293 1389 1382 
5208 1589 35 396 246 
5209 172 1219 714 1237 
5210 1504 1565 761 1268 
5211 1665 466 1335 1329 
5212 766 878 1216 1290 
5213 1659 1544 886 1225 
5214 1255 804 1279 163 
5215 804 1003 1032 162 
5216 804 162 1032 29 
5217 1093 1549 10 1121 
5218 1549 1005 1280 1213 
5219 1019 1243 285 1213 
5220 956 736 1010 160 
5221 161 956 160 789 
5222 1546 1617 1528 398 
5223 1518 1321 1313 1311 
5224 82 1617 1528 1546 
5225 1642 142 654 635 
5226 1643 1562 1555 1631 
5227 568 1548 563 1621 
5228 1606 593 1521 651 
5229 28 1624 147 624 
5230 1523 1583 1177 581 
5231 1539 1388 1386 1380 
5232 68 1111 1112 1658 
5233 1658 60 450 6 
5234 1569 489 1514 1636 
5235 496 1058 492 491 
5236 496 492 1058 1130 
5237 1160 1007 656 355 
5238 548 538 984 561 
5239 678 1539 1538 611 
5240 1629 614 655 25 
5241 1557 437 712 440 
5242 1557 813 712 776 
5243 1661 1399 1405 405 
5244 1655 1619 1661 1400 
5245 403 1655 1619 1550 
5246 1566 1516 1501 1494 
5247 214 1334 1338 801 
5248 926 465 742 746 
5249 1619 509 521 514 
5250 807 1517 1309 1322 
5251 1577 396 35 841 
5252 239 1531 1348 1346 
5253 1520 642 1522 659 
5254 1531 1368 261 899 
5255 1657 1623 1624 1524 
5256 1560 729 757 731 
5257 1522 805 468 465 
5258 1058 1514 1053 1043 
5259 1058 492 490 1074 
5260 1058 1130 492 1074 
5261 990 1572 1038 1026 
5262 1321 1567 1315 1323 
5263 807 198 1309 735 
5264 1517 1185 1235 1224 
5265 673 786 612 1623 
5266 470 1335 1338 1664 
5267 192 745 1306 744 
5268 1538 1536 1631 1378 
5269 1537 928 1538 949 
5270 1537 1385 928 1029 
5271 1642 594 1648 1159 
5272 1012 1187 280 281 
5273 1668 864 829 927 
5274 1525 646 657 871 
5275 152 810 781 1035 
5276 1561 951 1663 1382 
5277 1663 1035 661 981 
5278 1564 48 1587 408 
5279 1513 531 532 535 
5280 1415 1571 1422 1421 
5281 775 616 675 1522 
5282 291 1539 1388 974 
5283 26 1539 643 1173 
5284 22 686 114 1037 
5285 1546 1617 1656 567 
5286 22 1037 265 1149 
5287 1276 1660 1254 1283 
5288 1568 999 936 967 
5289 1591 747 808 1302 
5290 1534 1020 937 991 
5291 1546 1357 1363 1617 
5292 1588 1639 1544 1198 
5293 1659 862 826 886 
5294 508 517 521 1190 
5295 1180 72 500 391 
5296 1515 1645 1567 1316 
5297 1544 1201 1481 1475 
5298 390 1195 1500 1180 
5299 1394 304 305 938 
5300 1663 671 1626 669 
5301 1663 1626 1389 969 
5302 1663 1627 1626 592 
5303 192 745 193 1306 
5304 592 1663 1627 649 
5305 1539 26 636 359 
5306 541 76 942 77 
5307 562 1570 1509 977 
5308 132 1616 1164 623 
5309 152 781 1004 1035 
5310 20 685 83 810 
5311 1663 661 1035 685 
5312 799 1305 732 190 
5313 1508 794 752 718 
5314 1652 1129 1056 1065 
5315 353 1604 1115 1131 
5316 1652 1056 1045 1065 
5317 1596 1070 1424 1154 
5318 1546 454 1548 82 
5319 1652 1596 1132 1115 
5320 1445 1444 566 1604 
5321 349 350 1043 1514 
5322 1600 644 613 645 
5323 1130 1094 492 1074 
5324 9 484 1071 1112 
5325 1058 490 492 491 
5326 496 1053 1058 491 
5327 1569 1030 980 994 
5328 297 973 1018 1395 
5329 1646 1391 1406 1395 
5330 1289 279 1034 1009 
5331 1289 279 1182 1034 
5332 1646 1400 1661 1619 
5333 1587 825 817 828 
5334 1590 918 1587 874 
5335 1564 1531 410 420 
5336 524 1559 1640 1622 
5337 1548 50 1579 1547 
5338 1128 269 929 268 
5339 545 1512 549 546 
5340 1510 1097 1128 1067 
5341 1647 584 629 630 
5342 1663 981 951 1004 
5343 1160 628 656 1007 
5344 1539 611 678 643 
5345 1570 355 931 989 
5346 207 208 1333 703 
5347 1532 1590 768 887 
5348 1665 1335 1343 1337 
5349 1600 1582 602 617 
5350 1526 676 1600 645 
5351 1581 1606 1600 599 
5352 1583 684 598 650 
5353 593 1177 1178 150 
5354 470 1335 1664 467 
5355 1657 691 759 632 
5356 1642 1158 665 1162 
5357 915 870 1526 645 
5358 1552 653 582 662 
5359 1536 1632 1641 1535 
5360 1646 1619 1519 52 
5361 1535 14 73 535 
5362 482 1609 489 1636 
5363 1646 1637 1661 53 
5364 1537 972 1536 1029 
5365 945 1385 1029 288 
5366 1538 1158 1642 1161 
5367 1512 537 546 540 
5368 1553 1653 1612 1650 
5369 576 1605 573 527 
5370 1602 941 1554 942 
5371 1603 1064 1073 1083 
5372 1647 629 584 358 
5373 1359 1607 1542 1592 
5374 1588 1502 1501 1490 
5375 1544 1214 1481 1201 
5376 1589 408 48 1 
5377 1348 899 239 238 
5378 1547 1487 1482 1474 
5379 1546 1374 1547 1666 
5380 1649 1615 456 452 
5381 1544 1635 56 55 
5382 56 1589 1 409 
5383 496 1130 1058 1053 
5384 492 481 1094 495 
5385 492 1074 1094 481 
5386 123 653 122 1143 
5387 123 124 586 1142 
5388 164 1255 163 779 
5389 782 1242 164 1255 
5390 1660 937 1534 1393 
5391 1516 1489 1493 1494 
5392 1577 1531 411 1 
5393 1577 411 56 1 
5394 462 415 461 412 
5395 610 1525 647 657 
5396 1640 74 1611 523 
5397 1511 1419 1414 1420 
5398 1511 640 1647 1414 
5399 338 1426 339 1157 
5400 761 1268 714 171 
5401 264 867 1377 37 
5402 1607 1542 1592 1596 
5403 889 236 1285 1259 
5404 1651 1547 1474 1484 
5405 1522 642 596 659 
5406 1522 775 616 704 
5407 1669 525 1558 1555 
5408 1573 1595 1581 1600 
5409 1439 1443 1157 352 
5410 1446 1445 1444 566 
5411 1514 1571 1512 1633 
5412 1514 1043 1064 1086 
5413 1634 480 493 497 
5414 1563 631 674 630 
5415 1444 566 1604 564 
5416 1571 1092 1426 1157 
5417 1553 79 78 539 
5418 1618 1518 58 432 
5419 1541 1645 1515 1307 
5420 1619 509 1550 1212 
5421 1467 368 1456 1181 
5422 1607 1362 1361 1353 
5423 1189 519 1270 1208 
5424 1650 1040 984 1017 
5425 1549 996 1099 966 
5426 1512 1509 1510 549 
5427 1415 1571 1421 1512 
5428 1607 1361 1656 1592 
5429 1526 824 1576 851 
5430 1617 1363 1656 1351 
5431 1607 1361 1617 1656 
5432 1525 1606 1600 1584 
5433 484 492 1130 1094 
5434 1054 348 1053 1449 
5435 1514 491 496 497 
5436 1607 1542 1576 1353 
5437 1486 61 1194 444 
5438 1621 569 568 580 
5439 1594 1106 443 1108 
5440 1526 1543 1600 676 
5441 1525 647 651 610 
5442 646 591 657 871 
5443 1530 1360 919 252 
5444 1592 249 1359 1355 
5445 1529 906 847 902 
5446 1592 1057 1102 901 
5447 1571 1157 1443 1141 
5448 1520 818 620 891 
5449 466 477 470 1334 
5450 708 823 177 876 
5451 911 708 777 876 
5452 1560 1524 476 472 
5453 1639 1183 1287 1220 
5454 1615 1287 519 1208 
5455 1392 1534 936 932 
5456 1392 1534 932 1397 
5457 1585 993 982 953 
5458 199 735 1309 198 
5459 1650 547 1554 538 
5460 1518 1311 58 429 
5461 1585 993 1508 982 
5462 1517 735 707 1572 
5463 423 1610 578 1649 
5464 1551 1618 1645 433 
5465 490 1514 491 1058 
5466 540 1638 79 1636 
5467 1643 434 438 442 
5468 596 92 91 702 
5469 775 704 90 681 
5470 1620 1099 1549 996 
5471 496 497 1071 1053 
5472 959 1602 541 942 
5473 1588 54 418 55 
5474 1541 210 1342 1332 
5475 1615 1189 1644 1464 
5476 386 1219 1499 1268 
5477 1607 1595 1575 1576 
5478 56 1589 1577 1 
5479 1589 1577 396 35 
5480 862 826 1226 1659 
5481 1032 276 1279 29 
5482 804 29 1279 163 
5483 804 29 1032 1279 
5484 1492 1195 390 389 
5485 1516 498 500 504 
5486 1532 1587 1590 918 
5487 1506 1568 936 967 
5488 1602 77 1554 544 
5489 1591 975 958 1383 
5490 1632 1631 1643 1555 
5491 1650 1398 1396 52 
5492 1653 1613 1662 1644 
5493 1615 1261 1210 444 
5494 277 950 276 1202 
5495 1579 1371 399 400 
5496 1579 1479 1471 1485 
5497 1542 1592 850 820 
5498 1621 420 1531 1529 
5499 1529 1574 1530 1352 
5500 367 1644 1464 1456 
5501 1638 80 564 18 
5502 1646 1637 1609 1619 
5503 42 1420 1137 335 
5504 1616 1037 686 1149 
5505 1581 599 1600 650 
5506 1164 1167 1166 1511 
5507 1087 1414 604 638 
5508 1616 1416 1509 1084 
5509 1628 472 1556 1555 
5510 1626 592 1627 1168 
5511 138 1170 609 139 
5512 1542 1543 1595 1576 
5513 1536 952 945 968 
5514 1538 970 1160 989 
5515 897 863 1052 836 
5516 1594 1482 1480 1473 
5517 1546 890 1666 909 
5518 1536 561 984 972 
5519 516 503 1519 12 
5520 1591 1021 958 975 
5521 580 1622 569 533 
5522 834 914 1542 851 
5523 1542 820 850 834 
5524 1526 895 816 919 
5525 1366 1373 1547 50 
5526 1049 224 913 888 
5527 1593 1666 875 888 
5528 1049 888 225 224 
5529 1593 1594 1547 1666 
5530 1539 291 1388 1380 
5531 1654 1428 1420 1436 
5532 1542 820 1353 1359 
5533 1538 1625 1570 1161 
5534 1563 1425 1647 595 
5535 1563 1438 1437 1427 
5536 1136 1089 121 582 
5537 1437 1425 652 1118 
5538 1529 1356 1358 847 
5539 1577 262 916 1372 
5540 1025 936 301 1392 
5541 296 948 39 401 
5542 1507 1641 1551 1612 
5543 775 91 596 670 
5544 1560 1597 468 474 
5545 1594 1263 1218 1251 
5546 913 1049 1666 1113 
5547 1507 1641 1643 434 
5548 1638 73 527 535 
5549 67 1465 1455 1468 
5550 1639 1287 519 1615 
5551 620 94 688 891 
5552 620 95 94 891 
5553 620 844 688 659 
5554 620 818 95 891 
5555 1520 857 910 856 
5556 1568 1643 431 442 
5557 1030 1602 1603 1569 
5558 299 1396 1402 312 
5559 1646 1637 1553 1609 
5560 1641 73 534 523 
5561 1537 954 972 1029 
5562 1646 1395 1619 52 
5563 1135 1542 1592 1102 
5564 1539 678 1024 974 
5565 1621 1528 1352 1529 
5566 1593 1049 1666 888 
5567 1593 837 875 831 
5568 1648 608 1583 629 
5569 586 1078 124 658 
5570 1573 571 1575 1574 
5571 1010 159 736 764 
5572 1660 964 986 938 
5573 727 161 1003 162 
5574 1660 1550 1034 964 
5575 956 736 160 789 
5576 1255 782 1242 1572 
5577 357 1161 356 1570 
5578 1511 1570 1164 1616 
5579 1512 1633 1571 1608 
5580 1537 553 954 955 
5581 1570 356 1160 1161 
5582 1560 1524 1669 476 
5583 1645 1316 1324 1314 
5584 1519 1550 1619 12 
5585 502 501 500 1200 
5586 1541 1314 1645 1324 
5587 1516 1317 1325 743 
5588 1572 990 1038 956 
5589 1618 1314 1645 59 
5590 1660 1245 1039 986 
5591 1608 1582 1605 1431 
5592 1610 1640 407 421 
5593 1610 1612 1611 73 
5594 344 1089 1437 1427 
5595 1437 652 343 1118 
5596 1658 1063 1126 1111 
5597 1094 1110 1048 495 
5598 1126 1273 68 1230 
5599 484 1130 496 1071 
5600 494 1074 1073 490 
5601 995 929 1128 269 
5602 541 1510 1002 560 
5603 1571 1412 1422 1421 
5604 468 470 719 1560 
5605 1520 657 1599 692 
5606 1520 627 1521 607 
5607 805 477 746 801 
5608 1516 1195 1223 1269 
5609 1582 1595 1431 1433 
5610 1616 1418 1416 1084 
5611 1296 712 186 187 
5612 1024 696 678 628 
5613 1160 355 656 24 
5614 1586 462 1564 412 
5615 1622 533 75 13 
5616 1564 1601 1668 1584 
5617 240 1346 1350 1531 
5618 1668 865 866 858 
5619 1532 1344 1587 918 
5620 1542 850 869 834 
5621 851 1542 1576 1543 
5622 240 1531 1529 906 
5623 1563 652 582 1437 
5624 1576 824 1530 1360 
5625 532 1581 1583 530 
5626 1626 1168 1627 1629 
5627 678 1539 1024 1538 
5628 615 765 84 83 
5629 1587 817 1349 1345 
5630 1566 1516 1567 504 
5631 824 851 1542 1576 
5632 1549 487 66 10 
5633 1655 1395 1406 1018 
5634 1661 1644 1181 1456 
5635 1610 578 1649 80 
5636 306 41 992 404 
5637 1577 1578 848 886 
5638 1578 1241 1485 1471 
5639 1579 1547 1651 1484 
5640 515 1588 1566 11 
5641 1578 1217 1260 1201 
5642 1651 1241 868 400 
5643 1526 873 895 860 
5644 1578 1485 1217 1201 
5645 1662 1613 1615 1644 
5646 924 839 658 1078 
5647 1151 1119 216 924 
5648 472 1560 1664 470 
5649 1651 1241 400 1471 
5650 1578 1192 893 886 
5651 1651 1483 1250 46 
5652 1534 1585 4 967 
5653 1660 1585 1534 991 
5654 1572 1279 804 1032 
5655 764 1010 953 1585 
5656 1649 1615 1545 1639 
5657 1632 1641 14 534 
5658 1522 675 607 616 
5659 706 440 712 441 
5660 1585 953 982 1020 
5661 751 439 430 437 
5662 1557 1291 1296 1300 
5663 1623 786 612 745 
5664 1627 634 592 649 
5665 1623 634 667 587 
5666 1629 614 1630 655 
5667 666 86 85 745 
5668 1578 905 1377 867 
5669 922 1592 1656 849 
5670 1526 860 915 873 
5671 1615 1644 1613 480 
5672 1549 1079 1121 1120 
5673 961 307 1408 947 
5674 1549 1249 66 1193 
5675 382 1473 1206 381 
5676 447 1594 1104 1105 
5677 1002 960 560 978 
5678 995 1051 934 270 
5679 1603 1083 1098 1134 
5680 1565 783 1495 1504 
5681 785 723 766 833 
5682 749 879 882 833 
5683 1526 1584 1576 1530 
5684 1593 920 889 1259 
5685 1594 1480 62 1473 
5686 1546 890 909 1357 
5687 1505 1108 5 443 
5688 1664 1330 212 1341 
5689 468 470 477 719 
5690 1524 1628 787 770 
5691 472 1556 8 63 
5692 1665 1335 1336 1329 
5693 1560 1522 1521 1176 
5694 1551 1641 434 428 
5695 1560 1628 1664 787 
5696 1538 1160 1570 989 
5697 1532 846 1589 822 
5698 1515 754 798 703 
5699 1079 1033 275 1150 
5700 1549 1280 1033 1150 
5701 1528 1373 1547 1374 
5702 1593 875 835 888 
5703 1593 1077 1278 1209 
5704 1563 652 595 631 
5705 1621 1352 1528 1617 
5706 567 1652 579 1596 
5707 1444 1452 1453 1633 
5708 524 1559 1622 522 
5709 1627 1306 1623 649 
5710 1560 734 729 719 
5711 213 1664 699 1338 
5712 1657 791 691 673 
5713 417 413 407 1640 
5714 1516 1327 1325 1317 
5715 1564 410 48 408 
5716 1573 1576 1600 1584 
5717 1531 48 396 1348 
5718 1578 1192 886 1225 
5719 1116 334 335 1420 
5720 1116 1414 334 1420 
5721 1647 1513 358 1165 
5722 816 1526 1530 1668 
5723 1093 494 1075 10 
5724 1603 1075 1153 1124 
5725 1544 1282 1275 1234 
5726 1545 1479 1477 1480 
5727 1566 1496 1635 1497 
5728 1659 1577 1544 1635 
5729 30 227 1277 921 
5730 173 760 1277 1237 
5731 227 900 1277 921 
5732 184 877 774 183 
5733 595 1436 1066 1118 
5734 1136 1437 582 652 
5735 1563 674 1647 630 
5736 1582 1647 1513 629 
5737 1155 683 1148 118 
5738 1647 1116 1066 1420 
5739 1544 1365 1548 426 
5740 1658 444 60 6 
5741 1520 591 657 695 
5742 1520 692 627 695 
5743 1654 42 1146 1412 
5744 1136 121 120 652 
5745 595 119 120 1118 
5746 1428 340 42 1137 
5747 1416 331 1156 1084 
5748 1571 327 1092 1080 
5749 1369 1651 1366 1547 
5750 226 1123 835 225 
5751 459 1527 567 1546 
5752 1526 866 895 873 
5753 1299 1562 1624 1298 
5754 1583 581 590 589 
5755 1568 1536 1384 402 
5756 1641 438 434 428 
5757 1308 1667 1318 1314 
5758 1148 595 1118 119 
5759 1437 343 1425 1118 
5760 1582 1648 629 1513 
5761 1148 1647 595 683 
5762 768 882 1532 887 
5763 1618 511 1645 506 
5764 1540 1566 1645 416 
5765 1528 906 917 847 
5766 1349 243 918 244 
5767 1542 820 824 1353 
5768 1526 851 915 860 
5769 1526 1584 1600 1576 
5770 1506 1650 1519 52 
5771 1620 1549 10 487 
5772 485 486 1462 1460 
5773 1650 1040 1017 933 
5774 1615 1658 480 456 
5775 79 1535 1553 1638 
5776 1392 1534 1397 52 
5777 1507 1536 1568 1643 
5778 484 1130 1071 1094 
5779 1620 10 482 487 
5780 9 1071 450 1112 
5781 1585 736 1010 991 
5782 1585 736 790 809 
5783 715 1518 1585 429 
5784 1566 418 54 422 
5785 104 1035 661 685 
5786 615 744 649 693 
5787 89 704 759 632 
5788 1669 1624 363 1523 
5789 1597 474 469 464 
5790 1660 1283 1550 1517 
5791 1518 707 1320 790 
5792 1532 918 1590 861 
5793 815 205 1326 1307 
5794 1542 1592 1082 1135 
5795 463 479 1622 1564 
5796 1526 1530 1576 824 
5797 1512 540 1514 1633 
5798 1652 1045 1068 1065 
5799 1617 49 397 1351 
5800 567 1607 1656 1596 
5801 1622 1573 1574 533 
5802 1666 836 859 913 
5803 575 1596 566 1604 
5804 722 709 206 1340 
5805 1537 928 954 1029 
5806 363 1624 1630 1523 
5807 1378 1539 51 1631 
5808 1642 1159 1161 1162 
5809 1630 655 668 588 
5810 1657 759 691 791 
5811 1441 1452 1447 1514 
5812 1583 581 1630 1177 
5813 1608 1513 537 15 
5814 774 1216 900 1277 
5815 1659 878 821 903 
5816 1526 895 919 860 
5817 1153 10 1121 1075 
5818 1602 544 540 545 
5819 484 492 1094 495 
5820 1565 761 714 788 
5821 1565 1237 1191 1290 
5822 1538 1642 1625 1161 
5823 1536 1378 1384 402 
5824 600 1600 599 601 
5825 135 605 690 1165 
5826 1584 1525 866 1526 
5827 1542 1592 1102 901 
5828 1625 552 555 558 
5829 629 358 608 584 
5830 1582 629 1648 1583 
5831 1654 1647 1582 1430 
5832 123 586 653 1143 
5833 1589 1347 48 1344 
5834 1622 1564 1640 414 
5835 1565 1499 1488 1219 
5836 1622 13 75 522 
5837 1622 1601 1564 1584 
5838 1622 75 1640 524 
5839 436 811 1308 726 
5840 778 1341 1332 1664 
5841 1596 1604 1070 1115 
5842 1657 1624 1623 698 
5843 823 762 1598 708 
5844 1541 815 780 1326 
5845 1600 1595 1582 617 
5846 855 1668 460 464 
5847 1533 703 709 1333 
5848 1522 773 734 805 
5849 1532 879 845 882 
5850 259 904 890 1367 
5851 778 1664 1541 1667 
5852 712 440 437 441 
5853 1634 497 9 480 
5854 1591 747 1015 808 
5855 75 533 580 536 
5856 1540 1541 1645 1515 
5857 1646 1637 53 1407 
5858 1610 527 1638 73 
5859 1559 522 524 525 
5860 100 664 583 870 
5861 892 658 839 1543 
5862 1610 74 75 536 
5863 511 1614 416 505 
5864 1588 1635 1544 55 
5865 1588 418 1635 55 
5866 1581 1648 1582 1513 
5867 1587 460 7 828 
5868 1658 480 456 6 
5869 1663 661 671 669 
5870 1561 951 294 957 
5871 1561 957 294 1387 
5872 808 189 730 1302 
5873 1015 808 747 154 
5874 1532 1533 1659 879 
5875 1515 1317 32 1307 
5876 1602 1620 1603 1637 
5877 1593 1263 1209 1218 
5878 1622 1573 533 13 
5879 1652 1068 1656 1065 
5880 566 1446 1445 1527 
5881 1543 1114 1552 1078 
5882 1526 1576 1543 851 
5883 1543 625 1552 617 
5884 1657 673 691 622 
5885 612 86 666 745 
5886 1585 809 814 764 
5887 1585 809 715 740 
5888 1550 69 1283 1228 
5889 1550 69 509 12 
5890 1660 1034 986 964 
5891 1550 1283 1276 1228 
5892 414 1621 1564 420 
5893 1160 656 130 24 
5894 1663 1293 1627 649 
5895 665 1158 128 1162 
5896 664 645 583 870 
5897 1542 1114 1062 1122 
5898 1242 1517 735 807 
5899 1664 721 710 748 
5900 1295 185 705 1297 
5901 1664 1341 212 721 
5902 1664 699 711 710 
5903 1610 75 1640 580 
5904 578 423 1649 568 
5905 1613 1649 1639 1615 
5906 478 479 461 1640 
5907 1549 1280 1150 1258 
5908 1616 633 965 623 
5909 1663 732 799 1305 
5910 102 852 694 621 
5911 98 585 872 646 
5912 1582 602 618 650 
5913 1582 629 618 630 
5914 1528 1617 563 1621 
5915 1103 1100 221 897 
5916 1668 817 828 460 
5917 1580 1606 1601 1584 
5918 1597 1522 1520 1521 
5919 1568 968 1536 1040 
5920 1525 832 872 873 
5921 1511 1570 562 555 
5922 1558 523 1640 1641 
5923 1660 1534 990 991 
5924 1255 804 163 779 
5925 1572 1038 1003 956 
5926 1032 1202 276 950 
5927 1550 503 499 12 
5928 1012 280 1187 1009 
5929 1607 1656 1617 567 
5930 1522 775 702 596 
5931 1335 470 1338 1334 
5932 1598 854 855 856 
5933 179 792 907 755 
5934 1610 572 80 18 
5935 1505 1108 443 1107 
5936 1652 1604 1450 1445 
5937 1642 594 1159 1162 
5938 25 1629 687 655 
5939 1593 1209 1278 1259 
5940 913 1052 1666 836 
5941 570 567 1607 17 
5942 760 1237 766 1216 
5943 1560 1664 1628 472 
5944 1520 627 697 695 
5945 983 155 156 784 
5946 1518 57 58 432 
5947 1591 431 1643 1562 
5948 1322 198 767 197 
5949 1657 1524 1624 363 
5950 1575 1574 571 570 
5951 1656 1363 849 1355 
5952 1572 1032 1003 950 
5953 1590 838 926 742 
5954 1533 1333 1515 703 
5955 1170 26 359 636 
5956 1629 1171 360 1172 
5957 776 437 1557 439 
5958 706 1291 1296 1557 
5959 700 715 740 429 
5960 1666 1113 1049 1144 
5961 905 37 868 400 
5962 1402 313 1406 1391 
5963 1590 215 1334 1329 
5964 1338 1664 1335 1330 
5965 833 800 882 749 
5966 1573 1600 1581 1606 
5967 892 1543 869 852 
5968 1529 1350 240 902 
5969 1610 578 580 423 
5970 1360 824 251 1353 
5971 1528 1373 1548 1547 
5972 608 23 584 358 
5973 1537 1631 1535 1625 
5974 1616 333 1418 1072 
5975 1160 989 1007 355 
5976 1654 1419 1511 1420 
5977 1426 1092 1429 339 
5978 1575 571 574 570 
5979 1572 956 756 991 
5980 52 1534 1393 1660 
5981 1204 1203 501 1200 
5982 1255 782 1572 779 
5983 1660 1245 986 1182 
5984 1256 499 70 69 
5985 1523 363 1176 364 
5986 1568 401 948 1383 
5987 1561 957 1663 951 
5988 548 538 1650 984 
5989 1545 1615 444 1476 
5990 1577 1365 1531 1368 
5991 1593 1117 1594 1108 
5992 1659 886 1544 1577 
5993 1566 1515 1496 1497 
5994 1516 758 796 743 
5995 532 1581 1648 1583 
5996 892 1543 852 621 
5997 1552 1090 1078 1114 
5998 820 840 250 1359 
5999 1551 1519 1618 432 
6000 1597 464 1601 1599 
6001 1551 432 1618 433 
6002 931 1164 623 660 
6003 1647 605 1163 1165 
6004 1571 1060 1512 1415 
6005 1509 1416 1156 1084 
6006 465 1597 468 1522 
6007 1525 646 872 585 
6008 1525 585 872 832 
6009 1527 1440 1446 1445 
6010 81 1634 80 565 
6011 1363 1656 863 1546 
6012 1448 446 1527 1442 
6013 457 1044 458 1448 
6014 347 346 1448 1044 
6015 1421 1510 1415 1512 
6016 347 458 1044 1448 
6017 1525 866 1526 873 
6018 596 92 702 659 
6019 871 646 97 819 
6020 1598 911 853 854 
6021 1522 1598 763 773 
6022 519 520 1639 1615 
6023 756 1518 1585 790 
6024 1583 529 1648 532 
6025 1582 1563 630 618 
6026 1582 1647 629 630 
6027 1622 423 1640 580 
6028 1535 1641 73 14 
6029 1583 1630 581 589 
6030 1581 1583 528 1580 
6031 1581 1583 1580 1606 
6032 1589 409 408 1 
6033 1598 856 898 854 
6034 1523 363 1560 1176 
6035 853 1587 828 825 
6036 1598 898 911 854 
6037 1657 632 681 145 
6038 1532 1590 1587 65 
6039 1599 692 657 610 
6040 1643 440 1562 431 
6041 1541 1664 1540 1645 
6042 1533 749 709 785 
6043 906 1528 1375 1531 
6044 1504 1565 1268 1499 
6045 1489 1274 717 796 
6046 1489 743 1493 796 
6047 1552 1114 1081 1090 
6048 1192 826 231 893 
6049 1648 357 1625 1159 
6050 1591 730 808 784 
6051 1581 526 530 531 
6052 1524 770 771 701 
6053 1573 1605 1582 1595 
6054 22 686 1037 1149 
6055 1646 1406 1655 1395 
6056 1661 1188 1286 1266 
6057 1646 1650 1553 1554 
6058 1661 1470 1467 1458 
6059 1655 1266 1215 404 
6060 1197 1252 1180 71 
6061 1621 423 424 420 
6062 689 924 892 658 
6063 689 892 621 658 
6064 101 583 694 870 
6065 1542 869 914 834 
6066 1033 38 1150 1280 
6067 1661 1620 487 1549 
6068 1160 1007 1023 628 
6069 931 1016 112 660 
6070 931 623 1016 660 
6071 16 960 556 542 
6072 1581 1583 530 528 
6073 1210 45 365 1454 
6074 1639 1183 1220 1198 
6075 1649 81 578 568 
6076 1231 1210 1261 444 
6077 1231 1463 45 1454 
6078 694 641 621 852 
6079 870 641 694 852 
6080 1573 1606 1580 1584 
6081 870 641 583 694 
6082 1607 1575 570 1574 
6083 811 436 1308 1312 
6084 815 1342 209 1328 
6085 1541 204 780 778 
6086 1541 1337 1540 1332 
6087 1313 1308 1314 436 
6088 1541 1515 815 1307 
6089 1608 531 1513 535 
6090 1308 726 202 203 
6091 1549 1120 1121 1047 
6092 1661 404 1405 1265 
6093 1549 1121 1153 10 
6094 1549 1193 1199 1272 
6095 306 961 1405 992 
6096 1626 1000 292 969 
6097 1618 1314 59 436 
6098 1609 1661 1637 487 
6099 1609 1661 1619 1637 
6100 1506 1519 1534 52 
6101 1572 707 756 753 
6102 1517 1235 1204 1200 
6103 1618 1518 1519 507 
6104 1660 1245 1254 1246 
6105 1663 732 1305 744 
6106 84 85 744 693 
6107 744 666 85 745 
6108 680 1139 1125 116 
6109 132 1616 1167 1164 
6110 1647 640 1116 1414 
6111 1616 1037 633 686 
6112 1610 572 578 80 
6113 1594 61 447 1247 
6114 1593 1221 1482 1218 
6115 1113 223 913 224 
6116 1546 1666 1547 5 
6117 1546 1528 1374 890 
6118 1052 222 836 223 
6119 712 437 739 441 
6120 1524 1298 1555 1557 
6121 1557 439 437 440 
6122 1573 531 1605 533 
6123 1542 884 850 901 
6124 1656 1068 1596 1096 
6125 1542 824 820 834 
6126 1563 1425 595 652 
6127 592 1663 649 671 
6128 1538 974 1024 939 
6129 1533 1659 1635 419 
6130 725 1317 743 195 
6131 1587 918 825 874 
6132 1566 505 498 504 
6133 1608 1605 531 535 
6134 1619 1227 1211 1212 
6135 1643 1641 1555 438 
6136 1516 1517 502 1224 
6137 1657 622 1624 698 
6138 1588 510 1639 1233 
6139 1545 1476 451 1477 
6140 421 1610 425 406 
6141 484 492 496 1130 
6142 1457 1465 1658 68 
6143 1230 67 68 495 
6144 1194 1206 61 381 
6145 1658 1111 1126 68 
6146 1524 812 1628 770 
6147 1623 634 612 667 
6148 1627 634 1623 587 
6149 1608 1654 1571 1513 
6150 403 1655 1395 1619 
6151 306 992 1405 404 
6152 315 404 1404 997 
6153 1181 1661 1456 1467 
6154 1406 313 314 1018 
6155 977 556 562 554 
6156 1447 350 1514 1086 
6157 1051 995 1569 1097 
6158 758 1267 167 767 
6159 1325 743 1317 195 
6160 1585 4 1508 441 
6161 1516 1493 1492 1494 
6162 1252 508 70 71 
6163 1512 1608 537 1638 
6164 1633 1604 1608 564 
6165 1527 579 1652 566 
6166 1527 566 1652 1445 
6167 914 1542 851 1543 
6168 349 1449 1441 1514 
6169 1608 1582 1513 531 
6170 751 776 439 437 
6171 1646 962 1410 1396 
6172 1212 1619 509 1190 
6173 1655 1253 1215 1266 
6174 1655 1400 1661 405 
6175 1572 804 1255 779 
6176 1660 1245 1572 1039 
6177 762 880 176 823 
6178 1522 596 702 659 
6179 1616 965 988 1016 
6180 1570 979 1616 1509 
6181 1647 605 663 640 
6182 1016 1616 623 1164 
6183 615 84 744 693 
6184 1663 1626 969 669 
6185 765 1035 781 810 
6186 1663 661 685 615 
6187 1647 1513 629 358 
6188 1165 23 358 584 
6189 1576 824 1360 1353 
6190 1512 1633 1608 1638 
6191 443 1106 1105 1107 
6192 1527 455 457 459 
6193 449 1107 443 1105 
6194 1593 1221 1209 1259 
6195 1608 1605 1582 531 
6196 1592 1138 1082 1135 
6197 1582 1647 1563 1432 
6198 1654 1571 1511 1412 
6199 1548 1365 50 1373 
6200 1546 1052 836 1666 
6201 1598 773 805 746 
6202 1654 1428 1430 1429 
6203 1520 642 627 607 
6204 855 1668 828 460 
6205 1529 1531 48 1564 
6206 782 1255 164 779 
6207 1572 804 727 1003 
6208 1032 1202 1279 276 
6209 1534 1397 303 932 
6210 1616 1125 1095 1149 
6211 1509 1036 1013 935 
6212 1647 663 595 683 
6213 1620 1405 1549 1399 
6214 1392 1534 52 1506 
6215 952 401 39 948 
6216 1231 1210 444 1454 
6217 1588 1491 1198 1282 
6218 1654 1430 1428 1436 
6219 1481 1475 1201 377 
6220 1287 1233 510 519 
6221 93 688 772 659 
6222 844 733 175 174 
6223 803 844 174 733 
6224 1520 818 648 620 
6225 844 923 891 688 
6226 1516 1567 1323 1319 
6227 1588 11 515 510 
6228 1492 1500 390 1195 
6229 1015 987 747 957 
6230 1590 861 907 887 
6231 1564 479 1640 414 
6232 1349 244 918 1344 
6233 1564 1584 1668 1529 
6234 1589 830 822 846 
6235 1532 1589 1587 1344 
6236 61 381 1206 1473 
6237 1554 1022 538 943 
6238 1506 1568 1507 1650 
6239 980 934 1569 994 
6240 1510 1097 1569 995 
6241 1632 1535 1648 14 
6242 1581 1583 599 650 
6243 1583 637 598 684 
6244 1572 1245 1246 1202 
6245 1515 1567 1516 1327 
6246 101 870 694 852 
6247 1654 1647 1430 1436 
6248 1592 1057 1096 1135 
6249 1541 720 204 778 
6250 1609 1613 1634 1638 
6251 1667 1628 769 797 
6252 72 1233 1197 518 
6253 1615 1658 444 1454 
6254 1588 418 1566 1635 
6255 1618 1321 1567 1315 
6256 1641 523 525 1558 
6257 1515 1307 1327 1317 
6258 1602 1409 1554 941 
6259 1509 1088 1510 998 
6260 1509 979 1013 1036 
6261 1566 1501 498 11 
6262 1375 906 261 917 
6263 1615 1205 1257 1208 
6264 558 537 559 1513 
6265 558 537 1513 15 
6266 1642 1172 142 1171 
6267 1537 954 949 955 
6268 1554 1409 310 941 
6269 1613 1553 1653 1612 
6270 299 1402 1396 1391 
6271 1092 1654 1412 1571 
6272 232 1192 893 1271 
6273 1226 903 885 862 
6274 1578 905 1271 1241 
6275 1387 1591 1379 1561 
6276 1591 730 1291 1302 
6277 1629 51 1561 1390 
6278 1300 1591 1561 1562 
6279 440 706 1508 441 
6280 706 1291 1557 440 
6281 1665 1335 466 467 
6282 1532 846 822 879 
6283 1665 64 1540 63 
6284 811 1312 1308 202 
6285 1623 667 698 624 
6286 436 1312 1311 1313 
6287 79 1535 543 1553 
6288 1565 741 737 703 
6289 1557 1296 1295 1300 
6290 1593 1123 1152 1077 
6291 1129 1546 1101 1091 
6292 1654 1429 1430 1426 
6293 1594 1251 1206 1247 
6294 1546 1091 863 1052 
6295 1633 1638 1512 540 
6296 1511 1513 555 559 
6297 1647 1066 595 1436 
6298 545 1512 1510 549 
6299 774 183 833 723 
6300 774 877 833 183 
6301 173 172 760 1237 
6302 802 774 1277 760 
6303 1489 743 717 783 
6304 541 1510 1602 1008 
6305 1512 546 559 549 
6306 998 935 1036 1156 
6307 1508 706 794 441 
6308 1591 1383 958 295 
6309 983 808 1015 155 
6310 1560 1176 1657 1522 
6311 1591 1294 747 1302 
6312 1667 769 751 797 
6313 717 387 1504 170 
6314 761 1504 717 783 
6315 67 1222 1110 1230 
6316 1064 490 1073 1058 
6317 1466 1199 370 1458 
6318 1581 1580 526 1573 
6319 1664 787 710 711 
6320 407 1610 406 1611 
6321 1530 252 919 816 
6322 1669 1624 1630 1555 
6323 1551 1645 1618 511 
6324 1654 1571 1429 1426 
6325 1037 1095 1006 265 
6326 1654 1412 1511 1419 
6327 659 844 688 772 
6328 1527 1652 1440 1445 
6329 1545 445 1547 1480 
6330 1593 920 1123 835 
6331 1545 1547 1479 1480 
6332 1616 935 1013 1006 
6333 1037 633 114 965 
6334 1616 680 633 638 
6335 1418 332 1416 1084 
6336 1623 791 786 728 
6337 1643 440 431 442 
6338 1306 666 649 744 
6339 1657 616 1522 1176 
6340 786 673 612 87 
6341 1654 1511 1513 1647 
6342 1657 704 616 681 
6343 1544 1578 886 1225 
6344 1544 426 1639 55 
6345 259 890 1374 1367 
6346 841 1348 238 899 
6347 1139 680 1125 1616 
6348 1570 1164 1616 988 
6349 267 1084 935 1156 
6350 1087 1414 640 604 
6351 1320 1309 199 735 
6352 1655 315 1404 997 
6353 1516 1492 1501 1494 
6354 764 1010 1585 736 
6355 365 1615 1454 1459 
6356 1661 1265 1405 1199 
6357 1615 444 1658 456 
6358 1284 379 1472 1186 
6359 1524 713 770 701 
6360 1667 813 1628 439 
6361 1667 751 813 439 
6362 1540 1515 1566 1533 
6363 1524 1292 1298 1297 
6364 763 1520 1598 1522 
6365 1527 455 1634 446 
6366 1527 346 1056 1044 
6367 1511 1419 1417 1414 
6368 1253 1215 282 997 
6369 1550 403 973 40 
6370 1619 1286 1181 1211 
6371 1511 1163 1647 605 
6372 1561 1390 1389 1626 
6373 1305 190 747 1294 
6374 1663 671 615 649 
6375 1589 396 1577 1 
6376 1541 1318 204 720 
6377 1545 1472 1476 1477 
6378 1516 1195 1269 1224 
6379 1310 1269 758 1267 
6380 145 1176 616 1657 
6381 689 892 103 621 
6382 100 583 101 870 
6383 749 833 785 879 
6384 1589 246 1347 822 
6385 775 681 90 670 
6386 1589 396 1347 246 
6387 742 477 716 746 
6388 1652 354 1450 1115 
6389 1511 1513 1647 1165 
6390 1579 1366 399 1371 
6391 1440 346 44 1056 
6392 1575 1604 1596 575 
6393 1527 1056 1652 1505 
6394 1588 1183 1639 1198 
6395 1588 1490 1501 11 
6396 830 1659 1577 862 
6397 1544 1578 1577 886 
6398 565 1446 566 1527 
6399 1649 1545 452 454 
6400 1617 563 82 1528 
6401 1564 1587 1668 460 
6402 1646 1619 1661 1637 
6403 1579 1479 1547 1484 
6404 1578 1579 1365 1370 
6405 1593 1221 1259 1285 
6406 457 1044 453 458 
6407 1016 1616 1164 988 
6408 1616 1414 638 604 
6409 1509 978 556 977 
6410 1088 1156 1416 331 
6411 1405 1408 961 307 
6412 315 41 404 997 
6413 1050 994 1030 1098 
6414 1537 552 550 551 
6415 528 1630 1583 529 
6416 1603 10 1153 1075 
6417 1668 464 463 460 
6418 1549 1405 1661 1399 
6419 1266 404 1265 1215 
6420 478 479 1640 1559 
6421 1120 1258 1150 316 
6422 1050 1030 971 1620 
6423 1537 550 1536 551 
6424 1549 1280 1258 1213 
6425 1642 687 1630 619 
6426 556 978 560 960 
6427 1629 1630 1624 1555 
6428 945 1384 1385 288 
6429 1583 637 619 589 
6430 1568 402 401 1383 
6431 227 900 1216 1277 
6432 80 564 1634 1638 
6433 1633 564 1638 1634 
6434 1649 456 1634 455 
6435 1226 826 1248 1225 
6436 1268 170 1504 387 
6437 1565 1191 1237 1219 
6438 1537 551 553 552 
6439 1577 830 925 35 
6440 1635 1196 1498 1184 
6441 1579 1651 1366 1371 
6442 1543 892 658 621 
6443 1078 125 124 658 
6444 1552 1059 43 1434 
6445 1535 1553 1612 548 
6446 527 18 1610 1638 
6447 579 1527 567 577 
6448 1055 1247 1104 323 
6449 1126 68 1111 1048 
6450 1657 146 691 632 
6451 145 1657 616 681 
6452 1389 1663 1561 1626 
6453 1308 1667 1314 430 
6454 1667 721 1628 797 
6455 1566 1533 1515 1497 
6456 1646 1554 1553 1637 
6457 721 1664 1667 1628 
6458 1308 1318 720 203 
6459 449 443 1147 453 
6460 1505 1108 1666 5 
6461 841 1348 899 1577 
6462 1652 1056 1440 44 
6463 1542 820 1359 1592 
6464 1606 600 590 672 
6465 1543 1552 1595 617 
6466 1537 552 1625 550 
6467 800 833 882 182 
6468 833 800 749 723 
6469 123 1142 586 1143 
6470 1552 658 1078 586 
6471 1661 1400 53 405 
6472 347 1448 1442 446 
6473 1639 510 1287 1233 
6474 1639 1662 1613 1615 
6475 1230 67 1468 68 
6476 907 180 755 887 
6477 688 844 803 772 
6478 803 844 923 174 
6479 1498 47 395 1281 
6480 415 1665 64 1540 
6481 1536 972 945 1029 
6482 81 82 454 459 
6483 909 1546 836 1666 
6484 1656 1592 1103 1096 
6485 1526 1584 1668 866 
6486 397 1528 1356 1352 
6487 1634 6 446 456 
6488 1133 447 1105 449 
6489 1537 1625 1538 1631 
6490 1273 1063 321 1126 
6491 1658 1063 60 1207 
6492 1054 1442 347 348 
6493 1602 1636 1569 540 
6494 1051 995 934 1569 
6495 1509 1156 1088 998 
6496 1510 995 1128 1097 
6497 1604 1443 1439 1444 
6498 515 1588 1614 1566 
6499 1537 1538 1536 1631 
6500 1579 1651 400 1471 
6501 1610 1638 1612 73 
6502 398 247 890 1357 
6503 1505 1144 1666 1108 
6504 1560 1523 1669 363 
6505 1605 573 575 576 
6506 1521 597 692 610 
6507 1605 1604 575 573 
6508 1608 1426 1604 1571 
6509 1570 1164 988 931 
6510 1428 1436 341 1066 
6511 1616 1414 1087 638 
6512 1170 26 636 139 
6513 696 1007 1023 110 
6514 611 1173 1171 141 
6515 1571 1080 1092 1141 
6516 1527 346 1440 1056 
6517 593 1521 1523 1606 
6518 702 92 772 659 
6519 1175 28 1624 147 
6520 1591 747 1294 957 
6521 1508 1568 4 967 
6522 1398 1506 1650 1568 
6523 1508 1042 975 948 
6524 9 484 497 1071 
6525 1094 481 1110 495 
6526 447 1262 1247 61 
6527 1571 1426 1092 1429 
6528 1549 1079 1033 966 
6529 1578 1271 905 867 
6530 1565 766 879 785 
6531 1588 1197 1183 1503 
6532 68 1111 484 1112 
6533 1668 858 1599 855 
6534 1577 1368 262 1372 
6535 1659 1281 1191 1488 
6536 1565 761 783 1504 
6537 1588 1544 1491 1282 
6538 1607 1575 1596 574 
6539 450 1658 1112 1063 
6540 417 413 1640 1540 
6541 1620 947 961 1408 
6542 1599 871 857 894 
6543 1520 620 642 659 
6544 775 702 596 91 
6545 1664 778 1341 721 
6546 66 483 487 1661 
6547 1549 1243 1272 1199 
6548 1620 1408 308 947 
6549 1602 540 1569 545 
6550 1099 1620 1153 1050 
6551 1405 992 961 1019 
6552 1547 1666 1374 1369 
6553 1049 224 1113 913 
6554 359 1626 360 1170 
6555 656 660 24 355 
6556 1608 1513 1571 1512 
6557 1409 309 946 1403 
6558 1541 1540 1664 1332 
6559 1667 1318 1541 720 
6560 1398 300 1017 1396 
6561 1660 1572 1245 1246 
6562 478 1559 473 471 
6563 1159 358 126 608 
6564 1538 1381 1385 1378 
6565 1655 1661 1266 404 
6566 1565 761 1219 714 
6567 1669 525 1555 529 
6568 152 1004 781 153 
6569 747 189 808 1302 
6570 1663 685 765 615 
6571 1660 304 937 1393 
6572 1581 532 1648 1513 
6573 1522 734 763 795 
6574 1560 468 1597 1522 
6575 1669 1630 1624 1523 
6576 1526 1576 1600 1543 
6577 213 1664 1338 1330 
6578 1523 363 364 1178 
6579 1657 1175 1624 622 
6580 1664 710 787 748 
6581 1649 454 81 82 
6582 419 56 1659 1635 
6583 1262 60 1231 61 
6584 1532 1586 1590 65 
6585 1587 1589 48 1344 
6586 1565 1495 1497 1499 
6587 1515 1327 1516 1317 
6588 1529 902 883 829 
6589 1614 1611 513 511 
6590 1577 1372 1365 1368 
6591 1602 1027 941 942 
6592 1656 1076 1103 1100 
6593 523 1611 1641 73 
6594 1514 497 1634 493 
6595 1627 1299 1306 1293 
6596 1571 1569 1060 1086 
6597 1609 1636 1638 489 
6598 427 1588 1614 1639 
6599 1656 1596 1592 1096 
6600 1226 903 862 1659 
6601 1643 442 438 440 
6602 351 1571 1141 1140 
6603 1527 1056 453 1044 
6604 1514 1058 1064 1043 
6605 1054 9 497 1071 
6606 573 18 572 527 
6607 1441 1449 1453 1514 
6608 1514 497 496 1053 
6609 1603 1030 1620 946 
6610 1244 992 1215 404 
6611 1639 1662 1614 1613 
6612 1521 27 364 607 
6613 1615 1634 456 480 
6614 1363 1656 1546 1617 
6615 1528 1364 1356 255 
6616 688 844 923 803 
6617 1657 791 1623 738 
6618 704 750 1560 1522 
6619 1590 215 724 716 
6620 1516 1195 502 500 
6621 821 1216 1238 1288 
6622 1610 580 578 572 
6623 1216 774 900 878 
6624 1605 531 535 533 
6625 1543 1114 1078 839 
6626 1563 652 679 582 
6627 1527 1634 455 565 
6628 1449 1054 1442 497 
6629 494 482 1603 10 
6630 1602 1409 941 946 
6631 1569 1064 1127 1086 
6632 1460 486 1462 1470 
6633 1661 1620 1637 487 
6634 1551 507 1618 1519 
6635 1615 519 1644 1208 
6636 1602 1027 959 1008 
6637 1600 1595 1543 1576 
6638 1663 765 685 1035 
6639 1663 951 293 1382 
6640 1657 632 759 704 
6641 1657 622 691 146 
6642 1657 771 757 759 
6643 1562 402 1379 51 
6644 1663 1294 747 987 
6645 1620 946 1030 1031 
6646 1428 341 340 1137 
6647 1654 1420 1647 1436 
6648 1421 1511 1412 1419 
6649 328 1415 1060 1422 
6650 1640 524 74 523 
6651 1590 742 724 792 
6652 1590 466 1329 1334 
6653 1664 213 699 710 
6654 287 39 952 401 
6655 1667 720 1541 778 
6656 296 948 401 1383 
6657 1536 945 972 968 
6658 1077 1263 1593 1109 
6659 1573 1584 1622 1574 
6660 1577 899 1531 1348 
6661 1600 602 601 603 
6662 1520 881 1598 856 
6663 1588 55 1639 427 
6664 1573 1605 1581 1582 
6665 1578 1377 905 400 
6666 1570 931 988 985 
6667 1514 489 1064 490 
6668 1428 341 1137 1066 
6669 16 944 960 542 
6670 1549 1258 1120 1249 
6671 1230 1126 320 1048 
6672 1486 381 1194 61 
6673 1600 599 601 602 
6674 943 942 944 76 
6675 1001 538 943 76 
6676 943 77 942 76 
6677 1612 1536 1535 548 
6678 1632 1631 1536 1643 
6679 1554 942 941 930 
6680 1666 1101 1113 1144 
6681 600 1600 1606 599 
6682 1593 1263 1594 1109 
6683 1486 1194 381 380 
6684 1592 840 249 849 
6685 564 565 1634 1446 
6686 1148 1647 1066 595 
6687 1450 354 353 1115 
6688 342 343 1118 1425 
6689 1305 190 799 747 
6690 1663 1389 293 969 
6691 747 1294 189 1302 
6692 1623 1299 1301 1306 
6693 1663 981 661 669 
6694 615 744 84 765 
6695 1506 1568 4 435 
6696 1648 358 1159 608 
6697 1666 1369 831 843 
6698 1621 414 1622 423 
6699 1552 653 586 1143 
6700 1542 1081 1114 1122 
6701 1548 423 1649 425 
6702 1596 579 574 566 
6703 1644 1190 1619 1181 
6704 1001 972 984 561 
6705 1514 497 493 491 
6706 1569 1134 1051 1097 
6707 238 396 1348 841 
6708 1659 1589 56 409 
6709 1590 926 838 874 
6710 1660 1182 986 1034 
6711 1667 797 720 778 
6712 668 148 1179 588 
6713 1602 1637 1603 1636 
6714 1566 1501 1516 498 
6715 1667 797 751 720 
6716 1589 48 396 1 
6717 1287 1208 1233 519 
6718 1589 830 35 246 
6719 1486 1261 1476 444 
6720 1621 580 1622 569 
6721 1593 1209 1221 1218 
6722 1634 1615 1649 1613 
6723 1366 1373 1374 1547 
6724 995 270 269 1097 
6725 1537 1625 1535 550 
6726 299 312 1402 313 
6727 1642 635 665 1171 
6728 496 1071 1130 1053 
6729 9 1054 497 446 
6730 1525 912 872 819 
6731 1354 1529 1530 1352 
6732 1652 1056 44 1045 
6733 1441 1447 350 1514 
6734 1610 1640 75 74 
6735 1135 1542 1102 1122 
6736 67 1110 1222 481 
6737 1110 495 1230 1048 
6738 833 785 723 749 
6739 1665 1343 1335 467 
6740 1532 1344 918 827 
6741 879 833 766 878 
6742 1535 1638 79 15 
6743 298 1018 1406 1395 
6744 1591 1383 295 1387 
6745 1629 1390 1627 1626 
6746 1646 1655 1406 1400 
6747 69 1550 1283 499 
6748 1655 963 1012 973 
6749 1660 986 1039 1026 
6750 1572 1202 1255 1279 
6751 1508 940 993 718 
6752 1555 1557 1562 438 
6753 1534 1393 937 303 
6754 687 1629 1642 1630 
6755 1667 1645 1541 1314 
6756 1516 796 1493 743 
6757 636 643 1539 1041 
6758 1509 998 978 1036 
6759 931 355 1164 660 
6760 1543 639 626 641 
6761 1568 1384 401 402 
6762 1598 856 881 898 
6763 1601 1606 1599 1584 
6764 1520 1522 763 772 
6765 1561 1382 294 951 
6766 1543 641 626 676 
6767 1185 1267 1322 767 
6768 761 717 1504 170 
6769 1232 1457 1230 373 
6770 1054 347 458 1044 
6771 67 483 1455 1465 
6772 1126 68 1048 1230 
6773 1578 848 264 1370 
6774 1651 1547 1593 1474 
6775 1651 46 1241 1471 
6776 1615 1186 1284 1472 
6777 1512 1569 1510 1415 
6778 347 1448 446 458 
6779 1571 327 1422 1412 
6780 1520 891 844 881 
6781 1598 854 828 855 
6782 1250 234 868 1241 
6783 1590 926 874 853 
6784 717 387 170 1274 
6785 1585 814 809 740 
6786 1640 461 413 479 
6787 758 1223 796 168 
6788 1667 59 1645 1314 
6789 104 981 661 1035 
6790 20 1035 104 685 
6791 744 666 693 85 
6792 1629 1624 1630 614 
6793 1597 1523 1601 469 
6794 145 1657 632 146 
6795 811 700 793 429 
6796 501 71 500 1180 
6797 1543 626 639 625 
6798 1572 990 956 991 
6799 1591 295 957 1387 
6800 1585 715 429 740 
6801 1233 1588 510 72 
6802 1661 1265 1266 404 
6803 1528 1375 1531 1368 
6804 1233 1588 72 1183 
6805 700 201 715 1311 
6806 794 1585 441 793 
6807 700 201 1311 1312 
6808 1511 1417 1616 1418 
6809 9 446 497 1634 
6810 1573 526 531 533 
6811 1453 1442 1446 1634 
6812 1546 398 1528 890 
6813 920 237 889 1259 
6814 1014 1620 961 1549 
6815 1602 1409 946 1403 
6816 1244 1215 1265 404 
6817 342 1118 1066 1436 
6818 1136 652 120 1118 
6819 1607 1574 1617 1530 
6820 1600 617 1543 1595 
6821 1616 965 1037 1006 
6822 1510 1569 1008 995 
6823 1409 1637 1403 1602 
6824 1510 1002 560 978 
6825 52 1534 1660 1518 
6826 1276 1660 1283 1550 
6827 1553 1638 1612 1613 
6828 1550 964 973 1009 
6829 931 112 111 660 
6830 626 676 1600 1543 
6831 1607 1530 1576 1574 
6832 1627 1623 634 649 
6833 359 1626 1539 360 
6834 704 750 757 1560 
6835 1537 1538 1570 949 
6836 1542 824 1576 1353 
6837 1586 415 462 412 
6838 1548 1365 1531 411 
6839 1525 677 585 645 
6840 1544 56 426 55 
6841 1635 1498 1491 1184 
6842 1325 196 743 195 
6843 1526 816 1530 919 
6844 1577 925 862 886 
6845 1588 1501 1566 11 
6846 1551 511 507 512 
6847 1662 1614 1611 513 
6848 1559 471 469 473 
6849 701 1301 1623 1292 
6850 673 786 1623 791 
6851 1538 1625 1642 1631 
6852 1615 444 1210 1454 
6853 1544 411 1577 1365 
6854 1615 1205 1284 1257 
6855 1492 1493 1195 389 
6856 1238 1659 1290 878 
6857 299 312 962 1396 
6858 1667 59 1314 430 
6859 1550 1212 69 1228 
6860 1397 303 932 302 
6861 297 403 973 1395 
6862 1620 1399 1661 1637 
6863 1244 1405 404 1265 
6864 1489 717 743 796 
6865 665 128 635 1162 
6866 1362 1352 1530 49 
6867 1531 240 1346 239 
6868 1624 1292 1524 1623 
6869 1583 598 590 599 
6870 1017 299 962 1396 
6871 1433 1434 1552 1424 
6872 1633 1638 1514 1634 
6873 931 656 1007 355 
6874 1179 149 1177 588 
6875 1539 1386 51 1390 
6876 126 608 358 23 
6877 1486 451 61 444 
6878 1061 443 1147 1107 
6879 1449 1054 497 1053 
6880 1540 1641 1558 1640 
6881 450 1133 447 1063 
6882 1659 1226 1196 1225 
6883 1517 499 502 1200 
6884 1560 787 1664 711 
6885 1661 405 53 1399 
6886 1544 1639 1275 1198 
6887 1593 1259 889 1285 
6888 1651 1241 1250 868 
6889 417 1540 1611 416 
6890 1658 1232 1457 1273 
6891 1420 1428 1654 42 
6892 67 1230 1468 372 
6893 1519 507 516 512 
6894 1602 541 77 544 
6895 775 616 670 675 
6896 1520 657 692 695 
6897 593 581 1177 150 
6898 366 1459 1205 365 
6899 1543 621 639 641 
6900 1543 682 625 639 
6901 1555 8 476 472 
6902 1544 56 1635 1577 
6903 1665 1586 1532 1533 
6904 1652 1656 1129 1065 
6905 1594 448 1106 1105 
6906 1594 1218 1482 382 
6907 1171 1629 360 1539 
6908 1511 605 640 604 
6909 984 1536 1650 548 
6910 1543 1552 682 639 
6911 1551 1556 1641 428 
6912 1444 1443 1571 1604 
6913 81 454 455 459 
6914 1527 1044 457 1448 
6915 1455 372 371 1222 
6916 1054 1071 497 1053 
6917 1517 1264 1246 1236 
6918 1550 499 1517 1283 
6919 1603 1098 1569 1134 
6920 1655 1286 1619 1211 
6921 1550 1212 1228 1227 
6922 932 302 936 1392 
6923 1602 1603 1620 946 
6924 1655 1239 1211 1227 
6925 1253 1012 1028 281 
6926 1585 736 809 764 
6927 1660 1394 304 1393 
6928 16 960 944 976 
6929 1222 1110 1093 481 
6930 1131 1115 337 1435 
6931 1531 261 1375 906 
6932 1596 1046 1082 1154 
6933 1543 682 1552 625 
6934 1595 1552 1563 617 
6935 1546 1652 1527 567 
6936 762 175 176 880 
6937 805 465 477 468 
6938 1598 926 853 911 
6939 1664 1541 1332 778 
6940 1657 1522 616 704 
6941 1665 415 1586 1533 
6942 1522 607 1176 616 
6943 1516 1517 1567 502 
6944 1653 1611 1662 1613 
6945 1650 1536 1612 548 
6946 1663 987 1004 951 
6947 1661 53 1637 1399 
6948 1517 1518 1320 1321 
6949 1518 58 57 429 
6950 1550 1240 1276 1182 
6951 1550 964 1009 1034 
6952 416 1645 511 505 
6953 1203 1252 71 1180 
6954 1655 1253 1028 997 
6955 1554 1410 962 930 
6956 1523 1521 593 1178 
6957 897 1656 1091 863 
6958 1592 849 249 1355 
6959 1592 1359 249 840 
6960 1602 1554 1636 544 
6961 1604 1435 1070 1115 
6962 1155 640 683 118 
6963 1509 1088 1156 1416 
6964 1526 919 824 860 
6965 1563 617 1552 662 
6966 1620 1399 1549 1661 
6967 449 1133 450 1069 
6968 1104 1207 322 1247 
6969 1058 1514 491 1053 
6970 1570 955 949 989 
6971 1510 929 1002 978 
6972 1446 1453 1634 1633 
6973 157 940 806 718 
6974 1663 615 744 649 
6975 1663 781 799 732 
6976 732 191 1305 744 
6977 1627 592 634 587 
6978 1630 614 668 655 
6979 1516 1224 502 1200 
6980 1627 614 1169 587 
6981 666 693 649 744 
6982 1562 438 1557 440 
6983 1668 828 817 864 
6984 525 1555 534 1641 
6985 567 82 577 459 
6986 1660 938 937 304 
6987 807 1517 1322 1185 
6988 707 1518 1320 1517 
6989 758 1325 196 743 
6990 1533 1336 1331 1340 
6991 1533 1635 1659 1497 
6992 181 182 800 882 
6993 1590 861 918 874 
6994 1371 400 868 256 
6995 1602 980 941 1027 
6996 1349 243 242 817 
6997 564 1638 18 1608 
6998 983 156 940 784 
6999 1015 747 987 154 
7000 1508 1042 1011 975 
7001 983 784 808 155 
7002 1524 1297 1628 713 
7003 905 400 868 1241 
7004 1652 1596 1604 566 
7005 1581 1582 1605 531 
7006 1226 229 230 885 
7007 991 756 736 956 
7008 1612 1641 1535 1536 
7009 1322 1309 807 198 
7010 1517 1224 1310 1322 
7011 1549 1121 1093 1047 
7012 1033 38 275 1150 
7013 1549 1249 1193 1272 
7014 1231 45 1210 1454 
7015 485 480 1454 1658 
7016 447 60 1262 61 
7017 1214 377 1481 1201 
7018 1632 1631 1555 1630 
7019 931 111 656 660 
7020 1539 678 974 643 
7021 1538 939 970 949 
7022 1663 1304 1627 1293 
7023 51 1562 1629 1561 
7024 1572 1518 1585 756 
7025 1569 1098 1603 1030 
7026 1546 1652 567 1656 
7027 1578 1260 1217 1192 
7028 1617 397 398 1357 
7029 1569 1030 1602 980 
7030 1468 373 372 1230 
7031 1615 1257 1287 1208 
7032 1552 1142 1090 1143 
7033 1566 1533 419 422 
7034 1624 1623 1627 1562 
7035 1646 52 1650 1396 
7036 1667 430 751 439 
7037 1562 1300 1299 1304 
7038 478 1540 1558 1640 
7039 472 1560 470 475 
7040 1590 755 907 792 
7041 648 96 818 871 
7042 1521 651 1599 1606 
7043 1525 647 646 585 
7044 1586 408 1589 409 
7045 1602 1636 1603 1569 
7046 1565 788 741 761 
7047 1659 1635 1544 1225 
7048 1568 431 4 435 
7049 1537 550 1535 1536 
7050 1539 1041 643 974 
7051 294 957 295 1387 
7052 1591 1557 1291 440 
7053 1527 1448 346 1044 
7054 1573 1584 1600 1606 
7055 1607 1617 1361 49 
7056 1602 941 980 946 
7057 1582 1563 1595 1433 
7058 1607 1592 1656 1596 
7059 179 907 180 755 
7060 1669 525 529 528 
7061 1176 1521 1560 1523 
7062 1511 555 1513 1625 
7063 613 1525 677 651 
7064 1602 1030 946 980 
7065 1656 897 1103 922 
7066 1216 1237 1277 760 
7067 1349 817 242 1345 
7068 768 882 749 1532 
7069 1627 137 1169 1168 
7070 1598 828 7 460 
7071 1565 1659 785 879 
7072 1548 1545 1649 454 
7073 465 1598 853 7 
7074 1602 1030 1603 946 
7075 1626 1000 969 669 
7076 1603 1083 1073 1124 
7077 1603 482 1620 10 
7078 1663 969 981 669 
7079 1561 1294 1663 957 
7080 1572 782 753 779 
7081 1603 1569 1064 1083 
7082 1544 1579 1548 1365 
7083 18 572 527 1610 
7084 1525 1584 1599 1606 
7085 1181 1661 1467 1286 
7086 1583 629 608 684 
7087 1573 571 1574 569 
7088 1552 1089 653 1143 
7089 1454 1461 485 1658 
7090 518 519 1233 1270 
7091 1180 72 391 1197 
7092 369 370 1199 1458 
7093 1607 1353 1361 1359 
7094 1552 682 653 662 
7095 1552 1081 1059 1090 
7096 1582 617 618 602 
7097 1570 1160 355 989 
7098 1608 1638 1535 15 
7099 1511 1570 1166 1164 
7100 1509 560 556 978 
7101 1511 1512 559 562 
7102 900 774 1277 921 
7103 878 821 900 1216 
7104 1621 1529 1564 420 
7105 1604 1115 1131 1435 
7106 1542 1552 1543 1114 
7107 820 251 824 1353 
7108 1525 646 647 657 
7109 1540 63 1664 1343 
7110 1533 1589 1659 419 
7111 1590 861 874 907 
7112 900 774 921 877 
7113 1565 714 766 788 
7114 1628 769 797 721 
7115 1185 1322 807 767 
7116 1421 1571 1412 1511 
7117 1573 1605 1575 571 
7118 1542 850 1592 901 
7119 1565 766 1290 878 
7120 1603 489 482 490 
7121 1572 1242 1517 735 
7122 1516 796 758 1223 
7123 1489 1504 717 387 
7124 1610 75 580 536 
7125 1054 450 1069 458 
7126 774 1216 1277 760 
7127 1635 419 56 418 
7128 1509 1418 1417 1416 
7129 1608 537 1638 15 
7130 1595 1431 1433 1424 
7131 1509 549 556 560 
7132 564 1608 573 1604 
7133 1088 1416 1413 331 
7134 1570 1166 356 357 
7135 1510 995 929 1128 
7136 998 267 935 1156 
7137 1590 722 724 33 
7138 1564 412 410 408 
7139 1669 1558 525 1559 
7140 675 596 775 1522 
7141 1552 682 586 653 
7142 1112 9 68 1658 
7143 1603 1636 1637 482 
7144 1634 1615 456 1649 
7145 1529 847 1358 842 
7146 1668 864 865 858 
7147 878 833 774 877 
7148 1069 449 1147 458 
7149 68 1048 1230 495 
7150 1548 1365 1579 50 
7151 1569 995 934 1008 
7152 1509 978 977 979 
7153 1517 1204 1283 499 
7154 1534 932 982 967 
7155 556 553 977 976 
7156 1603 1050 1030 1098 
7157 1559 522 525 528 
7158 1581 1582 1583 650 
7159 1621 563 1574 1617 
7160 1599 866 894 858 
7161 1533 737 1565 785 
7162 1552 582 653 1089 
7163 1576 1360 1530 1353 
7164 1581 532 1513 531 
7165 1591 1562 440 431 
7166 1594 1473 62 61 
7167 1593 889 908 1285 
7168 1593 835 1049 888 
7169 1603 1637 1620 482 
7170 689 658 1151 924 
7171 1655 963 1028 1012 
7172 1379 1562 51 1561 
7173 1508 1042 1568 967 
7174 188 706 1291 187 
7175 1643 51 1631 1378 
7176 470 1560 1664 699 
7177 774 900 878 877 
7178 1538 949 928 939 
7179 1565 1191 1659 1290 
7180 386 385 1499 1219 
7181 1602 541 544 545 
7182 1655 1018 963 973 
7183 1620 996 1549 1014 
7184 556 960 560 542 
7185 1296 706 712 187 
7186 1645 505 506 511 
7187 1311 58 429 436 
7188 1578 264 867 1377 
7189 868 400 37 256 
7190 905 37 400 1377 
7191 862 826 885 1226 
7192 1579 399 50 1365 
7193 1137 1420 1066 335 
7194 1543 1078 1552 658 
7195 122 1143 653 1089 
7196 1167 1511 604 1163 
7197 1023 1160 628 1538 
7198 498 515 1566 11 
7199 1661 1188 1265 1199 
7200 1572 1517 1242 1264 
7201 1517 735 1320 707 
7202 685 1035 765 810 
7203 351 350 1447 1140 
7204 665 1538 611 628 
7205 1663 951 981 969 
7206 1539 1173 611 643 
7207 1555 1298 1562 1557 
7208 1171 1629 1539 1642 
7209 1568 1643 402 1591 
7210 299 313 1402 1391 
7211 1012 1187 973 1009 
7212 1093 1075 1121 10 
7213 1550 1228 1276 1240 
7214 1229 1252 1270 508 
7215 1612 1535 1641 73 
7216 1663 987 951 957 
7217 1534 1519 1518 52 
7218 20 152 1035 810 
7219 1554 1407 1401 1411 
7220 1548 1649 423 568 
7221 1609 1644 1661 486 
7222 511 1611 416 1614 
7223 1549 1014 1019 961 
7224 1550 12 1518 503 
7225 1284 379 1476 1472 
7226 1447 351 1140 1571 
7227 1594 448 447 61 
7228 1585 1508 993 718 
7229 913 1049 888 1666 
7230 1610 527 74 536 
7231 1620 996 947 1031 
7232 1532 749 722 709 
7233 1195 1200 500 1180 
7234 1624 1627 1623 587 
7235 1650 1025 1040 933 
7236 104 661 981 105 
7237 1561 294 1382 1387 
7238 1663 981 1004 1035 
7239 1000 106 969 669 
7240 1593 1594 1666 1108 
7241 1647 1116 1148 1066 
7242 1602 1008 980 1027 
7243 315 314 963 1404 
7244 1514 1571 1447 1086 
7245 1000 636 106 669 
7246 1647 358 584 1165 
7247 1516 1310 1517 1224 
7248 1650 1025 1568 1040 
7249 1549 1243 1019 1213 
7250 1552 43 1424 1434 
7251 1443 1452 1444 1571 
7252 1585 793 740 429 
7253 534 1555 525 529 
7254 811 202 700 1312 
7255 554 1537 552 1625 
7256 1642 654 142 1172 
7257 1554 1401 310 1409 
7258 1622 1559 13 522 
7259 1596 1424 1046 1154 
7260 573 576 527 572 
7261 1103 221 922 897 
7262 1590 742 477 716 
7263 1598 881 763 880 
7264 1574 570 563 569 
7265 1601 1668 1599 464 
7266 1579 1484 1651 1471 
7267 1528 917 1367 904 
7268 1564 1668 1587 1345 
7269 1600 599 602 650 
7270 816 1668 1529 883 
7271 259 1374 890 843 
7272 1443 351 1447 1571 
7273 1610 80 1638 18 
7274 233 905 1241 1271 
7275 1359 1607 1353 1542 
7276 1629 1539 1390 360 
7277 554 1537 1625 1570 
7278 1626 636 1000 669 
7279 1511 1625 1570 555 
7280 135 690 584 1165 
7281 1608 1654 1426 1571 
7282 800 833 182 723 
7283 1203 1252 70 71 
7284 69 1550 499 12 
7285 1264 1242 1185 807 
7286 1535 1553 548 543 
7287 1649 452 456 455 
7288 1607 1575 1595 1596 
7289 1552 1059 1089 1143 
7290 1542 869 1543 914 
7291 1668 895 866 865 
7292 1520 620 648 697 
7293 93 772 92 659 
7294 681 775 616 670 
7295 1524 1298 1557 1297 
7296 1558 1556 1555 1641 
7297 777 926 911 876 
7298 1632 1641 1535 14 
7299 1628 787 770 748 
7300 1524 1557 1628 1297 
7301 715 1320 790 1518 
7302 1203 499 501 70 
7303 1054 458 1069 1044 
7304 1661 1470 1644 1456 
7305 1222 1110 1047 1093 
7306 1446 564 565 566 
7307 1652 1129 1505 1056 
7308 1594 1055 1109 1251 
7309 1666 1374 1369 843 
7310 1593 920 1152 1123 
7311 1629 1390 1539 51 
7312 747 1663 799 1305 
7313 1524 731 770 787 
7314 1538 628 678 611 
7315 1524 1562 1555 1298 
7316 158 159 953 764 
7317 1572 1003 789 956 
7318 1514 1633 1634 1453 
7319 672 651 593 1606 
7320 1447 1452 1443 1571 
7321 1515 1565 1495 1497 
7322 1663 987 799 1004 
7323 1340 1665 1329 1590 
7324 1591 706 1291 730 
7325 429 1312 811 700 
7326 1663 1004 781 1035 
7327 1566 498 1516 504 
7328 1144 1593 1108 1117 
7329 1447 1086 1140 350 
7330 1546 1652 1656 1129 
7331 1506 1534 936 1392 
7332 1624 1623 624 587 
7333 1538 1024 970 939 
7334 1253 1187 1012 281 
7335 1655 1253 1266 1239 
7336 1559 471 479 463 
7337 863 849 897 1656 
7338 1652 566 1604 1445 
7339 1142 1552 1090 1078 
7340 1611 513 511 512 
7341 1600 676 644 645 
7342 1505 1108 1107 1145 
7343 1103 922 221 220 
7344 1626 1000 636 1380 
7345 1603 1153 1620 1050 
7346 1559 479 471 478 
7347 1523 1606 1583 581 
7348 1616 1087 1139 638 
7349 1655 1661 404 405 
7350 1661 1458 483 1470 
7351 1667 3 1645 59 
7352 1583 650 629 684 
7353 1536 1378 1643 1631 
7354 297 40 973 403 
7355 1593 889 920 835 
7356 1545 427 426 425 
7357 1655 1253 1239 1187 
7358 1615 1261 1284 1210 
7359 1615 1257 1639 1287 
7360 1547 831 1666 1369 
7361 1322 807 767 198 
7362 1253 282 1028 997 
7363 1520 648 818 871 
7364 1132 1652 1068 1596 
7365 747 1663 1305 1294 
7366 1655 314 1406 1404 
7367 1149 680 686 1616 
7368 528 1669 1580 1630 
7369 1629 360 1168 1169 
7370 1067 1510 330 1088 
7371 680 638 1139 116 
7372 1569 1127 1085 1060 
7373 31 1292 194 701 
7374 460 1598 828 855 
7375 1635 1497 1496 1502 
7376 1622 1601 1559 463 
7377 833 785 879 766 
7378 1645 433 59 3 
7379 72 1233 518 510 
7380 1551 1556 1645 1641 
7381 518 508 519 1270 
7382 172 1237 714 760 
7383 1515 725 1317 743 
7384 1483 1474 1285 384 
7385 1505 443 1061 1107 
7386 1647 683 640 663 
7387 18 564 1608 573 
7388 1655 963 314 1404 
7389 583 870 676 641 
7390 1652 1451 354 1045 
7391 1092 339 1146 1429 
7392 1646 1655 1619 1395 
7393 1624 1179 1630 668 
7394 1460 486 1470 1644 
7395 1232 1230 1457 1273 
7396 1054 450 9 1071 
7397 1655 1406 1400 1404 
7398 1658 1262 1232 1207 
7399 1069 458 1147 1044 
7400 1410 962 312 1396 
7401 1550 1212 509 69 
7402 1566 505 1567 1645 
7403 1615 365 1205 1459 
7404 540 1638 1636 1514 
7405 1514 1569 1636 540 
7406 994 1050 272 1098 
7407 1409 1637 1602 1554 
7408 1053 1514 349 1043 
7409 1509 1156 935 1084 
7410 1297 1557 705 1295 
7411 1525 651 1599 610 
7412 9 1054 446 450 
7413 853 1590 465 7 
7414 1540 1645 1664 1556 
7415 1002 541 959 1008 
7416 1549 1120 1150 1079 
7417 1595 1435 1604 1431 
7418 713 1628 812 705 
7419 1535 73 1638 535 
7420 1624 1179 668 362 
7421 1538 1160 628 1158 
7422 1550 403 305 1394 
7423 1644 521 1619 1190 
7424 1646 1554 1637 1407 
7425 1554 941 310 930 
7426 1618 1314 1567 1645 
7427 1660 938 1394 305 
7428 1572 1038 1026 950 
7429 1513 15 1535 558 
7430 1616 638 633 606 
7431 1616 638 606 604 
7432 1552 586 1142 1143 
7433 1093 1549 66 10 
7434 1655 1012 1253 1187 
7435 1620 308 1031 947 
7436 1655 1028 315 997 
7437 1549 1047 66 1249 
7438 305 1660 964 1550 
7439 1574 1573 569 533 
7440 685 765 83 810 
7441 1565 1290 1659 878 
7442 1516 758 1310 1269 
7443 766 879 878 1565 
7444 1010 953 159 764 
7445 1561 1390 1382 1389 
7446 726 430 436 437 
7447 1540 478 1558 63 
7448 1515 1495 1496 1497 
7449 1518 715 1585 790 
7450 1533 1515 1565 703 
7451 1615 1205 1464 1459 
7452 1643 434 1641 438 
7453 685 765 615 83 
7454 1133 1105 1069 449 
7455 1232 1273 1063 1207 
7456 1273 1063 1207 321 
7457 1594 447 1104 1247 
7458 1655 1286 1661 1619 
7459 1103 922 220 896 
7460 1532 1587 1586 65 
7461 1608 1426 1430 1431 
7462 1546 1374 1528 1547 
7463 1505 1107 1061 1145 
7464 1582 630 1563 1647 
7465 1654 1146 340 1429 
7466 1549 1093 66 1047 
7467 756 1585 736 790 
7468 1522 750 734 795 
7469 1619 1550 1227 1212 
7470 1570 355 1160 356 
7471 1524 701 1623 1292 
7472 1591 808 730 1302 
7473 483 1661 1470 486 
7474 1660 1236 1246 1254 
7475 1534 303 1020 932 
7476 1660 1039 1572 1026 
7477 1572 1003 1038 950 
7478 815 205 780 1326 
7479 1511 1647 1163 1165 
7480 1428 1066 1137 1420 
7481 1540 1343 1664 1332 
7482 1629 1561 1627 1390 
7483 719 805 468 1560 
7484 1546 1357 863 1363 
7485 1525 1600 613 645 
7486 478 1559 1558 473 
7487 1624 668 1630 614 
7488 1572 950 1039 1202 
7489 1515 32 815 1307 
7490 1609 1637 1636 482 
7491 1626 292 1389 969 
7492 1626 292 1000 1380 
7493 1560 1524 1657 363 
7494 20 1035 685 810 
7495 1551 1645 1556 428 
7496 1661 1470 1456 1467 
7497 1645 3 1556 428 
7498 597 1178 151 593 
7499 1295 186 705 185 
7500 1594 1106 448 443 
7501 1505 1144 1108 1145 
7502 1661 1181 1644 1619 
7503 1623 193 1301 728 
7504 1538 989 1570 949 
7505 1379 1383 402 1591 
7506 1509 978 979 1036 
7507 659 844 772 1520 
7508 1589 246 822 830 
7509 1385 945 1536 1384 
7510 1511 640 1414 604 
7511 1595 1596 1435 1424 
7512 1573 571 569 533 
7513 839 884 1062 217 
7514 1142 1552 1078 586 
7515 1607 1361 1592 1359 
7516 1595 1046 1596 1424 
7517 1552 1089 1434 1427 
7518 67 1110 495 1230 
7519 1263 1077 1209 325 
7520 402 1379 1591 1562 
7521 1626 1539 1390 1380 
7522 1455 1465 483 1469 
7523 72 1197 1233 1183 
7524 1553 79 1636 78 
7525 1513 357 358 1165 
7526 1646 1609 1653 1619 
7527 1660 1394 938 304 
7528 1159 608 126 594 
7529 1627 587 137 592 
7530 1609 488 486 487 
7531 1537 553 1570 554 
7532 1626 609 592 138 
7533 449 453 1147 458 
7534 1607 1595 1542 1596 
7535 1052 1546 1101 1666 
7536 226 835 1123 920 
7537 1263 1109 1077 325 
7538 1560 729 731 711 
7539 1611 407 2 406 
7540 1054 1442 348 1449 
7541 1512 1638 537 540 
7542 1546 1052 863 836 
7543 374 1231 1463 45 
7544 182 833 183 723 
7545 1310 758 197 767 
7546 575 1596 574 566 
7547 1642 1648 594 637 
7548 1599 855 858 857 
7549 1643 438 1562 440 
7550 1538 970 989 949 
7551 1568 1042 999 967 
7552 1627 1299 1623 1306 
7553 1520 1522 772 659 
7554 1349 918 243 825 
7555 766 723 774 833 
7556 1659 1290 1191 1238 
7557 1256 1212 69 517 
7558 1506 936 1568 1392 
7559 1578 1241 1217 1485 
7560 1532 846 1659 1589 
7561 1532 245 1344 827 
7562 826 1226 1248 230 
7563 1551 433 1645 428 
7564 1052 222 1100 897 
7565 1547 1474 1484 1487 
7566 298 1406 1391 1395 
7567 766 1565 1237 714 
7568 715 1320 1518 1311 
7569 1335 466 470 1334 
7570 1588 1197 72 1183 
7571 931 1007 656 111 
7572 1649 81 1634 80 
7573 1551 507 1519 512 
7574 482 1609 1637 487 
7575 1116 335 1066 1420 
7576 1596 1424 1070 1435 
7577 1515 798 754 725 
7578 1623 728 701 738 
7579 1550 1187 1240 1009 
7580 911 746 777 708 
7581 1508 1011 993 940 
7582 786 791 673 87 
7583 1543 914 869 852 
7584 1543 639 621 658 
7585 1046 1542 1596 1082 
7586 680 115 1125 1149 
7587 1566 1567 1515 1645 
7588 131 660 623 1164 
7589 1532 822 1589 1347 
7590 1628 769 705 813 
7591 1559 526 522 528 
7592 1515 1316 1327 1307 
7593 1588 1544 1639 55 
7594 1093 66 1047 1222 
7595 1548 425 1649 1545 
7596 513 505 515 1614 
7597 1565 1237 714 1219 
7598 1560 1524 1628 787 
7599 357 1648 1513 358 
7600 906 1528 917 1375 
7601 1668 828 864 855 
7602 1609 488 493 486 
7603 1506 4 1534 57 
7604 1629 1390 1626 360 
7605 1571 1092 1157 1141 
7606 1540 1533 1566 422 
7607 1650 1398 1017 1396 
7608 1586 408 415 412 
7609 1562 1300 1298 1299 
7610 1572 1039 950 1026 
7611 1646 1395 52 1391 
7612 1623 1306 1301 193 
7613 1655 404 1404 405 
7614 1509 562 556 549 
7615 1625 558 550 552 
7616 1540 1515 1533 1328 
7617 1648 357 1513 1625 
7618 1410 311 312 962 
7619 66 1222 1455 371 
7620 700 1312 1311 429 
7621 446 6 9 450 
7622 1550 503 1517 499 
7623 1372 264 263 848 
7624 540 1638 1514 1633 
7625 1552 1046 1059 1081 
7626 1527 1446 1440 1448 
7627 582 1437 1089 1427 
7628 1628 748 769 721 
7629 1561 1626 1663 1627 
7630 1522 596 642 675 
7631 1622 1584 1529 1574 
7632 1668 883 895 865 
7633 1543 626 625 603 
7634 1632 534 1555 1641 
7635 1663 969 293 951 
7636 1643 1555 1562 438 
7637 1648 608 629 358 
7638 969 106 105 669 
7639 1648 1535 1513 535 
7640 1001 557 538 76 
7641 1434 1089 345 1427 
7642 1529 847 842 902 
7643 1663 781 765 1035 
7644 1646 1653 1650 1519 
7645 1538 1381 289 1385 
7646 1622 414 1640 423 
7647 1505 453 454 459 
7648 1515 1645 1316 1307 
7649 1642 635 654 594 
7650 1525 872 912 873 
7651 1569 1514 1064 1086 
7652 306 1405 961 307 
7653 1603 489 1569 1636 
7654 1568 431 435 442 
7655 1646 1619 1653 1519 
7656 1590 907 755 887 
7657 1592 849 922 896 
7658 1534 937 990 991 
7659 1628 770 812 748 
7660 1508 4 1568 431 
7661 1553 547 1650 548 
7662 1563 582 679 662 
7663 1568 1536 968 952 
7664 1560 731 1524 787 
7665 1548 454 1649 82 
7666 1577 848 916 886 
7667 1521 692 1599 610 
7668 1650 1017 962 1396 
7669 1515 1516 743 1317 
7670 1563 1427 1552 1433 
7671 25 1629 1169 361 
7672 1538 1631 1539 1378 
7673 1525 585 664 645 
7674 962 1646 1554 1650 
7675 1666 831 859 843 
7676 1052 836 913 223 
7677 1545 1615 1476 1472 
7678 1607 1576 1575 1574 
7679 1545 1547 445 454 
7680 1656 1076 1068 1096 
7681 1661 1549 487 66 
7682 1591 957 1561 1387 
7683 1165 23 584 135 
7684 633 113 114 965 
7685 1652 579 1596 566 
7686 1646 1661 1400 53 
7687 1129 1546 1505 1101 
7688 1666 859 888 913 
7689 1560 731 787 711 
7690 333 1616 1418 1414 
7691 536 527 580 1610 
7692 1439 352 1131 353 
7693 1585 764 814 718 
7694 1538 628 1024 678 
7695 1663 1626 671 592 
7696 1506 4 57 435 
7697 1405 1620 1549 961 
7698 1661 1467 369 1458 
7699 1645 433 3 428 
7700 67 495 1110 481 
7701 1603 490 494 1073 
7702 317 318 1047 1249 
7703 1578 400 905 1241 
7704 1616 965 633 1037 
7705 1642 619 1583 637 
7706 1569 934 1098 994 
7707 1592 1138 1596 1082 
7708 1557 186 1296 712 
7709 1520 881 844 763 
7710 1551 1611 1612 1641 
7711 31 1297 1292 701 
7712 1536 1384 945 952 
7713 1508 4 431 441 
7714 1598 853 828 854 
7715 188 730 1291 706 
7716 1471 1578 400 1579 
7717 1553 1535 1612 1638 
7718 776 437 712 1557 
7719 1547 1594 1482 1480 
7720 1647 584 690 1165 
7721 1658 1232 1262 1231 
7722 1460 485 486 480 
7723 1310 197 1322 767 
7724 1653 513 1662 1611 
7725 1653 1644 1609 1613 
7726 1017 300 299 1396 
7727 1507 1650 1568 1536 
7728 1583 598 599 650 
7729 1521 597 364 27 
7730 1540 1611 1641 1640 
7731 1551 511 1611 1645 
7732 1506 57 1534 1518 
7733 1593 1278 920 1259 
7734 1570 554 562 555 
7735 567 82 459 1546 
7736 1652 354 1115 1045 
7737 1552 625 662 617 
7738 1659 1281 1196 1226 
7739 1660 1550 1182 1034 
7740 1610 423 421 425 
7741 1565 1219 761 1268 
7742 1592 1096 1596 1138 
7743 1542 1102 1122 1062 
7744 1619 1181 1190 1211 
7745 1560 468 1522 805 
7746 1577 1348 1531 396 
7747 1630 1177 363 1523 
7748 520 1615 1644 1662 
7749 1570 1616 979 988 
7750 1599 855 1598 464 
7751 579 1527 1652 567 
7752 802 921 1277 774 
7753 1609 486 493 480 
7754 1511 1509 1570 1616 
7755 1650 547 538 548 
7756 889 237 236 1259 
7757 959 944 942 76 
7758 1546 1357 398 890 
7759 1526 919 1530 824 
7760 1529 842 883 902 
7761 1593 1144 1666 1049 
7762 1551 1611 511 512 
7763 460 465 1598 464 
7764 516 503 507 1519 
7765 1149 680 1616 1125 
7766 1629 1555 1624 1562 
7767 1544 1578 1579 1365 
7768 1593 1474 1221 1285 
7769 67 1455 372 1468 
7770 1540 478 63 461 
7771 1663 1305 1293 744 
7772 1666 831 875 859 
7773 541 76 959 942 
7774 418 1566 1635 419 
7775 1660 1517 1572 1246 
7776 1591 1015 747 957 
7777 1644 367 1181 1456 
7778 1139 680 1616 638 
7779 1443 1141 352 351 
7780 1557 813 776 439 
7781 1512 1060 1569 1415 
7782 1537 557 954 553 
7783 1537 1536 1385 1029 
7784 1654 1429 1092 1146 
7785 1551 1645 1611 1641 
7786 1606 590 1583 581 
7787 1549 1120 1047 1249 
7788 357 1570 1511 1625 
7789 1600 602 603 617 
7790 1527 455 446 457 
7791 1551 433 434 432 
7792 1634 564 1446 1633 
7793 1398 1506 1568 1392 
7794 1655 997 1404 404 
7795 1306 649 1293 744 
7796 1544 411 426 56 
7797 1531 396 48 1 
7798 1533 709 703 737 
7799 1552 662 582 1427 
7800 863 849 1656 1363 
7801 1602 1403 1620 1637 
7802 1546 1505 1652 1129 
7803 659 844 1520 620 
7804 1610 407 1640 1611 
7805 1549 1121 1099 1153 
7806 9 446 1634 6 
7807 1660 1182 1550 1276 
7808 1564 420 410 412 
7809 1511 1163 605 604 
7810 1539 1629 1631 1642 
7811 1538 928 289 939 
7812 1548 1579 1545 1547 
7813 1536 984 968 972 
7814 1527 455 577 565 
7815 1611 416 1645 511 
7816 1560 1669 1524 363 
7817 1609 1619 1661 1644 
7818 1652 44 1451 1045 
7819 1606 599 590 600 
7820 1533 1565 1515 1497 
7821 1532 879 882 749 
7822 1543 658 1552 639 
7823 1524 1628 812 713 
7824 1545 444 1615 452 
7825 1650 984 1022 1017 
7826 1612 1641 1611 73 
7827 1662 520 513 514 
7828 1618 432 58 433 
7829 1525 912 819 894 
7830 1622 1601 463 1564 
7831 853 1590 926 465 
7832 1196 1281 1498 395 
7833 1196 395 1498 1184 
7834 878 1216 1290 1238 
7835 1078 1151 125 658 
7836 1078 1119 839 1114 
7837 1078 1151 658 924 
7838 586 1078 1142 124 
7839 1078 1151 924 1119 
7840 1571 1080 1060 1422 
7841 1571 1443 351 1141 
7842 1214 378 1481 377 
7843 513 1653 514 512 
7844 1214 1186 1481 378 
7845 1662 1639 1614 520 
7846 1601 464 469 463 
7847 1668 829 883 927 
7848 1531 906 239 899 
7849 626 676 644 1600 
7850 1581 1583 1606 599 
7851 1653 1609 1644 1619 
7852 1606 599 1583 590 
7853 1526 860 824 851 
7854 1590 838 742 792 
7855 1665 64 466 65 
7856 1665 1586 64 65 
7857 1343 1540 63 1665 
7858 1665 64 63 467 
7859 109 1024 1023 696 
7860 109 696 1023 110 
7861 500 1492 1500 1501 
7862 500 1492 1501 498 
7863 1516 1493 1489 743 
7864 1516 502 1195 1200 
7865 498 11 1501 1490 
7866 72 1197 1490 391 
7867 1516 1325 758 743 
7868 1019 1243 1244 284 
7869 1653 512 1551 1519 
7870 1019 284 1244 992 
7871 1244 1019 992 1405 
7872 1019 284 285 1243 
7873 1520 591 648 871 
7874 648 620 818 95 
7875 648 96 95 818 
7876 1539 1041 1000 636 
7877 1000 636 1041 107 
7878 1000 106 636 107 
7879 450 1133 1063 1112 
7880 1133 1104 447 1063 
7881 1133 447 1104 1105 
7882 344 345 1089 1427 
7883 344 1089 1136 1437 
7884 344 1437 1136 343 
7885 72 1490 500 391 
7886 72 518 1197 71 
7887 72 498 500 1490 
7888 72 11 498 1490 
7889 1547 1482 1487 1480 
7890 1545 427 1639 426 
7891 1547 62 1594 1480 
7892 1471 1578 1579 1485 
7893 1579 1366 50 399 
7894 1578 1475 1579 1485 
7895 1547 445 62 1480 
7896 1311 58 436 1313 
7897 1618 506 507 511 
7898 394 1491 1184 1282 
7899 394 1491 1282 393 
7900 1542 1595 1552 1046 
7901 820 250 1353 1359 
7902 820 250 251 1353 
7903 1592 1057 1103 1096 
7904 1647 1420 1066 1436 
7905 1444 1633 1446 564 
7906 1654 42 1428 340 
7907 540 1512 1569 545 
7908 1605 1608 527 535 
7909 392 1503 1197 1490 
7910 392 1490 1197 391 
7911 392 1183 1197 1503 
7912 392 393 1183 1503 
7913 1651 1483 46 1471 
7914 1651 1474 1593 1285 
7915 1547 5 1594 62 
7916 1039 1245 277 278 
7917 1572 1003 727 789 
7918 1039 277 1245 1202 
7919 1039 950 277 1202 
7920 1002 542 560 960 
7921 1653 1612 1611 1613 
7922 1002 542 960 959 
7923 1540 413 1640 461 
7924 1621 414 423 420 
7925 414 479 413 412 
7926 1564 462 1587 460 
7927 1622 479 1559 1640 
7928 1640 423 414 421 
7929 1665 1590 466 1329 
7930 1591 752 1508 706 
7931 1591 1562 1643 402 
7932 1549 1193 66 1466 
7933 1099 996 273 274 
7934 1099 966 996 274 
7935 1549 1199 1193 1466 
7936 1099 966 274 1079 
7937 1489 387 717 1274 
7938 1489 1495 783 1504 
7939 1489 783 717 1504 
7940 1629 1631 1555 1562 
7941 1643 1562 1631 51 
7942 1653 1612 1551 1611 
7943 1560 711 699 719 
7944 1535 550 543 548 
7945 179 838 907 792 
7946 179 178 838 792 
7947 1577 899 262 1368 
7948 821 1659 903 1226 
7949 1577 1531 899 1368 
7950 1644 514 520 1662 
7951 1624 668 614 624 
7952 1628 812 705 769 
7953 1628 812 769 748 
7954 1533 1328 1337 1540 
7955 1560 1597 1669 1523 
7956 1557 705 186 813 
7957 1623 1306 193 745 
7958 1644 514 519 520 
7959 1640 75 74 524 
7960 1558 524 523 525 
7961 1650 1022 984 538 
7962 1667 3 59 430 
7963 439 428 1556 3 
7964 1609 486 1661 487 
7965 1669 473 1559 469 
7966 439 428 438 1556 
7967 1630 668 1179 588 
7968 1297 1557 1628 705 
7969 1557 1556 1628 439 
7970 1557 438 1556 439 
7971 1642 687 654 1172 
7972 1383 402 1591 1568 
7973 1557 1295 1298 1300 
7974 1557 440 438 439 
7975 1560 734 1522 729 
7976 1566 1502 1635 1496 
7977 1557 1298 1295 1297 
7978 1627 1299 1293 1304 
7979 1627 1304 1562 1299 
7980 1627 1562 1623 1299 
7981 1379 1591 1562 1561 
7982 1583 608 637 684 
7983 1570 1625 554 555 
7984 1524 701 1292 1297 
7985 1591 295 958 957 
7986 1650 1022 1554 962 
7987 1538 611 1539 1171 
7988 1536 1643 1378 402 
7989 1536 972 551 561 
7990 1536 1385 1384 1378 
7991 1566 1496 1501 1502 
7992 1385 945 1029 1536 
7993 1536 561 551 548 
7994 1536 551 550 548 
7995 1568 968 1025 952 
7996 1568 1384 1536 952 
7997 1568 1384 952 401 
7998 1568 999 1025 936 
7999 1568 401 952 948 
8000 1568 948 952 999 
8001 1568 952 1025 999 
8002 1538 1378 1539 1381 
8003 1566 505 1645 416 
8004 1538 289 1381 939 
8005 1539 1378 1386 1381 
8006 1539 1388 1381 1386 
8007 1626 360 1170 1168 
8008 1626 609 138 1170 
8009 1626 1170 138 1168 
8010 1663 1304 1305 1294 
8011 1626 671 592 609 
8012 1626 139 636 609 
8013 1626 636 139 1170 
8014 1626 139 609 1170 
8015 1561 1382 1379 1387 
8016 1591 1021 1508 752 
8017 1561 1627 1663 1304 
8018 1561 1562 1627 1304 
8019 1561 1304 1303 1300 
8020 1506 57 1518 432 
8021 1506 1650 1507 1519 
8022 1517 1320 1309 1321 
8023 1618 1517 1567 1321 
8024 1515 743 1489 783 
8025 1517 1309 1323 1321 
8026 1517 1235 1264 1236 
8027 1517 1235 1185 1264 
8028 1567 504 502 506 
8029 1567 506 1645 505 
8030 1567 506 505 504 
8031 1567 1319 1327 1316 
8032 1567 1314 1315 1316 
8033 1567 1319 1316 1315 
8034 1516 1195 1492 1493 
8035 1516 1327 1567 1319 
8036 1516 1310 1327 1319 
8037 1516 1327 1310 1325 
8038 1572 1246 1517 1264 
8039 1572 1242 1246 1264 
8040 1572 1202 1246 1255 
8041 1572 1255 1246 1242 
8042 1650 1040 1536 984 
8043 1619 509 516 12 
8044 1646 1619 1655 1400 
8045 1619 516 509 514 
8046 1618 1518 1517 1321 
8047 1519 52 1619 1550 
8048 1653 513 1611 512 
8049 1622 75 524 522 
8050 1640 413 414 479 
8051 1540 1611 1640 417 
8052 1640 407 421 413 
8053 1640 421 414 413 
8054 1554 547 78 77 
8055 1554 1401 1409 1411 
8056 1637 1409 1403 1411 
8057 1661 1188 369 1467 
8058 1637 1403 1399 1411 
8059 1650 1017 1398 933 
8060 1646 1650 962 1396 
8061 1637 1399 53 1411 
8062 1609 1638 1634 493 
8063 482 1609 487 488 
8064 1637 1554 1411 1407 
8065 1637 1411 53 1407 
8066 1553 543 79 539 
8067 1609 1613 1644 486 
8068 1570 979 1509 977 
8069 1553 1609 1638 1613 
8070 1340 1665 1336 1329 
8071 1650 1398 1025 933 
8072 1638 15 537 79 
8073 357 1648 358 1159 
8074 1511 1166 357 1165 
8075 1608 1604 1605 573 
8076 1660 1518 1572 1517 
8077 540 1638 537 79 
8078 576 533 527 580 
8079 1545 451 445 1477 
8080 1615 1284 1186 1257 
8081 1660 1026 990 938 
8082 1655 973 1550 403 
8083 367 1644 1189 1464 
8084 1644 1460 1456 1470 
8085 1644 1460 1464 1456 
8086 520 1614 513 515 
8087 1644 1619 521 514 
8088 1662 1611 1614 1613 
8089 1620 946 308 1403 
8090 1620 308 946 1031 
8091 1620 10 1549 1153 
8092 1620 1399 1637 1403 
8093 1620 1408 1399 1403 
8094 494 482 490 1603 
8095 1620 308 1408 1403 
8096 1658 68 1465 485 
8097 1658 1457 1463 1461 
8098 1658 374 1463 1457 
8099 1658 1232 374 1457 
8100 305 1660 1550 1394 
8101 1442 1446 1634 1527 
8102 1634 456 480 6 
8103 1634 456 446 455 
8104 1634 1638 1613 80 
8105 1609 1613 486 480 
8106 519 520 510 1639 
8107 1634 1609 480 1613 
8108 565 80 564 1634 
8109 1453 1452 1441 1514 
8110 1514 493 1634 1638 
8111 1514 489 1638 1636 
8112 1514 493 489 491 
8113 1514 493 1638 489 
8114 1569 1127 1064 1083 
8115 1569 1097 1085 1134 
8116 540 1512 545 546 
8117 1569 1134 1085 1127 
8118 1602 959 541 1008 
8119 1602 1008 934 980 
8120 1569 1127 1083 1134 
8121 1616 1417 1509 1418 
8122 1654 1513 1582 1647 
8123 1538 1539 1642 1171 
8124 1642 635 594 1162 
8125 1642 594 654 637 
8126 1648 1513 532 535 
8127 1625 1161 1159 357 
8128 1570 977 955 985 
8129 1570 1166 1164 356 
8130 1570 355 356 1164 
8131 1570 955 989 985 
8132 562 1570 977 554 
8133 1537 1570 955 949 
8134 1537 955 1570 553 
8135 1642 665 635 1162 
8136 1535 550 1625 558 
8137 1535 15 543 558 
8138 1535 543 550 558 
8139 1513 1535 1625 558 
8140 1513 1625 555 558 
8141 1513 555 559 558 
8142 1596 1450 1604 1115 
8143 1583 529 532 530 
8144 1632 1631 1648 1535 
8145 1632 1630 1555 529 
8146 1582 1430 1432 1431 
8147 1582 1595 1563 617 
8148 1582 1430 1647 1432 
8149 1648 1625 1513 1535 
8150 535 1648 1535 14 
8151 534 1555 529 1632 
8152 1648 1625 1535 1631 
8153 1647 674 595 663 
8154 1647 690 584 630 
8155 1608 535 1513 1535 
8156 1599 1598 855 857 
8157 1608 1426 1654 1430 
8158 1654 1412 1419 1420 
8159 1647 1432 1436 1425 
8160 1647 630 674 690 
8161 1647 674 663 690 
8162 1647 1432 1430 1436 
8163 1512 537 1513 559 
8164 1452 1444 1571 1633 
8165 1512 559 546 537 
8166 1511 1421 1512 1509 
8167 1511 1421 1509 1417 
8168 1167 1511 1616 604 
8169 1582 1432 1563 1433 
8170 565 1634 1446 1527 
8171 1608 1513 1512 537 
8172 1604 1131 1439 1157 
8173 1604 1131 1157 1426 
8174 1604 575 573 566 
8175 350 1043 1514 1086 
8176 1604 1157 1571 1426 
8177 1604 1426 1431 1435 
8178 1604 1435 1131 1426 
8179 1596 1132 1138 1068 
8180 1596 1132 1070 1154 
8181 1596 1138 1132 1154 
8182 1596 1082 1138 1154 
8183 1608 1535 1513 15 
8184 1563 1433 1438 1427 
8185 1563 679 631 618 
8186 1563 617 679 618 
8187 1563 1433 1432 1438 
8188 1575 571 1605 575 
8189 1608 1605 1604 1431 
8190 1608 1582 1654 1513 
8191 1530 1354 1360 252 
8192 1573 1595 1600 1576 
8193 1600 602 1582 650 
8194 1354 1529 1352 1358 
8195 1668 829 817 1345 
8196 1581 530 532 531 
8197 1605 1582 1595 1431 
8198 1573 1582 1581 1595 
8199 1606 651 613 600 
8200 1606 672 651 600 
8201 1574 569 571 570 
8202 1573 13 526 533 
8203 1540 1641 1611 1645 
8204 1521 593 597 610 
8205 1668 1599 464 855 
8206 1525 613 1600 1606 
8207 48 1345 1350 1529 
8208 1660 1550 1394 52 
8209 1564 1529 1668 1345 
8210 816 1668 1530 1529 
8211 1668 864 927 865 
8212 1668 883 865 927 
8213 1543 852 621 641 
8214 1575 1604 1605 1595 
8215 1530 1360 1362 1353 
8216 1559 1580 526 528 
8217 1530 1362 1360 1354 
8218 1525 1606 1599 651 
8219 1542 1114 884 1062 
8220 1530 919 1360 824 
8221 1600 601 613 644 
8222 851 834 824 1542 
8223 1525 915 1526 645 
8224 1576 1574 1530 1584 
8225 1542 1102 884 901 
8226 1592 850 820 840 
8227 1592 840 820 1359 
8228 1592 850 840 901 
8229 1656 1091 1129 1065 
8230 1546 1129 1656 1091 
8231 1656 1091 1076 1100 
8232 1656 1592 1355 849 
8233 1656 1355 1592 1361 
8234 1656 1355 1361 1351 
8235 1656 1363 1355 1351 
8236 1656 1076 1091 1065 
8237 1666 843 909 890 
8238 1666 843 890 1374 
8239 1666 859 909 843 
8240 1505 1129 1061 1056 
8241 1505 1056 1061 453 
8242 1505 453 1061 443 
8243 1505 1129 1101 1145 
8244 1505 1061 1129 1145 
8245 1527 577 579 566 
8246 1527 457 453 459 
8247 1527 565 577 566 
8248 1527 1440 1652 1056 
8249 1594 448 5 443 
8250 1594 1117 1106 1108 
8251 1593 1109 1117 1077 
8252 1594 1106 1109 1055 
8253 1594 62 5 448 
8254 1594 1117 1109 1106 
8255 1546 1547 1548 454 
8256 1547 454 5 445 
8257 1547 1666 1594 5 
8258 1547 445 5 62 
8259 1544 1275 1639 1214 
8260 1547 1479 1480 1487 
8261 1547 1484 1479 1487 
8262 1651 1250 1285 908 
8263 1593 875 889 835 
8264 1651 1483 1471 1484 
8265 1651 1483 1484 1474 
8266 1651 1593 837 908 
8267 1651 1376 1371 256 
8268 1651 837 1376 256 
8269 1651 831 1376 837 
8270 1579 1479 1485 1475 
8271 1579 1478 1479 1475 
8272 1578 1365 1372 1370 
8273 1548 1365 411 426 
8274 1615 1476 1261 444 
8275 1639 1472 1481 1186 
8276 1639 1287 1257 1220 
8277 1639 1257 1186 1220 
8278 1615 1460 1644 480 
8279 1566 1515 1516 1494 
8280 520 1615 519 1644 
8281 365 1615 1210 1454 
8282 1464 1615 1459 1460 
8283 1615 1459 1460 1454 
8284 1610 1614 1649 406 
8285 1649 427 425 406 
8286 1614 1611 2 406 
8287 580 1640 1610 423 
8288 1649 1545 425 427 
8289 1660 938 986 1026 
8290 239 1531 899 1348 
8291 1528 1375 1368 1373 
8292 1564 1668 1601 463 
8293 1531 424 410 420 
8294 1621 423 1622 580 
8295 906 240 902 1529 
8296 239 1531 240 906 
8297 1531 424 411 410 
8298 1548 424 423 425 
8299 82 567 1617 1546 
8300 1548 1649 568 82 
8301 1660 1518 1517 503 
8302 1528 1617 397 398 
8303 1528 397 1356 398 
8304 1528 398 1356 1364 
8305 890 1528 1374 1367 
8306 1528 1373 1374 1367 
8307 1621 569 563 568 
8308 1577 916 925 886 
8309 1577 841 916 899 
8310 1577 841 925 916 
8311 1622 1564 479 1640 
8312 48 1345 1529 1564 
8313 1587 65 7 460 
8314 1587 1344 1349 918 
8315 1665 1336 1533 1340 
8316 1587 1345 1349 48 
8317 1587 462 65 460 
8318 1587 48 1349 1344 
8319 1532 918 861 827 
8320 1614 2 54 406 
8321 1614 427 1649 406 
8322 1614 54 427 406 
8323 1544 1234 1260 1225 
8324 1544 1475 1578 1201 
8325 1544 1275 1201 1234 
8326 1544 1578 1260 1201 
8327 1544 1260 1234 1201 
8328 1659 1191 1281 1238 
8329 1532 1589 1586 1587 
8330 1659 878 846 879 
8331 1659 830 1589 846 
8332 1660 1517 1550 503 
8333 1659 830 846 862 
8334 1566 1614 505 416 
8335 1659 1497 1635 1498 
8336 1659 1497 1498 1488 
8337 830 1659 1589 1577 
8338 1659 1488 1498 1281 
8339 1659 862 846 903 
8340 1659 878 903 846 
8341 1565 737 741 788 
8342 1565 1659 1488 1497 
8343 1565 1488 1499 1497 
8344 1522 775 750 795 
8345 1523 1177 1583 1630 
8346 1601 471 1559 463 
8347 1601 463 1668 464 
8348 1521 1178 364 597 
8349 1521 692 597 627 
8350 1520 697 648 695 
8351 1520 692 1521 627 
8352 1520 1599 1521 692 
8353 1520 871 1599 657 
8354 1520 871 657 591 
8355 1560 1522 1597 1521 
8356 1521 1176 1522 607 
8357 1521 364 1176 607 
8358 1521 627 597 607 
8359 1660 1550 1518 503 
8360 1520 697 627 642 
8361 528 1669 1630 529 
8362 1523 1606 1521 1599 
8363 1560 1628 1524 472 
8364 1601 469 471 463 
8365 526 522 13 1559 
8366 1524 771 770 731 
8367 1524 757 771 731 
8368 1657 622 146 1175 
8369 1657 1524 771 738 
8370 1657 363 1624 1175 
8371 1624 668 624 28 
8372 1664 1335 1343 467 
8373 1664 472 470 467 
8374 1664 63 472 467 
8375 1664 1343 63 467 
8376 472 1664 1556 63 
8377 1664 1628 472 1556 
8378 1541 1328 1540 1337 
8379 1667 1664 1541 1556 
8380 1664 1332 1343 1341 
8381 1664 1343 1330 1341 
8382 1624 362 668 28 
8383 1660 1518 1534 1585 
8384 1624 624 1623 698 
8385 528 1669 525 1559 
8386 1657 1174 1176 363 
8387 1624 1175 363 362 
8388 1624 1555 1524 1562 
8389 1629 1642 1171 1172 
8390 1175 28 362 1624 
8391 1629 1627 1624 614 
8392 1642 1159 1648 1625 
8393 1660 938 990 937 
8394 25 1629 361 687 
8395 1629 51 1539 1631 
8396 1642 1631 1648 1630 
8397 1642 1625 1648 1631 
8398 1632 1630 1648 1631 
8399 1632 1648 1630 529 
8400 1632 14 1648 532 
8401 1632 532 1648 529 
8402 532 534 1632 14 
8403 532 534 529 1632 
8404 463 479 1559 1622 
8405 1601 1599 1668 1584 
8406 1564 1531 48 410 
8407 1660 990 1534 937 
8408 1597 1599 1601 1523 
8409 1573 1559 1622 1584 
8410 1573 1606 1581 1580 
8411 1559 13 1573 1622 
8412 1580 1630 1523 1583 
8413 1581 1583 1582 1648 
8414 528 1583 530 529 
8415 1580 1583 1523 1606 
8416 1580 1523 1601 1606 
8417 1532 749 1533 879 
8418 1564 412 462 479 
8419 1564 479 462 463 
8420 1558 1556 63 8 
8421 1558 63 478 8 
8422 1558 8 1555 1556 
8423 1558 478 473 8 
8424 1538 1381 1539 1388 
8425 974 1538 1539 1388 
8426 1538 1381 1388 939 
8427 51 1562 1631 1629 
8428 1629 1561 1562 1627 
8429 1629 1624 1627 1562 
8430 1629 361 1172 360 
8431 687 1629 1172 1642 
8432 25 1629 614 1169 
8433 1629 361 360 1169 
8434 1629 1631 1642 1630 
8435 1657 1175 146 1174 
8436 1591 1303 1561 1294 
8437 1591 1302 1303 1294 
8438 1591 958 1021 983 
8439 1591 958 983 957 
8440 990 1572 1026 1660 
8441 1534 303 1397 1393 
8442 1534 1585 1518 57 
8443 1618 436 58 1313 
8444 1618 58 436 59 
8445 1618 59 1645 433 
8446 1618 1645 1567 506 
8447 1618 58 59 433 
$EndElements
