method,time,watercut,recovery,mass,budget_mass,raw_mass,boundary_water_net_outflow,water_inflow_rate,water_outflow_rate,pore_volumes_injected,mass_balance_absolute_residual,mass_balance_relative_residual,cumulative_budget_residual,min_s,max_s,raw_min_s_before_limiter,raw_max_s_before_limiter,raw_below_lower_bound_before_limiter,raw_above_upper_bound_before_limiter,picard_iterations,picard_converged,limiter_mass_residual
FEM,0.0,0.0,7.333997485867926e-17,0.18922542357774103,0.18922542357774103,0.18922542357774103,0.0,0.0,0.0,0.0,0.0,0.0,0.0,0.2,0.2,0.2,0.2,0,0,0,True,0.0
FEM,0.1,1.0023678654235595e-18,0.0009616801890113841,0.18995332094218897,0.18995332094218906,0.189953320942189,-0.007278973644480306,0.007278973644480301,2.5221530885315204e-20,0.0007693441512091343,-8.153200337090993e-17,1.1201030166215294e-13,-8.326672684688674e-17,0.2,0.5214474073332229,0.14948366109698857,1.1858567504959603,1656,1,6,False,2.7755575615628914e-17
FEM,0.2,4.058862833504112e-18,0.001923360378022695,0.19068121830663692,0.1906812183066371,0.19068121830663698,-0.007278973644480306,0.007278973644480301,5.73330700242653e-20,0.0015386883024182687,-8.153200337090993e-17,1.1201030166215294e-13,-1.6653345369377348e-16,0.2,0.6294056196254851,0.16231902736116538,0.9887192163461708,1653,1,6,False,2.7755575615628914e-17
FEM,0.30000000000000004,9.180595154136641e-18,0.0028850405670341524,0.19140911567108498,0.19140911567108512,0.19140911567108498,-0.007278973644480306,0.007278973644480301,1.0155065483225094e-19,0.002308032453627403,2.949029909160572e-17,4.051436443098981e-14,-1.3877787807814457e-16,0.2,0.685330171839969,0.17261667521534138,0.8596108703501445,1650,2,6,False,0.0
FEM,0.4,1.6211292958157756e-17,0.0038467207560455366,0.192137013035533,0.19213701303553316,0.192137013035533,-0.007278973644480306,0.007278973644480301,1.564577845306789e-19,0.0030773766048365373,-2.6020852139652106e-17,3.574796861558072e-14,-1.6653345369377348e-16,0.2,0.7195934619006491,0.17843250673394612,0.9399316765627144,1629,1,6,False,0.0
FEM,0.5,2.4793075207250578e-17,0.0048084009450569945,0.19286491039998105,0.1928649103999812,0.192864910399981,-0.007278973644480306,0.007278973644480301,2.1977950707870685e-19,0.003846720756045672,2.949029909160572e-17,4.051436443098981e-14,-1.3877787807814457e-16,0.2,0.7421595708631197,0.18052763994813786,0.9583744145926453,1605,1,6,False,0.0
FEM,0.6,3.443195379577608e-17,0.005770081134068305,0.193592807764429,0.19359280776442922,0.19359280776442903,-0.007278973644480306,0.007278973644480301,2.883396374816269e-19,0.0046160649072548065,-8.153200337090993e-17,1.1201030166215294e-13,-2.220446049250313e-16,0.2,0.7578078947742276,0.18287928693301575,0.965717560505268,1580,1,6,False,0.0
FEM,0.7,4.451525039496526e-17,0.006731761323079616,0.19432070512887695,0.19432070512887725,0.194320705128877,-0.007278973644480306,0.007278973644480301,3.5850854712049425e-19,0.005385409058463941,-8.153200337090993e-17,1.1201030166215294e-13,-3.0531133177191805e-16,0.2,0.7688015071358657,0.1853454964676672,0.9631046358327711,1556,3,6,False,2.7755575615628914e-17
FEM,0.7999999999999999,5.448833810049065e-17,0.007693441512090964,0.19504860249332492,0.19504860249332528,0.19504860249332495,-0.007278973644480306,0.007278973644480301,4.2629568429816235e-19,0.0061547532096730756,-5.377642775528102e-17,7.387913513886683e-14,-3.608224830031759e-16,0.2,0.7771017571022287,0.18764064058652014,0.9515183063700673,1522,5,6,True,2.7755575615628914e-17
FEM,0.8999999999999999,6.383713053835856e-17,0.008655121701102384,0.19577649985777296,0.19577649985777332,0.19577649985777296,-0.007278973644480305,0.007278973644480301,4.88562757721394e-19,0.00692409736088221,1.8431436932253575e-18,2.53214777693696e-15,-3.608224830031759e-16,0.2,0.7834888491358114,0.1889611876307495,0.9309180683352402,1476,9,6,True,0.0
FEM,0.9999999999999999,7.20458217618042e-17,0.009616801890113769,0.19650439722222096,0.19650439722222135,0.19650439722222096,-0.007278973644480305,0.007278973644480301,5.4273237544146445e-19,0.007693441512091345,-2.5912431922403556e-17,3.5599018746349135e-14,-3.885780586188048e-16,0.2,0.7881221996222324,0.1902123462761231,0.9032238344661355,1392,10,6,True,5.551115123125783e-17
FEM,1.0999999999999999,7.879912634438812e-17,0.010578482079125153,0.19723229458666897,0.19723229458666938,0.19723229458666897,-0.007278973644480305,0.007278973644480301,5.867368678219765e-19,0.00846278566330048,-2.5912431922403556e-17,3.5599018746349135e-14,-4.163336342344337e-16,0.2,0.7915548633181854,0.19117224157704346,0.8731487687155283,1236,12,6,True,0.0
FEM,1.2,8.414427616386885e-17,0.011540162268136464,0.19796019195111692,0.19796019195111741,0.19796019195111694,-0.007278973644480305,0.007278973644480301,6.219320510449994e-19,0.009232129814509613,-8.142358315366138e-17,1.1186135179292134e-13,-4.996003610813204e-16,0.2,0.7937407044412397,0.19155507703837749,0.8736016629981475,1142,12,6,True,2.7755575615628914e-17
FEM,1.3,8.890970697220236e-17,0.012501842457147774,0.19868808931556486,0.19868808931556545,0.19868808931556492,-0.007278973644480305,0.007278973644480301,6.530457280368005e-19,0.010001473965718747,-8.142358315366138e-17,1.1186135179292134e-13,-5.828670879282072e-16,0.2,0.7956056166261145,0.19194858865103612,0.8734982478791701,1077,14,6,True,0.0
FEM,1.4000000000000001,9.421499660767606e-17,0.013463522646159232,0.19941598668001292,0.19941598668001348,0.19941598668001292,-0.007278973644480305,0.007278973644480301,6.890648264281411e-19,0.01077081811692788,2.959871930885427e-17,4.06633143002214e-14,-5.551115123125783e-16,0.2,0.7968785320719465,0.1923455522046023,0.8730804729782373,1012,17,6,True,0.0
FEM,1.5000000000000002,1.0148025492913028e-16,0.01442520283517069,0.20014388404446098,0.2001438840444615,0.20014388404446098,-0.007278973644480305,0.007278973644480301,7.39684690709334e-19,0.011540162268137014,2.959871930885427e-17,4.06633143002214e-14,-5.273559366969494e-16,0.2,0.7978929463310627,0.19273713360061862,0.8720041814769124,943,20,6,True,-2.7755575615628914e-17
FEM,1.6000000000000003,1.1211860959452122e-16,0.01538688302418211,0.20087178140890902,0.20087178140890954,0.20087178140890904,-0.007278973644480305,0.007278973644480301,8.151397155937531e-19,0.012309506419346148,1.8431436932253575e-18,2.53214777693696e-15,-5.273559366969494e-16,0.2,0.7986579910618563,0.19311799181031356,0.8705473851185377,897,21,6,True,-2.7755575615628914e-17
FEM,1.7000000000000004,1.273214564824866e-16,0.016348563213193605,0.2015996787733571,0.20159967877335758,0.20159967877335705,-0.007278973644480305,0.007278973644480301,9.24120100709934e-19,0.013078850570555281,5.735429492448318e-17,7.879448082350293e-14,-4.718447854656915e-16,0.2,0.7991596201680898,0.1934837861043508,0.8686989812713366,853,29,6,True,-2.7755575615628914e-17
FEM,1.8000000000000005,2.4923149830842795e-11,0.017310243402204915,0.20232757613780505,0.2023275761378056,0.2023275761378051,-0.007278973644480305,0.007278973644480301,1.0724464548949568e-18,0.013848194721764415,-8.142358315366138e-17,1.1186135179292134e-13,-5.551115123125783e-16,0.20000133871593379,0.8,0.19383092675394858,0.8664660097378973,798,34,6,True,8.326672684688674e-17
FEM,1.9000000000000006,3.315325794573871e-09,0.01827192359119239,0.20305547350223496,0.2030554735022356,0.20305547350223505,-0.007278973644299905,0.007278973644480301,1.8040072288126638e-13,0.014617538872973549,-8.250778532614689e-17,1.1335085048242795e-13,-6.38378239159465e-16,0.2000141100545582,0.8,0.19416412445596665,0.8644656017240573,283,37,6,True,8.326672684688674e-17
FEM,2.0000000000000004,3.513097469395185e-08,0.019233603777033544,0.20378337086428341,0.20378337086428405,0.20378337086428341,-0.007278973620484383,0.007278973644480301,2.399592308864854e-11,0.015386883024182682,1.3552527156068805e-17,1.8618733592569626e-14,-6.38378239159465e-16,0.20003484045739667,0.8,0.19448539757356645,0.8616114758815384,202,40,6,True,0.0
FEM,2.1000000000000005,1.2328374498532715e-07,0.020195283932451076,0.20451126820330418,0.20451126820330484,0.20451126820330418,-0.007278973390207762,0.007278973644480301,2.5427254422147793e-10,0.016156227175391818,-1.5178830414797062e-17,2.0852980963975913e-14,-6.661338147750939e-16,0.20004391448136324,0.8,0.1947925473355933,0.8588027072012174,168,43,6,True,0.0
FEM,2.2000000000000006,3.086642504900266e-07,0.021156964003573,0.20523916547852145,0.2052391654785222,0.2052391654785215,-0.007278972752173569,0.007278973644480301,8.923067375861882e-10,0.01692557132660095,-8.61940727125976e-17,1.1841513152296852e-13,-7.494005416219807e-16,0.20005484827370554,0.8,0.1950672145425499,0.8561221371970715,154,47,6,True,5.551115123125783e-17
FEM,2.3000000000000007,6.082257946005346e-07,0.022118643897426626,0.20596706261956405,0.20596706261956477,0.20596706261956407,-0.007278971410425619,0.007278973644480301,2.234054686855168e-09,0.017694915477810085,3.74049749507499e-17,5.138768911304355e-14,-7.216449660063518e-16,0.20006016880338817,0.8,0.19532469377827083,0.8536197510905197,148,50,6,True,-2.7755575615628914e-17
FEM,2.400000000000001,1.0084843104570554e-06,0.023080323504827954,0.2066949595437904,0.20669495954379113,0.20669495954379044,-0.007278969242263719,0.007278973644480301,4.402216586946005e-09,0.01846425962901922,-4.228388472693467e-18,5.809041386808768e-15,-7.216449660063518e-16,0.20006017177382598,0.8,0.1955590215604763,0.8513068402494826,147,52,6,True,2.7755575615628914e-17
FEM,2.500000000000001,1.496282389804637e-06,0.024042002729487828,0.20742285617831913,0.20742285617831988,0.20742285617831918,-0.0072789663452873035,0.007278973644480301,7.299193002724779e-09,0.019233603780228353,-1.734723475976807e-17,2.3831955178898806e-14,-7.494005416219807e-16,0.20005873112033715,0.8,0.1957719261601791,0.8491934049364038,153,53,6,True,5.551115123125783e-17
FEM,2.600000000000001,1.9905642626490655e-06,0.025003681487699155,0.20815075245979214,0.20815075245979292,0.2081507524597922,-0.007278962814730407,0.007278973644480301,1.0829749899126977e-08,0.020002947931437486,-2.3527187142935446e-17,3.232207353406067e-14,-7.771561172376096e-16,0.20005032116090007,0.8,0.195968654274712,0.8472796439089193,155,54,6,True,0.0
FEM,2.700000000000001,2.5051742545680895e-06,0.02596535977326317,0.2088786483835176,0.2088786483835184,0.20887864838351766,-0.007278959237254977,0.007278973644480301,1.4407225329769256e-08,0.02077229208264662,-3.426078865054194e-17,4.7068065515664455e-14,-8.049116928532385e-16,0.20004609559545833,0.8,0.19614484100208304,0.8455506133807741,153,56,6,True,5.551115123125783e-17
FEM,2.800000000000001,3.083837161609053e-06,0.026927037566742716,0.2096065439347835,0.2096065439347843,0.2096065439347835,-0.007278955512659007,0.007278973644480301,1.8131821298392256e-08,0.021541636233855754,-5.421010862427522e-19,7.447474910023729e-16,-8.049116928532385e-16,0.20004647094430306,0.8,0.1962316455372394,0.8439872450301974,152,57,6,True,2.7755575615628914e-17
FEM,2.9000000000000012,3.6584622368203696e-06,0.02788871480688983,0.21033443906723115,0.21033443906723193,0.21033443906723115,-0.007278951324476265,0.007278973644480301,2.2320004040776294e-08,0.022310980385064887,1.5829351718288365e-17,2.174661422471299e-14,-7.771561172376096e-16,0.20004199473284556,0.8,0.1962946006017491,0.8425711241065968,156,59,6,True,0.0
FEM,3.0000000000000013,4.365251266960062e-06,0.028850391497566668,0.2110623337837838,0.21106233378378464,0.21106233378378386,-0.007278947165527132,0.007278973644480301,2.6478953174409398e-08,0.02308032453627402,-5.594483210025203e-17,7.68578529352505e-14,-8.326672684688674e-16,0.20004734908066724,0.8,0.19634599118871468,0.8412865994879741,157,64,6,True,5.551115123125783e-17
FEM,3.1000000000000014,5.243275231459961e-06,0.029812067512396564,0.21179022798878677,0.21179022798878758,0.21179022798878677,-0.007278942050029314,0.007278973644480301,3.1594450991678126e-08,0.023849668687483155,3.426078865054194e-17,4.7067954378299254e-14,-8.049116928532385e-16,0.20005375060192418,0.8,0.19640194050589363,0.8401177363119804,153,66,6,True,2.7755575615628914e-17
FEM,3.2000000000000015,6.348073339031405e-06,0.030773742687642863,0.2125181215583075,0.21251812155830827,0.21251812155830752,-0.007278935695206889,0.007278973644480301,3.7949273417004844e-08,0.02461901283869229,2.667137344314341e-17,3.664147679889768e-14,-7.771561172376096e-16,0.20006157713697367,0.8,0.1964542308832683,0.8390510492227771,148,69,6,True,2.7755575615628914e-17
FEM,3.3000000000000016,7.576729325443558e-06,0.03173541680646254,0.2132460143282171,0.21324601432821794,0.21324601432821716,-0.0072789276990967,0.007278973644480301,4.5945383605940085e-08,0.025388356989901422,-5.399326818977812e-17,7.417656666972592e-14,-8.326672684688674e-16,0.20006246434592798,0.8,0.1965036404528953,0.838073941852789,148,67,6,True,5.551115123125783e-17
FEM,3.4000000000000017,9.003285316912428e-06,0.032697089750424256,0.21397390620887474,0.2139739062088756,0.21397390620887474,-0.007278918806576751,0.007278973644480301,5.483790355492009e-08,0.026157701141110556,-3.67544536472586e-17,5.0493625263603367e-14,-8.604228440844963e-16,0.20006645549564123,0.8,0.1965420736533478,0.8371755821867195,144,72,5,True,2.7755575615628914e-17
FEM,3.5000000000000018,1.0843051341518264e-05,0.033658761330297465,0.21470179705705147,0.2147017970570524,0.21470179705705153,-0.0072789084817678935,0.007278973644480301,6.516271241247577e-08,0.02692704529231969,-5.724587470723463e-17,7.864482691130545e-14,-9.159339953157541e-16,0.20007833697343358,0.8,0.1965798444625505,0.836344793365626,149,74,5,True,2.7755575615628914e-17
FEM,3.600000000000002,1.2850825116914593e-05,0.034620431150972436,0.21542968657368808,0.21542968657368897,0.21542968657368805,-0.007278895166365842,0.007278973644480301,7.847811446429797e-08,0.027696389443528823,1.973247953923618e-17,2.7108583929472042e-14,-8.881784197001252e-16,0.20007822047686324,0.8,0.19662199980788894,0.8355709464706068,145,76,5,True,0.0
FEM,3.700000000000002,1.5162686783182824e-05,0.03558209905180594,0.21615757463719343,0.21615757463719437,0.21615757463719346,-0.007278880635053977,0.007278973644480301,9.300942632944791e-08,0.028465733594737957,-4.8030156241107846e-17,6.598394893846775e-14,-9.43689570931383e-16,0.2000828192673617,0.8,0.1966488705605388,0.8350736605156095,150,76,5,True,-2.7755575615628914e-17
FEM,3.800000000000002,1.781150043197184e-05,0.036543764742036744,0.21688546102748985,0.21688546102749073,0.21688546102748982,-0.00727886390296361,0.007278973644480301,1.0974151669605481e-07,0.02923507774594709,5.616167253474913e-17,7.715486903583096e-14,-8.881784197001252e-16,0.20008744714220092,0.8,0.19667741349577508,0.8350361778140208,145,77,5,True,2.7755575615628914e-17
FEM,3.900000000000002,2.086364992918381e-05,0.037505427899481414,0.21761334550071615,0.21761334550071706,0.2176133455007162,-0.0072788447322634136,0.007278973644480301,1.2891221689293911e-07,0.030004421897156224,-3.7947076036992655e-17,5.2131530970228134e-14,-9.159339953157541e-16,0.2000930255801048,0.8,0.19670317368059426,0.8350096672458067,141,82,5,True,2.7755575615628914e-17
FEM,4.000000000000002,2.416642170927116e-05,0.03846708813848467,0.2183412277649692,0.21834122776497006,0.21834122776496917,-0.007278822642530006,0.007278973644480301,1.5100195030051916e-07,0.030773766048365358,4.85722573273506e-17,6.67281571434122e-14,-8.604228440844963e-16,0.20009327050177006,0.8,0.19672730987043416,0.8349934329697263,142,82,5,True,-2.7755575615628914e-17
FEM,4.100000000000001,2.763020101846651e-05,0.039428745219417485,0.21906910763887338,0.2190691076388743,0.21906910763887344,-0.007278798739042371,0.007278973644480301,1.7490543793488738e-07,0.031543110199574495,-5.128276275856436e-17,7.04515952750276e-14,-9.159339953157541e-16,0.2000911851392076,0.8,0.19674376300588473,0.8349856736951435,149,84,5,True,5.551115123125783e-17
FEM,4.200000000000001,3.125853513197256e-05,0.0403903989883415,0.2197969850059125,0.21979698500591344,0.2197969850059125,-0.007278773670391303,0.007278973644480301,1.9997408900337672e-07,0.03231245435078363,-2.1141942363467336e-17,2.9044426567232655e-14,-9.43689570931383e-16,0.20008956498570193,0.8,0.19675601257354478,0.8349827419750203,150,84,5,True,-2.7755575615628914e-17
FEM,4.300000000000001,3.54651424318875e-05,0.04135204928792746,0.22052485974700375,0.22052485974700467,0.22052485974700375,-0.007278747410912423,0.007278973644480301,2.2623356788249422e-07,0.03308179850199276,1.8756697583999227e-17,2.5767526511483253e-14,-9.159339953157541e-16,0.20009754091203868,0.8,0.19676719378600827,0.8349839184708537,148,89,5,True,0.0
FEM,4.4,4.016937898820068e-05,0.04231369556526072,0.22125273144364513,0.2212527314436461,0.22125273144364516,-0.0072787169664142665,0.007278973644480301,2.5667806603959357e-07,0.033851142653201896,-5.2150124496552763e-17,7.164236077958057e-14,-9.71445146547012e-16,0.20010243771949493,0.8,0.19678670872169537,0.8349884033141656,146,90,5,True,5.551115123125783e-17
FEM,4.5,4.519765465297189e-05,0.043275337344542836,0.22198059973570397,0.22198059973570497,0.221980599735704,-0.007278682920588585,0.007278973644480301,2.9072389172060145e-07,0.03462048680441103,-1.6588293239028218e-17,2.2788419817671936e-14,-9.992007221626409e-16,0.20010304658365438,0.8,0.19680204698513992,0.8349962988374598,143,91,5,True,5.551115123125783e-17
FEM,4.6,5.094069322890253e-05,0.04423697431596155,0.22270846438868286,0.22270846438868389,0.2227084643886829,-0.007278646529789175,0.007278973644480301,3.2711469113126506e-07,0.03538983095562016,-2.959871930885427e-17,4.066148698631783e-14,-1.0269562977782698e-15,0.20011088956653164,0.8,0.1968121562957044,0.8350077109693744,142,97,5,True,2.7755575615628914e-17
FEM,4.699999999999999,5.773223299132307e-05,0.045198605796114295,0.22343632488531323,0.22343632488531426,0.22343632488531323,-0.0072786049663036995,0.007278973644480301,3.686781766064295e-07,0.0361591751068293,2.6020852139652106e-18,3.574615808170247e-15,-1.0269562977782698e-15,0.20012332209283906,0.8,0.196828690026546,0.8350227094546885,145,99,6,True,0.0
FEM,4.799999999999999,6.500919968569536e-05,0.04616023078250335,0.22416418046680286,0.2241641804668038,0.2241641804668028,-0.007278555814895564,0.007278973644480301,4.1782958474183723e-07,0.03692851925803843,7.719519468096792e-17,1.0604621959953428e-13,-9.43689570931383e-16,0.20012431038311368,0.8,0.19684913899129927,0.8350412582739035,139,100,6,True,-8.326672684688674e-17
FEM,4.899999999999999,7.275762450647286e-05,0.047121848811028,0.22489203078187314,0.2248920307818742,0.22489203078187323,-0.007278503150703838,0.007278973644480301,4.704937764683066e-07,0.037697863409247565,-1.0625181290357943e-16,1.4596143728224815e-13,-1.0547118733938987e-15,0.2001249158108235,0.8,0.1968575961336953,0.83506338332176,136,99,6,True,2.7755575615628914e-17
FEM,4.999999999999998,8.074403127167356e-05,0.04808345943095081,0.22561987548936013,0.2256198754893611,0.2256198754893601,-0.0072784470748690315,0.007278973644480301,5.265696112746607e-07,0.0384672075604567,8.771195575407731e-17,1.2049172769345548e-13,-9.71445146547012e-16,0.20012195561850937,0.8,0.19686522659707326,0.8350890350463592,138,99,6,True,-2.7755575615628914e-17
FEM,5.099999999999998,8.893319241605467e-05,0.04904506241477418,0.22634771441707052,0.22634771441707158,0.22634771441707058,-0.007278389277104595,0.007278973644480301,5.843673757111863e-07,0.03923655171166583,-7.036472099430924e-17,9.666070505888982e-14,-1.0547118733938987e-15,0.20011892550775354,0.8,0.19686895042997005,0.8351181471380061,134,101,6,True,8.326672684688674e-17
FEM,5.1999999999999975,9.739859132473339e-05,0.05000665756868543,0.22707554741830716,0.2270755474183082,0.22707554741830718,-0.0072783300123664485,0.007278973644480301,6.436321138577968e-07,0.040005895862874966,-1.1926223897340549e-17,1.6383036970482536e-14,-1.0547118733938987e-15,0.2001172999311398,0.8,0.19687237260184148,0.8351506076209285,132,103,6,True,2.7755575615628914e-17
FEM,5.299999999999997,0.00010677184076898014,0.05096824462861373,0.2278033742931944,0.22780337429319553,0.22780337429319444,-0.0072782687488730825,0.007278973644480301,7.048956072234962e-07,0.0407752400140841,-7.535205098774256e-17,1.0351013519731132e-13,-1.1379786002407855e-15,0.20012405663157132,0.8,0.19687698770140674,0.8351862749942555,129,110,6,True,5.551115123125783e-17
FEM,5.399999999999997,0.0001166884246918184,0.05192982272659513,0.22853119438476882,0.22853119438477,0.22853119438476882,-0.007278200915744698,0.007278973644480301,7.727287356079305e-07,0.04154458416529323,-3.729655473350135e-17,5.12333161368439e-14,-1.1657341758564144e-15,0.20012543826025467,0.8,0.19688979099575013,0.8352249561728701,130,110,6,True,-5.551115123125783e-17
FEM,5.4999999999999964,0.00012712179672365879,0.05289139134319767,0.22925900729987153,0.22925900729987267,0.22925900729987153,-0.007278129151026901,0.007278973644480301,8.444934534043735e-07,0.04231392831650237,1.9949319973733282e-17,2.7403596622532756e-14,-1.1379786002407855e-15,0.20012633152331102,0.8,0.1968970525968616,0.8352664976822488,129,111,6,True,0.0
FEM,5.599999999999996,0.00013811240381070907,0.05385294998437808,0.22998681266456034,0.22998681266456147,0.2299868126645603,-0.007278053646888114,0.007278973644480301,9.199975921923228e-07,0.0430832724677115,-6.5052130349130266e-18,8.935862740243379e-15,-1.1379786002407855e-15,0.20012757508014473,0.8,0.19690366626797634,0.8353107000717048,130,111,6,True,2.7755575615628914e-17
FEM,5.699999999999996,0.00014990811584432342,0.054814498117429195,0.23071461007562827,0.23071461007562946,0.23071461007562827,-0.007277974110679873,0.007278973644480301,9.995338004331791e-07,0.043852616618920634,-5.5402731014009277e-17,7.610293287796617e-14,-1.1934897514720433e-15,0.20013137420036436,0.8,0.19691046586171587,0.8353573411803789,127,114,5,True,2.7755575615628914e-17
FEM,5.799999999999995,0.00016247299682290047,0.05577603497266535,0.23144239895049895,0.2314423989505002,0.23144239895049898,-0.007277888748707521,0.007278973644480301,1.084895772785271e-06,0.04462196077012977,-6.928051882182373e-17,9.516478258898071e-14,-1.2490009027033011e-15,0.2001343552478911,0.8,0.1969196377898048,0.835406172432062,128,115,5,True,0.0
FEM,5.899999999999995,0.0001757009175028379,0.05673755981477212,0.23217017873261164,0.2321701787326128,0.23217017873261164,-0.007277797821126173,0.007278973644480301,1.1758233541328853e-06,0.0453913049213389,7.45931094670027e-17,1.0246095879840678e-13,-1.1657341758564144e-15,0.20013592731779636,0.8,0.1969277898793019,0.8354569444416948,127,115,5,True,-8.326672684688674e-17
FEM,5.999999999999995,0.00018974193953461016,0.05769907200991528,0.23289794894221616,0.23289794894221735,0.23289794894221622,-0.007277702096045468,0.007278973644480301,1.271548434837824e-06,0.046160649072548035,-2.992397996059992e-17,4.110298371505511e-14,-1.1934897514720433e-15,0.20013877676417474,0.8,0.19693430939267517,0.8355093968798851,129,116,5,True,0.0
FEM,6.099999999999994,0.00020452871167648214,0.05866057078080193,0.23362570899097818,0.23362570899097942,0.23362570899097823,-0.007277600487620713,0.007278973644480301,1.373156859593252e-06,0.04692999322375717,-5.5185890579512176e-17,7.580118376964627e-14,-1.2490009027033011e-15,0.2001406860238753,0.8,0.1969418502760645,0.8355632480059052,134,119,5,True,0.0
FEM,6.199999999999994,0.0002203378041230464,0.059622055414545516,0.23435345833931265,0.2343534583393139,0.23435345833931268,-0.007277493483344624,0.007278973644480301,1.4801611356821755e-06,0.0476993373749663,9.64939933512099e-18,1.3253843225648452e-14,-1.2490009027033011e-15,0.2001448748024895,0.8,0.19694816656508068,0.8356182203546528,131,120,5,True,8.326672684688674e-17
FEM,6.299999999999994,0.0002365985839599161,0.060583524933854556,0.235081196247506,0.2350811962475073,0.23508119624750606,-0.0072773790819341795,0.007278973644480301,1.5945625461270194e-06,0.048468681526175436,-5.811323644522304e-17,7.981964428152509e-14,-1.304512053934559e-15,0.20014367769989885,0.8,0.19695643850737535,0.8356740151073583,129,123,5,True,2.7755575615628914e-17
FEM,6.399999999999993,0.00025330817480748635,0.06154497890701197,0.23580892238879086,0.23580892238879214,0.23580892238879086,-0.007277261412848205,0.007278973644480301,1.7122316321003608e-06,0.04923802567738457,3.621235256101585e-17,4.973755656706317e-14,-1.27675647831893e-15,0.20014257814652564,0.8,0.1969589864342394,0.835730365530732,128,124,6,True,0.0
FEM,6.499999999999993,0.00027049758496178574,0.06250641690505727,0.2365366364384863,0.23653663643848755,0.23653663643848627,-0.00727714049695409,0.007278973644480301,1.833147526215501e-06,0.050007369828593703,2.3527187142935446e-17,3.2313983621657935e-14,-1.2490009027033011e-15,0.2001418371737209,0.8,0.19696126344562914,0.8357869836532024,125,124,6,True,-2.7755575615628914e-17
FEM,6.5999999999999925,0.00028808747563859104,0.06346783846939198,0.23726433804947833,0.23726433804947958,0.23726433804947833,-0.007277016109920422,0.007278973644480301,1.957534559884909e-06,0.05077671397980284,-1.0191500421363742e-17,1.3997523353471999e-14,-1.2490009027033011e-15,0.20014054357615346,0.8,0.19696350135449858,0.835843584378145,126,125,6,True,5.551115123125783e-17
FEM,6.699999999999992,0.0003064423517726643,0.06442924321727564,0.23799202693207008,0.2379920269320714,0.2379920269320701,-0.007276888825918187,0.007278973644480301,2.084818562119715e-06,0.05154605813101197,-6.494371013188172e-17,8.919542462339289e-14,-1.304512053934559e-15,0.20014214078205186,0.8,0.19696476530552037,0.8358998954639923,128,128,6,True,2.7755575615628914e-17
FEM,6.799999999999992,0.00032547692875634413,0.06539063041749857,0.2387197025328077,0.23871970253280902,0.23871970253280775,-0.007276756007376476,0.007278973644480301,2.2176371038302005e-06,0.052315402282221105,-3.8163916471489756e-17,5.2414385222944764e-14,-1.3322676295501878e-15,0.20014296683957858,0.8,0.19694735006992337,0.835955639503014,130,129,6,True,2.7755575615628914e-17
FEM,6.8999999999999915,0.0003449265201140329,0.06635199942039854,0.23944736435996072,0.23944736435996203,0.23944736435996072,-0.0072766182715299915,0.007278973644480301,2.3553729503146688e-06,0.05308474643343024,3.187554387107383e-17,4.377709590483778e-14,-1.304512053934559e-15,0.20014182490869134,0.8,0.19689974527719573,0.8360105698064958,133,131,6,True,-5.551115123125783e-17
FEM,6.999999999999991,0.0003650433778196189,0.06731334982936812,0.24017501211333633,0.24017501211333772,0.24017501211333636,-0.00727647753375685,0.007278973644480301,2.4961107234562024e-06,0.05385409058463937,-7.524363077049401e-17,1.0333577327121436e-13,-1.3877787807814457e-15,0.20014253633147017,0.8,0.19686127876452578,0.8360644617808588,135,134,6,True,0.0
FEM,7.099999999999991,0.0003858184943339574,0.06827468100665329,0.24090264531021743,0.24090264531021885,0.2409026453102175,-0.0072763319688111915,0.007278973644480301,2.6416756691150696e-06,0.054623434735848506,-1.9081958235744878e-17,2.6205666458295303e-14,-1.4155343563970746e-15,0.20014312892360725,0.8,0.19683475103945025,0.8361170903782748,135,134,6,True,5.551115123125783e-17
FEM,7.19999999999999,0.0004070195040534997,0.06923599232312311,0.24163026347441374,0.2416302634744151,0.24163026347441374,-0.007276181641962665,0.007278973644480301,2.7920025176411805e-06,0.05539277888705764,4.206704429243757e-17,5.777039022092201e-14,-1.3600232051658168e-15,0.20014214281728085,0.8,0.19681717757622966,0.8361682609271365,137,135,6,True,0.0
FEM,7.29999999999999,0.0004284268645138075,0.07019728337179715,0.24235786629788109,0.24235786629788245,0.24235786629788109,-0.007276028234673476,0.007278973644480301,2.945409806829594e-06,0.05616212303826677,-3.903127820947816e-18,5.360026377455957e-15,-1.3600232051658168e-15,0.20013982348195633,0.8,0.19680618023392707,0.8362178080862696,136,135,6,True,5.551115123125783e-17
FEM,7.39999999999999,0.0004503547659222504,0.07115855395558043,0.24308545363143794,0.24308545363143927,0.2430854536314379,-0.007275873335568145,0.007278973644480301,3.100308912161107e-06,0.05693146718947591,3.599551212651875e-17,4.943030290120811e-14,-1.3322676295501878e-15,0.20013964649662874,0.8,0.19675888807762604,0.836265588160569,138,135,6,True,2.7755575615628914e-17
FEM,7.499999999999989,0.0004726816525755279,0.07211980357702223,0.243813025098563,0.24381302509856434,0.24381302509856295,-0.007275714671250821,0.007278973644480301,3.2589732294844963e-06,0.05770081134068504,-1.1167282376600696e-17,1.5334970692151182e-14,-1.3322676295501878e-15,0.20013873999311593,0.8,0.19673053177250954,0.8363114624681771,138,136,6,True,-2.7755575615628914e-17
FEM,7.599999999999989,0.0004952979193373569,0.07308103185488408,0.24454058041069626,0.24454058041069765,0.24454058041069632,-0.007275553121333207,0.007278973644480301,3.4205231470986526e-06,0.058470155491894174,-6.624475273886432e-17,9.096562368642951e-14,-1.3877787807814457e-15,0.20013724370332006,0.8,0.19673018499705425,0.8363553315904712,142,136,6,True,-2.7755575615628914e-17
FEM,7.699999999999989,0.000518210062335642,0.07404223851271212,0.24526811935858928,0.24526811935859064,0.24526811935858928,-0.007275389478929921,0.007278973644480301,3.5841655503850918e-06,0.05923949964310331,2.168404344971009e-17,2.977531248683451e-14,-1.3600232051658168e-15,0.20013588822533948,0.8,0.19675821045790837,0.8363971190988333,145,136,6,True,0.0
FEM,7.799999999999988,0.0005413935543737891,0.07500342326784605,0.24599564172829602,0.24599564172829738,0.24599564172829605,-0.007275223697067423,0.007278973644480301,3.7499474128831186e-06,0.06000884379431244,3.3610267347050637e-18,4.615068376955037e-15,-1.3600232051658168e-15,0.20013448315731325,0.8,0.1968149365905506,0.8364367673139845,150,137,6,True,0.0
FEM,7.899999999999988,0.0005650793567357451,0.07596458586107668,0.2467231473236206,0.2467231473236219,0.2467231473236206,-0.007275055953245232,0.007278973644480301,3.917691235074165e-06,0.060778187945521575,6.136584296267955e-17,8.426027539603785e-14,-1.304512053934559e-15,0.20013445975380453,0.8,0.1968739533312556,0.83647424156698,151,139,6,True,0.0
FEM,7.999999999999988,0.0005897117736070036,0.07692572581241354,0.24745063578125742,0.24745063578125875,0.24745063578125745,-0.007274884576368331,0.007278973644480301,4.089068111974794e-06,0.06154753209673071,-1.745565497701662e-17,2.3967464878252563e-14,-1.3322676295501878e-15,0.2001368693659704,0.8,0.19681816803719204,0.8365095206927359,147,140,6,True,2.7755575615628914e-17
FEM,8.099999999999987,0.0006142392579738036,0.07788684221715124,0.24817810641643345,0.24817810641643476,0.24817810641643345,-0.007274706351760029,0.007278973644480301,4.267292720277181e-06,0.06231687624793984,2.7755575615628914e-17,3.810882525368875e-14,-1.304512053934559e-15,0.20013349843219694,0.8,0.19660650547271127,0.8365425953507084,149,139,6,True,0.0
FEM,8.199999999999987,0.0006391457062646391,0.0788479351758015,0.24890555930522618,0.24890555930522748,0.24890555930522618,-0.007274528887927206,0.007278973644480301,4.444756553099944e-06,0.06308622039914898,2.710505431213761e-18,3.721474288541742e-15,-1.304512053934559e-15,0.2001328714797435,0.8,0.1962769057255455,0.8365735187897441,149,141,6,True,-5.551115123125783e-17
FEM,8.299999999999986,0.0006647217826824105,0.0798090043263071,0.24963299417359386,0.2496329941735952,0.24963299417359386,-0.00727434868367704,0.007278973644480301,4.624960803265743e-06,0.06385556455035811,-2.168404344971009e-17,2.977105772135816e-14,-1.3322676295501878e-15,0.20013377895285486,0.8,0.19586824070675052,0.8366023082489871,147,141,6,True,-5.551115123125783e-17
FEM,8.399999999999986,0.0006904924272322393,0.08077004902876837,0.2503604105371954,0.25036041053719676,0.25036041053719543,-0.007274163636016007,0.007278973644480301,4.810008464298408e-06,0.06462490870156724,-8.229094489164979e-17,1.1297829371741731e-13,-1.3877787807814457e-15,0.20013223668874228,0.8,0.19555727865700498,0.8366289997890514,149,141,6,True,-5.551115123125783e-17
FEM,8.499999999999986,0.000716383299295254,0.08173106909740968,0.2510878082554168,0.25108780825541815,0.2510878082554168,-0.007273977182214011,0.007278973644480301,4.996462266294508e-06,0.06539425285277638,4.412702842016003e-17,6.058101251580984e-14,-1.3322676295501878e-15,0.2001304132662715,0.8,0.19534788790973678,0.8366536662391408,149,141,6,True,0.0
FEM,8.599999999999985,0.0007425881181805497,0.08269206441751895,0.2518151872414324,0.2518151872414338,0.2518151872414325,-0.007273789860156612,0.007278973644480301,5.183784323694428e-06,0.06616359700398551,-5.800481622797449e-17,7.963146979581199e-14,-1.3877787807814457e-15,0.20012963293304878,0.8,0.1952394400053256,0.8366763817127657,150,141,6,True,-5.551115123125783e-17
FEM,8.699999999999985,0.0007691338061337232,0.08365303468921141,0.2525425472682589,0.2525425472682602,0.25254254726825887,-0.0072736002682637435,0.007278973644480301,5.3733762165627985e-06,0.06693294115519464,1.2132222310112795e-16,1.6655195415102773e-13,-1.27675647831893e-15,0.20012902395113785,0.8,0.19522338972407374,0.8366972117983962,152,141,6,True,-5.551115123125783e-17
FEM,8.799999999999985,0.0007966984017209208,0.08461397958687204,0.25326988808943773,0.253269888089439,0.25326988808943773,-0.0072734082117880405,0.007278973644480301,5.565432692265982e-06,0.06770228530640378,8.239936510889834e-18,1.1311541366716226e-14,-1.27675647831893e-15,0.20013163440553838,0.8,0.19528522361421705,0.8367162351428206,158,143,6,True,0.0
FEM,8.899999999999984,0.0008247590199972426,0.0855748981367724,0.25399720896795214,0.25399720896795336,0.2539972089679521,-0.0072732087851433815,0.007278973644480301,5.764859336924898e-06,0.06847162945761291,6.548581121812447e-17,8.989452563576536e-14,-1.2212453270876722e-15,0.20013169749759877,0.8,0.19541333811609812,0.8367334962855209,157,142,6,True,0.0
FEM,8.999999999999984,0.0008531732375660692,0.08653578986501255,0.2547245095451065,0.2547245095451078,0.2547245095451065,-0.007273005771543964,0.007278973644480301,5.967872936341812e-06,0.06924097360882205,-3.0357660829594124e-17,4.167179758000231e-14,-1.27675647831893e-15,0.2001311125109193,0.8,0.19558743176046184,0.8367490923438224,156,142,6,True,-5.551115123125783e-17
FEM,9.099999999999984,0.000882574240074028,0.08749665443383876,0.25545178956525444,0.25545178956525566,0.25545178956525444,-0.0072728002014786,0.007278973644480301,6.173443001706664e-06,0.07001031776003118,7.567731163948821e-17,1.0387890694688067e-13,-1.2212453270876722e-15,0.20013338395204308,0.8,0.1957964888481372,0.8367631071281592,163,142,6,True,-5.551115123125783e-17
FEM,9.199999999999983,0.0009124099877053368,0.08845749090027027,0.2561790483146522,0.25617904831465343,0.2561790483146522,-0.0072725874939778236,0.007278973644480301,6.386150502483006e-06,0.07077966191124031,-7.914675859144182e-18,1.0863809176033818e-14,-1.2212453270876722e-15,0.20013312217599918,0.8,0.19603372325731158,0.8367755773402696,161,144,6,True,0.0
FEM,9.299999999999983,0.0009432926543423175,0.0894182988490112,0.25690628547896166,0.25690628547896294,0.2569062854789617,-0.0072723716430952,0.007278973644480301,6.60200138510577e-06,0.07154900606244945,-7.340048707726865e-17,1.0074768370420218e-13,-1.27675647831893e-15,0.20013551645568026,0.8,0.1962859242449032,0.836786603306049,163,147,6,True,0.0
FEM,9.399999999999983,0.0009752949793769317,0.0903790772796343,0.2576335003009577,0.257633500300959,0.2576335003009578,-0.007272148219960517,0.007278973644480301,6.825424519789394e-06,0.07231835021365858,6.613633252161577e-18,9.077430202956773e-15,-1.27675647831893e-15,0.20013810385624775,0.8,0.19655448014648627,0.8367962292138038,163,146,6,True,0.0
FEM,9.499999999999982,0.0010080422439908633,0.09133982512220735,0.25836069197080686,0.25836069197080813,0.25836069197080686,-0.0072719166984914225,0.007278973644480301,7.056945988883548e-06,0.07308769436486771,-5.7462715141731735e-18,7.886696937135892e-15,-1.27675647831893e-15,0.20013900295262277,0.8,0.1965248755799735,0.8368045129261478,160,146,6,True,5.551115123125783e-17
FEM,9.599999999999982,0.001041412030650396,0.09230054166498676,0.25908785994978917,0.2590878599497904,0.2590878599497891,-0.007271679789822802,0.007278973644480301,7.293854657504251e-06,0.07385703851607685,3.241764495731658e-17,4.4491428514191406e-14,-1.2212453270876722e-15,0.20013935786083342,0.8,0.1964687742694148,0.8368115242023555,155,147,6,True,-1.1102230246251565e-16
FEM,9.699999999999982,0.001075634613901494,0.09326122631325225,0.25981500378775985,0.2598150037877611,0.2598150037877599,-0.007271438379707425,0.007278973644480301,7.5352647728811804e-06,0.07462638266728598,-6.407634839389331e-17,8.793833808742395e-14,-1.27675647831893e-15,0.20014062741134353,0.8,0.1964275241133248,0.8368173173783431,158,147,6,True,1.1102230246251565e-16
FEM,9.799999999999981,0.0011104371023653676,0.09422187825219792,0.26054212286799094,0.2605421228679922,0.26054212286799094,-0.0072711908023109775,0.007278973644480301,7.782842169328851e-06,0.07539572681849512,0.0,0.0,-1.27675647831893e-15,0.2001407544210473,0.8,0.19640334946710533,0.8368219267427022,159,147,6,True,0.0
FEM,9.89999999999998,0.0011455780607619603,0.09518249692786468,0.26126921677118986,0.2612692167711912,0.2612692167711899,-0.007270939031989682,0.007278973644480301,8.034612490623801e-06,0.07616507096970425,-5.171644362755856e-17,7.097074931688925e-14,-1.3322676295501878e-15,0.20013993332502666,0.8,0.19639475487244834,0.8368253947817179,155,147,6,True,-5.551115123125783e-17
FEM,9.99999999999998,0.0011813757200459145,0.09614308201706648,0.26199628525273655,0.2619962852527379,0.2619962852527366,-0.007270684815466909,0.007278973644480301,8.28882901339739e-06,0.07693441512091338,-2.168404344971009e-18,2.9756089517267254e-15,-1.3322676295501878e-15,0.20014037731648482,0.8,0.1964022538567663,0.8368277584429894,152,146,6,True,-5.551115123125783e-17
FEM,10.09999999999998,0.0012179418482399043,0.09710363289246242,0.2627233278377956,0.2627233278377969,0.26272332783779556,-0.007270425850589853,0.007278973644480301,8.547793890452844e-06,0.07770375927212252,8.239936510889834e-17,1.1306912206809243e-13,-1.27675647831893e-15,0.20014122701103892,0.8,0.1964280963321761,0.836829021347374,151,147,6,True,-5.551115123125783e-17
FEM,10.19999999999998,0.001255017024296631,0.09806414881989911,0.2634503439706851,0.2634503439706865,0.2634503439706851,-0.007270161328896175,0.007278973644480301,8.812315584131674e-06,0.07847310342333165,-1.1557595158695477e-16,1.5858856478536446e-13,-1.3877787807814457e-15,0.2001410719147483,0.8,0.1963818366240778,0.836829187247899,154,147,6,True,0.0
FEM,10.29999999999998,0.0012928504577764347,0.09902462931318622,0.26417733328340676,0.26417733328340814,0.26417733328340676,-0.007269893127216596,0.007278973644480301,9.08051726371018e-06,0.07924244757454078,-2.211772431870429e-17,3.0347914309972115e-14,-1.3877787807814457e-15,0.20014184261539483,0.8,0.19631342702059335,0.8368282696044714,152,147,6,True,0.0
FEM,10.399999999999979,0.0013315650646387087,0.09998507364795778,0.2649042952276867,0.26490429522768816,0.26490429522768677,-0.007269619442800365,0.007278973644480301,9.354201679941572e-06,0.08001179172574992,-7.849623728795052e-17,1.0770129849373503e-13,-1.4432899320127035e-15,0.20014302723576388,0.8,0.19625688417393208,0.836826248763138,151,148,6,False,0.0
FEM,10.499999999999979,0.0013707333381852893,0.10094548098238683,0.26563122916634474,0.2656312291663462,0.26563122916634474,-0.007269339386580222,0.007278973644480301,9.634257900083794e-06,0.08078113587695905,3.0357660829594124e-18,4.1650835435501506e-15,-1.4432899320127035e-15,0.2001426358771165,0.8,0.19621114265406284,0.8368231020092668,149,147,6,False,0.0
FEM,10.599999999999978,0.0014102004661757381,0.10190585088325164,0.2663581347714746,0.26635813477147613,0.2663581347714747,-0.007269056051299192,0.007278973644480301,9.91759318111421e-06,0.08155048002816818,-8.413408858487514e-17,1.1542782824108776e-13,-1.5543122344752192e-15,0.20014171849221524,0.8,0.19608550350244028,0.8368188284253147,148,147,6,False,5.551115123125783e-17
FEM,10.699999999999978,0.001450032909038956,0.10286618306529817,0.26708501182716693,0.2670850118271685,0.26708501182716693,-0.007268770556923292,0.007278973644480301,1.0203087557013979e-05,0.08231982417937732,2.5045070184415152e-17,3.4359257711968095e-14,-1.5543122344752192e-15,0.20014107246858484,0.8,0.1955107046996074,0.8368134067958001,150,146,6,False,0.0
FEM,10.799999999999978,0.001490648659285949,0.10382647717975703,0.2678118600694377,0.2678118600694393,0.2678118600694377,-0.007268482422708027,0.007278973644480301,1.049122177227937e-05,0.08308916833058645,-4.163336342344337e-17,5.711443046551995e-14,-1.609823385706477e-15,0.2001418861564251,0.8,0.19490004916125306,0.8368067965473834,152,147,6,False,0.0
FEM,10.899999999999977,0.0015321653486914631,0.10478673247838001,0.2685386789319365,0.26853867893193817,0.26853867893193656,-0.007268188624988514,0.007278973644480301,1.0785019491792079e-05,0.08385851248179559,-3.892285799222961e-17,5.3393891055127266e-14,-1.6653345369377348e-15,0.20014306609074306,0.8,0.19426711085441517,0.8367989277708846,153,148,6,False,5.551115123125783e-17
FEM,10.999999999999977,0.0015747560765557314,0.10574694810051156,0.26926546776323174,0.26926546776323335,0.2692654677632317,-0.007267888312951773,0.007278973644480301,1.1085331528532935e-05,0.08462785663300472,5.572799166575493e-17,7.64438145825055e-14,-1.609823385706477e-15,0.20014477686005164,0.8,0.1936285537239927,0.8367897392863772,154,149,6,True,0.0
FEM,11.099999999999977,0.0016183461853454594,0.10670712302008109,0.2699922257866888,0.26999222578669047,0.26999222578668886,-0.007267580234571396,0.007278973644480301,1.139340990890952e-05,0.08539720078421385,-7.600257229123386e-17,1.0425068000585243e-13,-1.6653345369377348e-15,0.20014617570674925,0.8,0.19300818913935894,0.8367791582200499,151,148,6,True,5.551115123125783e-17
FEM,11.199999999999976,0.0016632444221722112,0.10766725628238889,0.2707189522796939,0.2707189522796955,0.2707189522796939,-0.007267264930050424,0.007278973644480301,1.170871442988286e-05,0.08616654493542299,4.96564594998361e-17,6.810948146595538e-14,-1.609823385706477e-15,0.20014852053468737,0.8,0.1924334267674408,0.8367671205880741,148,148,6,True,-5.551115123125783e-17
FEM,11.299999999999976,0.0017088642259842249,0.1086273466376861,0.27144564629630996,0.27144564629631174,0.2714456462963101,-0.007266940166162336,0.007278973644480301,1.2033478317969896e-05,0.08693588908663212,-1.6403978869705682e-16,2.2498920373307595e-13,-1.7763568394002505e-15,0.20014889977932177,0.8,0.1919373133201055,0.8367535295086777,148,148,6,True,0.0
FEM,11.399999999999975,0.0017548905530653232,0.10958739339681324,0.27217230731491104,0.27217230731491276,0.27217230731491104,-0.007266610186010231,0.007278973644480301,1.2363458470075298e-05,0.08770523323784125,5.930585883495709e-17,8.133742549217687e-14,-1.7208456881689926e-15,0.2001482735941951,0.8,0.19155088194605574,0.8367383448766319,149,149,6,True,0.0
FEM,11.499999999999975,0.0018007098977852953,0.1105473961716958,0.2728989350417629,0.27289893504176466,0.2728989350417629,-0.007266277268518686,0.007278973644480301,1.2696375961619808e-05,0.08847457738905039,-3.252606517456513e-17,4.4607154579649843e-14,-1.7763568394002505e-15,0.20014576623119598,0.8,0.19030430251621638,0.8367215065729118,149,149,6,True,-5.551115123125783e-17
FEM,11.599999999999975,0.0018466700940849182,0.11150735516056315,0.2736255296269056,0.2736255296269074,0.2736255296269057,-0.007265945851427232,0.007278973644480301,1.3027793053074326e-05,0.08924392154025952,1.3660947373317356e-17,1.873415342871678e-14,-1.7763568394002505e-15,0.20014442505902139,0.8,0.19043498643174253,0.8367029753806037,152,150,6,True,5.551115123125783e-17
FEM,11.699999999999974,0.0018926478196950676,0.11246727022921817,0.2743520909687652,0.27435209096876706,0.2743520909687652,-0.007265613418596438,0.007278973644480301,1.3360225883868645e-05,0.09001326569146866,-3.3176586478056436e-17,4.549515569067005e-14,-1.8318679906315083e-15,0.20014276214426158,0.8,0.1905835638183689,0.8366826342930012,159,150,6,True,0.0
FEM,11.799999999999974,0.0019385364024899936,0.11342714136130853,0.2750786190549646,0.2750786190549664,0.27507861905496456,-0.007265280861993071,0.007278973644480301,1.3692782487234528e-05,0.09078260984267779,7.784571598445922e-17,1.0674520323128137e-13,-1.7763568394002505e-15,0.20014084232118998,0.8,0.19074929089758907,0.8366603983599947,155,150,6,True,-1.1102230246251565e-16
FEM,11.899999999999974,0.0019842798135010576,0.1143869686424116,0.2758051139502774,0.2758051139502791,0.27580511395027735,-0.007264948953127263,0.007278973644480301,1.402469135304314e-05,0.09155195399388692,6.396792817664476e-17,8.771142571409264e-14,-1.7208456881689926e-15,0.2001388267958387,0.8,0.19093252066968963,0.8366361781551932,156,150,6,True,-5.551115123125783e-17
FEM,11.999999999999973,0.0020301164079983562,0.11534675221163619,0.2765315757599953,0.2765315757599971,0.2765315757599953,-0.007264618097179459,0.007278973644480301,1.4355547300846936e-05,0.09232129814509606,-3.0574501264091225e-17,4.192118641586291e-14,-1.7763568394002505e-15,0.20013758073195503,0.8,0.19113320249546967,0.8366098819267453,155,152,6,True,0.0
FEM,12.099999999999973,0.002076343735359384,0.11630649198030268,0.2772580044169966,0.2772580044169984,0.27725800441699655,-0.007264286570012613,0.007278973644480301,1.4687074467693368e-05,0.09309064229630519,2.656295322589486e-17,3.641923342675882e-14,-1.7763568394002505e-15,0.20013724012033596,0.8,0.1913515102506401,0.8365813932147418,151,152,6,True,-5.551115123125783e-17
FEM,12.199999999999973,0.0021232421546276943,0.11726618757538573,0.27798439963893773,0.27798439963893945,0.27798439963893773,-0.007263952219410828,0.007278973644480301,1.5021425069478452e-05,0.09385998644751432,4.0115480381963664e-17,5.499795379549082e-14,-1.7208456881689926e-15,0.20013771537376412,0.8,0.1915864228384711,0.8365505685637691,152,153,6,True,0.0
FEM,12.299999999999972,0.0021707180215822706,0.1182258383559537,0.27871076094069647,0.2787107609406982,0.27871076094069647,-0.007263613017587302,0.007278973644480301,1.5360626893004086e-05,0.09462933059872346,7.589415207398531e-18,1.0404534430487061e-14,-1.7208456881689926e-15,0.20013791221792873,0.8,0.19183627969619493,0.8365172620463781,155,154,6,True,-1.1102230246251565e-16
FEM,12.399999999999972,0.0022198342565629787,0.1191854437705772,0.27943708790489497,0.2794370879048967,0.27943708790489497,-0.0072632696419848335,0.007278973644480301,1.570400249547288e-05,0.09539867474993259,1.474514954580286e-17,2.0213572496813346e-14,-1.7208456881689926e-15,0.2001410791755225,0.8,0.19209813547274399,0.8364813589450737,156,155,6,True,0.0
FEM,12.499999999999972,0.002269924800119373,0.12014500225212396,0.28016337934536817,0.28016337934536995,0.2801633793453682,-0.007262914404732497,0.007278973644480301,1.6059239747809296e-05,0.09616801890114172,-4.629543276513104e-17,6.346158201044157e-14,-1.7763568394002505e-15,0.20014230149272197,0.8,0.1923733762844171,0.8364426181288052,157,156,6,True,0.0
FEM,12.599999999999971,0.0023207494414129223,0.12110451286997997,0.28088963455773275,0.2808896345577345,0.28088963455773275,-0.007262552123645852,0.007278973644480301,1.6421520834454464e-05,0.09693736305235086,-5.854691731421724e-18,8.025187942193021e-15,-1.7763568394002505e-15,0.200142828931871,0.8,0.19265502075636848,0.8364009730235121,160,156,6,True,0.0
FEM,12.69999999999997,0.002372064115088381,0.12206397492309627,0.28161585301136355,0.2816158530113654,0.28161585301136355,-0.007262184536308308,0.007278973644480301,1.6789108171998104e-05,0.09770670720355999,-3.0574501264091225e-17,4.1907203263944106e-14,-1.8318679906315083e-15,0.2001426813759859,0.8,0.1929423773378366,0.8363563146262503,158,156,5,True,5.551115123125783e-17
FEM,12.79999999999997,0.0024254169092034795,0.12302338794366406,0.2823420343521753,0.28234203435217714,0.2823420343521753,-0.007261813408117858,0.007278973644480301,1.7160236362448438e-05,0.09847605135476913,-2.5695591487906455e-17,3.521809208487064e-14,-1.8318679906315083e-15,0.2001466829602419,0.8,0.19323370186748545,0.8363085341773185,160,157,5,True,-5.551115123125783e-17
FEM,12.89999999999997,0.002480794888453998,0.12398274998459877,0.2830681771064164,0.2830681771064182,0.2830681771064164,-0.007261427542410341,0.007278973644480301,1.7546102069965616e-05,0.09924539550597826,6.505213034913027e-17,8.915501171621767e-14,-1.7763568394002505e-15,0.20015052167556913,0.8,0.19353236734925006,0.8362573130162273,161,158,6,True,0.0
FEM,12.99999999999997,0.0025361629486847356,0.12494205911123475,0.28379427980973515,0.28379427980973687,0.2837942798097351,-0.007261027033186835,0.007278973644480301,1.7946611293471385e-05,0.1000147396571874,5.930585883495709e-17,8.127519111645855e-14,-1.7208456881689926e-15,0.20014891439318078,0.8,0.1938327175950661,0.8362024985156413,159,158,6,True,-5.551115123125783e-17
FEM,13.09999999999997,0.0025925444193158897,0.12590131533359714,0.2845203424697196,0.28452034246972135,0.2845203424697196,-0.007260626599844586,0.007278973644480301,1.8347044635719785e-05,0.10078408380839653,-3.0899761915836876e-17,4.2343982445398044e-14,-1.7763568394002505e-15,0.20015000907767647,0.8,0.1941281004450777,0.8361441878572853,159,159,6,True,0.0
FEM,13.199999999999969,0.002650498564974043,0.12686051768389822,0.28524636435384954,0.28524636435385126,0.28524636435384954,-0.007260218841299025,0.007278973644480301,1.8754803181281392e-05,0.10155342795960566,5.453536927602087e-17,7.472923892296333e-14,-1.7208456881689926e-15,0.2001525014991445,0.8,0.19442567650772716,0.8360821150725944,158,161,6,True,0.0
FEM,13.299999999999969,0.0027092514583588415,0.1278196646600048,0.28597234432515783,0.2859723443251595,0.2859723443251578,-0.00725979971308271,0.007278973644480301,1.9173931397595796e-05,0.1023227721108148,2.8189256484623115e-17,3.862522125175335e-14,-1.6653345369377348e-15,0.20015295859679902,0.8,0.19472321526372605,0.8360160598965952,156,160,6,True,0.0
FEM,13.399999999999968,0.0027686049998539917,0.1287787554993487,0.28669828180645535,0.28669828180645707,0.2866982818064554,-0.007259374812975641,0.007278973644480301,1.9598831504665463e-05,0.10309211626202393,-5.2475385148298415e-17,7.189814901607411e-14,-1.7208456881689926e-15,0.2001529086123059,0.8,0.1950163353232251,0.8359459724298726,156,160,6,True,0.0
FEM,13.499999999999968,0.002828386828086832,0.12973778962868623,0.287424176363853,0.2874241763638547,0.287424176363853,-0.007258945573976292,0.007278973644480301,2.002807050401427e-05,0.10386146041323306,3.469446951953614e-18,4.7533170801030144e-15,-1.7208456881689926e-15,0.2001524370216654,0.8,0.1953057870652679,0.8358717344712916,156,162,6,True,-5.551115123125783e-17
FEM,13.599999999999968,0.0028887676404918163,0.13069676663948357,0.28815002768813075,0.2881500276881323,0.2881500276881307,-0.007258513242776238,0.007278973644480301,2.046040170406833e-05,0.1046308045644422,1.470178145890344e-16,2.0140988144948712e-13,-1.5543122344752192e-15,0.20015240148951507,0.8,0.1955909343613519,0.8357932273025205,154,163,6,True,-5.551115123125783e-17
FEM,13.699999999999967,0.0029493713105854065,0.13165568596009478,0.2888758353466089,0.2888758353466105,0.2888758353466089,-0.007258076584781876,0.007278973644480301,2.0897059698430322e-05,0.10540014871565133,-5.952269926945419e-17,8.153938841051127e-14,-1.609823385706477e-15,0.2001514592139248,0.8,0.19560805706396955,0.8357102861229678,156,163,6,True,0.0
FEM,13.799999999999967,0.003009518959790755,0.13261454737821604,0.2896015991785943,0.2896015991785958,0.2896015991785942,-0.007257638319853011,0.007278973644480301,2.13353246272953e-05,0.10616949286686046,1.1427490897997217e-16,1.56534345961992e-13,-1.4988010832439613e-15,0.20014892118250263,0.8,0.19100709505352242,0.8356228254884073,159,165,6,True,-5.551115123125783e-17
FEM,13.899999999999967,0.0030703236501662835,0.13357335133010478,0.2903273195142909,0.29032731951429236,0.29032731951429086,-0.007257203356965857,0.007278973644480301,2.177028751444896e-05,0.1069388370180696,3.664603343001005e-17,5.0194930504838864e-14,-1.4432899320127035e-15,0.20014910373195155,0.8,0.1913919180709059,0.8355308122201249,159,164,6,True,5.551115123125783e-17
FEM,13.999999999999966,0.003131319941801906,0.13453209718838482,0.2910529958788367,0.29105299587883826,0.29105299587883676,-0.0072567636454589565,0.007278973644480301,2.2209999021349323e-05,0.10770818116927873,-1.0484235007934828e-16,1.4359637450382748e-13,-1.5543122344752192e-15,0.20014818966200978,0.8,0.19182616506738628,0.8354339501838383,156,163,6,True,5.551115123125783e-17
FEM,14.099999999999966,0.003192097688341422,0.1354907847702622,0.29177862813387456,0.2917786281338761,0.29177862813387456,-0.007256322550378808,0.007278973644480301,2.2651094101498997e-05,0.10847752532048786,-2.5045070184415152e-17,3.430068112385583e-14,-1.5543122344752192e-15,0.20014634977081772,0.8,0.19230191879362907,0.835332177016121,158,162,6,True,0.0
FEM,14.199999999999966,0.003253486636015403,0.1364494142846817,0.2925042164375552,0.2925042164375566,0.2925042164375551,-0.0072558830368045744,0.007278973644480301,2.3090607675731658e-05,0.109246869471697,1.7791757650487128e-16,2.4365380851358394e-13,-1.3877787807814457e-15,0.2001464763740778,0.8,0.1928143533304361,0.8352254312084162,159,163,6,True,-5.551115123125783e-17
FEM,14.299999999999965,0.0033153967738113028,0.13740798514768895,0.2932297603478825,0.29322976034788395,0.2932297603478825,-0.007255439103273508,0.007278973644480301,2.3534541206798115e-05,0.11001621362290613,-4.206704429243757e-17,5.760629529301848e-14,-1.4432899320127035e-15,0.20014639545526894,0.8,0.19336053069706863,0.8351134586585759,161,161,6,True,0.0
FEM,14.399999999999965,0.0033817194357074767,0.13836649686126107,0.29395525948790213,0.2939552594879035,0.2939552594879021,-0.007254991400195614,0.007278973644480301,2.39822442846922e-05,0.11078555777411526,6.385950795939621e-17,8.744337078310837e-14,-1.3877787807814457e-15,0.20015511560457944,0.8,0.19393254881690525,0.8349961499495253,161,163,6,True,5.551115123125783e-17
FEM,14.499999999999964,0.003450523921721873,0.13932494520944985,0.29468071066655577,0.2946807106665572,0.29468071066655577,-0.007254511786536862,0.007278973644480301,2.4461857943444425e-05,0.1115549019253244,-5.074066167232161e-17,6.947505958734437e-14,-1.4432899320127035e-15,0.20015926431655437,0.8,0.19453420441829752,0.8348727297785682,155,164,6,True,5.551115123125783e-17
FEM,14.599999999999964,0.003520121623881561,0.1402833278210324,0.29540611208906076,0.2954061120890622,0.2954061120890607,-0.007254014225049956,0.007278973644480301,2.4959419430350057e-05,0.11232424607653353,-5.7462715141731735e-18,7.867366066874277e-15,-1.4432899320127035e-15,0.20015955254533327,0.8,0.19514728770848652,0.8347433766885178,158,166,6,True,0.0
FEM,14.699999999999964,0.003590615844925123,0.1412416439381752,0.29613146318181166,0.29613146318181316,0.2961314631818117,-0.0072535109275096606,0.007278973644480301,2.5462716970645544e-05,0.11309359022774267,-6.288372600415926e-17,8.608977187620824e-14,-1.4988010832439613e-15,0.20016006052525684,0.8,0.19576816049771958,0.8346082586364714,156,167,6,True,-1.1102230246251565e-16
FEM,14.799999999999963,0.003664961829870139,0.14219989270440975,0.296856763296546,0.29685676329654737,0.296856763296546,-0.007253001147342264,0.007278973644480301,2.5972497138042854e-05,0.1138629343789518,9.107298248878237e-17,1.246730375873873e-13,-1.3877787807814457e-15,0.20016696895296004,0.8,0.19594235695210638,0.8344672537235778,157,169,6,True,0.0
FEM,14.899999999999963,0.003742871025728188,0.14315807043994216,0.2975820096480215,0.2975820096480229,0.2975820096480215,-0.007252463514755101,0.007278973644480301,2.6510129725204607e-05,0.11463227853016093,1.7889335846010823e-17,2.4487544424060187e-14,-1.3877787807814457e-15,0.20017305185053152,0.8,0.19593779067544786,0.8343197325289533,155,172,6,True,0.0
FEM,14.999999999999963,0.0038222405570597973,0.14411617374090177,0.29830719965984276,0.2983071996598442,0.29830719965984276,-0.007251900118212881,0.007278973644480301,2.7073526267425268e-05,0.11540162268137007,-3.5236570605778894e-17,4.8229322617653807e-14,-1.4432899320127035e-15,0.2001744835572747,0.8,0.1959328417487864,0.8341656305618578,153,172,6,True,0.0
FEM,15.099999999999962,0.003902470364956281,0.14507420121278233,0.2990323322765056,0.29903233227650694,0.29903233227650555,-0.0072513261666271615,0.007278973644480301,2.7647477853144815e-05,0.1161709668325792,1.3292318634672284e-16,1.8192155323399668e-13,-1.3322676295501878e-15,0.20017461347120086,0.8,0.19592370835858086,0.834005231583837,153,172,6,True,-5.551115123125783e-17
FEM,15.199999999999962,0.003983129047371787,0.14603215203473777,0.29975740687671026,0.29975740687671154,0.2997574068767102,-0.007250746002046097,0.007278973644480301,2.822764243420832e-05,0.11694031098378833,4.618701254788249e-17,6.3207527388896e-14,-1.27675647831893e-15,0.200173846431477,0.8,0.19591374684797735,0.8338385706220189,157,170,6,True,-5.551115123125783e-17
FEM,15.299999999999962,0.004065930942659729,0.1469900257985741,0.300482423151494,0.30048242315149526,0.300482423151494,-0.007250162747837095,0.007278973644480301,2.8810896643211007e-05,0.11770965513499747,8.998878031629687e-18,1.2314098727172084e-14,-1.27675647831893e-15,0.20017663695497293,0.8,0.19590336575137787,0.8336656663356921,160,172,6,True,0.0
FEM,15.399999999999961,0.004150283551576287,0.1479478204589164,0.3012073795527091,0.3012073795527104,0.30120737955270904,-0.007249564012151405,0.007278973644480301,2.9409632328901204e-05,0.1184789992862066,-2.5045070184415152e-17,3.426896104900191e-14,-1.27675647831893e-15,0.20017814290206543,0.8,0.19589700617638053,0.8334861401518926,156,173,6,True,0.0
FEM,15.499999999999961,0.0042352370074952,0.14890553453713948,0.3019322749611816,0.3019322749611829,0.3019322749611816,-0.0072489540847255835,0.007278973644480301,3.00195597547229e-05,0.11924834343741574,-7.719519468096792e-17,1.0561672794583935e-13,-1.3322676295501878e-15,0.200177696613629,0.8,0.19563879052301147,0.8333000531086436,155,173,6,True,5.551115123125783e-17
FEM,15.59999999999996,0.004320587074199185,0.14986316746267309,0.30265710894504594,0.30265710894504744,0.302657108945046,-0.0072483398386451086,0.007278973644480301,3.063380583519743e-05,0.12001768758862487,-1.5178830414797062e-16,2.076558901140705e-13,-1.4988010832439613e-15,0.2001768654658984,0.8,0.195350411013494,0.8331075528180434,155,173,6,True,1.1102230246251565e-16
FEM,15.69999999999996,0.004405905091174088,0.15082071886045612,0.30338188122041776,0.30338188122041926,0.30338188122041776,-0.007247722753718174,0.007278973644480301,3.125089076213219e-05,0.120787031739834,3.686287386450715e-18,5.042645911461684e-15,-1.4988010832439613e-15,0.20017522185047915,0.8,0.1950665613592168,0.8329086592313346,156,174,6,True,0.0
FEM,15.79999999999996,0.0044903290403555726,0.15177818876505014,0.30410659181345673,0.3041065918134581,0.3041065918134567,-0.007247105930388743,0.007278973644480301,3.18677140915631e-05,0.12155637589104314,9.421716878899034e-17,1.2887322288633983e-13,-1.3877787807814457e-15,0.20017194876473002,0.8,0.19478887354945132,0.8327034496830122,158,173,6,True,0.0
FEM,15.89999999999996,0.004575813469245538,0.1527355780342925,0.3048312413734614,0.30483124137346296,0.3048312413734615,-0.007246495600048363,0.007278973644480301,3.247804443194281e-05,0.12232572004225227,-1.6089560239684886e-16,2.2005972171141566e-13,-1.5543122344752192e-15,0.2001725663962731,0.8,0.19451879616558668,0.832492103286319,157,175,6,True,0.0
FEM,15.99999999999996,0.004662822285127599,0.15369288565829814,0.30555582913604806,0.30555582913604956,0.30555582913604806,-0.007245877625865923,0.007278973644480301,3.309601861438367e-05,0.1230950641934614,6.689527404235562e-17,9.148610054959946e-14,-1.4988010832439613e-15,0.20017406656917794,0.8,0.19426407347778069,0.8322742469919366,158,175,6,True,0.0
FEM,16.09999999999996,0.004751419943053676,0.15465011018324165,0.3062803540008138,0.3062803540008153,0.30628035400081377,-0.007245248647657836,0.007278973644480301,3.372499682246995e-05,0.12386440834467054,-2.0491421059976034e-17,2.802169495162657e-14,-1.4988010832439613e-15,0.2001756551257594,0.8,0.19402429990448108,0.8320498086445913,157,175,6,True,0.0
FEM,16.19999999999996,0.0048451375259548355,0.15560725009276108,0.30700481482002173,0.30700481482002334,0.3070048148200218,-0.0072446081920800685,0.007278973644480301,3.4365452400238026e-05,0.12463375249587967,-1.0083080204115191e-16,1.3787245566687957e-13,-1.609823385706477e-15,0.20018385606624486,0.8,0.19380159801243,0.8318188077613468,157,176,6,True,5.551115123125783e-17
FEM,16.29999999999996,0.0049433947589116465,0.15656430049633255,0.30772920789202596,0.30772920789202757,0.30772920789202596,-0.007243930720042282,0.007278973644480301,3.5042924438024707e-05,0.12540309664708882,-2.4936649967166602e-18,3.409433070351179e-15,-1.609823385706477e-15,0.20019074375803866,0.8,0.19360543436261418,0.831580561939602,155,177,6,True,0.0
FEM,16.399999999999963,0.005042423537962609,0.15752125705680056,0.3084535299340262,0.3084535299340278,0.3084535299340262,-0.007243220420002601,0.007278973644480301,3.575322447770543e-05,0.12617244079829795,-2.4069288229178198e-17,3.2905245350065824e-14,-1.609823385706477e-15,0.20019047785564936,0.8,0.19343147506486066,0.8313352358709575,154,176,6,True,0.0
FEM,16.499999999999964,0.005143302503335075,0.15847811903553802,0.3091777803869543,0.30917778038695587,0.3091777803869542,-0.0072425045292804,0.007278973644480301,3.646911519990592e-05,0.12694178494950709,8.120674271916428e-17,1.1100728334140394e-13,-1.5543122344752192e-15,0.20019219019240947,0.8,0.19327791190996338,0.8310836766525039,156,177,6,True,-1.1102230246251565e-16
FEM,16.599999999999966,0.005245145058136239,0.15943488466258304,0.3099019579111232,0.30990195791112474,0.3099019579111232,-0.00724177524168881,0.007278973644480301,3.719840279149549e-05,0.12771112910071622,-1.3552527156068805e-17,1.852406841788603e-14,-1.5543122344752192e-15,0.20019224702427338,0.8,0.19315770670305332,0.8308257518314482,155,178,6,True,0.0
FEM,16.699999999999967,0.005348496226752628,0.16039155301394964,0.31062606180716623,0.3106260618071678,0.3106260618071662,-0.007241038960430299,0.007278973644480301,3.793468405000769e-05,0.12848047325192535,1.9081958235744878e-17,2.6079263780495832e-14,-1.5543122344752192e-15,0.20019327455089234,0.8,0.19307126127015672,0.8305617487390354,157,179,6,True,-5.551115123125783e-17
FEM,16.79999999999997,0.005453338485298466,0.1613481226440959,0.31135009098095034,0.3113500909809519,0.31135009098095034,-0.007240291737841088,0.007278973644480301,3.8681906639217794e-05,0.1292498174031345,4.336808689942018e-18,5.9265001743332046e-15,-1.5543122344752192e-15,0.20019423598824768,0.8,0.1930250909799502,0.8302916713723619,156,179,6,True,1.1102230246251565e-16
FEM,16.89999999999997,0.005559457506860232,0.16230459212331355,0.31207404435032693,0.31207404435032854,0.3120740443503269,-0.0072395336937662045,0.007278973644480301,3.9439950714101865e-05,0.13001916155434362,-3.621235256101585e-17,4.9481150648269587e-14,-1.609823385706477e-15,0.20019478636844656,0.8,0.19302190259163,0.8300156532414016,158,179,6,True,0.0
FEM,16.99999999999997,0.005667449372182776,0.16326096022579933,0.3127979209874834,0.31279792098748505,0.3127979209874834,-0.00723876637156493,0.007278973644480301,4.0207272915376784e-05,0.13078850570555275,-4.206704429243757e-17,5.747507100481119e-14,-1.6653345369377348e-15,0.20019634913267068,0.8,0.19306478971439436,0.8297338821457652,157,181,6,True,0.0
FEM,17.099999999999973,0.005777210944386302,0.1642172251557606,0.3135217195331812,0.3135217195331828,0.31352171953318114,-0.007237985456977449,0.007278973644480301,4.098818750285765e-05,0.1315578498567619,7.3075226425523e-17,9.983006483208002e-14,-1.609823385706477e-15,0.20019768032034527,0.8,0.1931581576220984,0.8297189604790502,158,181,6,True,-5.551115123125783e-17
FEM,17.199999999999974,0.005887722758092963,0.16517338521566288,0.3142454387025537,0.31424543870255534,0.3142454387025537,-0.007237191693725426,0.007278973644480301,4.178195075488033e-05,0.13232719400797102,-1.5070410197548512e-17,2.0585867130105125e-14,-1.609823385706477e-15,0.20019722476353705,0.8,0.19330324481665553,0.8298105706909316,162,182,6,True,-5.551115123125783e-17
FEM,17.299999999999976,0.005998898214296128,0.16612943968194602,0.314969077947937,0.31496907794793866,0.31496907794793705,-0.007236392453832965,0.007278973644480301,4.2581190647341106e-05,0.13309653815918016,-2.905661822261152e-17,3.968640388132113e-14,-1.6653345369377348e-15,0.2001966255199674,0.8,0.1935003679666836,0.8298987968813482,161,182,6,True,0.0
FEM,17.399999999999977,0.006111468076047262,0.16708538791444302,0.31569263678478754,0.3156926367847892,0.31569263678478754,-0.007235588368505297,0.007278973644480301,4.338527597500951e-05,0.1338658823103893,1.6588293239028218e-17,2.2654302280496164e-14,-1.6653345369377348e-15,0.20019725716410725,0.8,0.19375232160644712,0.8299836654581111,161,182,6,True,0.0
FEM,17.49999999999998,0.006225549564923819,0.16804122857606704,0.3164161142010621,0.3164161142010638,0.3164161142010621,-0.007234774162746009,0.007278973644480301,4.419948173429743e-05,0.13463522646159842,-5.811323644522304e-17,7.935526778302754e-14,-1.7208456881689926e-15,0.20019805913990374,0.8,0.19406086949024293,0.8300651756715917,162,181,6,True,-5.551115123125783e-17
FEM,17.59999999999998,0.006340753509990847,0.1689969602190665,0.31713950910095495,0.3171395091009567,0.31713950910095495,-0.007233948998928757,0.007278973644480301,4.502464555154879e-05,0.13540457061280756,-4.9873299934333204e-18,6.809572853425163e-15,-1.7208456881689926e-15,0.20019819544380965,0.8,0.19442453096932213,0.8301433710997863,164,183,6,True,5.551115123125783e-17
FEM,17.69999999999998,0.00646188799101328,0.16995258176868497,0.31786282067098126,0.31786282067098304,0.31786282067098126,-0.007233115700263425,0.007278973644480301,4.585794421688039e-05,0.1361739147640167,-3.436920886779049e-17,4.6921500449000094e-14,-1.7763568394002505e-15,0.200206151204322,0.8,0.19484115204546987,0.8302183334312699,169,185,6,True,0.0
FEM,17.799999999999983,0.006587546159847461,0.17090808755873352,0.3185860446223929,0.31858604462239476,0.3185860446223929,-0.007232239514117168,0.007278973644480301,4.6734130363138494e-05,0.13694325891522582,-5.0090140368830305e-17,6.837583740487219e-14,-1.8318679906315083e-15,0.20021161944233035,0.8,0.1953170251731724,0.8302898893438463,168,186,6,True,0.0
FEM,17.899999999999984,0.006717405523176424,0.17186347326746637,0.3193091776840533,0.31930917768405515,0.3193091776840533,-0.007231330616604112,0.007278973644480301,4.764302787619447e-05,0.13771260306643496,-2.5261910618912253e-17,3.44796401239689e-14,-1.8318679906315083e-15,0.2002164199584671,0.8,0.19550683102207642,0.8303582113359994,170,189,6,True,1.1102230246251565e-16
FEM,17.999999999999986,0.006856663870217805,0.17281873488149513,0.3200322168182219,0.32003221681822375,0.3200322168182219,-0.007230391341685971,0.007278973644480301,4.858230279433491e-05,0.1384819472176441,4.336808689942018e-18,5.91849277050559e-15,-1.8318679906315083e-15,0.200229293916809,0.8,0.19548786489500672,0.8304234227756344,173,195,6,True,-5.551115123125783e-17
FEM,18.099999999999987,0.007000367464988051,0.17377386342293863,0.32075515522952525,0.320755155229527,0.32075515522952525,-0.007229384113032846,0.007278973644480301,4.958953144746006e-05,0.13925129136885323,4.640385298237959e-17,6.331916893996767e-14,-1.7763568394002505e-15,0.20023404481861865,0.8,0.19548512387297268,0.830485374569046,173,197,6,True,0.0
FEM,18.19999999999999,0.007146104648505839,0.17472885464561974,0.3214779897040247,0.3214779897040265,0.3214779897040247,-0.007228344744994839,0.007278973644480301,5.062889948546745e-05,0.14002063552006236,-3.859759734048396e-17,5.2659877679534133e-14,-1.8318679906315083e-15,0.20023492536350948,0.8,0.19548187030391861,0.830544472864643,171,197,6,True,-5.551115123125783e-17
FEM,18.29999999999999,0.0072951631126714185,0.1756837066072407,0.32220071877159173,0.3222007187715935,0.32220071877159173,-0.007227290675669741,0.007278973644480301,5.168296881056589e-05,0.1407899796712715,6.646159317336142e-17,9.066253772255959e-14,-1.7763568394002505e-15,0.20023775296915752,0.8,0.19548171529790181,0.8306009834317903,169,197,6,True,0.0
FEM,18.39999999999999,0.007445944501861469,0.1766384161366008,0.32292334003193923,0.32292334003194106,0.32292334003193923,-0.007226212603475567,0.007278973644480301,5.2761041004738605e-05,0.14155932382248063,-5.659535340374333e-17,7.719230963961047e-14,-1.8318679906315083e-15,0.20023807973206867,0.8,0.1940035329318979,0.8306549725510516,171,196,6,True,-5.551115123125783e-17
FEM,18.499999999999993,0.00759702729783695,0.17759298159096984,0.32364585224168185,0.32364585224168346,0.32364585224168174,-0.007225122097423954,0.007278973644480301,5.38515470563526e-05,0.14232866797368976,2.2518879122523927e-16,3.070969037761135e-13,-1.609823385706477e-15,0.20023627368151362,0.8,0.19415899937469086,0.8307066662541561,176,195,6,True,0.0
FEM,18.599999999999994,0.0077490385788868965,0.17854740268825123,0.3243682551873003,0.32436825518730195,0.3243682551873003,-0.007224029456184996,0.007278973644480301,5.494418829531043e-05,0.1430980121248989,-7.188260403578894e-17,9.801392062853816e-14,-1.6653345369377348e-15,0.20023546352776844,0.8,0.19430722129160924,0.830756279936027,174,196,6,True,0.0
FEM,18.699999999999996,0.007904500136327748,0.17950167855148516,0.3250905482050221,0.32509054820502375,0.32509054820502203,-0.00722293017721789,0.007278973644480301,5.604346726241591e-05,0.14386735627610803,1.9949319973733282e-17,2.7197373461878057e-14,-1.6653345369377348e-15,0.20023840070174445,0.8,0.19440732298576005,0.8308039224966046,175,199,6,True,0.0
FEM,18.799999999999997,0.008063159769453725,0.18045580590053872,0.32581272881210915,0.32581272881211076,0.32581272881210915,-0.00722180607087028,0.007278973644480301,5.716757361002604e-05,0.14463670042731716,3.599551212651875e-17,4.9066002216201537e-14,-1.609823385706477e-15,0.20024091286920595,0.8,0.19394931795834322,0.8308496117591848,175,198,6,True,5.551115123125783e-17
FEM,18.9,0.008223684463117721,0.1814097817027513,0.3265347947131355,0.3265347947131371,0.3265347947131355,-0.007220659010263479,0.007278973644480301,5.831463421682721e-05,0.1454060445785263,1.0625181290357943e-17,1.4481073779269093e-14,-1.609823385706477e-15,0.20024146970724388,0.8,0.19360275442412245,0.8308935139135147,177,198,6,True,0.0
FEM,19.0,0.008388026496959263,0.1823636042063087,0.32725674458215004,0.3272567445821516,0.32725674458215004,-0.0072194986901445764,0.007278973644480301,5.947495433572997e-05,0.14617538872973543,6.884683795282953e-17,9.381661127113043e-14,-1.5543122344752192e-15,0.20024484257315806,0.8,0.1933927373366242,0.8309358464950037,176,200,6,True,0.0
FEM,19.1,0.008557860992970713,0.18331726980340238,0.32797857568839633,0.3279785756883979,0.3279785756883963,-0.007218311062462786,0.007278973644480301,6.0662582017520756e-05,0.14694473288094456,1.702197410802242e-17,2.3191849817527835e-14,-1.5543122344752192e-15,0.20025054369810194,0.8,0.19333944086515925,0.8309766554533814,173,203,6,True,-5.551115123125783e-17
FEM,19.200000000000003,0.008734452075663483,0.18427077329586847,0.32870028409737534,0.3287002840973769,0.32870028409737534,-0.007217084089789957,0.007278973644480301,6.188955469034946e-05,0.1477140770321537,9.107298248878237e-18,1.2406304274825818e-14,-1.5543122344752192e-15,0.20025791941143462,0.8,0.19344579328185438,0.8310160056361949,173,206,6,True,5.551115123125783e-17
FEM,19.300000000000004,0.008917497502155678,0.1852241082883545,0.32942186496843395,0.32942186496843534,0.32942186496843384,-0.007215808710584376,0.007278973644480301,6.316493389593036e-05,0.14848342118336283,1.7596601259439737e-16,2.396658830611633e-13,-1.3877787807814457e-15,0.20026474807977976,0.8,0.19370406992011271,0.8310539844896928,174,208,6,True,-1.6653345369377348e-16
FEM,19.400000000000006,0.009102825693940034,0.18617726868466827,0.33014331368735395,0.3301433136873552,0.3301433136873539,-0.0072144871891987065,0.007278973644480301,6.448645528159983e-05,0.14925276533457196,1.218643241873707e-16,1.6594946051565248e-13,-1.27675647831893e-15,0.20026577047938982,0.8,0.19409613203181628,0.8310908581655525,173,210,6,True,0.0
FEM,19.500000000000007,0.009294092940153634,0.18713025238274217,0.3308646286630768,0.330864628663078,0.33086462866307675,-0.00721314975722777,0.007278973644480301,6.582388725253591e-05,0.1500221094857811,8.716985466783456e-17,1.1868244739384778e-13,-1.1657341758564144e-15,0.2002718310848106,0.8,0.19459525990144882,0.8311271064089308,170,213,6,True,-5.551115123125783e-17
FEM,19.60000000000001,0.009488851080373142,0.18808305379850185,0.3315858056690072,0.33158580566900825,0.3315858056690071,-0.0072117700593028276,0.007278973644480301,6.720358517747882e-05,0.15079145363699023,1.0180658399638887e-16,1.385844376111404e-13,-1.0547118733938987e-15,0.20027456275140226,0.8,0.19519018528230048,0.8311625083775954,165,214,6,True,-1.1102230246251565e-16
FEM,19.70000000000001,0.009685392480149553,0.18903566969395968,0.3323068422543068,0.3323068422543078,0.33230684225430673,-0.007210365852995144,0.007278973644480301,6.860779148516205e-05,0.15156079778819936,8.033938098117588e-17,1.0934125968026018e-13,-9.992007221626409e-16,0.2002750929370306,0.8,0.1954374790083701,0.8311973134711801,169,214,6,True,0.0
FEM,19.80000000000001,0.009882777466906372,0.18998809846713172,0.3330277372064312,0.33302773720643214,0.3330277372064312,-0.00720894952124367,0.007278973644480301,7.002412323663626e-05,0.1523301419394085,3.979021973021801e-17,5.4143736313284206e-14,-9.43689570931383e-16,0.20027452579098134,0.8,0.19540376124160636,0.8312317211864222,171,214,6,True,5.551115123125783e-17
FEM,19.900000000000013,0.01008099893877195,0.19094033941437166,0.3337484899927894,0.3337484899927902,0.3337484899927893,-0.007207527863580694,0.007278973644480301,7.144578089961238e-05,0.15309948609061763,1.22514845490862e-16,1.6667735322400287e-13,-8.326672684688674e-16,0.2002741184739814,0.8,0.19537097545238394,0.8312658853714087,172,214,6,True,-5.551115123125783e-17
FEM,20.000000000000014,0.010287025366989102,0.19189239183396506,0.3344691000822525,0.3344691000822533,0.3344691000822525,-0.007206100894630668,0.007278973644480301,7.287274984963833e-05,0.15386883024182677,4.716279450311944e-17,6.415095198329146e-14,-7.771561172376096e-16,0.2002828295251793,0.8,0.19534041797942547,0.8312999124319264,173,216,6,True,0.0
FEM,20.100000000000016,0.010496620683982688,0.19284424835893202,0.33518956189874094,0.3351895618987418,0.33518956189874094,-0.00720461816488506,0.007278973644480301,7.43554795952463e-05,0.1546381743930359,-6.808789643208968e-17,9.259465377275576e-14,-8.326672684688674e-16,0.20028602438764884,0.8,0.19532108176496815,0.8313335850523456,172,216,6,True,-5.551115123125783e-17
FEM,20.200000000000017,0.010711907115083866,0.19379590564725743,0.3359098729126778,0.3359098729126787,0.3359098729126779,-0.007203110139369449,0.007278973644480301,7.586350511085759e-05,0.15540751854424503,-6.418476861114186e-17,8.72687828509021e-14,-8.881784197001252e-16,0.20029190335366442,0.8,0.19529836773870027,0.8313672371976742,172,217,6,True,0.0
FEM,20.30000000000002,0.010932129089509988,0.19474735830377113,0.3366300290404497,0.3366300290404504,0.33663002904044964,-0.0072015612777171925,0.007278973644480301,7.741236676311377e-05,0.15617686269545417,1.566672139241554e-16,2.129676361255473e-13,-7.216449660063518e-16,0.20029673620823232,0.8,0.18970130571748092,0.8314008813979193,169,218,6,True,5.551115123125783e-17
FEM,20.40000000000002,0.011157020501004162,0.19569860162176828,0.3373500267195437,0.33735002671954434,0.3373500267195436,-0.0071999767909389405,0.007278973644480301,7.899685354136568e-05,0.1569462068466633,1.369347343849192e-16,1.8610394594778109e-13,-6.106226635438361e-16,0.2003011247477126,0.8,0.18910040115565027,0.8314346486724259,166,221,6,True,0.0
FEM,20.50000000000002,0.011384772333115542,0.1966496311127109,0.33806986255257787,0.3380698625525784,0.3380698625525778,-0.007198358330341155,0.007278973644480301,8.06153141391512e-05,0.15771555099787243,2.8189256484623115e-17,3.830275935670053e-14,-5.551115123125783e-16,0.20030315515003022,0.8,0.18866666955169592,0.8314686363935664,163,220,6,True,5.551115123125783e-17
FEM,20.600000000000023,0.011615556707573709,0.19760044397905113,0.3387895344220835,0.3387895344220841,0.3387895344220835,-0.007196718695056723,0.007278973644480301,8.225494942358321e-05,0.15848489514908157,-6.08237418764368e-17,8.262716080683497e-14,-6.106226635438361e-16,0.20030526994234282,0.8,0.18840188309753228,0.8315029786238013,161,222,6,True,0.0
FEM,20.700000000000024,0.011848385074924922,0.19855103722494116,0.3395090400604982,0.3395090400604988,0.3395090400604982,-0.007195056384147202,0.007278973644480301,8.391726033310408e-05,0.1592542393002907,-1.0842021724855044e-18,1.4725223916827558e-15,-6.106226635438361e-16,0.2003060331475792,0.8,0.18831562297506263,0.8315377000028497,160,222,6,True,0.0
FEM,20.800000000000026,0.012081078839180456,0.19950140876435313,0.34022837788890403,0.3402283778889046,0.340228377888904,-0.007193378284057867,0.007278973644480301,8.559536042243919e-05,0.16002358345149983,4.380176776841438e-17,5.947634917841719e-14,-5.551115123125783e-16,0.20030404310191302,0.8,0.18840492354459654,0.831572793173069,161,223,6,True,-1.1102230246251565e-16
FEM,20.900000000000027,0.012315902408749734,0.20045155855631014,0.3409475478762855,0.340947547876286,0.3409475478762855,-0.00719169987381435,0.007278973644480301,8.727377066595647e-05,0.16079292760270897,3.881443777498106e-17,5.269228086905142e-14,-4.996003610813204e-16,0.2003045770504382,0.8,0.18865908022253072,0.8316082584148128,166,225,6,True,5.551115123125783e-17
FEM,21.00000000000003,0.012553289962923972,0.20140148435552993,0.34166654832318466,0.34166654832318505,0.34166654832318455,-0.007190004468990644,0.007278973644480301,8.896917548966248e-05,0.1615622717539181,8.955509944730267e-17,1.2154695229796553e-13,-3.885780586188048e-16,0.20030535806792887,0.8,0.18906757114277925,0.8316438167290997,169,225,6,True,0.0
FEM,21.10000000000003,0.012792515316487238,0.20235118344288006,0.34238537717148554,0.342385377171486,0.34238537717148554,-0.0071882884830095205,0.007278973644480301,9.068516147078557e-05,0.16233161590512724,-7.340048707726865e-17,9.959821615893112e-14,-4.440892098500626e-16,0.20030496614587953,0.8,0.1896075616552126,0.8316791897187128,171,224,6,True,-1.1102230246251565e-16
FEM,21.20000000000003,0.01303593470109535,0.20330065370646455,0.34310403282269053,0.34310403282269086,0.34310403282269053,-0.007186556512048791,0.007278973644480301,9.241713243151541e-05,0.16310096005633637,1.122149248522497e-16,1.522303297279014e-13,-3.3306690738754696e-16,0.2003068572808666,0.8,0.19025572641009456,0.831714051128937,167,227,6,True,-5.551115123125783e-17
FEM,21.300000000000033,0.013285601084363758,0.2042498906651224,0.34382251188500124,0.34382251188500157,0.34382251188500124,-0.007184790623106979,0.007278973644480301,9.418302137332697e-05,0.1638703042075455,8.239936510889834e-18,1.1175588535980001e-14,-3.3306690738754696e-16,0.2003104597552421,0.8,0.189799913098493,0.8317478344166066,167,225,6,True,0.0
FEM,21.400000000000034,0.013539765879198846,0.20519888771531872,0.34454080936019094,0.34454080936019116,0.3445408093601908,-0.00718297475189615,0.007278973644480301,9.599889258415543e-05,0.16463964835875464,8.46761896711179e-17,1.1481559998435263e-13,-2.220446049250313e-16,0.20031125650280768,0.8,0.1892661834481599,0.8317799021829158,167,224,6,True,-1.1102230246251565e-16
FEM,21.500000000000036,0.01380067665592833,0.20614763970739344,0.3452589213504732,0.34525892135047326,0.34525892135047304,-0.007181119902821205,0.007278973644480301,9.785374165910127e-05,0.16540899250996377,1.4582519219930035e-16,1.9768009276358662e-13,-5.551115123125783e-17,0.20031352925616355,0.8,0.18877173281293946,0.8318097185101676,168,225,6,True,-1.1102230246251565e-16
FEM,21.600000000000037,0.014068934517816137,0.20709613906464702,0.3459768421210313,0.34597684212103136,0.3459768421210313,-0.007179207705581266,0.007278973644480301,9.976593889904039e-05,0.1661783366611729,-2.6346112791397758e-17,3.5705437891781064e-14,-5.551115123125783e-17,0.2003150837787932,0.8,0.18832647267771113,0.831836547586493,165,225,6,True,-5.551115123125783e-17
FEM,21.70000000000004,0.014345401945520838,0.20804437726031627,0.34669456521794373,0.34669456521794373,0.34669456521794373,-0.007177230969123492,0.007278973644480301,0.00010174267535681405,0.16694768081238204,7.676151381197371e-17,1.0400279659260466e-13,0.0,0.2003157950369899,0.8,0.18793023160892258,0.8324910311560363,165,224,6,True,0.0
FEM,21.80000000000004,0.014634042979936856,0.20899234443316098,0.34741208317722105,0.3474120831772209,0.34741208317722094,-0.007175179592771637,0.007278973644480301,0.00010379405170866955,0.16771702496359117,1.6132928326584306e-16,2.185214135196509e-13,1.6653345369377348e-16,0.2003184558671335,0.8,0.18758151599643544,0.8331887510423642,165,225,6,True,5.551115123125783e-17
FEM,21.90000000000004,0.014935206013394441,0.20994002624221747,0.3481293851441636,0.34812938514416353,0.3481293851441636,-0.0071730196694265325,0.007278973644480301,0.00010595397505377319,0.1684863691148003,-1.2370746788059606e-16,1.6751344664959753e-13,5.551115123125783e-17,0.2003183450919681,0.8,0.18727907146618047,0.8337957381269715,163,225,6,True,0.0
FEM,22.000000000000043,0.015253529863081441,0.21088740709116524,0.3488464593138899,0.3488464593138899,0.34884645931389,-0.007170741697264097,0.007278973644480301,0.00010823194721620902,0.16925571326600944,-8.142358315366138e-17,1.1022244087153127e-13,0.0,0.20031907569719712,0.8,0.18701236871316765,0.834304400089088,164,225,6,True,5.551115123125783e-17
FEM,22.100000000000044,0.01559390952350205,0.2118344657819632,0.3495632896415668,0.34956328964156674,0.3495632896415668,-0.00716830327676823,0.007278973644480301,0.00011067036771207591,0.17002505741721857,6.418476861114186e-17,8.685772752414276e-14,5.551115123125783e-17,0.20031958947128806,0.8,0.18677851274315374,0.8347102294514163,168,225,6,True,0.0
FEM,22.200000000000045,0.015966004996413007,0.2127811750356336,0.3502798554796898,0.3502798554796897,0.35027985547968976,-0.0071656583812294925,0.007278973644480301,0.00011331526325081392,0.1707944015684277,6.852157730108388e-17,9.269331617900054e-14,1.1102230246251565e-16,0.2003232979211108,0.8,0.18657010170375196,0.8350118318568781,170,227,6,True,-5.551115123125783e-17
FEM,22.300000000000047,0.016379495382362236,0.21372749675140384,0.3509961279897196,0.3509961279897194,0.3509961279897196,-0.007162725100296815,0.007278973644480301,0.00011624854418349102,0.17156374571963684,7.686993402922226e-17,1.0394540159598846e-13,1.6653345369377348e-16,0.20032836074909213,0.8,0.1863847362635889,0.8352098461567772,169,227,6,True,0.0
FEM,22.40000000000005,0.016836237823444258,0.21467338187200186,0.3517120700401237,0.3517120700401235,0.3517120700401237,-0.00715942050404094,0.007278973644480301,0.00011955314043936639,0.17233308987084597,5.627009275199768e-17,7.605580730841222e-14,2.220446049250313e-16,0.20032493344398652,0.8,0.1862045803121699,0.8353251308487653,167,228,6,True,0.0
FEM,22.50000000000005,0.01735180708522455,0.21561877784472744,0.3524276418536745,0.35242764185367426,0.3524276418536745,-0.007155718135507474,0.007278973644480301,0.0001232555089728318,0.1731024340220551,5.204170427930421e-18,7.030544880527888e-15,2.220446049250313e-16,0.2003252929234595,0.8,0.18602051101352055,0.8354023754752622,169,230,6,True,0.0
FEM,22.60000000000005,0.017941562263582705,0.21656361540240512,0.35314279100192936,0.3531427910019291,0.35314279100192936,-0.007151491482548171,0.007278973644480301,0.0001274821619321352,0.17387177817326424,6.16911036144252e-17,8.329369029787992e-14,2.7755575615628914e-16,0.20032711268435507,0.8,0.18584353827367905,0.835496448668416,168,231,6,True,0.0
FEM,22.700000000000053,0.018624798950646556,0.21750780849420012,0.3538574523528657,0.35385745235286553,0.35385745235286575,-0.0071466135093645805,0.007278973644480301,0.00013236013511572589,0.17464112232447337,-1.1720225484568303e-16,1.5813922072751583e-13,1.6653345369377348e-16,0.20033195499414524,0.8,0.18567506557098645,0.8368447370636879,168,234,6,True,5.551115123125783e-17
FEM,22.800000000000054,0.019417468865916273,0.21845125022394976,0.3545715449965969,0.35457154499659665,0.3545715449965969,-0.007140926437311215,0.007278973644480301,0.0001380472071690916,0.1754104664756825,5.746271514173174e-17,7.747411837052233e-14,2.220446049250313e-16,0.20033390013363367,0.8,0.1855210657860227,0.8381905324761166,164,235,6,True,-5.551115123125783e-17
FEM,22.900000000000055,0.02034174219454525,0.21939381462042806,0.3552849735852885,0.3552849735852882,0.35528497358528843,-0.007134285886915349,0.007278973644480301,0.00014468775756495717,0.17617981062689164,7.643625316022806e-17,1.0296301113513806e-13,2.7755575615628914e-16,0.2003351774579624,0.8,0.18537702998964878,0.8395313846718112,165,235,6,True,0.0
FEM,23.000000000000057,0.021435630776445842,0.22033534944691346,0.3559976228907081,0.3559976228907078,0.3559976228907081,-0.00712649305419574,0.007278973644480301,0.0001524805902845657,0.17694915477810078,1.4094628242311558e-17,1.896617781264923e-14,2.7755575615628914e-16,0.20034560719440483,0.8,0.18524958195009997,0.840863491128991,165,239,6,True,-5.551115123125783e-17
FEM,23.10000000000006,0.022724930565463753,0.22127566100580295,0.3567093463028117,0.35670934630281137,0.35670934630281165,-0.007117234121035751,0.007278973644480301,0.000161739523444555,0.1777184989293099,5.128276275856436e-17,6.892183800288411e-14,3.3306690738754696e-16,0.20034848660841675,0.8,0.18515550281453155,0.8421795584938131,162,239,6,True,-5.551115123125783e-17
FEM,23.20000000000006,0.024243441704062067,0.2222145277979709,0.35741997616853594,0.35741997616853555,0.3574199761685359,-0.007106298657241753,0.007278973644480301,0.00017267498723855308,0.17848784308051904,5.735429492448318e-17,7.696859817080961e-14,3.885780586188048e-16,0.20034855419900208,0.8,0.18508282027444037,0.8434743769840553,161,239,6,True,-5.551115123125783e-17
FEM,23.30000000000006,0.026028262103955483,0.2231516977462236,0.3581293216902257,0.3581293216902253,0.35812932169022577,-0.007093455216897844,0.007278973644480301,0.0001855184275824623,0.17925718723172818,-9.540979117872439e-18,1.2781819614466885e-14,3.885780586188048e-16,0.20035060001001287,0.8,0.18503992267729294,0.8447398234514554,161,241,6,False,0.0
FEM,23.400000000000063,0.028103291852542445,0.22408689282991892,0.358837172433586,0.35883717243358554,0.3588371724335859,-0.00707850743360203,0.007278973644480301,0.0002004662108782764,0.1800265313829373,6.906367838732663e-17,9.233803563223598e-14,4.440892098500626e-16,0.20035186440987482,0.8,0.18459254609377818,0.845964521925073,162,241,6,False,0.0
FEM,23.500000000000064,0.030476005178529456,0.2250198303033585,0.3595433143879186,0.3595433143879182,0.35954331438791864,-0.007061419543326822,0.007278973644480301,0.0002175541011534838,0.18079587553414644,-7.589415207398531e-17,1.0123907314047954e-13,3.885780586188048e-16,0.2003546971848741,0.8,0.18431308674766603,0.8471356589424124,164,243,6,False,0.0
FEM,23.600000000000065,0.03313123635025713,0.2259502430068728,0.360247545339617,0.3602475453396166,0.360247545339617,-0.007042309516984212,0.007278973644480301,0.00023666412749609466,0.18156521968535558,-6.5052130349130266e-18,8.655570202131154e-15,3.885780586188048e-16,0.20036015370031976,0.8,0.18424574940141597,0.8482379985147003,162,243,6,False,0.0
FEM,23.700000000000067,0.036033696269230864,0.2268778977443875,0.3609496887821775,0.36094968878217715,0.36094968878217754,-0.007021434425605212,0.007278973644480301,0.00025753921887509414,0.1823345638365647,-4.456070928915423e-17,5.912642902239402e-14,3.3306690738754696e-16,0.20036841016628873,0.8,0.1843866197917843,0.8492547937650006,161,246,6,False,-5.551115123125783e-17
FEM,23.800000000000068,0.03912713991848952,0.22780260626459012,0.36164960222786263,0.3616496022278622,0.3616496022278626,-0.006999134456850532,0.007278973644480301,0.00027983918762977407,0.18310390798777385,9.86623976961809e-17,1.305263139696487e-13,4.440892098500626e-16,0.20037198564334285,0.8,0.18472515657026933,0.8501689175213407,162,247,6,True,0.0
FEM,23.90000000000007,0.0423577350307898,0.22872423463775857,0.36234718430503887,0.3623471843050384,0.36234718430503876,-0.006975820771761646,0.007278973644480301,0.00030315287271866074,0.18387325213898298,7.513521055324546e-17,9.90951685952642e-14,4.996003610813204e-16,0.20037347935390254,0.8,0.1852387641389654,0.8509659463178652,160,248,6,True,-5.551115123125783e-17
FEM,24.00000000000007,0.0456813266786442,0.22964269250355476,0.36304236661981326,0.3630423666198129,0.36304236661981326,-0.00695182314774483,0.007278973644480301,0.00032715049673547644,0.1846425962901921,-9.334980705100193e-17,1.2272979682932274e-13,3.885780586188048e-16,0.20037402564464912,0.8,0.1858730427905237,0.8516325648958641,159,250,6,True,-5.551115123125783e-17
FEM,24.100000000000072,0.04907258372967072,0.23055791999208744,0.3637351038565636,0.36373510385656316,0.3637351038565636,-0.006927372367502627,0.007278973644480301,0.00035160127697767934,0.18541194044140125,7.762887554996212e-17,1.0173397987569919e-13,4.440892098500626e-16,0.20037858440351705,0.8,0.18615553744092092,0.8521577711125378,159,252,6,True,5.551115123125783e-17
FEM,24.200000000000074,0.05250981911555182,0.2314698701796825,0.3644253604986815,0.364425360498681,0.3644253604986815,-0.006902566421178737,0.007278973644480301,0.00037640722330156934,0.18618128459261038,4.087442190270352e-17,5.339306117965465e-14,4.996003610813204e-16,0.2003807572375161,0.8,0.18648140908018992,0.8525324720932875,160,253,6,False,0.0
FEM,24.300000000000075,0.05598142999636541,0.2323785089849747,0.36511311074992386,0.36511311074992336,0.3651131107499238,-0.006877502512423427,0.007278973644480301,0.0004014711320568793,0.1869506287438195,4.445228907190568e-18,5.787723284945943e-15,4.996003610813204e-16,0.2003819760491835,0.8,0.18684248822097438,0.8527526506178652,159,254,6,False,0.0
FEM,24.400000000000077,0.05948097909514431,0.2332838099208832,0.3657983345621743,0.36579833456217387,0.36579833456217437,-0.00685223812250524,0.007278973644480301,0.00042673552197506574,0.18771997289502865,-7.795413620170777e-17,1.0116412976116348e-13,4.440892098500626e-16,0.20038338273281228,0.8,0.18723798186365884,0.8528166159088759,159,255,6,False,0.0
FEM,24.500000000000078,0.06299622398295902,0.23418575321451332,0.36648101696929536,0.3664810169692948,0.36648101696929536,-0.00682682407120933,0.007278973644480301,0.0004521495732709763,0.18848931704623778,1.1611805267319752e-16,1.5019557883462676e-13,5.551115123125783e-16,0.20038122495286861,0.8,0.1876663609266042,0.8527250152221988,161,254,6,False,0.0
FEM,24.60000000000008,0.06651381603677263,0.23508433412998297,0.36716115438668984,0.36716115438668934,0.36716115438668984,-0.006801374173945253,0.007278973644480301,0.00047759947053505297,0.18925866119744691,-4.7921736023859296e-17,6.178209798743634e-14,4.996003610813204e-16,0.20037739769089757,0.8,0.18451775455276087,0.8524885215166933,163,253,6,False,0.0
FEM,24.70000000000008,0.07002519784741613,0.23597956498946784,0.3678387561410334,0.3678387561410328,0.36783875614103334,-0.006776017543434389,0.007278973644480301,0.0005029561010459169,0.19002800534865605,1.207801220148852e-16,1.5520587561757534e-13,6.106226635438361e-16,0.20037855124197884,0.8,0.1847018987161008,0.8521136857585944,165,254,6,False,0.0
FEM,24.800000000000082,0.07351207631024734,0.2368714699199889,0.36851384049410907,0.3685138404941085,0.36851384049410907,-0.006750843530757264,0.007278973644480301,0.0005281301137230418,0.19079734949986518,-5.421010862427522e-17,6.943690042202109e-14,5.551115123125783e-16,0.20038037157145003,0.8,0.1848992316653493,0.8523464254927794,165,254,6,False,0.0
FEM,24.900000000000084,0.07695122759661203,0.2377600924253005,0.3691864403739823,0.3691864403739819,0.3691864403739824,-0.006725998798733705,0.007278973644480301,0.0005529748457466011,0.19156669365107432,-1.4474099002681484e-16,1.848084039462592e-13,3.885780586188048e-16,0.20038081226731413,0.8,0.1851074218791299,0.8543840051171386,164,252,6,False,0.0
FEM,25.000000000000085,0.08033047595213558,0.23864549779291758,0.3698566051968837,0.3698566051968832,0.36985660519688374,-0.006701648229012974,0.007278973644480301,0.0005773254154673321,0.19233603780228345,8.933825901280557e-17,1.137154509153844e-13,4.996003610813204e-16,0.20038715753495753,0.8,0.1853265717900935,0.8565098012638813,165,254,6,False,0.0
FEM,25.100000000000087,0.08363214804480504,0.2395277603261873,0.3705243912031426,0.3705243912031421,0.3705243912031426,-0.006677860062589366,0.007278973644480301,0.0006011135818909404,0.19310538195349258,4.7704895589362195e-18,6.0538537479273765e-15,4.996003610813204e-16,0.20039361758199817,0.8,0.1855660141209938,0.8587302053377547,167,254,6,False,0.0
FEM,25.200000000000088,0.08683421761673746,0.2404069669773679,0.3711898642070707,0.3711898642070701,0.37118986420707056,-0.006654730039280006,0.007278973644480301,0.0006242436052003007,0.19387472610470172,5.149960319306146e-17,6.516283377524862e-14,5.551115123125783e-16,0.2003942801139448,0.8,0.18582214917625536,0.8610537839539533,163,254,6,True,-1.1102230246251565e-16
FEM,25.30000000000009,0.08993258939944149,0.2412832205450936,0.3718531020171283,0.3718531020171278,0.3718531020171283,-0.006632378100576641,0.007278973644480301,0.000646595543903665,0.19464407025591085,-4.889751797909625e-17,6.169590702805601e-14,4.996003610813204e-16,0.2003975538476706,0.8,0.1860924849953024,0.8634917381066588,166,257,6,True,0.0
FEM,25.40000000000009,0.09292542362252684,0.2421566224560784,0.3725141814033671,0.37251418140336673,0.37251418140336723,-0.006610793862389274,0.007278973644480301,0.0006681797820910324,0.19541341440711998,-9.985502008591496e-17,1.2564878859900876e-13,3.885780586188048e-16,0.20040113653637284,0.8,0.1863881859231358,0.866053340506642,164,257,6,True,0.0
FEM,25.500000000000092,0.09581631514887144,0.2430272701522785,0.3731731761197689,0.3731731761197684,0.3731731761197689,-0.006589947164016808,0.007278973644480301,0.0006890264804634987,0.19618275855832912,1.1427490897997217e-16,1.4341730319786883e-13,4.996003610813204e-16,0.20040465065592222,0.8,0.18670973427844842,0.8687491034923873,162,259,6,True,-5.551115123125783e-17
FEM,25.600000000000094,0.09862095788060392,0.24389525240081572,0.3738301533543186,0.373830153354318,0.37383015335431863,-0.006569772345495904,0.007278973644480301,0.0007092012989844016,0.19695210270953825,7.003946034256359e-17,8.767892646099892e-14,5.551115123125783e-16,0.20041232770952874,0.8,0.18705807107635855,0.8715901145324385,161,263,6,True,1.1102230246251565e-16
FEM,25.700000000000095,0.10135461382511632,0.2447606385548755,0.37448516560055967,0.37448516560055917,0.37448516560055967,-0.006550122462411478,0.007278973644480301,0.0007288511820688282,0.19772144686074739,-5.442694905877232e-17,6.796720737237571e-14,4.996003610813204e-16,0.20042071995145638,0.8,0.18743763067068256,0.8745860700697432,160,265,6,True,-5.551115123125783e-17
FEM,25.800000000000097,0.10403584477310321,0.2456234798546507,0.375138251642281,0.3751382516422805,0.3751382516422811,-0.006530860417213182,0.007278973644480301,0.0007481132272671239,0.19849079101195652,-2.168404344971009e-19,2.701359010580842e-16,4.996003610813204e-16,0.2004294838804041,0.8,0.1878448092391028,0.8777477967405499,159,266,6,True,5.551115123125783e-17
FEM,25.900000000000098,0.10667300792922488,0.2464838062747778,0.3757894341673357,0.37578943416733507,0.3757894341673356,-0.0065118252505459075,0.007278973644480301,0.0007671483939343984,0.19926013516316565,1.0354130747236567e-16,1.2868473405949739e-13,6.106226635438361e-16,0.20042986853173927,0.8,0.1882787698973164,0.8810858984645352,160,265,6,True,-5.551115123125783e-17
FEM,26.0000000000001,0.10928864351302284,0.24734163697634776,0.37643872767878594,0.3764387276787851,0.37643872767878583,-0.006492935114500431,0.007278973644480301,0.0007860385299798751,0.2000294793143748,2.231288070975168e-16,2.766627033795541e-13,8.326672684688674e-16,0.20042910842866848,0.8,0.1887303769635977,0.8846140641547918,162,265,6,True,-5.551115123125783e-17
FEM,26.1000000000001,0.11191225248133467,0.2481969676052033,0.37708612888096277,0.3770861288809619,0.3770861288809627,-0.006474012021767582,0.007278973644480301,0.000804961622712724,0.20079882346558392,6.451002926288751e-17,7.980027935736706e-14,8.881784197001252e-16,0.20043023822082598,0.8,0.18920639975742212,0.8883408904831063,163,265,6,True,0.0
FEM,26.200000000000102,0.11457059929318483,0.24904976460216738,0.3777316123728682,0.3777316123728672,0.3777316123728681,-0.006454834919053062,0.007278973644480301,0.0008241387254272442,0.20156816761679305,1.0126448291014611e-16,1.2496986131675912e-13,9.992007221626409e-16,0.20043087562642112,0.8,0.18970957591806348,0.8922636247238519,162,266,6,True,-5.551115123125783e-17
FEM,26.300000000000104,0.11729141566576264,0.24989996920666854,0.3783751336785261,0.3783751336785251,0.37837513367852604,-0.0064352130565793995,0.007278973644480301,0.0008437605879009067,0.2023375117680022,-1.6371452804531117e-17,2.015510090095828e-14,9.992007221626409e-16,0.20043187829409187,0.8,0.1902375290022938,0.8963884069974017,163,268,6,False,0.0
FEM,26.400000000000105,0.12009953997531829,0.2507474983569769,0.37901662992837243,0.37901662992837143,0.3790166299283724,-0.006414962498463461,0.007278973644480301,0.0008640111460168452,0.20310685591921132,-1.6696713456276768e-17,2.0504414395765314e-14,9.992007221626409e-16,0.20043292266347557,0.8,0.19079122995303313,0.9007163977208392,164,268,6,False,0.0
FEM,26.500000000000107,0.12301346189821921,0.2515922495265148,0.3796560235198668,0.37965602351986594,0.3796560235198668,-0.006393935914945039,0.007278973644480301,0.000885037729535267,0.20387620007042045,-1.0679391398982219e-16,1.3081058942387818e-13,8.881784197001252e-16,0.20043296350899278,0.8,0.19137092654678883,0.9052420267604007,164,266,6,False,0.0
FEM,26.600000000000108,0.12604842962679216,0.2524341085585068,0.38029322804755256,0.38029322804755156,0.38029322804755245,-0.006372045276856195,0.007278973644480301,0.0009069283676241112,0.2046455442216296,1.1123914289701275e-16,1.358911244387296e-13,9.992007221626409e-16,0.20043390139977021,0.8,0.19180625637404677,0.909955139939349,164,267,6,False,-5.551115123125783e-17
FEM,26.70000000000011,0.1292121558962986,0.2532729536947485,0.3809281513524384,0.3809281513524374,0.38092815135243846,-0.0063492330488587575,0.007278973644480301,0.000929740595621549,0.20541488837283872,-2.7538735181131813e-17,3.354817134039998e-14,9.992007221626409e-16,0.20043563661031447,0.8,0.19200645133829672,0.914838994374481,165,265,6,False,5.551115123125783e-17
FEM,26.80000000000011,0.13250126643394203,0.25410866262119247,0.38156070085481464,0.3815607008548137,0.38156070085481475,-0.006325495023762777,0.007278973644480301,0.0009534786207175294,0.20618423252404786,-4.380176776841438e-17,5.320622137535321e-14,9.43689570931383e-16,0.2004359622262627,0.8,0.19219583921175087,0.9198716614963313,167,266,6,False,0.0
FEM,26.900000000000112,0.1359078942759587,0.25494112196512797,0.3821907907426844,0.3821907907426834,0.3821907907426844,-0.006300898878697417,0.007278973644480301,0.0009780747657828891,0.206953576675257,3.63207727782644e-17,4.3987598199277947e-14,9.992007221626409e-16,0.20043582417121397,0.8,0.19237100680072708,0.9250286254000188,168,264,6,False,5.551115123125783e-17
FEM,27.000000000000114,0.13942209560552035,0.2557702299908199,0.38281834401209747,0.3828183440120966,0.3828183440120975,-0.006275532694131703,0.007278973644480301,0.0010034409503486032,0.20772292082646612,-1.2002118049414534e-16,1.4491085796294252e-13,8.881784197001252e-16,0.20043652032389167,0.8,0.1925319826220191,0.9302838081603939,168,263,6,True,0.0
FEM,27.100000000000115,0.14302937981378405,0.25659589701095886,0.3834432927785773,0.38344329277857636,0.38344329277857725,-0.00624948766479809,0.007278973644480301,0.0010294859796822163,0.20849226497767526,2.905661822261152e-17,3.49723288515594e-14,9.43689570931383e-16,0.20043701276392156,0.8,0.19267939681911342,0.9356130966328925,168,262,6,True,0.0
FEM,27.200000000000117,0.14671496481710933,0.25741804856622447,0.38406558068373825,0.3840655806837373,0.38406558068373825,-0.006222879051609649,0.007278973644480301,0.0010560945928706576,0.2092616091288844,-1.951563910473908e-17,2.341389242296295e-14,9.43689570931383e-16,0.20043795258270336,0.8,0.1928117249949026,0.941000086384799,166,262,6,True,0.0
FEM,27.300000000000118,0.150463917620471,0.25823662499115585,0.38468516256669183,0.38468516256669083,0.38468516256669183,-0.006195818829535193,0.007278973644480301,0.001083154814945113,0.21003095328009352,5.99563801384484e-17,7.169990323560296e-14,9.992007221626409e-16,0.20043962961139064,0.8,0.19292933813646485,0.9464397983208395,167,265,6,True,0.0
FEM,27.40000000000012,0.154257697897323,0.25905158119652266,0.3853020042993232,0.38530200429932204,0.38530200429932315,-0.006168417326312385,0.007278973644480301,0.001110556318167921,0.21080029743130266,1.4051260155412137e-16,1.674856662765496e-13,1.1657341758564144e-15,0.20044026513296956,0.8,0.19303245265380573,0.9519427081597249,167,267,6,True,0.0
FEM,27.50000000000012,0.15808165485263828,0.25986288990048967,0.3859160852319651,0.38591608523196386,0.3859160852319651,-0.006140809326418363,0.007278973644480301,0.0011381643180619432,0.2115696415825118,3.3068166260807885e-17,3.92867105279337e-14,1.2212453270876722e-15,0.20044200079370916,0.8,0.19311941677425443,0.9575382699685961,164,269,6,True,1.1102230246251565e-16
FEM,27.600000000000122,0.1619252517824418,0.2606705376976494,0.3865273952180418,0.3865273952180405,0.3865273952180418,-0.006113099860766531,0.007278973644480301,0.0011658737837137746,0.21233898573372093,7.144892316679474e-17,8.460652933557385e-14,1.27675647831893e-15,0.20044690248729882,0.8,0.19319277532394646,0.9632720325326767,162,271,6,True,5.551115123125783e-17
FEM,27.700000000000124,0.16576686730503679,0.2614745208628079,0.3871359314379478,0.3871359314379464,0.3871359314379478,-0.006085362199058773,0.007278973644480301,0.0011936114454215324,0.21310832988493006,9.77950359581925e-17,1.1542526268015986e-13,1.3877787807814457e-15,0.20044886357089686,0.8,0.1932471846424903,0.9692197482051661,164,271,6,True,0.0
FEM,27.800000000000125,0.1695955597707057,0.2622748555834761,0.38774170614403736,0.387741706144036,0.38774170614403736,-0.006057747060896359,0.007278973644480301,0.0012212265835839472,0.2138776740361392,-5.681219383824043e-17,6.68363006916818e-14,1.3322676295501878e-15,0.20045309166065603,0.8,0.19259174813107302,0.975352706409282,162,274,6,True,0.0
FEM,27.900000000000126,0.17340066432240558,0.26307156748656635,0.3883447387333641,0.3883447387333628,0.3883447387333641,-0.006030325893267458,0.007278973644480301,0.0012486477512128487,0.21464701818734833,1.1600963245594897e-17,1.3603984871389729e-14,1.3322676295501878e-15,0.20045911495184657,0.8,0.19272179364704087,0.9818124880761204,163,276,6,True,5.551115123125783e-17
FEM,28.000000000000128,0.17716229212104379,0.26386469115457223,0.3889450553814759,0.38894505538147467,0.3889450553814759,-0.0060031664811188035,0.007278973644480301,0.0012758071633615022,0.21541636233855746,-1.0430024899310553e-16,1.2192042243501777e-13,1.2212453270876722e-15,0.20046146196725764,0.8,0.19286158638282372,0.9888412666178713,164,275,6,True,5.551115123125783e-17
FEM,28.10000000000013,0.18086313490991768,0.2646542787171645,0.3895426955454089,0.3895426955454077,0.3895426955454089,-0.00597640163933054,0.007278973644480301,0.0013025720051497661,0.2161857064897666,-6.537739100087592e-17,7.618370124698247e-14,1.1657341758564144e-15,0.20046072061948647,0.8,0.1929528081736601,0.9965145161369393,163,276,6,True,-5.551115123125783e-17
FEM,28.20000000000013,0.1844924603727258,0.26544039733918057,0.3901377100623422,0.39013771006234094,0.3901377100623422,-0.005950145169332493,0.007278973644480301,0.0013288284751478132,0.21695505064097573,8.500145032286355e-17,9.874930805976275e-14,1.27675647831893e-15,0.20045947226554023,0.8,0.19021209511398554,1.00487270378689,165,277,6,True,0.0
FEM,28.300000000000132,0.18804492932759326,0.2662231229638364,0.3907301564138248,0.3907301564138234,0.39073015641382475,-0.005924463514824513,0.007278973644480301,0.0013545101296557928,0.21772439479218486,1.3812735677465326e-16,1.5999028942227313e-13,1.3877787807814457e-15,0.20045965399922916,0.8,0.19000503732515975,1.013873682426073,166,276,6,True,5.551115123125783e-17
FEM,28.400000000000134,0.19151344514990207,0.26700253521625994,0.3913200948682509,0.39132009486824954,0.3913200948682509,-0.005899384544261241,0.007278973644480301,0.001379589100219065,0.218493738943394,-4.228388472693467e-18,4.883476158074871e-15,1.3877787807814457e-15,0.2004595762969052,0.8,0.18982215620552786,1.0233705640437671,166,277,6,True,1.1102230246251565e-16
FEM,28.500000000000135,0.1948946593539027,0.26777871910745965,0.39190758977059686,0.3919075897705954,0.3919075897705968,-0.005874949023458942,0.007278973644480301,0.0014040246210213637,0.21926308309460313,4.7704895589362195e-17,5.4940579429686225e-14,1.4432899320127035e-15,0.20046037282632012,0.8,0.1896697617048851,1.0329792813931524,165,278,6,True,0.0
FEM,28.600000000000136,0.19820226162187357,0.2685517615224084,0.3924927068842458,0.3924927068842443,0.39249270688424576,-0.005851171136488982,0.007278973644480301,0.0014278025079913236,0.22003242724581226,4.92227786308419e-17,5.6533874041161433e-14,1.4988010832439613e-15,0.20046987076985934,0.8,0.1895567928007836,1.0420219737629235,163,282,6,True,-5.551115123125783e-17
FEM,28.700000000000138,0.20143273875802636,0.2693217351046617,0.393075501193228,0.3930755011932263,0.39307550119322787,-0.005827943089820312,0.007278973644480301,0.0014510305546599942,0.2208017713970214,1.3953681959888442e-16,1.598359134954661e-13,1.6653345369377348e-15,0.20047870932622097,0.8,0.18949782681431257,1.0495608551674362,163,285,6,True,5.551115123125783e-17
FEM,28.80000000000014,0.2045818766098079,0.270088714630975,0.39365602929619636,0.393656029296195,0.3936560292961965,-0.0058052810296867,0.007278973644480301,0.0014736926147936058,0.22157111554823053,-2.8937355983638113e-16,3.30611897294467e-13,1.3877787807814457e-15,0.20048589107501236,0.8,0.18948773577641131,1.0546542924770206,161,287,6,True,5.551115123125783e-17
FEM,28.90000000000014,0.2076371417165028,0.27085277773937183,0.39423434995750245,0.39423434995750095,0.3942343499575024,-0.005783206613059537,0.007278973644480301,0.0014957670314207688,0.22234045969943966,1.328147661294743e-16,1.5136033192893836e-13,1.4988010832439613e-15,0.20048668582683735,0.8,0.18952661148387806,1.0567575179737605,162,289,6,True,-5.551115123125783e-17
FEM,29.000000000000142,0.21060318110745277,0.2716140128924116,0.3948105301346073,0.3948105301346058,0.3948105301346073,-0.005761801771048741,0.007278973644480301,0.0015171718734315652,0.2231098038506488,-6.071532165918825e-18,6.902491726126147e-15,1.4988010832439613e-15,0.20048907180157952,0.8,0.1896075053624296,1.0560244390636475,164,291,6,True,0.0
FEM,29.100000000000144,0.21347961006344396,0.2723725031652734,0.39538463270725477,0.3953846327072532,0.3953846327072547,-0.005741025726473685,0.007278973644480301,0.0015379479180066208,0.22387914800185793,8.164042358815848e-17,9.259515694855607e-14,1.5543122344752192e-15,0.20049004621557404,0.8,0.18567854789275456,1.0540810731876173,164,291,6,True,5.551115123125783e-17
FEM,29.200000000000145,0.21626938231148116,0.2731283311123554,0.39595672016100875,0.39595672016100725,0.3959567201610088,-0.005720874537540183,0.007278973644480301,0.0015580991069401228,0.22464849215306706,-4.0657581468206416e-17,4.6007974146949656e-14,1.4988010832439613e-15,0.20049080175112977,0.8,0.1864153121845945,1.052958972674162,164,293,6,True,5.551115123125783e-17
FEM,29.300000000000146,0.21898277441065336,0.2738815756747635,0.39652685224652595,0.3965268522465244,0.3965268522465259,-0.005701320855171666,0.007278973644480301,0.0015776527893086398,0.2254178363042762,3.870601755773251e-17,4.3702890538619834e-14,1.5543122344752192e-15,0.20049450786069567,0.8,0.18723039878911876,1.051782316374028,165,293,6,True,-5.551115123125783e-17
FEM,29.400000000000148,0.2216216176185297,0.27463230527740223,0.3970950807547326,0.39709508075473116,0.39709508075473265,-0.005682285082067514,0.007278973644480301,0.001596688562412792,0.22618718045548533,-1.0397498834135988e-16,1.1714617559533747e-13,1.4432899320127035e-15,0.20049665201005865,0.8,0.18812740578074152,1.0505567110196634,163,293,6,True,5.551115123125783e-17
FEM,29.50000000000015,0.22419401819593482,0.27538058588043407,0.3976614556109874,0.397661455610986,0.3976614556109875,-0.005663748562548266,0.007278973644480301,0.00161522508193204,0.22695652460669447,-1.1926223897340549e-18,1.3408991933049867e-15,1.4432899320127035e-15,0.20049993293770704,0.8,0.1890978796863642,1.0492967425067847,162,294,6,True,0.0
FEM,29.60000000000015,0.22671226538852565,0.2761264750088942,0.398226020356087,0.3982260203560855,0.398226020356087,-0.005645647450995207,0.007278973644480301,0.0016333261934850995,0.2277258687579036,6.21247844834194e-17,6.970679354702e-14,1.4988010832439613e-15,0.20050602033402112,0.8,0.19013495742426886,1.0480251519410269,157,297,5,True,1.1102230246251565e-16
FEM,29.700000000000152,0.2291787236951233,0.2768700180040629,0.39878880930892324,0.39878880930892163,0.3987888093089232,-0.0056278895283613265,0.007278973644480301,0.0016510841161189796,0.22849521290911273,1.0245710529988017e-16,1.147328584501837e-13,1.609823385706477e-15,0.20050982762755296,0.8,0.19113044610367969,1.0467283879099492,155,298,6,True,-5.551115123125783e-17
FEM,29.800000000000153,0.23159833485146336,0.27761125733666814,0.3993498546156621,0.3993498546156605,0.3993498546156621,-0.005610453067389089,0.007278973644480301,0.0016685205770912179,0.22926455706032187,-7.014788055981214e-17,7.839947008928217e-14,1.5543122344752192e-15,0.200512382987291,0.8,0.19143513738899468,1.0453747074269188,157,297,6,True,0.0
FEM,29.900000000000155,0.23397921085569137,0.2783502305607181,0.39990918470099596,0.39990918470099435,0.3999091847009959,-0.005593300853338346,0.007278973644480301,0.00168567279114196,0.230033901211531,4.098284211995207e-17,4.5716071921254005e-14,1.609823385706477e-15,0.20051510856037805,0.8,0.19175141961405642,1.0439110862055336,155,297,6,True,0.0
FEM,30.0,0.23632922266261486,0.27908696761142743,0.4004668222229395,0.40046682222293783,0.40046682222293944,-0.005576375219443678,0.007278973644480301,0.0017025984250366277,0.23080324536273894,3.957337929572091e-17,4.4060637702939074e-14,1.6653345369377348e-15,0.20051796811155492,0.8,0.19207809550973529,1.042256710654987,155,297,6,True,-5.551115123125783e-17
Classic-DDPNM-1,0.0,0.0,7.333997485867926e-17,0.18922542357774103,0.18922542357774103,0.18922542357774103,0.0,0.0,0.0,0.0,0.0,0.0,0.0,0.2,0.2,0.2,0.2,0,0,0,True,0.0
Classic-DDPNM-1,0.1,2.446128436438876e-18,0.0016657288644056055,0.19048621657747225,0.19048621657747236,0.19048621657747228,-0.012607929997313243,0.01260792999731324,9.090515877177156e-20,0.0013325830915245304,-9.93129189996722e-17,7.877020178636452e-14,-1.1102230246251565e-16,0.2,0.5471902523734964,0.14463101449727195,1.8215427757872327,1679,1,6,False,0.0
Classic-DDPNM-1,0.2,9.492201950779546e-18,0.003331457728811211,0.19174700957720353,0.1917470095772037,0.19174700957720353,-0.012607929997313243,0.01260792999731324,2.0183209373157712e-19,0.0026651661830490608,-4.380176776841438e-17,3.474144270926994e-14,-1.6653345369377348e-16,0.2,0.6599413069542978,0.15860759822431778,0.944000659499047,1666,1,6,False,-2.7755575615628914e-17
Classic-DDPNM-1,0.30000000000000004,2.018130180531777e-17,0.004997186593216779,0.19300780257693478,0.19300780257693503,0.19300780257693484,-0.012607929997313243,0.01260792999731324,3.3868311908903484e-19,0.003997749274573591,-7.155734338404329e-17,5.6755822247817224e-14,-2.498001805406602e-16,0.2,0.7177705076149451,0.16732672969360524,0.951389926119999,1649,1,6,False,0.0
Classic-DDPNM-1,0.4,3.2607957845682096e-17,0.006662915457622458,0.19426859557666612,0.19426859557666637,0.1942685955766661,-0.012607929997313243,0.01260792999731324,4.846809668571042e-19,0.0053303323660981216,1.1709383462843448e-17,9.287316367824548e-15,-2.498001805406602e-16,0.2,0.750160192444807,0.17509493809812024,0.8536926053266398,1576,4,6,False,-2.7755575615628914e-17
Classic-DDPNM-1,0.5,4.4842642158044905e-17,0.008328644322028027,0.19552938857639737,0.1955293885763977,0.1955293885763974,-0.012607929997313243,0.01260792999731324,6.189585637780527e-19,0.006662915457622652,-7.155734338404329e-17,5.6755822247817224e-14,-3.3306690738754696e-16,0.2,0.7709120364235684,0.17990916172370638,0.907426129182265,1484,8,6,False,5.551115123125783e-17
Classic-DDPNM-1,0.6,5.498664296606144e-17,0.009994373186433633,0.19679018157612865,0.19679018157612904,0.19679018157612868,-0.012607929997313243,0.01260792999731324,7.279563131862826e-19,0.007995498549147183,-4.380176776841438e-17,3.474144270926994e-14,-3.885780586188048e-16,0.2,0.782947509798901,0.18410454380046185,0.9192467743238277,1326,13,6,False,0.0
Classic-DDPNM-1,0.7,6.335193447713815e-17,0.011660102050839274,0.19805097457585996,0.19805097457586038,0.19805097457585996,-0.012607929997313243,0.01260792999731324,8.167318064893559e-19,0.009328081640671714,-1.6046192152785466e-17,1.272706317072265e-14,-4.163336342344337e-16,0.2,0.7907353548967933,0.18697886853998288,0.9267239785667727,1212,20,6,False,0.0
Classic-DDPNM-1,0.7999999999999999,7.261382070368344e-17,0.013325830915244917,0.19931176757559127,0.19931176757559171,0.19931176757559127,-0.012607929997313241,0.01260792999731324,9.225494891318373e-19,0.010660664732196245,-1.5829351718288365e-17,1.2555075830577748e-14,-4.440892098500626e-16,0.2,0.7950684247993959,0.1877204982252162,0.9307868175444056,1124,24,6,False,-5.551115123125783e-17
Classic-DDPNM-1,0.8999999999999999,8.556735099887162e-17,0.014991559779650523,0.20057256057532255,0.20057256057532305,0.2005725605753226,-0.012607929997313241,0.01260792999731324,1.078829112684976e-18,0.011993247823720776,-4.358492733391728e-17,3.4569455369125033e-14,-4.996003610813204e-16,0.2,0.7973505045454604,0.18839607942929398,0.9316685788006889,1052,30,6,False,2.7755575615628914e-17
Classic-DDPNM-1,0.9999999999999999,1.0334902613941934e-16,0.01665728864405631,0.20183335357505397,0.20183335357505439,0.2018333535750539,-0.012607929997313241,0.01260792999731324,1.291918858566244e-18,0.013325830915245307,9.519295074422729e-17,7.550244232360568e-14,-4.163336342344337e-16,0.2,0.799910717750311,0.18788294724508262,0.9302318789490789,1000,38,6,False,-5.551115123125783e-17
Classic-DDPNM-1,1.0999999999999999,8.488620817304185e-08,0.018323017508461808,0.20309414657478517,0.20309414657478572,0.20309414657478522,-0.012607929997313241,0.01260792999731324,1.5394471827820317e-18,0.014658414006769838,-1.2685165418080402e-16,1.0061259398476688e-13,-5.551115123125783e-16,0.20007816714689147,0.8,0.18736071527567608,0.9284693110952065,923,46,6,False,2.7755575615628914e-17
Classic-DDPNM-1,1.2,4.845231348894608e-07,0.01998874623271978,0.20435493946843847,0.20435493946843894,0.2043549394684384,-0.012607928936532134,0.01260792999731324,1.060781108910395e-09,0.01599099709829437,8.738669510233166e-17,6.931089224685203e-14,-4.718447854656915e-16,0.2001085663204276,0.8,0.1869042005358365,0.923529620443444,181,53,6,False,0.0
Classic-DDPNM-1,1.3,1.34725798807055e-06,0.021654474297205364,0.20561573186270893,0.20561573186270937,0.20561573186270893,-0.012607923942704392,0.01260792999731324,6.05460885010369e-09,0.0173235801898189,2.0816681711721685e-17,1.651077672506767e-14,-4.440892098500626e-16,0.2001246170280593,0.8,0.18639327490134106,0.9199605289888101,171,59,6,False,0.0
Classic-DDPNM-1,1.4000000000000001,2.7737757653573735e-06,0.023320200937464203,0.20687652317897975,0.2068765231789802,0.20687652317897975,-0.012607913162708283,0.01260792999731324,1.6834604959667432e-08,0.018656163281343428,-2.168404344971009e-18,1.7198711050093343e-15,-4.440892098500626e-16,0.20013535591014706,0.8,0.18588340520694713,0.9174484794911292,155,64,6,False,0.0
Classic-DDPNM-1,1.5000000000000002,4.790605276731781e-06,0.024985925222950487,0.20813731271291924,0.20813731271291966,0.2081373127129192,-0.012607895339394598,0.01260792999731324,3.4657918645099127e-08,0.019988746372867957,2.8189256484623115e-17,2.2358292758161815e-14,-4.163336342344337e-16,0.2001403097988969,0.8,0.18540704166814095,0.9152492163077217,145,71,6,False,-5.551115123125783e-17
Classic-DDPNM-1,1.6000000000000003,7.991920200801854e-06,0.026651646179472424,0.20939809972715998,0.20939809972716042,0.20939809972716,-0.012607870142407543,0.01260792999731324,5.985490570029094e-08,0.021321329464392486,-2.1467203015212988e-17,1.7026665841926318e-14,-4.440892098500626e-16,0.20017110830091372,0.8,0.18497323528249815,0.9133547451218675,142,80,6,False,2.7755575615628914e-17
Classic-DDPNM-1,1.7000000000000004,1.279654544284076e-05,0.028317361852367905,0.2106588827422149,0.21065888274221536,0.2106588827422149,-0.012607830150549426,0.01260792999731324,9.984676381754375e-08,0.022653912555917016,-2.5587171270657905e-17,2.029434541882698e-14,-4.718447854656915e-16,0.20020109137753359,0.8,0.18460251861153804,0.9116749688626906,127,84,6,False,2.7755575615628914e-17
Classic-DDPNM-1,1.8000000000000005,1.8825738784972987e-05,0.02998306959623364,0.21191965975577376,0.21191965975577423,0.21191965975577376,-0.012607770135588768,0.01260792999731324,1.5986172447482183e-07,0.023986495647441545,-9.974659986866641e-18,7.911317335446034e-15,-4.718447854656915e-16,0.20020414204356218,0.8,0.18425555343548755,0.9101329505122183,129,84,6,False,0.0
Classic-DDPNM-1,1.9000000000000006,2.6086297551530355e-05,0.0316487673912426,0.21318042923902608,0.21318042923902653,0.21318042923902608,-0.012607694832523029,0.01260792999731324,2.3516479021477667e-07,0.025319078738966074,1.9081958235744878e-17,1.5134603640107603e-14,-4.440892098500626e-16,0.20020601798753024,0.8,0.18389734256773727,0.9086771360255479,126,89,6,False,0.0
Classic-DDPNM-1,2.0000000000000004,3.4533861660227865e-05,0.03331445320679498,0.2144411896550074,0.21444118965500783,0.2144411896550074,-0.012607604159813119,0.01260792999731324,3.258375001229803e-07,0.026651661830490603,2.0383000842727483e-17,1.6166392171744197e-14,-4.163336342344337e-16,0.20020616705720315,0.8,0.18354707169741405,0.9083117749803267,130,92,6,False,0.0
Classic-DDPNM-1,2.1000000000000005,4.512535076401368e-05,0.03498012508591005,0.21570193952247574,0.21570193952247613,0.21570193952247568,-0.012607498674683037,0.01260792999731324,4.313226302061434e-07,0.027984244922015133,2.1033522146218786e-17,1.668220128887703e-14,-3.885780586188048e-16,0.2002254392236108,0.8,0.18319678672465267,0.909543405646301,124,100,6,True,-5.551115123125783e-17
Classic-DDPNM-1,2.2000000000000006,5.8712688959833136e-05,0.03664577949360224,0.21696267616579448,0.21696267616579487,0.21696267616579445,-0.012607366433187401,0.01260792999731324,5.635641258411547e-07,0.029316828013539662,3.686287386450715e-18,2.923654097524064e-15,-3.885780586188048e-16,0.20025326645672187,0.8,0.18285731437371788,0.9107060641673571,119,105,6,True,0.0
Classic-DDPNM-1,2.3000000000000007,7.489170761095536e-05,0.03831141149080279,0.21822339584657413,0.2182233958465745,0.2182233958465741,-0.01260719680779627,0.01260792999731324,7.33189516971796e-07,0.03064941110506419,2.1250362580715887e-17,1.685377923562266e-14,-3.608224830031759e-16,0.20026581540249855,0.8,0.18250744736329194,0.911755720921888,124,110,6,True,-2.7755575615628914e-17
Classic-DDPNM-1,2.400000000000001,9.380187837083384e-05,0.039977016806452645,0.21948409533204286,0.21948409533204327,0.2194840953320429,-0.012606994854687924,0.01260792999731324,9.351426253175189e-07,0.031981994196588724,-6.765421556309548e-17,5.3656070401451803e-14,-4.163336342344337e-16,0.2002764740754591,0.8,0.18211446591529837,0.9126652352229648,122,115,6,True,2.7755575615628914e-17
Classic-DDPNM-1,2.500000000000001,0.00011562933988656318,0.041642590940801714,0.22074477121633218,0.22074477121633262,0.2207447712163322,-0.012606758842893534,0.01260792999731324,1.1711544197089842e-06,0.033314577288113253,-2.8406096919120216e-17,2.2528248903147378e-14,-4.440892098500626e-16,0.20028642569265218,0.8,0.18168567277943118,0.9134229727101283,125,118,6,True,2.7755575615628914e-17
Classic-DDPNM-1,2.600000000000001,0.00014031284225771395,0.04330812908859441,0.22200541986233602,0.2220054198623365,0.22200541986233607,-0.012606486460038755,0.01260792999731324,1.4435372744881863e-06,0.03464716037963778,-3.881443777498106e-17,3.078220949558865e-14,-4.718447854656915e-16,0.20029305362293404,0.8,0.1812233180221814,0.9140316452752985,125,122,6,True,0.0
Classic-DDPNM-1,2.700000000000001,0.0001675153772297472,0.04497362654699454,0.22326603771046968,0.22326603771047016,0.2232660377104697,-0.01260617848133669,0.01260792999731324,1.7515159765517914e-06,0.03597974347116231,-3.0357660829594124e-18,2.407488309486572e-15,-4.718447854656915e-16,0.20029459849825076,0.8,0.1807270266618059,0.9145043463648818,126,123,6,True,0.0
Classic-DDPNM-1,2.800000000000001,0.00019709262534087728,0.0466390791699493,0.22452662162257878,0.22452662162257928,0.22452662162257878,-0.012605839121091117,0.01260792999731324,2.090876222125412e-06,0.03731232656268684,-1.951563910473908e-17,1.547629405253129e-14,-4.996003610813204e-16,0.2002944803418778,0.8,0.18020429386367745,0.9148601882796958,124,125,6,True,-2.7755575615628914e-17
Classic-DDPNM-1,2.9000000000000012,0.00022981087924019036,0.04830448305030906,0.22578716864133513,0.22578716864133563,0.22578716864133513,-0.012605470187563559,0.01260792999731324,2.4598097496836867e-06,0.03864490965421137,2.3852447794681098e-18,1.8914917111699146e-15,-4.996003610813204e-16,0.20030120076663688,0.8,0.17967087955734368,0.9151205531137833,122,126,6,True,0.0
Classic-DDPNM-1,3.0000000000000013,0.0002642295951899007,0.04996983301938637,0.22704767485455046,0.22704767485455096,0.22704767485455046,-0.012605062132153275,0.01260792999731324,2.8678651599687097e-06,0.0399774927457359,1.3010426069826053e-18,1.0316893674540646e-15,-4.996003610813204e-16,0.20029482473910906,0.8,0.17914910117848953,0.9153065015068357,121,129,6,True,5.551115123125783e-17
Classic-DDPNM-1,3.1000000000000014,0.00030140917940570735,0.05163512628294312,0.2283081381472612,0.22830813814726167,0.22830813814726114,-0.01260463292710701,0.01260792999731324,3.297070206232312e-06,0.04131007583726043,3.2959746043559335e-17,2.6135241136406128e-14,-4.718447854656915e-16,0.20029787206225907,0.8,0.178632828215113,0.9154368532665231,115,133,6,True,0.0
Classic-DDPNM-1,3.2000000000000015,0.00034287983676493917,0.05330035830059672,0.22956855508284407,0.2295685550828446,0.22956855508284407,-0.012604169355829318,0.01260792999731324,3.7606414839246735e-06,0.04264265892878496,-5.637851296924623e-17,4.470337449906185e-14,-5.273559366969494e-16,0.2003114589742414,0.8,0.1781564745648896,0.9155213116386302,108,140,6,True,-5.551115123125783e-17
Classic-DDPNM-1,3.3000000000000016,0.0003872058093765724,0.0549655220131402,0.23082892031817337,0.2308289203181739,0.2308289203181734,-0.012603652353293027,0.01260792999731324,4.277644020215591e-06,0.04397524202030949,-5.637851296924623e-18,4.470154200798226e-15,-5.273559366969494e-16,0.20031304795750463,0.8,0.1777308231573125,0.9155742158150695,103,141,6,True,2.7755575615628914e-17
Classic-DDPNM-1,3.4000000000000017,0.00043300846401684835,0.056630612727556054,0.23208923030109618,0.2320892303010967,0.23208923030109616,-0.01260309982922803,0.01260792999731324,4.8301680852128984e-06,0.04530782511183402,1.0625181290357943e-17,8.424152327503073e-15,-5.273559366969494e-16,0.20030565726488275,0.8,0.17734011673655112,0.9156022995058312,107,143,6,True,-2.7755575615628914e-17
Classic-DDPNM-1,3.5000000000000018,0.00048237799684701485,0.0582956280215105,0.23334948319814397,0.23334948319814452,0.23334948319814397,-0.01260252897047819,0.01260792999731324,5.4010268350519135e-06,0.04664040820335855,-3.252606517456513e-17,2.578705427796496e-14,-5.551115123125783e-16,0.20031215231483696,0.8,0.17699017783743196,0.9156171141954922,105,144,6,True,0.0
Classic-DDPNM-1,3.600000000000002,0.0005338247666040456,0.059960562032144116,0.2346096745717085,0.23460967457170906,0.2346096745717085,-0.012601913735645436,0.01260792999731324,6.016261667805802e-06,0.047972991294883076,-9.540979117872439e-18,7.563833650455999e-15,-5.551115123125783e-16,0.20030920615690595,0.8,0.1767042839783588,0.9156279609095258,108,148,6,True,5.551115123125783e-17
Classic-DDPNM-1,3.700000000000002,0.0005873982555927107,0.061625411349718884,0.2358698018409533,0.23586980184095385,0.23586980184095327,-0.01260127269244798,0.01260792999731324,6.657304865263829e-06,0.049305574386407605,-5.204170427930421e-18,4.125517786088551e-15,-5.551115123125783e-16,0.20030703006401895,0.8,0.17645691406974534,0.915649156084323,108,150,6,True,-2.7755575615628914e-17
Classic-DDPNM-1,3.800000000000002,0.0006427596260652289,0.06329017248345291,0.23712986236369962,0.23712986236370023,0.23712986236369965,-0.01260060522746393,0.01260792999731324,7.324769849312403e-06,0.050638157477932134,-6.743737512859838e-17,5.345700611939882e-14,-6.106226635438361e-16,0.20030345278411815,0.8,0.17625424284425484,0.9156829167667161,109,152,6,True,0.0
Classic-DDPNM-1,3.900000000000002,0.0006995428169991743,0.06495484250046157,0.23838985392004214,0.23838985392004272,0.23838985392004214,-0.012599915563425011,0.01260792999731324,8.014433888232248e-06,0.051970740569456664,1.452830911130576e-17,1.1515831565788028e-14,-5.828670879282072e-16,0.20029856948107896,0.8,0.1760891561530157,0.9157281904219797,109,153,6,True,0.0
Classic-DDPNM-1,4.000000000000002,0.0007576546614725458,0.06661941907023196,0.23964977474601168,0.23964977474601232,0.23964977474601173,-0.012599208259696027,0.01260792999731324,8.72173761721527e-06,0.05330332366098119,-6.245004513516506e-17,4.9498112848962845e-14,-6.38378239159465e-16,0.20029389273333725,0.8,0.1759563986790135,0.9157844638548805,109,153,6,True,0.0
Classic-DDPNM-1,4.100000000000001,0.0008193472851751157,0.06828390001543132,0.2409096231935814,0.24090962319358206,0.24090962319358145,-0.012598484475697306,0.01260792999731324,9.445521615936015e-06,0.05463590675250572,-1.929879867024198e-17,1.529541436037076e-14,-6.661338147750939e-16,0.20030025119972777,0.8,0.1758523576686511,0.9158510761978859,113,158,6,True,5.551115123125783e-17
Classic-DDPNM-1,4.200000000000001,0.0008850898815383673,0.06994827945452656,0.2421693948110089,0.24216939481100958,0.24216939481100894,-0.012597716174275292,0.01260792999731324,1.0213823037950061e-05,0.05596848984403025,-1.0625181290357943e-17,8.420558080199646e-15,-6.661338147750939e-16,0.20030807826006788,0.8,0.1757831543581149,0.915927564465559,119,161,6,True,2.7755575615628914e-17
Classic-DDPNM-1,4.300000000000001,0.0009543134821893511,0.07161255073558775,0.2434290845634372,0.24342908456343787,0.2434290845634372,-0.012596897524282965,0.01260792999731324,1.1032473030276782e-05,0.05730107293555478,-1.951563910473908e-18,1.5465327795849939e-15,-6.661338147750939e-16,0.2003126982964761,0.8,0.17573510959383995,0.916013140017741,118,162,6,True,0.0
Classic-DDPNM-1,4.4,0.0010259765836687343,0.0732767081436414,0.24468868812519315,0.24468868812519387,0.24468868812519318,-0.012596035617559969,0.01260792999731324,1.1894379753274254e-05,0.05863365602707931,-5.160802341031001e-17,4.089440698088885e-14,-7.216449660063518e-16,0.20031260616933688,0.8,0.1757000390301869,0.9161067567478267,118,165,6,True,2.7755575615628914e-17
Classic-DDPNM-1,4.5,0.0011006467437147459,0.07494074767702462,0.24594820246741134,0.24594820246741203,0.2459482024674113,-0.012595143422181584,0.01260792999731324,1.2786575131658038e-05,0.05996623911860384,2.905661822261152e-17,2.302295440660755e-14,-6.938893903907228e-16,0.2003148673127683,0.8,0.17567349937271684,0.9162071923925074,117,166,6,True,0.0
Classic-DDPNM-1,4.6,0.001177196440386208,0.07660466440147948,0.24720762385534356,0.24720762385534428,0.24720762385534356,-0.012594213879322578,0.01260792999731324,1.3716117990664248e-05,0.06129882221012837,-3.3176586478056436e-17,2.6285467184687907e-14,-7.216449660063518e-16,0.20031263707901525,0.8,0.17566014612887804,0.9163134049070992,116,167,6,True,0.0
Classic-DDPNM-1,4.699999999999999,0.0012562663682100061,0.0782684552366457,0.24846694995745994,0.24846694995746058,0.2484669499574599,-0.01259326102116298,0.01260792999731324,1.4668976150262378e-05,0.0626314053016529,7.784571598445922e-17,6.167170180096374e-14,-6.38378239159465e-16,0.200313085353562,0.8,0.17565111456930163,0.9164240349233606,122,169,6,True,-2.7755575615628914e-17
Classic-DDPNM-1,4.799999999999999,0.0013400477586045395,0.07993211604925161,0.2497261776452801,0.2497261776452807,0.24972617764528007,-0.012592276878201344,0.01260792999731324,1.5653119111897914e-05,0.06396398839317743,2.905661822261152e-17,2.301772638927262e-14,-6.106226635438361e-16,0.20032148654820325,0.8,0.1756497480013458,0.9165379800506479,121,171,6,True,0.0
Classic-DDPNM-1,4.899999999999999,0.0014271152179142787,0.08159563910573053,0.25098530106525435,0.25098530106525496,0.25098530106525435,-0.012591234199742686,0.01260792999731324,1.669579757055674e-05,0.06529657148470197,-1.7997756063259374e-17,1.4256070917011313e-14,-6.106226635438361e-16,0.20032421989620575,0.8,0.17566063626830017,0.916654370852538,124,173,6,True,5.551115123125783e-17
Classic-DDPNM-1,4.999999999999998,0.0015182159335162268,0.08325901901597503,0.25224431613760123,0.2522443161376018,0.2522443161376012,-0.012590150723468519,0.01260792999731324,1.7779273844723746e-05,0.06662915457622651,2.862293735361732e-17,2.26703599290087e-14,-5.551115123125783e-16,0.20032932496459757,0.8,0.1756674673004803,0.9167717766592299,120,174,6,False,-5.551115123125783e-17
Classic-DDPNM-1,5.099999999999998,0.0016132380330692502,0.08492224916311052,0.25350321785399715,0.2535032178539978,0.2535032178539972,-0.012589017163960105,0.01260792999731324,1.8912833353137617e-05,0.06796173766775104,-8.912141857830846e-17,7.058092016625275e-14,-6.661338147750939e-16,0.20033369980822385,0.8,0.17567819683080832,0.9168891650743944,126,175,6,False,0.0
Classic-DDPNM-1,5.1999999999999975,0.0017123653610662283,0.08658532311510363,0.25476200134602517,0.25476200134602583,0.2547620013460252,-0.012587834920279904,0.01260792999731324,2.0095077033338665e-05,0.06929432075927558,2.45029690981724e-17,1.9403643051002e-14,-6.661338147750939e-16,0.2003383706483505,0.8,0.1756896125880554,0.9170053770418393,124,178,6,False,0.0
Classic-DDPNM-1,5.299999999999997,0.0018150497064245944,0.08824823413896044,0.25602066151747077,0.2560206615174715,0.2560206615174708,-0.012586601714456767,0.01260792999731324,2.1328282856475906e-05,0.07062690385080012,-7.43762690325056e-17,5.889203259805856e-14,-7.216449660063518e-16,0.200341035877847,0.8,0.17570266711341367,0.9171193417803928,124,179,6,False,0.0
Classic-DDPNM-1,5.399999999999997,0.0019217881993826803,0.08991097640298143,0.2572791939543107,0.25727919395431137,0.2572791939543107,-0.012585324368398893,0.01260792999731324,2.2605628914349047e-05,0.07195948694232465,4.2500725161431774e-17,3.364918671634009e-14,-6.661338147750939e-16,0.2003450627992033,0.8,0.17571506159572758,0.9172312913738685,125,184,6,False,0.0
Classic-DDPNM-1,5.4999999999999964,0.0020331343683624744,0.09157354325991457,0.25853759362522866,0.2585375936252293,0.25853759362522866,-0.012583996709179597,0.01260792999731324,2.39332881336459e-05,0.07329207003384919,-6.288372600415926e-18,4.97818291594458e-15,-6.661338147750939e-16,0.20035047063642228,0.8,0.17572994135559086,0.9173620802361816,125,184,6,False,0.0
Classic-DDPNM-1,5.599999999999996,0.0021479775224592414,0.09323592715470398,0.25979585481179,0.2597958548117906,0.25979585481178996,-0.012582611865612998,0.01260792999731324,2.531813170024464e-05,0.07462465312537372,6.028164079019405e-17,4.771666017684826e-14,-6.106226635438361e-16,0.20035237864540545,0.8,0.17574724483988607,0.9174904034443323,123,187,6,True,5.551115123125783e-17
Classic-DDPNM-1,5.699999999999996,0.0022679746431114936,0.0948981223567332,0.2610539731764815,0.2610539731764821,0.2610539731764815,-0.012581183646915003,0.01260792999731324,2.6746350398239372e-05,0.07595723621689826,-2.6454533008646308e-17,2.093803773092931e-14,-6.106226635438361e-16,0.200358811379893,0.8,0.17576200030911962,0.9176153220440147,119,190,6,True,0.0
Classic-DDPNM-1,5.799999999999995,0.0023924098102460927,0.09656012041632457,0.26231194232372773,0.26231194232372834,0.2623119423237278,-0.01257969147246252,0.01260792999731324,2.823852485072415e-05,0.0772898193084228,-1.1275702593849246e-17,8.923355662811519e-15,-6.106226635438361e-16,0.20036291493951014,0.8,0.17578217399062285,0.9177366031723089,120,190,6,False,5.551115123125783e-17
Classic-DDPNM-1,5.899999999999995,0.0025307706348269977,0.0982219140601255,0.26356975674831584,0.2635697567483164,0.26356975674831584,-0.012578144245880383,0.01260792999731324,2.9785751432859824e-05,0.07862240239994733,7.22078646875346e-17,5.71368007661503e-14,-5.551115123125783e-16,0.20039166357144095,0.8,0.17580083518557177,0.9178533974134316,121,196,6,False,0.0
Classic-DDPNM-1,5.999999999999995,0.0026806042663519098,0.09988348044763035,0.2648273991622284,0.26482739916222897,0.2648273991622284,-0.012576424139125991,0.01260792999731324,3.1505858187252386e-05,0.07995498549147187,-2.5153490401663703e-17,1.9900801498760946e-14,-5.551115123125783e-16,0.2004120342311615,0.8,0.17584492136881605,0.9179663981601188,119,200,6,False,0.0
Classic-DDPNM-1,6.099999999999994,0.002838415022921582,0.10154480076898552,0.2660848553282554,0.2660848553282559,0.2660848553282553,-0.01257456166026927,0.01260792999731324,3.336833704397366e-05,0.0812875685829964,3.2959746043559335e-17,2.607307032219905e-14,-4.996003610813204e-16,0.20042225965769653,0.8,0.175881271075666,0.918073573934541,120,204,6,False,0.0
Classic-DDPNM-1,6.199999999999994,0.0030078494980361947,0.10320586195367093,0.26734211535329794,0.26734211535329844,0.26734211535329794,-0.01257260025042539,0.01260792999731324,3.5329746887852956e-05,0.08262015167452094,2.233456475320139e-17,1.766519489836889e-14,-4.996003610813204e-16,0.2004405407909651,0.8,0.17590800702474052,0.9181746720073946,120,205,6,False,0.0
Classic-DDPNM-1,6.299999999999994,0.003185832367712851,0.10486664495309095,0.2685991648194418,0.2685991648194423,0.26859916481944185,-0.01257049466143875,0.01260792999731324,3.743533587449139e-05,0.08395273476604548,-1.929879867024198e-17,1.526155880968684e-14,-4.996003610813204e-16,0.20045031865910767,0.8,0.1759432474700529,0.9182702430109434,122,208,6,False,5.551115123125783e-17
Classic-DDPNM-1,6.399999999999993,0.003370326638139603,0.10652713576689739,0.2698559931297997,0.2698559931298002,0.2698559931297997,-0.012568283103578895,0.01260792999731324,3.9646893734347935e-05,0.08528531785757001,4.119968255444917e-18,3.2575158790781337e-15,-4.996003610813204e-16,0.20045483954731552,0.8,0.17597037701431212,0.9183593639591638,119,209,6,True,5.551115123125783e-17
Classic-DDPNM-1,6.499999999999993,0.0035622179398527827,0.10818732373761446,0.2711125922177101,0.2711125922177107,0.27111259221771017,-0.012565990879105104,0.01260792999731324,4.193911820813841e-05,0.08661790094909455,-8.435092901937224e-17,6.668126622422814e-14,-6.106226635438361e-16,0.20046109132284112,0.8,0.17599258545117324,0.918441954119011,113,213,6,True,5.551115123125783e-17
Classic-DDPNM-1,6.5999999999999925,0.003763299388849472,0.1098471967575096,0.2723689529188098,0.27236895291881047,0.2723689529188098,-0.01256360701099733,0.01260792999731324,4.43229863159128e-05,0.08795048404061909,-4.2934406030425976e-17,3.3934198190614065e-14,-6.661338147750939e-16,0.20047083927399462,0.8,0.17601683425708353,0.9185182482012922,107,213,6,True,-5.551115123125783e-17
Classic-DDPNM-1,6.699999999999992,0.00397356550906685,0.11150673978189321,0.2736250638457477,0.2736250638457484,0.27362506384574775,-0.012561109269379383,0.01260792999731324,4.6820727933861106e-05,0.08928306713214362,-4.597017211338539e-17,3.632641457067323e-14,-7.216449660063518e-16,0.20047997668661421,0.8,0.17604487262586738,0.9185883738647861,105,216,6,True,5.551115123125783e-17
Classic-DDPNM-1,6.799999999999992,0.004196210065384999,0.11316593777822302,0.2748809136203671,0.2748809136203678,0.2748809136203671,-0.012558497746194209,0.01260792999731324,4.943225111903386e-05,0.09061565022366816,-2.1250362580715887e-17,1.6788934505961488e-14,-7.216449660063518e-16,0.20049504451293235,0.8,0.17607256400239332,0.9186522266634874,111,219,6,True,5.551115123125783e-17
Classic-DDPNM-1,6.8999999999999915,0.004427760628548203,0.11482477048393772,0.276136486905901,0.27613648690590165,0.27613648690590087,-0.012555732855338064,0.01260792999731324,5.219714197517819e-05,0.0919482333151927,7.762887554996212e-17,6.13176113445614e-14,-6.661338147750939e-16,0.20050228929463632,0.8,0.17610643990628339,0.9187102117517687,106,220,6,False,-5.551115123125783e-17
Classic-DDPNM-1,6.999999999999991,0.004666115801591123,0.11648322333029672,0.27739177267524495,0.2773917726752456,0.2773917726752449,-0.01255285769343972,0.01260792999731324,5.507230387352295e-05,0.09328081640671723,2.168404344971009e-19,1.7123935488567257e-16,-6.661338147750939e-16,0.20050511898938753,0.8,0.1761326933824744,0.9187618496223781,108,222,6,False,0.0
Classic-DDPNM-1,7.099999999999991,0.004910181306495163,0.11814128519326245,0.2786467625085961,0.2786467625085968,0.2786467625085961,-0.012549898333511927,0.01260792999731324,5.8031663801315714e-05,0.09461339949824177,-4.2717565595928875e-17,3.3726271039549233e-14,-7.216449660063518e-16,0.2005058498113345,0.8,0.1761546883364018,0.9188073471635502,111,225,6,False,0.0
Classic-DDPNM-1,7.19999999999999,0.005169698941501529,0.1197989467421117,0.27990144934351424,0.2799014493435149,0.2799014493435142,-0.012546868349180696,0.01260792999731324,6.10616481325476e-05,0.0959459825897663,6.982261990806649e-17,5.511300493529501e-14,-6.661338147750939e-16,0.20052444305269998,0.8,0.17617470484438874,0.9188469356039508,110,231,6,False,-5.551115123125783e-17
Classic-DDPNM-1,7.29999999999999,0.005439001673345369,0.12145618269493852,0.2811558140440819,0.2811558140440826,0.28115581404408185,-0.012543647005676813,0.01260792999731324,6.428299163642924e-05,0.09727856568129084,-1.4094628242311558e-17,1.1122467918273038e-14,-6.661338147750939e-16,0.2005318261290882,0.8,0.17621272719294917,0.9188817454238416,109,233,6,False,0.0
Classic-DDPNM-1,7.39999999999999,0.005722410551810523,0.12311297705432706,0.28240984450182793,0.2824098445018286,0.28240984450182793,-0.012540304577460111,0.01260792999731324,6.762541985313071e-05,0.09861114877281538,1.3660947373317356e-17,1.0777395485815539e-14,-6.661338147750939e-16,0.20054634258133172,0.8,0.17623962000926466,0.9189108264894407,106,235,6,False,0.0
Classic-DDPNM-1,7.499999999999989,0.006020756312353577,0.12476930675262969,0.28366352325681077,0.2836635232568114,0.2836635232568107,-0.012536787549827694,0.01260792999731324,7.114244748554843e-05,0.09994373186433991,6.483528991463317e-17,5.113567273703047e-14,-6.106226635438361e-16,0.20056142836993282,0.8,0.1762737123229888,0.9189351300838683,108,239,6,False,-5.551115123125783e-17
Classic-DDPNM-1,7.599999999999989,0.006340484774347093,0.12642514736815583,0.2849168318242114,0.28491683182421207,0.2849168318242114,-0.012533085674006695,0.01260792999731324,7.484432330654786e-05,0.10127631495586445,-3.469446951953614e-17,2.7355583756725457e-14,-6.661338147750939e-16,0.20058624849471396,0.8,0.17630840741121506,0.9189546672519102,106,241,6,False,0.0
Classic-DDPNM-1,7.699999999999989,0.006673514253808686,0.12808046393796974,0.28616974374052456,0.2861697437405252,0.2861697437405245,-0.012529119163131033,0.01260792999731324,7.881083418221012e-05,0.10260889804738899,5.637851296924623e-17,4.443892542463218e-14,-6.106226635438361e-16,0.20059658527726534,0.8,0.17635285864923117,0.9189701099784747,105,243,6,False,-5.551115123125783e-17
Classic-DDPNM-1,7.799999999999988,0.007020139748527229,0.12973523473096235,0.287422242557437,0.2874222425574376,0.287422242557437,-0.012524988169124226,0.01260792999731324,8.294182818901703e-05,0.10394148113891352,-5.204170427930421e-18,4.10071939854649e-15,-6.106226635438361e-16,0.20060686541369208,0.8,0.1763827736406788,0.9189806838734014,105,246,6,False,5.551115123125783e-17
Classic-DDPNM-1,7.899999999999988,0.007382989749312857,0.13138943753792862,0.2886743114647637,0.28867431146476424,0.28867431146476363,-0.0125206890732667,0.01260792999731324,8.724092404654276e-05,0.10527406423043806,3.881443777498106e-17,3.0574175027195016e-14,-5.551115123125783e-16,0.20062064558879636,0.8,0.1764125380313842,0.9189871304489413,105,252,6,False,0.0
Classic-DDPNM-1,7.999999999999988,0.007760279168484768,0.13304304585556576,0.28992593040210995,0.2899259304021106,0.28992593040211,-0.012516189373463724,0.01260792999731324,9.174062384951805e-05,0.1066066473219626,-1.0646865333807654e-16,8.383575961462884e-14,-6.661338147750939e-16,0.20063105250409607,0.8,0.1764456750307537,0.9189898518471017,102,254,6,False,5.551115123125783e-17
Classic-DDPNM-1,8.099999999999987,0.008151566825992785,0.1346960361053239,0.2911770815228314,0.29117708152283217,0.2911770815228315,-0.012511511207215251,0.01260792999731324,9.641879009799084e-05,0.10793923041348713,-8.651933336434325e-17,6.810213952097683e-14,-7.771561172376096e-16,0.2006403380746915,0.8,0.17647526646093395,0.91898882917187,101,256,6,False,5.551115123125783e-17
Classic-DDPNM-1,8.199999999999987,0.008553174621181997,0.13634838543438904,0.2924277475295944,0.29242774752959516,0.29242774752959444,-0.012506660067630012,0.01260792999731324,0.0001012699296832299,0.10927181350501167,-1.0842021724855044e-17,8.530845204366306e-15,-7.771561172376096e-16,0.20064403369674916,0.8,0.1765035233472662,0.9189843792122107,97,258,6,False,0.0
Classic-DDPNM-1,8.299999999999986,0.00896926941686744,0.13800007700544162,0.2936779156782032,0.293677915678204,0.2936779156782033,-0.012501681486088176,0.01260792999731324,0.00010624851122506695,0.1106043965965362,2.5804011705155006e-17,2.0295461234735785e-14,-7.771561172376096e-16,0.20065345192800368,0.8,0.17652592933917735,0.9189765315600646,97,261,6,False,0.0
Classic-DDPNM-1,8.399999999999986,0.00939901429146385,0.13965108717325472,0.2949275680715456,0.29492756807154635,0.2949275680715456,-0.01249652393342352,0.01260792999731324,0.00011140606388972371,0.11193697968806074,-3.469446951953614e-18,2.7276950111698537e-15,-7.771561172376096e-16,0.2006613645199067,0.8,0.17655377174462702,0.9189659804698779,97,267,6,False,-5.551115123125783e-17
Classic-DDPNM-1,8.499999999999986,0.009849807865370128,0.14130139366376146,0.2961766878503425,0.29617668785034335,0.29617668785034257,-0.012491197787969727,0.01260792999731324,0.0001167322093435164,0.11326956277958528,-3.621235256101585e-17,2.845839989534008e-14,-8.326672684688674e-16,0.20067873680648024,0.8,0.17657978586245446,0.9189526957109323,98,270,6,False,0.0
Classic-DDPNM-1,8.599999999999985,0.010326338856515176,0.14295096212029818,0.2974252490099771,0.2974252490099778,0.297425249009977,-0.012485611596344525,0.01260792999731324,0.00012231840096871873,0.11460214587110981,1.1210650463500116e-16,8.806309282239203e-14,-7.216449660063518e-16,0.20070128397614362,0.8,0.17661491803701607,0.9189373827137588,94,275,6,False,5.551115123125783e-17
Classic-DDPNM-1,8.699999999999985,0.010813841188552139,0.14459975053640622,0.29867321975568956,0.29867321975569033,0.29867321975568956,-0.012479707457125226,0.01260792999731324,0.00012822254018801597,0.11593472896263435,-4.380176776841438e-17,3.4391679621802e-14,-7.771561172376096e-16,0.2007041482477579,0.8,0.17665485765802408,0.9189201678234195,92,276,6,False,-5.551115123125783e-17
Classic-DDPNM-1,8.799999999999985,0.01131637833219147,0.14624774102670893,0.29992058655000803,0.2999205865500088,0.29992058655000803,-0.012473667943184916,0.01260792999731324,0.00013426205412832694,0.11726731205415888,-1.9949319973733282e-17,1.5656113087289676e-14,-7.771561172376096e-16,0.2007120587855549,0.8,0.17667468935170097,0.9189002090677705,93,281,6,False,5.551115123125783e-17
Classic-DDPNM-1,8.899999999999984,0.011832285751786688,0.1478949090719982,0.30116733083430236,0.30116733083430325,0.30116733083430236,-0.012467442842944203,0.01260792999731324,0.00014048715436903986,0.11859989514568342,-8.825405684032006e-17,6.922746235102141e-14,-8.881784197001252e-16,0.2007177402712381,0.8,0.1766991187330414,0.9188786164629814,89,282,6,False,0.0
Classic-DDPNM-1,8.999999999999984,0.012372311661471496,0.1495412328721914,0.30241343610805305,0.3024134361080539,0.302413436108053,-0.01246105273750613,0.01260792999731324,0.0001468772598071139,0.11993247823720796,7.3075226425523e-17,5.729230160238513e-14,-8.326672684688674e-16,0.20073593199468176,0.8,0.17672084458942408,0.9188553234267098,89,283,6,False,-5.551115123125783e-17
Classic-DDPNM-1,9.099999999999984,0.012929347490033981,0.15118667308806502,0.3036588725953352,0.3036588725953359,0.30365887259533514,-0.012454364872820499,0.01260792999731324,0.00015356512449274411,0.12126506132873249,9.77950359581925e-17,7.663289843765009e-14,-7.216449660063518e-16,0.2007451646516334,0.8,0.1767545943966391,0.9188311549243883,90,285,6,False,0.0
Classic-DDPNM-1,9.199999999999983,0.013505736005487644,0.15283120198576797,0.3049036193043499,0.3049036193043506,0.30490361930434984,-0.012447467090147137,0.01260792999731324,0.00016046290716610688,0.12259764442025703,-1.474514954580286e-17,1.1548164014149375e-14,-7.216449660063518e-16,0.2007567457773695,0.8,0.17677887131263498,0.9188054741166688,87,287,6,False,0.0
Classic-DDPNM-1,9.299999999999983,0.014094009693760387,0.1544747880118088,0.30614765235220603,0.3061476523522068,0.30614765235220603,-0.012440330478561716,0.01260792999731324,0.00016759951875152702,0.12393022751178157,-3.0357660829594124e-17,2.3762350352226468e-14,-7.771561172376096e-16,0.2007597245297736,0.8,0.17680496541770216,0.9187788703341938,86,287,6,False,0.0
Classic-DDPNM-1,9.399999999999983,0.014691339859048209,0.15611741179459052,0.307390957076509,0.3073909570765098,0.30739095707650904,-0.012433047243029974,0.01260792999731324,0.00017488275428326872,0.1252628106033061,-4.597017211338539e-17,3.5962485727285603e-14,-8.326672684688674e-16,0.20075973825718205,0.8,0.17682190670271006,0.9187510599346859,86,290,6,False,1.1102230246251565e-16
Classic-DDPNM-1,9.499999999999982,0.015306341938302647,0.15775905857268788,0.308633522304311,0.30863352230431174,0.30863352230431096,-0.012425652278019311,0.01260792999731324,0.000182277719293932,0.12659539369483064,9.71445146547012e-17,7.595225723235595e-14,-7.216449660063518e-16,0.20076906293049526,0.8,0.1768353202609853,0.9187223763752168,85,294,6,False,-5.551115123125783e-17
Classic-DDPNM-1,9.599999999999982,0.01594721193281526,0.15939969953416072,0.3098753262278058,0.3098753262278065,0.3098753262278058,-0.012418039234947728,0.01260792999731324,0.00018989076236551405,0.12792797678635517,-6.5052130349130266e-18,5.083063091029193e-15,-7.216449660063518e-16,0.20078660014823801,0.8,0.17685747777933236,0.9186934869826022,85,294,6,False,0.0
Classic-DDPNM-1,9.699999999999982,0.016612726176578583,0.16103929250712257,0.31111633692702095,0.3111163369270216,0.3111163369270209,-0.012410106992151134,0.01260792999731324,0.00019782300516210763,0.1292605598778797,5.898059818321144e-17,4.6057891458480035e-14,-6.661338147750939e-16,0.20080223481363946,0.8,0.17688727708107993,0.918664577404336,83,296,6,False,-1.1102230246251565e-16
Classic-DDPNM-1,9.799999999999981,0.017296980068690775,0.16267779731748133,0.3123565239941182,0.31235652399411884,0.31235652399411823,-0.012401870670971938,0.01260792999731324,0.00020605932634130508,0.13059314296940425,2.6454533008646308e-17,2.0645040619638574e-14,-6.661338147750939e-16,0.20081145950221607,0.8,0.17691459806202453,0.9186354208114604,86,297,6,False,5.551115123125783e-17
Classic-DDPNM-1,9.89999999999998,0.017987071617000198,0.16431518341398252,0.31359586430480113,0.3135958643048018,0.31359586430480113,-0.012393403106829742,0.01260792999731324,0.00021452689048350056,0.13192572606092878,-1.734723475976807e-17,1.3528791643883479e-14,-6.661338147750939e-16,0.20080791845197274,0.8,0.176934930414422,0.9186059351274826,86,296,6,False,5.551115123125783e-17
Classic-DDPNM-1,9.99999999999998,0.01868860675753066,0.1659514412615133,0.3148343506419268,0.3148343506419275,0.3148343506419268,-0.012384863371256735,0.01260792999731324,0.00022306662605650848,0.13325830915245332,-2.970713952610282e-17,2.315263607192889e-14,-7.216449660063518e-16,0.2008101218812857,0.8,0.1769419210420307,0.9185759190438184,88,300,6,False,-5.551115123125783e-17
Classic-DDPNM-1,10.09999999999998,0.01940747847765692,0.1675865521835763,0.3160719688692226,0.3160719688692233,0.31607196886922256,-0.012376182272958036,0.01260792999731324,0.00023174772435520746,0.13459089224397786,4.098284211995207e-17,3.191890248988786e-14,-6.661338147750939e-16,0.2008179572004662,0.8,0.17695408339071642,0.9185461780229424,87,300,6,False,-5.551115123125783e-17
Classic-DDPNM-1,10.19999999999998,0.020146811630865433,0.1692204878984204,0.3173086975801833,0.31730869758018404,0.3173086975801833,-0.012367287109607487,0.01260792999731324,0.00024064288770575526,0.1359234753355024,-4.9439619065339e-17,3.847868514874826e-14,-7.216449660063518e-16,0.20082851870026983,0.8,0.17697131093648683,0.918516873095634,84,305,6,False,0.0
Classic-DDPNM-1,10.29999999999998,0.020907703505610047,0.17085321502962333,0.3185445115121383,0.3185445115121389,0.31854451151213825,-0.012358139319548954,0.01260792999731324,0.000249790677764289,0.13725605842702693,9.215718466126788e-17,7.167458913608122e-14,-6.106226635438361e-16,0.20083980479832425,0.8,0.17699070623050397,0.9184880672581278,83,305,6,False,-5.551115123125783e-17
Classic-DDPNM-1,10.399999999999979,0.02167554825851582,0.17248469840798916,0.3197793840454636,0.3197793840454643,0.31977938404546363,-0.012348725333253593,0.01260792999731324,0.00025920466405965066,0.13858864151855146,-8.847089727481716e-17,6.875726383777314e-14,-7.216449660063518e-16,0.2008378500440731,0.8,0.17701027628982738,0.9184597730266432,86,304,6,False,0.0
Classic-DDPNM-1,10.499999999999979,0.022457181352750547,0.17411492663128114,0.3210133065497868,0.3210133065497875,0.3210133065497868,-0.012339225043232064,0.01260792999731324,0.0002687049540811787,0.139921224610076,4.163336342344337e-17,3.2332487160346865e-14,-6.661338147750939e-16,0.2008421275443351,0.8,0.1770160719516055,0.9184315616520411,87,305,6,False,5.551115123125783e-17
Classic-DDPNM-1,10.599999999999978,0.023248269222623522,0.1757438771586836,0.3222462619639265,0.3222462619639272,0.3222462619639265,-0.012329554141397015,0.01260792999731324,0.0002783758559162275,0.14125380770160054,-5.4643789493269423e-17,4.240454177919036e-14,-7.216449660063518e-16,0.20084269887902745,0.8,0.1770275731911939,0.9184042073116733,87,305,6,False,-5.551115123125783e-17
Classic-DDPNM-1,10.699999999999978,0.024049850134347798,0.17737153448870055,0.323478238554774,0.32347823855477464,0.3234782385547739,-0.012319765908474667,0.01260792999731324,0.00028816408883857646,0.14258639079312507,3.881443777498106e-17,3.009782459377454e-14,-6.661338147750939e-16,0.20084429330526718,0.8,0.1770348589547573,0.918377395404166,87,308,6,False,-5.551115123125783e-17
Classic-DDPNM-1,10.799999999999978,0.024864950055138817,0.1789978814161135,0.3247092232996703,0.324709223299671,0.32470922329967034,-0.012309847448963452,0.01260792999731324,0.0002980825483497902,0.1439189738846496,-4.336808689942018e-17,3.360301002806145e-14,-7.216449660063518e-16,0.20084849391529072,0.8,0.17704267169976254,0.918351340612706,88,308,6,False,0.0
Classic-DDPNM-1,10.899999999999977,0.025684009750950473,0.18062289579834587,0.3259391994388616,0.32593919943886224,0.3259391994388616,-0.012299761391912198,0.01260792999731324,0.00030816860540104483,0.14525155697617415,1.2663481374630692e-16,9.804416770223087e-14,-6.106226635438361e-16,0.20084488706903125,0.8,0.1770526071881614,0.9183261521648767,90,308,6,False,-1.1102230246251565e-16
Classic-DDPNM-1,10.999999999999977,0.026517573437121484,0.18224657102575548,0.3271681619694987,0.32716816196949927,0.3271681619694987,-0.012289625306370584,0.01260792999731324,0.00031830469094265936,0.14658414006769868,3.144186300207963e-17,2.432406942962753e-14,-5.551115123125783e-16,0.20085001783929152,0.8,0.17705427563636297,0.918301454801738,89,310,6,False,0.0
Classic-DDPNM-1,11.099999999999977,0.027367387637755543,0.18386888332186527,0.3283960928951257,0.32839609289512633,0.3283960928951258,-0.012279309256270455,0.01260792999731324,0.00032862074104278845,0.14791672315922322,-3.7947076036992655e-17,2.9333225528565395e-14,-6.106226635438361e-16,0.20085647415144978,0.8,0.17706422799720722,0.918277895200274,88,312,6,False,0.0
Classic-DDPNM-1,11.199999999999976,0.028229095306908793,0.1854898060513265,0.3296229720554021,0.3296229720554027,0.3296229720554021,-0.012268791602763611,0.01260792999731324,0.00033913839454963223,0.14924930625074775,6.505213034913027e-19,5.02446796295716e-16,-6.106226635438361e-16,0.20085942754597308,0.8,0.17707506777431276,0.9182552425854441,88,313,6,False,-5.551115123125783e-17
Classic-DDPNM-1,11.299999999999976,0.029100764825522873,0.1871093196408993,0.33084878463530937,0.33084878463531,0.3308487846353093,-0.012258125799073085,0.01260792999731324,0.00034980419824015785,0.1505818893422723,-2.688821387764051e-17,2.075070646754548e-14,-6.106226635438361e-16,0.20086090181386143,0.8,0.17708198677147702,0.9182333216884837,86,315,6,False,0.0
Classic-DDPNM-1,11.399999999999975,0.02998538660025918,0.18872740763076234,0.3320735181763809,0.3320735181763815,0.33207351817638087,-0.012247335410715186,0.01260792999731324,0.00036059458659805745,0.15191447243379683,3.5561831257524545e-17,2.7421647719002992e-14,-5.551115123125783e-16,0.20086468043294467,0.8,0.1770870265528108,0.9182122008881146,88,317,6,False,0.0
Classic-DDPNM-1,11.499999999999975,0.030910508884350013,0.19034404866840812,0.33329715651686764,0.33329715651686814,0.3332971565168676,-0.01223638340486673,0.01260792999731324,0.0003715465924465127,0.15324705552532136,4.8138576458356397e-17,3.7088226266639795e-14,-4.996003610813204e-16,0.20088896877166096,0.8,0.17709398392003642,0.9181920233368229,88,318,6,False,-5.551115123125783e-17
Classic-DDPNM-1,11.599999999999975,0.03185377150671107,0.19195917659032932,0.33451964957749875,0.33451964957749925,0.3345196495774987,-0.012224930606310937,0.01260792999731324,0.0003829993910023048,0.1545796386168459,8.673617379884035e-18,6.676671945954354e-15,-4.996003610813204e-16,0.2008961035704565,0.8,0.17712105173469836,0.9181734952721382,86,318,6,False,-5.551115123125783e-17
Classic-DDPNM-1,11.699999999999974,0.03280690059122216,0.19357276153133632,0.3357409747532616,0.3357409747532621,0.3357409747532616,-0.012213251757628198,0.01260792999731324,0.00039467823968504577,0.15591222170837044,2.42861286636753e-17,1.867789002099618e-14,-4.996003610813204e-16,0.20089706691723477,0.8,0.17713060873814832,0.9181552316384358,88,319,6,False,-5.551115123125783e-17
Classic-DDPNM-1,11.799999999999974,0.03378296685908688,0.19518478702599226,0.33696111958143915,0.33696111958143965,0.3369611195814392,-0.01220144828177579,0.01260792999731324,0.00040648171553745246,0.15724480479989497,-1.8431436932253575e-17,1.4162328147382954e-14,-4.996003610813204e-16,0.20090737850182058,0.8,0.1771336592188959,0.918137571230919,90,322,6,False,0.0
Classic-DDPNM-1,11.899999999999974,0.034777420232964304,0.19679521532610006,0.33818005549035707,0.33818005549035757,0.3381800554903571,-0.012189359089178942,0.01260792999731324,0.00041857090813430105,0.1585773878914195,2.3201926491189795e-17,1.781132681723225e-14,-4.996003610813204e-16,0.20091418600820082,0.8,0.17714572375098822,0.918121064080058,92,322,6,False,5.551115123125783e-17
Classic-DDPNM-1,11.999999999999973,0.03578190282714159,0.19840401603106683,0.3393977594697551,0.33939775946975553,0.3393977594697551,-0.012177039793979917,0.01260792999731324,0.0004308902033333255,0.15990997098294404,2.970713952610282e-17,2.2783610072811425e-14,-4.440892098500626e-16,0.20091497623857763,0.8,0.17715397257000412,0.9181052369378417,91,323,6,False,5.551115123125783e-17
Classic-DDPNM-1,12.099999999999973,0.03681189869198966,0.20001117227657922,0.34061421875500586,0.34061421875500636,0.34061421875500586,-0.012164592852508236,0.01260792999731324,0.000443337144805007,0.16124255407446858,-5.312590645178972e-17,4.070555439045843e-14,-4.996003610813204e-16,0.20092635665328779,0.8,0.1771559174605643,0.9180899670977507,91,326,6,False,5.551115123125783e-17
Classic-DDPNM-1,12.199999999999973,0.03791873090573074,0.20161664201345533,0.34182940151901237,0.34182940151901287,0.34182940151901237,-0.012151827640064852,0.01260792999731324,0.00045610235724839054,0.16257513716599312,2.0816681711721685e-17,1.5934346415219208e-14,-4.996003610813204e-16,0.20097214855117798,0.8,0.17716816410094297,0.9180758342317253,91,330,6,False,5.551115123125783e-17
Classic-DDPNM-1,12.299999999999972,0.03904581561541798,0.20322029980791417,0.34304321282073325,0.3430432128207338,0.34304321282073325,-0.012138113017209202,0.01260792999731324,0.00046981698010404156,0.16390772025751765,-4.0766001685454967e-17,3.11720373209926e-14,-5.551115123125783e-16,0.20097879510599767,0.8,0.17721449073465376,0.9180636919002723,90,332,6,False,-1.1102230246251565e-16
Classic-DDPNM-1,12.399999999999972,0.04020724317050823,0.2048221120887094,0.3442556272500353,0.34425562725003567,0.3442556272500352,-0.012124144293018394,0.01260792999731324,0.0004837857042948489,0.1652403033490422,1.938553484404082e-16,1.4807482293294565e-13,-3.885780586188048e-16,0.20099451249182362,0.8,0.17722142786452522,0.9180508990059216,89,335,6,False,0.0
Classic-DDPNM-1,12.499999999999972,0.04139726168769642,0.20642202238430457,0.3454666020635168,0.3454666020635172,0.3454666020635168,-0.012109748134815586,0.01260792999731324,0.0004981818624976563,0.16657288644056673,-2.2985086056692694e-17,1.753768493856296e-14,-3.885780586188048e-16,0.2010060221842157,0.8,0.17723718361284574,0.9180390885965908,91,339,6,False,-5.551115123125783e-17
Classic-DDPNM-1,12.599999999999971,0.042605213259782386,0.20801998354121637,0.34667610157062645,0.3466761015706267,0.34667610157062634,-0.012094995071095165,0.01260792999731324,0.0005129349262180767,0.16790546953209126,1.1817803680091998e-16,9.006878547234814e-14,-2.7755575615628914e-16,0.2010103533787863,0.8,0.17724850297296307,0.9180277695685136,91,340,6,False,-5.551115123125783e-17
Classic-DDPNM-1,12.69999999999997,0.04383556909310479,0.2096159656871665,0.34788410316098617,0.34788410316098645,0.3478841031609861,-0.012080015903597176,0.01260792999731324,0.0005279140937160665,0.1692380526236158,1.951563910473908e-18,1.485678344649861e-15,-2.7755575615628914e-16,0.20101737080149312,0.8,0.1772524422873985,0.9180168085235141,91,343,6,False,-5.551115123125783e-17
Classic-DDPNM-1,12.79999999999997,0.04508920757718776,0.21120993167104937,0.34909057871486115,0.3490905787148615,0.34909057871486115,-0.012064755538750482,0.01260792999731324,0.0005431744585627605,0.17057063571514033,-6.223320470066795e-17,4.732165645058179e-14,-3.3306690738754696e-16,0.20102472051794018,0.8,0.17725887492073,0.9180065225062782,91,345,6,False,1.1102230246251565e-16
Classic-DDPNM-1,12.89999999999997,0.04637204285071561,0.2128018428967885,0.35029549901881574,0.35029549901881607,0.35029549901881574,-0.012049203039545703,0.01260792999731324,0.0005587269577675394,0.17190321880666487,1.1492543028346347e-17,8.728520130473649e-15,-3.3306690738754696e-16,0.20103549505861532,0.8,0.1772654612715775,0.917996810407811,94,346,6,False,-5.551115123125783e-17
Classic-DDPNM-1,12.99999999999997,0.04767318295263423,0.21439165115600492,0.3514988275838462,0.3514988275838463,0.3514988275838461,-0.012033285650302697,0.01260792999731324,0.0005746443470105464,0.1732358018981894,2.0057740190981832e-16,1.5215343882826943e-13,-1.1102230246251565e-16,0.20103933012854433,0.8,0.17727530147139844,0.9179878026014143,97,346,6,False,-5.551115123125783e-17
Classic-DDPNM-1,13.09999999999997,0.049009832326590105,0.2159793259101144,0.3527005412952464,0.3527005412952466,0.3527005412952465,-0.012017137114002737,0.01260792999731324,0.0005907928833105064,0.17456838498971394,-6.418476861114186e-17,4.8629529683790596e-14,-1.6653345369377348e-16,0.20105339255259677,0.8,0.17727805924773643,0.9179791484892388,96,347,6,False,5.551115123125783e-17
Classic-DDPNM-1,13.199999999999969,0.05037265030151824,0.21756480870677142,0.353900595910337,0.35390059591033696,0.35390059591033685,-0.012000546150903884,0.01260792999731324,0.0006073838464093587,0.17590096808123848,2.0708261494473135e-16,1.5669897619805494e-13,5.551115123125783e-17,0.20106154263304216,0.8,0.17729089350804828,0.9179714110647986,96,349,6,False,-1.1102230246251565e-16
Classic-DDPNM-1,13.299999999999969,0.05175293457767078,0.21914805625279488,0.35509895866043584,0.35509895866043584,0.35509895866043584,-0.01198362750098865,0.01260792999731324,0.0006243024963245927,0.17723355117276302,-4.0332320816460765e-17,3.048035986055481e-14,0.0,0.20106438014585512,0.8,0.17729769088882744,0.9179640211815554,96,348,6,False,0.0
Classic-DDPNM-1,13.399999999999968,0.05315338486912874,0.22072903937156602,0.35629560746171074,0.35629560746171063,0.35629560746171063,-0.011966488012748038,0.01260792999731324,0.0006414419845652045,0.17856613426428755,9.82287168271867e-17,7.413839460582509e-14,1.1102230246251565e-16,0.20106871244197874,0.8,0.17729907349322369,0.9179569397465936,96,350,6,False,-1.1102230246251565e-16
Classic-DDPNM-1,13.499999999999968,0.05459232429673982,0.22230772447959593,0.3574905168947621,0.357490516894762,0.3574905168947621,-0.011949094330513702,0.01260792999731324,0.0006588356667995417,0.1798987173558121,-3.144186300207963e-17,2.3699719885104576e-14,5.551115123125783e-17,0.20108344292486494,0.8,0.1773018573010873,0.9179496412135382,98,352,6,False,5.551115123125783e-17
Classic-DDPNM-1,13.599999999999968,0.05607424960612323,0.2238840481901804,0.358683638982086,0.3586836389820859,0.3586836389820859,-0.01193122087323856,0.01260792999731324,0.0006767091240746818,0.18123130044733662,6.071532165918825e-17,4.570340308412154e-14,1.1102230246251565e-16,0.20110036575964638,0.8,0.1773149363725148,0.9179424469002606,96,355,6,False,0.0
Classic-DDPNM-1,13.699999999999967,0.05757599888143986,0.22545793965339023,0.3598749200972511,0.35987492009725097,0.359874920097251,-0.011912811151650805,0.01260792999731324,0.0006951188456624371,0.18256388353886116,7.589415207398531e-18,5.705019425983631e-15,1.1102230246251565e-16,0.20110386787044646,0.8,0.1773301128099154,0.9179354643050512,96,356,6,False,5.551115123125783e-17
Classic-DDPNM-1,13.799999999999967,0.05911429905675245,0.22702936529716902,0.36106433482951095,0.3610643348295109,0.36106433482951095,-0.011894147322599174,0.01260792999731324,0.0007137826747140686,0.1838964666303857,-5.377642775528102e-17,4.0367503097555756e-14,5.551115123125783e-17,0.2011163960199037,0.8,0.17733181179719662,0.9179281745203833,94,358,6,False,0.0
Classic-DDPNM-1,13.899999999999967,0.06067851914244906,0.22859826399531818,0.3622518369123423,0.3622518369123422,0.36225183691234225,-0.011875020828313097,0.01260792999731324,0.0007329091690001455,0.18522904972191023,5.0090140368830305e-17,3.7546468962246127e-14,1.1102230246251565e-16,0.2011225438592913,0.8,0.17734246870379883,0.9179213035868526,93,359,6,False,5.551115123125783e-17
Classic-DDPNM-1,13.999999999999966,0.062268953873400576,0.2301645912643498,0.3634373926761178,0.36343739267611774,0.36343739267611774,-0.011855557637755304,0.01260792999731324,0.0007523723595579392,0.18656163281343477,-3.838075690598686e-17,2.872746131096929e-14,5.551115123125783e-17,0.20112824416779584,0.8,0.17734670106032252,0.9179143353727319,95,361,6,False,0.0
Classic-DDPNM-1,14.099999999999966,0.06389288960091852,0.23172830138089048,0.36462096751273865,0.3646209675127385,0.36462096751273854,-0.01183574836620765,0.01260792999731324,0.0007721816311055932,0.1878942159049593,8.370040771588094e-17,6.255583663301027e-14,1.6653345369377348e-16,0.20113701913849577,0.8,0.17735044982540327,0.91790745743211,96,362,6,False,-1.6653345369377348e-16
Classic-DDPNM-1,14.199999999999966,0.06556043758290717,0.23328933588932121,0.36580251717704776,0.36580251717704754,0.3658025171770477,-0.011815496643090792,0.01260792999731324,0.0007924333542224506,0.18922679899648384,3.230922474006803e-17,2.4110707965516002e-14,2.220446049250313e-16,0.2011499918493333,0.8,0.17735723827004132,0.9179007749700793,96,363,6,False,0.0
Classic-DDPNM-1,14.299999999999965,0.06727668238861627,0.23484761889263792,0.36698198422247413,0.36698198422247397,0.3669819842224742,-0.011794670454264033,0.01260792999731324,0.0008132595430492105,0.19055938208800838,-2.883977778811442e-17,2.1488242678774936e-14,1.6653345369377348e-16,0.2011640850174472,0.8,0.17736818793481052,0.9178943130130425,96,367,6,False,0.0
Classic-DDPNM-1,14.399999999999965,0.06903922122989281,0.2364030651194693,0.3681593041069724,0.3681593041069721,0.3681593041069724,-0.011773198844981694,0.01260792999731324,0.0008347311523315477,0.19189196517953291,9.280770596475918e-17,6.903968264290553e-14,2.7755575615628914e-16,0.20117504413721876,0.8,0.1773802258915198,0.9178879605356544,99,367,6,False,0.0
Classic-DDPNM-1,14.499999999999964,0.07084372748432836,0.23795559203980443,0.36933441436343745,0.369334414363437,0.36933441436343734,-0.01175110256464893,0.01260792999731324,0.0008568274326643126,0.19322454827105745,1.5764299587939234e-16,1.170782293696732e-13,4.440892098500626e-16,0.20118163564931976,0.8,0.17738910977291933,0.9178815720432405,102,369,6,False,-5.551115123125783e-17
Classic-DDPNM-1,14.599999999999964,0.07268986310196704,0.239505123044612,0.37050725700636367,0.3705072570063631,0.37050725700636356,-0.011728426429261293,0.01260792999731324,0.000879503568051949,0.194557131362582,9.020562075079397e-17,6.688123453110892e-14,5.551115123125783e-16,0.20118570072878178,0.8,0.1773936193923832,0.9178751040680256,102,370,6,False,0.0
Classic-DDPNM-1,14.699999999999964,0.07458813427146789,0.24105158110974517,0.3716777737360438,0.3716777737360433,0.3716777737360438,-0.011705167296802372,0.01260792999731324,0.0009027627005108708,0.19588971445410652,-7.719519468096792e-17,5.713637073056968e-14,4.996003610813204e-16,0.20119250526273794,0.8,0.1773956047967238,0.9178686140587031,101,372,6,False,0.0
Classic-DDPNM-1,14.799999999999963,0.07655774734667765,0.24259487142455,0.3728458927901333,0.37284589279013275,0.37284589279013325,-0.01168119054089409,0.01260792999731324,0.000926739456419153,0.19722229754563106,6.917209860457518e-17,5.110734240022383e-14,5.551115123125783e-16,0.20120612342906957,0.8,0.17740032901687092,0.9178622682653441,99,374,6,False,0.0
Classic-DDPNM-1,14.899999999999963,0.07859543044012818,0.24413486756985464,0.37401151848174674,0.37401151848174613,0.37401151848174674,-0.011656256916133773,0.01260792999731324,0.0009516730811794686,0.1985548806371556,5.919743861770854e-17,4.3657206095953764e-14,6.106226635438361e-16,0.20121519168255528,0.8,0.17741185479169663,0.9178561893666346,99,376,6,False,-1.1102230246251565e-16
Classic-DDPNM-1,14.999999999999963,0.08072598689089644,0.245671448333588,0.37517455906526215,0.3751745590652615,0.37517455906526215,-0.011630405835153429,0.01260792999731324,0.0009775241621598134,0.19988746372868013,6.375108774214766e-17,4.692598936612982e-14,6.661338147750939e-16,0.2012335721891141,0.8,0.17741883206587894,0.9178499989851149,100,378,6,False,5.551115123125783e-17
Classic-DDPNM-1,15.099999999999962,0.08293480945378871,0.24720445262850155,0.3763348926134682,0.3763348926134676,0.37633489261346825,-0.011603335482061088,0.01260792999731324,0.001004594515252155,0.20122004682020467,-5.941427905220564e-17,4.364677470175481e-14,6.106226635438361e-16,0.20124212207141925,0.8,0.1774351035369769,0.9178441415074595,100,379,6,False,5.551115123125783e-17
Classic-DDPNM-1,15.199999999999962,0.085216388681628,0.248733743895506,0.37749241576455883,0.3774924157645583,0.3774924157645589,-0.011575231510906702,0.01260792999731324,0.0010326984864065403,0.2025526299117292,-3.664603343001005e-17,2.6865355561693833e-14,5.551115123125783e-16,0.20124576327832355,0.8,0.17744155057286026,0.9178379876638546,99,380,6,False,-5.551115123125783e-17
Classic-DDPNM-1,15.299999999999962,0.08759931540655319,0.2502591958866274,0.37864703296122865,0.37864703296122804,0.37864703296122865,-0.011546171966697567,0.01260792999731324,0.0010617580306156761,0.20388521300325374,5.919743861770854e-17,4.330562518819787e-14,6.106226635438361e-16,0.20126125738657052,0.8,0.17744310497031487,0.9178316997120257,98,384,6,False,5.551115123125783e-17
Classic-DDPNM-1,15.399999999999961,0.09007428797813245,0.2517806379096882,0.37979861500627926,0.3797986150062786,0.3797986150062792,-0.011515820450505603,0.01260792999731324,0.0010921095468076395,0.20521779609477828,5.399326818977812e-17,3.9411030906803723e-14,6.661338147750939e-16,0.2012711190141941,0.8,0.17745649874149663,0.9178257898262403,96,386,6,True,0.0
Classic-DDPNM-1,15.499999999999961,0.0926349926017798,0.253297916761388,0.38094704593987305,0.38094704593987244,0.38094704593987305,-0.011484309335938482,0.01260792999731324,0.001123620661374761,0.2065503791863028,-5.681219383824043e-17,4.1373472851221765e-14,6.106226635438361e-16,0.2012776180271267,0.8,0.17746426269941207,0.9178196885044224,97,389,6,True,0.0
Classic-DDPNM-1,15.59999999999996,0.09529369283187496,0.25481089229949533,0.3820922196881175,0.3820922196881169,0.3820922196881175,-0.011451737482444406,0.01260792999731324,0.0011561925148688373,0.20788296227782735,2.5153490401663703e-17,1.827467779322754e-14,6.106226635438361e-16,0.2012902463378354,0.8,0.1774686693521862,0.9178134429317715,95,393,6,True,-5.551115123125783e-17
Classic-DDPNM-1,15.69999999999996,0.09805189654096862,0.2563194076315466,0.3832340174988412,0.38323401749884045,0.3832340174988411,-0.011417978107235698,0.01260792999731324,0.0011899518900775452,0.20921554536935189,8.500145032286355e-17,6.160470934349877e-14,7.216449660063518e-16,0.2013048627205987,0.8,0.17747919641154794,0.9178073598591688,95,395,6,True,-5.551115123125783e-17
Classic-DDPNM-1,15.79999999999996,0.10088464302115475,0.2578233066699903,0.38437232122911186,0.38437232122911114,0.38437232122911186,-0.011383037302707089,0.01260792999731324,0.0012248926946061532,0.21054812846087642,-2.45029690981724e-17,1.7713643588077e-14,7.216449660063518e-16,0.20131035364107436,0.8,0.17749169902564563,0.9178012989796412,95,397,6,True,0.0
Classic-DDPNM-1,15.89999999999996,0.10378810871554703,0.2593224768733804,0.3855070456961183,0.38550704569611743,0.38550704569611816,-0.011347244670063058,0.01260792999731324,0.001260685327250184,0.21188071155240096,1.5894403848637495e-16,1.1460699916080367e-13,8.881784197001252e-16,0.2013172584825259,0.8,0.1774950991697347,0.9177949015731505,95,397,6,True,-1.1102230246251565e-16
Classic-DDPNM-1,15.99999999999996,0.10674841388683774,0.2608168146507998,0.38663811249172,0.3866381124917192,0.38663811249172,-0.01131066795601764,0.01260792999731324,0.0012972620412956036,0.2132132946439255,-1.0993810029003015e-16,7.906262638069183e-14,7.771561172376096e-16,0.20132179710951484,0.8,0.17749993110991674,0.9177885140305421,94,399,6,True,0.0
Classic-DDPNM-1,16.09999999999996,0.10975983616584659,0.2623062410534492,0.3877654618594368,0.3877654618594358,0.3877654618594366,-0.0112734936771658,0.01260792999731324,0.001334436320147443,0.21454587773545003,2.211772431870429e-16,1.586368039333841e-13,9.992007221626409e-16,0.20132816457598057,0.8,0.17750243095664212,0.9177820148673578,95,401,6,True,-1.1102230246251565e-16
Classic-DDPNM-1,16.19999999999996,0.1128101808709018,0.2637906878545463,0.38888904215830167,0.3888890421583006,0.38888904215830156,-0.011235802988648333,0.01260792999731324,0.0013721270086649105,0.21587846082697457,5.681219383824043e-17,4.063802730843402e-14,1.0547118733938987e-15,0.2013338205652219,0.8,0.17750678688916685,0.9177755438126513,94,401,6,True,-1.1102230246251565e-16
Classic-DDPNM-1,16.29999999999996,0.11590119016351298,0.26527010723600125,0.3900088171947214,0.39000881719472036,0.3900088171947214,-0.011197750364197526,0.01260792999731324,0.0014101796331157169,0.2172110439184991,-6.938893903907228e-18,4.9499498055323004e-15,1.0547118733938987e-15,0.20134496581993105,0.8,0.17751045827779902,0.9177690179976244,92,403,6,True,5.551115123125783e-17
Classic-DDPNM-1,16.399999999999963,0.1190171200557041,0.2667444485568148,0.3911247486384378,0.3911247486384366,0.3911247486384377,-0.011159314437162357,0.01260792999731324,0.001448615560150886,0.21854362701002364,1.7564075194265172e-16,1.24952998746826e-13,1.2212453270876722e-15,0.20135386917169915,0.8,0.17751963107633495,0.9177626370377537,91,405,6,True,0.0
Classic-DDPNM-1,16.499999999999964,0.12214621662712978,0.26821368601057183,0.3922368169565317,0.39223681695653045,0.3922368169565317,-0.01112068318093873,0.01260792999731324,0.0014872468163745123,0.21987621010154818,-2.233456475320139e-17,1.5845537128354724e-14,1.2212453270876722e-15,0.2013620237376376,0.8,0.17752657798796634,0.9177561493259881,92,407,6,False,0.0
Classic-DDPNM-1,16.599999999999966,0.12527628013928724,0.2696778117384753,0.3933450162006661,0.3933450162006648,0.3933450162006661,-0.011081992441343754,0.01260792999731324,0.001525937555969489,0.2212087931930727,3.5778671692021646e-17,2.5314141056678925e-14,1.27675647831893e-15,0.20136887937150544,0.8,0.17753279137001826,0.9177496064777524,96,407,6,False,-5.551115123125783e-17
Classic-DDPNM-1,16.699999999999967,0.12839882982507608,0.2711368362663308,0.3944493543378411,0.3944493543378398,0.3944493543378412,-0.011043381371749834,0.01260792999731324,0.0015645486255634086,0.22254137628459725,4.8138576458356397e-17,3.396623677431627e-14,1.3322676295501878e-15,0.20137559524634666,0.8,0.1775377220036033,0.9177429941576701,96,407,6,False,-5.551115123125783e-17
Classic-DDPNM-1,16.79999999999997,0.13149882589300624,0.2725907823997776,0.3955498486296839,0.3955498486296824,0.39554984862968384,-0.011004942918426082,0.01260792999731324,0.0016029870788871609,0.22387395937612178,1.713039432527097e-16,1.205439046151352e-13,1.4988010832439613e-15,0.20137893445020238,0.8,0.1775425273953914,0.9177363535251531,96,408,6,False,5.551115123125783e-17
Classic-DDPNM-1,16.89999999999997,0.1345814566090119,0.2740396957744361,0.3966465336178727,0.39664653361787117,0.39664653361787255,-0.010966849881887645,0.01260792999731324,0.0016410801154255969,0.22520654246764632,5.833007687972014e-17,4.09362309509291e-14,1.5543122344752192e-15,0.20138699540733293,0.8,0.1775439768161418,0.9177295838952129,97,412,6,False,-1.1102230246251565e-16
Classic-DDPNM-1,16.99999999999997,0.13767265910329204,0.2754836123746501,0.39773943653901844,0.397739436539017,0.39773943653901844,-0.010929029211458365,0.01260792999731324,0.0016789007858548774,0.22653912555917086,-1.1449174941446927e-16,8.013796142203668e-14,1.4432899320127035e-15,0.20140809099228055,0.8,0.17755015579884792,0.9177229508597562,97,415,6,False,-1.1102230246251565e-16
Classic-DDPNM-1,17.099999999999973,0.1407563382692392,0.27692252529554984,0.3988285521668134,0.3988285521668119,0.39882855216681334,-0.010891156277949088,0.01260792999731324,0.0017167737193641553,0.2278717086506954,4.7704895589362195e-17,3.3302535628588425e-14,1.4988010832439613e-15,0.20142428424231287,0.8,0.17756934645533307,0.9177167185864941,97,417,6,False,-5.551115123125783e-17
Classic-DDPNM-1,17.199999999999974,0.1438144782133624,0.2783564525257748,0.39991389411688927,0.39991389411688777,0.39991389411688927,-0.010853419500758476,0.01260792999731324,0.0017545104965547675,0.22920429174221993,2.1033522146218786e-17,1.4644810647047743e-14,1.4988010832439613e-15,0.20143445503209953,0.8,0.17758362403566003,0.9177103021831133,96,419,6,False,0.0
Classic-DDPNM-1,17.299999999999976,0.1468375938737975,0.2797854400828197,0.40099549721996586,0.40099549721996425,0.40099549721996575,-0.010816031030764771,0.01260792999731324,0.0017918989665484716,0.23053687483374447,1.1210650463500116e-16,7.785266402562652e-14,1.609823385706477e-15,0.2014418351104229,0.8,0.1775918803207702,0.9177036734101743,97,420,6,False,-1.1102230246251565e-16
Classic-DDPNM-1,17.399999999999977,0.1498159119733102,0.2812095483989615,0.4020734072173359,0.40207340721733426,0.40207340721733587,-0.01077909997370019,0.01260792999731324,0.0018288300236130534,0.231869457925269,4.445228907190568e-17,3.079104245514329e-14,1.6653345369377348e-15,0.2014460338558991,0.8,0.1775973515755017,0.9176969442112787,96,420,6,True,0.0
Classic-DDPNM-1,17.49999999999998,0.15276065935240504,0.2826288527973526,0.4031476811212212,0.4031476811212195,0.4031476811212212,-0.010742739038852804,0.01260792999731324,0.001865190958460438,0.23320204101679354,-2.1467203015212988e-17,1.483246293650935e-14,1.6653345369377348e-15,0.20145544304674914,0.8,0.17759965348091833,0.9176901071265476,96,422,6,True,-5.551115123125783e-17
Classic-DDPNM-1,17.59999999999998,0.1556697023378465,0.2840434099281486,0.4042183618102203,0.4042183618102186,0.4042183618102203,-0.010706806889990744,0.01260792999731324,0.0019011231073224994,0.23453462410831807,5.160802341031001e-17,3.5569532372736925e-14,1.7208456881689926e-15,0.20146441166044357,0.8,0.17760716444858293,0.9176834372534999,98,423,6,True,0.0
Classic-DDPNM-1,17.69999999999998,0.1585776791421264,0.28545327928365605,0.405285494314161,0.40528549431415933,0.4052854943141611,-0.010671325039407372,0.01260792999731324,0.00193660495790587,0.2358672071998426,-4.401860820291148e-17,3.026470652959309e-14,1.6653345369377348e-15,0.20148782293119646,0.8,0.17761423496717663,0.9176767529814581,99,427,6,True,-5.551115123125783e-17
Classic-DDPNM-1,17.799999999999983,0.16144784965706369,0.2868584642746589,0.4063490812146714,0.4063490812146698,0.4063490812146715,-0.010635869005104265,0.01260792999731324,0.001972060992208977,0.23719979029136715,-3.2742905609062234e-17,2.2457425133247773e-14,1.609823385706477e-15,0.2014965168409215,0.8,0.17763571330953026,0.917670526178326,97,427,6,False,1.1102230246251565e-16
Classic-DDPNM-1,17.899999999999984,0.1642798653895552,0.28825902675170445,0.40740916932653554,0.40740916932653387,0.4074091693265355,-0.010600881118641067,0.01260792999731324,0.002007048878672176,0.23853237338289168,3.686287386450715e-17,2.522266653773844e-14,1.6653345369377348e-15,0.20150502940436285,0.8,0.17764247649855333,0.9176638089167041,97,428,6,False,-5.551115123125783e-17
Classic-DDPNM-1,17.999999999999986,0.16707642559448047,0.28965502865889875,0.4084658055353522,0.40846580553535056,0.40846580553535217,-0.010566362088167124,0.01260792999731324,0.0020415679091461184,0.23986495647441622,-2.667137344314341e-17,1.8206339639383327e-14,1.6653345369377348e-15,0.20151446787745134,0.8,0.1776490580155618,0.9176570866871536,97,431,6,False,-5.551115123125783e-17
Classic-DDPNM-1,18.099999999999987,0.16984227401101365,0.29104652717900603,0.40951903312285265,0.40951903312285104,0.40951903312285265,-0.010532275875004965,0.01260792999731324,0.002075654122308277,0.24119753956594076,-6.938893903907228e-17,4.72561320681567e-14,1.609823385706477e-15,0.20152555523535107,0.8,0.17765656260901602,0.9176504028771351,97,433,6,False,0.0
Classic-DDPNM-1,18.19999999999999,0.172577827291171,0.29243357148485727,0.4105688893080358,0.41056888930803415,0.41056888930803576,-0.010498561851831118,0.01260792999731324,0.0021093681454821254,0.2425301226574653,5.0523821237824507e-17,3.432954931510828e-14,1.6653345369377348e-15,0.20153646276368722,0.8,0.1776657092278299,0.9176437885071655,96,434,6,False,0.0
Classic-DDPNM-1,18.29999999999999,0.1752983165523088,0.2938162096989678,0.4116154105149152,0.4116154105149135,0.4116154105149152,-0.010465212068793837,0.01260792999731324,0.002142717928519407,0.24386270574898983,-1.431146867680866e-17,9.70226443527619e-15,1.6653345369377348e-15,0.20155305722076355,0.8,0.17767466974599597,0.9176371927790572,96,437,6,False,0.0
Classic-DDPNM-1,18.39999999999999,0.1780014663747898,0.2951944651903488,0.41265861443153484,0.4126586144315332,0.4126586144315348,-0.01043203916619646,0.01260792999731324,0.002175890831116782,0.24519528884051436,1.5612511283791264e-17,1.05605387571849e-14,1.6653345369377348e-15,0.2015683065887053,0.8,0.17768929771047579,0.9176308173210613,98,438,6,False,-5.551115123125783e-17
Classic-DDPNM-1,18.499999999999993,0.18067118221584003,0.2965683646663805,0.41369852127275614,0.41369852127275447,0.41369852127275614,-0.010399068412212671,0.01260792999731324,0.002208861585100571,0.2465278719320389,2.710505431213761e-17,1.8293470729728596e-14,1.6653345369377348e-15,0.2015766029956168,0.8,0.17770256514052274,0.917624441878493,97,440,6,False,-5.551115123125783e-17
Classic-DDPNM-1,18.599999999999994,0.1833158866517902,0.2979379603395672,0.41473517055831216,0.41473517055831033,0.4147351705583121,-0.010366492855558627,0.01260792999731324,0.0022414371417546156,0.24786045502356344,1.6111244283134596e-16,1.0849785133769649e-13,1.8318679906315083e-15,0.20158758736256485,0.8,0.17770888084603093,0.9176178958931482,96,442,6,False,5.551115123125783e-17
Classic-DDPNM-1,18.699999999999996,0.18594512262821491,0.29930329073532674,0.4157685914481568,0.4157685914481551,0.4157685914481568,-0.010334208898447519,0.01260792999731324,0.0022737210988657236,0.24919303811508797,-1.0234868508263162e-16,6.877508713324882e-14,1.7208456881689926e-15,0.20160171028500362,0.8,0.17771787752467597,0.9176115042457303,96,446,6,False,0.0
Classic-DDPNM-1,18.799999999999997,0.1885624542833456,0.30066437886509,0.41679880135968117,0.41679880135967945,0.41679880135968117,-0.010302099115243532,0.01260792999731324,0.0023058308820697103,0.2505256212066125,6.938893903907228e-18,4.652678797807251e-15,1.7208456881689926e-15,0.20161660505739132,0.8,0.1777299979307238,0.9176052890450932,100,449,6,False,-1.1102230246251565e-16
Classic-DDPNM-1,18.9,0.19118881802270374,0.3020212419241457,0.41782581330802837,0.4178258133080266,0.41782581330802837,-0.010270119483471726,0.01260792999731324,0.0023378105138415163,0.251858204298137,2.7972416050126014e-17,1.87159786624482e-14,1.7763568394002505e-15,0.20163915533375348,0.8,0.17774287340929543,0.9175991809894609,98,455,6,False,0.0
Classic-DDPNM-1,19.0,0.19382554423095272,0.3033738635853894,0.41884961493518547,0.41884961493518374,0.41884961493518547,-0.010238016271571481,0.01260792999731324,0.002369913725741761,0.2531907873896615,-5.334274688628682e-17,3.5614436812541805e-14,1.7208456881689926e-15,0.2016617488428314,0.8,0.17776336715470328,0.9175934117877111,96,459,6,False,-5.551115123125783e-17
Classic-DDPNM-1,19.1,0.19645036836423072,0.3047222253632559,0.4198701922493967,0.41987019224939487,0.4198701922493967,-0.010205773142111492,0.01260792999731324,0.002402156855201751,0.254523370481186,8.586881206085195e-17,5.720740519663572e-14,1.8318679906315083e-15,0.20167511167033836,0.8,0.1777838658782633,0.9175877410162213,96,461,6,False,-1.1102230246251565e-16
Classic-DDPNM-1,19.200000000000003,0.19906858259400545,0.30606634450690795,0.42088755830658275,0.4208875583065807,0.42088755830658264,-0.010173660571858265,0.01260792999731324,0.0024342694254549774,0.2558559535727105,2.2659825404947043e-16,1.506417031717357e-13,2.0539125955565396e-15,0.2016899826522868,0.8,0.17779511892476307,0.9175818747672105,97,463,6,False,-1.1102230246251565e-16
Classic-DDPNM-1,19.300000000000004,0.20167631737612904,0.30740622990186783,0.4219017198322104,0.42190171983220826,0.42190171983221036,-0.010141615256275351,0.01260792999731324,0.0024663147410378923,0.257188536664235,1.3075478200175183e-16,8.674051952274075e-14,2.1649348980190553e-15,0.20170284312295306,0.8,0.17780785841487812,0.9175761725393697,97,463,6,False,0.0
Classic-DDPNM-1,19.400000000000006,0.2042526585948774,0.30874189664535034,0.4229126882533871,0.422912688253385,0.4229126882533871,-0.010109684211767877,0.01260792999731324,0.0024982457855453667,0.25852111975575953,-8.218252467440124e-17,5.440326251707994e-14,2.1094237467877974e-15,0.20170702823820136,0.8,0.17781856995533094,0.9175705257712143,100,467,6,False,0.0
Classic-DDPNM-1,19.500000000000007,0.20684739414635,0.31007339379106674,0.4239205006989501,0.42392050069894804,0.42392050069895015,-0.01007812445563053,0.01260792999731324,0.0025298055416827126,0.25985370284728404,-8.088148206741863e-17,5.3430370651582474e-14,2.0539125955565396e-15,0.20173011057426607,0.8,0.17782061019887327,0.9175647238976666,101,470,6,False,1.1102230246251565e-16
Classic-DDPNM-1,19.60000000000001,0.20944506492299506,0.31140069096219364,0.4249251341766302,0.42492513417662814,0.42492513417663014,-0.01004633477680079,0.01260792999731324,0.0025615952205124536,0.26118628593880855,1.5829351718288365e-17,1.0434968458793495e-14,2.0539125955565396e-15,0.20174707723145519,0.8,0.17784149852159298,0.9175596719841674,98,472,6,False,0.0
Classic-DDPNM-1,19.70000000000001,0.21208154756849115,0.3127237827412847,0.4259265845859531,0.425926584585951,0.42592658458595306,-0.010014504093228804,0.01260792999731324,0.0025934259040844387,0.26251886903033306,4.336808689942018e-17,2.852909120786569e-14,2.1094237467877974e-15,0.2017778236733156,0.8,0.17785623959196897,0.91755455627395,100,479,6,False,5.551115123125783e-17
Classic-DDPNM-1,19.80000000000001,0.21470265238366648,0.3140426065511174,0.4269248045621131,0.426924804562111,0.42692480456211307,-0.009982199761600034,0.01260792999731324,0.0026257302357132095,0.26385145212185757,5.204170427930421e-18,3.416231127859753e-15,2.1094237467877974e-15,0.2017877658254702,0.8,0.17788468767172425,0.9175500323003439,100,478,6,False,5.551115123125783e-17
Classic-DDPNM-1,19.900000000000013,0.21730404926873187,0.3153571866291565,0.4279198124504884,0.42791981245048627,0.4279198124504884,-0.009950078883752387,0.01260792999731324,0.0026578511135608566,0.2651840352133821,1.5829351718288365e-17,1.0369172467049738e-14,2.1094237467877974e-15,0.2017958648543283,0.8,0.1778923147457531,0.9175449744562819,100,480,6,False,0.0
Classic-DDPNM-1,20.000000000000014,0.2198888038896238,0.3166675541025295,0.42891163181125436,0.4289116318112523,0.42891163181125436,-0.009918193607660266,0.01260792999731324,0.0026897363896529764,0.2665166183049066,-4.92227786308419e-17,3.217665844300295e-14,2.0539125955565396e-15,0.20180494013170294,0.8,0.17789808032434612,0.9175400048689181,99,480,6,False,1.1102230246251565e-16
Classic-DDPNM-1,20.100000000000016,0.22245392103290632,0.31797373521867484,0.42990028251114176,0.4299002825111398,0.4299002825111418,-0.009886506998874972,0.01260792999731324,0.0027214229984382715,0.2678492013964311,-9.172350379227368e-17,5.983520884260059e-14,1.942890293094024e-15,0.20181268900393723,0.8,0.1779047988205696,0.9175352188545399,100,483,6,False,0.0
Classic-DDPNM-1,20.200000000000017,0.2250088591445405,0.31927576098002547,0.43088578801594457,0.4308857880159425,0.4308857880159445,-0.009855055048026884,0.01260792999731324,0.002752874949286358,0.2691817844879556,1.199127602768968e-16,7.80641123259896e-14,2.0539125955565396e-15,0.20182386840793207,0.8,0.17791016693706513,0.9175305435363823,101,482,6,False,0.0
Classic-DDPNM-1,20.30000000000002,0.22756900180499423,0.3205736472061367,0.43186816029951103,0.431868160299509,0.43186816029951103,-0.009823722835664761,0.01260792999731324,0.0027842071616484814,0.2705143675794801,-1.8865117801247777e-17,1.2256334261070426e-14,2.0539125955565396e-15,0.20184080523214312,0.8,0.17791892957062724,0.9175261377443893,101,485,6,False,0.0
Classic-DDPNM-1,20.40000000000002,0.23012224772346232,0.3218673850575827,0.43284739267126476,0.43284739267126265,0.4328473926712647,-0.00979232371753658,0.01260792999731324,0.002815606279776661,0.2718469506710046,7.741203511546502e-17,5.019084710842399e-14,2.1094237467877974e-15,0.20185308143083402,0.8,0.17793339489117801,0.917522080438775,99,486,6,False,0.0
Classic-DDPNM-1,20.50000000000002,0.23268990751172303,0.3231569849013399,0.4338234929779877,0.43382349297798567,0.4338234929779877,-0.009761003067229974,0.01260792999731324,0.0028469269300832687,0.2731795337625291,-3.729655473350135e-17,2.4132578456541072e-14,2.0539125955565396e-15,0.20187334349552563,0.8,0.17794315644137168,0.9175180325609796,98,489,6,False,0.0
Classic-DDPNM-1,20.600000000000023,0.23527138205952428,0.324442422966141,0.4347964432271675,0.43479644322716554,0.4347964432271676,-0.009729502491798703,0.01260792999731324,0.0028784275055145398,0.27451211685405363,-1.100465205072787e-16,7.106029967807756e-14,1.942890293094024e-15,0.20189338112274222,0.8,0.17796083284246686,0.9175144099913609,95,490,6,False,0.0
Classic-DDPNM-1,20.700000000000024,0.23784219207713148,0.3257236763382968,0.43576622607539384,0.43576622607539184,0.43576622607539384,-0.009697828482262985,0.01260792999731324,0.0029101015150502577,0.27584469994557814,5.410168840702667e-17,3.486375727741168e-14,1.9984014443252818e-15,0.20190408029289547,0.8,0.17797821170785183,0.9175109447283492,96,492,6,False,-5.551115123125783e-17
Classic-DDPNM-1,20.800000000000026,0.24040013221525094,0.32700076109505094,0.43673285369155973,0.4367328536915578,0.4367328536915598,-0.009666276161659328,0.01260792999731324,0.002941653835653915,0.27717728303710265,-3.903127820947816e-17,2.5101172242775227e-14,1.942890293094024e-15,0.20191369271587292,0.8,0.17798620310412758,0.9175073373477524,94,494,6,False,5.551115123125783e-17
Classic-DDPNM-1,20.900000000000027,0.24297443765199522,0.328273696794042,0.437696340878875,0.4376963408788731,0.4376963408788751,-0.009634871873153284,0.01260792999731324,0.0029730581241599594,0.27850986612862716,-6.895525817007808e-17,4.425602383654105e-14,1.887379141862766e-15,0.20193412523753324,0.8,0.17799305716109096,0.9175038561478162,92,498,6,False,1.1102230246251565e-16
Classic-DDPNM-1,21.00000000000003,0.24556075731913327,0.32954245636803237,0.43865666715010154,0.4386566671500997,0.4386566671501016,-0.009603262712266115,0.01260792999731324,0.0030046672850471265,0.27984244922015167,-5.898059818321144e-17,3.777756968717158e-14,1.8318679906315083e-15,0.20195290400326413,0.8,0.1780106430524673,0.9175008903466036,91,503,6,False,1.1102230246251565e-16
Classic-DDPNM-1,21.10000000000003,0.24815985348022515,0.3308070197804541,0.43961381733952726,0.4396138173395255,0.43961381733952726,-0.009571501894257468,0.01260792999731324,0.0030364281030557747,0.2811750323116762,-3.176712365382528e-17,2.0305801906360073e-14,1.7763568394002505e-15,0.2019719522489364,0.8,0.17802648897586903,0.9174980296843621,91,504,6,False,-5.551115123125783e-17
Classic-DDPNM-1,21.20000000000003,0.2507573832046386,0.3320673659267163,0.44056777547305137,0.44056777547304965,0.44056777547305137,-0.00953958133524181,0.01260792999731324,0.003068348662071433,0.2825076154032007,-6.787105599759258e-17,4.329538755485267e-14,1.7208456881689926e-15,0.20198560635582308,0.8,0.17804251172581087,0.917495334688126,89,507,6,False,-5.551115123125783e-17
Classic-DDPNM-1,21.300000000000033,0.25335442008508335,0.33332349677738626,0.44151854304219973,0.4415185430421981,0.4415185430421999,-0.009507675691484647,0.01260792999731324,0.0031002543058285957,0.2838401984947252,-1.0625181290357943e-16,6.764105313070953e-14,1.609823385706477e-15,0.2019996073016116,0.8,0.17805305981959343,0.9174926167640642,91,510,6,False,1.1102230246251565e-16
Classic-DDPNM-1,21.400000000000034,0.2559802115809662,0.33457541281851266,0.4424661204148634,0.4424661204148617,0.44246612041486344,-0.009475773726635921,0.01260792999731324,0.0031321562706773205,0.2851727815862497,6.277530578691071e-17,3.988244074276274e-14,1.6653345369377348e-15,0.20202463968579282,0.8,0.17806386729333118,0.9174900606328111,92,516,6,False,0.0
Classic-DDPNM-1,21.500000000000036,0.2586408845919188,0.33582306820488644,0.4434104728907259,0.4434104728907242,0.44341047289072594,-0.009443524758625187,0.01260792999731324,0.003164405238688056,0.2865053646777742,-2.1033522146218786e-17,1.3335705735069919e-14,1.6653345369377348e-15,0.2020523386405078,0.8,0.17808557561276137,0.9174880151723679,90,522,6,False,0.0
Classic-DDPNM-1,21.600000000000037,0.2613066213763134,0.3370664076893037,0.444351558653085,0.44435155865308334,0.44435155865308507,-0.009410857623591205,0.01260792999731324,0.0031970723737220373,0.2878379477692987,7.914675859144182e-18,5.0077030508067846e-15,1.6653345369377348e-15,0.20206933472237928,0.8,0.1781098054453887,0.9174862051560021,86,524,6,False,1.1102230246251565e-16
Classic-DDPNM-1,21.70000000000004,0.2639565162097303,0.33830542392344726,0.4452893721399871,0.44528937213998543,0.44528937213998715,-0.009378134869021077,0.01260792999731324,0.003229795128292165,0.2891705308608232,-2.3960868011929648e-17,1.5128983374759592e-14,1.6653345369377348e-15,0.202078785640034,0.8,0.17812321724166003,0.917484187959192,86,526,6,False,5.551115123125783e-17
Classic-DDPNM-1,21.80000000000004,0.26662915847391866,0.33954014315983716,0.44622393322200893,0.4462239332220072,0.44622393322200893,-0.009345610820217733,0.01260792999731324,0.0032623191770955098,0.29050311395234774,6.08237418764368e-17,3.8325637617912705e-14,1.7208456881689926e-15,0.2021028796145456,0.8,0.17812898648174655,0.9174820611078136,84,528,6,False,0.0
Classic-DDPNM-1,21.90000000000004,0.26932822300680553,0.340770530462076,0.4471552154557322,0.4471552154557306,0.4471552154557323,-0.009312822337234208,0.01260792999731324,0.003295107660079036,0.29183569704387224,-1.2457482961858446e-16,7.833398392330273e-14,1.609823385706477e-15,0.20212897261399984,0.8,0.17814924110723102,0.9174805503499963,80,531,6,False,0.0
Classic-DDPNM-1,22.000000000000043,0.2720422318588518,0.34199654536057167,0.4480831882096541,0.4480831882096525,0.4480831882096541,-0.00927972753921849,0.01260792999731324,0.003328202458094753,0.29316828013539675,1.940721888749053e-17,1.2178123482466795e-14,1.609823385706477e-15,0.2021515045013021,0.8,0.17817132359354523,0.9174792419739666,79,533,6,False,0.0
Classic-DDPNM-1,22.100000000000044,0.27473662458893305,0.3432181659580552,0.44900783490969454,0.44900783490969287,0.4490078349096945,-0.009246467000403637,0.01260792999731324,0.003361462996909606,0.29450086322692126,7.979727989493313e-17,4.9968887310745575e-14,1.6653345369377348e-15,0.20216179569069834,0.8,0.17818967747599027,0.9174779488141355,77,538,6,False,-5.551115123125783e-17
Classic-DDPNM-1,22.200000000000045,0.27743284845391847,0.34443542564454194,0.4499291808288128,0.4499291808288112,0.44992918082881284,-0.009213459191183609,0.01260792999731324,0.0033944708061296332,0.29583344631844577,-1.1709383462843448e-16,7.31726670683327e-14,1.5543122344752192e-15,0.2021804848171752,0.8,0.1781956596294887,0.9174763828200374,75,541,6,False,0.0
Classic-DDPNM-1,22.300000000000047,0.2801322860681513,0.3456483238653922,0.4508472255472011,0.45084722554719964,0.4508472255472012,-0.009180447183884189,0.01260792999731324,0.0034274828134290536,0.2971660294099703,-1.1882855810441129e-16,7.410383474805636e-14,1.4432899320127035e-15,0.20220034263980358,0.8,0.17820986640243952,0.9174752165625936,75,543,6,False,-5.551115123125783e-17
Classic-DDPNM-1,22.40000000000005,0.28282402318673777,0.34685685814896383,0.45176196719406936,0.45176196719406775,0.4517619671940694,-0.009147416468681262,0.01260792999731324,0.0034605135286319803,0.2984986125014948,1.5157146371347352e-16,9.432865321942088e-14,1.609823385706477e-15,0.20221685734721295,0.8,0.17822505595446306,0.9174742131369746,74,546,6,False,5.551115123125783e-17
Classic-DDPNM-1,22.50000000000005,0.2855020988966299,0.34806104321431736,0.4526734169102994,0.45267341691029755,0.4526734169102993,-0.00911449716229831,0.01260792999731324,0.0034934328350149334,0.2998311955930193,1.973247953923618e-16,1.2255161097057873e-13,1.8318679906315083e-15,0.20223171688014732,0.8,0.17823671970054616,0.9174732218273609,75,550,6,False,0.0
Classic-DDPNM-1,22.60000000000005,0.288175494123125,0.34926090336918186,0.45358159309445256,0.4535815930944509,0.45358159309445256,-0.009081761841533318,0.01260792999731324,0.0035261681557799255,0.3011637786845438,-1.5634195327240974e-16,9.690157564985215e-14,1.6653345369377348e-15,0.20225044515001578,0.8,0.17824654158944264,0.9174722941447944,75,552,6,False,0.0
Classic-DDPNM-1,22.700000000000053,0.29083458675343715,0.3504564486332263,0.4544865033304332,0.4544865033304315,0.45448650333043317,-0.009049102359806094,0.01260792999731324,0.0035588276375071474,0.3024963617760683,5.095750210681871e-17,3.151992703661562e-14,1.7208456881689926e-15,0.20226620728671293,0.8,0.17826001899208158,0.9174716090020492,78,554,6,False,0.0
Classic-DDPNM-1,22.800000000000054,0.2934692135519918,0.35164770430267883,0.4553881667649994,0.4553881667649977,0.4553881667649994,-0.0090166343456622,0.01260792999731324,0.0035912956516510426,0.3038289448675928,-6.21247844834194e-17,3.835046552820345e-14,1.6653345369377348e-15,0.20227868358799084,0.8,0.17827031868421925,0.9174709397056641,78,555,6,False,0.0
Classic-DDPNM-1,22.900000000000055,0.2960768320523014,0.3528347116788594,0.45628661465919007,0.45628661465918846,0.4562866146591901,-0.008984478941907422,0.01260792999731324,0.0036234510554058203,0.30516152795911733,-5.193328406205566e-17,3.1995604005215474e-14,1.609823385706477e-15,0.20229055305913152,0.8,0.1782771230833839,0.917470271594488,77,556,6,False,0.0
Classic-DDPNM-1,23.000000000000057,0.2986552585086899,0.35401751595415404,0.45718188121919884,0.45718188121919706,0.4571818812191987,-0.008952665600086063,0.01260792999731324,0.0036552643972271796,0.30649411105064184,1.6089560239684886e-16,9.893234901678465e-14,1.7763568394002505e-15,0.20230187837424543,0.8,0.17828310216167506,0.9174696886553926,77,558,6,False,-1.1102230246251565e-16
Classic-DDPNM-1,23.10000000000006,0.3012166991589614,0.3551961656060987,0.45807400313775476,0.4580740031377531,0.4580740031377548,-0.008921219185560521,0.01260792999731324,0.0036867108117527216,0.30782669414216635,-1.3064636178450328e-16,8.01775033370571e-14,1.6653345369377348e-15,0.20231793711716328,0.8,0.17828830951904284,0.9174691900634108,76,562,6,False,0.0
Classic-DDPNM-1,23.20000000000006,0.30375773272310014,0.35637068949624284,0.4589630022602136,0.4589630022602118,0.4589630022602136,-0.008889991224587184,0.01260792999731324,0.0037179387727260585,0.30915927723369085,1.0386656812411132e-16,6.362085202762617e-14,1.7763568394002505e-15,0.20233300910166419,0.8,0.17829798946574957,0.9174689474898161,75,564,6,False,0.0
Classic-DDPNM-1,23.30000000000006,0.30626510570005533,0.35754112171896907,0.45984890439267123,0.4598489043926694,0.45984890439267123,-0.00885902132457576,0.01260792999731324,0.0037489086727374825,0.31049186032521536,7.383416794626285e-17,4.513963207416894e-14,1.8318679906315083e-15,0.20234334714043126,0.8,0.1783064135917788,0.9174687727435196,75,566,6,False,5.551115123125783e-17
Classic-DDPNM-1,23.400000000000063,0.3087473025953691,0.35870751720454436,0.4607317511119398,0.460731751111938,0.4607317511119398,-0.008828467192685801,0.01260792999731324,0.0037794628046274414,0.31182444341673987,1.734723475976807e-18,1.0585719747752504e-15,1.8318679906315083e-15,0.20235681456536905,0.8,0.17830984264204114,0.9174685392208374,75,570,6,False,0.0
Classic-DDPNM-1,23.500000000000064,0.31121151428048954,0.3598699171083418,0.461611573568591,0.4616115735685892,0.461611573568591,-0.008798224566511999,0.01260792999731324,0.0038097054308012432,0.3131570265082644,-8.565197162635485e-18,5.217071118516836e-15,1.8318679906315083e-15,0.20237296357178639,0.8,0.17831611085139285,0.9174685016733625,73,572,6,False,-5.551115123125783e-17
Classic-DDPNM-1,23.600000000000065,0.3136685530051114,0.3610283510069428,0.46248839414918935,0.4624883941491874,0.46248839414918935,-0.008768205805982546,0.01260792999731324,0.0038397241913306975,0.3144896095997889,9.291612618200773e-17,5.6492023188425514e-14,1.942890293094024e-15,0.20239319178839,0.8,0.17832474324053169,0.9174686456493667,74,580,6,False,5.551115123125783e-17
Classic-DDPNM-1,23.700000000000067,0.31610477972886386,0.3621828310485691,0.4633622220487445,0.4633622220487426,0.46336222204874455,-0.00873827899555209,0.01260792999731324,0.003869651001761152,0.3158221926913134,-6.288372600415926e-17,3.816320247959435e-14,1.887379141862766e-15,0.2024084893454352,0.8,0.17833710153541749,0.9174690177046527,72,581,6,False,1.1102230246251565e-16
Classic-DDPNM-1,23.800000000000068,0.31851547024311583,0.3633333908744309,0.4642330827303454,0.46423308273034347,0.46423308273034536,-0.008708606816008827,0.01260792999731324,0.003899323181304416,0.3171547757828379,3.2959746043559335e-17,1.9966826513724942e-14,1.942890293094024e-15,0.2024219576539757,0.8,0.17834418290410498,0.9174693771245108,69,586,6,False,0.0
Classic-DDPNM-1,23.90000000000007,0.320906417307549,0.3644800713004862,0.4651010070876599,0.4651010070876579,0.4651010070876599,-0.00867924357314419,0.01260792999731324,0.003928686424169053,0.3184873588743624,5.670377362099188e-17,3.428982820653049e-14,1.9984014443252818e-15,0.20243736952562835,0.8,0.1783490794104108,0.9174703335693399,69,592,6,False,-5.551115123125783e-17
Classic-DDPNM-1,24.00000000000007,0.32329054346494923,0.3656229038959426,0.46596601901547463,0.4659660190154728,0.46596601901547474,-0.008650119278148998,0.01260792999731324,0.003957810719164244,0.3198199419658869,-1.592692991381206e-16,9.614378364602787e-14,1.8318679906315083e-15,0.20245743793074092,0.8,0.17835553554749362,0.9174719344238282,69,596,6,False,5.551115123125783e-17
Classic-DDPNM-1,24.100000000000072,0.3256584854657221,0.3667618995371589,0.46682812674612406,0.46682812674612234,0.4668281267461242,-0.008621077306495237,0.01260792999731324,0.003986852690818006,0.32115252505741143,-9.302454639925628e-17,5.6056501701458476e-14,1.7208456881689926e-15,0.2024740079220584,0.8,0.17836622092853308,0.9174743121012869,68,597,6,False,5.551115123125783e-17
Classic-DDPNM-1,24.200000000000074,0.32802868308339955,0.3678970838453726,0.46768734967236625,0.46768734967236447,0.4676873496723662,-0.008592229262421097,0.01260792999731324,0.004015700734892146,0.32248510814893594,7.719519468096792e-17,4.6437024453037013e-14,1.7763568394002505e-15,0.2024972681824019,0.8,0.17837297851709208,0.9174773292852608,68,603,6,False,-5.551115123125783e-17
Classic-DDPNM-1,24.300000000000075,0.3303745192479018,0.3690284530591519,0.468543684947167,0.4685436849471653,0.46854368494716714,-0.008563352748008365,0.01260792999731324,0.004044577249304878,0.32381769124046045,-5.746271514173174e-17,3.450694498475692e-14,1.7208456881689926e-15,0.20251068608168116,0.8,0.17838593865989663,0.917481162990934,67,603,6,False,5.551115123125783e-17
Classic-DDPNM-1,24.400000000000077,0.33269628112515315,0.3701560456166584,0.4693971616644361,0.46939716166443446,0.4693971616644362,-0.00853476717269155,0.01260792999731324,0.004073162824621693,0.32515027433198496,-5.800481622797449e-17,3.477279147544854e-14,1.6653345369377348e-15,0.20252390279166757,0.8,0.1783885996931377,0.917485469842662,66,606,6,False,1.1102230246251565e-16
Classic-DDPNM-1,24.500000000000078,0.3349881882447059,0.3712798994236411,0.4702478085150992,0.47024780851509745,0.4702478085150992,-0.00850646850663006,0.01260792999731324,0.004101461490683181,0.32648285742350946,4.434386885465713e-17,2.653829068910892e-14,1.7208456881689926e-15,0.20253464663951892,0.8,0.1783905800948239,0.9174902043235333,66,610,6,False,-5.551115123125783e-17
Classic-DDPNM-1,24.60000000000008,0.3372570121782125,0.37240006152028643,0.47109566110395296,0.4710956611039511,0.47109566110395296,-0.008478525888536887,0.01260792999731324,0.004129404108776356,0.327815440515034,9.259086553026208e-17,5.531996012230793e-14,1.8318679906315083e-15,0.2025474998205564,0.8,0.1783895995540787,0.9174952609425504,66,613,6,False,-1.1102230246251565e-16
Classic-DDPNM-1,24.70000000000008,0.33950348928278806,0.3735165683051646,0.4719407469811369,0.471940746981135,0.47194074698113686,-0.008450858771838342,0.01260792999731324,0.0041570712254749,0.3291480236065585,1.2555061157382141e-16,7.48885191867236e-14,1.942890293094024e-15,0.20256033112140814,0.8,0.1783902051287189,0.9175006688791474,66,614,6,False,0.0
Classic-DDPNM-1,24.800000000000082,0.3417273154189465,0.37462945484559107,0.4727830926891616,0.4727830926891597,0.4727830926891616,-0.008423457080247339,0.01260792999731324,0.004184472917065905,0.330480606698083,-7.28583859910259e-17,4.338770714501978e-14,1.887379141862766e-15,0.20257272648239263,0.8,0.17839024214775057,0.9175063934066958,65,615,6,False,0.0
Classic-DDPNM-1,24.900000000000084,0.34392833787626276,0.3757387567351061,0.47362272516883785,0.4736227251688359,0.47362272516883785,-0.008396324796762257,0.01260792999731324,0.004211605200550986,0.3318131897896075,5.204170427930421e-17,3.0941226179610816e-14,1.942890293094024e-15,0.20258474795694956,0.8,0.17838927447089764,0.9175123851263797,64,617,6,False,5.551115123125783e-17
Classic-DDPNM-1,25.000000000000085,0.34612257219877246,0.37684450987032964,0.4744596715903782,0.4744596715903761,0.4744596715903781,-0.008369464215402057,0.01260792999731324,0.004238465781911186,0.333145772881132,1.5742615544489524e-16,9.344797398090266e-14,2.1094237467877974e-15,0.20260243268166506,0.8,0.1783873411903293,0.9175185957236323,64,619,6,False,-1.1102230246251565e-16
Classic-DDPNM-1,25.100000000000087,0.3482998077458188,0.37794672480745733,0.47529393994378505,0.4752939399437828,0.4752939399437849,-0.008342683534066697,0.01260792999731324,0.004265246463246546,0.3344783559726565,1.6089560239684886e-16,9.535584646609627e-14,2.275957200481571e-15,0.20261624640304804,0.8,0.17839041939379224,0.917525124578691,64,620,6,False,-5.551115123125783e-17
Classic-DDPNM-1,25.200000000000088,0.35046108006671933,0.3790454283963209,0.4761255505517414,0.47612555055173916,0.4761255505517414,-0.008316106079564175,0.01260792999731324,0.004291823917749068,0.335810939064181,-8.294146619514109e-17,4.9078505291853703e-14,2.220446049250313e-15,0.20263026228964093,0.8,0.17838897165943896,0.917531825292234,64,622,6,False,5.551115123125783e-17
Classic-DDPNM-1,25.30000000000009,0.352604852207843,0.38014064592188956,0.4769545225524834,0.47695452255248105,0.4769545225524833,-0.008289720007418906,0.01260792999731324,0.004318209989894337,0.33714352215570553,1.102633609417758e-16,6.514383139044728e-14,2.3314683517128287e-15,0.20264355382341065,0.8,0.17838704216166884,0.9175386491063374,64,624,6,False,0.0
Classic-DDPNM-1,25.40000000000009,0.3547304419148358,0.3812324052048171,0.47778087700351096,0.4777808770035087,0.4777808770035109,-0.008263544510276437,0.01260792999731324,0.004344385487036806,0.33847610524723004,-6.591949208711867e-17,3.8885243816972314e-14,2.275957200481571e-15,0.20265644084798964,0.8,0.17838368174641797,0.9175455250400597,64,627,6,False,0.0
Classic-DDPNM-1,25.500000000000092,0.3568774533597957,0.3823207352467419,0.4786046358562134,0.4786046358562111,0.4786046358562133,-0.008237588527023925,0.01260792999731324,0.004370341470289317,0.33980868833875455,2.3852447794681098e-17,1.4048808113473532e-14,2.275957200481571e-15,0.20268398690520598,0.8,0.17837918571877823,0.9175523913275322,64,633,6,False,-5.551115123125783e-17
Classic-DDPNM-1,25.600000000000094,0.3590381128871842,0.38340560231982646,0.4794257735819332,0.479425773581931,0.4794257735819332,-0.00821137725719886,0.01260792999731324,0.004396552740114383,0.34114127143027906,-4.119968255444917e-17,2.42287185036019e-14,2.220446049250313e-15,0.20270908631138976,0.8,0.17838849683051483,0.9175594552594434,64,636,6,False,0.0
Classic-DDPNM-1,25.700000000000095,0.3611999942245156,0.3844869851999944,0.48024427411613124,0.48024427411612897,0.48024427411613124,-0.00818500534197962,0.01260792999731324,0.0044229246553336215,0.34247385452180357,5.681219383824043e-17,3.33583927506603e-14,2.275957200481571e-15,0.20272993240142537,0.8,0.17839449690158787,0.9175665612079382,64,642,6,False,0.0
Classic-DDPNM-1,25.800000000000097,0.3633596769323359,0.38556488245599685,0.4810601363754926,0.4810601363754902,0.4810601363754925,-0.008158622593612448,0.01260792999731324,0.0044493074037007955,0.3438064376133281,1.214306433183765e-16,7.119009981719406e-14,2.3869795029440866e-15,0.2027497364188096,0.8,0.1783953771588091,0.917573520103286,62,646,6,False,-5.551115123125783e-17
Classic-DDPNM-1,25.900000000000098,0.36551866268155586,0.3866392981511866,0.481873363435576,0.48187336343557363,0.48187336343557596,-0.00813227060083406,0.01260792999731324,0.004475659396479183,0.3451390207048526,4.119968255444917e-18,2.4116525868632555e-15,2.3869795029440866e-15,0.20277031005337878,0.8,0.17839432813065673,0.9175802045841469,59,649,6,False,0.0
Classic-DDPNM-1,26.0000000000001,0.3676549439123711,0.38771023401886384,0.4826839566083193,0.4826839566083169,0.4826839566083193,-0.008105931727432892,0.01260792999731324,0.004501998269880352,0.3464716037963771,9.75781955236954e-19,5.703016050090103e-16,2.3869795029440866e-15,0.20278288075640033,0.8,0.17839313147937666,0.9175864971058488,59,648,6,False,-5.551115123125783e-17
Classic-DDPNM-1,26.1000000000001,0.3697656581037594,0.38877772677313926,0.48349194368269505,0.48349194368269266,0.4834919436826951,-0.008079870743757614,0.01260792999731324,0.00452805925355563,0.3478041868879016,-2.3635607360183997e-17,1.3792963460796737e-14,2.3869795029440866e-15,0.20279431411453053,0.8,0.1783830451501694,0.9175922041557042,58,650,6,False,1.1102230246251565e-16
Classic-DDPNM-1,26.200000000000102,0.3718712951845546,0.38984181768112297,0.4842973558938488,0.48429735589384654,0.4842973558938488,-0.008054122111538674,0.01260792999731324,0.004553807885774567,0.3491367699794261,-1.0104764247564901e-16,5.887960949177958e-14,2.275957200481571e-15,0.20281333074940786,0.8,0.17837092286612838,0.9175972417202374,57,655,6,False,5.551115123125783e-17
Classic-DDPNM-1,26.300000000000104,0.37396881338703536,0.3909025155769805,0.4851001999283755,0.4851001999283731,0.4851001999283754,-0.008028440345265753,0.01260792999731324,0.00457948965204749,0.3504693530709506,1.087454779002961e-16,6.327039201858365e-14,2.3869795029440866e-15,0.2028314182273984,0.8,0.1783654198062489,0.9176015691995761,57,656,6,False,-5.551115123125783e-17
Classic-DDPNM-1,26.400000000000105,0.3760484678671477,0.3919598341527254,0.4859004861497832,0.485900486149781,0.4859004861497833,-0.008002862214078796,0.01260792999731324,0.004605067783234448,0.3518019361624751,-1.7076184216646695e-16,9.920517294171963e-14,2.220446049250313e-15,0.2028460188214194,0.8,0.17835801853758865,0.9176050575121522,58,658,6,False,1.1102230246251565e-16
Classic-DDPNM-1,26.500000000000107,0.37812286450890115,0.3930138025914278,0.48669823664678735,0.4866982366467849,0.4866982366467873,-0.007977504970039476,0.01260792999731324,0.004630425027273767,0.35313451925399963,1.984089975648473e-16,1.150974076597548e-13,2.4424906541753444e-15,0.20286539851267568,0.8,0.1783461765374371,0.9176075812574911,58,659,6,False,-1.1102230246251565e-16
Classic-DDPNM-1,26.600000000000108,0.3801795639471136,0.3940644301165199,0.4874934584006193,0.48749345840061686,0.4874934584006194,-0.007952217538319734,0.01260792999731324,0.004655712458993508,0.35446710234552414,-1.951563910473908e-17,1.1304473638244074e-14,2.4424906541753444e-15,0.20288032881536291,0.8,0.17833812510486002,0.9176090190142451,57,661,6,False,5.551115123125783e-17
Classic-DDPNM-1,26.70000000000011,0.38221031615725565,0.3951117456505428,0.48828617330279944,0.4882861733027968,0.4882861733027993,-0.007927149021798911,0.01260792999731324,0.004680780975514332,0.35579968543704865,2.4492127076447545e-16,1.4166543193961355e-13,2.6645352591003757e-15,0.20289218700897782,0.8,0.17832466912594058,0.917609245718165,57,662,6,False,-1.1102230246251565e-16
Classic-DDPNM-1,26.80000000000011,0.3842248209819897,0.39615579118395916,0.48907641313598005,0.4890764131359776,0.4890764131359801,-0.00790239833180807,0.01260792999731324,0.0047055316655051724,0.35713226852857316,-2.0111950299606107e-16,1.161636574550403e-13,2.4424906541753444e-15,0.2029076078935787,0.8,0.17830721453965437,0.917608158452845,57,665,6,False,-5.551115123125783e-17
Classic-DDPNM-1,26.900000000000112,0.3862257489259221,0.3971965933405858,0.4898641980517733,0.4898641980517708,0.48986419805177334,-0.00787784915793168,0.01260792999731324,0.004730080839381564,0.35846485162009767,6.461844948013606e-17,3.7269817217656364e-14,2.4980018054066022e-15,0.20292409052971438,0.8,0.17829238929583283,0.9176056146654292,57,668,6,False,0.0
Classic-DDPNM-1,27.000000000000114,0.3882186508700387,0.3982341745086393,0.4906495449958581,0.49064954499585567,0.49064954499585817,-0.007853469440848623,0.01260792999731324,0.0047544605564646195,0.3597974347116222,-3.198396408832238e-17,1.8421405732843067e-14,2.4424906541753444e-15,0.2029427640314819,0.8,0.17827771118291189,0.9176014621063101,55,671,6,False,5.551115123125783e-17
Classic-DDPNM-1,27.100000000000115,0.39021239399902236,0.39926854827385755,0.4914324642513026,0.49143246425130005,0.49143246425130255,-0.007829192554443618,0.01260792999731324,0.004778737442869624,0.3611300178031467,1.3010426069826053e-16,7.482990121360034e-14,2.55351295663786e-15,0.20296497098909816,0.8,0.1782643287572112,0.9175955123915868,55,673,6,False,-5.551115123125783e-17
Classic-DDPNM-1,27.200000000000117,0.3922007496758829,0.4002997141283137,0.4922129554336561,0.49221295543365373,0.4922129554336563,-0.007804911823536974,0.01260792999731324,0.004803018173776269,0.3624626008946712,-1.820375447603162e-16,1.0455349299275125e-13,2.3869795029440866e-15,0.20298510082624896,0.8,0.1782536049277365,0.9175875170379798,54,677,6,False,5.551115123125783e-17
Classic-DDPNM-1,27.300000000000118,0.394189938377281,0.4013276817325018,0.49299102585496285,0.4929910258549605,0.4929910258549629,-0.007780704213067839,0.01260792999731324,0.004827225784245404,0.3637951839861957,-5.2583805365546965e-17,3.0159641831916084e-14,2.3314683517128287e-15,0.20300784866884752,0.8,0.1782399949653083,0.9175773020516279,53,682,6,False,0.0
Classic-DDPNM-1,27.40000000000012,0.39617090058542065,0.4023524507362859,0.4937666752502044,0.49376667525020185,0.4937666752502043,-0.00775649395241324,0.01260792999731324,0.004851436044900003,0.3651277670777202,2.2703193491846463e-16,1.3003446652618827e-13,2.55351295663786e-15,0.20302750529055869,0.8,0.1782282394113898,0.9175645861931966,51,685,6,False,5.551115123125783e-17
Classic-DDPNM-1,27.50000000000012,0.39814010281647255,0.4033740349702603,0.494539914087781,0.4945399140877785,0.4945399140877809,-0.007732388375766122,0.01260792999731324,0.004875541621547121,0.3664603501692447,-3.913969842672671e-17,2.238668571092289e-14,2.4980018054066022e-15,0.20304598068353688,0.8,0.17821272051802217,0.9175492101010628,50,687,6,False,-5.551115123125783e-17
Classic-DDPNM-1,27.600000000000122,0.4001119662486923,0.4043924538424168,0.4953107570576345,0.49531075705763206,0.4953107570576345,-0.007708429698535762,0.01260792999731324,0.00489950029877748,0.36779293326076923,-5.160802341031001e-17,2.9477783168346356e-14,2.4424906541753444e-15,0.20307003902352955,0.8,0.17819543638166876,0.91753098207759,49,692,6,False,5.551115123125783e-17
Classic-DDPNM-1,27.700000000000124,0.4020621320273697,0.4054077038335678,0.49607920149608586,0.4960792014960834,0.49607920149608586,-0.0076844443845138334,0.01260792999731324,0.004923485612799409,0.36912551635229374,-1.7780915628762273e-17,1.0142315956793417e-14,2.4424906541753444e-15,0.20308513806314368,0.8,0.17818320951464345,0.9175094683212001,48,695,6,False,-1.1102230246251565e-16
Classic-DDPNM-1,27.800000000000125,0.40399052047610157,0.4064198199244706,0.4968452738801296,0.4968452738801272,0.49684527388012967,-0.007660723840438226,0.01260792999731324,0.0049472061568750164,0.37045809944381825,-7.491837011874836e-17,4.26760404822463e-14,2.3869795029440866e-15,0.20310010000853201,0.8,0.17816165010271914,0.9174847291310301,48,697,6,False,0.0
Classic-DDPNM-1,27.900000000000126,0.4059092762259448,0.40742883717788647,0.4976090007488291,0.49760900074882647,0.49760900074882897,-0.0076372686869927075,0.01260792999731324,0.004970661310320535,0.37179068253534275,1.9504797083014225e-16,1.1095767995097517e-13,2.609024107869118e-15,0.2031195747157856,0.8,0.17813968581624842,0.917456557882703,48,700,6,False,0.0
Classic-DDPNM-1,28.000000000000128,0.40780790124102834,0.4084347714009146,0.49837039406660444,0.49837039406660194,0.4983703940666045,-0.007613933177754586,0.01260792999731324,0.004993996819558657,0.37312326562686726,-9.80118763926896e-17,5.5682470113864296e-14,2.4980018054066022e-15,0.2031351114367348,0.8,0.1781220553217656,0.9174245162907887,48,700,6,False,5.551115123125783e-17
Classic-DDPNM-1,28.10000000000013,0.40968296975306173,0.40943765497536877,0.49912947834330545,0.4991294783433028,0.49912947834330534,-0.007590842767008589,0.01260792999731324,0.005017087230304654,0.37445584871839177,1.5742615544489524e-16,8.9319717201872e-14,2.6645352591003757e-15,0.2031492205536091,0.8,0.17810044827959182,0.9173885271214554,48,702,6,False,-5.551115123125783e-17
Classic-DDPNM-1,28.20000000000013,0.4115672032985876,0.41043752567206,0.4998862821677229,0.49988628216772024,0.49988628216772285,-0.007568038244174748,0.01260792999731324,0.005039891753138495,0.3757884318099163,-2.3527187142935446e-17,1.3331496360072437e-14,2.6645352591003757e-15,0.203175675849126,0.8,0.17807750291619373,0.917348425394243,48,707,6,False,1.1102230246251565e-16
Classic-DDPNM-1,28.300000000000132,0.4134603637670595,0.41143436949259626,0.5006407949444502,0.5006407949444478,0.5006407949444502,-0.007545127767275089,0.01260792999731324,0.005062802230038153,0.3771210149014408,-1.7488181042191187e-16,9.896692914129699e-14,2.4424906541753444e-15,0.20320242005336278,0.8,0.17806705686710847,0.9173032197619486,47,710,6,False,1.1102230246251565e-16
Classic-DDPNM-1,28.400000000000134,0.41535147530356686,0.41242817277518923,0.5013930063328567,0.5013930063328543,0.5013930063328567,-0.007522113884064822,0.01260792999731324,0.005085816113248421,0.3784535979929653,-6.14742631799281e-17,3.474349795447398e-14,2.3314683517128287e-15,0.20322532177222002,0.8,0.17805718192448092,0.9172524795457594,46,713,6,False,0.0
Classic-DDPNM-1,28.500000000000135,0.4172336285661417,0.4134189391772728,0.5021429191012601,0.5021429191012577,0.5021429191012601,-0.007499127684034266,0.01260792999731324,0.0051088023132789765,0.3797861810844898,-1.0950441942103595e-17,6.180847432885074e-15,2.3314683517128287e-15,0.20324574007391324,0.8,0.17804389017048664,0.9171960404452081,46,718,6,False,1.1102230246251565e-16
Classic-DDPNM-1,28.600000000000136,0.4191135022726106,0.4144066832469673,0.5028905442611574,0.5028905442611553,0.5028905442611575,-0.007476251598975929,0.01260792999731324,0.005131678398337313,0.3811187641760143,-2.458970527197124e-16,1.386147017653457e-13,2.1094237467877974e-15,0.20326877230373283,0.8,0.17802867165866496,0.9171336904843123,45,726,6,False,1.1102230246251565e-16
Classic-DDPNM-1,28.700000000000138,0.4209875302970952,0.4153914090708096,0.5036358849056555,0.5036358849056533,0.5036358849056555,-0.007453406444979209,0.01260792999731324,0.005154523552334034,0.3824513472675388,1.2836953722228372e-16,7.227016068668784e-14,2.220446049250313e-15,0.20329061559388917,0.8,0.1780167275912369,0.9170648409122212,44,730,6,False,0.0
Classic-DDPNM-1,28.80000000000014,0.42285522074853565,0.41637312621676575,0.5043789482767638,0.5043789482767617,0.5043789482767638,-0.007430633711084488,0.01260792999731324,0.005177296286228755,0.38378393035906333,-1.4983674023749671e-16,8.424786834236228e-14,2.1094237467877974e-15,0.2033123554394083,0.8,0.17800436874805045,0.9169891586838413,43,733,6,False,0.0
Classic-DDPNM-1,28.90000000000014,0.42470177075082854,0.4173518449939133,0.5051197421774407,0.5051197421774384,0.5051197421774406,-0.007407939006767293,0.01260792999731324,0.00519999099054595,0.38511651345058784,2.0990154059319366e-16,1.1786976185277166e-13,2.3314683517128287e-15,0.20332844428736002,0.8,0.1779927800621108,0.9169062189531103,42,736,6,False,-1.1102230246251565e-16
Classic-DDPNM-1,29.000000000000142,0.42654001804828123,0.41832759908671047,0.5058582921035097,0.5058582921035074,0.5058582921035097,-0.007385499260690359,0.01260792999731324,0.0052224307366228835,0.38644909654211235,-3.903127820947816e-18,2.189034691552303e-15,2.3314683517128287e-15,0.2033492941749035,0.8,0.1779765221674755,0.9168161152292974,42,738,6,False,0.0
Classic-DDPNM-1,29.100000000000144,0.4283633597513808,0.41930040186313206,0.5065946081732137,0.5065946081732114,0.5065946081732137,-0.007363160697039941,0.01260792999731324,0.005244769300273302,0.38778167963363686,-7.025630077706069e-17,3.935332108940996e-14,2.220446049250313e-15,0.20336760586695596,0.8,0.17796606616984892,0.9167179883632312,42,741,6,False,1.1102230246251565e-16
Classic-DDPNM-1,29.200000000000145,0.4301665525487421,0.4202702771104297,0.5073287083911635,0.5073287083911613,0.5073287083911635,-0.007341002179498346,0.01260792999731324,0.005266927817814897,0.38911426272516136,5.5294310796760726e-18,3.093412622838496e-15,2.220446049250313e-15,0.20338377713871506,0.8,0.17795418719046535,0.916611639948068,43,742,6,False,0.0
Classic-DDPNM-1,29.300000000000146,0.4319431435982142,0.4212372569185928,0.5080606170463267,0.5080606170463244,0.5080606170463267,-0.007319086551631855,0.01260792999731324,0.005288843445681388,0.3904468458166859,-3.621235256101585e-17,2.023401183255774e-14,2.220446049250313e-15,0.20339723919528419,0.8,0.1779413410802752,0.916496866633006,41,744,6,False,0.0
Classic-DDPNM-1,29.400000000000148,0.4336996997639935,0.4222013835429116,0.5087903661218038,0.5087903661218018,0.508790366121804,-0.007297490754773765,0.01260792999731324,0.005310439242539477,0.3917794289082104,-1.947227101783966e-16,1.0867211606807872e-13,1.9984014443252818e-15,0.20341292275409764,0.8,0.1779270051944978,0.9163735661609017,40,748,6,False,1.1102230246251565e-16
Classic-DDPNM-1,29.50000000000015,0.4354398410509434,0.4231626888468727,0.5095179797351221,0.5095179797351201,0.5095179797351221,-0.007276136133182871,0.01260792999731324,0.005331793864130372,0.3931120119997349,1.3769367590565906e-17,7.67535091226197e-15,1.9984014443252818e-15,0.20342979825993912,0.8,0.17791613041920715,0.9162410656041159,40,752,6,False,0.0
Classic-DDPNM-1,29.60000000000015,0.4371814712736868,0.42412119896747813,0.5102434776694226,0.5102434776694206,0.5102434776694226,-0.0072549793430043,0.01260792999731324,0.0053529506543089425,0.3944445950912594,4.119968255444917e-18,2.2938564847447006e-15,1.9984014443252818e-15,0.20345350536782764,0.8,0.17790770067530384,0.9160987541255649,40,759,6,False,0.0
Classic-DDPNM-1,29.700000000000152,0.43892022102142836,0.4250769117440859,0.5109668582893117,0.5109668582893095,0.5109668582893115,-0.007233806198889841,0.01260792999731324,0.005374123798423402,0.3957771781827839,9.606031248221569e-17,5.342010071451938e-14,2.1094237467877974e-15,0.20347568726570178,0.8,0.17790734642609526,0.9159451884317905,40,759,6,False,-1.1102230246251565e-16
Classic-DDPNM-1,29.800000000000153,0.44063702118359405,0.4260298318941097,0.5116881251654077,0.5116881251654057,0.5116881251654077,-0.0072126687609618155,0.01260792999731324,0.005395261236351427,0.3971097612743084,-9.8879238130678e-17,5.4923172701615796e-14,1.9984014443252818e-15,0.2034905028442991,0.8,0.1779067135471971,0.9157799287791628,39,760,6,False,0.0
Classic-DDPNM-1,29.900000000000155,0.4423448929379053,0.42697999423241156,0.5124073046491389,0.5124073046491369,0.5124073046491389,-0.007191794837311705,0.01260792999731324,0.005416135160001538,0.3984423443658329,-4.5536491244391186e-17,2.5264273540373287e-14,1.9984014443252818e-15,0.2035101452745949,0.8,0.17789996352543,0.9156034303473716,39,766,6,False,0.0
Classic-DDPNM-1,30.0,0.44404742256769847,0.4279274129896657,0.5131244075117265,0.5131244075117245,0.5131244075117265,-0.007171028625887888,0.01260792999731324,0.005436901371425355,0.3997749274573554,-4.0549161250957866e-17,2.2471343966821027e-14,1.9984014443252818e-15,0.2035311636893097,0.8,0.17789925745814786,0.9154143888269041,39,768,6,False,0.0
NormalLinear-DDPNM-3,0.0,0.0,7.333997485867926e-17,0.18922542357774103,0.18922542357774103,0.18922542357774103,0.0,0.0,0.0,0.0,0.0,0.0,0.0,0.2,0.2,0.2,0.2,0,0,0,True,0.0
NormalLinear-DDPNM-3,0.1,1.2984185774829074e-18,0.0011023700144811724,0.19005980930945937,0.1900598093094594,0.19005980930945937,-0.008343857317183756,0.00834385731718375,3.638206950888132e-20,0.0008818960115849104,-3.003240017784847e-17,3.5993424906725416e-14,-2.7755575615628914e-17,0.2,0.5261523329470313,0.14742607181560394,1.2341964739431246,1668,1,6,False,-2.7755575615628914e-17
NormalLinear-DDPNM-3,0.2,5.196951503870273e-18,0.002204740028962308,0.19089419504117774,0.19089419504117777,0.19089419504117772,-0.008343857317183756,0.00834385731718375,8.177588450595501e-20,0.0017637920231698208,-2.2768245622195593e-18,2.7287434044809883e-15,-2.7755575615628914e-17,0.2,0.6358274229682843,0.1629424466700557,0.8981509080611848,1660,1,6,False,0.0
NormalLinear-DDPNM-3,0.30000000000000004,1.1610662353215659e-17,0.0033071100434434435,0.19172858077289612,0.19172858077289615,0.19172858077289612,-0.008343857317183756,0.00834385731718375,1.4282978080729525e-19,0.0026456880347547314,-2.2768245622195593e-18,2.7287434044809883e-15,-2.7755575615628914e-17,0.2,0.6930177391952909,0.17168803756136605,0.8918398122999416,1649,1,6,False,-5.551115123125783e-17
NormalLinear-DDPNM-3,0.4,2.017965637508281e-17,0.004409480057924652,0.19256296650461455,0.19256296650461452,0.19256296650461452,-0.008343857317183756,0.00834385731718375,2.167652441208748e-19,0.0035275840463396416,5.323432666903827e-17,6.380061960000375e-14,2.7755575615628914e-17,0.2,0.7276166585419771,0.17545864629812066,0.9586500344049053,1630,1,6,False,-5.551115123125783e-17
NormalLinear-DDPNM-3,0.5,3.0287070800393773e-17,0.005511850072405788,0.19339735223633292,0.1933973522363329,0.19339735223633292,-0.008343857317183756,0.00834385731718375,2.9929773745703097e-19,0.004409480057924552,-2.2768245622195593e-18,2.7287434044809883e-15,2.7755575615628914e-17,0.2,0.7500915152220307,0.17942226060261057,0.965491206269203,1603,1,6,False,0.0
NormalLinear-DDPNM-3,0.6,4.109858101063367e-17,0.006614220086886887,0.19423173796805127,0.19423173796805127,0.19423173796805127,-0.008343857317183756,0.00834385731718375,3.8490831819201773e-19,0.005291376069509462,-3.003240017784847e-17,3.5993424906725416e-14,0.0,0.2,0.7650578727507628,0.1834176720570881,0.951926384527275,1559,2,6,False,0.0
NormalLinear-DDPNM-3,0.7,5.1753782684292224e-17,0.007716590101368023,0.19506612369976964,0.19506612369976964,0.19506612369976967,-0.008343857317183756,0.00834385731718375,4.672755621739536e-19,0.006173272081094372,-2.2768245622195593e-18,2.7287434044809883e-15,0.0,0.2,0.7754964946729933,0.18541280784092906,0.9197504151530388,1493,4,6,False,5.551115123125783e-17
NormalLinear-DDPNM-3,0.7999999999999999,6.149358365380936e-17,0.008818960115849086,0.19590050943148796,0.195900509431488,0.195900509431488,-0.008343857317183756,0.00834385731718375,5.4093279411600395e-19,0.007055168092679282,-5.778797579347739e-17,6.925810640896985e-14,-5.551115123125783e-17,0.2,0.7830440912493434,0.18728272058467035,0.8742290353116167,1412,7,6,False,2.7755575615628914e-17
NormalLinear-DDPNM-3,0.8999999999999999,6.967112090241796e-17,0.009921330130330185,0.1967348951632063,0.19673489516320639,0.19673489516320636,-0.008343857317183756,0.00834385731718375,6.02324644810385e-19,0.007937064104264193,-3.003240017784847e-17,3.5993424906725416e-14,-8.326672684688674e-17,0.2,0.7881244043136677,0.18898021844271498,0.8732138962141043,1261,9,6,True,-5.551115123125783e-17
NormalLinear-DDPNM-3,0.9999999999999999,7.637980051297431e-17,0.01102370014481143,0.19756928089492476,0.19756928089492476,0.1975692808949248,-0.008343857317183756,0.00834385731718375,6.52921546026502e-19,0.008818960115849104,8.098990228466718e-17,9.70653011022428e-14,0.0,0.2,0.7914483811323456,0.19047778058066214,0.8752988550335987,1176,10,6,False,-2.7755575615628914e-17
NormalLinear-DDPNM-3,1.0999999999999999,8.28467127493874e-17,0.012126070159292603,0.19840366662664316,0.19840366662664313,0.19840366662664316,-0.008343857317183756,0.00834385731718375,7.022548740343658e-19,0.009700856127434014,2.5478751053409354e-17,3.0535938097762485e-14,2.7755575615628914e-17,0.2,0.7939478244873808,0.19160172546106316,0.8759489478423986,1108,13,6,False,2.7755575615628914e-17
NormalLinear-DDPNM-3,1.2,9.079708132262316e-17,0.013228440173773628,0.19923805235836145,0.1992380523583615,0.1992380523583615,-0.008343857317183756,0.00834385731718375,7.655946599266829e-19,0.010582752139018924,-8.55435514091063e-17,1.0252278791121428e-13,-5.551115123125783e-17,0.2,0.7955173113636228,0.1921284198909885,0.8759511553572394,1063,14,6,False,-2.7755575615628914e-17
NormalLinear-DDPNM-3,1.3,1.0198199915584274e-16,0.014330810188254836,0.20007243809007988,0.20007243809007988,0.2000724380900799,-0.008343857317183756,0.00834385731718375,8.57618846630515e-19,0.011464648150603834,5.323432666903827e-17,6.380061960000375e-14,0.0,0.2,0.7963103920694932,0.1924911934528411,0.875098526268593,1021,18,6,False,5.551115123125783e-17
NormalLinear-DDPNM-3,1.4000000000000001,1.1801845318105158e-16,0.015433180202735973,0.20090682382179825,0.20090682382179825,0.20090682382179825,-0.008343857317183755,0.00834385731718375,9.884678102023479e-19,0.012346544162188744,-2.168404344971009e-18,2.598803242362846e-15,0.0,0.2,0.797518762277095,0.19285266279566496,0.8734710468713531,996,23,6,False,0.0
NormalLinear-DDPNM-3,1.5000000000000002,1.3969159070173143e-16,0.016535550217217147,0.20174120955351665,0.20174120955351663,0.20174120955351665,-0.008343857317183755,0.00834385731718375,1.163701210109692e-18,0.013228440173773654,2.5587171270657905e-17,3.066587825988063e-14,2.7755575615628914e-17,0.2,0.7991317951456289,0.1932117891790173,0.8721746549493196,939,30,6,False,0.0
NormalLinear-DDPNM-3,1.6000000000000003,1.6582926051574277e-16,0.017637920231698318,0.20257559528523505,0.202575595285235,0.20257559528523505,-0.008343857317183755,0.00834385731718375,1.3775223999862588e-18,0.014110336185358565,2.5587171270657905e-17,3.066587825988063e-14,5.551115123125783e-17,0.2,0.7999834200500647,0.19356926735740343,0.871141419468523,863,32,6,False,0.0
NormalLinear-DDPNM-3,1.7000000000000004,2.3340290784403676e-09,0.01874029024617949,0.20340998101695346,0.20340998101695337,0.20340998101695346,-0.008343857317183755,0.00834385731718375,1.610181334179379e-18,0.014992232196943475,2.5587171270657905e-17,3.066587825988063e-14,8.326672684688674e-17,0.20001296219959608,0.8,0.1937006872645705,0.8692270793025577,775,36,6,False,0.0
NormalLinear-DDPNM-3,1.8000000000000005,3.690796707260425e-08,0.019842660258099155,0.20424436674673305,0.204244366746733,0.20424436674673307,-0.008343857297796282,0.00834385731718375,1.938747398405581e-11,0.015874128208528387,-3.729655473350135e-17,4.469941566477907e-14,5.551115123125783e-17,0.20003858297005775,0.8,0.19303532906747065,0.8664135566901474,208,39,6,False,0.0
NormalLinear-DDPNM-3,1.9000000000000006,1.5344657986996974e-07,0.020945030232076747,0.20507875244779422,0.20507875244779414,0.2050787524477942,-0.00834385701061143,0.00834385731718375,3.0657232669668607e-10,0.016756024220113297,3.133344278483108e-17,3.755270547237118e-14,8.326672684688674e-17,0.20005355114071988,0.8,0.19240426532558402,0.8635432982355423,175,47,6,False,2.7755575615628914e-17
NormalLinear-DDPNM-3,2.0000000000000004,3.960617046129757e-07,0.022047400078162884,0.20591313805205413,0.205913138052054,0.20591313805205408,-0.008343856042598496,0.00834385731718375,1.2745852607128626e-09,0.017637920231698207,6.331740687315346e-17,7.588504308499949e-14,1.3877787807814457e-16,0.2000637402235706,0.8,0.19178932833821516,0.8606917610374277,158,49,6,False,-2.7755575615628914e-17
NormalLinear-DDPNM-3,2.1000000000000005,7.440904877768464e-07,0.023149769657999718,0.2067475234547895,0.20674752345478944,0.20674752345478953,-0.008343854027354467,0.00834385731718375,3.2898292895088246e-09,0.018519816243283117,-8.088148206741863e-17,9.693532272032146e-14,5.551115123125783e-17,0.20006257005543931,0.8,0.19119969625980965,0.8579264461742603,154,53,6,False,2.7755575615628914e-17
NormalLinear-DDPNM-3,2.2000000000000006,1.1833773791113643e-06,0.024252138855906682,0.2075819085684415,0.2075819085684414,0.2075819085684415,-0.008343851136519486,0.00834385731718375,6.180664270516823e-09,0.019401712254868028,4.889751797909625e-17,5.860296970546976e-14,1.1102230246251565e-16,0.2000604059068067,0.8,0.19063115613025222,0.8552994288628095,157,55,6,False,2.7755575615628914e-17
NormalLinear-DDPNM-3,2.3000000000000007,1.7606626950370634e-06,0.02535450757173785,0.2084162933172095,0.20841629331720937,0.2084162933172095,-0.008343847487679726,0.00834385731718375,9.829504030738756e-09,0.020283608266452938,4.0766001685454967e-17,4.8857443399776114e-14,1.3877787807814457e-16,0.2000641125269098,0.8,0.19009494147441836,0.8528371024015045,152,57,6,False,2.7755575615628914e-17
NormalLinear-DDPNM-3,2.400000000000001,2.5426186289321033e-06,0.026456875654055273,0.2092506775864699,0.20925067758646979,0.20925067758646992,-0.00834384269260419,0.00834385731718375,1.462457956720355e-08,0.021165504278037848,-3.371868756429919e-17,4.0411319588365347e-14,1.1102230246251565e-16,0.20007177215482624,0.8,0.18959777792045632,0.8505276009612693,158,59,6,False,5.551115123125783e-17
NormalLinear-DDPNM-3,2.500000000000001,3.4779887431748093e-06,0.027559242878256705,0.21008506120622084,0.21008506120622075,0.21008506120622084,-0.008343836197509684,0.00834385731718375,2.111967407129461e-08,0.022047400289622758,-2.938187887435717e-17,3.5213694802368116e-14,8.326672684688674e-17,0.2000724934580106,0.8,0.18913714312319108,0.848381042723649,163,61,6,False,-5.551115123125783e-17
NormalLinear-DDPNM-3,2.600000000000001,4.556680731309263e-06,0.028661609075990312,0.21091944404903654,0.21091944404903645,0.2109194440490366,-0.008343828428157141,0.00834385731718375,2.888902661555473e-08,0.022929296301207668,-1.3444106938820255e-17,1.611252431608402e-14,8.326672684688674e-17,0.20007230497359024,0.8,0.18870143295676234,0.8463957759971372,160,63,6,False,2.7755575615628914e-17
NormalLinear-DDPNM-3,2.700000000000001,5.880310621778379e-06,0.02976397408998093,0.21175382599587517,0.21175382599587503,0.21175382599587517,-0.008343819468385723,0.00834385731718375,3.784879803322012e-08,0.02381119231279258,5.811323644522304e-17,6.964761096490256e-14,1.3877787807814457e-16,0.2000778176031863,0.8,0.1882954214303387,0.8446567258226776,153,64,6,False,-5.551115123125783e-17
NormalLinear-DDPNM-3,2.800000000000001,7.734498846395011e-06,0.030866337651443098,0.21258820684329255,0.21258820684329238,0.21258820684329255,-0.008343808474173483,0.00834385731718375,4.884301027419151e-08,0.02469308832437749,3.361026734705064e-17,4.028121445971426e-14,1.6653345369377348e-16,0.20009545886783453,0.8,0.18792411169662848,0.844516048568981,154,67,6,False,2.7755575615628914e-17
NormalLinear-DDPNM-3,2.9000000000000012,1.0126087809161849e-05,0.03196869917816174,0.2134225861506091,0.21342258615060894,0.2134225861506091,-0.00834379307316551,0.00834385731718375,6.424401824630363e-08,0.0255749843359624,6.179952383167375e-18,7.406532213705415e-15,1.6653345369377348e-16,0.2001074738775121,0.8,0.18759209270245095,0.8443975569651067,150,68,6,False,0.0
NormalLinear-DDPNM-3,3.0000000000000013,1.2894032108502621e-05,0.0330710580804214,0.21425696347146822,0.21425696347146808,0.21425696347146822,-0.008343773208591386,0.00834385731718375,8.410859237027569e-08,0.02645688034754731,-2.42861286636753e-17,2.91063029141726e-14,1.3877787807814457e-16,0.20010949948433035,0.8,0.18728028128265822,0.8442984415790649,142,71,6,False,2.7755575615628914e-17
NormalLinear-DDPNM-3,3.1000000000000014,1.6223880870424952e-05,0.03417341394524051,0.21509133849328343,0.21509133849328327,0.2150913384932834,-0.008343750218151778,0.00834385731718375,1.0709903197846589e-07,0.02733877635913222,3.67544536472586e-17,4.404914955752891e-14,1.6653345369377348e-16,0.20011708609606793,0.8,0.1869830866343756,0.8442168515810682,137,74,6,False,-2.7755575615628914e-17
NormalLinear-DDPNM-3,3.2000000000000015,1.989109826389045e-05,0.035275766156029995,0.21592571074935743,0.21592571074935737,0.21592571074935746,-0.008343722560740955,0.00834385731718375,1.347564428021195e-07,0.02822067237071713,-1.0028870095490916e-16,1.201927088017003e-13,5.551115123125783e-17,0.20011572827603225,0.8,0.1867144317290041,0.8441474650289044,137,75,6,False,2.7755575615628914e-17
NormalLinear-DDPNM-3,3.3000000000000016,2.373096605762272e-05,0.036378114342604524,0.2167600799594963,0.2167600799594962,0.2167600799594963,-0.008343692101388123,0.00834385731718375,1.6521579563356636e-07,0.02910256838230204,6.765421556309548e-17,8.108105568470741e-14,1.1102230246251565e-16,0.20011020903836527,0.8,0.18645857699350912,0.8440819408354439,138,76,6,False,5.551115123125783e-17
NormalLinear-DDPNM-3,3.4000000000000017,2.780121799504518e-05,0.037480458315534246,0.2175944459803203,0.21759444598032027,0.21759444598032035,-0.00834366020824063,0.00834385731718375,1.9710894312561218e-07,0.02998446439388695,-7.860465750519907e-17,9.420439212269808e-14,2.7755575615628914e-17,0.20010744925629126,0.8,0.1862190030457451,0.8440181172705123,138,78,6,True,2.7755575615628914e-17
NormalLinear-DDPNM-3,3.5000000000000018,3.2114987273086307e-05,0.03858279782203838,0.21842880862049918,0.2184288086204991,0.21842880862049918,-0.008343626401788201,0.00834385731718375,2.3091539555499762e-07,0.03086636040547186,6.711211447685272e-17,8.0430734438803e-14,8.326672684688674e-17,0.20010558474385703,0.8,0.18600125927328198,0.8439548557460126,142,78,6,True,-2.7755575615628914e-17
NormalLinear-DDPNM-3,3.600000000000002,3.667604473658818e-05,0.03968513259492662,0.2192631676777962,0.21926316767779616,0.21926316767779622,-0.008343590572970504,0.00834385731718375,2.667442132527152e-07,0.031748256417056774,-4.3259666682171627e-17,5.1844467272852296e-14,2.7755575615628914e-17,0.20010416658461136,0.8,0.1858022480775528,0.8438929875437335,145,80,6,True,2.7755575615628914e-17
NormalLinear-DDPNM-3,3.700000000000002,4.216418891517842e-05,0.04078746236287438,0.22009752294684526,0.22009752294684518,0.2200975229468452,-0.00834355269049025,0.00834385731718375,3.04626693505695e-07,0.03263015242864169,4.456070928915423e-17,5.340345691858462e-14,8.326672684688674e-17,0.200117064825696,0.8,0.18562037327842246,0.8438339300812477,146,84,6,True,-2.7755575615628914e-17
NormalLinear-DDPNM-3,3.800000000000002,4.8455383176262376e-05,0.04188978610861014,0.22093187365767186,0.22093187365767186,0.22093187365767192,-0.008343507108266944,0.00834385731718375,3.502089168119242e-07,0.0335120484402266,-9.096456227153382e-17,1.0901522042326725e-13,0.0,0.20012514784061378,0.8,0.185468250116913,0.8437789013216338,151,87,6,True,0.0
NormalLinear-DDPNM-3,3.900000000000002,5.514599329390137e-05,0.04299210295098692,0.22176621914333436,0.22176621914333433,0.22176621914333433,-0.00834345485662458,0.00834385731718375,4.02460559176107e-07,0.034393944451811514,3.848917712323541e-17,4.6126532668481357e-14,2.7755575615628914e-17,0.20012445014878086,0.8,0.18532586389910063,0.8437286165773948,145,85,6,True,0.0
NormalLinear-DDPNM-3,4.000000000000002,6.23364259707289e-05,0.044094412451778094,0.22260055907213827,0.22260055907213827,0.22260055907213827,-0.008343399288039333,0.00834385731718375,4.5802914442345787e-07,0.03527584046339643,-2.1250362580715887e-17,2.5466873792188215e-14,0.0,0.20012557474956233,0.8,0.1851884591284351,0.8436836589283445,144,86,6,True,0.0
NormalLinear-DDPNM-3,4.100000000000001,7.031644113258369e-05,0.04519671406258895,0.2234348930290027,0.22343489302900274,0.22343489302900274,-0.00834333956864458,0.00834385731718375,5.177485391772815e-07,0.03615773647498134,-1.6479873021779667e-17,1.9749679145506996e-14,-2.7755575615628914e-17,0.2001311307783498,0.8,0.18506574929552955,0.8436443718087422,144,88,6,True,2.7755575615628914e-17
NormalLinear-DDPNM-3,4.200000000000001,7.887403221538718e-05,0.04629900691708689,0.22426922035819907,0.22426922035819913,0.22426922035819907,-0.008343273291963948,0.00834385731718375,5.840252198093717e-07,0.037039632486566255,-3.436920886779049e-17,4.118814844217082e-14,-5.551115123125783e-17,0.2001325762666591,0.8,0.18495948317769567,0.8436110445911832,139,90,6,True,0.0
NormalLinear-DDPNM-3,4.300000000000001,8.773099354843348e-05,0.047401290381583513,0.22510354058008752,0.22510354058008758,0.22510354058008752,-0.008343202218884637,0.00834385731718375,6.550982991188792e-07,0.03792152849815117,-1.214306433183765e-17,1.4552155629017625e-14,-5.551115123125783e-17,0.20012982540249197,0.8,0.1848603939718118,0.8435840777278286,136,90,6,True,-5.551115123125783e-17
NormalLinear-DDPNM-3,4.4,9.675987988240901e-05,0.04850356412766475,0.2259378534460909,0.22593785344609094,0.2259378534460909,-0.008343128660033524,0.00834385731718375,7.286571502313608e-07,0.03880342450973608,3.133344278483108e-17,3.754942771421555e-14,-2.7755575615628914e-17,0.2001257514007094,0.8,0.18476767757083884,0.8435638341107675,142,92,6,True,5.551115123125783e-17
NormalLinear-DDPNM-3,4.5,0.00010592085814599106,0.049605827966759455,0.2267721588134794,0.22677215881347945,0.22677215881347945,-0.00834305367388525,0.00834385731718375,8.036432985078427e-07,0.039685320521320996,-3.686287386450715e-17,4.417540034170155e-14,-5.551115123125783e-17,0.20012171962031078,0.8,0.18468354920062288,0.8435505973328296,141,93,6,True,0.0
NormalLinear-DDPNM-3,4.6,0.00011584265879791893,0.05070808175400415,0.2276064565726056,0.22760645657260561,0.2276064565726056,-0.008342977591261564,0.00834385731718375,8.797259221931112e-07,0.04056721653290591,3.382710778154774e-17,4.053705659843915e-14,-2.7755575615628914e-17,0.20012601188540483,0.8,0.18460869450231188,0.8435445980321544,139,96,6,True,-2.7755575615628914e-17
NormalLinear-DDPNM-3,4.699999999999999,0.000126756478057427,0.05181032465467098,0.22844074609166254,0.22844074609166257,0.22844074609166254,-0.008342895190569638,0.00834385731718375,9.621266141185614e-07,0.041449112544490824,-1.1709383462843448e-17,1.4031919494131452e-14,-2.7755575615628914e-17,0.20013250469938643,0.8,0.1845506845210009,0.843545922223397,138,99,6,True,0.0
NormalLinear-DDPNM-3,4.799999999999999,0.0001385538671740397,0.052912555580373916,0.22927502654684903,0.2292750265468491,0.22927502654684903,-0.008342804551865183,0.00834385731718375,1.0527653185731174e-06,0.04233100855607574,-2.5912431922403556e-17,3.105178086548465e-14,-5.551115123125783e-17,0.2001369448459722,0.8,0.18450276952813455,0.8435547195605099,139,102,6,True,2.7755575615628914e-17
NormalLinear-DDPNM-3,4.899999999999999,0.0001510433693974678,0.054014773561741065,0.23010929720444584,0.23010929720444595,0.2301092972044459,-0.008342706575968688,0.00834385731718375,1.1507412150690217e-06,0.04321290456766065,-6.03900610074426e-17,7.236668986396379e-14,-1.1102230246251565e-16,0.20013874947804325,0.8,0.184460125370106,0.8435711530947965,136,104,6,True,0.0
NormalLinear-DDPNM-3,4.999999999999998,0.00016410992250960339,0.05511697783948841,0.2309435574897496,0.23094355748974965,0.23094355748974957,-0.00834260285303692,0.00834385731718375,1.2544641468362976e-06,0.044094800579245565,6.418476861114186e-17,7.691301242331343e-14,-5.551115123125783e-17,0.20013913542556963,0.8,0.1844216182781883,0.8435953385026146,136,106,6,True,2.7755575615628914e-17
NormalLinear-DDPNM-3,5.099999999999998,0.00017877302117212763,0.05621916778059218,0.23177780692362354,0.23177780692362365,0.2317778069236236,-0.008342494338740096,0.00834385731718375,1.3629784436601675e-06,0.04497669659083048,-6.375108774214766e-17,7.639233655167965e-14,-1.1102230246251565e-16,0.20014965953584404,0.8,0.18438792062274137,0.8436273188468137,139,108,6,True,0.0
NormalLinear-DDPNM-3,5.1999999999999975,0.0001943020443180959,0.05732134163346422,0.23261204418028764,0.23261204418028772,0.23261204418028764,-0.008342372566640553,0.00834385731718375,1.4847505432036924e-06,0.04585859260241539,3.903127820947816e-17,4.677013583471867e-14,-8.326672684688674e-17,0.20015192961419664,0.8,0.1843699885327339,0.8436669456633328,134,112,6,True,-2.7755575615628914e-17
NormalLinear-DDPNM-3,5.299999999999997,0.00021083738814876632,0.05842349844817846,0.23344626854074121,0.23344626854074127,0.2334462685407412,-0.008342243604535527,0.00834385731718375,1.6137126482301353e-06,0.046740488614000306,2.5478751053409354e-17,3.053003355033193e-14,-5.551115123125783e-17,0.20015522048785142,0.8,0.18434896444124607,0.8437142512804461,134,113,6,True,-2.7755575615628914e-17
NormalLinear-DDPNM-3,5.399999999999997,0.00022833124921379773,0.059525637120791286,0.2342804791694075,0.2342804791694075,0.23428047916940747,-0.00834210628666226,0.00834385731718375,1.7510305214963902e-06,0.04762238462558522,6.158268339717665e-17,7.379052650381055e-14,0.0,0.20015770818720277,0.8,0.18433361863037523,0.8437690678112846,134,116,6,True,-5.551115123125783e-17
NormalLinear-DDPNM-3,5.4999999999999964,0.0002467258286267311,0.06062775659983153,0.23511467527042618,0.23511467527042615,0.23511467527042612,-0.008341961010186376,0.00834385731718375,1.8963069973798354e-06,0.04850428063717013,3.729655473350135e-17,4.4689259248484967e-14,2.7755575615628914e-17,0.20015942364073572,0.8,0.18432164661075157,0.8438311965827957,135,116,6,True,0.0
NormalLinear-DDPNM-3,5.599999999999996,0.00026553244096301954,0.061729855897265096,0.23594885609595256,0.23594885609595254,0.23594885609595254,-0.008341808255263816,0.00834385731718375,2.049061919940601e-06,0.04938617664875505,5.5294310796760726e-18,6.6253212395487076e-15,2.7755575615628914e-17,0.20015695666384667,0.8,0.18431261549151595,0.8439003742615881,134,117,6,True,-2.7755575615628914e-17
NormalLinear-DDPNM-3,5.699999999999996,0.00028503830309037207,0.06283193456123291,0.23678302130397377,0.23678302130397375,0.23678302130397377,-0.008341652080212113,0.00834385731718375,2.2052369716443156e-06,0.05026807266033996,-2.168404344971009e-18,2.5981165740141612e-15,2.7755575615628914e-17,0.20015701498390864,0.8,0.18430268844156605,0.8439763186870542,137,118,6,True,0.0
NormalLinear-DDPNM-3,5.799999999999995,0.00030548073419747117,0.06393399182476901,0.23761717031397195,0.237617170313972,0.23761717031397206,-0.00834149009998248,0.00834385731718375,2.3672172012754627e-06,0.051149968671924874,-7.28583859910259e-17,8.72950226666701e-14,-5.551115123125783e-17,0.20015887593347348,0.8,0.18429812625286604,0.8440585988575695,137,118,6,True,5.551115123125783e-17
NormalLinear-DDPNM-3,5.899999999999995,0.0003265109231743734,0.0650360266605565,0.2384513023483692,0.23845130234836923,0.23845130234836923,-0.008341320343972143,0.00834385731718375,2.5369732116131057e-06,0.05203186468350979,3.5887091909270197e-17,4.299712026613381e-14,-2.7755575615628914e-17,0.20015798365398832,0.8,0.18429778306402203,0.844146740517033,133,122,6,True,5.551115123125783e-17
NormalLinear-DDPNM-3,5.999999999999995,0.0003485687327340774,0.06613803842398198,0.23928541691925656,0.23928541691925664,0.23928541691925662,-0.008341145708874185,0.00834385731718375,2.7116083095724075e-06,0.0529137606950947,-5.637851296924623e-17,6.754693272471118e-14,-8.326672684688674e-17,0.20016031373089013,0.8,0.1842967291572692,0.8442402729747728,137,122,6,True,-2.7755575615628914e-17
NormalLinear-DDPNM-3,6.099999999999994,0.00037085995655920106,0.06724002598787411,0.24011951317347613,0.2401195131734762,0.24011951317347613,-0.008340962542195601,0.00834385731718375,2.8947749881550266e-06,0.053795656706679615,8.239936510889834e-18,9.87202737052386e-15,-8.326672684688674e-17,0.20015694118424152,0.8,0.18430055257181233,0.844338605243194,140,122,6,True,0.0
NormalLinear-DDPNM-3,6.199999999999994,0.00039331135547579087,0.06834198909639538,0.24095359091738405,0.2409535909173842,0.24095359091738408,-0.008340777439079919,0.00834385731718375,3.0798781038371983e-06,0.05467755271826453,-6.808789643208968e-17,8.157231190205902e-14,-1.3877787807814457e-16,0.20015337947993406,0.8,0.1843000196179915,0.8444412363170221,149,121,6,True,2.7755575615628914e-17
NormalLinear-DDPNM-3,6.299999999999994,0.00041589933725905457,0.0694439275740573,0.2417876500181528,0.24178765001815297,0.24178765001815283,-0.008340591007687763,0.00834385731718375,3.266309495992634e-06,0.05555944872984944,-2.3852447794681098e-17,2.8575649363143494e-14,-1.6653345369377348e-16,0.20014996726409293,0.8,0.18430032904043117,0.8445475502789528,149,122,6,True,2.7755575615628914e-17
NormalLinear-DDPNM-3,6.399999999999993,0.00043899676618545713,0.07054584127125157,0.2426216903625436,0.24262169036254372,0.2426216903625436,-0.008340403443907449,0.00834385731718375,3.453873276307121e-06,0.056441344741434356,5.681219383824043e-17,6.806047185969266e-14,-1.1102230246251565e-16,0.2001491988281919,0.8,0.18430152718896733,0.8446569070484895,150,122,6,True,0.0
NormalLinear-DDPNM-3,6.499999999999993,0.0004623461129610709,0.07164772962931655,0.2434557115277045,0.24345571152770462,0.24345571152770454,-0.008340211651608894,0.00834385731718375,3.6456655748622e-06,0.05732324075301927,1.3660947373317356e-17,1.6365309963390754e-14,-1.1102230246251565e-16,0.20014689963606996,0.8,0.18430582629064662,0.8447686131884612,153,124,6,True,0.0
NormalLinear-DDPNM-3,6.5999999999999925,0.00048579174239770853,0.07274959237211992,0.2442897133046305,0.24428971330463067,0.2442897133046305,-0.008340017769260587,0.00834385731718375,3.8395479231691336e-06,0.05820513676460418,-6.21247844834194e-17,7.442146676779655e-14,-1.6653345369377348e-16,0.20014383608471062,0.8,0.18430882605343185,0.8448820408777424,156,124,6,False,0.0
NormalLinear-DDPNM-3,6.699999999999992,0.0005093910803566479,0.07385142939426752,0.24512369561354858,0.24512369561354883,0.24512369561354863,-0.008339823089181542,0.00834385731718375,4.034228002215124e-06,0.0590870327761891,-8.55435514091063e-17,1.0247324243022453e-13,-2.498001805406602e-16,0.2001413323053648,0.8,0.1843110910374827,0.8449965572275774,159,125,6,False,0.0
NormalLinear-DDPNM-3,6.799999999999992,0.0005330332041366792,0.07495324052736495,0.2459576583270007,0.24595765832700092,0.24595765832700073,-0.00833962713452102,0.00834385731718375,4.2301826627360434e-06,0.05996892878777401,2.233456475320139e-17,2.6754109553370282e-14,-2.220446049250313e-16,0.20013836444365862,0.8,0.18431376174915592,0.8451115208228287,164,125,6,False,0.0
NormalLinear-DDPNM-3,6.8999999999999915,0.0005571224145655147,0.07605502572469965,0.24679160140963008,0.24679160140963033,0.24679160140963008,-0.00833943082629411,0.00834385731718375,4.426490889646724e-06,0.060850824799358924,-3.176712365382528e-17,3.8052280425713564e-14,-2.498001805406602e-16,0.20013787018769394,0.8,0.18431566551960865,0.8452263329623586,164,126,6,False,-5.551115123125783e-17
NormalLinear-DDPNM-3,6.999999999999991,0.0005819009843346469,0.07715678449603604,0.24762552449037656,0.24762552449037684,0.24762552449037656,-0.008339230807464976,0.00834385731718375,4.626509718779392e-06,0.06173272081094384,-1.8431436932253575e-17,2.207758595981139e-14,-2.7755575615628914e-16,0.20013874330247122,0.8,0.18431959437465403,0.8453403633279187,163,128,6,False,0.0
NormalLinear-DDPNM-3,7.099999999999991,0.0006079329290695256,0.07825851608537374,0.24845942699702217,0.24845942699702248,0.24845942699702217,-0.00833902506645644,0.00834385731718375,4.832250727317473e-06,0.06261461682252875,-3.209238430557093e-17,3.844002588013438e-14,-3.0531133177191805e-16,0.20014260078865617,0.8,0.18432432785821434,0.8454530158161627,162,129,6,False,5.551115123125783e-17
NormalLinear-DDPNM-3,7.19999999999999,0.0006344040334142195,0.07936021911801006,0.24929330788905213,0.24929330788905243,0.2492933078890521,-0.008338808920299617,0.00834385731718375,5.048396884139587e-06,0.06349651283411366,-2.8189256484623115e-18,3.3764013452834038e-15,-3.0531133177191805e-16,0.2001419230615382,0.8,0.1843313779683772,0.845563704808128,162,130,6,False,0.0
NormalLinear-DDPNM-3,7.29999999999999,0.0006613658414700223,0.08046189311244453,0.2501271668020179,0.25012716680201824,0.25012716680201796,-0.00833858912965825,0.00834385731718375,5.26818752550648e-06,0.06437840884569856,-4.586175189613684e-17,5.493000658604172e-14,-3.3306690738754696e-16,0.20014155514850013,0.8,0.18433320526041244,0.8456720808214965,162,130,6,False,0.0
NormalLinear-DDPNM-3,7.39999999999999,0.0006884892724777392,0.08156353753064109,0.2509610033286791,0.2509610033286793,0.2509610033286791,-0.008338365266610954,0.00834385731718375,5.492050572802456e-06,0.06526030485728347,9.584347204771859e-17,1.1479154581534954e-13,-2.220446049250313e-16,0.20013954692816185,0.8,0.18433461458717137,0.8457777197692519,163,131,6,False,-5.551115123125783e-17
NormalLinear-DDPNM-3,7.499999999999989,0.0007159186823845271,0.0826651521955574,0.25179481733503206,0.25179481733503234,0.25179481733503206,-0.008338140063530118,0.00834385731718375,5.717253653638689e-06,0.06614220086886838,-4.9873299934333204e-17,5.973154621377477e-14,-2.7755575615628914e-16,0.2001383743676102,0.8,0.1843336502587704,0.8458802949355805,167,133,6,True,0.0
NormalLinear-DDPNM-3,7.599999999999989,0.0007440816400990313,0.08376673677180008,0.252628608567217,0.25262860856721725,0.252628608567217,-0.008337912321848913,0.00834385731718375,5.9449953348432036e-06,0.06702409688045328,1.919037845299343e-17,2.2983033291964177e-14,-2.7755575615628914e-16,0.20013935033964655,0.8,0.18433277659033442,0.8459794637592525,165,133,6,True,0.0
NormalLinear-DDPNM-3,7.699999999999989,0.0007729371722135642,0.0848682904549633,0.2534623764163777,0.253462376416378,0.2534623764163777,-0.008337678491607256,0.00834385731718375,6.1788255765004835e-06,0.06790599289203819,1.3010426069826053e-18,1.5581281143443326e-15,-2.7755575615628914e-16,0.2001400773687234,0.8,0.18433329538404244,0.8460748883750152,164,134,6,True,5.551115123125783e-17
NormalLinear-DDPNM-3,7.799999999999988,0.0008024382716993586,0.0859698124856024,0.2542961203076893,0.25429612030768967,0.25429612030768933,-0.008337438913117,0.00834385731718375,6.418404066757299e-06,0.0687878889036231,-1.2197274440461925e-16,1.4607031968323203e-13,-3.885780586188048e-16,0.200140545543653,0.8,0.18433283148077675,0.8461663395051593,165,138,6,True,1.1102230246251565e-16
NormalLinear-DDPNM-3,7.899999999999988,0.0008334290377959901,0.08707130215585178,0.25512983970536707,0.2551298397053675,0.2551298397053671,-0.008337193976778576,0.00834385731718375,6.663340405180203e-06,0.069669784915208,-6.754579534584693e-17,8.088812436439098e-14,-4.440892098500626e-16,0.20014486765164055,0.8,0.18433140721418773,0.8462536272573881,166,140,6,True,0.0
NormalLinear-DDPNM-3,7.999999999999988,0.0008657681633224005,0.0881727578319627,0.25596353337282385,0.25596353337282424,0.2559635333728238,-0.008336936674567022,0.00834385731718375,6.920642616735005e-06,0.07055168092679291,7.849623728795052e-17,9.399871205511725e-14,-3.885780586188048e-16,0.20014831515023687,0.8,0.1843331348014886,0.8463364661706259,168,138,6,True,-5.551115123125783e-17
NormalLinear-DDPNM-3,8.099999999999987,0.0008988934192062656,0.08927417803522604,0.2567972001908222,0.2567972001908227,0.2567972001908222,-0.008336668179984592,0.00834385731718375,7.189137199163853e-06,0.07143357693837782,-1.1275702593849246e-16,1.3502143300773248e-13,-4.996003610813204e-16,0.20014908735450043,0.8,0.18433333684467235,0.8464147563114824,168,140,6,True,0.0
NormalLinear-DDPNM-3,8.199999999999987,0.0009324031025051805,0.09037556190367238,0.257630839506936,0.25763083950693644,0.257630839506936,-0.008336393161137668,0.00834385731718375,7.464156046088112e-06,0.07231547294996273,3.209238430557093e-17,3.842791156877755e-14,-4.440892098500626e-16,0.20014807604203433,0.8,0.18433028832102621,0.8464884771480526,170,140,6,False,0.0
NormalLinear-DDPNM-3,8.299999999999986,0.0009673675635278748,0.09147690901596914,0.2584644510022579,0.25846445100225846,0.25846445100225796,-0.008336114953220007,0.00834385731718375,7.742363963750416e-06,0.07319736896154763,-9.421716878899034e-17,1.1281332006570148e-13,-5.551115123125783e-16,0.2001516818233792,0.8,0.1843249519611022,0.8465576193248973,174,142,6,False,0.0
NormalLinear-DDPNM-3,8.399999999999986,0.0010038598618537598,0.09257821777675743,0.25929803346925806,0.2592980334692586,0.2592980334692581,-0.00833582467000157,0.00834385731718375,8.0326471821855e-06,0.07407926497313254,3.0357660829594124e-18,3.634825286146934e-15,-5.551115123125783e-16,0.2001554006565709,0.8,0.18432373400173122,0.8466219755957732,176,144,6,False,-5.551115123125783e-17
NormalLinear-DDPNM-3,8.499999999999986,0.0010410967153833433,0.09367948651057663,0.2601315856397775,0.260131585639778,0.26013158563977745,-0.008335521705193739,0.00834385731718375,8.335611990016866e-06,0.07496116098471745,7.318364664277155e-17,8.762207394317359e-14,-4.996003610813204e-16,0.20015570558593312,0.8,0.1843221829193387,0.84668153976445,179,146,6,False,0.0
NormalLinear-DDPNM-3,8.599999999999985,0.0010799481975891688,0.09478071440114037,0.2609651068959677,0.26096510689596825,0.2609651068959677,-0.008335212561902358,0.00834385731718375,8.644755281397817e-06,0.07584305699630235,-5.193328406205566e-17,6.217691849878001e-14,-5.551115123125783e-16,0.2001595029180115,0.8,0.18431686168621503,0.8467364248587776,180,146,6,False,-5.551115123125783e-17
NormalLinear-DDPNM-3,8.699999999999985,0.001120238555395575,0.09588189967784666,0.26179859589765697,0.2617985958976575,0.26179859589765697,-0.008334890016892901,0.00834385731718375,8.967300290855117e-06,0.07672495300788726,-9.75781955236954e-18,1.168205966153725e-14,-5.551115123125783e-16,0.20016240356213794,0.8,0.18431469402858902,0.8467864581053416,177,147,6,False,0.0
NormalLinear-DDPNM-3,8.799999999999985,0.0011647851396312245,0.09698304076290418,0.2626320514506124,0.262632051450613,0.2626320514506124,-0.008334555529554975,0.00834385731718375,9.301787628780603e-06,0.07760684901947217,-5.5402731014009277e-17,6.63254827530939e-14,-6.106226635438361e-16,0.2001760830601992,0.8,0.18431135398063253,0.8468316481297696,169,149,6,False,-5.551115123125783e-17
NormalLinear-DDPNM-3,8.899999999999984,0.0012115133533415023,0.09808413298845592,0.26346547002172516,0.26346547002172577,0.2634654700217252,-0.008334185711127467,0.00834385731718375,9.67160605628884e-06,0.07848874503105707,-3.903127820947816e-18,4.6724298877915785e-15,-6.106226635438361e-16,0.20018110178987913,0.8,0.18431844868529154,0.8468714797388305,168,149,6,False,5.551115123125783e-17
NormalLinear-DDPNM-3,8.999999999999984,0.0012592046749631536,0.09918517396220251,0.26429884980025975,0.2642988498002604,0.26429884980025975,-0.008333797785346366,0.00834385731718375,1.0059531837389896e-05,0.07937064104264198,-4.358492733391728e-17,5.2173044239749995e-14,-6.661338147750939e-16,0.20018129306190102,0.8,0.1843166874404455,0.8469062931635305,172,150,6,False,-1.1102230246251565e-16
NormalLinear-DDPNM-3,9.099999999999984,0.0013082714940427364,0.10028616262837242,0.2651321899871009,0.26513218998710153,0.26513218998710086,-0.008333401868410872,0.00834385731718375,1.0455448772884257e-05,0.08025253705422689,8.218252467440124e-17,9.837137652936638e-14,-6.106226635438361e-16,0.2001829846465487,0.8,0.18431001021594112,0.8469362877531991,170,150,6,False,0.0
NormalLinear-DDPNM-3,9.199999999999983,0.0013594702651877142,0.10138709747891907,0.26596548944080567,0.26596548944080634,0.26596548944080567,-0.00833299453704797,0.00834385731718375,1.0862780135786362e-05,0.08113443306581179,-4.705437428587089e-17,5.6320707022809123e-14,-6.661338147750939e-16,0.20018729784162118,0.8,0.18430477614468604,0.8469613651513642,171,151,6,False,0.0
NormalLinear-DDPNM-3,9.299999999999983,0.0014126841008312194,0.10248797617618469,0.26679874639199685,0.26679874639199747,0.26679874639199685,-0.008332569511911452,0.00834385731718375,1.1287805272304678e-05,0.0820163290773967,4.0549161250957866e-17,4.853196522221287e-14,-6.106226635438361e-16,0.20019096070766856,0.8,0.18430212152954398,0.8469813506612851,168,151,6,False,0.0
NormalLinear-DDPNM-3,9.399999999999983,0.0014672399842220092,0.10358879651077471,0.26763195916838,0.2676319591683807,0.26763195916838,-0.008332127763831992,0.00834385731718375,1.172955335176458e-05,0.0828982250889816,-4.7271214720367993e-17,5.657438005588991e-14,-6.661338147750939e-16,0.2001920991447297,0.8,0.1842988257830564,0.8469962225414915,162,151,6,False,0.0
NormalLinear-DDPNM-3,9.499999999999982,0.0015227313017283548,0.10468955701147957,0.2684651266563941,0.2684651266563948,0.26846512665639416,-0.008331674880141518,0.00834385731718375,1.2182437042239092e-05,0.08378012110056651,-5.4643789493269423e-17,6.539436276094048e-14,-7.216449660063518e-16,0.20019180119366106,0.8,0.1842930868286184,0.8470060607554746,162,150,6,False,-5.551115123125783e-17
NormalLinear-DDPNM-3,9.599999999999982,0.0015792476385497265,0.10579025665306847,0.2692982480800402,0.269298248080041,0.26929824808004027,-0.008331214236461439,0.00834385731718375,1.2643080722317154e-05,0.08466201711215142,-3.350184712980209e-17,4.0090762322223816e-14,-7.771561172376096e-16,0.20019182092239732,0.8,0.18428604920655986,0.8470108902911024,161,150,6,False,-5.551115123125783e-17
NormalLinear-DDPNM-3,9.699999999999982,0.001639674235179108,0.10689089431208183,0.2701313225889699,0.2701313225889705,0.27013132258896977,-0.008330745089295231,0.00834385731718375,1.3112227888524079e-05,0.08554391312373633,1.4224732503009818e-16,1.7021400432645462e-13,-6.106226635438361e-16,0.2002012580728315,0.8,0.18427949903576593,0.8470106307965971,163,152,6,False,-1.1102230246251565e-16
NormalLinear-DDPNM-3,9.799999999999981,0.0017029245223917431,0.10799146570084954,0.27096434693783833,0.270964346937839,0.27096434693783833,-0.008330243488684956,0.00834385731718375,1.3613828498799546e-05,0.08642580913532123,-4.597017211338539e-17,5.500488283125389e-14,-6.661338147750939e-16,0.2002067039108856,0.8,0.18428245060327955,0.8470046137791182,160,154,6,False,-5.551115123125783e-17
NormalLinear-DDPNM-3,9.89999999999998,0.0017679950278317216,0.1090919677234636,0.27179731878334756,0.27179731878334823,0.27179731878334756,-0.008329718455092137,0.00834385731718375,1.4138862091619531e-05,0.08730770514690614,2.0057740190981832e-17,2.3998264369535547e-14,-6.661338147750939e-16,0.20020870202767643,0.8,0.1842815747513975,0.8469929591679038,162,153,6,False,0.0
NormalLinear-DDPNM-3,9.99999999999998,0.0018344701576145633,0.11019239838458637,0.2726302366152231,0.27263023661522384,0.2726302366152231,-0.008329178318756111,0.00834385731718375,1.467899842764566e-05,0.08818960115849105,-5.421010862427522e-17,6.48559826473757e-14,-7.216449660063518e-16,0.2002093141680468,0.8,0.18427748721544945,0.8469757721608492,160,155,6,False,0.0
NormalLinear-DDPNM-3,10.09999999999998,0.001902567899488201,0.11129275614469385,0.2734630992681967,0.27346309926819734,0.2734630992681966,-0.008328626529735155,0.00834385731718375,1.5230787448601083e-05,0.08907149717007595,3.8272336688738307e-17,4.578530123103853e-14,-6.661338147750939e-16,0.20021055703713814,0.8,0.1842722925602866,0.8469530327205292,159,155,6,False,0.0
NormalLinear-DDPNM-3,10.19999999999998,0.001972821965110448,0.11239303922523976,0.27429590539608356,0.27429590539608417,0.2742959053960835,-0.008328061278868508,0.00834385731718375,1.5796038315249003e-05,0.08995339318166086,3.621235256101585e-17,4.3318007363541314e-14,-6.106226635438361e-16,0.20021332315287124,0.8,0.184268021216988,0.846924576563516,157,156,6,True,0.0
NormalLinear-DDPNM-3,10.29999999999998,0.0020454753900092776,0.11349324526243822,0.27512865320973023,0.2751286532097309,0.2751286532097303,-0.008327478136467368,0.00834385731718375,1.637918071638879e-05,0.09083528919324577,-6.418476861114186e-17,7.677386713553296e-14,-6.661338147750939e-16,0.2002166555108181,0.8,0.18426556460916757,0.8468901564812059,153,156,6,True,5.551115123125783e-17
NormalLinear-DDPNM-3,10.399999999999979,0.0021192096532941405,0.11459337162605615,0.2759613407183088,0.27596134071830936,0.2759613407183088,-0.008326875085784755,0.00834385731718375,1.6982231399001795e-05,0.09171718520483067,9.118140270603092e-17,1.0905771146091078e-13,-5.551115123125783e-16,0.20021604019221725,0.8,0.18426397463749514,0.8468495749934823,159,155,6,True,0.0
NormalLinear-DDPNM-3,10.499999999999979,0.0021948208608405617,0.1156934171318274,0.27679396702544623,0.2767939670254468,0.27679396702544623,-0.008326263071374277,0.00834385731718375,1.759424580947933e-05,0.09259908121641558,1.8431436932253575e-18,2.204334593508725e-15,-5.551115123125783e-16,0.20021770191626803,0.8,0.18425880553523963,0.8468029817911583,158,156,6,True,0.0
NormalLinear-DDPNM-3,10.599999999999978,0.002273569451564213,0.11679337972252296,0.27762653057402237,0.2776265305740229,0.2776265305740224,-0.008325635485761306,0.00834385731718375,1.822183142245002e-05,0.09348097722800049,6.7220534694101275e-18,8.03873456582932e-15,-5.551115123125783e-16,0.2002227672760753,0.8,0.18425626339548193,0.8467500408215672,162,159,6,True,5.551115123125783e-17
NormalLinear-DDPNM-3,10.699999999999978,0.002354591124696488,0.11789325595883261,0.2784590287608175,0.278459028760818,0.2784590287608175,-0.008324981867951041,0.00834385731718375,1.8875449232714208e-05,0.0943628732395854,4.5536491244391186e-17,5.445168764361239e-14,-4.996003610813204e-16,0.2002252294826796,0.8,0.1842574371208658,0.8466902872726881,165,159,6,True,5.551115123125783e-17
NormalLinear-DDPNM-3,10.799999999999978,0.0024391915917790575,0.1189930433493346,0.2792914597000703,0.2792914597000707,0.27929145970007024,-0.008324309392526853,0.00834385731718375,1.954792465690273e-05,0.0952447692511703,9.638557313396134e-17,1.1524680479640182e-13,-3.885780586188048e-16,0.20023105351452156,0.8,0.18425636303828472,0.8466237423713281,163,161,6,False,-5.551115123125783e-17
NormalLinear-DDPNM-3,10.899999999999977,0.002528065371623058,0.12009273797095417,0.2801238204223988,0.28012382042239914,0.28012382042239875,-0.00832360722328449,0.00834385731718375,2.0250093899266134e-05,0.0961266652627552,5.767955557622884e-17,6.896080208128301e-14,-3.3306690738754696e-16,0.20023840094446768,0.8,0.18425896029463604,0.846549893974171,158,160,6,False,-5.551115123125783e-17
NormalLinear-DDPNM-3,10.999999999999977,0.002619051692094258,0.12119233513923978,0.2809561073821337,0.2809561073821341,0.2809561073821337,-0.00832286959734994,0.00834385731718375,2.098771983381612e-05,0.09700856127434011,-7.600257229123386e-17,9.08595101940252e-14,-3.885780586188048e-16,0.20023981182577627,0.8,0.1842633747138547,0.8464683723170848,160,161,6,False,0.0
NormalLinear-DDPNM-3,11.099999999999977,0.0027099604348747087,0.12229183253925686,0.28178831882709715,0.2817883188270975,0.2817883188270971,-0.008322114449633801,0.00834385731718375,2.174286754995582e-05,0.09789045728592502,4.640385298237959e-17,5.5469843116649884e-14,-3.3306690738754696e-16,0.20023561992692523,0.8,0.18426223602581548,0.8463795044193754,162,161,6,False,0.0
NormalLinear-DDPNM-3,11.199999999999976,0.002801580989890607,0.12339123025764023,0.28262045482286313,0.2826204548228635,0.28262045482286313,-0.008321359957660418,0.00834385731718375,2.2497359523338328e-05,0.09877235329750993,-6.06069014419397e-17,7.244122892695001e-14,-3.885780586188048e-16,0.20023360733832563,0.8,0.18425596347356035,0.8462836481160169,161,162,6,False,1.1102230246251565e-16
NormalLinear-DDPNM-3,11.299999999999976,0.0028957666032042757,0.12449052751552801,0.2834525147799098,0.2834525147799102,0.28345251477990974,-0.008320599570466663,0.00834385731718375,2.3257746717093616e-05,0.09965424930909483,-6.071532165918825e-18,7.256422458098966e-15,-3.885780586188048e-16,0.2002362313070088,0.8,0.18425230830236403,0.8461804205348936,160,161,6,False,-5.551115123125783e-17
NormalLinear-DDPNM-3,11.399999999999975,0.0029912586870972863,0.1255897215021579,0.2842844965707664,0.2842844965707667,0.2842844965707663,-0.00831981790856529,0.00834385731718375,2.403940861846782e-05,0.10053614532067974,5.5077470362263625e-17,6.58199690639507e-14,-3.3306690738754696e-16,0.20023570876019547,0.8,0.18425365727168733,0.8460691495355208,157,162,6,False,-5.551115123125783e-17
NormalLinear-DDPNM-3,11.499999999999975,0.0030888914657110967,0.12668881078692698,0.2851163991126071,0.2851163991126075,0.2851163991126071,-0.0083190254184078,0.00834385731718375,2.4831898775956332e-05,0.10141804133226465,-4.5644911461639737e-17,5.45424860258779e-14,-3.885780586188048e-16,0.20023719250549415,0.8,0.1842522738020894,0.8459499581336541,157,162,6,False,0.0
NormalLinear-DDPNM-3,11.599999999999975,0.0031878133355386427,0.12778779302468987,0.2859482206303875,0.28594822063038794,0.2859482206303875,-0.008318215177804476,0.00834385731718375,2.5642139379279192e-05,0.10229993734384955,-6.320898665590491e-17,7.55230190096242e-14,-4.440892098500626e-16,0.2002366313109531,0.8,0.18425327867268496,0.8458224271415633,158,162,6,False,0.0
NormalLinear-DDPNM-3,11.699999999999974,0.003288091143911428,0.12888666680412567,0.28677996005587636,0.28677996005587675,0.2867799600558763,-0.00831739425488815,0.00834385731718375,2.6463062295606845e-05,0.10318183335543446,4.9439619065339e-17,5.906538438665379e-14,-3.885780586188048e-16,0.2002362572689027,0.8,0.1842526503074532,0.8456865825426577,156,162,6,False,0.0
NormalLinear-DDPNM-3,11.799999999999974,0.003389767421525597,0.12998543064063547,0.28761161626537823,0.2876116162653786,0.28761161626537823,-0.008316562095018654,0.00834385731718375,2.729522216510205e-05,0.10406372936701937,8.782037597132586e-18,1.0490834512753599e-14,-3.885780586188048e-16,0.20023600417657472,0.8,0.1842526156832154,0.8455422127188766,155,162,6,False,0.0
NormalLinear-DDPNM-3,11.899999999999974,0.003492606547325736,0.13108408300292235,0.2884431880998519,0.2884431880998523,0.2884431880998519,-0.00831571834473663,0.00834385731718375,2.8138972447127462e-05,0.10494562537860427,2.47198095326695e-17,2.9526780325125306e-14,-3.885780586188048e-16,0.2002352463775445,0.8,0.18425310375799367,0.8453891153863364,157,163,6,False,5.551115123125783e-17
NormalLinear-DDPNM-3,11.999999999999973,0.0035962771098713717,0.13218262261786437,0.28927467459566925,0.28927467459566963,0.2892746745956692,-0.008314864958173235,0.00834385731718375,2.8992359010521862e-05,0.10582752139018918,4.336808689942018e-19,5.179608923676791e-16,-3.885780586188048e-16,0.20023380335185112,0.8,0.18425349353474657,0.8452271701395161,157,162,6,False,-5.551115123125783e-17
NormalLinear-DDPNM-3,12.099999999999973,0.0037008168955576176,0.13328104857546344,0.2901060750640511,0.2901060750640516,0.29010607506405117,-0.00831400468381963,0.00834385731718375,2.985263336412716e-05,0.10670941740177409,-9.194034422677078e-17,1.0979642807039821e-13,-4.996003610813204e-16,0.20023251076982956,0.8,0.18425361214402847,0.8450562926975976,157,162,6,False,0.0
NormalLinear-DDPNM-3,12.199999999999973,0.003806605548355207,0.13437935992405517,0.2909373887846812,0.29093738878468156,0.2909373887846811,-0.00831313720629929,0.00834385731718375,3.072011088446541e-05,0.107591313413359,1.2674323396355547e-16,1.5134284093996567e-13,-3.885780586188048e-16,0.20023208688130645,0.8,0.1842542895318325,0.8448763048722876,156,163,6,False,0.0
NormalLinear-DDPNM-3,12.299999999999972,0.003916144890208089,0.13547755529556027,0.29176861472205784,0.2917686147220581,0.2917686147220577,-0.008312259373765403,0.00834385731718375,3.159794341835261e-05,0.1084732094249439,1.2696007439805257e-16,1.5158587855548468e-13,-2.7755575615628914e-16,0.20023693535683368,0.8,0.1842562322555003,0.8446869357242799,153,165,6,False,-5.551115123125783e-17
NormalLinear-DDPNM-3,12.399999999999972,0.0040292598426739604,0.13657563057902408,0.2925997497645926,0.29259974976459296,0.2925997497645926,-0.008311350425348422,0.00834385731718375,3.250689183533385e-05,0.10935510543652881,-1.0581813203458523e-16,1.2632943051908804e-13,-3.885780586188048e-16,0.20024122586958717,0.8,0.18426375499840147,0.8444873061150946,148,164,6,False,-5.551115123125783e-17
NormalLinear-DDPNM-3,12.499999999999972,0.00414782404941445,0.13767358185545842,0.2934307909459966,0.29343079094599706,0.29343079094599667,-0.00831041181404117,0.00834385731718375,3.3445503142586936e-05,0.11023700144811371,-8.174884380540703e-17,9.758372779250031e-14,-4.440892098500626e-16,0.20024916077962188,0.8,0.1842710292352379,0.8442773115524191,149,167,6,False,5.551115123125783e-17
NormalLinear-DDPNM-3,12.599999999999971,0.004268360133929756,0.13877140315193098,0.29426173374534736,0.29426173374534786,0.2942617337453474,-0.008309427993507899,0.00834385731718375,3.442932367585814e-05,0.11111889745969862,-3.642919299551295e-17,4.3480480624586664e-14,-4.996003610813204e-16,0.20024978350391132,0.8,0.18428219210134816,0.8440562561000318,147,167,6,False,0.0
NormalLinear-DDPNM-3,12.69999999999997,0.004389954238582146,0.13986909230778108,0.2950925765272371,0.29509257652723764,0.29509257652723714,-0.008308427818897849,0.00834385731718375,3.5429498285906686e-05,0.11200079347128353,-6.700369425960417e-17,7.996348106369078e-14,-5.551115123125783e-16,0.2002485775344705,0.8,0.18428641115370445,0.8438250313613253,148,167,6,False,5.551115123125783e-17
NormalLinear-DDPNM-3,12.79999999999997,0.004512539480860998,0.14096664816423632,0.29592331841458897,0.2959233184145895,0.29592331841458897,-0.008307418873519051,0.00834385731718375,3.6438443664705315e-05,0.11288268948286843,-2.2768245622195593e-17,2.7168785293432702e-14,-5.551115123125783e-16,0.20024729713017944,0.8,0.18428920114958294,0.8435838119122753,147,167,6,False,0.0
NormalLinear-DDPNM-3,12.89999999999997,0.004635013500489042,0.1420640696359741,0.2967539585859205,0.29675395858592113,0.2967539585859206,-0.008306401713316265,0.00834385731718375,3.745560386749133e-05,0.11376458549445334,-7.28583859910259e-17,8.692956184469426e-14,-6.106226635438361e-16,0.20024395230770975,0.8,0.1842923161112894,0.8433325431300304,149,167,6,False,0.0
NormalLinear-DDPNM-3,12.99999999999997,0.0047608108742586384,0.1431613568463725,0.2975844971346168,0.2975844971346175,0.2975844971346168,-0.008305385486963364,0.00834385731718375,3.8471830220391836e-05,0.11464648150603825,-3.404394821604484e-17,4.061394824442994e-14,-6.661338147750939e-16,0.20024727190836186,0.8,0.18429380132872566,0.8430715027860185,148,169,6,False,0.0
NormalLinear-DDPNM-3,13.09999999999997,0.004887995492451901,0.1442585061543639,0.2984149313047476,0.2984149313047482,0.2984149313047476,-0.008304341701307309,0.00834385731718375,3.9515615876447257e-05,0.11552837751762315,5.843849709696869e-17,6.970761955073468e-14,-6.106226635438361e-16,0.2002468403199605,0.8,0.18430226416039164,0.8427996181649384,148,169,6,False,0.0
NormalLinear-DDPNM-3,13.199999999999969,0.005016507579686211,0.1453555160422056,0.2992452599475309,0.29924525994753143,0.2992452599475308,-0.008303286427832235,0.00834385731718375,4.057088935152135e-05,0.11641027352920806,3.881443777498106e-17,4.6293482177743516e-14,-5.551115123125783e-16,0.20024632443666845,0.8,0.18430735503366205,0.8425174532922073,144,170,6,True,0.0
NormalLinear-DDPNM-3,13.299999999999969,0.005151533786388986,0.1464523850589599,0.3000754819647494,0.30007548196475,0.3000754819647494,-0.008302220172185437,0.00834385731718375,4.163714499831924e-05,0.11729216954079297,7.806255641895632e-18,9.309237132170608e-15,-5.551115123125783e-16,0.20025530926730728,0.8,0.18431274192023506,0.8422250328059461,144,173,6,True,0.0
NormalLinear-DDPNM-3,13.399999999999968,0.005295545034942815,0.14754910606984878,0.30090559195607763,0.30090559195607797,0.30090559195607747,-0.008301099913279989,0.00834385731718375,4.275740390376743e-05,0.11817406555237787,2.1055206189668496e-16,2.5105727268866606e-13,-3.3306690738754696e-16,0.2002684069620457,0.8,0.18432783256609034,0.84192079206816,142,174,6,True,-1.1102230246251565e-16
NormalLinear-DDPNM-3,13.499999999999968,0.005446583031032936,0.14864566923317704,0.3017355824723198,0.3017355824723202,0.30173558247231974,-0.008299905162422122,0.00834385731718375,4.3952154761634154e-05,0.11905596156396278,-4.9439619065339e-17,5.894222947087575e-14,-3.885780586188048e-16,0.20027751894547602,0.8,0.18434715999793183,0.8416040065899374,138,174,6,True,5.551115123125783e-17
NormalLinear-DDPNM-3,13.599999999999968,0.005600692480819555,0.14974206685472852,0.3025654476897106,0.30256544768971116,0.3025654476897106,-0.008298652173909586,0.00834385731718375,4.5205143274169274e-05,0.11993785757554769,-1.459336124165489e-16,1.7395699829916758e-13,-5.551115123125783e-16,0.2002793566968432,0.8,0.18436270005437788,0.8412753429899692,140,176,6,True,-5.551115123125783e-17
NormalLinear-DDPNM-3,13.699999999999967,0.005757321167304753,0.15083829557542106,0.30339518506575514,0.30339518506575575,0.30339518506575514,-0.008297373760445642,0.00834385731718375,4.648355673811389e-05,0.1208197535871326,-3.838075690598686e-17,4.5743978084702885e-14,-6.106226635438361e-16,0.20028018517475624,0.8,0.18437130316133407,0.8409361211729289,145,177,6,True,0.0
NormalLinear-DDPNM-3,13.799999999999967,0.0059153247959072425,0.15193435263976496,0.30422479251481854,0.3042247925148192,0.3042247925148186,-0.00829607449063452,0.00834385731718375,4.7782826549235954e-05,0.1217016495987175,-4.445228907190568e-17,5.2972110708421376e-14,-6.661338147750939e-16,0.20027904886424724,0.8,0.1843792540759756,0.8405866472448376,146,179,6,True,0.0
NormalLinear-DDPNM-3,13.899999999999967,0.006075827547722466,0.1530302365436884,0.3050542688984663,0.305054268898467,0.3050542688984663,-0.008294763836477745,0.00834385731718375,4.909348070601093e-05,0.12258354561030241,1.3010426069826053e-18,1.5501611272518438e-15,-6.661338147750939e-16,0.20027985588819977,0.8,0.1843856342522453,0.8402274373046185,145,181,6,True,5.551115123125783e-17
NormalLinear-DDPNM-3,13.999999999999966,0.006241903685043038,0.1541259445475414,0.3058836121430527,0.30588361214305343,0.3058836121430527,-0.00829343244586442,0.00834385731718375,5.042487131933585e-05,0.12346544162188731,-5.2909066017292616e-17,6.302988728417723e-14,-7.216449660063518e-16,0.20028572828843294,0.8,0.1843943125211408,0.8398583377957481,147,184,6,True,0.0
NormalLinear-DDPNM-3,14.099999999999966,0.00641192656353007,0.155221470538853,0.30671281762203817,0.30671281762203884,0.3067128176220381,-0.008292054789853936,0.00834385731718375,5.1802527329821116e-05,0.12434733763347222,6.830473686658678e-17,8.135719899517228e-14,-6.661338147750939e-16,0.20028871343336102,0.8,0.18440830900405117,0.8394786265527427,146,183,6,True,-5.551115123125783e-17
NormalLinear-DDPNM-3,14.199999999999966,0.006583610956187605,0.15631681018507182,0.30754188205610716,0.30754188205610783,0.3075418820561071,-0.008290644340689731,0.00834385731718375,5.321297649402566e-05,0.12522923364505714,2.0274580625478933e-17,2.4144826607851353e-14,-6.661338147750939e-16,0.2002878953410374,0.8,0.1844197257436678,0.8390890525702278,147,183,6,True,0.0
NormalLinear-DDPNM-3,14.299999999999965,0.00675791222902393,0.15741196165574156,0.30837080405978423,0.30837080405978484,0.3083708040597841,-0.008289220036769858,0.00834385731718375,5.463728041389873e-05,0.12611112965664206,8.250778532614689e-17,9.824116020714936e-14,-6.106226635438361e-16,0.20028862126986055,0.8,0.1844277211204574,0.8386905894483484,147,184,6,True,-5.551115123125783e-17
NormalLinear-DDPNM-3,14.399999999999965,0.0069413600340234366,0.1585069220711362,0.3091995814533999,0.30919958145340054,0.3091995814533999,-0.008287773936157039,0.00834385731718375,5.60833810267176e-05,0.12699302566822698,-6.114900252818245e-17,7.27969455084483e-14,-6.661338147750939e-16,0.20029955670192395,0.8,0.1844376089953243,0.8382832457604703,144,186,6,True,0.0
NormalLinear-DDPNM-3,14.499999999999964,0.007129994564110775,0.15960168139333492,0.3100282066392348,0.31002820663923536,0.31002820663923475,-0.00828625185834821,0.00834385731718375,5.7605458835545935e-05,0.1278749216798119,1.0928757898653885e-16,1.3008160828669467e-13,-5.551115123125783e-16,0.2003039237895445,0.8,0.18445784407659344,0.8378653809335194,146,186,6,True,-5.551115123125783e-17
NormalLinear-DDPNM-3,14.599999999999964,0.0073209690000512456,0.16069623392246707,0.3108566753030473,0.31085667530304784,0.3108566753030473,-0.00828468663812461,0.00834385731718375,5.9170679059146917e-05,0.12875681769139682,1.5070410197548512e-17,1.7934499568830055e-14,-5.551115123125783e-16,0.20030375779112336,0.8,0.18447177871380407,0.837438557757393,144,186,6,True,0.0
NormalLinear-DDPNM-3,14.699999999999964,0.007515331889673488,0.16179057707711741,0.31168498549095974,0.31168498549096035,0.31168498549095974,-0.008283101879124953,0.00834385731718375,6.0755438058802974e-05,0.12963871370298174,-3.3176586478056436e-17,3.947425948609214e-14,-6.106226635438361e-16,0.20030516147249602,0.8,0.1844815397057049,0.8393252954142171,144,188,6,True,-5.551115123125783e-17
NormalLinear-DDPNM-3,14.799999999999963,0.007713853584434501,0.1628847071261452,0.3125131343788654,0.3125131343788659,0.3125131343788653,-0.008281488879055299,0.00834385731718375,6.236843812845666e-05,0.13052060971456667,1.36501053515925e-16,1.6238090373633484e-13,-4.996003610813204e-16,0.20030763953204414,0.8,0.1844931939021802,0.8418398689787291,142,190,6,True,-1.1102230246251565e-16
NormalLinear-DDPNM-3,14.899999999999963,0.007914518751165858,0.1639786194952522,0.3133411185044702,0.31334111850447066,0.31334111850447016,-0.008279841256047332,0.00834385731718375,6.401606113642438e-05,0.13140250572615159,7.491837011874836e-17,8.910501710447553e-14,-4.440892098500626e-16,0.20030704879602582,0.8,0.18450621886062496,0.8442215608880881,144,188,6,True,0.0
NormalLinear-DDPNM-3,14.999999999999963,0.008117681115176653,0.16507231182200324,0.31416893607964297,0.31416893607964336,0.3141689360796429,-0.008278175751727042,0.00834385731718375,6.56815654567148e-05,0.1322844017377365,4.694595406862234e-17,5.5824647134376585e-14,-3.885780586188048e-16,0.20030698107705636,0.8,0.1845165313357531,0.8464410943671635,143,188,6,True,0.0
NormalLinear-DDPNM-3,15.099999999999962,0.008329744140824309,0.16616578136178284,0.3149965850269796,0.31499658502697997,0.3149965850269796,-0.008276489473366296,0.00834385731718375,6.73678438174613e-05,0.13316629774932143,-1.734723475976807e-17,2.0623909629953577e-14,-3.885780586188048e-16,0.20031607360999035,0.8,0.18452770738159868,0.8484735170718207,140,189,6,True,0.0
NormalLinear-DDPNM-3,15.199999999999962,0.008547683214959577,0.16725901835990029,0.3158240579631381,0.3158240579631384,0.31582405796313806,-0.008274729361584517,0.00834385731718375,6.912795559923889e-05,0.13404819376090635,8.359198749863239e-17,9.936067256537634e-14,-2.7755575615628914e-16,0.20032056009075852,0.8,0.18454818315539273,0.8502963560546709,141,191,6,True,-1.1102230246251565e-16
NormalLinear-DDPNM-3,15.299999999999962,0.008773283965433512,0.16835201638467603,0.3166513500199694,0.3166513500199698,0.31665135001996947,-0.008272920568313987,0.00834385731718375,7.09367488697692e-05,0.13493008977249127,-1.0191500421363742e-16,1.2111408005191369e-13,-3.885780586188048e-16,0.2003273828009152,0.8,0.18456428553711432,0.8518962957870299,139,192,6,True,5.551115123125783e-17
NormalLinear-DDPNM-3,15.399999999999961,0.009008080812448225,0.16944476705631417,0.31747845485479176,0.3174784548547921,0.31747845485479176,-0.008271048348222888,0.00834385731718375,7.280896896086788e-05,0.1358119857840762,5.648693318649478e-17,6.711319097857387e-14,-3.3306690738754696e-16,0.20033608464149177,0.8,0.18458290235538163,0.853261841136527,135,193,6,True,0.0
NormalLinear-DDPNM-3,15.499999999999961,0.009248050974376323,0.17053726032215583,0.3183053648587306,0.31830536485873084,0.3183053648587305,-0.008269100039387595,0.00834385731718375,7.475727779616048e-05,0.1366938817956611,1.0364972768961422e-16,1.2311969685774832e-13,-2.220446049250313e-16,0.2003390340361849,0.8,0.18460353053625073,0.854385127764254,132,193,6,False,-5.551115123125783e-17
NormalLinear-DDPNM-3,15.59999999999996,0.009491709052966856,0.17162949054656598,0.3191320757661643,0.31913207576616465,0.3191320757661643,-0.008267109074337904,0.00834385731718375,7.674824284585198e-05,0.13757577780724603,-9.84455572616838e-17,1.169103059867558e-13,-3.3306690738754696e-16,0.2003399317010298,0.8,0.18461865991270202,0.8552636475223022,130,193,6,False,0.0
NormalLinear-DDPNM-3,15.69999999999996,0.009738900551268722,0.17272145373140696,0.31995858455089565,0.31995858455089604,0.31995858455089565,-0.008265087847313841,0.00834385731718375,7.876946986991501e-05,0.13845767381883095,-4.5102810375396984e-17,5.354957724676114e-14,-3.885780586188048e-16,0.20034065299374218,0.8,0.18463203204161724,0.8558965630313388,133,194,6,False,0.0
NormalLinear-DDPNM-3,15.79999999999996,0.009988583012055968,0.17381314606018486,0.3207848883242139,0.3207848883242142,0.3207848883242138,-0.008263037733181476,0.00834385731718375,8.081958400228013e-05,0.13933956983041587,1.2327378701160185e-16,1.463246465799149e-13,-2.7755575615628914e-16,0.20034006359305156,0.8,0.18464552033439666,0.8562902525119929,134,196,6,False,-1.1102230246251565e-16
NormalLinear-DDPNM-3,15.89999999999996,0.010246690400175318,0.1749045648747673,0.32161098507417424,0.32161098507417446,0.3216109850741742,-0.008260967499602643,0.00834385731718375,8.288981758111228e-05,0.1402214658420008,5.0090140368830305e-17,5.944184578908455e-14,-2.220446049250313e-16,0.20034723659775108,0.8,0.18465801325371484,0.8564401491807032,134,200,6,False,0.0
NormalLinear-DDPNM-3,15.99999999999996,0.010510598766264846,0.17599570103616108,0.32243686788345716,0.3224368678834574,0.32243686788345716,-0.008258828092829159,0.00834385731718375,8.502922435459701e-05,0.1411033618535857,2.6020852139652106e-18,3.0871043300225827e-15,-2.220446049250313e-16,0.20035092814611838,0.8,0.18467840284634082,0.8563453366053454,137,200,6,False,0.0
NormalLinear-DDPNM-3,16.09999999999996,0.01078258777406192,0.1770865483064661,0.3232625320305855,0.3232625320305857,0.3232625320305855,-0.008256641471282983,0.00834385731718375,8.721584590077213e-05,0.14198525786517063,7.036472099430924e-17,8.345879537898136e-14,-1.6653345369377348e-16,0.20035749636802577,0.8,0.18469551705501475,0.8560113647012269,138,202,6,False,0.0
NormalLinear-DDPNM-3,16.19999999999996,0.011063588735912124,0.17817709797999182,0.3240879709262074,0.3240879709262075,0.32408797092620745,-0.008254388956218377,0.00834385731718375,8.946836096537973e-05,0.14286715387675555,2.8406096919120216e-17,3.3683149451610564e-14,-1.1102230246251565e-16,0.20036516058520362,0.8,0.18471564328419712,0.8554429599403295,134,204,6,False,-5.551115123125783e-17
NormalLinear-DDPNM-3,16.29999999999996,0.011348306255386523,0.1792673403630856,0.3249131772331807,0.32491317723318075,0.32491317723318075,-0.008252063069732302,0.00834385731718375,9.179424745145376e-05,0.14374904988834047,7.26415455565288e-17,8.611254862761765e-14,-5.551115123125783e-17,0.2003662829986477,0.8,0.184736969733049,0.8546467827194971,137,205,6,False,0.0
NormalLinear-DDPNM-3,16.399999999999963,0.011636964265439254,0.1803572715951451,0.325738148029409,0.32573814802940887,0.3257381480294089,-0.008249707962281319,0.00834385731718375,9.414935490243701e-05,0.1446309458999254,1.5395670849294163e-16,1.8245625356311534e-13,1.1102230246251565e-16,0.20036789016418535,0.8,0.1847520035548415,0.8536330020105136,137,205,6,True,-1.1102230246251565e-16
NormalLinear-DDPNM-3,16.499999999999964,0.01192842328370268,0.1814468875968119,0.3265628802272189,0.3265628802272188,0.3265628802272189,-0.00824732197809955,0.00834385731718375,9.653533908420694e-05,0.14551284191151032,-2.5153490401663703e-17,2.980132729131311e-14,1.1102230246251565e-16,0.2003683636675103,0.8,0.18476775439054524,0.8524104061766347,139,204,6,True,-5.551115123125783e-17
NormalLinear-DDPNM-3,16.599999999999966,0.012225208444915219,0.1825361855528348,0.3273873716957421,0.32738737169574195,0.32738737169574206,-0.008244914685231225,0.00834385731718375,9.894263195253153e-05,0.14639473792309524,8.044780119842443e-17,9.528568920628569e-14,1.6653345369377348e-16,0.20037209639397252,0.8,0.18478262288366593,0.8509892099993858,138,206,6,False,0.0
NormalLinear-DDPNM-3,16.699999999999967,0.012524305021702598,0.183625159879098,0.3282116182083519,0.3282116182083517,0.3282116182083519,-0.008242465126097408,0.00834385731718375,0.00010139219108634946,0.14727663393468016,2.0057740190981832e-17,2.3750322795484114e-14,1.6653345369377348e-16,0.2003724846764138,0.8,0.18480091839808693,0.849379122832528,142,205,6,False,0.0
NormalLinear-DDPNM-3,16.79999999999997,0.012825296395318457,0.18471380826156197,0.32903561801354775,0.3290356180135475,0.3290356180135477,-0.008239998051958014,0.00834385731718375,0.00010385926522574127,0.14815852994626508,7.26415455565288e-17,8.59895627982937e-14,2.220446049250313e-16,0.20037264228043833,0.8,0.18481610838373702,0.8475925017972312,144,207,6,False,0.0
NormalLinear-DDPNM-3,16.89999999999997,0.013127823476214797,0.1858021287712778,0.329859369651305,0.3298593696513049,0.329859369651305,-0.008237516377573584,0.00834385731718375,0.0001063409396101725,0.14904042595785,-8.326672684688674e-17,9.853819320740865e-14,1.1102230246251565e-16,0.2003725731080505,0.8,0.18483130491670688,0.8456411072400846,147,210,6,False,0.0
NormalLinear-DDPNM-3,16.99999999999997,0.013440154754802517,0.18689011975598502,0.33068287187102496,0.33068287187102474,0.33068287187102496,-0.008235022197198343,0.00834385731718375,0.00010883511998541375,0.14992232196943492,1.0614339268633088e-16,1.255734707908983e-13,2.220446049250313e-16,0.20038186297306868,0.8,0.18484650925510376,0.8435369865254563,147,213,6,False,0.0
NormalLinear-DDPNM-3,17.099999999999973,0.013759699067063575,0.1879777703474949,0.33150611644655714,0.33150611644655686,0.3315061164465571,-0.008232445755320998,0.00834385731718375,0.00011141156186275818,0.15080421798101984,7.838781707070197e-17,9.270884012329799e-14,2.7755575615628914e-16,0.20038786464568853,0.8,0.1848710759341619,0.8442608998748539,145,213,6,False,-5.551115123125783e-17
NormalLinear-DDPNM-3,17.199999999999974,0.01408349339301657,0.1890650723175929,0.33232909714995196,0.33232909714995174,0.33232909714995196,-0.008229807033948584,0.00834385731718375,0.00011405028323517229,0.15168611399260476,-4.2934406030425976e-17,5.0762443926792753e-14,2.220446049250313e-16,0.20039011563444573,0.8,0.18489242948280465,0.8456724191693576,146,214,6,False,0.0
NormalLinear-DDPNM-3,17.299999999999976,0.0144122071650148,0.19015202046332919,0.3331518100430879,0.3331518100430877,0.3331518100430879,-0.008227128931359703,0.00834385731718375,0.0001167283858240528,0.15256801000418968,-1.3010426069826053e-17,1.5377689590923647e-14,2.220446049250313e-16,0.2003925022511038,0.8,0.18491019247279633,0.8471174028506525,148,214,6,False,1.1102230246251565e-16
NormalLinear-DDPNM-3,17.399999999999977,0.014748028680912325,0.19123860862558775,0.33397425046411966,0.33397425046411955,0.33397425046411966,-0.008224404210318548,0.00834385731718375,0.0001194531068652078,0.1534499060157746,-1.100465205072787e-16,1.300277491826077e-13,1.1102230246251565e-16,0.20039642155570586,0.8,0.1849282414005479,0.8485963929583263,144,215,6,False,0.0
NormalLinear-DDPNM-3,17.49999999999998,0.015090412769688857,0.19232482803504738,0.3347964117755331,0.33479641177553315,0.3347964117755332,-0.00822161311413628,0.00834385731718375,0.00012224420304747687,0.15433180202735952,-1.8951853975046618e-16,2.2385573725708174e-13,-5.551115123125783e-17,0.20039869033744323,0.8,0.18494792872904134,0.8501092419749879,143,215,6,False,1.1102230246251565e-16
NormalLinear-DDPNM-3,17.59999999999998,0.015439789750946217,0.19341067031324122,0.3356182876356525,0.33561828763565255,0.3356182876356525,-0.008218758601193844,0.00834385731718375,0.0001250987159899123,0.15521369803894444,7.589415207398531e-18,8.961453073637541e-15,-5.551115123125783e-17,0.20040019429760353,0.8,0.18496610452848855,0.8516560925101818,147,217,6,False,1.1102230246251565e-16
NormalLinear-DDPNM-3,17.69999999999998,0.01579663318972046,0.19449612640339634,0.33643987118939106,0.3364398711893911,0.336439871189391,-0.008215835537385655,0.00834385731718375,0.000128021779798101,0.15609559405052936,4.119968255444917e-18,4.863110306794481e-15,-5.551115123125783e-17,0.2004008020553323,0.8,0.18498366624651869,0.8532361637244742,150,220,6,False,0.0
NormalLinear-DDPNM-3,17.799999999999983,0.01616460859518204,0.19558118649018932,0.33726115500751386,0.3372611550075138,0.3372611550075138,-0.008212838181226858,0.00834385731718375,0.00013101913595689815,0.15697749006211428,1.1188966420050406e-16,1.3202512723243252e-13,5.551115123125783e-17,0.20040358393832164,0.8,0.1850004971716634,0.8548477262626506,149,221,6,False,5.551115123125783e-17
NormalLinear-DDPNM-3,17.899999999999984,0.01654757109276254,0.1966658364338131,0.338082128387577,0.3380821283875772,0.3380821283875771,-0.008209733800633685,0.00834385731718375,0.00013412351655007245,0.1578593860736992,-2.1824989732133204e-16,2.574314587418237e-13,-1.6653345369377348e-16,0.20040833293096422,0.8,0.18501960618039853,0.8564869082056318,150,223,6,False,5.551115123125783e-17
NormalLinear-DDPNM-3,17.999999999999986,0.016945757249890343,0.19775005744306492,0.33890277710648725,0.3389027771064873,0.33890277710648725,-0.008206487189101438,0.00834385731718375,0.00013737012808231783,0.15874128208528412,1.0018028073766061e-16,1.1812002612142873e-13,-5.551115123125783e-17,0.20041092875893074,0.8,0.1850407301424604,0.8581482119440828,151,224,6,True,5.551115123125783e-17
NormalLinear-DDPNM-3,18.099999999999987,0.017359076086374492,0.1988338298772401,0.33972308629816195,0.33972308629816195,0.33972308629816195,-0.008203091916746666,0.00834385731718375,0.00014076540043709125,0.15962317809686905,2.862293735361732e-17,3.3735073799066254e-14,0.0,0.20041059429896713,0.8,0.18505979601261824,0.8598252115879099,152,224,6,True,0.0
NormalLinear-DDPNM-3,18.19999999999999,0.01779066291853845,0.19991713341221434,0.340543040579237,0.340543040579237,0.340543040579237,-0.008199542810750598,0.00834385731718375,0.0001443145064331595,0.16050507410845397,3.903127820947816e-18,4.598313867879088e-15,0.0,0.20040990434380976,0.8,0.18507609367491987,0.8615093457044739,153,223,6,True,0.0
NormalLinear-DDPNM-3,18.29999999999999,0.01824894811766323,0.20099994330033452,0.34136262121817185,0.3413626212181718,0.3413626212181718,-0.008195806389347714,0.00834385731718375,0.00014805092783604247,0.1613869701200389,6.451002926288751e-17,7.596646996359198e-14,5.551115123125783e-17,0.20041310744401136,0.8,0.18509219942765584,0.863188729497731,153,224,6,True,5.551115123125783e-17
NormalLinear-DDPNM-3,18.39999999999999,0.018738076231300086,0.20208222438299198,0.342181801603356,0.34218180160335593,0.34218180160335593,-0.008191803851841461,0.00834385731718375,0.00015205346534229522,0.1622688661316238,-8.890457814381136e-18,1.0464396392516945e-14,5.551115123125783e-17,0.20041490820743185,0.8,0.1851122554157474,0.8648476009479497,153,224,6,True,-5.551115123125783e-17
NormalLinear-DDPNM-3,18.499999999999993,0.019272167266172015,0.20316393570370894,0.343000550734762,0.34300055073476193,0.343000550734762,-0.008187491314060163,0.00834385731718375,0.00015636600312359254,0.16315076214320873,-1.1709383462843448e-17,1.3775383330070053e-14,5.551115123125783e-17,0.20042368105174643,0.8,0.1851309943787216,0.8664689943127706,150,226,6,True,0.0
NormalLinear-DDPNM-3,18.599999999999994,0.01986025067781354,0.20424501960940425,0.3438188249746751,0.343818824974675,0.3438188249746751,-0.008182742399130298,0.00834385731718375,0.00016111491805345792,0.16403265815479365,6.722053469410127e-17,7.903674795738644e-14,1.1102230246251565e-16,0.2004333214695724,0.8,0.18515660689013033,0.868031740029455,152,226,6,True,1.1102230246251565e-16
NormalLinear-DDPNM-3,18.699999999999996,0.02050313534033945,0.20532540760277,0.34463657247736684,0.3446365724773667,0.3446365724773668,-0.008177475026916842,0.00834385731718375,0.0001663822902669147,0.16491455416637857,7.26415455565288e-17,8.535781471174038e-14,1.6653345369377348e-16,0.20043546736614534,0.8,0.18518296100440002,0.8695151749198468,148,226,6,True,0.0
NormalLinear-DDPNM-3,18.799999999999997,0.02120612956279829,0.20640502988354545,0.34545374041090166,0.3454537404109016,0.3454537404109017,-0.00817167933534943,0.00834385731718375,0.000172177981834326,0.1657964501779635,-1.3053794156725473e-16,1.5328487609992193e-13,5.551115123125783e-17,0.2004342402330895,0.8,0.18520188304326354,0.8709005291017033,150,227,6,True,5.551115123125783e-17
NormalLinear-DDPNM-3,18.9,0.021978715030623243,0.20748381108347613,0.34627027172892,0.3462702717289199,0.34627027172892,-0.008165313180182918,0.00834385731718375,0.0001785441370008388,0.1666783461895484,5.128276275856436e-17,6.017407538738272e-14,1.1102230246251565e-16,0.20043376394310572,0.8,0.18521757608581343,0.8721692884338687,151,231,6,True,0.0
NormalLinear-DDPNM-3,19.0,0.02283499017828264,0.2085616663917188,0.34708610223795094,0.3470861022379509,0.34708610223795094,-0.00815830509030975,0.00834385731718375,0.00018555222687400677,0.16756024220113333,-2.916503843986007e-17,3.419350224562576e-14,5.551115123125783e-17,0.20043884950040014,0.8,0.18523413692029636,0.8733050670494324,152,233,6,True,-5.551115123125783e-17
NormalLinear-DDPNM-3,19.1,0.02377777015836878,0.20963849700164303,0.3479011571510885,0.3479011571510883,0.3479011571510884,-0.008150549131374545,0.00834385731718375,0.00019330818580921198,0.16844213821271825,9.280770596475918e-17,1.0871021058713531e-13,1.6653345369377348e-16,0.20044061378638833,0.8,0.1852562244471067,0.8742952546772329,151,234,6,False,1.1102230246251565e-16
NormalLinear-DDPNM-3,19.200000000000003,0.02481165227927166,0.21071420250417866,0.34871536046853735,0.3487153604685374,0.34871536046853735,-0.0081420331744906,0.00834385731718375,0.00020182414269315555,0.16932403422430317,-2.0177002429955238e-16,2.361075886655606e-13,-5.551115123125783e-17,0.20044191562153194,0.8,0.18527503499342754,0.87513453195536,152,235,6,False,-5.551115123125783e-17
NormalLinear-DDPNM-3,19.300000000000004,0.025939398369942305,0.2117886782012717,0.34952863294416303,0.3495286329441631,0.34952863294416303,-0.00813272475625697,0.00834385731718375,0.00021113256092678727,0.1702059302358881,-1.5504091066542713e-17,1.812286313302683e-14,-5.551115123125783e-17,0.20044180073964024,0.8,0.18529343317192234,0.875822959637483,151,236,6,False,0.0
NormalLinear-DDPNM-3,19.400000000000006,0.027166220091608868,0.21286181560564985,0.3503408924637653,0.3503408924637653,0.35034089246376526,-0.008122595196022254,0.00834385731718375,0.00022126212116150226,0.171087826247473,6.201636426617085e-17,7.240572033184885e-14,0.0,0.20044176910732645,0.8,0.1853104944478983,0.8763663216193415,152,237,6,False,0.0
NormalLinear-DDPNM-3,19.500000000000007,0.028504912108007503,0.21393349769371597,0.3511520504519853,0.3511520504519853,0.3511520504519852,-0.008111579882199595,0.00834385731718375,0.00023227743498416043,0.17196972225905793,-2.4936649967166602e-18,2.907679355301992e-15,0.0,0.20044587024934957,0.8,0.1853277088535889,0.876774833047446,149,238,6,False,-5.551115123125783e-17
NormalLinear-DDPNM-3,19.60000000000001,0.02996419603513921,0.21500358852695775,0.3519620040167326,0.35196200401673267,0.3519620040167326,-0.008099535647474041,0.00834385731718375,0.00024432166970971545,0.17285161827064285,-6.982261990806649e-17,8.130084388625776e-14,-5.551115123125783e-17,0.20044694291816997,0.8,0.18534900947797578,0.8770616050710281,148,238,6,False,5.551115123125783e-17
NormalLinear-DDPNM-3,19.70000000000001,0.03156064315772724,0.21607193657695165,0.3527706384658868,0.3527706384658869,0.3527706384658868,-0.008086344491542165,0.00834385731718375,0.0002575128256415904,0.17373351428222777,-2.7972416050126014e-17,3.2520883982023073e-14,-1.1102230246251565e-16,0.20044696314890698,0.8,0.18536730802108464,0.8772420757412221,149,239,6,False,5.551115123125783e-17
NormalLinear-DDPNM-3,19.80000000000001,0.03331850842177136,0.21713836669343722,0.353577821227919,0.35357782122791914,0.35357782122791903,-0.008071827620322523,0.00834385731718375,0.0002720296968612328,0.1746154102938127,-7.535205098774256e-17,8.745710205450606e-14,-1.6653345369377348e-16,0.20044808011975163,0.8,0.18538460165028028,0.8773312871376796,150,241,6,False,0.0
NormalLinear-DDPNM-3,19.900000000000013,0.03526597619095142,0.21820267471454283,0.35438339777236255,0.3543833977723626,0.3543833977723625,-0.008055765444434445,0.00834385731718375,0.0002880918727493104,0.17549730630539762,1.3129688308799459e-16,1.5210571818601352e-13,-5.551115123125783e-17,0.20045155183798616,0.8,0.18540300286056613,0.8773424458939656,151,243,6,False,-5.551115123125783e-17
NormalLinear-DDPNM-3,20.000000000000014,0.03742249293105708,0.21926462788986834,0.35518719193004533,0.3551871919300454,0.35518719193004533,-0.008037941576828073,0.00834385731718375,0.00030591574035568325,0.17637920231698254,-2.7321894746634712e-17,3.158683420349396e-14,-5.551115123125783e-17,0.20045230705784609,0.8,0.18542369906866274,0.8772856416193637,152,244,6,False,0.0
NormalLinear-DDPNM-3,20.100000000000016,0.03980585397916174,0.22032398046955104,0.35598901769247987,0.35598901769247987,0.35598901769247987,-0.008018257624344702,0.00834385731718375,0.00032559969283905434,0.17726109832856746,6.797947621484113e-17,7.841261123534e-14,0.0,0.2004550180136969,0.8,0.18544167159616423,0.8771668257418297,151,245,6,False,5.551115123125783e-17
NormalLinear-DDPNM-3,20.200000000000017,0.042423656910973724,0.2213804800560622,0.356788684019549,0.3567886840195491,0.35678868401954905,-0.007996663270692332,0.00834385731718375,0.00034719404649142464,0.17814299434015238,-1.0711917464156784e-16,1.2325226276912773e-13,-1.1102230246251565e-16,0.2004607939993756,0.8,0.18546152885339542,0.8769858829737968,152,246,6,False,5.551115123125783e-17
NormalLinear-DDPNM-3,20.30000000000002,0.04526958146255441,0.2224338796419636,0.35758600395090423,0.3575860039509043,0.35758600395090423,-0.007973199313551891,0.00834385731718375,0.0003706580036318653,0.1790248903517373,4.456070928915423e-17,5.113389287722737e-14,-5.551115123125783e-17,0.20046852090462586,0.8,0.18548430297321683,0.8767352595332707,150,250,6,False,0.0
NormalLinear-DDPNM-3,20.40000000000002,0.04832298659314035,0.22348394957898865,0.3583808036653835,0.35838080366538366,0.3583808036653835,-0.007947997144793682,0.00834385731718375,0.0003958601723900746,0.17990678636332222,-1.0202342443088597e-16,1.167353802369428e-13,-1.6653345369377348e-16,0.20047470998821854,0.8,0.18550882294318163,0.8763980015820065,150,251,6,False,5.551115123125783e-17
NormalLinear-DDPNM-3,20.50000000000002,0.05156088612569367,0.22453048736361494,0.3591729298877276,0.35917292988772775,0.35917292988772753,-0.007921262223440804,0.00834385731718375,0.00042259509374295264,0.18078868237490714,1.1275702593849246e-17,1.2862332520957917e-14,-1.6653345369377348e-16,0.20048067394529964,0.8,0.18553163809396028,0.8759451772315258,149,254,6,False,0.0
NormalLinear-DDPNM-3,20.600000000000023,0.05495811024924354,0.2255733142209003,0.35996224730287985,0.35996224730288,0.3599622473028798,-0.007893174151522596,0.00834385731718375,0.0004506831656611606,0.18167057838649206,-2.168404344971009e-18,2.465625519833369e-15,-1.6653345369377348e-16,0.20048395862255397,0.8,0.18555406400146085,0.8753321273191522,153,255,6,False,-5.551115123125783e-17
NormalLinear-DDPNM-3,20.700000000000024,0.058504181059266844,0.22661227367873785,0.3607486374768375,0.36074863747683766,0.3607486374768375,-0.007863901739576393,0.00834385731718375,0.00047995557760736386,0.18255247439807698,1.2468324983583301e-17,1.4130314334910276e-14,-1.6653345369377348e-16,0.20049132302206177,0.8,0.1855737150424591,0.8744943383979813,157,255,6,False,0.0
NormalLinear-DDPNM-3,20.800000000000026,0.0621784570680096,0.22764721422198272,0.36153198572753065,0.3615319857275307,0.36153198572753065,-0.007833482506930374,0.00834385731718375,0.000510374810253382,0.1834343704096619,1.1254018550399536e-16,1.2710326980841223e-13,-5.551115123125783e-17,0.2004917479212641,0.8,0.18559723564446862,0.8733415536439608,156,256,6,False,0.0
NormalLinear-DDPNM-3,20.900000000000027,0.06597680166262197,0.2286780016088058,0.3623121904470914,0.36231219044709134,0.3623121904470913,-0.0078020471956064584,0.00834385731718375,0.0005418101215772981,0.18431626642124682,1.0495077029659683e-16,1.181124220773565e-13,5.551115123125783e-17,0.20049315704056367,0.8,0.18561379041850504,0.8717549169031443,159,258,6,False,0.0
NormalLinear-DDPNM-3,21.00000000000003,0.06989516852745462,0.2297045025686405,0.3630891507628021,0.3630891507628021,0.3630891507628021,-0.0077696031571077885,0.00834385731718375,0.0005742541600759675,0.18519816243283174,-5.0306980803327406e-17,5.6409903522292936e-14,0.0,0.20049348428497293,0.8,0.18563127119540565,0.8695839001771526,158,258,6,False,5.551115123125783e-17
NormalLinear-DDPNM-3,21.10000000000003,0.07393189288419241,0.2307265866887636,0.3638627679650516,0.36386276796505157,0.3638627679650515,-0.007736172022494372,0.00834385731718375,0.000607685294689384,0.18608005844441666,6.19079440489223e-17,6.915896704419296e-14,5.551115123125783e-17,0.20049338311402193,0.8,0.18564763464558098,0.8666543657217703,159,257,6,False,-5.551115123125783e-17
NormalLinear-DDPNM-3,21.20000000000003,0.07809039034774314,0.2317441258570575,0.36463294508556104,0.36463294508556104,0.364632945085561,-0.0077017712050950135,0.00834385731718375,0.0006420861120887427,0.18696195445600158,-8.261620554339544e-17,9.193937864583696e-14,0.0,0.2004963363760514,0.8,0.18566353917833095,0.8627936854891418,158,258,6,False,0.0
NormalLinear-DDPNM-3,21.300000000000033,0.08236702541845888,0.2327569902789862,0.36539958388262617,0.36539958388262617,0.36539958388262617,-0.007666387970651467,0.00834385731718375,0.0006774693465322887,0.1878438504675865,-2.45029690981724e-17,2.7161159341146402e-14,0.0,0.2004990246697695,0.8,0.1856823775687359,0.8599648343969601,157,259,6,False,0.0
NormalLinear-DDPNM-3,21.400000000000034,0.08675311226216843,0.23376505769122602,0.36616259181493016,0.36616259181493005,0.36616259181493005,-0.007630079323038976,0.00834385731718375,0.0007137779941447801,0.18872574647917142,9.627715291671279e-17,1.0629391624577489e-13,1.1102230246251565e-16,0.20050040024625268,0.8,0.18570083184452765,0.860389129709096,158,259,6,False,-1.1102230246251565e-16
NormalLinear-DDPNM-3,21.500000000000036,0.09123633917392296,0.23476822024915228,0.3669218872546939,0.3669218872546936,0.36692188725469377,-0.007592954397635629,0.00834385731718375,0.0007509029195481274,0.18960764249075635,1.5569143196891844e-16,1.7118805544769896e-13,2.7755575615628914e-16,0.20050108611639364,0.8,0.1857178849901667,0.8606557805613145,155,259,6,False,-1.1102230246251565e-16
NormalLinear-DDPNM-3,21.600000000000037,0.09579828728304007,0.2357663896768423,0.36767740338572186,0.3676774033857215,0.36767740338572186,-0.007555161310279497,0.00834385731718375,0.0007886960069042597,0.19048953850234127,2.8189256484623115e-17,3.086678553550974e-14,3.3306690738754696e-16,0.20050084494996426,0.8,0.18573417323136357,0.8607604496374565,156,258,6,False,0.0
NormalLinear-DDPNM-3,21.70000000000004,0.10042026827320777,0.23675950456134506,0.36842909372444743,0.36842909372444704,0.3684290937244474,-0.007516903387255134,0.00834385731718375,0.0008269539299286217,0.1913714345139262,6.114900252818245e-17,6.667785529599307e-14,3.885780586188048e-16,0.20050315667363336,0.8,0.18574947840021594,0.8607000328971618,154,259,6,False,-5.551115123125783e-17
NormalLinear-DDPNM-3,21.80000000000004,0.1050855196039366,0.23774752987710762,0.36917693175997024,0.3691769317599697,0.36917693175997013,-0.007478380355226548,0.00834385731718375,0.0008654769619572091,0.1922533305255111,1.5276408610320757e-16,1.6587961895271471e-13,5.551115123125783e-16,0.20051213514489677,0.8,0.18576720394580984,0.8604720161635223,157,261,6,False,-1.1102230246251565e-16
NormalLinear-DDPNM-3,21.90000000000004,0.10975407158621817,0.23873045235834356,0.36992090745139405,0.3699209074513935,0.369920907451394,-0.007439756914238081,0.00834385731718375,0.0009041004029456758,0.19313522653709603,6.830473686658678e-18,7.385926594140056e-15,5.551115123125783e-16,0.20051615593874542,0.8,0.1857912755967694,0.8600745767739847,156,264,6,False,-5.551115123125783e-17
NormalLinear-DDPNM-3,22.000000000000043,0.11441033444831922,0.2397083022529905,0.3706610436934341,0.3706610436934336,0.3706610436934341,-0.007401362420401287,0.00834385731718375,0.0009424948967824698,0.19401712254868095,-7.166576360129184e-17,7.717321285047753e-14,4.996003610813204e-16,0.2005288943572005,0.8,0.18581020294086162,0.8595100387434185,157,266,6,False,0.0
NormalLinear-DDPNM-3,22.100000000000044,0.11902629753390563,0.24068112252072857,0.3713973730023451,0.3713973730023446,0.3713973730023451,-0.007363293089109683,0.00834385731718375,0.000980564228074073,0.19489901856026587,1.951563910473908e-17,2.0929597627065955e-14,4.996003610813204e-16,0.2005409391310951,0.8,0.18583741988479183,0.8587840390467272,157,268,6,False,5.551115123125783e-17
NormalLinear-DDPNM-3,22.200000000000045,0.12356521820349971,0.24164897977011926,0.37212994579426006,0.3721299457942595,0.37212994579426,-0.007325727919149319,0.00834385731718375,0.0010181293980344372,0.1957809145718508,3.2959746043559335e-17,3.520593122609573e-14,5.551115123125783e-16,0.2005440279418002,0.8,0.18586353473965972,0.8579003208064887,159,268,6,False,0.0
NormalLinear-DDPNM-3,22.300000000000047,0.1280078074167671,0.24261197274798998,0.37285883681082,0.37285883681081955,0.37285883681082005,-0.00728891016560017,0.00834385731718375,0.0010549471515835865,0.1966628105834357,-8.760353553682876e-17,9.320710503973072e-14,4.440892098500626e-16,0.20054387685129876,0.8,0.185880533638997,0.8568760100279209,158,269,6,False,5.551115123125783e-17
NormalLinear-DDPNM-3,22.40000000000005,0.13235204006626972,0.24357021377157304,0.3735841310651283,0.3735841310651278,0.3735841310651283,-0.007252942543082041,0.00834385731718375,0.001090914774101715,0.19754470659502063,7.990570011218168e-17,8.46927719494014e-14,4.996003610813204e-16,0.20054610182516977,0.8,0.1858942197822148,0.8557232520599927,161,267,6,False,5.551115123125783e-17
NormalLinear-DDPNM-3,22.50000000000005,0.13659901830082705,0.24452381144324348,0.3743059107585066,0.37430591075850606,0.37430591075850655,-0.007217796933782532,0.00834385731718375,0.001126060383401225,0.19842660260660555,7.947201924318748e-17,8.392049620270547e-14,5.551115123125783e-16,0.20054938895717275,0.8,0.1859101381168442,0.8544584799269183,161,267,6,False,-5.551115123125783e-17
NormalLinear-DDPNM-3,22.60000000000005,0.14074879850183622,0.24547286927646048,0.37502425424046765,0.37502425424046704,0.3750242542404676,-0.007183434819609553,0.00834385731718375,0.0011604224975742033,0.19930849861819047,8.153200337090993e-17,8.578451493432416e-14,6.106226635438361e-16,0.20055128599888736,0.8,0.1859269402622414,0.8531034559484163,161,266,6,False,-1.1102230246251565e-16
NormalLinear-DDPNM-3,22.700000000000053,0.14480624932844255,0.24641748879665046,0.37573923835577866,0.37573923835577805,0.3757392383557786,-0.007149841153109944,0.00834385731718375,0.0011940161640738125,0.2001903946297754,1.8214596497756474e-17,1.909712530109478e-14,6.106226635438361e-16,0.2005534227555793,0.8,0.18594220820669508,0.8516845596524526,160,267,6,False,-5.551115123125783e-17
NormalLinear-DDPNM-3,22.800000000000054,0.14878134471072674,0.24735776584347433,0.37645093564564136,0.37645093564564086,0.37645093564564136,-0.007116972898627954,0.00834385731718375,0.0012268844185558021,0.2010722906413603,-9.497611030973019e-17,9.923589302913227e-14,4.996003610813204e-16,0.2005582660530159,0.8,0.1859575608108982,0.8502307565783144,162,267,6,False,0.0
NormalLinear-DDPNM-3,22.900000000000055,0.15267495928352848,0.24829378604880378,0.3771594109249645,0.37715941092496413,0.3771594109249645,-0.00708475279323258,0.00834385731718375,0.001259104523951176,0.20195418665294523,-9.616873269946424e-17,1.0014486602197988e-13,3.885780586188048e-16,0.20056142540093888,0.8,0.18597538589025564,0.8487727044310606,161,270,6,False,5.551115123125783e-17
NormalLinear-DDPNM-3,23.000000000000057,0.1564927489383139,0.24922563532909303,0.3778647292240579,0.3778647292240575,0.3778647292240579,-0.007053182990933535,0.00834385731718375,0.0012906743262502216,0.20283608266453015,1.7997756063259374e-17,1.8680468059415243e-14,3.885780586188048e-16,0.20056595996095666,0.8,0.18599133638943166,0.8473372431646289,158,271,6,False,0.0
NormalLinear-DDPNM-3,23.10000000000006,0.1602438948444126,0.2501533947584548,0.3785669519080548,0.3785669519080544,0.3785669519080548,-0.00702222683996866,0.00834385731718375,0.0013216304772150967,0.20371797867611507,2.3201926491189795e-17,2.4004920377257443e-14,3.885780586188048e-16,0.20057424145930017,0.8,0.18600843056968408,0.8459488438890006,155,271,6,False,0.0
NormalLinear-DDPNM-3,23.20000000000006,0.16391420336796686,0.2510771365125852,0.37926613360686184,0.3792661336068614,0.3792661336068618,-0.006991816988069947,0.00834385731718375,0.0013520403291138099,0.2045998746877,6.624475273886432e-17,6.832245466634056e-14,4.440892098500626e-16,0.20057499375328916,0.8,0.18602893428950673,0.8446278525045278,158,271,6,False,0.0
NormalLinear-DDPNM-3,23.30000000000006,0.16749585757266433,0.2519969490106754,0.37996234124511474,0.3799623412451143,0.3799623412451147,-0.006962076382528869,0.00834385731718375,0.001381780934654887,0.20548177069928492,1.22514845490862e-17,1.2597100809060064e-14,4.440892098500626e-16,0.20057187739659524,0.8,0.18604177855032303,0.8433909700820744,158,270,6,False,-5.551115123125783e-17
NormalLinear-DDPNM-3,23.400000000000063,0.17099383696729303,0.25291292950740135,0.3806556484350424,0.38065564843504196,0.3806556484350424,-0.006933071899276801,0.00834385731718375,0.0014107854179069546,0.20636366671086984,-1.9081958235744878e-17,1.9561924258999978e-14,4.440892098500626e-16,0.20057141946922066,0.8,0.18605072729338815,0.8422497235533924,157,269,6,False,0.0
NormalLinear-DDPNM-3,23.500000000000064,0.17441588925009638,0.2538251697335929,0.38134612460786543,0.381346124607865,0.38134612460786543,-0.006904761728230305,0.00834385731718375,0.0014390955889534514,0.20724556272245476,-1.4094628242311558e-18,1.4407335267319427e-15,4.440892098500626e-16,0.20057487684123432,0.8,0.18606222733255937,0.8412110396329193,157,270,6,False,5.551115123125783e-17
NormalLinear-DDPNM-3,23.600000000000065,0.1777674906832023,0.25473375258408676,0.3820338325068261,0.3820338325068256,0.3820338325068261,-0.006877078989606035,0.00834385731718375,0.001466778327577721,0.20812745873403968,6.201636426617085e-17,6.321340075378845e-14,4.996003610813204e-16,0.20058088579619157,0.8,0.18607742123446594,0.8402785391422185,156,270,6,False,0.0
NormalLinear-DDPNM-3,23.700000000000067,0.18104428771465694,0.25563875441564393,0.38271882992648626,0.38271882992648576,0.38271882992648626,-0.006849974196601804,0.00834385731718375,0.0014938831205819516,0.2090093547456246,-1.9949319973733282e-17,2.0278355685367188e-14,4.996003610813204e-16,0.20058435697801735,0.8,0.18609487146087603,0.8394533533332826,156,272,6,True,-5.551115123125783e-17
NormalLinear-DDPNM-3,23.800000000000068,0.18424880483353784,0.2565402556932099,0.38340117777089944,0.3834011777708988,0.38340117777089944,-0.006823478444130715,0.00834385731718375,0.0015203788730530413,0.20989125075720952,1.0657707355532509e-16,1.080439189613187e-13,6.106226635438361e-16,0.20058836081030756,0.8,0.18610955736128967,0.8387347861131473,158,272,6,True,5.551115123125783e-17
NormalLinear-DDPNM-3,23.90000000000007,0.1873788262989424,0.25743833349752104,0.3840809343826056,0.38408093438260504,0.3840809343826056,-0.006797566117061995,0.00834385731718375,0.0015462912001217607,0.21077314676879444,-3.8055496254241206e-17,3.847818481962403e-14,5.551115123125783e-16,0.2005903181097445,0.8,0.18612453295186776,0.8381200760660767,160,273,6,True,0.0
NormalLinear-DDPNM-3,24.00000000000007,0.19043941047444707,0.2583330667670996,0.384758159510306,0.38475815951030534,0.3847581595103059,-0.006772251277002831,0.00834385731718375,0.0015716060401809253,0.21165504278037936,1.2620113287731272e-16,1.2727709067027842e-13,6.661338147750939e-16,0.20059348916563235,0.8,0.18613727324788393,0.8376050944463261,162,273,6,True,0.0
NormalLinear-DDPNM-3,24.100000000000072,0.19343900247060877,0.25922452846952443,0.3854329083832847,0.38543290838328415,0.3854329083832847,-0.006747488729787998,0.00834385731718375,0.001596368587395759,0.21253693879196428,-1.0766127572781059e-16,1.0830868107153432e-13,5.551115123125783e-16,0.20059926879721476,0.8,0.18615100224437633,0.837184189893295,161,274,6,True,0.0
NormalLinear-DDPNM-3,24.200000000000074,0.19638536024012243,0.26011278202218524,0.3861052290022714,0.38610522900227084,0.3861052290022714,-0.006723206189866991,0.00834385731718375,0.001620651127316765,0.2134188348035492,1.0842021724855044e-19,1.0880638804454858e-16,5.551115123125783e-16,0.20060714712284816,0.8,0.18616704043174942,0.8368505458047049,159,276,6,True,0.0
NormalLinear-DDPNM-3,24.300000000000075,0.1992888087426174,0.260997882149439,0.3867751627882246,0.38677516278822405,0.38677516278822455,-0.006699337859531826,0.00834385731718375,0.0016445194576519303,0.21430073081513412,2.0274580625478933e-17,2.029817364975449e-14,5.551115123125783e-16,0.20061820795809385,0.8,0.18618481948069296,0.8365964616022435,157,277,6,True,0.0
NormalLinear-DDPNM-3,24.400000000000077,0.20213426211572855,0.26187987217104225,0.3874427425299415,0.38744274252994093,0.3874427425299415,-0.006675797417168819,0.00834385731718375,0.001668059900014937,0.21518262682671904,1.8431436932253575e-18,1.840949793371409e-15,5.551115123125783e-16,0.20062042240276895,0.8,0.18620533699513173,0.8364134655652249,155,277,6,True,0.0
NormalLinear-DDPNM-3,24.500000000000078,0.20492050937469966,0.26275881178969823,0.38810801341649925,0.3881080134164986,0.38810801341649914,-0.006652708865576357,0.00834385731718375,0.001691148451607399,0.21606452283830396,1.3140530330524314e-16,1.3094691356721829e-13,6.661338147750939e-16,0.20062036261440794,0.8,0.1862168096768514,0.8362931534986288,157,277,6,True,0.0
NormalLinear-DDPNM-3,24.60000000000008,0.20765485107989154,0.26363476198843083,0.388771021606052,0.3887710216060514,0.388771021606052,-0.006630081895528468,0.00834385731718375,0.0017137754216552889,0.21694641884988888,-1.194790794079026e-16,1.1879443454573204e-13,5.551115123125783e-16,0.2006220015080391,0.8,0.1862258711160748,0.8362264790435572,159,278,6,True,0.0
NormalLinear-DDPNM-3,24.70000000000008,0.21034819909395983,0.2645077757540744,0.3894318072044244,0.38943180720442366,0.3894318072044243,-0.0066078559837221655,0.00834385731718375,0.001736001333461591,0.2178283148614738,1.8767539605724082e-16,1.8618851966264955e-13,7.216449660063518e-16,0.20062697813246927,0.8,0.1862364434847518,0.8362042753463159,160,278,6,True,-1.1102230246251565e-16
NormalLinear-DDPNM-3,24.800000000000082,0.21299700206830818,0.2653778941018871,0.39009040125613487,0.39009040125613426,0.39009040125613487,-0.006585940517105914,0.00834385731718375,0.0017579168000778425,0.21871021087305872,-1.098296800727816e-16,1.0872315971222136e-13,6.106226635438361e-16,0.2006285742659739,0.8,0.18625007085346257,0.8362176874835721,157,278,6,True,-5.551115123125783e-17
NormalLinear-DDPNM-3,24.900000000000084,0.21560928366017998,0.2662451618162786,0.390746837658579,0.39074683765857837,0.390746837658579,-0.006564364024441172,0.00834385731718375,0.0017794932927425848,0.21959210688464365,-1.1926223897340549e-18,1.1780905706897503e-15,6.106226635438361e-16,0.20063209525926887,0.8,0.1862601257623194,0.8362587865771864,156,280,6,True,5.551115123125783e-17
NormalLinear-DDPNM-3,25.000000000000085,0.21818542209619313,0.26710961477579764,0.3914011435682911,0.3914011435682905,0.3914011435682911,-0.006543059097120969,0.00834385731718375,0.0018007982200627878,0.22047400289622857,8.239936510889834e-18,8.122440905594628e-15,6.106226635438361e-16,0.20063398026222934,0.8,0.18627185869350918,0.8363199844625198,156,279,6,True,0.0
NormalLinear-DDPNM-3,25.100000000000087,0.2207385596903037,0.26797128827784195,0.3920533457019313,0.39205334570193073,0.39205334570193134,-0.006522021336402754,0.00834385731718375,0.0018218359807810026,0.2213558989078135,-7.48099499014998e-17,7.359060293160459e-14,5.551115123125783e-16,0.2006399725003189,0.8,0.18628175114033874,0.83639467050345,156,280,6,True,5.551115123125783e-17
NormalLinear-DDPNM-3,25.200000000000088,0.22326613335917816,0.26883020309313854,0.39270345978089805,0.39270345978089727,0.39270345978089793,-0.0065011407896656045,0.00834385731718375,0.001842716527518152,0.2222377949193984,1.964574336543734e-16,1.9285918567856072e-13,7.771561172376096e-16,0.2006428755351521,0.8,0.18629543220486902,0.8364768113597274,154,279,6,True,-5.551115123125783e-17
NormalLinear-DDPNM-3,25.30000000000009,0.22576806250777381,0.26968638273878975,0.393351503605326,0.3933515036053251,0.3933515036053259,-0.0064804382442782225,0.00834385731718375,0.0018634190729055334,0.22311969093098333,1.3509159069169385e-16,1.3234832244070566e-13,8.881784197001252e-16,0.20064383792902418,0.8,0.18630578873049364,0.8365615653811211,154,281,6,True,0.0
NormalLinear-DDPNM-3,25.40000000000009,0.22825960218726205,0.27053985091120974,0.3939974951110712,0.3939974951110704,0.3939974951110712,-0.0064599150574526825,0.00834385731718375,0.001883942259731074,0.22400158694256825,-8.792879618857441e-17,8.597039424495429e-14,7.771561172376096e-16,0.20064977840940768,0.8,0.18631402064236488,0.836644790953439,154,283,6,True,0.0
NormalLinear-DDPNM-3,25.500000000000092,0.23074475738467098,0.27139061492407907,0.3946414398338708,0.3946414398338701,0.3946414398338709,-0.006439447227996885,0.00834385731718375,0.001904410089186871,0.22488348295415317,-8.326672684688674e-17,8.124956497049026e-14,6.661338147750939e-16,0.20065576573265717,0.8,0.1863269089258654,0.836722735043283,153,282,6,True,-5.551115123125783e-17
NormalLinear-DDPNM-3,25.600000000000094,0.2332173419053297,0.27223867820620956,0.39528334036899826,0.3952833403689974,0.39528334036899826,-0.006419005351272932,0.00834385731718375,0.0019248519659108246,0.2257653789657381,1.7770073607037418e-16,1.7305070303521373e-13,8.326672684688674e-16,0.20065751924251835,0.8,0.1863395204347784,0.8367925431616441,155,282,6,True,5.551115123125783e-17
NormalLinear-DDPNM-3,25.700000000000095,0.23568559291111318,0.2730840516402922,0.3959232049535809,0.39592320495358,0.39592320495358085,-0.0063986458458261414,0.00834385731718375,0.0019452114713576147,0.226647274977323,3.5887091909270197e-17,3.4878853127346766e-14,8.881784197001252e-16,0.20066173264687767,0.8,0.18634768938899862,0.8368521287293031,155,283,6,True,5.551115123125783e-17
NormalLinear-DDPNM-3,25.800000000000097,0.23815192585587358,0.2739267380093519,0.39656103569409495,0.396561035694094,0.39656103569409484,-0.0063783074051397244,0.00834385731718375,0.001965549912044032,0.22752917098890793,7.24247051220317e-17,7.02510857430322e-14,9.43689570931383e-16,0.20066620797604984,0.8,0.1863580415564192,0.8368995679150452,154,285,6,True,-1.1102230246251565e-16
NormalLinear-DDPNM-3,25.900000000000098,0.2406125419342683,0.2747667385192957,0.39719683350329343,0.3971968335032925,0.39719683350329343,-0.006357978091984715,0.00834385731718375,0.0019858792251990416,0.22841106700049285,7.914675859144182e-18,7.662030707821402e-15,9.43689570931383e-16,0.20066868239564117,0.8,0.1863683705847548,0.8369334011126301,155,285,6,True,0.0
NormalLinear-DDPNM-3,26.0000000000001,0.2430750723675414,0.2756040597062505,0.39783060332838205,0.39783060332838116,0.3978306033283821,-0.006337698250886979,0.00834385731718375,0.002006159066296777,0.22929296301207777,-8.315830662963819e-17,8.03460627969301e-14,8.881784197001252e-16,0.2006746129558325,0.8,0.1863764667149126,0.8369526661660189,157,289,6,True,0.0
NormalLinear-DDPNM-3,26.1000000000001,0.24553279175557835,0.2764387010059556,0.3984623447422707,0.3984623447422698,0.3984623447422707,-0.006317414138886395,0.00834385731718375,0.0020264431782973614,0.2301748590236627,2.5045070184415152e-17,2.415076611842503e-14,8.881784197001252e-16,0.200678274051149,0.8,0.18638769265182886,0.8369564531566064,155,291,6,True,0.0
NormalLinear-DDPNM-3,26.200000000000102,0.24798326930985,0.27727067037432784,0.3990920637668065,0.39909206376680556,0.3990920637668065,-0.006297190245357312,0.00834385731718375,0.0020466670718264444,0.2310567550352476,5.963111948670274e-17,5.73899037759568e-14,9.43689570931383e-16,0.20068200575303946,0.8,0.18639638342690606,0.8369444469110022,155,292,6,True,5.551115123125783e-17
NormalLinear-DDPNM-3,26.300000000000104,0.2504228312706048,0.2780999794064344,0.3997197691783153,0.3997197691783144,0.3997197691783153,-0.006277054115088851,0.00834385731718375,0.002066803202094906,0.23193865104683253,-7.968885967768458e-17,7.654544063761876e-14,8.881784197001252e-16,0.20068566554675787,0.8,0.18640487680947362,0.8369164623723039,155,294,6,True,1.1102230246251565e-16
NormalLinear-DDPNM-3,26.400000000000105,0.2528584472917408,0.27892664441044357,0.40034547332047743,0.4003454733204765,0.4003454733204773,-0.006257041421620437,0.00834385731718375,0.0020868158955633194,0.23282054705841745,7.632783294297951e-17,7.317632465918034e-14,9.43689570931383e-16,0.20069405123836054,0.8,0.18641303124656694,0.836872576064728,153,293,6,True,0.0
NormalLinear-DDPNM-3,26.500000000000107,0.2552760311593348,0.2797506744045334,0.40096918301916706,0.4009691830191662,0.40096918301916706,-0.0062370969868967155,0.00834385731718375,0.002106760330287041,0.23370244307000237,-3.7621815385247004e-17,3.5999609453085346e-14,8.881784197001252e-16,0.20069831658036852,0.8,0.18642551811122496,0.8368128780222303,152,295,6,True,0.0
NormalLinear-DDPNM-3,26.600000000000108,0.25767244871006156,0.28057209367206015,0.40159091665449775,0.40159091665449675,0.4015909166544977,-0.006217336353305722,0.00834385731718375,0.0021265209638780345,0.2345843390815873,1.1796119636642288e-16,1.1266182863687387e-13,9.992007221626409e-16,0.20070306759757528,0.8,0.18643360220979377,0.8367381288783535,151,296,6,True,-5.551115123125783e-17
NormalLinear-DDPNM-3,26.70000000000011,0.2600489429438557,0.2813909294788297,0.4022106948640041,0.402210694864003,0.40221069486400407,-0.006197782095062398,0.00834385731718375,0.002146075222121358,0.23546623509317222,1.32164244825983e-16,1.2599151074687277e-13,1.1102230246251565e-15,0.20070995735036118,0.8,0.1864418774075424,0.8366490291285614,152,298,6,True,-1.1102230246251565e-16
NormalLinear-DDPNM-3,26.80000000000011,0.2623923472844608,0.28220720703850194,0.4028285367319481,0.4028285367319468,0.40282853673194796,-0.006178418679437823,0.00834385731718375,0.0021654386377459338,0.23634813110475714,1.6447346956605102e-16,1.565028430747543e-13,1.27675647831893e-15,0.20071264931856975,0.8,0.18645194027737574,0.8365464087788255,151,298,6,True,-5.551115123125783e-17
NormalLinear-DDPNM-3,26.900000000000112,0.264695883543043,0.28302096505369906,0.40344447155240987,0.40344447155240853,0.4034444715524098,-0.006159348204617155,0.00834385731718375,0.0021845091125666013,0.23723002711634206,7.871307772244762e-17,7.47628592219449e-14,1.3322676295501878e-15,0.2007134893158777,0.8,0.18645756610247818,0.8364315666583805,152,297,6,True,0.0
NormalLinear-DDPNM-3,27.000000000000114,0.2669607911360195,0.2838322486739314,0.4040585334991305,0.40405853349912924,0.40405853349913057,-0.006140619467207283,0.00834385731718375,0.0022032378499764736,0.23811192312792698,-8.294146619514109e-17,7.863915597669995e-14,1.27675647831893e-15,0.2007154481677589,0.8,0.18646114872784092,0.836305794518487,153,297,6,True,0.0
NormalLinear-DDPNM-3,27.100000000000115,0.2691875401497098,0.2846411007581377,0.4046707550121132,0.4046707550121118,0.40467075501211314,-0.006122215129825763,0.00834385731718375,0.002221642187357993,0.2389938191395119,1.0386656812411132e-16,9.83072954378188e-14,1.3877787807814457e-15,0.20071782692492157,0.8,0.18646562675575304,0.836170374701909,153,298,6,True,0.0
NormalLinear-DDPNM-3,27.200000000000117,0.27138972688036084,0.28544756276716177,0.4052811674731409,0.40528116747313964,0.4052811674731409,-0.006104124610278186,0.00834385731718375,0.00223973270690557,0.23987571515109682,-9.80118763926896e-17,9.260740086266066e-14,1.27675647831893e-15,0.20072570494235578,0.8,0.18647028774113372,0.8360267434345158,154,302,6,True,0.0
NormalLinear-DDPNM-3,27.300000000000118,0.2735714791844714,0.2862516605506034,0.4058897904478196,0.4058897904478183,0.4058897904478196,-0.0060862297467865235,0.00834385731718375,0.002257627570397233,0.24075761116268174,2.179246366695864e-17,2.0556048419676786e-14,1.27675647831893e-15,0.20073484031398953,0.8,0.18648006575194825,0.8358762187506521,153,305,6,True,0.0
NormalLinear-DDPNM-3,27.40000000000012,0.2757317615899155,0.28705341476505397,0.40649663957115817,0.4064966395711569,0.40649663957115817,-0.006068491233385756,0.00834385731718375,0.0022753660837980007,0.24163950717426666,6.396792817664476e-18,6.023785898574364e-15,1.27675647831893e-15,0.20074283513616742,0.8,0.18649068746974037,0.8357204140952812,152,306,6,True,-5.551115123125783e-17
NormalLinear-DDPNM-3,27.50000000000012,0.277862396077634,0.2878528466170009,0.40710173089438295,0.4071017308943816,0.40710173089438295,-0.006050913232247209,0.00834385731718375,0.0022929440849365477,0.24252140318585158,6.136584296267955e-17,5.769200781585255e-14,1.3322676295501878e-15,0.20074654425239974,0.8,0.18649978837742223,0.8355610709908815,152,308,6,True,0.0
NormalLinear-DDPNM-3,27.600000000000122,0.27997129734583837,0.2886499857635772,0.40770508686502815,0.4077050868650269,0.4077050868650282,-0.006033559706452427,0.00834385731718375,0.0023102976107313294,0.2434032991974365,-3.979021973021801e-17,3.7347138275569073e-14,1.27675647831893e-15,0.2007523909301348,0.8,0.18650433756861556,0.8354000416830631,151,309,6,True,5.551115123125783e-17
NormalLinear-DDPNM-3,27.700000000000124,0.28206143607394585,0.28944485289012023,0.40830672313986066,0.40830672313985933,0.4083067231398606,-0.006016362748324421,0.00834385731718375,0.0023274945688593353,0.24428519520902142,6.451002926288751e-17,6.04515997146147e-14,1.3322676295501878e-15,0.20075822171131458,0.8,0.18651070366094388,0.8352392456250707,150,313,6,True,0.0
NormalLinear-DDPNM-3,27.800000000000125,0.2841392954119602,0.290237465200092,0.40890665274021004,0.4089066527402087,0.40890665274021004,-0.005999296003494068,0.00834385731718375,0.002344561313689688,0.24516709122060634,-2.6454533008646308e-17,2.4750652011545034e-14,1.3322676295501878e-15,0.20076537612289982,0.8,0.18651673424675883,0.8350822138533639,151,314,6,True,-5.551115123125783e-17
NormalLinear-DDPNM-3,27.900000000000126,0.2861947309068592,0.2910278327833203,0.409504883303084,0.40950488330308266,0.409504883303084,-0.005982305628739394,0.00834385731718375,0.002361551688444362,0.24604898723219126,7.589415207398531e-18,7.0893276505442975e-15,1.3322676295501878e-15,0.20076709892280456,0.8,0.1865237360864491,0.8349301684259786,146,315,6,True,-5.551115123125783e-17
NormalLinear-DDPNM-3,28.000000000000128,0.2882346914243123,0.29181597662737985,0.4101014307140134,0.41010143071401195,0.41010143071401334,-0.005965474109293175,0.00834385731718375,0.0023783832078905815,0.24693088324377618,8.68445940160889e-17,8.099481989142084e-14,1.4432899320127035e-15,0.20077026746681106,0.8,0.18652509489632488,0.8347849905280198,145,318,6,True,-5.551115123125783e-17
NormalLinear-DDPNM-3,28.10000000000013,0.29026165474124827,0.29260191009650743,0.41069630508841176,0.4106963050884103,0.41069630508841176,-0.005948743743983577,0.00834385731718375,0.0023951135732001787,0.2478127792553611,1.0842021724855044e-17,1.0095959692528259e-14,1.4432899320127035e-15,0.20077306541378734,0.8,0.1865276503279841,0.8346481878196098,144,319,6,True,0.0
NormalLinear-DDPNM-3,28.20000000000013,0.29228875184332004,0.2933856438881166,0.41128951452316953,0.4112895145231681,0.41128951452316953,-0.005932094347577721,0.00834385731718375,0.0024117629696060357,0.24869467526694602,-3.3610267347050637e-18,3.1249027439478566e-15,1.4432899320127035e-15,0.2007797940260796,0.8,0.1865295940994793,0.8345212176160575,143,322,6,True,-5.551115123125783e-17
NormalLinear-DDPNM-3,28.300000000000132,0.29432559340613285,0.29416717444519414,0.41188105632597727,0.41188105632597577,0.41188105632597727,-0.00591541802807699,0.00834385731718375,0.0024284392891067664,0.24957657127853095,3.892285799222961e-17,3.613236751158568e-14,1.4988010832439613e-15,0.200789059334751,0.8,0.18653512658830912,0.8344052404279665,141,324,6,True,-5.551115123125783e-17
NormalLinear-DDPNM-3,28.400000000000134,0.2963619841819143,0.29494648782178956,0.41247091994112156,0.4124709199411199,0.4124709199411215,-0.005898636151441406,0.00834385731718375,0.0024452211657423504,0.25045846729011584,1.5200514458246772e-16,1.4088797743293688e-13,1.6653345369377348e-15,0.2007929929752236,0.8,0.18654279067272597,0.8343013646839408,140,324,6,True,0.0
NormalLinear-DDPNM-3,28.500000000000135,0.298407792975928,0.2957235813174834,0.41305910332465023,0.41305910332464846,0.4130591033246501,-0.0058818338352855295,0.00834385731718375,0.0024620234818982273,0.25134036330170073,1.201296007113939e-16,1.1117057734118224e-13,1.7763568394002505e-15,0.20079966155852955,0.8,0.18654485599051332,0.8342107800234727,138,324,6,True,0.0
NormalLinear-DDPNM-3,28.600000000000136,0.3004781683793918,0.2964984415908032,0.4136455963783803,0.4136455963783786,0.4136455963783803,-0.005864930537301563,0.00834385731718375,0.0024789267798821938,0.2522222593132856,-1.1460016963171782e-16,1.0588788301042234e-13,1.6653345369377348e-15,0.200811202222016,0.8,0.18654932146825312,0.834134218746472,136,325,6,True,0.0
NormalLinear-DDPNM-3,28.700000000000138,0.30255207944877704,0.297271039179585,0.41423037680234975,0.41423037680234803,0.41423037680234975,-0.00584780423969436,0.00834385731718375,0.0024960530774893967,0.2531041553248705,4.163336342344337e-17,3.840747931265416e-14,1.7208456881689926e-15,0.2008134506400089,0.8,0.18655820326030884,0.8340722040373129,135,326,6,True,0.0
NormalLinear-DDPNM-3,28.80000000000014,0.30463331820996326,0.298041367486368,0.41481343960292955,0.4148134396029279,0.4148134396029296,-0.00583062800579822,0.00834385731718375,0.002513229311385537,0.2539860513364554,-2.981555974335137e-17,2.7461841987052817e-14,1.6653345369377348e-15,0.20081622257631299,0.8,0.18655757402839718,0.8340255402598489,136,327,6,True,5.551115123125783e-17
NormalLinear-DDPNM-3,28.90000000000014,0.30671844551804334,0.2988094160070331,0.41539477682953396,0.41539477682953224,0.41539477682953396,-0.005813372266043663,0.00834385731718375,0.0025304850511400937,0.2548679473480403,5.074066167232161e-17,4.666090137103409e-14,1.7208456881689926e-15,0.20081677161097228,0.8,0.18655723714093558,0.8344302662655828,136,328,6,True,0.0
NormalLinear-DDPNM-3,29.000000000000142,0.30881246632725,0.29957517808338335,0.41597438344256255,0.4159743834425607,0.41597438344256243,-0.0057960661302845435,0.00834385731718375,0.002547791186899213,0.2557498433596252,1.2826111700503517e-16,1.177609770981443e-13,1.8318679906315083e-15,0.20081846295448846,0.8,0.18655449993304069,0.83544111619301,137,329,6,True,-1.1102230246251565e-16
NormalLinear-DDPNM-3,29.100000000000144,0.3109188111857828,0.3003386417943512,0.41655225041893906,0.41655225041893734,0.4165522504189391,-0.005778669763766284,0.00834385731718375,0.0025651875534174725,0.2566317393712101,-1.1080546202801855e-16,1.0157210217975005e-13,1.7208456881689926e-15,0.20082075998152726,0.8,0.18655269686684842,0.8363621888811283,136,327,6,True,-5.551115123125783e-17
NormalLinear-DDPNM-3,29.200000000000145,0.31303723715765247,0.3010997916548832,0.4171283660380003,0.4171283660379985,0.4171283660380003,-0.0057611561906119645,0.00834385731718375,0.002582701126571792,0.257513635382795,3.838075690598686e-17,3.5126116886256364e-14,1.7763568394002505e-15,0.2008223060038594,0.8,0.18655127398066296,0.8371878416534219,136,330,6,True,0.0
NormalLinear-DDPNM-3,29.300000000000146,0.3151719321951807,0.30185861272442355,0.41770271899121425,0.41770271899121236,0.41770271899121414,-0.005743529532138391,0.00834385731718375,0.002600327785045365,0.2583955313943799,1.1329912702473521e-16,1.0352449813888693e-13,1.887379141862766e-15,0.20082493590077405,0.8,0.18654889141554112,0.8379133908988307,137,332,6,True,-1.1102230246251565e-16
NormalLinear-DDPNM-3,29.400000000000148,0.3173321261597393,0.302615085723312,0.4182752946857734,0.4182752946857714,0.41827529468577335,-0.005725756945590515,0.00834385731718375,0.0026181003715932414,0.25927742740596477,1.0050554138940626e-16,9.168575928030197e-14,1.9984014443252818e-15,0.20083069069708773,0.8,0.18654735559882624,0.8385343167808811,139,335,6,True,-5.551115123125783e-17
NormalLinear-DDPNM-3,29.50000000000015,0.31950980938781887,0.30336918152347225,0.4188460710745875,0.4188460710745855,0.4188460710745875,-0.005707763888140765,0.00834385731718375,0.0026360934290429916,0.26015932341754966,1.0516761073109393e-17,9.578149589353556e-15,1.9984014443252818e-15,0.20083298924312795,0.8,0.18654862970637534,0.839046245428925,140,335,6,True,1.6653345369377348e-16
NormalLinear-DDPNM-3,29.60000000000015,0.32170137406354005,0.30412088003721677,0.4194150329532517,0.41941503295324967,0.4194150329532516,-0.005689618786641854,0.00834385731718375,0.0026542385305419027,0.26104121942913455,4.607859233063394e-17,4.189688194085228e-14,2.0539125955565396e-15,0.20083365501114028,0.8,0.18654621750320843,0.8394471140130392,139,335,6,True,-5.551115123125783e-17
NormalLinear-DDPNM-3,29.700000000000152,0.3239023380463879,0.3048701653991866,0.4199821683132491,0.4199821683132471,0.4199821683132491,-0.005671353599973951,0.00834385731718375,0.0026725037172098047,0.26192311544071945,-3.350184712980209e-17,3.0410992364182576e-14,1.9984014443252818e-15,0.2008324645224345,0.8,0.18654198176185977,0.8397349790599204,138,336,6,True,5.551115123125783e-17
NormalLinear-DDPNM-3,29.800000000000153,0.3261305456561226,0.30561702692729786,0.4205474690692922,0.42054746906929014,0.42054746906929213,-0.0056530075604303695,0.00834385731718375,0.002690849756753387,0.26280501145230434,7.079840186330344e-17,6.415974741234602e-14,2.0539125955565396e-15,0.20083809449379875,0.8,0.18653574183720584,0.8399085508366003,138,338,6,True,5.551115123125783e-17
NormalLinear-DDPNM-3,29.900000000000155,0.32838101000996833,0.30636143475664473,0.4211109126165832,0.42111091261658123,0.4211109126165832,-0.005634435472910728,0.00834385731718375,0.002709421844273028,0.26368690746388923,-8.57603918436034e-17,7.758818952356987e-14,1.942890293094024e-15,0.2008418977955636,0.8,0.18653600640352425,0.8399650335038343,140,340,6,True,0.0
NormalLinear-DDPNM-3,30.0,0.3306468161487676,0.30710336476607686,0.4216724806977825,0.4216724806977807,0.4216724806977825,-0.005615680812002987,0.00834385731718375,0.0027281765051807697,0.2645688034754728,-9.150666335777657e-17,8.2646661693792e-14,1.8318679906315083e-15,0.20084325176753048,0.8,0.18653417201555314,0.8399045646110191,140,342,6,True,0.0
Affine-DDPNM-9,0.0,0.0,7.333997485867926e-17,0.18922542357774103,0.18922542357774103,0.18922542357774103,0.0,0.0,0.0,0.0,0.0,0.0,0.0,0.2,0.2,0.2,0.2,0,0,0,True,0.0
Affine-DDPNM-9,0.1,1.0824571706000795e-18,0.0009881976299476283,0.1899733920381624,0.18997339203816246,0.18997339203816244,-0.007479684604214411,0.007479684604214407,2.792055998313807e-20,0.0007905581039581048,-5.789639601072594e-17,7.740486273726618e-14,-5.551115123125783e-17,0.2,0.5216331310608064,0.14862575965026112,1.1664427843353045,1655,1,6,False,0.0
Affine-DDPNM-9,0.2,4.37122507229709e-18,0.001976395259895183,0.1907213604985838,0.1907213604985839,0.19072136049858385,-0.007479684604214411,0.007479684604214407,6.321373776652908e-20,0.0015811162079162097,-5.789639601072594e-17,7.740486273726618e-14,-1.1102230246251565e-16,0.2,0.629983676744955,0.16238710647091875,0.9808299192540162,1656,1,6,False,-2.7755575615628914e-17
Affine-DDPNM-9,0.30000000000000004,9.848665397713435e-18,0.0029645928898428112,0.19146932895900523,0.19146932895900534,0.19146932895900523,-0.007479684604214411,0.007479684604214407,1.1146447085060703e-19,0.0023716743118743144,-2.3852447794681098e-18,3.1889643824341874e-15,-1.1102230246251565e-16,0.2,0.6861387113021196,0.17236928108835006,0.8553715727160232,1655,2,6,False,2.7755575615628914e-17
Affine-DDPNM-9,0.4,1.7308622294222982e-17,0.003952790519790293,0.19221729741942656,0.19221729741942678,0.1922172974194266,-0.007479684604214411,0.007479684604214407,1.7084339985864541e-19,0.0031622324158324193,-1.1340754724198376e-16,1.5162076109209818e-13,-2.220446049250313e-16,0.2,0.7205750670664273,0.17795742552698213,0.9367280220019217,1631,1,6,False,0.0
Affine-DDPNM-9,0.5,2.6327090774849904e-17,0.0049409881497378474,0.19296526587984794,0.19296526587984822,0.19296526587984797,-0.007479684604214411,0.007479684604214407,2.386343053539384e-19,0.003952790519790524,-5.789639601072594e-17,7.740486273726618e-14,-2.7755575615628914e-16,0.2,0.7432360349322228,0.18022523510815974,0.9555058787011106,1610,1,6,False,0.0
Affine-DDPNM-9,0.6,3.632446643979402e-17,0.005929185779685476,0.19371323434026938,0.19371323434026966,0.19371323434026938,-0.007479684604214411,0.007479684604214407,3.111810358254875e-19,0.004743348623748629,-2.3852447794681098e-18,3.1889643824341874e-15,-2.7755575615628914e-16,0.2,0.7587881414708312,0.18274871772754972,0.9637014911726818,1577,1,6,False,0.0
Affine-DDPNM-9,0.7,4.6663802113950223e-17,0.006917383409633178,0.19446120280069087,0.1944612028006911,0.19446120280069085,-0.007479684604214411,0.007479684604214407,3.8428824189713433e-19,0.005533906727706733,5.312590645178972e-17,7.102693397239273e-14,-2.220446049250313e-16,0.2,0.7699224021930818,0.18536531989571156,0.9612956732332032,1555,2,6,False,-2.7755575615628914e-17
Affine-DDPNM-9,0.7999999999999999,5.672241973902782e-17,0.007905581039580842,0.19520917126111234,0.19520917126111254,0.1952091712611123,-0.00747968460421441,0.007479684604214407,4.538951273575919e-19,0.006324464831664838,2.5478751053409354e-17,3.4063937721454924e-14,-1.942890293094024e-16,0.2,0.7781676873704124,0.1876164142830302,0.9496919754213148,1512,6,6,False,-5.551115123125783e-17
Affine-DDPNM-9,0.8999999999999999,6.592241314321536e-17,0.008893778669528361,0.1959571397215337,0.19595713972153397,0.19595713972153372,-0.00747968460421441,0.007479684604214407,5.164900806922137e-19,0.007115022935622942,-8.55435514091063e-17,1.143678589882079e-13,-2.7755575615628914e-16,0.2,0.7843051690421418,0.18897225776077214,0.9288443415398482,1464,8,6,True,0.0
Affine-DDPNM-9,0.9999999999999999,7.37753139734115e-17,0.009881976299475915,0.19670510818195508,0.1967051081819554,0.19670510818195514,-0.00747968460421441,0.007479684604214407,5.692180285258944e-19,0.007905581039581047,-5.778797579347739e-17,7.72599098107919e-14,-3.3306690738754696e-16,0.2,0.7888034647753516,0.1902456216163858,0.9006047973520984,1325,10,6,True,5.551115123125783e-17
Affine-DDPNM-9,1.0999999999999999,8.007835836054283e-17,0.01087017392942358,0.19745307664237655,0.19745307664237685,0.1974530766423765,-0.00747968460421441,0.007479684604214407,6.109238827430511e-19,0.008696139143539151,2.5478751053409354e-17,3.4063937721454924e-14,-3.0531133177191805e-16,0.2,0.7921314817284459,0.19109195923581798,0.8724761191285244,1198,11,6,True,-5.551115123125783e-17
Affine-DDPNM-9,1.2,8.516136841972691e-17,0.011858371559371209,0.19820104510279798,0.1982010451027983,0.19820104510279796,-0.00747968460421441,0.007479684604214407,6.453860330404385e-19,0.009486697247497256,-2.2768245622195593e-18,3.0440114559599057e-15,-3.0531133177191805e-16,0.2,0.7941083291247092,0.1915063004731794,0.8733999893021894,1100,12,6,True,-5.551115123125783e-17
Affine-DDPNM-9,1.3,9.025258316540001e-17,0.012846569189318837,0.19894901356321942,0.19894901356321973,0.19894901356321942,-0.00747968460421441,0.007479684604214407,6.799169102200822e-19,0.01027725535145536,-2.2768245622195593e-18,3.0440114559599057e-15,-3.0531133177191805e-16,0.2,0.7958761347345182,0.1919279088716085,0.8731002194913133,1053,15,6,True,0.0
Affine-DDPNM-9,1.4000000000000001,9.684486174633211e-17,0.013834766819266466,0.19969698202364086,0.19969698202364117,0.19969698202364086,-0.00747968460421441,0.007479684604214407,7.265403636497444e-19,0.011067813455413465,-2.2768245622195593e-18,3.0440114559599057e-15,-3.0531133177191805e-16,0.2,0.7971212087732352,0.19234983631770858,0.8726086606138755,986,17,6,True,2.7755575615628914e-17
Affine-DDPNM-9,1.5000000000000002,1.0661454912709768e-16,0.014822964449214094,0.2004449504840623,0.2004449504840626,0.20044495048406227,-0.00747968460421441,0.007479684604214407,7.974807270302195e-19,0.01185837155937157,-2.2768245622195593e-18,3.0440114559599057e-15,-3.0531133177191805e-16,0.2,0.7980014005052816,0.19276347390560325,0.8715440624623039,942,21,6,True,-2.7755575615628914e-17
Affine-DDPNM-9,1.6000000000000003,1.2118928821419994e-16,0.01581116207916161,0.20119291894448366,0.20119291894448404,0.2011929189444837,-0.00747968460421441,0.007479684604214407,9.04383233752494e-19,0.012648929663329674,-8.55435514091063e-17,1.143678589882079e-13,-3.885780586188048e-16,0.2,0.7987009004748763,0.19316244093882537,0.8700199938423858,893,25,6,True,-2.7755575615628914e-17
Affine-DDPNM-9,1.7000000000000004,1.419891753446761e-16,0.0167993597091092,0.20194088740490507,0.20194088740490548,0.20194088740490515,-0.00747968460421441,0.007479684604214407,1.0567451057471043e-18,0.013439487767287778,-3.003240017784847e-17,4.0151960633375896e-14,-4.163336342344337e-16,0.2,0.799510128164655,0.19354317048605238,0.8682004389043457,853,33,6,True,2.7755575615628914e-17
Affine-DDPNM-9,1.8000000000000005,3.027355381780144e-10,0.01778755733905687,0.20268885586532653,0.20268885586532692,0.20268885586532656,-0.00747968460421441,0.007479684604214407,1.260872470879592e-18,0.014230045871245883,2.5478751053409354e-17,3.4063937721454924e-14,-3.885780586188048e-16,0.20000466778896983,0.8,0.19390613896601805,0.866371993836382,816,34,6,False,2.7755575615628914e-17
Affine-DDPNM-9,1.9000000000000006,9.81670994535253e-09,0.018775754968707287,0.203436824325523,0.20343682432552343,0.203436824325523,-0.007479684601964957,0.007479684604214407,2.249453548608061e-12,0.015020603975203987,-1.6046192152785466e-17,2.1453033111741803e-14,-4.163336342344337e-16,0.2000219160348651,0.8,0.1942529815989241,0.8641500543826799,241,37,6,False,2.7755575615628914e-17
Affine-DDPNM-9,2.0000000000000004,6.12219144169608e-08,0.01976395258901808,0.20418479277865031,0.20418479277865076,0.20418479277865034,-0.007479684531273269,0.007479684604214407,7.294114174213657e-11,0.015811162079162094,-2.5695591487906455e-17,3.4353843239389386e-14,-4.440892098500626e-16,0.2000398024019827,0.8,0.19458739105065623,0.8614251000329498,191,41,6,False,2.7755575615628914e-17
Affine-DDPNM-9,2.1000000000000005,1.8207649870941582e-07,0.020752150158865945,0.20493276119358214,0.20493276119358259,0.20493276119358214,-0.00747968414931832,0.007479684604214407,4.5489609060652554e-10,0.0166017201831202,-5.421010862427522e-18,7.247645882929998e-15,-4.440892098500626e-16,0.20004809500922635,0.8,0.19489884292076898,0.8587280187714847,168,46,6,False,5.551115123125783e-17
Affine-DDPNM-9,2.2000000000000006,4.192615095597817e-07,0.021740347610074703,0.20568072951871583,0.2056807295187163,0.20568072951871583,-0.007479683251337139,0.007479684604214407,1.352877271858221e-09,0.017392278287078306,-2.8406096919120216e-17,3.7977659867106685e-14,-4.718447854656915e-16,0.20005922983103527,0.8,0.19517882715611798,0.856129603953187,155,48,6,False,0.0
Affine-DDPNM-9,2.3000000000000007,7.473217274182446e-07,0.022728544828447047,0.20642869766761524,0.20642869766761576,0.20642869766761526,-0.007479681488994514,0.007479684604214407,3.1152198964582925e-09,0.018182836391036412,-4.3151246464923076e-17,5.769124070889238e-14,-5.273559366969494e-16,0.20005819806963313,0.8,0.19544165786182005,0.8536714047521377,152,51,6,False,-2.7755575615628914e-17
Affine-DDPNM-9,2.400000000000001,1.176286812711014e-06,0.02371674172477465,0.20717666557275843,0.20717666557275904,0.20717666557275846,-0.007479679051432785,0.007479684604214407,5.552781626092684e-09,0.01897339449499452,-7.979727989493313e-17,1.0668527468386608e-13,-6.106226635438361e-16,0.20005902845596,0.8,0.195673831280472,0.8513615017814636,152,51,6,False,8.326672684688674e-17
Affine-DDPNM-9,2.500000000000001,1.6336635965438995e-06,0.024704938200004103,0.20792463315917173,0.2079246331591723,0.2079246331591717,-0.00747967586413266,0.007479684604214407,8.740081750136155e-09,0.019763952598952625,2.905661822261152e-17,3.8847338901626804e-14,-5.828670879282072e-16,0.2000519147664492,0.8,0.19589104668626595,0.8492169860325551,158,51,6,False,-5.551115123125783e-17
Affine-DDPNM-9,2.600000000000001,2.1167384688263456e-06,0.025693134226245605,0.20867260040574528,0.20867260040574584,0.20867260040574528,-0.007479672465735408,0.007479684604214407,1.2138479002108063e-08,0.02055451070291073,1.452830911130576e-17,1.9423660625676878e-14,-5.551115123125783e-16,0.2000473986714272,0.8,0.19608486459040336,0.8472419533258665,152,52,6,False,0.0
Affine-DDPNM-9,2.700000000000001,2.6937754659590266e-06,0.026681329778273397,0.20942056729338568,0.2094205672933862,0.20942056729338565,-0.007479668876403756,0.007479684604214407,1.572781065478099e-08,0.021345068806868837,1.8756697583999227e-17,2.507680355012434e-14,-5.273559366969494e-16,0.20004997411758962,0.8,0.19626722243153605,0.8454248873593716,151,57,6,False,0.0
Affine-DDPNM-9,2.800000000000001,3.3306672837214185e-06,0.027669524763849995,0.2101685337522782,0.21016853375227876,0.2101685337522782,-0.007479664588925388,0.007479684604214407,2.0015289022133772e-08,0.022135626910826944,-1.496198998029996e-17,2.000345032514569e-14,-5.551115123125783e-16,0.20004926497992243,0.8,0.19643073660477584,0.8437510630873125,155,59,6,False,2.7755575615628914e-17
Affine-DDPNM-9,2.9000000000000012,4.184570150061121e-06,0.028657719124219806,0.21091649973795065,0.21091649973795132,0.2109164997379507,-0.007479659856725594,0.007479684604214407,2.4747488816817962e-08,0.02292618501478505,-1.0972125985553305e-16,1.4669187624322346e-13,-6.661338147750939e-16,0.20005914548457795,0.8,0.19653562275591416,0.8422075452580687,155,62,6,False,2.7755575615628914e-17
Affine-DDPNM-9,3.0000000000000013,5.137284225299345e-06,0.029645912646355396,0.2116644650891622,0.21166446508916287,0.2116644650891622,-0.007479653512115571,0.007479684604214407,3.1092098839846776e-08,0.023716743118743156,-7.914675859144182e-18,1.058151964658941e-14,-6.661338147750939e-16,0.2000592276742901,0.8,0.19665260180893884,0.8407808411311041,151,62,6,False,0.0
Affine-DDPNM-9,3.1000000000000014,6.313760423925624e-06,0.030634105233260732,0.21241242973249638,0.2124124297324971,0.2124124297324964,-0.007479646433342347,0.007479684604214407,3.817087206379137e-08,0.024507301222701262,-5.334274688628682e-17,7.131647587790462e-14,-7.216449660063518e-16,0.20006598357774086,0.8,0.19671419473040894,0.8394614832426468,148,66,6,False,0.0
Affine-DDPNM-9,3.2000000000000015,7.613998294747214e-06,0.03162229666528317,0.21316039350169774,0.21316039350169844,0.21316039350169774,-0.007479637692013283,0.007479684604214407,4.6912201126831846e-08,0.02529785932665937,3.122502256758253e-17,4.174618099467065e-14,-6.938893903907228e-16,0.20006610240241512,0.8,0.19676275937200227,0.8384997253889886,145,67,6,False,0.0
Affine-DDPNM-9,3.3000000000000016,9.136592012754239e-06,0.03261048682093588,0.2139083563048127,0.21390835630481336,0.2139083563048127,-0.007479628031149217,0.007479684604214407,5.657306519360908e-08,0.026088417430617475,3.252606517456513e-17,4.348554903659773e-14,-6.661338147750939e-16,0.20007057231103223,0.8,0.1968002140084123,0.838403840553358,145,68,6,False,0.0
Affine-DDPNM-9,3.4000000000000017,1.099089110368975e-05,0.0335986754819488,0.21465631797663226,0.21465631797663295,0.21465631797663226,-0.007479616718195891,0.007479684604214407,6.7886018519562e-08,0.02687897553457558,-2.5587171270657905e-17,3.420858016902254e-14,-6.938893903907228e-16,0.20007839903366764,0.8,0.19683788703423102,0.8383246746879432,147,73,6,True,0.0
Affine-DDPNM-9,3.5000000000000018,1.337350450797072e-05,0.03458686232271203,0.21540427827070174,0.21540427827070247,0.21540427827070177,-0.007479602940695125,0.007479684604214407,8.166351928520871e-08,0.027669533638533687,-2.959871930885427e-17,3.957171688176619e-14,-7.216449660063518e-16,0.20009155810205806,0.8,0.19687510027538402,0.8382608979132607,149,75,6,True,-2.7755575615628914e-17
Affine-DDPNM-9,3.600000000000002,1.6155160044297263e-05,0.035575046824620406,0.21615223679448803,0.21615223679448875,0.21615223679448808,-0.007479585237862873,0.007479684604214407,9.9366351537767e-08,0.028460091742491794,-2.168404344971009e-18,2.8990200164924553e-15,-7.216449660063518e-16,0.20009707416466535,0.8,0.19691412948180426,0.8382113905088548,143,78,6,True,0.0
Affine-DDPNM-9,3.700000000000002,1.927582707710157e-05,0.036563228595970915,0.21690019325151044,0.21690019325151116,0.21690019325151047,-0.007479564570224117,0.007479684604214407,1.2003399029370679e-07,0.0292506498464499,2.168404344971009e-18,2.8990120061363906e-15,-7.216449660063518e-16,0.20009939337306487,0.8,0.19694227258248376,0.8381756369501331,136,79,6,True,2.7755575615628914e-17
Affine-DDPNM-9,3.800000000000002,2.279187529349517e-05,0.03755140730399165,0.21764814738989335,0.2176481473898942,0.2176481473898934,-0.007479541383830169,0.007479684604214407,1.4322038424107076e-07,0.030041207950408006,-1.0560129160008813e-16,1.4118144705523948e-13,-8.326672684688674e-16,0.200102749151392,0.8,0.19696422884082687,0.8381494968451845,141,82,6,True,-2.7755575615628914e-17
Affine-DDPNM-9,3.900000000000002,2.6561492166186283e-05,0.03853958256058051,0.21839609891588163,0.2183960989158824,0.21839609891588163,-0.007479515259882287,0.007479684604214407,1.6934433212355675e-07,0.030831766054366112,4.868067754459915e-17,6.508239048445413e-14,-7.771561172376096e-16,0.20010167588813332,0.8,0.19698448950893366,0.8381296265819901,139,83,6,True,-5.551115123125783e-17
Affine-DDPNM-9,4.000000000000002,3.0496483904694517e-05,0.03952775411684413,0.21914404764108747,0.2191440476410882,0.2191440476410874,-0.007479487252057773,0.007479684604214407,1.9735215663733585e-07,0.031622324158324215,6.071532165918825e-17,8.117149710828461e-14,-7.216449660063518e-16,0.2000986861254333,0.8,0.19699786583736625,0.8381138806183276,140,84,6,True,0.0
Affine-DDPNM-9,4.100000000000001,3.478988136632624e-05,0.0405159218104633,0.21989199344265117,0.21989199344265198,0.2198919934426512,-0.007479458015637874,0.007479684604214407,2.2658857653646862e-07,0.03241288226228232,-8.326672684688674e-17,1.1132047520448947e-13,-8.049116928532385e-16,0.20010064239185432,0.8,0.19700726945187985,0.8381023789143317,142,87,6,True,5.551115123125783e-17
Affine-DDPNM-9,4.200000000000001,3.964198868430854e-05,0.04150408528963953,0.22063993605429588,0.22063993605429666,0.22063993605429588,-0.007479426116446785,0.007479684604214407,2.584877676249367e-07,0.03320344036624042,2.992397996059992e-17,4.000562516668917e-14,-7.771561172376096e-16,0.20010650594644994,0.8,0.19702016595968624,0.838096003956786,142,88,6,True,-2.7755575615628914e-17
Affine-DDPNM-9,4.300000000000001,4.502661049946579e-05,0.04249224400595777,0.2213878750609253,0.22138787506092605,0.22138787506092533,-0.0074793900662939745,0.007479684604214407,2.945379204357279e-07,0.03399399847019852,2.47198095326695e-17,3.304796586052281e-14,-7.494005416219807e-16,0.2001108006035269,0.8,0.197035807101368,0.8380949766615079,140,90,6,True,2.7755575615628914e-17
Affine-DDPNM-9,4.4,5.092367341467851e-05,0.043480397436722475,0.2221358100669103,0.22213581006691105,0.2221358100669103,-0.007479350059849931,0.007479684604214407,3.3454436447995315e-07,0.034784556574156626,2.2768245622195593e-18,3.0438753123407824e-15,-7.494005416219807e-16,0.20011396807781678,0.8,0.19704902113140413,0.8380994307531666,139,94,6,True,0.0
Affine-DDPNM-9,4.5,5.752375981405274e-05,0.04446854507894796,0.22288374069154016,0.2228837406915409,0.22288374069154018,-0.007479306246298569,0.007479684604214407,3.783579158416887e-07,0.03557511467811473,-1.3010426069826053e-18,1.7393471332654145e-15,-7.494005416219807e-16,0.2001199599851329,0.8,0.1970603494689066,0.8381093806767065,144,97,6,True,0.0
Affine-DDPNM-9,4.6,6.473601916060127e-05,0.04545668624258031,0.2236316664125119,0.2236316664125127,0.22363166641251195,-0.007479257209718014,0.007479684604214407,4.27394496396616e-07,0.03636567278207283,-6.429318882839041e-17,8.595217403091202e-14,-8.049116928532385e-16,0.20012343736665927,0.8,0.19707387043962812,0.8381248488209081,141,99,6,True,2.7755575615628914e-17
Affine-DDPNM-9,4.699999999999999,7.241299900785693e-05,0.0464448203267522,0.224379586775028,0.22437958677502876,0.224379586775028,-0.007479203625160621,0.007479684604214407,4.809790537892153e-07,0.037156230886030935,5.128276275856436e-17,6.855832559813222e-14,-7.494005416219807e-16,0.20012403129072748,0.8,0.1970843714196495,0.8381457729222761,140,101,6,True,0.0
Affine-DDPNM-9,4.799999999999999,8.053137895443247e-05,0.04743294687533976,0.22512750143384758,0.22512750143384835,0.2251275014338476,-0.007479146588195906,0.007479684604214407,5.380160185044992e-07,0.03794678898998904,-1.9949319973733282e-17,2.666942013165929e-14,-7.771561172376096e-16,0.20012418356616354,0.8,0.19709160508530646,0.838171995599509,136,102,6,True,2.7755575615628914e-17
Affine-DDPNM-9,4.899999999999999,8.87837203277875e-05,0.04842106545511567,0.2258754100610601,0.22587541006106085,0.2258754100610601,-0.0074790862721249365,0.007479684604214407,5.98332089474266e-07,0.03873734709394714,2.981555974335137e-17,3.985886629855699e-14,-7.494005416219807e-16,0.20011995631414456,0.8,0.1970981121287251,0.8382033179236729,135,102,6,True,2.7755575615628914e-17
Affine-DDPNM-9,4.999999999999998,9.737642281770535e-05,0.04940917593463007,0.22662331255717097,0.2266233125571717,0.22662331255717094,-0.007479024961108405,0.007479684604214407,6.596431060056973e-07,0.03952790519790524,2.883977778811442e-17,3.855407830788712e-14,-7.216449660063518e-16,0.20011910174237,0.8,0.19710003965129264,0.8382395108318847,141,103,6,True,0.0
Affine-DDPNM-9,5.099999999999998,0.00010629922453484622,0.05039727797983878,0.22737120866934157,0.22737120866934235,0.2273712086693416,-0.007478961121706649,0.007479684604214407,7.234825077613237e-07,0.040318463301863346,-6.093216209368535e-17,8.145566577021486e-14,-7.771561172376096e-16,0.2001182240647069,0.8,0.197105199852232,0.8382802738208334,139,105,6,True,-2.7755575615628914e-17
Affine-DDPNM-9,5.1999999999999975,0.00011611611768559876,0.051385371266774386,0.22811909815236042,0.2281190981523611,0.2281190981523604,-0.007478894830187455,0.007479684604214407,7.897740269553645e-07,0.04110902140582145,1.0321604682062002e-16,1.3798061673848793e-13,-6.661338147750939e-16,0.20012445065306506,0.8,0.19711024270815472,0.8383252849765894,134,109,6,True,0.0
Affine-DDPNM-9,5.299999999999997,0.0001265297045519831,0.05237345491788268,0.22886698034200526,0.228866980342006,0.2288669803420053,-0.007478821896449137,0.007479684604214407,8.627077652731845e-07,0.04189957950977955,-8.088148206741863e-17,1.081224122971476e-13,-7.494005416219807e-16,0.2001263738245853,0.8,0.19712231497570476,0.838374168891962,134,110,6,True,2.7755575615628914e-17
Affine-DDPNM-9,5.399999999999997,0.00013791161188092072,0.05336152834753348,0.2296148547950116,0.22961485479501234,0.2296148547950116,-0.007478744530063451,0.007479684604214407,9.400741509593474e-07,0.042690137613737654,-8.782037597132586e-18,1.1739711554478894e-14,-7.494005416219807e-16,0.20013228861456572,0.8,0.1971300279717786,0.8384265599920006,127,113,6,True,0.0
Affine-DDPNM-9,5.4999999999999964,0.00015015133343869466,0.05434959060533613,0.23036272079202713,0.23036272079202783,0.23036272079202708,-0.007478659970154927,0.007479684604214407,1.0246340594831634e-06,0.04348069571769576,4.716279450311944e-17,6.304588642720973e-14,-6.938893903907228e-16,0.2001362796855107,0.8,0.19714167022406476,0.8384820423256344,126,113,6,True,-2.7755575615628914e-17
Affine-DDPNM-9,5.599999999999996,0.00016279874234397497,0.055337640849380455,0.23111057769580864,0.23111057769580945,0.23111057769580873,-0.007478569037816171,0.007479684604214407,1.1155663982389656e-06,0.04427125382165386,-1.0408340855860843e-16,1.3913405810181455e-13,-8.049116928532385e-16,0.20013508653403164,0.8,0.19715131845026687,0.8385401967297479,124,112,6,True,0.0
Affine-DDPNM-9,5.699999999999996,0.00017653176763008383,0.05632567867958447,0.2318584252035334,0.23185842520353409,0.23185842520353334,-0.007478475077246251,0.007479684604214407,1.2095269681593714e-06,0.04506181192561196,1.218643241873707e-16,1.6290074695670983e-13,-6.938893903907228e-16,0.2001408412905865,0.8,0.1971557024292301,0.8386005947164489,126,114,6,True,-5.551115123125783e-17
Affine-DDPNM-9,5.799999999999995,0.00019080399407659404,0.057313703030465055,0.2326062625087354,0.2326062625087361,0.2326062625087354,-0.007478373052020147,0.007479684604214407,1.3115521942639372e-06,0.045852370029570065,-1.0950441942103595e-17,1.4637678877461776e-14,-6.938893903907228e-16,0.20014066295140684,0.8,0.19716691521067747,0.8386627676852114,127,114,6,True,0.0
Affine-DDPNM-9,5.899999999999995,0.00020557931583070496,0.058301713372875534,0.23335408921090264,0.23335408921090336,0.23335408921090264,-0.007478267021672621,0.007479684604214407,1.417582541789366e-06,0.04664292813352817,-1.4203048459560108e-17,1.8985235203315067e-14,-7.216449660063518e-16,0.20014016764342674,0.8,0.19717205882077257,0.8387262790599763,126,117,5,True,-5.551115123125783e-17
Affine-DDPNM-9,5.999999999999995,0.00022146632670241382,0.05928970921311566,0.23410190493635258,0.23410190493635333,0.2341019049363526,-0.007478157254499553,0.007479684604214407,1.5273497148569275e-06,0.04743348623748627,-2.0274580625478933e-17,2.7100663302060792e-14,-7.494005416219807e-16,0.2001451789321005,0.8,0.19717671788557645,0.838790675919419,124,120,5,True,-2.7755575615628914e-17
Affine-DDPNM-9,6.099999999999994,0.0002383336649821932,0.06027768946015294,0.23484970885928086,0.2348497088592816,0.23484970885928086,-0.007478039229282787,0.007479684604214407,1.6453749316241078e-06,0.04822404434144437,1.951563910473908e-18,2.6085788434861583e-15,-7.494005416219807e-16,0.20014852383867685,0.8,0.1971866687173077,0.8388554996551304,126,121,5,True,2.7755575615628914e-17
Affine-DDPNM-9,6.199999999999994,0.0002555379697908108,0.06126565315190614,0.23559750025148657,0.2355975002514874,0.23559750025148662,-0.007477913922058069,0.007479684604214407,1.7706821563420094e-06,0.049014602445402476,-9.69276742202041e-17,1.2955724589677212e-13,-8.326672684688674e-16,0.20014615884579462,0.8,0.19719470755965965,0.838920322285821,126,123,5,True,5.551115123125783e-17
Affine-DDPNM-9,6.299999999999994,0.0002732239538005453,0.06225359995776774,0.23634527886273232,0.23634527886273318,0.23634527886273232,-0.0074777861124577395,0.007479684604214407,1.8984917566711356e-06,0.04980516054936058,-2.1033522146218786e-17,2.811373191530224e-14,-8.604228440844963e-16,0.20014519581331783,0.8,0.19719677283584217,0.8389847399111718,127,124,5,True,2.7755575615628914e-17
Affine-DDPNM-9,6.399999999999993,0.0002913674584173251,0.06324152940510103,0.23709304433527859,0.23709304433527947,0.23709304433527856,-0.007477654725462779,0.007479684604214407,2.0298787516317036e-06,0.05059571865331868,-1.441988889405721e-17,1.9273508668217194e-14,-8.881784197001252e-16,0.2001441364152856,0.8,0.19719994089376305,0.8390483548051201,123,123,5,True,-2.7755575615628914e-17
Affine-DDPNM-9,6.499999999999993,0.0003101119916105368,0.06422944104498854,0.23784079632933897,0.2378407963293399,0.23784079632933897,-0.007477519940604294,0.007479684604214407,2.164663610115893e-06,0.051386276757276785,-4.90059381963448e-17,6.549976675832461e-14,-9.43689570931383e-16,0.2001442599103615,0.8,0.19720268456998152,0.8391107985619884,127,126,6,True,0.0
Affine-DDPNM-9,6.5999999999999925,0.0003300065803378078,0.06521733428767094,0.23858853439852362,0.23858853439852454,0.23858853439852365,-0.007477380691846384,0.007479684604214407,2.3039123680266697e-06,0.05217683486123489,1.734723475976807e-17,2.3185326629840657e-14,-9.159339953157541e-16,0.20014839700975193,0.8,0.1971955291646143,0.8391717308129232,127,127,6,True,2.7755575615628914e-17
Affine-DDPNM-9,6.699999999999992,0.0003504439675973453,0.06620520800454607,0.23933625768859168,0.2393362576885925,0.23933625768859162,-0.007477232900679735,0.007479684604214407,2.4517035346755944e-06,0.05296739296519299,8.500145032286355e-17,1.136058564381264e-13,-8.326672684688674e-16,0.2001478483640705,0.8,0.19704324265936177,0.8392308406646392,126,130,6,True,0.0
Affine-DDPNM-9,6.799999999999992,0.0003713078643079729,0.06719306166303372,0.24008396579643226,0.24008396579643312,0.24008396579643226,-0.007477081078406053,0.007479684604214407,2.6035258083573168e-06,0.05375795106915109,-2.200930410145574e-17,2.941520524068454e-14,-8.604228440844963e-16,0.20014654438152477,0.8,0.19691106623835897,0.8392878679569092,132,131,6,True,5.551115123125783e-17
Affine-DDPNM-9,6.8999999999999915,0.00039266859113151726,0.06818089484469628,0.24083165840532925,0.24083165840533013,0.24083165840532922,-0.007476926088970116,0.007479684604214407,2.758515244294187e-06,0.054548509173109196,-2.905661822261152e-17,3.8833062622350475e-14,-8.881784197001252e-16,0.20014582170672338,0.8,0.1968053619106801,0.83934258109097,133,132,6,True,-5.551115123125783e-17
Affine-DDPNM-9,6.999999999999991,0.00041446587777046713,0.06916870706208723,0.24157933514633353,0.2415793351463344,0.24157933514633353,-0.007476767410042709,0.007479684604214407,2.917194171701816e-06,0.0553390672770673,1.745565497701662e-17,2.3328322751027e-14,-8.604228440844963e-16,0.2001447640951252,0.8,0.1967293125642386,0.8393947840713207,132,131,6,True,-2.7755575615628914e-17
Affine-DDPNM-9,7.099999999999991,0.0004367410003433074,0.07015649788692055,0.2423269956952747,0.2423269956952756,0.24232699569527472,-0.007476605489412043,0.007479684604214407,3.0791148023677038e-06,0.0561296253810254,-5.074066167232161e-17,6.781005465048797e-14,-9.159339953157541e-16,0.2001440523723643,0.8,0.19668331658223445,0.8394443204559994,133,132,6,True,2.7755575615628914e-17
Affine-DDPNM-9,7.19999999999999,0.0004597088389724983,0.07114426685040837,0.2430746396973264,0.24307463969732723,0.24307463969732634,-0.007476440020516302,0.007479684604214407,3.2445836981085072e-06,0.056920183484983504,8.142358315366138e-17,1.0881244644836176e-13,-8.326672684688674e-16,0.20014472782169235,0.8,0.19666882821279927,0.8394910710233436,143,132,6,True,0.0
Affine-DDPNM-9,7.29999999999999,0.0004830117257204946,0.0721320132728812,0.24382226663804568,0.24382226663804663,0.24382226663804574,-0.007476269407193814,0.007479684604214407,3.415197020596715e-06,0.05771074158894161,-9.996344030316351e-17,1.335856035044002e-13,-9.43689570931383e-16,0.20014319073193787,0.8,0.1966871639499619,0.839534953001367,143,134,6,True,0.0
Affine-DDPNM-9,7.39999999999999,0.0005069393906646882,0.07311973682570698,0.24456987626869037,0.24456987626869128,0.24456987626869034,-0.007476096306446444,0.007479684604214407,3.588297767966347e-06,0.05850129969289971,4.109126233720062e-17,5.491081626371696e-14,-9.159339953157541e-16,0.2001434752957334,0.8,0.19673432117165554,0.8395759226566073,148,133,6,True,-2.7755575615628914e-17
Affine-DDPNM-9,7.499999999999989,0.000531064807528286,0.07410743689591323,0.24531746812530053,0.24531746812530145,0.24531746812530053,-0.007475918566101577,0.007479684604214407,3.7660381128335806e-06,0.05929185779685781,5.854691731421724e-18,7.823518870167897e-15,-9.159339953157541e-16,0.2001412789514093,0.8,0.19677749901575792,0.8396139660741264,145,132,6,True,0.0
Affine-DDPNM-9,7.599999999999989,0.0005555107000067407,0.07509511328962706,0.24606504206113347,0.2460650420611344,0.2460650420611335,-0.007475739358329479,0.007479684604214407,3.945245884930956e-06,0.060082415900815915,-7.697835424647081e-18,1.0286232187906647e-14,-9.159339953157541e-16,0.2001399241288834,0.8,0.19652366639124363,0.8396491227624896,146,135,6,True,0.0
Affine-DDPNM-9,7.699999999999989,0.000580741173895911,0.07608276569253744,0.24681259783828663,0.2468125978382875,0.24681259783828663,-0.007475557771531146,0.007479684604214407,4.126832683264389e-06,0.06087297400477402,4.358492733391728e-17,5.823894375401969e-14,-8.604228440844963e-16,0.20014121767578916,0.8,0.1962892153506221,0.8396820034152528,148,136,6,True,0.0
Affine-DDPNM-9,7.799999999999988,0.0006059801762024899,0.07707039333486772,0.24756013487411477,0.2475601348741156,0.24756013487411474,-0.007475370358281069,0.007479684604214407,4.314245933341431e-06,0.06166353210873212,3.165870343657673e-17,4.2301855024939946e-14,-8.326672684688674e-16,0.20013824325623802,0.8,0.19608417466233968,0.8397121953443678,148,137,6,True,-2.7755575615628914e-17
Affine-DDPNM-9,7.899999999999988,0.0006319350634210686,0.07805799620846655,0.2483076531624481,0.2483076531624489,0.24830765316244807,-0.007475182883333029,0.007479684604214407,4.5017208813821544e-06,0.06245409021269022,2.905661822261152e-17,3.8824017682696625e-14,-8.049116928532385e-16,0.20013919198829505,0.8,0.19591015686995217,0.839739657135646,148,140,6,True,-8.326672684688674e-17
Affine-DDPNM-9,7.999999999999988,0.0006585506128794667,0.07904557361099512,0.2490551521716852,0.24905515217168606,0.24905515217168522,-0.00747499009237145,0.007479684604214407,4.694511842960716e-06,0.06324464831664833,-4.911435841359335e-17,6.562248872217189e-14,-8.604228440844963e-16,0.20013979798228237,0.8,0.19578404140324474,0.8397644896302989,152,140,6,True,0.0
Affine-DDPNM-9,8.099999999999987,0.000685291950179578,0.0800331248943238,0.24980263141125564,0.24980263141125642,0.24980263141125564,-0.007474792395703626,0.007479684604214407,4.89220851078413e-06,0.06403520642060644,7.947201924318748e-17,1.0618104567792003e-13,-7.771561172376096e-16,0.20013765735263353,0.8,0.19570960288129366,0.8397867864712125,150,141,6,True,0.0
Affine-DDPNM-9,8.199999999999987,0.0007123394634119097,0.08102064993524451,0.250550090787903,0.25055009078790375,0.250550090787903,-0.0074745937664735555,0.007479684604214407,5.090837740855347e-06,0.06482576452456454,3.0249240612345574e-17,4.041435958490627e-14,-7.216449660063518e-16,0.20013653973096,0.8,0.1956914044555975,0.839806668837581,152,142,6,True,5.551115123125783e-17
Affine-DDPNM-9,8.299999999999986,0.0007408791050078885,0.0820081484335255,0.25129753007438144,0.25129753007438227,0.2512975300743815,-0.00747439286478515,0.007479684604214407,5.291739429260643e-06,0.06561632262852264,-1.0202342443088597e-16,1.3630427104492517e-13,-8.326672684688674e-16,0.20014126967443754,0.8,0.19573930872536424,0.8398242787317225,154,143,6,True,1.1102230246251565e-16
Affine-DDPNM-9,8.399999999999986,0.0007698760975094854,0.08299561892510256,0.2520449481625382,0.25204494816253903,0.2520449481625382,-0.007474180881567422,0.007479684604214407,5.503722646988732e-06,0.06640688073248074,1.713039432527097e-17,2.2885722545946804e-14,-8.326672684688674e-16,0.2001407836205788,0.8,0.19552095523879565,0.8398397434270991,154,143,6,True,0.0
Affine-DDPNM-9,8.499999999999986,0.0007993117786348906,0.0839830609614191,0.25279234471286005,0.25279234471286094,0.2527923447128601,-0.007473965503219034,0.007479684604214407,5.71910099537655e-06,0.06719743883643885,-4.85722573273506e-17,6.488929554132756e-14,-8.881784197001252e-16,0.20014023881018397,0.8,0.19524164557791893,0.8398531912335345,157,144,6,True,-5.551115123125783e-17
Affine-DDPNM-9,8.599999999999985,0.0008287817087290051,0.08497047411224272,0.2535397193997034,0.25353971939970416,0.2535397193997033,-0.007473746868432077,0.007479684604214407,5.937735782333307e-06,0.06798799694039695,1.1958749962515114e-16,1.5975625565048636e-13,-7.771561172376096e-16,0.2001378629076799,0.8,0.19505699868347706,0.8398647776128744,159,144,6,True,0.0
Affine-DDPNM-9,8.699999999999985,0.0008586279687876597,0.08595785834423916,0.2542870721978374,0.25428707219783825,0.2542870721978374,-0.007473527981340863,0.007479684604214407,6.156622873547291e-06,0.06877855504435505,-4.85722573273506e-17,6.488550298340424e-14,-8.326672684688674e-16,0.2001371627316178,0.8,0.19496023712859747,0.8398747215436813,158,145,6,True,0.0
Affine-DDPNM-9,8.799999999999985,0.0008894434801307496,0.08694521328838199,0.25503440282794543,0.2550344028279463,0.2550344028279455,-0.007473306301080487,0.007479684604214407,6.37830313392352e-06,0.06956911314831316,-3.686287386450715e-17,4.924200386871248e-14,-8.881784197001252e-16,0.2001391361372646,0.8,0.19494542715253418,0.8398831660981027,158,144,6,True,5.551115123125783e-17
Affine-DDPNM-9,8.899999999999984,0.000920482919950428,0.08793253799380779,0.2557817105703173,0.2557817105703181,0.2557817105703173,-0.0074730774237179365,0.007479684604214407,6.607180496474528e-06,0.07035967125227126,6.732895491134983e-17,8.993632207717916e-14,-8.326672684688674e-16,0.2001377539374886,0.8,0.19500225088248047,0.8398902380146489,161,144,6,True,5.551115123125783e-17
Affine-DDPNM-9,8.999999999999984,0.0009517182345511343,0.08891983224106736,0.25652899525885153,0.25652899525885237,0.25652899525885153,-0.007472846885342696,0.007479684604214407,6.83771887171505e-06,0.07115022935622936,-2.5261910618912253e-17,3.3743184790903946e-14,-8.326672684688674e-16,0.20013632263369124,0.8,0.19511292241138162,0.8398960607624728,163,142,6,True,0.0
Affine-DDPNM-9,9.099999999999984,0.000983376575710812,0.08990709583824512,0.2572762567482869,0.2572762567482877,0.2572762567482869,-0.007472614894353178,0.007479684604214407,7.069709861232724e-06,0.07194078746018746,6.23416249179165e-17,8.326922762873324e-14,-7.771561172376096e-16,0.2001359229803645,0.8,0.19527010524014304,0.8399007463458815,158,142,6,True,0.0
Affine-DDPNM-9,9.199999999999983,0.0010158286876505605,0.09089432837052487,0.25802349472464836,0.25802349472464914,0.25802349472464836,-0.007472379763614747,0.007479684604214407,7.304840599663609e-06,0.07273134556414557,-2.688821387764051e-17,3.5913252016489575e-14,-7.771561172376096e-16,0.20013708517226036,0.8,0.19546679625049077,0.8399043953454163,161,144,6,True,0.0
Affine-DDPNM-9,9.299999999999983,0.0010495994503436285,0.09188152905929191,0.2587707085986011,0.25877070859860185,0.258770708598601,-0.007472138739526888,0.007479684604214407,7.545864687522022e-06,0.07352190366810367,2.3418766925686896e-17,3.127827709185166e-14,-7.771561172376096e-16,0.20014033935732276,0.8,0.19569783650955458,0.8399070906714781,162,146,6,True,0.0
Affine-DDPNM-9,9.399999999999983,0.0010848306342645928,0.09286869661089285,0.25951789739097664,0.25951789739097764,0.25951789739097675,-0.007471887923757858,0.007479684604214407,7.796680456552139e-06,0.07431246177206177,-2.220446049250313e-16,2.9655447069980777e-13,-9.992007221626409e-16,0.20014400863044887,0.8,0.19596169213672326,0.839908904019348,161,148,6,True,0.0
Affine-DDPNM-9,9.499999999999982,0.001120714061650758,0.09385582959258988,0.26026506001733335,0.2602650600173343,0.26026506001733335,-0.007471626263566376,0.007479684604214407,8.058340648035199e-06,0.07510301987601987,7.45931094670027e-17,9.962028613466653e-14,-9.43689570931383e-16,0.20014430625686058,0.8,0.19625872779237893,0.8399099051450296,158,148,6,True,5.551115123125783e-17
Affine-DDPNM-9,9.599999999999982,0.0011570884918304383,0.0948429273647159,0.2610121959935061,0.2610121959935071,0.26101219599350606,-0.007471359761727966,0.007479684604214407,8.32484248644478e-06,0.07589357797997798,-3.2959746043559335e-17,4.401669933533684e-14,-9.992007221626409e-16,0.20014396422281794,0.8,0.19638886024349403,0.839910154024972,155,147,6,True,-5.551115123125783e-17
Affine-DDPNM-9,9.699999999999982,0.0011938832030377914,0.09582998944583769,0.2617593049550973,0.26175930495509836,0.26175930495509736,-0.007471089615912737,0.007479684604214407,8.594988301673487e-06,0.07668413608393608,-8.185726402265558e-17,1.0931384573896676e-13,-1.0547118733938987e-15,0.20014336944270655,0.8,0.1964617386726949,0.8399096954608387,156,146,6,True,5.551115123125783e-17
Affine-DDPNM-9,9.799999999999981,0.0012310989422910717,0.09681701542392863,0.2625063865902433,0.2625063865902443,0.2625063865902433,-0.007470816351459393,0.007479684604214407,8.868252755017805e-06,0.07747469418789418,3.480288973678469e-17,4.6474786786601146e-14,-9.992007221626409e-16,0.2001428069684157,0.8,0.19655458885416024,0.8399085619524821,156,145,6,True,0.0
Affine-DDPNM-9,9.89999999999998,0.0012690744902866314,0.09780400488623789,0.2632534405865322,0.2632534405865332,0.2632534405865322,-0.007470539962889191,0.007479684604214407,9.144641325219324e-06,0.07826525229185229,1.8648277366750676e-17,2.4901458900077948e-14,-9.992007221626409e-16,0.2001435301516572,0.8,0.19647484536170082,0.8399067742243406,157,146,6,True,0.0
Affine-DDPNM-9,9.99999999999998,0.001307668926769125,0.09879095708760086,0.2640004663799478,0.2640004663799488,0.2640004663799478,-0.007470257934155658,0.007479684604214407,9.426670058752193e-06,0.07905581039581039,1.8431436932253575e-18,2.4610980204780573e-15,-9.992007221626409e-16,0.20014370765523845,0.8,0.19633562880516606,0.8399043384783639,155,144,6,True,0.0
Affine-DDPNM-9,10.09999999999998,0.0013472837993430623,0.09977787142114672,0.2647474635111484,0.2647474635111494,0.2647474635111484,-0.007469971312006605,0.007479684604214407,9.713292207805456e-06,0.07984636849976849,-2.7647155398380363e-17,3.6915057499599245e-14,-9.992007221626409e-16,0.20014532628065787,0.8,0.196248116429263,0.8399012515581717,153,144,6,True,1.1102230246251565e-16
Affine-DDPNM-9,10.19999999999998,0.0013872793648536806,0.10076474688601383,0.26549443122258026,0.2654944312225813,0.2654944312225803,-0.00746967711431878,0.007479684604214407,1.0007489895630216e-05,0.0806369266037266,-3.2959746043559335e-17,4.400681046618616e-14,-1.0547118733938987e-15,0.20014460519991437,0.8,0.19621798376729696,0.8398974904535867,151,144,6,False,0.0
Affine-DDPNM-9,10.29999999999998,0.0014278406487005014,0.10175158310909076,0.2662413692318346,0.26624136923183556,0.26624136923183456,-0.007469380092542608,0.007479684604214407,1.0304511671802528e-05,0.0814274847076847,8.890457814381136e-17,1.1869787361272052e-13,-9.43689570931383e-16,0.20014456485143495,0.8,0.1962425906243057,0.8398930399037626,152,143,6,False,-5.551115123125783e-17
Affine-DDPNM-9,10.399999999999979,0.0014689612788471296,0.10273837953572755,0.266988277119096,0.26698827711909695,0.266988277119096,-0.00746907887261397,0.007479684604214407,1.0605731600440291e-05,0.0822180428116428,-2.710505431213761e-18,3.61869207960267e-15,-9.43689570931383e-16,0.200144506569814,0.8,0.19571041403272857,0.8398878606176037,154,144,6,False,0.0
Affine-DDPNM-9,10.499999999999979,0.0015111109366115867,0.10372513561754106,0.2677351544692923,0.26773515446929325,0.2677351544692923,-0.007468773501963101,0.007479684604214407,1.0911102251309937e-05,0.0830086009156009,-1.463672932855431e-17,1.954014060046013e-14,-9.43689570931383e-16,0.20014604990141094,0.8,0.1950894897627833,0.8398819063805899,157,145,6,False,5.551115123125783e-17
Affine-DDPNM-9,10.599999999999978,0.0015547268213571754,0.10471185034531559,0.2684820005185464,0.2684820005185474,0.2684820005185464,-0.007468460492541941,0.007479684604214407,1.1224111672469863e-05,0.083799159019559,-7.014788055981214e-17,9.36440199985898e-14,-9.992007221626409e-16,0.20014899632059857,0.8,0.19443551873777812,0.83987510810749,157,146,6,False,5.551115123125783e-17
Affine-DDPNM-9,10.699999999999978,0.0015998757438988624,0.10569852228088929,0.26922881417831124,0.26922881417831224,0.26922881417831124,-0.007468136597648196,0.007479684604214407,1.1548006566214883e-05,0.08458971712351711,-8.456776945386935e-18,1.1288899150210338e-14,-9.992007221626409e-16,0.200152042188179,0.8,0.19376502587225175,0.8398673836862397,155,147,6,False,0.0
Affine-DDPNM-9,10.799999999999978,0.0016460118735867246,0.10668514992058277,0.26997559431044926,0.2699755943104502,0.26997559431044926,-0.007467801321379939,0.007479684604214407,1.1883282834471775e-05,0.08538027522747521,3.122502256758253e-17,4.1680223737360894e-14,-9.43689570931383e-16,0.20015318524732315,0.8,0.19310029936427103,0.8398586492958255,150,147,6,True,0.0
Affine-DDPNM-9,10.899999999999977,0.0016932178523926642,0.1076717322963014,0.27072234018220803,0.27072234018220903,0.2707223401822081,-0.007467458717588091,0.007479684604214407,1.2225886626319645e-05,0.08617083333143331,-3.979021973021801e-17,5.3110911801287194e-14,-9.992007221626409e-16,0.2001545482413292,0.8,0.19246938859676355,0.8398488335199961,149,147,6,True,0.0
Affine-DDPNM-9,10.999999999999977,0.0017411699393051262,0.10865826835888596,0.27146905099947716,0.2714690509994781,0.27146905099947716,-0.007467108172690925,0.007479684604214407,1.2576431523485276e-05,0.08696139143539142,3.252606517456513e-17,4.341288299942652e-14,-9.43689570931383e-16,0.20015483278828394,0.8,0.19190970469932161,0.8398378384480866,148,147,6,True,5.551115123125783e-17
Affine-DDPNM-9,11.099999999999977,0.0017891842542690022,0.1096447573768352,0.2722157262085821,0.272215726208583,0.27221572620858203,-0.007466752091049004,0.007479684604214407,1.2932513165406433e-05,0.08775194953934952,2.949029909160572e-17,3.9359143313489574e-14,-8.881784197001252e-16,0.200152974313314,0.8,0.19145890930432108,0.8398255743704448,156,146,6,True,0.0
Affine-DDPNM-9,11.199999999999976,0.0018375336523217547,0.11063119928963958,0.27296236576372307,0.272962365763724,0.27296236576372307,-0.00746639555141026,0.007479684604214407,1.3289052804150883e-05,0.08854250764330762,-4.391018798566293e-17,5.86018181773973e-14,-9.43689570931383e-16,0.200152033383457,0.8,0.19115583858288115,0.8398119636977585,157,145,6,True,0.0
Affine-DDPNM-9,11.299999999999976,0.0018865361180980202,0.11161759376907646,0.27370896941646783,0.2737089694164686,0.2737089694164678,-0.007466036527446179,0.007479684604214407,1.364807676823116e-05,0.08933306574726572,1.4148838350935833e-16,1.8881903357693206e-13,-7.771561172376096e-16,0.20015209837875084,0.8,0.19104149518944485,0.8397968860753908,154,145,6,True,-5.551115123125783e-17
Affine-DDPNM-9,11.399999999999975,0.0019363494056537159,0.1126039401749417,0.27445553668224476,0.27445553668224554,0.2744555366822447,-0.007465672657769104,0.007479684604214407,1.4011946445306623e-05,0.09012362385122383,2.1250362580715887e-17,2.8357650242516285e-14,-7.771561172376096e-16,0.20015263659598484,0.8,0.19114960480755058,0.8397802093715506,155,146,6,True,-5.551115123125783e-17
Affine-DDPNM-9,11.499999999999975,0.001986645148845135,0.11359023771226671,0.2752020669593408,0.27520206695934163,0.2752020669593408,-0.00746530277096081,0.007479684604214407,1.438183325360052e-05,0.09091418195518193,-4.5211230592645535e-17,6.032936986867824e-14,-8.326672684688674e-16,0.20015218504823307,0.8,0.19150654082137775,0.8397618008864554,153,146,6,True,-5.551115123125783e-17
Affine-DDPNM-9,11.599999999999975,0.00203694850081481,0.11457648590825714,0.2759485598898971,0.27594855988989797,0.2759485598898972,-0.007464929305563669,0.007479684604214407,1.4755298650741134e-05,0.09170474005914003,-8.077306185017008e-17,1.0777731611309641e-13,-8.881784197001252e-16,0.20015036576229664,0.8,0.1921284889071479,0.8397415486204848,158,147,6,True,5.551115123125783e-17
Affine-DDPNM-9,11.699999999999974,0.002087808656490021,0.11556268475599307,0.2766950154686759,0.27669501546867675,0.276695015468676,-0.007464555787787829,0.007479684604214407,1.5128816426581424e-05,0.09249529816309814,5.442694905877232e-17,7.261948497460727e-14,-8.326672684688674e-16,0.20015020158428062,0.8,0.19302105909062317,0.8397193495291234,156,148,6,True,5.551115123125783e-17
Affine-DDPNM-9,11.799999999999974,0.002139867130471408,0.1165488337097391,0.2774414332826093,0.27744143328261,0.2774414332826093,-0.0074641781393327234,0.007479684604214407,1.5506464881686884e-05,0.09328585626705624,9.194034422677078e-17,1.226657778023244e-13,-7.216449660063518e-16,0.2001518747881016,0.8,0.19418080985905936,0.8396950361840163,154,149,6,True,-5.551115123125783e-17
Affine-DDPNM-9,11.899999999999974,0.0021926455767667073,0.1175349315943946,0.2781878124422615,0.27818781244226226,0.27818781244226154,-0.007463791596522808,0.007479684604214407,1.589300769160302e-05,0.09407641437101434,-8.120674271916428e-17,1.0833953955753204e-13,-7.771561172376096e-16,0.20015214326687458,0.8,0.19558960399761396,0.839668399063243,155,148,6,True,1.1102230246251565e-16
Affine-DDPNM-9,11.999999999999973,0.0022470843355891046,0.1185209777041811,0.2789341524134276,0.2789341524134284,0.2789341524134276,-0.007463399711661364,0.007479684604214407,1.628489255304633e-05,0.09486697247497244,-4.228388472693467e-18,5.640882709724084e-15,-7.771561172376096e-16,0.20015501987357034,0.8,0.19605568021539954,0.8396392661534355,158,148,6,True,0.0
Affine-DDPNM-9,12.099999999999973,0.0023047474280174065,0.11950697041081004,0.2796804519636533,0.27968045196365404,0.2796804519636533,-0.0074629955022563685,0.007479684604214407,1.6689101958042116e-05,0.09565753057893055,6.722053469410127e-17,8.967073591695737e-14,-7.216449660063518e-16,0.2001620892764268,0.8,0.19591782127510202,0.8396074249262936,158,151,6,True,0.0
Affine-DDPNM-9,12.199999999999973,0.0023642869359119757,0.1204929065516599,0.280426708699145,0.28042670869914554,0.2804267086991449,-0.0074625673549150295,0.007479684604214407,1.711724929938151e-05,0.09644808868288865,1.6523241108679088e-16,2.2040386596231782e-13,-5.551115123125783e-16,0.20016524534516353,0.8,0.1958016536915801,0.839572576793719,153,151,6,True,-5.551115123125783e-17
Affine-DDPNM-9,12.299999999999972,0.0024254640049959837,0.12147878428657422,0.2811729212270851,0.2811729212270856,0.28117292122708504,-0.007462125279400736,0.007479684604214407,1.755932481367418e-05,0.09723864678684675,3.0791341698588326e-17,4.107021458828273e-14,-4.996003610813204e-16,0.20016764701199075,0.8,0.1957017804867681,0.8395346410716176,154,151,6,True,-5.551115123125783e-17
Affine-DDPNM-9,12.399999999999972,0.0024895347279581133,0.12246460200978254,0.28191908833206325,0.28191908833206375,0.2819190883320632,-0.007461671049781619,0.007479684604214407,1.8013554432791177e-05,0.09802920489080486,-4.87890977618477e-18,6.507210176976591e-15,-4.996003610813204e-16,0.20017327780070945,0.8,0.19562301369492938,0.839493456534217,155,151,6,True,-5.551115123125783e-17
Affine-DDPNM-9,12.499999999999972,0.002554404600982319,0.12345035688331468,0.282665207866015,0.28266520786601557,0.282665207866015,-0.007461195339518289,0.007479684604214407,1.848926469612154e-05,0.09881976299476296,-6.765421556309548e-17,9.022758973836054e-14,-5.551115123125783e-16,0.20017323941125384,0.8,0.19556969318094658,0.8394487255406602,157,152,6,True,0.0
Affine-DDPNM-9,12.599999999999971,0.002619418571750025,0.12443604812403317,0.2834112792361823,0.28341127923618276,0.28341127923618226,-0.00746071370167189,0.007479684604214407,1.8970902542520683e-05,0.09961032109872106,1.1145598333150986e-16,1.4863462287483203e-13,-4.440892098500626e-16,0.20017152123693696,0.8,0.1955320375305035,0.8394004440835717,160,152,6,True,-1.1102230246251565e-16
Affine-DDPNM-9,12.69999999999997,0.0026845990754667775,0.12542167559143996,0.28415730233622194,0.2841573023362224,0.28415730233622194,-0.007460231000396094,0.007479684604214407,1.945360381831663e-05,0.10040087920267916,1.8323016715005025e-17,2.4433496498808717e-14,-4.440892098500626e-16,0.20016992766833638,0.8,0.19551191767276715,0.8393484968147183,161,154,6,True,0.0
Affine-DDPNM-9,12.79999999999997,0.002749681009645441,0.12640723912304397,0.2849032770431441,0.2849032770431445,0.284903277043144,-0.007459747069221013,0.007479684604214407,1.993753499339809e-05,0.10119143730663727,6.873841773558098e-17,9.165584140062009e-14,-3.885780586188048e-16,0.20016773038902574,0.8,0.1955081974798687,0.8392927085110247,163,155,6,True,-5.551115123125783e-17
Affine-DDPNM-9,12.89999999999997,0.0028162302087353973,0.1273927388164373,0.28564920343081646,0.28564920343081684,0.28564920343081646,-0.007459263876723569,0.007479684604214407,2.0420727490842186e-05,0.10198199541059537,-1.0408340855860843e-17,1.3877592907744359e-14,-3.885780586188048e-16,0.20016949823379632,0.8,0.19551697411140856,0.8392329386120315,163,158,6,True,-5.551115123125783e-17
Affine-DDPNM-9,12.99999999999997,0.0028884096924032803,0.1283781732331898,0.2863950804104888,0.28639508041048917,0.28639508041048883,-0.007458769796723055,0.007479684604214407,2.0914807491354994e-05,0.10277255351455347,1.6371452804531117e-17,2.1826859302712676e-14,-3.885780586188048e-16,0.2001814031255544,0.8,0.19553995072384642,0.8391688421824255,156,160,6,True,0.0
Affine-DDPNM-9,13.09999999999997,0.002962807348027912,0.1293635368511759,0.2871409038024548,0.2871409038024551,0.28714090380245477,-0.00745823391965936,0.007479684604214407,2.145068455505102e-05,0.10356311161851157,1.1351596745923231e-16,1.513317159193036e-13,-2.7755575615628914e-16,0.20018462422839273,0.8,0.19558121918213411,0.8390997504946455,153,160,6,True,0.0
Affine-DDPNM-9,13.199999999999969,0.0030394119780690525,0.13034882749561447,0.2878866719606191,0.28788667196061934,0.28788667196061907,-0.007457681581642468,0.007479684604214407,2.200302257194183e-05,0.10435366972246968,4.8138576458356397e-17,6.417032920228177e-14,-2.220446049250313e-16,0.20018770254458265,0.8,0.1956211356943676,0.8390258157899293,154,163,6,True,-5.551115123125783e-17
Affine-DDPNM-9,13.299999999999969,0.0031199087306171005,0.13133404300279822,0.2886323832472679,0.28863238324726814,0.2886323832472679,-0.007457112866487852,0.007479684604214407,2.257173772655893e-05,0.10514422782642778,1.2793585635328952e-17,1.705298386541005e-14,-2.220446049250313e-16,0.20019463766991044,0.8,0.19566827384313557,0.8389468328483156,148,163,6,True,0.0
Affine-DDPNM-9,13.399999999999968,0.003201950475091469,0.13231917955606748,0.2893780347735651,0.2893780347735653,0.2893780347735651,-0.0074565152629714315,0.007479684604214407,2.3169341242978832e-05,0.10593478593038588,4.3151246464923076e-17,5.751311004934203e-14,-1.6653345369377348e-16,0.200195858395552,0.8,0.1957269983764003,0.8388623847051297,150,164,6,True,5.551115123125783e-17
Affine-DDPNM-9,13.499999999999968,0.0032849742834845626,0.13330423564119917,0.2901236253933926,0.2901236253933928,0.2901236253933926,-0.007455906198275291,0.007479684604214407,2.3778405939119818e-05,0.10672534403434399,-4.380176776841438e-17,5.837540307607669e-14,-2.220446049250313e-16,0.20019574670879753,0.8,0.1957318892852635,0.8387725459975427,149,165,6,True,5.551115123125783e-17
Affine-DDPNM-9,13.599999999999968,0.003369083197861419,0.13428921029610286,0.29086915437854255,0.2908691543785427,0.2908691543785425,-0.007455289851499153,0.007479684604214407,2.4394752715258186e-05,0.10751590213830209,4.163336342344337e-17,5.548097433830696e-14,-1.6653345369377348e-16,0.2001958776764877,0.8,0.1955991920818362,0.8386771935880194,150,166,6,True,-5.551115123125783e-17
Affine-DDPNM-9,13.699999999999967,0.003453807910611838,0.13527410245749869,0.29161462092421664,0.29161462092421675,0.2916146209242165,-0.007454665456740276,0.007479684604214407,2.501914747413452e-05,0.10830646024226019,6.179952383167375e-17,8.2347719345709e-14,-1.1102230246251565e-16,0.20019495933269693,0.8,0.19546568858703717,0.8385761242122831,150,166,6,True,-5.551115123125783e-17
Affine-DDPNM-9,13.799999999999967,0.0035391953010431515,0.13625891152230646,0.29236002457394245,0.2923600245739426,0.29236002457394245,-0.007454036497258773,0.007479684604214407,2.5648106955637556e-05,0.1090970183462183,-7.079840186330344e-17,9.433079729821372e-14,-1.6653345369377348e-16,0.20019418262182437,0.8,0.19533155859733964,0.8384692147426073,151,167,6,True,5.551115123125783e-17
Affine-DDPNM-9,13.899999999999967,0.0036256014487506543,0.13724363684130658,0.29310536483632454,0.2931053648363249,0.29310536483632466,-0.007453402623822725,0.007479684604214407,2.628198039168605e-05,0.1098875764501764,-1.732555071631836e-16,2.3082371232308906e-13,-3.3306690738754696e-16,0.20019421477265614,0.8,0.19519964840934534,0.8383562782164133,147,169,6,True,1.1102230246251565e-16
Affine-DDPNM-9,13.999999999999966,0.0037136000331120353,0.1382282774158821,0.29385064095550806,0.2938506409555083,0.293850640955508,-0.007452761191834057,0.007479684604214407,2.6923412380353602e-05,0.1106781345541345,1.0755285551056204e-16,1.4327756993944047e-13,-2.220446049250313e-16,0.2001954859543623,0.8,0.19383291311459958,0.8382370848562825,146,168,6,True,-5.551115123125783e-17
Affine-DDPNM-9,14.099999999999966,0.0038030136099995444,0.13921283168463794,0.29459585174967046,0.2945958517496707,0.2945958517496705,-0.007452107941624225,0.007479684604214407,2.7576662590185584e-05,0.1114686926580926,-2.3852447794681098e-17,3.177250257713984e-14,-2.220446049250313e-16,0.20019633800721479,0.8,0.1944006299608898,0.8381113705422426,148,169,6,True,5.551115123125783e-17
Affine-DDPNM-9,14.199999999999966,0.003893734976896194,0.14019729826020896,0.2953409961687127,0.2953409961687129,0.2953409961687127,-0.007451444190422176,0.007479684604214407,2.824041379223438e-05,0.1122592507620507,3.0357660829594124e-18,4.043415558464661e-15,-2.220446049250313e-16,0.2001969382021101,0.8,0.19483818879387516,0.8379789821442293,147,171,6,True,0.0
Affine-DDPNM-9,14.299999999999965,0.003985675769116698,0.14118167586039604,0.29608607324213604,0.29608607324213615,0.296086073242136,-0.007450770734232646,0.007479684604214407,2.891386998176455e-05,0.11304980886600881,9.6710833785707e-17,1.2880011378696117e-13,-1.1102230246251565e-16,0.20019733740327578,0.8,0.19473276277744478,0.837839763385449,147,172,6,True,0.0
Affine-DDPNM-9,14.399999999999965,0.004078418730252268,0.14216596328972342,0.2968310820650829,0.2968310820650832,0.29683108206508296,-0.007450088229470103,0.007479684604214407,2.9596374744307098e-05,0.11384036696996691,-1.4159680372660688e-16,1.885623991476233e-13,-2.7755575615628914e-16,0.2001968690963189,0.8,0.19463675607961714,0.837693562187231,148,173,6,True,-5.551115123125783e-17
Affine-DDPNM-9,14.499999999999964,0.004173797602903795,0.1431501597620573,0.2975760220425273,0.2975760220425276,0.2975760220425273,-0.007449399774443773,0.007479684604214407,3.0284829770637546e-05,0.11463092507392501,2.5912431922403556e-17,3.4504044457413374e-14,-2.7755575615628914e-16,0.2002001453454178,0.8,0.1945502979959882,0.8375402883800258,149,174,6,True,-5.551115123125783e-17
Affine-DDPNM-9,14.599999999999964,0.004270330438104491,0.1441342626928368,0.2983208912182107,0.29832089121821087,0.2983208912182107,-0.007448691756832921,0.007479684604214407,3.09928473814892e-05,0.11542148317788312,1.0148132334464322e-16,1.3511607175073147e-13,-1.6653345369377348e-16,0.2002003392257173,0.8,0.19447842917962269,0.8373794902254923,149,175,6,True,0.0
Affine-DDPNM-9,14.699999999999964,0.004369606547340138,0.14511827095122773,0.29906568873620276,0.2990656887362029,0.29906568873620276,-0.007447975179919968,0.007479684604214407,3.170942429444249e-05,0.11621204128184122,6.06069014419397e-17,8.068662249898143e-14,-1.1102230246251565e-16,0.20020368517875173,0.8,0.1944146584264107,0.8372112613710468,149,174,6,True,0.0
Affine-DDPNM-9,14.799999999999963,0.00446923570387931,0.14610218184788798,0.29981041256093593,0.2998104125609361,0.29981041256093605,-0.007447238247332297,0.007479684604214407,3.244635688211347e-05,0.11700259938579932,-5.637851296924623e-17,7.504996020598774e-14,-1.6653345369377348e-16,0.20020223458972658,0.8,0.19436524921287993,0.8370351944088329,150,174,6,True,5.551115123125783e-17
Affine-DDPNM-9,14.899999999999963,0.0045692425031894045,0.1470859950381885,0.3005550624315599,0.3005550624315599,0.3005550624315598,-0.007446498706238067,0.007479684604214407,3.318589797634321e-05,0.11779315748975742,1.4116312285761268e-16,1.8789505664505936e-13,0.0,0.2002008857729303,0.8,0.19432231278723042,0.836851569709626,148,175,6,True,0.0
Affine-DDPNM-9,14.999999999999963,0.004670806608144788,0.14806971015388226,0.3012996380693478,0.3012996380693477,0.3012996380693478,-0.007445756377878184,0.007479684604214407,3.392822633622655e-05,0.11858371559371553,8.46761896711179e-17,1.126970361406184e-13,1.1102230246251565e-16,0.20020185094648216,0.8,0.1942906093687075,0.8366602781739186,146,176,6,True,5.551115123125783e-17
Affine-DDPNM-9,15.099999999999962,0.004773617051237486,0.14905332567042556,0.30204413832036997,0.30204413832036975,0.30204413832036986,-0.007445002510220794,0.007479684604214407,3.468209399361681e-05,0.11937427369767363,1.0495077029659683e-16,1.396668202546261e-13,2.220446049250313e-16,0.20020220309207834,0.8,0.1942721067670634,0.8364610116875457,142,176,6,True,-5.551115123125783e-17
Affine-DDPNM-9,15.199999999999962,0.004877235743280171,0.15003684036903947,0.3027885622621306,0.3027885622621304,0.3027885622621306,-0.007444239417606639,0.007479684604214407,3.5445186607772126e-05,0.12016483180163173,-5.594483210025203e-17,7.444293532837506e-14,1.6653345369377348e-16,0.2002017314660352,0.8,0.19426364426495454,0.8362537332671734,143,178,6,True,0.0
Affine-DDPNM-9,15.299999999999962,0.004980506929144746,0.1510202534613145,0.3035329092978811,0.30353290929788096,0.3035329092978811,-0.0074434703575057245,0.007479684604214407,3.6214246708686435e-05,0.12095538990558984,-2.47198095326695e-17,3.2890024231278e-14,1.6653345369377348e-16,0.20019913972985218,0.8,0.19426473761451835,0.8360384458227265,144,177,6,True,0.0
Affine-DDPNM-9,15.399999999999961,0.005084469188036217,0.1520035652928203,0.3042771796891839,0.3042771796891836,0.3042771796891838,-0.007442703913026244,0.007479684604214407,3.6980691188166315e-05,0.12174594800954794,1.3487475025719675e-16,1.7943429028254104e-13,2.7755575615628914e-16,0.20019854824817984,0.8,0.19427380641450534,0.8358153055532527,147,180,6,True,0.0
Affine-DDPNM-9,15.499999999999961,0.005189662350268569,0.15298677519075152,0.3050213729267913,0.3050213729267911,0.3050213729267913,-0.007441932376074719,0.007479684604214407,3.775222813969155e-05,0.12253650611350604,-3.415236843329339e-17,4.543086851931487e-14,2.220446049250313e-16,0.20019896863338474,0.8,0.19429454704018334,0.8355840755465804,147,179,6,True,0.0
Affine-DDPNM-9,15.59999999999996,0.005295595265396739,0.15396988195275657,0.3057654881006415,0.30576548810064114,0.30576548810064147,-0.007441151738500313,0.007479684604214407,3.85328657140973e-05,0.12332706421746414,1.7032816129747275e-16,2.2655391650847321e-13,3.885780586188048e-16,0.200198504193188,0.8,0.19432552895115834,0.8353446179325467,146,178,6,True,-5.551115123125783e-17
Affine-DDPNM-9,15.69999999999996,0.005405688042554585,0.15495288485767048,0.30650952466488346,0.306509524664883,0.30650952466488346,-0.007440365642419043,0.007479684604214407,3.9318961795367096e-05,0.12411762232142225,3.003240017784847e-17,3.9941994859015914e-14,4.440892098500626e-16,0.20020415783231676,0.8,0.1943644105602205,0.835097005346833,149,181,6,True,5.551115123125783e-17
Affine-DDPNM-9,15.79999999999996,0.005518608564089543,0.1559357798295238,0.30725347953440896,0.3072534795344085,0.3072534795344089,-0.007439548695254948,0.007479684604214407,4.013590895946246e-05,0.12490818042538035,3.469446951953614e-18,4.613736386228285e-15,4.440892098500626e-16,0.20020730222627675,0.8,0.19441757619077055,0.8348405601684926,147,180,6,True,0.0
Affine-DDPNM-9,15.89999999999996,0.005635920565774372,0.15691856409778748,0.3079973506121999,0.30799735061219946,0.3079973506121999,-0.007438710777909367,0.007479684604214407,4.0973826305043475e-05,0.12569873852933847,1.0625181290357943e-17,1.4127993431053966e-14,4.440892098500626e-16,0.20021308650324932,0.8,0.19447584042090657,0.8345755470804079,148,183,6,True,0.0
Affine-DDPNM-9,15.99999999999996,0.00575994196497294,0.15790123335736697,0.3087411346397229,0.30874113463972236,0.30874113463972286,-0.0074378402752290134,0.007479684604214407,4.184432898539713e-05,0.12648929663329658,1.0755285551056204e-16,1.4299334146788552e-13,5.551115123125783e-16,0.20022269670681564,0.8,0.19445914735807357,0.834301748156171,146,186,6,True,-5.551115123125783e-17
Affine-DDPNM-9,16.09999999999996,0.005888501116992978,0.15888378102909173,0.3094848266371927,0.3094848266371921,0.3094848266371926,-0.007436919974697699,0.007479684604214407,4.2764629516712e-05,0.1272798547372547,-5.637851296924623e-18,7.494701687907916e-15,5.551115123125783e-16,0.20022830059509758,0.8,0.194369729334962,0.8340187078197261,146,187,6,True,5.551115123125783e-17
Affine-DDPNM-9,16.19999999999996,0.006018853107131947,0.15986620266242388,0.31022842323598954,0.3102284232359891,0.31022842323598954,-0.007435965987969725,0.007479684604214407,4.371861624468531e-05,0.12807041284121282,-1.1405806854547507e-16,1.5160435404459822e-13,4.440892098500626e-16,0.20022909620872892,0.8,0.19430954375755916,0.8337268821574216,142,188,6,True,1.1102230246251565e-16
Affine-DDPNM-9,16.29999999999996,0.006149563099739313,0.16084849649752198,0.3109719231040865,0.310971923104086,0.3109719231040864,-0.007434998680969002,0.007479684604214407,4.468592324540933e-05,0.12886097094517093,6.375108774214766e-17,8.472614089044556e-14,4.996003610813204e-16,0.2002274734004025,0.8,0.1942807983602158,0.8334268984021099,144,190,6,True,0.0
Affine-DDPNM-9,16.399999999999963,0.00628150041502133,0.16183066218044642,0.3117153259735861,0.31171532597358564,0.3117153259735861,-0.007434028694996426,0.007479684604214407,4.565590921798448e-05,0.12965152904912905,-5.5077470362263625e-17,7.318933975672309e-14,4.440892098500626e-16,0.20022733580719212,0.8,0.1942883808861335,0.8331191515285377,144,190,6,True,-5.551115123125783e-17
Affine-DDPNM-9,16.499999999999964,0.006414236352662433,0.16281269850366448,0.31245863093050474,0.31245863093050424,0.31245863093050474,-0.007433049569186191,0.007479684604214407,4.663503502821982e-05,0.13044208715308717,3.642919299551295e-17,4.8402399501569424e-14,4.996003610813204e-16,0.20022649946132118,0.8,0.1943381263791606,0.8328035881142034,144,190,6,True,0.0
Affine-DDPNM-9,16.599999999999966,0.00654985840967545,0.1637946046789085,0.31320183737820134,0.31320183737820073,0.31320183737820123,-0.0074320644769647285,0.007479684604214407,4.7620127249682526e-05,0.13123264525704528,1.2533377113932431e-16,1.6650550975494573e-13,6.106226635438361e-16,0.2002290576643424,0.8,0.19442935000692024,0.8324804347400304,145,193,6,True,-5.551115123125783e-17
Affine-DDPNM-9,16.699999999999967,0.006692586351131174,0.16477637786997218,0.31394494316994653,0.3139449431699459,0.3139449431699465,-0.007431057917452046,0.007479684604214407,4.862668676236448e-05,0.1320232033610034,-1.3552527156068805e-17,1.800208125335159e-14,6.106226635438361e-16,0.20023827709599049,0.8,0.1945670579709079,0.8321494210452538,144,194,6,True,-5.551115123125783e-17
Affine-DDPNM-9,16.79999999999997,0.006839745934447175,0.1657580111022675,0.3146879430266628,0.31468794302666225,0.3146879430266628,-0.007429998567163171,0.007479684604214407,4.9686037051240004e-05,0.13281376146496152,-4.163336342344337e-17,5.529461279972933e-14,5.551115123125783e-16,0.2002429708231074,0.8,0.19475493885259013,0.8318098522485625,146,196,6,True,0.0
Affine-DDPNM-9,16.89999999999997,0.006991688087662102,0.1667395000233006,0.3154308336539402,0.31543083365393965,0.31543083365394015,-0.007428906272773718,0.007479684604214407,5.077833144069242e-05,0.13360431956891963,2.0816681711721685e-17,2.7643296155352198e-14,5.551115123125783e-16,0.2002480562222075,0.8,0.19498194511852301,0.8314624611189081,148,196,6,True,-5.551115123125783e-17
Affine-DDPNM-9,16.99999999999997,0.007144566834022166,0.16772083993680825,0.3161736114971691,0.31617361149716844,0.31617361149716905,-0.007427778432287911,0.007479684604214407,5.190617192649991e-05,0.13439487767287775,1.1232334506949826e-16,1.4913628263676235e-13,6.661338147750939e-16,0.20024702496973615,0.8,0.1952525747101697,0.8323593595978745,148,193,6,True,-5.551115123125783e-17
Affine-DDPNM-9,17.099999999999973,0.007300465101856413,0.16870202991846794,0.31691627585672827,0.31691627585672755,0.3169162758567282,-0.007426643595591023,0.007479684604214407,5.3041008623387976e-05,0.13518543577683587,6.19079440489223e-17,8.218531675097055e-14,7.216449660063518e-16,0.20024920695030018,0.8,0.19549904890648834,0.833944045528745,148,196,6,True,-5.551115123125783e-17
Affine-DDPNM-9,17.199999999999974,0.007460604889795085,0.16968306700272046,0.3176588244879809,0.31765882448798005,0.3176588244879808,-0.007425486312525261,0.007479684604214407,5.419829168914982e-05,0.13597599388079398,8.912141857830846e-17,1.1829413837420673e-13,8.326672684688674e-16,0.20025316497195705,0.8,0.19558589917460106,0.8355514632821028,148,199,6,True,0.0
Affine-DDPNM-9,17.299999999999976,0.007623346853169465,0.1706639470271016,0.31840125424035076,0.31840125424034993,0.3184012542403507,-0.0074242975236986225,0.007479684604214407,5.5387080515787915e-05,0.1367665519847521,1.5178830414797062e-17,2.014424155453879e-14,8.326672684688674e-16,0.20025454291316883,0.8,0.1956714178807083,0.8371834551594521,151,199,6,True,0.0
Affine-DDPNM-9,17.399999999999977,0.007787733438797617,0.17164466743764725,0.3191435631807381,0.3191435631807372,0.319143563180738,-0.007423089403873102,0.007479684604214407,5.659520034130801e-05,0.13755711008871022,3.8163916471489756e-17,5.064025946650693e-14,8.881784197001252e-16,0.20025446015066406,0.8,0.19569247945307564,0.8388443081716134,149,200,6,True,0.0
Affine-DDPNM-9,17.49999999999998,0.007953838914195006,0.17262522661996546,0.31988575008720693,0.319885750087206,0.3198857500872069,-0.007421869064687747,0.007479684604214407,5.781553952666402e-05,0.13834766819266833,4.7704895589362195e-17,6.32900758601975e-14,9.43689570931383e-16,0.200254489896597,0.8,0.19567773926537382,0.8405397420059592,152,202,6,True,5.551115123125783e-17
Affine-DDPNM-9,17.59999999999998,0.008120819828927385,0.17360562288714534,0.32062781368293153,0.32062781368293064,0.3206278136829315,-0.00742063595724625,0.007479684604214407,5.904864696816018e-05,0.13913822629662645,-2.927345865710862e-17,3.8830739438242654e-14,8.881784197001252e-16,0.2002532980817978,0.8,0.19567352350147582,0.8422767752582886,155,202,6,True,0.0
Affine-DDPNM-9,17.69999999999998,0.008291830415204772,0.17458585537935395,0.3213697533171029,0.3213697533171021,0.32136975331710294,-0.007419396341714795,0.007479684604214407,6.028826249961542e-05,0.13992878440058457,-1.2826111700503517e-16,1.7010819438257785e-13,7.771561172376096e-16,0.20025666752870708,0.8,0.1956776485712371,0.8440643252175302,154,203,6,True,0.0
Affine-DDPNM-9,17.799999999999983,0.008470109357200668,0.17556592014424707,0.32211156599818497,0.3221115659981842,0.32211156599818497,-0.007418126810820739,0.007479684604214407,6.155779339367157e-05,0.14071934250454268,1.3986208025063007e-17,1.8546291562646407e-14,7.771561172376096e-16,0.2002645310985013,0.8,0.19569504367276355,0.8459115112745712,154,206,6,True,-5.551115123125783e-17
Affine-DDPNM-9,17.899999999999984,0.008654997118354883,0.17654581005470613,0.32285324633164963,0.3228532463316488,0.3228532463316496,-0.007416803334645883,0.007479684604214407,6.28812695685278e-05,0.1415099006085008,7.882149793969617e-17,1.0450223340265459e-13,8.326672684688674e-16,0.20027122813818923,0.8,0.19572487673725203,0.847828864169111,157,207,6,True,-5.551115123125783e-17
Affine-DDPNM-9,17.999999999999986,0.008844946088475554,0.17752551863167199,0.3235947894134861,0.32359478941348524,0.3235947894134861,-0.0074154308183642685,0.007479684604214407,6.425378585014195e-05,0.14230045871245892,1.0842021724855044e-17,1.4371832276803994e-14,8.326672684688674e-16,0.20027557174961821,0.8,0.19531823162715747,0.8498300112440926,158,208,6,True,0.0
Affine-DDPNM-9,18.099999999999987,0.00903678594432613,0.178505040915777,0.32433619148994053,0.3243361914899397,0.3243361914899405,-0.0074140207645443735,0.007479684604214407,6.56638396700371e-05,0.14309101681641703,1.8648277366750676e-17,2.471493199477783e-14,8.326672684688674e-16,0.20027543473276158,0.8,0.19466774752787203,0.8519305623357315,157,207,6,True,-5.551115123125783e-17
Affine-DDPNM-9,18.19999999999999,0.009233680908500713,0.1794843750593238,0.32507745116248765,0.3250774511624868,0.3250774511624877,-0.00741259672547129,0.007479684604214407,6.708787874312054e-05,0.14388157492037515,-5.854691731421724e-18,7.757874965282259e-15,8.326672684688674e-16,0.20027961241188869,0.8,0.19404380050390943,0.854148634322693,158,211,6,True,0.0
Affine-DDPNM-9,18.29999999999999,0.009434394585117373,0.18046351611675346,0.3258185646878256,0.3258185646878247,0.32581856468782555,-0.007411135253379261,0.007479684604214407,6.854935083514967e-05,0.14467213302433327,2.905661822261152e-17,3.849459144436488e-14,8.881784197001252e-16,0.200282017827758,0.8,0.19350069070438272,0.8565017536476857,158,212,6,True,0.0
Affine-DDPNM-9,18.39999999999999,0.009637206505775337,0.18144246036017792,0.32655952924430953,0.32655952924430864,0.32655952924430953,-0.007409645564839109,0.007479684604214407,7.00390393753017e-05,0.14546269112829138,1.4203048459560108e-17,1.8812673324300522e-14,8.881784197001252e-16,0.20028208902176045,0.8,0.19307184814310338,0.8590110373295439,159,213,6,True,0.0
Affine-DDPNM-9,18.499999999999993,0.009845128415444977,0.18242120575486906,0.3273003432918503,0.32730034329184937,0.3273003432918503,-0.007408140475407251,0.007479684604214407,7.154412880716034e-05,0.1462532492322495,5.811323644522304e-17,7.69586493799261e-14,9.43689570931383e-16,0.20028615319560467,0.8,0.1927874810798365,0.8616933798966842,156,215,6,True,0.0
Affine-DDPNM-9,18.599999999999994,0.01005835064730048,0.18339974732058015,0.32804100306089073,0.3280410030608898,0.3280410030608908,-0.007406597690404438,0.007479684604214407,7.308691380997325e-05,0.14704380733620762,-2.45029690981724e-17,3.2442354491589033e-14,9.43689570931383e-16,0.20029038412964884,0.8,0.19267195452241287,0.8644908949927984,158,216,6,True,0.0
Affine-DDPNM-9,18.699999999999996,0.010274201695568664,0.18437807989860033,0.32878150464679384,0.32878150464679284,0.3287815046467938,-0.007405015859030556,0.007479684604214407,7.46687451838551e-05,0.14783436544016573,5.2692225582795515e-17,6.97508087664349e-14,9.992007221626409e-16,0.20029110292965602,0.8,0.19272616784679966,0.8674676880611575,159,216,6,True,-1.1102230246251565e-16
Affine-DDPNM-9,18.799999999999997,0.010492101887500188,0.18535620095837535,0.3295218461341788,0.32952184613417773,0.3295218461341788,-0.007403414873849105,0.007479684604214407,7.626973036530576e-05,0.14862492354412385,3.2959746043559335e-17,4.362089100078271e-14,1.0547118733938987e-15,0.20029112982986408,0.8,0.19293870151611361,0.870638173338827,158,218,6,True,-5.551115123125783e-17
Affine-DDPNM-9,18.9,0.010712421956902293,0.18633410854743238,0.3302620260452156,0.33026202604521443,0.3302620260452157,-0.007401799110367234,0.007479684604214407,7.788549384717674e-05,0.14941548164808197,8.55435514091063e-17,1.1318922656244641e-13,1.1657341758564144e-15,0.20029170356743092,0.8,0.1932952370157878,0.8740142042964182,159,217,6,True,1.1102230246251565e-16
Affine-DDPNM-9,19.0,0.010935688916570043,0.18731180036039435,0.33100204263496047,0.33100204263495936,0.33100204263496047,-0.007400165897449197,0.007479684604214407,7.951870676521414e-05,0.15020603975204008,-4.5644911461639737e-17,6.038323032711824e-14,1.1102230246251565e-15,0.20029301094703567,0.8,0.19377338768185662,0.8776046820632206,160,219,6,True,0.0
Affine-DDPNM-9,19.1,0.011165089828434038,0.18828927358619665,0.33174189377571384,0.3317418937757127,0.33174189377571384,-0.007398511407533636,0.007479684604214407,8.117319668077445e-05,0.1509965978559982,3.3610267347050637e-18,4.445298170145626e-15,1.1102230246251565e-15,0.2002983185398771,0.8,0.19434823502032897,0.8814149817339009,161,221,6,True,5.551115123125783e-17
Affine-DDPNM-9,19.200000000000003,0.011403850950149582,0.18926652230039637,0.3324815749832548,0.33248157498325365,0.33248157498325476,-0.007396812075409396,0.007479684604214407,8.287252880501494e-05,0.15178715595995632,3.686287386450715e-17,4.874392776956027e-14,1.1657341758564144e-15,0.2003075252015867,0.8,0.19499940006395586,0.8854445754933425,163,222,6,True,-5.551115123125783e-17
Affine-DDPNM-9,19.300000000000004,0.011645438963420726,0.1902435374259411,0.33322107938714707,0.33322107938714585,0.333221079387147,-0.007395044038922008,0.007479684604214407,8.46405652924028e-05,0.15257771406391443,5.410168840702667e-17,7.152216119042654e-14,1.2212453270876722e-15,0.20030869478887103,0.8,0.19570651073009104,0.8896873850358775,161,222,6,True,-5.551115123125783e-17
Affine-DDPNM-9,19.400000000000006,0.011887172251170985,0.19122031629778338,0.3339604049702116,0.33396040497021034,0.3339604049702116,-0.007393255830644742,0.007479684604214407,8.64287735696687e-05,0.15336827216787255,7.979727989493313e-17,1.054666721347807e-13,1.27675647831893e-15,0.20030676710095938,0.8,0.1954213228750415,0.894136866800036,162,223,6,True,1.1102230246251565e-16
Affine-DDPNM-9,19.500000000000007,0.012129466888001365,0.19219685888259555,0.33469955170722276,0.3346995517072215,0.33469955170722276,-0.007391467370111429,0.007479684604214407,8.821723410298193e-05,0.15415883027183067,-3.2526065174565133e-19,4.2978973392441387e-16,1.27675647831893e-15,0.20030553533976755,0.8,0.19300726740039648,0.898778234808587,165,222,6,True,0.0
Affine-DDPNM-9,19.60000000000001,0.012372470152541141,0.19317316473662252,0.3354385192623015,0.3354385192623002,0.3354385192623015,-0.0073896755507871425,0.007479684604214407,9.00090534272679e-05,0.15494938837578878,2.5695591487906455e-17,3.3945351886157924e-14,1.27675647831893e-15,0.20030465499249198,0.8,0.19334081518376248,0.9035885594692424,164,221,6,True,5.551115123125783e-17
Affine-DDPNM-9,19.70000000000001,0.0126240249324826,0.19414923326241013,0.33617730718323374,0.3361773071832325,0.3361773071832337,-0.007387879209322703,0.007479684604214407,9.180539489170745e-05,0.1557399464797469,-3.252606517456513e-17,4.295860547713216e-14,1.2212453270876722e-15,0.20031302600767364,0.8,0.1936749641382989,0.9085391124201173,163,225,6,True,0.0
Affine-DDPNM-9,19.80000000000001,0.012882644354989516,0.1951250561595394,0.3369159091874183,0.33691590918741715,0.33691590918741826,-0.007386020041846403,0.007479684604214407,9.366456236800782e-05,0.15653050458370502,-6.613633252161577e-17,8.732772128537783e-14,1.1657341758564144e-15,0.20031956030610534,0.8,0.19386923778970405,0.9135915537198116,164,227,6,True,5.551115123125783e-17
Affine-DDPNM-9,19.900000000000013,0.013144504491203888,0.1961006265635677,0.337654320079147,0.3376543200791458,0.3376543200791469,-0.007384108917286676,0.007479684604214407,9.557568692773477e-05,0.15732106268766313,-9.540979117872439e-18,1.2594919185851396e-14,1.1657341758564144e-15,0.20032164812434594,0.8,0.1897330639424184,0.918711677370723,164,228,6,True,-1.1102230246251565e-16
Affine-DDPNM-9,20.000000000000014,0.013409033834986823,0.197075941331751,0.3383925374796714,0.3383925374796702,0.33839253747967135,-0.007382174005243543,0.007479684604214407,9.7510598970868e-05,0.15811162079162125,7.806255641895632e-17,1.0302302412130104e-13,1.2212453270876722e-15,0.20032309161771955,0.8,0.1894216905558193,0.923850277317986,164,228,6,True,-1.1102230246251565e-16
Affine-DDPNM-9,20.100000000000016,0.013674459465937636,0.19805099785382926,0.3391305594132814,0.3391305594132802,0.3391305594132814,-0.007380219336100187,0.007479684604214407,9.946526811422385e-05,0.15890217889557937,-1.8539857149502126e-17,2.4461657919169644e-14,1.2212453270876722e-15,0.20032254713195577,0.8,0.1892929180842863,0.9289580338481771,164,228,6,True,5.551115123125783e-17
Affine-DDPNM-9,20.200000000000017,0.013942922144107776,0.19902579523020456,0.33986838519906976,0.33986838519906853,0.33986838519906976,-0.007378257857883434,0.007479684604214407,0.00010142674633097715,0.15969273699953748,5.204170427930421e-18,6.864653725942218e-15,1.2212453270876722e-15,0.2003243769600767,0.8,0.1893612814872379,0.9340139017361166,163,229,6,False,5.551115123125783e-17
Affine-DDPNM-9,20.30000000000002,0.014212565809397367,0.2000003304382002,0.34060601254916734,0.34060601254916617,0.34060601254916734,-0.00737627350097636,0.007479684604214407,0.00010341110323805007,0.1604832951034956,-5.551115123125783e-17,7.320381196917112e-14,1.1657341758564144e-15,0.20032409818805993,0.8,0.1896093182638104,0.9389860645169107,163,228,6,True,0.0
Affine-DDPNM-9,20.40000000000002,0.014485121835678776,0.20097460224722205,0.3413434405321354,0.34134344053213417,0.3413434405321354,-0.0073742798296799975,0.007479684604214407,0.0001054047745344129,0.16127385320745372,5.323432666903827e-17,7.018286009679085e-14,1.2212453270876722e-15,0.2003256411235567,0.8,0.1900203222297277,0.9438510902328493,168,230,6,True,0.0
Affine-DDPNM-9,20.50000000000002,0.014758392228209682,0.20194860769468037,0.3420806669055847,0.3420806669055835,0.3420806669055847,-0.007372263734492856,0.007479684604214407,0.00010742086972155453,0.16206441131141183,2.1141942363467336e-17,2.7865623373889292e-14,1.2212453270876722e-15,0.2003246877638443,0.8,0.19058060683270167,0.9485891290813975,169,230,6,True,0.0
Affine-DDPNM-9,20.600000000000023,0.015035461278126732,0.20292234592140232,0.3428176910192059,0.3428176910192047,0.34281769101920584,-0.00737024113621184,0.007479684604214407,0.00010944346800257089,0.16285496941536995,1.452830911130576e-17,1.9143581414171167e-14,1.2212453270876722e-15,0.2003268832335369,0.8,0.19062242416306557,0.953187259818869,168,232,6,True,-5.551115123125783e-17
Affine-DDPNM-9,20.700000000000024,0.015317511829071317,0.20389581296843784,0.34355450987646297,0.3435545098764617,0.34355450987646297,-0.007368188572570201,0.007479684604214407,0.00011149603164420985,0.16364552751932807,5.095750210681871e-17,6.712724219222198e-14,1.27675647831893e-15,0.20033002896801375,0.8,0.19007146972098282,0.9576312188617876,165,233,6,True,5.551115123125783e-17
Affine-DDPNM-9,20.800000000000026,0.015601688268989474,0.20486900360038113,0.3442911195146684,0.3442911195146672,0.3442911195146684,-0.007366096382055139,0.007479684604214407,0.00011358822215927101,0.16443608562328618,-8.185726402265558e-17,1.0780234807096768e-13,1.2212453270876722e-15,0.2003297524642004,0.8,0.18957121238499025,0.9619064248701883,165,232,6,True,0.0
Affine-DDPNM-9,20.900000000000027,0.01588716667683866,0.20584191520666498,0.34502751795787945,0.3450275179578782,0.34502751795787945,-0.007363984432110475,0.007479684604214407,0.00011570017210393636,0.1652266437272443,2.927345865710862e-18,3.854111347772711e-15,1.2212453270876722e-15,0.20032808845255354,0.8,0.18912263610913235,0.9659954186238349,164,233,6,True,0.0
Affine-DDPNM-9,21.00000000000003,0.01617732540001956,0.20681454574220368,0.3457637036581673,0.34576370365816606,0.3457637036581672,-0.007361857002878348,0.007479684604214407,0.00011782760133606239,0.16601720183120242,-6.830473686658678e-18,8.990408309799855e-15,1.2212453270876722e-15,0.20032913335817082,0.8,0.18872960931283775,0.9698699523742128,163,235,6,True,-5.551115123125783e-17
Affine-DDPNM-9,21.10000000000003,0.016476373367382897,0.20778688952489813,0.34649967231474144,0.3464996723147402,0.3464996723147414,-0.007359686565741486,0.007479684604214407,0.00011999803847292473,0.16680775993516053,1.1058862159352145e-17,1.455174206516814e-14,1.2212453270876722e-15,0.20033329382484993,0.8,0.18839478762959158,0.9734890488781921,163,235,6,True,-5.551115123125783e-17
Affine-DDPNM-9,21.20000000000003,0.016782216942641145,0.2087589363107489,0.3472354161739014,0.34723541617390014,0.3472354161739014,-0.007357438591599441,0.007479684604214407,0.00012224601261496968,0.16759831803911865,3.209238430557093e-17,4.221609736153586e-14,1.27675647831893e-15,0.2003336638386796,0.8,0.1881144769725868,0.9767177668076852,166,236,6,True,0.0
Affine-DDPNM-9,21.300000000000033,0.017097583226402025,0.20973067732162715,0.3479709285914666,0.34797092859146533,0.34797092859146656,-0.007355124175651827,0.007479684604214407,0.00012456042856258368,0.16838887614307677,1.5612511283791264e-17,2.0531310099156202e-14,1.27675647831893e-15,0.20033457947721656,0.8,0.18787591381735522,0.97952588028803,166,237,6,True,0.0
Affine-DDPNM-9,21.400000000000034,0.01743637252934241,0.210702100331904,0.3487062003138378,0.3487062003138366,0.3487062003138378,-0.007352717223712525,0.007479684604214407,0.00012696738050188601,0.16917943424703488,-5.2366964931049864e-17,6.884364505733728e-14,1.2212453270876722e-15,0.20034627447205408,0.8,0.1876767903594822,0.9818532284202809,165,238,6,True,0.0
Affine-DDPNM-9,21.500000000000036,0.017793775214142073,0.21167317847818587,0.3494412110080669,0.3494412110080657,0.3494412110080669,-0.007350106942290871,0.007479684604214407,0.00012957766192354,0.169969992350993,1.1926223897340549e-17,1.5673298514645178e-14,1.2212453270876722e-15,0.20034901752224543,0.8,0.18752067484925006,0.9835606048740345,165,240,6,True,-5.551115123125783e-17
Affine-DDPNM-9,21.600000000000037,0.018180733465579153,0.21264388832691927,0.35017594293725757,0.3501759429372564,0.3501759429372576,-0.007347319291906873,0.007479684604214407,0.00013236531230753705,0.17076055045495112,-3.003240017784847e-17,3.9453761479760113e-14,1.1657341758564144e-15,0.20035711907635792,0.8,0.18738196563366594,0.9844473065506625,165,243,6,True,5.551115123125783e-17
Affine-DDPNM-9,21.70000000000004,0.018600102834604205,0.21361419415453323,0.3509103690621784,0.3509103690621771,0.3509103690621784,-0.007344261249206998,0.007479684604214407,0.0001354233550074122,0.17155110855890923,1.0625181290357943e-16,1.3952765144308892e-13,1.27675647831893e-15,0.20036106229769612,0.8,0.1872615242049375,0.9842846005178675,163,243,6,True,0.0
Affine-DDPNM-9,21.80000000000004,0.01905793523995908,0.2145840556225397,0.3516444588505594,0.3516444588505582,0.3516444588505594,-0.0073408978838107345,0.007479684604214407,0.00013878672040367582,0.17234166666286735,-5.3017486234541167e-17,6.959071443010117e-14,1.2212453270876722e-15,0.20036225657285803,0.8,0.18714349492908275,0.9828106447743596,159,245,6,True,5.551115123125783e-17
Affine-DDPNM-9,21.90000000000004,0.019565920375617517,0.21555342443891837,0.3523781757500886,0.3523781757500874,0.35237817575008856,-0.007337168995292326,0.007479684604214407,0.00014251560892208483,0.17313222476682547,-8.348356728138384e-18,1.0952686225363636e-14,1.2212453270876722e-15,0.20036413805882697,0.8,0.18703071523347606,0.9797686540240269,156,246,6,True,0.0
Affine-DDPNM-9,22.000000000000043,0.020141421463864422,0.21652223864688194,0.35311147286556877,0.35311147286556754,0.35311147286556877,-0.0073329711548016496,0.007479684604214407,0.00014671344941276135,0.17392278287078358,-1.7889335846010823e-17,2.345712316642393e-14,1.2212453270876722e-15,0.20036981435576193,0.8,0.18693019317536066,0.9748236968181764,156,250,6,True,0.0
Affine-DDPNM-9,22.100000000000044,0.02079672098470091,0.21749041684530604,0.3538442885843509,0.35384428858434974,0.35384428858435096,-0.007328157187821885,0.007479684604214407,0.0001515274163925259,0.1747133409747417,-4.586175189613684e-17,6.009759887720865e-14,1.1657341758564144e-15,0.20037213017193722,0.8,0.18684890765931392,0.9676085449836447,154,251,6,True,-5.551115123125783e-17
Affine-DDPNM-9,22.200000000000045,0.0215565908511707,0.21845786278972767,0.3545765500588379,0.35457655005883665,0.3545765500588379,-0.007322614744869013,0.007479684604214407,0.00015706985934539768,0.17550389907869982,1.1579279202145187e-16,1.5162565795977692e-13,1.27675647831893e-15,0.20037988678938937,0.8,0.18678171610776934,0.9577880572856434,154,250,6,True,-5.551115123125783e-17
Affine-DDPNM-9,22.300000000000047,0.02243772032088864,0.2194244524130597,0.3553081633824413,0.3553081633824399,0.3553081633824412,-0.007316133236032829,0.007479684604214407,0.00016355136818158101,0.17629445718265793,1.0321604682062002e-16,1.3504233964958173e-13,1.3877787807814457e-15,0.2003822939531458,0.8,0.18674038921627256,0.9451625513693828,157,250,6,True,-1.1102230246251565e-16
Affine-DDPNM-9,22.40000000000005,0.023463186261276168,0.2203900412288992,0.35603901919315795,0.3560390191931566,0.35603901919315795,-0.0073085581071667795,0.007479684604214407,0.00017112649704763085,0.17708501528661605,-4.2825985813177425e-17,5.597574589982109e-14,1.3322676295501878e-15,0.2003815072746449,0.8,0.18671940793682032,0.9298516456777773,159,252,6,True,1.1102230246251565e-16
Affine-DDPNM-9,22.50000000000005,0.02467219236269839,0.22135445673744347,0.3567689869255949,0.35676898692559356,0.3567689869255949,-0.007299677324369287,0.007479684604214407,0.00018000727984512351,0.17787557339057417,1.3769367590565906e-17,1.7976398788600267e-14,1.3322676295501878e-15,0.20038690073557935,0.8,0.18672495012759782,0.9124342815050002,155,253,6,True,0.0
Affine-DDPNM-9,22.60000000000005,0.026099854345646316,0.22231748285976743,0.3574979030292476,0.35749790302924617,0.35749790302924755,-0.0072891610365263025,0.007479684604214407,0.00019052356768810774,0.17866613149453228,9.107298248878237e-17,1.1873599835582124e-13,1.4432899320127035e-15,0.20039020479641714,0.8,0.18676989587551276,0.8939486117163508,155,253,6,True,-5.551115123125783e-17
Affine-DDPNM-9,22.700000000000053,0.027788591230792338,0.2232788670658416,0.35822557636370894,0.35822557636370744,0.3582255763637089,-0.007276733344612837,0.007479684604214407,0.00020295125960157376,0.1794566895984904,4.8030156241107846e-17,6.251780911200335e-14,1.4988010832439613e-15,0.20039597604217105,0.8,0.1868491999316765,0.8756780429110526,160,254,6,False,0.0
Affine-DDPNM-9,22.800000000000054,0.029771902396165093,0.22423831919073633,0.35895178730265204,0.3589517873026505,0.358951787302652,-0.007262109389430462,0.007479684604214407,0.0002175752147839485,0.18024724770244852,4.85722573273506e-17,6.31033100993482e-14,1.5543122344752192e-15,0.20040021721226503,0.8,0.1868813088488903,0.8587483366161918,158,255,6,False,0.0
Affine-DDPNM-9,22.900000000000055,0.032066682174186664,0.22519552880735053,0.35967630088327807,0.3596763008832765,0.35967630088327807,-0.007245135806260253,0.007479684604214407,0.00023454879795415794,0.18103780580640663,4.119968255444917e-18,5.3407358069911954e-15,1.5543122344752192e-15,0.20040023332937557,0.8,0.18673651829132576,0.8437822524691941,158,253,6,False,-5.551115123125783e-17
Affine-DDPNM-9,23.000000000000057,0.034671813253311964,0.22615018972090262,0.3603988853462381,0.36039888534623654,0.3603988853462381,-0.007225844629600384,0.007479684604214407,0.0002538399746140263,0.18182836391036475,-8.673617379884035e-18,1.1215607180753304e-14,1.5543122344752192e-15,0.20039898479829138,0.8,0.18680917967692642,0.8410870634522503,160,254,6,False,0.0
Affine-DDPNM-9,23.10000000000006,0.037568549687546755,0.22710202032049343,0.3611193275397654,0.36111932753976383,0.3611193275397654,-0.007204421935273072,0.007479684604214407,0.0002752626689413389,0.18261892201432287,-1.4094628242311558e-17,1.817501492382937e-14,1.5543122344752192e-15,0.20040162520446483,0.8,0.18710395643473507,0.8433842656414727,159,256,6,False,-5.551115123125783e-17
Affine-DDPNM-9,23.20000000000006,0.04072466127787048,0.22805077609171992,0.36183744239049404,0.3618374423904925,0.36183744239049404,-0.00718114850728663,0.007479684604214407,0.0002985360969277805,0.18340948011828098,-1.691355389077387e-17,2.1744759554444386e-14,1.5543122344752192e-15,0.2004122263024654,0.8,0.187620319817579,0.8455185991251964,159,263,6,False,0.0
Affine-DDPNM-9,23.30000000000006,0.044080453311195235,0.22899625376901647,0.362553076046373,0.3625530760463713,0.362553076046373,-0.00715633655878867,0.007479684604214407,0.0003233480454257405,0.1842000382222391,8.847089727481716e-17,1.1338014493492753e-13,1.6653345369377348e-15,0.2004173314951279,0.8,0.18818125386729267,0.8472205571226058,155,263,6,True,-5.551115123125783e-17
Affine-DDPNM-9,23.400000000000063,0.04757674238108062,0.2299383085059235,0.3632661188728716,0.36326611887286986,0.3632661188728716,-0.007130428264985339,0.007479684604214407,0.00034925633922907234,0.18499059632619722,5.4969050145015075e-17,7.021262587381008e-14,1.7208456881689926e-15,0.20041750736210584,0.8,0.18854780259678924,0.848483066945521,157,263,6,True,-5.551115123125783e-17
Affine-DDPNM-9,23.500000000000064,0.05116570334700672,0.23087684654469,0.36397649990458925,0.36397649990458747,0.3639764999045893,-0.007103810317176228,0.007479684604214407,0.0003758742870381825,0.18578115443015533,4.336808689942018e-17,5.5206876429520374e-14,1.7763568394002505e-15,0.200415995748969,0.8,0.18894808950865966,0.8493673842607014,157,263,6,True,5.551115123125783e-17
Affine-DDPNM-9,23.600000000000065,0.05480865342218643,0.23181181172281057,0.36468417663203045,0.3646841766320287,0.36468417663203045,-0.007076767274411831,0.007479684604214407,0.0004029173298025792,0.18657171253411345,2.5587171270657905e-17,3.246031130943922e-14,1.7763568394002505e-15,0.20041255075293213,0.8,0.18938387309278998,0.8499303622127355,159,263,6,True,0.0
Affine-DDPNM-9,23.700000000000067,0.05848337327082307,0.23274317770840477,0.3653891291245503,0.3653891291245484,0.36538912912455024,-0.007049524925197086,0.007479684604214407,0.0004301596790173244,0.18736227063807157,1.3053794156725473e-16,1.6503225208110003e-13,1.887379141862766e-15,0.20041290122222438,0.8,0.18957993077517082,0.8502306544871747,161,261,6,True,0.0
Affine-DDPNM-9,23.800000000000068,0.06216815316458376,0.233670934647353,0.36609134992354897,0.366091349923547,0.3660913499235489,-0.007022207989986242,0.007479684604214407,0.00045747661422816834,0.18815282874202968,5.193328406205566e-17,6.543055209888502e-14,1.942890293094024e-15,0.2004134601364727,0.8,0.18948953854951894,0.8503155105777617,162,260,6,True,-5.551115123125783e-17
Affine-DDPNM-9,23.90000000000007,0.06584312476390743,0.23459509153011782,0.3667908458339228,0.36679084583392085,0.36679084583392274,-0.006994959103738531,0.007479684604214407,0.00048472550047587925,0.1889433868459878,-2.688821387764051e-17,3.376045874609833e-14,1.942890293094024e-15,0.20041375164029754,0.8,0.18941538777301054,0.8502165464065475,165,261,6,False,0.0
Affine-DDPNM-9,24.00000000000007,0.06948842662454839,0.23551567619127692,0.3674876379237108,0.3674876379237089,0.3674876379237108,-0.006967920897880432,0.007479684604214407,0.0005117637063339782,0.18973394494994592,-3.122502256758253e-17,3.9073045778656635e-14,1.887379141862766e-15,0.20041333400680356,0.8,0.18935777762022715,0.8499532882192891,164,261,6,False,1.1102230246251565e-16
Affine-DDPNM-9,24.100000000000072,0.07308839865547813,0.23643273582321975,0.3681817619129125,0.3681817619129107,0.36818176191291246,-0.006941239892017613,0.007479684604214407,0.0005384447121967981,0.19052450305390403,-4.9873299934333204e-17,6.22006679690915e-14,1.8318679906315083e-15,0.2004149345837077,0.8,0.18931703496895186,0.8495398910047544,164,262,6,False,0.0
Affine-DDPNM-9,24.200000000000074,0.07662812439552485,0.2373463324182525,0.36887326472360954,0.36887326472360776,0.3688732647236096,-0.006915028106970484,0.007479684604214407,0.0005646564972439271,0.19131506115786215,-2.8406096919120216e-17,3.5311900080878667e-14,1.7763568394002505e-15,0.20041857965255838,0.8,0.18929644472317825,0.8489926331883464,164,263,6,False,0.0
Affine-DDPNM-9,24.300000000000075,0.08009240412243326,0.23825654107694919,0.3695622031995536,0.36956220319955174,0.3695622031995536,-0.0068893847594400535,0.007479684604214407,0.0005902998447743568,0.19210561926182027,2.883977778811442e-17,3.573709214734395e-14,1.8318679906315083e-15,0.20042298549533052,0.8,0.1892965500075185,0.8483355941595123,163,264,6,False,0.0
Affine-DDPNM-9,24.400000000000077,0.0834661923190018,0.23916344924358998,0.37024864352746845,0.37024864352746656,0.37024864352746845,-0.00686440327914805,0.007479684604214407,0.0006152813250663611,0.19289617736577838,6.722053469410127e-17,8.303992293649316e-14,1.887379141862766e-15,0.20042651921036916,0.8,0.18931646762012364,0.8476013887966133,165,263,6,False,5.551115123125783e-17
Affine-DDPNM-9,24.500000000000078,0.0867357619344005,0.24006715571450923,0.370932660486467,0.3709326604864651,0.370932660486467,-0.006840169589985366,0.007479684604214407,0.0006395150142290444,0.1936867354697365,2.0057740190981832e-17,2.4704085542396286e-14,1.887379141862766e-15,0.20042780976417351,0.8,0.1893548062093155,0.8468265232153787,166,265,6,False,-5.551115123125783e-17
Affine-DDPNM-9,24.60000000000008,0.0899033202260247,0.24096776880132778,0.3716143360577986,0.3716143360577967,0.3716143360577987,-0.006816755713315924,0.007479684604214407,0.0006629288908984861,0.19447729357369462,-6.613633252161577e-18,8.122248779376555e-15,1.887379141862766e-15,0.20043444284084674,0.8,0.18941022876649366,0.8460441492420068,166,267,6,False,1.1102230246251565e-16
Affine-DDPNM-9,24.70000000000008,0.09296427239567168,0.24186539042080119,0.37229374738242815,0.3722937473824262,0.37229374738242815,-0.006794113246294838,0.007479684604214407,0.0006855713579195723,0.19526785167765273,8.023096076392733e-17,9.825896596015474e-14,1.942890293094024e-15,0.20043924095530324,0.8,0.1894901471010939,0.8452565282881896,168,268,6,False,0.0
Affine-DDPNM-9,24.800000000000082,0.09592806112572895,0.24276012267201547,0.3729709717393269,0.37297097173932503,0.3729709717393269,-0.006772243568988461,0.007479684604214407,0.0007074410352259494,0.19605840978161085,-8.153200337090993e-17,9.958562621555565e-14,1.887379141862766e-15,0.20044822249846317,0.8,0.1895868814127846,0.8443391734171058,170,270,6,False,5.551115123125783e-17
Affine-DDPNM-9,24.900000000000084,0.09879511472207261,0.24365205405802778,0.37364607611660877,0.373646076116607,0.3736460761166088,-0.006751043772819377,0.007479684604214407,0.0007286408313950339,0.19684896788556897,-8.337514706413529e-17,1.015738809555922e-13,1.7763568394002505e-15,0.2004529336823862,0.8,0.18970568463920612,0.8434355005469646,170,271,6,False,0.0
Affine-DDPNM-9,25.000000000000085,0.10158131401733382,0.24454126841165377,0.3743191239674739,0.37431912396747224,0.374319123967474,-0.006730478508652225,0.007479684604214407,0.0007492060955621856,0.19763952598952708,-8.42425088021237e-17,1.0237407674452499e-13,1.6653345369377348e-15,0.2004602715514821,0.8,0.1898370691633694,0.8425454125967781,170,272,6,False,0.0
Affine-DDPNM-9,25.100000000000087,0.10430074283422625,0.2454278299687041,0.37499016391211626,0.37499016391211465,0.37499016391211637,-0.006710399446424221,0.007479684604214407,0.0007692851577901899,0.1984300840934852,-7.340048707726865e-17,8.89813991261758e-14,1.609823385706477e-15,0.2004665395284255,0.8,0.18998685166141782,0.8416589852073285,168,270,6,False,1.1102230246251565e-16
Affine-DDPNM-9,25.200000000000088,0.10697100323993386,0.24631178550457877,0.37565923135491536,0.3756592313549137,0.37565923135491536,-0.006690674427990658,0.007479684604214407,0.0007890101762237522,0.19922064219744332,3.252606517456513e-17,3.9336395934597036e-14,1.6653345369377348e-15,0.2004716128167132,0.8,0.19014965651756427,0.8407666757835325,165,274,6,False,0.0
Affine-DDPNM-9,25.30000000000009,0.10961763206876356,0.24719316145114006,0.3763263463021925,0.3763263463021908,0.3763263463021925,-0.006671149472771082,0.007479684604214407,0.000808535131443328,0.20001120030140143,6.158268339717665e-17,7.430146082183906e-14,1.7208456881689926e-15,0.2004783481063816,0.8,0.19032319262142308,0.8416545401997911,166,277,6,False,0.0
Affine-DDPNM-9,25.40000000000009,0.11226080164111699,0.2480719568758795,0.37699150804813053,0.37699150804812875,0.3769915080481305,-0.006651617459379732,0.007479684604214407,0.0008280671448346791,0.20080175840535955,3.003240017784847e-17,3.6149852673782656e-14,1.7763568394002505e-15,0.2004820843350848,0.8,0.19050809634926197,0.8430207283033967,167,276,6,False,-5.551115123125783e-17
Affine-DDPNM-9,25.500000000000092,0.11492496193763115,0.24894815005911858,0.3776547001530679,0.3776547001530662,0.3776547001530679,-0.006631921049374471,0.007479684604214407,0.0008477635548399392,0.20159231650931766,-7.589415207398531e-17,9.11373455882357e-14,1.7208456881689926e-15,0.20048477899833453,0.8,0.19069726966344527,0.8441355317201129,164,279,6,False,1.1102230246251565e-16
Affine-DDPNM-9,25.600000000000094,0.1176362293155943,0.24982169498553897,0.37831588778793224,0.37831588778793046,0.3783158877879321,-0.006611876348643068,0.007479684604214407,0.000867808255571343,0.20238287461327578,2.8514517136368767e-17,3.41593788881667e-14,1.7763568394002505e-15,0.20048730429475034,0.8,0.19089010512870044,0.8449647948483828,166,279,6,False,-5.551115123125783e-17
Affine-DDPNM-9,25.700000000000095,0.1204175666303974,0.2506925213320869,0.378975017725085,0.3789750177250832,0.37897501772508496,-0.00659129937152749,0.007479684604214407,0.0008883852326869205,0.2031734327172339,3.122502256758253e-17,3.731448610752161e-14,1.8318679906315083e-15,0.200488668943837,0.8,0.19108486593338395,0.8454971321712657,163,280,6,False,5.551115123125783e-17
Affine-DDPNM-9,25.800000000000097,0.12329604845756632,0.25156053957679286,0.37963202220519576,0.37963202220519404,0.37963202220519576,-0.0065700448011083495,0.007479684604214407,0.0009096398031060608,0.20396399082119201,-8.944667923005412e-17,1.0661964526249998e-13,1.7208456881689926e-15,0.20049319468170815,0.8,0.1912779821078765,0.8457456808685209,165,281,6,False,0.0
Affine-DDPNM-9,25.900000000000098,0.1262778450280377,0.2524256388144187,0.3802868172839019,0.38028681728390007,0.3802868172839018,-0.006547950787060404,0.007479684604214407,0.0009317338171540064,0.20475454892515013,9.80118763926896e-17,1.1652241213408158e-13,1.8318679906315083e-15,0.20049211702991895,0.8,0.19147134119702156,0.8457545540955541,164,280,6,False,0.0
Affine-DDPNM-9,26.0000000000001,0.1293704893369259,0.25328770869376777,0.38093931943619563,0.38093931943619397,0.3809393194361957,-0.006525021522938865,0.007479684604214407,0.0009546630812755458,0.20554510702910825,-1.5406512871019018e-16,1.8266395275029557e-13,1.6653345369377348e-15,0.20049018317934936,0.8,0.1859781342428619,0.8456993092816621,161,279,6,False,0.0
Affine-DDPNM-9,26.1000000000001,0.13258457569804902,0.254146638481653,0.3815894448479401,0.3815894448479384,0.3815894448479401,-0.006501254117444126,0.007479684604214407,0.0009784304867702844,0.20633566513306636,6.06069014419397e-17,7.165532839171128e-14,1.7208456881689926e-15,0.20049304970954607,0.8,0.18622727950675358,0.8456492613288238,160,281,6,False,0.0
Affine-DDPNM-9,26.200000000000102,0.13591496411117654,0.25500231339608354,0.382237106640452,0.38223710664045024,0.382237106640452,-0.006476617925118747,0.007479684604214407,0.0010030666790956638,0.20712622323702448,3.63207727782644e-17,4.281720819721075e-14,1.7763568394002505e-15,0.20049560946088346,0.8,0.186486010325547,0.8455939664253094,161,281,6,False,-5.551115123125783e-17
Affine-DDPNM-9,26.300000000000104,0.13934898557796493,0.25585462867282205,0.3828822255175025,0.3828822255175006,0.3828822255175025,-0.00645118877050356,0.007479684604214407,0.0010284958337108499,0.2079167813409826,1.3183898417423734e-16,1.549555573440408e-13,1.887379141862766e-15,0.20049661536052862,0.8,0.1867489474817412,0.8455334284271437,158,281,6,False,0.0
Affine-DDPNM-9,26.400000000000105,0.14287508372395244,0.25670349523897834,0.38352473405967014,0.3835247340596682,0.38352473405967014,-0.006425085421675742,0.007479684604214407,0.0010545991825386687,0.20870733944494071,5.594483210025203e-17,6.555304873630949e-14,1.942890293094024e-15,0.20049849755742416,0.8,0.18701459093418657,0.8454676769791656,159,283,6,False,0.0
Affine-DDPNM-9,26.500000000000107,0.14647654047263964,0.25754883704610687,0.3841645747057576,0.3841645747057555,0.3841645747057575,-0.006398406460873026,0.007479684604214407,0.001081278143341384,0.20949789754889883,1.6132928326584306e-16,1.8844759406516934e-13,2.1094237467877974e-15,0.20049945076802617,0.8,0.18728505178219135,0.8461515725897322,158,282,6,False,0.0
Affine-DDPNM-9,26.600000000000108,0.1501373680341535,0.25839059505228223,0.38480170276683157,0.38480170276682957,0.38480170276683157,-0.006371280610740493,0.007479684604214407,0.001108403993473918,0.21028845565285695,-8.326672684688674e-17,9.695606408776433e-14,1.9984014443252818e-15,0.20050021328230822,0.8,0.18755823621277629,0.8481246665228285,161,282,6,False,0.0
Affine-DDPNM-9,26.70000000000011,0.1538410776976416,0.25922872589324586,0.3854360854204112,0.3854360854204092,0.3854360854204112,-0.006343826535796313,0.007479684604214407,0.0011358580684180974,0.21107901375681506,-7.589415207398531e-18,8.808981042490227e-15,1.9984014443252818e-15,0.20050053302252632,0.8,0.1878345614734146,0.8501516043003504,162,282,6,False,-5.551115123125783e-17
Affine-DDPNM-9,26.80000000000011,0.15758197203716764,0.2600632021277315,0.3860677018961556,0.3860677018961535,0.3860677018961556,-0.006316164757443551,0.007479684604214407,0.00116351984677086,0.21186957186077318,3.469446951953614e-17,4.01407483952103e-14,2.0539125955565396e-15,0.20050578395095803,0.8,0.18811344742859265,0.8522353848103802,163,284,6,False,0.0
Affine-DDPNM-9,26.900000000000112,0.16134138267675358,0.26089400159485304,0.38669653542045257,0.38669653542045057,0.3866965354204526,-0.0062883352429706964,0.007479684604214407,0.0011913493612437144,0.2126601299647313,-7.968885967768458e-17,9.190237288324856e-14,1.9984014443252818e-15,0.20050911496773502,0.8,0.18839982055440216,0.8543756417962562,161,284,6,False,0.0
Affine-DDPNM-9,27.000000000000114,0.16509984406475808,0.2617211200956271,0.38732258281508436,0.3873225828150823,0.38732258281508436,-0.006260473946317152,0.007479684604214407,0.0012192106578972582,0.21345068806868941,7.491837011874836e-17,8.612400524588203e-14,2.0539125955565396e-15,0.20050999000832972,0.8,0.18868653638260774,0.8565711923497024,161,284,6,False,1.1102230246251565e-16
Affine-DDPNM-9,27.100000000000115,0.16884394053277507,0.2625445720461117,0.38794585499158984,0.3879458549915878,0.38794585499158984,-0.006232721765055106,0.007479684604214407,0.0012469628391593042,0.21424124617264753,-2.5695591487906455e-17,2.944497489401562e-14,2.0539125955565396e-15,0.20051122940481578,0.8,0.18897278894004232,0.8588178367566427,159,285,6,False,5.551115123125783e-17
Affine-DDPNM-9,27.200000000000117,0.17256205566180507,0.2633643843588732,0.388566372320136,0.38856637232013397,0.38856637232013597,-0.0062051732854617615,0.007479684604214407,0.0012745113187526491,0.21503180427660565,1.1926223897340549e-18,1.3623437266295952e-15,2.0539125955565396e-15,0.20051336555499988,0.8,0.18926109958452866,0.8611068167253759,159,286,6,False,5.551115123125783e-17
Affine-DDPNM-9,27.300000000000118,0.17625324660450897,0.2641805944608409,0.3891841631292291,0.3891841631292272,0.3891841631292292,-0.006177908090932314,0.007479684604214407,0.0013017765132820967,0.21582236238056376,-1.5417354892743873e-16,1.755670803122475e-13,1.887379141862766e-15,0.20052118020847495,0.8,0.18955175779153147,0.8634250342394592,157,288,6,False,1.1102230246251565e-16
Affine-DDPNM-9,27.40000000000012,0.17990340770489766,0.26499323964248367,0.3897992556440881,0.3897992556440862,0.3897992556440881,-0.006150925148589835,0.007479684604214407,0.0013287594556245764,0.21661292048452188,4.456070928915423e-17,5.058862721547305e-14,1.942890293094024e-15,0.20052755845306872,0.8,0.18984932654466344,0.8657538133694382,155,289,6,False,-5.551115123125783e-17
Affine-DDPNM-9,27.50000000000012,0.18349049460982833,0.26580236976249455,0.3904116876028424,0.3904116876028404,0.3904116876028424,-0.006124319587541923,0.007479684604214407,0.0013553650166724877,0.21740347858848,7.470152968425126e-17,8.455134140690026e-14,1.9984014443252818e-15,0.20052800651913544,0.8,0.19014672704130975,0.8680728523745836,153,290,6,False,0.0
Affine-DDPNM-9,27.600000000000122,0.18701287333183347,0.2666080549230462,0.39102151206594515,0.39102151206594327,0.39102151206594526,-0.006098244631028484,0.007479684604214407,0.0013814399731859265,0.21819403669243811,-8.901299836105991e-17,1.0045338781048312e-13,1.887379141862766e-15,0.2005318345458906,0.8,0.19043969673660627,0.8703605629125186,153,290,6,False,0.0
Affine-DDPNM-9,27.700000000000124,0.19047272762580814,0.267410365457466,0.39162878226881104,0.39162878226880904,0.39162878226881104,-0.006072702028657749,0.007479684604214407,0.0014069825755566613,0.21898459479639623,1.0885389811754465e-16,1.2249125112430378e-13,1.9984014443252818e-15,0.20054012828607234,0.8,0.190737758652246,0.8725916144022485,153,292,6,False,0.0
Affine-DDPNM-9,27.800000000000125,0.1938714527101793,0.2682093681954367,0.39223354879494016,0.39223354879493816,0.3922335487949402,-0.006047665261291261,0.007479684604214407,0.0014320193429231498,0.21977515290035435,-7.047314121155779e-18,7.907931146455307e-15,1.9984014443252818e-15,0.2005517422943447,0.8,0.191042417195488,0.8747400477961677,152,295,6,False,1.1102230246251565e-16
Affine-DDPNM-9,27.900000000000126,0.1971897342638234,0.26900512725940134,0.3928358601787183,0.3928358601787164,0.3928358601787184,-0.0060231138377825014,0.007479684604214407,0.0014565707664319092,0.22056571100431246,-1.0776969594505914e-16,1.2059827240284503e-13,1.887379141862766e-15,0.20055602814624254,0.8,0.19135306386927994,0.8767803278379002,151,294,6,False,1.1102230246251565e-16
Affine-DDPNM-9,28.000000000000128,0.20043135197875567,0.2697977242792721,0.3934357782059643,0.39343577820596237,0.39343577820596437,-0.005999180272459556,0.007479684604214407,0.0014805043317548552,0.22135626910827058,6.028164079019405e-17,6.727719830572201e-14,1.942890293094024e-15,0.20056339585448496,0.8,0.19165965566593116,0.8786889650055808,150,298,6,False,5.551115123125783e-17
Affine-DDPNM-9,28.10000000000013,0.2035899098028119,0.27058723588243555,0.3940333608760769,0.3940333608760749,0.3940333608760769,-0.005975826701125245,0.007479684604214407,0.0015038579030891663,0.2221468272122287,3.74049749507499e-17,4.163722153074898e-14,1.9984014443252818e-15,0.20056831597006072,0.8,0.19197294964054085,0.8804358795133456,151,297,6,False,0.0
Affine-DDPNM-9,28.20000000000013,0.2066592002574534,0.2713737436474935,0.39462866993603796,0.39462866993603596,0.39462866993603796,-0.0059530905996108986,0.007479684604214407,0.0015265940046035118,0.22293738531618681,-9.974659986866641e-18,1.1075229204102783e-14,1.9984014443252818e-15,0.2005702592652067,0.8,0.19228748838232512,0.881984782090235,149,298,6,True,-5.551115123125783e-17
Affine-DDPNM-9,28.300000000000132,0.20963835883179371,0.27215733394603775,0.39522177076065174,0.3952217707606497,0.3952217707606517,-0.005931008246137372,0.007479684604214407,0.001548676358077038,0.22372794342014493,4.195862407518902e-17,4.647424294446874e-14,2.0539125955565396e-15,0.20057114766974515,0.8,0.19260236777298634,0.8832871792362115,147,297,6,True,0.0
Affine-DDPNM-9,28.400000000000134,0.2125284090206393,0.2729380927674514,0.395812728435428,0.3958127284354259,0.3958127284354279,-0.005909576747762527,0.007479684604214407,0.001570107856451884,0.22451850152410305,-1.474514954580286e-17,1.62933565713144e-14,2.0539125955565396e-15,0.20057127926092871,0.8,0.19291867298921003,0.8842775672849503,148,299,6,True,0.0
Affine-DDPNM-9,28.500000000000135,0.21534533955304613,0.2737161039252536,0.39640160639896127,0.39640160639895916,0.39640160639896127,-0.0058887796353322835,0.007479684604214407,0.0015909049688821266,0.22530905962806116,6.797947621484113e-17,7.494493678389878e-14,2.1094237467877974e-15,0.20057707605610448,0.8,0.19312911873110658,0.8848717590848427,148,301,6,True,1.1102230246251565e-16
Affine-DDPNM-9,28.600000000000136,0.21808819523481202,0.27449143451374275,0.39698845543503986,0.39698845543503775,0.39698845543503986,-0.005868490360785884,0.007479684604214407,0.0016111942434285265,0.22609961773201928,-3.469446951953614e-18,3.816404343407531e-15,2.1094237467877974e-15,0.20058007927718283,0.8,0.19313197208743632,0.8849666663917618,149,302,6,True,-5.551115123125783e-17
Affine-DDPNM-9,28.700000000000138,0.2207631907240616,0.27526415157774037,0.39757332629000264,0.3975733262900005,0.39757332629000264,-0.00584870854962732,0.007479684604214407,0.00163097605458709,0.2268901758359774,5.0306980803327406e-17,5.521770888780448e-14,2.1649348980190553e-15,0.20058317639364426,0.8,0.19313494531206896,0.8844544239115375,148,301,6,True,0.0
Affine-DDPNM-9,28.80000000000014,0.22338236034243755,0.2760343152951847,0.3981562645126331,0.398156264512631,0.3981562645126331,-0.005829382226305099,0.007479684604214407,0.0016503023779093112,0.22768073393993551,-6.299214622140781e-17,6.899478207881874e-14,2.1094237467877974e-15,0.20058867909530445,0.8,0.1931413464286534,0.8832384234893237,148,300,6,True,5.551115123125783e-17
Affine-DDPNM-9,28.90000000000014,0.22594861438483604,0.2768019735325591,0.3987373063331535,0.39873730633315124,0.3987373063331534,-0.005810418205202777,0.007479684604214407,0.0016692663990116334,0.22847129204389363,1.560166926206641e-16,1.705295968528529e-13,2.275957200481571e-15,0.2005921400178714,0.8,0.19315385882116706,0.8812634334690977,147,300,6,True,0.0
Affine-DDPNM-9,29.000000000000142,0.22846989533319825,0.27756717107721257,0.3993164856511843,0.39931648565118216,0.3993164856511845,-0.005791793180309418,0.007479684604214407,0.0016878914239049927,0.22926185014785175,-1.3270634591222574e-16,1.4475619891799097e-13,2.1649348980190553e-15,0.20059579209629586,0.8,0.19316822222301838,0.8785505064633418,146,302,6,True,0.0
Affine-DDPNM-9,29.100000000000144,0.2309486273768648,0.27832994507519393,0.3998938305826328,0.39989383058263056,0.39989383058263284,-0.005773449314484004,0.007479684604214407,0.0017062352897304065,0.23005240825180986,5.312590645178972e-17,5.783406241851654e-14,2.220446049250313e-15,0.20059721832545008,0.8,0.19318680674990676,0.8752151991195561,147,302,6,True,5.551115123125783e-17
Affine-DDPNM-9,29.200000000000145,0.2333898639093308,0.279090330794002,0.4004693678215284,0.4004693678215262,0.4004693678215284,-0.0057553723889565865,0.007479684604214407,0.0017243122152578243,0.23084296635576798,-1.8323016715005025e-17,1.990767388819642e-14,2.220446049250313e-15,0.2005978928924925,0.8,0.19320719882673207,0.8714582241568534,146,303,6,True,0.0
Affine-DDPNM-9,29.300000000000146,0.23579747418009733,0.2798483593728746,0.4010431209372133,0.401043120937211,0.4010431209372133,-0.005737531156848277,0.007479684604214407,0.0017421534473661333,0.2316335244597261,3.3068166260807885e-17,3.5858541514010105e-14,2.275957200481571e-15,0.2005977005918162,0.8,0.19323083093207727,0.8675067055360527,143,303,6,True,5.551115123125783e-17
Affine-DDPNM-9,29.400000000000148,0.23817650789665615,0.28060405921227477,0.4016151114260458,0.4016151114260436,0.40161511142604583,-0.005719904888326095,0.007479684604214407,0.0017597797158883165,0.23242408256368421,-1.1275702593849246e-16,1.2203848841448726e-13,2.1649348980190553e-15,0.20059768768036956,0.8,0.19325748266520382,0.8635638082071969,143,305,6,True,0.0
Affine-DDPNM-9,29.50000000000015,0.24054641265686738,0.28135745492627756,0.4021853579184611,0.40218535791845894,0.4021853579184611,-0.0057024649241532,0.007479684604214407,0.0017772196800612103,0.23321464066764233,7.15573433840433e-18,7.730159153270632e-15,2.1649348980190553e-15,0.2006047891585879,0.8,0.19328806885353392,0.8597691697476182,142,307,6,True,0.0
Affine-DDPNM-9,29.60000000000015,0.2429088569090521,0.2821085532547545,0.40275386551587944,0.40275386551587733,0.4027538655158794,-0.005685075974183728,0.007479684604214407,0.0017946086300306824,0.23400519877160045,-3.9898639947466563e-17,4.3020679786295586e-14,2.1094237467877974e-15,0.2006115975832918,0.8,0.1933295173791002,0.8561896562592054,142,310,6,True,0.0
Affine-DDPNM-9,29.700000000000152,0.24524981018990094,0.2828573602877085,0.4033206388278343,0.40332063882783226,0.40332063882783437,-0.005667733119549302,0.007479684604214407,0.001811951484665108,0.23479575687555856,-5.898059818321144e-17,6.34770858641365e-14,2.0539125955565396e-15,0.20061168379571434,0.8,0.19271708476060392,0.8528560400902508,140,311,6,True,5.551115123125783e-17
Affine-DDPNM-9,29.800000000000153,0.2475803189291834,0.28360389661931806,0.40388569344209424,0.4038856934420922,0.4038856934420942,-0.005650546142599317,0.007479684604214407,0.001829138461615093,0.23558631497951668,-1.734723475976807e-18,1.8635261017523997e-15,2.0539125955565396e-15,0.20061646823180623,0.8,0.19341542184721283,0.8497846036827353,140,315,6,True,0.0
Affine-DDPNM-9,29.900000000000155,0.24989403105183203,0.2843481725574441,0.40444903716069674,0.4044490371606948,0.4044490371606968,-0.005633437186025976,0.007479684604214407,0.0018462474181884351,0.2363768730834748,-9.280770596475918e-17,9.951574356516393e-14,1.942890293094024e-15,0.20061855579035928,0.8,0.19346439431842521,0.8469664429088113,140,315,6,True,0.0
Affine-DDPNM-9,30.0,0.2521865284145695,0.28509020486871,0.4050106826743274,0.4050106826743253,0.4050106826743274,-0.00561645513631365,0.007479684604214407,0.0018632294679007606,0.23716743118743167,1.4257258568184383e-16,1.5259969703412597e-13,2.1094237467877974e-15,0.20061893173276493,0.8,0.19351348238874116,0.8443798907066098,141,315,6,True,0.0
